Site,Reference_Model,Average_Relative_Error,Rank,Mean_over_SDofMean
2584,GAM,1.694,1.0,7.807463444358398
522,GAM,1.575,2.0,7.25900526851504
900,GAM,1.567,3.0,7.222134130643218
96,GAM,1.549,4.0,7.139174070431617
2188,GAM,1.494,5.0,6.885684997562838
2404,GAM,1.483,6.0,6.8349871829890825
1697,GAM,1.446,7.0,6.664458170331903
1530,GAM,1.412,8.0,6.507755834376658
2724,GAM,1.392,9.0,6.415577989697102
748,GAM,1.39,10.0,6.406360205229146
307,GAM,1.383,11.0,6.374097959591301
606,GAM,1.368,12.0,6.304964576081635
84,GAM,1.353,13.0,6.235831192571967
2300,GAM,1.352,14.0,6.231222300337991
306,GAM,1.342,15.0,6.185133377998213
2085,GAM,1.34,16.0,6.175915593530257
1009,GAM,1.337,17.0,6.162088916828322
1972,GAM,1.33,18.0,6.129826671190479
1129,GAM,1.304,19.0,6.009995473107056
2436,GAM,1.292,20.0,5.954688766299322
2274,GAM,1.282,21.0,5.908599843959544
2004,GAM,1.281,22.0,5.903990951725565
1469,GAM,1.271,23.0,5.857902029385787
2318,GAM,1.247,24.0,5.747288615770321
1681,GAM,1.243,25.0,5.72885304683441
2177,GAM,1.231,26.0,5.673546340026676
1412,GAM,1.23,27.0,5.668937447792698
2583,GAM,1.229,28.0,5.66432855555872
294,GAM,1.222,29.0,5.632066309920876
1169,GAM,1.216,30.0,5.604412956517009
1910,GAM,1.196,31.0,5.512235111837453
1837,GAM,1.192,32.0,5.493799542901542
1377,GAM,1.168,33.0,5.383186129286074
2541,GAM,1.166,34.0,5.373968344818119
1484,GAM,1.149,35.0,5.295617176840496
220,GAM,1.131,36.0,5.212657116628895
1749,GAM,1.129,37.0,5.20343933216094
636,GAM,1.121,38.0,5.166568194289117
815,GAM,1.12,39.0,5.16195930205514
1572,GAM,1.12,39.0,5.16195930205514
2486,GAM,1.101,41.0,5.074390349609561
1649,GAM,1.097,42.0,5.05595478067365
1423,GAM,1.096,43.0,5.0513458884396725
149,GAM,1.095,44.0,5.046736996205694
539,GAM,1.084,45.0,4.996039181631939
1476,GAM,1.059,46.0,4.880816875782493
1121,GAM,1.058,47.0,4.876207983548516
740,GAM,1.056,48.0,4.86699019908056
2022,GAM,1.056,48.0,4.86699019908056
1428,GAM,1.055,50.0,4.862381306846582
527,GAM,1.053,51.0,4.853163522378627
425,GAM,1.047,52.0,4.82551016897476
1729,GAM,1.036,53.0,4.774812354401004
1597,GAM,1.035,54.0,4.770203462167026
714,GAM,1.032,55.0,4.756376785465093
1692,GAM,1.032,55.0,4.756376785465093
2648,GAM,1.027,57.0,4.733332324295204
570,GAM,1.025,58.0,4.724114539827248
885,GAM,1.024,59.0,4.71950564759327
1096,GAM,1.024,59.0,4.71950564759327
2443,GAM,1.024,59.0,4.71950564759327
2110,GAM,1.022,62.0,4.710287863125315
2758,GAM,1.02,63.0,4.701070078657359
556,GAM,1.019,64.0,4.696461186423381
1371,GAM,1.018,65.0,4.691852294189403
1758,GAM,1.018,65.0,4.691852294189403
2295,GAM,1.018,65.0,4.691852294189403
2209,GAM,1.017,68.0,4.687243401955425
39,GAM,1.016,69.0,4.682634509721448
1360,GAM,1.015,70.0,4.67802561748747
1114,GAM,1.009,71.0,4.650372264083603
1185,GAM,1.002,72.0,4.618110018445758
193,GAM,0.996,73.0,4.590456665041892
2158,GAM,0.996,73.0,4.590456665041892
2029,GAM,0.994,75.0,4.581238880573936
1355,GAM,0.986,76.0,4.544367742702114
2689,GAM,0.976,77.0,4.498278820362335
1885,GAM,0.975,78.0,4.493669928128358
1010,GAM,0.968,79.0,4.461407682490513
2344,GAM,0.966,80.0,4.452189898022557
2047,GAM,0.956,81.0,4.406100975682779
35,GAM,0.954,82.0,4.396883191214824
2422,GAM,0.953,83.0,4.392274298980846
2538,GAM,0.951,84.0,4.383056514512891
1040,GAM,0.948,85.0,4.369229837810957
318,GAM,0.944,86.0,4.350794268875046
100,GAM,0.942,87.0,4.34157648440709
410,GAM,0.941,88.0,4.336967592173113
1354,GAM,0.935,89.0,4.309314238769247
1468,GAM,0.931,90.0,4.290878669833335
2284,GAM,0.931,90.0,4.290878669833335
2339,GAM,0.929,92.0,4.28166088536538
2210,GAM,0.922,93.0,4.249398639727535
1406,GAM,0.92,94.0,4.240180855259579
2259,GAM,0.92,94.0,4.240180855259579
1238,GAM,0.914,96.0,4.212527501855712
581,GAM,0.913,97.0,4.207918609621735
1345,GAM,0.91,98.0,4.194091932919801
2578,GAM,0.908,99.0,4.184874148451845
844,GAM,0.907,100.0,4.180265256217868
176,GAM,0.906,101.0,4.17565636398389
476,GAM,0.906,101.0,4.17565636398389
2257,GAM,0.906,101.0,4.17565636398389
249,GAM,0.901,104.0,4.152611902814001
1243,GAM,0.898,105.0,4.138785226112067
1311,GAM,0.895,106.0,4.124958549410134
160,GAM,0.891,107.0,4.106522980474223
1652,GAM,0.891,107.0,4.106522980474223
1012,GAM,0.889,109.0,4.097305196006267
2030,GAM,0.885,110.0,4.078869627070356
2199,GAM,0.883,111.0,4.069651842602401
761,GAM,0.879,112.0,4.051216273666489
1011,GAM,0.867,113.0,3.995909566858755
1518,GAM,0.867,113.0,3.995909566858755
2290,GAM,0.867,113.0,3.995909566858755
877,GAM,0.863,116.0,3.977473997922844
1419,GAM,0.863,116.0,3.977473997922844
1924,GAM,0.855,118.0,3.9406028600510217
1025,GAM,0.852,119.0,3.926776183349088
2130,GAM,0.852,119.0,3.926776183349088
970,GAM,0.844,121.0,3.8899050454772657
818,GAM,0.84,122.0,3.8714694765413546
2145,GAM,0.839,123.0,3.8668605843073767
951,GAM,0.832,124.0,3.834598338669532
1778,GAM,0.831,125.0,3.829989446435554
1255,GAM,0.829,126.0,3.8207716619675987
2052,GAM,0.828,127.0,3.8161627697336207
664,GAM,0.825,128.0,3.8023360930316876
1793,GAM,0.825,128.0,3.8023360930316876
1892,GAM,0.823,130.0,3.7931183085637317
1019,GAM,0.82,131.0,3.7792916318617986
955,GAM,0.819,132.0,3.7746827396278206
856,GAM,0.818,133.0,3.7700738473938427
1151,GAM,0.818,133.0,3.7700738473938427
437,GAM,0.815,135.0,3.756247170691909
964,GAM,0.815,135.0,3.756247170691909
1142,GAM,0.815,135.0,3.756247170691909
255,GAM,0.811,138.0,3.7378116017559986
297,GAM,0.811,138.0,3.7378116017559986
2117,GAM,0.811,138.0,3.7378116017559986
1853,GAM,0.806,141.0,3.7147671405861096
302,GAM,0.805,142.0,3.7101582483521316
1700,GAM,0.804,143.0,3.705549356118154
2299,GAM,0.804,143.0,3.705549356118154
2432,GAM,0.797,145.0,3.6732871104803095
1748,GAM,0.796,146.0,3.6686782182463316
214,GAM,0.795,147.0,3.6640693260123536
511,GAM,0.793,148.0,3.654851541544398
339,GAM,0.792,149.0,3.6502426493104205
1062,GAM,0.79,150.0,3.6410248648424646
2255,GAM,0.789,151.0,3.636415972608487
1614,GAM,0.787,152.0,3.627198188140531
2149,GAM,0.787,152.0,3.627198188140531
1953,GAM,0.786,154.0,3.6225892959065535
775,GAM,0.784,155.0,3.613371511438598
1172,GAM,0.784,155.0,3.613371511438598
2612,GAM,0.783,157.0,3.60876261920462
1558,GAM,0.779,158.0,3.590327050268709
797,GAM,0.776,159.0,3.5765003735667755
2392,GAM,0.775,160.0,3.5718914813327975
2609,GAM,0.775,160.0,3.5718914813327975
287,GAM,0.774,162.0,3.5672825890988196
2509,GAM,0.774,162.0,3.5672825890988196
75,GAM,0.773,164.0,3.562673696864842
1321,GAM,0.772,165.0,3.558064804630864
923,GAM,0.771,166.0,3.5534559123968865
1503,GAM,0.771,166.0,3.5534559123968865
1601,GAM,0.77,168.0,3.5488470201629085
1639,GAM,0.769,169.0,3.5442381279289306
183,GAM,0.767,170.0,3.535020343460975
1879,GAM,0.762,171.0,3.511975882291086
655,GAM,0.761,172.0,3.5073669900571085
2632,GAM,0.761,172.0,3.5073669900571085
1960,GAM,0.76,174.0,3.5027580978231305
2690,GAM,0.758,175.0,3.493540313355175
837,GAM,0.756,176.0,3.484322528887219
2273,GAM,0.756,176.0,3.484322528887219
2261,GAM,0.753,178.0,3.470495852185286
241,GAM,0.752,179.0,3.465886959951308
1305,GAM,0.751,180.0,3.46127806771733
2708,GAM,0.751,180.0,3.46127806771733
1264,GAM,0.748,182.0,3.447451391015397
2012,GAM,0.746,183.0,3.438233606547441
1277,GAM,0.745,184.0,3.4336247143134635
2593,GAM,0.743,185.0,3.4244069298455075
561,GAM,0.742,186.0,3.41979803761153
861,GAM,0.742,186.0,3.41979803761153
2076,GAM,0.742,186.0,3.41979803761153
51,GAM,0.741,189.0,3.415189145377552
1637,GAM,0.741,189.0,3.415189145377552
1663,GAM,0.74,191.0,3.4105802531435745
2633,GAM,0.739,192.0,3.4059713609095965
2731,GAM,0.738,193.0,3.4013624686756185
402,GAM,0.737,194.0,3.396753576441641
484,GAM,0.736,195.0,3.392144684207663
1070,GAM,0.735,196.0,3.3875357919736855
1746,GAM,0.735,196.0,3.3875357919736855
117,GAM,0.734,198.0,3.3829268997397075
2160,GAM,0.734,198.0,3.3829268997397075
127,GAM,0.732,200.0,3.373709115271752
1438,GAM,0.731,201.0,3.369100223037774
1764,GAM,0.729,202.0,3.3598824385698185
194,GAM,0.728,203.0,3.3552735463358405
1856,GAM,0.728,203.0,3.3552735463358405
2430,GAM,0.728,203.0,3.3552735463358405
2161,GAM,0.727,206.0,3.350664654101863
1361,GAM,0.726,207.0,3.346055761867885
369,GAM,0.724,208.0,3.3368379773999295
1523,GAM,0.724,208.0,3.3368379773999295
2380,GAM,0.724,208.0,3.3368379773999295
2092,GAM,0.723,211.0,3.3322290851659515
143,GAM,0.722,212.0,3.327620192931974
1413,GAM,0.722,212.0,3.327620192931974
1715,GAM,0.722,212.0,3.327620192931974
2227,GAM,0.722,212.0,3.327620192931974
320,GAM,0.72,216.0,3.318402408464018
1931,GAM,0.718,217.0,3.3091846239960625
2497,GAM,0.716,218.0,3.299966839528107
2561,GAM,0.713,219.0,3.2861401628261735
168,GAM,0.712,220.0,3.2815312705921955
1502,GAM,0.712,220.0,3.2815312705921955
927,GAM,0.707,222.0,3.2584868094223065
1549,GAM,0.706,223.0,3.253877917188329
1559,GAM,0.704,224.0,3.2446601327203735
1791,GAM,0.704,224.0,3.2446601327203735
601,GAM,0.702,226.0,3.2354423482524175
1779,GAM,0.702,226.0,3.2354423482524175
865,GAM,0.7,228.0,3.226224563784462
1192,GAM,0.699,229.0,3.2216156715504844
2309,GAM,0.699,229.0,3.2216156715504844
2224,GAM,0.698,231.0,3.2170067793165065
1690,GAM,0.697,232.0,3.2123978870825285
2373,GAM,0.697,232.0,3.2123978870825285
129,GAM,0.696,234.0,3.207788994848551
2159,GAM,0.696,234.0,3.207788994848551
2566,GAM,0.696,234.0,3.207788994848551
467,GAM,0.693,237.0,3.1939623181466175
1212,GAM,0.691,238.0,3.184744533678662
1794,GAM,0.691,238.0,3.184744533678662
1754,GAM,0.69,240.0,3.180135641444684
351,GAM,0.689,241.0,3.175526749210706
878,GAM,0.687,242.0,3.166308964742751
1385,GAM,0.685,243.0,3.1570911802747954
371,GAM,0.684,244.0,3.1524822880408174
1437,GAM,0.684,244.0,3.1524822880408174
509,GAM,0.679,246.0,3.1294378268709284
2063,GAM,0.679,246.0,3.1294378268709284
2411,GAM,0.678,248.0,3.124828934636951
2455,GAM,0.678,248.0,3.124828934636951
1080,GAM,0.677,250.0,3.120220042402973
2456,GAM,0.677,250.0,3.120220042402973
2517,GAM,0.677,250.0,3.120220042402973
82,GAM,0.676,253.0,3.1156111501689954
429,GAM,0.676,253.0,3.1156111501689954
2394,GAM,0.676,253.0,3.1156111501689954
1285,GAM,0.675,256.0,3.1110022579350174
1909,GAM,0.673,257.0,3.101784473467062
959,GAM,0.668,258.0,3.078740012297173
1250,GAM,0.668,258.0,3.078740012297173
1356,GAM,0.668,258.0,3.078740012297173
69,GAM,0.667,261.0,3.074131120063195
293,GAM,0.667,261.0,3.074131120063195
547,GAM,0.667,261.0,3.074131120063195
1825,GAM,0.667,261.0,3.074131120063195
427,GAM,0.666,265.0,3.069522227829217
1644,GAM,0.664,266.0,3.0603044433612614
1033,GAM,0.663,267.0,3.055695551127284
2084,GAM,0.663,267.0,3.055695551127284
1847,GAM,0.661,269.0,3.046477766659328
638,GAM,0.66,270.0,3.0418688744253504
2275,GAM,0.66,270.0,3.0418688744253504
746,GAM,0.659,272.0,3.0372599821913724
1107,GAM,0.659,272.0,3.0372599821913724
405,GAM,0.655,274.0,3.0188244132554614
137,GAM,0.651,275.0,3.00038884431955
933,GAM,0.65,276.0,2.9957799520855724
1647,GAM,0.649,277.0,2.9911710598515944
874,GAM,0.646,278.0,2.977344383149661
300,GAM,0.644,279.0,2.9681265986817054
1144,GAM,0.644,279.0,2.9681265986817054
1913,GAM,0.644,279.0,2.9681265986817054
38,GAM,0.643,282.0,2.9635177064477274
230,GAM,0.643,282.0,2.9635177064477274
262,GAM,0.642,284.0,2.95890881421375
753,GAM,0.642,284.0,2.95890881421375
825,GAM,0.642,284.0,2.95890881421375
2281,GAM,0.642,284.0,2.95890881421375
2659,GAM,0.641,288.0,2.954299921979772
1849,GAM,0.64,289.0,2.9496910297457943
2010,GAM,0.637,290.0,2.935864353043861
843,GAM,0.636,291.0,2.931255460809883
996,GAM,0.635,292.0,2.926646568575905
1436,GAM,0.635,292.0,2.926646568575905
1815,GAM,0.634,294.0,2.9220376763419273
1912,GAM,0.634,294.0,2.9220376763419273
816,GAM,0.633,296.0,2.9174287841079494
2542,GAM,0.633,296.0,2.9174287841079494
260,GAM,0.632,298.0,2.912819891873972
2450,GAM,0.632,298.0,2.912819891873972
1688,GAM,0.63,300.0,2.903602107406016
2475,GAM,0.628,301.0,2.8943843229380604
2608,GAM,0.628,301.0,2.8943843229380604
1610,GAM,0.627,303.0,2.889775430704083
2662,GAM,0.627,303.0,2.889775430704083
2266,GAM,0.625,305.0,2.880557646236127
586,GAM,0.621,306.0,2.862122077300216
74,GAM,0.62,307.0,2.857513185066238
2651,GAM,0.619,308.0,2.8529042928322603
850,GAM,0.618,309.0,2.8482954005982823
325,GAM,0.617,310.0,2.8436865083643044
334,GAM,0.617,310.0,2.8436865083643044
1627,GAM,0.616,312.0,2.839077616130327
2739,GAM,0.615,313.0,2.834468723896349
518,GAM,0.614,314.0,2.8298598316623713
1493,GAM,0.614,314.0,2.8298598316623713
1861,GAM,0.614,314.0,2.8298598316623713
922,GAM,0.613,317.0,2.8252509394283933
1295,GAM,0.613,317.0,2.8252509394283933
1958,GAM,0.613,317.0,2.8252509394283933
2090,GAM,0.613,317.0,2.8252509394283933
1220,GAM,0.612,321.0,2.8206420471944154
2679,GAM,0.612,321.0,2.8206420471944154
904,GAM,0.611,323.0,2.816033154960438
1122,GAM,0.611,323.0,2.816033154960438
1623,GAM,0.609,325.0,2.8068153704924823
505,GAM,0.608,326.0,2.8022064782585043
814,GAM,0.608,326.0,2.8022064782585043
1607,GAM,0.608,326.0,2.8022064782585043
2495,GAM,0.608,326.0,2.8022064782585043
2600,GAM,0.608,326.0,2.8022064782585043
151,GAM,0.606,331.0,2.792988693790549
696,GAM,0.605,332.0,2.788379801556571
2152,GAM,0.605,332.0,2.788379801556571
2249,GAM,0.603,334.0,2.7791620170886153
2356,GAM,0.603,334.0,2.7791620170886153
170,GAM,0.601,336.0,2.76994423262066
569,GAM,0.601,336.0,2.76994423262066
672,GAM,0.601,336.0,2.76994423262066
343,GAM,0.6,339.0,2.765335340386682
358,GAM,0.599,340.0,2.760726448152704
552,GAM,0.597,341.0,2.7515086636847483
1296,GAM,0.597,341.0,2.7515086636847483
1445,GAM,0.597,341.0,2.7515086636847483
2540,GAM,0.597,341.0,2.7515086636847483
979,GAM,0.596,345.0,2.746899771450771
1543,GAM,0.596,345.0,2.746899771450771
2305,GAM,0.595,347.0,2.742290879216793
2026,GAM,0.594,348.0,2.737681986982815
940,GAM,0.593,349.0,2.7330730947488373
920,GAM,0.592,350.0,2.7284642025148593
1922,GAM,0.592,350.0,2.7284642025148593
2776,GAM,0.592,350.0,2.7284642025148593
1669,GAM,0.59,353.0,2.719246418046904
2389,GAM,0.59,353.0,2.719246418046904
2723,GAM,0.589,355.0,2.714637525812926
2677,GAM,0.588,356.0,2.7100286335789483
431,GAM,0.587,357.0,2.7054197413449703
529,GAM,0.587,357.0,2.7054197413449703
925,GAM,0.586,359.0,2.7008108491109923
1448,GAM,0.586,359.0,2.7008108491109923
2203,GAM,0.586,359.0,2.7008108491109923
821,GAM,0.585,362.0,2.696201956877015
2005,GAM,0.585,362.0,2.696201956877015
2525,GAM,0.585,362.0,2.696201956877015
276,GAM,0.584,365.0,2.691593064643037
2719,GAM,0.584,365.0,2.691593064643037
1125,GAM,0.583,367.0,2.6869841724090593
1501,GAM,0.583,367.0,2.6869841724090593
1118,GAM,0.581,369.0,2.6777663879411033
1862,GAM,0.58,370.0,2.673157495707126
937,GAM,0.579,371.0,2.668548603473148
1390,GAM,0.579,371.0,2.668548603473148
1656,GAM,0.576,373.0,2.6547219267712143
1945,GAM,0.575,374.0,2.650113034537237
2106,GAM,0.575,374.0,2.650113034537237
988,GAM,0.574,376.0,2.645504142303259
11,GAM,0.573,377.0,2.640895250069281
1920,GAM,0.573,377.0,2.640895250069281
2515,GAM,0.573,377.0,2.640895250069281
566,GAM,0.571,380.0,2.6316774656013253
965,GAM,0.571,380.0,2.6316774656013253
52,GAM,0.57,382.0,2.627068573367348
1135,GAM,0.57,382.0,2.627068573367348
700,GAM,0.569,384.0,2.62245968113337
1661,GAM,0.568,385.0,2.617850788899392
2368,GAM,0.568,385.0,2.617850788899392
2736,GAM,0.568,385.0,2.617850788899392
2770,GAM,0.568,385.0,2.617850788899392
507,GAM,0.567,389.0,2.6132418966654143
528,GAM,0.567,389.0,2.6132418966654143
86,GAM,0.566,391.0,2.6086330044314363
60,GAM,0.565,392.0,2.6040241121974588
2733,GAM,0.565,392.0,2.6040241121974588
2480,GAM,0.564,394.0,2.599415219963481
2635,GAM,0.564,394.0,2.599415219963481
2762,GAM,0.564,394.0,2.599415219963481
1184,GAM,0.563,397.0,2.594806327729503
1233,GAM,0.563,397.0,2.594806327729503
2054,GAM,0.563,397.0,2.594806327729503
423,GAM,0.562,400.0,2.5901974354955257
1826,GAM,0.562,400.0,2.5901974354955257
491,GAM,0.561,402.0,2.5855885432615477
1400,GAM,0.561,402.0,2.5855885432615477
2179,GAM,0.561,402.0,2.5855885432615477
2469,GAM,0.561,402.0,2.5855885432615477
2665,GAM,0.561,402.0,2.5855885432615477
1514,GAM,0.56,407.0,2.58097965102757
452,GAM,0.559,408.0,2.5763707587935922
131,GAM,0.558,409.0,2.5717618665596143
1923,GAM,0.558,409.0,2.5717618665596143
270,GAM,0.557,411.0,2.5671529743256367
392,GAM,0.557,411.0,2.5671529743256367
324,GAM,0.556,413.0,2.5625440820916587
277,GAM,0.555,414.0,2.557935189857681
879,GAM,0.555,414.0,2.557935189857681
132,GAM,0.554,416.0,2.5533262976237032
424,GAM,0.554,416.0,2.5533262976237032
1252,GAM,0.554,416.0,2.5533262976237032
1522,GAM,0.553,419.0,2.5487174053897252
1312,GAM,0.552,420.0,2.5441085131557477
2704,GAM,0.552,420.0,2.5441085131557477
637,GAM,0.551,422.0,2.5394996209217697
1271,GAM,0.551,422.0,2.5394996209217697
1905,GAM,0.551,422.0,2.5394996209217697
2096,GAM,0.551,422.0,2.5394996209217697
1584,GAM,0.55,426.0,2.5348907286877917
2213,GAM,0.55,426.0,2.5348907286877917
2319,GAM,0.55,426.0,2.5348907286877917
408,GAM,0.549,429.0,2.530281836453814
485,GAM,0.549,429.0,2.530281836453814
420,GAM,0.548,431.0,2.5256729442198362
2157,GAM,0.548,431.0,2.5256729442198362
238,GAM,0.547,433.0,2.5210640519858587
1933,GAM,0.547,433.0,2.5210640519858587
2672,GAM,0.547,433.0,2.5210640519858587
1084,GAM,0.546,436.0,2.5164551597518807
2501,GAM,0.546,436.0,2.5164551597518807
2703,GAM,0.545,438.0,2.5118462675179027
538,GAM,0.544,439.0,2.507237375283925
1396,GAM,0.544,439.0,2.507237375283925
454,GAM,0.543,441.0,2.5026284830499472
2089,GAM,0.543,441.0,2.5026284830499472
2630,GAM,0.543,441.0,2.5026284830499472
288,GAM,0.541,444.0,2.4934106985819917
1625,GAM,0.541,444.0,2.4934106985819917
1680,GAM,0.541,444.0,2.4934106985819917
599,GAM,0.54,447.0,2.4888018063480137
1004,GAM,0.54,447.0,2.4888018063480137
1686,GAM,0.54,447.0,2.4888018063480137
1814,GAM,0.54,447.0,2.4888018063480137
1824,GAM,0.54,447.0,2.4888018063480137
1105,GAM,0.539,452.0,2.484192914114036
2183,GAM,0.539,452.0,2.484192914114036
2287,GAM,0.539,452.0,2.484192914114036
2504,GAM,0.538,455.0,2.479584021880058
2717,GAM,0.537,456.0,2.4749751296460807
557,GAM,0.536,457.0,2.4703662374121027
798,GAM,0.536,457.0,2.4703662374121027
1183,GAM,0.536,457.0,2.4703662374121027
1488,GAM,0.536,457.0,2.4703662374121027
2292,GAM,0.536,457.0,2.4703662374121027
2505,GAM,0.536,457.0,2.4703662374121027
1999,GAM,0.535,463.0,2.4657573451781247
59,GAM,0.533,464.0,2.456539560710169
1041,GAM,0.533,464.0,2.456539560710169
1090,GAM,0.533,464.0,2.456539560710169
2013,GAM,0.533,464.0,2.456539560710169
2080,GAM,0.533,464.0,2.456539560710169
244,GAM,0.532,469.0,2.4519306684761912
1190,GAM,0.532,469.0,2.4519306684761912
312,GAM,0.531,471.0,2.4473217762422137
1165,GAM,0.531,471.0,2.4473217762422137
1244,GAM,0.531,471.0,2.4473217762422137
1291,GAM,0.531,471.0,2.4473217762422137
1526,GAM,0.531,471.0,2.4473217762422137
2036,GAM,0.531,471.0,2.4473217762422137
70,GAM,0.529,477.0,2.438103991774258
321,GAM,0.529,477.0,2.438103991774258
765,GAM,0.528,479.0,2.43349509954028
534,GAM,0.527,480.0,2.4288862073063022
997,GAM,0.527,480.0,2.4288862073063022
2189,GAM,0.527,480.0,2.4288862073063022
377,GAM,0.526,483.0,2.4242773150723247
1391,GAM,0.526,483.0,2.4242773150723247
146,GAM,0.525,485.0,2.4196684228383467
1677,GAM,0.525,485.0,2.4196684228383467
2038,GAM,0.525,485.0,2.4196684228383467
2564,GAM,0.525,485.0,2.4196684228383467
457,GAM,0.524,489.0,2.415059530604369
1872,GAM,0.524,489.0,2.415059530604369
1979,GAM,0.523,491.0,2.410450638370391
93,GAM,0.522,492.0,2.405841746136413
2673,GAM,0.522,492.0,2.405841746136413
1811,GAM,0.521,494.0,2.4012328539024357
2419,GAM,0.521,494.0,2.4012328539024357
264,GAM,0.52,496.0,2.3966239616684577
567,GAM,0.52,496.0,2.3966239616684577
679,GAM,0.52,496.0,2.3966239616684577
732,GAM,0.52,496.0,2.3966239616684577
1189,GAM,0.52,496.0,2.3966239616684577
1513,GAM,0.52,496.0,2.3966239616684577
1583,GAM,0.52,496.0,2.3966239616684577
763,GAM,0.519,503.0,2.3920150694344797
1689,GAM,0.519,503.0,2.3920150694344797
335,GAM,0.518,505.0,2.387406177200502
1871,GAM,0.518,505.0,2.387406177200502
1919,GAM,0.518,505.0,2.387406177200502
863,GAM,0.517,508.0,2.382797284966524
211,GAM,0.516,509.0,2.3781883927325467
266,GAM,0.516,509.0,2.3781883927325467
952,GAM,0.516,509.0,2.3781883927325467
998,GAM,0.516,509.0,2.3781883927325467
1304,GAM,0.516,509.0,2.3781883927325467
1344,GAM,0.516,509.0,2.3781883927325467
2599,GAM,0.516,509.0,2.3781883927325467
836,GAM,0.515,516.0,2.3735795004985687
2442,GAM,0.514,517.0,2.3689706082645907
2576,GAM,0.514,517.0,2.3689706082645907
310,GAM,0.513,519.0,2.364361716030613
674,GAM,0.513,519.0,2.364361716030613
1106,GAM,0.513,519.0,2.364361716030613
1263,GAM,0.513,519.0,2.364361716030613
1604,GAM,0.513,519.0,2.364361716030613
2313,GAM,0.513,519.0,2.364361716030613
222,GAM,0.512,525.0,2.359752823796635
323,GAM,0.512,525.0,2.359752823796635
1453,GAM,0.512,525.0,2.359752823796635
2211,GAM,0.512,525.0,2.359752823796635
2023,GAM,0.511,529.0,2.3551439315626577
2774,GAM,0.511,529.0,2.3551439315626577
44,GAM,0.51,531.0,2.3505350393286797
81,GAM,0.51,531.0,2.3505350393286797
486,GAM,0.51,531.0,2.3505350393286797
769,GAM,0.51,531.0,2.3505350393286797
1043,GAM,0.51,531.0,2.3505350393286797
1863,GAM,0.51,531.0,2.3505350393286797
729,GAM,0.509,537.0,2.3459261470947017
1369,GAM,0.509,537.0,2.3459261470947017
1678,GAM,0.509,537.0,2.3459261470947017
1756,GAM,0.509,537.0,2.3459261470947017
995,GAM,0.508,541.0,2.341317254860724
587,GAM,0.507,542.0,2.336708362626746
412,GAM,0.506,543.0,2.3320994703927687
657,GAM,0.506,543.0,2.3320994703927687
659,GAM,0.506,543.0,2.3320994703927687
1317,GAM,0.506,543.0,2.3320994703927687
2552,GAM,0.506,543.0,2.3320994703927687
110,GAM,0.505,548.0,2.3274905781587907
2204,GAM,0.505,548.0,2.3274905781587907
2487,GAM,0.505,548.0,2.3274905781587907
1540,GAM,0.504,551.0,2.3228816859248127
2544,GAM,0.504,551.0,2.3228816859248127
2705,GAM,0.503,553.0,2.318272793690835
2467,GAM,0.502,554.0,2.313663901456857
187,GAM,0.501,555.0,2.309055009222879
1954,GAM,0.501,555.0,2.309055009222879
2260,GAM,0.501,555.0,2.309055009222879
459,GAM,0.5,558.0,2.3044461169889017
2099,GAM,0.5,558.0,2.3044461169889017
2607,GAM,0.5,558.0,2.3044461169889017
2660,GAM,0.5,558.0,2.3044461169889017
1320,GAM,0.499,562.0,2.2998372247549237
1343,GAM,0.499,562.0,2.2998372247549237
1893,GAM,0.499,562.0,2.2998372247549237
1995,GAM,0.499,562.0,2.2998372247549237
1140,GAM,0.498,566.0,2.295228332520946
2103,GAM,0.498,566.0,2.295228332520946
488,GAM,0.496,568.0,2.28601054805299
780,GAM,0.496,568.0,2.28601054805299
960,GAM,0.496,568.0,2.28601054805299
1606,GAM,0.496,568.0,2.28601054805299
1166,GAM,0.495,572.0,2.2814016558190127
2200,GAM,0.495,572.0,2.2814016558190127
2567,GAM,0.495,572.0,2.2814016558190127
370,GAM,0.494,575.0,2.2767927635850347
387,GAM,0.494,575.0,2.2767927635850347
1775,GAM,0.494,575.0,2.2767927635850347
1883,GAM,0.494,575.0,2.2767927635850347
2748,GAM,0.494,575.0,2.2767927635850347
189,GAM,0.493,580.0,2.272183871351057
1093,GAM,0.493,580.0,2.272183871351057
1566,GAM,0.493,580.0,2.272183871351057
2276,GAM,0.493,580.0,2.272183871351057
2416,GAM,0.493,580.0,2.272183871351057
2674,GAM,0.493,580.0,2.272183871351057
292,GAM,0.492,586.0,2.267574979117079
2055,GAM,0.492,586.0,2.267574979117079
3,GAM,0.491,588.0,2.262966086883101
981,GAM,0.491,588.0,2.262966086883101
1539,GAM,0.491,588.0,2.262966086883101
1930,GAM,0.491,588.0,2.262966086883101
2533,GAM,0.491,588.0,2.262966086883101
2610,GAM,0.491,588.0,2.262966086883101
1146,GAM,0.49,594.0,2.2583571946491237
1450,GAM,0.49,594.0,2.2583571946491237
2359,GAM,0.49,594.0,2.2583571946491237
913,GAM,0.489,597.0,2.2537483024151457
1460,GAM,0.489,597.0,2.2537483024151457
2078,GAM,0.489,597.0,2.2537483024151457
2195,GAM,0.489,597.0,2.2537483024151457
991,GAM,0.488,601.0,2.2491394101811677
2156,GAM,0.488,601.0,2.2491394101811677
2627,GAM,0.488,601.0,2.2491394101811677
2741,GAM,0.488,601.0,2.2491394101811677
1994,GAM,0.487,605.0,2.24453051794719
455,GAM,0.486,606.0,2.239921625713212
1158,GAM,0.486,606.0,2.239921625713212
1674,GAM,0.486,606.0,2.239921625713212
404,GAM,0.485,609.0,2.2353127334792346
32,GAM,0.484,610.0,2.2307038412452567
188,GAM,0.483,611.0,2.2260949490112787
381,GAM,0.483,611.0,2.2260949490112787
2746,GAM,0.483,611.0,2.2260949490112787
411,GAM,0.482,614.0,2.221486056777301
442,GAM,0.482,614.0,2.221486056777301
650,GAM,0.482,614.0,2.221486056777301
1272,GAM,0.482,614.0,2.221486056777301
1431,GAM,0.482,614.0,2.221486056777301
1475,GAM,0.482,614.0,2.221486056777301
2408,GAM,0.482,614.0,2.221486056777301
914,GAM,0.481,621.0,2.216877164543323
1416,GAM,0.481,621.0,2.216877164543323
1432,GAM,0.481,621.0,2.216877164543323
1439,GAM,0.481,621.0,2.216877164543323
1459,GAM,0.481,621.0,2.216877164543323
192,GAM,0.48,626.0,2.2122682723093456
1167,GAM,0.48,626.0,2.2122682723093456
1411,GAM,0.48,626.0,2.2122682723093456
1693,GAM,0.48,626.0,2.2122682723093456
1888,GAM,0.48,626.0,2.2122682723093456
1020,GAM,0.478,631.0,2.2030504878413897
1568,GAM,0.478,631.0,2.2030504878413897
1596,GAM,0.478,631.0,2.2030504878413897
2511,GAM,0.478,631.0,2.2030504878413897
463,GAM,0.477,635.0,2.198441595607412
1147,GAM,0.477,635.0,2.198441595607412
1492,GAM,0.477,635.0,2.198441595607412
1532,GAM,0.477,635.0,2.198441595607412
1702,GAM,0.477,635.0,2.198441595607412
2057,GAM,0.477,635.0,2.198441595607412
2067,GAM,0.476,641.0,2.193832703373434
2401,GAM,0.476,641.0,2.193832703373434
1315,GAM,0.475,643.0,2.1892238111394566
1845,GAM,0.475,643.0,2.1892238111394566
1921,GAM,0.475,643.0,2.1892238111394566
2384,GAM,0.475,643.0,2.1892238111394566
694,GAM,0.474,647.0,2.1846149189054787
1008,GAM,0.474,647.0,2.1846149189054787
2170,GAM,0.474,647.0,2.1846149189054787
2393,GAM,0.474,647.0,2.1846149189054787
2605,GAM,0.474,647.0,2.1846149189054787
64,GAM,0.473,652.0,2.1800060266715007
1126,GAM,0.473,652.0,2.1800060266715007
1018,GAM,0.471,654.0,2.170788242203545
1508,GAM,0.471,654.0,2.170788242203545
1772,GAM,0.471,654.0,2.170788242203545
1841,GAM,0.471,654.0,2.170788242203545
666,GAM,0.47,658.0,2.166179349969567
901,GAM,0.47,658.0,2.166179349969567
1163,GAM,0.47,658.0,2.166179349969567
1222,GAM,0.47,658.0,2.166179349969567
1404,GAM,0.47,658.0,2.166179349969567
1855,GAM,0.47,658.0,2.166179349969567
1648,GAM,0.469,664.0,2.1615704577355896
2164,GAM,0.469,664.0,2.1615704577355896
847,GAM,0.468,666.0,2.156961565501612
1538,GAM,0.468,666.0,2.156961565501612
1839,GAM,0.468,666.0,2.156961565501612
2437,GAM,0.468,666.0,2.156961565501612
2710,GAM,0.468,666.0,2.156961565501612
623,GAM,0.467,671.0,2.152352673267634
1253,GAM,0.467,671.0,2.152352673267634
2347,GAM,0.467,671.0,2.152352673267634
22,GAM,0.466,674.0,2.1477437810336566
697,GAM,0.466,674.0,2.1477437810336566
1473,GAM,0.466,674.0,2.1477437810336566
2298,GAM,0.466,674.0,2.1477437810336566
24,GAM,0.465,678.0,2.1431348887996786
966,GAM,0.465,678.0,2.1431348887996786
2680,GAM,0.465,678.0,2.1431348887996786
1001,GAM,0.464,681.0,2.1385259965657006
1109,GAM,0.464,681.0,2.1385259965657006
1575,GAM,0.464,681.0,2.1385259965657006
2037,GAM,0.464,681.0,2.1385259965657006
2529,GAM,0.464,681.0,2.1385259965657006
2642,GAM,0.464,681.0,2.1385259965657006
25,GAM,0.463,687.0,2.133917104331723
26,GAM,0.463,687.0,2.133917104331723
523,GAM,0.463,687.0,2.133917104331723
2323,GAM,0.463,687.0,2.133917104331723
2644,GAM,0.463,687.0,2.133917104331723
899,GAM,0.462,692.0,2.129308212097745
1670,GAM,0.462,692.0,2.129308212097745
2191,GAM,0.462,692.0,2.129308212097745
961,GAM,0.461,695.0,2.1246993198637676
978,GAM,0.461,695.0,2.1246993198637676
1565,GAM,0.461,695.0,2.1246993198637676
1716,GAM,0.461,695.0,2.1246993198637676
1783,GAM,0.461,695.0,2.1246993198637676
177,GAM,0.46,700.0,2.1200904276297896
212,GAM,0.46,700.0,2.1200904276297896
968,GAM,0.46,700.0,2.1200904276297896
1819,GAM,0.46,700.0,2.1200904276297896
2338,GAM,0.46,700.0,2.1200904276297896
1314,GAM,0.459,705.0,2.1154815353958116
2246,GAM,0.459,705.0,2.1154815353958116
2585,GAM,0.459,705.0,2.1154815353958116
280,GAM,0.458,708.0,2.110872643161834
497,GAM,0.458,708.0,2.110872643161834
1808,GAM,0.458,708.0,2.110872643161834
1926,GAM,0.458,708.0,2.110872643161834
2496,GAM,0.458,708.0,2.110872643161834
228,GAM,0.457,713.0,2.106263750927856
1622,GAM,0.457,713.0,2.106263750927856
1657,GAM,0.457,713.0,2.106263750927856
1828,GAM,0.457,713.0,2.106263750927856
823,GAM,0.456,717.0,2.101654858693878
1511,GAM,0.456,717.0,2.101654858693878
2656,GAM,0.456,717.0,2.101654858693878
116,GAM,0.455,720.0,2.0970459664599006
382,GAM,0.455,720.0,2.0970459664599006
555,GAM,0.455,720.0,2.0970459664599006
1226,GAM,0.455,720.0,2.0970459664599006
1980,GAM,0.455,720.0,2.0970459664599006
873,GAM,0.454,725.0,2.0924370742259226
1711,GAM,0.454,725.0,2.0924370742259226
2225,GAM,0.454,725.0,2.0924370742259226
2453,GAM,0.453,728.0,2.087828181991945
2490,GAM,0.453,728.0,2.087828181991945
438,GAM,0.452,730.0,2.083219289757967
826,GAM,0.452,730.0,2.083219289757967
830,GAM,0.452,730.0,2.083219289757967
876,GAM,0.452,730.0,2.083219289757967
1258,GAM,0.452,730.0,2.083219289757967
1951,GAM,0.452,730.0,2.083219289757967
2506,GAM,0.452,730.0,2.083219289757967
251,GAM,0.451,737.0,2.078610397523989
2573,GAM,0.451,737.0,2.078610397523989
719,GAM,0.45,739.0,2.0740015052900116
1585,GAM,0.45,739.0,2.0740015052900116
1655,GAM,0.45,739.0,2.0740015052900116
2616,GAM,0.45,739.0,2.0740015052900116
403,GAM,0.449,743.0,2.0693926130560336
635,GAM,0.449,743.0,2.0693926130560336
918,GAM,0.449,743.0,2.0693926130560336
2531,GAM,0.449,743.0,2.0693926130560336
774,GAM,0.448,747.0,2.064783720822056
1023,GAM,0.448,747.0,2.064783720822056
1045,GAM,0.448,747.0,2.064783720822056
2132,GAM,0.448,747.0,2.064783720822056
2369,GAM,0.448,747.0,2.064783720822056
156,GAM,0.447,752.0,2.060174828588078
391,GAM,0.447,752.0,2.060174828588078
917,GAM,0.447,752.0,2.060174828588078
2466,GAM,0.447,752.0,2.060174828588078
7,GAM,0.446,756.0,2.0555659363541
10,GAM,0.446,756.0,2.0555659363541
1935,GAM,0.446,756.0,2.0555659363541
2418,GAM,0.446,756.0,2.0555659363541
851,GAM,0.445,760.0,2.0509570441201226
1039,GAM,0.445,760.0,2.0509570441201226
104,GAM,0.444,762.0,2.0463481518861446
891,GAM,0.444,762.0,2.0463481518861446
956,GAM,0.444,762.0,2.0463481518861446
2602,GAM,0.444,762.0,2.0463481518861446
905,GAM,0.443,766.0,2.0417392596521666
1382,GAM,0.443,766.0,2.0417392596521666
159,GAM,0.442,768.0,2.037130367418189
613,GAM,0.442,768.0,2.037130367418189
1472,GAM,0.442,768.0,2.037130367418189
1482,GAM,0.442,768.0,2.037130367418189
2390,GAM,0.442,768.0,2.037130367418189
126,GAM,0.441,773.0,2.032521475184211
1662,GAM,0.441,773.0,2.032521475184211
1938,GAM,0.441,773.0,2.032521475184211
546,GAM,0.44,776.0,2.0279125829502336
53,GAM,0.439,777.0,2.0233036907162556
199,GAM,0.439,777.0,2.0233036907162556
282,GAM,0.439,777.0,2.0233036907162556
1807,GAM,0.439,777.0,2.0233036907162556
1968,GAM,0.439,777.0,2.0233036907162556
2053,GAM,0.439,777.0,2.0233036907162556
15,GAM,0.438,783.0,2.0186947984822776
1221,GAM,0.438,783.0,2.0186947984822776
2136,GAM,0.438,783.0,2.0186947984822776
2332,GAM,0.438,783.0,2.0186947984822776
316,GAM,0.437,787.0,2.0140859062483
444,GAM,0.437,787.0,2.0140859062483
624,GAM,0.437,787.0,2.0140859062483
1194,GAM,0.437,787.0,2.0140859062483
173,GAM,0.436,791.0,2.009477014014322
1100,GAM,0.435,792.0,2.0048681217803446
1349,GAM,0.435,792.0,2.0048681217803446
1940,GAM,0.434,794.0,2.0002592295463666
2269,GAM,0.434,794.0,2.0002592295463666
2434,GAM,0.434,794.0,2.0002592295463666
2537,GAM,0.434,794.0,2.0002592295463666
2667,GAM,0.434,794.0,2.0002592295463666
588,GAM,0.433,799.0,1.9956503373123888
942,GAM,0.433,799.0,1.9956503373123888
1914,GAM,0.433,799.0,1.9956503373123888
2546,GAM,0.433,799.0,1.9956503373123888
314,GAM,0.432,803.0,1.9910414450784109
1098,GAM,0.432,803.0,1.9910414450784109
2484,GAM,0.432,803.0,1.9910414450784109
259,GAM,0.431,806.0,1.986432552844433
924,GAM,0.431,806.0,1.986432552844433
2044,GAM,0.431,806.0,1.986432552844433
443,GAM,0.43,809.0,1.9818236606104553
2314,GAM,0.43,809.0,1.9818236606104553
428,GAM,0.429,811.0,1.9772147683764776
668,GAM,0.429,811.0,1.9772147683764776
1286,GAM,0.429,811.0,1.9772147683764776
2676,GAM,0.429,811.0,1.9772147683764776
265,GAM,0.428,815.0,1.9726058761424998
944,GAM,0.428,815.0,1.9726058761424998
1891,GAM,0.428,815.0,1.9726058761424998
17,GAM,0.427,818.0,1.9679969839085218
822,GAM,0.427,818.0,1.9679969839085218
469,GAM,0.426,820.0,1.963388091674544
2752,GAM,0.426,820.0,1.963388091674544
2163,GAM,0.425,822.0,1.9587791994405663
283,GAM,0.424,823.0,1.9541703072065886
872,GAM,0.424,823.0,1.9541703072065886
1534,GAM,0.424,823.0,1.9541703072065886
768,GAM,0.423,826.0,1.9495614149726106
1454,GAM,0.423,826.0,1.9495614149726106
1829,GAM,0.423,826.0,1.9495614149726106
2034,GAM,0.423,826.0,1.9495614149726106
2234,GAM,0.423,826.0,1.9495614149726106
776,GAM,0.422,831.0,1.9449525227386328
1869,GAM,0.422,831.0,1.9449525227386328
2140,GAM,0.422,831.0,1.9449525227386328
2412,GAM,0.422,831.0,1.9449525227386328
180,GAM,0.421,835.0,1.940343630504655
1442,GAM,0.421,835.0,1.940343630504655
2019,GAM,0.421,835.0,1.940343630504655
2327,GAM,0.421,835.0,1.940343630504655
253,GAM,0.42,839.0,1.9357347382706773
596,GAM,0.42,839.0,1.9357347382706773
806,GAM,0.42,839.0,1.9357347382706773
2765,GAM,0.42,839.0,1.9357347382706773
77,GAM,0.419,843.0,1.9311258460366996
171,GAM,0.419,843.0,1.9311258460366996
367,GAM,0.418,845.0,1.9265169538027216
1608,GAM,0.418,845.0,1.9265169538027216
656,GAM,0.417,847.0,1.9219080615687438
1695,GAM,0.417,847.0,1.9219080615687438
2212,GAM,0.417,847.0,1.9219080615687438
2598,GAM,0.417,847.0,1.9219080615687438
43,GAM,0.416,851.0,1.917299169334766
119,GAM,0.416,851.0,1.917299169334766
130,GAM,0.416,851.0,1.917299169334766
810,GAM,0.416,851.0,1.917299169334766
1443,GAM,0.416,851.0,1.917299169334766
1499,GAM,0.415,856.0,1.9126902771007883
2386,GAM,0.415,856.0,1.9126902771007883
298,GAM,0.414,858.0,1.9080813848668103
373,GAM,0.414,858.0,1.9080813848668103
800,GAM,0.414,858.0,1.9080813848668103
958,GAM,0.414,858.0,1.9080813848668103
2016,GAM,0.414,858.0,1.9080813848668103
1818,GAM,0.413,863.0,1.9034724926328326
1858,GAM,0.413,863.0,1.9034724926328326
2220,GAM,0.412,865.0,1.8988636003988548
2441,GAM,0.412,865.0,1.8988636003988548
376,GAM,0.411,867.0,1.894254708164877
1846,GAM,0.411,867.0,1.894254708164877
2279,GAM,0.411,867.0,1.894254708164877
2568,GAM,0.411,867.0,1.894254708164877
2582,GAM,0.411,867.0,1.894254708164877
344,GAM,0.41,872.0,1.8896458159308993
1088,GAM,0.41,872.0,1.8896458159308993
2232,GAM,0.41,872.0,1.8896458159308993
2316,GAM,0.41,872.0,1.8896458159308993
2367,GAM,0.41,872.0,1.8896458159308993
2757,GAM,0.41,872.0,1.8896458159308993
27,GAM,0.409,878.0,1.8850369236969213
2547,GAM,0.409,878.0,1.8850369236969213
2742,GAM,0.409,878.0,1.8850369236969213
12,GAM,0.408,881.0,1.8804280314629436
162,GAM,0.408,881.0,1.8804280314629436
303,GAM,0.408,881.0,1.8804280314629436
2588,GAM,0.408,881.0,1.8804280314629436
210,GAM,0.407,885.0,1.8758191392289658
782,GAM,0.407,885.0,1.8758191392289658
2045,GAM,0.407,885.0,1.8758191392289658
245,GAM,0.406,888.0,1.8712102469949883
483,GAM,0.406,888.0,1.8712102469949883
1270,GAM,0.406,888.0,1.8712102469949883
1480,GAM,0.406,888.0,1.8712102469949883
1651,GAM,0.406,888.0,1.8712102469949883
602,GAM,0.405,893.0,1.8666013547610105
1279,GAM,0.405,893.0,1.8666013547610105
1363,GAM,0.405,893.0,1.8666013547610105
1551,GAM,0.405,893.0,1.8666013547610105
2519,GAM,0.405,893.0,1.8666013547610105
1026,GAM,0.404,898.0,1.8619924625270325
1035,GAM,0.404,898.0,1.8619924625270325
1048,GAM,0.404,898.0,1.8619924625270325
1073,GAM,0.404,898.0,1.8619924625270325
1408,GAM,0.404,898.0,1.8619924625270325
1798,GAM,0.404,898.0,1.8619924625270325
2351,GAM,0.404,898.0,1.8619924625270325
860,GAM,0.403,905.0,1.8573835702930548
1203,GAM,0.403,905.0,1.8573835702930548
1281,GAM,0.403,905.0,1.8573835702930548
2175,GAM,0.403,905.0,1.8573835702930548
2464,GAM,0.403,905.0,1.8573835702930548
962,GAM,0.402,910.0,1.852774678059077
1672,GAM,0.402,910.0,1.852774678059077
1762,GAM,0.402,910.0,1.852774678059077
1384,GAM,0.401,913.0,1.8481657858250993
1646,GAM,0.401,913.0,1.8481657858250993
125,GAM,0.4,915.0,1.8435568935911213
340,GAM,0.4,915.0,1.8435568935911213
630,GAM,0.4,915.0,1.8435568935911213
710,GAM,0.4,915.0,1.8435568935911213
1031,GAM,0.4,915.0,1.8435568935911213
1347,GAM,0.4,915.0,1.8435568935911213
1708,GAM,0.4,915.0,1.8435568935911213
1969,GAM,0.4,915.0,1.8435568935911213
101,GAM,0.399,923.0,1.8389480013571435
204,GAM,0.399,923.0,1.8389480013571435
409,GAM,0.399,923.0,1.8389480013571435
496,GAM,0.399,923.0,1.8389480013571435
749,GAM,0.399,923.0,1.8389480013571435
1337,GAM,0.399,923.0,1.8389480013571435
1352,GAM,0.399,923.0,1.8389480013571435
2091,GAM,0.399,923.0,1.8389480013571435
2162,GAM,0.399,923.0,1.8389480013571435
2615,GAM,0.399,923.0,1.8389480013571435
14,GAM,0.398,933.0,1.8343391091231658
495,GAM,0.398,933.0,1.8343391091231658
708,GAM,0.398,933.0,1.8343391091231658
1427,GAM,0.398,933.0,1.8343391091231658
1788,GAM,0.398,933.0,1.8343391091231658
1943,GAM,0.398,933.0,1.8343391091231658
2178,GAM,0.398,933.0,1.8343391091231658
284,GAM,0.397,940.0,1.829730216889188
506,GAM,0.397,940.0,1.829730216889188
1328,GAM,0.397,940.0,1.829730216889188
1556,GAM,0.397,940.0,1.829730216889188
257,GAM,0.396,944.0,1.8251213246552103
1111,GAM,0.396,944.0,1.8251213246552103
1119,GAM,0.396,944.0,1.8251213246552103
1267,GAM,0.396,944.0,1.8251213246552103
1640,GAM,0.396,944.0,1.8251213246552103
1660,GAM,0.396,944.0,1.8251213246552103
2033,GAM,0.396,944.0,1.8251213246552103
2277,GAM,0.396,944.0,1.8251213246552103
2684,GAM,0.396,944.0,1.8251213246552103
281,GAM,0.395,953.0,1.8205124324212323
474,GAM,0.395,953.0,1.8205124324212323
1254,GAM,0.395,953.0,1.8205124324212323
1533,GAM,0.395,953.0,1.8205124324212323
1952,GAM,0.395,953.0,1.8205124324212323
2474,GAM,0.395,953.0,1.8205124324212323
2491,GAM,0.395,953.0,1.8205124324212323
389,GAM,0.394,960.0,1.8159035401872545
460,GAM,0.394,960.0,1.8159035401872545
1329,GAM,0.394,960.0,1.8159035401872545
649,GAM,0.393,963.0,1.8112946479532768
1353,GAM,0.393,963.0,1.8112946479532768
2372,GAM,0.393,963.0,1.8112946479532768
835,GAM,0.392,966.0,1.806685755719299
368,GAM,0.391,967.0,1.802076863485321
482,GAM,0.391,967.0,1.802076863485321
713,GAM,0.391,967.0,1.802076863485321
752,GAM,0.391,967.0,1.802076863485321
1932,GAM,0.391,967.0,1.802076863485321
2128,GAM,0.391,967.0,1.802076863485321
2238,GAM,0.391,967.0,1.802076863485321
646,GAM,0.39,974.0,1.7974679712513433
1415,GAM,0.39,974.0,1.7974679712513433
1948,GAM,0.39,974.0,1.7974679712513433
2073,GAM,0.39,974.0,1.7974679712513433
2108,GAM,0.39,974.0,1.7974679712513433
2354,GAM,0.39,974.0,1.7974679712513433
65,GAM,0.389,980.0,1.7928590790173655
1171,GAM,0.389,980.0,1.7928590790173655
1650,GAM,0.389,980.0,1.7928590790173655
1739,GAM,0.389,980.0,1.7928590790173655
2481,GAM,0.389,980.0,1.7928590790173655
1397,GAM,0.388,985.0,1.7882501867833878
1806,GAM,0.388,985.0,1.7882501867833878
1840,GAM,0.388,985.0,1.7882501867833878
2250,GAM,0.388,985.0,1.7882501867833878
138,GAM,0.387,989.0,1.7836412945494098
330,GAM,0.387,989.0,1.7836412945494098
548,GAM,0.387,989.0,1.7836412945494098
609,GAM,0.387,989.0,1.7836412945494098
654,GAM,0.387,989.0,1.7836412945494098
2001,GAM,0.387,989.0,1.7836412945494098
2182,GAM,0.387,989.0,1.7836412945494098
2634,GAM,0.387,989.0,1.7836412945494098
2252,GAM,0.386,997.0,1.779032402315432
625,GAM,0.385,998.0,1.7744235100814543
799,GAM,0.385,998.0,1.7744235100814543
1989,GAM,0.385,998.0,1.7744235100814543
2251,GAM,0.385,998.0,1.7744235100814543
2472,GAM,0.385,998.0,1.7744235100814543
2522,GAM,0.385,998.0,1.7744235100814543
2697,GAM,0.385,998.0,1.7744235100814543
407,GAM,0.384,1005.0,1.7698146178474765
448,GAM,0.384,1005.0,1.7698146178474765
1728,GAM,0.384,1005.0,1.7698146178474765
2625,GAM,0.384,1005.0,1.7698146178474765
97,GAM,0.383,1009.0,1.7652057256134988
533,GAM,0.383,1009.0,1.7652057256134988
622,GAM,0.383,1009.0,1.7652057256134988
743,GAM,0.383,1009.0,1.7652057256134988
812,GAM,0.383,1009.0,1.7652057256134988
909,GAM,0.383,1009.0,1.7652057256134988
1405,GAM,0.383,1009.0,1.7652057256134988
1524,GAM,0.383,1009.0,1.7652057256134988
2122,GAM,0.383,1009.0,1.7652057256134988
2151,GAM,0.383,1009.0,1.7652057256134988
224,GAM,0.382,1019.0,1.7605968333795208
628,GAM,0.382,1019.0,1.7605968333795208
827,GAM,0.382,1019.0,1.7605968333795208
2638,GAM,0.382,1019.0,1.7605968333795208
2767,GAM,0.382,1019.0,1.7605968333795208
943,GAM,0.381,1024.0,1.755987941145543
1537,GAM,0.381,1024.0,1.755987941145543
2241,GAM,0.381,1024.0,1.755987941145543
2473,GAM,0.381,1024.0,1.755987941145543
2581,GAM,0.381,1024.0,1.755987941145543
2727,GAM,0.381,1024.0,1.755987941145543
372,GAM,0.38,1030.0,1.7513790489115653
414,GAM,0.38,1030.0,1.7513790489115653
502,GAM,0.38,1030.0,1.7513790489115653
1199,GAM,0.38,1030.0,1.7513790489115653
1418,GAM,0.38,1030.0,1.7513790489115653
2444,GAM,0.38,1030.0,1.7513790489115653
2594,GAM,0.38,1030.0,1.7513790489115653
29,GAM,0.379,1037.0,1.7467701566775875
286,GAM,0.379,1037.0,1.7467701566775875
2381,GAM,0.379,1037.0,1.7467701566775875
34,GAM,0.378,1040.0,1.7421612644436095
250,GAM,0.378,1040.0,1.7421612644436095
728,GAM,0.378,1040.0,1.7421612644436095
735,GAM,0.378,1040.0,1.7421612644436095
1658,GAM,0.378,1040.0,1.7421612644436095
1986,GAM,0.378,1040.0,1.7421612644436095
676,GAM,0.377,1046.0,1.7375523722096318
892,GAM,0.377,1046.0,1.7375523722096318
1261,GAM,0.377,1046.0,1.7375523722096318
1873,GAM,0.377,1046.0,1.7375523722096318
1875,GAM,0.377,1046.0,1.7375523722096318
45,GAM,0.376,1051.0,1.732943479975654
1021,GAM,0.376,1051.0,1.732943479975654
1302,GAM,0.376,1051.0,1.732943479975654
1422,GAM,0.376,1051.0,1.732943479975654
1877,GAM,0.376,1051.0,1.732943479975654
2333,GAM,0.376,1051.0,1.732943479975654
2524,GAM,0.376,1051.0,1.732943479975654
2571,GAM,0.376,1051.0,1.732943479975654
46,GAM,0.375,1059.0,1.7283345877416763
559,GAM,0.375,1059.0,1.7283345877416763
562,GAM,0.375,1059.0,1.7283345877416763
563,GAM,0.375,1059.0,1.7283345877416763
592,GAM,0.375,1059.0,1.7283345877416763
616,GAM,0.375,1059.0,1.7283345877416763
883,GAM,0.375,1059.0,1.7283345877416763
967,GAM,0.375,1059.0,1.7283345877416763
1500,GAM,0.375,1059.0,1.7283345877416763
1929,GAM,0.375,1059.0,1.7283345877416763
2236,GAM,0.375,1059.0,1.7283345877416763
349,GAM,0.374,1070.0,1.7237256955076985
741,GAM,0.374,1070.0,1.7237256955076985
1224,GAM,0.374,1070.0,1.7237256955076985
1544,GAM,0.374,1070.0,1.7237256955076985
1780,GAM,0.374,1070.0,1.7237256955076985
2306,GAM,0.374,1070.0,1.7237256955076985
2628,GAM,0.374,1070.0,1.7237256955076985
55,GAM,0.373,1077.0,1.7191168032737205
289,GAM,0.373,1077.0,1.7191168032737205
718,GAM,0.373,1077.0,1.7191168032737205
1682,GAM,0.373,1077.0,1.7191168032737205
2226,GAM,0.373,1077.0,1.7191168032737205
745,GAM,0.372,1082.0,1.7145079110397428
1248,GAM,0.372,1082.0,1.7145079110397428
2104,GAM,0.372,1082.0,1.7145079110397428
2462,GAM,0.372,1082.0,1.7145079110397428
2514,GAM,0.372,1082.0,1.7145079110397428
705,GAM,0.371,1087.0,1.709899018805765
734,GAM,0.371,1087.0,1.709899018805765
950,GAM,0.371,1087.0,1.709899018805765
1200,GAM,0.371,1087.0,1.709899018805765
1654,GAM,0.371,1087.0,1.709899018805765
1704,GAM,0.371,1087.0,1.709899018805765
1489,GAM,0.37,1093.0,1.7052901265717872
1776,GAM,0.37,1093.0,1.7052901265717872
2020,GAM,0.37,1093.0,1.7052901265717872
2622,GAM,0.37,1093.0,1.7052901265717872
350,GAM,0.369,1097.0,1.7006812343378093
379,GAM,0.369,1097.0,1.7006812343378093
1017,GAM,0.369,1097.0,1.7006812343378093
2661,GAM,0.369,1097.0,1.7006812343378093
415,GAM,0.368,1101.0,1.6960723421038315
695,GAM,0.368,1101.0,1.6960723421038315
886,GAM,0.368,1101.0,1.6960723421038315
1180,GAM,0.368,1101.0,1.6960723421038315
1394,GAM,0.368,1101.0,1.6960723421038315
2114,GAM,0.368,1101.0,1.6960723421038315
2391,GAM,0.368,1101.0,1.6960723421038315
890,GAM,0.367,1108.0,1.6914634498698538
1611,GAM,0.367,1108.0,1.6914634498698538
2756,GAM,0.367,1108.0,1.6914634498698538
169,GAM,0.366,1111.0,1.686854557635876
235,GAM,0.366,1111.0,1.686854557635876
845,GAM,0.366,1111.0,1.686854557635876
976,GAM,0.366,1111.0,1.686854557635876
1451,GAM,0.366,1111.0,1.686854557635876
1733,GAM,0.366,1111.0,1.686854557635876
1787,GAM,0.366,1111.0,1.686854557635876
1939,GAM,0.366,1111.0,1.686854557635876
869,GAM,0.365,1119.0,1.6822456654018982
1160,GAM,0.365,1119.0,1.6822456654018982
1378,GAM,0.365,1119.0,1.6822456654018982
1407,GAM,0.365,1119.0,1.6822456654018982
1609,GAM,0.365,1119.0,1.6822456654018982
1705,GAM,0.365,1119.0,1.6822456654018982
2000,GAM,0.365,1119.0,1.6822456654018982
2242,GAM,0.365,1119.0,1.6822456654018982
2488,GAM,0.365,1119.0,1.6822456654018982
2657,GAM,0.365,1119.0,1.6822456654018982
516,GAM,0.364,1129.0,1.6776367731679203
1108,GAM,0.364,1129.0,1.6776367731679203
2766,GAM,0.364,1129.0,1.6776367731679203
1838,GAM,0.363,1132.0,1.6730278809339425
1900,GAM,0.363,1132.0,1.6730278809339425
2695,GAM,0.363,1132.0,1.6730278809339425
478,GAM,0.362,1135.0,1.6684189886999647
1521,GAM,0.362,1135.0,1.6684189886999647
1957,GAM,0.362,1135.0,1.6684189886999647
536,GAM,0.361,1138.0,1.663810096465987
578,GAM,0.361,1138.0,1.663810096465987
1120,GAM,0.361,1138.0,1.663810096465987
1246,GAM,0.361,1138.0,1.663810096465987
1510,GAM,0.361,1138.0,1.663810096465987
1594,GAM,0.361,1138.0,1.663810096465987
1699,GAM,0.361,1138.0,1.663810096465987
2293,GAM,0.361,1138.0,1.663810096465987
2691,GAM,0.361,1138.0,1.663810096465987
1044,GAM,0.36,1147.0,1.659201204232009
1626,GAM,0.36,1147.0,1.659201204232009
1890,GAM,0.36,1147.0,1.659201204232009
575,GAM,0.359,1150.0,1.6545923119980313
895,GAM,0.359,1150.0,1.6545923119980313
2176,GAM,0.359,1150.0,1.6545923119980313
2291,GAM,0.359,1150.0,1.6545923119980313
530,GAM,0.358,1154.0,1.6499834197640535
1219,GAM,0.358,1154.0,1.6499834197640535
2060,GAM,0.358,1154.0,1.6499834197640535
2406,GAM,0.358,1154.0,1.6499834197640535
141,GAM,0.357,1158.0,1.6453745275300757
688,GAM,0.357,1158.0,1.6453745275300757
1007,GAM,0.357,1158.0,1.6453745275300757
1112,GAM,0.357,1158.0,1.6453745275300757
1236,GAM,0.357,1158.0,1.6453745275300757
1962,GAM,0.357,1158.0,1.6453745275300757
1974,GAM,0.357,1158.0,1.6453745275300757
2301,GAM,0.357,1158.0,1.6453745275300757
364,GAM,0.356,1166.0,1.6407656352960978
445,GAM,0.356,1166.0,1.6407656352960978
1506,GAM,0.356,1166.0,1.6407656352960978
1589,GAM,0.356,1166.0,1.6407656352960978
2131,GAM,0.356,1166.0,1.6407656352960978
2716,GAM,0.356,1166.0,1.6407656352960978
640,GAM,0.355,1172.0,1.63615674306212
786,GAM,0.355,1172.0,1.63615674306212
2181,GAM,0.355,1172.0,1.63615674306212
2400,GAM,0.355,1172.0,1.63615674306212
99,GAM,0.354,1176.0,1.6315478508281422
157,GAM,0.354,1176.0,1.6315478508281422
468,GAM,0.354,1176.0,1.6315478508281422
721,GAM,0.354,1176.0,1.6315478508281422
805,GAM,0.354,1176.0,1.6315478508281422
1802,GAM,0.354,1176.0,1.6315478508281422
2471,GAM,0.354,1176.0,1.6315478508281422
2643,GAM,0.354,1176.0,1.6315478508281422
426,GAM,0.353,1184.0,1.6269389585941645
954,GAM,0.353,1184.0,1.6269389585941645
2222,GAM,0.353,1184.0,1.6269389585941645
831,GAM,0.352,1187.0,1.6223300663601867
1380,GAM,0.352,1187.0,1.6223300663601867
1691,GAM,0.352,1187.0,1.6223300663601867
1768,GAM,0.352,1187.0,1.6223300663601867
1834,GAM,0.352,1187.0,1.6223300663601867
722,GAM,0.351,1192.0,1.6177211741262087
1388,GAM,0.351,1192.0,1.6177211741262087
1599,GAM,0.351,1192.0,1.6177211741262087
2452,GAM,0.351,1192.0,1.6177211741262087
400,GAM,0.35,1196.0,1.613112281892231
458,GAM,0.35,1196.0,1.613112281892231
541,GAM,0.35,1196.0,1.613112281892231
1128,GAM,0.35,1196.0,1.613112281892231
2415,GAM,0.35,1196.0,1.613112281892231
2699,GAM,0.35,1196.0,1.613112281892231
2737,GAM,0.35,1196.0,1.613112281892231
184,GAM,0.349,1203.0,1.6085033896582532
449,GAM,0.349,1203.0,1.6085033896582532
568,GAM,0.349,1203.0,1.6085033896582532
2196,GAM,0.349,1203.0,1.6085033896582532
2247,GAM,0.349,1203.0,1.6085033896582532
394,GAM,0.348,1208.0,1.6038944974242755
608,GAM,0.348,1208.0,1.6038944974242755
794,GAM,0.348,1208.0,1.6038944974242755
898,GAM,0.348,1208.0,1.6038944974242755
1904,GAM,0.348,1208.0,1.6038944974242755
2326,GAM,0.348,1208.0,1.6038944974242755
2457,GAM,0.348,1208.0,1.6038944974242755
2526,GAM,0.348,1208.0,1.6038944974242755
164,GAM,0.347,1216.0,1.5992856051902975
258,GAM,0.347,1216.0,1.5992856051902975
348,GAM,0.347,1216.0,1.5992856051902975
690,GAM,0.347,1216.0,1.5992856051902975
711,GAM,0.347,1216.0,1.5992856051902975
1591,GAM,0.347,1216.0,1.5992856051902975
1998,GAM,0.347,1216.0,1.5992856051902975
2133,GAM,0.347,1216.0,1.5992856051902975
2216,GAM,0.347,1216.0,1.5992856051902975
2405,GAM,0.347,1216.0,1.5992856051902975
2611,GAM,0.347,1216.0,1.5992856051902975
441,GAM,0.346,1227.0,1.5946767129563197
819,GAM,0.346,1227.0,1.5946767129563197
902,GAM,0.346,1227.0,1.5946767129563197
1155,GAM,0.346,1227.0,1.5946767129563197
1486,GAM,0.346,1227.0,1.5946767129563197
1629,GAM,0.346,1227.0,1.5946767129563197
1744,GAM,0.346,1227.0,1.5946767129563197
2014,GAM,0.346,1227.0,1.5946767129563197
2065,GAM,0.346,1227.0,1.5946767129563197
2141,GAM,0.346,1227.0,1.5946767129563197
2264,GAM,0.346,1227.0,1.5946767129563197
573,GAM,0.345,1238.0,1.590067820722342
603,GAM,0.345,1238.0,1.590067820722342
1545,GAM,0.345,1238.0,1.590067820722342
1971,GAM,0.345,1238.0,1.590067820722342
1981,GAM,0.345,1238.0,1.590067820722342
2168,GAM,0.345,1238.0,1.590067820722342
2361,GAM,0.345,1238.0,1.590067820722342
2777,GAM,0.345,1238.0,1.590067820722342
333,GAM,0.344,1246.0,1.5854589284883642
357,GAM,0.344,1246.0,1.5854589284883642
501,GAM,0.344,1246.0,1.5854589284883642
1517,GAM,0.344,1246.0,1.5854589284883642
1773,GAM,0.344,1246.0,1.5854589284883642
1789,GAM,0.344,1246.0,1.5854589284883642
2282,GAM,0.344,1246.0,1.5854589284883642
2617,GAM,0.344,1246.0,1.5854589284883642
208,GAM,0.343,1254.0,1.5808500362543867
418,GAM,0.343,1254.0,1.5808500362543867
481,GAM,0.343,1254.0,1.5808500362543867
730,GAM,0.343,1254.0,1.5808500362543867
935,GAM,0.343,1254.0,1.5808500362543867
1214,GAM,0.343,1254.0,1.5808500362543867
1898,GAM,0.343,1254.0,1.5808500362543867
1966,GAM,0.343,1254.0,1.5808500362543867
2682,GAM,0.343,1254.0,1.5808500362543867
2759,GAM,0.343,1254.0,1.5808500362543867
61,GAM,0.342,1264.0,1.5762411440204087
225,GAM,0.342,1264.0,1.5762411440204087
422,GAM,0.342,1264.0,1.5762411440204087
857,GAM,0.342,1264.0,1.5762411440204087
1014,GAM,0.342,1264.0,1.5762411440204087
1268,GAM,0.342,1264.0,1.5762411440204087
1308,GAM,0.342,1264.0,1.5762411440204087
1342,GAM,0.342,1264.0,1.5762411440204087
1541,GAM,0.342,1264.0,1.5762411440204087
1955,GAM,0.342,1264.0,1.5762411440204087
2079,GAM,0.342,1264.0,1.5762411440204087
2233,GAM,0.342,1264.0,1.5762411440204087
464,GAM,0.341,1276.0,1.571632251786431
853,GAM,0.341,1276.0,1.571632251786431
1188,GAM,0.341,1276.0,1.571632251786431
1240,GAM,0.341,1276.0,1.571632251786431
1835,GAM,0.341,1276.0,1.571632251786431
2321,GAM,0.341,1276.0,1.571632251786431
174,GAM,0.34,1282.0,1.5670233595524532
399,GAM,0.34,1282.0,1.5670233595524532
833,GAM,0.34,1282.0,1.5670233595524532
1959,GAM,0.34,1282.0,1.5670233595524532
2115,GAM,0.34,1282.0,1.5670233595524532
2119,GAM,0.34,1282.0,1.5670233595524532
2569,GAM,0.34,1282.0,1.5670233595524532
41,GAM,0.339,1289.0,1.5624144673184754
855,GAM,0.339,1289.0,1.5624144673184754
1894,GAM,0.339,1289.0,1.5624144673184754
2334,GAM,0.339,1289.0,1.5624144673184754
2374,GAM,0.339,1289.0,1.5624144673184754
2489,GAM,0.339,1289.0,1.5624144673184754
755,GAM,0.338,1295.0,1.5578055750844977
911,GAM,0.338,1295.0,1.5578055750844977
973,GAM,0.338,1295.0,1.5578055750844977
1152,GAM,0.338,1295.0,1.5578055750844977
1562,GAM,0.338,1295.0,1.5578055750844977
2702,GAM,0.338,1295.0,1.5578055750844977
196,GAM,0.337,1301.0,1.5531966828505197
594,GAM,0.337,1301.0,1.5531966828505197
653,GAM,0.337,1301.0,1.5531966828505197
870,GAM,0.337,1301.0,1.5531966828505197
1782,GAM,0.337,1301.0,1.5531966828505197
2100,GAM,0.337,1301.0,1.5531966828505197
2245,GAM,0.337,1301.0,1.5531966828505197
2294,GAM,0.337,1301.0,1.5531966828505197
2528,GAM,0.337,1301.0,1.5531966828505197
16,GAM,0.336,1310.0,1.548587790616542
76,GAM,0.336,1310.0,1.548587790616542
580,GAM,0.336,1310.0,1.548587790616542
803,GAM,0.336,1310.0,1.548587790616542
1211,GAM,0.336,1310.0,1.548587790616542
1725,GAM,0.336,1310.0,1.548587790616542
1993,GAM,0.336,1310.0,1.548587790616542
2698,GAM,0.336,1310.0,1.548587790616542
2735,GAM,0.336,1310.0,1.548587790616542
2773,GAM,0.336,1310.0,1.548587790616542
122,GAM,0.335,1320.0,1.5439788983825642
153,GAM,0.335,1320.0,1.5439788983825642
684,GAM,0.335,1320.0,1.5439788983825642
759,GAM,0.335,1320.0,1.5439788983825642
957,GAM,0.335,1320.0,1.5439788983825642
1085,GAM,0.335,1320.0,1.5439788983825642
1937,GAM,0.335,1320.0,1.5439788983825642
2221,GAM,0.335,1320.0,1.5439788983825642
2237,GAM,0.335,1320.0,1.5439788983825642
2403,GAM,0.335,1320.0,1.5439788983825642
2590,GAM,0.335,1320.0,1.5439788983825642
2720,GAM,0.335,1320.0,1.5439788983825642
565,GAM,0.334,1332.0,1.5393700061485864
633,GAM,0.334,1332.0,1.5393700061485864
862,GAM,0.334,1332.0,1.5393700061485864
1102,GAM,0.334,1332.0,1.5393700061485864
1178,GAM,0.334,1332.0,1.5393700061485864
1316,GAM,0.334,1332.0,1.5393700061485864
1946,GAM,0.334,1332.0,1.5393700061485864
2118,GAM,0.334,1332.0,1.5393700061485864
2206,GAM,0.334,1332.0,1.5393700061485864
2629,GAM,0.334,1332.0,1.5393700061485864
2771,GAM,0.334,1332.0,1.5393700061485864
221,GAM,0.333,1343.0,1.5347611139146085
564,GAM,0.333,1343.0,1.5347611139146085
1053,GAM,0.333,1343.0,1.5347611139146085
1081,GAM,0.333,1343.0,1.5347611139146085
1367,GAM,0.333,1343.0,1.5347611139146085
1860,GAM,0.333,1343.0,1.5347611139146085
1907,GAM,0.333,1343.0,1.5347611139146085
2755,GAM,0.333,1343.0,1.5347611139146085
219,GAM,0.332,1351.0,1.5301522216806307
526,GAM,0.332,1351.0,1.5301522216806307
1942,GAM,0.332,1351.0,1.5301522216806307
2388,GAM,0.332,1351.0,1.5301522216806307
2639,GAM,0.332,1351.0,1.5301522216806307
396,GAM,0.331,1356.0,1.525543329446653
1579,GAM,0.331,1356.0,1.525543329446653
1736,GAM,0.331,1356.0,1.525543329446653
1949,GAM,0.331,1356.0,1.525543329446653
2286,GAM,0.331,1356.0,1.525543329446653
2439,GAM,0.331,1356.0,1.525543329446653
2655,GAM,0.331,1356.0,1.525543329446653
234,GAM,0.33,1363.0,1.5209344372126752
308,GAM,0.33,1363.0,1.5209344372126752
338,GAM,0.33,1363.0,1.5209344372126752
897,GAM,0.33,1363.0,1.5209344372126752
1965,GAM,0.33,1363.0,1.5209344372126752
1976,GAM,0.33,1363.0,1.5209344372126752
1978,GAM,0.33,1363.0,1.5209344372126752
450,GAM,0.329,1370.0,1.5163255449786974
671,GAM,0.329,1370.0,1.5163255449786974
1115,GAM,0.329,1370.0,1.5163255449786974
1738,GAM,0.329,1370.0,1.5163255449786974
2173,GAM,0.329,1370.0,1.5163255449786974
2435,GAM,0.329,1370.0,1.5163255449786974
2658,GAM,0.329,1370.0,1.5163255449786974
2714,GAM,0.329,1370.0,1.5163255449786974
231,GAM,0.328,1378.0,1.5117166527447194
365,GAM,0.328,1378.0,1.5117166527447194
888,GAM,0.328,1378.0,1.5117166527447194
1440,GAM,0.328,1378.0,1.5117166527447194
1796,GAM,0.328,1378.0,1.5117166527447194
4,GAM,0.327,1383.0,1.5071077605107417
205,GAM,0.327,1383.0,1.5071077605107417
525,GAM,0.327,1383.0,1.5071077605107417
767,GAM,0.327,1383.0,1.5071077605107417
1037,GAM,0.327,1383.0,1.5071077605107417
1491,GAM,0.327,1383.0,1.5071077605107417
1554,GAM,0.327,1383.0,1.5071077605107417
1563,GAM,0.327,1383.0,1.5071077605107417
1747,GAM,0.327,1383.0,1.5071077605107417
2562,GAM,0.327,1383.0,1.5071077605107417
2580,GAM,0.327,1383.0,1.5071077605107417
2683,GAM,0.327,1383.0,1.5071077605107417
63,GAM,0.326,1395.0,1.502498868276764
574,GAM,0.326,1395.0,1.502498868276764
583,GAM,0.326,1395.0,1.502498868276764
593,GAM,0.326,1395.0,1.502498868276764
832,GAM,0.326,1395.0,1.502498868276764
986,GAM,0.326,1395.0,1.502498868276764
1673,GAM,0.326,1395.0,1.502498868276764
2025,GAM,0.326,1395.0,1.502498868276764
2135,GAM,0.326,1395.0,1.502498868276764
2153,GAM,0.326,1395.0,1.502498868276764
2254,GAM,0.326,1395.0,1.502498868276764
319,GAM,0.325,1406.0,1.4978899760427862
619,GAM,0.325,1406.0,1.4978899760427862
2017,GAM,0.325,1406.0,1.4978899760427862
2262,GAM,0.325,1406.0,1.4978899760427862
2278,GAM,0.325,1406.0,1.4978899760427862
2325,GAM,0.325,1406.0,1.4978899760427862
37,GAM,0.324,1412.0,1.4932810838088082
195,GAM,0.324,1412.0,1.4932810838088082
236,GAM,0.324,1412.0,1.4932810838088082
807,GAM,0.324,1412.0,1.4932810838088082
1097,GAM,0.324,1412.0,1.4932810838088082
1417,GAM,0.324,1412.0,1.4932810838088082
1569,GAM,0.324,1412.0,1.4932810838088082
2172,GAM,0.324,1412.0,1.4932810838088082
2315,GAM,0.324,1412.0,1.4932810838088082
2597,GAM,0.324,1412.0,1.4932810838088082
2750,GAM,0.324,1412.0,1.4932810838088082
352,GAM,0.323,1423.0,1.4886721915748304
712,GAM,0.323,1423.0,1.4886721915748304
1275,GAM,0.323,1423.0,1.4886721915748304
1600,GAM,0.323,1423.0,1.4886721915748304
2068,GAM,0.323,1423.0,1.4886721915748304
2330,GAM,0.323,1423.0,1.4886721915748304
2534,GAM,0.323,1423.0,1.4886721915748304
2760,GAM,0.323,1423.0,1.4886721915748304
337,GAM,0.322,1431.0,1.4840632993408527
342,GAM,0.322,1431.0,1.4840632993408527
540,GAM,0.322,1431.0,1.4840632993408527
600,GAM,0.322,1431.0,1.4840632993408527
1323,GAM,0.322,1431.0,1.4840632993408527
1577,GAM,0.322,1431.0,1.4840632993408527
1613,GAM,0.322,1431.0,1.4840632993408527
1685,GAM,0.322,1431.0,1.4840632993408527
1721,GAM,0.322,1431.0,1.4840632993408527
2302,GAM,0.322,1431.0,1.4840632993408527
2670,GAM,0.322,1431.0,1.4840632993408527
2769,GAM,0.322,1431.0,1.4840632993408527
9,GAM,0.321,1443.0,1.479454407106875
115,GAM,0.321,1443.0,1.479454407106875
301,GAM,0.321,1443.0,1.479454407106875
413,GAM,0.321,1443.0,1.479454407106875
512,GAM,0.321,1443.0,1.479454407106875
605,GAM,0.321,1443.0,1.479454407106875
698,GAM,0.321,1443.0,1.479454407106875
972,GAM,0.321,1443.0,1.479454407106875
989,GAM,0.321,1443.0,1.479454407106875
1761,GAM,0.321,1443.0,1.479454407106875
2021,GAM,0.321,1443.0,1.479454407106875
2066,GAM,0.321,1443.0,1.479454407106875
2575,GAM,0.321,1443.0,1.479454407106875
78,GAM,0.32,1456.0,1.4748455148728972
102,GAM,0.32,1456.0,1.4748455148728972
355,GAM,0.32,1456.0,1.4748455148728972
747,GAM,0.32,1456.0,1.4748455148728972
1153,GAM,0.32,1456.0,1.4748455148728972
1242,GAM,0.32,1456.0,1.4748455148728972
1731,GAM,0.32,1456.0,1.4748455148728972
1928,GAM,0.32,1456.0,1.4748455148728972
2107,GAM,0.32,1456.0,1.4748455148728972
2217,GAM,0.32,1456.0,1.4748455148728972
296,GAM,0.319,1466.0,1.4702366226389192
549,GAM,0.319,1466.0,1.4702366226389192
582,GAM,0.319,1466.0,1.4702366226389192
1022,GAM,0.319,1466.0,1.4702366226389192
1516,GAM,0.319,1466.0,1.4702366226389192
1546,GAM,0.319,1466.0,1.4702366226389192
2105,GAM,0.319,1466.0,1.4702366226389192
2201,GAM,0.319,1466.0,1.4702366226389192
2740,GAM,0.319,1466.0,1.4702366226389192
145,GAM,0.318,1475.0,1.4656277304049414
717,GAM,0.318,1475.0,1.4656277304049414
1032,GAM,0.318,1475.0,1.4656277304049414
1148,GAM,0.318,1475.0,1.4656277304049414
1164,GAM,0.318,1475.0,1.4656277304049414
1229,GAM,0.318,1475.0,1.4656277304049414
1290,GAM,0.318,1475.0,1.4656277304049414
1306,GAM,0.318,1475.0,1.4656277304049414
1643,GAM,0.318,1475.0,1.4656277304049414
1803,GAM,0.318,1475.0,1.4656277304049414
2006,GAM,0.318,1475.0,1.4656277304049414
2043,GAM,0.318,1475.0,1.4656277304049414
2093,GAM,0.318,1475.0,1.4656277304049414
2613,GAM,0.318,1475.0,1.4656277304049414
111,GAM,0.317,1489.0,1.4610188381709637
304,GAM,0.317,1489.0,1.4610188381709637
590,GAM,0.317,1489.0,1.4610188381709637
1447,GAM,0.317,1489.0,1.4610188381709637
1719,GAM,0.317,1489.0,1.4610188381709637
2039,GAM,0.317,1489.0,1.4610188381709637
2640,GAM,0.317,1489.0,1.4610188381709637
23,GAM,0.316,1496.0,1.456409945936986
237,GAM,0.316,1496.0,1.456409945936986
787,GAM,0.316,1496.0,1.456409945936986
795,GAM,0.316,1496.0,1.456409945936986
889,GAM,0.316,1496.0,1.456409945936986
931,GAM,0.316,1496.0,1.456409945936986
1047,GAM,0.316,1496.0,1.456409945936986
1056,GAM,0.316,1496.0,1.456409945936986
1753,GAM,0.316,1496.0,1.456409945936986
2231,GAM,0.316,1496.0,1.456409945936986
2371,GAM,0.316,1496.0,1.456409945936986
2595,GAM,0.316,1496.0,1.456409945936986
2621,GAM,0.316,1496.0,1.456409945936986
2718,GAM,0.316,1496.0,1.456409945936986
33,GAM,0.315,1510.0,1.451801053703008
89,GAM,0.315,1510.0,1.451801053703008
186,GAM,0.315,1510.0,1.451801053703008
493,GAM,0.315,1510.0,1.451801053703008
770,GAM,0.315,1510.0,1.451801053703008
906,GAM,0.315,1510.0,1.451801053703008
945,GAM,0.315,1510.0,1.451801053703008
1059,GAM,0.315,1510.0,1.451801053703008
1124,GAM,0.315,1510.0,1.451801053703008
1341,GAM,0.315,1510.0,1.451801053703008
2169,GAM,0.315,1510.0,1.451801053703008
31,GAM,0.314,1521.0,1.4471921614690302
471,GAM,0.314,1521.0,1.4471921614690302
62,GAM,0.313,1523.0,1.4425832692350524
91,GAM,0.313,1523.0,1.4425832692350524
709,GAM,0.313,1523.0,1.4425832692350524
1052,GAM,0.313,1523.0,1.4425832692350524
1944,GAM,0.313,1523.0,1.4425832692350524
2256,GAM,0.313,1523.0,1.4425832692350524
2532,GAM,0.313,1523.0,1.4425832692350524
2650,GAM,0.313,1523.0,1.4425832692350524
271,GAM,0.312,1531.0,1.4379743770010747
675,GAM,0.312,1531.0,1.4379743770010747
811,GAM,0.312,1531.0,1.4379743770010747
1067,GAM,0.312,1531.0,1.4379743770010747
1207,GAM,0.312,1531.0,1.4379743770010747
1490,GAM,0.312,1531.0,1.4379743770010747
1659,GAM,0.312,1531.0,1.4379743770010747
2148,GAM,0.312,1531.0,1.4379743770010747
2751,GAM,0.312,1531.0,1.4379743770010747
18,GAM,0.311,1540.0,1.4333654847670967
179,GAM,0.311,1540.0,1.4333654847670967
490,GAM,0.311,1540.0,1.4333654847670967
686,GAM,0.311,1540.0,1.4333654847670967
702,GAM,0.311,1540.0,1.4333654847670967
1078,GAM,0.311,1540.0,1.4333654847670967
1593,GAM,0.311,1540.0,1.4333654847670967
1854,GAM,0.311,1540.0,1.4333654847670967
2112,GAM,0.311,1540.0,1.4333654847670967
2420,GAM,0.311,1540.0,1.4333654847670967
2763,GAM,0.311,1540.0,1.4333654847670967
513,GAM,0.31,1551.0,1.428756592533119
532,GAM,0.31,1551.0,1.428756592533119
1117,GAM,0.31,1551.0,1.428756592533119
1581,GAM,0.31,1551.0,1.428756592533119
2056,GAM,0.31,1551.0,1.428756592533119
2185,GAM,0.31,1551.0,1.428756592533119
1574,GAM,0.309,1557.0,1.4241477002991412
2285,GAM,0.309,1557.0,1.4241477002991412
87,GAM,0.308,1559.0,1.4195388080651634
309,GAM,0.308,1559.0,1.4195388080651634
492,GAM,0.308,1559.0,1.4195388080651634
514,GAM,0.308,1559.0,1.4195388080651634
1157,GAM,0.308,1559.0,1.4195388080651634
1266,GAM,0.308,1559.0,1.4195388080651634
1375,GAM,0.308,1559.0,1.4195388080651634
1712,GAM,0.308,1559.0,1.4195388080651634
1763,GAM,0.308,1559.0,1.4195388080651634
2028,GAM,0.308,1559.0,1.4195388080651634
2059,GAM,0.308,1559.0,1.4195388080651634
2451,GAM,0.308,1559.0,1.4195388080651634
2636,GAM,0.308,1559.0,1.4195388080651634
124,GAM,0.307,1572.0,1.4149299158311857
202,GAM,0.307,1572.0,1.4149299158311857
846,GAM,0.307,1572.0,1.4149299158311857
1082,GAM,0.307,1572.0,1.4149299158311857
1696,GAM,0.307,1572.0,1.4149299158311857
2088,GAM,0.307,1572.0,1.4149299158311857
2097,GAM,0.307,1572.0,1.4149299158311857
2147,GAM,0.307,1572.0,1.4149299158311857
2240,GAM,0.307,1572.0,1.4149299158311857
2346,GAM,0.307,1572.0,1.4149299158311857
1218,GAM,0.306,1582.0,1.4103210235972077
2024,GAM,0.306,1582.0,1.4103210235972077
2032,GAM,0.306,1582.0,1.4103210235972077
2137,GAM,0.306,1582.0,1.4103210235972077
416,GAM,0.305,1586.0,1.40571213136323
598,GAM,0.305,1586.0,1.40571213136323
704,GAM,0.305,1586.0,1.40571213136323
1101,GAM,0.305,1586.0,1.40571213136323
1297,GAM,0.305,1586.0,1.40571213136323
2218,GAM,0.305,1586.0,1.40571213136323
2258,GAM,0.305,1586.0,1.40571213136323
2713,GAM,0.305,1586.0,1.40571213136323
327,GAM,0.304,1594.0,1.4011032391292522
784,GAM,0.304,1594.0,1.4011032391292522
1094,GAM,0.304,1594.0,1.4011032391292522
1138,GAM,0.304,1594.0,1.4011032391292522
1170,GAM,0.304,1594.0,1.4011032391292522
1560,GAM,0.304,1594.0,1.4011032391292522
1665,GAM,0.304,1594.0,1.4011032391292522
1884,GAM,0.304,1594.0,1.4011032391292522
2184,GAM,0.304,1594.0,1.4011032391292522
2745,GAM,0.304,1594.0,1.4011032391292522
197,GAM,0.303,1604.0,1.3964943468952744
311,GAM,0.303,1604.0,1.3964943468952744
362,GAM,0.303,1604.0,1.3964943468952744
790,GAM,0.303,1604.0,1.3964943468952744
1136,GAM,0.303,1604.0,1.3964943468952744
1720,GAM,0.303,1604.0,1.3964943468952744
2074,GAM,0.303,1604.0,1.3964943468952744
2485,GAM,0.303,1604.0,1.3964943468952744
2543,GAM,0.303,1604.0,1.3964943468952744
792,GAM,0.302,1613.0,1.3918854546612964
1215,GAM,0.302,1613.0,1.3918854546612964
1455,GAM,0.302,1613.0,1.3918854546612964
2335,GAM,0.302,1613.0,1.3918854546612964
669,GAM,0.301,1617.0,1.3872765624273187
1110,GAM,0.301,1617.0,1.3872765624273187
1141,GAM,0.301,1617.0,1.3872765624273187
1325,GAM,0.301,1617.0,1.3872765624273187
1618,GAM,0.301,1617.0,1.3872765624273187
1805,GAM,0.301,1617.0,1.3872765624273187
1876,GAM,0.301,1617.0,1.3872765624273187
1973,GAM,0.301,1617.0,1.3872765624273187
2337,GAM,0.301,1617.0,1.3872765624273187
2348,GAM,0.301,1617.0,1.3872765624273187
2512,GAM,0.301,1617.0,1.3872765624273187
2623,GAM,0.301,1617.0,1.3872765624273187
175,GAM,0.3,1629.0,1.382667670193341
1113,GAM,0.3,1629.0,1.382667670193341
1150,GAM,0.3,1629.0,1.382667670193341
1433,GAM,0.3,1629.0,1.382667670193341
1474,GAM,0.3,1629.0,1.382667670193341
1483,GAM,0.3,1629.0,1.382667670193341
40,GAM,0.299,1635.0,1.3780587779593632
58,GAM,0.299,1635.0,1.3780587779593632
178,GAM,0.299,1635.0,1.3780587779593632
256,GAM,0.299,1635.0,1.3780587779593632
1013,GAM,0.299,1635.0,1.3780587779593632
1292,GAM,0.299,1635.0,1.3780587779593632
1383,GAM,0.299,1635.0,1.3780587779593632
1535,GAM,0.299,1635.0,1.3780587779593632
1616,GAM,0.299,1635.0,1.3780587779593632
2523,GAM,0.299,1635.0,1.3780587779593632
2778,GAM,0.299,1635.0,1.3780587779593632
90,GAM,0.298,1646.0,1.3734498857253854
206,GAM,0.298,1646.0,1.3734498857253854
451,GAM,0.298,1646.0,1.3734498857253854
1274,GAM,0.298,1646.0,1.3734498857253854
1621,GAM,0.298,1646.0,1.3734498857253854
1635,GAM,0.298,1646.0,1.3734498857253854
1843,GAM,0.298,1646.0,1.3734498857253854
1874,GAM,0.298,1646.0,1.3734498857253854
1881,GAM,0.298,1646.0,1.3734498857253854
1950,GAM,0.298,1646.0,1.3734498857253854
1985,GAM,0.298,1646.0,1.3734498857253854
2431,GAM,0.298,1646.0,1.3734498857253854
2701,GAM,0.298,1646.0,1.3734498857253854
2728,GAM,0.298,1646.0,1.3734498857253854
345,GAM,0.297,1660.0,1.3688409934914074
360,GAM,0.297,1660.0,1.3688409934914074
1519,GAM,0.297,1660.0,1.3688409934914074
1531,GAM,0.297,1660.0,1.3688409934914074
1684,GAM,0.297,1660.0,1.3688409934914074
1703,GAM,0.297,1660.0,1.3688409934914074
2174,GAM,0.297,1660.0,1.3688409934914074
2187,GAM,0.297,1660.0,1.3688409934914074
2614,GAM,0.297,1660.0,1.3688409934914074
432,GAM,0.296,1669.0,1.3642321012574297
733,GAM,0.296,1669.0,1.3642321012574297
766,GAM,0.296,1669.0,1.3642321012574297
893,GAM,0.296,1669.0,1.3642321012574297
1069,GAM,0.296,1669.0,1.3642321012574297
1340,GAM,0.296,1669.0,1.3642321012574297
1372,GAM,0.296,1669.0,1.3642321012574297
1653,GAM,0.296,1669.0,1.3642321012574297
1683,GAM,0.296,1669.0,1.3642321012574297
2396,GAM,0.296,1669.0,1.3642321012574297
2530,GAM,0.296,1669.0,1.3642321012574297
2693,GAM,0.296,1669.0,1.3642321012574297
279,GAM,0.295,1681.0,1.359623209023452
503,GAM,0.295,1681.0,1.359623209023452
1149,GAM,0.295,1681.0,1.359623209023452
1421,GAM,0.295,1681.0,1.359623209023452
1956,GAM,0.295,1681.0,1.359623209023452
1964,GAM,0.295,1681.0,1.359623209023452
2081,GAM,0.295,1681.0,1.359623209023452
2102,GAM,0.295,1681.0,1.359623209023452
2574,GAM,0.295,1681.0,1.359623209023452
2709,GAM,0.295,1681.0,1.359623209023452
1193,GAM,0.294,1691.0,1.3550143167894741
1330,GAM,0.294,1691.0,1.3550143167894741
2058,GAM,0.294,1691.0,1.3550143167894741
2649,GAM,0.294,1691.0,1.3550143167894741
133,GAM,0.293,1695.0,1.3504054245554962
246,GAM,0.293,1695.0,1.3504054245554962
435,GAM,0.293,1695.0,1.3504054245554962
1079,GAM,0.293,1695.0,1.3504054245554962
1137,GAM,0.293,1695.0,1.3504054245554962
1143,GAM,0.293,1695.0,1.3504054245554962
1260,GAM,0.293,1695.0,1.3504054245554962
1327,GAM,0.293,1695.0,1.3504054245554962
2461,GAM,0.293,1695.0,1.3504054245554962
456,GAM,0.292,1704.0,1.3457965323215184
521,GAM,0.292,1704.0,1.3457965323215184
724,GAM,0.292,1704.0,1.3457965323215184
980,GAM,0.292,1704.0,1.3457965323215184
1528,GAM,0.292,1704.0,1.3457965323215184
2007,GAM,0.292,1704.0,1.3457965323215184
2031,GAM,0.292,1704.0,1.3457965323215184
2355,GAM,0.292,1704.0,1.3457965323215184
2479,GAM,0.292,1704.0,1.3457965323215184
223,GAM,0.291,1713.0,1.3411876400875407
226,GAM,0.291,1713.0,1.3411876400875407
247,GAM,0.291,1713.0,1.3411876400875407
716,GAM,0.291,1713.0,1.3411876400875407
1182,GAM,0.291,1713.0,1.3411876400875407
1895,GAM,0.291,1713.0,1.3411876400875407
2223,GAM,0.291,1713.0,1.3411876400875407
2518,GAM,0.291,1713.0,1.3411876400875407
610,GAM,0.29,1721.0,1.336578747853563
707,GAM,0.29,1721.0,1.336578747853563
969,GAM,0.29,1721.0,1.336578747853563
1055,GAM,0.29,1721.0,1.336578747853563
1283,GAM,0.29,1721.0,1.336578747853563
1334,GAM,0.29,1721.0,1.336578747853563
1867,GAM,0.29,1721.0,1.336578747853563
2307,GAM,0.29,1721.0,1.336578747853563
2539,GAM,0.29,1721.0,1.336578747853563
553,GAM,0.289,1730.0,1.3319698556195851
706,GAM,0.289,1730.0,1.3319698556195851
725,GAM,0.289,1730.0,1.3319698556195851
762,GAM,0.289,1730.0,1.3319698556195851
820,GAM,0.289,1730.0,1.3319698556195851
1313,GAM,0.289,1730.0,1.3319698556195851
1430,GAM,0.289,1730.0,1.3319698556195851
1734,GAM,0.289,1730.0,1.3319698556195851
1977,GAM,0.289,1730.0,1.3319698556195851
2003,GAM,0.289,1730.0,1.3319698556195851
2048,GAM,0.289,1730.0,1.3319698556195851
2072,GAM,0.289,1730.0,1.3319698556195851
2341,GAM,0.289,1730.0,1.3319698556195851
2366,GAM,0.289,1730.0,1.3319698556195851
2775,GAM,0.289,1730.0,1.3319698556195851
142,GAM,0.288,1745.0,1.3273609633856072
661,GAM,0.288,1745.0,1.3273609633856072
785,GAM,0.288,1745.0,1.3273609633856072
1076,GAM,0.288,1745.0,1.3273609633856072
1333,GAM,0.288,1745.0,1.3273609633856072
1425,GAM,0.288,1745.0,1.3273609633856072
1441,GAM,0.288,1745.0,1.3273609633856072
1548,GAM,0.288,1745.0,1.3273609633856072
1784,GAM,0.288,1745.0,1.3273609633856072
1852,GAM,0.288,1745.0,1.3273609633856072
2349,GAM,0.288,1745.0,1.3273609633856072
2454,GAM,0.288,1745.0,1.3273609633856072
272,GAM,0.287,1757.0,1.3227520711516294
433,GAM,0.286,1758.0,1.3181431789176516
809,GAM,0.286,1758.0,1.3181431789176516
1089,GAM,0.286,1758.0,1.3181431789176516
1496,GAM,0.286,1758.0,1.3181431789176516
1698,GAM,0.286,1758.0,1.3181431789176516
1786,GAM,0.286,1758.0,1.3181431789176516
1809,GAM,0.286,1758.0,1.3181431789176516
2364,GAM,0.286,1758.0,1.3181431789176516
2410,GAM,0.286,1758.0,1.3181431789176516
47,GAM,0.285,1767.0,1.313534286683674
585,GAM,0.285,1767.0,1.313534286683674
1005,GAM,0.285,1767.0,1.313534286683674
1239,GAM,0.285,1767.0,1.313534286683674
1280,GAM,0.285,1767.0,1.313534286683674
1570,GAM,0.285,1767.0,1.313534286683674
1706,GAM,0.285,1767.0,1.313534286683674
1710,GAM,0.285,1767.0,1.313534286683674
1880,GAM,0.285,1767.0,1.313534286683674
2296,GAM,0.285,1767.0,1.313534286683674
98,GAM,0.284,1777.0,1.308925394449696
1331,GAM,0.284,1777.0,1.308925394449696
1359,GAM,0.284,1777.0,1.308925394449696
1582,GAM,0.284,1777.0,1.308925394449696
1992,GAM,0.284,1777.0,1.308925394449696
2150,GAM,0.284,1777.0,1.308925394449696
611,GAM,0.283,1783.0,1.3043165022157182
783,GAM,0.283,1783.0,1.3043165022157182
1028,GAM,0.283,1783.0,1.3043165022157182
1401,GAM,0.283,1783.0,1.3043165022157182
2167,GAM,0.283,1783.0,1.3043165022157182
2646,GAM,0.283,1783.0,1.3043165022157182
8,GAM,0.282,1789.0,1.2997076099817404
263,GAM,0.282,1789.0,1.2997076099817404
1127,GAM,0.282,1789.0,1.2997076099817404
1615,GAM,0.282,1789.0,1.2997076099817404
2205,GAM,0.282,1789.0,1.2997076099817404
2678,GAM,0.282,1789.0,1.2997076099817404
66,GAM,0.281,1795.0,1.2950987177477629
85,GAM,0.281,1795.0,1.2950987177477629
95,GAM,0.281,1795.0,1.2950987177477629
681,GAM,0.281,1795.0,1.2950987177477629
934,GAM,0.281,1795.0,1.2950987177477629
1068,GAM,0.281,1795.0,1.2950987177477629
1612,GAM,0.281,1795.0,1.2950987177477629
2069,GAM,0.281,1795.0,1.2950987177477629
2265,GAM,0.281,1795.0,1.2950987177477629
615,GAM,0.28,1804.0,1.290489825513785
990,GAM,0.28,1804.0,1.290489825513785
1216,GAM,0.28,1804.0,1.290489825513785
1586,GAM,0.28,1804.0,1.290489825513785
390,GAM,0.279,1808.0,1.2858809332798071
1318,GAM,0.279,1808.0,1.2858809332798071
1414,GAM,0.279,1808.0,1.2858809332798071
1592,GAM,0.279,1808.0,1.2858809332798071
1694,GAM,0.279,1808.0,1.2858809332798071
1982,GAM,0.279,1808.0,1.2858809332798071
2171,GAM,0.279,1808.0,1.2858809332798071
2186,GAM,0.279,1808.0,1.2858809332798071
57,GAM,0.278,1816.0,1.2812720410458294
354,GAM,0.278,1816.0,1.2812720410458294
849,GAM,0.278,1816.0,1.2812720410458294
1389,GAM,0.278,1816.0,1.2812720410458294
1452,GAM,0.278,1816.0,1.2812720410458294
1740,GAM,0.278,1816.0,1.2812720410458294
1759,GAM,0.278,1816.0,1.2812720410458294
1897,GAM,0.278,1816.0,1.2812720410458294
2049,GAM,0.278,1816.0,1.2812720410458294
2075,GAM,0.278,1816.0,1.2812720410458294
2289,GAM,0.278,1816.0,1.2812720410458294
2458,GAM,0.278,1816.0,1.2812720410458294
2470,GAM,0.278,1816.0,1.2812720410458294
2700,GAM,0.278,1816.0,1.2812720410458294
172,GAM,0.277,1830.0,1.2766631488118516
305,GAM,0.277,1830.0,1.2766631488118516
617,GAM,0.277,1830.0,1.2766631488118516
772,GAM,0.277,1830.0,1.2766631488118516
1967,GAM,0.277,1830.0,1.2766631488118516
2601,GAM,0.277,1830.0,1.2766631488118516
607,GAM,0.276,1836.0,1.2720542565778739
639,GAM,0.276,1836.0,1.2720542565778739
1288,GAM,0.276,1836.0,1.2720542565778739
1561,GAM,0.276,1836.0,1.2720542565778739
1666,GAM,0.276,1836.0,1.2720542565778739
2082,GAM,0.276,1836.0,1.2720542565778739
2353,GAM,0.276,1836.0,1.2720542565778739
2398,GAM,0.276,1836.0,1.2720542565778739
2553,GAM,0.276,1836.0,1.2720542565778739
326,GAM,0.275,1845.0,1.2674453643438959
1205,GAM,0.275,1845.0,1.2674453643438959
1864,GAM,0.275,1845.0,1.2674453643438959
2070,GAM,0.275,1845.0,1.2674453643438959
2239,GAM,0.275,1845.0,1.2674453643438959
2311,GAM,0.275,1845.0,1.2674453643438959
2448,GAM,0.275,1845.0,1.2674453643438959
2749,GAM,0.275,1845.0,1.2674453643438959
867,GAM,0.274,1853.0,1.2628364721099181
907,GAM,0.274,1853.0,1.2628364721099181
1896,GAM,0.274,1853.0,1.2628364721099181
2725,GAM,0.274,1853.0,1.2628364721099181
2747,GAM,0.274,1853.0,1.2628364721099181
275,GAM,0.273,1858.0,1.2582275798759404
829,GAM,0.273,1858.0,1.2582275798759404
963,GAM,0.273,1858.0,1.2582275798759404
1409,GAM,0.273,1858.0,1.2582275798759404
1990,GAM,0.273,1858.0,1.2582275798759404
2317,GAM,0.273,1858.0,1.2582275798759404
2409,GAM,0.273,1858.0,1.2582275798759404
203,GAM,0.272,1865.0,1.2536186876419626
299,GAM,0.272,1865.0,1.2536186876419626
560,GAM,0.272,1865.0,1.2536186876419626
689,GAM,0.272,1865.0,1.2536186876419626
1186,GAM,0.272,1865.0,1.2536186876419626
1298,GAM,0.272,1865.0,1.2536186876419626
1326,GAM,0.272,1865.0,1.2536186876419626
1467,GAM,0.272,1865.0,1.2536186876419626
1542,GAM,0.272,1865.0,1.2536186876419626
1576,GAM,0.272,1865.0,1.2536186876419626
1752,GAM,0.272,1865.0,1.2536186876419626
1800,GAM,0.272,1865.0,1.2536186876419626
1996,GAM,0.272,1865.0,1.2536186876419626
2116,GAM,0.272,1865.0,1.2536186876419626
150,GAM,0.271,1879.0,1.2490097954079848
385,GAM,0.271,1879.0,1.2490097954079848
670,GAM,0.271,1879.0,1.2490097954079848
1301,GAM,0.271,1879.0,1.2490097954079848
1797,GAM,0.271,1879.0,1.2490097954079848
2008,GAM,0.271,1879.0,1.2490097954079848
2146,GAM,0.271,1879.0,1.2490097954079848
1,GAM,0.27,1886.0,1.2444009031740069
201,GAM,0.27,1886.0,1.2444009031740069
363,GAM,0.27,1886.0,1.2444009031740069
430,GAM,0.27,1886.0,1.2444009031740069
612,GAM,0.27,1886.0,1.2444009031740069
1145,GAM,0.27,1886.0,1.2444009031740069
1395,GAM,0.27,1886.0,1.2444009031740069
2228,GAM,0.27,1886.0,1.2444009031740069
56,GAM,0.269,1894.0,1.239792010940029
167,GAM,0.269,1894.0,1.239792010940029
395,GAM,0.269,1894.0,1.239792010940029
494,GAM,0.269,1894.0,1.239792010940029
651,GAM,0.269,1894.0,1.239792010940029
1701,GAM,0.269,1894.0,1.239792010940029
2098,GAM,0.269,1894.0,1.239792010940029
2743,GAM,0.269,1894.0,1.239792010940029
346,GAM,0.268,1902.0,1.2351831187060514
572,GAM,0.268,1902.0,1.2351831187060514
781,GAM,0.268,1902.0,1.2351831187060514
858,GAM,0.268,1902.0,1.2351831187060514
908,GAM,0.268,1902.0,1.2351831187060514
1015,GAM,0.268,1902.0,1.2351831187060514
1257,GAM,0.268,1902.0,1.2351831187060514
1466,GAM,0.268,1902.0,1.2351831187060514
2035,GAM,0.268,1902.0,1.2351831187060514
2243,GAM,0.268,1902.0,1.2351831187060514
2303,GAM,0.268,1902.0,1.2351831187060514
2494,GAM,0.268,1902.0,1.2351831187060514
2715,GAM,0.268,1902.0,1.2351831187060514
135,GAM,0.267,1915.0,1.2305742264720736
388,GAM,0.267,1915.0,1.2305742264720736
691,GAM,0.267,1915.0,1.2305742264720736
773,GAM,0.267,1915.0,1.2305742264720736
1179,GAM,0.267,1915.0,1.2305742264720736
1494,GAM,0.267,1915.0,1.2305742264720736
1755,GAM,0.267,1915.0,1.2305742264720736
2123,GAM,0.267,1915.0,1.2305742264720736
2365,GAM,0.267,1915.0,1.2305742264720736
2624,GAM,0.267,1915.0,1.2305742264720736
589,GAM,0.266,1925.0,1.2259653342380956
1771,GAM,0.266,1925.0,1.2259653342380956
240,GAM,0.265,1927.0,1.2213564420041179
446,GAM,0.265,1927.0,1.2213564420041179
680,GAM,0.265,1927.0,1.2213564420041179
1458,GAM,0.265,1927.0,1.2213564420041179
2214,GAM,0.265,1927.0,1.2213564420041179
2556,GAM,0.265,1927.0,1.2213564420041179
71,GAM,0.264,1933.0,1.21674754977014
148,GAM,0.264,1933.0,1.21674754977014
341,GAM,0.264,1933.0,1.21674754977014
378,GAM,0.264,1933.0,1.21674754977014
508,GAM,0.264,1933.0,1.21674754977014
660,GAM,0.264,1933.0,1.21674754977014
750,GAM,0.264,1933.0,1.21674754977014
916,GAM,0.264,1933.0,1.21674754977014
1051,GAM,0.264,1933.0,1.21674754977014
1176,GAM,0.264,1933.0,1.21674754977014
2050,GAM,0.264,1933.0,1.21674754977014
2399,GAM,0.264,1933.0,1.21674754977014
2764,GAM,0.264,1933.0,1.21674754977014
19,GAM,0.263,1946.0,1.2121386575361623
73,GAM,0.263,1946.0,1.2121386575361623
147,GAM,0.263,1946.0,1.2121386575361623
1273,GAM,0.263,1946.0,1.2121386575361623
1456,GAM,0.263,1946.0,1.2121386575361623
1722,GAM,0.263,1946.0,1.2121386575361623
1751,GAM,0.263,1946.0,1.2121386575361623
1766,GAM,0.263,1946.0,1.2121386575361623
1767,GAM,0.263,1946.0,1.2121386575361623
2087,GAM,0.263,1946.0,1.2121386575361623
2445,GAM,0.263,1946.0,1.2121386575361623
2559,GAM,0.263,1946.0,1.2121386575361623
155,GAM,0.262,1958.0,1.2075297653021846
641,GAM,0.262,1958.0,1.2075297653021846
1792,GAM,0.262,1958.0,1.2075297653021846
1822,GAM,0.262,1958.0,1.2075297653021846
1887,GAM,0.262,1958.0,1.2075297653021846
2235,GAM,0.262,1958.0,1.2075297653021846
2527,GAM,0.262,1958.0,1.2075297653021846
2696,GAM,0.262,1958.0,1.2075297653021846
417,GAM,0.261,1966.0,1.2029208730682066
477,GAM,0.261,1966.0,1.2029208730682066
500,GAM,0.261,1966.0,1.2029208730682066
1269,GAM,0.261,1966.0,1.2029208730682066
1374,GAM,0.261,1966.0,1.2029208730682066
1402,GAM,0.261,1966.0,1.2029208730682066
1664,GAM,0.261,1966.0,1.2029208730682066
1707,GAM,0.261,1966.0,1.2029208730682066
2377,GAM,0.261,1966.0,1.2029208730682066
2586,GAM,0.261,1966.0,1.2029208730682066
2688,GAM,0.261,1966.0,1.2029208730682066
107,GAM,0.26,1977.0,1.1983119808342289
531,GAM,0.26,1977.0,1.1983119808342289
974,GAM,0.26,1977.0,1.1983119808342289
2018,GAM,0.26,1977.0,1.1983119808342289
2591,GAM,0.26,1977.0,1.1983119808342289
2618,GAM,0.26,1977.0,1.1983119808342289
715,GAM,0.259,1983.0,1.193703088600251
1046,GAM,0.259,1983.0,1.193703088600251
1201,GAM,0.259,1983.0,1.193703088600251
1231,GAM,0.259,1983.0,1.193703088600251
2229,GAM,0.259,1983.0,1.193703088600251
347,GAM,0.258,1988.0,1.1890941963662733
537,GAM,0.258,1988.0,1.1890941963662733
757,GAM,0.258,1988.0,1.1890941963662733
1332,GAM,0.258,1988.0,1.1890941963662733
1444,GAM,0.258,1988.0,1.1890941963662733
2129,GAM,0.258,1988.0,1.1890941963662733
2376,GAM,0.258,1988.0,1.1890941963662733
2592,GAM,0.258,1988.0,1.1890941963662733
112,GAM,0.257,1996.0,1.1844853041322954
397,GAM,0.257,1996.0,1.1844853041322954
621,GAM,0.257,1996.0,1.1844853041322954
739,GAM,0.257,1996.0,1.1844853041322954
756,GAM,0.257,1996.0,1.1844853041322954
1213,GAM,0.257,1996.0,1.1844853041322954
1364,GAM,0.257,1996.0,1.1844853041322954
1392,GAM,0.257,1996.0,1.1844853041322954
1730,GAM,0.257,1996.0,1.1844853041322954
1774,GAM,0.257,1996.0,1.1844853041322954
6,GAM,0.256,2006.0,1.1798764118983176
108,GAM,0.256,2006.0,1.1798764118983176
544,GAM,0.256,2006.0,1.1798764118983176
744,GAM,0.256,2006.0,1.1798764118983176
1029,GAM,0.256,2006.0,1.1798764118983176
1154,GAM,0.256,2006.0,1.1798764118983176
1202,GAM,0.256,2006.0,1.1798764118983176
1358,GAM,0.256,2006.0,1.1798764118983176
1645,GAM,0.256,2006.0,1.1798764118983176
1790,GAM,0.256,2006.0,1.1798764118983176
166,GAM,0.255,2016.0,1.1752675196643398
618,GAM,0.255,2016.0,1.1752675196643398
1303,GAM,0.255,2016.0,1.1752675196643398
1339,GAM,0.255,2016.0,1.1752675196643398
1555,GAM,0.255,2016.0,1.1752675196643398
2375,GAM,0.255,2016.0,1.1752675196643398
2426,GAM,0.255,2016.0,1.1752675196643398
2476,GAM,0.255,2016.0,1.1752675196643398
2654,GAM,0.255,2016.0,1.1752675196643398
2722,GAM,0.255,2016.0,1.1752675196643398
128,GAM,0.254,2026.0,1.170658627430362
209,GAM,0.254,2026.0,1.170658627430362
519,GAM,0.254,2026.0,1.170658627430362
535,GAM,0.254,2026.0,1.170658627430362
604,GAM,0.254,2026.0,1.170658627430362
896,GAM,0.254,2026.0,1.170658627430362
1204,GAM,0.254,2026.0,1.170658627430362
1208,GAM,0.254,2026.0,1.170658627430362
1550,GAM,0.254,2026.0,1.170658627430362
1567,GAM,0.254,2026.0,1.170658627430362
1571,GAM,0.254,2026.0,1.170658627430362
1717,GAM,0.254,2026.0,1.170658627430362
2125,GAM,0.254,2026.0,1.170658627430362
2312,GAM,0.254,2026.0,1.170658627430362
682,GAM,0.253,2040.0,1.1660497351963843
703,GAM,0.253,2040.0,1.1660497351963843
1181,GAM,0.253,2040.0,1.1660497351963843
1393,GAM,0.253,2040.0,1.1660497351963843
1446,GAM,0.253,2040.0,1.1660497351963843
1769,GAM,0.253,2040.0,1.1660497351963843
1799,GAM,0.253,2040.0,1.1660497351963843
2154,GAM,0.253,2040.0,1.1660497351963843
2268,GAM,0.253,2040.0,1.1660497351963843
398,GAM,0.252,2049.0,1.1614408429624064
1191,GAM,0.252,2049.0,1.1614408429624064
1403,GAM,0.252,2049.0,1.1614408429624064
1925,GAM,0.252,2049.0,1.1614408429624064
2707,GAM,0.252,2049.0,1.1614408429624064
2730,GAM,0.252,2049.0,1.1614408429624064
487,GAM,0.251,2055.0,1.1568319507284286
754,GAM,0.251,2055.0,1.1568319507284286
1564,GAM,0.251,2055.0,1.1568319507284286
1743,GAM,0.251,2055.0,1.1568319507284286
1918,GAM,0.251,2055.0,1.1568319507284286
1997,GAM,0.251,2055.0,1.1568319507284286
2253,GAM,0.251,2055.0,1.1568319507284286
2692,GAM,0.251,2055.0,1.1568319507284286
185,GAM,0.25,2063.0,1.1522230584944508
545,GAM,0.25,2063.0,1.1522230584944508
629,GAM,0.25,2063.0,1.1522230584944508
840,GAM,0.25,2063.0,1.1522230584944508
859,GAM,0.25,2063.0,1.1522230584944508
864,GAM,0.25,2063.0,1.1522230584944508
866,GAM,0.25,2063.0,1.1522230584944508
1168,GAM,0.25,2063.0,1.1522230584944508
2027,GAM,0.25,2063.0,1.1522230584944508
2127,GAM,0.25,2063.0,1.1522230584944508
2138,GAM,0.25,2063.0,1.1522230584944508
227,GAM,0.249,2074.0,1.147614166260473
366,GAM,0.249,2074.0,1.147614166260473
447,GAM,0.249,2074.0,1.147614166260473
738,GAM,0.249,2074.0,1.147614166260473
975,GAM,0.249,2074.0,1.147614166260473
1058,GAM,0.249,2074.0,1.147614166260473
1123,GAM,0.249,2074.0,1.147614166260473
1195,GAM,0.249,2074.0,1.147614166260473
1300,GAM,0.249,2074.0,1.147614166260473
2120,GAM,0.249,2074.0,1.147614166260473
2554,GAM,0.249,2074.0,1.147614166260473
2570,GAM,0.249,2074.0,1.147614166260473
685,GAM,0.248,2086.0,1.143005274026495
1027,GAM,0.248,2086.0,1.143005274026495
1174,GAM,0.248,2086.0,1.143005274026495
1309,GAM,0.248,2086.0,1.143005274026495
2077,GAM,0.248,2086.0,1.143005274026495
2637,GAM,0.248,2086.0,1.143005274026495
215,GAM,0.247,2092.0,1.1383963817925173
499,GAM,0.247,2092.0,1.1383963817925173
1217,GAM,0.247,2092.0,1.1383963817925173
1630,GAM,0.247,2092.0,1.1383963817925173
1866,GAM,0.247,2092.0,1.1383963817925173
2197,GAM,0.247,2092.0,1.1383963817925173
2483,GAM,0.247,2092.0,1.1383963817925173
42,GAM,0.246,2099.0,1.1337874895585396
80,GAM,0.246,2099.0,1.1337874895585396
824,GAM,0.246,2099.0,1.1337874895585396
1338,GAM,0.246,2099.0,1.1337874895585396
1934,GAM,0.246,2099.0,1.1337874895585396
2155,GAM,0.246,2099.0,1.1337874895585396
2395,GAM,0.246,2099.0,1.1337874895585396
2587,GAM,0.246,2099.0,1.1337874895585396
375,GAM,0.245,2107.0,1.1291785973245618
386,GAM,0.245,2107.0,1.1291785973245618
577,GAM,0.245,2107.0,1.1291785973245618
647,GAM,0.245,2107.0,1.1291785973245618
834,GAM,0.245,2107.0,1.1291785973245618
1536,GAM,0.245,2107.0,1.1291785973245618
1899,GAM,0.245,2107.0,1.1291785973245618
2180,GAM,0.245,2107.0,1.1291785973245618
2248,GAM,0.245,2107.0,1.1291785973245618
2324,GAM,0.245,2107.0,1.1291785973245618
2331,GAM,0.245,2107.0,1.1291785973245618
2744,GAM,0.245,2107.0,1.1291785973245618
105,GAM,0.244,2119.0,1.1245697050905838
453,GAM,0.244,2119.0,1.1245697050905838
645,GAM,0.244,2119.0,1.1245697050905838
778,GAM,0.244,2119.0,1.1245697050905838
839,GAM,0.244,2119.0,1.1245697050905838
852,GAM,0.244,2119.0,1.1245697050905838
2503,GAM,0.244,2119.0,1.1245697050905838
198,GAM,0.243,2126.0,1.119960812856606
216,GAM,0.243,2126.0,1.119960812856606
701,GAM,0.243,2126.0,1.119960812856606
938,GAM,0.243,2126.0,1.119960812856606
1074,GAM,0.243,2126.0,1.119960812856606
1173,GAM,0.243,2126.0,1.119960812856606
2358,GAM,0.243,2126.0,1.119960812856606
2631,GAM,0.243,2126.0,1.119960812856606
261,GAM,0.242,2134.0,1.1153519206226283
1066,GAM,0.242,2134.0,1.1153519206226283
1675,GAM,0.242,2134.0,1.1153519206226283
2417,GAM,0.242,2134.0,1.1153519206226283
2425,GAM,0.242,2134.0,1.1153519206226283
2711,GAM,0.242,2134.0,1.1153519206226283
278,GAM,0.241,2140.0,1.1107430283886506
683,GAM,0.241,2140.0,1.1107430283886506
953,GAM,0.241,2140.0,1.1107430283886506
1060,GAM,0.241,2140.0,1.1107430283886506
1368,GAM,0.241,2140.0,1.1107430283886506
1620,GAM,0.241,2140.0,1.1107430283886506
1830,GAM,0.241,2140.0,1.1107430283886506
1970,GAM,0.241,2140.0,1.1107430283886506
2397,GAM,0.241,2140.0,1.1107430283886506
2551,GAM,0.241,2140.0,1.1107430283886506
393,GAM,0.24,2150.0,1.1061341361546728
401,GAM,0.24,2150.0,1.1061341361546728
480,GAM,0.24,2150.0,1.1061341361546728
1071,GAM,0.24,2150.0,1.1061341361546728
1552,GAM,0.24,2150.0,1.1061341361546728
1587,GAM,0.24,2150.0,1.1061341361546728
2109,GAM,0.24,2150.0,1.1061341361546728
2194,GAM,0.24,2150.0,1.1061341361546728
2482,GAM,0.24,2150.0,1.1061341361546728
2761,GAM,0.24,2150.0,1.1061341361546728
489,GAM,0.239,2160.0,1.1015252439206948
597,GAM,0.239,2160.0,1.1015252439206948
926,GAM,0.239,2160.0,1.1015252439206948
1336,GAM,0.239,2160.0,1.1015252439206948
2726,GAM,0.239,2160.0,1.1015252439206948
118,GAM,0.238,2165.0,1.096916351686717
268,GAM,0.238,2165.0,1.096916351686717
1210,GAM,0.238,2165.0,1.096916351686717
1420,GAM,0.238,2165.0,1.096916351686717
1936,GAM,0.238,2165.0,1.096916351686717
2427,GAM,0.238,2165.0,1.096916351686717
114,GAM,0.237,2171.0,1.0923074594527393
190,GAM,0.237,2171.0,1.0923074594527393
658,GAM,0.237,2171.0,1.0923074594527393
1631,GAM,0.237,2171.0,1.0923074594527393
2101,GAM,0.237,2171.0,1.0923074594527393
2111,GAM,0.237,2171.0,1.0923074594527393
2263,GAM,0.237,2171.0,1.0923074594527393
109,GAM,0.236,2178.0,1.0876985672187616
233,GAM,0.236,2178.0,1.0876985672187616
971,GAM,0.236,2178.0,1.0876985672187616
1723,GAM,0.236,2178.0,1.0876985672187616
1882,GAM,0.236,2178.0,1.0876985672187616
2350,GAM,0.236,2178.0,1.0876985672187616
2360,GAM,0.236,2178.0,1.0876985672187616
2424,GAM,0.236,2178.0,1.0876985672187616
2459,GAM,0.236,2178.0,1.0876985672187616
2668,GAM,0.236,2178.0,1.0876985672187616
113,GAM,0.235,2188.0,1.0830896749847836
353,GAM,0.235,2188.0,1.0830896749847836
977,GAM,0.235,2188.0,1.0830896749847836
1006,GAM,0.235,2188.0,1.0830896749847836
1237,GAM,0.235,2188.0,1.0830896749847836
1525,GAM,0.235,2188.0,1.0830896749847836
123,GAM,0.234,2194.0,1.078480782750806
473,GAM,0.234,2194.0,1.078480782750806
882,GAM,0.234,2194.0,1.078480782750806
1083,GAM,0.234,2194.0,1.078480782750806
2166,GAM,0.234,2194.0,1.078480782750806
2357,GAM,0.234,2194.0,1.078480782750806
2579,GAM,0.234,2194.0,1.078480782750806
406,GAM,0.233,2201.0,1.0738718905168283
626,GAM,0.233,2201.0,1.0738718905168283
665,GAM,0.233,2201.0,1.0738718905168283
673,GAM,0.233,2201.0,1.0738718905168283
736,GAM,0.233,2201.0,1.0738718905168283
742,GAM,0.233,2201.0,1.0738718905168283
1387,GAM,0.233,2201.0,1.0738718905168283
1461,GAM,0.233,2201.0,1.0738718905168283
1529,GAM,0.233,2201.0,1.0738718905168283
1605,GAM,0.233,2201.0,1.0738718905168283
2363,GAM,0.233,2201.0,1.0738718905168283
83,GAM,0.232,2212.0,1.0692629982828503
419,GAM,0.232,2212.0,1.0692629982828503
662,GAM,0.232,2212.0,1.0692629982828503
1072,GAM,0.232,2212.0,1.0692629982828503
1812,GAM,0.232,2212.0,1.0692629982828503
1209,GAM,0.231,2217.0,1.0646541060488726
1426,GAM,0.231,2217.0,1.0646541060488726
1498,GAM,0.231,2217.0,1.0646541060488726
1770,GAM,0.231,2217.0,1.0646541060488726
2370,GAM,0.231,2217.0,1.0646541060488726
554,GAM,0.23,2222.0,1.0600452138148948
848,GAM,0.23,2222.0,1.0600452138148948
1050,GAM,0.23,2222.0,1.0600452138148948
2042,GAM,0.23,2222.0,1.0600452138148948
2468,GAM,0.23,2222.0,1.0600452138148948
2675,GAM,0.23,2222.0,1.0600452138148948
374,GAM,0.229,2228.0,1.055436321580917
1241,GAM,0.229,2228.0,1.055436321580917
1512,GAM,0.229,2228.0,1.055436321580917
1687,GAM,0.229,2228.0,1.055436321580917
1842,GAM,0.229,2228.0,1.055436321580917
295,GAM,0.228,2233.0,1.050827429346939
384,GAM,0.228,2233.0,1.050827429346939
667,GAM,0.228,2233.0,1.050827429346939
804,GAM,0.228,2233.0,1.050827429346939
999,GAM,0.228,2233.0,1.050827429346939
1132,GAM,0.228,2233.0,1.050827429346939
1223,GAM,0.228,2233.0,1.050827429346939
1230,GAM,0.228,2233.0,1.050827429346939
1276,GAM,0.228,2233.0,1.050827429346939
1547,GAM,0.228,2233.0,1.050827429346939
1832,GAM,0.228,2233.0,1.050827429346939
2002,GAM,0.228,2233.0,1.050827429346939
2271,GAM,0.228,2233.0,1.050827429346939
2387,GAM,0.228,2233.0,1.050827429346939
2754,GAM,0.228,2233.0,1.050827429346939
1087,GAM,0.227,2248.0,1.0462185371129613
1156,GAM,0.227,2248.0,1.0462185371129613
1370,GAM,0.227,2248.0,1.0462185371129613
1478,GAM,0.227,2248.0,1.0462185371129613
2407,GAM,0.227,2248.0,1.0462185371129613
2647,GAM,0.227,2248.0,1.0462185371129613
163,GAM,0.226,2254.0,1.0416096448789836
620,GAM,0.226,2254.0,1.0416096448789836
1588,GAM,0.226,2254.0,1.0416096448789836
1634,GAM,0.226,2254.0,1.0416096448789836
1636,GAM,0.226,2254.0,1.0416096448789836
1865,GAM,0.226,2254.0,1.0416096448789836
2446,GAM,0.226,2254.0,1.0416096448789836
332,GAM,0.225,2261.0,1.0370007526450058
946,GAM,0.225,2261.0,1.0370007526450058
1284,GAM,0.225,2261.0,1.0370007526450058
1365,GAM,0.225,2261.0,1.0370007526450058
1462,GAM,0.225,2261.0,1.0370007526450058
1481,GAM,0.225,2261.0,1.0370007526450058
2113,GAM,0.225,2261.0,1.0370007526450058
2207,GAM,0.225,2261.0,1.0370007526450058
213,GAM,0.224,2269.0,1.032391860411028
328,GAM,0.224,2269.0,1.032391860411028
436,GAM,0.224,2269.0,1.032391860411028
813,GAM,0.224,2269.0,1.032391860411028
1628,GAM,0.224,2269.0,1.032391860411028
269,GAM,0.223,2274.0,1.02778296817705
510,GAM,0.223,2274.0,1.02778296817705
524,GAM,0.223,2274.0,1.02778296817705
1131,GAM,0.223,2274.0,1.02778296817705
1724,GAM,0.223,2274.0,1.02778296817705
2015,GAM,0.223,2274.0,1.02778296817705
2144,GAM,0.223,2274.0,1.02778296817705
2706,GAM,0.223,2274.0,1.02778296817705
440,GAM,0.222,2282.0,1.0231740759430723
727,GAM,0.222,2282.0,1.0231740759430723
1161,GAM,0.222,2282.0,1.0231740759430723
267,GAM,0.221,2285.0,1.0185651837090945
161,GAM,0.22,2286.0,1.0139562914751168
248,GAM,0.22,2286.0,1.0139562914751168
466,GAM,0.22,2286.0,1.0139562914751168
771,GAM,0.22,2286.0,1.0139562914751168
947,GAM,0.22,2286.0,1.0139562914751168
982,GAM,0.22,2286.0,1.0139562914751168
165,GAM,0.219,2292.0,1.0093473992411388
994,GAM,0.219,2292.0,1.0093473992411388
1477,GAM,0.219,2292.0,1.0093473992411388
1709,GAM,0.219,2292.0,1.0093473992411388
737,GAM,0.218,2296.0,1.004738507007161
1251,GAM,0.218,2296.0,1.004738507007161
1963,GAM,0.218,2296.0,1.004738507007161
2402,GAM,0.218,2296.0,1.004738507007161
1061,GAM,0.217,2300.0,1.0001296147731833
1293,GAM,0.217,2300.0,1.0001296147731833
1357,GAM,0.217,2300.0,1.0001296147731833
1742,GAM,0.217,2300.0,1.0001296147731833
2041,GAM,0.217,2300.0,1.0001296147731833
2378,GAM,0.217,2300.0,1.0001296147731833
2460,GAM,0.217,2300.0,1.0001296147731833
871,GAM,0.216,2307.0,0.9955207225392054
1130,GAM,0.216,2307.0,0.9955207225392054
1813,GAM,0.216,2307.0,0.9955207225392054
2051,GAM,0.216,2307.0,0.9955207225392054
2083,GAM,0.216,2307.0,0.9955207225392054
2244,GAM,0.216,2307.0,0.9955207225392054
2421,GAM,0.216,2307.0,0.9955207225392054
2447,GAM,0.216,2307.0,0.9955207225392054
470,GAM,0.215,2315.0,0.9909118303052277
543,GAM,0.215,2315.0,0.9909118303052277
1351,GAM,0.215,2315.0,0.9909118303052277
21,GAM,0.214,2318.0,0.9863029380712499
1781,GAM,0.214,2318.0,0.9863029380712499
1987,GAM,0.214,2318.0,0.9863029380712499
2619,GAM,0.214,2318.0,0.9863029380712499
94,GAM,0.213,2322.0,0.981694045837272
677,GAM,0.213,2322.0,0.981694045837272
1457,GAM,0.213,2322.0,0.981694045837272
1816,GAM,0.213,2322.0,0.981694045837272
2142,GAM,0.213,2322.0,0.981694045837272
2215,GAM,0.213,2322.0,0.981694045837272
2329,GAM,0.213,2322.0,0.981694045837272
5,GAM,0.212,2329.0,0.9770851536032943
1103,GAM,0.212,2329.0,0.9770851536032943
1833,GAM,0.212,2329.0,0.9770851536032943
2549,GAM,0.212,2329.0,0.9770851536032943
788,GAM,0.211,2333.0,0.9724762613693164
1175,GAM,0.211,2333.0,0.9724762613693164
1485,GAM,0.211,2333.0,0.9724762613693164
2202,GAM,0.211,2333.0,0.9724762613693164
462,GAM,0.21,2337.0,0.9678673691353387
910,GAM,0.21,2337.0,0.9678673691353387
1435,GAM,0.21,2337.0,0.9678673691353387
2721,GAM,0.21,2337.0,0.9678673691353387
79,GAM,0.209,2341.0,0.9632584769013608
779,GAM,0.209,2341.0,0.9632584769013608
2219,GAM,0.209,2341.0,0.9632584769013608
2686,GAM,0.209,2341.0,0.9632584769013608
2753,GAM,0.209,2341.0,0.9632584769013608
1927,GAM,0.208,2346.0,0.958649584667383
2040,GAM,0.208,2346.0,0.958649584667383
777,GAM,0.207,2348.0,0.9540406924334052
1507,GAM,0.207,2348.0,0.9540406924334052
1831,GAM,0.207,2348.0,0.9540406924334052
2465,GAM,0.207,2348.0,0.9540406924334052
2499,GAM,0.207,2348.0,0.9540406924334052
1868,GAM,0.206,2353.0,0.9494318001994274
1908,GAM,0.206,2353.0,0.9494318001994274
2192,GAM,0.206,2353.0,0.9494318001994274
2230,GAM,0.206,2353.0,0.9494318001994274
793,GAM,0.205,2357.0,0.9448229079654497
1187,GAM,0.205,2357.0,0.9448229079654497
1225,GAM,0.205,2357.0,0.9448229079654497
1497,GAM,0.205,2357.0,0.9448229079654497
2440,GAM,0.205,2357.0,0.9448229079654497
2548,GAM,0.205,2357.0,0.9448229079654497
2550,GAM,0.205,2357.0,0.9448229079654497
92,GAM,0.204,2364.0,0.9402140157314718
2428,GAM,0.204,2364.0,0.9402140157314718
217,GAM,0.203,2366.0,0.9356051234974941
558,GAM,0.203,2366.0,0.9356051234974941
1049,GAM,0.203,2366.0,0.9356051234974941
984,GAM,0.202,2369.0,0.9309962312635163
1075,GAM,0.202,2369.0,0.9309962312635163
2536,GAM,0.202,2369.0,0.9309962312635163
2545,GAM,0.202,2369.0,0.9309962312635163
1065,GAM,0.201,2373.0,0.9263873390295385
1785,GAM,0.201,2373.0,0.9263873390295385
2095,GAM,0.201,2373.0,0.9263873390295385
808,GAM,0.2,2376.0,0.9217784467955606
915,GAM,0.2,2376.0,0.9217784467955606
1434,GAM,0.2,2376.0,0.9217784467955606
1590,GAM,0.2,2376.0,0.9217784467955606
2555,GAM,0.2,2376.0,0.9217784467955606
2572,GAM,0.2,2376.0,0.9217784467955606
421,GAM,0.199,2382.0,0.9171695545615829
1034,GAM,0.199,2382.0,0.9171695545615829
1632,GAM,0.199,2382.0,0.9171695545615829
2463,GAM,0.199,2382.0,0.9171695545615829
139,GAM,0.198,2386.0,0.9125606623276051
842,GAM,0.198,2386.0,0.9125606623276051
1099,GAM,0.198,2386.0,0.9125606623276051
1139,GAM,0.198,2386.0,0.9125606623276051
1373,GAM,0.198,2386.0,0.9125606623276051
2508,GAM,0.198,2386.0,0.9125606623276051
1278,GAM,0.197,2392.0,0.9079517700936273
1294,GAM,0.197,2392.0,0.9079517700936273
2694,GAM,0.197,2392.0,0.9079517700936273
634,GAM,0.196,2395.0,0.9033428778596495
1911,GAM,0.196,2395.0,0.9033428778596495
2652,GAM,0.196,2395.0,0.9033428778596495
1386,GAM,0.195,2398.0,0.8987339856256716
1557,GAM,0.195,2398.0,0.8987339856256716
1633,GAM,0.195,2398.0,0.8987339856256716
2322,GAM,0.195,2398.0,0.8987339856256716
2342,GAM,0.195,2398.0,0.8987339856256716
2620,GAM,0.195,2398.0,0.8987339856256716
2712,GAM,0.195,2398.0,0.8987339856256716
315,GAM,0.194,2405.0,0.8941250933916939
678,GAM,0.194,2405.0,0.8941250933916939
801,GAM,0.194,2405.0,0.8941250933916939
932,GAM,0.194,2405.0,0.8941250933916939
1092,GAM,0.194,2405.0,0.8941250933916939
1366,GAM,0.194,2405.0,0.8941250933916939
2513,GAM,0.194,2405.0,0.8941250933916939
591,GAM,0.193,2412.0,0.889516201157716
1038,GAM,0.193,2412.0,0.889516201157716
1504,GAM,0.193,2412.0,0.889516201157716
1727,GAM,0.193,2412.0,0.889516201157716
2352,GAM,0.193,2412.0,0.889516201157716
949,GAM,0.192,2417.0,0.8849073089237383
1495,GAM,0.192,2417.0,0.8849073089237383
1915,GAM,0.192,2417.0,0.8849073089237383
881,GAM,0.191,2420.0,0.8802984166897604
1042,GAM,0.191,2420.0,0.8802984166897604
1265,GAM,0.191,2420.0,0.8802984166897604
1376,GAM,0.191,2420.0,0.8802984166897604
1817,GAM,0.191,2420.0,0.8802984166897604
1820,GAM,0.191,2420.0,0.8802984166897604
517,GAM,0.19,2426.0,0.8756895244557826
1679,GAM,0.19,2426.0,0.8756895244557826
2343,GAM,0.19,2426.0,0.8756895244557826
2507,GAM,0.19,2426.0,0.8756895244557826
2681,GAM,0.19,2426.0,0.8756895244557826
2729,GAM,0.19,2426.0,0.8756895244557826
2304,GAM,0.189,2432.0,0.8710806322218048
356,GAM,0.188,2433.0,0.866471739987827
817,GAM,0.188,2433.0,0.866471739987827
828,GAM,0.188,2433.0,0.866471739987827
1245,GAM,0.188,2433.0,0.866471739987827
1741,GAM,0.188,2433.0,0.866471739987827
2577,GAM,0.188,2433.0,0.866471739987827
239,GAM,0.187,2439.0,0.8618628477538492
699,GAM,0.187,2439.0,0.8618628477538492
1196,GAM,0.187,2439.0,0.8618628477538492
643,GAM,0.186,2442.0,0.8572539555198714
1134,GAM,0.186,2442.0,0.8572539555198714
1299,GAM,0.185,2444.0,0.8526450632858936
1777,GAM,0.185,2444.0,0.8526450632858936
2492,GAM,0.185,2444.0,0.8526450632858936
232,GAM,0.183,2447.0,0.843427278817938
498,GAM,0.183,2447.0,0.843427278817938
1133,GAM,0.183,2447.0,0.843427278817938
1668,GAM,0.183,2447.0,0.843427278817938
1795,GAM,0.183,2447.0,0.843427278817938
1903,GAM,0.183,2447.0,0.843427278817938
1983,GAM,0.182,2453.0,0.8388183865839601
2190,GAM,0.182,2453.0,0.8388183865839601
880,GAM,0.181,2455.0,0.8342094943499824
1319,GAM,0.181,2455.0,0.8342094943499824
1984,GAM,0.181,2455.0,0.8342094943499824
2143,GAM,0.181,2455.0,0.8342094943499824
2379,GAM,0.181,2455.0,0.8342094943499824
2557,GAM,0.181,2455.0,0.8342094943499824
2565,GAM,0.181,2455.0,0.8342094943499824
1602,GAM,0.18,2462.0,0.8296006021160045
2734,GAM,0.18,2462.0,0.8296006021160045
1256,GAM,0.179,2464.0,0.8249917098820267
1307,GAM,0.179,2464.0,0.8249917098820267
1961,GAM,0.179,2464.0,0.8249917098820267
2382,GAM,0.179,2464.0,0.8249917098820267
2521,GAM,0.179,2464.0,0.8249917098820267
1057,GAM,0.178,2469.0,0.8203828176480489
1228,GAM,0.178,2469.0,0.8203828176480489
1844,GAM,0.178,2469.0,0.8203828176480489
68,GAM,0.177,2472.0,0.8157739254140711
1282,GAM,0.177,2472.0,0.8157739254140711
1848,GAM,0.177,2472.0,0.8157739254140711
1857,GAM,0.177,2472.0,0.8157739254140711
2061,GAM,0.177,2472.0,0.8157739254140711
48,GAM,0.176,2477.0,0.8111650331800934
731,GAM,0.176,2477.0,0.8111650331800934
2772,GAM,0.176,2477.0,0.8111650331800934
88,GAM,0.175,2480.0,0.8065561409461155
359,GAM,0.175,2480.0,0.8065561409461155
644,GAM,0.175,2480.0,0.8065561409461155
987,GAM,0.174,2483.0,0.8019472487121377
2009,GAM,0.174,2483.0,0.8019472487121377
2086,GAM,0.174,2483.0,0.8019472487121377
2687,GAM,0.174,2483.0,0.8019472487121377
652,GAM,0.173,2487.0,0.7973383564781599
2288,GAM,0.173,2487.0,0.7973383564781599
182,GAM,0.171,2489.0,0.7881205720102044
1718,GAM,0.171,2489.0,0.7881205720102044
1870,GAM,0.171,2489.0,0.7881205720102044
2664,GAM,0.171,2489.0,0.7881205720102044
1470,GAM,0.17,2493.0,0.7835116797762266
2535,GAM,0.17,2493.0,0.7835116797762266
751,GAM,0.168,2495.0,0.774293895308271
1346,GAM,0.168,2495.0,0.774293895308271
1735,GAM,0.168,2495.0,0.774293895308271
2193,GAM,0.168,2495.0,0.774293895308271
2362,GAM,0.168,2495.0,0.774293895308271
2558,GAM,0.168,2495.0,0.774293895308271
2328,GAM,0.167,2501.0,0.7696850030742932
2603,GAM,0.167,2501.0,0.7696850030742932
50,GAM,0.166,2503.0,0.7650761108403153
336,GAM,0.166,2503.0,0.7650761108403153
1573,GAM,0.166,2503.0,0.7650761108403153
1598,GAM,0.166,2503.0,0.7650761108403153
1836,GAM,0.166,2503.0,0.7650761108403153
2071,GAM,0.166,2503.0,0.7650761108403153
1804,GAM,0.165,2509.0,0.7604672186063376
1177,GAM,0.164,2510.0,0.7558583263723597
2641,GAM,0.164,2510.0,0.7558583263723597
154,GAM,0.163,2512.0,0.751249434138382
1335,GAM,0.163,2512.0,0.751249434138382
1827,GAM,0.163,2512.0,0.751249434138382
49,GAM,0.162,2515.0,0.7466405419044041
191,GAM,0.162,2515.0,0.7466405419044041
465,GAM,0.162,2515.0,0.7466405419044041
576,GAM,0.162,2515.0,0.7466405419044041
1162,GAM,0.162,2515.0,0.7466405419044041
1975,GAM,0.162,2515.0,0.7466405419044041
13,GAM,0.161,2521.0,0.7420316496704263
1350,GAM,0.161,2521.0,0.7420316496704263
1227,GAM,0.16,2523.0,0.7374227574364486
1757,GAM,0.16,2523.0,0.7374227574364486
1991,GAM,0.16,2523.0,0.7374227574364486
2208,GAM,0.16,2523.0,0.7374227574364486
542,GAM,0.159,2527.0,0.7328138652024707
1553,GAM,0.159,2527.0,0.7328138652024707
1851,GAM,0.159,2527.0,0.7328138652024707
1988,GAM,0.159,2527.0,0.7328138652024707
2267,GAM,0.159,2527.0,0.7328138652024707
181,GAM,0.158,2532.0,0.728204972968493
1464,GAM,0.158,2532.0,0.728204972968493
331,GAM,0.157,2534.0,0.7235960807345151
136,GAM,0.156,2535.0,0.7189871885005373
648,GAM,0.156,2535.0,0.7189871885005373
720,GAM,0.156,2535.0,0.7189871885005373
1449,GAM,0.156,2535.0,0.7189871885005373
2046,GAM,0.156,2535.0,0.7189871885005373
2,GAM,0.155,2540.0,0.7143782962665595
1262,GAM,0.155,2540.0,0.7143782962665595
2438,GAM,0.155,2540.0,0.7143782962665595
380,GAM,0.154,2543.0,0.7097694040325817
36,GAM,0.153,2544.0,0.7051605117986038
1878,GAM,0.153,2544.0,0.7051605117986038
687,GAM,0.151,2546.0,0.6959427273306482
1259,GAM,0.151,2546.0,0.6959427273306482
1287,GAM,0.151,2546.0,0.6959427273306482
2062,GAM,0.151,2546.0,0.6959427273306482
2516,GAM,0.151,2546.0,0.6959427273306482
152,GAM,0.15,2551.0,0.6913338350966705
472,GAM,0.15,2551.0,0.6913338350966705
875,GAM,0.15,2551.0,0.6913338350966705
1235,GAM,0.15,2551.0,0.6913338350966705
1362,GAM,0.15,2551.0,0.6913338350966705
1760,GAM,0.15,2551.0,0.6913338350966705
30,GAM,0.149,2557.0,0.6867249428626927
2283,GAM,0.149,2557.0,0.6867249428626927
2493,GAM,0.149,2557.0,0.6867249428626927
2502,GAM,0.149,2557.0,0.6867249428626927
760,GAM,0.148,2561.0,0.6821160506287148
1527,GAM,0.148,2561.0,0.6821160506287148
2560,GAM,0.148,2561.0,0.6821160506287148
120,GAM,0.147,2564.0,0.6775071583947371
200,GAM,0.147,2564.0,0.6775071583947371
1465,GAM,0.147,2564.0,0.6775071583947371
1947,GAM,0.147,2564.0,0.6775071583947371
2383,GAM,0.147,2564.0,0.6775071583947371
2669,GAM,0.147,2564.0,0.6775071583947371
329,GAM,0.146,2570.0,0.6728982661607592
20,GAM,0.145,2571.0,0.6682893739267814
140,GAM,0.145,2571.0,0.6682893739267814
242,GAM,0.145,2571.0,0.6682893739267814
1471,GAM,0.145,2571.0,0.6682893739267814
1714,GAM,0.145,2571.0,0.6682893739267814
2478,GAM,0.145,2571.0,0.6682893739267814
2510,GAM,0.145,2571.0,0.6682893739267814
764,GAM,0.144,2578.0,0.6636804816928036
936,GAM,0.144,2578.0,0.6636804816928036
1024,GAM,0.144,2578.0,0.6636804816928036
1463,GAM,0.144,2578.0,0.6636804816928036
2011,GAM,0.144,2578.0,0.6636804816928036
2124,GAM,0.144,2578.0,0.6636804816928036
2385,GAM,0.144,2578.0,0.6636804816928036
207,GAM,0.143,2585.0,0.6590715894588258
1054,GAM,0.143,2585.0,0.6590715894588258
1063,GAM,0.143,2585.0,0.6590715894588258
1398,GAM,0.143,2585.0,0.6590715894588258
1765,GAM,0.143,2585.0,0.6590715894588258
2589,GAM,0.143,2585.0,0.6590715894588258
218,GAM,0.142,2591.0,0.654462697224848
551,GAM,0.142,2591.0,0.654462697224848
1086,GAM,0.142,2591.0,0.654462697224848
2165,GAM,0.142,2591.0,0.654462697224848
2413,GAM,0.142,2591.0,0.654462697224848
1487,GAM,0.141,2596.0,0.6498538049908702
1906,GAM,0.141,2596.0,0.6498538049908702
2121,GAM,0.141,2596.0,0.6498538049908702
103,GAM,0.14,2599.0,0.6452449127568926
254,GAM,0.14,2599.0,0.6452449127568926
290,GAM,0.14,2599.0,0.6452449127568926
887,GAM,0.14,2599.0,0.6452449127568926
930,GAM,0.14,2599.0,0.6452449127568926
983,GAM,0.14,2599.0,0.6452449127568926
1003,GAM,0.14,2599.0,0.6452449127568926
1750,GAM,0.14,2599.0,0.6452449127568926
2414,GAM,0.14,2599.0,0.6452449127568926
2449,GAM,0.14,2599.0,0.6452449127568926
1509,GAM,0.139,2609.0,0.6406360205229147
2520,GAM,0.139,2609.0,0.6406360205229147
854,GAM,0.138,2611.0,0.6360271282889369
1091,GAM,0.138,2611.0,0.6360271282889369
1595,GAM,0.138,2611.0,0.6360271282889369
1671,GAM,0.138,2611.0,0.6360271282889369
273,GAM,0.137,2615.0,0.6314182360549591
796,GAM,0.137,2615.0,0.6314182360549591
1737,GAM,0.137,2615.0,0.6314182360549591
2139,GAM,0.137,2615.0,0.6314182360549591
2310,GAM,0.137,2615.0,0.6314182360549591
1232,GAM,0.136,2620.0,0.6268093438209813
1505,GAM,0.136,2620.0,0.6268093438209813
2270,GAM,0.136,2620.0,0.6268093438209813
2345,GAM,0.136,2620.0,0.6268093438209813
2596,GAM,0.136,2620.0,0.6268093438209813
1000,GAM,0.135,2625.0,0.6222004515870034
1515,GAM,0.135,2625.0,0.6222004515870034
1603,GAM,0.135,2625.0,0.6222004515870034
1624,GAM,0.135,2625.0,0.6222004515870034
1667,GAM,0.135,2625.0,0.6222004515870034
439,GAM,0.134,2630.0,0.6175915593530257
479,GAM,0.134,2630.0,0.6175915593530257
584,GAM,0.134,2630.0,0.6175915593530257
461,GAM,0.133,2633.0,0.6129826671190478
515,GAM,0.133,2633.0,0.6129826671190478
579,GAM,0.133,2633.0,0.6129826671190478
1077,GAM,0.133,2633.0,0.6129826671190478
1424,GAM,0.133,2633.0,0.6129826671190478
1726,GAM,0.133,2633.0,0.6129826671190478
1850,GAM,0.133,2633.0,0.6129826671190478
1886,GAM,0.133,2633.0,0.6129826671190478
2732,GAM,0.133,2633.0,0.6129826671190478
1002,GAM,0.132,2642.0,0.60837377488507
317,GAM,0.131,2643.0,0.6037648826510923
322,GAM,0.131,2643.0,0.6037648826510923
1234,GAM,0.131,2643.0,0.6037648826510923
1732,GAM,0.131,2643.0,0.6037648826510923
2126,GAM,0.131,2643.0,0.6037648826510923
2272,GAM,0.131,2643.0,0.6037648826510923
2666,GAM,0.131,2643.0,0.6037648826510923
252,GAM,0.13,2650.0,0.5991559904171144
571,GAM,0.13,2650.0,0.5991559904171144
1823,GAM,0.13,2650.0,0.5991559904171144
2685,GAM,0.13,2650.0,0.5991559904171144
2738,GAM,0.13,2650.0,0.5991559904171144
106,GAM,0.129,2655.0,0.5945470981831367
941,GAM,0.129,2655.0,0.5945470981831367
1206,GAM,0.129,2655.0,0.5945470981831367
2606,GAM,0.129,2655.0,0.5945470981831367
838,GAM,0.128,2659.0,0.5899382059491588
1941,GAM,0.128,2659.0,0.5899382059491588
2626,GAM,0.128,2659.0,0.5899382059491588
595,GAM,0.127,2662.0,0.585329313715181
919,GAM,0.127,2662.0,0.585329313715181
992,GAM,0.127,2662.0,0.585329313715181
1889,GAM,0.127,2662.0,0.585329313715181
1916,GAM,0.127,2662.0,0.585329313715181
2094,GAM,0.127,2662.0,0.585329313715181
2280,GAM,0.127,2662.0,0.585329313715181
2645,GAM,0.127,2662.0,0.585329313715181
627,GAM,0.126,2670.0,0.5807204214812032
841,GAM,0.126,2670.0,0.5807204214812032
929,GAM,0.126,2670.0,0.5807204214812032
1617,GAM,0.126,2670.0,0.5807204214812032
2477,GAM,0.126,2670.0,0.5807204214812032
67,GAM,0.125,2675.0,0.5761115292472254
274,GAM,0.125,2675.0,0.5761115292472254
291,GAM,0.125,2675.0,0.5761115292472254
504,GAM,0.125,2675.0,0.5761115292472254
1381,GAM,0.125,2675.0,0.5761115292472254
1520,GAM,0.125,2675.0,0.5761115292472254
1638,GAM,0.125,2675.0,0.5761115292472254
1104,GAM,0.124,2682.0,0.5715026370132475
1713,GAM,0.124,2682.0,0.5715026370132475
1745,GAM,0.124,2682.0,0.5715026370132475
1917,GAM,0.124,2682.0,0.5715026370132475
692,GAM,0.123,2686.0,0.5668937447792698
912,GAM,0.123,2686.0,0.5668937447792698
1095,GAM,0.123,2686.0,0.5668937447792698
2308,GAM,0.123,2686.0,0.5668937447792698
614,GAM,0.122,2690.0,0.5622848525452919
1348,GAM,0.122,2690.0,0.5622848525452919
1641,GAM,0.122,2690.0,0.5622848525452919
1676,GAM,0.122,2690.0,0.5622848525452919
2671,GAM,0.122,2690.0,0.5622848525452919
1030,GAM,0.121,2695.0,0.5576759603113142
1821,GAM,0.121,2695.0,0.5576759603113142
2653,GAM,0.121,2695.0,0.5576759603113142
475,GAM,0.12,2698.0,0.5530670680773364
550,GAM,0.12,2698.0,0.5530670680773364
631,GAM,0.12,2698.0,0.5530670680773364
789,GAM,0.12,2698.0,0.5530670680773364
1902,GAM,0.12,2698.0,0.5530670680773364
2433,GAM,0.12,2698.0,0.5530670680773364
121,GAM,0.119,2704.0,0.5484581758433585
642,GAM,0.119,2704.0,0.5484581758433585
1801,GAM,0.119,2704.0,0.5484581758433585
54,GAM,0.118,2707.0,0.5438492836093808
243,GAM,0.118,2707.0,0.5438492836093808
985,GAM,0.118,2707.0,0.5438492836093808
1379,GAM,0.118,2707.0,0.5438492836093808
144,GAM,0.117,2711.0,0.539240391375403
158,GAM,0.117,2711.0,0.539240391375403
2429,GAM,0.117,2711.0,0.539240391375403
1399,GAM,0.116,2714.0,0.5346314991414252
1810,GAM,0.116,2714.0,0.5346314991414252
28,GAM,0.115,2716.0,0.5300226069074474
72,GAM,0.115,2716.0,0.5300226069074474
1289,GAM,0.115,2716.0,0.5300226069074474
2336,GAM,0.114,2719.0,0.5254137146734695
313,GAM,0.113,2720.0,0.5208048224394918
1249,GAM,0.113,2720.0,0.5208048224394918
1410,GAM,0.113,2720.0,0.5208048224394918
1429,GAM,0.113,2720.0,0.5208048224394918
2563,GAM,0.113,2720.0,0.5208048224394918
2663,GAM,0.113,2720.0,0.5208048224394918
2320,GAM,0.112,2726.0,0.516195930205514
903,GAM,0.111,2727.0,0.5115870379715362
993,GAM,0.111,2727.0,0.5115870379715362
1036,GAM,0.111,2727.0,0.5115870379715362
1580,GAM,0.111,2727.0,0.5115870379715362
2423,GAM,0.111,2727.0,0.5115870379715362
802,GAM,0.11,2732.0,0.5069781457375584
868,GAM,0.11,2732.0,0.5069781457375584
1064,GAM,0.11,2732.0,0.5069781457375584
1901,GAM,0.11,2732.0,0.5069781457375584
928,GAM,0.108,2736.0,0.4977603612696027
2340,GAM,0.108,2736.0,0.4977603612696027
2604,GAM,0.108,2736.0,0.4977603612696027
434,GAM,0.106,2739.0,0.48854257680164714
1197,GAM,0.106,2739.0,0.48854257680164714
1322,GAM,0.106,2739.0,0.48854257680164714
1016,GAM,0.105,2742.0,0.48393368456766933
1198,GAM,0.105,2742.0,0.48393368456766933
134,GAM,0.104,2744.0,0.4793247923336915
1310,GAM,0.103,2745.0,0.4747159000997137
2498,GAM,0.103,2745.0,0.4747159000997137
383,GAM,0.102,2747.0,0.4701070078657359
632,GAM,0.102,2747.0,0.4701070078657359
1578,GAM,0.102,2747.0,0.4701070078657359
2500,GAM,0.102,2747.0,0.4701070078657359
520,GAM,0.101,2751.0,0.46549811563175814
726,GAM,0.101,2751.0,0.46549811563175814
758,GAM,0.101,2751.0,0.46549811563175814
939,GAM,0.101,2751.0,0.46549811563175814
2297,GAM,0.101,2751.0,0.46549811563175814
285,GAM,0.1,2756.0,0.4608892233977803
693,GAM,0.1,2756.0,0.4608892233977803
1116,GAM,0.1,2756.0,0.4608892233977803
361,GAM,0.099,2759.0,0.45628033116380257
894,GAM,0.099,2759.0,0.45628033116380257
921,GAM,0.099,2759.0,0.45628033116380257
2064,GAM,0.098,2762.0,0.45167143892982475
948,GAM,0.097,2763.0,0.44706254669584694
1159,GAM,0.096,2764.0,0.44245365446186913
1859,GAM,0.096,2764.0,0.44245365446186913
2134,GAM,0.096,2764.0,0.44245365446186913
1247,GAM,0.095,2767.0,0.4378447622278913
1324,GAM,0.094,2768.0,0.4332358699939135
884,GAM,0.093,2769.0,0.4286269777599357
723,GAM,0.092,2770.0,0.4240180855259579
1479,GAM,0.089,2771.0,0.41019140882402444
2198,GAM,0.089,2771.0,0.41019140882402444
2768,GAM,0.089,2771.0,0.41019140882402444
791,GAM,0.088,2774.0,0.4055825165900467
1619,GAM,0.086,2775.0,0.39636473212209106
663,GAM,0.085,2776.0,0.3917558398881133
229,GAM,0.083,2777.0,0.3825380554201577
1642,GAM,0.081,2778.0,0.37332027095220205
2284,RF,1.986,1.0,8.715543626252094
2583,RF,1.6,2.0,7.021586003022836
904,RF,1.402,3.0,6.152664735148759
2266,RF,1.399,4.0,6.139499261393092
1255,RF,1.387,5.0,6.086837366370421
979,RF,1.374,6.0,6.029786980095861
923,RF,1.347,7.0,5.9112977162948495
2052,RF,1.283,8.0,5.630434276173936
2177,RF,1.274,9.0,5.590937854906933
1419,RF,1.239,10.0,5.437340661090809
816,RF,1.235,11.0,5.419786696083252
2029,RF,1.234,12.0,5.415398204831362
2084,RF,1.225,13.0,5.375901783564359
1597,RF,1.218,14.0,5.345182344801134
1250,RF,1.206,15.0,5.292520449778462
878,RF,1.172,16.0,5.143311747214227
1025,RF,1.159,17.0,5.086261360939667
951,RF,1.154,18.0,5.06431890468022
1020,RF,1.152,19.0,5.055541922176442
220,RF,1.144,20.0,5.020433992161327
1439,RF,1.142,21.0,5.011657009657549
358,RF,1.14,22.0,5.00288002715377
2145,RF,1.133,23.0,4.972160588390546
2609,RF,1.129,24.0,4.954606623382989
377,RF,1.117,25.0,4.901944728360317
570,RF,1.114,26.0,4.88877925460465
1909,RF,1.113,27.0,4.88439076335276
93,RF,1.111,28.0,4.8756137808489814
797,RF,1.109,29.0,4.8668367983452026
2290,RF,1.109,29.0,4.8668367983452026
244,RF,1.107,31.0,4.8580598158414245
1437,RF,1.103,32.0,4.840505850833868
351,RF,1.1,33.0,4.8273403770782
1475,RF,1.099,34.0,4.82295188582631
959,RF,1.093,35.0,4.796620938314975
2538,RF,1.088,36.0,4.774678482055529
2689,RF,1.087,37.0,4.770289990803639
2305,RF,1.086,38.0,4.76590149955175
2648,RF,1.079,39.0,4.735182060788524
970,RF,1.078,40.0,4.730793569536636
1824,RF,1.076,41.0,4.722016587032857
1931,RF,1.073,42.0,4.708851113277189
1090,RF,1.066,43.0,4.678131674513964
1837,RF,1.063,44.0,4.664966200758296
2110,RF,1.062,45.0,4.660577709506407
1692,RF,1.06,46.0,4.651800727002629
2501,RF,1.053,47.0,4.621081288239403
2673,RF,1.051,48.0,4.612304305735625
2076,RF,1.049,49.0,4.603527323231846
2705,RF,1.041,50.0,4.5684193932167325
1105,RF,1.039,51.0,4.559642410712954
1623,RF,1.034,52.0,4.537699954453508
294,RF,1.03,53.0,4.52014598944595
476,RF,1.027,54.0,4.506980515690282
129,RF,1.024,55.0,4.493815041934615
748,RF,1.022,56.0,4.4850380594308366
2659,RF,1.02,57.0,4.476261076927058
292,RF,1.014,58.0,4.449930129415722
991,RF,1.012,59.0,4.441153146911944
968,RF,1.006,60.0,4.414822199400608
318,RF,1.003,61.0,4.40165672564494
664,RF,1.003,61.0,4.40165672564494
262,RF,1.002,63.0,4.397268234393051
1355,RF,1.002,63.0,4.397268234393051
2010,RF,1.001,65.0,4.392879743141161
1345,RF,1.0,66.0,4.388491251889272
2542,RF,0.998,67.0,4.379714269385494
2023,RF,0.997,68.0,4.375325778133605
2319,RF,0.996,69.0,4.370937286881715
601,RF,0.993,70.0,4.357771813126047
538,RF,0.992,71.0,4.353383321874158
879,RF,0.988,72.0,4.335829356866601
1549,RF,0.986,73.0,4.327052374362823
44,RF,0.978,74.0,4.291944444347708
825,RF,0.977,75.0,4.287555953095819
1114,RF,0.977,75.0,4.287555953095819
1312,RF,0.974,77.0,4.274390479340151
900,RF,0.972,78.0,4.265613496836373
1825,RF,0.97,79.0,4.256836514332594
214,RF,0.964,80.0,4.230505566821258
2047,RF,0.963,81.0,4.226117075569369
561,RF,0.953,82.0,4.182232163050476
1369,RF,0.95,83.0,4.169066689294809
75,RF,0.944,84.0,4.142735741783473
996,RF,0.939,85.0,4.120793285524027
2344,RF,0.939,85.0,4.120793285524027
836,RF,0.932,87.0,4.090073846760802
1754,RF,0.922,88.0,4.0461889342419095
1856,RF,0.921,89.0,4.04180044299002
405,RF,0.92,90.0,4.037411951738131
410,RF,0.917,91.0,4.024246477982463
429,RF,0.916,92.0,4.019857986730574
1779,RF,0.916,92.0,4.019857986730574
2741,RF,0.914,94.0,4.011081004226795
1354,RF,0.913,95.0,4.006692512974906
1140,RF,0.911,96.0,3.9979155304711274
149,RF,0.91,97.0,3.993527039219238
1559,RF,0.91,97.0,3.993527039219238
2552,RF,0.909,99.0,3.989138547967349
2170,RF,0.905,100.0,3.9715845829597916
59,RF,0.902,101.0,3.9584191092041237
1129,RF,0.901,102.0,3.9540306179522346
1502,RF,0.901,102.0,3.9540306179522346
965,RF,0.898,104.0,3.9408651441965667
51,RF,0.897,105.0,3.9364766529446773
2599,RF,0.896,106.0,3.9320881616927883
2419,RF,0.892,107.0,3.914534196685231
1518,RF,0.891,108.0,3.910145705433342
2456,RF,0.891,108.0,3.910145705433342
1530,RF,0.89,110.0,3.9057572141814525
775,RF,0.889,111.0,3.901368722929563
2004,RF,0.889,111.0,3.901368722929563
527,RF,0.888,113.0,3.896980231677674
1271,RF,0.887,114.0,3.8925917404257846
2469,RF,0.885,115.0,3.883814757922006
1954,RF,0.883,116.0,3.8750377754182277
1972,RF,0.883,116.0,3.8750377754182277
1689,RF,0.882,118.0,3.8706492841663382
2724,RF,0.881,119.0,3.866260792914449
2183,RF,0.88,120.0,3.86187230166256
187,RF,0.879,121.0,3.8574838104106703
485,RF,0.879,121.0,3.8574838104106703
874,RF,0.879,121.0,3.8574838104106703
132,RF,0.877,124.0,3.848706827906892
1033,RF,0.877,124.0,3.848706827906892
2505,RF,0.877,124.0,3.848706827906892
740,RF,0.876,127.0,3.8443183366550024
2578,RF,0.876,127.0,3.8443183366550024
732,RF,0.874,129.0,3.835541354151224
877,RF,0.874,129.0,3.835541354151224
1252,RF,0.874,129.0,3.835541354151224
170,RF,0.873,132.0,3.8311528628993345
2585,RF,0.869,133.0,3.8135988978917776
1678,RF,0.868,134.0,3.809210406639888
761,RF,0.867,135.0,3.804821915387999
2411,RF,0.867,135.0,3.804821915387999
1652,RF,0.866,137.0,3.8004334241361097
529,RF,0.865,138.0,3.7960449328842207
1661,RF,0.864,139.0,3.7916564416323313
2085,RF,0.863,140.0,3.787267950380442
2600,RF,0.862,141.0,3.782879459128553
39,RF,0.86,142.0,3.7741024766247744
1165,RF,0.855,143.0,3.7521600203653276
1220,RF,0.855,143.0,3.7521600203653276
1243,RF,0.854,145.0,3.7477715291134386
2564,RF,0.854,145.0,3.7477715291134386
484,RF,0.853,147.0,3.743383037861549
522,RF,0.852,148.0,3.73899454660966
955,RF,0.851,149.0,3.7346060553577707
2054,RF,0.848,150.0,3.721440581602103
1118,RF,0.847,151.0,3.7170520903502138
2152,RF,0.847,151.0,3.7170520903502138
2089,RF,0.844,153.0,3.703886616594546
2274,RF,0.844,153.0,3.703886616594546
1922,RF,0.841,155.0,3.690721142838878
1107,RF,0.839,156.0,3.6819441603350995
387,RF,0.838,157.0,3.67755566908321
1009,RF,0.836,158.0,3.6687786865794316
2161,RF,0.836,158.0,3.6687786865794316
1644,RF,0.835,160.0,3.664390195327542
2389,RF,0.835,160.0,3.664390195327542
411,RF,0.831,162.0,3.6468362303199853
978,RF,0.828,163.0,3.6336707565643174
1233,RF,0.826,164.0,3.624893774060539
2567,RF,0.825,165.0,3.6205052828086495
82,RF,0.824,166.0,3.61611679155676
2158,RF,0.821,167.0,3.6029513178010926
586,RF,0.82,168.0,3.598562826549203
2224,RF,0.82,168.0,3.598562826549203
2338,RF,0.819,170.0,3.5941743352973137
2339,RF,0.819,170.0,3.5941743352973137
2404,RF,0.819,170.0,3.5941743352973137
552,RF,0.817,173.0,3.585397352793535
2644,RF,0.815,174.0,3.5766203702897568
1814,RF,0.814,175.0,3.5722318790378673
997,RF,0.811,176.0,3.5590664052822003
2517,RF,0.809,177.0,3.5502894227784214
293,RF,0.807,178.0,3.541512440274643
2486,RF,0.807,178.0,3.541512440274643
2544,RF,0.807,178.0,3.541512440274643
1885,RF,0.806,181.0,3.537123949022754
1980,RF,0.805,182.0,3.5327354577708645
2318,RF,0.805,182.0,3.5327354577708645
2704,RF,0.805,182.0,3.5327354577708645
35,RF,0.803,185.0,3.523958475267086
2295,RF,0.803,185.0,3.523958475267086
1910,RF,0.802,187.0,3.5195699840151966
569,RF,0.801,188.0,3.515181492763307
1356,RF,0.799,189.0,3.5064045102595287
323,RF,0.798,190.0,3.5020160190076397
2092,RF,0.798,190.0,3.5020160190076397
117,RF,0.797,192.0,3.4976275277557503
672,RF,0.795,193.0,3.488850545251972
729,RF,0.795,193.0,3.488850545251972
1647,RF,0.794,195.0,3.4844620540000824
1453,RF,0.793,196.0,3.4800735627481933
310,RF,0.792,197.0,3.475685071496304
2394,RF,0.792,197.0,3.475685071496304
1011,RF,0.79,199.0,3.4669080889925254
1026,RF,0.789,200.0,3.462519597740636
193,RF,0.787,201.0,3.4537426152368575
1572,RF,0.787,201.0,3.4537426152368575
320,RF,0.785,203.0,3.444965632733079
1749,RF,0.782,204.0,3.431800158977411
1080,RF,0.78,205.0,3.4230231764736327
1096,RF,0.78,205.0,3.4230231764736327
2261,RF,0.78,205.0,3.4230231764736327
843,RF,0.777,208.0,3.409857702717965
2607,RF,0.777,208.0,3.409857702717965
1905,RF,0.776,210.0,3.4054692114660754
2525,RF,0.776,210.0,3.4054692114660754
2130,RF,0.775,212.0,3.4010807202141864
250,RF,0.774,213.0,3.396692228962297
1858,RF,0.774,213.0,3.396692228962297
749,RF,0.773,215.0,3.3923037377104075
1484,RF,0.773,215.0,3.3923037377104075
1539,RF,0.772,217.0,3.3879152464585185
1669,RF,0.772,217.0,3.3879152464585185
96,RF,0.77,219.0,3.3791382639547396
325,RF,0.77,219.0,3.3791382639547396
1511,RF,0.769,221.0,3.3747497727028506
1811,RF,0.769,221.0,3.3747497727028506
1960,RF,0.767,223.0,3.365972790199072
100,RF,0.766,224.0,3.3615842989471827
964,RF,0.765,225.0,3.3571958076952932
2188,RF,0.764,226.0,3.3528073164434042
1048,RF,0.763,227.0,3.348418825191515
925,RF,0.762,228.0,3.344030333939626
2164,RF,0.761,229.0,3.3396418426877363
1791,RF,0.759,230.0,3.330864860183958
2733,RF,0.759,230.0,3.330864860183958
944,RF,0.758,232.0,3.3264763689320684
2736,RF,0.758,232.0,3.3264763689320684
539,RF,0.757,234.0,3.322087877680179
1122,RF,0.756,235.0,3.31769938642829
238,RF,0.753,236.0,3.304533912672622
557,RF,0.753,236.0,3.304533912672622
1523,RF,0.753,236.0,3.304533912672622
2273,RF,0.749,239.0,3.286979947665065
1264,RF,0.748,240.0,3.2825914564131757
1385,RF,0.748,240.0,3.2825914564131757
130,RF,0.747,242.0,3.2782029651612863
1192,RF,0.746,243.0,3.2738144739093973
1688,RF,0.746,243.0,3.2738144739093973
1716,RF,0.746,243.0,3.2738144739093973
2359,RF,0.746,243.0,3.2738144739093973
371,RF,0.744,247.0,3.265037491405619
581,RF,0.744,247.0,3.265037491405619
1608,RF,0.743,249.0,3.2606490001537294
2300,RF,0.743,249.0,3.2606490001537294
1637,RF,0.742,251.0,3.25626050890184
2149,RF,0.742,251.0,3.25626050890184
2225,RF,0.741,253.0,3.251872017649951
599,RF,0.74,254.0,3.2474835263980615
1670,RF,0.74,254.0,3.2474835263980615
194,RF,0.739,256.0,3.243095035146172
210,RF,0.739,256.0,3.243095035146172
1625,RF,0.739,256.0,3.243095035146172
280,RF,0.738,259.0,3.238706543894283
1019,RF,0.736,260.0,3.2299295613905046
914,RF,0.734,261.0,3.2211525788867257
1919,RF,0.734,261.0,3.2211525788867257
1158,RF,0.733,263.0,3.2167640876348367
1062,RF,0.732,264.0,3.2123755963829472
753,RF,0.731,265.0,3.2079871051310582
1748,RF,0.731,265.0,3.2079871051310582
2213,RF,0.731,265.0,3.2079871051310582
2287,RF,0.73,268.0,3.2035986138791688
64,RF,0.729,269.0,3.1992101226272793
850,RF,0.729,269.0,3.1992101226272793
1815,RF,0.729,269.0,3.1992101226272793
2281,RF,0.729,269.0,3.1992101226272793
623,RF,0.727,273.0,3.190433140123501
1798,RF,0.727,273.0,3.190433140123501
52,RF,0.726,275.0,3.1860446488716114
776,RF,0.725,276.0,3.1816561576197224
84,RF,0.724,277.0,3.177267666367833
2762,RF,0.724,277.0,3.177267666367833
2584,RF,0.723,279.0,3.172879175115944
212,RF,0.721,280.0,3.164102192612165
2475,RF,0.721,280.0,3.164102192612165
1184,RF,0.719,282.0,3.1553252101083866
2157,RF,0.719,282.0,3.1553252101083866
424,RF,0.718,284.0,3.1509367188564976
474,RF,0.718,284.0,3.1509367188564976
2259,RF,0.718,284.0,3.1509367188564976
823,RF,0.717,287.0,3.146548227604608
1125,RF,0.717,287.0,3.146548227604608
188,RF,0.716,289.0,3.1421597363527187
774,RF,0.716,289.0,3.1421597363527187
995,RF,0.716,289.0,3.1421597363527187
2509,RF,0.716,289.0,3.1421597363527187
1693,RF,0.715,293.0,3.1377712451008297
1291,RF,0.714,294.0,3.1333827538489403
2418,RF,0.714,294.0,3.1333827538489403
1349,RF,0.711,296.0,3.1202172800932724
2742,RF,0.711,296.0,3.1202172800932724
38,RF,0.71,298.0,3.1158287888413834
151,RF,0.71,298.0,3.1158287888413834
2251,RF,0.709,300.0,3.111440297589494
2179,RF,0.708,301.0,3.1070518063376045
2255,RF,0.708,301.0,3.1070518063376045
2633,RF,0.708,301.0,3.1070518063376045
1639,RF,0.707,304.0,3.1026633150857155
2434,RF,0.707,304.0,3.1026633150857155
53,RF,0.704,306.0,3.0894978413300476
2038,RF,0.704,306.0,3.0894978413300476
260,RF,0.703,308.0,3.085109350078158
2227,RF,0.702,309.0,3.080720858826269
74,RF,0.701,310.0,3.0763323675743797
1493,RF,0.701,310.0,3.0763323675743797
2232,RF,0.701,310.0,3.0763323675743797
546,RF,0.7,313.0,3.0719438763224907
1601,RF,0.7,313.0,3.0719438763224907
2401,RF,0.7,313.0,3.0719438763224907
606,RF,0.699,316.0,3.067555385070601
131,RF,0.698,317.0,3.0631668938187118
1040,RF,0.697,318.0,3.0587784025668228
1321,RF,0.697,318.0,3.0587784025668228
286,RF,0.696,320.0,3.0543899113149333
700,RF,0.696,320.0,3.0543899113149333
1503,RF,0.694,322.0,3.045612928811155
2037,RF,0.693,323.0,3.0412244375592654
2442,RF,0.693,323.0,3.0412244375592654
587,RF,0.692,325.0,3.0368359463073764
2436,RF,0.691,326.0,3.032447455055487
2022,RF,0.69,327.0,3.0280589638035975
126,RF,0.689,328.0,3.0236704725517085
1476,RF,0.689,328.0,3.0236704725517085
2430,RF,0.689,328.0,3.0236704725517085
2719,RF,0.689,328.0,3.0236704725517085
1360,RF,0.688,332.0,3.019281981299819
2159,RF,0.688,332.0,3.019281981299819
2660,RF,0.688,332.0,3.019281981299819
110,RF,0.686,335.0,3.010504998796041
613,RF,0.686,335.0,3.010504998796041
2275,RF,0.686,335.0,3.010504998796041
1018,RF,0.685,338.0,3.0061165075441516
1764,RF,0.685,338.0,3.0061165075441516
1212,RF,0.684,340.0,3.0017280162922626
2238,RF,0.684,340.0,3.0017280162922626
2665,RF,0.684,340.0,3.0017280162922626
2770,RF,0.684,340.0,3.0017280162922626
402,RF,0.683,344.0,2.997339525040373
463,RF,0.683,344.0,2.997339525040373
844,RF,0.683,344.0,2.997339525040373
2211,RF,0.683,344.0,2.997339525040373
885,RF,0.682,348.0,2.992951033788484
264,RF,0.681,349.0,2.9885625425365947
2163,RF,0.679,350.0,2.9797855600328162
2656,RF,0.679,350.0,2.9797855600328162
1672,RF,0.677,352.0,2.971008577529038
1829,RF,0.677,352.0,2.971008577529038
1979,RF,0.677,352.0,2.971008577529038
2441,RF,0.677,352.0,2.971008577529038
1488,RF,0.676,356.0,2.9666200862771483
2117,RF,0.676,356.0,2.9666200862771483
2351,RF,0.675,358.0,2.962231595025259
2506,RF,0.675,358.0,2.962231595025259
1657,RF,0.674,360.0,2.95784310377337
55,RF,0.672,361.0,2.949066121269591
1031,RF,0.671,362.0,2.944677630017702
1413,RF,0.671,362.0,2.944677630017702
1522,RF,0.671,362.0,2.944677630017702
1758,RF,0.671,362.0,2.944677630017702
11,RF,0.67,366.0,2.9402891387658125
2200,RF,0.67,366.0,2.9402891387658125
99,RF,0.669,368.0,2.9359006475139235
1500,RF,0.669,368.0,2.9359006475139235
2380,RF,0.668,370.0,2.931512156262034
960,RF,0.666,371.0,2.9227351737582556
2455,RF,0.666,371.0,2.9227351737582556
467,RF,0.665,373.0,2.918346682506366
1459,RF,0.665,373.0,2.918346682506366
1501,RF,0.665,373.0,2.918346682506366
1607,RF,0.665,373.0,2.918346682506366
1847,RF,0.664,377.0,2.913958191254477
2106,RF,0.664,377.0,2.913958191254477
2464,RF,0.664,377.0,2.913958191254477
917,RF,0.663,380.0,2.9095697000025877
523,RF,0.662,381.0,2.9051812087506983
2309,RF,0.662,381.0,2.9051812087506983
7,RF,0.661,383.0,2.9007927174988093
518,RF,0.661,383.0,2.9007927174988093
1221,RF,0.661,383.0,2.9007927174988093
650,RF,0.66,386.0,2.89640422624692
863,RF,0.66,386.0,2.89640422624692
940,RF,0.66,386.0,2.89640422624692
1614,RF,0.659,389.0,2.8920157349950304
81,RF,0.658,390.0,2.8876272437431414
1756,RF,0.658,390.0,2.8876272437431414
2260,RF,0.657,392.0,2.883238752491252
1185,RF,0.656,393.0,2.878850261239363
2372,RF,0.656,393.0,2.878850261239363
266,RF,0.655,395.0,2.8744617699874735
1443,RF,0.655,395.0,2.8744617699874735
2368,RF,0.655,395.0,2.8744617699874735
1382,RF,0.653,398.0,2.865684787483695
300,RF,0.652,399.0,2.8612962962318056
933,RF,0.652,399.0,2.8612962962318056
1267,RF,0.652,399.0,2.8612962962318056
1436,RF,0.652,399.0,2.8612962962318056
2392,RF,0.651,403.0,2.8569078049799166
2511,RF,0.651,403.0,2.8569078049799166
2610,RF,0.651,403.0,2.8569078049799166
86,RF,0.65,406.0,2.852519313728027
998,RF,0.65,406.0,2.852519313728027
486,RF,0.649,408.0,2.8481308224761377
708,RF,0.649,408.0,2.8481308224761377
1296,RF,0.649,408.0,2.8481308224761377
1879,RF,0.649,408.0,2.8481308224761377
1532,RF,0.646,412.0,2.8349653487204702
2576,RF,0.646,412.0,2.8349653487204702
635,RF,0.645,414.0,2.830576857468581
656,RF,0.645,414.0,2.830576857468581
2209,RF,0.645,414.0,2.830576857468581
192,RF,0.644,417.0,2.8261883662166913
2103,RF,0.644,417.0,2.8261883662166913
2114,RF,0.644,417.0,2.8261883662166913
2776,RF,0.644,417.0,2.8261883662166913
2622,RF,0.643,421.0,2.8217998749648023
10,RF,0.642,422.0,2.817411383712913
1930,RF,0.642,422.0,2.817411383712913
2495,RF,0.642,422.0,2.817411383712913
230,RF,0.641,425.0,2.8130228924610234
735,RF,0.641,425.0,2.8130228924610234
743,RF,0.641,425.0,2.8130228924610234
1826,RF,0.641,425.0,2.8130228924610234
303,RF,0.64,429.0,2.8086344012091344
1568,RF,0.64,429.0,2.8086344012091344
1955,RF,0.64,429.0,2.8086344012091344
482,RF,0.638,432.0,2.799857418705356
567,RF,0.638,432.0,2.799857418705356
1893,RF,0.638,432.0,2.799857418705356
2293,RF,0.638,432.0,2.799857418705356
211,RF,0.637,436.0,2.7954689274534665
1045,RF,0.637,436.0,2.7954689274534665
2019,RF,0.637,436.0,2.7954689274534665
2356,RF,0.637,436.0,2.7954689274534665
2515,RF,0.637,436.0,2.7954689274534665
204,RF,0.636,441.0,2.791080436201577
826,RF,0.636,441.0,2.791080436201577
1302,RF,0.636,441.0,2.791080436201577
2453,RF,0.636,441.0,2.791080436201577
755,RF,0.635,445.0,2.786691944949688
1412,RF,0.635,445.0,2.786691944949688
259,RF,0.634,447.0,2.7823034536977986
2361,RF,0.634,447.0,2.7823034536977986
373,RF,0.633,449.0,2.7779149624459096
657,RF,0.633,449.0,2.7779149624459096
2422,RF,0.633,449.0,2.7779149624459096
442,RF,0.632,452.0,2.77352647119402
1305,RF,0.632,452.0,2.77352647119402
1711,RF,0.632,452.0,2.77352647119402
389,RF,0.631,455.0,2.7691379799421307
1121,RF,0.631,455.0,2.7691379799421307
1841,RF,0.631,455.0,2.7691379799421307
1390,RF,0.63,458.0,2.7647494886902417
1499,RF,0.63,458.0,2.7647494886902417
2608,RF,0.63,458.0,2.7647494886902417
2199,RF,0.629,461.0,2.7603609974383523
1010,RF,0.628,462.0,2.755972506186463
2541,RF,0.628,462.0,2.755972506186463
12,RF,0.627,464.0,2.751584014934574
976,RF,0.627,464.0,2.751584014934574
1171,RF,0.627,464.0,2.751584014934574
1240,RF,0.627,464.0,2.751584014934574
2175,RF,0.627,464.0,2.751584014934574
2347,RF,0.627,464.0,2.751584014934574
334,RF,0.626,470.0,2.7471955236826844
1277,RF,0.626,470.0,2.7471955236826844
2680,RF,0.626,470.0,2.7471955236826844
1943,RF,0.625,473.0,2.7428070324307954
2204,RF,0.625,473.0,2.7428070324307954
287,RF,0.624,475.0,2.738418541178906
420,RF,0.624,475.0,2.738418541178906
861,RF,0.623,477.0,2.7340300499270165
696,RF,0.622,478.0,2.7296415586751275
2249,RF,0.622,478.0,2.7296415586751275
668,RF,0.621,480.0,2.725253067423238
265,RF,0.62,481.0,2.720864576171349
297,RF,0.62,481.0,2.720864576171349
1423,RF,0.62,481.0,2.720864576171349
2212,RF,0.62,481.0,2.720864576171349
160,RF,0.619,485.0,2.7164760849194596
1084,RF,0.619,485.0,2.7164760849194596
1746,RF,0.619,485.0,2.7164760849194596
1945,RF,0.619,485.0,2.7164760849194596
1286,RF,0.618,489.0,2.71208759366757
1778,RF,0.618,489.0,2.71208759366757
1938,RF,0.618,489.0,2.71208759366757
2756,RF,0.618,489.0,2.71208759366757
2774,RF,0.618,489.0,2.71208759366757
2252,RF,0.617,494.0,2.707699102415681
1320,RF,0.616,495.0,2.7033106111637917
2104,RF,0.616,495.0,2.7033106111637917
961,RF,0.615,497.0,2.6989221199119027
1538,RF,0.615,497.0,2.6989221199119027
162,RF,0.614,499.0,2.6945336286600132
637,RF,0.614,499.0,2.6945336286600132
913,RF,0.614,499.0,2.6945336286600132
937,RF,0.614,499.0,2.6945336286600132
2672,RF,0.614,499.0,2.6945336286600132
528,RF,0.613,504.0,2.6901451374081238
847,RF,0.613,504.0,2.6901451374081238
2063,RF,0.613,504.0,2.6901451374081238
2026,RF,0.612,507.0,2.6857566461562348
918,RF,0.611,508.0,2.6813681549043453
1108,RF,0.61,509.0,2.676979663652456
180,RF,0.609,510.0,2.672591172400567
608,RF,0.609,510.0,2.672591172400567
1353,RF,0.609,510.0,2.672591172400567
2073,RF,0.609,510.0,2.672591172400567
2432,RF,0.609,510.0,2.672591172400567
457,RF,0.608,515.0,2.6682026811486774
814,RF,0.608,515.0,2.6682026811486774
1565,RF,0.608,515.0,2.6682026811486774
496,RF,0.607,518.0,2.6638141898967884
625,RF,0.607,518.0,2.6638141898967884
1513,RF,0.607,518.0,2.6638141898967884
818,RF,0.606,521.0,2.659425698644899
1958,RF,0.606,521.0,2.659425698644899
2220,RF,0.606,521.0,2.659425698644899
2612,RF,0.606,521.0,2.659425698644899
1914,RF,0.605,525.0,2.6550372073930095
922,RF,0.604,526.0,2.6506487161411205
1347,RF,0.604,526.0,2.6506487161411205
2354,RF,0.604,526.0,2.6506487161411205
2443,RF,0.604,526.0,2.6506487161411205
1544,RF,0.603,530.0,2.646260224889231
1807,RF,0.603,530.0,2.646260224889231
1863,RF,0.603,530.0,2.646260224889231
2269,RF,0.603,530.0,2.646260224889231
2727,RF,0.603,530.0,2.646260224889231
350,RF,0.602,535.0,2.641871733637342
815,RF,0.602,535.0,2.641871733637342
1371,RF,0.602,535.0,2.641871733637342
981,RF,0.601,538.0,2.6374832423854526
1566,RF,0.601,538.0,2.6374832423854526
2466,RF,0.601,538.0,2.6374832423854526
2480,RF,0.601,538.0,2.6374832423854526
491,RF,0.6,542.0,2.633094751133563
1166,RF,0.6,542.0,2.633094751133563
1377,RF,0.6,542.0,2.633094751133563
2005,RF,0.6,542.0,2.633094751133563
1819,RF,0.599,546.0,2.628706259881674
2369,RF,0.599,546.0,2.628706259881674
32,RF,0.598,548.0,2.6243177686297847
2444,RF,0.598,548.0,2.6243177686297847
2703,RF,0.598,548.0,2.6243177686297847
1431,RF,0.597,551.0,2.6199292773778953
1604,RF,0.597,551.0,2.6199292773778953
1806,RF,0.597,551.0,2.6199292773778953
1861,RF,0.597,551.0,2.6199292773778953
2566,RF,0.596,555.0,2.6155407861260063
24,RF,0.595,556.0,2.611152294874117
104,RF,0.595,556.0,2.611152294874117
562,RF,0.595,556.0,2.611152294874117
1510,RF,0.595,556.0,2.611152294874117
1872,RF,0.595,556.0,2.611152294874117
1935,RF,0.595,556.0,2.611152294874117
2160,RF,0.595,556.0,2.611152294874117
176,RF,0.594,563.0,2.606763803622228
1361,RF,0.594,563.0,2.606763803622228
2684,RF,0.594,563.0,2.606763803622228
1200,RF,0.592,566.0,2.597986821118449
367,RF,0.591,567.0,2.59359832986656
2630,RF,0.591,567.0,2.59359832986656
548,RF,0.59,569.0,2.5892098386146705
1126,RF,0.59,569.0,2.5892098386146705
1472,RF,0.59,569.0,2.5892098386146705
1473,RF,0.59,569.0,2.5892098386146705
2667,RF,0.59,569.0,2.5892098386146705
427,RF,0.589,574.0,2.5848213473627815
1169,RF,0.589,574.0,2.5848213473627815
2241,RF,0.589,574.0,2.5848213473627815
1702,RF,0.588,577.0,2.580432856110892
2090,RF,0.588,577.0,2.580432856110892
414,RF,0.587,579.0,2.5760443648590026
583,RF,0.587,579.0,2.5760443648590026
2034,RF,0.587,579.0,2.5760443648590026
2151,RF,0.587,579.0,2.5760443648590026
2546,RF,0.587,579.0,2.5760443648590026
1948,RF,0.586,584.0,2.5716558736071136
573,RF,0.585,585.0,2.567267382355224
222,RF,0.584,586.0,2.562878891103335
909,RF,0.584,586.0,2.562878891103335
1244,RF,0.584,586.0,2.562878891103335
1263,RF,0.584,586.0,2.562878891103335
1640,RF,0.584,586.0,2.562878891103335
654,RF,0.583,591.0,2.5584903998514457
2632,RF,0.583,591.0,2.5584903998514457
1873,RF,0.582,593.0,2.554101908599556
1883,RF,0.582,593.0,2.554101908599556
1952,RF,0.582,593.0,2.554101908599556
636,RF,0.581,596.0,2.549713417347667
2210,RF,0.581,596.0,2.549713417347667
927,RF,0.58,598.0,2.5453249260957778
1304,RF,0.58,598.0,2.5453249260957778
2001,RF,0.58,598.0,2.5453249260957778
2327,RF,0.58,598.0,2.5453249260957778
837,RF,0.579,602.0,2.5409364348438883
1219,RF,0.579,602.0,2.5409364348438883
2487,RF,0.579,602.0,2.5409364348438883
15,RF,0.578,605.0,2.5365479435919993
516,RF,0.578,605.0,2.5365479435919993
1155,RF,0.578,605.0,2.5365479435919993
2055,RF,0.578,605.0,2.5365479435919993
2497,RF,0.578,605.0,2.5365479435919993
1682,RF,0.576,610.0,2.527770961088221
1986,RF,0.576,610.0,2.527770961088221
2759,RF,0.576,610.0,2.527770961088221
876,RF,0.575,613.0,2.5233824698363314
958,RF,0.574,614.0,2.518993978584442
1524,RF,0.574,614.0,2.518993978584442
1655,RF,0.574,614.0,2.518993978584442
2119,RF,0.574,614.0,2.518993978584442
2122,RF,0.574,614.0,2.518993978584442
444,RF,0.573,619.0,2.514605487332553
722,RF,0.573,619.0,2.514605487332553
745,RF,0.573,619.0,2.514605487332553
316,RF,0.572,622.0,2.5102169960806635
2723,RF,0.572,622.0,2.5102169960806635
2677,RF,0.571,624.0,2.5058285048287745
2547,RF,0.57,625.0,2.501440013576885
630,RF,0.569,626.0,2.4970515223249956
1199,RF,0.569,626.0,2.4970515223249956
1248,RF,0.569,626.0,2.4970515223249956
2391,RF,0.569,626.0,2.4970515223249956
2437,RF,0.569,626.0,2.4970515223249956
2731,RF,0.569,626.0,2.4970515223249956
1690,RF,0.568,632.0,2.4926630310731066
1739,RF,0.568,632.0,2.4926630310731066
69,RF,0.567,634.0,2.488274539821217
159,RF,0.567,634.0,2.488274539821217
324,RF,0.567,634.0,2.488274539821217
556,RF,0.567,634.0,2.488274539821217
1404,RF,0.567,634.0,2.488274539821217
697,RF,0.566,639.0,2.4838860485693277
1172,RF,0.566,639.0,2.4838860485693277
1606,RF,0.566,639.0,2.4838860485693277
2067,RF,0.566,639.0,2.4838860485693277
2758,RF,0.566,639.0,2.4838860485693277
1939,RF,0.565,644.0,2.4794975573174387
302,RF,0.564,645.0,2.4751090660655493
1411,RF,0.564,645.0,2.4751090660655493
2334,RF,0.564,645.0,2.4751090660655493
860,RF,0.563,648.0,2.4707205748136603
1427,RF,0.563,648.0,2.4707205748136603
2080,RF,0.563,648.0,2.4707205748136603
177,RF,0.562,651.0,2.4663320835617712
714,RF,0.562,651.0,2.4663320835617712
1828,RF,0.562,651.0,2.4663320835617712
2136,RF,0.562,651.0,2.4663320835617712
2191,RF,0.562,651.0,2.4663320835617712
196,RF,0.561,656.0,2.4619435923098822
403,RF,0.561,656.0,2.4619435923098822
1100,RF,0.561,656.0,2.4619435923098822
1697,RF,0.561,656.0,2.4619435923098822
2178,RF,0.56,660.0,2.457555101057993
769,RF,0.559,661.0,2.4531666098061033
943,RF,0.559,661.0,2.4531666098061033
1406,RF,0.559,661.0,2.4531666098061033
1942,RF,0.559,661.0,2.4531666098061033
46,RF,0.558,665.0,2.4487781185542143
481,RF,0.558,665.0,2.4487781185542143
1270,RF,0.558,665.0,2.4487781185542143
2393,RF,0.558,665.0,2.4487781185542143
2250,RF,0.557,669.0,2.444389627302325
746,RF,0.556,670.0,2.4400011360504354
780,RF,0.556,670.0,2.4400011360504354
1408,RF,0.556,670.0,2.4400011360504354
1609,RF,0.556,670.0,2.4400011360504354
1892,RF,0.556,670.0,2.4400011360504354
1976,RF,0.556,670.0,2.4400011360504354
676,RF,0.555,676.0,2.4356126447985464
1438,RF,0.555,676.0,2.4356126447985464
1649,RF,0.555,676.0,2.4356126447985464
1940,RF,0.555,676.0,2.4356126447985464
2657,RF,0.555,676.0,2.4356126447985464
506,RF,0.554,681.0,2.431224153546657
511,RF,0.554,681.0,2.431224153546657
1017,RF,0.554,681.0,2.431224153546657
1492,RF,0.554,681.0,2.431224153546657
249,RF,0.553,685.0,2.426835662294768
454,RF,0.553,685.0,2.426835662294768
1890,RF,0.553,685.0,2.426835662294768
339,RF,0.552,688.0,2.4224471710428785
821,RF,0.552,688.0,2.4224471710428785
1311,RF,0.552,688.0,2.4224471710428785
2373,RF,0.552,688.0,2.4224471710428785
2634,RF,0.552,688.0,2.4224471710428785
141,RF,0.551,693.0,2.418058679790989
1106,RF,0.551,693.0,2.418058679790989
1489,RF,0.551,693.0,2.418058679790989
2488,RF,0.551,693.0,2.418058679790989
1023,RF,0.55,697.0,2.4136701885391
1190,RF,0.55,697.0,2.4136701885391
1971,RF,0.55,697.0,2.4136701885391
409,RF,0.549,700.0,2.4092816972872106
1315,RF,0.549,700.0,2.4092816972872106
2323,RF,0.549,700.0,2.4092816972872106
2679,RF,0.549,700.0,2.4092816972872106
314,RF,0.548,704.0,2.4048932060353216
43,RF,0.547,705.0,2.400504714783432
713,RF,0.547,705.0,2.400504714783432
835,RF,0.547,705.0,2.400504714783432
901,RF,0.547,705.0,2.400504714783432
1012,RF,0.547,705.0,2.400504714783432
1802,RF,0.547,705.0,2.400504714783432
41,RF,0.546,711.0,2.3961162235315427
60,RF,0.546,711.0,2.3961162235315427
452,RF,0.545,713.0,2.3917277322796537
655,RF,0.545,713.0,2.3917277322796537
856,RF,0.545,713.0,2.3917277322796537
1596,RF,0.545,713.0,2.3917277322796537
2529,RF,0.545,713.0,2.3917277322796537
312,RF,0.544,718.0,2.3873392410277643
450,RF,0.544,718.0,2.3873392410277643
428,RF,0.543,720.0,2.382950749775875
1146,RF,0.543,720.0,2.382950749775875
1686,RF,0.543,720.0,2.382950749775875
97,RF,0.542,723.0,2.378562258523986
1415,RF,0.542,723.0,2.378562258523986
1699,RF,0.542,723.0,2.378562258523986
2333,RF,0.542,723.0,2.378562258523986
426,RF,0.541,727.0,2.3741737672720964
962,RF,0.541,727.0,2.3741737672720964
1681,RF,0.541,727.0,2.3741737672720964
1691,RF,0.541,727.0,2.3741737672720964
2450,RF,0.541,727.0,2.3741737672720964
45,RF,0.54,732.0,2.3697852760202074
845,RF,0.54,732.0,2.3697852760202074
2014,RF,0.54,732.0,2.3697852760202074
2405,RF,0.54,732.0,2.3697852760202074
2710,RF,0.54,732.0,2.3697852760202074
282,RF,0.539,737.0,2.365396784768318
1001,RF,0.539,737.0,2.365396784768318
2247,RF,0.539,737.0,2.365396784768318
2561,RF,0.539,737.0,2.365396784768318
199,RF,0.538,741.0,2.3610082935164285
883,RF,0.538,741.0,2.3610082935164285
1969,RF,0.538,741.0,2.3610082935164285
2279,RF,0.538,741.0,2.3610082935164285
2390,RF,0.538,741.0,2.3610082935164285
898,RF,0.537,746.0,2.3566198022645395
1793,RF,0.537,746.0,2.3566198022645395
283,RF,0.536,748.0,2.35223131101265
2294,RF,0.536,748.0,2.35223131101265
2531,RF,0.536,748.0,2.35223131101265
321,RF,0.535,751.0,2.347842819760761
425,RF,0.535,751.0,2.347842819760761
1285,RF,0.535,751.0,2.347842819760761
1428,RF,0.535,751.0,2.347842819760761
1846,RF,0.535,751.0,2.347842819760761
2237,RF,0.535,751.0,2.347842819760761
307,RF,0.534,757.0,2.3434543285088716
379,RF,0.534,757.0,2.3434543285088716
695,RF,0.534,757.0,2.3434543285088716
1008,RF,0.534,757.0,2.3434543285088716
1167,RF,0.534,757.0,2.3434543285088716
1323,RF,0.534,757.0,2.3434543285088716
333,RF,0.533,763.0,2.339065837256982
376,RF,0.533,763.0,2.339065837256982
886,RF,0.533,763.0,2.339065837256982
1268,RF,0.533,763.0,2.339065837256982
1394,RF,0.533,763.0,2.339065837256982
2291,RF,0.533,763.0,2.339065837256982
364,RF,0.532,769.0,2.334677346005093
1482,RF,0.532,769.0,2.334677346005093
2471,RF,0.532,769.0,2.334677346005093
853,RF,0.531,772.0,2.3302888547532037
2128,RF,0.531,772.0,2.3302888547532037
337,RF,0.53,774.0,2.3259003635013147
369,RF,0.53,774.0,2.3259003635013147
2537,RF,0.53,774.0,2.3259003635013147
400,RF,0.529,777.0,2.3215118722494252
431,RF,0.529,777.0,2.3215118722494252
1953,RF,0.529,777.0,2.3215118722494252
2593,RF,0.528,780.0,2.317123380997536
459,RF,0.527,781.0,2.312734889745647
986,RF,0.527,781.0,2.312734889745647
1214,RF,0.527,781.0,2.312734889745647
1226,RF,0.527,781.0,2.312734889745647
1733,RF,0.527,781.0,2.312734889745647
1966,RF,0.527,781.0,2.312734889745647
633,RF,0.526,787.0,2.3083463984937573
1142,RF,0.526,787.0,2.3083463984937573
1279,RF,0.526,787.0,2.3083463984937573
101,RF,0.525,790.0,2.303957907241868
164,RF,0.525,790.0,2.303957907241868
464,RF,0.525,790.0,2.303957907241868
954,RF,0.525,790.0,2.303957907241868
1937,RF,0.525,790.0,2.303957907241868
2739,RF,0.525,790.0,2.303957907241868
9,RF,0.524,796.0,2.299569415989979
806,RF,0.524,796.0,2.299569415989979
1674,RF,0.524,796.0,2.299569415989979
2330,RF,0.524,796.0,2.299569415989979
2490,RF,0.524,796.0,2.299569415989979
905,RF,0.523,801.0,2.2951809247380894
1189,RF,0.523,801.0,2.2951809247380894
1584,RF,0.523,801.0,2.2951809247380894
1776,RF,0.523,801.0,2.2951809247380894
348,RF,0.522,805.0,2.2907924334862004
408,RF,0.522,805.0,2.2907924334862004
950,RF,0.522,805.0,2.2907924334862004
2140,RF,0.522,805.0,2.2907924334862004
2698,RF,0.522,805.0,2.2907924334862004
62,RF,0.521,810.0,2.286403942234311
1651,RF,0.521,810.0,2.286403942234311
1656,RF,0.521,810.0,2.286403942234311
1993,RF,0.521,810.0,2.286403942234311
1363,RF,0.52,814.0,2.2820154509824215
1594,RF,0.52,814.0,2.2820154509824215
1700,RF,0.52,814.0,2.2820154509824215
1728,RF,0.519,817.0,2.2776269597305325
2766,RF,0.519,817.0,2.2776269597305325
1343,RF,0.518,819.0,2.273238468478643
2216,RF,0.518,819.0,2.273238468478643
2233,RF,0.518,819.0,2.273238468478643
2760,RF,0.518,819.0,2.273238468478643
438,RF,0.517,823.0,2.268849977226754
1783,RF,0.517,823.0,2.268849977226754
1995,RF,0.517,823.0,2.268849977226754
4,RF,0.515,826.0,2.260072994722975
1627,RF,0.515,826.0,2.260072994722975
306,RF,0.514,828.0,2.255684503471086
1951,RF,0.514,828.0,2.255684503471086
1337,RF,0.513,830.0,2.2512960122191967
2044,RF,0.513,830.0,2.2512960122191967
2540,RF,0.513,830.0,2.2512960122191967
1151,RF,0.512,833.0,2.2469075209673073
2627,RF,0.512,833.0,2.2469075209673073
2717,RF,0.512,833.0,2.2469075209673073
469,RF,0.511,836.0,2.2425190297154183
803,RF,0.511,836.0,2.2425190297154183
967,RF,0.511,836.0,2.2425190297154183
1545,RF,0.511,836.0,2.2425190297154183
362,RF,0.51,840.0,2.238130538463529
507,RF,0.51,840.0,2.238130538463529
890,RF,0.51,840.0,2.238130538463529
189,RF,0.509,843.0,2.23374204721164
335,RF,0.509,843.0,2.23374204721164
768,RF,0.509,843.0,2.23374204721164
1342,RF,0.509,843.0,2.23374204721164
1469,RF,0.509,843.0,2.23374204721164
1877,RF,0.509,843.0,2.23374204721164
1913,RF,0.509,843.0,2.23374204721164
1534,RF,0.508,850.0,2.2293535559597504
2313,RF,0.508,850.0,2.2293535559597504
2384,RF,0.508,850.0,2.2293535559597504
2489,RF,0.508,850.0,2.2293535559597504
988,RF,0.507,854.0,2.224965064707861
1551,RF,0.507,854.0,2.224965064707861
2321,RF,0.507,854.0,2.224965064707861
2598,RF,0.507,854.0,2.224965064707861
340,RF,0.506,858.0,2.220576573455972
638,RF,0.505,859.0,2.2161880822040825
1999,RF,0.505,859.0,2.2161880822040825
2245,RF,0.505,859.0,2.2161880822040825
483,RF,0.503,862.0,2.207411099700304
1194,RF,0.503,862.0,2.207411099700304
1662,RF,0.503,862.0,2.207411099700304
2416,RF,0.503,862.0,2.207411099700304
1112,RF,0.502,866.0,2.2030226084484146
1796,RF,0.502,866.0,2.2030226084484146
2012,RF,0.502,866.0,2.2030226084484146
2234,RF,0.502,866.0,2.2030226084484146
61,RF,0.501,870.0,2.1986341171965256
437,RF,0.501,870.0,2.1986341171965256
1120,RF,0.501,870.0,2.1986341171965256
2403,RF,0.501,870.0,2.1986341171965256
488,RF,0.5,874.0,2.194245625944636
741,RF,0.5,874.0,2.194245625944636
208,RF,0.499,876.0,2.189857134692747
575,RF,0.499,876.0,2.189857134692747
1593,RF,0.499,876.0,2.189857134692747
1818,RF,0.499,876.0,2.189857134692747
2043,RF,0.499,876.0,2.189857134692747
2074,RF,0.499,876.0,2.189857134692747
2639,RF,0.499,876.0,2.189857134692747
2708,RF,0.499,876.0,2.189857134692747
343,RF,0.498,884.0,2.1854686434408577
565,RF,0.498,884.0,2.1854686434408577
782,RF,0.498,884.0,2.1854686434408577
1543,RF,0.498,884.0,2.1854686434408577
1650,RF,0.498,884.0,2.1854686434408577
2013,RF,0.498,884.0,2.1854686434408577
2337,RF,0.497,890.0,2.1810801521889682
127,RF,0.496,891.0,2.176691660937079
536,RF,0.495,892.0,2.1723031696851898
1258,RF,0.495,892.0,2.1723031696851898
1808,RF,0.495,892.0,2.1723031696851898
308,RF,0.494,895.0,2.1679146784333003
458,RF,0.494,895.0,2.1679146784333003
790,RF,0.494,895.0,2.1679146784333003
1629,RF,0.494,895.0,2.1679146784333003
1853,RF,0.494,895.0,2.1679146784333003
2348,RF,0.494,895.0,2.1679146784333003
2431,RF,0.494,895.0,2.1679146784333003
862,RF,0.493,902.0,2.1635261871814113
1281,RF,0.493,902.0,2.1635261871814113
1780,RF,0.493,902.0,2.1635261871814113
2153,RF,0.493,902.0,2.1635261871814113
694,RF,0.492,906.0,2.159137695929522
897,RF,0.492,906.0,2.159137695929522
1292,RF,0.492,906.0,2.159137695929522
1295,RF,0.492,906.0,2.159137695929522
1491,RF,0.491,910.0,2.154749204677633
1775,RF,0.491,910.0,2.154749204677633
1998,RF,0.491,910.0,2.154749204677633
445,RF,0.49,913.0,2.1503607134257434
566,RF,0.49,913.0,2.1503607134257434
1044,RF,0.49,913.0,2.1503607134257434
1646,RF,0.49,913.0,2.1503607134257434
1912,RF,0.49,913.0,2.1503607134257434
2021,RF,0.49,913.0,2.1503607134257434
2462,RF,0.49,913.0,2.1503607134257434
413,RF,0.489,920.0,2.145972222173854
674,RF,0.489,920.0,2.145972222173854
2588,RF,0.489,920.0,2.145972222173854
153,RF,0.488,923.0,2.141583730921965
1468,RF,0.488,923.0,2.141583730921965
58,RF,0.487,925.0,2.1371952396700755
899,RF,0.487,925.0,2.1371952396700755
1610,RF,0.487,925.0,2.1371952396700755
1875,RF,0.487,925.0,2.1371952396700755
2528,RF,0.487,925.0,2.1371952396700755
219,RF,0.486,930.0,2.1328067484181865
137,RF,0.485,931.0,2.128418257166297
1081,RF,0.485,931.0,2.128418257166297
2551,RF,0.485,931.0,2.128418257166297
2568,RF,0.485,931.0,2.128418257166297
1128,RF,0.484,935.0,2.1240297659144076
1246,RF,0.484,935.0,2.1240297659144076
1949,RF,0.484,935.0,2.1240297659144076
23,RF,0.483,938.0,2.1196412746625186
352,RF,0.483,938.0,2.1196412746625186
370,RF,0.483,938.0,2.1196412746625186
502,RF,0.483,938.0,2.1196412746625186
1417,RF,0.483,938.0,2.1196412746625186
1574,RF,0.483,938.0,2.1196412746625186
156,RF,0.482,944.0,2.115252783410629
795,RF,0.482,944.0,2.115252783410629
1261,RF,0.482,944.0,2.115252783410629
1554,RF,0.482,944.0,2.115252783410629
2278,RF,0.482,944.0,2.115252783410629
2767,RF,0.482,944.0,2.115252783410629
184,RF,0.481,950.0,2.1108642921587397
443,RF,0.481,950.0,2.1108642921587397
690,RF,0.481,950.0,2.1108642921587397
1144,RF,0.481,950.0,2.1108642921587397
1328,RF,0.481,950.0,2.1108642921587397
1397,RF,0.481,950.0,2.1108642921587397
1562,RF,0.481,950.0,2.1108642921587397
1729,RF,0.481,950.0,2.1108642921587397
2132,RF,0.481,950.0,2.1108642921587397
2135,RF,0.481,950.0,2.1108642921587397
2526,RF,0.481,950.0,2.1108642921587397
2616,RF,0.481,950.0,2.1108642921587397
2755,RF,0.481,950.0,2.1108642921587397
157,RF,0.48,963.0,2.1064758009068507
365,RF,0.48,963.0,2.1064758009068507
721,RF,0.48,963.0,2.1064758009068507
851,RF,0.48,963.0,2.1064758009068507
1526,RF,0.48,963.0,2.1064758009068507
1685,RF,0.48,963.0,2.1064758009068507
1097,RF,0.479,969.0,2.1020873096549613
2332,RF,0.479,969.0,2.1020873096549613
2512,RF,0.479,969.0,2.1020873096549613
124,RF,0.478,972.0,2.0976988184030723
832,RF,0.478,972.0,2.0976988184030723
1659,RF,0.478,972.0,2.0976988184030723
1135,RF,0.477,975.0,2.093310327151183
1388,RF,0.477,975.0,2.093310327151183
1803,RF,0.477,975.0,2.093310327151183
1835,RF,0.477,975.0,2.093310327151183
2415,RF,0.477,975.0,2.093310327151183
404,RF,0.476,980.0,2.0889218358992934
1582,RF,0.475,981.0,2.0845333446474044
1762,RF,0.475,981.0,2.0845333446474044
1989,RF,0.474,983.0,2.080144853395515
2651,RF,0.474,983.0,2.080144853395515
272,RF,0.473,985.0,2.075756362143626
478,RF,0.473,985.0,2.075756362143626
671,RF,0.473,985.0,2.075756362143626
705,RF,0.473,985.0,2.075756362143626
1514,RF,0.473,985.0,2.075756362143626
1768,RF,0.473,985.0,2.075756362143626
2457,RF,0.473,985.0,2.075756362143626
22,RF,0.472,992.0,2.0713678708917365
659,RF,0.472,992.0,2.0713678708917365
710,RF,0.472,992.0,2.0713678708917365
1680,RF,0.472,992.0,2.0713678708917365
1888,RF,0.471,996.0,2.066979379639847
2326,RF,0.471,996.0,2.066979379639847
143,RF,0.47,998.0,2.062590888387958
794,RF,0.47,998.0,2.062590888387958
865,RF,0.47,998.0,2.062590888387958
1014,RF,0.47,998.0,2.062590888387958
1124,RF,0.47,998.0,2.062590888387958
2025,RF,0.47,998.0,2.062590888387958
525,RF,0.469,1004.0,2.0582023971360686
1448,RF,0.469,1004.0,2.0582023971360686
1924,RF,0.469,1004.0,2.0582023971360686
37,RF,0.468,1007.0,2.0538139058841796
547,RF,0.468,1007.0,2.0538139058841796
1391,RF,0.468,1007.0,2.0538139058841796
1843,RF,0.468,1007.0,2.0538139058841796
1978,RF,0.468,1007.0,2.0538139058841796
2020,RF,0.468,1007.0,2.0538139058841796
2571,RF,0.468,1007.0,2.0538139058841796
225,RF,0.467,1014.0,2.04942541463229
640,RF,0.467,1014.0,2.04942541463229
1956,RF,0.467,1014.0,2.04942541463229
128,RF,0.466,1017.0,2.045036923380401
766,RF,0.466,1017.0,2.045036923380401
1643,RF,0.466,1017.0,2.045036923380401
2148,RF,0.466,1017.0,2.045036923380401
2769,RF,0.466,1017.0,2.045036923380401
1579,RF,0.465,1022.0,2.0406484321285117
1959,RF,0.465,1022.0,2.0406484321285117
2658,RF,0.465,1022.0,2.0406484321285117
2065,RF,0.464,1025.0,2.0362599408766227
602,RF,0.463,1026.0,2.031871449624733
765,RF,0.463,1026.0,2.031871449624733
1830,RF,0.463,1026.0,2.031871449624733
2242,RF,0.463,1026.0,2.031871449624733
2257,RF,0.463,1026.0,2.031871449624733
2522,RF,0.463,1026.0,2.031871449624733
1378,RF,0.462,1032.0,2.0274829583728438
1569,RF,0.462,1032.0,2.0274829583728438
2613,RF,0.462,1032.0,2.0274829583728438
29,RF,0.461,1035.0,2.0230944671209548
236,RF,0.461,1035.0,2.0230944671209548
559,RF,0.461,1035.0,2.0230944671209548
1152,RF,0.461,1035.0,2.0230944671209548
1238,RF,0.461,1035.0,2.0230944671209548
1546,RF,0.461,1035.0,2.0230944671209548
2439,RF,0.461,1035.0,2.0230944671209548
812,RF,0.46,1042.0,2.0187059758690653
1480,RF,0.46,1042.0,2.0187059758690653
1782,RF,0.46,1042.0,2.0187059758690653
1962,RF,0.46,1042.0,2.0187059758690653
2467,RF,0.46,1042.0,2.0187059758690653
718,RF,0.459,1047.0,2.0143174846171763
2099,RF,0.459,1047.0,2.0143174846171763
1367,RF,0.458,1049.0,2.009928993365287
1747,RF,0.458,1049.0,2.009928993365287
257,RF,0.457,1051.0,2.0055405021133974
277,RF,0.457,1051.0,2.0055405021133974
392,RF,0.457,1051.0,2.0055405021133974
1450,RF,0.457,1051.0,2.0055405021133974
1677,RF,0.457,1051.0,2.0055405021133974
2059,RF,0.457,1051.0,2.0055405021133974
145,RF,0.456,1057.0,2.0011520108615084
1119,RF,0.455,1058.0,1.996763519609619
1445,RF,0.455,1058.0,1.996763519609619
1591,RF,0.455,1058.0,1.996763519609619
564,RF,0.454,1061.0,1.9923750283577297
1111,RF,0.454,1061.0,1.9923750283577297
2045,RF,0.453,1063.0,1.9879865371058405
2218,RF,0.453,1063.0,1.9879865371058405
2629,RF,0.453,1063.0,1.9879865371058405
391,RF,0.452,1066.0,1.983598045853951
1183,RF,0.452,1066.0,1.983598045853951
1900,RF,0.452,1066.0,1.983598045853951
2105,RF,0.452,1066.0,1.983598045853951
574,RF,0.451,1070.0,1.9792095546020618
1341,RF,0.451,1070.0,1.9792095546020618
1537,RF,0.451,1070.0,1.9792095546020618
1585,RF,0.451,1070.0,1.9792095546020618
2057,RF,0.451,1070.0,1.9792095546020618
2282,RF,0.451,1070.0,1.9792095546020618
91,RF,0.45,1076.0,1.9748210633501726
728,RF,0.45,1076.0,1.9748210633501726
1215,RF,0.45,1076.0,1.9748210633501726
2108,RF,0.45,1076.0,1.9748210633501726
355,RF,0.449,1080.0,1.9704325720982834
763,RF,0.449,1080.0,1.9704325720982834
920,RF,0.449,1080.0,1.9704325720982834
1706,RF,0.449,1080.0,1.9704325720982834
2201,RF,0.449,1080.0,1.9704325720982834
706,RF,0.448,1085.0,1.9660440808463941
1153,RF,0.448,1085.0,1.9660440808463941
1577,RF,0.448,1085.0,1.9660440808463941
1772,RF,0.448,1085.0,1.9660440808463941
1789,RF,0.448,1085.0,1.9660440808463941
2039,RF,0.448,1085.0,1.9660440808463941
2367,RF,0.448,1085.0,1.9660440808463941
684,RF,0.447,1092.0,1.9616555895945047
952,RF,0.447,1092.0,1.9616555895945047
1432,RF,0.447,1092.0,1.9616555895945047
2757,RF,0.447,1092.0,1.9616555895945047
1558,RF,0.446,1096.0,1.9572670983426155
609,RF,0.445,1097.0,1.9528786070907262
2079,RF,0.445,1097.0,1.9528786070907262
2222,RF,0.445,1097.0,1.9528786070907262
2028,RF,0.444,1100.0,1.948490115838837
2524,RF,0.444,1100.0,1.948490115838837
17,RF,0.443,1102.0,1.9441016245869476
1855,RF,0.443,1102.0,1.9441016245869476
2030,RF,0.443,1102.0,1.9441016245869476
1094,RF,0.442,1105.0,1.9397131333350583
1407,RF,0.442,1105.0,1.9397131333350583
1715,RF,0.442,1105.0,1.9397131333350583
1719,RF,0.442,1105.0,1.9397131333350583
1721,RF,0.442,1105.0,1.9397131333350583
2699,RF,0.442,1105.0,1.9397131333350583
1088,RF,0.441,1111.0,1.9353246420831691
1254,RF,0.441,1111.0,1.9353246420831691
624,RF,0.44,1113.0,1.93093615083128
934,RF,0.44,1113.0,1.93093615083128
26,RF,0.439,1115.0,1.9265476595793907
441,RF,0.439,1115.0,1.9265476595793907
1540,RF,0.439,1115.0,1.9265476595793907
1673,RF,0.439,1115.0,1.9265476595793907
1773,RF,0.439,1115.0,1.9265476595793907
2205,RF,0.439,1115.0,1.9265476595793907
2448,RF,0.439,1115.0,1.9265476595793907
2562,RF,0.439,1115.0,1.9265476595793907
169,RF,0.438,1123.0,1.9221591683275012
1486,RF,0.438,1123.0,1.9221591683275012
1708,RF,0.438,1123.0,1.9221591683275012
2246,RF,0.438,1123.0,1.9221591683275012
759,RF,0.437,1127.0,1.917770677075612
1442,RF,0.437,1127.0,1.917770677075612
1891,RF,0.437,1127.0,1.917770677075612
1964,RF,0.437,1127.0,1.917770677075612
730,RF,0.436,1131.0,1.9133821858237228
533,RF,0.435,1132.0,1.9089936945718335
1563,RF,0.435,1132.0,1.9089936945718335
1923,RF,0.435,1132.0,1.9089936945718335
1982,RF,0.435,1132.0,1.9089936945718335
357,RF,0.434,1136.0,1.904605203319944
945,RF,0.434,1136.0,1.904605203319944
1275,RF,0.434,1136.0,1.904605203319944
1575,RF,0.434,1136.0,1.904605203319944
1616,RF,0.434,1136.0,1.904605203319944
1720,RF,0.434,1136.0,1.904605203319944
1787,RF,0.434,1136.0,1.904605203319944
258,RF,0.433,1143.0,1.9002167120680549
800,RF,0.433,1143.0,1.9002167120680549
1059,RF,0.433,1143.0,1.9002167120680549
122,RF,0.432,1146.0,1.8958282208161656
734,RF,0.432,1146.0,1.8958282208161656
942,RF,0.432,1146.0,1.8958282208161656
1239,RF,0.432,1146.0,1.8958282208161656
1753,RF,0.432,1146.0,1.8958282208161656
2346,RF,0.432,1146.0,1.8958282208161656
202,RF,0.431,1152.0,1.8914397295642764
279,RF,0.431,1152.0,1.8914397295642764
338,RF,0.431,1152.0,1.8914397295642764
891,RF,0.431,1152.0,1.8914397295642764
1041,RF,0.431,1152.0,1.8914397295642764
1740,RF,0.431,1152.0,1.8914397295642764
1990,RF,0.431,1152.0,1.8914397295642764
2302,RF,0.431,1152.0,1.8914397295642764
2485,RF,0.431,1152.0,1.8914397295642764
2539,RF,0.431,1152.0,1.8914397295642764
2714,RF,0.431,1152.0,1.8914397295642764
966,RF,0.43,1163.0,1.8870512383123872
1032,RF,0.43,1163.0,1.8870512383123872
1849,RF,0.43,1163.0,1.8870512383123872
1920,RF,0.429,1166.0,1.8826627470604977
2168,RF,0.429,1166.0,1.8826627470604977
2590,RF,0.429,1166.0,1.8826627470604977
90,RF,0.428,1169.0,1.8782742558086085
1648,RF,0.428,1169.0,1.8782742558086085
2388,RF,0.428,1169.0,1.8782742558086085
2594,RF,0.428,1169.0,1.8782742558086085
1933,RF,0.427,1173.0,1.8738857645567193
47,RF,0.426,1174.0,1.86949727330483
416,RF,0.426,1174.0,1.86949727330483
422,RF,0.426,1174.0,1.86949727330483
2185,RF,0.426,1174.0,1.86949727330483
857,RF,0.425,1178.0,1.8651087820529406
1852,RF,0.425,1178.0,1.8651087820529406
2036,RF,0.425,1178.0,1.8651087820529406
2400,RF,0.425,1178.0,1.8651087820529406
2676,RF,0.425,1178.0,1.8651087820529406
455,RF,0.424,1183.0,1.8607202908010514
1141,RF,0.424,1183.0,1.8607202908010514
1612,RF,0.424,1183.0,1.8607202908010514
246,RF,0.423,1186.0,1.8563317995491622
1078,RF,0.423,1186.0,1.8563317995491622
2226,RF,0.423,1186.0,1.8563317995491622
2435,RF,0.423,1186.0,1.8563317995491622
1007,RF,0.422,1190.0,1.851943308297273
2115,RF,0.422,1190.0,1.851943308297273
2530,RF,0.422,1190.0,1.851943308297273
2638,RF,0.422,1190.0,1.851943308297273
1224,RF,0.421,1194.0,1.8475548170453835
349,RF,0.42,1195.0,1.8431663257934943
1400,RF,0.42,1195.0,1.8431663257934943
1421,RF,0.42,1195.0,1.8431663257934943
2102,RF,0.42,1195.0,1.8431663257934943
578,RF,0.419,1199.0,1.838777834541605
2341,RF,0.419,1199.0,1.838777834541605
168,RF,0.418,1201.0,1.8343893432897158
263,RF,0.418,1201.0,1.8343893432897158
767,RF,0.418,1201.0,1.8343893432897158
549,RF,0.417,1204.0,1.8300008520378266
596,RF,0.417,1204.0,1.8300008520378266
702,RF,0.417,1204.0,1.8300008520378266
1056,RF,0.417,1204.0,1.8300008520378266
2069,RF,0.417,1204.0,1.8300008520378266
245,RF,0.416,1209.0,1.8256123607859371
319,RF,0.416,1209.0,1.8256123607859371
1660,RF,0.416,1209.0,1.8256123607859371
1666,RF,0.416,1209.0,1.8256123607859371
1752,RF,0.416,1209.0,1.8256123607859371
2156,RF,0.416,1209.0,1.8256123607859371
1613,RF,0.415,1215.0,1.821223869534048
1098,RF,0.414,1216.0,1.8168353782821587
1148,RF,0.414,1216.0,1.8168353782821587
1334,RF,0.414,1216.0,1.8168353782821587
2601,RF,0.414,1216.0,1.8168353782821587
1053,RF,0.413,1220.0,1.8124468870302695
1182,RF,0.413,1220.0,1.8124468870302695
173,RF,0.412,1222.0,1.80805839577838
449,RF,0.412,1222.0,1.80805839577838
1069,RF,0.412,1222.0,1.80805839577838
2262,RF,0.412,1222.0,1.80805839577838
2646,RF,0.412,1222.0,1.80805839577838
253,RF,0.411,1227.0,1.8036699045264908
785,RF,0.411,1227.0,1.8036699045264908
1283,RF,0.411,1227.0,1.8036699045264908
2292,RF,0.411,1227.0,1.8036699045264908
125,RF,0.41,1231.0,1.7992814132746016
628,RF,0.41,1231.0,1.7992814132746016
893,RF,0.41,1231.0,1.7992814132746016
1380,RF,0.41,1231.0,1.7992814132746016
1985,RF,0.41,1231.0,1.7992814132746016
70,RF,0.409,1236.0,1.7948929220227123
471,RF,0.409,1236.0,1.7948929220227123
568,RF,0.409,1236.0,1.7948929220227123
1395,RF,0.409,1236.0,1.7948929220227123
1963,RF,0.409,1236.0,1.7948929220227123
251,RF,0.408,1241.0,1.790504430770823
811,RF,0.408,1241.0,1.790504430770823
1021,RF,0.408,1241.0,1.790504430770823
1163,RF,0.408,1241.0,1.790504430770823
1344,RF,0.408,1241.0,1.790504430770823
1425,RF,0.408,1241.0,1.790504430770823
1965,RF,0.408,1241.0,1.790504430770823
2412,RF,0.408,1241.0,1.790504430770823
2582,RF,0.408,1241.0,1.790504430770823
2743,RF,0.408,1241.0,1.790504430770823
95,RF,0.407,1251.0,1.7861159395189337
762,RF,0.407,1251.0,1.7861159395189337
1070,RF,0.407,1251.0,1.7861159395189337
2091,RF,0.407,1251.0,1.7861159395189337
2100,RF,0.407,1251.0,1.7861159395189337
2484,RF,0.407,1251.0,1.7861159395189337
1,RF,0.406,1257.0,1.7817274482670447
610,RF,0.406,1257.0,1.7817274482670447
698,RF,0.406,1257.0,1.7817274482670447
1093,RF,0.406,1257.0,1.7817274482670447
1274,RF,0.406,1257.0,1.7817274482670447
1744,RF,0.406,1257.0,1.7817274482670447
1759,RF,0.406,1257.0,1.7817274482670447
2410,RF,0.406,1257.0,1.7817274482670447
2597,RF,0.406,1257.0,1.7817274482670447
2690,RF,0.406,1257.0,1.7817274482670447
2745,RF,0.406,1257.0,1.7817274482670447
2746,RF,0.406,1257.0,1.7817274482670447
345,RF,0.405,1269.0,1.7773389570151554
433,RF,0.405,1269.0,1.7773389570151554
1068,RF,0.405,1269.0,1.7773389570151554
34,RF,0.404,1272.0,1.7729504657632662
709,RF,0.404,1272.0,1.7729504657632662
2264,RF,0.404,1272.0,1.7729504657632662
500,RF,0.403,1275.0,1.768561974511377
521,RF,0.403,1275.0,1.768561974511377
747,RF,0.403,1275.0,1.768561974511377
2082,RF,0.403,1275.0,1.768561974511377
530,RF,0.402,1279.0,1.7641734832594875
544,RF,0.402,1279.0,1.7641734832594875
679,RF,0.402,1279.0,1.7641734832594875
935,RF,0.402,1279.0,1.7641734832594875
1157,RF,0.402,1279.0,1.7641734832594875
1266,RF,0.402,1279.0,1.7641734832594875
2184,RF,0.402,1279.0,1.7641734832594875
78,RF,0.401,1286.0,1.7597849920075983
1621,RF,0.401,1286.0,1.7597849920075983
1860,RF,0.401,1286.0,1.7597849920075983
1957,RF,0.401,1286.0,1.7597849920075983
1123,RF,0.4,1290.0,1.755396500755709
1440,RF,0.4,1290.0,1.755396500755709
1725,RF,0.4,1290.0,1.755396500755709
2773,RF,0.4,1290.0,1.755396500755709
494,RF,0.399,1294.0,1.7510080095038199
772,RF,0.399,1294.0,1.7510080095038199
972,RF,0.399,1294.0,1.7510080095038199
1067,RF,0.399,1294.0,1.7510080095038199
1188,RF,0.399,1294.0,1.7510080095038199
1645,RF,0.399,1294.0,1.7510080095038199
1871,RF,0.399,1294.0,1.7510080095038199
2581,RF,0.399,1294.0,1.7510080095038199
237,RF,0.398,1302.0,1.7466195182519304
2189,RF,0.398,1302.0,1.7466195182519304
305,RF,0.397,1304.0,1.7422310270000412
661,RF,0.397,1304.0,1.7422310270000412
1731,RF,0.397,1304.0,1.7422310270000412
2223,RF,0.397,1304.0,1.7422310270000412
2363,RF,0.397,1304.0,1.7422310270000412
2740,RF,0.397,1304.0,1.7422310270000412
146,RF,0.396,1310.0,1.737842535748152
183,RF,0.396,1310.0,1.737842535748152
241,RF,0.396,1310.0,1.737842535748152
1089,RF,0.396,1310.0,1.737842535748152
2206,RF,0.396,1310.0,1.737842535748152
2289,RF,0.396,1310.0,1.737842535748152
2479,RF,0.396,1310.0,1.737842535748152
281,RF,0.395,1317.0,1.7334540444962627
2137,RF,0.395,1317.0,1.7334540444962627
228,RF,0.394,1319.0,1.7290655532443733
505,RF,0.394,1319.0,1.7290655532443733
649,RF,0.394,1319.0,1.7290655532443733
725,RF,0.394,1319.0,1.7290655532443733
1037,RF,0.394,1319.0,1.7290655532443733
1447,RF,0.394,1319.0,1.7290655532443733
1618,RF,0.394,1319.0,1.7290655532443733
1665,RF,0.394,1319.0,1.7290655532443733
2481,RF,0.394,1319.0,1.7290655532443733
112,RF,0.393,1328.0,1.724677061992484
719,RF,0.393,1328.0,1.724677061992484
1977,RF,0.393,1328.0,1.724677061992484
330,RF,0.392,1331.0,1.7202885707405948
394,RF,0.392,1331.0,1.7202885707405948
805,RF,0.392,1331.0,1.7202885707405948
1599,RF,0.392,1331.0,1.7202885707405948
1430,RF,0.391,1335.0,1.7159000794887056
1761,RF,0.391,1335.0,1.7159000794887056
2008,RF,0.391,1335.0,1.7159000794887056
2053,RF,0.391,1335.0,1.7159000794887056
2286,RF,0.391,1335.0,1.7159000794887056
304,RF,0.39,1340.0,1.7115115882368164
744,RF,0.39,1340.0,1.7115115882368164
752,RF,0.39,1340.0,1.7115115882368164
888,RF,0.39,1340.0,1.7115115882368164
1076,RF,0.39,1340.0,1.7115115882368164
1663,RF,0.39,1340.0,1.7115115882368164
2048,RF,0.39,1340.0,1.7115115882368164
2543,RF,0.39,1340.0,1.7115115882368164
18,RF,0.389,1348.0,1.707123096984927
167,RF,0.389,1348.0,1.707123096984927
526,RF,0.389,1348.0,1.707123096984927
598,RF,0.389,1348.0,1.707123096984927
1325,RF,0.389,1348.0,1.707123096984927
1384,RF,0.389,1348.0,1.707123096984927
2614,RF,0.389,1348.0,1.707123096984927
2695,RF,0.389,1348.0,1.707123096984927
201,RF,0.388,1356.0,1.7027346057330377
223,RF,0.388,1356.0,1.7027346057330377
553,RF,0.388,1356.0,1.7027346057330377
1028,RF,0.388,1356.0,1.7027346057330377
1460,RF,0.388,1356.0,1.7027346057330377
1570,RF,0.388,1356.0,1.7027346057330377
1581,RF,0.388,1356.0,1.7027346057330377
2162,RF,0.388,1356.0,1.7027346057330377
2605,RF,0.388,1356.0,1.7027346057330377
594,RF,0.387,1365.0,1.6983461144811485
787,RF,0.387,1365.0,1.6983461144811485
822,RF,0.387,1365.0,1.6983461144811485
1705,RF,0.387,1365.0,1.6983461144811485
1839,RF,0.387,1365.0,1.6983461144811485
2586,RF,0.387,1365.0,1.6983461144811485
2617,RF,0.387,1365.0,1.6983461144811485
76,RF,0.386,1372.0,1.6939576232292592
276,RF,0.386,1372.0,1.6939576232292592
833,RF,0.386,1372.0,1.6939576232292592
1456,RF,0.386,1372.0,1.6939576232292592
1622,RF,0.386,1372.0,1.6939576232292592
1880,RF,0.386,1372.0,1.6939576232292592
2650,RF,0.386,1372.0,1.6939576232292592
2678,RF,0.386,1372.0,1.6939576232292592
493,RF,0.385,1380.0,1.6895691319773698
973,RF,0.385,1380.0,1.6895691319773698
1333,RF,0.385,1380.0,1.6895691319773698
2049,RF,0.385,1380.0,1.6895691319773698
2070,RF,0.385,1380.0,1.6895691319773698
2778,RF,0.385,1380.0,1.6895691319773698
65,RF,0.384,1386.0,1.6851806407254806
311,RF,0.384,1386.0,1.6851806407254806
417,RF,0.384,1386.0,1.6851806407254806
827,RF,0.384,1386.0,1.6851806407254806
872,RF,0.384,1386.0,1.6851806407254806
1712,RF,0.384,1386.0,1.6851806407254806
2371,RF,0.384,1386.0,1.6851806407254806
2420,RF,0.384,1386.0,1.6851806407254806
911,RF,0.383,1394.0,1.6807921494735913
957,RF,0.383,1394.0,1.6807921494735913
1138,RF,0.383,1394.0,1.6807921494735913
2006,RF,0.383,1394.0,1.6807921494735913
2523,RF,0.383,1394.0,1.6807921494735913
2640,RF,0.383,1394.0,1.6807921494735913
2688,RF,0.383,1394.0,1.6807921494735913
2752,RF,0.383,1394.0,1.6807921494735913
541,RF,0.382,1402.0,1.6764036582217021
582,RF,0.382,1402.0,1.6764036582217021
809,RF,0.382,1402.0,1.6764036582217021
1101,RF,0.382,1402.0,1.6764036582217021
1260,RF,0.382,1402.0,1.6764036582217021
1786,RF,0.382,1402.0,1.6764036582217021
1946,RF,0.382,1402.0,1.6764036582217021
1834,RF,0.381,1409.0,1.672015166969813
2775,RF,0.381,1409.0,1.672015166969813
270,RF,0.38,1411.0,1.6676266757179234
1272,RF,0.38,1411.0,1.6676266757179234
1297,RF,0.379,1413.0,1.6632381844660342
2078,RF,0.379,1413.0,1.6632381844660342
2150,RF,0.379,1413.0,1.6632381844660342
2649,RF,0.379,1413.0,1.6632381844660342
2697,RF,0.379,1413.0,1.6632381844660342
801,RF,0.378,1418.0,1.658849693214145
1531,RF,0.378,1418.0,1.658849693214145
873,RF,0.377,1420.0,1.6544612019622558
1441,RF,0.377,1420.0,1.6544612019622558
2187,RF,0.377,1420.0,1.6544612019622558
2624,RF,0.377,1420.0,1.6544612019622558
792,RF,0.376,1424.0,1.6500727107103663
1079,RF,0.376,1424.0,1.6500727107103663
1160,RF,0.376,1424.0,1.6500727107103663
1301,RF,0.376,1424.0,1.6500727107103663
1306,RF,0.376,1424.0,1.6500727107103663
1738,RF,0.376,1424.0,1.6500727107103663
1784,RF,0.376,1424.0,1.6500727107103663
1869,RF,0.376,1424.0,1.6500727107103663
545,RF,0.375,1432.0,1.645684219458477
618,RF,0.375,1432.0,1.645684219458477
1205,RF,0.375,1432.0,1.645684219458477
2097,RF,0.375,1432.0,1.645684219458477
2575,RF,0.375,1432.0,1.645684219458477
739,RF,0.374,1437.0,1.6412957282065879
1317,RF,0.374,1437.0,1.6412957282065879
2248,RF,0.374,1437.0,1.6412957282065879
588,RF,0.373,1440.0,1.6369072369546986
2060,RF,0.373,1440.0,1.6369072369546986
255,RF,0.372,1442.0,1.6325187457028094
675,RF,0.372,1442.0,1.6325187457028094
1730,RF,0.372,1442.0,1.6325187457028094
2702,RF,0.372,1442.0,1.6325187457028094
119,RF,0.371,1446.0,1.62813025445092
256,RF,0.371,1446.0,1.62813025445092
580,RF,0.371,1446.0,1.62813025445092
908,RF,0.371,1446.0,1.62813025445092
1359,RF,0.371,1446.0,1.62813025445092
1560,RF,0.371,1446.0,1.62813025445092
2240,RF,0.371,1446.0,1.62813025445092
25,RF,0.37,1453.0,1.6237417631990307
85,RF,0.37,1453.0,1.6237417631990307
174,RF,0.37,1453.0,1.6237417631990307
1117,RF,0.37,1453.0,1.6237417631990307
1136,RF,0.37,1453.0,1.6237417631990307
1372,RF,0.37,1453.0,1.6237417631990307
2737,RF,0.37,1453.0,1.6237417631990307
707,RF,0.369,1460.0,1.6193532719471415
846,RF,0.369,1460.0,1.6193532719471415
1210,RF,0.369,1460.0,1.6193532719471415
1231,RF,0.369,1460.0,1.6193532719471415
1420,RF,0.369,1460.0,1.6193532719471415
1996,RF,0.369,1460.0,1.6193532719471415
2075,RF,0.369,1460.0,1.6193532719471415
2298,RF,0.369,1460.0,1.6193532719471415
27,RF,0.368,1468.0,1.6149647806952523
206,RF,0.368,1468.0,1.6149647806952523
234,RF,0.368,1468.0,1.6149647806952523
1005,RF,0.368,1468.0,1.6149647806952523
1113,RF,0.368,1468.0,1.6149647806952523
1330,RF,0.368,1468.0,1.6149647806952523
1455,RF,0.368,1468.0,1.6149647806952523
1934,RF,0.368,1468.0,1.6149647806952523
235,RF,0.367,1476.0,1.6105762894433628
902,RF,0.367,1476.0,1.6105762894433628
1004,RF,0.367,1476.0,1.6105762894433628
1109,RF,0.367,1476.0,1.6105762894433628
1401,RF,0.367,1476.0,1.6105762894433628
1907,RF,0.367,1476.0,1.6105762894433628
2093,RF,0.367,1476.0,1.6105762894433628
197,RF,0.366,1483.0,1.6061877981914736
1280,RF,0.366,1483.0,1.6061877981914736
2147,RF,0.366,1483.0,1.6061877981914736
2221,RF,0.366,1483.0,1.6061877981914736
2623,RF,0.366,1483.0,1.6061877981914736
1405,RF,0.365,1488.0,1.6017993069395844
1483,RF,0.365,1488.0,1.6017993069395844
1805,RF,0.365,1488.0,1.6017993069395844
2003,RF,0.365,1488.0,1.6017993069395844
2365,RF,0.365,1488.0,1.6017993069395844
2452,RF,0.365,1488.0,1.6017993069395844
102,RF,0.364,1494.0,1.5974108156876952
1403,RF,0.364,1494.0,1.5974108156876952
1635,RF,0.364,1494.0,1.5974108156876952
1974,RF,0.364,1494.0,1.5974108156876952
40,RF,0.363,1498.0,1.5930223244358057
353,RF,0.363,1498.0,1.5930223244358057
447,RF,0.363,1498.0,1.5930223244358057
712,RF,0.363,1498.0,1.5930223244358057
1073,RF,0.363,1498.0,1.5930223244358057
1548,RF,0.363,1498.0,1.5930223244358057
1611,RF,0.363,1498.0,1.5930223244358057
683,RF,0.362,1505.0,1.5886338331839165
1654,RF,0.362,1505.0,1.5886338331839165
1968,RF,0.362,1505.0,1.5886338331839165
2133,RF,0.362,1505.0,1.5886338331839165
2621,RF,0.362,1505.0,1.5886338331839165
2691,RF,0.362,1505.0,1.5886338331839165
388,RF,0.361,1511.0,1.5842453419320273
492,RF,0.361,1511.0,1.5842453419320273
1047,RF,0.361,1511.0,1.5842453419320273
1694,RF,0.361,1511.0,1.5842453419320273
1736,RF,0.361,1511.0,1.5842453419320273
1788,RF,0.361,1511.0,1.5842453419320273
2635,RF,0.361,1511.0,1.5842453419320273
2716,RF,0.361,1511.0,1.5842453419320273
205,RF,0.36,1519.0,1.579856850680138
1051,RF,0.36,1519.0,1.579856850680138
1225,RF,0.36,1519.0,1.579856850680138
1313,RF,0.36,1519.0,1.579856850680138
1630,RF,0.36,1519.0,1.579856850680138
2355,RF,0.36,1519.0,1.579856850680138
2709,RF,0.36,1519.0,1.579856850680138
396,RF,0.359,1526.0,1.5754683594282488
456,RF,0.359,1526.0,1.5754683594282488
497,RF,0.359,1526.0,1.5754683594282488
810,RF,0.359,1526.0,1.5754683594282488
924,RF,0.359,1526.0,1.5754683594282488
1170,RF,0.359,1526.0,1.5754683594282488
1218,RF,0.359,1526.0,1.5754683594282488
1409,RF,0.359,1526.0,1.5754683594282488
1766,RF,0.359,1526.0,1.5754683594282488
2265,RF,0.359,1526.0,1.5754683594282488
2315,RF,0.359,1526.0,1.5754683594282488
2451,RF,0.359,1526.0,1.5754683594282488
179,RF,0.358,1538.0,1.5710798681763594
341,RF,0.358,1538.0,1.5710798681763594
1452,RF,0.358,1538.0,1.5710798681763594
2138,RF,0.358,1538.0,1.5710798681763594
344,RF,0.357,1542.0,1.5666913769244701
1992,RF,0.357,1542.0,1.5666913769244701
2180,RF,0.357,1542.0,1.5666913769244701
138,RF,0.356,1545.0,1.562302885672581
301,RF,0.356,1545.0,1.562302885672581
786,RF,0.356,1545.0,1.562302885672581
1590,RF,0.356,1545.0,1.562302885672581
1734,RF,0.356,1545.0,1.562302885672581
2514,RF,0.356,1545.0,1.562302885672581
2683,RF,0.356,1545.0,1.562302885672581
171,RF,0.355,1552.0,1.5579143944206917
185,RF,0.355,1552.0,1.5579143944206917
490,RF,0.355,1552.0,1.5579143944206917
512,RF,0.355,1552.0,1.5579143944206917
1204,RF,0.355,1552.0,1.5579143944206917
1717,RF,0.355,1552.0,1.5579143944206917
2458,RF,0.355,1552.0,1.5579143944206917
2615,RF,0.355,1552.0,1.5579143944206917
2713,RF,0.355,1552.0,1.5579143944206917
33,RF,0.354,1561.0,1.5535259031688022
142,RF,0.354,1561.0,1.5535259031688022
247,RF,0.354,1561.0,1.5535259031688022
289,RF,0.354,1561.0,1.5535259031688022
385,RF,0.354,1561.0,1.5535259031688022
660,RF,0.354,1561.0,1.5535259031688022
1451,RF,0.354,1561.0,1.5535259031688022
1653,RF,0.354,1561.0,1.5535259031688022
1695,RF,0.354,1561.0,1.5535259031688022
1904,RF,0.354,1561.0,1.5535259031688022
2674,RF,0.354,1561.0,1.5535259031688022
451,RF,0.353,1572.0,1.549137411916913
1043,RF,0.353,1572.0,1.549137411916913
31,RF,0.352,1574.0,1.5447489206650238
166,RF,0.352,1574.0,1.5447489206650238
540,RF,0.352,1574.0,1.5447489206650238
716,RF,0.352,1574.0,1.5447489206650238
859,RF,0.352,1574.0,1.5447489206650238
2314,RF,0.352,1574.0,1.5447489206650238
619,RF,0.351,1580.0,1.5403604294131346
1013,RF,0.351,1580.0,1.5403604294131346
1181,RF,0.351,1580.0,1.5403604294131346
1326,RF,0.351,1580.0,1.5403604294131346
89,RF,0.35,1584.0,1.5359719381612453
1082,RF,0.35,1584.0,1.5359719381612453
1145,RF,0.35,1584.0,1.5359719381612453
1698,RF,0.35,1584.0,1.5359719381612453
2381,RF,0.35,1584.0,1.5359719381612453
2749,RF,0.35,1584.0,1.5359719381612453
2764,RF,0.35,1584.0,1.5359719381612453
150,RF,0.349,1591.0,1.5315834469093559
460,RF,0.349,1591.0,1.5315834469093559
756,RF,0.349,1591.0,1.5315834469093559
799,RF,0.349,1591.0,1.5315834469093559
2243,RF,0.349,1591.0,1.5315834469093559
2446,RF,0.349,1591.0,1.5315834469093559
382,RF,0.348,1597.0,1.5271949556574667
653,RF,0.348,1597.0,1.5271949556574667
666,RF,0.348,1597.0,1.5271949556574667
1102,RF,0.348,1597.0,1.5271949556574667
1418,RF,0.348,1597.0,1.5271949556574667
2056,RF,0.348,1597.0,1.5271949556574667
2763,RF,0.348,1597.0,1.5271949556574667
178,RF,0.347,1604.0,1.5228064644055774
773,RF,0.347,1604.0,1.5228064644055774
1242,RF,0.347,1604.0,1.5228064644055774
1352,RF,0.347,1604.0,1.5228064644055774
1422,RF,0.347,1604.0,1.5228064644055774
79,RF,0.346,1609.0,1.5184179731536882
1710,RF,0.346,1609.0,1.5184179731536882
2058,RF,0.346,1609.0,1.5184179731536882
2229,RF,0.346,1609.0,1.5184179731536882
2533,RF,0.346,1609.0,1.5184179731536882
135,RF,0.345,1614.0,1.5140294819017988
381,RF,0.345,1614.0,1.5140294819017988
646,RF,0.345,1614.0,1.5140294819017988
819,RF,0.345,1614.0,1.5140294819017988
1257,RF,0.345,1614.0,1.5140294819017988
1932,RF,0.345,1614.0,1.5140294819017988
2386,RF,0.345,1614.0,1.5140294819017988
56,RF,0.344,1621.0,1.5096409906499095
372,RF,0.344,1621.0,1.5096409906499095
770,RF,0.344,1621.0,1.5096409906499095
1035,RF,0.344,1621.0,1.5096409906499095
1550,RF,0.344,1621.0,1.5096409906499095
1866,RF,0.344,1621.0,1.5096409906499095
2068,RF,0.344,1621.0,1.5096409906499095
2214,RF,0.344,1621.0,1.5096409906499095
2496,RF,0.344,1621.0,1.5096409906499095
2765,RF,0.344,1621.0,1.5096409906499095
248,RF,0.343,1631.0,1.5052524993980205
2580,RF,0.343,1631.0,1.5052524993980205
2670,RF,0.343,1631.0,1.5052524993980205
77,RF,0.342,1634.0,1.5008640081461313
288,RF,0.342,1634.0,1.5008640081461313
535,RF,0.342,1634.0,1.5008640081461313
560,RF,0.342,1634.0,1.5008640081461313
1201,RF,0.342,1634.0,1.5008640081461313
2195,RF,0.342,1634.0,1.5008640081461313
2203,RF,0.342,1634.0,1.5008640081461313
2366,RF,0.342,1634.0,1.5008640081461313
2748,RF,0.342,1634.0,1.5008640081461313
115,RF,0.341,1643.0,1.496475516894242
186,RF,0.341,1643.0,1.496475516894242
622,RF,0.341,1643.0,1.496475516894242
889,RF,0.341,1643.0,1.496475516894242
1402,RF,0.341,1643.0,1.496475516894242
1707,RF,0.341,1643.0,1.496475516894242
2307,RF,0.341,1643.0,1.496475516894242
2595,RF,0.341,1643.0,1.496475516894242
19,RF,0.34,1651.0,1.4920870256423526
590,RF,0.34,1651.0,1.4920870256423526
784,RF,0.34,1651.0,1.4920870256423526
2553,RF,0.34,1651.0,1.4920870256423526
195,RF,0.339,1655.0,1.4876985343904634
508,RF,0.339,1655.0,1.4876985343904634
855,RF,0.339,1655.0,1.4876985343904634
1535,RF,0.339,1655.0,1.4876985343904634
1862,RF,0.339,1655.0,1.4876985343904634
2358,RF,0.339,1655.0,1.4876985343904634
2491,RF,0.339,1655.0,1.4876985343904634
2761,RF,0.339,1655.0,1.4876985343904634
1316,RF,0.338,1663.0,1.4833100431385742
2087,RF,0.338,1663.0,1.4833100431385742
2408,RF,0.338,1663.0,1.4833100431385742
2504,RF,0.338,1663.0,1.4833100431385742
107,RF,0.337,1667.0,1.478921551886685
892,RF,0.337,1667.0,1.478921551886685
1506,RF,0.337,1667.0,1.478921551886685
1881,RF,0.337,1667.0,1.478921551886685
691,RF,0.336,1671.0,1.4745330606347955
990,RF,0.336,1671.0,1.4745330606347955
1229,RF,0.336,1671.0,1.4745330606347955
1300,RF,0.336,1671.0,1.4745330606347955
1338,RF,0.336,1671.0,1.4745330606347955
1339,RF,0.336,1671.0,1.4745330606347955
1838,RF,0.336,1671.0,1.4745330606347955
869,RF,0.335,1678.0,1.4701445693829063
969,RF,0.335,1678.0,1.4701445693829063
1444,RF,0.335,1678.0,1.4701445693829063
1876,RF,0.335,1678.0,1.4701445693829063
2000,RF,0.335,1678.0,1.4701445693829063
2131,RF,0.335,1678.0,1.4701445693829063
2454,RF,0.335,1678.0,1.4701445693829063
2696,RF,0.335,1678.0,1.4701445693829063
616,RF,0.334,1686.0,1.465756078131017
896,RF,0.334,1686.0,1.465756078131017
916,RF,0.334,1686.0,1.465756078131017
1164,RF,0.334,1686.0,1.465756078131017
1329,RF,0.334,1686.0,1.465756078131017
2181,RF,0.334,1686.0,1.465756078131017
2718,RF,0.334,1686.0,1.465756078131017
2725,RF,0.334,1686.0,1.465756078131017
6,RF,0.333,1694.0,1.4613675868791278
585,RF,0.333,1694.0,1.4613675868791278
1039,RF,0.333,1694.0,1.4613675868791278
1494,RF,0.333,1694.0,1.4613675868791278
2033,RF,0.333,1694.0,1.4613675868791278
423,RF,0.332,1699.0,1.4569790956272386
781,RF,0.332,1699.0,1.4569790956272386
895,RF,0.332,1699.0,1.4569790956272386
1208,RF,0.332,1699.0,1.4569790956272386
1383,RF,0.332,1699.0,1.4569790956272386
1854,RF,0.332,1699.0,1.4569790956272386
1961,RF,0.332,1699.0,1.4569790956272386
1967,RF,0.332,1699.0,1.4569790956272386
2120,RF,0.332,1699.0,1.4569790956272386
2519,RF,0.332,1699.0,1.4569790956272386
531,RF,0.331,1709.0,1.4525906043753491
593,RF,0.331,1709.0,1.4525906043753491
617,RF,0.331,1709.0,1.4525906043753491
1193,RF,0.331,1709.0,1.4525906043753491
1308,RF,0.331,1709.0,1.4525906043753491
1555,RF,0.331,1709.0,1.4525906043753491
1567,RF,0.331,1709.0,1.4525906043753491
1704,RF,0.331,1709.0,1.4525906043753491
1903,RF,0.331,1709.0,1.4525906043753491
2374,RF,0.331,1709.0,1.4525906043753491
2424,RF,0.331,1709.0,1.4525906043753491
2470,RF,0.331,1709.0,1.4525906043753491
2476,RF,0.331,1709.0,1.4525906043753491
2518,RF,0.331,1709.0,1.4525906043753491
98,RF,0.33,1723.0,1.44820211312346
750,RF,0.33,1723.0,1.44820211312346
1115,RF,0.33,1723.0,1.44820211312346
1528,RF,0.33,1723.0,1.44820211312346
1894,RF,0.33,1723.0,1.44820211312346
2217,RF,0.33,1723.0,1.44820211312346
2628,RF,0.33,1723.0,1.44820211312346
2662,RF,0.33,1723.0,1.44820211312346
111,RF,0.329,1731.0,1.4438136218715707
1209,RF,0.329,1731.0,1.4438136218715707
1929,RF,0.329,1731.0,1.4438136218715707
2173,RF,0.329,1731.0,1.4438136218715707
2591,RF,0.329,1731.0,1.4438136218715707
2643,RF,0.329,1731.0,1.4438136218715707
1174,RF,0.328,1737.0,1.4394251306196815
1521,RF,0.328,1737.0,1.4394251306196815
1743,RF,0.328,1737.0,1.4394251306196815
2316,RF,0.328,1737.0,1.4394251306196815
415,RF,0.327,1741.0,1.435036639367792
453,RF,0.327,1741.0,1.435036639367792
1290,RF,0.327,1741.0,1.435036639367792
2425,RF,0.327,1741.0,1.435036639367792
2556,RF,0.327,1741.0,1.435036639367792
298,RF,0.326,1746.0,1.4306481481159028
757,RF,0.326,1746.0,1.4306481481159028
807,RF,0.326,1746.0,1.4306481481159028
1576,RF,0.326,1746.0,1.4306481481159028
1794,RF,0.326,1746.0,1.4306481481159028
2007,RF,0.326,1746.0,1.4306481481159028
2602,RF,0.326,1746.0,1.4306481481159028
858,RF,0.325,1753.0,1.4262596568640136
864,RF,0.325,1753.0,1.4262596568640136
1298,RF,0.325,1753.0,1.4262596568640136
1358,RF,0.325,1753.0,1.4262596568640136
1571,RF,0.325,1753.0,1.4262596568640136
2231,RF,0.325,1753.0,1.4262596568640136
2254,RF,0.325,1753.0,1.4262596568640136
1792,RF,0.324,1760.0,1.4218711656121243
2474,RF,0.324,1760.0,1.4218711656121243
534,RF,0.323,1762.0,1.4174826743602351
1564,RF,0.323,1762.0,1.4174826743602351
1684,RF,0.323,1762.0,1.4174826743602351
2375,RF,0.323,1762.0,1.4174826743602351
703,RF,0.322,1766.0,1.4130941831083457
2066,RF,0.322,1766.0,1.4130941831083457
2230,RF,0.322,1766.0,1.4130941831083457
2311,RF,0.322,1766.0,1.4130941831083457
647,RF,0.321,1770.0,1.4087056918564564
1392,RF,0.321,1770.0,1.4087056918564564
1587,RF,0.321,1770.0,1.4087056918564564
1767,RF,0.321,1770.0,1.4087056918564564
2024,RF,0.321,1770.0,1.4087056918564564
2169,RF,0.321,1770.0,1.4087056918564564
2277,RF,0.321,1770.0,1.4087056918564564
2682,RF,0.321,1770.0,1.4087056918564564
1722,RF,0.32,1778.0,1.4043172006045672
1895,RF,0.32,1778.0,1.4043172006045672
2116,RF,0.32,1778.0,1.4043172006045672
2360,RF,0.32,1778.0,1.4043172006045672
295,RF,0.319,1782.0,1.399928709352678
397,RF,0.319,1782.0,1.399928709352678
1278,RF,0.319,1782.0,1.399928709352678
1454,RF,0.319,1782.0,1.399928709352678
1470,RF,0.319,1782.0,1.399928709352678
1925,RF,0.319,1782.0,1.399928709352678
2098,RF,0.319,1782.0,1.399928709352678
2167,RF,0.319,1782.0,1.399928709352678
495,RF,0.318,1790.0,1.3955402181007885
685,RF,0.318,1790.0,1.3955402181007885
1211,RF,0.318,1790.0,1.3955402181007885
1276,RF,0.318,1790.0,1.3955402181007885
1536,RF,0.318,1790.0,1.3955402181007885
1314,RF,0.317,1795.0,1.3911517268488993
1414,RF,0.317,1795.0,1.3911517268488993
1583,RF,0.317,1795.0,1.3911517268488993
1781,RF,0.317,1795.0,1.3911517268488993
1864,RF,0.317,1795.0,1.3911517268488993
1884,RF,0.317,1795.0,1.3911517268488993
57,RF,0.316,1801.0,1.38676323559701
503,RF,0.316,1801.0,1.38676323559701
563,RF,0.316,1801.0,1.38676323559701
1147,RF,0.316,1801.0,1.38676323559701
2397,RF,0.316,1801.0,1.38676323559701
2494,RF,0.316,1801.0,1.38676323559701
509,RF,0.315,1807.0,1.3823747443451209
2440,RF,0.315,1807.0,1.3823747443451209
2700,RF,0.315,1807.0,1.3823747443451209
798,RF,0.314,1810.0,1.3779862530932314
975,RF,0.314,1810.0,1.3779862530932314
1203,RF,0.314,1810.0,1.3779862530932314
1867,RF,0.314,1810.0,1.3779862530932314
2306,RF,0.314,1810.0,1.3779862530932314
1178,RF,0.313,1815.0,1.3735977618413422
1845,RF,0.313,1815.0,1.3735977618413422
105,RF,0.312,1817.0,1.369209270589453
1052,RF,0.312,1817.0,1.369209270589453
1085,RF,0.312,1817.0,1.369209270589453
2017,RF,0.312,1817.0,1.369209270589453
66,RF,0.311,1821.0,1.3648207793375637
261,RF,0.311,1821.0,1.3648207793375637
1799,RF,0.311,1821.0,1.3648207793375637
1994,RF,0.311,1821.0,1.3648207793375637
2483,RF,0.311,1821.0,1.3648207793375637
2728,RF,0.311,1821.0,1.3648207793375637
390,RF,0.31,1827.0,1.3604322880856745
468,RF,0.31,1827.0,1.3604322880856745
1478,RF,0.31,1827.0,1.3604322880856745
1490,RF,0.31,1827.0,1.3604322880856745
1664,RF,0.31,1827.0,1.3604322880856745
366,RF,0.309,1832.0,1.356043796833785
1542,RF,0.309,1832.0,1.356043796833785
2016,RF,0.309,1832.0,1.356043796833785
2735,RF,0.309,1832.0,1.356043796833785
1150,RF,0.308,1836.0,1.3516553055818958
1179,RF,0.308,1836.0,1.3516553055818958
1176,RF,0.307,1838.0,1.3472668143300066
1393,RF,0.307,1838.0,1.3472668143300066
8,RF,0.306,1840.0,1.3428783230781174
407,RF,0.306,1840.0,1.3428783230781174
1066,RF,0.306,1840.0,1.3428783230781174
754,RF,0.305,1843.0,1.338489831826228
1154,RF,0.305,1843.0,1.338489831826228
1202,RF,0.305,1843.0,1.338489831826228
1658,RF,0.305,1843.0,1.338489831826228
1950,RF,0.305,1843.0,1.338489831826228
2364,RF,0.305,1843.0,1.338489831826228
2508,RF,0.305,1843.0,1.338489831826228
435,RF,0.304,1850.0,1.3341013405743387
1149,RF,0.304,1850.0,1.3341013405743387
1541,RF,0.304,1850.0,1.3341013405743387
2325,RF,0.304,1850.0,1.3341013405743387
2654,RF,0.304,1850.0,1.3341013405743387
820,RF,0.303,1855.0,1.3297128493224495
1600,RF,0.303,1855.0,1.3297128493224495
1973,RF,0.303,1855.0,1.3297128493224495
2018,RF,0.303,1855.0,1.3297128493224495
2296,RF,0.303,1855.0,1.3297128493224495
172,RF,0.302,1860.0,1.3253243580705603
2172,RF,0.302,1860.0,1.3253243580705603
2554,RF,0.302,1860.0,1.3253243580705603
114,RF,0.301,1863.0,1.320935866818671
715,RF,0.301,1863.0,1.320935866818671
733,RF,0.301,1863.0,1.320935866818671
1364,RF,0.301,1863.0,1.320935866818671
2447,RF,0.301,1863.0,1.320935866818671
2611,RF,0.301,1863.0,1.320935866818671
2637,RF,0.301,1863.0,1.320935866818671
412,RF,0.3,1870.0,1.3165473755667816
742,RF,0.3,1870.0,1.3165473755667816
839,RF,0.3,1870.0,1.3165473755667816
1340,RF,0.3,1870.0,1.3165473755667816
1458,RF,0.3,1870.0,1.3165473755667816
1896,RF,0.3,1870.0,1.3165473755667816
1918,RF,0.3,1870.0,1.3165473755667816
2750,RF,0.3,1870.0,1.3165473755667816
342,RF,0.299,1878.0,1.3121588843148924
1416,RF,0.299,1878.0,1.3121588843148924
1800,RF,0.299,1878.0,1.3121588843148924
2461,RF,0.299,1878.0,1.3121588843148924
203,RF,0.298,1882.0,1.3077703930630031
221,RF,0.298,1882.0,1.3077703930630031
363,RF,0.298,1882.0,1.3077703930630031
915,RF,0.298,1882.0,1.3077703930630031
1592,RF,0.298,1882.0,1.3077703930630031
2395,RF,0.298,1882.0,1.3077703930630031
42,RF,0.297,1888.0,1.303381901811114
80,RF,0.297,1888.0,1.303381901811114
1217,RF,0.297,1888.0,1.303381901811114
2299,RF,0.297,1888.0,1.303381901811114
555,RF,0.296,1892.0,1.2989934105592245
629,RF,0.296,1892.0,1.2989934105592245
2081,RF,0.296,1892.0,1.2989934105592245
240,RF,0.295,1895.0,1.2946049193073352
278,RF,0.295,1895.0,1.2946049193073352
834,RF,0.295,1895.0,1.2946049193073352
2532,RF,0.295,1895.0,1.2946049193073352
603,RF,0.294,1899.0,1.290216428055446
1701,RF,0.294,1899.0,1.290216428055446
148,RF,0.293,1901.0,1.2858279368035568
226,RF,0.293,1901.0,1.2858279368035568
621,RF,0.293,1901.0,1.2858279368035568
665,RF,0.293,1901.0,1.2858279368035568
947,RF,0.293,1901.0,1.2858279368035568
1173,RF,0.293,1901.0,1.2858279368035568
1634,RF,0.293,1901.0,1.2858279368035568
1898,RF,0.293,1901.0,1.2858279368035568
1970,RF,0.293,1901.0,1.2858279368035568
2387,RF,0.293,1901.0,1.2858279368035568
2409,RF,0.293,1901.0,1.2858279368035568
717,RF,0.292,1912.0,1.2814394455516676
907,RF,0.292,1912.0,1.2814394455516676
989,RF,0.292,1912.0,1.2814394455516676
1899,RF,0.292,1912.0,1.2814394455516676
346,RF,0.291,1916.0,1.277050954299778
487,RF,0.291,1916.0,1.277050954299778
607,RF,0.291,1916.0,1.277050954299778
906,RF,0.291,1916.0,1.277050954299778
956,RF,0.291,1916.0,1.277050954299778
2473,RF,0.291,1916.0,1.277050954299778
165,RF,0.29,1922.0,1.2726624630478889
406,RF,0.29,1922.0,1.2726624630478889
513,RF,0.29,1922.0,1.2726624630478889
2077,RF,0.29,1922.0,1.2726624630478889
2111,RF,0.29,1922.0,1.2726624630478889
2194,RF,0.29,1922.0,1.2726624630478889
2258,RF,0.29,1922.0,1.2726624630478889
2301,RF,0.29,1922.0,1.2726624630478889
2692,RF,0.29,1922.0,1.2726624630478889
401,RF,0.289,1931.0,1.2682739717959997
418,RF,0.289,1931.0,1.2682739717959997
840,RF,0.289,1931.0,1.2682739717959997
926,RF,0.289,1931.0,1.2682739717959997
1696,RF,0.289,1931.0,1.2682739717959997
2335,RF,0.289,1931.0,1.2682739717959997
2350,RF,0.289,1931.0,1.2682739717959997
2421,RF,0.289,1931.0,1.2682739717959997
532,RF,0.288,1939.0,1.2638854805441104
658,RF,0.288,1939.0,1.2638854805441104
971,RF,0.288,1939.0,1.2638854805441104
1389,RF,0.288,1939.0,1.2638854805441104
2141,RF,0.288,1939.0,1.2638854805441104
2256,RF,0.288,1939.0,1.2638854805441104
477,RF,0.287,1945.0,1.259496989292221
501,RF,0.287,1945.0,1.259496989292221
554,RF,0.287,1945.0,1.259496989292221
1055,RF,0.287,1945.0,1.259496989292221
1556,RF,0.287,1945.0,1.259496989292221
2618,RF,0.287,1945.0,1.259496989292221
2144,RF,0.286,1951.0,1.2551084980403318
2636,RF,0.286,1951.0,1.2551084980403318
688,RF,0.285,1953.0,1.2507200067884425
1512,RF,0.285,1953.0,1.2507200067884425
738,RF,0.284,1955.0,1.2463315155365533
830,RF,0.284,1955.0,1.2463315155365533
974,RF,0.284,1955.0,1.2463315155365533
1143,RF,0.284,1955.0,1.2463315155365533
2570,RF,0.284,1955.0,1.2463315155365533
831,RF,0.283,1960.0,1.2419430242846639
1029,RF,0.283,1960.0,1.2419430242846639
1519,RF,0.283,1960.0,1.2419430242846639
669,RF,0.282,1963.0,1.2375545330327746
1288,RF,0.282,1963.0,1.2375545330327746
1433,RF,0.282,1963.0,1.2375545330327746
788,RF,0.281,1966.0,1.2331660417808856
867,RF,0.281,1966.0,1.2331660417808856
1921,RF,0.281,1966.0,1.2331660417808856
2002,RF,0.281,1966.0,1.2331660417808856
2125,RF,0.281,1966.0,1.2331660417808856
2427,RF,0.281,1966.0,1.2331660417808856
2661,RF,0.281,1966.0,1.2331660417808856
113,RF,0.28,1973.0,1.2287775505289964
689,RF,0.28,1973.0,1.2287775505289964
783,RF,0.28,1973.0,1.2287775505289964
852,RF,0.28,1973.0,1.2287775505289964
1253,RF,0.28,1973.0,1.2287775505289964
1332,RF,0.28,1973.0,1.2287775505289964
2118,RF,0.28,1973.0,1.2287775505289964
2459,RF,0.279,1980.0,1.2243890592771072
462,RF,0.278,1981.0,1.2200005680252177
572,RF,0.278,1981.0,1.2200005680252177
2527,RF,0.278,1981.0,1.2200005680252177
155,RF,0.277,1984.0,1.2156120767733285
600,RF,0.277,1984.0,1.2156120767733285
1015,RF,0.277,1984.0,1.2156120767733285
1027,RF,0.277,1984.0,1.2156120767733285
1981,RF,0.277,1984.0,1.2156120767733285
2376,RF,0.277,1984.0,1.2156120767733285
2548,RF,0.277,1984.0,1.2156120767733285
670,RF,0.276,1991.0,1.2112235855214393
938,RF,0.276,1991.0,1.2112235855214393
1303,RF,0.276,1991.0,1.2112235855214393
21,RF,0.275,1994.0,1.20683509426955
147,RF,0.275,1994.0,1.20683509426955
378,RF,0.275,1994.0,1.20683509426955
398,RF,0.275,1994.0,1.20683509426955
499,RF,0.275,1994.0,1.20683509426955
778,RF,0.275,1994.0,1.20683509426955
1552,RF,0.275,1994.0,1.20683509426955
1944,RF,0.275,1994.0,1.20683509426955
2398,RF,0.275,1994.0,1.20683509426955
271,RF,0.274,2003.0,1.2024466030176608
1457,RF,0.274,2003.0,1.2024466030176608
2686,RF,0.274,2003.0,1.2024466030176608
175,RF,0.273,2006.0,1.1980581117657714
1050,RF,0.273,2006.0,1.1980581117657714
1195,RF,0.273,2006.0,1.1980581117657714
1467,RF,0.273,2006.0,1.1980581117657714
2027,RF,0.273,2006.0,1.1980581117657714
626,RF,0.272,2011.0,1.1936696205138821
1083,RF,0.272,2011.0,1.1936696205138821
1168,RF,0.272,2011.0,1.1936696205138821
1763,RF,0.272,2011.0,1.1936696205138821
1874,RF,0.272,2011.0,1.1936696205138821
2171,RF,0.272,2011.0,1.1936696205138821
118,RF,0.271,2017.0,1.189281129261993
233,RF,0.271,2017.0,1.189281129261993
1237,RF,0.271,2017.0,1.189281129261993
1908,RF,0.271,2017.0,1.189281129261993
2445,RF,0.271,2017.0,1.189281129261993
395,RF,0.27,2022.0,1.1848926380101037
589,RF,0.27,2022.0,1.1848926380101037
1375,RF,0.27,2022.0,1.1848926380101037
2668,RF,0.27,2022.0,1.1848926380101037
473,RF,0.269,2026.0,1.1805041467582142
519,RF,0.269,2026.0,1.1805041467582142
667,RF,0.269,2026.0,1.1805041467582142
1533,RF,0.269,2026.0,1.1805041467582142
1631,RF,0.269,2026.0,1.1805041467582142
489,RF,0.268,2031.0,1.176115655506325
1087,RF,0.268,2031.0,1.176115655506325
1897,RF,0.268,2031.0,1.176115655506325
1927,RF,0.268,2031.0,1.176115655506325
1983,RF,0.268,2031.0,1.176115655506325
2312,RF,0.268,2031.0,1.176115655506325
2468,RF,0.268,2031.0,1.176115655506325
209,RF,0.267,2038.0,1.1717271642544358
386,RF,0.267,2038.0,1.1717271642544358
1474,RF,0.267,2038.0,1.1717271642544358
2228,RF,0.267,2038.0,1.1717271642544358
2503,RF,0.267,2038.0,1.1717271642544358
1130,RF,0.266,2043.0,1.1673386730025466
2406,RF,0.266,2043.0,1.1673386730025466
824,RF,0.265,2045.0,1.1629501817506573
963,RF,0.265,2045.0,1.1629501817506573
1236,RF,0.265,2045.0,1.1629501817506573
1481,RF,0.265,2045.0,1.1629501817506573
163,RF,0.264,2049.0,1.158561690498768
227,RF,0.264,2049.0,1.158561690498768
267,RF,0.264,2049.0,1.158561690498768
1724,RF,0.264,2049.0,1.158561690498768
2353,RF,0.264,2049.0,1.158561690498768
2370,RF,0.264,2049.0,1.158561690498768
161,RF,0.263,2055.0,1.1541731992468787
419,RF,0.263,2055.0,1.1541731992468787
514,RF,0.263,2055.0,1.1541731992468787
727,RF,0.263,2055.0,1.1541731992468787
866,RF,0.263,2055.0,1.1541731992468787
2096,RF,0.263,2055.0,1.1541731992468787
347,RF,0.262,2061.0,1.1497847079949894
680,RF,0.262,2061.0,1.1497847079949894
1074,RF,0.262,2061.0,1.1497847079949894
1374,RF,0.262,2061.0,1.1497847079949894
2235,RF,0.262,2061.0,1.1497847079949894
2236,RF,0.262,2061.0,1.1497847079949894
2701,RF,0.262,2061.0,1.1497847079949894
1449,RF,0.261,2068.0,1.1453962167431002
2399,RF,0.261,2068.0,1.1453962167431002
2592,RF,0.261,2068.0,1.1453962167431002
466,RF,0.26,2071.0,1.1410077254912108
686,RF,0.26,2071.0,1.1410077254912108
994,RF,0.26,2071.0,1.1410077254912108
1529,RF,0.26,2071.0,1.1410077254912108
2642,RF,0.26,2071.0,1.1410077254912108
224,RF,0.259,2076.0,1.1366192342393215
682,RF,0.259,2076.0,1.1366192342393215
777,RF,0.259,2076.0,1.1366192342393215
1774,RF,0.259,2076.0,1.1366192342393215
1809,RF,0.259,2076.0,1.1366192342393215
1833,RF,0.259,2076.0,1.1366192342393215
2088,RF,0.259,2076.0,1.1366192342393215
2166,RF,0.259,2076.0,1.1366192342393215
615,RF,0.258,2084.0,1.1322307429874323
2253,RF,0.258,2084.0,1.1322307429874323
2268,RF,0.258,2084.0,1.1322307429874323
2573,RF,0.258,2084.0,1.1322307429874323
2754,RF,0.258,2084.0,1.1322307429874323
1318,RF,0.257,2089.0,1.127842251735543
1331,RF,0.257,2089.0,1.127842251735543
2276,RF,0.257,2089.0,1.127842251735543
2675,RF,0.257,2089.0,1.127842251735543
2715,RF,0.257,2089.0,1.127842251735543
673,RF,0.256,2094.0,1.1234537604836536
1213,RF,0.256,2094.0,1.1234537604836536
2123,RF,0.256,2094.0,1.1234537604836536
360,RF,0.255,2097.0,1.1190652692317644
701,RF,0.255,2097.0,1.1190652692317644
704,RF,0.255,2097.0,1.1190652692317644
999,RF,0.255,2097.0,1.1190652692317644
1620,RF,0.255,2097.0,1.1190652692317644
2357,RF,0.255,2097.0,1.1190652692317644
2655,RF,0.255,2097.0,1.1190652692317644
537,RF,0.254,2104.0,1.1146767779798752
1790,RF,0.254,2104.0,1.1146767779798752
849,RF,0.253,2106.0,1.110288286727986
1387,RF,0.253,2106.0,1.110288286727986
1813,RF,0.253,2106.0,1.110288286727986
1466,RF,0.251,2109.0,1.1015113042242073
2113,RF,0.251,2109.0,1.1015113042242073
597,RF,0.25,2111.0,1.097122812972318
1216,RF,0.25,2111.0,1.097122812972318
1628,RF,0.25,2111.0,1.097122812972318
1832,RF,0.25,2111.0,1.097122812972318
2083,RF,0.25,2111.0,1.097122812972318
2407,RF,0.25,2111.0,1.097122812972318
1065,RF,0.249,2117.0,1.0927343217204288
1103,RF,0.249,2117.0,1.0927343217204288
1180,RF,0.249,2117.0,1.0927343217204288
1293,RF,0.249,2117.0,1.0927343217204288
2460,RF,0.249,2117.0,1.0927343217204288
268,RF,0.248,2122.0,1.0883458304685396
1309,RF,0.248,2122.0,1.0883458304685396
980,RF,0.247,2124.0,1.0839573392166502
2720,RF,0.247,2124.0,1.0839573392166502
1777,RF,0.246,2126.0,1.079568847964761
2154,RF,0.246,2126.0,1.079568847964761
296,RF,0.245,2128.0,1.0751803567128717
611,RF,0.245,2128.0,1.0751803567128717
2041,RF,0.245,2128.0,1.0751803567128717
612,RF,0.244,2131.0,1.0707918654609825
829,RF,0.244,2131.0,1.0707918654609825
1626,RF,0.244,2131.0,1.0707918654609825
326,RF,0.243,2134.0,1.0664033742090933
1605,RF,0.243,2134.0,1.0664033742090933
332,RF,0.242,2136.0,1.0620148829572038
605,RF,0.242,2136.0,1.0620148829572038
1507,RF,0.242,2136.0,1.0620148829572038
1769,RF,0.242,2136.0,1.0620148829572038
1462,RF,0.241,2140.0,1.0576263917053146
1755,RF,0.241,2140.0,1.0576263917053146
2032,RF,0.241,2140.0,1.0576263917053146
2620,RF,0.241,2140.0,1.0576263917053146
1882,RF,0.24,2144.0,1.0532379004534254
2726,RF,0.24,2144.0,1.0532379004534254
73,RF,0.239,2146.0,1.0488494092015361
871,RF,0.239,2146.0,1.0488494092015361
946,RF,0.239,2146.0,1.0488494092015361
1110,RF,0.239,2146.0,1.0488494092015361
109,RF,0.238,2150.0,1.0444609179496467
446,RF,0.238,2150.0,1.0444609179496467
1269,RF,0.238,2150.0,1.0444609179496467
1742,RF,0.238,2150.0,1.0444609179496467
1771,RF,0.238,2150.0,1.0444609179496467
1926,RF,0.238,2150.0,1.0444609179496467
2215,RF,0.238,2150.0,1.0444609179496467
2545,RF,0.238,2150.0,1.0444609179496467
2744,RF,0.238,2150.0,1.0444609179496467
116,RF,0.237,2159.0,1.0400724266977575
542,RF,0.237,2159.0,1.0400724266977575
1251,RF,0.237,2159.0,1.0400724266977575
1675,RF,0.237,2159.0,1.0400724266977575
2303,RF,0.237,2159.0,1.0400724266977575
3,RF,0.236,2164.0,1.0356839354458682
461,RF,0.236,2164.0,1.0356839354458682
1137,RF,0.236,2164.0,1.0356839354458682
1222,RF,0.236,2164.0,1.0356839354458682
1396,RF,0.236,2164.0,1.0356839354458682
2619,RF,0.236,2164.0,1.0356839354458682
1230,RF,0.235,2170.0,1.031295444193979
804,RF,0.234,2171.0,1.0269069529420898
1426,RF,0.234,2171.0,1.0269069529420898
1997,RF,0.234,2171.0,1.0269069529420898
2051,RF,0.234,2171.0,1.0269069529420898
2729,RF,0.234,2171.0,1.0269069529420898
432,RF,0.233,2176.0,1.0225184616902006
1046,RF,0.233,2176.0,1.0225184616902006
1547,RF,0.233,2176.0,1.0225184616902006
1831,RF,0.233,2176.0,1.0225184616902006
2342,RF,0.233,2176.0,1.0225184616902006
16,RF,0.232,2181.0,1.0181299704383113
421,RF,0.232,2181.0,1.0181299704383113
1072,RF,0.232,2181.0,1.0181299704383113
1435,RF,0.232,2181.0,1.0181299704383113
2176,RF,0.232,2181.0,1.0181299704383113
139,RF,0.231,2186.0,1.0137414791864219
2513,RF,0.231,2186.0,1.0137414791864219
2574,RF,0.231,2186.0,1.0137414791864219
123,RF,0.23,2189.0,1.0093529879345327
133,RF,0.23,2189.0,1.0093529879345327
470,RF,0.23,2189.0,1.0093529879345327
2112,RF,0.23,2189.0,1.0093529879345327
2722,RF,0.23,2189.0,1.0093529879345327
384,RF,0.229,2194.0,1.0049644966826434
639,RF,0.229,2194.0,1.0049644966826434
1034,RF,0.229,2194.0,1.0049644966826434
1351,RF,0.229,2194.0,1.0049644966826434
1723,RF,0.229,2194.0,1.0049644966826434
2631,RF,0.229,2194.0,1.0049644966826434
882,RF,0.228,2200.0,1.0005760054307542
1477,RF,0.228,2200.0,1.0005760054307542
1797,RF,0.228,2200.0,1.0005760054307542
328,RF,0.227,2203.0,0.9961875141788649
681,RF,0.227,2203.0,0.9961875141788649
977,RF,0.227,2203.0,0.9961875141788649
1461,RF,0.227,2203.0,0.9961875141788649
1508,RF,0.227,2203.0,0.9961875141788649
2042,RF,0.227,2203.0,0.9961875141788649
327,RF,0.226,2209.0,0.9917990229269755
771,RF,0.225,2210.0,0.9874105316750863
1060,RF,0.225,2210.0,0.9874105316750863
592,RF,0.224,2212.0,0.9830220404231971
1517,RF,0.224,2212.0,0.9830220404231971
620,RF,0.223,2214.0,0.9786335491713077
645,RF,0.223,2214.0,0.9786335491713077
699,RF,0.223,2214.0,0.9786335491713077
813,RF,0.223,2214.0,0.9786335491713077
2050,RF,0.223,2214.0,0.9786335491713077
2142,RF,0.223,2214.0,0.9786335491713077
356,RF,0.222,2220.0,0.9742450579194185
2239,RF,0.222,2220.0,0.9742450579194185
2329,RF,0.222,2220.0,0.9742450579194185
2396,RF,0.222,2220.0,0.9742450579194185
1785,RF,0.221,2224.0,0.9698565666675292
2186,RF,0.221,2224.0,0.9698565666675292
1336,RF,0.22,2226.0,0.96546807541564
275,RF,0.219,2227.0,0.9610795841637506
524,RF,0.219,2227.0,0.9610795841637506
677,RF,0.219,2227.0,0.9610795841637506
1368,RF,0.219,2227.0,0.9610795841637506
1495,RF,0.219,2227.0,0.9610795841637506
399,RF,0.218,2232.0,0.9566910929118614
269,RF,0.217,2233.0,0.952302601659972
393,RF,0.217,2233.0,0.952302601659972
2015,RF,0.217,2233.0,0.952302601659972
2771,RF,0.217,2233.0,0.952302601659972
217,RF,0.216,2237.0,0.9479141104080828
1131,RF,0.216,2237.0,0.9479141104080828
1223,RF,0.215,2239.0,0.9435256191561936
1241,RF,0.215,2239.0,0.9435256191561936
1273,RF,0.215,2239.0,0.9435256191561936
1751,RF,0.215,2239.0,0.9435256191561936
2031,RF,0.215,2239.0,0.9435256191561936
2174,RF,0.215,2239.0,0.9435256191561936
1370,RF,0.214,2245.0,0.9391371279043043
1386,RF,0.214,2245.0,0.9391371279043043
1497,RF,0.214,2245.0,0.9391371279043043
232,RF,0.213,2248.0,0.934748636652415
1042,RF,0.213,2248.0,0.934748636652415
1127,RF,0.213,2248.0,0.934748636652415
2035,RF,0.213,2248.0,0.934748636652415
2711,RF,0.213,2248.0,0.934748636652415
1061,RF,0.212,2253.0,0.9303601454005257
1099,RF,0.212,2253.0,0.9303601454005257
1586,RF,0.212,2253.0,0.9303601454005257
1633,RF,0.212,2253.0,0.9303601454005257
1822,RF,0.212,2253.0,0.9303601454005257
2402,RF,0.212,2253.0,0.9303601454005257
2472,RF,0.212,2253.0,0.9303601454005257
1434,RF,0.211,2260.0,0.9259716541486365
1709,RF,0.211,2260.0,0.9259716541486365
2244,RF,0.211,2260.0,0.9259716541486365
2322,RF,0.211,2260.0,0.9259716541486365
2507,RF,0.211,2260.0,0.9259716541486365
231,RF,0.21,2265.0,0.9215831628967471
448,RF,0.21,2265.0,0.9215831628967471
737,RF,0.21,2265.0,0.9215831628967471
1365,RF,0.21,2265.0,0.9215831628967471
1485,RF,0.21,2265.0,0.9215831628967471
182,RF,0.209,2270.0,0.9171946716448579
354,RF,0.208,2271.0,0.9128061803929686
1049,RF,0.208,2271.0,0.9128061803929686
1259,RF,0.208,2271.0,0.9128061803929686
1294,RF,0.208,2271.0,0.9128061803929686
1795,RF,0.208,2271.0,0.9128061803929686
2569,RF,0.208,2271.0,0.9128061803929686
2603,RF,0.208,2271.0,0.9128061803929686
2182,RF,0.207,2278.0,0.9084176891410793
2324,RF,0.207,2278.0,0.9084176891410793
2463,RF,0.207,2278.0,0.9084176891410793
2516,RF,0.207,2278.0,0.9084176891410793
216,RF,0.206,2282.0,0.90402919788919
2521,RF,0.206,2282.0,0.90402919788919
436,RF,0.205,2284.0,0.8996407066373008
1191,RF,0.205,2284.0,0.8996407066373008
1573,RF,0.205,2284.0,0.8996407066373008
1588,RF,0.205,2284.0,0.8996407066373008
2652,RF,0.205,2284.0,0.8996407066373008
48,RF,0.204,2289.0,0.8952522153854116
1006,RF,0.204,2289.0,0.8952522153854116
190,RF,0.203,2291.0,0.8908637241335223
1071,RF,0.203,2291.0,0.8908637241335223
1156,RF,0.203,2291.0,0.8908637241335223
1589,RF,0.203,2291.0,0.8908637241335223
1615,RF,0.203,2291.0,0.8908637241335223
498,RF,0.202,2296.0,0.8864752328816331
949,RF,0.202,2296.0,0.8864752328816331
1366,RF,0.202,2296.0,0.8864752328816331
2625,RF,0.202,2296.0,0.8864752328816331
49,RF,0.201,2300.0,0.8820867416297438
1132,RF,0.201,2300.0,0.8820867416297438
1327,RF,0.201,2300.0,0.8820867416297438
1598,RF,0.201,2300.0,0.8820867416297438
2127,RF,0.201,2300.0,0.8820867416297438
2285,RF,0.201,2300.0,0.8820867416297438
198,RF,0.2,2306.0,0.8776982503778545
1820,RF,0.2,2306.0,0.8776982503778545
2196,RF,0.2,2306.0,0.8776982503778545
987,RF,0.199,2309.0,0.8733097591259652
1284,RF,0.199,2309.0,0.8733097591259652
1683,RF,0.199,2309.0,0.8733097591259652
1868,RF,0.199,2309.0,0.8733097591259652
577,RF,0.198,2313.0,0.868921267874076
641,RF,0.198,2313.0,0.868921267874076
953,RF,0.198,2313.0,0.868921267874076
2362,RF,0.198,2313.0,0.868921267874076
662,RF,0.197,2317.0,0.8645327766221866
870,RF,0.197,2317.0,0.8645327766221866
1870,RF,0.197,2317.0,0.8645327766221866
1928,RF,0.197,2317.0,0.8645327766221866
2328,RF,0.197,2317.0,0.8645327766221866
430,RF,0.196,2322.0,0.8601442853702974
2707,RF,0.196,2322.0,0.8601442853702974
5,RF,0.195,2324.0,0.8557557941184082
760,RF,0.195,2324.0,0.8557557941184082
1668,RF,0.195,2324.0,0.8557557941184082
2331,RF,0.195,2324.0,0.8557557941184082
2428,RF,0.195,2324.0,0.8557557941184082
2558,RF,0.195,2324.0,0.8557557941184082
2712,RF,0.195,2324.0,0.8557557941184082
515,RF,0.194,2331.0,0.8513673028665188
711,RF,0.194,2331.0,0.8513673028665188
881,RF,0.194,2331.0,0.8513673028665188
1346,RF,0.194,2331.0,0.8513673028665188
1496,RF,0.194,2331.0,0.8513673028665188
2379,RF,0.194,2331.0,0.8513673028665188
2693,RF,0.194,2331.0,0.8513673028665188
284,RF,0.193,2338.0,0.8469788116146296
1186,RF,0.193,2338.0,0.8469788116146296
2071,RF,0.193,2338.0,0.8469788116146296
2565,RF,0.193,2338.0,0.8469788116146296
191,RF,0.192,2342.0,0.8425903203627403
1196,RF,0.192,2342.0,0.8425903203627403
2040,RF,0.192,2342.0,0.8425903203627403
2129,RF,0.192,2342.0,0.8425903203627403
2426,RF,0.191,2346.0,0.8382018291108511
92,RF,0.19,2347.0,0.8338133378589617
510,RF,0.19,2347.0,0.8338133378589617
1133,RF,0.19,2347.0,0.8338133378589617
1770,RF,0.19,2347.0,0.8338133378589617
2086,RF,0.19,2347.0,0.8338133378589617
2107,RF,0.19,2347.0,0.8338133378589617
2706,RF,0.19,2347.0,0.8338133378589617
2772,RF,0.19,2347.0,0.8338133378589617
14,RF,0.189,2355.0,0.8294248466070725
1289,RF,0.189,2355.0,0.8294248466070725
1362,RF,0.189,2355.0,0.8294248466070725
1844,RF,0.189,2355.0,0.8294248466070725
2747,RF,0.189,2355.0,0.8294248466070725
2777,RF,0.189,2355.0,0.8294248466070725
1022,RF,0.188,2361.0,0.8250363553551832
1265,RF,0.188,2361.0,0.8250363553551832
1516,RF,0.188,2361.0,0.8250363553551832
2378,RF,0.188,2361.0,0.8250363553551832
63,RF,0.187,2365.0,0.8206478641032939
731,RF,0.187,2365.0,0.8206478641032939
808,RF,0.187,2365.0,0.8206478641032939
1177,RF,0.187,2365.0,0.8206478641032939
1319,RF,0.187,2365.0,0.8206478641032939
1357,RF,0.187,2365.0,0.8206478641032939
1827,RF,0.187,2365.0,0.8206478641032939
2549,RF,0.187,2365.0,0.8206478641032939
2751,RF,0.187,2365.0,0.8206478641032939
94,RF,0.186,2374.0,0.8162593728514047
931,RF,0.186,2374.0,0.8162593728514047
1865,RF,0.186,2374.0,0.8162593728514047
2197,RF,0.186,2374.0,0.8162593728514047
2641,RF,0.186,2374.0,0.8162593728514047
2730,RF,0.186,2374.0,0.8162593728514047
71,RF,0.185,2380.0,0.8118708815995154
591,RF,0.185,2380.0,0.8118708815995154
1915,RF,0.185,2380.0,0.8118708815995154
817,RF,0.184,2383.0,0.8074823903476261
1207,RF,0.184,2383.0,0.8074823903476261
2681,RF,0.184,2383.0,0.8074823903476261
13,RF,0.183,2386.0,0.8030938990957368
480,RF,0.183,2386.0,0.8030938990957368
651,RF,0.183,2386.0,0.8030938990957368
1228,RF,0.183,2386.0,0.8030938990957368
1851,RF,0.182,2390.0,0.7987054078438476
87,RF,0.181,2391.0,0.7943169165919582
517,RF,0.181,2391.0,0.7943169165919582
1561,RF,0.181,2391.0,0.7943169165919582
1975,RF,0.181,2391.0,0.7943169165919582
2577,RF,0.181,2391.0,0.7943169165919582
68,RF,0.18,2396.0,0.789928425340069
368,RF,0.18,2396.0,0.789928425340069
648,RF,0.18,2396.0,0.789928425340069
764,RF,0.18,2396.0,0.789928425340069
1376,RF,0.18,2396.0,0.789928425340069
2534,RF,0.18,2396.0,0.789928425340069
2535,RF,0.18,2396.0,0.789928425340069
2482,RF,0.179,2403.0,0.7855399340881797
1235,RF,0.178,2404.0,0.7811514428362905
1840,RF,0.178,2404.0,0.7811514428362905
1911,RF,0.178,2404.0,0.7811514428362905
2146,RF,0.178,2404.0,0.7811514428362905
2155,RF,0.178,2404.0,0.7811514428362905
2383,RF,0.178,2404.0,0.7811514428362905
2502,RF,0.178,2404.0,0.7811514428362905
440,RF,0.177,2411.0,0.7767629515844011
644,RF,0.177,2411.0,0.7767629515844011
875,RF,0.177,2411.0,0.7767629515844011
2271,RF,0.177,2411.0,0.7767629515844011
2465,RF,0.177,2411.0,0.7767629515844011
2669,RF,0.177,2411.0,0.7767629515844011
1175,RF,0.176,2417.0,0.7723744603325119
1987,RF,0.176,2417.0,0.7723744603325119
2143,RF,0.176,2417.0,0.7723744603325119
152,RF,0.175,2420.0,0.7679859690806227
1262,RF,0.175,2420.0,0.7679859690806227
2207,RF,0.175,2420.0,0.7679859690806227
2219,RF,0.175,2420.0,0.7679859690806227
2510,RF,0.175,2420.0,0.7679859690806227
2721,RF,0.175,2420.0,0.7679859690806227
359,RF,0.174,2426.0,0.7635974778287333
576,RF,0.174,2426.0,0.7635974778287333
1857,RF,0.174,2426.0,0.7635974778287333
678,RF,0.173,2429.0,0.7592089865768441
984,RF,0.173,2429.0,0.7592089865768441
1299,RF,0.173,2429.0,0.7592089865768441
1557,RF,0.173,2429.0,0.7592089865768441
2046,RF,0.173,2429.0,0.7592089865768441
2061,RF,0.173,2429.0,0.7592089865768441
2449,RF,0.173,2429.0,0.7592089865768441
1816,RF,0.172,2436.0,0.7548204953249548
2288,RF,0.172,2436.0,0.7548204953249548
154,RF,0.171,2438.0,0.7504320040730657
200,RF,0.171,2438.0,0.7504320040730657
1256,RF,0.171,2438.0,0.7504320040730657
1464,RF,0.171,2438.0,0.7504320040730657
1757,RF,0.171,2438.0,0.7504320040730657
309,RF,0.17,2443.0,0.7460435128211763
1003,RF,0.17,2443.0,0.7460435128211763
1553,RF,0.17,2443.0,0.7460435128211763
2124,RF,0.17,2443.0,0.7460435128211763
374,RF,0.169,2447.0,0.7416550215692871
983,RF,0.169,2447.0,0.7416550215692871
1024,RF,0.169,2447.0,0.7416550215692871
1057,RF,0.169,2447.0,0.7416550215692871
1703,RF,0.169,2447.0,0.7416550215692871
1812,RF,0.169,2447.0,0.7416550215692871
1878,RF,0.169,2447.0,0.7416550215692871
2121,RF,0.169,2447.0,0.7416550215692871
50,RF,0.168,2455.0,0.7372665303173978
643,RF,0.168,2455.0,0.7372665303173978
1947,RF,0.168,2455.0,0.7372665303173978
83,RF,0.167,2458.0,0.7328780390655085
724,RF,0.167,2458.0,0.7328780390655085
1227,RF,0.167,2458.0,0.7328780390655085
1671,RF,0.167,2458.0,0.7328780390655085
2349,RF,0.167,2458.0,0.7328780390655085
751,RF,0.166,2463.0,0.7284895478136193
1091,RF,0.166,2463.0,0.7284895478136193
1602,RF,0.166,2463.0,0.7284895478136193
2109,RF,0.166,2463.0,0.7284895478136193
2559,RF,0.166,2463.0,0.7284895478136193
2587,RF,0.166,2463.0,0.7284895478136193
687,RF,0.165,2469.0,0.72410105656173
1424,RF,0.165,2469.0,0.72410105656173
2417,RF,0.165,2469.0,0.72410105656173
213,RF,0.164,2472.0,0.7197125653098407
848,RF,0.164,2472.0,0.7197125653098407
1804,RF,0.164,2472.0,0.7197125653098407
242,RF,0.163,2475.0,0.7153240740579514
299,RF,0.163,2475.0,0.7153240740579514
1737,RF,0.163,2475.0,0.7153240740579514
2101,RF,0.163,2475.0,0.7153240740579514
103,RF,0.162,2479.0,0.7109355828060622
331,RF,0.162,2479.0,0.7109355828060622
912,RF,0.162,2479.0,0.7109355828060622
2498,RF,0.162,2479.0,0.7109355828060622
106,RF,0.161,2483.0,0.7065470915541728
315,RF,0.161,2483.0,0.7065470915541728
982,RF,0.161,2483.0,0.7065470915541728
1632,RF,0.161,2483.0,0.7065470915541728
543,RF,0.16,2487.0,0.7021586003022836
2687,RF,0.16,2487.0,0.7021586003022836
1504,RF,0.159,2489.0,0.6977701090503943
1848,RF,0.159,2489.0,0.6977701090503943
2317,RF,0.159,2489.0,0.6977701090503943
2493,RF,0.159,2489.0,0.6977701090503943
2579,RF,0.159,2489.0,0.6977701090503943
239,RF,0.158,2494.0,0.693381617798505
992,RF,0.158,2494.0,0.693381617798505
1936,RF,0.158,2494.0,0.693381617798505
2,RF,0.157,2497.0,0.6889931265466157
880,RF,0.157,2497.0,0.6889931265466157
1446,RF,0.157,2497.0,0.6889931265466157
1641,RF,0.157,2497.0,0.6889931265466157
215,RF,0.156,2501.0,0.6846046352947265
329,RF,0.156,2501.0,0.6846046352947265
941,RF,0.156,2501.0,0.6846046352947265
1206,RF,0.156,2501.0,0.6846046352947265
1823,RF,0.156,2501.0,0.6846046352947265
1187,RF,0.155,2506.0,0.6802161440428373
1687,RF,0.155,2506.0,0.6802161440428373
1817,RF,0.155,2506.0,0.6802161440428373
1842,RF,0.155,2506.0,0.6802161440428373
1889,RF,0.155,2506.0,0.6802161440428373
2572,RF,0.155,2506.0,0.6802161440428373
2647,RF,0.155,2506.0,0.6802161440428373
30,RF,0.154,2513.0,0.6758276527909479
121,RF,0.154,2513.0,0.6758276527909479
375,RF,0.154,2513.0,0.6758276527909479
842,RF,0.154,2513.0,0.6758276527909479
1595,RF,0.154,2513.0,0.6758276527909479
1735,RF,0.154,2513.0,0.6758276527909479
1741,RF,0.154,2513.0,0.6758276527909479
579,RF,0.153,2520.0,0.6714391615390587
1086,RF,0.153,2520.0,0.6714391615390587
1335,RF,0.153,2520.0,0.6714391615390587
1636,RF,0.153,2520.0,0.6714391615390587
1679,RF,0.153,2520.0,0.6714391615390587
2192,RF,0.153,2520.0,0.6714391615390587
2377,RF,0.153,2520.0,0.6714391615390587
2606,RF,0.153,2520.0,0.6714391615390587
841,RF,0.152,2528.0,0.6670506702871694
779,RF,0.151,2529.0,0.6626621790352801
932,RF,0.151,2529.0,0.6626621790352801
1463,RF,0.151,2529.0,0.6626621790352801
720,RF,0.15,2532.0,0.6582736877833908
936,RF,0.15,2532.0,0.6582736877833908
1850,RF,0.15,2532.0,0.6582736877833908
1984,RF,0.15,2532.0,0.6582736877833908
2009,RF,0.15,2532.0,0.6582736877833908
2550,RF,0.15,2532.0,0.6582736877833908
1092,RF,0.149,2538.0,0.6538851965315016
1282,RF,0.149,2538.0,0.6538851965315016
1525,RF,0.149,2538.0,0.6538851965315016
1836,RF,0.149,2538.0,0.6538851965315016
108,RF,0.148,2542.0,0.6494967052796122
1134,RF,0.148,2542.0,0.6494967052796122
2263,RF,0.148,2542.0,0.6494967052796122
2343,RF,0.148,2542.0,0.6494967052796122
2560,RF,0.148,2542.0,0.6494967052796122
558,RF,0.147,2547.0,0.645108214027723
604,RF,0.147,2547.0,0.645108214027723
796,RF,0.147,2547.0,0.645108214027723
1161,RF,0.147,2547.0,0.645108214027723
692,RF,0.146,2551.0,0.6407197227758338
828,RF,0.146,2551.0,0.6407197227758338
1471,RF,0.146,2551.0,0.6407197227758338
736,RF,0.145,2554.0,0.6363312315239444
910,RF,0.145,2554.0,0.6363312315239444
1058,RF,0.145,2554.0,0.6363312315239444
1429,RF,0.145,2554.0,0.6363312315239444
1603,RF,0.145,2554.0,0.6363312315239444
1906,RF,0.145,2554.0,0.6363312315239444
2352,RF,0.145,2554.0,0.6363312315239444
28,RF,0.144,2561.0,0.6319427402720552
274,RF,0.144,2561.0,0.6319427402720552
584,RF,0.144,2561.0,0.6319427402720552
1075,RF,0.144,2561.0,0.6319427402720552
1887,RF,0.144,2561.0,0.6319427402720552
88,RF,0.143,2566.0,0.6275542490201659
158,RF,0.143,2566.0,0.6275542490201659
1030,RF,0.143,2566.0,0.6275542490201659
2139,RF,0.143,2566.0,0.6275542490201659
2272,RF,0.143,2566.0,0.6275542490201659
2499,RF,0.143,2566.0,0.6275542490201659
252,RF,0.142,2572.0,0.6231657577682767
1515,RF,0.142,2572.0,0.6231657577682767
1527,RF,0.142,2572.0,0.6231657577682767
1676,RF,0.142,2572.0,0.6231657577682767
2414,RF,0.142,2572.0,0.6231657577682767
2596,RF,0.142,2572.0,0.6231657577682767
36,RF,0.141,2578.0,0.6187772665163873
929,RF,0.141,2578.0,0.6187772665163873
1038,RF,0.141,2578.0,0.6187772665163873
1941,RF,0.141,2578.0,0.6187772665163873
2270,RF,0.141,2578.0,0.6187772665163873
2308,RF,0.141,2578.0,0.6187772665163873
120,RF,0.14,2584.0,0.6143887752644982
793,RF,0.14,2584.0,0.6143887752644982
928,RF,0.14,2584.0,0.6143887752644982
1077,RF,0.14,2584.0,0.6143887752644982
1287,RF,0.14,2584.0,0.6143887752644982
1509,RF,0.14,2584.0,0.6143887752644982
1732,RF,0.14,2584.0,0.6143887752644982
1765,RF,0.14,2584.0,0.6143887752644982
2072,RF,0.14,2584.0,0.6143887752644982
2165,RF,0.14,2584.0,0.6143887752644982
2385,RF,0.14,2584.0,0.6143887752644982
2413,RF,0.14,2584.0,0.6143887752644982
2478,RF,0.14,2584.0,0.6143887752644982
136,RF,0.139,2597.0,0.6100002840126089
322,RF,0.139,2597.0,0.6100002840126089
595,RF,0.139,2597.0,0.6100002840126089
1162,RF,0.139,2597.0,0.6100002840126089
1498,RF,0.139,2597.0,0.6100002840126089
1916,RF,0.139,2597.0,0.6100002840126089
2094,RF,0.139,2597.0,0.6100002840126089
1718,RF,0.138,2604.0,0.6056117927607196
2753,RF,0.138,2604.0,0.6056117927607196
2208,RF,0.137,2606.0,0.6012233015088304
2429,RF,0.137,2606.0,0.6012233015088304
2555,RF,0.137,2606.0,0.6012233015088304
985,RF,0.136,2609.0,0.5968348102569411
1381,RF,0.136,2609.0,0.5968348102569411
2190,RF,0.136,2609.0,0.5968348102569411
2280,RF,0.136,2609.0,0.5968348102569411
2345,RF,0.136,2609.0,0.5968348102569411
2433,RF,0.136,2609.0,0.5968348102569411
2626,RF,0.136,2609.0,0.5968348102569411
2734,RF,0.136,2609.0,0.5968348102569411
652,RF,0.135,2617.0,0.5924463190050518
1245,RF,0.135,2617.0,0.5924463190050518
2193,RF,0.135,2617.0,0.5924463190050518
2304,RF,0.135,2617.0,0.5924463190050518
2694,RF,0.135,2617.0,0.5924463190050518
181,RF,0.134,2622.0,0.5880578277531625
1373,RF,0.134,2622.0,0.5880578277531625
2095,RF,0.134,2622.0,0.5880578277531625
2267,RF,0.133,2625.0,0.5836693365012733
218,RF,0.132,2626.0,0.579280845249384
571,RF,0.132,2626.0,0.579280845249384
1505,RF,0.132,2626.0,0.579280845249384
1638,RF,0.132,2626.0,0.579280845249384
1714,RF,0.132,2626.0,0.579280845249384
1810,RF,0.132,2626.0,0.579280845249384
2011,RF,0.132,2626.0,0.579280845249384
2202,RF,0.132,2626.0,0.579280845249384
313,RF,0.131,2634.0,0.5748923539974947
504,RF,0.131,2634.0,0.5748923539974947
1465,RF,0.131,2634.0,0.5748923539974947
1624,RF,0.131,2634.0,0.5748923539974947
2563,RF,0.131,2634.0,0.5748923539974947
2589,RF,0.131,2634.0,0.5748923539974947
291,RF,0.13,2640.0,0.5705038627456054
887,RF,0.13,2640.0,0.5705038627456054
1307,RF,0.13,2640.0,0.5705038627456054
2536,RF,0.13,2640.0,0.5705038627456054
207,RF,0.129,2644.0,0.5661153714937162
627,RF,0.129,2644.0,0.5661153714937162
1726,RF,0.129,2644.0,0.5661153714937162
1886,RF,0.129,2644.0,0.5661153714937162
1902,RF,0.129,2644.0,0.5661153714937162
2283,RF,0.129,2644.0,0.5661153714937162
72,RF,0.128,2650.0,0.5617268802418268
550,RF,0.128,2650.0,0.5617268802418268
789,RF,0.127,2652.0,0.5573383889899376
1234,RF,0.127,2652.0,0.5573383889899376
1727,RF,0.127,2652.0,0.5573383889899376
2738,RF,0.127,2652.0,0.5573383889899376
20,RF,0.126,2656.0,0.5529498977380484
439,RF,0.126,2656.0,0.5529498977380484
479,RF,0.126,2656.0,0.5529498977380484
631,RF,0.126,2656.0,0.5529498977380484
290,RF,0.125,2660.0,0.548561406486159
1580,RF,0.125,2660.0,0.548561406486159
380,RF,0.124,2662.0,0.5441729152342698
551,RF,0.124,2662.0,0.5441729152342698
634,RF,0.124,2662.0,0.5441729152342698
939,RF,0.124,2662.0,0.5441729152342698
1398,RF,0.124,2662.0,0.5441729152342698
1859,RF,0.124,2662.0,0.5441729152342698
802,RF,0.123,2668.0,0.5397844239823805
1139,RF,0.123,2668.0,0.5397844239823805
1917,RF,0.123,2668.0,0.5397844239823805
1988,RF,0.123,2668.0,0.5397844239823805
2685,RF,0.123,2668.0,0.5397844239823805
1095,RF,0.122,2673.0,0.5353959327304912
1198,RF,0.122,2673.0,0.5353959327304912
1750,RF,0.122,2673.0,0.5353959327304912
1821,RF,0.122,2673.0,0.5353959327304912
2438,RF,0.122,2673.0,0.5353959327304912
2653,RF,0.122,2673.0,0.5353959327304912
317,RF,0.121,2679.0,0.5310074414786019
336,RF,0.121,2679.0,0.5310074414786019
472,RF,0.121,2679.0,0.5310074414786019
1410,RF,0.121,2679.0,0.5310074414786019
273,RF,0.12,2683.0,0.5266189502267127
919,RF,0.12,2683.0,0.5266189502267127
1745,RF,0.12,2683.0,0.5266189502267127
434,RF,0.119,2686.0,0.5222304589748233
1000,RF,0.119,2686.0,0.5222304589748233
1249,RF,0.119,2686.0,0.5222304589748233
2336,RF,0.119,2686.0,0.5222304589748233
1310,RF,0.118,2690.0,0.5178419677229341
1713,RF,0.118,2690.0,0.5178419677229341
2062,RF,0.118,2690.0,0.5178419677229341
2297,RF,0.118,2690.0,0.5178419677229341
903,RF,0.117,2694.0,0.5134534764710449
2320,RF,0.117,2694.0,0.5134534764710449
2492,RF,0.117,2694.0,0.5134534764710449
1036,RF,0.116,2697.0,0.5090649852191557
1379,RF,0.116,2697.0,0.5090649852191557
2557,RF,0.116,2697.0,0.5090649852191557
2645,RF,0.116,2697.0,0.5090649852191557
1619,RF,0.115,2701.0,0.5046764939672663
2382,RF,0.115,2701.0,0.5046764939672663
2732,RF,0.115,2701.0,0.5046764939672663
2666,RF,0.114,2704.0,0.5002880027153771
140,RF,0.113,2705.0,0.49589951146348776
1350,RF,0.113,2705.0,0.49589951146348776
2671,RF,0.113,2705.0,0.49589951146348776
383,RF,0.112,2708.0,0.49151102021159854
854,RF,0.112,2708.0,0.49151102021159854
2520,RF,0.112,2708.0,0.49151102021159854
632,RF,0.111,2711.0,0.48712252895970926
1578,RF,0.111,2711.0,0.48712252895970926
614,RF,0.11,2713.0,0.48273403770782
1617,RF,0.11,2713.0,0.48273403770782
2664,RF,0.11,2713.0,0.48273403770782
243,RF,0.109,2716.0,0.4783455464559307
1520,RF,0.109,2716.0,0.4783455464559307
642,RF,0.108,2718.0,0.4739570552040414
1104,RF,0.108,2718.0,0.4739570552040414
1159,RF,0.108,2718.0,0.4739570552040414
475,RF,0.107,2721.0,0.46956856395215213
838,RF,0.107,2721.0,0.46956856395215213
1197,RF,0.107,2721.0,0.46956856395215213
2126,RF,0.107,2721.0,0.46956856395215213
520,RF,0.106,2725.0,0.46518007270026285
693,RF,0.106,2725.0,0.46518007270026285
1054,RF,0.106,2725.0,0.46518007270026285
2477,RF,0.106,2725.0,0.46518007270026285
144,RF,0.105,2729.0,0.46079158144837357
930,RF,0.105,2729.0,0.46079158144837357
1016,RF,0.105,2729.0,0.46079158144837357
1487,RF,0.105,2729.0,0.46079158144837357
1801,RF,0.105,2729.0,0.46079158144837357
2310,RF,0.105,2729.0,0.46079158144837357
134,RF,0.104,2735.0,0.4564030901964843
285,RF,0.104,2735.0,0.4564030901964843
723,RF,0.104,2735.0,0.4564030901964843
894,RF,0.104,2735.0,0.4564030901964843
921,RF,0.104,2735.0,0.4564030901964843
1063,RF,0.104,2735.0,0.4564030901964843
1901,RF,0.104,2735.0,0.4564030901964843
948,RF,0.103,2742.0,0.452014598944595
1348,RF,0.103,2742.0,0.452014598944595
1324,RF,0.102,2744.0,0.4476261076927058
2064,RF,0.102,2744.0,0.4476261076927058
1479,RF,0.1,2746.0,0.43884912518892727
2134,RF,0.099,2747.0,0.434460633937038
884,RF,0.098,2748.0,0.4300721426851487
2423,RF,0.098,2748.0,0.4300721426851487
67,RF,0.097,2750.0,0.4256836514332594
1116,RF,0.097,2750.0,0.4256836514332594
1991,RF,0.097,2750.0,0.4256836514332594
2768,RF,0.095,2753.0,0.41690666892948086
465,RF,0.094,2754.0,0.4125181776775916
993,RF,0.094,2754.0,0.4125181776775916
2663,RF,0.094,2754.0,0.4125181776775916
229,RF,0.093,2757.0,0.40812968642570235
361,RF,0.093,2757.0,0.40812968642570235
1399,RF,0.093,2757.0,0.40812968642570235
1667,RF,0.093,2757.0,0.40812968642570235
2604,RF,0.093,2757.0,0.40812968642570235
54,RF,0.092,2762.0,0.40374119517381307
1322,RF,0.092,2762.0,0.40374119517381307
2340,RF,0.092,2762.0,0.40374119517381307
254,RF,0.091,2765.0,0.3993527039219238
1002,RF,0.089,2766.0,0.3905757214181452
868,RF,0.087,2767.0,0.38179873891436666
1064,RF,0.087,2767.0,0.38179873891436666
1760,RF,0.086,2769.0,0.3774102476624774
663,RF,0.085,2770.0,0.37302175641058816
1232,RF,0.085,2770.0,0.37302175641058816
758,RF,0.084,2772.0,0.3686332651586989
2500,RF,0.083,2773.0,0.36424477390680965
726,RF,0.082,2774.0,0.35985628265492037
791,RF,0.082,2774.0,0.35985628265492037
1247,RF,0.077,2776.0,0.33791382639547396
2198,RF,0.076,2777.0,0.3335253351435847
1642,RF,0.062,2778.0,0.2720864576171349
2284,BRT,1.46,1.0,7.51576517840206
2583,BRT,1.423,2.0,7.325297156757625
2052,BRT,1.343,3.0,6.913474407256142
923,BRT,1.268,4.0,6.527390579598501
2177,BRT,1.224,5.0,6.300888067372686
2029,BRT,1.154,6.0,5.940543161558888
904,BRT,1.127,7.0,5.8015529836021384
570,BRT,1.122,8.0,5.775814061758296
1692,BRT,1.094,9.0,5.631676099432777
220,BRT,1.093,10.0,5.626528315064008
797,BRT,1.074,11.0,5.528720412057406
51,BRT,1.06,12.0,5.456651430894647
1597,BRT,1.043,13.0,5.369139096625581
2609,BRT,1.04,14.0,5.353695743519276
1114,BRT,1.033,15.0,5.317661252937896
1355,BRT,1.023,16.0,5.2661834092502104
2084,BRT,1.014,17.0,5.219853349931294
2648,BRT,1.011,18.0,5.204409996824988
1250,BRT,0.993,19.0,5.111749878187155
2110,BRT,0.986,20.0,5.075715387605775
2266,BRT,0.985,21.0,5.070567603237007
129,BRT,0.975,22.0,5.0190897595493205
979,BRT,0.971,23.0,4.998498622074247
358,BRT,0.967,24.0,4.977907484599172
900,BRT,0.966,25.0,4.972759700230404
748,BRT,0.965,26.0,4.967611915861635
1837,BRT,0.964,27.0,4.962464131492867
2578,BRT,0.954,28.0,4.910986287805182
2004,BRT,0.951,29.0,4.895542934698876
294,BRT,0.95,30.0,4.890395150330107
878,BRT,0.948,31.0,4.88009958159257
44,BRT,0.934,32.0,4.808030600429811
1419,BRT,0.934,32.0,4.808030600429811
1931,BRT,0.934,32.0,4.808030600429811
1972,BRT,0.933,35.0,4.802882816061043
2076,BRT,0.93,36.0,4.787439462954737
2047,BRT,0.929,37.0,4.782291678585969
318,BRT,0.926,38.0,4.766848325479663
1909,BRT,0.926,38.0,4.766848325479663
1369,BRT,0.918,40.0,4.725666050529515
39,BRT,0.91,41.0,4.684483775579366
351,BRT,0.91,41.0,4.684483775579366
1255,BRT,0.909,43.0,4.679335991210598
527,BRT,0.907,44.0,4.669040422473061
1437,BRT,0.907,44.0,4.669040422473061
1345,BRT,0.898,46.0,4.622710363154144
1243,BRT,0.896,47.0,4.6124147944166065
2305,BRT,0.893,48.0,4.596971441310301
1140,BRT,0.883,49.0,4.545493597622616
1549,BRT,0.882,50.0,4.540345813253848
377,BRT,0.877,51.0,4.514606891410005
561,BRT,0.873,52.0,4.494015753934931
959,BRT,0.871,53.0,4.483720185197393
244,BRT,0.866,54.0,4.457981263353551
2085,BRT,0.863,55.0,4.442537910247245
2659,BRT,0.86,56.0,4.42709455714094
93,BRT,0.859,57.0,4.421946772772171
951,BRT,0.859,57.0,4.421946772772171
1009,BRT,0.858,59.0,4.416798988403403
476,BRT,0.854,60.0,4.396207850928328
601,BRT,0.853,61.0,4.39106006655956
1025,BRT,0.85,62.0,4.375616713453254
2274,BRT,0.843,63.0,4.339582222871874
149,BRT,0.841,64.0,4.3292866541343376
262,BRT,0.84,65.0,4.3241388697655685
59,BRT,0.839,66.0,4.3189910853968
2724,BRT,0.832,67.0,4.2829565948154205
877,BRT,0.827,68.0,4.257217672971578
1824,BRT,0.822,69.0,4.231478751127735
2486,BRT,0.818,70.0,4.210887613652661
1502,BRT,0.817,71.0,4.205739829283893
1530,BRT,0.817,71.0,4.205739829283893
2705,BRT,0.817,71.0,4.205739829283893
761,BRT,0.815,74.0,4.195444260546355
1749,BRT,0.814,75.0,4.190296476177586
775,BRT,0.812,76.0,4.18000090744005
1754,BRT,0.812,76.0,4.18000090744005
1354,BRT,0.811,78.0,4.174853123071282
1885,BRT,0.811,78.0,4.174853123071282
1910,BRT,0.81,80.0,4.169705338702513
1689,BRT,0.809,81.0,4.1645575543337445
955,BRT,0.808,82.0,4.159409769964976
2542,BRT,0.804,83.0,4.138818632489902
214,BRT,0.803,84.0,4.133670848121134
2456,BRT,0.802,85.0,4.128523063752365
879,BRT,0.8,86.0,4.118227495014827
1572,BRT,0.799,87.0,4.113079710646059
1779,BRT,0.799,87.0,4.113079710646059
1623,BRT,0.796,89.0,4.097636357539754
2010,BRT,0.795,90.0,4.092488573170985
825,BRT,0.793,91.0,4.082193004433448
1312,BRT,0.793,91.0,4.082193004433448
1096,BRT,0.792,93.0,4.077045220064679
2501,BRT,0.791,94.0,4.071897435695911
539,BRT,0.789,95.0,4.061601866958374
522,BRT,0.788,96.0,4.056454082589605
2161,BRT,0.788,96.0,4.056454082589605
1105,BRT,0.787,98.0,4.051306298220837
1484,BRT,0.787,98.0,4.051306298220837
1825,BRT,0.785,100.0,4.0410107294832995
1856,BRT,0.782,101.0,4.025567376376994
2145,BRT,0.78,102.0,4.015271807639457
2389,BRT,0.78,102.0,4.015271807639457
75,BRT,0.779,104.0,4.010124023270689
2318,BRT,0.776,105.0,3.994680670164383
1129,BRT,0.775,106.0,3.9895328857956143
387,BRT,0.77,107.0,3.9637939639517716
996,BRT,0.768,108.0,3.9534983952142344
1922,BRT,0.768,108.0,3.9534983952142344
2525,BRT,0.766,110.0,3.943202826476697
2319,BRT,0.765,111.0,3.938055042107929
732,BRT,0.764,112.0,3.9329072577391604
1411,BRT,0.762,113.0,3.922611689001623
836,BRT,0.76,114.0,3.9123161202640864
2290,BRT,0.758,115.0,3.902020551526549
964,BRT,0.755,116.0,3.8865771984202433
1020,BRT,0.755,116.0,3.8865771984202433
2689,BRT,0.754,118.0,3.881429414051475
1118,BRT,0.753,119.0,3.8762816296827065
32,BRT,0.752,120.0,3.871133845313938
2158,BRT,0.745,121.0,3.835099354732558
965,BRT,0.744,122.0,3.8299515703637894
1475,BRT,0.744,122.0,3.8299515703637894
1670,BRT,0.744,122.0,3.8299515703637894
2295,BRT,0.744,122.0,3.8299515703637894
991,BRT,0.742,126.0,3.8196560016262526
1954,BRT,0.742,126.0,3.8196560016262526
2404,BRT,0.74,128.0,3.8093604328887154
1439,BRT,0.739,129.0,3.804212648519947
2419,BRT,0.737,130.0,3.7939170797824096
2339,BRT,0.736,131.0,3.7887692954136414
1716,BRT,0.734,132.0,3.778473726676104
2469,BRT,0.733,133.0,3.7733259423073355
2092,BRT,0.732,134.0,3.768178157938567
885,BRT,0.73,135.0,3.75788258920103
1122,BRT,0.728,136.0,3.747587020463493
816,BRT,0.727,137.0,3.7424392360947243
35,BRT,0.726,138.0,3.7372914517259557
188,BRT,0.726,138.0,3.7372914517259557
2585,BRT,0.726,138.0,3.7372914517259557
2673,BRT,0.726,138.0,3.7372914517259557
2259,BRT,0.725,142.0,3.7321436673571875
2633,BRT,0.725,142.0,3.7321436673571875
429,BRT,0.724,144.0,3.726995882988419
238,BRT,0.723,145.0,3.7218480986196503
1559,BRT,0.723,145.0,3.7218480986196503
2209,BRT,0.723,145.0,3.7218480986196503
700,BRT,0.722,148.0,3.7167003142508817
410,BRT,0.721,149.0,3.711552529882113
1233,BRT,0.72,150.0,3.7064047455133444
1639,BRT,0.72,150.0,3.7064047455133444
193,BRT,0.719,152.0,3.7012569611445763
1661,BRT,0.717,153.0,3.690961392407039
740,BRT,0.715,154.0,3.680665823669502
823,BRT,0.713,155.0,3.670370254931965
132,BRT,0.712,156.0,3.6652224705631964
484,BRT,0.71,157.0,3.654926901825659
1252,BRT,0.71,157.0,3.654926901825659
2224,BRT,0.707,159.0,3.6394835487193538
96,BRT,0.706,160.0,3.634335764350585
1271,BRT,0.706,160.0,3.634335764350585
1960,BRT,0.706,160.0,3.634335764350585
2411,BRT,0.706,160.0,3.634335764350585
2255,BRT,0.705,164.0,3.6291879799818165
1220,BRT,0.704,165.0,3.624040195613048
529,BRT,0.7,166.0,3.603449058137974
581,BRT,0.7,166.0,3.603449058137974
2130,BRT,0.7,166.0,3.603449058137974
1518,BRT,0.699,169.0,3.5983012737692053
293,BRT,0.698,170.0,3.5931534894004367
1040,BRT,0.697,171.0,3.588005705031668
587,BRT,0.695,172.0,3.5777101362941313
2736,BRT,0.695,172.0,3.5777101362941313
1778,BRT,0.694,174.0,3.5725623519253626
1791,BRT,0.694,174.0,3.5725623519253626
2188,BRT,0.694,174.0,3.5725623519253626
485,BRT,0.693,177.0,3.567414567556594
2152,BRT,0.693,177.0,3.567414567556594
1026,BRT,0.692,179.0,3.5622667831878254
2344,BRT,0.692,179.0,3.5622667831878254
1413,BRT,0.691,181.0,3.557118998819057
2089,BRT,0.687,182.0,3.5365278613439832
1010,BRT,0.686,183.0,3.531380076975215
131,BRT,0.685,184.0,3.5262322926064464
210,BRT,0.685,184.0,3.5262322926064464
1165,BRT,0.685,184.0,3.5262322926064464
1532,BRT,0.685,184.0,3.5262322926064464
1090,BRT,0.684,188.0,3.521084508237678
1356,BRT,0.682,189.0,3.5107889395001406
1644,BRT,0.682,189.0,3.5107889395001406
1693,BRT,0.682,189.0,3.5107889395001406
117,BRT,0.681,192.0,3.505641155131372
1107,BRT,0.681,192.0,3.505641155131372
1033,BRT,0.68,194.0,3.500493370762604
1048,BRT,0.68,194.0,3.500493370762604
1678,BRT,0.679,196.0,3.495345586393835
2567,BRT,0.679,196.0,3.495345586393835
84,BRT,0.678,198.0,3.4901978020250666
1321,BRT,0.678,198.0,3.4901978020250666
38,BRT,0.677,200.0,3.485050017656298
2538,BRT,0.677,200.0,3.485050017656298
2644,BRT,0.677,200.0,3.485050017656298
874,BRT,0.676,203.0,3.4799022332875293
2054,BRT,0.676,203.0,3.4799022332875293
2599,BRT,0.676,203.0,3.4799022332875293
405,BRT,0.675,206.0,3.4747544489187607
569,BRT,0.675,206.0,3.4747544489187607
1652,BRT,0.675,206.0,3.4747544489187607
2517,BRT,0.675,206.0,3.4747544489187607
424,BRT,0.674,210.0,3.4696066645499926
100,BRT,0.673,211.0,3.464458880181224
940,BRT,0.673,211.0,3.464458880181224
2183,BRT,0.673,211.0,3.464458880181224
997,BRT,0.672,214.0,3.4593110958124553
925,BRT,0.67,215.0,3.449015527074918
1748,BRT,0.67,215.0,3.449015527074918
2023,BRT,0.67,215.0,3.449015527074918
850,BRT,0.668,218.0,3.4387199583373813
1192,BRT,0.667,219.0,3.4335721739686127
82,BRT,0.666,220.0,3.428424389599844
323,BRT,0.666,220.0,3.428424389599844
411,BRT,0.666,220.0,3.428424389599844
538,BRT,0.666,220.0,3.428424389599844
1121,BRT,0.666,220.0,3.428424389599844
130,BRT,0.665,225.0,3.4232766052310755
2261,BRT,0.665,225.0,3.4232766052310755
606,BRT,0.664,227.0,3.418128820862307
2273,BRT,0.664,227.0,3.418128820862307
292,BRT,0.663,229.0,3.4129810364935382
843,BRT,0.662,230.0,3.40783325212477
1879,BRT,0.662,230.0,3.40783325212477
1980,BRT,0.66,232.0,3.397537683387233
194,BRT,0.659,233.0,3.392389899018464
695,BRT,0.659,233.0,3.392389899018464
2359,BRT,0.659,233.0,3.392389899018464
2430,BRT,0.659,233.0,3.392389899018464
2600,BRT,0.659,233.0,3.392389899018464
970,BRT,0.657,238.0,3.3820943302809274
1453,BRT,0.657,238.0,3.3820943302809274
2199,BRT,0.657,238.0,3.3820943302809274
320,BRT,0.656,241.0,3.376946545912159
2422,BRT,0.655,242.0,3.37179876154339
1019,BRT,0.654,243.0,3.3666509771746216
1511,BRT,0.654,243.0,3.3666509771746216
310,BRT,0.653,245.0,3.361503192805853
1637,BRT,0.653,245.0,3.361503192805853
402,BRT,0.652,247.0,3.3563554084370844
2117,BRT,0.652,247.0,3.3563554084370844
2733,BRT,0.652,247.0,3.3563554084370844
2742,BRT,0.652,247.0,3.3563554084370844
1614,BRT,0.651,251.0,3.351207624068316
1221,BRT,0.65,252.0,3.3460598396995476
371,BRT,0.649,253.0,3.340912055330779
1264,BRT,0.649,253.0,3.340912055330779
2509,BRT,0.649,253.0,3.340912055330779
2584,BRT,0.648,256.0,3.3357642709620103
861,BRT,0.647,257.0,3.3306164865932417
151,BRT,0.645,258.0,3.320320917855705
170,BRT,0.645,258.0,3.320320917855705
1212,BRT,0.645,258.0,3.320320917855705
2157,BRT,0.644,261.0,3.3151731334869363
2436,BRT,0.644,261.0,3.3151731334869363
2610,BRT,0.643,263.0,3.3100253491181677
2719,BRT,0.642,264.0,3.304877564749399
110,BRT,0.641,265.0,3.2997297803806305
2200,BRT,0.641,265.0,3.2997297803806305
1905,BRT,0.64,267.0,3.294581996011862
2159,BRT,0.64,267.0,3.294581996011862
2368,BRT,0.64,267.0,3.294581996011862
1011,BRT,0.639,270.0,3.2894342116430937
1361,BRT,0.639,270.0,3.2894342116430937
2394,BRT,0.639,270.0,3.2894342116430937
2443,BRT,0.639,270.0,3.2894342116430937
2552,BRT,0.639,270.0,3.2894342116430937
2704,BRT,0.638,275.0,3.284286427274325
2506,BRT,0.637,276.0,3.2791386429055565
2607,BRT,0.637,276.0,3.2791386429055565
1385,BRT,0.636,278.0,3.273990858536788
1443,BRT,0.633,279.0,3.2585475054304824
260,BRT,0.632,280.0,3.253399721061714
1062,BRT,0.631,281.0,3.248251936692945
753,BRT,0.63,282.0,3.2431041523241766
1412,BRT,0.63,282.0,3.2431041523241766
2564,BRT,0.63,282.0,3.2431041523241766
2164,BRT,0.629,285.0,3.237956367955408
2232,BRT,0.629,285.0,3.237956367955408
552,BRT,0.627,287.0,3.227660799217871
1861,BRT,0.627,287.0,3.227660799217871
2356,BRT,0.627,287.0,3.227660799217871
1277,BRT,0.626,290.0,3.2225130148491026
1296,BRT,0.625,291.0,3.217365230480334
2179,BRT,0.625,291.0,3.217365230480334
2227,BRT,0.625,291.0,3.217365230480334
302,BRT,0.623,294.0,3.2070696617427967
749,BRT,0.623,294.0,3.2070696617427967
2338,BRT,0.623,294.0,3.2070696617427967
2022,BRT,0.622,297.0,3.2019218773740286
64,BRT,0.621,298.0,3.19677409300526
373,BRT,0.62,299.0,3.1916263086364913
657,BRT,0.62,299.0,3.1916263086364913
1499,BRT,0.62,299.0,3.1916263086364913
546,BRT,0.619,302.0,3.1864785242677227
2281,BRT,0.619,302.0,3.1864785242677227
2475,BRT,0.619,302.0,3.1864785242677227
2287,BRT,0.618,305.0,3.181330739898954
52,BRT,0.617,306.0,3.1761829555301855
1503,BRT,0.617,306.0,3.1761829555301855
1995,BRT,0.617,306.0,3.1761829555301855
2163,BRT,0.617,306.0,3.1761829555301855
586,BRT,0.616,310.0,3.1710351711614173
2213,BRT,0.616,310.0,3.1710351711614173
2544,BRT,0.616,310.0,3.1710351711614173
968,BRT,0.615,313.0,3.1658873867926487
1501,BRT,0.615,313.0,3.1658873867926487
2380,BRT,0.615,313.0,3.1658873867926487
2515,BRT,0.615,313.0,3.1658873867926487
334,BRT,0.614,317.0,3.16073960242388
2211,BRT,0.614,317.0,3.16073960242388
160,BRT,0.612,319.0,3.150444033686343
1625,BRT,0.612,319.0,3.150444033686343
1815,BRT,0.612,319.0,3.150444033686343
995,BRT,0.611,322.0,3.1452962493175742
998,BRT,0.611,322.0,3.1452962493175742
1523,BRT,0.611,322.0,3.1452962493175742
2225,BRT,0.611,322.0,3.1452962493175742
1431,BRT,0.61,326.0,3.140148464948806
300,BRT,0.609,327.0,3.1350006805800374
1811,BRT,0.609,327.0,3.1350006805800374
2418,BRT,0.609,327.0,3.1350006805800374
2432,BRT,0.609,327.0,3.1350006805800374
1758,BRT,0.608,331.0,3.129852896211269
74,BRT,0.607,332.0,3.1247051118425
556,BRT,0.607,332.0,3.1247051118425
668,BRT,0.607,332.0,3.1247051118425
2038,BRT,0.607,332.0,3.1247051118425
482,BRT,0.606,336.0,3.1195573274737316
844,BRT,0.606,336.0,3.1195573274737316
914,BRT,0.606,336.0,3.1195573274737316
2005,BRT,0.606,336.0,3.1195573274737316
2505,BRT,0.606,336.0,3.1195573274737316
2758,BRT,0.606,336.0,3.1195573274737316
1184,BRT,0.605,342.0,3.114409543104963
1958,BRT,0.603,343.0,3.104113974367426
933,BRT,0.602,344.0,3.0989661899986576
1493,BRT,0.601,345.0,3.093818405629889
818,BRT,0.6,346.0,3.0886706212611204
250,BRT,0.597,347.0,3.073227268154815
1360,BRT,0.597,347.0,3.073227268154815
1688,BRT,0.597,347.0,3.073227268154815
2073,BRT,0.597,347.0,3.073227268154815
2300,BRT,0.596,351.0,3.0680794837860463
664,BRT,0.595,352.0,3.0629316994172777
457,BRT,0.594,353.0,3.057783915048509
1311,BRT,0.594,353.0,3.057783915048509
2770,BRT,0.594,353.0,3.057783915048509
212,BRT,0.593,356.0,3.052636130679741
1919,BRT,0.593,356.0,3.052636130679741
2149,BRT,0.593,356.0,3.052636130679741
729,BRT,0.592,359.0,3.0474883463109723
2275,BRT,0.592,359.0,3.0474883463109723
672,BRT,0.591,361.0,3.0423405619422037
863,BRT,0.591,361.0,3.0423405619422037
1258,BRT,0.591,361.0,3.0423405619422037
2455,BRT,0.591,361.0,3.0423405619422037
2541,BRT,0.591,361.0,3.0423405619422037
249,BRT,0.59,366.0,3.037192777573435
325,BRT,0.59,366.0,3.037192777573435
367,BRT,0.59,366.0,3.037192777573435
1291,BRT,0.59,366.0,3.037192777573435
2660,BRT,0.59,366.0,3.037192777573435
1858,BRT,0.589,371.0,3.0320449932046665
1883,BRT,0.589,371.0,3.0320449932046665
1940,BRT,0.589,371.0,3.0320449932046665
2392,BRT,0.589,371.0,3.0320449932046665
2442,BRT,0.589,371.0,3.0320449932046665
297,BRT,0.588,376.0,3.026897208835898
1539,BRT,0.588,376.0,3.026897208835898
265,BRT,0.587,378.0,3.0217494244671297
280,BRT,0.587,378.0,3.0217494244671297
518,BRT,0.587,378.0,3.0217494244671297
1349,BRT,0.587,378.0,3.0217494244671297
162,BRT,0.584,382.0,3.006306071360824
636,BRT,0.584,382.0,3.006306071360824
708,BRT,0.584,382.0,3.006306071360824
1169,BRT,0.584,382.0,3.006306071360824
978,BRT,0.583,386.0,3.0011582869920552
1702,BRT,0.583,386.0,3.0011582869920552
1756,BRT,0.583,386.0,3.0011582869920552
1847,BRT,0.583,386.0,3.0011582869920552
1286,BRT,0.582,390.0,2.9960105026232866
2444,BRT,0.582,390.0,2.9960105026232866
204,BRT,0.581,392.0,2.9908627182545184
623,BRT,0.581,392.0,2.9908627182545184
2160,BRT,0.581,392.0,2.9908627182545184
264,BRT,0.58,395.0,2.98571493388575
1185,BRT,0.58,395.0,2.98571493388575
1979,BRT,0.58,395.0,2.98571493388575
1999,BRT,0.58,395.0,2.98571493388575
2464,BRT,0.58,395.0,2.98571493388575
2731,BRT,0.58,395.0,2.98571493388575
287,BRT,0.579,401.0,2.980567149516981
1739,BRT,0.579,401.0,2.980567149516981
266,BRT,0.578,403.0,2.9754193651482126
1476,BRT,0.578,403.0,2.9754193651482126
1534,BRT,0.577,405.0,2.970271580779444
1126,BRT,0.576,406.0,2.9651237964106754
1406,BRT,0.576,406.0,2.9651237964106754
1893,BRT,0.576,406.0,2.9651237964106754
1172,BRT,0.575,409.0,2.959976012041907
1601,BRT,0.575,409.0,2.959976012041907
1608,BRT,0.575,409.0,2.959976012041907
211,BRT,0.574,412.0,2.9548282276731386
2490,BRT,0.574,412.0,2.9548282276731386
259,BRT,0.573,414.0,2.94968044330437
1566,BRT,0.573,414.0,2.94968044330437
2727,BRT,0.573,414.0,2.94968044330437
511,BRT,0.572,417.0,2.9445326589356013
1012,BRT,0.572,417.0,2.9445326589356013
1018,BRT,0.572,417.0,2.9445326589356013
1404,BRT,0.572,417.0,2.9445326589356013
567,BRT,0.571,421.0,2.9393848745668327
1669,BRT,0.571,421.0,2.9393848745668327
1700,BRT,0.571,421.0,2.9393848745668327
2401,BRT,0.571,421.0,2.9393848745668327
960,BRT,0.57,425.0,2.934237090198064
826,BRT,0.569,426.0,2.929089305829296
1377,BRT,0.569,426.0,2.929089305829296
1584,BRT,0.569,426.0,2.929089305829296
1690,BRT,0.569,426.0,2.929089305829296
676,BRT,0.568,430.0,2.9239415214605273
81,BRT,0.567,431.0,2.9187937370917587
2055,BRT,0.567,431.0,2.9187937370917587
776,BRT,0.565,433.0,2.9084981683542215
1697,BRT,0.565,433.0,2.9084981683542215
1943,BRT,0.565,433.0,2.9084981683542215
303,BRT,0.563,436.0,2.8982025996166847
1500,BRT,0.563,436.0,2.8982025996166847
2665,BRT,0.563,436.0,2.8982025996166847
192,BRT,0.562,439.0,2.8930548152479165
1510,BRT,0.562,439.0,2.8930548152479165
2260,BRT,0.562,439.0,2.8930548152479165
2672,BRT,0.562,439.0,2.8930548152479165
815,BRT,0.561,443.0,2.887907030879148
1585,BRT,0.561,443.0,2.887907030879148
86,BRT,0.56,445.0,2.8827592465103797
1649,BRT,0.56,445.0,2.8827592465103797
2708,BRT,0.56,445.0,2.8827592465103797
11,BRT,0.559,448.0,2.877611462141611
339,BRT,0.559,448.0,2.877611462141611
837,BRT,0.559,448.0,2.877611462141611
1607,BRT,0.559,448.0,2.877611462141611
2561,BRT,0.559,448.0,2.877611462141611
53,BRT,0.558,453.0,2.8724636777728425
1200,BRT,0.558,453.0,2.8724636777728425
463,BRT,0.557,455.0,2.867315893404074
1267,BRT,0.557,455.0,2.867315893404074
1606,BRT,0.557,455.0,2.867315893404074
2104,BRT,0.557,455.0,2.867315893404074
1428,BRT,0.556,459.0,2.8621681090353053
2251,BRT,0.556,459.0,2.8621681090353053
2437,BRT,0.556,459.0,2.8621681090353053
2762,BRT,0.556,459.0,2.8621681090353053
944,BRT,0.555,463.0,2.8570203246665367
1746,BRT,0.555,463.0,2.8570203246665367
2114,BRT,0.555,463.0,2.8570203246665367
2252,BRT,0.555,463.0,2.8570203246665367
2774,BRT,0.555,463.0,2.8570203246665367
1171,BRT,0.554,468.0,2.8518725402977685
2175,BRT,0.554,468.0,2.8518725402977685
350,BRT,0.553,470.0,2.846724755929
420,BRT,0.553,470.0,2.846724755929
1565,BRT,0.553,470.0,2.846724755929
2210,BRT,0.553,470.0,2.846724755929
1423,BRT,0.552,474.0,2.8415769715602313
1544,BRT,0.552,474.0,2.8415769715602313
2122,BRT,0.552,474.0,2.8415769715602313
821,BRT,0.551,477.0,2.8364291871914626
2103,BRT,0.551,477.0,2.8364291871914626
1814,BRT,0.55,479.0,2.831281402822694
286,BRT,0.549,480.0,2.8261336184539254
1489,BRT,0.549,480.0,2.8261336184539254
2269,BRT,0.549,480.0,2.8261336184539254
187,BRT,0.548,483.0,2.8209858340851572
1371,BRT,0.548,483.0,2.8209858340851572
1764,BRT,0.548,483.0,2.8209858340851572
2723,BRT,0.548,483.0,2.8209858340851572
69,BRT,0.547,487.0,2.8158380497163886
431,BRT,0.547,487.0,2.8158380497163886
1017,BRT,0.547,487.0,2.8158380497163886
1158,BRT,0.547,487.0,2.8158380497163886
1524,BRT,0.547,487.0,2.8158380497163886
814,BRT,0.546,492.0,2.81069026534762
1353,BRT,0.546,492.0,2.81069026534762
1935,BRT,0.546,492.0,2.81069026534762
2656,BRT,0.546,492.0,2.81069026534762
428,BRT,0.545,496.0,2.8055424809788514
425,BRT,0.544,497.0,2.800394696610083
528,BRT,0.544,497.0,2.800394696610083
1568,BRT,0.544,497.0,2.800394696610083
1930,BRT,0.544,497.0,2.800394696610083
467,BRT,0.543,501.0,2.795246912241314
1244,BRT,0.543,501.0,2.795246912241314
1829,BRT,0.543,501.0,2.795246912241314
1846,BRT,0.543,501.0,2.795246912241314
1945,BRT,0.542,505.0,2.790099127872546
2372,BRT,0.542,505.0,2.790099127872546
2612,BRT,0.542,505.0,2.790099127872546
230,BRT,0.541,508.0,2.7849513435037774
307,BRT,0.541,508.0,2.7849513435037774
403,BRT,0.541,508.0,2.7849513435037774
2019,BRT,0.541,508.0,2.7849513435037774
104,BRT,0.54,512.0,2.7798035591350088
176,BRT,0.54,512.0,2.7798035591350088
180,BRT,0.54,512.0,2.7798035591350088
1125,BRT,0.54,512.0,2.7798035591350088
427,BRT,0.539,516.0,2.77465577476624
2622,BRT,0.539,516.0,2.77465577476624
1108,BRT,0.538,518.0,2.7695079903974715
1655,BRT,0.538,518.0,2.7695079903974715
2204,BRT,0.538,518.0,2.7695079903974715
2487,BRT,0.538,518.0,2.7695079903974715
454,BRT,0.537,522.0,2.764360206028703
177,BRT,0.536,523.0,2.7592124216599347
1473,BRT,0.535,524.0,2.754064637291166
1656,BRT,0.534,525.0,2.7489168529223975
2453,BRT,0.534,525.0,2.7489168529223975
637,BRT,0.533,527.0,2.743769068553629
1226,BRT,0.532,528.0,2.7386212841848603
222,BRT,0.531,529.0,2.7334734998160917
1682,BRT,0.531,529.0,2.7334734998160917
1953,BRT,0.531,529.0,2.7334734998160917
10,BRT,0.53,532.0,2.7283257154473235
483,BRT,0.53,532.0,2.7283257154473235
714,BRT,0.53,532.0,2.7283257154473235
719,BRT,0.53,532.0,2.7283257154473235
883,BRT,0.53,532.0,2.7283257154473235
2776,BRT,0.53,532.0,2.7283257154473235
7,BRT,0.529,538.0,2.723177931078555
55,BRT,0.529,538.0,2.723177931078555
917,BRT,0.529,538.0,2.723177931078555
2546,BRT,0.529,538.0,2.723177931078555
43,BRT,0.527,542.0,2.7128823623410177
2191,BRT,0.527,542.0,2.7128823623410177
768,BRT,0.526,544.0,2.707734577972249
1522,BRT,0.526,544.0,2.707734577972249
1604,BRT,0.526,544.0,2.707734577972249
1798,BRT,0.526,544.0,2.707734577972249
2063,BRT,0.526,544.0,2.707734577972249
2759,BRT,0.526,544.0,2.707734577972249
1472,BRT,0.525,550.0,2.702586793603481
2034,BRT,0.525,550.0,2.702586793603481
99,BRT,0.524,552.0,2.6974390092347122
442,BRT,0.524,552.0,2.6974390092347122
655,BRT,0.524,552.0,2.6974390092347122
1802,BRT,0.524,552.0,2.6974390092347122
2497,BRT,0.524,552.0,2.6974390092347122
2576,BRT,0.524,552.0,2.6974390092347122
743,BRT,0.523,558.0,2.6922912248659436
774,BRT,0.523,558.0,2.6922912248659436
2657,BRT,0.523,558.0,2.6922912248659436
961,BRT,0.522,561.0,2.687143440497175
2220,BRT,0.522,561.0,2.687143440497175
2309,BRT,0.522,561.0,2.687143440497175
1543,BRT,0.521,564.0,2.6819956561284064
1819,BRT,0.521,564.0,2.6819956561284064
2351,BRT,0.521,564.0,2.6819956561284064
898,BRT,0.52,567.0,2.676847871759638
1189,BRT,0.52,567.0,2.676847871759638
1873,BRT,0.52,567.0,2.676847871759638
2178,BRT,0.52,567.0,2.676847871759638
452,BRT,0.519,571.0,2.6717000873908696
1382,BRT,0.519,571.0,2.6717000873908696
2537,BRT,0.519,571.0,2.6717000873908696
2566,BRT,0.519,571.0,2.6717000873908696
2741,BRT,0.519,571.0,2.6717000873908696
321,BRT,0.518,576.0,2.666552303022101
856,BRT,0.518,576.0,2.666552303022101
1807,BRT,0.518,576.0,2.666552303022101
156,BRT,0.517,579.0,2.6614045186533324
369,BRT,0.517,579.0,2.6614045186533324
474,BRT,0.517,579.0,2.6614045186533324
1008,BRT,0.517,579.0,2.6614045186533324
1609,BRT,0.517,579.0,2.6614045186533324
1793,BRT,0.517,579.0,2.6614045186533324
1955,BRT,0.517,579.0,2.6614045186533324
2001,BRT,0.517,579.0,2.6614045186533324
1263,BRT,0.516,587.0,2.6562567342845638
1304,BRT,0.516,587.0,2.6562567342845638
1952,BRT,0.516,587.0,2.6562567342845638
2632,BRT,0.516,587.0,2.6562567342845638
613,BRT,0.515,591.0,2.651108949915795
1166,BRT,0.515,591.0,2.651108949915795
1302,BRT,0.515,591.0,2.651108949915795
348,BRT,0.514,594.0,2.6459611655470265
876,BRT,0.514,594.0,2.6459611655470265
913,BRT,0.514,594.0,2.6459611655470265
943,BRT,0.514,594.0,2.6459611655470265
1100,BRT,0.514,594.0,2.6459611655470265
1526,BRT,0.514,594.0,2.6459611655470265
1672,BRT,0.514,594.0,2.6459611655470265
886,BRT,0.513,601.0,2.6408133811782584
922,BRT,0.512,602.0,2.6356655968094898
1942,BRT,0.512,602.0,2.6356655968094898
2241,BRT,0.512,602.0,2.6356655968094898
2756,BRT,0.512,602.0,2.6356655968094898
24,BRT,0.511,606.0,2.630517812440721
164,BRT,0.511,606.0,2.630517812440721
780,BRT,0.511,606.0,2.630517812440721
1248,BRT,0.511,606.0,2.630517812440721
1711,BRT,0.511,606.0,2.630517812440721
696,BRT,0.51,611.0,2.6253700280719525
1315,BRT,0.51,611.0,2.6253700280719525
1808,BRT,0.51,611.0,2.6253700280719525
1986,BRT,0.51,611.0,2.6253700280719525
2354,BRT,0.51,611.0,2.6253700280719525
2679,BRT,0.51,611.0,2.6253700280719525
2717,BRT,0.51,611.0,2.6253700280719525
713,BRT,0.509,618.0,2.620222243703184
847,BRT,0.509,618.0,2.620222243703184
1347,BRT,0.509,618.0,2.620222243703184
2128,BRT,0.509,618.0,2.620222243703184
2249,BRT,0.509,618.0,2.620222243703184
459,BRT,0.508,623.0,2.6150744593344153
1305,BRT,0.508,623.0,2.6150744593344153
2090,BRT,0.508,623.0,2.6150744593344153
1390,BRT,0.507,626.0,2.609926674965647
1826,BRT,0.507,626.0,2.609926674965647
650,BRT,0.506,628.0,2.6047788905968785
927,BRT,0.506,628.0,2.6047788905968785
1142,BRT,0.506,628.0,2.6047788905968785
2608,BRT,0.506,628.0,2.6047788905968785
557,BRT,0.505,632.0,2.59963110622811
599,BRT,0.505,632.0,2.59963110622811
674,BRT,0.505,632.0,2.59963110622811
1459,BRT,0.505,632.0,2.59963110622811
2361,BRT,0.505,632.0,2.59963110622811
127,BRT,0.504,637.0,2.5944833218593413
976,BRT,0.504,637.0,2.5944833218593413
1415,BRT,0.504,637.0,2.5944833218593413
2480,BRT,0.504,637.0,2.5944833218593413
159,BRT,0.503,641.0,2.5893355374905727
937,BRT,0.503,641.0,2.5893355374905727
1135,BRT,0.503,641.0,2.5893355374905727
1320,BRT,0.502,644.0,2.584187753121804
1686,BRT,0.502,644.0,2.584187753121804
486,BRT,0.501,646.0,2.579039968753036
506,BRT,0.501,646.0,2.579039968753036
638,BRT,0.501,646.0,2.579039968753036
1080,BRT,0.501,646.0,2.579039968753036
1199,BRT,0.501,646.0,2.579039968753036
2471,BRT,0.501,646.0,2.579039968753036
2511,BRT,0.501,646.0,2.579039968753036
2684,BRT,0.501,646.0,2.579039968753036
2739,BRT,0.501,646.0,2.579039968753036
41,BRT,0.5,655.0,2.5738921843842673
625,BRT,0.5,655.0,2.5738921843842673
755,BRT,0.5,655.0,2.5738921843842673
981,BRT,0.5,655.0,2.5738921843842673
1240,BRT,0.5,655.0,2.5738921843842673
2170,BRT,0.5,655.0,2.5738921843842673
2667,BRT,0.5,655.0,2.5738921843842673
437,BRT,0.499,662.0,2.5687444000154986
1647,BRT,0.499,662.0,2.5687444000154986
2495,BRT,0.499,662.0,2.5687444000154986
61,BRT,0.498,665.0,2.56359661564673
1436,BRT,0.498,665.0,2.56359661564673
1448,BRT,0.498,665.0,2.56359661564673
1681,BRT,0.498,665.0,2.56359661564673
2238,BRT,0.498,665.0,2.56359661564673
392,BRT,0.497,670.0,2.5584488312779614
478,BRT,0.497,670.0,2.5584488312779614
654,BRT,0.497,670.0,2.5584488312779614
1596,BRT,0.497,670.0,2.5584488312779614
2291,BRT,0.497,670.0,2.5584488312779614
1468,BRT,0.496,675.0,2.5533010469091932
2212,BRT,0.496,675.0,2.5533010469091932
2293,BRT,0.496,675.0,2.5533010469091932
199,BRT,0.495,678.0,2.5481532625404246
306,BRT,0.495,678.0,2.5481532625404246
583,BRT,0.495,678.0,2.5481532625404246
1545,BRT,0.495,678.0,2.5481532625404246
2466,BRT,0.495,678.0,2.5481532625404246
2627,BRT,0.495,678.0,2.5481532625404246
426,BRT,0.494,684.0,2.543005478171656
481,BRT,0.494,684.0,2.543005478171656
635,BRT,0.494,684.0,2.543005478171656
918,BRT,0.494,684.0,2.543005478171656
1438,BRT,0.494,684.0,2.543005478171656
2106,BRT,0.494,684.0,2.543005478171656
15,BRT,0.493,690.0,2.5378576938028874
491,BRT,0.493,690.0,2.5378576938028874
1408,BRT,0.493,690.0,2.5378576938028874
697,BRT,0.492,693.0,2.5327099094341188
1469,BRT,0.492,693.0,2.5327099094341188
2132,BRT,0.492,693.0,2.5327099094341188
2226,BRT,0.492,693.0,2.5327099094341188
2373,BRT,0.492,693.0,2.5327099094341188
1112,BRT,0.491,698.0,2.52756212506535
496,BRT,0.49,699.0,2.522414340696582
1279,BRT,0.49,699.0,2.522414340696582
1806,BRT,0.49,699.0,2.522414340696582
1892,BRT,0.49,699.0,2.522414340696582
2391,BRT,0.49,699.0,2.522414340696582
2434,BRT,0.489,704.0,2.5172665563278134
2634,BRT,0.489,704.0,2.5172665563278134
408,BRT,0.488,706.0,2.5121187719590448
516,BRT,0.488,706.0,2.5121187719590448
1691,BRT,0.487,708.0,2.506970987590276
2416,BRT,0.487,708.0,2.506970987590276
97,BRT,0.486,710.0,2.5018232032215075
507,BRT,0.486,710.0,2.5018232032215075
827,BRT,0.486,710.0,2.5018232032215075
2651,BRT,0.486,710.0,2.5018232032215075
444,BRT,0.485,714.0,2.496675418852739
1488,BRT,0.485,714.0,2.496675418852739
2026,BRT,0.485,714.0,2.496675418852739
2540,BRT,0.485,714.0,2.496675418852739
1270,BRT,0.484,718.0,2.4915276344839707
1610,BRT,0.484,718.0,2.4915276344839707
1971,BRT,0.484,718.0,2.4915276344839707
2313,BRT,0.484,718.0,2.4915276344839707
562,BRT,0.483,722.0,2.486379850115202
1343,BRT,0.483,722.0,2.486379850115202
735,BRT,0.482,724.0,2.4812320657464335
1513,BRT,0.482,724.0,2.4812320657464335
2531,BRT,0.482,724.0,2.4812320657464335
1662,BRT,0.481,727.0,2.476084281377665
2405,BRT,0.481,727.0,2.476084281377665
324,BRT,0.48,729.0,2.4709364970088963
835,BRT,0.48,729.0,2.4709364970088963
1646,BRT,0.48,729.0,2.4709364970088963
389,BRT,0.479,732.0,2.4657887126401277
523,BRT,0.479,732.0,2.4657887126401277
1674,BRT,0.478,734.0,2.4606409282713595
2013,BRT,0.478,734.0,2.4606409282713595
2080,BRT,0.478,734.0,2.4606409282713595
2369,BRT,0.477,737.0,2.455493143902591
316,BRT,0.476,738.0,2.4503453595338223
920,BRT,0.476,738.0,2.4503453595338223
1167,BRT,0.476,738.0,2.4503453595338223
1849,BRT,0.476,738.0,2.4503453595338223
282,BRT,0.475,742.0,2.4451975751650536
409,BRT,0.475,742.0,2.4451975751650536
1023,BRT,0.475,742.0,2.4451975751650536
1281,BRT,0.475,742.0,2.4451975751650536
1890,BRT,0.475,742.0,2.4451975751650536
1937,BRT,0.475,742.0,2.4451975751650536
2233,BRT,0.475,742.0,2.4451975751650536
9,BRT,0.474,749.0,2.440049790796285
141,BRT,0.474,749.0,2.440049790796285
337,BRT,0.474,749.0,2.440049790796285
640,BRT,0.474,749.0,2.440049790796285
2333,BRT,0.474,749.0,2.440049790796285
1841,BRT,0.473,754.0,2.4349020064275164
46,BRT,0.472,755.0,2.4297542220587482
860,BRT,0.472,755.0,2.4297542220587482
1151,BRT,0.472,755.0,2.4297542220587482
1492,BRT,0.472,755.0,2.4297542220587482
1976,BRT,0.472,755.0,2.4297542220587482
2593,BRT,0.472,755.0,2.4297542220587482
126,BRT,0.471,761.0,2.4246064376899796
633,BRT,0.471,761.0,2.4246064376899796
769,BRT,0.471,761.0,2.4246064376899796
1238,BRT,0.471,761.0,2.4246064376899796
4,BRT,0.47,765.0,2.419458653321211
2067,BRT,0.47,765.0,2.419458653321211
2323,BRT,0.47,765.0,2.419458653321211
2327,BRT,0.47,765.0,2.419458653321211
2488,BRT,0.47,765.0,2.419458653321211
400,BRT,0.469,770.0,2.4143108689524424
414,BRT,0.469,770.0,2.4143108689524424
1657,BRT,0.469,770.0,2.4143108689524424
2547,BRT,0.469,770.0,2.4143108689524424
2012,BRT,0.468,774.0,2.4091630845836742
2703,BRT,0.468,774.0,2.4091630845836742
343,BRT,0.467,776.0,2.4040153002149056
806,BRT,0.467,776.0,2.4040153002149056
1872,BRT,0.467,776.0,2.4040153002149056
1923,BRT,0.467,776.0,2.4040153002149056
2216,BRT,0.467,776.0,2.4040153002149056
694,BRT,0.466,781.0,2.398867515846137
1106,BRT,0.466,781.0,2.398867515846137
845,BRT,0.465,783.0,2.3937197314773684
1344,BRT,0.465,783.0,2.3937197314773684
1699,BRT,0.465,783.0,2.3937197314773684
2257,BRT,0.465,783.0,2.3937197314773684
2630,BRT,0.465,783.0,2.3937197314773684
2710,BRT,0.465,783.0,2.3937197314773684
901,BRT,0.464,789.0,2.3885719471086
1001,BRT,0.464,789.0,2.3885719471086
1323,BRT,0.464,789.0,2.3885719471086
1397,BRT,0.464,789.0,2.3885719471086
1629,BRT,0.464,789.0,2.3885719471086
1863,BRT,0.464,789.0,2.3885719471086
2529,BRT,0.464,789.0,2.3885719471086
283,BRT,0.463,796.0,2.3834241627398316
370,BRT,0.463,796.0,2.3834241627398316
1912,BRT,0.463,796.0,2.3834241627398316
2065,BRT,0.463,796.0,2.3834241627398316
2390,BRT,0.463,796.0,2.3834241627398316
2037,BRT,0.462,801.0,2.378276378371063
2415,BRT,0.462,801.0,2.378276378371063
2767,BRT,0.462,801.0,2.378276378371063
438,BRT,0.461,804.0,2.3731285940022944
1190,BRT,0.461,804.0,2.3731285940022944
2014,BRT,0.461,804.0,2.3731285940022944
2526,BRT,0.461,804.0,2.3731285940022944
257,BRT,0.46,808.0,2.3679808096335258
1093,BRT,0.46,808.0,2.3679808096335258
1111,BRT,0.46,808.0,2.3679808096335258
1163,BRT,0.46,808.0,2.3679808096335258
1337,BRT,0.46,808.0,2.3679808096335258
1729,BRT,0.46,808.0,2.3679808096335258
2099,BRT,0.46,808.0,2.3679808096335258
2294,BRT,0.46,808.0,2.3679808096335258
1084,BRT,0.459,816.0,2.3628330252647576
101,BRT,0.458,817.0,2.357685240895989
630,BRT,0.458,817.0,2.357685240895989
2450,BRT,0.458,817.0,2.357685240895989
208,BRT,0.457,820.0,2.3525374565272203
314,BRT,0.457,820.0,2.3525374565272203
958,BRT,0.457,820.0,2.3525374565272203
1144,BRT,0.457,820.0,2.3525374565272203
2119,BRT,0.457,820.0,2.3525374565272203
2330,BRT,0.457,820.0,2.3525374565272203
22,BRT,0.456,826.0,2.3473896721584517
312,BRT,0.456,826.0,2.3473896721584517
851,BRT,0.456,826.0,2.3473896721584517
1285,BRT,0.456,826.0,2.3473896721584517
29,BRT,0.455,830.0,2.342241887789683
1119,BRT,0.455,830.0,2.342241887789683
1120,BRT,0.455,830.0,2.342241887789683
1900,BRT,0.455,830.0,2.342241887789683
2746,BRT,0.455,830.0,2.342241887789683
1514,BRT,0.454,835.0,2.3370941034209145
2057,BRT,0.454,835.0,2.3370941034209145
2250,BRT,0.454,835.0,2.3370941034209145
189,BRT,0.453,838.0,2.3319463190521463
942,BRT,0.453,838.0,2.3319463190521463
450,BRT,0.452,840.0,2.3267985346833777
746,BRT,0.452,840.0,2.3267985346833777
1214,BRT,0.452,840.0,2.3267985346833777
1562,BRT,0.452,840.0,2.3267985346833777
1782,BRT,0.452,840.0,2.3267985346833777
1913,BRT,0.452,840.0,2.3267985346833777
1939,BRT,0.452,840.0,2.3267985346833777
404,BRT,0.451,847.0,2.321650750314609
659,BRT,0.451,847.0,2.321650750314609
954,BRT,0.45,849.0,2.3165029659458405
1041,BRT,0.45,849.0,2.3165029659458405
1146,BRT,0.45,849.0,2.3165029659458405
1651,BRT,0.45,849.0,2.3165029659458405
1924,BRT,0.45,849.0,2.3165029659458405
1962,BRT,0.45,849.0,2.3165029659458405
2334,BRT,0.45,849.0,2.3165029659458405
60,BRT,0.449,856.0,2.311355181577072
862,BRT,0.449,856.0,2.311355181577072
1268,BRT,0.449,856.0,2.311355181577072
853,BRT,0.448,859.0,2.3062073972083033
962,BRT,0.448,859.0,2.3062073972083033
988,BRT,0.448,859.0,2.3062073972083033
1194,BRT,0.448,859.0,2.3062073972083033
1295,BRT,0.448,859.0,2.3062073972083033
1342,BRT,0.448,859.0,2.3062073972083033
1378,BRT,0.448,859.0,2.3062073972083033
1482,BRT,0.448,859.0,2.3062073972083033
1591,BRT,0.448,859.0,2.3062073972083033
1978,BRT,0.448,859.0,2.3062073972083033
2384,BRT,0.448,859.0,2.3062073972083033
566,BRT,0.447,870.0,2.301059612839535
909,BRT,0.447,870.0,2.301059612839535
1081,BRT,0.447,870.0,2.301059612839535
1427,BRT,0.447,870.0,2.301059612839535
1627,BRT,0.447,870.0,2.301059612839535
1783,BRT,0.447,870.0,2.301059612839535
2677,BRT,0.447,870.0,2.301059612839535
196,BRT,0.446,877.0,2.2959118284707665
365,BRT,0.446,877.0,2.2959118284707665
1914,BRT,0.446,877.0,2.2959118284707665
1155,BRT,0.445,880.0,2.290764044101998
1951,BRT,0.445,880.0,2.290764044101998
2760,BRT,0.445,880.0,2.290764044101998
763,BRT,0.444,883.0,2.2856162597332292
1563,BRT,0.444,883.0,2.2856162597332292
2337,BRT,0.444,883.0,2.2856162597332292
2457,BRT,0.444,883.0,2.2856162597332292
899,BRT,0.443,887.0,2.2804684753644606
1486,BRT,0.443,887.0,2.2804684753644606
2108,BRT,0.443,887.0,2.2804684753644606
2234,BRT,0.443,887.0,2.2804684753644606
2680,BRT,0.443,887.0,2.2804684753644606
225,BRT,0.442,892.0,2.275320690995692
905,BRT,0.442,892.0,2.275320690995692
1445,BRT,0.442,892.0,2.275320690995692
1650,BRT,0.442,892.0,2.275320690995692
1659,BRT,0.442,892.0,2.275320690995692
2136,BRT,0.442,892.0,2.275320690995692
1966,BRT,0.441,898.0,2.270172906626924
2036,BRT,0.441,898.0,2.270172906626924
2140,BRT,0.441,898.0,2.270172906626924
445,BRT,0.44,901.0,2.265025122258155
464,BRT,0.44,901.0,2.265025122258155
469,BRT,0.44,901.0,2.265025122258155
1640,BRT,0.44,901.0,2.265025122258155
1776,BRT,0.44,901.0,2.265025122258155
967,BRT,0.439,906.0,2.2598773378893866
1969,BRT,0.439,906.0,2.2598773378893866
2598,BRT,0.439,906.0,2.2598773378893866
219,BRT,0.438,909.0,2.254729553520618
564,BRT,0.438,909.0,2.254729553520618
1708,BRT,0.438,909.0,2.254729553520618
1715,BRT,0.438,909.0,2.254729553520618
2571,BRT,0.438,909.0,2.254729553520618
575,BRT,0.437,914.0,2.2495817691518494
253,BRT,0.436,915.0,2.2444339847830808
559,BRT,0.436,915.0,2.2444339847830808
573,BRT,0.436,915.0,2.2444339847830808
1261,BRT,0.436,915.0,2.2444339847830808
1363,BRT,0.436,915.0,2.2444339847830808
1796,BRT,0.436,915.0,2.2444339847830808
728,BRT,0.435,921.0,2.2392862004143126
1417,BRT,0.435,921.0,2.2392862004143126
1993,BRT,0.435,921.0,2.2392862004143126
2528,BRT,0.435,921.0,2.2392862004143126
333,BRT,0.434,925.0,2.234138416045544
391,BRT,0.434,925.0,2.234138416045544
602,BRT,0.434,925.0,2.234138416045544
745,BRT,0.434,925.0,2.234138416045544
1537,BRT,0.434,925.0,2.234138416045544
1835,BRT,0.434,925.0,2.234138416045544
137,BRT,0.432,931.0,2.2238428473080067
143,BRT,0.432,931.0,2.2238428473080067
228,BRT,0.432,931.0,2.2238428473080067
718,BRT,0.432,931.0,2.2238428473080067
812,BRT,0.432,931.0,2.2238428473080067
1152,BRT,0.432,931.0,2.2238428473080067
1432,BRT,0.432,931.0,2.2238428473080067
1538,BRT,0.432,931.0,2.2238428473080067
2053,BRT,0.432,931.0,2.2238428473080067
2279,BRT,0.432,931.0,2.2238428473080067
1128,BRT,0.431,941.0,2.218695062939238
1394,BRT,0.431,941.0,2.218695062939238
2044,BRT,0.431,941.0,2.218695062939238
2135,BRT,0.431,941.0,2.218695062939238
803,BRT,0.43,945.0,2.21354727857047
1450,BRT,0.43,945.0,2.21354727857047
1818,BRT,0.43,945.0,2.21354727857047
319,BRT,0.429,948.0,2.2083994942017013
2562,BRT,0.429,948.0,2.2083994942017013
1888,BRT,0.428,950.0,2.2032517098329327
2347,BRT,0.428,950.0,2.2032517098329327
2403,BRT,0.428,950.0,2.2032517098329327
2590,BRT,0.428,950.0,2.2032517098329327
721,BRT,0.427,954.0,2.198103925464164
765,BRT,0.427,954.0,2.198103925464164
1577,BRT,0.427,954.0,2.198103925464164
2467,BRT,0.427,954.0,2.198103925464164
2481,BRT,0.427,954.0,2.198103925464164
1772,BRT,0.426,959.0,2.1929561410953955
747,BRT,0.425,960.0,2.187808356726627
1875,BRT,0.425,960.0,2.187808356726627
2755,BRT,0.425,960.0,2.187808356726627
1551,BRT,0.424,963.0,2.1826605723578587
1775,BRT,0.424,963.0,2.1826605723578587
1853,BRT,0.424,963.0,2.1826605723578587
2059,BRT,0.424,963.0,2.1826605723578587
2766,BRT,0.424,963.0,2.1826605723578587
263,BRT,0.423,968.0,2.17751278798909
1843,BRT,0.423,968.0,2.17751278798909
2242,BRT,0.423,968.0,2.17751278798909
2485,BRT,0.423,968.0,2.17751278798909
1574,BRT,0.422,972.0,2.1723650036203215
1938,BRT,0.422,972.0,2.1723650036203215
2030,BRT,0.422,972.0,2.1723650036203215
245,BRT,0.421,975.0,2.167217219251553
671,BRT,0.421,975.0,2.167217219251553
1554,BRT,0.421,975.0,2.167217219251553
1558,BRT,0.421,975.0,2.167217219251553
1721,BRT,0.421,975.0,2.167217219251553
2039,BRT,0.421,975.0,2.167217219251553
2148,BRT,0.421,975.0,2.167217219251553
34,BRT,0.42,982.0,2.1620694348827842
91,BRT,0.42,982.0,2.1620694348827842
1680,BRT,0.42,982.0,2.1620694348827842
1933,BRT,0.42,982.0,2.1620694348827842
2025,BRT,0.42,982.0,2.1620694348827842
2594,BRT,0.42,982.0,2.1620694348827842
23,BRT,0.419,988.0,2.1569216505140156
1292,BRT,0.419,988.0,2.1569216505140156
1920,BRT,0.419,988.0,2.1569216505140156
2247,BRT,0.419,988.0,2.1569216505140156
2315,BRT,0.419,988.0,2.1569216505140156
2431,BRT,0.419,988.0,2.1569216505140156
2462,BRT,0.419,988.0,2.1569216505140156
952,BRT,0.418,995.0,2.1517738661452475
1035,BRT,0.418,995.0,2.1517738661452475
1183,BRT,0.418,995.0,2.1517738661452475
1540,BRT,0.418,995.0,2.1517738661452475
1677,BRT,0.418,995.0,2.1517738661452475
1780,BRT,0.418,995.0,2.1517738661452475
1929,BRT,0.418,995.0,2.1517738661452475
2512,BRT,0.418,995.0,2.1517738661452475
379,BRT,0.417,1003.0,2.146626081776479
548,BRT,0.417,1003.0,2.146626081776479
795,BRT,0.417,1003.0,2.146626081776479
1031,BRT,0.417,1003.0,2.146626081776479
1407,BRT,0.417,1003.0,2.146626081776479
1877,BRT,0.417,1003.0,2.146626081776479
2773,BRT,0.417,1003.0,2.146626081776479
169,BRT,0.416,1010.0,2.1414782974077102
340,BRT,0.416,1010.0,2.1414782974077102
1014,BRT,0.416,1010.0,2.1414782974077102
1254,BRT,0.416,1010.0,2.1414782974077102
1828,BRT,0.416,1010.0,2.1414782974077102
722,BRT,0.415,1015.0,2.1363305130389416
1728,BRT,0.415,1015.0,2.1363305130389416
1949,BRT,0.415,1015.0,2.1363305130389416
2074,BRT,0.415,1015.0,2.1363305130389416
2348,BRT,0.415,1015.0,2.1363305130389416
124,BRT,0.414,1020.0,2.131182728670173
1045,BRT,0.414,1020.0,2.131182728670173
1480,BRT,0.414,1020.0,2.131182728670173
1948,BRT,0.414,1020.0,2.131182728670173
2588,BRT,0.414,1020.0,2.131182728670173
168,BRT,0.413,1025.0,2.1260349443014044
1088,BRT,0.413,1025.0,2.1260349443014044
1932,BRT,0.413,1025.0,2.1260349443014044
624,BRT,0.412,1028.0,2.120887159932636
966,BRT,0.412,1028.0,2.120887159932636
1097,BRT,0.412,1028.0,2.120887159932636
1367,BRT,0.412,1028.0,2.120887159932636
2262,BRT,0.412,1028.0,2.120887159932636
58,BRT,0.411,1033.0,2.1157393755638676
690,BRT,0.411,1033.0,2.1157393755638676
2245,BRT,0.411,1033.0,2.1157393755638676
25,BRT,0.409,1036.0,2.1054438068263304
183,BRT,0.409,1036.0,2.1054438068263304
276,BRT,0.409,1036.0,2.1054438068263304
893,BRT,0.409,1036.0,2.1054438068263304
1579,BRT,0.409,1036.0,2.1054438068263304
277,BRT,0.408,1041.0,2.1002960224575618
335,BRT,0.408,1041.0,2.1002960224575618
202,BRT,0.407,1043.0,2.095148238088793
656,BRT,0.407,1043.0,2.095148238088793
1491,BRT,0.407,1043.0,2.095148238088793
1594,BRT,0.407,1043.0,2.095148238088793
12,BRT,0.406,1047.0,2.090000453720025
357,BRT,0.406,1047.0,2.090000453720025
536,BRT,0.406,1047.0,2.090000453720025
986,BRT,0.406,1047.0,2.090000453720025
1773,BRT,0.406,1047.0,2.090000453720025
2441,BRT,0.406,1047.0,2.090000453720025
1032,BRT,0.405,1053.0,2.0848526693512563
2020,BRT,0.405,1053.0,2.0848526693512563
2332,BRT,0.405,1053.0,2.0848526693512563
2539,BRT,0.405,1053.0,2.0848526693512563
2757,BRT,0.405,1053.0,2.0848526693512563
364,BRT,0.404,1058.0,2.079704884982488
588,BRT,0.404,1058.0,2.079704884982488
897,BRT,0.404,1058.0,2.079704884982488
1070,BRT,0.404,1058.0,2.079704884982488
2091,BRT,0.404,1058.0,2.079704884982488
2393,BRT,0.404,1058.0,2.079704884982488
2489,BRT,0.404,1058.0,2.079704884982488
505,BRT,0.403,1065.0,2.0745571006137196
741,BRT,0.403,1065.0,2.0745571006137196
1004,BRT,0.403,1065.0,2.0745571006137196
1720,BRT,0.403,1065.0,2.0745571006137196
1762,BRT,0.403,1065.0,2.0745571006137196
2737,BRT,0.403,1065.0,2.0745571006137196
705,BRT,0.402,1071.0,2.069409316244951
832,BRT,0.402,1071.0,2.069409316244951
1964,BRT,0.402,1071.0,2.069409316244951
2302,BRT,0.402,1071.0,2.069409316244951
352,BRT,0.401,1075.0,2.0642615318761823
441,BRT,0.401,1075.0,2.0642615318761823
1215,BRT,0.401,1075.0,2.0642615318761823
1329,BRT,0.401,1075.0,2.0642615318761823
1460,BRT,0.401,1075.0,2.0642615318761823
1989,BRT,0.401,1075.0,2.0642615318761823
2006,BRT,0.401,1075.0,2.0642615318761823
2605,BRT,0.401,1075.0,2.0642615318761823
2769,BRT,0.401,1075.0,2.0642615318761823
78,BRT,0.4,1084.0,2.0591137475074137
2153,BRT,0.4,1084.0,2.0591137475074137
184,BRT,0.399,1086.0,2.053965963138645
1044,BRT,0.399,1086.0,2.053965963138645
1400,BRT,0.399,1086.0,2.053965963138645
2045,BRT,0.399,1086.0,2.053965963138645
241,BRT,0.398,1090.0,2.048818178769877
661,BRT,0.398,1090.0,2.048818178769877
759,BRT,0.398,1090.0,2.048818178769877
1094,BRT,0.398,1090.0,2.048818178769877
1153,BRT,0.398,1090.0,2.048818178769877
1959,BRT,0.398,1090.0,2.048818178769877
2222,BRT,0.398,1090.0,2.048818178769877
2448,BRT,0.398,1090.0,2.048818178769877
2698,BRT,0.398,1090.0,2.048818178769877
2740,BRT,0.398,1090.0,2.048818178769877
70,BRT,0.397,1100.0,2.0436703944011083
270,BRT,0.397,1100.0,2.0436703944011083
734,BRT,0.397,1100.0,2.0436703944011083
1388,BRT,0.397,1100.0,2.0436703944011083
1753,BRT,0.397,1100.0,2.0436703944011083
2638,BRT,0.397,1100.0,2.0436703944011083
304,BRT,0.396,1106.0,2.0385226100323397
443,BRT,0.396,1106.0,2.0385226100323397
1575,BRT,0.396,1106.0,2.0385226100323397
1705,BRT,0.396,1106.0,2.0385226100323397
26,BRT,0.395,1110.0,2.033374825663571
279,BRT,0.395,1110.0,2.033374825663571
488,BRT,0.395,1110.0,2.033374825663571
730,BRT,0.395,1110.0,2.033374825663571
1073,BRT,0.395,1110.0,2.033374825663571
1219,BRT,0.395,1110.0,2.033374825663571
2765,BRT,0.395,1110.0,2.033374825663571
530,BRT,0.394,1117.0,2.0282270412948025
684,BRT,0.394,1117.0,2.0282270412948025
805,BRT,0.394,1117.0,2.0282270412948025
1839,BRT,0.394,1117.0,2.0282270412948025
2156,BRT,0.394,1117.0,2.0282270412948025
2298,BRT,0.394,1117.0,2.0282270412948025
2658,BRT,0.394,1117.0,2.0282270412948025
2690,BRT,0.394,1117.0,2.0282270412948025
1990,BRT,0.393,1125.0,2.0230792569260343
1998,BRT,0.393,1125.0,2.0230792569260343
553,BRT,0.392,1127.0,2.0179314725572657
1334,BRT,0.392,1127.0,2.0179314725572657
1789,BRT,0.392,1127.0,2.0179314725572657
2201,BRT,0.392,1127.0,2.0179314725572657
2613,BRT,0.392,1127.0,2.0179314725572657
2629,BRT,0.392,1127.0,2.0179314725572657
145,BRT,0.391,1133.0,2.012783688188497
679,BRT,0.391,1133.0,2.012783688188497
1871,BRT,0.391,1133.0,2.012783688188497
2367,BRT,0.391,1133.0,2.012783688188497
236,BRT,0.39,1137.0,2.0076359038197285
2043,BRT,0.39,1137.0,2.0076359038197285
547,BRT,0.389,1139.0,2.00248811945096
1384,BRT,0.389,1139.0,2.00248811945096
2187,BRT,0.389,1139.0,2.00248811945096
413,BRT,0.388,1142.0,1.9973403350821914
1089,BRT,0.388,1142.0,1.9973403350821914
1328,BRT,0.388,1142.0,1.9973403350821914
1447,BRT,0.388,1142.0,1.9973403350821914
2695,BRT,0.388,1142.0,1.9973403350821914
62,BRT,0.387,1147.0,1.9921925507134228
246,BRT,0.387,1147.0,1.9921925507134228
782,BRT,0.387,1147.0,1.9921925507134228
973,BRT,0.387,1147.0,1.9921925507134228
1663,BRT,0.387,1147.0,1.9921925507134228
2021,BRT,0.387,1147.0,1.9921925507134228
2223,BRT,0.387,1147.0,1.9921925507134228
2678,BRT,0.387,1147.0,1.9921925507134228
146,BRT,0.386,1155.0,1.9870447663446542
526,BRT,0.386,1155.0,1.9870447663446542
1719,BRT,0.386,1155.0,1.9870447663446542
2321,BRT,0.386,1155.0,1.9870447663446542
2524,BRT,0.386,1155.0,1.9870447663446542
1,BRT,0.385,1160.0,1.9818969819758858
37,BRT,0.385,1160.0,1.9818969819758858
362,BRT,0.385,1160.0,1.9818969819758858
1059,BRT,0.385,1160.0,1.9818969819758858
1098,BRT,0.385,1160.0,1.9818969819758858
1205,BRT,0.385,1160.0,1.9818969819758858
1581,BRT,0.385,1160.0,1.9818969819758858
2206,BRT,0.385,1160.0,1.9818969819758858
2617,BRT,0.385,1160.0,1.9818969819758858
1706,BRT,0.384,1169.0,1.9767491976071172
2079,BRT,0.384,1169.0,1.9767491976071172
2264,BRT,0.384,1169.0,1.9767491976071172
2292,BRT,0.384,1169.0,1.9767491976071172
2435,BRT,0.384,1169.0,1.9767491976071172
17,BRT,0.383,1174.0,1.9716014132383486
1272,BRT,0.383,1174.0,1.9716014132383486
2028,BRT,0.383,1174.0,1.9716014132383486
2189,BRT,0.383,1174.0,1.9716014132383486
2522,BRT,0.383,1174.0,1.9716014132383486
2614,BRT,0.383,1174.0,1.9716014132383486
2639,BRT,0.383,1174.0,1.9716014132383486
865,BRT,0.382,1181.0,1.9664536288695802
1274,BRT,0.382,1181.0,1.9664536288695802
1666,BRT,0.382,1181.0,1.9664536288695802
1736,BRT,0.382,1181.0,1.9664536288695802
2597,BRT,0.382,1181.0,1.9664536288695802
201,BRT,0.381,1186.0,1.9613058445008116
376,BRT,0.381,1186.0,1.9613058445008116
710,BRT,0.381,1186.0,1.9613058445008116
1985,BRT,0.381,1186.0,1.9613058445008116
2237,BRT,0.381,1186.0,1.9613058445008116
2246,BRT,0.381,1186.0,1.9613058445008116
272,BRT,0.38,1192.0,1.9561580601320432
752,BRT,0.38,1192.0,1.9561580601320432
1391,BRT,0.38,1192.0,1.9561580601320432
2530,BRT,0.38,1192.0,1.9561580601320432
2650,BRT,0.379,1196.0,1.9510102757632746
2699,BRT,0.379,1196.0,1.9510102757632746
1440,BRT,0.378,1198.0,1.945862491394506
1442,BRT,0.378,1198.0,1.945862491394506
1582,BRT,0.378,1198.0,1.945862491394506
1622,BRT,0.378,1198.0,1.945862491394506
1648,BRT,0.378,1198.0,1.945862491394506
2102,BRT,0.377,1203.0,1.9407147070257376
2514,BRT,0.377,1203.0,1.9407147070257376
2616,BRT,0.377,1203.0,1.9407147070257376
810,BRT,0.376,1206.0,1.935566922656969
1275,BRT,0.376,1206.0,1.935566922656969
1599,BRT,0.376,1206.0,1.935566922656969
2048,BRT,0.376,1206.0,1.935566922656969
2168,BRT,0.376,1206.0,1.935566922656969
2484,BRT,0.376,1206.0,1.935566922656969
449,BRT,0.375,1212.0,1.9304191382882003
493,BRT,0.375,1212.0,1.9304191382882003
1341,BRT,0.375,1212.0,1.9304191382882003
1685,BRT,0.375,1212.0,1.9304191382882003
2069,BRT,0.375,1212.0,1.9304191382882003
2346,BRT,0.375,1212.0,1.9304191382882003
2439,BRT,0.375,1212.0,1.9304191382882003
251,BRT,0.374,1219.0,1.925271353919432
394,BRT,0.374,1219.0,1.925271353919432
565,BRT,0.374,1219.0,1.925271353919432
649,BRT,0.374,1219.0,1.925271353919432
1455,BRT,0.374,1219.0,1.925271353919432
1531,BRT,0.374,1219.0,1.925271353919432
1744,BRT,0.374,1219.0,1.925271353919432
1855,BRT,0.374,1219.0,1.925271353919432
2326,BRT,0.374,1219.0,1.925271353919432
458,BRT,0.373,1228.0,1.9201235695506633
609,BRT,0.373,1228.0,1.9201235695506633
1069,BRT,0.373,1228.0,1.9201235695506633
2105,BRT,0.373,1228.0,1.9201235695506633
65,BRT,0.372,1232.0,1.9149757851818947
77,BRT,0.372,1232.0,1.9149757851818947
1613,BRT,0.372,1232.0,1.9149757851818947
2060,BRT,0.372,1232.0,1.9149757851818947
2278,BRT,0.372,1232.0,1.9149757851818947
2282,BRT,0.372,1232.0,1.9149757851818947
349,BRT,0.371,1238.0,1.9098280008131263
873,BRT,0.371,1238.0,1.9098280008131263
1068,BRT,0.371,1238.0,1.9098280008131263
1740,BRT,0.371,1238.0,1.9098280008131263
1759,BRT,0.371,1238.0,1.9098280008131263
1788,BRT,0.371,1238.0,1.9098280008131263
2078,BRT,0.371,1238.0,1.9098280008131263
173,BRT,0.37,1245.0,1.9046802164443577
206,BRT,0.37,1245.0,1.9046802164443577
792,BRT,0.37,1245.0,1.9046802164443577
1043,BRT,0.37,1245.0,1.9046802164443577
1124,BRT,0.37,1245.0,1.9046802164443577
1239,BRT,0.37,1245.0,1.9046802164443577
1330,BRT,0.37,1245.0,1.9046802164443577
433,BRT,0.369,1252.0,1.899532432075589
1101,BRT,0.369,1252.0,1.899532432075589
1148,BRT,0.369,1252.0,1.899532432075589
1787,BRT,0.369,1252.0,1.899532432075589
1869,BRT,0.369,1252.0,1.899532432075589
223,BRT,0.368,1257.0,1.8943846477068207
422,BRT,0.368,1257.0,1.8943846477068207
525,BRT,0.368,1257.0,1.8943846477068207
580,BRT,0.368,1257.0,1.8943846477068207
1188,BRT,0.368,1257.0,1.8943846477068207
2702,BRT,0.368,1257.0,1.8943846477068207
255,BRT,0.367,1263.0,1.889236863338052
382,BRT,0.367,1263.0,1.889236863338052
1569,BRT,0.367,1263.0,1.889236863338052
2049,BRT,0.367,1263.0,1.889236863338052
2147,BRT,0.367,1263.0,1.889236863338052
2568,BRT,0.367,1263.0,1.889236863338052
1862,BRT,0.366,1269.0,1.8840890789692835
2371,BRT,0.366,1269.0,1.8840890789692835
2582,BRT,0.366,1269.0,1.8840890789692835
258,BRT,0.365,1272.0,1.878941294600515
396,BRT,0.365,1272.0,1.878941294600515
533,BRT,0.365,1272.0,1.878941294600515
541,BRT,0.365,1272.0,1.878941294600515
767,BRT,0.365,1272.0,1.878941294600515
911,BRT,0.365,1272.0,1.878941294600515
1654,BRT,0.365,1272.0,1.878941294600515
2676,BRT,0.365,1272.0,1.878941294600515
2691,BRT,0.365,1272.0,1.878941294600515
2752,BRT,0.365,1272.0,1.878941294600515
766,BRT,0.364,1282.0,1.8737935102317465
800,BRT,0.364,1282.0,1.8737935102317465
950,BRT,0.364,1282.0,1.8737935102317465
1076,BRT,0.364,1282.0,1.8737935102317465
1203,BRT,0.364,1282.0,1.8737935102317465
2341,BRT,0.364,1282.0,1.8737935102317465
2400,BRT,0.364,1282.0,1.8737935102317465
2581,BRT,0.364,1282.0,1.8737935102317465
308,BRT,0.363,1290.0,1.8686457258629778
1053,BRT,0.363,1290.0,1.8686457258629778
1738,BRT,0.363,1290.0,1.8686457258629778
2100,BRT,0.363,1290.0,1.8686457258629778
2185,BRT,0.363,1290.0,1.8686457258629778
2388,BRT,0.363,1290.0,1.8686457258629778
125,BRT,0.362,1296.0,1.8634979414942094
455,BRT,0.362,1296.0,1.8634979414942094
890,BRT,0.362,1296.0,1.8634979414942094
2205,BRT,0.362,1296.0,1.8634979414942094
2646,BRT,0.362,1296.0,1.8634979414942094
2714,BRT,0.362,1296.0,1.8634979414942094
95,BRT,0.361,1302.0,1.8583501571254408
179,BRT,0.361,1302.0,1.8583501571254408
237,BRT,0.361,1302.0,1.8583501571254408
822,BRT,0.361,1302.0,1.8583501571254408
1768,BRT,0.361,1302.0,1.8583501571254408
2097,BRT,0.361,1302.0,1.8583501571254408
341,BRT,0.36,1308.0,1.8532023727566722
492,BRT,0.36,1308.0,1.8532023727566722
574,BRT,0.36,1308.0,1.8532023727566722
1430,BRT,0.36,1308.0,1.8532023727566722
1803,BRT,0.36,1308.0,1.8532023727566722
1946,BRT,0.36,1308.0,1.8532023727566722
1767,BRT,0.359,1314.0,1.8480545883879038
1996,BRT,0.359,1314.0,1.8480545883879038
281,BRT,0.358,1316.0,1.8429068040191352
1593,BRT,0.358,1316.0,1.8429068040191352
2075,BRT,0.358,1316.0,1.8429068040191352
153,BRT,0.357,1319.0,1.8377590196503666
1301,BRT,0.357,1319.0,1.8377590196503666
1317,BRT,0.357,1319.0,1.8377590196503666
1956,BRT,0.357,1319.0,1.8377590196503666
2286,BRT,0.357,1319.0,1.8377590196503666
2635,BRT,0.357,1319.0,1.8377590196503666
19,BRT,0.356,1325.0,1.8326112352815982
618,BRT,0.356,1325.0,1.8326112352815982
660,BRT,0.356,1325.0,1.8326112352815982
698,BRT,0.356,1325.0,1.8326112352815982
702,BRT,0.356,1325.0,1.8326112352815982
725,BRT,0.356,1325.0,1.8326112352815982
773,BRT,0.356,1325.0,1.8326112352815982
1056,BRT,0.356,1325.0,1.8326112352815982
1974,BRT,0.356,1325.0,1.8326112352815982
2214,BRT,0.356,1325.0,1.8326112352815982
40,BRT,0.355,1335.0,1.8274634509128296
135,BRT,0.355,1335.0,1.8274634509128296
549,BRT,0.355,1335.0,1.8274634509128296
1612,BRT,0.355,1335.0,1.8274634509128296
1422,BRT,0.354,1339.0,1.822315666544061
1733,BRT,0.354,1339.0,1.822315666544061
2008,BRT,0.354,1339.0,1.822315666544061
568,BRT,0.353,1342.0,1.8171678821752926
1109,BRT,0.353,1342.0,1.8171678821752926
2778,BRT,0.353,1342.0,1.8171678821752926
288,BRT,0.352,1345.0,1.812020097806524
416,BRT,0.352,1345.0,1.812020097806524
750,BRT,0.352,1345.0,1.812020097806524
794,BRT,0.352,1345.0,1.812020097806524
2151,BRT,0.352,1345.0,1.812020097806524
2764,BRT,0.352,1345.0,1.812020097806524
1067,BRT,0.351,1351.0,1.8068723134377553
1395,BRT,0.351,1351.0,1.8068723134377553
2745,BRT,0.351,1351.0,1.8068723134377553
502,BRT,0.35,1354.0,1.801724529068987
578,BRT,0.35,1354.0,1.801724529068987
1333,BRT,0.35,1354.0,1.801724529068987
1611,BRT,0.35,1354.0,1.801724529068987
2575,BRT,0.35,1354.0,1.801724529068987
418,BRT,0.349,1359.0,1.7965767447002183
594,BRT,0.349,1359.0,1.7965767447002183
666,BRT,0.349,1359.0,1.7965767447002183
908,BRT,0.349,1359.0,1.7965767447002183
1665,BRT,0.349,1359.0,1.7965767447002183
45,BRT,0.348,1364.0,1.79142896033145
560,BRT,0.348,1364.0,1.79142896033145
582,BRT,0.348,1364.0,1.79142896033145
1102,BRT,0.348,1364.0,1.79142896033145
1441,BRT,0.348,1364.0,1.79142896033145
2184,BRT,0.348,1364.0,1.79142896033145
2314,BRT,0.348,1364.0,1.79142896033145
2543,BRT,0.348,1364.0,1.79142896033145
122,BRT,0.347,1372.0,1.7862811759626813
497,BRT,0.347,1372.0,1.7862811759626813
2093,BRT,0.347,1372.0,1.7862811759626813
2289,BRT,0.347,1372.0,1.7862811759626813
2366,BRT,0.347,1372.0,1.7862811759626813
2533,BRT,0.347,1372.0,1.7862811759626813
2709,BRT,0.347,1372.0,1.7862811759626813
18,BRT,0.346,1379.0,1.7811333915939127
706,BRT,0.346,1379.0,1.7811333915939127
1786,BRT,0.346,1379.0,1.7811333915939127
1968,BRT,0.346,1379.0,1.7811333915939127
2133,BRT,0.346,1379.0,1.7811333915939127
2452,BRT,0.346,1379.0,1.7811333915939127
596,BRT,0.345,1385.0,1.7759856072251443
653,BRT,0.345,1385.0,1.7759856072251443
1546,BRT,0.345,1385.0,1.7759856072251443
2504,BRT,0.345,1385.0,1.7759856072251443
2640,BRT,0.345,1385.0,1.7759856072251443
2670,BRT,0.345,1385.0,1.7759856072251443
138,BRT,0.344,1391.0,1.7708378228563757
338,BRT,0.344,1391.0,1.7708378228563757
381,BRT,0.344,1391.0,1.7708378228563757
691,BRT,0.344,1391.0,1.7708378228563757
1138,BRT,0.344,1391.0,1.7708378228563757
1548,BRT,0.344,1391.0,1.7708378228563757
1673,BRT,0.344,1391.0,1.7708378228563757
2003,BRT,0.344,1391.0,1.7708378228563757
2451,BRT,0.344,1391.0,1.7708378228563757
2716,BRT,0.344,1391.0,1.7708378228563757
33,BRT,0.343,1401.0,1.7656900384876075
344,BRT,0.343,1401.0,1.7656900384876075
1380,BRT,0.343,1401.0,1.7656900384876075
1630,BRT,0.343,1401.0,1.7656900384876075
1982,BRT,0.343,1401.0,1.7656900384876075
47,BRT,0.342,1406.0,1.760542254118839
56,BRT,0.342,1406.0,1.760542254118839
891,BRT,0.342,1406.0,1.760542254118839
1402,BRT,0.342,1406.0,1.760542254118839
2195,BRT,0.342,1406.0,1.760542254118839
2621,BRT,0.342,1406.0,1.760542254118839
872,BRT,0.341,1412.0,1.7553944697500703
1283,BRT,0.341,1412.0,1.7553944697500703
1616,BRT,0.341,1412.0,1.7553944697500703
1707,BRT,0.341,1412.0,1.7553944697500703
2365,BRT,0.341,1412.0,1.7553944697500703
27,BRT,0.34,1417.0,1.750246685381302
167,BRT,0.34,1417.0,1.750246685381302
330,BRT,0.34,1417.0,1.750246685381302
945,BRT,0.34,1417.0,1.750246685381302
1965,BRT,0.34,1417.0,1.750246685381302
2556,BRT,0.34,1417.0,1.750246685381302
2601,BRT,0.34,1417.0,1.750246685381302
2775,BRT,0.34,1417.0,1.750246685381302
397,BRT,0.339,1425.0,1.7450989010125333
675,BRT,0.339,1425.0,1.7450989010125333
857,BRT,0.339,1425.0,1.7450989010125333
1117,BRT,0.339,1425.0,1.7450989010125333
1280,BRT,0.339,1425.0,1.7450989010125333
1297,BRT,0.339,1425.0,1.7450989010125333
1409,BRT,0.339,1425.0,1.7450989010125333
1761,BRT,0.339,1425.0,1.7450989010125333
1907,BRT,0.339,1425.0,1.7450989010125333
1957,BRT,0.339,1425.0,1.7450989010125333
355,BRT,0.338,1435.0,1.7399511166437647
957,BRT,0.338,1435.0,1.7399511166437647
1005,BRT,0.338,1435.0,1.7399511166437647
1079,BRT,0.338,1435.0,1.7399511166437647
1359,BRT,0.338,1435.0,1.7399511166437647
1621,BRT,0.338,1435.0,1.7399511166437647
157,BRT,0.337,1441.0,1.7348033322749963
1170,BRT,0.337,1441.0,1.7348033322749963
1805,BRT,0.337,1441.0,1.7348033322749963
1992,BRT,0.337,1441.0,1.7348033322749963
2150,BRT,0.337,1441.0,1.7348033322749963
2358,BRT,0.337,1441.0,1.7348033322749963
2748,BRT,0.337,1441.0,1.7348033322749963
500,BRT,0.336,1448.0,1.7296555479062277
709,BRT,0.336,1448.0,1.7296555479062277
833,BRT,0.336,1448.0,1.7296555479062277
1193,BRT,0.336,1448.0,1.7296555479062277
1257,BRT,0.336,1448.0,1.7296555479062277
1314,BRT,0.336,1448.0,1.7296555479062277
1784,BRT,0.336,1448.0,1.7296555479062277
2697,BRT,0.336,1448.0,1.7296555479062277
112,BRT,0.335,1456.0,1.724507763537459
2624,BRT,0.335,1456.0,1.724507763537459
2688,BRT,0.335,1456.0,1.724507763537459
171,BRT,0.334,1459.0,1.7193599791686907
521,BRT,0.334,1459.0,1.7193599791686907
1308,BRT,0.334,1459.0,1.7193599791686907
2203,BRT,0.334,1459.0,1.7193599791686907
142,BRT,0.333,1463.0,1.714212194799922
247,BRT,0.333,1463.0,1.714212194799922
892,BRT,0.333,1463.0,1.714212194799922
1313,BRT,0.333,1463.0,1.714212194799922
1451,BRT,0.333,1463.0,1.714212194799922
1550,BRT,0.333,1463.0,1.714212194799922
2137,BRT,0.333,1463.0,1.714212194799922
2258,BRT,0.333,1463.0,1.714212194799922
598,BRT,0.332,1471.0,1.7090644104311534
1224,BRT,0.332,1471.0,1.7090644104311534
1747,BRT,0.332,1471.0,1.7090644104311534
2355,BRT,0.332,1471.0,1.7090644104311534
6,BRT,0.331,1475.0,1.703916626062385
622,BRT,0.331,1475.0,1.703916626062385
846,BRT,0.331,1475.0,1.703916626062385
1242,BRT,0.331,1475.0,1.703916626062385
1891,BRT,0.331,1475.0,1.703916626062385
468,BRT,0.33,1480.0,1.6987688416936164
1325,BRT,0.33,1480.0,1.6987688416936164
2240,BRT,0.33,1480.0,1.6987688416936164
2523,BRT,0.33,1480.0,1.6987688416936164
388,BRT,0.329,1484.0,1.6936210573248478
501,BRT,0.329,1484.0,1.6936210573248478
590,BRT,0.329,1484.0,1.6936210573248478
608,BRT,0.329,1484.0,1.6936210573248478
616,BRT,0.329,1484.0,1.6936210573248478
1266,BRT,0.329,1484.0,1.6936210573248478
1316,BRT,0.329,1484.0,1.6936210573248478
31,BRT,0.328,1491.0,1.6884732729560794
186,BRT,0.328,1491.0,1.6884732729560794
811,BRT,0.328,1491.0,1.6884732729560794
855,BRT,0.328,1491.0,1.6884732729560794
1792,BRT,0.328,1491.0,1.6884732729560794
1894,BRT,0.328,1491.0,1.6884732729560794
2007,BRT,0.328,1491.0,1.6884732729560794
2033,BRT,0.328,1491.0,1.6884732729560794
2316,BRT,0.328,1491.0,1.6884732729560794
2713,BRT,0.328,1491.0,1.6884732729560794
2763,BRT,0.328,1491.0,1.6884732729560794
2420,BRT,0.327,1502.0,1.6833254885873108
2615,BRT,0.327,1502.0,1.6833254885873108
456,BRT,0.326,1504.0,1.6781777042185422
1352,BRT,0.326,1504.0,1.6781777042185422
1618,BRT,0.326,1504.0,1.6781777042185422
2070,BRT,0.326,1504.0,1.6781777042185422
423,BRT,0.325,1508.0,1.6730299198497738
744,BRT,0.325,1508.0,1.6730299198497738
785,BRT,0.325,1508.0,1.6730299198497738
1082,BRT,0.325,1508.0,1.6730299198497738
1583,BRT,0.325,1508.0,1.6730299198497738
2082,BRT,0.325,1508.0,1.6730299198497738
2181,BRT,0.325,1508.0,1.6730299198497738
2580,BRT,0.325,1508.0,1.6730299198497738
298,BRT,0.324,1516.0,1.6678821354810052
1141,BRT,0.324,1516.0,1.6678821354810052
1372,BRT,0.324,1516.0,1.6678821354810052
1731,BRT,0.324,1516.0,1.6678821354810052
544,BRT,0.323,1520.0,1.6627343511122366
1246,BRT,0.323,1520.0,1.6627343511122366
1560,BRT,0.323,1520.0,1.6627343511122366
2243,BRT,0.323,1520.0,1.6627343511122366
178,BRT,0.322,1524.0,1.6575865667434682
460,BRT,0.322,1524.0,1.6575865667434682
540,BRT,0.322,1524.0,1.6575865667434682
1201,BRT,0.322,1524.0,1.6575865667434682
2397,BRT,0.322,1524.0,1.6575865667434682
2408,BRT,0.322,1524.0,1.6575865667434682
119,BRT,0.321,1530.0,1.6524387823746995
289,BRT,0.321,1530.0,1.6524387823746995
1039,BRT,0.321,1530.0,1.6524387823746995
2277,BRT,0.321,1530.0,1.6524387823746995
2496,BRT,0.321,1530.0,1.6524387823746995
1047,BRT,0.32,1535.0,1.647290998005931
1115,BRT,0.32,1535.0,1.647290998005931
1898,BRT,0.32,1535.0,1.647290998005931
195,BRT,0.319,1538.0,1.6421432136371625
593,BRT,0.319,1538.0,1.6421432136371625
2000,BRT,0.319,1538.0,1.6421432136371625
174,BRT,0.318,1541.0,1.636995429268394
1147,BRT,0.318,1541.0,1.636995429268394
1571,BRT,0.318,1541.0,1.636995429268394
1766,BRT,0.318,1541.0,1.636995429268394
2311,BRT,0.318,1541.0,1.636995429268394
2454,BRT,0.318,1541.0,1.636995429268394
2553,BRT,0.318,1541.0,1.636995429268394
2662,BRT,0.318,1541.0,1.636995429268394
647,BRT,0.317,1549.0,1.6318476448996253
889,BRT,0.317,1549.0,1.6318476448996253
1007,BRT,0.317,1549.0,1.6318476448996253
1576,BRT,0.317,1549.0,1.6318476448996253
2162,BRT,0.317,1549.0,1.6318476448996253
2474,BRT,0.317,1549.0,1.6318476448996253
311,BRT,0.316,1555.0,1.626699860530857
1722,BRT,0.316,1555.0,1.626699860530857
1794,BRT,0.316,1555.0,1.626699860530857
342,BRT,0.315,1558.0,1.6215520761620883
1231,BRT,0.315,1558.0,1.6215520761620883
1635,BRT,0.315,1558.0,1.6215520761620883
1904,BRT,0.315,1558.0,1.6215520761620883
2623,BRT,0.315,1558.0,1.6215520761620883
513,BRT,0.314,1563.0,1.61640429179332
545,BRT,0.314,1563.0,1.61640429179332
563,BRT,0.314,1563.0,1.61640429179332
834,BRT,0.314,1563.0,1.61640429179332
924,BRT,0.314,1563.0,1.61640429179332
1164,BRT,0.314,1563.0,1.61640429179332
1173,BRT,0.314,1563.0,1.61640429179332
1339,BRT,0.314,1563.0,1.61640429179332
1743,BRT,0.314,1563.0,1.61640429179332
2595,BRT,0.314,1563.0,1.61640429179332
2700,BRT,0.314,1563.0,1.61640429179332
784,BRT,0.313,1574.0,1.6112565074245513
798,BRT,0.313,1574.0,1.6112565074245513
1204,BRT,0.313,1574.0,1.6112565074245513
1218,BRT,0.313,1574.0,1.6112565074245513
1695,BRT,0.313,1574.0,1.6112565074245513
2120,BRT,0.313,1574.0,1.6112565074245513
2335,BRT,0.313,1574.0,1.6112565074245513
2412,BRT,0.313,1574.0,1.6112565074245513
2532,BRT,0.313,1574.0,1.6112565074245513
471,BRT,0.312,1583.0,1.6061087230557827
756,BRT,0.312,1583.0,1.6061087230557827
1181,BRT,0.312,1583.0,1.6061087230557827
2218,BRT,0.312,1583.0,1.6061087230557827
372,BRT,0.311,1587.0,1.6009609386870143
585,BRT,0.311,1587.0,1.6009609386870143
935,BRT,0.311,1587.0,1.6009609386870143
1078,BRT,0.311,1587.0,1.6009609386870143
1176,BRT,0.311,1587.0,1.6009609386870143
1416,BRT,0.311,1587.0,1.6009609386870143
1421,BRT,0.311,1587.0,1.6009609386870143
1454,BRT,0.311,1587.0,1.6009609386870143
2470,BRT,0.311,1587.0,1.6009609386870143
407,BRT,0.31,1596.0,1.5958131543182457
2674,BRT,0.31,1596.0,1.5958131543182457
2718,BRT,0.31,1596.0,1.5958131543182457
114,BRT,0.309,1599.0,1.590665369949477
534,BRT,0.309,1599.0,1.590665369949477
1414,BRT,0.309,1599.0,1.590665369949477
1452,BRT,0.309,1599.0,1.590665369949477
1528,BRT,0.309,1599.0,1.590665369949477
1725,BRT,0.309,1599.0,1.590665369949477
76,BRT,0.308,1605.0,1.5855175855807087
111,BRT,0.308,1605.0,1.5855175855807087
1037,BRT,0.308,1605.0,1.5855175855807087
1994,BRT,0.308,1605.0,1.5855175855807087
2118,BRT,0.308,1605.0,1.5855175855807087
2458,BRT,0.308,1605.0,1.5855175855807087
2518,BRT,0.308,1605.0,1.5855175855807087
256,BRT,0.307,1612.0,1.58036980121194
345,BRT,0.307,1612.0,1.58036980121194
1021,BRT,0.307,1612.0,1.58036980121194
1160,BRT,0.307,1612.0,1.58036980121194
1405,BRT,0.307,1612.0,1.58036980121194
1694,BRT,0.307,1612.0,1.58036980121194
2491,BRT,0.307,1612.0,1.58036980121194
508,BRT,0.306,1619.0,1.5752220168431714
509,BRT,0.306,1619.0,1.5752220168431714
610,BRT,0.306,1619.0,1.5752220168431714
990,BRT,0.306,1619.0,1.5752220168431714
1876,BRT,0.306,1619.0,1.5752220168431714
1977,BRT,0.306,1619.0,1.5752220168431714
2066,BRT,0.306,1619.0,1.5752220168431714
85,BRT,0.305,1626.0,1.570074232474403
221,BRT,0.305,1626.0,1.570074232474403
301,BRT,0.305,1626.0,1.570074232474403
786,BRT,0.305,1626.0,1.570074232474403
819,BRT,0.305,1626.0,1.570074232474403
839,BRT,0.305,1626.0,1.570074232474403
895,BRT,0.305,1626.0,1.570074232474403
1456,BRT,0.305,1626.0,1.570074232474403
1506,BRT,0.305,1626.0,1.570074232474403
1660,BRT,0.305,1626.0,1.570074232474403
1852,BRT,0.305,1626.0,1.570074232474403
2016,BRT,0.305,1626.0,1.570074232474403
115,BRT,0.304,1638.0,1.5649264481056344
490,BRT,0.304,1638.0,1.5649264481056344
1542,BRT,0.304,1638.0,1.5649264481056344
1866,BRT,0.304,1638.0,1.5649264481056344
2375,BRT,0.304,1638.0,1.5649264481056344
2386,BRT,0.304,1638.0,1.5649264481056344
105,BRT,0.303,1644.0,1.5597786637368658
415,BRT,0.303,1644.0,1.5597786637368658
685,BRT,0.303,1644.0,1.5597786637368658
799,BRT,0.303,1644.0,1.5597786637368658
1145,BRT,0.303,1644.0,1.5597786637368658
1208,BRT,0.303,1644.0,1.5597786637368658
1536,BRT,0.303,1644.0,1.5597786637368658
2749,BRT,0.303,1644.0,1.5597786637368658
234,BRT,0.302,1652.0,1.5546308793680974
1157,BRT,0.302,1652.0,1.5546308793680974
1425,BRT,0.302,1652.0,1.5546308793680974
1483,BRT,0.302,1652.0,1.5546308793680974
1664,BRT,0.302,1652.0,1.5546308793680974
1838,BRT,0.302,1652.0,1.5546308793680974
1884,BRT,0.302,1652.0,1.5546308793680974
1925,BRT,0.302,1652.0,1.5546308793680974
1970,BRT,0.302,1652.0,1.5546308793680974
2221,BRT,0.302,1652.0,1.5546308793680974
2325,BRT,0.302,1652.0,1.5546308793680974
2519,BRT,0.302,1652.0,1.5546308793680974
385,BRT,0.301,1664.0,1.5494830949993288
824,BRT,0.301,1664.0,1.5494830949993288
1051,BRT,0.301,1664.0,1.5494830949993288
1136,BRT,0.301,1664.0,1.5494830949993288
1182,BRT,0.301,1664.0,1.5494830949993288
1418,BRT,0.301,1664.0,1.5494830949993288
2265,BRT,0.301,1664.0,1.5494830949993288
57,BRT,0.3,1671.0,1.5443353106305602
858,BRT,0.3,1671.0,1.5443353106305602
1028,BRT,0.3,1671.0,1.5443353106305602
1298,BRT,0.3,1671.0,1.5443353106305602
1967,BRT,0.3,1671.0,1.5443353106305602
2649,BRT,0.3,1671.0,1.5443353106305602
128,BRT,0.299,1677.0,1.5391875262617918
1211,BRT,0.299,1677.0,1.5391875262617918
1653,BRT,0.299,1677.0,1.5391875262617918
1717,BRT,0.299,1677.0,1.5391875262617918
1834,BRT,0.299,1677.0,1.5391875262617918
2231,BRT,0.299,1677.0,1.5391875262617918
2683,BRT,0.299,1677.0,1.5391875262617918
619,BRT,0.298,1684.0,1.5340397418930232
733,BRT,0.298,1684.0,1.5340397418930232
1845,BRT,0.298,1684.0,1.5340397418930232
2459,BRT,0.298,1684.0,1.5340397418930232
197,BRT,0.297,1688.0,1.5288919575242546
820,BRT,0.297,1688.0,1.5288919575242546
896,BRT,0.297,1688.0,1.5288919575242546
1392,BRT,0.297,1688.0,1.5288919575242546
2058,BRT,0.297,1688.0,1.5288919575242546
790,BRT,0.296,1693.0,1.5237441731554862
830,BRT,0.296,1693.0,1.5237441731554862
1401,BRT,0.296,1693.0,1.5237441731554862
1570,BRT,0.296,1693.0,1.5237441731554862
2299,BRT,0.296,1693.0,1.5237441731554862
2381,BRT,0.296,1693.0,1.5237441731554862
398,BRT,0.295,1699.0,1.5185963887867175
1260,BRT,0.295,1699.0,1.5185963887867175
1643,BRT,0.295,1699.0,1.5185963887867175
2312,BRT,0.295,1699.0,1.5185963887867175
2611,BRT,0.295,1699.0,1.5185963887867175
514,BRT,0.294,1704.0,1.513448604417949
2138,BRT,0.294,1704.0,1.513448604417949
2410,BRT,0.294,1704.0,1.513448604417949
2479,BRT,0.294,1704.0,1.513448604417949
42,BRT,0.293,1708.0,1.5083008200491805
346,BRT,0.293,1708.0,1.5083008200491805
401,BRT,0.293,1708.0,1.5083008200491805
617,BRT,0.293,1708.0,1.5083008200491805
703,BRT,0.293,1708.0,1.5083008200491805
1326,BRT,0.293,1708.0,1.5083008200491805
2131,BRT,0.293,1708.0,1.5083008200491805
2194,BRT,0.293,1708.0,1.5083008200491805
2586,BRT,0.293,1708.0,1.5083008200491805
66,BRT,0.292,1717.0,1.503153035680412
185,BRT,0.292,1717.0,1.503153035680412
205,BRT,0.292,1717.0,1.503153035680412
417,BRT,0.292,1717.0,1.503153035680412
512,BRT,0.292,1717.0,1.503153035680412
555,BRT,0.292,1717.0,1.503153035680412
717,BRT,0.292,1717.0,1.503153035680412
809,BRT,0.292,1717.0,1.503153035680412
1066,BRT,0.292,1717.0,1.503153035680412
1521,BRT,0.292,1717.0,1.503153035680412
2217,BRT,0.292,1717.0,1.503153035680412
2696,BRT,0.292,1717.0,1.503153035680412
1403,BRT,0.291,1729.0,1.4980052513116433
2068,BRT,0.291,1729.0,1.4980052513116433
226,BRT,0.29,1731.0,1.492857466942875
435,BRT,0.29,1731.0,1.492857466942875
658,BRT,0.29,1731.0,1.492857466942875
916,BRT,0.29,1731.0,1.492857466942875
972,BRT,0.29,1731.0,1.492857466942875
1880,BRT,0.29,1731.0,1.492857466942875
495,BRT,0.289,1737.0,1.4877096825741063
1123,BRT,0.289,1737.0,1.4877096825741063
1556,BRT,0.289,1737.0,1.4877096825741063
1704,BRT,0.289,1737.0,1.4877096825741063
2473,BRT,0.289,1737.0,1.4877096825741063
2728,BRT,0.289,1737.0,1.4877096825741063
2735,BRT,0.289,1737.0,1.4877096825741063
235,BRT,0.288,1744.0,1.4825618982053377
646,BRT,0.288,1744.0,1.4825618982053377
888,BRT,0.288,1744.0,1.4825618982053377
956,BRT,0.288,1744.0,1.4825618982053377
1209,BRT,0.288,1744.0,1.4825618982053377
2024,BRT,0.288,1744.0,1.4825618982053377
2301,BRT,0.288,1744.0,1.4825618982053377
2424,BRT,0.288,1744.0,1.4825618982053377
2476,BRT,0.288,1744.0,1.4825618982053377
762,BRT,0.287,1753.0,1.4774141138365693
807,BRT,0.287,1753.0,1.4774141138365693
2248,BRT,0.287,1753.0,1.4774141138365693
2628,BRT,0.287,1753.0,1.4774141138365693
704,BRT,0.285,1757.0,1.467118545099032
770,BRT,0.285,1757.0,1.467118545099032
1149,BRT,0.285,1757.0,1.467118545099032
1288,BRT,0.285,1757.0,1.467118545099032
2494,BRT,0.285,1757.0,1.467118545099032
603,BRT,0.284,1762.0,1.4619707607302637
1013,BRT,0.284,1762.0,1.4619707607302637
89,BRT,0.283,1764.0,1.456822976361495
447,BRT,0.283,1764.0,1.456822976361495
1393,BRT,0.283,1764.0,1.456822976361495
2116,BRT,0.283,1764.0,1.456822976361495
2229,BRT,0.283,1764.0,1.456822976361495
2350,BRT,0.283,1764.0,1.456822976361495
532,BRT,0.282,1770.0,1.4516751919927267
665,BRT,0.282,1770.0,1.4516751919927267
869,BRT,0.282,1770.0,1.4516751919927267
1237,BRT,0.282,1770.0,1.4516751919927267
1592,BRT,0.282,1770.0,1.4516751919927267
2115,BRT,0.282,1770.0,1.4516751919927267
2374,BRT,0.282,1770.0,1.4516751919927267
390,BRT,0.281,1777.0,1.4465274076239583
688,BRT,0.281,1777.0,1.4465274076239583
716,BRT,0.281,1777.0,1.4465274076239583
2172,BRT,0.281,1777.0,1.4465274076239583
2306,BRT,0.281,1777.0,1.4465274076239583
2364,BRT,0.281,1777.0,1.4465274076239583
2409,BRT,0.281,1777.0,1.4465274076239583
2602,BRT,0.281,1777.0,1.4465274076239583
175,BRT,0.28,1785.0,1.4413796232551899
305,BRT,0.28,1785.0,1.4413796232551899
831,BRT,0.28,1785.0,1.4413796232551899
1684,BRT,0.28,1785.0,1.4413796232551899
1698,BRT,0.28,1785.0,1.4413796232551899
1712,BRT,0.28,1785.0,1.4413796232551899
1854,BRT,0.28,1785.0,1.4413796232551899
2018,BRT,0.28,1785.0,1.4413796232551899
2636,BRT,0.28,1785.0,1.4413796232551899
849,BRT,0.279,1794.0,1.4362318388864213
1137,BRT,0.279,1794.0,1.4362318388864213
1253,BRT,0.279,1794.0,1.4362318388864213
2173,BRT,0.279,1794.0,1.4362318388864213
2654,BRT,0.279,1794.0,1.4362318388864213
107,BRT,0.278,1799.0,1.4310840545176526
166,BRT,0.278,1799.0,1.4310840545176526
1519,BRT,0.278,1799.0,1.4310840545176526
1555,BRT,0.278,1799.0,1.4310840545176526
1950,BRT,0.278,1799.0,1.4310840545176526
2425,BRT,0.278,1799.0,1.4310840545176526
98,BRT,0.277,1805.0,1.4259362701488842
963,BRT,0.277,1805.0,1.4259362701488842
1229,BRT,0.277,1805.0,1.4259362701488842
1567,BRT,0.277,1805.0,1.4259362701488842
1867,BRT,0.277,1805.0,1.4259362701488842
1896,BRT,0.277,1805.0,1.4259362701488842
2682,BRT,0.277,1805.0,1.4259362701488842
757,BRT,0.276,1812.0,1.4207884857801156
1143,BRT,0.276,1812.0,1.4207884857801156
1179,BRT,0.276,1812.0,1.4207884857801156
1734,BRT,0.276,1812.0,1.4207884857801156
90,BRT,0.275,1816.0,1.415640701411347
969,BRT,0.275,1816.0,1.415640701411347
1178,BRT,0.275,1816.0,1.415640701411347
1383,BRT,0.275,1816.0,1.415640701411347
1444,BRT,0.275,1816.0,1.415640701411347
1541,BRT,0.275,1816.0,1.415640701411347
1921,BRT,0.275,1816.0,1.415640701411347
2395,BRT,0.275,1816.0,1.415640701411347
2527,BRT,0.275,1816.0,1.415640701411347
2743,BRT,0.275,1816.0,1.415640701411347
670,BRT,0.274,1826.0,1.4104929170425786
680,BRT,0.274,1826.0,1.4104929170425786
902,BRT,0.274,1826.0,1.4104929170425786
1085,BRT,0.274,1826.0,1.4104929170425786
113,BRT,0.273,1830.0,1.40534513267381
412,BRT,0.273,1830.0,1.40534513267381
701,BRT,0.273,1830.0,1.40534513267381
1202,BRT,0.273,1830.0,1.40534513267381
1306,BRT,0.273,1830.0,1.40534513267381
1458,BRT,0.273,1830.0,1.40534513267381
1860,BRT,0.273,1830.0,1.40534513267381
2750,BRT,0.273,1830.0,1.40534513267381
150,BRT,0.272,1838.0,1.4001973483050414
683,BRT,0.272,1838.0,1.4001973483050414
1799,BRT,0.272,1838.0,1.4001973483050414
2167,BRT,0.272,1838.0,1.4001973483050414
2483,BRT,0.272,1838.0,1.4001973483050414
2554,BRT,0.272,1838.0,1.4001973483050414
2591,BRT,0.272,1838.0,1.4001973483050414
535,BRT,0.271,1845.0,1.395049563936273
1340,BRT,0.271,1845.0,1.395049563936273
1535,BRT,0.271,1845.0,1.395049563936273
1897,BRT,0.271,1845.0,1.395049563936273
2376,BRT,0.271,1845.0,1.395049563936273
2421,BRT,0.271,1845.0,1.395049563936273
2643,BRT,0.271,1845.0,1.395049563936273
102,BRT,0.27,1852.0,1.3899017795675044
353,BRT,0.27,1852.0,1.3899017795675044
1236,BRT,0.27,1852.0,1.3899017795675044
1710,BRT,0.27,1852.0,1.3899017795675044
2307,BRT,0.27,1852.0,1.3899017795675044
489,BRT,0.269,1857.0,1.3847539951987358
712,BRT,0.269,1857.0,1.3847539951987358
1113,BRT,0.269,1857.0,1.3847539951987358
1276,BRT,0.269,1857.0,1.3847539951987358
1881,BRT,0.269,1857.0,1.3847539951987358
2098,BRT,0.269,1857.0,1.3847539951987358
2256,BRT,0.269,1857.0,1.3847539951987358
446,BRT,0.268,1864.0,1.3796062108299674
864,BRT,0.268,1864.0,1.3796062108299674
1433,BRT,0.268,1864.0,1.3796062108299674
2002,BRT,0.268,1864.0,1.3796062108299674
2461,BRT,0.268,1864.0,1.3796062108299674
295,BRT,0.267,1869.0,1.3744584264611988
503,BRT,0.267,1869.0,1.3744584264611988
1358,BRT,0.267,1869.0,1.3744584264611988
1730,BRT,0.267,1869.0,1.3744584264611988
1864,BRT,0.267,1869.0,1.3744584264611988
2761,BRT,0.267,1869.0,1.3744584264611988
473,BRT,0.266,1875.0,1.3693106420924301
628,BRT,0.266,1875.0,1.3693106420924301
1052,BRT,0.266,1875.0,1.3693106420924301
148,BRT,0.265,1878.0,1.3641628577236617
707,BRT,0.265,1878.0,1.3641628577236617
1290,BRT,0.265,1878.0,1.3641628577236617
1564,BRT,0.265,1878.0,1.3641628577236617
2370,BRT,0.265,1878.0,1.3641628577236617
451,BRT,0.264,1883.0,1.3590150733548931
772,BRT,0.264,1883.0,1.3590150733548931
778,BRT,0.264,1883.0,1.3590150733548931
1174,BRT,0.264,1883.0,1.3590150733548931
1752,BRT,0.264,1883.0,1.3590150733548931
859,BRT,0.263,1888.0,1.3538672889861245
1813,BRT,0.262,1889.0,1.3487195046173561
2096,BRT,0.262,1889.0,1.3487195046173561
2141,BRT,0.262,1889.0,1.3487195046173561
2180,BRT,0.262,1889.0,1.3487195046173561
2254,BRT,0.262,1889.0,1.3487195046173561
2692,BRT,0.262,1889.0,1.3487195046173561
8,BRT,0.261,1895.0,1.3435717202485875
172,BRT,0.261,1895.0,1.3435717202485875
1364,BRT,0.261,1895.0,1.3435717202485875
1533,BRT,0.261,1895.0,1.3435717202485875
2276,BRT,0.261,1895.0,1.3435717202485875
2296,BRT,0.261,1895.0,1.3435717202485875
2725,BRT,0.261,1895.0,1.3435717202485875
715,BRT,0.26,1902.0,1.338423935879819
947,BRT,0.26,1902.0,1.338423935879819
1154,BRT,0.26,1902.0,1.338423935879819
1490,BRT,0.26,1902.0,1.338423935879819
1645,BRT,0.26,1902.0,1.338423935879819
2637,BRT,0.26,1902.0,1.338423935879819
2592,BRT,0.259,1908.0,1.3332761515110505
80,BRT,0.258,1909.0,1.3281283671422819
621,BRT,0.258,1909.0,1.3281283671422819
1217,BRT,0.258,1909.0,1.3281283671422819
1300,BRT,0.258,1909.0,1.3281283671422819
1895,BRT,0.258,1909.0,1.3281283671422819
2406,BRT,0.258,1909.0,1.3281283671422819
366,BRT,0.257,1915.0,1.3229805827735133
629,BRT,0.257,1915.0,1.3229805827735133
1981,BRT,0.257,1915.0,1.3229805827735133
2077,BRT,0.257,1915.0,1.3229805827735133
2427,BRT,0.257,1915.0,1.3229805827735133
2720,BRT,0.257,1915.0,1.3229805827735133
2722,BRT,0.257,1915.0,1.3229805827735133
203,BRT,0.256,1922.0,1.3178327984047449
462,BRT,0.256,1922.0,1.3178327984047449
477,BRT,0.256,1922.0,1.3178327984047449
783,BRT,0.256,1922.0,1.3178327984047449
994,BRT,0.256,1922.0,1.3178327984047449
2387,BRT,0.256,1922.0,1.3178327984047449
224,BRT,0.255,1928.0,1.3126850140359763
989,BRT,0.255,1928.0,1.3126850140359763
1180,BRT,0.255,1928.0,1.3126850140359763
1338,BRT,0.255,1928.0,1.3126850140359763
1457,BRT,0.255,1928.0,1.3126850140359763
1701,BRT,0.255,1928.0,1.3126850140359763
1874,BRT,0.255,1928.0,1.3126850140359763
605,BRT,0.254,1935.0,1.3075372296672076
1303,BRT,0.254,1935.0,1.3075372296672076
1481,BRT,0.254,1935.0,1.3075372296672076
2125,BRT,0.254,1935.0,1.3075372296672076
2236,BRT,0.254,1935.0,1.3075372296672076
2360,BRT,0.254,1935.0,1.3075372296672076
2661,BRT,0.254,1935.0,1.3075372296672076
615,BRT,0.253,1942.0,1.3023894452984393
787,BRT,0.253,1942.0,1.3023894452984393
788,BRT,0.253,1942.0,1.3023894452984393
1029,BRT,0.253,1942.0,1.3023894452984393
1150,BRT,0.253,1942.0,1.3023894452984393
1600,BRT,0.253,1942.0,1.3023894452984393
2042,BRT,0.253,1942.0,1.3023894452984393
2573,BRT,0.253,1942.0,1.3023894452984393
2655,BRT,0.253,1942.0,1.3023894452984393
233,BRT,0.252,1951.0,1.2972416609296706
1658,BRT,0.252,1951.0,1.2972416609296706
1973,BRT,0.252,1951.0,1.2972416609296706
2642,BRT,0.252,1951.0,1.2972416609296706
147,BRT,0.251,1955.0,1.292093876560902
432,BRT,0.251,1955.0,1.292093876560902
597,BRT,0.251,1955.0,1.292093876560902
689,BRT,0.251,1955.0,1.292093876560902
738,BRT,0.251,1955.0,1.292093876560902
1060,BRT,0.251,1955.0,1.292093876560902
1494,BRT,0.251,1955.0,1.292093876560902
1552,BRT,0.251,1955.0,1.292093876560902
1997,BRT,0.251,1955.0,1.292093876560902
2017,BRT,0.251,1955.0,1.292093876560902
2445,BRT,0.251,1955.0,1.292093876560902
2686,BRT,0.251,1955.0,1.292093876560902
2447,BRT,0.25,1967.0,1.2869460921921336
607,BRT,0.249,1968.0,1.281798307823365
1478,BRT,0.249,1968.0,1.281798307823365
1899,BRT,0.249,1968.0,1.281798307823365
1963,BRT,0.249,1968.0,1.281798307823365
2668,BRT,0.249,1968.0,1.281798307823365
271,BRT,0.248,1973.0,1.2766505234545966
739,BRT,0.248,1973.0,1.2766505234545966
1309,BRT,0.248,1973.0,1.2766505234545966
2031,BRT,0.248,1973.0,1.2766505234545966
2113,BRT,0.248,1973.0,1.2766505234545966
2363,BRT,0.248,1973.0,1.2766505234545966
2570,BRT,0.248,1973.0,1.2766505234545966
453,BRT,0.247,1980.0,1.271502739085828
626,BRT,0.247,1980.0,1.271502739085828
669,BRT,0.247,1980.0,1.271502739085828
840,BRT,0.247,1980.0,1.271502739085828
2056,BRT,0.247,1980.0,1.271502739085828
600,BRT,0.246,1985.0,1.2663549547170594
934,BRT,0.246,1985.0,1.2663549547170594
1800,BRT,0.246,1985.0,1.2663549547170594
1927,BRT,0.246,1985.0,1.2663549547170594
2081,BRT,0.246,1985.0,1.2663549547170594
2169,BRT,0.246,1985.0,1.2663549547170594
2618,BRT,0.246,1985.0,1.2663549547170594
161,BRT,0.245,1992.0,1.261207170348291
852,BRT,0.245,1992.0,1.261207170348291
906,BRT,0.245,1992.0,1.261207170348291
1027,BRT,0.245,1992.0,1.261207170348291
1074,BRT,0.245,1992.0,1.261207170348291
1587,BRT,0.245,1992.0,1.261207170348291
1605,BRT,0.245,1992.0,1.261207170348291
1926,BRT,0.245,1992.0,1.261207170348291
2087,BRT,0.245,1992.0,1.261207170348291
21,BRT,0.244,2001.0,1.2560593859795224
494,BRT,0.244,2001.0,1.2560593859795224
974,BRT,0.244,2001.0,1.2560593859795224
1389,BRT,0.244,2001.0,1.2560593859795224
1934,BRT,0.244,2001.0,1.2560593859795224
421,BRT,0.243,2006.0,1.2509116016107538
554,BRT,0.243,2006.0,1.2509116016107538
781,BRT,0.243,2006.0,1.2509116016107538
1222,BRT,0.243,2006.0,1.2509116016107538
1631,BRT,0.243,2006.0,1.2509116016107538
2235,BRT,0.243,2006.0,1.2509116016107538
2407,BRT,0.243,2006.0,1.2509116016107538
267,BRT,0.242,2013.0,1.2457638172419854
363,BRT,0.242,2013.0,1.2457638172419854
589,BRT,0.242,2013.0,1.2457638172419854
1168,BRT,0.242,2013.0,1.2457638172419854
155,BRT,0.241,2017.0,1.2406160328732168
1055,BRT,0.241,2017.0,1.2406160328732168
1918,BRT,0.241,2017.0,1.2406160328732168
2228,BRT,0.241,2017.0,1.2406160328732168
386,BRT,0.24,2021.0,1.2354682485044481
406,BRT,0.24,2021.0,1.2354682485044481
980,BRT,0.24,2021.0,1.2354682485044481
1396,BRT,0.24,2021.0,1.2354682485044481
1769,BRT,0.24,2021.0,1.2354682485044481
1774,BRT,0.24,2021.0,1.2354682485044481
2548,BRT,0.24,2021.0,1.2354682485044481
116,BRT,0.239,2028.0,1.2303204641356797
278,BRT,0.239,2028.0,1.2303204641356797
419,BRT,0.239,2028.0,1.2303204641356797
1050,BRT,0.239,2028.0,1.2303204641356797
1420,BRT,0.239,2028.0,1.2303204641356797
2503,BRT,0.239,2028.0,1.2303204641356797
938,BRT,0.238,2034.0,1.2251726797669111
1724,BRT,0.238,2034.0,1.2251726797669111
2032,BRT,0.238,2034.0,1.2251726797669111
2268,BRT,0.238,2034.0,1.2251726797669111
2353,BRT,0.238,2034.0,1.2251726797669111
1210,BRT,0.237,2039.0,1.2200248953981425
1474,BRT,0.237,2039.0,1.2200248953981425
1781,BRT,0.237,2039.0,1.2200248953981425
1830,BRT,0.237,2039.0,1.2200248953981425
867,BRT,0.236,2043.0,1.2148771110293741
1467,BRT,0.236,2043.0,1.2148771110293741
2027,BRT,0.236,2043.0,1.2148771110293741
2701,BRT,0.236,2043.0,1.2148771110293741
360,BRT,0.235,2047.0,1.2097293266606055
499,BRT,0.235,2047.0,1.2097293266606055
975,BRT,0.235,2047.0,1.2097293266606055
1512,BRT,0.235,2047.0,1.2097293266606055
2446,BRT,0.235,2047.0,1.2097293266606055
487,BRT,0.234,2052.0,1.2045815422918371
754,BRT,0.234,2052.0,1.2045815422918371
1318,BRT,0.234,2052.0,1.2045815422918371
1626,BRT,0.234,2052.0,1.2045815422918371
2215,BRT,0.234,2052.0,1.2045815422918371
682,BRT,0.233,2057.0,1.1994337579230685
999,BRT,0.233,2057.0,1.1994337579230685
1332,BRT,0.233,2057.0,1.1994337579230685
531,BRT,0.232,2060.0,1.1942859735543
699,BRT,0.232,2060.0,1.1942859735543
2468,BRT,0.232,2060.0,1.1942859735543
399,BRT,0.231,2063.0,1.1891381891855315
537,BRT,0.231,2063.0,1.1891381891855315
641,BRT,0.231,2063.0,1.1891381891855315
829,BRT,0.231,2063.0,1.1891381891855315
971,BRT,0.231,2063.0,1.1891381891855315
1110,BRT,0.231,2063.0,1.1891381891855315
1269,BRT,0.231,2063.0,1.1891381891855315
1517,BRT,0.231,2063.0,1.1891381891855315
2107,BRT,0.231,2063.0,1.1891381891855315
2171,BRT,0.231,2063.0,1.1891381891855315
2460,BRT,0.231,2063.0,1.1891381891855315
118,BRT,0.23,2074.0,1.1839904048167629
209,BRT,0.23,2074.0,1.1839904048167629
378,BRT,0.23,2074.0,1.1839904048167629
1103,BRT,0.23,2074.0,1.1839904048167629
1130,BRT,0.23,2074.0,1.1839904048167629
1374,BRT,0.23,2074.0,1.1839904048167629
2398,BRT,0.23,2074.0,1.1839904048167629
931,BRT,0.229,2081.0,1.1788426204479945
1809,BRT,0.229,2081.0,1.1788426204479945
1832,BRT,0.229,2081.0,1.1788426204479945
2754,BRT,0.229,2081.0,1.1788426204479945
2123,BRT,0.228,2085.0,1.1736948360792259
227,BRT,0.227,2086.0,1.1685470517104573
572,BRT,0.227,2086.0,1.1685470517104573
592,BRT,0.227,2086.0,1.1685470517104573
611,BRT,0.227,2086.0,1.1685470517104573
1015,BRT,0.227,2086.0,1.1685470517104573
1368,BRT,0.227,2086.0,1.1685470517104573
1944,BRT,0.227,2086.0,1.1685470517104573
261,BRT,0.226,2093.0,1.1633992673416889
1620,BRT,0.226,2093.0,1.1633992673416889
133,BRT,0.225,2095.0,1.1582514829729202
248,BRT,0.225,2095.0,1.1582514829729202
946,BRT,0.225,2095.0,1.1582514829729202
2112,BRT,0.225,2095.0,1.1582514829729202
612,BRT,0.224,2099.0,1.1531036986041516
777,BRT,0.224,2099.0,1.1531036986041516
1331,BRT,0.224,2099.0,1.1531036986041516
519,BRT,0.223,2102.0,1.1479559142353832
1763,BRT,0.223,2102.0,1.1479559142353832
2253,BRT,0.223,2102.0,1.1479559142353832
2551,BRT,0.223,2102.0,1.1479559142353832
466,BRT,0.222,2106.0,1.1428081298666146
1426,BRT,0.222,2106.0,1.1428081298666146
2083,BRT,0.222,2106.0,1.1428081298666146
269,BRT,0.221,2109.0,1.137660345497846
1046,BRT,0.221,2109.0,1.137660345497846
1462,BRT,0.221,2109.0,1.137660345497846
1696,BRT,0.221,2109.0,1.137660345497846
1797,BRT,0.221,2109.0,1.137660345497846
3,BRT,0.22,2114.0,1.1325125611290776
1375,BRT,0.22,2114.0,1.1325125611290776
1589,BRT,0.22,2114.0,1.1325125611290776
1755,BRT,0.22,2114.0,1.1325125611290776
2186,BRT,0.22,2114.0,1.1325125611290776
742,BRT,0.219,2119.0,1.127364776760309
1225,BRT,0.219,2119.0,1.127364776760309
1496,BRT,0.219,2119.0,1.127364776760309
1908,BRT,0.219,2119.0,1.127364776760309
2176,BRT,0.219,2119.0,1.127364776760309
2472,BRT,0.219,2119.0,1.127364776760309
395,BRT,0.218,2125.0,1.1222169923915404
1207,BRT,0.218,2125.0,1.1222169923915404
1216,BRT,0.218,2125.0,1.1222169923915404
1634,BRT,0.218,2125.0,1.1222169923915404
16,BRT,0.217,2129.0,1.117069208022772
268,BRT,0.217,2129.0,1.117069208022772
686,BRT,0.217,2129.0,1.117069208022772
871,BRT,0.217,2129.0,1.117069208022772
1087,BRT,0.217,2129.0,1.117069208022772
1213,BRT,0.217,2129.0,1.117069208022772
1387,BRT,0.217,2129.0,1.117069208022772
1461,BRT,0.217,2129.0,1.117069208022772
1983,BRT,0.217,2129.0,1.117069208022772
2744,BRT,0.217,2129.0,1.117069208022772
677,BRT,0.216,2139.0,1.1119214236540034
926,BRT,0.216,2139.0,1.1119214236540034
977,BRT,0.216,2139.0,1.1119214236540034
1293,BRT,0.216,2139.0,1.1119214236540034
2111,BRT,0.216,2139.0,1.1119214236540034
2127,BRT,0.216,2139.0,1.1119214236540034
2715,BRT,0.216,2139.0,1.1119214236540034
1508,BRT,0.215,2146.0,1.106773639285235
2035,BRT,0.215,2146.0,1.106773639285235
2088,BRT,0.215,2146.0,1.106773639285235
2182,BRT,0.215,2146.0,1.106773639285235
296,BRT,0.214,2150.0,1.1016258549164664
1507,BRT,0.214,2150.0,1.1016258549164664
73,BRT,0.213,2152.0,1.0964780705476977
240,BRT,0.213,2152.0,1.0964780705476977
866,BRT,0.213,2152.0,1.0964780705476977
907,BRT,0.213,2152.0,1.0964780705476977
1195,BRT,0.213,2152.0,1.0964780705476977
1251,BRT,0.213,2152.0,1.0964780705476977
163,BRT,0.212,2158.0,1.0913302861789294
326,BRT,0.212,2158.0,1.0913302861789294
327,BRT,0.212,2158.0,1.0913302861789294
673,BRT,0.212,2158.0,1.0913302861789294
1477,BRT,0.212,2158.0,1.0913302861789294
1590,BRT,0.212,2158.0,1.0913302861789294
1790,BRT,0.212,2158.0,1.0913302861789294
2508,BRT,0.212,2158.0,1.0913302861789294
332,BRT,0.211,2166.0,1.0861825018101607
1742,BRT,0.211,2166.0,1.0861825018101607
2399,BRT,0.211,2166.0,1.0861825018101607
639,BRT,0.21,2169.0,1.0810347174413921
1547,BRT,0.21,2169.0,1.0810347174413921
1615,BRT,0.21,2169.0,1.0810347174413921
2174,BRT,0.21,2169.0,1.0810347174413921
2396,BRT,0.21,2169.0,1.0810347174413921
470,BRT,0.209,2174.0,1.0758869330726237
645,BRT,0.209,2174.0,1.0758869330726237
1675,BRT,0.209,2174.0,1.0758869330726237
1833,BRT,0.209,2174.0,1.0758869330726237
1903,BRT,0.209,2174.0,1.0758869330726237
2721,BRT,0.209,2174.0,1.0758869330726237
216,BRT,0.208,2180.0,1.0707391487038551
217,BRT,0.208,2180.0,1.0707391487038551
804,BRT,0.208,2180.0,1.0707391487038551
915,BRT,0.208,2180.0,1.0707391487038551
1466,BRT,0.208,2180.0,1.0707391487038551
2041,BRT,0.208,2180.0,1.0707391487038551
2357,BRT,0.208,2180.0,1.0707391487038551
2574,BRT,0.208,2180.0,1.0707391487038551
448,BRT,0.207,2188.0,1.0655913643350865
1529,BRT,0.207,2188.0,1.0655913643350865
1709,BRT,0.207,2188.0,1.0655913643350865
1820,BRT,0.207,2188.0,1.0655913643350865
2230,BRT,0.207,2188.0,1.0655913643350865
801,BRT,0.206,2193.0,1.060443579966318
1127,BRT,0.206,2193.0,1.060443579966318
1351,BRT,0.206,2193.0,1.060443579966318
2244,BRT,0.206,2193.0,1.060443579966318
771,BRT,0.205,2197.0,1.0552957955975495
1230,BRT,0.205,2197.0,1.0552957955975495
1336,BRT,0.205,2197.0,1.0552957955975495
1770,BRT,0.205,2197.0,1.0552957955975495
2144,BRT,0.205,2197.0,1.0552957955975495
2154,BRT,0.205,2197.0,1.0552957955975495
123,BRT,0.204,2203.0,1.0501480112287809
384,BRT,0.204,2203.0,1.0501480112287809
1132,BRT,0.204,2203.0,1.0501480112287809
2051,BRT,0.204,2203.0,1.0501480112287809
2166,BRT,0.204,2203.0,1.0501480112287809
2726,BRT,0.204,2203.0,1.0501480112287809
430,BRT,0.203,2209.0,1.0450002268600125
881,BRT,0.203,2209.0,1.0450002268600125
1882,BRT,0.203,2209.0,1.0450002268600125
2625,BRT,0.203,2209.0,1.0450002268600125
109,BRT,0.202,2213.0,1.039852442491244
2142,BRT,0.202,2213.0,1.039852442491244
2440,BRT,0.202,2213.0,1.039852442491244
2569,BRT,0.202,2213.0,1.039852442491244
2777,BRT,0.202,2213.0,1.039852442491244
620,BRT,0.201,2218.0,1.0347046581224755
681,BRT,0.201,2218.0,1.0347046581224755
1294,BRT,0.201,2218.0,1.0347046581224755
2513,BRT,0.201,2218.0,1.0347046581224755
2545,BRT,0.201,2218.0,1.0347046581224755
2675,BRT,0.201,2218.0,1.0347046581224755
1628,BRT,0.2,2224.0,1.0295568737537069
232,BRT,0.199,2225.0,1.0244090893849385
347,BRT,0.199,2225.0,1.0244090893849385
1273,BRT,0.199,2225.0,1.0244090893849385
1751,BRT,0.199,2225.0,1.0244090893849385
2631,BRT,0.199,2225.0,1.0244090893849385
2711,BRT,0.199,2225.0,1.0244090893849385
2771,BRT,0.199,2225.0,1.0244090893849385
2015,BRT,0.198,2232.0,1.0192613050161698
1561,BRT,0.197,2233.0,1.0141135206474012
1831,BRT,0.197,2233.0,1.0141135206474012
2329,BRT,0.197,2233.0,1.0141135206474012
2772,BRT,0.197,2233.0,1.0141135206474012
667,BRT,0.196,2237.0,1.0089657362786328
711,BRT,0.196,2237.0,1.0089657362786328
1223,BRT,0.196,2237.0,1.0089657362786328
1435,BRT,0.196,2237.0,1.0089657362786328
1816,BRT,0.196,2237.0,1.0089657362786328
2693,BRT,0.196,2237.0,1.0089657362786328
165,BRT,0.195,2243.0,1.0038179519098642
524,BRT,0.195,2243.0,1.0038179519098642
727,BRT,0.195,2243.0,1.0038179519098642
1061,BRT,0.195,2243.0,1.0038179519098642
1065,BRT,0.195,2243.0,1.0038179519098642
1083,BRT,0.195,2243.0,1.0038179519098642
1241,BRT,0.195,2243.0,1.0038179519098642
2707,BRT,0.195,2243.0,1.0038179519098642
79,BRT,0.194,2251.0,0.9986701675410957
813,BRT,0.194,2251.0,0.9986701675410957
1131,BRT,0.194,2251.0,0.9986701675410957
1723,BRT,0.194,2251.0,0.9986701675410957
1777,BRT,0.194,2251.0,0.9986701675410957
354,BRT,0.193,2256.0,0.9935223831723271
1034,BRT,0.193,2256.0,0.9935223831723271
1357,BRT,0.193,2256.0,0.9935223831723271
1370,BRT,0.193,2256.0,0.9935223831723271
2465,BRT,0.193,2256.0,0.9935223831723271
2652,BRT,0.193,2256.0,0.9935223831723271
328,BRT,0.192,2262.0,0.9883745988035586
1771,BRT,0.192,2262.0,0.9883745988035586
2729,BRT,0.192,2262.0,0.9883745988035586
14,BRT,0.191,2265.0,0.9832268144347901
275,BRT,0.191,2265.0,0.9832268144347901
949,BRT,0.191,2265.0,0.9832268144347901
1588,BRT,0.191,2265.0,0.9832268144347901
2331,BRT,0.191,2265.0,0.9832268144347901
231,BRT,0.19,2270.0,0.9780790300660216
1156,BRT,0.19,2270.0,0.9780790300660216
1683,BRT,0.19,2270.0,0.9780790300660216
2196,BRT,0.19,2270.0,0.9780790300660216
1099,BRT,0.189,2274.0,0.972931245697253
1186,BRT,0.189,2274.0,0.972931245697253
1299,BRT,0.189,2274.0,0.972931245697253
1497,BRT,0.189,2274.0,0.972931245697253
1822,BRT,0.189,2274.0,0.972931245697253
1961,BRT,0.189,2274.0,0.972931245697253
2426,BRT,0.189,2274.0,0.972931245697253
71,BRT,0.188,2281.0,0.9677834613284845
213,BRT,0.188,2281.0,0.9677834613284845
543,BRT,0.188,2281.0,0.9677834613284845
1191,BRT,0.188,2281.0,0.9677834613284845
2285,BRT,0.188,2281.0,0.9677834613284845
2565,BRT,0.188,2281.0,0.9677834613284845
2747,BRT,0.188,2281.0,0.9677834613284845
139,BRT,0.187,2288.0,0.962635676959716
1278,BRT,0.187,2288.0,0.962635676959716
1284,BRT,0.187,2288.0,0.962635676959716
1633,BRT,0.187,2288.0,0.962635676959716
2521,BRT,0.187,2288.0,0.962635676959716
2619,BRT,0.187,2288.0,0.962635676959716
5,BRT,0.186,2294.0,0.9574878925909474
284,BRT,0.186,2294.0,0.9574878925909474
651,BRT,0.186,2294.0,0.9574878925909474
2324,BRT,0.186,2294.0,0.9574878925909474
2572,BRT,0.186,2294.0,0.9574878925909474
2730,BRT,0.186,2294.0,0.9574878925909474
87,BRT,0.185,2300.0,0.9523401082221788
215,BRT,0.185,2300.0,0.9523401082221788
1449,BRT,0.185,2300.0,0.9523401082221788
1586,BRT,0.185,2300.0,0.9523401082221788
63,BRT,0.184,2304.0,0.9471923238534103
577,BRT,0.184,2304.0,0.9471923238534103
737,BRT,0.184,2304.0,0.9471923238534103
2101,BRT,0.184,2304.0,0.9471923238534103
2402,BRT,0.184,2304.0,0.9471923238534103
356,BRT,0.183,2309.0,0.9420445394846417
870,BRT,0.183,2309.0,0.9420445394846417
1071,BRT,0.183,2309.0,0.9420445394846417
1072,BRT,0.183,2309.0,0.9420445394846417
1175,BRT,0.183,2309.0,0.9420445394846417
1365,BRT,0.183,2309.0,0.9420445394846417
1485,BRT,0.183,2309.0,0.9420445394846417
2534,BRT,0.183,2309.0,0.9420445394846417
198,BRT,0.182,2317.0,0.9368967551158732
2603,BRT,0.182,2317.0,0.9368967551158732
48,BRT,0.181,2319.0,0.9317489707471047
393,BRT,0.181,2319.0,0.9317489707471047
1573,BRT,0.181,2319.0,0.9317489707471047
2040,BRT,0.181,2319.0,0.9317489707471047
2620,BRT,0.181,2319.0,0.9317489707471047
190,BRT,0.18,2324.0,0.9266011863783361
1022,BRT,0.18,2324.0,0.9266011863783361
1049,BRT,0.18,2324.0,0.9266011863783361
1516,BRT,0.18,2324.0,0.9266011863783361
1785,BRT,0.18,2324.0,0.9266011863783361
2239,BRT,0.18,2324.0,0.9266011863783361
2751,BRT,0.18,2324.0,0.9266011863783361
182,BRT,0.179,2331.0,0.9214534020095676
2303,BRT,0.179,2331.0,0.9214534020095676
1504,BRT,0.178,2333.0,0.9163056176407991
1668,BRT,0.178,2333.0,0.9163056176407991
1703,BRT,0.178,2333.0,0.9163056176407991
2155,BRT,0.178,2333.0,0.9163056176407991
92,BRT,0.177,2337.0,0.9111578332720305
1006,BRT,0.177,2337.0,0.9111578332720305
1327,BRT,0.177,2337.0,0.9111578332720305
1386,BRT,0.177,2337.0,0.9111578332720305
1928,BRT,0.177,2337.0,0.9111578332720305
368,BRT,0.176,2342.0,0.906010048903262
2129,BRT,0.176,2342.0,0.906010048903262
2379,BRT,0.176,2342.0,0.906010048903262
2428,BRT,0.176,2342.0,0.906010048903262
2482,BRT,0.176,2342.0,0.906010048903262
309,BRT,0.175,2347.0,0.9008622645344935
375,BRT,0.175,2347.0,0.9008622645344935
436,BRT,0.175,2347.0,0.9008622645344935
648,BRT,0.175,2347.0,0.9008622645344935
1086,BRT,0.175,2347.0,0.9008622645344935
2050,BRT,0.175,2347.0,0.9008622645344935
2463,BRT,0.175,2347.0,0.9008622645344935
108,BRT,0.174,2354.0,0.895714480165725
731,BRT,0.174,2354.0,0.895714480165725
1865,BRT,0.174,2354.0,0.895714480165725
1906,BRT,0.174,2354.0,0.895714480165725
1987,BRT,0.174,2354.0,0.895714480165725
1687,BRT,0.173,2359.0,0.8905666957969564
2197,BRT,0.173,2359.0,0.8905666957969564
83,BRT,0.172,2361.0,0.8854189114281878
480,BRT,0.172,2361.0,0.8854189114281878
662,BRT,0.172,2361.0,0.8854189114281878
724,BRT,0.172,2361.0,0.8854189114281878
817,BRT,0.172,2361.0,0.8854189114281878
1038,BRT,0.172,2361.0,0.8854189114281878
1446,BRT,0.172,2361.0,0.8854189114281878
1598,BRT,0.172,2361.0,0.8854189114281878
1844,BRT,0.172,2361.0,0.8854189114281878
2577,BRT,0.172,2361.0,0.8854189114281878
2579,BRT,0.172,2361.0,0.8854189114281878
30,BRT,0.171,2372.0,0.8802711270594195
49,BRT,0.171,2372.0,0.8802711270594195
68,BRT,0.171,2372.0,0.8802711270594195
848,BRT,0.171,2372.0,0.8802711270594195
1319,BRT,0.171,2372.0,0.8802711270594195
1495,BRT,0.171,2372.0,0.8802711270594195
1812,BRT,0.171,2372.0,0.8802711270594195
1840,BRT,0.171,2372.0,0.8802711270594195
2342,BRT,0.171,2372.0,0.8802711270594195
2712,BRT,0.171,2372.0,0.8802711270594195
2322,BRT,0.17,2382.0,0.875123342690651
2507,BRT,0.17,2382.0,0.875123342690651
542,BRT,0.169,2384.0,0.8699755583218823
1470,BRT,0.169,2384.0,0.8699755583218823
1632,BRT,0.169,2384.0,0.8699755583218823
1741,BRT,0.169,2384.0,0.8699755583218823
953,BRT,0.168,2388.0,0.8648277739531138
1434,BRT,0.168,2388.0,0.8648277739531138
1870,BRT,0.168,2388.0,0.8648277739531138
2349,BRT,0.168,2388.0,0.8648277739531138
299,BRT,0.167,2392.0,0.8596799895843453
882,BRT,0.167,2392.0,0.8596799895843453
982,BRT,0.167,2392.0,0.8596799895843453
2146,BRT,0.167,2392.0,0.8596799895843453
2378,BRT,0.167,2392.0,0.8596799895843453
932,BRT,0.166,2397.0,0.8545322052155767
1177,BRT,0.166,2397.0,0.8545322052155767
1376,BRT,0.166,2397.0,0.8545322052155767
1868,BRT,0.166,2397.0,0.8545322052155767
1915,BRT,0.166,2397.0,0.8545322052155767
2559,BRT,0.166,2397.0,0.8545322052155767
510,BRT,0.165,2403.0,0.8493844208468082
1262,BRT,0.165,2403.0,0.8493844208468082
1804,BRT,0.165,2403.0,0.8493844208468082
2414,BRT,0.165,2403.0,0.8493844208468082
440,BRT,0.164,2407.0,0.8442366364780397
842,BRT,0.164,2407.0,0.8442366364780397
1042,BRT,0.164,2407.0,0.8442366364780397
1196,BRT,0.164,2407.0,0.8442366364780397
2071,BRT,0.164,2407.0,0.8442366364780397
2328,BRT,0.164,2407.0,0.8442366364780397
2706,BRT,0.164,2407.0,0.8442366364780397
13,BRT,0.163,2414.0,0.8390888521092711
94,BRT,0.163,2414.0,0.8390888521092711
1346,BRT,0.163,2414.0,0.8390888521092711
1366,BRT,0.163,2414.0,0.8390888521092711
2362,BRT,0.163,2414.0,0.8390888521092711
1827,BRT,0.162,2419.0,0.8339410677405026
987,BRT,0.161,2420.0,0.8287932833717341
1259,BRT,0.161,2420.0,0.8287932833717341
1795,BRT,0.161,2420.0,0.8287932833717341
1851,BRT,0.161,2420.0,0.8287932833717341
1911,BRT,0.161,2420.0,0.8287932833717341
2219,BRT,0.161,2420.0,0.8287932833717341
2271,BRT,0.16,2426.0,0.8236454990029655
2417,BRT,0.16,2426.0,0.8236454990029655
498,BRT,0.159,2428.0,0.818497714634197
1057,BRT,0.159,2428.0,0.818497714634197
1757,BRT,0.159,2428.0,0.818497714634197
2109,BRT,0.159,2428.0,0.818497714634197
2516,BRT,0.159,2428.0,0.818497714634197
1265,BRT,0.158,2433.0,0.8133499302654285
1975,BRT,0.158,2433.0,0.8133499302654285
2061,BRT,0.158,2433.0,0.8133499302654285
2317,BRT,0.158,2433.0,0.8133499302654285
191,BRT,0.157,2437.0,0.80820214589666
678,BRT,0.157,2437.0,0.80820214589666
736,BRT,0.157,2437.0,0.80820214589666
1133,BRT,0.157,2437.0,0.80820214589666
2121,BRT,0.157,2437.0,0.80820214589666
2587,BRT,0.157,2437.0,0.80820214589666
517,BRT,0.156,2443.0,0.8030543615278913
591,BRT,0.156,2443.0,0.8030543615278913
1228,BRT,0.156,2443.0,0.8030543615278913
1595,BRT,0.156,2443.0,0.8030543615278913
1936,BRT,0.156,2443.0,0.8030543615278913
2124,BRT,0.156,2443.0,0.8030543615278913
2207,BRT,0.156,2443.0,0.8030543615278913
2288,BRT,0.156,2443.0,0.8030543615278913
2,BRT,0.155,2451.0,0.7979065771591228
374,BRT,0.155,2451.0,0.7979065771591228
984,BRT,0.155,2451.0,0.7979065771591228
1256,BRT,0.155,2451.0,0.7979065771591228
2549,BRT,0.155,2451.0,0.7979065771591228
2086,BRT,0.154,2456.0,0.7927587927903543
50,BRT,0.153,2457.0,0.7876110084215857
751,BRT,0.153,2457.0,0.7876110084215857
983,BRT,0.153,2457.0,0.7876110084215857
1887,BRT,0.153,2457.0,0.7876110084215857
2550,BRT,0.153,2457.0,0.7876110084215857
2555,BRT,0.153,2457.0,0.7876110084215857
2687,BRT,0.153,2457.0,0.7876110084215857
880,BRT,0.152,2464.0,0.7824632240528172
1282,BRT,0.152,2464.0,0.7824632240528172
1988,BRT,0.152,2464.0,0.7824632240528172
2009,BRT,0.152,2464.0,0.7824632240528172
2669,BRT,0.152,2464.0,0.7824632240528172
152,BRT,0.151,2469.0,0.7773154396840487
515,BRT,0.151,2469.0,0.7773154396840487
1206,BRT,0.151,2469.0,0.7773154396840487
1227,BRT,0.151,2469.0,0.7773154396840487
1557,BRT,0.151,2469.0,0.7773154396840487
2377,BRT,0.151,2469.0,0.7773154396840487
154,BRT,0.15,2475.0,0.7721676553152801
604,BRT,0.15,2475.0,0.7721676553152801
1058,BRT,0.15,2475.0,0.7721676553152801
1187,BRT,0.15,2475.0,0.7721676553152801
1679,BRT,0.15,2475.0,0.7721676553152801
1823,BRT,0.15,2475.0,0.7721676553152801
2046,BRT,0.15,2475.0,0.7721676553152801
760,BRT,0.149,2482.0,0.7670198709465116
1092,BRT,0.149,2482.0,0.7670198709465116
2502,BRT,0.149,2482.0,0.7670198709465116
2647,BRT,0.149,2482.0,0.7670198709465116
461,BRT,0.148,2486.0,0.7618720865777431
1553,BRT,0.148,2486.0,0.7618720865777431
644,BRT,0.147,2488.0,0.7567243022089745
808,BRT,0.147,2488.0,0.7567243022089745
1362,BRT,0.147,2488.0,0.7567243022089745
1714,BRT,0.147,2488.0,0.7567243022089745
1857,BRT,0.147,2488.0,0.7567243022089745
2641,BRT,0.147,2488.0,0.7567243022089745
331,BRT,0.146,2494.0,0.751576517840206
793,BRT,0.146,2494.0,0.751576517840206
1287,BRT,0.146,2494.0,0.751576517840206
1335,BRT,0.146,2494.0,0.751576517840206
1498,BRT,0.146,2494.0,0.751576517840206
2095,BRT,0.146,2494.0,0.751576517840206
2498,BRT,0.146,2494.0,0.751576517840206
1878,BRT,0.145,2501.0,0.7464287334714375
2383,BRT,0.145,2501.0,0.7464287334714375
242,BRT,0.144,2503.0,0.7412809491026688
439,BRT,0.144,2503.0,0.7412809491026688
875,BRT,0.144,2503.0,0.7412809491026688
1424,BRT,0.144,2503.0,0.7412809491026688
1464,BRT,0.144,2503.0,0.7412809491026688
2143,BRT,0.144,2503.0,0.7412809491026688
2263,BRT,0.144,2503.0,0.7412809491026688
2493,BRT,0.144,2503.0,0.7412809491026688
2681,BRT,0.144,2503.0,0.7412809491026688
1836,BRT,0.143,2512.0,0.7361331647339003
2192,BRT,0.143,2512.0,0.7361331647339003
2343,BRT,0.143,2512.0,0.7361331647339003
359,BRT,0.142,2515.0,0.7309853803651318
576,BRT,0.142,2515.0,0.7309853803651318
687,BRT,0.142,2515.0,0.7309853803651318
1525,BRT,0.142,2515.0,0.7309853803651318
2510,BRT,0.142,2515.0,0.7309853803651318
36,BRT,0.141,2520.0,0.7258375959963633
720,BRT,0.141,2520.0,0.7258375959963633
1134,BRT,0.141,2520.0,0.7258375959963633
1161,BRT,0.141,2520.0,0.7258375959963633
1984,BRT,0.141,2520.0,0.7258375959963633
2558,BRT,0.141,2520.0,0.7258375959963633
779,BRT,0.14,2526.0,0.7206898116275949
1075,BRT,0.14,2526.0,0.7206898116275949
1842,BRT,0.14,2526.0,0.7206898116275949
2560,BRT,0.14,2526.0,0.7206898116275949
106,BRT,0.139,2530.0,0.7155420272588263
239,BRT,0.139,2530.0,0.7155420272588263
504,BRT,0.139,2530.0,0.7155420272588263
1636,BRT,0.139,2530.0,0.7155420272588263
1726,BRT,0.139,2530.0,0.7155420272588263
2072,BRT,0.139,2530.0,0.7155420272588263
2449,BRT,0.139,2530.0,0.7155420272588263
1350,BRT,0.138,2537.0,0.7103942428900578
218,BRT,0.137,2538.0,0.7052464585212893
2499,BRT,0.137,2538.0,0.7052464585212893
2753,BRT,0.137,2538.0,0.7052464585212893
136,BRT,0.136,2541.0,0.7000986741525207
2062,BRT,0.136,2541.0,0.7000986741525207
2645,BRT,0.136,2541.0,0.7000986741525207
88,BRT,0.135,2544.0,0.6949508897837522
764,BRT,0.135,2544.0,0.6949508897837522
1245,BRT,0.135,2544.0,0.6949508897837522
1947,BRT,0.135,2544.0,0.6949508897837522
2208,BRT,0.135,2544.0,0.6949508897837522
579,BRT,0.134,2549.0,0.6898031054149837
1024,BRT,0.134,2549.0,0.6898031054149837
1718,BRT,0.134,2549.0,0.6898031054149837
1737,BRT,0.134,2549.0,0.6898031054149837
2535,BRT,0.134,2549.0,0.6898031054149837
181,BRT,0.133,2554.0,0.6846553210462151
558,BRT,0.133,2554.0,0.6846553210462151
992,BRT,0.133,2554.0,0.6846553210462151
1077,BRT,0.133,2554.0,0.6846553210462151
1104,BRT,0.133,2554.0,0.6846553210462151
1471,BRT,0.133,2554.0,0.6846553210462151
1602,BRT,0.133,2554.0,0.6846553210462151
1817,BRT,0.133,2554.0,0.6846553210462151
120,BRT,0.132,2562.0,0.6795075366774466
329,BRT,0.132,2562.0,0.6795075366774466
1348,BRT,0.132,2562.0,0.6795075366774466
1527,BRT,0.132,2562.0,0.6795075366774466
1671,BRT,0.132,2562.0,0.6795075366774466
2165,BRT,0.132,2562.0,0.6795075366774466
2267,BRT,0.132,2562.0,0.6795075366774466
121,BRT,0.131,2569.0,0.6743597523086781
1515,BRT,0.131,2569.0,0.6743597523086781
1850,BRT,0.131,2569.0,0.6743597523086781
643,BRT,0.13,2572.0,0.6692119679399094
910,BRT,0.13,2572.0,0.6692119679399094
1735,BRT,0.13,2572.0,0.6692119679399094
1848,BRT,0.13,2572.0,0.6692119679399094
2304,BRT,0.13,2572.0,0.6692119679399094
1463,BRT,0.129,2577.0,0.6640641835711409
1765,BRT,0.129,2577.0,0.6640641835711409
1886,BRT,0.129,2577.0,0.6640641835711409
103,BRT,0.128,2580.0,0.6589163992023724
652,BRT,0.128,2580.0,0.6589163992023724
1003,BRT,0.128,2580.0,0.6589163992023724
1091,BRT,0.128,2580.0,0.6589163992023724
2190,BRT,0.128,2580.0,0.6589163992023724
2734,BRT,0.128,2580.0,0.6589163992023724
72,BRT,0.127,2586.0,0.6537686148336038
2385,BRT,0.127,2586.0,0.6537686148336038
200,BRT,0.126,2588.0,0.6486208304648353
1505,BRT,0.126,2588.0,0.6486208304648353
1638,BRT,0.126,2588.0,0.6486208304648353
2202,BRT,0.126,2588.0,0.6486208304648353
2413,BRT,0.126,2588.0,0.6486208304648353
595,BRT,0.125,2593.0,0.6434730460960668
1235,BRT,0.125,2593.0,0.6434730460960668
273,BRT,0.124,2595.0,0.6383252617272983
274,BRT,0.124,2595.0,0.6383252617272983
291,BRT,0.124,2595.0,0.6383252617272983
796,BRT,0.124,2595.0,0.6383252617272983
936,BRT,0.124,2595.0,0.6383252617272983
941,BRT,0.124,2595.0,0.6383252617272983
1030,BRT,0.124,2595.0,0.6383252617272983
1641,BRT,0.124,2595.0,0.6383252617272983
1902,BRT,0.124,2595.0,0.6383252617272983
2382,BRT,0.124,2595.0,0.6383252617272983
2606,BRT,0.124,2595.0,0.6383252617272983
1373,BRT,0.123,2606.0,0.6331774773585297
1917,BRT,0.123,2606.0,0.6331774773585297
2272,BRT,0.122,2608.0,0.6280296929897612
2671,BRT,0.122,2608.0,0.6280296929897612
315,BRT,0.121,2610.0,0.6228819086209927
627,BRT,0.121,2610.0,0.6228819086209927
1162,BRT,0.121,2610.0,0.6228819086209927
1941,BRT,0.121,2610.0,0.6228819086209927
828,BRT,0.12,2614.0,0.6177341242522241
841,BRT,0.12,2614.0,0.6177341242522241
1381,BRT,0.12,2614.0,0.6177341242522241
2193,BRT,0.12,2614.0,0.6177341242522241
2270,BRT,0.12,2614.0,0.6177341242522241
2280,BRT,0.12,2614.0,0.6177341242522241
2429,BRT,0.12,2614.0,0.6177341242522241
2663,BRT,0.12,2614.0,0.6177341242522241
336,BRT,0.119,2622.0,0.6125863398834556
634,BRT,0.119,2622.0,0.6125863398834556
1509,BRT,0.119,2622.0,0.6125863398834556
2536,BRT,0.119,2622.0,0.6125863398834556
158,BRT,0.118,2626.0,0.6074385555146871
322,BRT,0.118,2626.0,0.6074385555146871
1713,BRT,0.118,2626.0,0.6074385555146871
1727,BRT,0.118,2626.0,0.6074385555146871
2310,BRT,0.118,2626.0,0.6074385555146871
2557,BRT,0.118,2626.0,0.6074385555146871
28,BRT,0.117,2632.0,0.6022907711459186
472,BRT,0.117,2632.0,0.6022907711459186
571,BRT,0.117,2632.0,0.6022907711459186
1307,BRT,0.117,2632.0,0.6022907711459186
1676,BRT,0.117,2632.0,0.6022907711459186
2094,BRT,0.117,2632.0,0.6022907711459186
2139,BRT,0.117,2632.0,0.6022907711459186
2283,BRT,0.117,2632.0,0.6022907711459186
584,BRT,0.116,2640.0,0.59714298677715
985,BRT,0.116,2640.0,0.59714298677715
1054,BRT,0.116,2640.0,0.59714298677715
1139,BRT,0.116,2640.0,0.59714298677715
1465,BRT,0.116,2640.0,0.59714298677715
2352,BRT,0.116,2640.0,0.59714298677715
2596,BRT,0.116,2640.0,0.59714298677715
380,BRT,0.115,2647.0,0.5919952024083814
551,BRT,0.115,2647.0,0.5919952024083814
1429,BRT,0.115,2647.0,0.5919952024083814
1750,BRT,0.115,2647.0,0.5919952024083814
2308,BRT,0.115,2647.0,0.5919952024083814
2626,BRT,0.115,2647.0,0.5919952024083814
2653,BRT,0.115,2647.0,0.5919952024083814
140,BRT,0.114,2654.0,0.5868474180396129
928,BRT,0.114,2654.0,0.5868474180396129
1289,BRT,0.114,2654.0,0.5868474180396129
1617,BRT,0.114,2654.0,0.5868474180396129
1732,BRT,0.114,2654.0,0.5868474180396129
2336,BRT,0.114,2654.0,0.5868474180396129
20,BRT,0.113,2660.0,0.5816996336708444
912,BRT,0.113,2660.0,0.5816996336708444
1000,BRT,0.113,2660.0,0.5816996336708444
1487,BRT,0.113,2660.0,0.5816996336708444
1603,BRT,0.113,2660.0,0.5816996336708444
434,BRT,0.112,2665.0,0.5765518493020758
919,BRT,0.112,2665.0,0.5765518493020758
930,BRT,0.112,2665.0,0.5765518493020758
1745,BRT,0.112,2665.0,0.5765518493020758
252,BRT,0.111,2669.0,0.5714040649333073
692,BRT,0.111,2669.0,0.5714040649333073
903,BRT,0.111,2669.0,0.5714040649333073
1624,BRT,0.111,2669.0,0.5714040649333073
2011,BRT,0.111,2669.0,0.5714040649333073
2340,BRT,0.111,2669.0,0.5714040649333073
2477,BRT,0.111,2669.0,0.5714040649333073
2694,BRT,0.111,2669.0,0.5714040649333073
290,BRT,0.11,2677.0,0.5662562805645388
479,BRT,0.11,2677.0,0.5662562805645388
550,BRT,0.11,2677.0,0.5662562805645388
854,BRT,0.11,2677.0,0.5662562805645388
2478,BRT,0.11,2677.0,0.5662562805645388
2589,BRT,0.11,2677.0,0.5662562805645388
2738,BRT,0.11,2677.0,0.5662562805645388
207,BRT,0.109,2684.0,0.5611084961957702
1234,BRT,0.109,2684.0,0.5611084961957702
2433,BRT,0.109,2684.0,0.5611084961957702
2520,BRT,0.109,2684.0,0.5611084961957702
2732,BRT,0.109,2684.0,0.5611084961957702
802,BRT,0.108,2689.0,0.5559607118270017
887,BRT,0.108,2689.0,0.5559607118270017
1036,BRT,0.108,2689.0,0.5559607118270017
1398,BRT,0.108,2689.0,0.5559607118270017
1580,BRT,0.108,2689.0,0.5559607118270017
1810,BRT,0.108,2689.0,0.5559607118270017
2604,BRT,0.108,2689.0,0.5559607118270017
285,BRT,0.107,2696.0,0.5508129274582332
317,BRT,0.107,2696.0,0.5508129274582332
642,BRT,0.107,2696.0,0.5508129274582332
838,BRT,0.107,2696.0,0.5508129274582332
929,BRT,0.107,2696.0,0.5508129274582332
1410,BRT,0.107,2696.0,0.5508129274582332
1916,BRT,0.106,2702.0,0.5456651430894647
2345,BRT,0.106,2702.0,0.5456651430894647
2438,BRT,0.106,2702.0,0.5456651430894647
2492,BRT,0.106,2702.0,0.5456651430894647
475,BRT,0.105,2706.0,0.5405173587206961
789,BRT,0.105,2706.0,0.5405173587206961
1379,BRT,0.105,2706.0,0.5405173587206961
2320,BRT,0.105,2706.0,0.5405173587206961
383,BRT,0.104,2710.0,0.5353695743519276
631,BRT,0.104,2710.0,0.5353695743519276
894,BRT,0.104,2710.0,0.5353695743519276
1889,BRT,0.104,2710.0,0.5353695743519276
1901,BRT,0.104,2710.0,0.5353695743519276
313,BRT,0.103,2715.0,0.530221789983159
520,BRT,0.103,2715.0,0.530221789983159
1095,BRT,0.103,2715.0,0.530221789983159
1801,BRT,0.103,2715.0,0.530221789983159
1821,BRT,0.103,2715.0,0.530221789983159
2297,BRT,0.103,2715.0,0.530221789983159
243,BRT,0.102,2721.0,0.5250740056143904
614,BRT,0.102,2721.0,0.5250740056143904
1063,BRT,0.102,2721.0,0.5250740056143904
1159,BRT,0.102,2721.0,0.5250740056143904
1619,BRT,0.102,2721.0,0.5250740056143904
1667,BRT,0.102,2721.0,0.5250740056143904
2685,BRT,0.102,2721.0,0.5250740056143904
2664,BRT,0.101,2728.0,0.519926221245622
54,BRT,0.1,2729.0,0.5147784368768534
254,BRT,0.1,2729.0,0.5147784368768534
632,BRT,0.1,2729.0,0.5147784368768534
939,BRT,0.1,2729.0,0.5147784368768534
1197,BRT,0.1,2729.0,0.5147784368768534
1578,BRT,0.099,2734.0,0.5096306525080849
2134,BRT,0.099,2734.0,0.5096306525080849
2563,BRT,0.099,2734.0,0.5096306525080849
67,BRT,0.098,2737.0,0.5044828681393164
1859,BRT,0.098,2737.0,0.5044828681393164
1399,BRT,0.097,2739.0,0.49933508377054786
1991,BRT,0.097,2739.0,0.49933508377054786
1002,BRT,0.096,2741.0,0.4941872994017793
1249,BRT,0.096,2741.0,0.4941872994017793
1310,BRT,0.096,2741.0,0.4941872994017793
1322,BRT,0.096,2741.0,0.4941872994017793
2423,BRT,0.096,2741.0,0.4941872994017793
693,BRT,0.095,2746.0,0.4890395150330108
134,BRT,0.094,2747.0,0.48389173066424224
465,BRT,0.094,2747.0,0.48389173066424224
2126,BRT,0.094,2747.0,0.48389173066424224
144,BRT,0.093,2750.0,0.4787439462954737
361,BRT,0.093,2750.0,0.4787439462954737
921,BRT,0.093,2750.0,0.4787439462954737
948,BRT,0.093,2750.0,0.4787439462954737
1198,BRT,0.093,2750.0,0.4787439462954737
2064,BRT,0.092,2755.0,0.4735961619267052
2666,BRT,0.091,2756.0,0.4684483775579366
868,BRT,0.09,2757.0,0.46330059318916805
993,BRT,0.09,2757.0,0.46330059318916805
1064,BRT,0.09,2757.0,0.46330059318916805
1116,BRT,0.09,2757.0,0.46330059318916805
1520,BRT,0.09,2757.0,0.46330059318916805
723,BRT,0.089,2762.0,0.45815280882039955
1016,BRT,0.088,2763.0,0.453005024451631
1232,BRT,0.088,2763.0,0.453005024451631
1760,BRT,0.087,2765.0,0.4478572400828625
758,BRT,0.086,2766.0,0.4427094557140939
791,BRT,0.085,2767.0,0.4375616713453255
1324,BRT,0.084,2768.0,0.4324138869765569
1479,BRT,0.084,2768.0,0.4324138869765569
884,BRT,0.083,2770.0,0.42726610260778836
2768,BRT,0.082,2771.0,0.42211831823901985
229,BRT,0.08,2772.0,0.41182274950148273
663,BRT,0.08,2772.0,0.41182274950148273
1247,BRT,0.08,2772.0,0.41182274950148273
726,BRT,0.078,2775.0,0.40152718076394567
2500,BRT,0.078,2775.0,0.40152718076394567
1642,BRT,0.075,2777.0,0.38608382765764004
2198,BRT,0.074,2778.0,0.38093604328887154
1419,MLP,2.362,1.0,9.334151347945532
117,MLP,2.017,2.0,7.970780384761277
2159,MLP,1.937,3.0,7.6546363932982615
1910,MLP,1.855,4.0,7.330588802048671
431,MLP,1.784,5.0,7.050011009625245
507,MLP,1.778,6.0,7.026300210265519
1656,MLP,1.768,7.0,6.986782211332642
408,MLP,1.749,8.0,6.9116980133601755
2633,MLP,1.727,9.0,6.824758415707846
1960,MLP,1.707,10.0,6.745722417842092
2443,MLP,1.667,11.0,6.587650422110585
1748,MLP,1.627,12.0,6.429578426379077
297,MLP,1.623,13.0,6.413771226805926
1847,MLP,1.609,14.0,6.358446028299898
1749,MLP,1.584,15.0,6.2596510309677065
2318,MLP,1.58,16.0,6.243843831394555
1406,MLP,1.551,17.0,6.129241634489212
821,MLP,1.514,18.0,5.983025038437567
1172,MLP,1.513,19.0,5.979073238544279
1885,MLP,1.493,20.0,5.900037240678526
511,MLP,1.48,21.0,5.848663842065786
856,MLP,1.463,22.0,5.7814832438798955
2085,MLP,1.459,23.0,5.765676044306745
2724,MLP,1.453,24.0,5.741965244947019
900,MLP,1.434,25.0,5.666881046974551
2004,MLP,1.434,25.0,5.666881046974551
249,MLP,1.422,27.0,5.6194594482551
1614,MLP,1.42,28.0,5.611555848468524
539,MLP,1.409,29.0,5.56808604964236
1526,MLP,1.394,30.0,5.508809051243044
1009,MLP,1.391,31.0,5.496953651563182
1010,MLP,1.356,32.0,5.358640655298112
2274,MLP,1.346,33.0,5.319122656365235
2047,MLP,1.327,34.0,5.244038458392769
1972,MLP,1.305,35.0,5.157098860740439
2013,MLP,1.29,36.0,5.097821862341124
312,MLP,1.278,37.0,5.050400263621672
1190,MLP,1.271,38.0,5.022737664368657
2648,MLP,1.271,38.0,5.022737664368657
964,MLP,1.258,40.0,4.971364265755918
2259,MLP,1.254,41.0,4.9555570661827675
674,MLP,1.245,42.0,4.919990867143178
2612,MLP,1.244,43.0,4.916039067249891
1345,MLP,1.227,44.0,4.848858469064
1530,MLP,1.219,45.0,4.817244069917698
2110,MLP,1.213,46.0,4.7935332705579725
2486,MLP,1.212,47.0,4.789581470664684
1697,MLP,1.203,48.0,4.754015271625095
1135,MLP,1.195,49.0,4.722400872478794
2209,MLP,1.19,50.0,4.702641873012355
1355,MLP,1.187,51.0,4.6907864733324915
127,MLP,1.182,52.0,4.671027473866053
1169,MLP,1.182,52.0,4.671027473866053
2432,MLP,1.18,54.0,4.663123874079478
1423,MLP,1.169,55.0,4.6196540752533135
527,MLP,1.168,56.0,4.615702275360025
581,MLP,1.168,56.0,4.615702275360025
1371,MLP,1.167,58.0,4.611750475466738
294,MLP,1.164,59.0,4.599895075786875
1448,MLP,1.149,60.0,4.54061807738756
761,MLP,1.148,61.0,4.536666277494271
2177,MLP,1.148,61.0,4.536666277494271
2731,MLP,1.145,63.0,4.524810877814408
1121,MLP,1.142,64.0,4.512955478134545
1484,MLP,1.141,65.0,4.509003678241258
2130,MLP,1.14,66.0,4.505051878347969
1114,MLP,1.137,67.0,4.493196478668107
2404,MLP,1.135,68.0,4.485292878881531
2281,MLP,1.133,69.0,4.4773892790949565
318,MLP,1.131,70.0,4.469485679308381
955,MLP,1.131,70.0,4.469485679308381
1815,MLP,1.107,72.0,4.3746424818694765
1837,MLP,1.107,72.0,4.3746424818694765
2436,MLP,1.104,74.0,4.362787082189613
2316,MLP,1.102,75.0,4.3548834824030385
2776,MLP,1.101,76.0,4.35093168250975
1793,MLP,1.092,77.0,4.315365483470162
570,MLP,1.08,78.0,4.267943884750709
1377,MLP,1.068,79.0,4.220522286031256
1700,MLP,1.061,80.0,4.192859686778243
2063,MLP,1.058,81.0,4.1810042870983795
2284,MLP,1.052,82.0,4.157293487738653
2758,MLP,1.048,83.0,4.141486288165503
2430,MLP,1.046,84.0,4.133582688378927
636,MLP,1.045,85.0,4.129630888485639
1311,MLP,1.045,85.0,4.129630888485639
1476,MLP,1.044,87.0,4.125679088592352
1277,MLP,1.039,88.0,4.105920089125913
861,MLP,1.038,89.0,4.101968289232626
1360,MLP,1.038,89.0,4.101968289232626
1142,MLP,1.037,91.0,4.098016489339337
437,MLP,1.035,92.0,4.090112889552762
933,MLP,1.035,92.0,4.090112889552762
1879,MLP,1.035,92.0,4.090112889552762
815,MLP,1.034,95.0,4.086161089659475
307,MLP,1.033,96.0,4.082209289766187
2584,MLP,1.032,97.0,4.078257489872899
556,MLP,1.03,98.0,4.070353890086324
1572,MLP,1.026,99.0,4.054546690513173
1488,MLP,1.021,100.0,4.034787691046734
1503,MLP,1.018,101.0,4.022932291366872
2566,MLP,1.016,102.0,4.015028691580296
287,MLP,1.015,103.0,4.011076891687008
1040,MLP,1.015,103.0,4.011076891687008
586,MLP,1.014,105.0,4.0071250917937205
1255,MLP,1.014,105.0,4.0071250917937205
1597,MLP,1.01,107.0,3.9913178922205703
427,MLP,1.009,108.0,3.987366092327282
1243,MLP,0.997,109.0,3.93994449360783
193,MLP,0.995,110.0,3.9320408938212545
2583,MLP,0.995,110.0,3.9320408938212545
100,MLP,0.988,112.0,3.904378294568241
2029,MLP,0.985,113.0,3.8925228948883777
2158,MLP,0.977,114.0,3.860908495742076
149,MLP,0.975,115.0,3.8530048959555008
39,MLP,0.974,116.0,3.849053096062213
522,MLP,0.966,117.0,3.8174386969159113
96,MLP,0.958,118.0,3.7858242977696097
1912,MLP,0.956,119.0,3.7779206979830344
2026,MLP,0.955,120.0,3.773968898089747
35,MLP,0.953,121.0,3.7660652983031713
2188,MLP,0.95,122.0,3.754209898623308
1025,MLP,0.945,123.0,3.7344508991568697
2106,MLP,0.94,124.0,3.7146918996904312
84,MLP,0.934,125.0,3.690981100330706
220,MLP,0.926,126.0,3.659366701184404
1681,MLP,0.926,126.0,3.659366701184404
2679,MLP,0.922,128.0,3.643559501611253
1892,MLP,0.919,129.0,3.63170410193139
2593,MLP,0.914,130.0,3.6119451024649516
2708,MLP,0.909,131.0,3.592186102998513
1920,MLP,0.904,132.0,3.5724271035320747
2255,MLP,0.902,133.0,3.5645235037454994
850,MLP,0.901,134.0,3.5605717038522116
369,MLP,0.896,135.0,3.540812704385773
638,MLP,0.893,136.0,3.52895730470591
666,MLP,0.891,137.0,3.5210537049193347
1649,MLP,0.887,138.0,3.5052465053461836
775,MLP,0.885,139.0,3.4973429055596084
1779,MLP,0.881,140.0,3.481535705986458
425,MLP,0.879,141.0,3.4736321061998825
606,MLP,0.869,142.0,3.434114107267005
599,MLP,0.865,143.0,3.4183069076938546
1754,MLP,0.864,144.0,3.4143551078005667
925,MLP,0.863,145.0,3.4104033079072793
1637,MLP,0.863,145.0,3.4104033079072793
1945,MLP,0.859,147.0,3.3945961083341283
371,MLP,0.858,148.0,3.390644308440841
69,MLP,0.856,149.0,3.382740708654265
476,MLP,0.856,149.0,3.382740708654265
1502,MLP,0.856,149.0,3.382740708654265
601,MLP,0.854,152.0,3.37483710886769
1523,MLP,0.854,152.0,3.37483710886769
557,MLP,0.852,154.0,3.3669335090811146
1692,MLP,0.852,154.0,3.3669335090811146
1107,MLP,0.85,156.0,3.3590299092945393
2052,MLP,0.85,156.0,3.3590299092945393
405,MLP,0.846,158.0,3.3432227097213882
1639,MLP,0.845,159.0,3.3392709098281004
1644,MLP,0.845,159.0,3.3392709098281004
1096,MLP,0.843,161.0,3.331367310041525
1129,MLP,0.842,162.0,3.3274155101482377
951,MLP,0.838,163.0,3.3116083105750866
2092,MLP,0.834,164.0,3.295801111001936
51,MLP,0.832,165.0,3.2878975112153603
1317,MLP,0.832,165.0,3.2878975112153603
1192,MLP,0.828,167.0,3.2720903116422098
2578,MLP,0.828,167.0,3.2720903116422098
748,MLP,0.827,169.0,3.268138511748922
1958,MLP,0.827,169.0,3.268138511748922
923,MLP,0.821,171.0,3.244427712389196
306,MLP,0.818,172.0,3.232572312709333
1012,MLP,0.817,173.0,3.228620512816045
1611,MLP,0.815,174.0,3.2207169130294697
1238,MLP,0.814,175.0,3.216765113136182
1428,MLP,0.812,176.0,3.208861513349607
696,MLP,0.81,177.0,3.2009579135630317
2290,MLP,0.809,178.0,3.197006113669744
1468,MLP,0.805,179.0,3.1811989140965933
2227,MLP,0.804,180.0,3.1772471142033054
2179,MLP,0.802,181.0,3.16934351441673
2609,MLP,0.802,181.0,3.16934351441673
2273,MLP,0.801,183.0,3.1653917145234423
2016,MLP,0.799,184.0,3.157488114736867
2411,MLP,0.798,185.0,3.153536314843579
2630,MLP,0.798,185.0,3.153536314843579
1354,MLP,0.797,187.0,3.1495845149502917
2300,MLP,0.797,187.0,3.1495845149502917
2703,MLP,0.796,189.0,3.145632715057004
1250,MLP,0.794,190.0,3.1377291152704285
2257,MLP,0.791,191.0,3.1258737155905654
2249,MLP,0.79,192.0,3.1219219156972775
2037,MLP,0.789,193.0,3.11797011580399
2275,MLP,0.787,194.0,3.110066516017415
877,MLP,0.786,195.0,3.106114716124127
410,MLP,0.784,196.0,3.0982111163375516
2344,MLP,0.784,196.0,3.0982111163375516
1469,MLP,0.783,198.0,3.0942593164442638
2145,MLP,0.783,198.0,3.0942593164442638
497,MLP,0.78,200.0,3.0824039167644006
1729,MLP,0.78,200.0,3.0824039167644006
129,MLP,0.779,202.0,3.078452116871113
325,MLP,0.779,202.0,3.078452116871113
528,MLP,0.779,202.0,3.078452116871113
797,MLP,0.778,205.0,3.0745003169778253
402,MLP,0.777,206.0,3.0705485170845375
959,MLP,0.777,206.0,3.0705485170845375
1758,MLP,0.777,206.0,3.0705485170845375
672,MLP,0.775,209.0,3.062644917297962
844,MLP,0.773,210.0,3.054741317511387
1264,MLP,0.773,210.0,3.054741317511387
1764,MLP,0.773,210.0,3.054741317511387
2076,MLP,0.772,213.0,3.050789517618099
1320,MLP,0.771,214.0,3.0468377177248116
1652,MLP,0.77,215.0,3.0428859178315237
1856,MLP,0.769,216.0,3.0389341179382363
818,MLP,0.766,217.0,3.027078718258373
2287,MLP,0.764,218.0,3.0191751184717974
650,MLP,0.762,219.0,3.011271518685222
334,MLP,0.759,220.0,2.999416119005359
518,MLP,0.759,220.0,2.999416119005359
567,MLP,0.758,222.0,2.9954643191120716
981,MLP,0.758,222.0,2.9954643191120716
1493,MLP,0.757,224.0,2.9915125192187837
2160,MLP,0.752,225.0,2.9717535197523453
143,MLP,0.751,226.0,2.9678017198590574
1459,MLP,0.75,227.0,2.96384991996577
491,MLP,0.749,228.0,2.959898120072482
874,MLP,0.749,228.0,2.959898120072482
2455,MLP,0.749,228.0,2.959898120072482
300,MLP,0.747,231.0,2.951994520285907
927,MLP,0.745,232.0,2.9440909204993315
1746,MLP,0.745,232.0,2.9440909204993315
2149,MLP,0.744,234.0,2.9401391206060437
1849,MLP,0.74,235.0,2.924331921032893
270,MLP,0.739,236.0,2.920380121139605
1953,MLP,0.735,237.0,2.904572921566454
1344,MLP,0.734,238.0,2.9006211216731668
262,MLP,0.733,239.0,2.896669321779879
1826,MLP,0.733,239.0,2.896669321779879
52,MLP,0.732,241.0,2.8927175218865915
2356,MLP,0.732,241.0,2.8927175218865915
561,MLP,0.731,243.0,2.8887657219933036
168,MLP,0.73,244.0,2.8848139221000157
2689,MLP,0.73,244.0,2.8848139221000157
452,MLP,0.729,246.0,2.8808621222067283
1185,MLP,0.728,247.0,2.8769103223134405
1438,MLP,0.728,247.0,2.8769103223134405
2373,MLP,0.725,249.0,2.8650549226335773
2540,MLP,0.724,250.0,2.86110312274029
1252,MLP,0.721,251.0,2.8492477230604267
2538,MLP,0.721,251.0,2.8492477230604267
2474,MLP,0.72,253.0,2.845295923167139
132,MLP,0.719,254.0,2.8413441232738514
922,MLP,0.718,255.0,2.8373923233805636
940,MLP,0.717,256.0,2.8334405234872757
1979,MLP,0.717,256.0,2.8334405234872757
2339,MLP,0.716,258.0,2.8294887235939883
2090,MLP,0.715,259.0,2.8255369237007004
264,MLP,0.713,260.0,2.817633323914125
505,MLP,0.713,260.0,2.817633323914125
1919,MLP,0.712,262.0,2.8136815240208373
1146,MLP,0.709,263.0,2.801826124340974
1914,MLP,0.709,263.0,2.801826124340974
230,MLP,0.708,265.0,2.7978743244476867
467,MLP,0.708,265.0,2.7978743244476867
837,MLP,0.708,265.0,2.7978743244476867
1661,MLP,0.708,265.0,2.7978743244476867
1549,MLP,0.707,269.0,2.793922524554399
2183,MLP,0.707,269.0,2.793922524554399
281,MLP,0.706,271.0,2.7899707246611114
2497,MLP,0.706,271.0,2.7899707246611114
276,MLP,0.705,273.0,2.7860189247678235
2295,MLP,0.705,273.0,2.7860189247678235
740,MLP,0.703,275.0,2.7781153249812482
920,MLP,0.703,275.0,2.7781153249812482
1305,MLP,0.701,277.0,2.7702117251946725
2437,MLP,0.699,278.0,2.7623081254080972
343,MLP,0.697,279.0,2.754404525621522
1033,MLP,0.697,279.0,2.754404525621522
1791,MLP,0.696,281.0,2.750452725728234
825,MLP,0.695,282.0,2.7465009258349466
965,MLP,0.694,283.0,2.742549125941659
70,MLP,0.693,284.0,2.7385973260483714
1220,MLP,0.692,285.0,2.7346455261550835
82,MLP,0.69,286.0,2.726741926368508
1957,MLP,0.689,287.0,2.7227901264752203
2030,MLP,0.689,287.0,2.7227901264752203
816,MLP,0.688,289.0,2.7188383265819325
2561,MLP,0.688,289.0,2.7188383265819325
1436,MLP,0.687,291.0,2.7148865266886455
2103,MLP,0.687,291.0,2.7148865266886455
753,MLP,0.685,293.0,2.70698292690207
1677,MLP,0.685,293.0,2.70698292690207
339,MLP,0.684,295.0,2.7030311270087823
1271,MLP,0.683,296.0,2.6990793271154945
2469,MLP,0.68,297.0,2.6872239274356313
655,MLP,0.679,298.0,2.683272127542344
1158,MLP,0.679,298.0,2.683272127542344
679,MLP,0.678,300.0,2.679320327649056
485,MLP,0.677,301.0,2.6753685277557686
1412,MLP,0.677,301.0,2.6753685277557686
2117,MLP,0.677,301.0,2.6753685277557686
1019,MLP,0.676,304.0,2.6714167278624807
1088,MLP,0.675,305.0,2.667464927969193
2152,MLP,0.675,305.0,2.667464927969193
2309,MLP,0.675,305.0,2.667464927969193
2680,MLP,0.674,308.0,2.6635131280759055
454,MLP,0.672,309.0,2.65560952828933
593,MLP,0.672,309.0,2.65560952828933
2651,MLP,0.671,311.0,2.6516577283960423
1518,MLP,0.67,312.0,2.6477059285027544
2541,MLP,0.67,312.0,2.6477059285027544
1151,MLP,0.669,314.0,2.643754128609467
293,MLP,0.667,315.0,2.6358505288228913
970,MLP,0.667,315.0,2.6358505288228913
1556,MLP,0.667,315.0,2.6358505288228913
1688,MLP,0.667,315.0,2.6358505288228913
1930,MLP,0.666,319.0,2.631898728929604
2660,MLP,0.666,319.0,2.631898728929604
12,MLP,0.665,321.0,2.627946929036316
214,MLP,0.664,322.0,2.6239951291430286
1539,MLP,0.664,322.0,2.6239951291430286
1909,MLP,0.663,324.0,2.6200433292497407
1062,MLP,0.661,325.0,2.6121397294631654
1680,MLP,0.661,325.0,2.6121397294631654
2211,MLP,0.661,325.0,2.6121397294631654
1871,MLP,0.66,328.0,2.6081879295698776
2022,MLP,0.66,328.0,2.6081879295698776
1361,MLP,0.659,330.0,2.6042361296765897
1923,MLP,0.659,330.0,2.6042361296765897
25,MLP,0.657,332.0,2.5963325298900144
1674,MLP,0.657,332.0,2.5963325298900144
810,MLP,0.656,334.0,2.592380729996727
878,MLP,0.656,334.0,2.592380729996727
1610,MLP,0.654,336.0,2.5844771302101512
2161,MLP,0.654,336.0,2.5844771302101512
2305,MLP,0.654,336.0,2.5844771302101512
1538,MLP,0.652,339.0,2.576573530423576
2537,MLP,0.652,339.0,2.576573530423576
2733,MLP,0.652,339.0,2.576573530423576
765,MLP,0.651,342.0,2.5726217305302885
358,MLP,0.65,343.0,2.5686699306370007
75,MLP,0.649,344.0,2.564718130743713
255,MLP,0.649,344.0,2.564718130743713
763,MLP,0.648,346.0,2.5607663308504254
1931,MLP,0.648,346.0,2.5607663308504254
657,MLP,0.647,348.0,2.5568145309571375
2189,MLP,0.647,348.0,2.5568145309571375
2475,MLP,0.647,348.0,2.5568145309571375
74,MLP,0.646,351.0,2.5528627310638496
700,MLP,0.644,352.0,2.5449591312772744
1861,MLP,0.644,352.0,2.5449591312772744
2084,MLP,0.644,352.0,2.5449591312772744
1540,MLP,0.642,355.0,2.537055531490699
2392,MLP,0.642,355.0,2.537055531490699
2525,MLP,0.639,357.0,2.525200131810836
2544,MLP,0.639,357.0,2.525200131810836
2659,MLP,0.639,357.0,2.525200131810836
664,MLP,0.636,360.0,2.5133447321309728
1584,MLP,0.636,360.0,2.5133447321309728
1999,MLP,0.636,360.0,2.5133447321309728
260,MLP,0.634,363.0,2.5054411323443975
997,MLP,0.633,364.0,2.5014893324511096
1011,MLP,0.633,364.0,2.5014893324511096
714,MLP,0.632,366.0,2.497537532557822
1073,MLP,0.632,366.0,2.497537532557822
1514,MLP,0.632,366.0,2.497537532557822
428,MLP,0.631,369.0,2.4935857326645343
176,MLP,0.63,370.0,2.489633932771247
995,MLP,0.63,370.0,2.489633932771247
1558,MLP,0.63,370.0,2.489633932771247
351,MLP,0.629,373.0,2.485682132877959
2608,MLP,0.629,373.0,2.485682132877959
11,MLP,0.628,375.0,2.481730332984671
1321,MLP,0.627,376.0,2.4777785330913837
1841,MLP,0.627,376.0,2.4777785330913837
2210,MLP,0.626,378.0,2.473826733198096
1924,MLP,0.625,379.0,2.469874933304808
2266,MLP,0.625,379.0,2.469874933304808
2422,MLP,0.625,379.0,2.469874933304808
659,MLP,0.624,382.0,2.4659231334115206
872,MLP,0.624,382.0,2.4659231334115206
885,MLP,0.623,384.0,2.4619713335182327
1144,MLP,0.623,384.0,2.4619713335182327
86,MLP,0.622,386.0,2.4580195336249453
1285,MLP,0.622,386.0,2.4580195336249453
1437,MLP,0.621,388.0,2.4540677337316574
1702,MLP,0.621,388.0,2.4540677337316574
1828,MLP,0.621,388.0,2.4540677337316574
1431,MLP,0.62,391.0,2.4501159338383696
1883,MLP,0.62,391.0,2.4501159338383696
2099,MLP,0.62,391.0,2.4501159338383696
768,MLP,0.618,394.0,2.4422123340517943
151,MLP,0.615,395.0,2.430356934371931
1043,MLP,0.615,395.0,2.430356934371931
288,MLP,0.614,397.0,2.4264051344786437
1460,MLP,0.614,397.0,2.4264051344786437
697,MLP,0.613,399.0,2.422453334585356
38,MLP,0.612,400.0,2.418501534692068
1411,MLP,0.612,400.0,2.418501534692068
1126,MLP,0.611,402.0,2.4145497347987805
2434,MLP,0.611,402.0,2.4145497347987805
2542,MLP,0.611,402.0,2.4145497347987805
1296,MLP,0.61,405.0,2.4105979349054927
1385,MLP,0.609,406.0,2.4066461350122053
1825,MLP,0.609,406.0,2.4066461350122053
2380,MLP,0.609,406.0,2.4066461350122053
2466,MLP,0.608,409.0,2.4026943351189174
899,MLP,0.607,410.0,2.3987425352256295
1413,MLP,0.604,411.0,2.3868871355457664
1442,MLP,0.604,411.0,2.3868871355457664
623,MLP,0.602,413.0,2.378983535759191
1492,MLP,0.602,413.0,2.378983535759191
2234,MLP,0.601,415.0,2.3750317358659037
1623,MLP,0.6,416.0,2.371079935972616
194,MLP,0.599,417.0,2.367128136079328
444,MLP,0.599,417.0,2.367128136079328
2224,MLP,0.599,417.0,2.367128136079328
146,MLP,0.598,420.0,2.3631763361860405
1884,MLP,0.598,420.0,2.3631763361860405
2384,MLP,0.597,422.0,2.3592245362927526
211,MLP,0.596,423.0,2.355272736399465
2005,MLP,0.596,423.0,2.355272736399465
2450,MLP,0.596,423.0,2.355272736399465
160,MLP,0.594,426.0,2.3473691366128895
251,MLP,0.594,426.0,2.3473691366128895
1070,MLP,0.593,428.0,2.343417336719602
1690,MLP,0.593,428.0,2.343417336719602
1783,MLP,0.593,428.0,2.343417336719602
2487,MLP,0.593,428.0,2.343417336719602
780,MLP,0.592,432.0,2.339465536826314
1356,MLP,0.592,432.0,2.339465536826314
1898,MLP,0.592,432.0,2.339465536826314
2720,MLP,0.592,432.0,2.339465536826314
2748,MLP,0.592,432.0,2.339465536826314
1363,MLP,0.591,437.0,2.3355137369330263
2667,MLP,0.591,437.0,2.3355137369330263
372,MLP,0.59,439.0,2.331561937039739
1566,MLP,0.589,440.0,2.327610137146451
2509,MLP,0.589,440.0,2.327610137146451
2511,MLP,0.589,440.0,2.327610137146451
2690,MLP,0.589,440.0,2.327610137146451
904,MLP,0.588,444.0,2.3236583372531636
1018,MLP,0.588,444.0,2.3236583372531636
2199,MLP,0.588,444.0,2.3236583372531636
538,MLP,0.587,447.0,2.3197065373598758
2067,MLP,0.587,447.0,2.3197065373598758
238,MLP,0.586,449.0,2.315754737466588
2038,MLP,0.586,449.0,2.315754737466588
2632,MLP,0.586,449.0,2.315754737466588
2719,MLP,0.586,449.0,2.315754737466588
1853,MLP,0.585,453.0,2.3118029375733005
2323,MLP,0.585,453.0,2.3118029375733005
2401,MLP,0.585,453.0,2.3118029375733005
2456,MLP,0.585,453.0,2.3118029375733005
2529,MLP,0.585,453.0,2.3118029375733005
320,MLP,0.584,458.0,2.3078511376800126
2394,MLP,0.584,458.0,2.3078511376800126
2581,MLP,0.584,458.0,2.3078511376800126
2770,MLP,0.584,458.0,2.3078511376800126
484,MLP,0.583,462.0,2.3038993377867247
1328,MLP,0.583,462.0,2.3038993377867247
77,MLP,0.582,464.0,2.2999475378934373
913,MLP,0.582,464.0,2.2999475378934373
1601,MLP,0.581,466.0,2.2959957380001494
2195,MLP,0.581,466.0,2.2959957380001494
2736,MLP,0.581,466.0,2.2959957380001494
774,MLP,0.58,469.0,2.292043938106862
979,MLP,0.58,469.0,2.292043938106862
2191,MLP,0.58,469.0,2.292043938106862
1118,MLP,0.579,472.0,2.288092138213574
2533,MLP,0.579,472.0,2.288092138213574
2774,MLP,0.579,472.0,2.288092138213574
637,MLP,0.577,475.0,2.280188538426999
177,MLP,0.576,476.0,2.276236738533711
266,MLP,0.576,476.0,2.276236738533711
1559,MLP,0.576,476.0,2.276236738533711
1778,MLP,0.575,479.0,2.2722849386404236
746,MLP,0.574,480.0,2.2683331387471357
1905,MLP,0.574,480.0,2.2683331387471357
2677,MLP,0.574,480.0,2.2683331387471357
119,MLP,0.573,483.0,2.264381338853848
463,MLP,0.573,483.0,2.264381338853848
2012,MLP,0.573,483.0,2.264381338853848
2261,MLP,0.573,483.0,2.264381338853848
2089,MLP,0.571,487.0,2.2564777390672726
2517,MLP,0.571,487.0,2.2564777390672726
1893,MLP,0.57,489.0,2.2525259391739847
2599,MLP,0.57,489.0,2.2525259391739847
1418,MLP,0.569,491.0,2.2485741392806973
2213,MLP,0.569,491.0,2.2485741392806973
2704,MLP,0.569,491.0,2.2485741392806973
2010,MLP,0.568,494.0,2.2446223393874094
2393,MLP,0.568,494.0,2.2446223393874094
2741,MLP,0.568,494.0,2.2446223393874094
1023,MLP,0.567,497.0,2.240670539494122
2054,MLP,0.567,497.0,2.240670539494122
1532,MLP,0.565,499.0,2.2327669397075462
1974,MLP,0.565,499.0,2.2327669397075462
2505,MLP,0.563,501.0,2.224863339920971
1080,MLP,0.562,502.0,2.220911540027684
1165,MLP,0.562,502.0,2.220911540027684
302,MLP,0.561,504.0,2.216959740134396
442,MLP,0.56,505.0,2.2130079402411083
1400,MLP,0.559,506.0,2.209056140347821
2170,MLP,0.559,506.0,2.209056140347821
53,MLP,0.558,508.0,2.205104340454533
1093,MLP,0.558,508.0,2.205104340454533
244,MLP,0.557,510.0,2.201152540561245
370,MLP,0.557,510.0,2.201152540561245
879,MLP,0.556,512.0,2.1972007406679577
1272,MLP,0.556,512.0,2.1972007406679577
2418,MLP,0.556,512.0,2.1972007406679577
15,MLP,0.555,515.0,2.19324894077467
459,MLP,0.555,515.0,2.19324894077467
2441,MLP,0.555,515.0,2.19324894077467
1607,MLP,0.553,518.0,2.1853453409880945
1647,MLP,0.553,518.0,2.1853453409880945
1913,MLP,0.553,518.0,2.1853453409880945
2036,MLP,0.553,518.0,2.1853453409880945
460,MLP,0.552,522.0,2.1813935410948067
806,MLP,0.552,522.0,2.1813935410948067
1167,MLP,0.552,522.0,2.1813935410948067
1501,MLP,0.552,522.0,2.1813935410948067
1922,MLP,0.552,522.0,2.1813935410948067
2236,MLP,0.551,527.0,2.1774417412015192
1312,MLP,0.55,528.0,2.1734899413082314
2552,MLP,0.55,528.0,2.1734899413082314
324,MLP,0.549,530.0,2.1695381414149435
998,MLP,0.549,530.0,2.1695381414149435
1627,MLP,0.548,532.0,2.165586341521656
2181,MLP,0.548,532.0,2.165586341521656
282,MLP,0.547,534.0,2.161634541628368
958,MLP,0.547,534.0,2.161634541628368
552,MLP,0.546,536.0,2.157682741735081
635,MLP,0.546,536.0,2.157682741735081
1432,MLP,0.546,536.0,2.157682741735081
1585,MLP,0.546,536.0,2.157682741735081
1655,MLP,0.545,540.0,2.153730941841793
1031,MLP,0.544,541.0,2.149779141948505
1084,MLP,0.544,541.0,2.149779141948505
60,MLP,0.543,543.0,2.1458273420552176
429,MLP,0.543,543.0,2.1458273420552176
342,MLP,0.542,545.0,2.1418755421619298
2600,MLP,0.542,545.0,2.1418755421619298
1212,MLP,0.541,547.0,2.1379237422686423
2292,MLP,0.541,547.0,2.1379237422686423
377,MLP,0.54,549.0,2.1339719423753545
1814,MLP,0.54,549.0,2.1339719423753545
2605,MLP,0.54,549.0,2.1339719423753545
830,MLP,0.539,552.0,2.1300201424820666
1427,MLP,0.539,552.0,2.1300201424820666
1994,MLP,0.539,552.0,2.1300201424820666
1314,MLP,0.538,555.0,2.126068342588779
2319,MLP,0.538,555.0,2.126068342588779
2501,MLP,0.538,555.0,2.126068342588779
2515,MLP,0.537,558.0,2.1221165426954913
170,MLP,0.536,559.0,2.1181647428022035
1004,MLP,0.536,559.0,2.1181647428022035
1291,MLP,0.535,561.0,2.114212942908916
93,MLP,0.534,562.0,2.110261143015628
996,MLP,0.534,562.0,2.110261143015628
187,MLP,0.532,564.0,2.102357543229053
843,MLP,0.531,565.0,2.098405743335765
1295,MLP,0.53,566.0,2.0944539434424776
277,MLP,0.529,567.0,2.0905021435491897
381,MLP,0.529,567.0,2.0905021435491897
189,MLP,0.528,569.0,2.086550343655902
1147,MLP,0.527,570.0,2.0825985437626144
2225,MLP,0.527,570.0,2.0825985437626144
2547,MLP,0.527,570.0,2.0825985437626144
826,MLP,0.526,573.0,2.0786467438693266
1450,MLP,0.526,573.0,2.0786467438693266
1704,MLP,0.526,573.0,2.0786467438693266
2389,MLP,0.526,573.0,2.0786467438693266
310,MLP,0.525,577.0,2.074694943976039
529,MLP,0.525,577.0,2.074694943976039
624,MLP,0.525,577.0,2.074694943976039
2416,MLP,0.525,577.0,2.074694943976039
2765,MLP,0.525,577.0,2.074694943976039
241,MLP,0.524,582.0,2.0707431440827513
253,MLP,0.524,582.0,2.0707431440827513
1105,MLP,0.524,582.0,2.0707431440827513
2705,MLP,0.524,582.0,2.0707431440827513
2369,MLP,0.523,586.0,2.0667913441894634
10,MLP,0.522,587.0,2.062839544296176
486,MLP,0.522,587.0,2.062839544296176
836,MLP,0.522,587.0,2.062839544296176
1480,MLP,0.522,587.0,2.062839544296176
1824,MLP,0.522,587.0,2.062839544296176
1008,MLP,0.521,592.0,2.058887744402888
732,MLP,0.52,593.0,2.0549359445096007
2164,MLP,0.52,593.0,2.0549359445096007
2672,MLP,0.52,593.0,2.0549359445096007
488,MLP,0.519,596.0,2.050984144616313
183,MLP,0.518,597.0,2.047032344723025
831,MLP,0.517,598.0,2.0430805448297376
1663,MLP,0.516,599.0,2.0391287449364497
719,MLP,0.515,600.0,2.035176945043162
1233,MLP,0.515,600.0,2.035176945043162
1678,MLP,0.515,600.0,2.035176945043162
1775,MLP,0.515,600.0,2.035176945043162
1807,MLP,0.515,600.0,2.035176945043162
1869,MLP,0.515,600.0,2.035176945043162
2656,MLP,0.514,606.0,2.0312251451498744
728,MLP,0.513,607.0,2.0272733452565865
991,MLP,0.512,608.0,2.023321545363299
2367,MLP,0.512,608.0,2.023321545363299
2546,MLP,0.512,608.0,2.023321545363299
443,MLP,0.511,611.0,2.0193697454700112
1565,MLP,0.511,611.0,2.0193697454700112
1625,MLP,0.511,611.0,2.0193697454700112
1122,MLP,0.51,614.0,2.0154179455767234
1951,MLP,0.51,614.0,2.0154179455767234
173,MLP,0.509,616.0,2.011466145683436
212,MLP,0.509,616.0,2.011466145683436
2767,MLP,0.509,616.0,2.011466145683436
2576,MLP,0.508,619.0,2.007514345790148
159,MLP,0.507,620.0,2.0035625458968602
323,MLP,0.507,620.0,2.0035625458968602
656,MLP,0.507,620.0,2.0035625458968602
1651,MLP,0.507,620.0,2.0035625458968602
1669,MLP,0.507,620.0,2.0035625458968602
814,MLP,0.506,625.0,1.9996107460035728
1453,MLP,0.506,625.0,1.9996107460035728
1935,MLP,0.506,625.0,1.9996107460035728
2419,MLP,0.506,625.0,1.9996107460035728
2157,MLP,0.505,629.0,1.9956589461102852
2298,MLP,0.505,629.0,1.9956589461102852
2762,MLP,0.505,629.0,1.9956589461102852
2752,MLP,0.504,632.0,1.9917071462169973
104,MLP,0.503,633.0,1.9877553463237096
280,MLP,0.503,633.0,1.9877553463237096
1940,MLP,0.503,633.0,1.9877553463237096
321,MLP,0.501,636.0,1.9798517465371344
392,MLP,0.5,637.0,1.9758999466438465
917,MLP,0.499,638.0,1.9719481467505589
1184,MLP,0.499,638.0,1.9719481467505589
1662,MLP,0.499,638.0,1.9719481467505589
1954,MLP,0.499,638.0,1.9719481467505589
59,MLP,0.498,642.0,1.9679963468572712
566,MLP,0.498,642.0,1.9679963468572712
131,MLP,0.497,644.0,1.9640445469639836
424,MLP,0.497,644.0,1.9640445469639836
1125,MLP,0.497,644.0,1.9640445469639836
1315,MLP,0.497,644.0,1.9640445469639836
1445,MLP,0.497,644.0,1.9640445469639836
2490,MLP,0.497,644.0,1.9640445469639836
483,MLP,0.496,650.0,1.9600927470706957
1715,MLP,0.495,651.0,1.956140947177408
32,MLP,0.494,652.0,1.9521891472841204
1254,MLP,0.494,652.0,1.9521891472841204
1382,MLP,0.494,652.0,1.9521891472841204
569,MLP,0.493,655.0,1.9482373473908328
44,MLP,0.492,656.0,1.944285547497545
1648,MLP,0.492,656.0,1.944285547497545
2055,MLP,0.492,656.0,1.944285547497545
2665,MLP,0.492,656.0,1.944285547497545
133,MLP,0.491,660.0,1.9403337476042573
860,MLP,0.49,661.0,1.9363819477109696
1369,MLP,0.49,661.0,1.9363819477109696
2442,MLP,0.49,661.0,1.9363819477109696
2567,MLP,0.49,661.0,1.9363819477109696
1180,MLP,0.489,665.0,1.932430147817682
1522,MLP,0.489,665.0,1.932430147817682
1689,MLP,0.489,665.0,1.932430147817682
1808,MLP,0.489,665.0,1.932430147817682
316,MLP,0.488,669.0,1.9284783479243943
1183,MLP,0.488,669.0,1.9284783479243943
1888,MLP,0.488,669.0,1.9284783479243943
1938,MLP,0.488,669.0,1.9284783479243943
2644,MLP,0.488,669.0,1.9284783479243943
221,MLP,0.487,674.0,1.9245265480311065
222,MLP,0.487,674.0,1.9245265480311065
2299,MLP,0.487,674.0,1.9245265480311065
2638,MLP,0.487,674.0,1.9245265480311065
1575,MLP,0.486,678.0,1.9205747481378188
962,MLP,0.485,679.0,1.9166229482445312
1416,MLP,0.485,679.0,1.9166229482445312
1511,MLP,0.485,679.0,1.9166229482445312
1596,MLP,0.485,679.0,1.9166229482445312
1606,MLP,0.485,679.0,1.9166229482445312
2220,MLP,0.485,679.0,1.9166229482445312
2313,MLP,0.485,679.0,1.9166229482445312
495,MLP,0.484,686.0,1.9126711483512435
1140,MLP,0.484,686.0,1.9126711483512435
1473,MLP,0.484,686.0,1.9126711483512435
1543,MLP,0.484,686.0,1.9126711483512435
457,MLP,0.483,690.0,1.9087193484579557
2258,MLP,0.483,690.0,1.9087193484579557
1244,MLP,0.482,692.0,1.904767548564668
1390,MLP,0.482,692.0,1.904767548564668
2368,MLP,0.482,692.0,1.904767548564668
1968,MLP,0.481,695.0,1.9008157486713804
2347,MLP,0.481,695.0,1.9008157486713804
156,MLP,0.48,697.0,1.8968639487780927
776,MLP,0.48,697.0,1.8968639487780927
2564,MLP,0.48,697.0,1.8968639487780927
382,MLP,0.479,700.0,1.8929121488848049
876,MLP,0.479,700.0,1.8929121488848049
1304,MLP,0.479,700.0,1.8929121488848049
1337,MLP,0.479,700.0,1.8929121488848049
546,MLP,0.478,704.0,1.8889603489915172
2314,MLP,0.478,704.0,1.8889603489915172
2453,MLP,0.478,704.0,1.8889603489915172
2260,MLP,0.477,707.0,1.8850085490982296
2635,MLP,0.477,707.0,1.8850085490982296
496,MLP,0.476,709.0,1.881056749204942
937,MLP,0.476,709.0,1.881056749204942
1090,MLP,0.476,709.0,1.881056749204942
1224,MLP,0.476,709.0,1.881056749204942
1829,MLP,0.476,709.0,1.881056749204942
2118,MLP,0.476,709.0,1.881056749204942
1622,MLP,0.475,715.0,1.877104949311654
2710,MLP,0.475,715.0,1.877104949311654
387,MLP,0.474,717.0,1.8731531494183664
2359,MLP,0.474,717.0,1.8731531494183664
613,MLP,0.473,719.0,1.8692013495250788
1693,MLP,0.473,719.0,1.8692013495250788
548,MLP,0.472,721.0,1.8652495496317911
2250,MLP,0.472,721.0,1.8652495496317911
587,MLP,0.471,723.0,1.8612977497385033
729,MLP,0.471,723.0,1.8612977497385033
805,MLP,0.471,723.0,1.8612977497385033
873,MLP,0.471,723.0,1.8612977497385033
978,MLP,0.471,723.0,1.8612977497385033
1041,MLP,0.471,723.0,1.8612977497385033
1686,MLP,0.471,723.0,1.8612977497385033
2351,MLP,0.471,723.0,1.8612977497385033
600,MLP,0.47,731.0,1.8573459498452156
688,MLP,0.47,731.0,1.8573459498452156
1166,MLP,0.47,731.0,1.8573459498452156
1672,MLP,0.47,731.0,1.8573459498452156
1811,MLP,0.47,731.0,1.8573459498452156
2716,MLP,0.47,731.0,1.8573459498452156
411,MLP,0.469,737.0,1.853394149951928
901,MLP,0.469,737.0,1.853394149951928
1534,MLP,0.469,737.0,1.853394149951928
2338,MLP,0.469,737.0,1.853394149951928
2480,MLP,0.469,737.0,1.853394149951928
2746,MLP,0.469,737.0,1.853394149951928
110,MLP,0.468,743.0,1.8494423500586405
1472,MLP,0.468,743.0,1.8494423500586405
2684,MLP,0.468,743.0,1.8494423500586405
349,MLP,0.467,746.0,1.845490550165353
389,MLP,0.467,746.0,1.845490550165353
563,MLP,0.467,746.0,1.845490550165353
1109,MLP,0.467,746.0,1.845490550165353
1115,MLP,0.467,746.0,1.845490550165353
1163,MLP,0.466,751.0,1.841538750272065
2673,MLP,0.466,751.0,1.841538750272065
1995,MLP,0.465,753.0,1.8375869503787774
2495,MLP,0.465,753.0,1.8375869503787774
960,MLP,0.464,755.0,1.8336351504854898
2256,MLP,0.464,755.0,1.8336351504854898
1263,MLP,0.463,757.0,1.829683350592202
2023,MLP,0.463,757.0,1.829683350592202
2585,MLP,0.463,757.0,1.829683350592202
2634,MLP,0.463,757.0,1.829683350592202
891,MLP,0.462,761.0,1.8257315506989142
188,MLP,0.461,762.0,1.8217797508056266
1383,MLP,0.461,762.0,1.8217797508056266
2238,MLP,0.461,762.0,1.8217797508056266
2607,MLP,0.461,762.0,1.8217797508056266
533,MLP,0.46,766.0,1.817827950912339
2057,MLP,0.459,767.0,1.8138761510190513
314,MLP,0.458,768.0,1.8099243511257634
474,MLP,0.458,768.0,1.8099243511257634
523,MLP,0.458,768.0,1.8099243511257634
961,MLP,0.458,768.0,1.8099243511257634
1725,MLP,0.458,768.0,1.8099243511257634
1794,MLP,0.458,768.0,1.8099243511257634
2333,MLP,0.458,768.0,1.8099243511257634
65,MLP,0.457,775.0,1.8059725512324758
404,MLP,0.457,775.0,1.8059725512324758
468,MLP,0.457,775.0,1.8059725512324758
2204,MLP,0.457,775.0,1.8059725512324758
2611,MLP,0.457,775.0,1.8059725512324758
2723,MLP,0.457,775.0,1.8059725512324758
2200,MLP,0.456,781.0,1.8020207513391882
2695,MLP,0.456,781.0,1.8020207513391882
2132,MLP,0.455,783.0,1.7980689514459005
7,MLP,0.453,784.0,1.790165351659325
612,MLP,0.453,784.0,1.790165351659325
968,MLP,0.453,784.0,1.790165351659325
1349,MLP,0.453,784.0,1.790165351659325
1932,MLP,0.453,784.0,1.790165351659325
2178,MLP,0.453,784.0,1.790165351659325
2277,MLP,0.453,784.0,1.790165351659325
228,MLP,0.452,791.0,1.7862135517660374
1221,MLP,0.452,791.0,1.7862135517660374
1482,MLP,0.452,791.0,1.7862135517660374
2484,MLP,0.452,791.0,1.7862135517660374
2610,MLP,0.452,791.0,1.7862135517660374
2739,MLP,0.452,791.0,1.7862135517660374
137,MLP,0.451,797.0,1.7822617518727497
2173,MLP,0.451,797.0,1.7822617518727497
367,MLP,0.45,799.0,1.778309951979462
1583,MLP,0.45,799.0,1.778309951979462
192,MLP,0.449,801.0,1.7743581520861742
423,MLP,0.449,801.0,1.7743581520861742
782,MLP,0.449,801.0,1.7743581520861742
1001,MLP,0.449,801.0,1.7743581520861742
1657,MLP,0.449,801.0,1.7743581520861742
2293,MLP,0.449,801.0,1.7743581520861742
2408,MLP,0.449,801.0,1.7743581520861742
509,MLP,0.448,808.0,1.7704063521928866
1716,MLP,0.448,808.0,1.7704063521928866
2496,MLP,0.448,808.0,1.7704063521928866
420,MLP,0.447,811.0,1.766454552299599
609,MLP,0.447,811.0,1.766454552299599
721,MLP,0.447,811.0,1.766454552299599
1286,MLP,0.447,811.0,1.766454552299599
1343,MLP,0.447,811.0,1.766454552299599
1670,MLP,0.447,811.0,1.766454552299599
292,MLP,0.446,817.0,1.7625027524063113
902,MLP,0.446,817.0,1.7625027524063113
1199,MLP,0.446,817.0,1.7625027524063113
1604,MLP,0.446,817.0,1.7625027524063113
1711,MLP,0.446,817.0,1.7625027524063113
1568,MLP,0.445,822.0,1.7585509525130234
1756,MLP,0.445,822.0,1.7585509525130234
2756,MLP,0.445,822.0,1.7585509525130234
1020,MLP,0.444,825.0,1.7545991526197358
1391,MLP,0.444,825.0,1.7545991526197358
1475,MLP,0.444,825.0,1.7545991526197358
1772,MLP,0.444,825.0,1.7545991526197358
2186,MLP,0.444,825.0,1.7545991526197358
2232,MLP,0.444,825.0,1.7545991526197358
2506,MLP,0.444,825.0,1.7545991526197358
2514,MLP,0.444,825.0,1.7545991526197358
952,MLP,0.443,833.0,1.7506473527264481
2080,MLP,0.443,833.0,1.7506473527264481
823,MLP,0.442,835.0,1.7466955528331605
863,MLP,0.442,835.0,1.7466955528331605
1229,MLP,0.442,835.0,1.7466955528331605
1258,MLP,0.442,835.0,1.7466955528331605
1439,MLP,0.442,835.0,1.7466955528331605
1035,MLP,0.441,840.0,1.7427437529398726
1650,MLP,0.441,840.0,1.7427437529398726
2269,MLP,0.441,840.0,1.7427437529398726
950,MLP,0.44,843.0,1.738791953046585
1106,MLP,0.44,843.0,1.738791953046585
1695,MLP,0.44,843.0,1.738791953046585
2467,MLP,0.44,843.0,1.738791953046585
2674,MLP,0.44,843.0,1.738791953046585
22,MLP,0.439,848.0,1.7348401531532973
649,MLP,0.439,848.0,1.7348401531532973
905,MLP,0.439,848.0,1.7348401531532973
980,MLP,0.439,848.0,1.7348401531532973
1316,MLP,0.439,848.0,1.7348401531532973
34,MLP,0.438,853.0,1.7308883532600097
769,MLP,0.438,853.0,1.7308883532600097
911,MLP,0.438,853.0,1.7308883532600097
2742,MLP,0.438,853.0,1.7308883532600097
530,MLP,0.437,857.0,1.7269365533667218
596,MLP,0.437,857.0,1.7269365533667218
812,MLP,0.437,857.0,1.7269365533667218
865,MLP,0.437,857.0,1.7269365533667218
1098,MLP,0.437,857.0,1.7269365533667218
1551,MLP,0.437,857.0,1.7269365533667218
1819,MLP,0.437,857.0,1.7269365533667218
1846,MLP,0.437,857.0,1.7269365533667218
1986,MLP,0.437,857.0,1.7269365533667218
2091,MLP,0.437,857.0,1.7269365533667218
2241,MLP,0.437,857.0,1.7269365533667218
2388,MLP,0.437,857.0,1.7269365533667218
694,MLP,0.436,869.0,1.7229847534734342
890,MLP,0.436,869.0,1.7229847534734342
1189,MLP,0.436,869.0,1.7229847534734342
1980,MLP,0.436,869.0,1.7229847534734342
2627,MLP,0.436,869.0,1.7229847534734342
2714,MLP,0.436,869.0,1.7229847534734342
81,MLP,0.435,875.0,1.7190329535801465
344,MLP,0.435,875.0,1.7190329535801465
602,MLP,0.435,875.0,1.7190329535801465
1872,MLP,0.435,875.0,1.7190329535801465
847,MLP,0.434,879.0,1.7150811536868589
1267,MLP,0.434,879.0,1.7150811536868589
532,MLP,0.433,881.0,1.711129353793571
2717,MLP,0.433,881.0,1.711129353793571
64,MLP,0.432,883.0,1.7071775539002834
944,MLP,0.432,883.0,1.7071775539002834
1929,MLP,0.432,883.0,1.7071775539002834
2163,MLP,0.432,883.0,1.7071775539002834
2657,MLP,0.432,883.0,1.7071775539002834
734,MLP,0.431,888.0,1.7032257540069957
1045,MLP,0.431,888.0,1.7032257540069957
1150,MLP,0.431,888.0,1.7032257540069957
2112,MLP,0.431,888.0,1.7032257540069957
376,MLP,0.43,892.0,1.699273954113708
646,MLP,0.43,892.0,1.699273954113708
1353,MLP,0.43,892.0,1.699273954113708
1513,MLP,0.43,892.0,1.699273954113708
1594,MLP,0.43,892.0,1.699273954113708
1933,MLP,0.43,892.0,1.699273954113708
2128,MLP,0.43,892.0,1.699273954113708
43,MLP,0.429,899.0,1.6953221542204204
259,MLP,0.429,899.0,1.6953221542204204
391,MLP,0.429,899.0,1.6953221542204204
717,MLP,0.429,899.0,1.6953221542204204
914,MLP,0.429,899.0,1.6953221542204204
1246,MLP,0.429,899.0,1.6953221542204204
1537,MLP,0.429,899.0,1.6953221542204204
1646,MLP,0.429,899.0,1.6953221542204204
1845,MLP,0.429,899.0,1.6953221542204204
2372,MLP,0.429,899.0,1.6953221542204204
301,MLP,0.428,909.0,1.6913703543271326
469,MLP,0.428,909.0,1.6913703543271326
502,MLP,0.428,909.0,1.6913703543271326
1270,MLP,0.428,909.0,1.6913703543271326
1384,MLP,0.428,909.0,1.6913703543271326
2156,MLP,0.428,909.0,1.6913703543271326
2481,MLP,0.428,909.0,1.6913703543271326
695,MLP,0.427,916.0,1.687418554433845
752,MLP,0.427,916.0,1.687418554433845
851,MLP,0.427,916.0,1.687418554433845
1862,MLP,0.427,916.0,1.687418554433845
265,MLP,0.426,920.0,1.6834667545405573
592,MLP,0.426,920.0,1.6834667545405573
942,MLP,0.426,920.0,1.6834667545405573
1329,MLP,0.426,920.0,1.6834667545405573
130,MLP,0.425,924.0,1.6795149546472696
210,MLP,0.425,924.0,1.6795149546472696
1863,MLP,0.425,924.0,1.6795149546472696
2221,MLP,0.425,924.0,1.6795149546472696
24,MLP,0.424,928.0,1.6755631547539818
2464,MLP,0.424,928.0,1.6755631547539818
412,MLP,0.423,930.0,1.6716113548606941
603,MLP,0.423,930.0,1.6716113548606941
55,MLP,0.422,932.0,1.6676595549674065
668,MLP,0.422,932.0,1.6676595549674065
957,MLP,0.422,932.0,1.6676595549674065
1236,MLP,0.422,932.0,1.6676595549674065
2034,MLP,0.422,932.0,1.6676595549674065
2722,MLP,0.422,932.0,1.6676595549674065
1733,MLP,0.421,938.0,1.6637077550741188
1797,MLP,0.421,938.0,1.6637077550741188
1939,MLP,0.421,938.0,1.6637077550741188
1969,MLP,0.421,938.0,1.6637077550741188
2598,MLP,0.421,938.0,1.6637077550741188
126,MLP,0.42,943.0,1.659755955180831
1404,MLP,0.42,943.0,1.659755955180831
1608,MLP,0.42,943.0,1.659755955180831
770,MLP,0.419,946.0,1.6558041552875433
772,MLP,0.419,946.0,1.6558041552875433
1200,MLP,0.419,946.0,1.6558041552875433
1226,MLP,0.419,946.0,1.6558041552875433
1770,MLP,0.419,946.0,1.6558041552875433
157,MLP,0.418,951.0,1.6518523553942557
733,MLP,0.418,951.0,1.6518523553942557
1021,MLP,0.418,951.0,1.6518523553942557
1415,MLP,0.418,951.0,1.6518523553942557
1579,MLP,0.418,951.0,1.6518523553942557
1048,MLP,0.417,956.0,1.647900555500968
1517,MLP,0.417,956.0,1.647900555500968
1855,MLP,0.417,956.0,1.647900555500968
2276,MLP,0.417,956.0,1.647900555500968
547,MLP,0.416,960.0,1.6439487556076802
409,MLP,0.415,961.0,1.6399969557143925
749,MLP,0.415,961.0,1.6399969557143925
1026,MLP,0.415,961.0,1.6399969557143925
1100,MLP,0.415,961.0,1.6399969557143925
1755,MLP,0.415,961.0,1.6399969557143925
1818,MLP,0.415,961.0,1.6399969557143925
2203,MLP,0.415,961.0,1.6399969557143925
46,MLP,0.414,968.0,1.6360451558211049
588,MLP,0.414,968.0,1.6360451558211049
1119,MLP,0.414,968.0,1.6360451558211049
1788,MLP,0.414,968.0,1.6360451558211049
2105,MLP,0.414,968.0,1.6360451558211049
2568,MLP,0.414,968.0,1.6360451558211049
1039,MLP,0.413,974.0,1.6320933559278172
513,MLP,0.412,975.0,1.6281415560345296
619,MLP,0.412,975.0,1.6281415560345296
722,MLP,0.412,975.0,1.6281415560345296
2523,MLP,0.412,975.0,1.6281415560345296
2588,MLP,0.412,975.0,1.6281415560345296
2636,MLP,0.412,975.0,1.6281415560345296
199,MLP,0.411,981.0,1.6241897561412417
403,MLP,0.411,981.0,1.6241897561412417
967,MLP,0.411,981.0,1.6241897561412417
1347,MLP,0.411,981.0,1.6241897561412417
180,MLP,0.41,985.0,1.620237956247954
1007,MLP,0.41,985.0,1.620237956247954
2185,MLP,0.41,985.0,1.620237956247954
2400,MLP,0.41,985.0,1.620237956247954
2737,MLP,0.41,985.0,1.620237956247954
705,MLP,0.409,990.0,1.6162861563546664
909,MLP,0.409,990.0,1.6162861563546664
1780,MLP,0.409,990.0,1.6162861563546664
1998,MLP,0.409,990.0,1.6162861563546664
2291,MLP,0.409,990.0,1.6162861563546664
654,MLP,0.408,995.0,1.6123343564613788
988,MLP,0.408,995.0,1.6123343564613788
2019,MLP,0.407,997.0,1.608382556568091
350,MLP,0.406,998.0,1.6044307566748035
426,MLP,0.406,998.0,1.6044307566748035
708,MLP,0.406,998.0,1.6044307566748035
1297,MLP,0.406,998.0,1.6044307566748035
1699,MLP,0.406,998.0,1.6044307566748035
184,MLP,0.405,1003.0,1.6004789567815159
326,MLP,0.405,1003.0,1.6004789567815159
1171,MLP,0.405,1003.0,1.6004789567815159
2735,MLP,0.405,1003.0,1.6004789567815159
414,MLP,0.404,1007.0,1.5965271568882282
630,MLP,0.404,1007.0,1.5965271568882282
1787,MLP,0.404,1007.0,1.5965271568882282
2361,MLP,0.404,1007.0,1.5965271568882282
2532,MLP,0.404,1007.0,1.5965271568882282
2662,MLP,0.404,1007.0,1.5965271568882282
574,MLP,0.403,1013.0,1.5925753569949403
1776,MLP,0.403,1013.0,1.5925753569949403
1943,MLP,0.403,1013.0,1.5925753569949403
438,MLP,0.402,1016.0,1.5886235571016527
2053,MLP,0.402,1016.0,1.5886235571016527
101,MLP,0.401,1018.0,1.584671757208365
1626,MLP,0.401,1018.0,1.584671757208365
1806,MLP,0.401,1018.0,1.584671757208365
2252,MLP,0.401,1018.0,1.584671757208365
2391,MLP,0.401,1018.0,1.584671757208365
1621,MLP,0.4,1023.0,1.5807199573150774
2354,MLP,0.4,1023.0,1.5807199573150774
340,MLP,0.399,1025.0,1.5767681574217896
1443,MLP,0.399,1025.0,1.5767681574217896
2097,MLP,0.399,1025.0,1.5767681574217896
2405,MLP,0.399,1025.0,1.5767681574217896
373,MLP,0.398,1029.0,1.572816357528502
482,MLP,0.398,1029.0,1.572816357528502
2162,MLP,0.398,1029.0,1.572816357528502
2279,MLP,0.398,1029.0,1.572816357528502
335,MLP,0.397,1033.0,1.5688645576352143
399,MLP,0.397,1033.0,1.5688645576352143
743,MLP,0.397,1033.0,1.5688645576352143
2504,MLP,0.397,1033.0,1.5688645576352143
516,MLP,0.396,1037.0,1.5649127577419266
625,MLP,0.396,1037.0,1.5649127577419266
976,MLP,0.396,1037.0,1.5649127577419266
1279,MLP,0.396,1037.0,1.5649127577419266
289,MLP,0.395,1041.0,1.5609609578486388
430,MLP,0.395,1041.0,1.5609609578486388
622,MLP,0.395,1041.0,1.5609609578486388
1408,MLP,0.395,1041.0,1.5609609578486388
1860,MLP,0.395,1041.0,1.5609609578486388
2014,MLP,0.395,1041.0,1.5609609578486388
849,MLP,0.394,1047.0,1.557009157955351
1499,MLP,0.394,1047.0,1.557009157955351
2001,MLP,0.394,1047.0,1.557009157955351
2462,MLP,0.394,1047.0,1.557009157955351
2531,MLP,0.394,1047.0,1.557009157955351
245,MLP,0.393,1052.0,1.5530573580620635
501,MLP,0.393,1052.0,1.5530573580620635
2096,MLP,0.393,1052.0,1.5530573580620635
1281,MLP,0.392,1055.0,1.5491055581687758
1308,MLP,0.392,1055.0,1.5491055581687758
1997,MLP,0.392,1055.0,1.5491055581687758
2390,MLP,0.392,1055.0,1.5491055581687758
162,MLP,0.391,1059.0,1.5451537582754882
204,MLP,0.391,1059.0,1.5451537582754882
2168,MLP,0.391,1059.0,1.5451537582754882
735,MLP,0.39,1062.0,1.5412019583822003
1266,MLP,0.39,1062.0,1.5412019583822003
1422,MLP,0.39,1062.0,1.5412019583822003
1891,MLP,0.39,1062.0,1.5412019583822003
521,MLP,0.389,1066.0,1.5372501584889127
671,MLP,0.389,1066.0,1.5372501584889127
845,MLP,0.389,1066.0,1.5372501584889127
966,MLP,0.389,1066.0,1.5372501584889127
2115,MLP,0.389,1066.0,1.5372501584889127
2332,MLP,0.389,1066.0,1.5372501584889127
76,MLP,0.388,1072.0,1.533298358595625
730,MLP,0.388,1072.0,1.533298358595625
1248,MLP,0.388,1072.0,1.533298358595625
1858,MLP,0.388,1072.0,1.533298358595625
2212,MLP,0.388,1072.0,1.533298358595625
2226,MLP,0.388,1072.0,1.533298358595625
2251,MLP,0.388,1072.0,1.533298358595625
2616,MLP,0.388,1072.0,1.533298358595625
247,MLP,0.387,1080.0,1.5293465587023374
286,MLP,0.387,1080.0,1.5293465587023374
1708,MLP,0.387,1080.0,1.5293465587023374
2254,MLP,0.387,1080.0,1.5293465587023374
640,MLP,0.386,1084.0,1.5253947588090495
800,MLP,0.386,1084.0,1.5253947588090495
1078,MLP,0.386,1084.0,1.5253947588090495
1170,MLP,0.386,1084.0,1.5253947588090495
1682,MLP,0.386,1084.0,1.5253947588090495
2471,MLP,0.386,1084.0,1.5253947588090495
90,MLP,0.385,1090.0,1.5214429589157619
506,MLP,0.385,1090.0,1.5214429589157619
833,MLP,0.385,1090.0,1.5214429589157619
888,MLP,0.385,1090.0,1.5214429589157619
1302,MLP,0.385,1090.0,1.5214429589157619
1971,MLP,0.385,1090.0,1.5214429589157619
2381,MLP,0.385,1090.0,1.5214429589157619
2727,MLP,0.385,1090.0,1.5214429589157619
357,MLP,0.384,1098.0,1.5174911590224742
418,MLP,0.384,1098.0,1.5174911590224742
478,MLP,0.384,1098.0,1.5174911590224742
745,MLP,0.384,1098.0,1.5174911590224742
798,MLP,0.384,1098.0,1.5174911590224742
1877,MLP,0.384,1098.0,1.5174911590224742
2330,MLP,0.384,1098.0,1.5174911590224742
250,MLP,0.383,1105.0,1.5135393591291866
471,MLP,0.383,1105.0,1.5135393591291866
869,MLP,0.383,1105.0,1.5135393591291866
886,MLP,0.383,1105.0,1.5135393591291866
1685,MLP,0.383,1105.0,1.5135393591291866
2104,MLP,0.383,1105.0,1.5135393591291866
303,MLP,0.382,1111.0,1.5095875592358987
918,MLP,0.382,1111.0,1.5095875592358987
1728,MLP,0.382,1111.0,1.5095875592358987
1834,MLP,0.382,1111.0,1.5095875592358987
2073,MLP,0.382,1111.0,1.5095875592358987
2133,MLP,0.382,1111.0,1.5095875592358987
2327,MLP,0.382,1111.0,1.5095875592358987
1739,MLP,0.381,1118.0,1.505635759342611
2683,MLP,0.381,1118.0,1.505635759342611
441,MLP,0.38,1120.0,1.5016839594493234
892,MLP,0.38,1120.0,1.5016839594493234
2488,MLP,0.38,1120.0,1.5016839594493234
2676,MLP,0.38,1120.0,1.5016839594493234
27,MLP,0.379,1124.0,1.4977321595560358
562,MLP,0.379,1124.0,1.4977321595560358
1738,MLP,0.379,1124.0,1.4977321595560358
1803,MLP,0.379,1124.0,1.4977321595560358
2444,MLP,0.379,1124.0,1.4977321595560358
786,MLP,0.377,1129.0,1.4898285597694603
822,MLP,0.377,1129.0,1.4898285597694603
1141,MLP,0.377,1129.0,1.4898285597694603
1219,MLP,0.377,1129.0,1.4898285597694603
1524,MLP,0.377,1129.0,1.4898285597694603
2044,MLP,0.377,1129.0,1.4898285597694603
2175,MLP,0.377,1129.0,1.4898285597694603
97,MLP,0.376,1136.0,1.4858767598761726
1976,MLP,0.376,1136.0,1.4858767598761726
2119,MLP,0.376,1136.0,1.4858767598761726
26,MLP,0.375,1139.0,1.481924959982885
1111,MLP,0.375,1139.0,1.481924959982885
1744,MLP,0.375,1139.0,1.481924959982885
1768,MLP,0.375,1139.0,1.481924959982885
2078,MLP,0.375,1139.0,1.481924959982885
2122,MLP,0.375,1139.0,1.481924959982885
2136,MLP,0.375,1139.0,1.481924959982885
710,MLP,0.374,1146.0,1.4779731600895973
1486,MLP,0.374,1146.0,1.4779731600895973
2218,MLP,0.374,1146.0,1.4779731600895973
2766,MLP,0.374,1146.0,1.4779731600895973
1380,MLP,0.373,1150.0,1.4740213601963095
2282,MLP,0.373,1150.0,1.4740213601963095
481,MLP,0.372,1152.0,1.4700695603030218
616,MLP,0.372,1152.0,1.4700695603030218
759,MLP,0.372,1152.0,1.4700695603030218
1032,MLP,0.372,1152.0,1.4700695603030218
1394,MLP,0.372,1152.0,1.4700695603030218
1500,MLP,0.372,1152.0,1.4700695603030218
379,MLP,0.371,1158.0,1.4661177604097342
1108,MLP,0.371,1158.0,1.4661177604097342
1397,MLP,0.371,1158.0,1.4661177604097342
2286,MLP,0.371,1158.0,1.4661177604097342
257,MLP,0.37,1162.0,1.4621659605164465
258,MLP,0.37,1162.0,1.4621659605164465
445,MLP,0.37,1162.0,1.4621659605164465
611,MLP,0.37,1162.0,1.4621659605164465
862,MLP,0.37,1162.0,1.4621659605164465
1148,MLP,0.37,1162.0,1.4621659605164465
1599,MLP,0.37,1162.0,1.4621659605164465
1640,MLP,0.37,1162.0,1.4621659605164465
1761,MLP,0.37,1162.0,1.4621659605164465
1798,MLP,0.37,1162.0,1.4621659605164465
2074,MLP,0.37,1162.0,1.4621659605164465
196,MLP,0.369,1173.0,1.4582141606231587
271,MLP,0.369,1173.0,1.4582141606231587
784,MLP,0.369,1173.0,1.4582141606231587
2582,MLP,0.369,1173.0,1.4582141606231587
256,MLP,0.368,1177.0,1.454262360729871
435,MLP,0.368,1177.0,1.454262360729871
1290,MLP,0.368,1177.0,1.454262360729871
1609,MLP,0.368,1177.0,1.454262360729871
1653,MLP,0.368,1177.0,1.454262360729871
2240,MLP,0.368,1177.0,1.454262360729871
2415,MLP,0.368,1177.0,1.454262360729871
8,MLP,0.367,1184.0,1.4503105608365834
125,MLP,0.367,1184.0,1.4503105608365834
536,MLP,0.367,1184.0,1.4503105608365834
681,MLP,0.367,1184.0,1.4503105608365834
827,MLP,0.367,1184.0,1.4503105608365834
2114,MLP,0.367,1184.0,1.4503105608365834
2216,MLP,0.367,1184.0,1.4503105608365834
2773,MLP,0.367,1184.0,1.4503105608365834
99,MLP,0.366,1192.0,1.4463587609432957
345,MLP,0.366,1192.0,1.4463587609432957
741,MLP,0.366,1192.0,1.4463587609432957
1017,MLP,0.366,1192.0,1.4463587609432957
1182,MLP,0.366,1192.0,1.4463587609432957
1615,MLP,0.366,1192.0,1.4463587609432957
1952,MLP,0.366,1192.0,1.4463587609432957
2131,MLP,0.366,1192.0,1.4463587609432957
2140,MLP,0.366,1192.0,1.4463587609432957
2713,MLP,0.366,1192.0,1.4463587609432957
354,MLP,0.365,1202.0,1.4424069610500079
684,MLP,0.365,1202.0,1.4424069610500079
1721,MLP,0.365,1202.0,1.4424069610500079
1789,MLP,0.365,1202.0,1.4424069610500079
1955,MLP,0.365,1202.0,1.4424069610500079
124,MLP,0.364,1207.0,1.4384551611567202
396,MLP,0.364,1207.0,1.4384551611567202
675,MLP,0.364,1207.0,1.4384551611567202
835,MLP,0.364,1207.0,1.4384551611567202
1545,MLP,0.364,1207.0,1.4384551611567202
1613,MLP,0.364,1207.0,1.4384551611567202
2622,MLP,0.364,1207.0,1.4384551611567202
364,MLP,0.363,1214.0,1.4345033612634326
628,MLP,0.363,1214.0,1.4345033612634326
690,MLP,0.363,1214.0,1.4345033612634326
790,MLP,0.363,1214.0,1.4345033612634326
2334,MLP,0.363,1214.0,1.4345033612634326
45,MLP,0.362,1219.0,1.430551561370145
855,MLP,0.362,1219.0,1.430551561370145
1160,MLP,0.362,1219.0,1.430551561370145
1544,MLP,0.362,1219.0,1.430551561370145
1948,MLP,0.362,1219.0,1.430551561370145
2642,MLP,0.362,1219.0,1.430551561370145
2643,MLP,0.362,1219.0,1.430551561370145
1342,MLP,0.361,1226.0,1.426599761476857
1710,MLP,0.361,1226.0,1.426599761476857
1736,MLP,0.361,1226.0,1.426599761476857
449,MLP,0.36,1229.0,1.4226479615835694
1194,MLP,0.36,1229.0,1.4226479615835694
1323,MLP,0.36,1229.0,1.4226479615835694
2670,MLP,0.36,1229.0,1.4226479615835694
41,MLP,0.359,1233.0,1.4186961616902818
283,MLP,0.359,1233.0,1.4186961616902818
739,MLP,0.359,1233.0,1.4186961616902818
1546,MLP,0.359,1233.0,1.4186961616902818
1691,MLP,0.359,1233.0,1.4186961616902818
2682,MLP,0.359,1233.0,1.4186961616902818
17,MLP,0.358,1239.0,1.4147443617969941
676,MLP,0.358,1239.0,1.4147443617969941
713,MLP,0.358,1239.0,1.4147443617969941
943,MLP,0.358,1239.0,1.4147443617969941
1120,MLP,0.358,1239.0,1.4147443617969941
1222,MLP,0.358,1239.0,1.4147443617969941
1592,MLP,0.358,1239.0,1.4147443617969941
1629,MLP,0.358,1239.0,1.4147443617969941
1959,MLP,0.358,1239.0,1.4147443617969941
2020,MLP,0.358,1239.0,1.4147443617969941
2151,MLP,0.358,1239.0,1.4147443617969941
2233,MLP,0.358,1239.0,1.4147443617969941
2412,MLP,0.358,1239.0,1.4147443617969941
464,MLP,0.357,1252.0,1.4107925619037063
1253,MLP,0.357,1252.0,1.4107925619037063
1873,MLP,0.357,1252.0,1.4107925619037063
1966,MLP,0.357,1252.0,1.4107925619037063
2000,MLP,0.357,1252.0,1.4107925619037063
2065,MLP,0.357,1252.0,1.4107925619037063
2573,MLP,0.357,1252.0,1.4107925619037063
29,MLP,0.356,1259.0,1.4068407620104186
493,MLP,0.356,1259.0,1.4068407620104186
605,MLP,0.356,1259.0,1.4068407620104186
794,MLP,0.356,1259.0,1.4068407620104186
1591,MLP,0.356,1259.0,1.4068407620104186
2326,MLP,0.356,1259.0,1.4068407620104186
989,MLP,0.355,1265.0,1.402888962117131
1055,MLP,0.355,1265.0,1.402888962117131
1839,MLP,0.355,1265.0,1.402888962117131
1921,MLP,0.355,1265.0,1.402888962117131
1926,MLP,0.355,1265.0,1.402888962117131
2755,MLP,0.355,1265.0,1.402888962117131
2759,MLP,0.355,1265.0,1.402888962117131
164,MLP,0.354,1272.0,1.3989371622238433
590,MLP,0.354,1272.0,1.3989371622238433
610,MLP,0.354,1272.0,1.3989371622238433
1367,MLP,0.354,1272.0,1.3989371622238433
1510,MLP,0.354,1272.0,1.3989371622238433
1956,MLP,0.354,1272.0,1.3989371622238433
2108,MLP,0.354,1272.0,1.3989371622238433
2697,MLP,0.354,1272.0,1.3989371622238433
1059,MLP,0.353,1280.0,1.3949853623305557
1306,MLP,0.353,1280.0,1.3949853623305557
1659,MLP,0.353,1280.0,1.3949853623305557
2045,MLP,0.353,1280.0,1.3949853623305557
2294,MLP,0.353,1280.0,1.3949853623305557
455,MLP,0.352,1285.0,1.3910335624372678
608,MLP,0.352,1285.0,1.3910335624372678
755,MLP,0.352,1285.0,1.3910335624372678
1097,MLP,0.352,1285.0,1.3910335624372678
1937,MLP,0.352,1285.0,1.3910335624372678
2454,MLP,0.352,1285.0,1.3910335624372678
2597,MLP,0.352,1285.0,1.3910335624372678
91,MLP,0.351,1292.0,1.3870817625439802
175,MLP,0.351,1292.0,1.3870817625439802
594,MLP,0.351,1292.0,1.3870817625439802
669,MLP,0.351,1292.0,1.3870817625439802
795,MLP,0.351,1292.0,1.3870817625439802
799,MLP,0.351,1292.0,1.3870817625439802
803,MLP,0.351,1292.0,1.3870817625439802
1188,MLP,0.351,1292.0,1.3870817625439802
1240,MLP,0.351,1292.0,1.3870817625439802
2528,MLP,0.351,1292.0,1.3870817625439802
633,MLP,0.35,1302.0,1.3831299626506925
897,MLP,0.35,1302.0,1.3831299626506925
1051,MLP,0.35,1302.0,1.3831299626506925
1261,MLP,0.35,1302.0,1.3831299626506925
1489,MLP,0.35,1302.0,1.3831299626506925
1705,MLP,0.35,1302.0,1.3831299626506925
1712,MLP,0.35,1302.0,1.3831299626506925
2028,MLP,0.35,1302.0,1.3831299626506925
2222,MLP,0.35,1302.0,1.3831299626506925
2403,MLP,0.35,1302.0,1.3831299626506925
2655,MLP,0.35,1302.0,1.3831299626506925
2661,MLP,0.35,1302.0,1.3831299626506925
2699,MLP,0.35,1302.0,1.3831299626506925
575,MLP,0.349,1315.0,1.379178162757405
706,MLP,0.349,1315.0,1.379178162757405
1388,MLP,0.349,1315.0,1.379178162757405
2242,MLP,0.349,1315.0,1.379178162757405
2491,MLP,0.349,1315.0,1.379178162757405
179,MLP,0.348,1320.0,1.375226362864117
832,MLP,0.348,1320.0,1.375226362864117
1053,MLP,0.348,1320.0,1.375226362864117
1440,MLP,0.348,1320.0,1.375226362864117
2264,MLP,0.348,1320.0,1.375226362864117
883,MLP,0.347,1325.0,1.3712745629708294
1491,MLP,0.347,1325.0,1.3712745629708294
1946,MLP,0.347,1325.0,1.3712745629708294
1981,MLP,0.347,1325.0,1.3712745629708294
1993,MLP,0.347,1325.0,1.3712745629708294
330,MLP,0.346,1330.0,1.3673227630775417
432,MLP,0.346,1330.0,1.3673227630775417
1378,MLP,0.346,1330.0,1.3673227630775417
1762,MLP,0.346,1330.0,1.3673227630775417
1875,MLP,0.346,1330.0,1.3673227630775417
2039,MLP,0.346,1330.0,1.3673227630775417
2522,MLP,0.346,1330.0,1.3673227630775417
1047,MLP,0.345,1337.0,1.363370963184254
1288,MLP,0.345,1337.0,1.363370963184254
1407,MLP,0.345,1337.0,1.363370963184254
1802,MLP,0.345,1337.0,1.363370963184254
1942,MLP,0.345,1337.0,1.363370963184254
2246,MLP,0.345,1337.0,1.363370963184254
2435,MLP,0.345,1337.0,1.363370963184254
2615,MLP,0.345,1337.0,1.363370963184254
2691,MLP,0.345,1337.0,1.363370963184254
2718,MLP,0.345,1337.0,1.363370963184254
169,MLP,0.344,1347.0,1.3594191632909662
333,MLP,0.344,1347.0,1.3594191632909662
555,MLP,0.344,1347.0,1.3594191632909662
718,MLP,0.344,1347.0,1.3594191632909662
1352,MLP,0.344,1347.0,1.3594191632909662
1694,MLP,0.344,1347.0,1.3594191632909662
2033,MLP,0.344,1347.0,1.3594191632909662
2245,MLP,0.344,1347.0,1.3594191632909662
275,MLP,0.343,1355.0,1.3554673633976788
898,MLP,0.343,1355.0,1.3554673633976788
1044,MLP,0.343,1355.0,1.3554673633976788
1164,MLP,0.343,1355.0,1.3554673633976788
1562,MLP,0.343,1355.0,1.3554673633976788
1753,MLP,0.343,1355.0,1.3554673633976788
1805,MLP,0.343,1355.0,1.3554673633976788
2060,MLP,0.343,1355.0,1.3554673633976788
2147,MLP,0.343,1355.0,1.3554673633976788
2278,MLP,0.343,1355.0,1.3554673633976788
2595,MLP,0.343,1355.0,1.3554673633976788
2749,MLP,0.343,1355.0,1.3554673633976788
348,MLP,0.342,1367.0,1.3515155635043912
565,MLP,0.342,1367.0,1.3515155635043912
954,MLP,0.342,1367.0,1.3515155635043912
1214,MLP,0.342,1367.0,1.3515155635043912
1589,MLP,0.342,1367.0,1.3515155635043912
1618,MLP,0.342,1367.0,1.3515155635043912
1720,MLP,0.342,1367.0,1.3515155635043912
1782,MLP,0.342,1367.0,1.3515155635043912
1867,MLP,0.342,1367.0,1.3515155635043912
1962,MLP,0.342,1367.0,1.3515155635043912
2229,MLP,0.342,1367.0,1.3515155635043912
319,MLP,0.341,1378.0,1.3475637636111035
450,MLP,0.341,1378.0,1.3475637636111035
1533,MLP,0.341,1378.0,1.3475637636111035
2135,MLP,0.341,1378.0,1.3475637636111035
2262,MLP,0.341,1378.0,1.3475637636111035
2494,MLP,0.341,1378.0,1.3475637636111035
2769,MLP,0.341,1378.0,1.3475637636111035
141,MLP,0.34,1385.0,1.3436119637178157
973,MLP,0.34,1385.0,1.3436119637178157
1082,MLP,0.34,1385.0,1.3436119637178157
1268,MLP,0.34,1385.0,1.3436119637178157
1467,MLP,0.34,1385.0,1.3436119637178157
1890,MLP,0.34,1385.0,1.3436119637178157
583,MLP,0.339,1391.0,1.339660163824528
1506,MLP,0.339,1391.0,1.339660163824528
1567,MLP,0.339,1391.0,1.339660163824528
1660,MLP,0.339,1391.0,1.339660163824528
2093,MLP,0.339,1391.0,1.339660163824528
2451,MLP,0.339,1391.0,1.339660163824528
2760,MLP,0.339,1391.0,1.339660163824528
61,MLP,0.338,1398.0,1.3357083639312404
174,MLP,0.338,1398.0,1.3357083639312404
540,MLP,0.338,1398.0,1.3357083639312404
698,MLP,0.338,1398.0,1.3357083639312404
747,MLP,0.338,1398.0,1.3357083639312404
853,MLP,0.338,1398.0,1.3357083639312404
1203,MLP,0.338,1398.0,1.3357083639312404
1654,MLP,0.338,1398.0,1.3357083639312404
37,MLP,0.337,1406.0,1.3317565640379527
148,MLP,0.337,1406.0,1.3317565640379527
365,MLP,0.337,1406.0,1.3317565640379527
400,MLP,0.337,1406.0,1.3317565640379527
1112,MLP,0.337,1406.0,1.3317565640379527
1155,MLP,0.337,1406.0,1.3317565640379527
153,MLP,0.336,1412.0,1.327804764144665
311,MLP,0.336,1412.0,1.327804764144665
564,MLP,0.336,1412.0,1.327804764144665
1719,MLP,0.336,1412.0,1.327804764144665
1949,MLP,0.336,1412.0,1.327804764144665
2406,MLP,0.336,1412.0,1.327804764144665
2524,MLP,0.336,1412.0,1.327804764144665
234,MLP,0.335,1419.0,1.3238529642513772
395,MLP,0.335,1419.0,1.3238529642513772
549,MLP,0.335,1419.0,1.3238529642513772
1168,MLP,0.335,1419.0,1.3238529642513772
2025,MLP,0.335,1419.0,1.3238529642513772
2658,MLP,0.335,1419.0,1.3238529642513772
208,MLP,0.334,1425.0,1.3199011643580896
337,MLP,0.334,1425.0,1.3199011643580896
1076,MLP,0.334,1425.0,1.3199011643580896
1128,MLP,0.334,1425.0,1.3199011643580896
1494,MLP,0.334,1425.0,1.3199011643580896
2526,MLP,0.334,1425.0,1.3199011643580896
2629,MLP,0.334,1425.0,1.3199011643580896
2650,MLP,0.334,1425.0,1.3199011643580896
62,MLP,0.333,1433.0,1.315949364464802
534,MLP,0.333,1433.0,1.315949364464802
1570,MLP,0.333,1433.0,1.315949364464802
1900,MLP,0.333,1433.0,1.315949364464802
2201,MLP,0.333,1433.0,1.315949364464802
2594,MLP,0.333,1433.0,1.315949364464802
18,MLP,0.332,1439.0,1.3119975645715143
236,MLP,0.332,1439.0,1.3119975645715143
1989,MLP,0.332,1439.0,1.3119975645715143
2068,MLP,0.332,1439.0,1.3119975645715143
2148,MLP,0.332,1439.0,1.3119975645715143
2301,MLP,0.332,1439.0,1.3119975645715143
956,MLP,0.331,1445.0,1.3080457646782264
1153,MLP,0.331,1445.0,1.3080457646782264
1275,MLP,0.331,1445.0,1.3080457646782264
1574,MLP,0.331,1445.0,1.3080457646782264
2006,MLP,0.331,1445.0,1.3080457646782264
2247,MLP,0.331,1445.0,1.3080457646782264
78,MLP,0.33,1451.0,1.3040939647849388
116,MLP,0.33,1451.0,1.3040939647849388
2296,MLP,0.33,1451.0,1.3040939647849388
2473,MLP,0.33,1451.0,1.3040939647849388
2571,MLP,0.33,1451.0,1.3040939647849388
2740,MLP,0.33,1451.0,1.3040939647849388
31,MLP,0.329,1457.0,1.3001421648916511
224,MLP,0.329,1457.0,1.3001421648916511
757,MLP,0.329,1457.0,1.3001421648916511
809,MLP,0.329,1457.0,1.3001421648916511
1292,MLP,0.329,1457.0,1.3001421648916511
1731,MLP,0.329,1457.0,1.3001421648916511
2082,MLP,0.329,1457.0,1.3001421648916511
279,MLP,0.328,1464.0,1.2961903649983635
298,MLP,0.328,1464.0,1.2961903649983635
846,MLP,0.328,1464.0,1.2961903649983635
1014,MLP,0.328,1464.0,1.2961903649983635
1658,MLP,0.328,1464.0,1.2961903649983635
1799,MLP,0.328,1464.0,1.2961903649983635
2431,MLP,0.328,1464.0,1.2961903649983635
2757,MLP,0.328,1464.0,1.2961903649983635
171,MLP,0.327,1472.0,1.2922385651050756
492,MLP,0.327,1472.0,1.2922385651050756
1015,MLP,0.327,1472.0,1.2922385651050756
1447,MLP,0.327,1472.0,1.2922385651050756
1451,MLP,0.327,1472.0,1.2922385651050756
1452,MLP,0.327,1472.0,1.2922385651050756
1569,MLP,0.327,1472.0,1.2922385651050756
1616,MLP,0.327,1472.0,1.2922385651050756
1967,MLP,0.327,1472.0,1.2922385651050756
2348,MLP,0.327,1472.0,1.2922385651050756
2489,MLP,0.327,1472.0,1.2922385651050756
225,MLP,0.326,1483.0,1.288286765211788
477,MLP,0.326,1483.0,1.288286765211788
1154,MLP,0.326,1483.0,1.288286765211788
1421,MLP,0.326,1483.0,1.288286765211788
2100,MLP,0.326,1483.0,1.288286765211788
2457,MLP,0.326,1483.0,1.288286765211788
304,MLP,0.325,1489.0,1.2843349653185003
1211,MLP,0.325,1489.0,1.2843349653185003
1239,MLP,0.325,1489.0,1.2843349653185003
1773,MLP,0.325,1489.0,1.2843349653185003
1835,MLP,0.325,1489.0,1.2843349653185003
1985,MLP,0.325,1489.0,1.2843349653185003
2707,MLP,0.325,1489.0,1.2843349653185003
4,MLP,0.324,1496.0,1.2803831654252127
5,MLP,0.324,1496.0,1.2803831654252127
128,MLP,0.324,1496.0,1.2803831654252127
422,MLP,0.324,1496.0,1.2803831654252127
578,MLP,0.324,1496.0,1.2803831654252127
691,MLP,0.324,1496.0,1.2803831654252127
895,MLP,0.324,1496.0,1.2803831654252127
1028,MLP,0.324,1496.0,1.2803831654252127
1454,MLP,0.324,1496.0,1.2803831654252127
2315,MLP,0.324,1496.0,1.2803831654252127
2325,MLP,0.324,1496.0,1.2803831654252127
2613,MLP,0.324,1496.0,1.2803831654252127
23,MLP,0.323,1508.0,1.2764313655319248
231,MLP,0.323,1508.0,1.2764313655319248
559,MLP,0.323,1508.0,1.2764313655319248
715,MLP,0.323,1508.0,1.2764313655319248
1081,MLP,0.323,1508.0,1.2764313655319248
1152,MLP,0.323,1508.0,1.2764313655319248
1996,MLP,0.323,1508.0,1.2764313655319248
2341,MLP,0.323,1508.0,1.2764313655319248
2485,MLP,0.323,1508.0,1.2764313655319248
2602,MLP,0.323,1508.0,1.2764313655319248
2693,MLP,0.323,1508.0,1.2764313655319248
219,MLP,0.322,1519.0,1.2724795656386372
296,MLP,0.322,1519.0,1.2724795656386372
1521,MLP,0.322,1519.0,1.2724795656386372
1838,MLP,0.322,1519.0,1.2724795656386372
2125,MLP,0.322,1519.0,1.2724795656386372
2374,MLP,0.322,1519.0,1.2724795656386372
145,MLP,0.321,1525.0,1.2685277657453495
416,MLP,0.321,1525.0,1.2685277657453495
568,MLP,0.321,1525.0,1.2685277657453495
1102,MLP,0.321,1525.0,1.2685277657453495
1455,MLP,0.321,1525.0,1.2685277657453495
1485,MLP,0.321,1525.0,1.2685277657453495
2335,MLP,0.321,1525.0,1.2685277657453495
2590,MLP,0.321,1525.0,1.2685277657453495
9,MLP,0.32,1533.0,1.264575965852062
33,MLP,0.32,1533.0,1.264575965852062
308,MLP,0.32,1533.0,1.264575965852062
725,MLP,0.32,1533.0,1.264575965852062
1056,MLP,0.32,1533.0,1.264575965852062
1301,MLP,0.32,1533.0,1.264575965852062
1673,MLP,0.32,1533.0,1.264575965852062
394,MLP,0.319,1540.0,1.260624165958774
541,MLP,0.319,1540.0,1.260624165958774
629,MLP,0.319,1540.0,1.260624165958774
738,MLP,0.319,1540.0,1.260624165958774
1193,MLP,0.319,1540.0,1.260624165958774
1325,MLP,0.319,1540.0,1.260624165958774
1405,MLP,0.319,1540.0,1.260624165958774
1563,MLP,0.319,1540.0,1.260624165958774
2187,MLP,0.319,1540.0,1.260624165958774
2237,MLP,0.319,1540.0,1.260624165958774
58,MLP,0.318,1550.0,1.2566723660654864
122,MLP,0.318,1550.0,1.2566723660654864
338,MLP,0.318,1550.0,1.2566723660654864
417,MLP,0.318,1550.0,1.2566723660654864
1216,MLP,0.318,1550.0,1.2566723660654864
2042,MLP,0.318,1550.0,1.2566723660654864
2698,MLP,0.318,1550.0,1.2566723660654864
309,MLP,0.317,1557.0,1.2527205661721987
572,MLP,0.317,1557.0,1.2527205661721987
40,MLP,0.316,1559.0,1.248768766278911
57,MLP,0.316,1559.0,1.248768766278911
206,MLP,0.316,1559.0,1.248768766278911
519,MLP,0.316,1559.0,1.248768766278911
864,MLP,0.316,1559.0,1.248768766278911
1396,MLP,0.316,1559.0,1.248768766278911
1417,MLP,0.316,1559.0,1.248768766278911
2059,MLP,0.316,1559.0,1.248768766278911
2321,MLP,0.316,1559.0,1.248768766278911
2518,MLP,0.316,1559.0,1.248768766278911
2580,MLP,0.316,1559.0,1.248768766278911
2692,MLP,0.316,1559.0,1.248768766278911
1300,MLP,0.315,1571.0,1.2448169663856234
1331,MLP,0.315,1571.0,1.2448169663856234
1358,MLP,0.315,1571.0,1.2448169663856234
1554,MLP,0.315,1571.0,1.2448169663856234
1560,MLP,0.315,1571.0,1.2448169663856234
1612,MLP,0.315,1571.0,1.2448169663856234
1747,MLP,0.315,1571.0,1.2448169663856234
1796,MLP,0.315,1571.0,1.2448169663856234
1978,MLP,0.315,1571.0,1.2448169663856234
2153,MLP,0.315,1571.0,1.2448169663856234
2289,MLP,0.315,1571.0,1.2448169663856234
2702,MLP,0.315,1571.0,1.2448169663856234
178,MLP,0.314,1583.0,1.2408651664923356
783,MLP,0.314,1583.0,1.2408651664923356
1707,MLP,0.314,1583.0,1.2408651664923356
2763,MLP,0.314,1583.0,1.2408651664923356
16,MLP,0.313,1587.0,1.236913366599048
172,MLP,0.313,1587.0,1.236913366599048
223,MLP,0.313,1587.0,1.236913366599048
453,MLP,0.313,1587.0,1.236913366599048
1402,MLP,0.313,1587.0,1.236913366599048
1740,MLP,0.313,1587.0,1.236913366599048
2639,MLP,0.313,1587.0,1.236913366599048
2730,MLP,0.313,1587.0,1.236913366599048
525,MLP,0.312,1595.0,1.2329615667057603
607,MLP,0.312,1595.0,1.2329615667057603
1101,MLP,0.312,1595.0,1.2329615667057603
1581,MLP,0.312,1595.0,1.2329615667057603
1964,MLP,0.312,1595.0,1.2329615667057603
969,MLP,0.311,1600.0,1.2290097668124726
1333,MLP,0.311,1600.0,1.2290097668124726
1934,MLP,0.311,1600.0,1.2290097668124726
413,MLP,0.31,1603.0,1.2250579669191848
1665,MLP,0.31,1603.0,1.2250579669191848
1896,MLP,0.31,1603.0,1.2250579669191848
1977,MLP,0.31,1603.0,1.2250579669191848
2021,MLP,0.31,1603.0,1.2250579669191848
6,MLP,0.309,1608.0,1.2211061670258971
661,MLP,0.309,1608.0,1.2211061670258971
945,MLP,0.309,1608.0,1.2211061670258971
1137,MLP,0.309,1608.0,1.2211061670258971
1752,MLP,0.309,1608.0,1.2211061670258971
2512,MLP,0.309,1608.0,1.2211061670258971
2750,MLP,0.309,1608.0,1.2211061670258971
138,MLP,0.308,1615.0,1.2171543671326095
653,MLP,0.308,1615.0,1.2171543671326095
893,MLP,0.308,1615.0,1.2171543671326095
953,MLP,0.308,1615.0,1.2171543671326095
1069,MLP,0.308,1615.0,1.2171543671326095
1215,MLP,0.308,1615.0,1.2171543671326095
1330,MLP,0.308,1615.0,1.2171543671326095
2206,MLP,0.308,1615.0,1.2171543671326095
2562,MLP,0.308,1615.0,1.2171543671326095
1094,MLP,0.307,1624.0,1.2132025672393218
1117,MLP,0.307,1624.0,1.2132025672393218
1372,MLP,0.307,1624.0,1.2132025672393218
1535,MLP,0.307,1624.0,1.2132025672393218
1880,MLP,0.307,1624.0,1.2132025672393218
1904,MLP,0.307,1624.0,1.2132025672393218
2069,MLP,0.307,1624.0,1.2132025672393218
327,MLP,0.306,1631.0,1.209250767346034
451,MLP,0.306,1631.0,1.209250767346034
553,MLP,0.306,1631.0,1.209250767346034
641,MLP,0.306,1631.0,1.209250767346034
935,MLP,0.306,1631.0,1.209250767346034
986,MLP,0.306,1631.0,1.209250767346034
2223,MLP,0.306,1631.0,1.209250767346034
353,MLP,0.305,1638.0,1.2052989674527463
385,MLP,0.305,1638.0,1.2052989674527463
458,MLP,0.305,1638.0,1.2052989674527463
1242,MLP,0.305,1638.0,1.2052989674527463
1730,MLP,0.305,1638.0,1.2052989674527463
2307,MLP,0.305,1638.0,1.2052989674527463
2621,MLP,0.305,1638.0,1.2052989674527463
352,MLP,0.304,1645.0,1.2013471675594587
526,MLP,0.304,1645.0,1.2013471675594587
573,MLP,0.304,1645.0,1.2013471675594587
1274,MLP,0.304,1645.0,1.2013471675594587
1483,MLP,0.304,1645.0,1.2013471675594587
1528,MLP,0.304,1645.0,1.2013471675594587
1631,MLP,0.304,1645.0,1.2013471675594587
1774,MLP,0.304,1645.0,1.2013471675594587
2048,MLP,0.304,1645.0,1.2013471675594587
2331,MLP,0.304,1645.0,1.2013471675594587
2375,MLP,0.304,1645.0,1.2013471675594587
95,MLP,0.303,1656.0,1.197395367666171
701,MLP,0.303,1656.0,1.197395367666171
857,MLP,0.303,1656.0,1.197395367666171
1313,MLP,0.303,1656.0,1.197395367666171
1430,MLP,0.303,1656.0,1.197395367666171
1441,MLP,0.303,1656.0,1.197395367666171
1759,MLP,0.303,1656.0,1.197395367666171
2396,MLP,0.303,1656.0,1.197395367666171
147,MLP,0.302,1664.0,1.1934435677728832
709,MLP,0.302,1664.0,1.1934435677728832
2778,MLP,0.302,1664.0,1.1934435677728832
92,MLP,0.301,1667.0,1.1894917678795955
480,MLP,0.301,1667.0,1.1894917678795955
785,MLP,0.301,1667.0,1.1894917678795955
924,MLP,0.301,1667.0,1.1894917678795955
1079,MLP,0.301,1667.0,1.1894917678795955
1334,MLP,0.301,1667.0,1.1894917678795955
1809,MLP,0.301,1667.0,1.1894917678795955
2079,MLP,0.301,1667.0,1.1894917678795955
2102,MLP,0.301,1667.0,1.1894917678795955
2539,MLP,0.301,1667.0,1.1894917678795955
246,MLP,0.3,1677.0,1.185539967986308
456,MLP,0.3,1677.0,1.185539967986308
819,MLP,0.3,1677.0,1.185539967986308
1210,MLP,0.3,1677.0,1.185539967986308
1854,MLP,0.3,1677.0,1.185539967986308
2285,MLP,0.3,1677.0,1.185539967986308
2355,MLP,0.3,1677.0,1.185539967986308
2530,MLP,0.3,1677.0,1.185539967986308
2553,MLP,0.3,1677.0,1.185539967986308
2617,MLP,0.3,1677.0,1.185539967986308
582,MLP,0.299,1687.0,1.1815881680930203
1336,MLP,0.299,1687.0,1.1815881680930203
1425,MLP,0.299,1687.0,1.1815881680930203
2007,MLP,0.299,1687.0,1.1815881680930203
2141,MLP,0.299,1687.0,1.1815881680930203
2248,MLP,0.299,1687.0,1.1815881680930203
2366,MLP,0.299,1687.0,1.1815881680930203
2445,MLP,0.299,1687.0,1.1815881680930203
2775,MLP,0.299,1687.0,1.1815881680930203
111,MLP,0.298,1696.0,1.1776363681997326
272,MLP,0.298,1696.0,1.1776363681997326
1375,MLP,0.298,1696.0,1.1776363681997326
2015,MLP,0.298,1696.0,1.1776363681997326
2337,MLP,0.298,1696.0,1.1776363681997326
2420,MLP,0.298,1696.0,1.1776363681997326
102,MLP,0.297,1702.0,1.1736845683064447
155,MLP,0.297,1702.0,1.1736845683064447
237,MLP,0.297,1702.0,1.1736845683064447
1089,MLP,0.297,1702.0,1.1736845683064447
1124,MLP,0.297,1702.0,1.1736845683064447
1341,MLP,0.297,1702.0,1.1736845683064447
1577,MLP,0.297,1702.0,1.1736845683064447
1734,MLP,0.297,1702.0,1.1736845683064447
1907,MLP,0.297,1702.0,1.1736845683064447
2043,MLP,0.297,1702.0,1.1736845683064447
2176,MLP,0.297,1702.0,1.1736845683064447
2378,MLP,0.297,1702.0,1.1736845683064447
2640,MLP,0.297,1702.0,1.1736845683064447
926,MLP,0.296,1715.0,1.169732768413157
1205,MLP,0.296,1715.0,1.169732768413157
1894,MLP,0.296,1715.0,1.169732768413157
2150,MLP,0.296,1715.0,1.169732768413157
2709,MLP,0.296,1715.0,1.169732768413157
447,MLP,0.295,1720.0,1.1657809685198695
544,MLP,0.295,1720.0,1.1657809685198695
580,MLP,0.295,1720.0,1.1657809685198695
683,MLP,0.295,1720.0,1.1657809685198695
689,MLP,0.295,1720.0,1.1657809685198695
870,MLP,0.295,1720.0,1.1657809685198695
990,MLP,0.295,1720.0,1.1657809685198695
1067,MLP,0.295,1720.0,1.1657809685198695
1068,MLP,0.295,1720.0,1.1657809685198695
1666,MLP,0.295,1720.0,1.1657809685198695
1684,MLP,0.295,1720.0,1.1657809685198695
1874,MLP,0.295,1720.0,1.1657809685198695
2575,MLP,0.295,1720.0,1.1657809685198695
163,MLP,0.294,1733.0,1.1618291686265818
716,MLP,0.294,1733.0,1.1618291686265818
1843,MLP,0.294,1733.0,1.1618291686265818
2268,MLP,0.294,1733.0,1.1618291686265818
2302,MLP,0.294,1733.0,1.1618291686265818
167,MLP,0.293,1738.0,1.157877368733294
202,MLP,0.293,1738.0,1.157877368733294
1582,MLP,0.293,1738.0,1.157877368733294
1706,MLP,0.293,1738.0,1.157877368733294
1864,MLP,0.293,1738.0,1.157877368733294
1950,MLP,0.293,1738.0,1.157877368733294
2127,MLP,0.293,1738.0,1.157877368733294
2452,MLP,0.293,1738.0,1.157877368733294
115,MLP,0.292,1746.0,1.1539255688400063
235,MLP,0.292,1746.0,1.1539255688400063
811,MLP,0.292,1746.0,1.1539255688400063
1179,MLP,0.292,1746.0,1.1539255688400063
1881,MLP,0.292,1746.0,1.1539255688400063
2049,MLP,0.292,1746.0,1.1539255688400063
2058,MLP,0.292,1746.0,1.1539255688400063
2614,MLP,0.292,1746.0,1.1539255688400063
47,MLP,0.291,1754.0,1.1499737689467187
185,MLP,0.291,1754.0,1.1499737689467187
263,MLP,0.291,1754.0,1.1499737689467187
362,MLP,0.291,1754.0,1.1499737689467187
1173,MLP,0.291,1754.0,1.1499737689467187
1201,MLP,0.291,1754.0,1.1499737689467187
1298,MLP,0.291,1754.0,1.1499737689467187
2075,MLP,0.291,1754.0,1.1499737689467187
2111,MLP,0.291,1754.0,1.1499737689467187
2386,MLP,0.291,1754.0,1.1499737689467187
2556,MLP,0.291,1754.0,1.1499737689467187
859,MLP,0.29,1765.0,1.146021969053431
1013,MLP,0.29,1765.0,1.146021969053431
1531,MLP,0.29,1765.0,1.146021969053431
1784,MLP,0.29,1765.0,1.146021969053431
2008,MLP,0.29,1765.0,1.146021969053431
2371,MLP,0.29,1765.0,1.146021969053431
2591,MLP,0.29,1765.0,1.146021969053431
150,MLP,0.289,1772.0,1.1420701691601431
494,MLP,0.289,1772.0,1.1420701691601431
1368,MLP,0.289,1772.0,1.1420701691601431
2087,MLP,0.289,1772.0,1.1420701691601431
704,MLP,0.288,1776.0,1.1381183692668555
1145,MLP,0.288,1776.0,1.1381183692668555
1359,MLP,0.288,1776.0,1.1381183692668555
1458,MLP,0.288,1776.0,1.1381183692668555
1792,MLP,0.288,1776.0,1.1381183692668555
2003,MLP,0.288,1776.0,1.1381183692668555
2312,MLP,0.288,1776.0,1.1381183692668555
2624,MLP,0.288,1776.0,1.1381183692668555
415,MLP,0.287,1784.0,1.1341665693735679
916,MLP,0.287,1784.0,1.1341665693735679
1548,MLP,0.287,1784.0,1.1341665693735679
1722,MLP,0.287,1784.0,1.1341665693735679
1963,MLP,0.287,1784.0,1.1341665693735679
2271,MLP,0.287,1784.0,1.1341665693735679
2439,MLP,0.287,1784.0,1.1341665693735679
2628,MLP,0.287,1784.0,1.1341665693735679
433,MLP,0.286,1792.0,1.1302147694802802
766,MLP,0.286,1792.0,1.1302147694802802
767,MLP,0.286,1792.0,1.1302147694802802
787,MLP,0.286,1792.0,1.1302147694802802
866,MLP,0.286,1792.0,1.1302147694802802
1087,MLP,0.286,1792.0,1.1302147694802802
1218,MLP,0.286,1792.0,1.1302147694802802
1231,MLP,0.286,1792.0,1.1302147694802802
1769,MLP,0.286,1792.0,1.1302147694802802
2166,MLP,0.286,1792.0,1.1302147694802802
2346,MLP,0.286,1792.0,1.1302147694802802
2410,MLP,0.286,1792.0,1.1302147694802802
2711,MLP,0.286,1792.0,1.1302147694802802
360,MLP,0.285,1805.0,1.1262629695869923
645,MLP,0.285,1805.0,1.1262629695869923
908,MLP,0.285,1805.0,1.1262629695869923
2138,MLP,0.285,1805.0,1.1262629695869923
2172,MLP,0.285,1805.0,1.1262629695869923
2306,MLP,0.285,1805.0,1.1262629695869923
2623,MLP,0.285,1805.0,1.1262629695869923
406,MLP,0.284,1812.0,1.1223111696937047
537,MLP,0.284,1812.0,1.1223111696937047
1136,MLP,0.284,1812.0,1.1223111696937047
1593,MLP,0.284,1812.0,1.1223111696937047
2601,MLP,0.284,1812.0,1.1223111696937047
2678,MLP,0.284,1812.0,1.1223111696937047
535,MLP,0.283,1818.0,1.118359369800417
597,MLP,0.283,1818.0,1.118359369800417
1395,MLP,0.283,1818.0,1.118359369800417
1426,MLP,0.283,1818.0,1.118359369800417
1444,MLP,0.283,1818.0,1.118359369800417
1897,MLP,0.283,1818.0,1.118359369800417
2519,MLP,0.283,1818.0,1.118359369800417
2771,MLP,0.283,1818.0,1.118359369800417
85,MLP,0.282,1826.0,1.1144075699071294
508,MLP,0.282,1826.0,1.1144075699071294
531,MLP,0.282,1826.0,1.1144075699071294
598,MLP,0.282,1826.0,1.1144075699071294
1280,MLP,0.282,1826.0,1.1144075699071294
1456,MLP,0.282,1826.0,1.1144075699071294
1466,MLP,0.282,1826.0,1.1144075699071294
1895,MLP,0.282,1826.0,1.1144075699071294
1918,MLP,0.282,1826.0,1.1144075699071294
1992,MLP,0.282,1826.0,1.1144075699071294
2137,MLP,0.282,1826.0,1.1144075699071294
2365,MLP,0.282,1826.0,1.1144075699071294
2646,MLP,0.282,1826.0,1.1144075699071294
166,MLP,0.281,1839.0,1.110455770013842
197,MLP,0.281,1839.0,1.110455770013842
503,MLP,0.281,1839.0,1.110455770013842
781,MLP,0.281,1839.0,1.110455770013842
792,MLP,0.281,1839.0,1.110455770013842
1643,MLP,0.281,1839.0,1.110455770013842
1786,MLP,0.281,1839.0,1.110455770013842
113,MLP,0.28,1846.0,1.1065039701205541
201,MLP,0.28,1846.0,1.1065039701205541
510,MLP,0.28,1846.0,1.1065039701205541
670,MLP,0.28,1846.0,1.1065039701205541
1763,MLP,0.28,1846.0,1.1065039701205541
1944,MLP,0.28,1846.0,1.1065039701205541
19,MLP,0.279,1852.0,1.1025521702272665
142,MLP,0.279,1852.0,1.1025521702272665
346,MLP,0.279,1852.0,1.1025521702272665
487,MLP,0.279,1852.0,1.1025521702272665
1588,MLP,0.279,1852.0,1.1025521702272665
1698,MLP,0.279,1852.0,1.1025521702272665
1703,MLP,0.279,1852.0,1.1025521702272665
1965,MLP,0.279,1852.0,1.1025521702272665
2214,MLP,0.279,1852.0,1.1025521702272665
2448,MLP,0.279,1852.0,1.1025521702272665
248,MLP,0.278,1862.0,1.0986003703339788
388,MLP,0.278,1862.0,1.0986003703339788
1309,MLP,0.278,1862.0,1.0986003703339788
1332,MLP,0.278,1862.0,1.0986003703339788
1683,MLP,0.278,1862.0,1.0986003703339788
1751,MLP,0.278,1862.0,1.0986003703339788
2205,MLP,0.278,1862.0,1.0986003703339788
2712,MLP,0.278,1862.0,1.0986003703339788
1132,MLP,0.277,1870.0,1.0946485704406912
1338,MLP,0.277,1870.0,1.0946485704406912
2027,MLP,0.277,1870.0,1.0946485704406912
2574,MLP,0.277,1870.0,1.0946485704406912
618,MLP,0.276,1874.0,1.0906967705474033
711,MLP,0.276,1874.0,1.0906967705474033
1113,MLP,0.276,1874.0,1.0906967705474033
1830,MLP,0.276,1874.0,1.0906967705474033
1990,MLP,0.276,1874.0,1.0906967705474033
112,MLP,0.275,1879.0,1.0867449706541157
118,MLP,0.275,1879.0,1.0867449706541157
305,MLP,0.275,1879.0,1.0867449706541157
702,MLP,0.275,1879.0,1.0867449706541157
2243,MLP,0.275,1879.0,1.0867449706541157
2745,MLP,0.275,1879.0,1.0867449706541157
135,MLP,0.274,1885.0,1.082793170760828
560,MLP,0.274,1885.0,1.082793170760828
1191,MLP,0.274,1885.0,1.082793170760828
1635,MLP,0.274,1885.0,1.082793170760828
2196,MLP,0.274,1885.0,1.082793170760828
2265,MLP,0.274,1885.0,1.082793170760828
1,MLP,0.273,1891.0,1.0788413708675404
407,MLP,0.273,1891.0,1.0788413708675404
617,MLP,0.273,1891.0,1.0788413708675404
773,MLP,0.273,1891.0,1.0788413708675404
1283,MLP,0.273,1891.0,1.0788413708675404
1664,MLP,0.273,1891.0,1.0788413708675404
1696,MLP,0.273,1891.0,1.0788413708675404
1973,MLP,0.273,1891.0,1.0788413708675404
2447,MLP,0.273,1891.0,1.0788413708675404
205,MLP,0.272,1900.0,1.0748895709742525
707,MLP,0.272,1900.0,1.0748895709742525
1273,MLP,0.272,1900.0,1.0748895709742525
1409,MLP,0.272,1900.0,1.0748895709742525
2174,MLP,0.272,1900.0,1.0748895709742525
2649,MLP,0.272,1900.0,1.0748895709742525
2744,MLP,0.272,1900.0,1.0748895709742525
1433,MLP,0.271,1907.0,1.0709377710809649
2458,MLP,0.271,1907.0,1.0709377710809649
2543,MLP,0.271,1907.0,1.0709377710809649
195,MLP,0.27,1910.0,1.0669859711876772
744,MLP,0.27,1910.0,1.0669859711876772
1401,MLP,0.27,1910.0,1.0669859711876772
1461,MLP,0.27,1910.0,1.0669859711876772
1564,MLP,0.27,1910.0,1.0669859711876772
1576,MLP,0.27,1910.0,1.0669859711876772
2700,MLP,0.27,1910.0,1.0669859711876772
80,MLP,0.269,1917.0,1.0630341712943896
89,MLP,0.269,1917.0,1.0630341712943896
448,MLP,0.269,1917.0,1.0630341712943896
591,MLP,0.269,1917.0,1.0630341712943896
750,MLP,0.269,1917.0,1.0630341712943896
889,MLP,0.269,1917.0,1.0630341712943896
1508,MLP,0.269,1917.0,1.0630341712943896
2472,MLP,0.269,1917.0,1.0630341712943896
682,MLP,0.268,1925.0,1.0590823714011017
1071,MLP,0.268,1925.0,1.0590823714011017
1127,MLP,0.268,1925.0,1.0590823714011017
1149,MLP,0.268,1925.0,1.0590823714011017
1766,MLP,0.268,1925.0,1.0590823714011017
2184,MLP,0.268,1925.0,1.0590823714011017
2363,MLP,0.268,1925.0,1.0590823714011017
2425,MLP,0.268,1925.0,1.0590823714011017
2761,MLP,0.268,1925.0,1.0590823714011017
1516,MLP,0.267,1934.0,1.055130571507814
2017,MLP,0.267,1934.0,1.055130571507814
3,MLP,0.266,1936.0,1.0511787716145264
490,MLP,0.266,1936.0,1.0511787716145264
1157,MLP,0.266,1936.0,1.0511787716145264
2311,MLP,0.266,1936.0,1.0511787716145264
2360,MLP,0.266,1936.0,1.0511787716145264
2554,MLP,0.266,1936.0,1.0511787716145264
2592,MLP,0.266,1936.0,1.0511787716145264
512,MLP,0.265,1943.0,1.0472269717212388
1257,MLP,0.265,1943.0,1.0472269717212388
1260,MLP,0.265,1943.0,1.0472269717212388
2116,MLP,0.265,1943.0,1.0472269717212388
2180,MLP,0.265,1943.0,1.0472269717212388
2182,MLP,0.265,1943.0,1.0472269717212388
2407,MLP,0.265,1943.0,1.0472269717212388
2479,MLP,0.265,1943.0,1.0472269717212388
2725,MLP,0.265,1943.0,1.0472269717212388
500,MLP,0.264,1952.0,1.043275171827951
1138,MLP,0.264,1952.0,1.043275171827951
1982,MLP,0.264,1952.0,1.043275171827951
2031,MLP,0.264,1952.0,1.043275171827951
2035,MLP,0.264,1952.0,1.043275171827951
2364,MLP,0.264,1952.0,1.043275171827951
355,MLP,0.263,1958.0,1.0393233719346633
514,MLP,0.263,1958.0,1.0393233719346633
820,MLP,0.263,1958.0,1.0393233719346633
1022,MLP,0.263,1958.0,1.0393233719346633
1037,MLP,0.263,1958.0,1.0393233719346633
1133,MLP,0.263,1958.0,1.0393233719346633
1550,MLP,0.263,1958.0,1.0393233719346633
2688,MLP,0.263,1958.0,1.0393233719346633
98,MLP,0.262,1966.0,1.0353715720413756
186,MLP,0.262,1966.0,1.0353715720413756
762,MLP,0.262,1966.0,1.0353715720413756
777,MLP,0.262,1966.0,1.0353715720413756
2395,MLP,0.262,1966.0,1.0353715720413756
2764,MLP,0.262,1966.0,1.0353715720413756
66,MLP,0.261,1972.0,1.031419772148088
1265,MLP,0.261,1972.0,1.031419772148088
1542,MLP,0.261,1972.0,1.031419772148088
1866,MLP,0.261,1972.0,1.031419772148088
2169,MLP,0.261,1972.0,1.031419772148088
2728,MLP,0.261,1972.0,1.031419772148088
226,MLP,0.26,1978.0,1.0274679722548004
756,MLP,0.26,1978.0,1.0274679722548004
1414,MLP,0.26,1978.0,1.0274679722548004
2120,MLP,0.26,1978.0,1.0274679722548004
896,MLP,0.259,1982.0,1.0235161723615125
963,MLP,0.259,1982.0,1.0235161723615125
1005,MLP,0.259,1982.0,1.0235161723615125
1225,MLP,0.259,1982.0,1.0235161723615125
1536,MLP,0.259,1982.0,1.0235161723615125
2024,MLP,0.259,1982.0,1.0235161723615125
2066,MLP,0.259,1982.0,1.0235161723615125
2409,MLP,0.259,1982.0,1.0235161723615125
190,MLP,0.258,1990.0,1.0195643724682248
1717,MLP,0.258,1990.0,1.0195643724682248
1781,MLP,0.258,1990.0,1.0195643724682248
1813,MLP,0.258,1990.0,1.0195643724682248
2197,MLP,0.258,1990.0,1.0195643724682248
2353,MLP,0.258,1990.0,1.0195643724682248
2424,MLP,0.258,1990.0,1.0195643724682248
2465,MLP,0.258,1990.0,1.0195643724682248
984,MLP,0.257,1998.0,1.0156125725749372
1181,MLP,0.257,1998.0,1.0156125725749372
1208,MLP,0.257,1998.0,1.0156125725749372
1327,MLP,0.257,1998.0,1.0156125725749372
1457,MLP,0.257,1998.0,1.0156125725749372
1630,MLP,0.257,1998.0,1.0156125725749372
2426,MLP,0.257,1998.0,1.0156125725749372
398,MLP,0.256,2005.0,1.0116607726816496
647,MLP,0.256,2005.0,1.0116607726816496
1767,MLP,0.256,2005.0,1.0116607726816496
2056,MLP,0.256,2005.0,1.0116607726816496
2219,MLP,0.256,2005.0,1.0116607726816496
2446,MLP,0.256,2005.0,1.0116607726816496
2586,MLP,0.256,2005.0,1.0116607726816496
216,MLP,0.255,2012.0,1.0077089727883617
341,MLP,0.255,2012.0,1.0077089727883617
499,MLP,0.255,2012.0,1.0077089727883617
703,MLP,0.255,2012.0,1.0077089727883617
994,MLP,0.255,2012.0,1.0077089727883617
1123,MLP,0.255,2012.0,1.0077089727883617
1392,MLP,0.255,2012.0,1.0077089727883617
1446,MLP,0.255,2012.0,1.0077089727883617
1600,MLP,0.255,2012.0,1.0077089727883617
1852,MLP,0.255,2012.0,1.0077089727883617
2527,MLP,0.255,2012.0,1.0077089727883617
2559,MLP,0.255,2012.0,1.0077089727883617
2569,MLP,0.255,2012.0,1.0077089727883617
2570,MLP,0.255,2012.0,1.0077089727883617
972,MLP,0.254,2026.0,1.003757172895074
1176,MLP,0.254,2026.0,1.003757172895074
1204,MLP,0.254,2026.0,1.003757172895074
1339,MLP,0.254,2026.0,1.003757172895074
1340,MLP,0.254,2026.0,1.003757172895074
1928,MLP,0.254,2026.0,1.003757172895074
1970,MLP,0.254,2026.0,1.003757172895074
2231,MLP,0.254,2026.0,1.003757172895074
2696,MLP,0.254,2026.0,1.003757172895074
839,MLP,0.253,2035.0,0.9998053730017864
1066,MLP,0.253,2035.0,0.9998053730017864
2358,MLP,0.253,2035.0,0.9998053730017864
585,MLP,0.252,2038.0,0.9958535731084986
660,MLP,0.252,2038.0,0.9958535731084986
1393,MLP,0.252,2038.0,0.9958535731084986
2235,MLP,0.252,2038.0,0.9958535731084986
397,MLP,0.251,2042.0,0.991901773215211
545,MLP,0.251,2042.0,0.991901773215211
577,MLP,0.251,2042.0,0.991901773215211
685,MLP,0.251,2042.0,0.991901773215211
801,MLP,0.251,2042.0,0.991901773215211
1822,MLP,0.251,2042.0,0.991901773215211
2107,MLP,0.251,2042.0,0.991901773215211
2244,MLP,0.251,2042.0,0.991901773215211
2397,MLP,0.251,2042.0,0.991901773215211
2470,MLP,0.251,2042.0,0.991901773215211
651,MLP,0.25,2052.0,0.9879499733219232
931,MLP,0.25,2052.0,0.9879499733219232
1085,MLP,0.25,2052.0,0.9879499733219232
1186,MLP,0.25,2052.0,0.9879499733219232
1420,MLP,0.25,2052.0,0.9879499733219232
1496,MLP,0.25,2052.0,0.9879499733219232
1571,MLP,0.25,2052.0,0.9879499733219232
1709,MLP,0.25,2052.0,0.9879499733219232
2032,MLP,0.25,2052.0,0.9879499733219232
2461,MLP,0.25,2052.0,0.9879499733219232
56,MLP,0.249,2062.0,0.9839981734286356
1006,MLP,0.249,2062.0,0.9839981734286356
1187,MLP,0.249,2062.0,0.9839981734286356
1326,MLP,0.249,2062.0,0.9839981734286356
1620,MLP,0.249,2062.0,0.9839981734286356
1831,MLP,0.249,2062.0,0.9839981734286356
2217,MLP,0.249,2062.0,0.9839981734286356
401,MLP,0.248,2069.0,0.9800463735353478
807,MLP,0.248,2069.0,0.9800463735353478
974,MLP,0.248,2069.0,0.9800463735353478
1178,MLP,0.248,2069.0,0.9800463735353478
1207,MLP,0.248,2069.0,0.9800463735353478
1364,MLP,0.248,2069.0,0.9800463735353478
1519,MLP,0.248,2069.0,0.9800463735353478
1800,MLP,0.248,2069.0,0.9800463735353478
2018,MLP,0.248,2069.0,0.9800463735353478
2070,MLP,0.248,2069.0,0.9800463735353478
2098,MLP,0.248,2069.0,0.9800463735353478
2194,MLP,0.248,2069.0,0.9800463735353478
2637,MLP,0.248,2069.0,0.9800463735353478
834,MLP,0.247,2082.0,0.9760945736420602
1110,MLP,0.247,2082.0,0.9760945736420602
2482,MLP,0.247,2082.0,0.9760945736420602
2551,MLP,0.247,2082.0,0.9760945736420602
436,MLP,0.246,2086.0,0.9721427737487724
712,MLP,0.246,2086.0,0.9721427737487724
1237,MLP,0.246,2086.0,0.9721427737487724
1403,MLP,0.246,2086.0,0.9721427737487724
1587,MLP,0.246,2086.0,0.9721427737487724
2146,MLP,0.246,2086.0,0.9721427737487724
2228,MLP,0.246,2086.0,0.9721427737487724
2743,MLP,0.246,2086.0,0.9721427737487724
114,MLP,0.245,2094.0,0.9681909738554848
1478,MLP,0.245,2094.0,0.9681909738554848
1925,MLP,0.245,2094.0,0.9681909738554848
621,MLP,0.244,2097.0,0.9642391739621972
840,MLP,0.244,2097.0,0.9642391739621972
934,MLP,0.244,2097.0,0.9642391739621972
1143,MLP,0.244,2097.0,0.9642391739621972
1370,MLP,0.244,2097.0,0.9642391739621972
1541,MLP,0.244,2097.0,0.9642391739621972
1555,MLP,0.244,2097.0,0.9642391739621972
1876,MLP,0.244,2097.0,0.9642391739621972
2167,MLP,0.244,2097.0,0.9642391739621972
2421,MLP,0.244,2097.0,0.9642391739621972
107,MLP,0.243,2107.0,0.9602873740689094
1052,MLP,0.243,2107.0,0.9602873740689094
1202,MLP,0.243,2107.0,0.9602873740689094
589,MLP,0.241,2110.0,0.952383774282334
699,MLP,0.241,2110.0,0.952383774282334
906,MLP,0.241,2110.0,0.952383774282334
1743,MLP,0.241,2110.0,0.952383774282334
2071,MLP,0.241,2110.0,0.952383774282334
2192,MLP,0.241,2110.0,0.952383774282334
332,MLP,0.24,2116.0,0.9484319743890464
466,MLP,0.24,2116.0,0.9484319743890464
473,MLP,0.24,2116.0,0.9484319743890464
858,MLP,0.24,2116.0,0.9484319743890464
1230,MLP,0.24,2116.0,0.9484319743890464
1276,MLP,0.24,2116.0,0.9484319743890464
1490,MLP,0.24,2116.0,0.9484319743890464
1590,MLP,0.24,2116.0,0.9484319743890464
233,MLP,0.239,2124.0,0.9444801744957586
390,MLP,0.239,2124.0,0.9444801744957586
1605,MLP,0.239,2124.0,0.9444801744957586
2207,MLP,0.239,2124.0,0.9444801744957586
2342,MLP,0.239,2124.0,0.9444801744957586
2370,MLP,0.239,2124.0,0.9444801744957586
2398,MLP,0.239,2124.0,0.9444801744957586
63,MLP,0.238,2131.0,0.940528374602471
971,MLP,0.238,2131.0,0.940528374602471
2123,MLP,0.238,2131.0,0.940528374602471
2144,MLP,0.238,2131.0,0.940528374602471
2230,MLP,0.238,2131.0,0.940528374602471
626,MLP,0.237,2136.0,0.9365765747091832
1474,MLP,0.237,2136.0,0.9365765747091832
1675,MLP,0.237,2136.0,0.9365765747091832
2328,MLP,0.237,2136.0,0.9365765747091832
2654,MLP,0.237,2136.0,0.9365765747091832
1195,MLP,0.236,2141.0,0.9326247748158956
1561,MLP,0.236,2141.0,0.9326247748158956
2399,MLP,0.236,2141.0,0.9326247748158956
2625,MLP,0.236,2141.0,0.9326247748158956
42,MLP,0.235,2145.0,0.9286729749226078
87,MLP,0.235,2145.0,0.9286729749226078
686,MLP,0.235,2145.0,0.9286729749226078
1050,MLP,0.235,2145.0,0.9286729749226078
1318,MLP,0.235,2145.0,0.9286729749226078
1547,MLP,0.235,2145.0,0.9286729749226078
1634,MLP,0.235,2145.0,0.9286729749226078
71,MLP,0.234,2152.0,0.9247211750293203
1790,MLP,0.234,2152.0,0.9247211750293203
1832,MLP,0.234,2152.0,0.9247211750293203
2088,MLP,0.234,2152.0,0.9247211750293203
165,MLP,0.233,2156.0,0.9207693751360325
1701,MLP,0.233,2156.0,0.9207693751360325
2476,MLP,0.233,2156.0,0.9207693751360325
2587,MLP,0.233,2156.0,0.9207693751360325
2618,MLP,0.233,2156.0,0.9207693751360325
295,MLP,0.232,2161.0,0.9168175752427449
665,MLP,0.232,2161.0,0.9168175752427449
1303,MLP,0.232,2161.0,0.9168175752427449
2777,MLP,0.232,2161.0,0.9168175752427449
209,MLP,0.231,2165.0,0.9128657753494571
932,MLP,0.231,2165.0,0.9128657753494571
1241,MLP,0.231,2165.0,0.9128657753494571
1389,MLP,0.231,2165.0,0.9128657753494571
1868,MLP,0.231,2165.0,0.9128657753494571
240,MLP,0.23,2170.0,0.9089139754561695
1217,MLP,0.23,2170.0,0.9089139754561695
1357,MLP,0.23,2170.0,0.9089139754561695
2350,MLP,0.23,2170.0,0.9089139754561695
2387,MLP,0.23,2170.0,0.9089139754561695
1512,MLP,0.229,2175.0,0.9049621755628817
1724,MLP,0.229,2175.0,0.9049621755628817
2483,MLP,0.229,2175.0,0.9049621755628817
680,MLP,0.228,2178.0,0.9010103756695941
2459,MLP,0.228,2178.0,0.9010103756695941
366,MLP,0.227,2180.0,0.8970585757763063
374,MLP,0.227,2180.0,0.8970585757763063
615,MLP,0.227,2180.0,0.8970585757763063
867,MLP,0.227,2180.0,0.8970585757763063
1481,MLP,0.227,2180.0,0.8970585757763063
2427,MLP,0.227,2180.0,0.8970585757763063
1209,MLP,0.226,2186.0,0.8931067758830187
2534,MLP,0.226,2186.0,0.8931067758830187
1174,MLP,0.225,2188.0,0.889154975989731
2317,MLP,0.225,2188.0,0.889154975989731
161,MLP,0.224,2190.0,0.8852031760964433
284,MLP,0.224,2190.0,0.8852031760964433
907,MLP,0.224,2190.0,0.8852031760964433
1552,MLP,0.224,2190.0,0.8852031760964433
2215,MLP,0.224,2190.0,0.8852031760964433
105,MLP,0.223,2195.0,0.8812513762031556
1029,MLP,0.223,2195.0,0.8812513762031556
2081,MLP,0.223,2195.0,0.8812513762031556
79,MLP,0.222,2198.0,0.8772995763098679
203,MLP,0.222,2198.0,0.8772995763098679
267,MLP,0.222,2198.0,0.8772995763098679
378,MLP,0.222,2198.0,0.8772995763098679
2668,MLP,0.222,2198.0,0.8772995763098679
419,MLP,0.221,2203.0,0.8733477764165802
677,MLP,0.221,2203.0,0.8733477764165802
829,MLP,0.221,2203.0,0.8733477764165802
1103,MLP,0.221,2203.0,0.8733477764165802
1131,MLP,0.221,2203.0,0.8733477764165802
1227,MLP,0.221,2203.0,0.8733477764165802
2376,MLP,0.221,2203.0,0.8733477764165802
2751,MLP,0.221,2203.0,0.8733477764165802
778,MLP,0.22,2211.0,0.8693959765232925
462,MLP,0.219,2212.0,0.8654441766300048
813,MLP,0.219,2212.0,0.8654441766300048
1984,MLP,0.219,2212.0,0.8654441766300048
2647,MLP,0.219,2212.0,0.8654441766300048
2772,MLP,0.219,2212.0,0.8654441766300048
720,MLP,0.218,2217.0,0.8614923767367171
1134,MLP,0.218,2217.0,0.8614923767367171
2077,MLP,0.218,2217.0,0.8614923767367171
83,MLP,0.217,2220.0,0.8575405768434294
2171,MLP,0.217,2220.0,0.8575405768434294
2579,MLP,0.217,2220.0,0.8575405768434294
88,MLP,0.216,2223.0,0.8535887769501417
446,MLP,0.216,2223.0,0.8535887769501417
824,MLP,0.216,2223.0,0.8535887769501417
848,MLP,0.216,2223.0,0.8535887769501417
938,MLP,0.216,2223.0,0.8535887769501417
982,MLP,0.216,2223.0,0.8535887769501417
1175,MLP,0.216,2223.0,0.8535887769501417
2715,MLP,0.216,2223.0,0.8535887769501417
368,MLP,0.215,2231.0,0.849636977056854
754,MLP,0.215,2231.0,0.849636977056854
871,MLP,0.215,2231.0,0.849636977056854
1374,MLP,0.215,2231.0,0.849636977056854
1645,MLP,0.215,2231.0,0.849636977056854
1771,MLP,0.215,2231.0,0.849636977056854
1899,MLP,0.215,2231.0,0.849636977056854
2701,MLP,0.215,2231.0,0.849636977056854
14,MLP,0.214,2239.0,0.8456851771635663
363,MLP,0.214,2239.0,0.8456851771635663
742,MLP,0.214,2239.0,0.8456851771635663
949,MLP,0.214,2239.0,0.8456851771635663
1161,MLP,0.214,2239.0,0.8456851771635663
2558,MLP,0.214,2239.0,0.8456851771635663
658,MLP,0.213,2245.0,0.8417333772702786
1278,MLP,0.213,2245.0,0.8417333772702786
1449,MLP,0.213,2245.0,0.8417333772702786
1840,MLP,0.213,2245.0,0.8417333772702786
999,MLP,0.212,2249.0,0.8377815773769909
1074,MLP,0.212,2249.0,0.8377815773769909
1718,MLP,0.212,2249.0,0.8377815773769909
2343,MLP,0.212,2249.0,0.8377815773769909
2349,MLP,0.212,2249.0,0.8377815773769909
2413,MLP,0.212,2249.0,0.8377815773769909
2499,MLP,0.212,2249.0,0.8377815773769909
2535,MLP,0.212,2249.0,0.8377815773769909
421,MLP,0.211,2257.0,0.8338297774837032
489,MLP,0.211,2257.0,0.8338297774837032
724,MLP,0.211,2257.0,0.8338297774837032
2113,MLP,0.211,2257.0,0.8338297774837032
261,MLP,0.21,2261.0,0.8298779775904155
852,MLP,0.21,2261.0,0.8298779775904155
1586,MLP,0.21,2261.0,0.8298779775904155
1632,MLP,0.21,2261.0,0.8298779775904155
1735,MLP,0.21,2261.0,0.8298779775904155
667,MLP,0.209,2266.0,0.8259261776971278
1083,MLP,0.209,2266.0,0.8259261776971278
2239,MLP,0.209,2266.0,0.8259261776971278
554,MLP,0.208,2269.0,0.8219743778038401
751,MLP,0.208,2269.0,0.8219743778038401
975,MLP,0.208,2269.0,0.8219743778038401
1130,MLP,0.208,2269.0,0.8219743778038401
1269,MLP,0.208,2269.0,0.8219743778038401
1507,MLP,0.208,2269.0,0.8219743778038401
1983,MLP,0.208,2269.0,0.8219743778038401
2002,MLP,0.208,2269.0,0.8219743778038401
2754,MLP,0.208,2269.0,0.8219743778038401
393,MLP,0.207,2278.0,0.8180225779105524
1075,MLP,0.207,2278.0,0.8180225779105524
2143,MLP,0.207,2278.0,0.8180225779105524
1679,MLP,0.206,2281.0,0.8140707780172648
1833,MLP,0.206,2281.0,0.8140707780172648
2428,MLP,0.206,2281.0,0.8140707780172648
2503,MLP,0.206,2281.0,0.8140707780172648
198,MLP,0.205,2285.0,0.810118978123977
620,MLP,0.205,2285.0,0.810118978123977
1495,MLP,0.205,2285.0,0.810118978123977
2142,MLP,0.205,2285.0,0.810118978123977
2548,MLP,0.205,2285.0,0.810118978123977
73,MLP,0.204,2290.0,0.8061671782306894
1046,MLP,0.204,2290.0,0.8061671782306894
1462,MLP,0.204,2290.0,0.8061671782306894
1529,MLP,0.204,2290.0,0.8061671782306894
347,MLP,0.203,2294.0,0.8022153783374018
788,MLP,0.203,2294.0,0.8022153783374018
947,MLP,0.203,2294.0,0.8022153783374018
1003,MLP,0.203,2294.0,0.8022153783374018
604,MLP,0.202,2298.0,0.7982635784441141
673,MLP,0.202,2298.0,0.7982635784441141
1099,MLP,0.202,2298.0,0.7982635784441141
1282,MLP,0.202,2298.0,0.7982635784441141
1848,MLP,0.202,2298.0,0.7982635784441141
2101,MLP,0.202,2298.0,0.7982635784441141
2686,MLP,0.202,2298.0,0.7982635784441141
269,MLP,0.201,2305.0,0.7943117785508264
470,MLP,0.201,2305.0,0.7943117785508264
1058,MLP,0.201,2305.0,0.7943117785508264
1060,MLP,0.201,2305.0,0.7943117785508264
1284,MLP,0.201,2305.0,0.7943117785508264
1477,MLP,0.201,2305.0,0.7943117785508264
1741,MLP,0.201,2305.0,0.7943117785508264
2468,MLP,0.201,2305.0,0.7943117785508264
200,MLP,0.2,2313.0,0.7903599786575387
386,MLP,0.2,2313.0,0.7903599786575387
1351,MLP,0.2,2313.0,0.7903599786575387
1498,MLP,0.2,2313.0,0.7903599786575387
1927,MLP,0.2,2313.0,0.7903599786575387
2109,MLP,0.2,2313.0,0.7903599786575387
2572,MLP,0.2,2313.0,0.7903599786575387
21,MLP,0.199,2320.0,0.786408178764251
639,MLP,0.199,2320.0,0.786408178764251
2040,MLP,0.199,2320.0,0.786408178764251
2083,MLP,0.199,2320.0,0.786408178764251
2357,MLP,0.199,2320.0,0.786408178764251
2545,MLP,0.199,2320.0,0.786408178764251
946,MLP,0.198,2326.0,0.7824563788709633
1816,MLP,0.198,2326.0,0.7824563788709633
2155,MLP,0.198,2326.0,0.7824563788709633
2440,MLP,0.198,2326.0,0.7824563788709633
2508,MLP,0.198,2326.0,0.7824563788709633
278,MLP,0.197,2331.0,0.7785045789776756
1820,MLP,0.197,2331.0,0.7785045789776756
2417,MLP,0.197,2331.0,0.7785045789776756
154,MLP,0.196,2334.0,0.7745527790843879
542,MLP,0.196,2334.0,0.7745527790843879
804,MLP,0.196,2334.0,0.7745527790843879
1027,MLP,0.196,2334.0,0.7745527790843879
1628,MLP,0.196,2334.0,0.7745527790843879
1687,MLP,0.196,2334.0,0.7745527790843879
36,MLP,0.195,2340.0,0.7706009791911002
123,MLP,0.195,2340.0,0.7706009791911002
881,MLP,0.195,2340.0,0.7706009791911002
1903,MLP,0.195,2340.0,0.7706009791911002
1908,MLP,0.195,2340.0,0.7706009791911002
2303,MLP,0.195,2340.0,0.7706009791911002
375,MLP,0.194,2346.0,0.7666491792978125
915,MLP,0.194,2346.0,0.7666491792978125
1065,MLP,0.194,2346.0,0.7666491792978125
1287,MLP,0.194,2346.0,0.7666491792978125
1387,MLP,0.194,2346.0,0.7666491792978125
1936,MLP,0.194,2346.0,0.7666491792978125
543,MLP,0.193,2352.0,0.7626973794045248
1251,MLP,0.193,2352.0,0.7626973794045248
2460,MLP,0.193,2352.0,0.7626973794045248
2560,MLP,0.193,2352.0,0.7626973794045248
299,MLP,0.192,2356.0,0.7587455795112371
1742,MLP,0.192,2356.0,0.7587455795112371
2009,MLP,0.192,2356.0,0.7587455795112371
268,MLP,0.191,2359.0,0.7547937796179494
771,MLP,0.191,2359.0,0.7547937796179494
1034,MLP,0.191,2359.0,0.7547937796179494
2721,MLP,0.191,2359.0,0.7547937796179494
136,MLP,0.19,2363.0,0.7508419797246617
227,MLP,0.19,2363.0,0.7508419797246617
808,MLP,0.19,2363.0,0.7508419797246617
1299,MLP,0.19,2363.0,0.7508419797246617
1504,MLP,0.19,2363.0,0.7508419797246617
1804,MLP,0.19,2363.0,0.7508419797246617
1812,MLP,0.19,2363.0,0.7508419797246617
1842,MLP,0.19,2363.0,0.7508419797246617
2253,MLP,0.19,2363.0,0.7508419797246617
2267,MLP,0.189,2372.0,0.746890179831374
2675,MLP,0.189,2372.0,0.746890179831374
232,MLP,0.188,2374.0,0.7429383799380863
1573,MLP,0.188,2374.0,0.7429383799380863
1636,MLP,0.188,2374.0,0.7429383799380863
1785,MLP,0.188,2374.0,0.7429383799380863
2603,MLP,0.188,2374.0,0.7429383799380863
1723,MLP,0.187,2379.0,0.7389865800447987
2619,MLP,0.187,2379.0,0.7389865800447987
434,MLP,0.186,2381.0,0.7350347801515109
779,MLP,0.186,2381.0,0.7350347801515109
817,MLP,0.186,2381.0,0.7350347801515109
1497,MLP,0.186,2381.0,0.7350347801515109
181,MLP,0.185,2385.0,0.7310829802582233
727,MLP,0.185,2385.0,0.7310829802582233
1049,MLP,0.185,2385.0,0.7310829802582233
1525,MLP,0.185,2385.0,0.7310829802582233
2329,MLP,0.185,2385.0,0.7310829802582233
1213,MLP,0.184,2390.0,0.7271311803649355
1906,MLP,0.184,2390.0,0.7271311803649355
1961,MLP,0.184,2390.0,0.7271311803649355
2377,MLP,0.184,2390.0,0.7271311803649355
218,MLP,0.183,2394.0,0.7231793804716479
1293,MLP,0.183,2394.0,0.7231793804716479
1410,MLP,0.183,2394.0,0.7231793804716479
1727,MLP,0.183,2394.0,0.7231793804716479
1072,MLP,0.182,2398.0,0.7192275805783601
1092,MLP,0.182,2398.0,0.7192275805783601
1633,MLP,0.182,2398.0,0.7192275805783601
2050,MLP,0.182,2398.0,0.7192275805783601
2072,MLP,0.182,2398.0,0.7192275805783601
2193,MLP,0.182,2398.0,0.7192275805783601
2463,MLP,0.182,2398.0,0.7192275805783601
2620,MLP,0.182,2398.0,0.7192275805783601
2726,MLP,0.182,2398.0,0.7192275805783601
109,MLP,0.181,2407.0,0.7152757806850725
910,MLP,0.181,2407.0,0.7152757806850725
1777,MLP,0.181,2407.0,0.7152757806850725
1987,MLP,0.181,2407.0,0.7152757806850725
2513,MLP,0.181,2407.0,0.7152757806850725
2565,MLP,0.181,2407.0,0.7152757806850725
2,MLP,0.18,2413.0,0.7113239807917847
1882,MLP,0.18,2413.0,0.7113239807917847
2304,MLP,0.18,2413.0,0.7113239807917847
2507,MLP,0.18,2413.0,0.7113239807917847
2645,MLP,0.18,2413.0,0.7113239807917847
215,MLP,0.179,2418.0,0.7073721808984971
1335,MLP,0.179,2418.0,0.7073721808984971
2324,MLP,0.179,2418.0,0.7073721808984971
558,MLP,0.178,2421.0,0.7034203810052093
1465,MLP,0.178,2421.0,0.7034203810052093
1988,MLP,0.178,2421.0,0.7034203810052093
2154,MLP,0.178,2421.0,0.7034203810052093
652,MLP,0.177,2425.0,0.6994685811119217
875,MLP,0.177,2425.0,0.6994685811119217
977,MLP,0.177,2425.0,0.6994685811119217
1162,MLP,0.177,2425.0,0.6994685811119217
1294,MLP,0.177,2425.0,0.6994685811119217
1915,MLP,0.177,2425.0,0.6994685811119217
2747,MLP,0.177,2425.0,0.6994685811119217
217,MLP,0.176,2432.0,0.6955167812186339
1042,MLP,0.176,2432.0,0.6955167812186339
1365,MLP,0.176,2432.0,0.6955167812186339
1434,MLP,0.176,2432.0,0.6955167812186339
1668,MLP,0.176,2432.0,0.6955167812186339
1870,MLP,0.176,2432.0,0.6955167812186339
2550,MLP,0.176,2432.0,0.6955167812186339
384,MLP,0.175,2439.0,0.6915649813253463
882,MLP,0.175,2439.0,0.6915649813253463
1376,MLP,0.175,2439.0,0.6915649813253463
1902,MLP,0.175,2439.0,0.6915649813253463
2051,MLP,0.175,2439.0,0.6915649813253463
2190,MLP,0.175,2439.0,0.6915649813253463
152,MLP,0.174,2445.0,0.6876131814320585
213,MLP,0.174,2445.0,0.6876131814320585
1887,MLP,0.174,2445.0,0.6876131814320585
2041,MLP,0.174,2445.0,0.6876131814320585
731,MLP,0.173,2449.0,0.6836613815387709
1061,MLP,0.173,2449.0,0.6836613815387709
1470,MLP,0.173,2449.0,0.6836613815387709
1817,MLP,0.173,2449.0,0.6836613815387709
2121,MLP,0.173,2449.0,0.6836613815387709
2202,MLP,0.173,2449.0,0.6836613815387709
2753,MLP,0.173,2449.0,0.6836613815387709
1975,MLP,0.172,2456.0,0.6797095816454831
2631,MLP,0.172,2456.0,0.6797095816454831
2734,MLP,0.172,2456.0,0.6797095816454831
515,MLP,0.171,2459.0,0.6757577817521956
1038,MLP,0.171,2459.0,0.6757577817521956
1598,MLP,0.171,2459.0,0.6757577817521956
1865,MLP,0.171,2459.0,0.6757577817521956
120,MLP,0.17,2463.0,0.6718059818589078
2652,MLP,0.17,2463.0,0.6718059818589078
643,MLP,0.169,2465.0,0.6678541819656202
648,MLP,0.169,2465.0,0.6678541819656202
793,MLP,0.169,2465.0,0.6678541819656202
842,MLP,0.169,2465.0,0.6678541819656202
936,MLP,0.169,2465.0,0.6678541819656202
1256,MLP,0.169,2465.0,0.6678541819656202
1435,MLP,0.169,2465.0,0.6678541819656202
1617,MLP,0.169,2465.0,0.6678541819656202
2320,MLP,0.169,2465.0,0.6678541819656202
191,MLP,0.168,2474.0,0.6639023820723325
662,MLP,0.168,2474.0,0.6639023820723325
1527,MLP,0.168,2474.0,0.6639023820723325
1844,MLP,0.168,2474.0,0.6639023820723325
2129,MLP,0.168,2474.0,0.6639023820723325
2165,MLP,0.168,2474.0,0.6639023820723325
2555,MLP,0.168,2474.0,0.6639023820723325
524,MLP,0.167,2481.0,0.6599505821790448
1206,MLP,0.167,2481.0,0.6599505821790448
1307,MLP,0.167,2481.0,0.6599505821790448
2577,MLP,0.167,2481.0,0.6599505821790448
1223,MLP,0.166,2485.0,0.6559987822857571
1262,MLP,0.166,2485.0,0.6559987822857571
1373,MLP,0.166,2485.0,0.6559987822857571
2322,MLP,0.166,2485.0,0.6559987822857571
1156,MLP,0.165,2489.0,0.6520469823924694
108,MLP,0.164,2490.0,0.6480951824991817
139,MLP,0.164,2490.0,0.6480951824991817
328,MLP,0.164,2490.0,0.6480951824991817
1757,MLP,0.164,2490.0,0.6480951824991817
1911,MLP,0.164,2490.0,0.6480951824991817
2095,MLP,0.164,2490.0,0.6480951824991817
182,MLP,0.163,2496.0,0.644143382605894
2379,MLP,0.163,2496.0,0.644143382605894
2520,MLP,0.163,2496.0,0.644143382605894
2729,MLP,0.163,2496.0,0.644143382605894
336,MLP,0.162,2500.0,0.6401915827126063
1857,MLP,0.162,2500.0,0.6401915827126063
356,MLP,0.161,2502.0,0.6362397828193186
737,MLP,0.161,2502.0,0.6362397828193186
1077,MLP,0.161,2502.0,0.6362397828193186
1638,MLP,0.161,2502.0,0.6362397828193186
2336,MLP,0.161,2502.0,0.6362397828193186
2402,MLP,0.161,2502.0,0.6362397828193186
440,MLP,0.16,2508.0,0.632287982926031
796,MLP,0.16,2508.0,0.632287982926031
239,MLP,0.159,2510.0,0.6283361830327432
517,MLP,0.159,2510.0,0.6283361830327432
644,MLP,0.159,2510.0,0.6283361830327432
678,MLP,0.159,2510.0,0.6283361830327432
1228,MLP,0.159,2510.0,0.6283361830327432
1603,MLP,0.159,2510.0,0.6283361830327432
1714,MLP,0.159,2510.0,0.6283361830327432
2283,MLP,0.159,2510.0,0.6283361830327432
359,MLP,0.158,2518.0,0.6243843831394555
1196,MLP,0.158,2518.0,0.6243843831394555
2521,MLP,0.158,2518.0,0.6243843831394555
595,MLP,0.157,2521.0,0.6204325832461678
903,MLP,0.157,2521.0,0.6204325832461678
1064,MLP,0.157,2521.0,0.6204325832461678
1557,MLP,0.157,2521.0,0.6204325832461678
1823,MLP,0.157,2521.0,0.6204325832461678
2263,MLP,0.157,2521.0,0.6204325832461678
2362,MLP,0.157,2521.0,0.6204325832461678
2549,MLP,0.157,2521.0,0.6204325832461678
2641,MLP,0.157,2521.0,0.6204325832461678
475,MLP,0.156,2530.0,0.6164807833528801
504,MLP,0.156,2530.0,0.6164807833528801
828,MLP,0.156,2530.0,0.6164807833528801
2086,MLP,0.156,2530.0,0.6164807833528801
2438,MLP,0.156,2530.0,0.6164807833528801
2706,MLP,0.156,2530.0,0.6164807833528801
48,MLP,0.155,2536.0,0.6125289834595924
67,MLP,0.155,2536.0,0.6125289834595924
579,MLP,0.155,2536.0,0.6125289834595924
1036,MLP,0.155,2536.0,0.6125289834595924
1245,MLP,0.155,2536.0,0.6125289834595924
1386,MLP,0.155,2536.0,0.6125289834595924
2288,MLP,0.155,2536.0,0.6125289834595924
121,MLP,0.154,2543.0,0.6085771835663047
642,MLP,0.154,2543.0,0.6085771835663047
868,MLP,0.154,2543.0,0.6085771835663047
2563,MLP,0.154,2543.0,0.6085771835663047
498,MLP,0.153,2547.0,0.604625383673017
736,MLP,0.153,2547.0,0.604625383673017
1795,MLP,0.153,2547.0,0.604625383673017
2208,MLP,0.153,2547.0,0.604625383673017
273,MLP,0.152,2551.0,0.6006735837797293
576,MLP,0.152,2551.0,0.6006735837797293
993,MLP,0.152,2551.0,0.6006735837797293
1319,MLP,0.152,2551.0,0.6006735837797293
1366,MLP,0.152,2551.0,0.6006735837797293
1671,MLP,0.152,2551.0,0.6006735837797293
1801,MLP,0.152,2551.0,0.6006735837797293
2046,MLP,0.152,2551.0,0.6006735837797293
68,MLP,0.151,2559.0,0.5967217838864416
987,MLP,0.151,2559.0,0.5967217838864416
1086,MLP,0.151,2559.0,0.5967217838864416
1177,MLP,0.151,2559.0,0.5967217838864416
1827,MLP,0.151,2559.0,0.5967217838864416
1836,MLP,0.151,2559.0,0.5967217838864416
2681,MLP,0.151,2559.0,0.5967217838864416
274,MLP,0.15,2566.0,0.592769983993154
291,MLP,0.15,2566.0,0.592769983993154
760,MLP,0.15,2566.0,0.592769983993154
928,MLP,0.15,2566.0,0.592769983993154
1030,MLP,0.15,2566.0,0.592769983993154
1346,MLP,0.15,2566.0,0.592769983993154
1667,MLP,0.15,2566.0,0.592769983993154
1737,MLP,0.15,2566.0,0.592769983993154
1851,MLP,0.15,2566.0,0.592769983993154
72,MLP,0.149,2575.0,0.5888181840998663
841,MLP,0.149,2575.0,0.5888181840998663
1901,MLP,0.149,2575.0,0.5888181840998663
2272,MLP,0.149,2575.0,0.5888181840998663
2382,MLP,0.149,2575.0,0.5888181840998663
2536,MLP,0.149,2575.0,0.5888181840998663
30,MLP,0.148,2581.0,0.5848663842065785
49,MLP,0.148,2581.0,0.5848663842065785
103,MLP,0.148,2581.0,0.5848663842065785
634,MLP,0.148,2581.0,0.5848663842065785
1381,MLP,0.148,2581.0,0.5848663842065785
13,MLP,0.147,2586.0,0.5809145843132909
627,MLP,0.147,2586.0,0.5809145843132909
1139,MLP,0.147,2586.0,0.5809145843132909
2429,MLP,0.147,2586.0,0.5809145843132909
20,MLP,0.146,2590.0,0.5769627844200031
331,MLP,0.146,2590.0,0.5769627844200031
461,MLP,0.146,2590.0,0.5769627844200031
551,MLP,0.146,2590.0,0.5769627844200031
880,MLP,0.146,2590.0,0.5769627844200031
1197,MLP,0.146,2590.0,0.5769627844200031
1624,MLP,0.146,2590.0,0.5769627844200031
2732,MLP,0.146,2590.0,0.5769627844200031
1595,MLP,0.145,2598.0,0.5730109845267155
2557,MLP,0.145,2598.0,0.5730109845267155
254,MLP,0.144,2600.0,0.5690591846334278
329,MLP,0.144,2600.0,0.5690591846334278
2414,MLP,0.144,2600.0,0.5690591846334278
2478,MLP,0.144,2600.0,0.5690591846334278
94,MLP,0.143,2604.0,0.5651073847401401
1002,MLP,0.143,2604.0,0.5651073847401401
1399,MLP,0.143,2604.0,0.5651073847401401
2124,MLP,0.143,2604.0,0.5651073847401401
2280,MLP,0.143,2604.0,0.5651073847401401
2345,MLP,0.143,2604.0,0.5651073847401401
2516,MLP,0.143,2604.0,0.5651073847401401
854,MLP,0.142,2611.0,0.5611555848468524
992,MLP,0.142,2611.0,0.5611555848468524
1429,MLP,0.142,2611.0,0.5611555848468524
2011,MLP,0.142,2611.0,0.5611555848468524
1398,MLP,0.141,2615.0,0.5572037849535647
2664,MLP,0.141,2615.0,0.5572037849535647
2685,MLP,0.141,2615.0,0.5572037849535647
692,MLP,0.14,2618.0,0.5532519850602771
1057,MLP,0.14,2618.0,0.5532519850602771
1810,MLP,0.14,2618.0,0.5532519850602771
1941,MLP,0.14,2618.0,0.5532519850602771
2061,MLP,0.14,2618.0,0.5532519850602771
2270,MLP,0.14,2618.0,0.5532519850602771
802,MLP,0.139,2624.0,0.5493001851669894
1580,MLP,0.139,2624.0,0.5493001851669894
1350,MLP,0.138,2626.0,0.5453483852737017
1750,MLP,0.138,2626.0,0.5453483852737017
2062,MLP,0.138,2626.0,0.5453483852737017
140,MLP,0.137,2629.0,0.541396585380414
472,MLP,0.137,2629.0,0.541396585380414
1259,MLP,0.137,2629.0,0.541396585380414
1424,MLP,0.137,2629.0,0.541396585380414
1641,MLP,0.137,2629.0,0.541396585380414
2510,MLP,0.137,2629.0,0.541396585380414
2669,MLP,0.137,2629.0,0.541396585380414
322,MLP,0.136,2636.0,0.5374447854871263
479,MLP,0.136,2636.0,0.5374447854871263
550,MLP,0.136,2636.0,0.5374447854871263
1379,MLP,0.136,2636.0,0.5374447854871263
1487,MLP,0.136,2636.0,0.5374447854871263
2687,MLP,0.136,2636.0,0.5374447854871263
930,MLP,0.135,2642.0,0.5334929855938386
1159,MLP,0.135,2642.0,0.5334929855938386
2502,MLP,0.135,2642.0,0.5334929855938386
1054,MLP,0.134,2645.0,0.5295411857005509
1104,MLP,0.134,2645.0,0.5295411857005509
1310,MLP,0.134,2645.0,0.5295411857005509
1362,MLP,0.134,2645.0,0.5295411857005509
2310,MLP,0.134,2645.0,0.5295411857005509
50,MLP,0.133,2650.0,0.5255893858072632
1063,MLP,0.133,2650.0,0.5255893858072632
1602,MLP,0.133,2650.0,0.5255893858072632
1726,MLP,0.133,2650.0,0.5255893858072632
144,MLP,0.132,2654.0,0.5216375859139755
380,MLP,0.132,2654.0,0.5216375859139755
632,MLP,0.132,2654.0,0.5216375859139755
941,MLP,0.132,2654.0,0.5216375859139755
1713,MLP,0.132,2654.0,0.5216375859139755
1947,MLP,0.132,2654.0,0.5216375859139755
2297,MLP,0.132,2654.0,0.5216375859139755
2308,MLP,0.132,2654.0,0.5216375859139755
2626,MLP,0.132,2654.0,0.5216375859139755
106,MLP,0.131,2663.0,0.5176857860206878
439,MLP,0.131,2663.0,0.5176857860206878
1232,MLP,0.131,2663.0,0.5176857860206878
1464,MLP,0.131,2663.0,0.5176857860206878
1760,MLP,0.131,2663.0,0.5176857860206878
1878,MLP,0.131,2663.0,0.5176857860206878
1917,MLP,0.131,2663.0,0.5176857860206878
2094,MLP,0.131,2663.0,0.5176857860206878
687,MLP,0.13,2671.0,0.5137339861274002
1553,MLP,0.13,2671.0,0.5137339861274002
2449,MLP,0.13,2671.0,0.5137339861274002
2606,MLP,0.13,2671.0,0.5137339861274002
242,MLP,0.129,2675.0,0.5097821862341124
1289,MLP,0.129,2675.0,0.5097821862341124
1348,MLP,0.129,2675.0,0.5097821862341124
1509,MLP,0.129,2675.0,0.5097821862341124
2139,MLP,0.129,2675.0,0.5097821862341124
1091,MLP,0.128,2680.0,0.5058303863408248
2383,MLP,0.128,2680.0,0.5058303863408248
1247,MLP,0.127,2682.0,0.501878586447537
2493,MLP,0.127,2682.0,0.501878586447537
383,MLP,0.126,2684.0,0.4979267865542493
838,MLP,0.126,2684.0,0.4979267865542493
983,MLP,0.126,2684.0,0.4979267865542493
1024,MLP,0.126,2684.0,0.4979267865542493
1578,MLP,0.126,2684.0,0.4979267865542493
1732,MLP,0.126,2684.0,0.4979267865542493
1745,MLP,0.126,2684.0,0.4979267865542493
315,MLP,0.125,2691.0,0.4939749866609616
465,MLP,0.125,2691.0,0.4939749866609616
912,MLP,0.125,2691.0,0.4939749866609616
919,MLP,0.125,2691.0,0.4939749866609616
1505,MLP,0.125,2691.0,0.4939749866609616
252,MLP,0.124,2696.0,0.4900231867676739
764,MLP,0.124,2696.0,0.4900231867676739
1676,MLP,0.124,2696.0,0.4900231867676739
1821,MLP,0.124,2696.0,0.4900231867676739
1991,MLP,0.124,2696.0,0.4900231867676739
2352,MLP,0.124,2696.0,0.4900231867676739
2653,MLP,0.123,2702.0,0.4860713868743862
1886,MLP,0.122,2703.0,0.4821195869810986
571,MLP,0.121,2704.0,0.4781677870878109
1471,MLP,0.121,2704.0,0.4781677870878109
28,MLP,0.12,2706.0,0.4742159871945232
54,MLP,0.12,2706.0,0.4742159871945232
1235,MLP,0.12,2706.0,0.4742159871945232
158,MLP,0.119,2709.0,0.4702641873012355
207,MLP,0.119,2709.0,0.4702641873012355
789,MLP,0.119,2709.0,0.4702641873012355
985,MLP,0.119,2709.0,0.4702641873012355
1765,MLP,0.119,2709.0,0.4702641873012355
1850,MLP,0.119,2709.0,0.4702641873012355
2385,MLP,0.119,2709.0,0.4702641873012355
2589,MLP,0.119,2709.0,0.4702641873012355
229,MLP,0.118,2717.0,0.4663123874079478
520,MLP,0.118,2717.0,0.4663123874079478
1463,MLP,0.118,2717.0,0.4663123874079478
2477,MLP,0.118,2717.0,0.4663123874079478
1520,MLP,0.117,2721.0,0.46236058751466014
2604,MLP,0.117,2721.0,0.46236058751466014
1515,MLP,0.116,2723.0,0.45840878762137244
1619,MLP,0.116,2723.0,0.45840878762137244
2064,MLP,0.116,2723.0,0.45840878762137244
939,MLP,0.115,2726.0,0.45445698772808474
1016,MLP,0.115,2726.0,0.45445698772808474
1116,MLP,0.115,2726.0,0.45445698772808474
243,MLP,0.114,2729.0,0.45050518783479704
2492,MLP,0.114,2729.0,0.45050518783479704
2694,MLP,0.114,2729.0,0.45050518783479704
2738,MLP,0.114,2729.0,0.45050518783479704
631,MLP,0.112,2733.0,0.44260158804822164
1000,MLP,0.112,2733.0,0.44260158804822164
1859,MLP,0.112,2733.0,0.44260158804822164
2666,MLP,0.112,2733.0,0.44260158804822164
1095,MLP,0.111,2737.0,0.43864978815493394
2433,MLP,0.111,2737.0,0.43864978815493394
290,MLP,0.11,2739.0,0.43469798826164624
313,MLP,0.11,2739.0,0.43469798826164624
929,MLP,0.11,2739.0,0.43469798826164624
1234,MLP,0.11,2739.0,0.43469798826164624
1479,MLP,0.11,2739.0,0.43469798826164624
584,MLP,0.109,2744.0,0.43074618836835854
791,MLP,0.109,2744.0,0.43074618836835854
884,MLP,0.109,2744.0,0.43074618836835854
1324,MLP,0.109,2744.0,0.43074618836835854
1916,MLP,0.109,2744.0,0.43074618836835854
614,MLP,0.108,2749.0,0.42679438847507084
921,MLP,0.108,2749.0,0.42679438847507084
948,MLP,0.108,2749.0,0.42679438847507084
2596,MLP,0.107,2752.0,0.42284258858178314
758,MLP,0.106,2753.0,0.41889078868849544
2663,MLP,0.106,2753.0,0.41889078868849544
2768,MLP,0.105,2755.0,0.41493898879520774
894,MLP,0.104,2756.0,0.41098718890192004
1249,MLP,0.104,2756.0,0.41098718890192004
285,MLP,0.103,2758.0,0.4070353890086324
317,MLP,0.103,2758.0,0.4070353890086324
887,MLP,0.103,2758.0,0.4070353890086324
1889,MLP,0.103,2758.0,0.4070353890086324
1198,MLP,0.102,2762.0,0.4030835891153447
1322,MLP,0.101,2763.0,0.39913178922205705
2134,MLP,0.101,2763.0,0.39913178922205705
2340,MLP,0.1,2765.0,0.39517998932876935
2498,MLP,0.1,2765.0,0.39517998932876935
1642,MLP,0.099,2767.0,0.39122818943548165
2671,MLP,0.097,2768.0,0.38332458964890626
2126,MLP,0.096,2769.0,0.37937278975561856
134,MLP,0.094,2770.0,0.37146918996904316
693,MLP,0.094,2770.0,0.37146918996904316
2198,MLP,0.092,2772.0,0.36356559018246776
723,MLP,0.089,2773.0,0.35171019050260466
2423,MLP,0.089,2773.0,0.35171019050260466
663,MLP,0.088,2775.0,0.34775839060931696
726,MLP,0.087,2776.0,0.34380659071602926
361,MLP,0.086,2777.0,0.33985479082274156
2500,MLP,0.086,2777.0,0.33985479082274156
