Site,Reference_Model,Average_Relative_Error,Rank,Mean_over_SDofMean
1697,GAM,1.737,1.0,7.985988772754367
900,GAM,1.692,2.0,7.779097871905808
1681,GAM,1.643,3.0,7.5538166687596
307,GAM,1.618,4.0,7.43887727939929
2177,GAM,1.549,5.0,7.121644564764832
2648,GAM,1.494,6.0,6.86877790817215
522,GAM,1.43,7.0,6.574533071409755
1129,GAM,1.414,8.0,6.500971862219156
1729,GAM,1.41,9.0,6.482581559921506
1910,GAM,1.34,10.0,6.160751269712638
96,GAM,1.338,11.0,6.151556118563813
2188,GAM,1.315,12.0,6.045811880352327
2436,GAM,1.295,13.0,5.9538603688640785
2404,GAM,1.284,14.0,5.903287037545542
1597,GAM,1.282,15.0,5.894091886396717
748,GAM,1.267,16.0,5.825128252780531
220,GAM,1.265,17.0,5.815933101631706
2300,GAM,1.239,18.0,5.696396136696984
1572,GAM,1.237,19.0,5.687200985548159
1530,GAM,1.236,20.0,5.682603409973747
318,GAM,1.235,21.0,5.678005834399334
1692,GAM,1.225,22.0,5.632030078655211
84,GAM,1.221,23.0,5.6136397763575605
1885,GAM,1.219,24.0,5.604444625208735
606,GAM,1.218,25.0,5.599847049634323
2030,GAM,1.213,26.0,5.576859171762261
2110,GAM,1.212,27.0,5.5722615961878486
2583,GAM,1.203,28.0,5.530883416018137
1243,GAM,1.201,29.0,5.521688264869312
35,GAM,1.192,30.0,5.4803100846996
100,GAM,1.188,31.0,5.46191978240195
143,GAM,1.172,32.0,5.3883585732113515
2158,GAM,1.163,33.0,5.34698039304164
1169,GAM,1.149,34.0,5.282614334999867
2690,GAM,1.148,35.0,5.278016759425453
2758,GAM,1.148,35.0,5.278016759425453
294,GAM,1.142,37.0,5.250431305978979
2047,GAM,1.139,38.0,5.236638579255742
556,GAM,1.135,39.0,5.218248276958092
2486,GAM,1.132,40.0,5.204455550234854
1484,GAM,1.113,41.0,5.117101614321019
1558,GAM,1.11,42.0,5.103308887597782
2689,GAM,1.107,43.0,5.0895161608745445
955,GAM,1.096,44.0,5.038942829556008
2130,GAM,1.096,44.0,5.038942829556008
1070,GAM,1.094,46.0,5.029747678407183
193,GAM,1.076,47.0,4.94699131806776
1749,GAM,1.07,48.0,4.919405864621286
740,GAM,1.064,49.0,4.891820411174811
2004,GAM,1.046,50.0,4.809064050835388
1311,GAM,1.044,51.0,4.799868899686563
1412,GAM,1.044,51.0,4.799868899686563
2259,GAM,1.042,53.0,4.7906737485377375
527,GAM,1.041,54.0,4.786076172963325
2275,GAM,1.039,55.0,4.7768810218145
1371,GAM,1.037,56.0,4.767685870665675
1355,GAM,1.024,57.0,4.7079173881983145
1345,GAM,1.022,58.0,4.698722237049489
761,GAM,1.02,59.0,4.689527085900664
1009,GAM,1.016,60.0,4.671136783603015
2295,GAM,1.015,61.0,4.666539208028602
306,GAM,1.012,62.0,4.652746481305365
581,GAM,1.01,63.0,4.643551330156541
1837,GAM,1.01,63.0,4.643551330156541
2318,GAM,1.01,63.0,4.643551330156541
297,GAM,1.007,66.0,4.629758603433302
2085,GAM,1.0,67.0,4.597575574412416
2274,GAM,0.999,68.0,4.592977998838004
255,GAM,0.997,69.0,4.583782847689179
2724,GAM,0.991,70.0,4.556197394242704
1469,GAM,0.986,71.0,4.5332095163706425
539,GAM,0.985,72.0,4.52861194079623
1360,GAM,0.984,73.0,4.524014365221817
1758,GAM,0.984,73.0,4.524014365221817
1476,GAM,0.982,75.0,4.514819214072992
1972,GAM,0.979,76.0,4.501026487349756
1778,GAM,0.978,77.0,4.496428911775343
1025,GAM,0.976,78.0,4.487233760626518
1121,GAM,0.972,79.0,4.468843458328869
149,GAM,0.969,80.0,4.455050731605631
1040,GAM,0.967,81.0,4.445855580456806
369,GAM,0.966,82.0,4.4412580048823935
570,GAM,0.964,83.0,4.432062853733569
2541,GAM,0.962,84.0,4.422867702584744
2149,GAM,0.958,85.0,4.404477400287094
1423,GAM,0.956,86.0,4.39528224913827
2593,GAM,0.951,87.0,4.372294371266207
2612,GAM,0.927,88.0,4.26195255748031
970,GAM,0.925,89.0,4.252757406331485
1185,GAM,0.924,90.0,4.248159830757073
1114,GAM,0.922,91.0,4.238964679608248
2029,GAM,0.922,91.0,4.238964679608248
302,GAM,0.921,93.0,4.2343671040338355
476,GAM,0.918,94.0,4.220574377310598
964,GAM,0.918,94.0,4.220574377310598
1428,GAM,0.915,96.0,4.206781650587361
2339,GAM,0.912,97.0,4.192988923864124
117,GAM,0.908,98.0,4.174598621566474
1503,GAM,0.908,98.0,4.174598621566474
425,GAM,0.906,100.0,4.165403470417649
1853,GAM,0.905,101.0,4.160805894843237
1255,GAM,0.903,102.0,4.151610743694412
1614,GAM,0.903,102.0,4.151610743694412
2209,GAM,0.903,102.0,4.151610743694412
1314,GAM,0.893,105.0,4.105634987950288
1700,GAM,0.892,106.0,4.1010374123758755
1010,GAM,0.886,107.0,4.073451958929401
1649,GAM,0.886,107.0,4.073451958929401
2022,GAM,0.884,109.0,4.064256807780576
959,GAM,0.883,110.0,4.0596592322061635
2584,GAM,0.88,111.0,4.045866505482926
39,GAM,0.877,112.0,4.032073778759689
2199,GAM,0.877,112.0,4.032073778759689
2290,GAM,0.874,114.0,4.018281052036452
2578,GAM,0.873,115.0,4.013683476462039
885,GAM,0.869,116.0,3.99529317416439
951,GAM,0.866,117.0,3.981500447441152
2455,GAM,0.863,118.0,3.967707720717915
2566,GAM,0.858,119.0,3.944719842845853
2538,GAM,0.857,120.0,3.9401222672714407
2052,GAM,0.853,121.0,3.921731964973791
2309,GAM,0.85,122.0,3.907939238250554
2159,GAM,0.849,123.0,3.9033416626761412
2651,GAM,0.849,123.0,3.9033416626761412
638,GAM,0.841,125.0,3.866561058080842
1945,GAM,0.835,126.0,3.8389756046343675
1135,GAM,0.834,127.0,3.834378029059955
1354,GAM,0.832,128.0,3.82518287791113
288,GAM,0.83,129.0,3.8159877267623052
127,GAM,0.829,130.0,3.8113901511878927
1419,GAM,0.829,130.0,3.8113901511878927
2063,GAM,0.829,130.0,3.8113901511878927
1321,GAM,0.828,133.0,3.8067925756134806
1748,GAM,0.828,133.0,3.8067925756134806
249,GAM,0.827,135.0,3.802195000039068
484,GAM,0.827,135.0,3.802195000039068
194,GAM,0.826,137.0,3.7975974244646555
287,GAM,0.826,137.0,3.7975974244646555
467,GAM,0.824,139.0,3.788402273315831
714,GAM,0.824,139.0,3.788402273315831
176,GAM,0.822,141.0,3.779207122167006
775,GAM,0.821,142.0,3.7746095465925933
2708,GAM,0.821,142.0,3.7746095465925933
1960,GAM,0.816,144.0,3.7516216687205315
410,GAM,0.815,145.0,3.747024093146119
2422,GAM,0.815,145.0,3.747024093146119
797,GAM,0.813,147.0,3.7378289419972943
129,GAM,0.811,148.0,3.7286337908484697
2344,GAM,0.81,149.0,3.724036215274057
1406,GAM,0.807,150.0,3.71024348855082
877,GAM,0.804,151.0,3.696450761827583
1652,GAM,0.804,151.0,3.696450761827583
561,GAM,0.803,153.0,3.6918531862531703
2731,GAM,0.802,154.0,3.687255610678758
1559,GAM,0.801,155.0,3.6826580351043456
1377,GAM,0.798,156.0,3.6688653083811085
1931,GAM,0.795,157.0,3.655072581657871
1096,GAM,0.794,158.0,3.6504750060834588
2609,GAM,0.791,159.0,3.6366822793602216
160,GAM,0.789,160.0,3.6274871282113965
1277,GAM,0.789,160.0,3.6274871282113965
2117,GAM,0.788,162.0,3.622889552636984
69,GAM,0.784,163.0,3.6044992503393343
861,GAM,0.784,163.0,3.6044992503393343
636,GAM,0.783,165.0,3.599901674764922
2160,GAM,0.782,166.0,3.5953040991905096
1151,GAM,0.777,167.0,3.5723162213184474
1680,GAM,0.777,167.0,3.5723162213184474
339,GAM,0.776,169.0,3.567718645744035
2281,GAM,0.775,170.0,3.5631210701696228
1815,GAM,0.774,171.0,3.5585234945952102
1012,GAM,0.773,172.0,3.5539259190207977
2443,GAM,0.773,172.0,3.5539259190207977
351,GAM,0.772,174.0,3.5493283434463856
1041,GAM,0.772,174.0,3.5493283434463856
1437,GAM,0.772,174.0,3.5493283434463856
2057,GAM,0.77,177.0,3.5401331922975605
405,GAM,0.765,178.0,3.5171453144254983
815,GAM,0.764,179.0,3.512547738851086
1639,GAM,0.756,180.0,3.4757671342557868
1849,GAM,0.754,181.0,3.4665719831069617
2257,GAM,0.752,182.0,3.457376831958137
569,GAM,0.751,183.0,3.4527792563837245
1172,GAM,0.751,183.0,3.4527792563837245
429,GAM,0.75,185.0,3.448181680809312
2432,GAM,0.747,186.0,3.434388954086075
2662,GAM,0.745,187.0,3.42519380293725
923,GAM,0.742,188.0,3.4114010762140126
511,GAM,0.741,189.0,3.4068035006396005
1879,GAM,0.74,190.0,3.402205925065188
2255,GAM,0.74,190.0,3.402205925065188
2299,GAM,0.74,190.0,3.402205925065188
408,GAM,0.739,193.0,3.3976083494907754
655,GAM,0.739,193.0,3.3976083494907754
1856,GAM,0.739,193.0,3.3976083494907754
2054,GAM,0.739,193.0,3.3976083494907754
2430,GAM,0.739,193.0,3.3976083494907754
874,GAM,0.738,198.0,3.3930107739163633
2540,GAM,0.738,198.0,3.3930107739163633
214,GAM,0.737,200.0,3.3884131983419508
392,GAM,0.737,200.0,3.3884131983419508
75,GAM,0.734,202.0,3.3746204716187136
2456,GAM,0.733,203.0,3.370022896044301
1238,GAM,0.731,204.0,3.360827744895476
1468,GAM,0.731,204.0,3.360827744895476
996,GAM,0.73,206.0,3.356230169321064
1549,GAM,0.73,206.0,3.356230169321064
1791,GAM,0.726,208.0,3.337839867023414
2261,GAM,0.726,208.0,3.337839867023414
437,GAM,0.72,210.0,3.3102544135769394
837,GAM,0.72,210.0,3.3102544135769394
1793,GAM,0.72,210.0,3.3102544135769394
507,GAM,0.719,213.0,3.3056568380025273
2010,GAM,0.719,213.0,3.3056568380025273
2284,GAM,0.718,215.0,3.3010592624281148
843,GAM,0.716,216.0,3.2918641112792897
1019,GAM,0.715,217.0,3.2872665357048776
1212,GAM,0.715,217.0,3.2872665357048776
1488,GAM,0.713,219.0,3.2780713845560525
1192,GAM,0.712,220.0,3.27347380898164
2746,GAM,0.71,221.0,3.2642786578328153
427,GAM,0.707,222.0,3.250485931109578
1264,GAM,0.707,222.0,3.250485931109578
2227,GAM,0.707,222.0,3.250485931109578
51,GAM,0.706,225.0,3.2458883555351656
529,GAM,0.706,225.0,3.2458883555351656
1436,GAM,0.706,225.0,3.2458883555351656
844,GAM,0.705,228.0,3.241290779960753
2076,GAM,0.705,228.0,3.241290779960753
1142,GAM,0.704,230.0,3.236693204386341
1233,GAM,0.703,231.0,3.2320956288119285
2090,GAM,0.703,231.0,3.2320956288119285
2249,GAM,0.703,231.0,3.2320956288119285
402,GAM,0.702,234.0,3.227498053237516
2203,GAM,0.702,234.0,3.227498053237516
2161,GAM,0.701,236.0,3.2229004776631034
300,GAM,0.7,237.0,3.2183029020886913
696,GAM,0.7,237.0,3.2183029020886913
1305,GAM,0.7,237.0,3.2183029020886913
1344,GAM,0.7,237.0,3.2183029020886913
1764,GAM,0.7,237.0,3.2183029020886913
2542,GAM,0.699,242.0,3.2137053265142788
814,GAM,0.698,243.0,3.209107750939866
933,GAM,0.695,244.0,3.195315024216629
1523,GAM,0.695,244.0,3.195315024216629
293,GAM,0.693,246.0,3.186119873067804
1413,GAM,0.693,246.0,3.186119873067804
486,GAM,0.691,248.0,3.1769247219189793
1062,GAM,0.688,249.0,3.163131995195742
2576,GAM,0.687,250.0,3.15853441962133
1861,GAM,0.685,251.0,3.1493392684725054
1932,GAM,0.685,251.0,3.1493392684725054
1953,GAM,0.685,251.0,3.1493392684725054
1892,GAM,0.684,254.0,3.144741692898093
2389,GAM,0.684,254.0,3.144741692898093
320,GAM,0.683,256.0,3.1401441173236804
2210,GAM,0.682,257.0,3.1355465417492683
1663,GAM,0.68,258.0,3.126351390600443
2347,GAM,0.68,258.0,3.126351390600443
2189,GAM,0.679,260.0,3.1217538150260307
2224,GAM,0.678,261.0,3.1171562394516186
2633,GAM,0.678,261.0,3.1171562394516186
183,GAM,0.676,263.0,3.1079610883027935
2273,GAM,0.676,263.0,3.1079610883027935
2679,GAM,0.676,263.0,3.1079610883027935
2037,GAM,0.675,266.0,3.103363512728381
1459,GAM,0.673,267.0,3.0941683615795563
230,GAM,0.672,268.0,3.089570786005144
650,GAM,0.67,269.0,3.080375634856319
1543,GAM,0.67,269.0,3.080375634856319
2515,GAM,0.67,269.0,3.080375634856319
146,GAM,0.669,272.0,3.0757780592819066
664,GAM,0.668,273.0,3.071180483707494
2099,GAM,0.668,273.0,3.071180483707494
2517,GAM,0.667,275.0,3.066582908133082
763,GAM,0.666,276.0,3.0619853325586694
920,GAM,0.666,276.0,3.0619853325586694
358,GAM,0.665,278.0,3.057387756984257
241,GAM,0.664,279.0,3.0527901814098444
505,GAM,0.664,279.0,3.0527901814098444
850,GAM,0.664,279.0,3.0527901814098444
1920,GAM,0.664,279.0,3.0527901814098444
1929,GAM,0.664,279.0,3.0527901814098444
856,GAM,0.663,284.0,3.0481926058354323
1518,GAM,0.663,284.0,3.0481926058354323
588,GAM,0.661,286.0,3.038997454686607
59,GAM,0.66,287.0,3.0343998791121947
2067,GAM,0.66,287.0,3.0343998791121947
2776,GAM,0.66,287.0,3.0343998791121947
1637,GAM,0.659,290.0,3.0298023035377826
32,GAM,0.658,291.0,3.02520472796337
679,GAM,0.658,291.0,3.02520472796337
818,GAM,0.658,291.0,3.02520472796337
2497,GAM,0.657,294.0,3.0206071523889575
1220,GAM,0.654,295.0,3.0068144256657203
2156,GAM,0.654,295.0,3.0068144256657203
865,GAM,0.653,297.0,3.002216850091308
2266,GAM,0.652,298.0,2.9976192745168952
586,GAM,0.651,299.0,2.993021698942483
1122,GAM,0.651,299.0,2.993021698942483
2145,GAM,0.65,301.0,2.9884241233680706
1356,GAM,0.649,302.0,2.983826547793658
2509,GAM,0.648,303.0,2.979228972219246
262,GAM,0.646,304.0,2.970033821070421
1607,GAM,0.646,304.0,2.970033821070421
2411,GAM,0.645,306.0,2.9654362454960084
2739,GAM,0.644,307.0,2.9608386699215963
2152,GAM,0.642,308.0,2.951643518772771
2026,GAM,0.641,309.0,2.9470459431983587
2092,GAM,0.641,309.0,2.9470459431983587
25,GAM,0.64,311.0,2.9424483676239466
270,GAM,0.64,311.0,2.9424483676239466
1689,GAM,0.64,311.0,2.9424483676239466
371,GAM,0.639,314.0,2.937850792049534
1203,GAM,0.639,314.0,2.937850792049534
1011,GAM,0.635,316.0,2.9194604897518843
1923,GAM,0.635,316.0,2.9194604897518843
137,GAM,0.634,318.0,2.914862914177472
321,GAM,0.634,318.0,2.914862914177472
979,GAM,0.632,320.0,2.905667763028647
1871,GAM,0.632,320.0,2.905667763028647
2305,GAM,0.632,320.0,2.905667763028647
1958,GAM,0.63,323.0,2.896472611879822
2084,GAM,0.63,323.0,2.896472611879822
1448,GAM,0.629,325.0,2.89187503630541
2384,GAM,0.626,326.0,2.8780823095821724
1118,GAM,0.625,327.0,2.8734847340077603
1502,GAM,0.625,327.0,2.8734847340077603
168,GAM,0.622,329.0,2.8596920072845227
1361,GAM,0.622,329.0,2.8596920072845227
82,GAM,0.621,331.0,2.8550944317101106
189,GAM,0.62,332.0,2.850496856135698
1644,GAM,0.62,332.0,2.850496856135698
60,GAM,0.619,334.0,2.8458992805612855
70,GAM,0.619,334.0,2.8458992805612855
753,GAM,0.619,334.0,2.8458992805612855
1033,GAM,0.619,334.0,2.8458992805612855
1250,GAM,0.619,334.0,2.8458992805612855
1862,GAM,0.619,334.0,2.8458992805612855
1994,GAM,0.618,340.0,2.8413017049868734
404,GAM,0.617,341.0,2.836704129412461
1107,GAM,0.616,342.0,2.8321065538380483
2504,GAM,0.616,342.0,2.8321065538380483
904,GAM,0.615,344.0,2.827508978263636
940,GAM,0.615,344.0,2.827508978263636
2356,GAM,0.614,346.0,2.8229114026892237
2599,GAM,0.614,346.0,2.8229114026892237
2680,GAM,0.614,346.0,2.8229114026892237
334,GAM,0.613,349.0,2.818313827114811
925,GAM,0.613,349.0,2.818313827114811
1825,GAM,0.612,351.0,2.8137162515403986
2195,GAM,0.611,352.0,2.809118675965986
798,GAM,0.609,353.0,2.7999235248171614
2225,GAM,0.608,354.0,2.795325949242749
1253,GAM,0.607,355.0,2.7907283736683364
2164,GAM,0.607,355.0,2.7907283736683364
1686,GAM,0.604,357.0,2.776935646945099
509,GAM,0.603,358.0,2.7723380713706867
1158,GAM,0.602,359.0,2.7677404957962746
1775,GAM,0.602,359.0,2.7677404957962746
2157,GAM,0.602,359.0,2.7677404957962746
2511,GAM,0.601,362.0,2.763142920221862
672,GAM,0.6,363.0,2.7585453446474495
878,GAM,0.6,363.0,2.7585453446474495
2368,GAM,0.6,363.0,2.7585453446474495
2505,GAM,0.6,363.0,2.7585453446474495
601,GAM,0.599,367.0,2.7539477690730374
1263,GAM,0.599,367.0,2.7539477690730374
1841,GAM,0.599,367.0,2.7539477690730374
2394,GAM,0.599,367.0,2.7539477690730374
74,GAM,0.598,371.0,2.749350193498625
2552,GAM,0.597,372.0,2.7447526179242123
1144,GAM,0.596,373.0,2.7401550423498
821,GAM,0.595,374.0,2.7355574667753877
1295,GAM,0.595,374.0,2.7355574667753877
1688,GAM,0.595,374.0,2.7355574667753877
387,GAM,0.593,377.0,2.7263623156265626
403,GAM,0.593,377.0,2.7263623156265626
1772,GAM,0.593,377.0,2.7263623156265626
1779,GAM,0.593,377.0,2.7263623156265626
2723,GAM,0.593,377.0,2.7263623156265626
1847,GAM,0.591,382.0,2.717167164477738
2475,GAM,0.591,382.0,2.717167164477738
1754,GAM,0.59,384.0,2.7125695889033254
922,GAM,0.589,385.0,2.707972013328913
2474,GAM,0.589,385.0,2.707972013328913
276,GAM,0.588,387.0,2.7033744377545004
324,GAM,0.588,387.0,2.7033744377545004
1020,GAM,0.588,387.0,2.7033744377545004
1610,GAM,0.588,387.0,2.7033744377545004
2467,GAM,0.588,387.0,2.7033744377545004
1921,GAM,0.587,392.0,2.6987768621800883
1285,GAM,0.586,393.0,2.6941792866056757
1794,GAM,0.586,393.0,2.6941792866056757
12,GAM,0.585,395.0,2.689581711031263
830,GAM,0.584,396.0,2.684984135456851
2608,GAM,0.584,396.0,2.684984135456851
547,GAM,0.582,398.0,2.675788984308026
968,GAM,0.582,398.0,2.675788984308026
2469,GAM,0.582,398.0,2.675788984308026
44,GAM,0.581,401.0,2.6711914087336135
391,GAM,0.58,402.0,2.6665938331592014
952,GAM,0.58,402.0,2.6665938331592014
1140,GAM,0.58,402.0,2.6665938331592014
1922,GAM,0.58,402.0,2.6665938331592014
2659,GAM,0.58,402.0,2.6665938331592014
1369,GAM,0.578,407.0,2.6573986820103763
1669,GAM,0.578,407.0,2.6573986820103763
1715,GAM,0.578,407.0,2.6573986820103763
2179,GAM,0.578,407.0,2.6573986820103763
2762,GAM,0.578,407.0,2.6573986820103763
424,GAM,0.577,412.0,2.652801106435964
1271,GAM,0.577,412.0,2.652801106435964
1625,GAM,0.576,414.0,2.6482035308615517
38,GAM,0.575,415.0,2.643605955287139
2561,GAM,0.575,415.0,2.643605955287139
1093,GAM,0.574,417.0,2.6390083797127266
1746,GAM,0.574,417.0,2.6390083797127266
485,GAM,0.573,419.0,2.634410804138314
2211,GAM,0.573,419.0,2.634410804138314
244,GAM,0.572,421.0,2.629813228563902
965,GAM,0.572,421.0,2.629813228563902
1460,GAM,0.572,421.0,2.629813228563902
1601,GAM,0.572,421.0,2.629813228563902
1690,GAM,0.572,421.0,2.629813228563902
2005,GAM,0.572,421.0,2.629813228563902
1604,GAM,0.571,427.0,2.6252156529894894
1611,GAM,0.571,427.0,2.6252156529894894
2450,GAM,0.571,427.0,2.6252156529894894
325,GAM,0.57,430.0,2.620618077415077
746,GAM,0.57,430.0,2.620618077415077
1501,GAM,0.57,430.0,2.620618077415077
2717,GAM,0.57,430.0,2.620618077415077
86,GAM,0.568,434.0,2.6114229262662523
2607,GAM,0.568,434.0,2.6114229262662523
2665,GAM,0.568,434.0,2.6114229262662523
27,GAM,0.567,437.0,2.6068253506918397
188,GAM,0.567,437.0,2.6068253506918397
1475,GAM,0.567,437.0,2.6068253506918397
2600,GAM,0.567,437.0,2.6068253506918397
2660,GAM,0.567,437.0,2.6068253506918397
700,GAM,0.566,442.0,2.602227775117427
1814,GAM,0.566,442.0,2.602227775117427
552,GAM,0.565,444.0,2.597630199543015
1090,GAM,0.564,445.0,2.5930326239686026
2434,GAM,0.563,446.0,2.58843504839419
2495,GAM,0.563,446.0,2.58843504839419
674,GAM,0.562,448.0,2.583837472819778
825,GAM,0.562,448.0,2.583837472819778
1189,GAM,0.562,448.0,2.583837472819778
2392,GAM,0.561,451.0,2.579239897245366
528,GAM,0.56,452.0,2.5746423216709533
1661,GAM,0.56,452.0,2.5746423216709533
2359,GAM,0.56,452.0,2.5746423216709533
587,GAM,0.559,455.0,2.5700447460965408
997,GAM,0.559,455.0,2.5700447460965408
1125,GAM,0.559,455.0,2.5700447460965408
2023,GAM,0.559,455.0,2.5700447460965408
2673,GAM,0.559,455.0,2.5700447460965408
1439,GAM,0.558,460.0,2.5654471705221287
2132,GAM,0.558,460.0,2.5654471705221287
2408,GAM,0.558,460.0,2.5654471705221287
170,GAM,0.557,463.0,2.560849594947716
377,GAM,0.557,463.0,2.560849594947716
1693,GAM,0.556,465.0,2.5562520193733036
2080,GAM,0.556,465.0,2.5562520193733036
22,GAM,0.555,467.0,2.551654443798891
917,GAM,0.555,467.0,2.551654443798891
1438,GAM,0.555,467.0,2.551654443798891
927,GAM,0.554,470.0,2.547056868224479
1163,GAM,0.554,470.0,2.547056868224479
1382,GAM,0.554,470.0,2.547056868224479
2200,GAM,0.553,473.0,2.5424592926500664
292,GAM,0.552,474.0,2.537861717075654
1390,GAM,0.552,474.0,2.537861717075654
11,GAM,0.55,476.0,2.5286665659268293
942,GAM,0.55,476.0,2.5286665659268293
988,GAM,0.55,476.0,2.5286665659268293
2373,GAM,0.55,476.0,2.5286665659268293
2610,GAM,0.55,476.0,2.5286665659268293
2627,GAM,0.55,476.0,2.5286665659268293
656,GAM,0.549,482.0,2.5240689903524167
937,GAM,0.549,482.0,2.5240689903524167
2313,GAM,0.549,482.0,2.5240689903524167
2496,GAM,0.549,482.0,2.5240689903524167
93,GAM,0.548,486.0,2.519471414778004
1184,GAM,0.548,486.0,2.519471414778004
2441,GAM,0.548,486.0,2.519471414778004
2442,GAM,0.548,486.0,2.519471414778004
1909,GAM,0.547,490.0,2.5148738392035916
1522,GAM,0.546,491.0,2.5102762636291795
1884,GAM,0.546,491.0,2.5102762636291795
2106,GAM,0.545,493.0,2.505678688054767
1623,GAM,0.543,494.0,2.4964835369059424
463,GAM,0.542,495.0,2.49188596133153
958,GAM,0.542,495.0,2.49188596133153
264,GAM,0.541,497.0,2.4872883857571173
729,GAM,0.541,497.0,2.4872883857571173
1526,GAM,0.541,497.0,2.4872883857571173
1979,GAM,0.541,497.0,2.4872883857571173
2703,GAM,0.541,497.0,2.4872883857571173
238,GAM,0.54,502.0,2.4826908101827048
1538,GAM,0.54,502.0,2.4826908101827048
688,GAM,0.539,504.0,2.4780932346082927
1190,GAM,0.539,504.0,2.4780932346082927
2585,GAM,0.539,504.0,2.4780932346082927
2719,GAM,0.539,504.0,2.4780932346082927
26,GAM,0.538,508.0,2.47349565903388
260,GAM,0.538,508.0,2.47349565903388
1584,GAM,0.538,508.0,2.47349565903388
2401,GAM,0.538,508.0,2.47349565903388
995,GAM,0.537,512.0,2.4688980834594676
2213,GAM,0.537,512.0,2.4688980834594676
2630,GAM,0.537,512.0,2.4688980834594676
420,GAM,0.536,515.0,2.464300507885055
1905,GAM,0.536,515.0,2.464300507885055
431,GAM,0.535,517.0,2.459702932310643
1320,GAM,0.535,517.0,2.459702932310643
382,GAM,0.534,519.0,2.4551053567362304
1018,GAM,0.534,519.0,2.4551053567362304
2704,GAM,0.534,519.0,2.4551053567362304
132,GAM,0.533,522.0,2.450507781161818
151,GAM,0.533,522.0,2.450507781161818
228,GAM,0.533,522.0,2.450507781161818
501,GAM,0.533,522.0,2.450507781161818
623,GAM,0.533,522.0,2.450507781161818
1585,GAM,0.533,522.0,2.450507781161818
131,GAM,0.532,528.0,2.4459102055874054
774,GAM,0.532,528.0,2.4459102055874054
769,GAM,0.531,530.0,2.4413126300129933
1043,GAM,0.531,530.0,2.4413126300129933
1252,GAM,0.531,530.0,2.4413126300129933
1756,GAM,0.531,530.0,2.4413126300129933
452,GAM,0.53,534.0,2.4367150544385807
2748,GAM,0.529,535.0,2.432117478864168
1106,GAM,0.528,536.0,2.4275199032897556
2183,GAM,0.528,536.0,2.4275199032897556
659,GAM,0.527,538.0,2.4229223277153435
719,GAM,0.527,538.0,2.4229223277153435
1828,GAM,0.527,538.0,2.4229223277153435
567,GAM,0.525,541.0,2.4137271765665185
1893,GAM,0.525,541.0,2.4137271765665185
981,GAM,0.524,543.0,2.4091296009921064
879,GAM,0.523,544.0,2.404532025417694
960,GAM,0.523,544.0,2.404532025417694
1312,GAM,0.523,544.0,2.404532025417694
2770,GAM,0.522,547.0,2.3999344498432813
312,GAM,0.521,548.0,2.3953368742688688
2096,GAM,0.521,548.0,2.3953368742688688
2480,GAM,0.521,548.0,2.3953368742688688
2736,GAM,0.521,548.0,2.3953368742688688
460,GAM,0.52,552.0,2.3907392986944567
2672,GAM,0.52,552.0,2.3907392986944567
2705,GAM,0.519,554.0,2.386141723120044
1678,GAM,0.517,555.0,2.376946571971219
2036,GAM,0.517,555.0,2.376946571971219
110,GAM,0.516,557.0,2.372348996396807
1427,GAM,0.516,557.0,2.372348996396807
1493,GAM,0.516,557.0,2.372348996396807
1670,GAM,0.516,557.0,2.372348996396807
1824,GAM,0.516,557.0,2.372348996396807
2682,GAM,0.516,557.0,2.372348996396807
2287,GAM,0.515,563.0,2.3677514208223944
1716,GAM,0.514,564.0,2.363153845247982
2013,GAM,0.514,564.0,2.363153845247982
370,GAM,0.513,566.0,2.3585562696735693
1411,GAM,0.513,566.0,2.3585562696735693
245,GAM,0.512,568.0,2.3539586940991573
454,GAM,0.512,568.0,2.3539586940991573
534,GAM,0.512,568.0,2.3539586940991573
593,GAM,0.512,568.0,2.3539586940991573
1400,GAM,0.512,568.0,2.3539586940991573
1647,GAM,0.512,568.0,2.3539586940991573
2091,GAM,0.512,568.0,2.3539586940991573
2204,GAM,0.512,568.0,2.3539586940991573
187,GAM,0.511,576.0,2.3493611185247447
277,GAM,0.511,576.0,2.3493611185247447
281,GAM,0.511,576.0,2.3493611185247447
1656,GAM,0.511,576.0,2.3493611185247447
2292,GAM,0.511,576.0,2.3493611185247447
2319,GAM,0.511,576.0,2.3493611185247447
1105,GAM,0.51,582.0,2.344763542950332
2501,GAM,0.509,583.0,2.34016596737592
1999,GAM,0.508,584.0,2.3355683918015075
538,GAM,0.507,585.0,2.330970816227095
1031,GAM,0.507,585.0,2.330970816227095
1933,GAM,0.507,585.0,2.330970816227095
823,GAM,0.506,588.0,2.3263732406526825
1819,GAM,0.506,588.0,2.3263732406526825
2487,GAM,0.506,588.0,2.3263732406526825
2525,GAM,0.506,588.0,2.3263732406526825
457,GAM,0.505,592.0,2.3217756650782704
1080,GAM,0.505,592.0,2.3217756650782704
381,GAM,0.504,594.0,2.317178089503858
668,GAM,0.504,594.0,2.317178089503858
780,GAM,0.504,594.0,2.317178089503858
2260,GAM,0.504,594.0,2.317178089503858
1343,GAM,0.503,598.0,2.3125805139294453
1445,GAM,0.503,598.0,2.3125805139294453
2103,GAM,0.503,598.0,2.3125805139294453
991,GAM,0.502,601.0,2.3079829383550328
2506,GAM,0.502,601.0,2.3079829383550328
624,GAM,0.501,603.0,2.3033853627806207
212,GAM,0.5,604.0,2.298787787206208
280,GAM,0.5,604.0,2.298787787206208
1919,GAM,0.5,604.0,2.298787787206208
2038,GAM,0.5,604.0,2.298787787206208
2234,GAM,0.5,604.0,2.298787787206208
2544,GAM,0.499,609.0,2.2941902116317956
192,GAM,0.498,610.0,2.289592636057383
836,GAM,0.498,610.0,2.289592636057383
1568,GAM,0.498,610.0,2.289592636057383
2677,GAM,0.498,610.0,2.289592636057383
335,GAM,0.497,614.0,2.284995060482971
1872,GAM,0.497,614.0,2.284995060482971
863,GAM,0.496,616.0,2.2803974849085584
2710,GAM,0.496,616.0,2.2803974849085584
1226,GAM,0.495,618.0,2.275799909334146
2533,GAM,0.495,618.0,2.275799909334146
2656,GAM,0.495,618.0,2.275799909334146
1627,GAM,0.494,621.0,2.271202333759734
411,GAM,0.493,622.0,2.2666047581853213
1968,GAM,0.493,622.0,2.2666047581853213
2089,GAM,0.493,622.0,2.2666047581853213
266,GAM,0.492,625.0,2.2620071826109087
323,GAM,0.492,625.0,2.2620071826109087
518,GAM,0.492,625.0,2.2620071826109087
998,GAM,0.492,625.0,2.2620071826109087
1565,GAM,0.492,625.0,2.2620071826109087
211,GAM,0.491,630.0,2.257409607036496
491,GAM,0.491,630.0,2.257409607036496
1521,GAM,0.491,630.0,2.257409607036496
1838,GAM,0.491,630.0,2.257409607036496
2332,GAM,0.491,630.0,2.257409607036496
873,GAM,0.49,635.0,2.252812031462084
1258,GAM,0.49,635.0,2.252812031462084
1453,GAM,0.489,637.0,2.2482144558876715
81,GAM,0.488,638.0,2.243616880313259
1008,GAM,0.488,638.0,2.243616880313259
1349,GAM,0.488,638.0,2.243616880313259
1674,GAM,0.488,638.0,2.243616880313259
2380,GAM,0.488,638.0,2.243616880313259
2416,GAM,0.487,643.0,2.2390193047388465
52,GAM,0.486,644.0,2.2344217291644344
265,GAM,0.486,644.0,2.2344217291644344
1084,GAM,0.486,644.0,2.2344217291644344
1513,GAM,0.486,644.0,2.2344217291644344
1534,GAM,0.486,644.0,2.2344217291644344
901,GAM,0.485,649.0,2.229824153590022
1073,GAM,0.485,649.0,2.229824153590022
1146,GAM,0.485,649.0,2.229824153590022
259,GAM,0.484,652.0,2.2252265780156093
1826,GAM,0.484,652.0,2.2252265780156093
444,GAM,0.483,654.0,2.2206290024411968
459,GAM,0.483,654.0,2.2206290024411968
1291,GAM,0.483,654.0,2.2206290024411968
1404,GAM,0.483,654.0,2.2206290024411968
1662,GAM,0.483,654.0,2.2206290024411968
695,GAM,0.482,659.0,2.2160314268667847
2741,GAM,0.482,659.0,2.2160314268667847
438,GAM,0.481,661.0,2.211433851292372
913,GAM,0.481,661.0,2.211433851292372
2774,GAM,0.481,661.0,2.211433851292372
599,GAM,0.48,664.0,2.2068362757179596
1539,GAM,0.48,664.0,2.2068362757179596
1912,GAM,0.48,664.0,2.2068362757179596
2374,GAM,0.48,664.0,2.2068362757179596
557,GAM,0.479,668.0,2.202238700143547
732,GAM,0.479,668.0,2.202238700143547
1165,GAM,0.479,668.0,2.202238700143547
1385,GAM,0.479,668.0,2.202238700143547
1808,GAM,0.479,668.0,2.202238700143547
34,GAM,0.478,673.0,2.197641124569135
1855,GAM,0.478,673.0,2.197641124569135
1913,GAM,0.478,673.0,2.197641124569135
2765,GAM,0.478,673.0,2.197641124569135
156,GAM,0.477,677.0,2.1930435489947224
635,GAM,0.477,677.0,2.1930435489947224
637,GAM,0.477,677.0,2.1930435489947224
1954,GAM,0.477,677.0,2.1930435489947224
2170,GAM,0.477,677.0,2.1930435489947224
2212,GAM,0.477,677.0,2.1930435489947224
1450,GAM,0.476,683.0,2.18844597342031
2481,GAM,0.476,683.0,2.18844597342031
2490,GAM,0.476,683.0,2.18844597342031
1863,GAM,0.475,686.0,2.183848397845898
1914,GAM,0.475,686.0,2.183848397845898
2122,GAM,0.475,686.0,2.183848397845898
222,GAM,0.474,689.0,2.1792508222714853
657,GAM,0.474,689.0,2.1792508222714853
891,GAM,0.473,691.0,2.1746532466970727
1222,GAM,0.472,692.0,2.17005567112266
1391,GAM,0.472,692.0,2.17005567112266
1524,GAM,0.472,692.0,2.17005567112266
1888,GAM,0.472,692.0,2.17005567112266
1001,GAM,0.471,696.0,2.165458095548248
1088,GAM,0.471,696.0,2.165458095548248
2327,GAM,0.471,696.0,2.165458095548248
2393,GAM,0.471,696.0,2.165458095548248
2602,GAM,0.471,696.0,2.165458095548248
173,GAM,0.47,701.0,2.1608605199738355
116,GAM,0.469,702.0,2.156262944399423
1788,GAM,0.469,702.0,2.156262944399423
630,GAM,0.468,704.0,2.151665368825011
1244,GAM,0.468,704.0,2.151665368825011
1930,GAM,0.468,704.0,2.151665368825011
133,GAM,0.467,707.0,2.1470677932505984
555,GAM,0.467,707.0,2.1470677932505984
2314,GAM,0.467,707.0,2.1470677932505984
2531,GAM,0.467,707.0,2.1470677932505984
180,GAM,0.466,711.0,2.1424702176761863
253,GAM,0.466,711.0,2.1424702176761863
488,GAM,0.466,711.0,2.1424702176761863
1100,GAM,0.466,711.0,2.1424702176761863
1575,GAM,0.466,711.0,2.1424702176761863
2019,GAM,0.466,711.0,2.1424702176761863
918,GAM,0.465,717.0,2.1378726421017737
1363,GAM,0.465,717.0,2.1378726421017737
2367,GAM,0.465,717.0,2.1378726421017737
2419,GAM,0.465,717.0,2.1378726421017737
1594,GAM,0.464,721.0,2.133275066527361
2136,GAM,0.464,721.0,2.133275066527361
2140,GAM,0.464,721.0,2.133275066527361
1147,GAM,0.463,724.0,2.1286774909529487
1935,GAM,0.463,724.0,2.1286774909529487
104,GAM,0.462,726.0,2.1240799153785366
423,GAM,0.462,726.0,2.1240799153785366
1270,GAM,0.462,726.0,2.1240799153785366
1499,GAM,0.462,726.0,2.1240799153785366
2752,GAM,0.462,726.0,2.1240799153785366
310,GAM,0.461,731.0,2.119482339804124
816,GAM,0.461,731.0,2.119482339804124
872,GAM,0.461,731.0,2.119482339804124
1443,GAM,0.461,731.0,2.119482339804124
1891,GAM,0.461,731.0,2.119482339804124
2044,GAM,0.461,731.0,2.119482339804124
2466,GAM,0.461,731.0,2.119482339804124
2635,GAM,0.461,731.0,2.119482339804124
15,GAM,0.46,739.0,2.1148847642297115
373,GAM,0.46,739.0,2.1148847642297115
2053,GAM,0.46,739.0,2.1148847642297115
1926,GAM,0.459,742.0,2.110287188655299
2133,GAM,0.459,742.0,2.110287188655299
442,GAM,0.458,744.0,2.105689613080887
566,GAM,0.458,744.0,2.105689613080887
902,GAM,0.458,744.0,2.105689613080887
2012,GAM,0.458,744.0,2.105689613080887
654,GAM,0.457,748.0,2.1010920375064743
2186,GAM,0.457,748.0,2.1010920375064743
2632,GAM,0.457,748.0,2.1010920375064743
602,GAM,0.456,751.0,2.096494461932062
1660,GAM,0.456,751.0,2.096494461932062
2390,GAM,0.456,751.0,2.096494461932062
2676,GAM,0.456,751.0,2.096494461932062
418,GAM,0.455,755.0,2.0918968863576493
2323,GAM,0.455,755.0,2.0918968863576493
2733,GAM,0.455,755.0,2.0918968863576493
283,GAM,0.454,758.0,2.087299310783237
409,GAM,0.454,758.0,2.087299310783237
1221,GAM,0.454,758.0,2.087299310783237
1473,GAM,0.454,758.0,2.087299310783237
800,GAM,0.453,762.0,2.0827017352088246
546,GAM,0.452,763.0,2.078104159634412
2644,GAM,0.452,763.0,2.078104159634412
876,GAM,0.451,765.0,2.0735065840599995
1286,GAM,0.45,766.0,2.0689090084855875
1650,GAM,0.45,766.0,2.0689090084855875
1883,GAM,0.45,766.0,2.0689090084855875
1431,GAM,0.449,769.0,2.064311432911175
2529,GAM,0.449,769.0,2.064311432911175
2727,GAM,0.449,769.0,2.064311432911175
1807,GAM,0.448,772.0,2.0597138573367624
2073,GAM,0.448,772.0,2.0597138573367624
2226,GAM,0.448,772.0,2.0597138573367624
1126,GAM,0.447,775.0,2.0551162817623503
1648,GAM,0.447,775.0,2.0551162817623503
2163,GAM,0.447,775.0,2.0551162817623503
2546,GAM,0.447,775.0,2.0551162817623503
1026,GAM,0.446,779.0,2.0505187061879377
2567,GAM,0.446,779.0,2.0505187061879377
428,GAM,0.445,781.0,2.045921130613525
1943,GAM,0.445,781.0,2.045921130613525
2537,GAM,0.445,781.0,2.045921130613525
1183,GAM,0.444,784.0,2.0413235550391127
1640,GAM,0.444,784.0,2.0413235550391127
1948,GAM,0.444,784.0,2.0413235550391127
1514,GAM,0.443,787.0,2.0367259794647006
2444,GAM,0.443,787.0,2.0367259794647006
2667,GAM,0.443,787.0,2.0367259794647006
17,GAM,0.442,790.0,2.032128403890288
1337,GAM,0.442,790.0,2.032128403890288
1380,GAM,0.442,790.0,2.032128403890288
10,GAM,0.441,793.0,2.0275308283158755
697,GAM,0.441,793.0,2.0275308283158755
1048,GAM,0.441,793.0,2.0275308283158755
1296,GAM,0.441,793.0,2.0275308283158755
1480,GAM,0.441,793.0,2.0275308283158755
2388,GAM,0.441,793.0,2.0275308283158755
827,GAM,0.44,799.0,2.022933252741463
1873,GAM,0.44,799.0,2.022933252741463
1974,GAM,0.44,799.0,2.022933252741463
3,GAM,0.439,802.0,2.018335677167051
101,GAM,0.439,802.0,2.018335677167051
349,GAM,0.439,802.0,2.018335677167051
608,GAM,0.439,802.0,2.018335677167051
1566,GAM,0.439,802.0,2.018335677167051
1705,GAM,0.439,802.0,2.018335677167051
2547,GAM,0.439,802.0,2.018335677167051
2564,GAM,0.439,802.0,2.018335677167051
455,GAM,0.438,810.0,2.0137381015926383
845,GAM,0.438,810.0,2.0137381015926383
1809,GAM,0.438,810.0,2.0137381015926383
2437,GAM,0.438,810.0,2.0137381015926383
1279,GAM,0.437,814.0,2.009140526018226
1508,GAM,0.437,814.0,2.009140526018226
2248,GAM,0.437,814.0,2.009140526018226
2276,GAM,0.437,814.0,2.009140526018226
812,GAM,0.436,818.0,2.0045429504438133
1781,GAM,0.436,818.0,2.0045429504438133
2220,GAM,0.436,818.0,2.0045429504438133
364,GAM,0.435,821.0,1.999945374869401
495,GAM,0.435,821.0,1.999945374869401
1119,GAM,0.435,821.0,1.999945374869401
1583,GAM,0.435,821.0,1.999945374869401
1875,GAM,0.435,821.0,1.999945374869401
282,GAM,0.434,826.0,1.9953477992949886
303,GAM,0.434,826.0,1.9953477992949886
1492,GAM,0.434,826.0,1.9953477992949886
1702,GAM,0.434,826.0,1.9953477992949886
414,GAM,0.433,830.0,1.990750223720576
1347,GAM,0.433,830.0,1.990750223720576
1551,GAM,0.433,830.0,1.990750223720576
53,GAM,0.432,833.0,1.9861526481461638
1532,GAM,0.432,833.0,1.9861526481461638
2616,GAM,0.432,833.0,1.9861526481461638
506,GAM,0.431,836.0,1.9815550725717515
899,GAM,0.431,836.0,1.9815550725717515
1166,GAM,0.431,836.0,1.9815550725717515
1422,GAM,0.431,836.0,1.9815550725717515
1858,GAM,0.431,836.0,1.9815550725717515
1980,GAM,0.431,836.0,1.9815550725717515
1272,GAM,0.43,842.0,1.976957496997339
559,GAM,0.429,843.0,1.9723599214229266
735,GAM,0.429,843.0,1.9723599214229266
849,GAM,0.429,843.0,1.9723599214229266
1017,GAM,0.429,843.0,1.9723599214229266
1302,GAM,0.429,843.0,1.9723599214229266
1811,GAM,0.429,843.0,1.9723599214229266
1839,GAM,0.429,843.0,1.9723599214229266
721,GAM,0.428,850.0,1.967762345848514
1806,GAM,0.428,850.0,1.967762345848514
1940,GAM,0.428,850.0,1.967762345848514
2714,GAM,0.428,850.0,1.967762345848514
523,GAM,0.427,854.0,1.9631647702741017
562,GAM,0.427,854.0,1.9631647702741017
776,GAM,0.427,854.0,1.9631647702741017
851,GAM,0.427,854.0,1.9631647702741017
2605,GAM,0.427,854.0,1.9631647702741017
1408,GAM,0.426,859.0,1.9585671946996892
2060,GAM,0.426,859.0,1.9585671946996892
765,GAM,0.425,861.0,1.953969619125277
1109,GAM,0.425,861.0,1.953969619125277
2108,GAM,0.425,861.0,1.953969619125277
2269,GAM,0.425,861.0,1.953969619125277
2298,GAM,0.425,861.0,1.953969619125277
125,GAM,0.424,866.0,1.9493720435508644
469,GAM,0.424,866.0,1.9493720435508644
708,GAM,0.424,866.0,1.9493720435508644
1207,GAM,0.424,866.0,1.9493720435508644
1383,GAM,0.424,866.0,1.9493720435508644
2034,GAM,0.424,866.0,1.9493720435508644
1004,GAM,0.423,872.0,1.944774467976452
1194,GAM,0.423,872.0,1.944774467976452
1500,GAM,0.423,872.0,1.944774467976452
1798,GAM,0.423,872.0,1.944774467976452
2151,GAM,0.422,876.0,1.9401768924020395
2242,GAM,0.422,876.0,1.9401768924020395
2581,GAM,0.422,876.0,1.9401768924020395
2078,GAM,0.421,879.0,1.9355793168276272
2175,GAM,0.421,879.0,1.9355793168276272
61,GAM,0.42,881.0,1.9309817412532146
316,GAM,0.42,881.0,1.9309817412532146
713,GAM,0.42,881.0,1.9309817412532146
2571,GAM,0.42,881.0,1.9309817412532146
596,GAM,0.419,885.0,1.9263841656788023
860,GAM,0.419,885.0,1.9263841656788023
1396,GAM,0.419,885.0,1.9263841656788023
1952,GAM,0.419,885.0,1.9263841656788023
2114,GAM,0.419,885.0,1.9263841656788023
199,GAM,0.418,890.0,1.9217865901043898
483,GAM,0.418,890.0,1.9217865901043898
2128,GAM,0.418,890.0,1.9217865901043898
2447,GAM,0.418,890.0,1.9217865901043898
1646,GAM,0.417,894.0,1.9171890145299775
1890,GAM,0.417,894.0,1.9171890145299775
2691,GAM,0.417,894.0,1.9171890145299775
2722,GAM,0.417,894.0,1.9171890145299775
978,GAM,0.416,898.0,1.912591438955565
1783,GAM,0.416,898.0,1.912591438955565
2232,GAM,0.416,898.0,1.912591438955565
2246,GAM,0.416,898.0,1.912591438955565
99,GAM,0.415,902.0,1.9079938633811526
314,GAM,0.415,902.0,1.9079938633811526
905,GAM,0.415,902.0,1.9079938633811526
1655,GAM,0.415,902.0,1.9079938633811526
1657,GAM,0.415,902.0,1.9079938633811526
1845,GAM,0.415,902.0,1.9079938633811526
1924,GAM,0.415,902.0,1.9079938633811526
2622,GAM,0.415,902.0,1.9079938633811526
931,GAM,0.414,910.0,1.9033962878067403
1112,GAM,0.414,910.0,1.9033962878067403
1818,GAM,0.414,910.0,1.9033962878067403
2674,GAM,0.414,910.0,1.9033962878067403
225,GAM,0.413,914.0,1.8987987122323278
367,GAM,0.413,914.0,1.8987987122323278
412,GAM,0.413,914.0,1.8987987122323278
1044,GAM,0.413,914.0,1.8987987122323278
1171,GAM,0.413,914.0,1.8987987122323278
1606,GAM,0.413,914.0,1.8987987122323278
1608,GAM,0.413,914.0,1.8987987122323278
1989,GAM,0.413,914.0,1.8987987122323278
451,GAM,0.412,922.0,1.8942011366579155
482,GAM,0.412,922.0,1.8942011366579155
496,GAM,0.412,922.0,1.8942011366579155
1098,GAM,0.412,922.0,1.8942011366579155
1304,GAM,0.412,922.0,1.8942011366579155
2766,GAM,0.412,922.0,1.8942011366579155
2418,GAM,0.411,928.0,1.889603561083503
2697,GAM,0.411,928.0,1.889603561083503
1254,GAM,0.41,930.0,1.8850059855090906
1418,GAM,0.41,930.0,1.8850059855090906
1506,GAM,0.41,930.0,1.8850059855090906
1869,GAM,0.41,930.0,1.8850059855090906
2522,GAM,0.41,930.0,1.8850059855090906
2742,GAM,0.41,930.0,1.8850059855090906
1711,GAM,0.409,936.0,1.880408409934678
2104,GAM,0.409,936.0,1.880408409934678
2351,GAM,0.409,936.0,1.880408409934678
2484,GAM,0.409,936.0,1.880408409934678
141,GAM,0.408,940.0,1.8758108343602657
376,GAM,0.408,940.0,1.8758108343602657
1672,GAM,0.408,940.0,1.8758108343602657
1966,GAM,0.408,940.0,1.8758108343602657
2598,GAM,0.408,940.0,1.8758108343602657
698,GAM,0.407,945.0,1.8712132587858532
1993,GAM,0.407,945.0,1.8712132587858532
2250,GAM,0.407,945.0,1.8712132587858532
2252,GAM,0.407,945.0,1.8712132587858532
177,GAM,0.406,949.0,1.8666156832114411
224,GAM,0.406,949.0,1.8666156832114411
449,GAM,0.406,949.0,1.8666156832114411
2453,GAM,0.406,949.0,1.8666156832114411
711,GAM,0.405,953.0,1.8620181076370286
1677,GAM,0.405,953.0,1.8620181076370286
2757,GAM,0.405,953.0,1.8620181076370286
464,GAM,0.404,956.0,1.8574205320626163
745,GAM,0.404,956.0,1.8574205320626163
343,GAM,0.403,958.0,1.852822956488204
943,GAM,0.403,958.0,1.852822956488204
1517,GAM,0.403,958.0,1.852822956488204
308,GAM,0.402,961.0,1.8482253809137914
1045,GAM,0.402,961.0,1.8482253809137914
1248,GAM,0.402,961.0,1.8482253809137914
1537,GAM,0.402,961.0,1.8482253809137914
2278,GAM,0.402,961.0,1.8482253809137914
221,GAM,0.401,966.0,1.843627805339379
1315,GAM,0.401,966.0,1.843627805339379
1394,GAM,0.401,966.0,1.843627805339379
2045,GAM,0.401,966.0,1.843627805339379
171,GAM,0.4,970.0,1.8390302297649666
2001,GAM,0.4,970.0,1.8390302297649666
2107,GAM,0.4,970.0,1.8390302297649666
1472,GAM,0.399,973.0,1.8344326541905542
1654,GAM,0.399,973.0,1.8344326541905542
2079,GAM,0.399,973.0,1.8344326541905542
400,GAM,0.398,976.0,1.8298350786161417
973,GAM,0.398,976.0,1.8298350786161417
1353,GAM,0.398,976.0,1.8298350786161417
1533,GAM,0.398,976.0,1.8298350786161417
2372,GAM,0.398,976.0,1.8298350786161417
296,GAM,0.397,981.0,1.8252375030417294
372,GAM,0.397,981.0,1.8252375030417294
379,GAM,0.397,981.0,1.8252375030417294
826,GAM,0.397,981.0,1.8252375030417294
1039,GAM,0.397,981.0,1.8252375030417294
1384,GAM,0.397,981.0,1.8252375030417294
330,GAM,0.396,987.0,1.8206399274673168
803,GAM,0.396,987.0,1.8206399274673168
956,GAM,0.396,987.0,1.8206399274673168
1540,GAM,0.396,987.0,1.8206399274673168
1682,GAM,0.396,987.0,1.8206399274673168
1152,GAM,0.395,992.0,1.8160423518929045
2326,GAM,0.395,992.0,1.8160423518929045
159,GAM,0.394,994.0,1.811444776318492
961,GAM,0.394,994.0,1.811444776318492
1969,GAM,0.394,994.0,1.811444776318492
2191,GAM,0.394,994.0,1.811444776318492
2338,GAM,0.394,994.0,1.811444776318492
2524,GAM,0.394,994.0,1.811444776318492
782,GAM,0.393,1000.0,1.8068472007440797
1835,GAM,0.393,1000.0,1.8068472007440797
1846,GAM,0.393,1000.0,1.8068472007440797
1934,GAM,0.393,1000.0,1.8068472007440797
2238,GAM,0.393,1000.0,1.8068472007440797
649,GAM,0.392,1005.0,1.8022496251696671
835,GAM,0.392,1005.0,1.8022496251696671
1388,GAM,0.392,1005.0,1.8022496251696671
1776,GAM,0.392,1005.0,1.8022496251696671
1900,GAM,0.392,1005.0,1.8022496251696671
2245,GAM,0.392,1005.0,1.8022496251696671
2369,GAM,0.392,1005.0,1.8022496251696671
208,GAM,0.391,1012.0,1.7976520495952548
389,GAM,0.391,1012.0,1.7976520495952548
628,GAM,0.391,1012.0,1.7976520495952548
962,GAM,0.391,1012.0,1.7976520495952548
1111,GAM,0.391,1012.0,1.7976520495952548
2568,GAM,0.391,1012.0,1.7976520495952548
257,GAM,0.39,1018.0,1.7930544740208423
967,GAM,0.39,1018.0,1.7930544740208423
1454,GAM,0.39,1018.0,1.7930544740208423
1939,GAM,0.39,1018.0,1.7930544740208423
2294,GAM,0.39,1018.0,1.7930544740208423
1787,GAM,0.389,1023.0,1.78845689844643
122,GAM,0.388,1024.0,1.7838593228720174
1032,GAM,0.388,1024.0,1.7838593228720174
1328,GAM,0.388,1024.0,1.7838593228720174
1442,GAM,0.388,1024.0,1.7838593228720174
1658,GAM,0.388,1024.0,1.7838593228720174
1708,GAM,0.388,1024.0,1.7838593228720174
2055,GAM,0.388,1024.0,1.7838593228720174
2658,GAM,0.388,1024.0,1.7838593228720174
77,GAM,0.386,1032.0,1.7746641717231928
966,GAM,0.386,1032.0,1.7746641717231928
1023,GAM,0.386,1032.0,1.7746641717231928
1467,GAM,0.386,1032.0,1.7746641717231928
1762,GAM,0.386,1032.0,1.7746641717231928
2462,GAM,0.386,1032.0,1.7746641717231928
2526,GAM,0.386,1032.0,1.7746641717231928
2737,GAM,0.386,1032.0,1.7746641717231928
210,GAM,0.385,1040.0,1.7700665961487803
362,GAM,0.385,1040.0,1.7700665961487803
2016,GAM,0.385,1040.0,1.7700665961487803
2489,GAM,0.385,1040.0,1.7700665961487803
43,GAM,0.384,1044.0,1.765469020574368
65,GAM,0.384,1044.0,1.765469020574368
219,GAM,0.384,1044.0,1.765469020574368
710,GAM,0.384,1044.0,1.765469020574368
2354,GAM,0.384,1044.0,1.765469020574368
130,GAM,0.383,1049.0,1.7608714449999554
609,GAM,0.383,1049.0,1.7608714449999554
666,GAM,0.383,1049.0,1.7608714449999554
1780,GAM,0.383,1049.0,1.7608714449999554
1942,GAM,0.383,1049.0,1.7608714449999554
1981,GAM,0.383,1049.0,1.7608714449999554
2701,GAM,0.383,1049.0,1.7608714449999554
97,GAM,0.382,1056.0,1.756273869425543
536,GAM,0.382,1056.0,1.756273869425543
1951,GAM,0.382,1056.0,1.756273869425543
2638,GAM,0.382,1056.0,1.756273869425543
340,GAM,0.381,1060.0,1.7516762938511306
1397,GAM,0.381,1060.0,1.7516762938511306
1482,GAM,0.381,1060.0,1.7516762938511306
1829,GAM,0.381,1060.0,1.7516762938511306
1957,GAM,0.381,1060.0,1.7516762938511306
2759,GAM,0.381,1060.0,1.7516762938511306
445,GAM,0.38,1066.0,1.7470787182767182
474,GAM,0.38,1066.0,1.7470787182767182
613,GAM,0.38,1066.0,1.7470787182767182
734,GAM,0.38,1066.0,1.7470787182767182
1563,GAM,0.38,1066.0,1.7470787182767182
1596,GAM,0.38,1066.0,1.7470787182767182
1733,GAM,0.38,1066.0,1.7470787182767182
1773,GAM,0.38,1066.0,1.7470787182767182
236,GAM,0.379,1074.0,1.7424811427023057
407,GAM,0.379,1074.0,1.7424811427023057
468,GAM,0.379,1074.0,1.7424811427023057
575,GAM,0.379,1074.0,1.7424811427023057
1180,GAM,0.379,1074.0,1.7424811427023057
1199,GAM,0.379,1074.0,1.7424811427023057
1267,GAM,0.379,1074.0,1.7424811427023057
2634,GAM,0.379,1074.0,1.7424811427023057
2756,GAM,0.379,1074.0,1.7424811427023057
352,GAM,0.378,1083.0,1.7378835671278934
653,GAM,0.378,1083.0,1.7378835671278934
718,GAM,0.378,1083.0,1.7378835671278934
755,GAM,0.378,1083.0,1.7378835671278934
2684,GAM,0.378,1083.0,1.7378835671278934
184,GAM,0.377,1088.0,1.7332859915534808
883,GAM,0.377,1088.0,1.7332859915534808
1153,GAM,0.377,1088.0,1.7332859915534808
24,GAM,0.376,1091.0,1.7286884159790685
298,GAM,0.376,1091.0,1.7286884159790685
676,GAM,0.376,1091.0,1.7286884159790685
810,GAM,0.376,1091.0,1.7286884159790685
1609,GAM,0.376,1091.0,1.7286884159790685
1995,GAM,0.376,1091.0,1.7286884159790685
23,GAM,0.375,1097.0,1.724090840404656
138,GAM,0.375,1097.0,1.724090840404656
950,GAM,0.375,1097.0,1.724090840404656
1102,GAM,0.375,1097.0,1.724090840404656
2233,GAM,0.375,1097.0,1.724090840404656
2321,GAM,0.375,1097.0,1.724090840404656
1160,GAM,0.374,1103.0,1.7194932648302437
1261,GAM,0.374,1103.0,1.7194932648302437
1378,GAM,0.374,1103.0,1.7194932648302437
1415,GAM,0.374,1103.0,1.7194932648302437
2251,GAM,0.374,1103.0,1.7194932648302437
2258,GAM,0.374,1103.0,1.7194932648302437
2277,GAM,0.374,1103.0,1.7194932648302437
2699,GAM,0.374,1103.0,1.7194932648302437
29,GAM,0.373,1111.0,1.7148956892558311
250,GAM,0.372,1112.0,1.7102981136814188
847,GAM,0.372,1112.0,1.7102981136814188
1281,GAM,0.372,1112.0,1.7102981136814188
2135,GAM,0.372,1112.0,1.7102981136814188
2457,GAM,0.372,1112.0,1.7102981136814188
333,GAM,0.371,1117.0,1.7057005381070063
526,GAM,0.371,1117.0,1.7057005381070063
1317,GAM,0.371,1117.0,1.7057005381070063
1898,GAM,0.371,1117.0,1.7057005381070063
1962,GAM,0.371,1117.0,1.7057005381070063
2025,GAM,0.371,1117.0,1.7057005381070063
2406,GAM,0.371,1117.0,1.7057005381070063
2617,GAM,0.371,1117.0,1.7057005381070063
90,GAM,0.37,1125.0,1.701102962532594
164,GAM,0.37,1125.0,1.701102962532594
667,GAM,0.37,1125.0,1.701102962532594
805,GAM,0.37,1125.0,1.701102962532594
890,GAM,0.37,1125.0,1.701102962532594
1516,GAM,0.37,1125.0,1.701102962532594
1874,GAM,0.37,1125.0,1.701102962532594
2162,GAM,0.37,1125.0,1.701102962532594
2206,GAM,0.37,1125.0,1.701102962532594
2216,GAM,0.37,1125.0,1.701102962532594
1246,GAM,0.369,1135.0,1.6965053869581816
1432,GAM,0.369,1135.0,1.6965053869581816
1599,GAM,0.369,1135.0,1.6965053869581816
1796,GAM,0.369,1135.0,1.6965053869581816
1946,GAM,0.369,1135.0,1.6965053869581816
2153,GAM,0.369,1135.0,1.6965053869581816
2293,GAM,0.369,1135.0,1.6965053869581816
2695,GAM,0.369,1135.0,1.6965053869581816
76,GAM,0.368,1143.0,1.6919078113837691
350,GAM,0.368,1143.0,1.6919078113837691
450,GAM,0.368,1143.0,1.6919078113837691
684,GAM,0.368,1143.0,1.6919078113837691
944,GAM,0.368,1143.0,1.6919078113837691
1416,GAM,0.368,1143.0,1.6919078113837691
1489,GAM,0.368,1143.0,1.6919078113837691
1768,GAM,0.368,1143.0,1.6919078113837691
2131,GAM,0.368,1143.0,1.6919078113837691
458,GAM,0.367,1152.0,1.6873102358093568
1210,GAM,0.367,1152.0,1.6873102358093568
2594,GAM,0.367,1152.0,1.6873102358093568
743,GAM,0.366,1155.0,1.6827126602349443
1342,GAM,0.366,1155.0,1.6827126602349443
2196,GAM,0.366,1155.0,1.6827126602349443
2205,GAM,0.366,1155.0,1.6827126602349443
2760,GAM,0.366,1155.0,1.6827126602349443
157,GAM,0.365,1160.0,1.678115084660532
749,GAM,0.365,1160.0,1.678115084660532
2247,GAM,0.365,1160.0,1.678115084660532
2452,GAM,0.365,1160.0,1.678115084660532
234,GAM,0.364,1164.0,1.6735175090861194
251,GAM,0.364,1164.0,1.6735175090861194
712,GAM,0.364,1164.0,1.6735175090861194
1022,GAM,0.364,1164.0,1.6735175090861194
1440,GAM,0.364,1164.0,1.6735175090861194
1491,GAM,0.364,1164.0,1.6735175090861194
1510,GAM,0.364,1164.0,1.6735175090861194
1544,GAM,0.364,1164.0,1.6735175090861194
1569,GAM,0.364,1164.0,1.6735175090861194
2241,GAM,0.364,1164.0,1.6735175090861194
7,GAM,0.363,1174.0,1.668919933511707
694,GAM,0.363,1174.0,1.668919933511707
1007,GAM,0.363,1174.0,1.668919933511707
2464,GAM,0.363,1174.0,1.668919933511707
2590,GAM,0.363,1174.0,1.668919933511707
473,GAM,0.362,1179.0,1.6643223579372945
548,GAM,0.362,1179.0,1.6643223579372945
794,GAM,0.362,1179.0,1.6643223579372945
954,GAM,0.362,1179.0,1.6643223579372945
1053,GAM,0.362,1179.0,1.6643223579372945
2315,GAM,0.362,1179.0,1.6643223579372945
2639,GAM,0.362,1179.0,1.6643223579372945
204,GAM,0.361,1186.0,1.6597247823628822
502,GAM,0.361,1186.0,1.6597247823628822
625,GAM,0.361,1186.0,1.6597247823628822
871,GAM,0.361,1186.0,1.6597247823628822
1081,GAM,0.361,1186.0,1.6597247823628822
1665,GAM,0.361,1186.0,1.6597247823628822
248,GAM,0.36,1192.0,1.6551272067884697
1108,GAM,0.36,1192.0,1.6551272067884697
1589,GAM,0.36,1192.0,1.6551272067884697
1691,GAM,0.36,1192.0,1.6551272067884697
2588,GAM,0.36,1192.0,1.6551272067884697
1128,GAM,0.359,1197.0,1.6505296312140574
1155,GAM,0.359,1197.0,1.6505296312140574
1955,GAM,0.359,1197.0,1.6505296312140574
2087,GAM,0.359,1197.0,1.6505296312140574
2403,GAM,0.359,1197.0,1.6505296312140574
585,GAM,0.358,1202.0,1.6459320556396448
806,GAM,0.358,1202.0,1.6459320556396448
832,GAM,0.358,1202.0,1.6459320556396448
1219,GAM,0.358,1202.0,1.6459320556396448
1864,GAM,0.358,1202.0,1.6459320556396448
2488,GAM,0.358,1202.0,1.6459320556396448
2657,GAM,0.358,1202.0,1.6459320556396448
289,GAM,0.357,1209.0,1.6413344800652325
399,GAM,0.357,1209.0,1.6413344800652325
1240,GAM,0.357,1209.0,1.6413344800652325
2615,GAM,0.357,1209.0,1.6413344800652325
565,GAM,0.356,1213.0,1.63673690449082
822,GAM,0.356,1213.0,1.63673690449082
935,GAM,0.356,1213.0,1.63673690449082
976,GAM,0.356,1213.0,1.63673690449082
1699,GAM,0.356,1213.0,1.63673690449082
1736,GAM,0.356,1213.0,1.63673690449082
494,GAM,0.355,1219.0,1.6321393289164077
725,GAM,0.355,1219.0,1.6321393289164077
767,GAM,0.355,1219.0,1.6321393289164077
1014,GAM,0.355,1219.0,1.6321393289164077
1629,GAM,0.355,1219.0,1.6321393289164077
2168,GAM,0.355,1219.0,1.6321393289164077
9,GAM,0.354,1225.0,1.6275417533419954
216,GAM,0.354,1225.0,1.6275417533419954
578,GAM,0.354,1225.0,1.6275417533419954
980,GAM,0.354,1225.0,1.6275417533419954
1561,GAM,0.354,1225.0,1.6275417533419954
1897,GAM,0.354,1225.0,1.6275417533419954
2014,GAM,0.354,1225.0,1.6275417533419954
41,GAM,0.353,1232.0,1.6229441777675828
175,GAM,0.353,1232.0,1.6229441777675828
394,GAM,0.353,1232.0,1.6229441777675828
541,GAM,0.353,1232.0,1.6229441777675828
633,GAM,0.353,1232.0,1.6229441777675828
862,GAM,0.353,1232.0,1.6229441777675828
897,GAM,0.353,1232.0,1.6229441777675828
1224,GAM,0.353,1232.0,1.6229441777675828
1352,GAM,0.353,1232.0,1.6229441777675828
1789,GAM,0.353,1232.0,1.6229441777675828
2611,GAM,0.353,1232.0,1.6229441777675828
46,GAM,0.352,1243.0,1.6183466021931705
63,GAM,0.352,1243.0,1.6183466021931705
422,GAM,0.352,1243.0,1.6183466021931705
730,GAM,0.352,1243.0,1.6183466021931705
1097,GAM,0.352,1243.0,1.6183466021931705
1167,GAM,0.352,1243.0,1.6183466021931705
1937,GAM,0.352,1243.0,1.6183466021931705
1956,GAM,0.352,1243.0,1.6183466021931705
1986,GAM,0.352,1243.0,1.6183466021931705
2118,GAM,0.352,1243.0,1.6183466021931705
2642,GAM,0.352,1243.0,1.6183466021931705
87,GAM,0.351,1254.0,1.613749026618758
111,GAM,0.351,1254.0,1.613749026618758
174,GAM,0.351,1254.0,1.613749026618758
819,GAM,0.351,1254.0,1.613749026618758
1290,GAM,0.351,1254.0,1.613749026618758
2264,GAM,0.351,1254.0,1.613749026618758
342,GAM,0.35,1260.0,1.6091514510443456
531,GAM,0.35,1260.0,1.6091514510443456
533,GAM,0.35,1260.0,1.6091514510443456
2033,GAM,0.35,1260.0,1.6091514510443456
2081,GAM,0.35,1260.0,1.6091514510443456
2296,GAM,0.35,1260.0,1.6091514510443456
2334,GAM,0.35,1260.0,1.6091514510443456
786,GAM,0.349,1267.0,1.604553875469933
886,GAM,0.349,1267.0,1.604553875469933
1215,GAM,0.349,1267.0,1.604553875469933
1333,GAM,0.349,1267.0,1.604553875469933
1591,GAM,0.349,1267.0,1.604553875469933
2333,GAM,0.349,1267.0,1.604553875469933
2512,GAM,0.349,1267.0,1.604553875469933
169,GAM,0.348,1274.0,1.5999562998955208
1511,GAM,0.348,1274.0,1.5999562998955208
1651,GAM,0.348,1274.0,1.5999562998955208
1731,GAM,0.348,1274.0,1.5999562998955208
1752,GAM,0.348,1274.0,1.5999562998955208
2256,GAM,0.348,1274.0,1.5999562998955208
2628,GAM,0.348,1274.0,1.5999562998955208
1021,GAM,0.347,1281.0,1.5953587243211083
1685,GAM,0.347,1281.0,1.5953587243211083
1744,GAM,0.347,1281.0,1.5953587243211083
1928,GAM,0.347,1281.0,1.5953587243211083
2361,GAM,0.347,1281.0,1.5953587243211083
338,GAM,0.346,1286.0,1.590761148746696
478,GAM,0.346,1286.0,1.590761148746696
766,GAM,0.346,1286.0,1.590761148746696
792,GAM,0.346,1286.0,1.590761148746696
2306,GAM,0.346,1286.0,1.590761148746696
2528,GAM,0.346,1286.0,1.590761148746696
162,GAM,0.345,1292.0,1.5861635731722834
739,GAM,0.345,1292.0,1.5861635731722834
1120,GAM,0.345,1292.0,1.5861635731722834
1211,GAM,0.345,1292.0,1.5861635731722834
2439,GAM,0.345,1292.0,1.5861635731722834
2698,GAM,0.345,1292.0,1.5861635731722834
2702,GAM,0.345,1292.0,1.5861635731722834
196,GAM,0.344,1299.0,1.581565997597871
1407,GAM,0.344,1299.0,1.581565997597871
1456,GAM,0.344,1299.0,1.581565997597871
1877,GAM,0.344,1299.0,1.581565997597871
1998,GAM,0.344,1299.0,1.581565997597871
2346,GAM,0.344,1299.0,1.581565997597871
2412,GAM,0.344,1299.0,1.581565997597871
286,GAM,0.343,1306.0,1.5769684220234588
582,GAM,0.343,1306.0,1.5769684220234588
616,GAM,0.343,1306.0,1.5769684220234588
1242,GAM,0.343,1306.0,1.5769684220234588
1554,GAM,0.343,1306.0,1.5769684220234588
1579,GAM,0.343,1306.0,1.5769684220234588
2148,GAM,0.343,1306.0,1.5769684220234588
91,GAM,0.342,1313.0,1.5723708464490465
563,GAM,0.342,1313.0,1.5723708464490465
1546,GAM,0.342,1313.0,1.5723708464490465
2119,GAM,0.342,1313.0,1.5723708464490465
2613,GAM,0.342,1313.0,1.5723708464490465
1124,GAM,0.341,1318.0,1.5677732708746341
1739,GAM,0.341,1318.0,1.5677732708746341
2335,GAM,0.341,1318.0,1.5677732708746341
2582,GAM,0.341,1318.0,1.5677732708746341
344,GAM,0.34,1322.0,1.5631756953002216
772,GAM,0.34,1322.0,1.5631756953002216
1268,GAM,0.34,1322.0,1.5631756953002216
1433,GAM,0.34,1322.0,1.5631756953002216
2573,GAM,0.34,1322.0,1.5631756953002216
640,GAM,0.339,1327.0,1.5585781197258093
768,GAM,0.339,1327.0,1.5585781197258093
892,GAM,0.339,1327.0,1.5585781197258093
1218,GAM,0.339,1327.0,1.5585781197258093
1978,GAM,0.339,1327.0,1.5585781197258093
2279,GAM,0.339,1327.0,1.5585781197258093
145,GAM,0.338,1333.0,1.5539805441513967
513,GAM,0.338,1333.0,1.5539805441513967
795,GAM,0.338,1333.0,1.5539805441513967
853,GAM,0.338,1333.0,1.5539805441513967
986,GAM,0.338,1333.0,1.5539805441513967
1405,GAM,0.338,1333.0,1.5539805441513967
1720,GAM,0.338,1333.0,1.5539805441513967
1860,GAM,0.338,1333.0,1.5539805441513967
1977,GAM,0.338,1333.0,1.5539805441513967
2750,GAM,0.338,1333.0,1.5539805441513967
490,GAM,0.337,1343.0,1.5493829685769844
497,GAM,0.337,1343.0,1.5493829685769844
573,GAM,0.337,1343.0,1.5493829685769844
598,GAM,0.337,1343.0,1.5493829685769844
670,GAM,0.337,1343.0,1.5493829685769844
1574,GAM,0.337,1343.0,1.5493829685769844
1593,GAM,0.337,1343.0,1.5493829685769844
2000,GAM,0.337,1343.0,1.5493829685769844
2100,GAM,0.337,1343.0,1.5493829685769844
413,GAM,0.336,1352.0,1.544785393002572
717,GAM,0.336,1352.0,1.544785393002572
857,GAM,0.336,1352.0,1.544785393002572
1214,GAM,0.336,1352.0,1.544785393002572
1562,GAM,0.336,1352.0,1.544785393002572
1728,GAM,0.336,1352.0,1.544785393002572
2021,GAM,0.336,1352.0,1.544785393002572
2237,GAM,0.336,1352.0,1.544785393002572
4,GAM,0.335,1360.0,1.5401878174281596
592,GAM,0.335,1360.0,1.5401878174281596
1802,GAM,0.335,1360.0,1.5401878174281596
1803,GAM,0.335,1360.0,1.5401878174281596
2020,GAM,0.335,1360.0,1.5401878174281596
2396,GAM,0.335,1360.0,1.5401878174281596
2415,GAM,0.335,1360.0,1.5401878174281596
92,GAM,0.334,1367.0,1.535590241853747
213,GAM,0.334,1367.0,1.535590241853747
481,GAM,0.334,1367.0,1.535590241853747
811,GAM,0.334,1367.0,1.535590241853747
855,GAM,0.334,1367.0,1.535590241853747
898,GAM,0.334,1367.0,1.535590241853747
1239,GAM,0.334,1367.0,1.535590241853747
1673,GAM,0.334,1367.0,1.535590241853747
2068,GAM,0.334,1367.0,1.535590241853747
2137,GAM,0.334,1367.0,1.535590241853747
355,GAM,0.333,1377.0,1.5309926662793347
390,GAM,0.333,1377.0,1.5309926662793347
580,GAM,0.333,1377.0,1.5309926662793347
2562,GAM,0.333,1377.0,1.5309926662793347
417,GAM,0.332,1381.0,1.5263950907049222
443,GAM,0.332,1381.0,1.5263950907049222
532,GAM,0.332,1381.0,1.5263950907049222
651,GAM,0.332,1381.0,1.5263950907049222
741,GAM,0.332,1381.0,1.5263950907049222
831,GAM,0.332,1381.0,1.5263950907049222
1055,GAM,0.332,1381.0,1.5263950907049222
1269,GAM,0.332,1381.0,1.5263950907049222
1316,GAM,0.332,1381.0,1.5263950907049222
1706,GAM,0.332,1381.0,1.5263950907049222
1949,GAM,0.332,1381.0,1.5263950907049222
1971,GAM,0.332,1381.0,1.5263950907049222
989,GAM,0.331,1393.0,1.5217975151305099
2222,GAM,0.331,1393.0,1.5217975151305099
2391,GAM,0.331,1393.0,1.5217975151305099
205,GAM,0.33,1396.0,1.5171999395560973
235,GAM,0.33,1396.0,1.5171999395560973
516,GAM,0.33,1396.0,1.5171999395560973
525,GAM,0.33,1396.0,1.5171999395560973
1200,GAM,0.33,1396.0,1.5171999395560973
1341,GAM,0.33,1396.0,1.5171999395560973
1635,GAM,0.33,1396.0,1.5171999395560973
1834,GAM,0.33,1396.0,1.5171999395560973
2115,GAM,0.33,1396.0,1.5171999395560973
2302,GAM,0.33,1396.0,1.5171999395560973
2325,GAM,0.33,1396.0,1.5171999395560973
2471,GAM,0.33,1396.0,1.5171999395560973
2532,GAM,0.33,1396.0,1.5171999395560973
45,GAM,0.329,1409.0,1.512602363981685
895,GAM,0.329,1409.0,1.512602363981685
1417,GAM,0.329,1409.0,1.512602363981685
1486,GAM,0.329,1409.0,1.512602363981685
1545,GAM,0.329,1409.0,1.512602363981685
396,GAM,0.328,1414.0,1.5080047884072725
568,GAM,0.328,1414.0,1.5080047884072725
722,GAM,0.328,1414.0,1.5080047884072725
889,GAM,0.328,1414.0,1.5080047884072725
1035,GAM,0.328,1414.0,1.5080047884072725
2065,GAM,0.328,1414.0,1.5080047884072725
2201,GAM,0.328,1414.0,1.5080047884072725
1695,GAM,0.327,1421.0,1.5034072128328602
1843,GAM,0.327,1421.0,1.5034072128328602
2049,GAM,0.327,1421.0,1.5034072128328602
2105,GAM,0.327,1421.0,1.5034072128328602
2337,GAM,0.327,1421.0,1.5034072128328602
2508,GAM,0.327,1421.0,1.5034072128328602
18,GAM,0.326,1427.0,1.4988096372584476
365,GAM,0.326,1427.0,1.4988096372584476
512,GAM,0.326,1427.0,1.4988096372584476
914,GAM,0.326,1427.0,1.4988096372584476
1430,GAM,0.326,1427.0,1.4988096372584476
1854,GAM,0.326,1427.0,1.4988096372584476
2070,GAM,0.326,1427.0,1.4988096372584476
284,GAM,0.325,1434.0,1.4942120616840353
337,GAM,0.325,1434.0,1.4942120616840353
840,GAM,0.325,1434.0,1.4942120616840353
1908,GAM,0.325,1434.0,1.4942120616840353
2683,GAM,0.325,1434.0,1.4942120616840353
448,GAM,0.324,1439.0,1.489614486109623
622,GAM,0.324,1439.0,1.489614486109623
1046,GAM,0.324,1439.0,1.489614486109623
1297,GAM,0.324,1439.0,1.489614486109623
1340,GAM,0.324,1439.0,1.489614486109623
1577,GAM,0.324,1439.0,1.489614486109623
2371,GAM,0.324,1439.0,1.489614486109623
2629,GAM,0.324,1439.0,1.489614486109623
37,GAM,0.323,1447.0,1.4850169105352105
95,GAM,0.323,1447.0,1.4850169105352105
348,GAM,0.323,1447.0,1.4850169105352105
705,GAM,0.323,1447.0,1.4850169105352105
1275,GAM,0.323,1447.0,1.4850169105352105
1441,GAM,0.323,1447.0,1.4850169105352105
1494,GAM,0.323,1447.0,1.4850169105352105
1616,GAM,0.323,1447.0,1.4850169105352105
2461,GAM,0.323,1447.0,1.4850169105352105
2769,GAM,0.323,1447.0,1.4850169105352105
55,GAM,0.322,1457.0,1.4804193349607981
279,GAM,0.322,1457.0,1.4804193349607981
415,GAM,0.322,1457.0,1.4804193349607981
583,GAM,0.322,1457.0,1.4804193349607981
957,GAM,0.322,1457.0,1.4804193349607981
1157,GAM,0.322,1457.0,1.4804193349607981
1257,GAM,0.322,1457.0,1.4804193349607981
1375,GAM,0.322,1457.0,1.4804193349607981
2316,GAM,0.322,1457.0,1.4804193349607981
2763,GAM,0.322,1457.0,1.4804193349607981
319,GAM,0.321,1467.0,1.4758217593863856
549,GAM,0.321,1467.0,1.4758217593863856
554,GAM,0.321,1467.0,1.4758217593863856
1496,GAM,0.321,1467.0,1.4758217593863856
416,GAM,0.32,1471.0,1.4712241838119733
689,GAM,0.32,1471.0,1.4712241838119733
1840,GAM,0.32,1471.0,1.4712241838119733
1965,GAM,0.32,1471.0,1.4712241838119733
747,GAM,0.319,1475.0,1.4666266082375607
1127,GAM,0.319,1475.0,1.4666266082375607
1478,GAM,0.319,1475.0,1.4666266082375607
1782,GAM,0.319,1475.0,1.4666266082375607
1867,GAM,0.319,1475.0,1.4666266082375607
2024,GAM,0.319,1475.0,1.4666266082375607
2435,GAM,0.319,1475.0,1.4666266082375607
2647,GAM,0.319,1475.0,1.4666266082375607
669,GAM,0.318,1483.0,1.4620290326631484
709,GAM,0.318,1483.0,1.4620290326631484
1451,GAM,0.318,1483.0,1.4620290326631484
1876,GAM,0.318,1483.0,1.4620290326631484
1938,GAM,0.318,1483.0,1.4620290326631484
2043,GAM,0.318,1483.0,1.4620290326631484
564,GAM,0.317,1489.0,1.457431457088736
909,GAM,0.317,1489.0,1.457431457088736
1719,GAM,0.317,1489.0,1.457431457088736
2381,GAM,0.317,1489.0,1.457431457088736
2425,GAM,0.317,1489.0,1.457431457088736
519,GAM,0.316,1494.0,1.4528338815143236
846,GAM,0.316,1494.0,1.4528338815143236
1590,GAM,0.316,1494.0,1.4528338815143236
2301,GAM,0.316,1494.0,1.4528338815143236
2317,GAM,0.316,1494.0,1.4528338815143236
2431,GAM,0.316,1494.0,1.4528338815143236
2491,GAM,0.316,1494.0,1.4528338815143236
1056,GAM,0.315,1501.0,1.448236305939911
1710,GAM,0.315,1501.0,1.448236305939911
1763,GAM,0.315,1501.0,1.448236305939911
1904,GAM,0.315,1501.0,1.448236305939911
1944,GAM,0.315,1501.0,1.448236305939911
272,GAM,0.314,1506.0,1.4436387303654987
530,GAM,0.314,1506.0,1.4436387303654987
1067,GAM,0.314,1506.0,1.4436387303654987
1292,GAM,0.314,1506.0,1.4436387303654987
1753,GAM,0.314,1506.0,1.4436387303654987
1903,GAM,0.314,1506.0,1.4436387303654987
2172,GAM,0.314,1506.0,1.4436387303654987
2286,GAM,0.314,1506.0,1.4436387303654987
2440,GAM,0.314,1506.0,1.4436387303654987
258,GAM,0.313,1515.0,1.4390411547910862
577,GAM,0.313,1515.0,1.4390411547910862
869,GAM,0.313,1515.0,1.4390411547910862
906,GAM,0.313,1515.0,1.4390411547910862
1117,GAM,0.313,1515.0,1.4390411547910862
1329,GAM,0.313,1515.0,1.4390411547910862
1581,GAM,0.313,1515.0,1.4390411547910862
1612,GAM,0.313,1515.0,1.4390411547910862
1704,GAM,0.313,1515.0,1.4390411547910862
2185,GAM,0.313,1515.0,1.4390411547910862
2282,GAM,0.313,1515.0,1.4390411547910862
2539,GAM,0.313,1515.0,1.4390411547910862
2670,GAM,0.313,1515.0,1.4390411547910862
733,GAM,0.312,1528.0,1.4344435792166739
911,GAM,0.312,1528.0,1.4344435792166739
1175,GAM,0.312,1528.0,1.4344435792166739
1283,GAM,0.312,1528.0,1.4344435792166739
1447,GAM,0.312,1528.0,1.4344435792166739
2039,GAM,0.312,1528.0,1.4344435792166739
2420,GAM,0.312,1528.0,1.4344435792166739
2621,GAM,0.312,1528.0,1.4344435792166739
2661,GAM,0.312,1528.0,1.4344435792166739
64,GAM,0.311,1537.0,1.4298460036422613
1068,GAM,0.311,1537.0,1.4298460036422613
1231,GAM,0.311,1537.0,1.4298460036422613
1483,GAM,0.311,1537.0,1.4298460036422613
1541,GAM,0.311,1537.0,1.4298460036422613
1582,GAM,0.311,1537.0,1.4298460036422613
2018,GAM,0.311,1537.0,1.4298460036422613
2405,GAM,0.311,1537.0,1.4298460036422613
71,GAM,0.31,1545.0,1.425248428067849
368,GAM,0.31,1545.0,1.425248428067849
1401,GAM,0.31,1545.0,1.425248428067849
1613,GAM,0.31,1545.0,1.425248428067849
1805,GAM,0.31,1545.0,1.425248428067849
2553,GAM,0.31,1545.0,1.425248428067849
178,GAM,0.309,1551.0,1.4206508524934367
237,GAM,0.309,1551.0,1.4206508524934367
783,GAM,0.309,1551.0,1.4206508524934367
1079,GAM,0.309,1551.0,1.4206508524934367
1389,GAM,0.309,1551.0,1.4206508524934367
1730,GAM,0.309,1551.0,1.4206508524934367
2771,GAM,0.309,1551.0,1.4206508524934367
433,GAM,0.308,1558.0,1.4160532769190242
493,GAM,0.308,1558.0,1.4160532769190242
545,GAM,0.308,1558.0,1.4160532769190242
1622,GAM,0.308,1558.0,1.4160532769190242
2102,GAM,0.308,1558.0,1.4160532769190242
2341,GAM,0.308,1558.0,1.4160532769190242
2485,GAM,0.308,1558.0,1.4160532769190242
2523,GAM,0.308,1558.0,1.4160532769190242
33,GAM,0.307,1566.0,1.4114557013446118
195,GAM,0.307,1566.0,1.4114557013446118
388,GAM,0.307,1566.0,1.4114557013446118
643,GAM,0.307,1566.0,1.4114557013446118
867,GAM,0.307,1566.0,1.4114557013446118
888,GAM,0.307,1566.0,1.4114557013446118
945,GAM,0.307,1566.0,1.4114557013446118
1052,GAM,0.307,1566.0,1.4114557013446118
1626,GAM,0.307,1566.0,1.4114557013446118
1777,GAM,0.307,1566.0,1.4114557013446118
1982,GAM,0.307,1566.0,1.4114557013446118
2187,GAM,0.307,1566.0,1.4114557013446118
2243,GAM,0.307,1566.0,1.4114557013446118
2530,GAM,0.307,1566.0,1.4114557013446118
2716,GAM,0.307,1566.0,1.4114557013446118
155,GAM,0.306,1581.0,1.4068581257701993
607,GAM,0.306,1581.0,1.4068581257701993
809,GAM,0.306,1581.0,1.4068581257701993
1141,GAM,0.306,1581.0,1.4068581257701993
1323,GAM,0.306,1581.0,1.4068581257701993
1334,GAM,0.306,1581.0,1.4068581257701993
1490,GAM,0.306,1581.0,1.4068581257701993
2066,GAM,0.306,1581.0,1.4068581257701993
2173,GAM,0.306,1581.0,1.4068581257701993
2289,GAM,0.306,1581.0,1.4068581257701993
2291,GAM,0.306,1581.0,1.4068581257701993
2744,GAM,0.306,1581.0,1.4068581257701993
2778,GAM,0.306,1581.0,1.4068581257701993
126,GAM,0.305,1594.0,1.402260550195787
701,GAM,0.305,1594.0,1.402260550195787
799,GAM,0.305,1594.0,1.402260550195787
893,GAM,0.305,1594.0,1.402260550195787
1113,GAM,0.305,1594.0,1.402260550195787
1115,GAM,0.305,1594.0,1.402260550195787
1202,GAM,0.305,1594.0,1.402260550195787
1367,GAM,0.305,1594.0,1.402260550195787
1659,GAM,0.305,1594.0,1.402260550195787
2355,GAM,0.305,1594.0,1.402260550195787
2551,GAM,0.305,1594.0,1.402260550195787
2569,GAM,0.305,1594.0,1.402260550195787
202,GAM,0.304,1606.0,1.3976629746213745
738,GAM,0.304,1606.0,1.3976629746213745
1216,GAM,0.304,1606.0,1.3976629746213745
1950,GAM,0.304,1606.0,1.3976629746213745
2623,GAM,0.304,1606.0,1.3976629746213745
2646,GAM,0.304,1606.0,1.3976629746213745
31,GAM,0.303,1612.0,1.3930653990469621
426,GAM,0.303,1612.0,1.3930653990469621
671,GAM,0.303,1612.0,1.3930653990469621
728,GAM,0.303,1612.0,1.3930653990469621
808,GAM,0.303,1612.0,1.3930653990469621
1059,GAM,0.303,1612.0,1.3930653990469621
2448,GAM,0.303,1612.0,1.3930653990469621
2473,GAM,0.303,1612.0,1.3930653990469621
2479,GAM,0.303,1612.0,1.3930653990469621
2743,GAM,0.303,1612.0,1.3930653990469621
1229,GAM,0.302,1622.0,1.3884678234725496
1274,GAM,0.302,1622.0,1.3884678234725496
1570,GAM,0.302,1622.0,1.3884678234725496
1643,GAM,0.302,1622.0,1.3884678234725496
1721,GAM,0.302,1622.0,1.3884678234725496
1990,GAM,0.302,1622.0,1.3884678234725496
2007,GAM,0.302,1622.0,1.3884678234725496
2031,GAM,0.302,1622.0,1.3884678234725496
543,GAM,0.301,1630.0,1.3838702478981373
707,GAM,0.301,1630.0,1.3838702478981373
1631,GAM,0.301,1630.0,1.3838702478981373
1712,GAM,0.301,1630.0,1.3838702478981373
2755,GAM,0.301,1630.0,1.3838702478981373
2767,GAM,0.301,1630.0,1.3838702478981373
223,GAM,0.3,1636.0,1.3792726723237247
246,GAM,0.3,1636.0,1.3792726723237247
521,GAM,0.3,1636.0,1.3792726723237247
762,GAM,0.3,1636.0,1.3792726723237247
787,GAM,0.3,1636.0,1.3792726723237247
971,GAM,0.3,1636.0,1.3792726723237247
972,GAM,0.3,1636.0,1.3792726723237247
1260,GAM,0.3,1636.0,1.3792726723237247
1414,GAM,0.3,1636.0,1.3792726723237247
1621,GAM,0.3,1636.0,1.3792726723237247
1894,GAM,0.3,1636.0,1.3792726723237247
2176,GAM,0.3,1636.0,1.3792726723237247
5,GAM,0.299,1648.0,1.3746750967493124
119,GAM,0.299,1648.0,1.3746750967493124
600,GAM,0.299,1648.0,1.3746750967493124
629,GAM,0.299,1648.0,1.3746750967493124
690,GAM,0.299,1648.0,1.3746750967493124
1178,GAM,0.299,1648.0,1.3746750967493124
1425,GAM,0.299,1648.0,1.3746750967493124
2059,GAM,0.299,1648.0,1.3746750967493124
2147,GAM,0.299,1648.0,1.3746750967493124
2640,GAM,0.299,1648.0,1.3746750967493124
56,GAM,0.298,1658.0,1.3700775211749
363,GAM,0.298,1658.0,1.3700775211749
456,GAM,0.298,1658.0,1.3700775211749
1149,GAM,0.298,1658.0,1.3700775211749
1618,GAM,0.298,1658.0,1.3700775211749
1069,GAM,0.297,1663.0,1.3654799456004876
1094,GAM,0.297,1663.0,1.3654799456004876
1148,GAM,0.297,1663.0,1.3654799456004876
1306,GAM,0.297,1663.0,1.3654799456004876
1734,GAM,0.297,1663.0,1.3654799456004876
1822,GAM,0.297,1663.0,1.3654799456004876
1985,GAM,0.297,1663.0,1.3654799456004876
2141,GAM,0.297,1663.0,1.3654799456004876
2330,GAM,0.297,1663.0,1.3654799456004876
2728,GAM,0.297,1663.0,1.3654799456004876
1066,GAM,0.296,1673.0,1.360882370026075
1698,GAM,0.296,1673.0,1.360882370026075
1738,GAM,0.296,1673.0,1.360882370026075
1766,GAM,0.296,1673.0,1.360882370026075
2178,GAM,0.296,1673.0,1.360882370026075
2400,GAM,0.296,1673.0,1.360882370026075
186,GAM,0.295,1679.0,1.3562847944516627
360,GAM,0.295,1679.0,1.3562847944516627
1085,GAM,0.295,1679.0,1.3562847944516627
1325,GAM,0.295,1679.0,1.3562847944516627
1372,GAM,0.295,1679.0,1.3562847944516627
2460,GAM,0.295,1679.0,1.3562847944516627
2534,GAM,0.295,1679.0,1.3562847944516627
8,GAM,0.294,1686.0,1.3516872188772502
203,GAM,0.294,1686.0,1.3516872188772502
1205,GAM,0.294,1686.0,1.3516872188772502
1470,GAM,0.294,1686.0,1.3516872188772502
1694,GAM,0.294,1686.0,1.3516872188772502
1907,GAM,0.294,1686.0,1.3516872188772502
1959,GAM,0.294,1686.0,1.3516872188772502
2006,GAM,0.294,1686.0,1.3516872188772502
2028,GAM,0.294,1686.0,1.3516872188772502
1,GAM,0.293,1695.0,1.3470896433028379
89,GAM,0.293,1695.0,1.3470896433028379
263,GAM,0.293,1695.0,1.3470896433028379
345,GAM,0.293,1695.0,1.3470896433028379
1182,GAM,0.293,1695.0,1.3470896433028379
1193,GAM,0.293,1695.0,1.3470896433028379
1531,GAM,0.293,1695.0,1.3470896433028379
102,GAM,0.292,1702.0,1.3424920677284256
311,GAM,0.292,1702.0,1.3424920677284256
435,GAM,0.292,1702.0,1.3424920677284256
704,GAM,0.292,1702.0,1.3424920677284256
1536,GAM,0.292,1702.0,1.3424920677284256
2171,GAM,0.292,1702.0,1.3424920677284256
2614,GAM,0.292,1702.0,1.3424920677284256
124,GAM,0.291,1709.0,1.337894492154013
147,GAM,0.291,1709.0,1.337894492154013
754,GAM,0.291,1709.0,1.337894492154013
833,GAM,0.291,1709.0,1.337894492154013
1013,GAM,0.291,1709.0,1.337894492154013
1236,GAM,0.291,1709.0,1.337894492154013
1784,GAM,0.291,1709.0,1.337894492154013
2445,GAM,0.291,1709.0,1.337894492154013
2636,GAM,0.291,1709.0,1.337894492154013
2761,GAM,0.291,1709.0,1.337894492154013
179,GAM,0.29,1719.0,1.3332969165796007
185,GAM,0.29,1719.0,1.3332969165796007
604,GAM,0.29,1719.0,1.3332969165796007
990,GAM,0.29,1719.0,1.3332969165796007
1037,GAM,0.29,1719.0,1.3332969165796007
1176,GAM,0.29,1719.0,1.3332969165796007
1703,GAM,0.29,1719.0,1.3332969165796007
1332,GAM,0.289,1726.0,1.3286993410051882
2003,GAM,0.289,1726.0,1.3286993410051882
2027,GAM,0.289,1726.0,1.3286993410051882
2169,GAM,0.289,1726.0,1.3286993410051882
2378,GAM,0.289,1726.0,1.3286993410051882
2468,GAM,0.289,1726.0,1.3286993410051882
2715,GAM,0.289,1726.0,1.3286993410051882
354,GAM,0.288,1733.0,1.3241017654307758
597,GAM,0.288,1733.0,1.3241017654307758
660,GAM,0.288,1733.0,1.3241017654307758
691,GAM,0.288,1733.0,1.3241017654307758
757,GAM,0.288,1733.0,1.3241017654307758
1123,GAM,0.288,1733.0,1.3241017654307758
1701,GAM,0.288,1733.0,1.3241017654307758
2182,GAM,0.288,1733.0,1.3241017654307758
492,GAM,0.287,1741.0,1.3195041898563633
703,GAM,0.287,1741.0,1.3195041898563633
1880,GAM,0.287,1741.0,1.3195041898563633
2458,GAM,0.287,1741.0,1.3195041898563633
2586,GAM,0.287,1741.0,1.3195041898563633
2601,GAM,0.287,1741.0,1.3195041898563633
327,GAM,0.286,1747.0,1.314906614281951
716,GAM,0.286,1747.0,1.314906614281951
828,GAM,0.286,1747.0,1.314906614281951
1089,GAM,0.286,1747.0,1.314906614281951
1477,GAM,0.286,1747.0,1.314906614281951
1504,GAM,0.286,1747.0,1.314906614281951
1615,GAM,0.286,1747.0,1.314906614281951
1620,GAM,0.286,1747.0,1.314906614281951
2231,GAM,0.286,1747.0,1.314906614281951
2775,GAM,0.286,1747.0,1.314906614281951
16,GAM,0.285,1757.0,1.3103090387075385
85,GAM,0.285,1757.0,1.3103090387075385
271,GAM,0.285,1757.0,1.3103090387075385
341,GAM,0.285,1757.0,1.3103090387075385
503,GAM,0.285,1757.0,1.3103090387075385
591,GAM,0.285,1757.0,1.3103090387075385
626,GAM,0.285,1757.0,1.3103090387075385
1074,GAM,0.285,1757.0,1.3103090387075385
1150,GAM,0.285,1757.0,1.3103090387075385
1308,GAM,0.285,1757.0,1.3103090387075385
1359,GAM,0.285,1757.0,1.3103090387075385
2042,GAM,0.285,1757.0,1.3103090387075385
2058,GAM,0.285,1757.0,1.3103090387075385
2265,GAM,0.285,1757.0,1.3103090387075385
2718,GAM,0.285,1757.0,1.3103090387075385
646,GAM,0.284,1772.0,1.3057114631331261
682,GAM,0.284,1772.0,1.3057114631331261
683,GAM,0.284,1772.0,1.3057114631331261
724,GAM,0.284,1772.0,1.3057114631331261
807,GAM,0.284,1772.0,1.3057114631331261
1280,GAM,0.284,1772.0,1.3057114631331261
2082,GAM,0.284,1772.0,1.3057114631331261
2150,GAM,0.284,1772.0,1.3057114631331261
2494,GAM,0.284,1772.0,1.3057114631331261
2591,GAM,0.284,1772.0,1.3057114631331261
78,GAM,0.283,1782.0,1.3011138875587136
112,GAM,0.283,1782.0,1.3011138875587136
610,GAM,0.283,1782.0,1.3011138875587136
1338,GAM,0.283,1782.0,1.3011138875587136
2773,GAM,0.283,1782.0,1.3011138875587136
233,GAM,0.282,1787.0,1.2965163119843013
447,GAM,0.282,1787.0,1.2965163119843013
590,GAM,0.282,1787.0,1.2965163119843013
742,GAM,0.282,1787.0,1.2965163119843013
1201,GAM,0.282,1787.0,1.2965163119843013
1722,GAM,0.282,1787.0,1.2965163119843013
1770,GAM,0.282,1787.0,1.2965163119843013
2253,GAM,0.282,1787.0,1.2965163119843013
2364,GAM,0.282,1787.0,1.2965163119843013
2554,GAM,0.282,1787.0,1.2965163119843013
58,GAM,0.281,1797.0,1.291918736409889
66,GAM,0.281,1797.0,1.291918736409889
115,GAM,0.281,1797.0,1.291918736409889
206,GAM,0.281,1797.0,1.291918736409889
544,GAM,0.281,1797.0,1.291918736409889
1050,GAM,0.281,1797.0,1.291918736409889
1684,GAM,0.281,1797.0,1.291918736409889
1725,GAM,0.281,1797.0,1.291918736409889
2387,GAM,0.281,1797.0,1.291918736409889
2678,GAM,0.281,1797.0,1.291918736409889
57,GAM,0.28,1807.0,1.2873211608354767
201,GAM,0.28,1807.0,1.2873211608354767
594,GAM,0.28,1807.0,1.2873211608354767
619,GAM,0.28,1807.0,1.2873211608354767
647,GAM,0.28,1807.0,1.2873211608354767
680,GAM,0.28,1807.0,1.2873211608354767
1188,GAM,0.28,1807.0,1.2873211608354767
1327,GAM,0.28,1807.0,1.2873211608354767
1331,GAM,0.28,1807.0,1.2873211608354767
1358,GAM,0.28,1807.0,1.2873211608354767
1866,GAM,0.28,1807.0,1.2873211608354767
2056,GAM,0.28,1807.0,1.2873211608354767
2181,GAM,0.28,1807.0,1.2873211608354767
744,GAM,0.279,1820.0,1.2827235852610643
969,GAM,0.279,1820.0,1.2827235852610643
1374,GAM,0.279,1820.0,1.2827235852610643
1409,GAM,0.279,1820.0,1.2827235852610643
1542,GAM,0.279,1820.0,1.2827235852610643
1696,GAM,0.279,1820.0,1.2827235852610643
1792,GAM,0.279,1820.0,1.2827235852610643
2214,GAM,0.279,1820.0,1.2827235852610643
2365,GAM,0.279,1820.0,1.2827235852610643
19,GAM,0.278,1829.0,1.2781260096866518
227,GAM,0.278,1829.0,1.2781260096866518
357,GAM,0.278,1829.0,1.2781260096866518
436,GAM,0.278,1829.0,1.2781260096866518
535,GAM,0.278,1829.0,1.2781260096866518
759,GAM,0.278,1829.0,1.2781260096866518
1154,GAM,0.278,1829.0,1.2781260096866518
1452,GAM,0.278,1829.0,1.2781260096866518
1645,GAM,0.278,1829.0,1.2781260096866518
2307,GAM,0.278,1829.0,1.2781260096866518
2543,GAM,0.278,1829.0,1.2781260096866518
2700,GAM,0.278,1829.0,1.2781260096866518
2740,GAM,0.278,1829.0,1.2781260096866518
2749,GAM,0.278,1829.0,1.2781260096866518
441,GAM,0.277,1843.0,1.2735284341122395
471,GAM,0.277,1843.0,1.2735284341122395
1309,GAM,0.277,1843.0,1.2735284341122395
1556,GAM,0.277,1843.0,1.2735284341122395
1964,GAM,0.277,1843.0,1.2735284341122395
2217,GAM,0.277,1843.0,1.2735284341122395
2221,GAM,0.277,1843.0,1.2735284341122395
197,GAM,0.276,1850.0,1.268930858537827
304,GAM,0.276,1850.0,1.268930858537827
487,GAM,0.276,1850.0,1.268930858537827
560,GAM,0.276,1850.0,1.268930858537827
859,GAM,0.276,1850.0,1.268930858537827
908,GAM,0.276,1850.0,1.268930858537827
1683,GAM,0.276,1850.0,1.268930858537827
1918,GAM,0.276,1850.0,1.268930858537827
2375,GAM,0.276,1850.0,1.268930858537827
2451,GAM,0.276,1850.0,1.268930858537827
2709,GAM,0.276,1850.0,1.268930858537827
374,GAM,0.275,1861.0,1.2643332829634146
446,GAM,0.275,1861.0,1.2643332829634146
662,GAM,0.275,1861.0,1.2643332829634146
1208,GAM,0.275,1861.0,1.2643332829634146
1547,GAM,0.275,1861.0,1.2643332829634146
1634,GAM,0.275,1861.0,1.2643332829634146
1724,GAM,0.275,1861.0,1.2643332829634146
2075,GAM,0.275,1861.0,1.2643332829634146
309,GAM,0.274,1869.0,1.259735707389002
615,GAM,0.274,1869.0,1.259735707389002
661,GAM,0.274,1869.0,1.259735707389002
675,GAM,0.274,1869.0,1.259735707389002
946,GAM,0.274,1869.0,1.259735707389002
974,GAM,0.274,1869.0,1.259735707389002
1005,GAM,0.274,1869.0,1.259735707389002
1078,GAM,0.274,1869.0,1.259735707389002
2077,GAM,0.274,1869.0,1.259735707389002
2409,GAM,0.274,1869.0,1.259735707389002
2545,GAM,0.274,1869.0,1.259735707389002
2556,GAM,0.274,1869.0,1.259735707389002
2625,GAM,0.274,1869.0,1.259735707389002
2650,GAM,0.274,1869.0,1.259735707389002
432,GAM,0.273,1883.0,1.2551381318145898
1027,GAM,0.273,1883.0,1.2551381318145898
1060,GAM,0.273,1883.0,1.2551381318145898
1136,GAM,0.273,1883.0,1.2551381318145898
1455,GAM,0.273,1883.0,1.2551381318145898
1653,GAM,0.273,1883.0,1.2551381318145898
1865,GAM,0.273,1883.0,1.2551381318145898
1881,GAM,0.273,1883.0,1.2551381318145898
1973,GAM,0.273,1883.0,1.2551381318145898
1976,GAM,0.273,1883.0,1.2551381318145898
2074,GAM,0.273,1883.0,1.2551381318145898
2112,GAM,0.273,1883.0,1.2551381318145898
2472,GAM,0.273,1883.0,1.2551381318145898
2751,GAM,0.273,1883.0,1.2551381318145898
80,GAM,0.272,1897.0,1.2505405562401772
256,GAM,0.272,1897.0,1.2505405562401772
603,GAM,0.272,1897.0,1.2505405562401772
1061,GAM,0.272,1897.0,1.2505405562401772
1421,GAM,0.272,1897.0,1.2505405562401772
1519,GAM,0.272,1897.0,1.2505405562401772
1528,GAM,0.272,1897.0,1.2505405562401772
1564,GAM,0.272,1897.0,1.2505405562401772
1830,GAM,0.272,1897.0,1.2505405562401772
2597,GAM,0.272,1897.0,1.2505405562401772
736,GAM,0.271,1907.0,1.245942980665765
756,GAM,0.271,1907.0,1.245942980665765
858,GAM,0.271,1907.0,1.245942980665765
932,GAM,0.271,1907.0,1.245942980665765
1403,GAM,0.271,1907.0,1.245942980665765
2048,GAM,0.271,1907.0,1.245942980665765
2574,GAM,0.271,1907.0,1.245942980665765
589,GAM,0.27,1914.0,1.2413454050913524
1101,GAM,0.27,1914.0,1.2413454050913524
1298,GAM,0.27,1914.0,1.2413454050913524
2167,GAM,0.27,1914.0,1.2413454050913524
2262,GAM,0.27,1914.0,1.2413454050913524
2311,GAM,0.27,1914.0,1.2413454050913524
2454,GAM,0.27,1914.0,1.2413454050913524
2777,GAM,0.27,1914.0,1.2413454050913524
114,GAM,0.269,1922.0,1.23674782951694
128,GAM,0.269,1922.0,1.23674782951694
135,GAM,0.269,1922.0,1.23674782951694
378,GAM,0.269,1922.0,1.23674782951694
773,GAM,0.269,1922.0,1.23674782951694
778,GAM,0.269,1922.0,1.23674782951694
1179,GAM,0.269,1922.0,1.23674782951694
1186,GAM,0.269,1922.0,1.23674782951694
1339,GAM,0.269,1922.0,1.23674782951694
2120,GAM,0.269,1922.0,1.23674782951694
2483,GAM,0.269,1922.0,1.23674782951694
2692,GAM,0.269,1922.0,1.23674782951694
353,GAM,0.268,1934.0,1.2321502539425275
605,GAM,0.268,1934.0,1.2321502539425275
685,GAM,0.268,1934.0,1.2321502539425275
750,GAM,0.268,1934.0,1.2321502539425275
1076,GAM,0.268,1934.0,1.2321502539425275
1143,GAM,0.268,1934.0,1.2321502539425275
1209,GAM,0.268,1934.0,1.2321502539425275
1507,GAM,0.268,1934.0,1.2321502539425275
1560,GAM,0.268,1934.0,1.2321502539425275
1767,GAM,0.268,1934.0,1.2321502539425275
2463,GAM,0.268,1934.0,1.2321502539425275
2572,GAM,0.268,1934.0,1.2321502539425275
198,GAM,0.267,1946.0,1.2275526783681152
346,GAM,0.267,1946.0,1.2275526783681152
706,GAM,0.267,1946.0,1.2275526783681152
852,GAM,0.267,1946.0,1.2275526783681152
963,GAM,0.267,1946.0,1.2275526783681152
1103,GAM,0.267,1946.0,1.2275526783681152
1330,GAM,0.267,1946.0,1.2275526783681152
1392,GAM,0.267,1946.0,1.2275526783681152
1550,GAM,0.267,1946.0,1.2275526783681152
1666,GAM,0.267,1946.0,1.2275526783681152
1813,GAM,0.267,1946.0,1.2275526783681152
1895,GAM,0.267,1946.0,1.2275526783681152
2268,GAM,0.267,1946.0,1.2275526783681152
2410,GAM,0.267,1946.0,1.2275526783681152
2575,GAM,0.267,1946.0,1.2275526783681152
2592,GAM,0.267,1946.0,1.2275526783681152
142,GAM,0.266,1962.0,1.2229551027937027
514,GAM,0.266,1962.0,1.2229551027937027
612,GAM,0.266,1962.0,1.2229551027937027
870,GAM,0.266,1962.0,1.2229551027937027
896,GAM,0.266,1962.0,1.2229551027937027
1761,GAM,0.266,1962.0,1.2229551027937027
2745,GAM,0.266,1962.0,1.2229551027937027
40,GAM,0.265,1969.0,1.2183575272192904
150,GAM,0.265,1969.0,1.2183575272192904
278,GAM,0.265,1969.0,1.2183575272192904
553,GAM,0.265,1969.0,1.2183575272192904
618,GAM,0.265,1969.0,1.2183575272192904
790,GAM,0.265,1969.0,1.2183575272192904
839,GAM,0.265,1969.0,1.2183575272192904
1181,GAM,0.265,1969.0,1.2183575272192904
1458,GAM,0.265,1969.0,1.2183575272192904
1747,GAM,0.265,1969.0,1.2183575272192904
2240,GAM,0.265,1969.0,1.2183575272192904
2366,GAM,0.265,1969.0,1.2183575272192904
2643,GAM,0.265,1969.0,1.2183575272192904
14,GAM,0.264,1982.0,1.2137599516448778
1051,GAM,0.264,1982.0,1.2137599516448778
1571,GAM,0.264,1982.0,1.2137599516448778
1586,GAM,0.264,1982.0,1.2137599516448778
1996,GAM,0.264,1982.0,1.2137599516448778
2223,GAM,0.264,1982.0,1.2137599516448778
2349,GAM,0.264,1982.0,1.2137599516448778
2397,GAM,0.264,1982.0,1.2137599516448778
305,GAM,0.263,1990.0,1.2091623760704655
419,GAM,0.263,1990.0,1.2091623760704655
1071,GAM,0.263,1990.0,1.2091623760704655
1251,GAM,0.263,1990.0,1.2091623760704655
1395,GAM,0.263,1990.0,1.2091623760704655
1457,GAM,0.263,1990.0,1.2091623760704655
2142,GAM,0.263,1990.0,1.2091623760704655
2331,GAM,0.263,1990.0,1.2091623760704655
2398,GAM,0.263,1990.0,1.2091623760704655
2720,GAM,0.263,1990.0,1.2091623760704655
824,GAM,0.262,2000.0,1.2045648004960532
1461,GAM,0.262,2000.0,1.2045648004960532
1600,GAM,0.262,2000.0,1.2045648004960532
1997,GAM,0.262,2000.0,1.2045648004960532
2097,GAM,0.262,2000.0,1.2045648004960532
2180,GAM,0.262,2000.0,1.2045648004960532
2376,GAM,0.262,2000.0,1.2045648004960532
2688,GAM,0.262,2000.0,1.2045648004960532
226,GAM,0.261,2008.0,1.1999672249216407
347,GAM,0.261,2008.0,1.1999672249216407
480,GAM,0.261,2008.0,1.1999672249216407
574,GAM,0.261,2008.0,1.1999672249216407
1313,GAM,0.261,2008.0,1.1999672249216407
1548,GAM,0.261,2008.0,1.1999672249216407
1800,GAM,0.261,2008.0,1.1999672249216407
1868,GAM,0.261,2008.0,1.1999672249216407
2035,GAM,0.261,2008.0,1.1999672249216407
2116,GAM,0.261,2008.0,1.1999672249216407
617,GAM,0.26,2018.0,1.1953696493472283
784,GAM,0.26,2018.0,1.1953696493472283
817,GAM,0.26,2018.0,1.1953696493472283
820,GAM,0.26,2018.0,1.1953696493472283
947,GAM,0.26,2018.0,1.1953696493472283
1529,GAM,0.26,2018.0,1.1953696493472283
1535,GAM,0.26,2018.0,1.1953696493472283
1624,GAM,0.26,2018.0,1.1953696493472283
1963,GAM,0.26,2018.0,1.1953696493472283
1992,GAM,0.26,2018.0,1.1953696493472283
2747,GAM,0.26,2018.0,1.1953696493472283
1191,GAM,0.259,2029.0,1.1907720737728158
1284,GAM,0.259,2029.0,1.1907720737728158
2041,GAM,0.259,2029.0,1.1907720737728158
2051,GAM,0.259,2029.0,1.1907720737728158
2236,GAM,0.259,2029.0,1.1907720737728158
2476,GAM,0.259,2029.0,1.1907720737728158
62,GAM,0.258,2035.0,1.1861744981984035
167,GAM,0.258,2035.0,1.1861744981984035
299,GAM,0.258,2035.0,1.1861744981984035
540,GAM,0.258,2035.0,1.1861744981984035
1241,GAM,0.258,2035.0,1.1861744981984035
1266,GAM,0.258,2035.0,1.1861744981984035
1567,GAM,0.258,2035.0,1.1861744981984035
1628,GAM,0.258,2035.0,1.1861744981984035
2215,GAM,0.258,2035.0,1.1861744981984035
2235,GAM,0.258,2035.0,1.1861744981984035
2271,GAM,0.258,2035.0,1.1861744981984035
2519,GAM,0.258,2035.0,1.1861744981984035
2696,GAM,0.258,2035.0,1.1861744981984035
385,GAM,0.257,2048.0,1.181576922623991
466,GAM,0.257,2048.0,1.181576922623991
1301,GAM,0.257,2048.0,1.181576922623991
1303,GAM,0.257,2048.0,1.181576922623991
1751,GAM,0.257,2048.0,1.181576922623991
2008,GAM,0.257,2048.0,1.181576922623991
2230,GAM,0.257,2048.0,1.181576922623991
2358,GAM,0.257,2048.0,1.181576922623991
406,GAM,0.256,2056.0,1.1769793470495786
924,GAM,0.256,2056.0,1.1769793470495786
934,GAM,0.256,2056.0,1.1769793470495786
1083,GAM,0.256,2056.0,1.1769793470495786
1740,GAM,0.256,2056.0,1.1769793470495786
2101,GAM,0.256,2056.0,1.1769793470495786
2285,GAM,0.256,2056.0,1.1769793470495786
2348,GAM,0.256,2056.0,1.1769793470495786
2399,GAM,0.256,2056.0,1.1769793470495786
2624,GAM,0.256,2056.0,1.1769793470495786
2712,GAM,0.256,2056.0,1.1769793470495786
148,GAM,0.255,2067.0,1.172381771475166
328,GAM,0.255,2067.0,1.172381771475166
673,GAM,0.255,2067.0,1.172381771475166
781,GAM,0.255,2067.0,1.172381771475166
866,GAM,0.255,2067.0,1.172381771475166
1145,GAM,0.255,2067.0,1.172381771475166
1293,GAM,0.255,2067.0,1.172381771475166
1887,GAM,0.255,2067.0,1.172381771475166
2093,GAM,0.255,2067.0,1.172381771475166
2654,GAM,0.255,2067.0,1.172381771475166
398,GAM,0.254,2077.0,1.1677841959007538
499,GAM,0.254,2077.0,1.1677841959007538
975,GAM,0.254,2077.0,1.1677841959007538
977,GAM,0.254,2077.0,1.1677841959007538
994,GAM,0.254,2077.0,1.1677841959007538
1204,GAM,0.254,2077.0,1.1677841959007538
1357,GAM,0.254,2077.0,1.1677841959007538
1525,GAM,0.254,2077.0,1.1677841959007538
1576,GAM,0.254,2077.0,1.1677841959007538
384,GAM,0.253,2086.0,1.1631866203263412
621,GAM,0.253,2086.0,1.1631866203263412
785,GAM,0.253,2086.0,1.1631866203263412
1318,GAM,0.253,2086.0,1.1631866203263412
1925,GAM,0.253,2086.0,1.1631866203263412
2229,GAM,0.253,2086.0,1.1631866203263412
2357,GAM,0.253,2086.0,1.1631866203263412
2518,GAM,0.253,2086.0,1.1631866203263412
295,GAM,0.252,2094.0,1.158589044751929
397,GAM,0.252,2094.0,1.158589044751929
500,GAM,0.252,2094.0,1.158589044751929
665,GAM,0.252,2094.0,1.158589044751929
752,GAM,0.252,2094.0,1.158589044751929
813,GAM,0.252,2094.0,1.158589044751929
1223,GAM,0.252,2094.0,1.158589044751929
1420,GAM,0.252,2094.0,1.158589044751929
1630,GAM,0.252,2094.0,1.158589044751929
1790,GAM,0.252,2094.0,1.158589044751929
2386,GAM,0.252,2094.0,1.158589044751929
2426,GAM,0.252,2094.0,1.158589044751929
2580,GAM,0.252,2094.0,1.158589044751929
1170,GAM,0.251,2107.0,1.1539914691775164
1326,GAM,0.251,2107.0,1.1539914691775164
1462,GAM,0.251,2107.0,1.1539914691775164
907,GAM,0.25,2110.0,1.149393893603104
953,GAM,0.25,2110.0,1.149393893603104
1131,GAM,0.25,2110.0,1.149393893603104
1967,GAM,0.25,2110.0,1.149393893603104
2123,GAM,0.25,2110.0,1.149393893603104
2312,GAM,0.25,2110.0,1.149393893603104
2353,GAM,0.25,2110.0,1.149393893603104
2649,GAM,0.25,2110.0,1.149393893603104
2764,GAM,0.25,2110.0,1.149393893603104
79,GAM,0.249,2119.0,1.1447963180286915
395,GAM,0.249,2119.0,1.1447963180286915
537,GAM,0.249,2119.0,1.1447963180286915
1042,GAM,0.249,2119.0,1.1447963180286915
1288,GAM,0.249,2119.0,1.1447963180286915
1444,GAM,0.249,2119.0,1.1447963180286915
2125,GAM,0.249,2119.0,1.1447963180286915
2267,GAM,0.249,2119.0,1.1447963180286915
2503,GAM,0.249,2119.0,1.1447963180286915
2655,GAM,0.249,2119.0,1.1447963180286915
301,GAM,0.248,2129.0,1.1401987424542792
658,GAM,0.248,2129.0,1.1401987424542792
1047,GAM,0.248,2129.0,1.1401987424542792
1402,GAM,0.248,2129.0,1.1401987424542792
1426,GAM,0.248,2129.0,1.1401987424542792
1587,GAM,0.248,2129.0,1.1401987424542792
1899,GAM,0.248,2129.0,1.1401987424542792
2707,GAM,0.248,2129.0,1.1401987424542792
42,GAM,0.247,2137.0,1.135601166879867
470,GAM,0.247,2137.0,1.135601166879867
777,GAM,0.247,2137.0,1.135601166879867
1092,GAM,0.247,2137.0,1.135601166879867
1217,GAM,0.247,2137.0,1.135601166879867
1230,GAM,0.247,2137.0,1.135601166879867
1743,GAM,0.247,2137.0,1.135601166879867
1786,GAM,0.247,2137.0,1.135601166879867
1842,GAM,0.247,2137.0,1.135601166879867
2127,GAM,0.247,2137.0,1.135601166879867
2527,GAM,0.247,2137.0,1.135601166879867
2595,GAM,0.247,2137.0,1.135601166879867
2754,GAM,0.247,2137.0,1.135601166879867
105,GAM,0.246,2150.0,1.1310035913054544
770,GAM,0.246,2150.0,1.1310035913054544
834,GAM,0.246,2150.0,1.1310035913054544
1164,GAM,0.246,2150.0,1.1310035913054544
1195,GAM,0.246,2150.0,1.1310035913054544
1707,GAM,0.246,2150.0,1.1310035913054544
1961,GAM,0.246,2150.0,1.1310035913054544
2194,GAM,0.246,2150.0,1.1310035913054544
2693,GAM,0.246,2150.0,1.1310035913054544
172,GAM,0.245,2159.0,1.126406015731042
788,GAM,0.245,2159.0,1.126406015731042
916,GAM,0.245,2159.0,1.126406015731042
1174,GAM,0.245,2159.0,1.126406015731042
1273,GAM,0.245,2159.0,1.126406015731042
1351,GAM,0.245,2159.0,1.126406015731042
1364,GAM,0.245,2159.0,1.126406015731042
1393,GAM,0.245,2159.0,1.126406015731042
1717,GAM,0.245,2159.0,1.126406015731042
2113,GAM,0.245,2159.0,1.126406015731042
2363,GAM,0.245,2159.0,1.126406015731042
2470,GAM,0.245,2159.0,1.126406015731042
2555,GAM,0.245,2159.0,1.126406015731042
215,GAM,0.244,2172.0,1.1218084401566295
864,GAM,0.244,2172.0,1.1218084401566295
1368,GAM,0.244,2172.0,1.1218084401566295
1552,GAM,0.244,2172.0,1.1218084401566295
1759,GAM,0.244,2172.0,1.1218084401566295
1970,GAM,0.244,2172.0,1.1218084401566295
2069,GAM,0.244,2172.0,1.1218084401566295
2088,GAM,0.244,2172.0,1.1218084401566295
2218,GAM,0.244,2172.0,1.1218084401566295
2254,GAM,0.244,2172.0,1.1218084401566295
2706,GAM,0.244,2172.0,1.1218084401566295
161,GAM,0.243,2183.0,1.1172108645822172
401,GAM,0.243,2183.0,1.1172108645822172
1446,GAM,0.243,2183.0,1.1172108645822172
1771,GAM,0.243,2183.0,1.1172108645822172
2668,GAM,0.243,2183.0,1.1172108645822172
83,GAM,0.242,2188.0,1.1126132890078047
98,GAM,0.242,2188.0,1.1126132890078047
209,GAM,0.242,2188.0,1.1126132890078047
489,GAM,0.242,2188.0,1.1126132890078047
881,GAM,0.242,2188.0,1.1126132890078047
1276,GAM,0.242,2188.0,1.1126132890078047
1474,GAM,0.242,2188.0,1.1126132890078047
2002,GAM,0.242,2188.0,1.1126132890078047
2424,GAM,0.242,2188.0,1.1126132890078047
2427,GAM,0.242,2188.0,1.1126132890078047
2549,GAM,0.242,2188.0,1.1126132890078047
247,GAM,0.241,2199.0,1.1080157134333923
1592,GAM,0.241,2199.0,1.1080157134333923
1755,GAM,0.241,2199.0,1.1080157134333923
1927,GAM,0.241,2199.0,1.1080157134333923
2619,GAM,0.241,2199.0,1.1080157134333923
2686,GAM,0.241,2199.0,1.1080157134333923
6,GAM,0.24,2205.0,1.1034181378589798
113,GAM,0.24,2205.0,1.1034181378589798
1336,GAM,0.24,2205.0,1.1034181378589798
1434,GAM,0.24,2205.0,1.1034181378589798
1816,GAM,0.24,2205.0,1.1034181378589798
477,GAM,0.239,2210.0,1.0988205622845675
611,GAM,0.239,2210.0,1.0988205622845675
686,GAM,0.239,2210.0,1.0988205622845675
1029,GAM,0.239,2210.0,1.0988205622845675
1832,GAM,0.239,2210.0,1.0988205622845675
2095,GAM,0.239,2210.0,1.0988205622845675
2377,GAM,0.239,2210.0,1.0988205622845675
848,GAM,0.238,2217.0,1.094222986710155
1082,GAM,0.238,2217.0,1.094222986710155
1512,GAM,0.238,2217.0,1.094222986710155
1636,GAM,0.238,2217.0,1.094222986710155
1797,GAM,0.238,2217.0,1.094222986710155
2446,GAM,0.238,2217.0,1.094222986710155
2570,GAM,0.238,2217.0,1.094222986710155
1168,GAM,0.237,2224.0,1.0896254111357426
1664,GAM,0.237,2224.0,1.0896254111357426
2174,GAM,0.237,2224.0,1.0896254111357426
2730,GAM,0.237,2224.0,1.0896254111357426
21,GAM,0.236,2228.0,1.08502783556133
508,GAM,0.236,2228.0,1.08502783556133
677,GAM,0.236,2228.0,1.08502783556133
771,GAM,0.236,2228.0,1.08502783556133
1087,GAM,0.236,2228.0,1.08502783556133
1133,GAM,0.236,2228.0,1.08502783556133
1137,GAM,0.236,2228.0,1.08502783556133
1896,GAM,0.236,2228.0,1.08502783556133
2637,GAM,0.236,2228.0,1.08502783556133
938,GAM,0.235,2237.0,1.0804302599869178
1300,GAM,0.235,2237.0,1.0804302599869178
1709,GAM,0.235,2237.0,1.0804302599869178
1742,GAM,0.235,2237.0,1.0804302599869178
1852,GAM,0.235,2237.0,1.0804302599869178
1975,GAM,0.235,2237.0,1.0804302599869178
2098,GAM,0.235,2237.0,1.0804302599869178
2155,GAM,0.235,2237.0,1.0804302599869178
572,GAM,0.234,2245.0,1.0758326844125055
1633,GAM,0.234,2245.0,1.0758326844125055
1769,GAM,0.234,2245.0,1.0758326844125055
2138,GAM,0.234,2245.0,1.0758326844125055
2228,GAM,0.234,2245.0,1.0758326844125055
2244,GAM,0.234,2245.0,1.0758326844125055
47,GAM,0.233,2251.0,1.0712351088380931
94,GAM,0.233,2251.0,1.0712351088380931
275,GAM,0.233,2251.0,1.0712351088380931
393,GAM,0.233,2251.0,1.0712351088380931
2370,GAM,0.233,2251.0,1.0712351088380931
109,GAM,0.232,2256.0,1.0666375332636806
153,GAM,0.232,2256.0,1.0666375332636806
910,GAM,0.232,2256.0,1.0666375332636806
982,GAM,0.232,2256.0,1.0666375332636806
2407,GAM,0.232,2256.0,1.0666375332636806
332,GAM,0.231,2261.0,1.0620399576892683
462,GAM,0.231,2261.0,1.0620399576892683
1882,GAM,0.231,2261.0,1.0620399576892683
2395,GAM,0.231,2261.0,1.0620399576892683
2514,GAM,0.231,2261.0,1.0620399576892683
2726,GAM,0.231,2261.0,1.0620399576892683
801,GAM,0.23,2267.0,1.0574423821148558
1156,GAM,0.23,2267.0,1.0574423821148558
1213,GAM,0.23,2267.0,1.0574423821148558
1498,GAM,0.23,2267.0,1.0574423821148558
2288,GAM,0.23,2267.0,1.0574423821148558
2548,GAM,0.23,2267.0,1.0574423821148558
240,GAM,0.229,2273.0,1.0528448065404434
326,GAM,0.229,2273.0,1.0528448065404434
386,GAM,0.229,2273.0,1.0528448065404434
681,GAM,0.229,2273.0,1.0528448065404434
999,GAM,0.229,2273.0,1.0528448065404434
267,GAM,0.228,2278.0,1.048247230966031
1265,GAM,0.228,2278.0,1.048247230966031
1278,GAM,0.228,2278.0,1.048247230966031
1988,GAM,0.228,2278.0,1.048247230966031
2459,GAM,0.228,2278.0,1.048247230966031
269,GAM,0.227,2283.0,1.0436496553916186
1497,GAM,0.227,2283.0,1.0436496553916186
1668,GAM,0.227,2283.0,1.0436496553916186
2350,GAM,0.227,2283.0,1.0436496553916186
2713,GAM,0.227,2283.0,1.0436496553916186
268,GAM,0.226,2288.0,1.039052079817206
1237,GAM,0.226,2288.0,1.039052079817206
1387,GAM,0.226,2288.0,1.039052079817206
1911,GAM,0.226,2288.0,1.039052079817206
2618,GAM,0.226,2288.0,1.039052079817206
421,GAM,0.225,2293.0,1.0344545042427937
1028,GAM,0.225,2293.0,1.0344545042427937
1173,GAM,0.225,2293.0,1.0344545042427937
1196,GAM,0.225,2293.0,1.0344545042427937
1366,GAM,0.225,2293.0,1.0344545042427937
1844,GAM,0.225,2293.0,1.0344545042427937
366,GAM,0.224,2299.0,1.0298569286683812
699,GAM,0.224,2299.0,1.0298569286683812
1015,GAM,0.224,2299.0,1.0298569286683812
356,GAM,0.223,2302.0,1.0252593530939689
678,GAM,0.223,2302.0,1.0252593530939689
1049,GAM,0.223,2302.0,1.0252593530939689
1605,GAM,0.223,2302.0,1.0252593530939689
2040,GAM,0.223,2302.0,1.0252593530939689
2428,GAM,0.223,2302.0,1.0252593530939689
2015,GAM,0.222,2308.0,1.0206617775195563
2360,GAM,0.222,2308.0,1.0206617775195563
232,GAM,0.221,2310.0,1.016064201945144
375,GAM,0.221,2310.0,1.016064201945144
1072,GAM,0.221,2310.0,1.016064201945144
2729,GAM,0.221,2310.0,1.016064201945144
2735,GAM,0.221,2310.0,1.016064201945144
1138,GAM,0.22,2315.0,1.0114666263707315
2154,GAM,0.22,2315.0,1.0114666263707315
2329,GAM,0.22,2315.0,1.0114666263707315
2421,GAM,0.22,2315.0,1.0114666263707315
2579,GAM,0.22,2315.0,1.0114666263707315
517,GAM,0.219,2320.0,1.0068690507963192
1481,GAM,0.219,2320.0,1.0068690507963192
2144,GAM,0.219,2320.0,1.0068690507963192
166,GAM,0.218,2323.0,1.0022714752219066
453,GAM,0.218,2323.0,1.0022714752219066
702,GAM,0.218,2323.0,1.0022714752219066
737,GAM,0.218,2323.0,1.0022714752219066
1495,GAM,0.218,2323.0,1.0022714752219066
1555,GAM,0.218,2323.0,1.0022714752219066
2402,GAM,0.218,2323.0,1.0022714752219066
2631,GAM,0.218,2323.0,1.0022714752219066
1785,GAM,0.217,2331.0,0.9976738996474943
1833,GAM,0.217,2331.0,0.9976738996474943
2652,GAM,0.217,2331.0,0.9976738996474943
13,GAM,0.216,2334.0,0.9930763240730819
715,GAM,0.216,2334.0,0.9930763240730819
1065,GAM,0.216,2334.0,0.9930763240730819
1130,GAM,0.216,2334.0,0.9930763240730819
1820,GAM,0.216,2334.0,0.9930763240730819
2050,GAM,0.216,2334.0,0.9930763240730819
107,GAM,0.215,2340.0,0.9884787484986695
524,GAM,0.215,2340.0,0.9884787484986695
620,GAM,0.215,2340.0,0.9884787484986695
1675,GAM,0.215,2340.0,0.9884787484986695
2465,GAM,0.215,2340.0,0.9884787484986695
731,GAM,0.214,2345.0,0.983881172924257
1058,GAM,0.214,2345.0,0.983881172924257
2557,GAM,0.214,2345.0,0.983881172924257
231,GAM,0.213,2348.0,0.9792835973498446
639,GAM,0.213,2348.0,0.9792835973498446
1177,GAM,0.213,2348.0,0.9792835973498446
1225,GAM,0.213,2348.0,0.9792835973498446
1723,GAM,0.213,2348.0,0.9792835973498446
1294,GAM,0.212,2353.0,0.9746860217754322
1557,GAM,0.212,2353.0,0.9746860217754322
2521,GAM,0.212,2353.0,0.9746860217754322
645,GAM,0.211,2356.0,0.9700884462010197
48,GAM,0.21,2357.0,0.9654908706266073
261,GAM,0.21,2357.0,0.9654908706266073
2322,GAM,0.21,2357.0,0.9654908706266073
880,GAM,0.209,2360.0,0.9608932950521949
2620,GAM,0.209,2360.0,0.9608932950521949
239,GAM,0.208,2362.0,0.9562957194777825
1936,GAM,0.208,2362.0,0.9562957194777825
2681,GAM,0.208,2362.0,0.9562957194777825
2721,GAM,0.208,2362.0,0.9562957194777825
1299,GAM,0.207,2366.0,0.9516981439033702
1799,GAM,0.207,2366.0,0.9516981439033702
1827,GAM,0.207,2366.0,0.9516981439033702
2184,GAM,0.207,2366.0,0.9516981439033702
2725,GAM,0.207,2366.0,0.9516981439033702
510,GAM,0.206,2371.0,0.9471005683289577
829,GAM,0.206,2371.0,0.9471005683289577
842,GAM,0.206,2371.0,0.9471005683289577
2190,GAM,0.206,2371.0,0.9471005683289577
2382,GAM,0.206,2371.0,0.9471005683289577
336,GAM,0.205,2376.0,0.9425029927545453
2565,GAM,0.205,2376.0,0.9425029927545453
36,GAM,0.204,2378.0,0.9379054171801329
1110,GAM,0.204,2378.0,0.9379054171801329
1262,GAM,0.204,2378.0,0.9379054171801329
2032,GAM,0.204,2378.0,0.9379054171801329
2061,GAM,0.204,2378.0,0.9379054171801329
2202,GAM,0.204,2378.0,0.9379054171801329
1057,GAM,0.203,2384.0,0.9333078416057206
1812,GAM,0.203,2384.0,0.9333078416057206
2675,GAM,0.203,2384.0,0.9333078416057206
2687,GAM,0.203,2384.0,0.9333078416057206
73,GAM,0.202,2388.0,0.9287102660313081
182,GAM,0.202,2388.0,0.9287102660313081
1034,GAM,0.202,2388.0,0.9287102660313081
1365,GAM,0.202,2388.0,0.9287102660313081
1370,GAM,0.202,2388.0,0.9287102660313081
2111,GAM,0.202,2388.0,0.9287102660313081
1435,GAM,0.201,2394.0,0.9241126904568957
2324,GAM,0.201,2394.0,0.9241126904568957
2711,GAM,0.201,2394.0,0.9241126904568957
331,GAM,0.2,2397.0,0.9195151148824833
1132,GAM,0.199,2398.0,0.9149175393080708
2017,GAM,0.199,2398.0,0.9149175393080708
2417,GAM,0.199,2398.0,0.9149175393080708
139,GAM,0.198,2401.0,0.9103199637336584
359,GAM,0.198,2401.0,0.9103199637336584
727,GAM,0.198,2401.0,0.9103199637336584
882,GAM,0.197,2404.0,0.905722388159246
1228,GAM,0.197,2404.0,0.905722388159246
2197,GAM,0.197,2404.0,0.905722388159246
123,GAM,0.196,2407.0,0.9011248125848336
163,GAM,0.196,2407.0,0.9011248125848336
1006,GAM,0.196,2407.0,0.9011248125848336
1857,GAM,0.196,2407.0,0.9011248125848336
2559,GAM,0.196,2407.0,0.9011248125848336
136,GAM,0.195,2412.0,0.8965272370104211
1235,GAM,0.195,2412.0,0.8965272370104211
1836,GAM,0.195,2412.0,0.8965272370104211
2303,GAM,0.195,2412.0,0.8965272370104211
165,GAM,0.194,2416.0,0.8919296614360087
558,GAM,0.194,2416.0,0.8919296614360087
926,GAM,0.194,2416.0,0.8919296614360087
1588,GAM,0.194,2416.0,0.8919296614360087
2072,GAM,0.194,2416.0,0.8919296614360087
2513,GAM,0.194,2416.0,0.8919296614360087
642,GAM,0.193,2422.0,0.8873320858615964
804,GAM,0.193,2422.0,0.8873320858615964
1282,GAM,0.193,2422.0,0.8873320858615964
1386,GAM,0.193,2422.0,0.8873320858615964
1870,GAM,0.193,2422.0,0.8873320858615964
475,GAM,0.192,2427.0,0.882734510287184
1319,GAM,0.192,2427.0,0.882734510287184
2507,GAM,0.192,2427.0,0.882734510287184
108,GAM,0.191,2430.0,0.8781369347127715
644,GAM,0.191,2430.0,0.8781369347127715
648,GAM,0.191,2430.0,0.8781369347127715
2083,GAM,0.191,2430.0,0.8781369347127715
2550,GAM,0.191,2430.0,0.8781369347127715
641,GAM,0.19,2435.0,0.8735393591383591
2129,GAM,0.19,2435.0,0.8735393591383591
2379,GAM,0.19,2435.0,0.8735393591383591
949,GAM,0.189,2438.0,0.8689417835639467
1464,GAM,0.189,2438.0,0.8689417835639467
2239,GAM,0.189,2438.0,0.8689417835639467
191,GAM,0.188,2441.0,0.8643442079895343
576,GAM,0.188,2441.0,0.8643442079895343
1602,GAM,0.188,2441.0,0.8643442079895343
1038,GAM,0.187,2444.0,0.8597466324151218
1757,GAM,0.187,2444.0,0.8597466324151218
1774,GAM,0.187,2444.0,0.8597466324151218
2109,GAM,0.187,2444.0,0.8597466324151218
50,GAM,0.186,2448.0,0.8551490568407094
498,GAM,0.186,2448.0,0.8551490568407094
550,GAM,0.186,2448.0,0.8551490568407094
1466,GAM,0.186,2448.0,0.8551490568407094
1795,GAM,0.186,2448.0,0.8551490568407094
2046,GAM,0.186,2448.0,0.8551490568407094
118,GAM,0.185,2454.0,0.850551481266297
1471,GAM,0.185,2454.0,0.850551481266297
1485,GAM,0.185,2454.0,0.850551481266297
2208,GAM,0.185,2454.0,0.850551481266297
2263,GAM,0.185,2454.0,0.850551481266297
207,GAM,0.184,2459.0,0.8459539056918846
1099,GAM,0.184,2459.0,0.8459539056918846
1376,GAM,0.184,2459.0,0.8459539056918846
1687,GAM,0.184,2459.0,0.8459539056918846
2086,GAM,0.184,2459.0,0.8459539056918846
1727,GAM,0.183,2464.0,0.8413563301174721
2207,GAM,0.183,2464.0,0.8413563301174721
49,GAM,0.182,2466.0,0.8367587545430597
68,GAM,0.182,2466.0,0.8367587545430597
779,GAM,0.182,2466.0,0.8367587545430597
1632,GAM,0.182,2466.0,0.8367587545430597
2589,GAM,0.182,2466.0,0.8367587545430597
430,GAM,0.181,2471.0,0.8321611789686473
2362,GAM,0.181,2471.0,0.8321611789686473
2499,GAM,0.181,2471.0,0.8321611789686473
1765,GAM,0.18,2474.0,0.8275636033942348
1983,GAM,0.18,2474.0,0.8275636033942348
2193,GAM,0.18,2474.0,0.8275636033942348
2385,GAM,0.18,2474.0,0.8275636033942348
2694,GAM,0.18,2474.0,0.8275636033942348
1063,GAM,0.179,2479.0,0.8229660278198224
1307,GAM,0.179,2479.0,0.8229660278198224
1410,GAM,0.179,2479.0,0.8229660278198224
2219,GAM,0.179,2479.0,0.8229660278198224
2577,GAM,0.179,2479.0,0.8229660278198224
2641,GAM,0.179,2479.0,0.8229660278198224
2516,GAM,0.178,2485.0,0.81836845224541
2124,GAM,0.177,2486.0,0.8137708766709977
2482,GAM,0.177,2486.0,0.8137708766709977
329,GAM,0.176,2488.0,0.8091733010965853
1801,GAM,0.176,2488.0,0.8091733010965853
1831,GAM,0.176,2488.0,0.8091733010965853
1851,GAM,0.176,2488.0,0.8091733010965853
2413,GAM,0.175,2492.0,0.8045757255221728
796,GAM,0.174,2493.0,0.7999781499477604
1987,GAM,0.174,2493.0,0.7999781499477604
440,GAM,0.173,2495.0,0.795380574373348
1259,GAM,0.173,2495.0,0.795380574373348
2166,GAM,0.173,2495.0,0.795380574373348
984,GAM,0.172,2498.0,0.7907829987989355
1718,GAM,0.172,2498.0,0.7907829987989355
764,GAM,0.171,2500.0,0.7861854232245232
992,GAM,0.171,2500.0,0.7861854232245232
1256,GAM,0.171,2500.0,0.7861854232245232
1804,GAM,0.17,2503.0,0.7815878476501108
983,GAM,0.169,2504.0,0.7769902720756984
1161,GAM,0.169,2504.0,0.7769902720756984
1520,GAM,0.169,2504.0,0.7769902720756984
1679,GAM,0.169,2504.0,0.7769902720756984
1741,GAM,0.169,2504.0,0.7769902720756984
2666,GAM,0.169,2504.0,0.7769902720756984
106,GAM,0.168,2510.0,0.772392696501286
987,GAM,0.168,2510.0,0.772392696501286
1075,GAM,0.168,2510.0,0.772392696501286
1424,GAM,0.167,2513.0,0.7677951209268735
1714,GAM,0.167,2513.0,0.7677951209268735
2121,GAM,0.167,2513.0,0.7677951209268735
2343,GAM,0.167,2513.0,0.7677951209268735
152,GAM,0.166,2517.0,0.7631975453524611
687,GAM,0.166,2517.0,0.7631975453524611
1580,GAM,0.166,2517.0,0.7631975453524611
30,GAM,0.165,2520.0,0.7585999697780487
760,GAM,0.165,2520.0,0.7585999697780487
887,GAM,0.164,2522.0,0.7540023942036362
2342,GAM,0.164,2522.0,0.7540023942036362
2478,GAM,0.164,2522.0,0.7540023942036362
1553,GAM,0.163,2525.0,0.7494048186292238
1676,GAM,0.163,2525.0,0.7494048186292238
2143,GAM,0.163,2525.0,0.7494048186292238
2283,GAM,0.163,2525.0,0.7494048186292238
2493,GAM,0.163,2525.0,0.7494048186292238
2772,GAM,0.163,2525.0,0.7494048186292238
217,GAM,0.162,2531.0,0.7448072430548115
919,GAM,0.162,2531.0,0.7448072430548115
1362,GAM,0.162,2531.0,0.7448072430548115
1595,GAM,0.162,2531.0,0.7448072430548115
461,GAM,0.161,2535.0,0.7402096674803991
789,GAM,0.161,2535.0,0.7402096674803991
875,GAM,0.161,2535.0,0.7402096674803991
1000,GAM,0.161,2535.0,0.7402096674803991
1346,GAM,0.161,2535.0,0.7402096674803991
1878,GAM,0.161,2535.0,0.7402096674803991
2535,GAM,0.161,2535.0,0.7402096674803991
632,GAM,0.16,2542.0,0.7356120919059866
1234,GAM,0.16,2542.0,0.7356120919059866
2192,GAM,0.16,2542.0,0.7356120919059866
2414,GAM,0.16,2542.0,0.7356120919059866
2669,GAM,0.16,2542.0,0.7356120919059866
140,GAM,0.159,2547.0,0.7310145163315742
242,GAM,0.159,2547.0,0.7310145163315742
542,GAM,0.159,2547.0,0.7310145163315742
1449,GAM,0.159,2547.0,0.7310145163315742
1821,GAM,0.159,2547.0,0.7310145163315742
2383,GAM,0.159,2547.0,0.7310145163315742
1817,GAM,0.158,2553.0,0.7264169407571618
2732,GAM,0.158,2553.0,0.7264169407571618
1086,GAM,0.157,2555.0,0.7218193651827494
2304,GAM,0.157,2555.0,0.7218193651827494
1187,GAM,0.156,2557.0,0.7172217896083369
1463,GAM,0.156,2557.0,0.7172217896083369
1726,GAM,0.156,2557.0,0.7172217896083369
2071,GAM,0.156,2557.0,0.7172217896083369
2345,GAM,0.156,2557.0,0.7172217896083369
2492,GAM,0.156,2557.0,0.7172217896083369
2596,GAM,0.156,2557.0,0.7172217896083369
2734,GAM,0.156,2557.0,0.7172217896083369
1737,GAM,0.155,2565.0,0.7126242140339245
1848,GAM,0.155,2565.0,0.7126242140339245
2272,GAM,0.155,2565.0,0.7126242140339245
2438,GAM,0.155,2565.0,0.7126242140339245
2626,GAM,0.155,2565.0,0.7126242140339245
2328,GAM,0.154,2570.0,0.7080266384595121
2502,GAM,0.154,2570.0,0.7080266384595121
1024,GAM,0.153,2572.0,0.7034290628850997
1573,GAM,0.153,2572.0,0.7034290628850997
854,GAM,0.152,2574.0,0.6988314873106872
930,GAM,0.152,2574.0,0.6988314873106872
1104,GAM,0.152,2574.0,0.6988314873106872
190,GAM,0.151,2577.0,0.6942339117362748
380,GAM,0.151,2577.0,0.6942339117362748
1134,GAM,0.151,2577.0,0.6942339117362748
2587,GAM,0.151,2577.0,0.6942339117362748
1054,GAM,0.15,2581.0,0.6896363361618624
1889,GAM,0.15,2581.0,0.6896363361618624
479,GAM,0.149,2583.0,0.68503876058745
941,GAM,0.149,2583.0,0.68503876058745
2320,GAM,0.149,2583.0,0.68503876058745
2352,GAM,0.149,2583.0,0.68503876058745
361,GAM,0.148,2587.0,0.6804411850130375
993,GAM,0.148,2587.0,0.6804411850130375
1379,GAM,0.148,2587.0,0.6804411850130375
1487,GAM,0.148,2587.0,0.6804411850130375
1750,GAM,0.148,2587.0,0.6804411850130375
1947,GAM,0.148,2587.0,0.6804411850130375
2308,GAM,0.148,2587.0,0.6804411850130375
2558,GAM,0.148,2587.0,0.6804411850130375
2,GAM,0.147,2595.0,0.6758436094386251
67,GAM,0.147,2595.0,0.6758436094386251
120,GAM,0.147,2595.0,0.6758436094386251
571,GAM,0.147,2595.0,0.6758436094386251
791,GAM,0.147,2595.0,0.6758436094386251
1003,GAM,0.147,2595.0,0.6758436094386251
1348,GAM,0.147,2595.0,0.6758436094386251
1886,GAM,0.147,2595.0,0.6758436094386251
2146,GAM,0.147,2595.0,0.6758436094386251
2498,GAM,0.147,2595.0,0.6758436094386251
2645,GAM,0.147,2595.0,0.6758436094386251
88,GAM,0.146,2606.0,0.6712460338642128
103,GAM,0.146,2606.0,0.6712460338642128
1941,GAM,0.146,2606.0,0.6712460338642128
2606,GAM,0.146,2606.0,0.6712460338642128
439,GAM,0.145,2610.0,0.6666484582898003
868,GAM,0.145,2610.0,0.6666484582898003
1064,GAM,0.145,2610.0,0.6666484582898003
1671,GAM,0.145,2610.0,0.6666484582898003
2011,GAM,0.145,2610.0,0.6666484582898003
2280,GAM,0.145,2610.0,0.6666484582898003
2510,GAM,0.145,2610.0,0.6666484582898003
2603,GAM,0.145,2610.0,0.6666484582898003
472,GAM,0.144,2618.0,0.6620508827153879
915,GAM,0.144,2618.0,0.6620508827153879
1162,GAM,0.144,2618.0,0.6620508827153879
1206,GAM,0.144,2618.0,0.6620508827153879
1227,GAM,0.144,2618.0,0.6620508827153879
1505,GAM,0.144,2618.0,0.6620508827153879
2139,GAM,0.144,2618.0,0.6620508827153879
2449,GAM,0.144,2618.0,0.6620508827153879
584,GAM,0.143,2626.0,0.6574533071409755
1350,GAM,0.143,2626.0,0.6574533071409755
1509,GAM,0.143,2626.0,0.6574533071409755
1598,GAM,0.143,2626.0,0.6574533071409755
1735,GAM,0.143,2626.0,0.6574533071409755
2165,GAM,0.143,2626.0,0.6574533071409755
2310,GAM,0.143,2626.0,0.6574533071409755
1030,GAM,0.142,2633.0,0.6528557315665631
1091,GAM,0.142,2633.0,0.6528557315665631
1139,GAM,0.142,2633.0,0.6528557315665631
1287,GAM,0.142,2633.0,0.6528557315665631
273,GAM,0.141,2637.0,0.6482581559921506
985,GAM,0.141,2637.0,0.6482581559921506
1399,GAM,0.141,2637.0,0.6482581559921506
2433,GAM,0.141,2637.0,0.6482581559921506
1289,GAM,0.14,2641.0,0.6436605804177383
551,GAM,0.139,2642.0,0.6390630048433259
928,GAM,0.139,2642.0,0.6390630048433259
1515,GAM,0.139,2642.0,0.6390630048433259
838,GAM,0.138,2645.0,0.6344654292689135
2563,GAM,0.138,2645.0,0.6344654292689135
1823,GAM,0.137,2647.0,0.629867853694501
1915,GAM,0.137,2647.0,0.629867853694501
1984,GAM,0.137,2647.0,0.629867853694501
181,GAM,0.136,2650.0,0.6252702781200886
912,GAM,0.136,2650.0,0.6252702781200886
939,GAM,0.136,2650.0,0.6252702781200886
1641,GAM,0.136,2650.0,0.6252702781200886
634,GAM,0.135,2654.0,0.6206727025456762
652,GAM,0.135,2654.0,0.6206727025456762
1465,GAM,0.135,2654.0,0.6206727025456762
1617,GAM,0.135,2654.0,0.6206727025456762
2423,GAM,0.135,2654.0,0.6206727025456762
2477,GAM,0.135,2654.0,0.6206727025456762
751,GAM,0.134,2660.0,0.6160751269712638
1381,GAM,0.134,2660.0,0.6160751269712638
1398,GAM,0.134,2660.0,0.6160751269712638
1578,GAM,0.134,2660.0,0.6160751269712638
2604,GAM,0.134,2660.0,0.6160751269712638
243,GAM,0.133,2665.0,0.6114775513968513
252,GAM,0.133,2665.0,0.6114775513968513
274,GAM,0.133,2665.0,0.6114775513968513
720,GAM,0.133,2665.0,0.6114775513968513
465,GAM,0.132,2669.0,0.6068799758224389
929,GAM,0.132,2669.0,0.6068799758224389
1335,GAM,0.132,2669.0,0.6068799758224389
2126,GAM,0.132,2669.0,0.6068799758224389
2536,GAM,0.132,2669.0,0.6068799758224389
614,GAM,0.131,2674.0,0.6022824002480266
1527,GAM,0.131,2674.0,0.6022824002480266
1760,GAM,0.131,2674.0,0.6022824002480266
1991,GAM,0.131,2674.0,0.6022824002480266
2094,GAM,0.131,2674.0,0.6022824002480266
315,GAM,0.13,2679.0,0.5976848246736142
631,GAM,0.13,2679.0,0.5976848246736142
2009,GAM,0.13,2679.0,0.5976848246736142
2653,GAM,0.13,2679.0,0.5976848246736142
20,GAM,0.129,2683.0,0.5930872490992017
2336,GAM,0.129,2683.0,0.5930872490992017
2753,GAM,0.129,2683.0,0.5930872490992017
693,GAM,0.128,2686.0,0.5884896735247893
1095,GAM,0.128,2686.0,0.5884896735247893
1850,GAM,0.128,2686.0,0.5884896735247893
1906,GAM,0.128,2686.0,0.5884896735247893
1036,GAM,0.127,2690.0,0.5838920979503769
1745,GAM,0.127,2690.0,0.5838920979503769
2270,GAM,0.127,2690.0,0.5838920979503769
134,GAM,0.126,2693.0,0.5792945223759645
317,GAM,0.126,2693.0,0.5792945223759645
579,GAM,0.126,2693.0,0.5792945223759645
903,GAM,0.126,2693.0,0.5792945223759645
921,GAM,0.126,2693.0,0.5792945223759645
948,GAM,0.126,2693.0,0.5792945223759645
1077,GAM,0.126,2693.0,0.5792945223759645
1810,GAM,0.126,2693.0,0.5792945223759645
2062,GAM,0.126,2693.0,0.5792945223759645
2500,GAM,0.126,2693.0,0.5792945223759645
2664,GAM,0.126,2693.0,0.5792945223759645
894,GAM,0.125,2704.0,0.574696946801552
1247,GAM,0.125,2704.0,0.574696946801552
1917,GAM,0.125,2704.0,0.574696946801552
2560,GAM,0.125,2704.0,0.574696946801552
2671,GAM,0.125,2704.0,0.574696946801552
158,GAM,0.124,2709.0,0.5700993712271396
1732,GAM,0.124,2709.0,0.5700993712271396
285,GAM,0.123,2711.0,0.5655017956527272
291,GAM,0.123,2711.0,0.5655017956527272
627,GAM,0.123,2711.0,0.5655017956527272
723,GAM,0.123,2711.0,0.5655017956527272
936,GAM,0.123,2711.0,0.5655017956527272
1373,GAM,0.123,2711.0,0.5655017956527272
28,GAM,0.122,2717.0,0.5609042200783148
121,GAM,0.122,2717.0,0.5609042200783148
200,GAM,0.122,2717.0,0.5609042200783148
313,GAM,0.122,2717.0,0.5609042200783148
758,GAM,0.122,2717.0,0.5609042200783148
1603,GAM,0.122,2717.0,0.5609042200783148
2340,GAM,0.122,2717.0,0.5609042200783148
2663,GAM,0.122,2717.0,0.5609042200783148
254,GAM,0.121,2725.0,0.5563066445039023
1002,GAM,0.121,2725.0,0.5563066445039023
218,GAM,0.12,2727.0,0.5517090689294899
841,GAM,0.12,2727.0,0.5517090689294899
1902,GAM,0.12,2727.0,0.5517090689294899
2297,GAM,0.12,2727.0,0.5517090689294899
2520,GAM,0.12,2727.0,0.5517090689294899
154,GAM,0.118,2732.0,0.542513917780665
1859,GAM,0.118,2732.0,0.542513917780665
2134,GAM,0.118,2732.0,0.542513917780665
2429,GAM,0.118,2732.0,0.542513917780665
2685,GAM,0.118,2732.0,0.542513917780665
290,GAM,0.117,2737.0,0.5379163422062527
515,GAM,0.117,2737.0,0.5379163422062527
229,GAM,0.116,2739.0,0.5333187666318403
726,GAM,0.116,2739.0,0.5333187666318403
793,GAM,0.116,2739.0,0.5333187666318403
1249,GAM,0.115,2742.0,0.5287211910574279
1638,GAM,0.115,2742.0,0.5287211910574279
1901,GAM,0.115,2742.0,0.5287211910574279
54,GAM,0.114,2745.0,0.5241236154830154
692,GAM,0.114,2745.0,0.5241236154830154
1016,GAM,0.114,2745.0,0.5241236154830154
1916,GAM,0.114,2745.0,0.5241236154830154
2738,GAM,0.114,2745.0,0.5241236154830154
595,GAM,0.113,2750.0,0.519526039908603
1116,GAM,0.113,2750.0,0.519526039908603
802,GAM,0.112,2752.0,0.5149284643341906
884,GAM,0.112,2752.0,0.5149284643341906
1232,GAM,0.112,2752.0,0.5149284643341906
322,GAM,0.111,2755.0,0.5103308887597782
1667,GAM,0.111,2755.0,0.5103308887597782
383,GAM,0.11,2757.0,0.5057333131853657
1197,GAM,0.11,2757.0,0.5057333131853657
434,GAM,0.109,2759.0,0.5011357376109533
1245,GAM,0.109,2759.0,0.5011357376109533
72,GAM,0.108,2761.0,0.49653816203654094
1322,GAM,0.108,2761.0,0.49653816203654094
1713,GAM,0.108,2761.0,0.49653816203654094
1310,GAM,0.107,2764.0,0.4919405864621285
2198,GAM,0.107,2764.0,0.4919405864621285
1198,GAM,0.106,2766.0,0.4873430108877161
504,GAM,0.104,2767.0,0.47814785973889123
1619,GAM,0.104,2767.0,0.47814785973889123
2064,GAM,0.102,2769.0,0.46895270859006644
520,GAM,0.1,2770.0,0.45975755744124164
1324,GAM,0.1,2770.0,0.45975755744124164
1642,GAM,0.1,2770.0,0.45975755744124164
1479,GAM,0.099,2773.0,0.4551599818668292
663,GAM,0.092,2774.0,0.4229769528459423
1429,GAM,0.09,2775.0,0.4137818016971174
1159,GAM,0.089,2776.0,0.409184226122705
144,GAM,0.084,2777.0,0.386196348250643
2768,GAM,0.084,2777.0,0.386196348250643
2266,RF,1.892,1.0,7.959702309915616
2029,RF,1.841,2.0,7.745143738136707
1255,RF,1.808,3.0,7.606311721103295
570,RF,1.688,4.0,7.101468022799979
129,RF,1.658,5.0,6.97525709822415
979,RF,1.543,6.0,6.491448554016805
923,RF,1.522,7.0,6.403100906813726
2583,RF,1.515,8.0,6.373651691079365
1020,RF,1.455,9.0,6.121229841927708
2648,RF,1.393,10.0,5.8603939311376605
959,RF,1.384,11.0,5.822530653764911
2177,RF,1.377,12.0,5.793081438030551
220,RF,1.371,13.0,5.767839253115386
527,RF,1.368,14.0,5.755218160657804
1475,RF,1.34,15.0,5.637421297720363
1025,RF,1.338,16.0,5.629007236081974
1692,RF,1.335,17.0,5.616386143624391
476,RF,1.289,18.0,5.422862725941453
904,RF,1.281,19.0,5.389206479387899
2609,RF,1.254,20.0,5.275616647269652
1439,RF,1.247,21.0,5.2461674315352935
1837,RF,1.237,22.0,5.20409712334335
1597,RF,1.23,23.0,5.174647907608989
2023,RF,1.205,24.0,5.069472137129132
2130,RF,1.192,25.0,5.014780736479606
292,RF,1.191,26.0,5.010573705660412
214,RF,1.19,27.0,5.0063666748412174
1090,RF,1.183,28.0,4.976917459106858
1129,RF,1.181,29.0,4.968503397468469
35,RF,1.177,30.0,4.951675274191691
2110,RF,1.166,31.0,4.905397935180554
193,RF,1.146,32.0,4.821257318796668
75,RF,1.144,33.0,4.8128432571582795
405,RF,1.143,34.0,4.808636226339085
1419,RF,1.142,35.0,4.804429195519891
2673,RF,1.14,36.0,4.796015133881502
2689,RF,1.138,37.0,4.787601072243113
2284,RF,1.116,38.0,4.69504639422084
561,RF,1.115,39.0,4.690839363401645
1488,RF,1.115,39.0,4.690839363401645
539,RF,1.104,41.0,4.644562024390508
1105,RF,1.102,42.0,4.636147962752119
968,RF,1.101,43.0,4.631940931932925
2659,RF,1.099,44.0,4.623526870294536
1824,RF,1.089,45.0,4.581456562102593
2501,RF,1.089,45.0,4.581456562102593
2084,RF,1.083,47.0,4.556214377187427
1549,RF,1.069,48.0,4.497315945718707
1250,RF,1.065,49.0,4.48048782244193
2152,RF,1.057,50.0,4.446831575888376
318,RF,1.056,51.0,4.442624545069181
351,RF,1.049,52.0,4.413175329334821
1345,RF,1.047,53.0,4.404761267696433
1220,RF,1.045,54.0,4.396347206058044
51,RF,1.044,55.0,4.39214017523885
2052,RF,1.042,56.0,4.383726113600461
1931,RF,1.039,57.0,4.371105021142878
955,RF,1.037,58.0,4.362690959504489
117,RF,1.035,59.0,4.354276897866101
2037,RF,1.034,60.0,4.350069867046907
878,RF,1.029,61.0,4.329034712950935
32,RF,1.025,62.0,4.312206589674157
601,RF,1.024,63.0,4.307999558854964
1437,RF,1.023,64.0,4.303792528035769
1459,RF,1.017,65.0,4.278550343120603
650,RF,1.016,66.0,4.27434331230141
2212,RF,1.014,67.0,4.265929250663021
2411,RF,1.01,68.0,4.249101127386243
2578,RF,1.009,69.0,4.244894096567049
2724,RF,1.009,69.0,4.244894096567049
1118,RF,1.008,71.0,4.240687065747855
996,RF,1.007,72.0,4.23648003492866
1754,RF,1.001,73.0,4.211237850013494
2158,RF,0.997,74.0,4.194409726736717
2599,RF,0.997,74.0,4.194409726736717
874,RF,0.993,76.0,4.177581603459941
1354,RF,0.992,77.0,4.173374572640746
2542,RF,0.99,78.0,4.1649605110023575
2469,RF,0.988,79.0,4.156546449363969
2319,RF,0.982,80.0,4.131304264448803
2290,RF,0.981,81.0,4.127097233629609
1779,RF,0.98,82.0,4.122890202810415
2552,RF,0.977,83.0,4.1102691103528315
761,RF,0.976,84.0,4.106062079533637
262,RF,0.974,85.0,4.097648017895248
2047,RF,0.972,86.0,4.08923395625686
2538,RF,0.966,87.0,4.063991771341694
2305,RF,0.963,88.0,4.051370678884111
194,RF,0.962,89.0,4.047163648064917
2281,RF,0.962,89.0,4.047163648064917
294,RF,0.961,91.0,4.042956617245722
825,RF,0.961,91.0,4.042956617245722
2004,RF,0.961,91.0,4.042956617245722
2275,RF,0.96,94.0,4.038749586426528
900,RF,0.958,95.0,4.03033552478814
970,RF,0.958,95.0,4.03033552478814
2054,RF,0.956,97.0,4.021921463149751
2680,RF,0.955,98.0,4.017714432330557
1271,RF,0.954,99.0,4.0135074015113625
1948,RF,0.949,100.0,3.992472247415391
485,RF,0.947,101.0,3.9840581857770023
2344,RF,0.947,101.0,3.9840581857770023
740,RF,0.945,103.0,3.9756441241386136
1640,RF,0.942,104.0,3.963023031681031
1815,RF,0.942,104.0,3.963023031681031
93,RF,0.939,106.0,3.9504019392234477
377,RF,0.939,106.0,3.9504019392234477
1114,RF,0.935,108.0,3.933573815946671
410,RF,0.934,109.0,3.9293667851274767
1096,RF,0.934,109.0,3.9293667851274767
951,RF,0.931,111.0,3.916745692669894
1623,RF,0.931,111.0,3.916745692669894
2475,RF,0.931,111.0,3.916745692669894
879,RF,0.93,114.0,3.9125386618506997
885,RF,0.929,115.0,3.9083316310315053
1312,RF,0.927,116.0,3.8999175693931165
39,RF,0.926,117.0,3.8957105385739226
2085,RF,0.926,117.0,3.8957105385739226
2434,RF,0.926,117.0,3.8957105385739226
358,RF,0.925,120.0,3.891503507754728
1502,RF,0.925,120.0,3.891503507754728
2159,RF,0.925,120.0,3.891503507754728
1910,RF,0.92,123.0,3.8704683536587567
1321,RF,0.917,124.0,3.8578472612011736
2612,RF,0.917,124.0,3.8578472612011736
2063,RF,0.915,126.0,3.8494331995627853
1945,RF,0.914,127.0,3.845226168743591
149,RF,0.912,128.0,3.836812107105202
2010,RF,0.906,129.0,3.8115699221900363
74,RF,0.903,130.0,3.7989488297324536
2704,RF,0.902,131.0,3.7947417989132592
925,RF,0.901,132.0,3.790534768094065
2076,RF,0.898,133.0,3.7779136756364817
2117,RF,0.897,134.0,3.773706644817288
187,RF,0.896,135.0,3.7694996139980934
2164,RF,0.896,135.0,3.7694996139980934
1158,RF,0.895,137.0,3.765292583178899
1756,RF,0.894,138.0,3.7610855523597047
11,RF,0.893,139.0,3.7568785215405103
2566,RF,0.892,140.0,3.752671490721316
2455,RF,0.891,141.0,3.748464459902122
775,RF,0.885,142.0,3.723222274986956
244,RF,0.884,143.0,3.7190152441677617
1503,RF,0.883,144.0,3.7148082133485674
997,RF,0.881,145.0,3.7063941517101786
850,RF,0.879,146.0,3.6979800900717903
100,RF,0.877,147.0,3.6895660284334015
2600,RF,0.877,147.0,3.6895660284334015
1652,RF,0.876,149.0,3.685358997614207
2183,RF,0.876,149.0,3.685358997614207
2505,RF,0.876,149.0,3.685358997614207
170,RF,0.873,152.0,3.6727379051566245
1661,RF,0.873,152.0,3.6727379051566245
1825,RF,0.871,154.0,3.6643238435182357
86,RF,0.869,155.0,3.655909781879847
429,RF,0.867,156.0,3.6474957202414586
695,RF,0.866,157.0,3.6432886894222642
1748,RF,0.866,157.0,3.6432886894222642
12,RF,0.865,159.0,3.63908165860307
1841,RF,0.865,159.0,3.63908165860307
836,RF,0.863,161.0,3.630667596964681
2576,RF,0.863,161.0,3.630667596964681
608,RF,0.861,163.0,3.622253535326293
700,RF,0.861,163.0,3.622253535326293
965,RF,0.861,163.0,3.622253535326293
586,RF,0.859,166.0,3.613839473687904
1905,RF,0.859,166.0,3.613839473687904
287,RF,0.858,168.0,3.6096324428687097
1688,RF,0.858,168.0,3.6096324428687097
2225,RF,0.857,170.0,3.6054254120495153
2644,RF,0.857,170.0,3.6054254120495153
486,RF,0.856,172.0,3.6012183812303213
877,RF,0.856,172.0,3.6012183812303213
1879,RF,0.856,172.0,3.6012183812303213
748,RF,0.855,175.0,3.597011350411127
774,RF,0.855,175.0,3.597011350411127
1856,RF,0.855,175.0,3.597011350411127
2731,RF,0.855,175.0,3.597011350411127
2339,RF,0.854,179.0,3.5928043195919326
538,RF,0.853,180.0,3.588597288772738
672,RF,0.852,181.0,3.584390257953544
797,RF,0.852,181.0,3.584390257953544
1033,RF,0.852,181.0,3.584390257953544
132,RF,0.851,184.0,3.5801832271343494
2705,RF,0.85,185.0,3.5759761963151555
1252,RF,0.846,186.0,3.559148073038378
552,RF,0.845,187.0,3.5549410422191836
2741,RF,0.845,187.0,3.5549410422191836
2441,RF,0.844,189.0,3.5507340113999897
293,RF,0.841,190.0,3.5381129189424065
1436,RF,0.84,191.0,3.533905888123212
995,RF,0.838,192.0,3.525491826484824
1040,RF,0.838,192.0,3.525491826484824
2309,RF,0.838,192.0,3.525491826484824
991,RF,0.836,195.0,3.517077764846435
2179,RF,0.836,195.0,3.517077764846435
2213,RF,0.835,197.0,3.5128707340272407
1538,RF,0.834,198.0,3.5086637032080463
2347,RF,0.832,199.0,3.500249641569658
1608,RF,0.831,200.0,3.4960426107504636
664,RF,0.83,201.0,3.4918355799312693
1960,RF,0.83,201.0,3.4918355799312693
2544,RF,0.829,203.0,3.487628549112075
656,RF,0.827,204.0,3.479214487473686
2318,RF,0.826,205.0,3.475007456654492
1791,RF,0.822,206.0,3.4581793333777147
2199,RF,0.82,207.0,3.4497652717393263
1559,RF,0.819,208.0,3.445558240920132
1954,RF,0.817,209.0,3.437144179281743
2432,RF,0.817,209.0,3.437144179281743
1165,RF,0.812,211.0,3.416109025185772
82,RF,0.811,212.0,3.411901994366578
2422,RF,0.811,212.0,3.411901994366578
546,RF,0.81,214.0,3.4076949635473834
408,RF,0.808,215.0,3.399280901908995
411,RF,0.808,215.0,3.399280901908995
2149,RF,0.808,215.0,3.399280901908995
1814,RF,0.806,218.0,3.3908668402706064
2067,RF,0.806,218.0,3.3908668402706064
581,RF,0.804,220.0,3.3824527786322176
2249,RF,0.804,220.0,3.3824527786322176
302,RF,0.801,222.0,3.369831686174635
1543,RF,0.801,222.0,3.369831686174635
2430,RF,0.801,222.0,3.369831686174635
1476,RF,0.8,225.0,3.3656246553554405
1828,RF,0.8,225.0,3.3656246553554405
2401,RF,0.8,225.0,3.3656246553554405
623,RF,0.798,228.0,3.3572105937170518
1305,RF,0.797,229.0,3.353003562897858
1644,RF,0.797,229.0,3.353003562897858
2089,RF,0.797,229.0,3.353003562897858
2170,RF,0.797,229.0,3.353003562897858
1749,RF,0.794,233.0,3.3403824704402747
732,RF,0.793,234.0,3.3361754396210803
1539,RF,0.793,234.0,3.3361754396210803
1382,RF,0.792,236.0,3.331968408801886
1107,RF,0.791,237.0,3.327761377982692
917,RF,0.79,238.0,3.3235543471634976
1031,RF,0.79,238.0,3.3235543471634976
1360,RF,0.786,240.0,3.30672622388672
696,RF,0.785,241.0,3.302519193067526
1778,RF,0.785,241.0,3.302519193067526
1922,RF,0.784,243.0,3.298312162248332
2770,RF,0.782,244.0,3.289898100609943
1018,RF,0.781,245.0,3.2856910697907487
1140,RF,0.781,245.0,3.2856910697907487
1355,RF,0.781,245.0,3.2856910697907487
2295,RF,0.779,248.0,3.2772770081523603
1277,RF,0.778,249.0,3.273069977333166
861,RF,0.777,250.0,3.2688629465139716
484,RF,0.773,251.0,3.2520348232371945
1678,RF,0.772,252.0,3.247827792418
44,RF,0.771,253.0,3.2436207615988057
2145,RF,0.771,253.0,3.2436207615988057
2224,RF,0.771,253.0,3.2436207615988057
507,RF,0.77,256.0,3.2394137307796114
2300,RF,0.77,256.0,3.2394137307796114
964,RF,0.766,258.0,3.2225856075028343
1693,RF,0.766,258.0,3.2225856075028343
2404,RF,0.766,258.0,3.2225856075028343
1184,RF,0.765,261.0,3.21837857668364
1518,RF,0.765,261.0,3.21837857668364
1607,RF,0.765,261.0,3.21837857668364
323,RF,0.763,264.0,3.209964515045251
403,RF,0.762,265.0,3.2057574842260568
59,RF,0.758,266.0,3.1889293609492797
2651,RF,0.758,266.0,3.1889293609492797
463,RF,0.757,268.0,3.1847223301300853
1530,RF,0.757,268.0,3.1847223301300853
1972,RF,0.757,268.0,3.1847223301300853
729,RF,0.752,271.0,3.163687176034114
2261,RF,0.752,271.0,3.163687176034114
569,RF,0.751,273.0,3.1594801452149195
1264,RF,0.751,273.0,3.1594801452149195
264,RF,0.749,275.0,3.151066083576531
1453,RF,0.748,276.0,3.146859052757337
2373,RF,0.747,277.0,3.1426520219381424
1909,RF,0.745,278.0,3.1342379602997537
567,RF,0.744,279.0,3.1300309294805597
1009,RF,0.744,279.0,3.1300309294805597
266,RF,0.743,281.0,3.1258238986613653
1979,RF,0.743,281.0,3.1258238986613653
2511,RF,0.743,281.0,3.1258238986613653
1411,RF,0.742,284.0,3.121616867842171
2274,RF,0.739,285.0,3.108995775384588
2585,RF,0.738,286.0,3.104788744565394
2608,RF,0.738,286.0,3.104788744565394
2736,RF,0.738,286.0,3.104788744565394
60,RF,0.737,289.0,3.1005817137461995
1885,RF,0.737,289.0,3.1005817137461995
753,RF,0.735,291.0,3.0921676521078107
998,RF,0.735,291.0,3.0921676521078107
1263,RF,0.734,293.0,3.0879606212886164
1919,RF,0.732,294.0,3.079546559650228
2204,RF,0.732,294.0,3.079546559650228
1438,RF,0.728,296.0,3.0627184363734505
320,RF,0.726,297.0,3.054304374735062
1493,RF,0.726,297.0,3.054304374735062
2038,RF,0.726,297.0,3.054304374735062
2255,RF,0.724,300.0,3.0458903130966735
958,RF,0.723,301.0,3.041683282277479
2389,RF,0.721,302.0,3.0332692206390903
1369,RF,0.719,303.0,3.024855159000702
1669,RF,0.718,304.0,3.0206481281815076
863,RF,0.717,305.0,3.0164410973623133
1121,RF,0.717,305.0,3.0164410973623133
1212,RF,0.717,305.0,3.0164410973623133
1026,RF,0.716,308.0,3.012234066543119
2384,RF,0.716,308.0,3.012234066543119
211,RF,0.713,310.0,2.999612974085536
1192,RF,0.713,310.0,2.999612974085536
212,RF,0.712,312.0,2.995405943266342
1349,RF,0.712,312.0,2.995405943266342
2739,RF,0.712,312.0,2.995405943266342
467,RF,0.71,315.0,2.986991881627953
1670,RF,0.707,316.0,2.9743707891703703
52,RF,0.706,317.0,2.970163758351176
325,RF,0.706,317.0,2.970163758351176
837,RF,0.705,319.0,2.9659567275319816
2525,RF,0.705,319.0,2.9659567275319816
303,RF,0.702,321.0,2.953335635074399
387,RF,0.7,322.0,2.94492157343601
2260,RF,0.7,322.0,2.94492157343601
2633,RF,0.699,324.0,2.9407145426168158
280,RF,0.698,325.0,2.9365075117976214
2211,RF,0.698,325.0,2.9365075117976214
2660,RF,0.698,325.0,2.9365075117976214
81,RF,0.697,328.0,2.9323004809784274
1690,RF,0.697,328.0,2.9323004809784274
988,RF,0.696,330.0,2.928093450159233
2774,RF,0.696,330.0,2.928093450159233
110,RF,0.695,332.0,2.9238864193400387
189,RF,0.695,332.0,2.9238864193400387
927,RF,0.695,332.0,2.9238864193400387
1243,RF,0.695,332.0,2.9238864193400387
1371,RF,0.695,332.0,2.9238864193400387
1639,RF,0.695,332.0,2.9238864193400387
1427,RF,0.694,338.0,2.9196793885208443
2490,RF,0.694,338.0,2.9196793885208443
2776,RF,0.694,338.0,2.9196793885208443
1861,RF,0.693,341.0,2.91547235770165
1233,RF,0.691,342.0,2.9070582960632616
2630,RF,0.691,342.0,2.9070582960632616
529,RF,0.69,344.0,2.9028512652440672
1689,RF,0.689,345.0,2.898644234424873
2703,RF,0.689,345.0,2.898644234424873
2005,RF,0.688,347.0,2.8944372036056785
599,RF,0.687,348.0,2.8902301727864845
960,RF,0.687,348.0,2.8902301727864845
2209,RF,0.687,348.0,2.8902301727864845
2607,RF,0.687,348.0,2.8902301727864845
1048,RF,0.686,352.0,2.88602314196729
2103,RF,0.686,352.0,2.88602314196729
131,RF,0.685,354.0,2.881816111148096
392,RF,0.685,354.0,2.881816111148096
1011,RF,0.685,354.0,2.881816111148096
2287,RF,0.685,354.0,2.881816111148096
2561,RF,0.685,354.0,2.881816111148096
300,RF,0.684,359.0,2.877609080328902
2259,RF,0.684,359.0,2.877609080328902
2022,RF,0.683,361.0,2.8734020495097075
2227,RF,0.683,361.0,2.8734020495097075
891,RF,0.682,363.0,2.869195018690513
1361,RF,0.682,363.0,2.869195018690513
444,RF,0.681,365.0,2.8649879878713187
2026,RF,0.681,365.0,2.8649879878713187
2132,RF,0.681,365.0,2.8649879878713187
2584,RF,0.68,368.0,2.8607809570521243
933,RF,0.676,369.0,2.8439528337753472
1568,RF,0.676,369.0,2.8439528337753472
1697,RF,0.676,369.0,2.8439528337753472
2509,RF,0.676,369.0,2.8439528337753472
823,RF,0.675,373.0,2.839745802956153
1291,RF,0.674,374.0,2.8355387721369585
2656,RF,0.674,374.0,2.8355387721369585
192,RF,0.673,376.0,2.8313317413177645
940,RF,0.673,376.0,2.8313317413177645
547,RF,0.672,378.0,2.82712471049857
324,RF,0.67,379.0,2.8187106488601814
557,RF,0.669,380.0,2.814503618040987
156,RF,0.668,381.0,2.8102965872217927
69,RF,0.667,382.0,2.8060895564025987
522,RF,0.666,383.0,2.8018825255834043
1244,RF,0.666,383.0,2.8018825255834043
1423,RF,0.666,383.0,2.8018825255834043
2466,RF,0.666,383.0,2.8018825255834043
1146,RF,0.665,387.0,2.79767549476421
506,RF,0.664,388.0,2.7934684639450156
843,RF,0.663,389.0,2.789261433125821
1980,RF,0.663,389.0,2.789261433125821
496,RF,0.661,391.0,2.780847371487433
2436,RF,0.661,391.0,2.780847371487433
2517,RF,0.661,391.0,2.780847371487433
455,RF,0.66,394.0,2.7766403406682385
2160,RF,0.659,395.0,2.772433309849044
1356,RF,0.658,396.0,2.7682262790298497
1412,RF,0.658,396.0,2.7682262790298497
1614,RF,0.658,396.0,2.7682262790298497
402,RF,0.656,399.0,2.7598122173914614
1190,RF,0.656,399.0,2.7598122173914614
2359,RF,0.655,401.0,2.755605186572267
2487,RF,0.655,401.0,2.755605186572267
2161,RF,0.654,403.0,2.7513981557530727
981,RF,0.653,404.0,2.7471911249338783
238,RF,0.652,405.0,2.742984094114684
2541,RF,0.652,405.0,2.742984094114684
1221,RF,0.651,407.0,2.7387770632954895
1572,RF,0.651,407.0,2.7387770632954895
1775,RF,0.651,407.0,2.7387770632954895
1953,RF,0.651,407.0,2.7387770632954895
1716,RF,0.65,411.0,2.7345700324762956
15,RF,0.649,412.0,2.730363001657101
1808,RF,0.649,412.0,2.730363001657101
2273,RF,0.649,412.0,2.730363001657101
2372,RF,0.649,412.0,2.730363001657101
2667,RF,0.649,412.0,2.730363001657101
2351,RF,0.648,417.0,2.726155970837907
1523,RF,0.647,418.0,2.7219489400187125
2393,RF,0.647,418.0,2.7219489400187125
427,RF,0.646,420.0,2.717741909199518
1012,RF,0.646,420.0,2.717741909199518
2762,RF,0.646,420.0,2.717741909199518
1847,RF,0.645,423.0,2.7135348783803237
1893,RF,0.645,423.0,2.7135348783803237
2034,RF,0.645,423.0,2.7135348783803237
2140,RF,0.645,423.0,2.7135348783803237
1929,RF,0.644,427.0,2.7093278475611298
1686,RF,0.643,428.0,2.7051208167419354
1858,RF,0.643,428.0,2.7051208167419354
1892,RF,0.643,428.0,2.7051208167419354
1019,RF,0.642,431.0,2.700913785922741
1604,RF,0.642,431.0,2.700913785922741
1672,RF,0.642,431.0,2.700913785922741
99,RF,0.641,434.0,2.6967067551035466
371,RF,0.641,434.0,2.6967067551035466
1135,RF,0.641,434.0,2.6967067551035466
1472,RF,0.641,434.0,2.6967067551035466
1302,RF,0.64,438.0,2.6924997242843522
978,RF,0.639,439.0,2.688292693465158
1320,RF,0.639,439.0,2.688292693465158
1522,RF,0.639,439.0,2.688292693465158
2672,RF,0.639,439.0,2.688292693465158
2733,RF,0.639,439.0,2.688292693465158
2092,RF,0.638,444.0,2.684085662645964
2456,RF,0.638,444.0,2.684085662645964
2175,RF,0.637,446.0,2.6798786318267696
2665,RF,0.636,447.0,2.675671601007575
518,RF,0.635,448.0,2.671464570188381
1008,RF,0.635,448.0,2.671464570188381
1062,RF,0.635,448.0,2.671464570188381
230,RF,0.634,451.0,2.6672575393691864
2486,RF,0.634,451.0,2.6672575393691864
2546,RF,0.634,451.0,2.6672575393691864
428,RF,0.633,454.0,2.663050508549992
2495,RF,0.633,454.0,2.663050508549992
2356,RF,0.632,456.0,2.658843477730798
2679,RF,0.632,456.0,2.658843477730798
2719,RF,0.632,456.0,2.658843477730798
349,RF,0.631,459.0,2.6546364469116037
45,RF,0.63,460.0,2.6504294160924093
1286,RF,0.63,460.0,2.6504294160924093
1772,RF,0.63,460.0,2.6504294160924093
104,RF,0.629,463.0,2.646222385273215
137,RF,0.629,463.0,2.646222385273215
339,RF,0.629,463.0,2.646222385273215
1044,RF,0.629,463.0,2.646222385273215
2238,RF,0.629,463.0,2.646222385273215
312,RF,0.628,468.0,2.6420153544540206
528,RF,0.628,468.0,2.6420153544540206
655,RF,0.628,468.0,2.6420153544540206
1680,RF,0.627,471.0,2.637808323634826
2367,RF,0.627,471.0,2.637808323634826
780,RF,0.626,473.0,2.6336012928156323
922,RF,0.626,473.0,2.6336012928156323
1798,RF,0.626,473.0,2.6336012928156323
210,RF,0.625,476.0,2.629394261996438
657,RF,0.625,476.0,2.629394261996438
818,RF,0.625,476.0,2.629394261996438
1681,RF,0.625,476.0,2.629394261996438
53,RF,0.624,480.0,2.6251872311772435
151,RF,0.624,480.0,2.6251872311772435
1484,RF,0.624,480.0,2.6251872311772435
373,RF,0.622,483.0,2.6167731695388547
2246,RF,0.622,483.0,2.6167731695388547
2418,RF,0.622,483.0,2.6167731695388547
321,RF,0.621,486.0,2.6125661387196604
562,RF,0.621,486.0,2.6125661387196604
1914,RF,0.621,486.0,2.6125661387196604
2540,RF,0.621,486.0,2.6125661387196604
307,RF,0.62,490.0,2.6083591079004664
755,RF,0.62,490.0,2.6083591079004664
1534,RF,0.62,490.0,2.6083591079004664
308,RF,0.619,493.0,2.604152077081272
1125,RF,0.619,493.0,2.604152077081272
2515,RF,0.619,493.0,2.604152077081272
260,RF,0.618,496.0,2.5999450462620777
1270,RF,0.618,496.0,2.5999450462620777
1408,RF,0.618,496.0,2.5999450462620777
944,RF,0.617,499.0,2.5957380154428833
1443,RF,0.617,499.0,2.5957380154428833
2416,RF,0.617,499.0,2.5957380154428833
630,RF,0.616,502.0,2.591530984623689
1499,RF,0.616,502.0,2.591530984623689
1935,RF,0.616,502.0,2.591530984623689
2106,RF,0.616,502.0,2.591530984623689
2163,RF,0.616,502.0,2.591530984623689
2188,RF,0.616,502.0,2.591530984623689
2251,RF,0.616,502.0,2.591530984623689
1648,RF,0.615,509.0,2.5873239538044945
2394,RF,0.615,509.0,2.5873239538044945
334,RF,0.614,511.0,2.5831169229853006
816,RF,0.614,511.0,2.5831169229853006
2419,RF,0.614,511.0,2.5831169229853006
2742,RF,0.614,511.0,2.5831169229853006
776,RF,0.613,515.0,2.578909892166106
2234,RF,0.613,515.0,2.578909892166106
654,RF,0.612,517.0,2.574702861346912
668,RF,0.612,517.0,2.574702861346912
1758,RF,0.612,517.0,2.574702861346912
2497,RF,0.611,520.0,2.5704958305277175
130,RF,0.61,521.0,2.566288799708523
250,RF,0.61,521.0,2.566288799708523
1930,RF,0.61,521.0,2.566288799708523
1650,RF,0.609,524.0,2.5620817688893287
2323,RF,0.608,525.0,2.5578747380701348
596,RF,0.607,526.0,2.5536677072509404
708,RF,0.607,526.0,2.5536677072509404
96,RF,0.606,528.0,2.549460676431746
763,RF,0.606,528.0,2.549460676431746
2114,RF,0.606,528.0,2.549460676431746
1958,RF,0.605,531.0,2.5452536456125516
1347,RF,0.604,532.0,2.5410466147933573
1584,RF,0.603,533.0,2.5368395839741633
420,RF,0.602,534.0,2.532632553154969
2151,RF,0.602,534.0,2.532632553154969
34,RF,0.601,536.0,2.5284255223357746
865,RF,0.601,536.0,2.5284255223357746
1169,RF,0.601,536.0,2.5284255223357746
2564,RF,0.601,536.0,2.5284255223357746
222,RF,0.6,540.0,2.52421849151658
1171,RF,0.6,540.0,2.52421849151658
1637,RF,0.6,540.0,2.52421849151658
2537,RF,0.6,540.0,2.52421849151658
389,RF,0.599,544.0,2.520011460697386
1363,RF,0.599,544.0,2.520011460697386
1682,RF,0.599,544.0,2.520011460697386
2723,RF,0.599,544.0,2.520011460697386
749,RF,0.598,548.0,2.5158044298781914
1955,RF,0.597,549.0,2.5115973990589975
2524,RF,0.597,549.0,2.5115973990589975
735,RF,0.596,551.0,2.507390368239803
1806,RF,0.596,551.0,2.507390368239803
1952,RF,0.596,551.0,2.507390368239803
10,RF,0.595,554.0,2.5031833374206087
84,RF,0.595,554.0,2.5031833374206087
821,RF,0.595,554.0,2.5031833374206087
1625,RF,0.595,554.0,2.5031833374206087
697,RF,0.594,558.0,2.4989763066014143
1112,RF,0.594,558.0,2.4989763066014143
1144,RF,0.594,558.0,2.4989763066014143
1863,RF,0.594,558.0,2.4989763066014143
2091,RF,0.593,562.0,2.49476927578222
2622,RF,0.593,562.0,2.49476927578222
606,RF,0.592,564.0,2.4905622449630256
1764,RF,0.592,564.0,2.4905622449630256
1943,RF,0.592,564.0,2.4905622449630256
1872,RF,0.591,567.0,2.4863552141438316
265,RF,0.59,568.0,2.4821481833246373
803,RF,0.59,568.0,2.4821481833246373
2189,RF,0.59,568.0,2.4821481833246373
1285,RF,0.589,571.0,2.477941152505443
1500,RF,0.589,571.0,2.477941152505443
1873,RF,0.589,571.0,2.477941152505443
297,RF,0.588,574.0,2.4737341216862485
2338,RF,0.588,574.0,2.4737341216862485
1585,RF,0.587,576.0,2.469527090867054
2252,RF,0.587,576.0,2.469527090867054
2529,RF,0.587,576.0,2.469527090867054
635,RF,0.586,579.0,2.4653200600478598
713,RF,0.586,579.0,2.4653200600478598
2443,RF,0.586,579.0,2.4653200600478598
2450,RF,0.586,579.0,2.4653200600478598
188,RF,0.585,583.0,2.461113029228666
1296,RF,0.585,583.0,2.461113029228666
1480,RF,0.585,583.0,2.461113029228666
2727,RF,0.585,583.0,2.461113029228666
199,RF,0.584,587.0,2.4569059984094714
1155,RF,0.584,587.0,2.4569059984094714
414,RF,0.583,589.0,2.452698967590277
1428,RF,0.583,589.0,2.452698967590277
310,RF,0.582,591.0,2.4484919367710827
442,RF,0.581,592.0,2.4442849059518883
1151,RF,0.581,592.0,2.4442849059518883
1594,RF,0.581,592.0,2.4442849059518883
282,RF,0.58,595.0,2.440077875132694
845,RF,0.58,595.0,2.440077875132694
1337,RF,0.58,595.0,2.440077875132694
1388,RF,0.58,595.0,2.440077875132694
2090,RF,0.58,595.0,2.440077875132694
2442,RF,0.58,595.0,2.440077875132694
1100,RF,0.579,601.0,2.4358708443135
2073,RF,0.579,601.0,2.4358708443135
146,RF,0.578,603.0,2.4316638134943056
913,RF,0.578,603.0,2.4316638134943056
1513,RF,0.578,603.0,2.4316638134943056
409,RF,0.577,606.0,2.4274567826751112
1166,RF,0.577,606.0,2.4274567826751112
1491,RF,0.577,606.0,2.4274567826751112
1729,RF,0.577,606.0,2.4274567826751112
2220,RF,0.577,606.0,2.4274567826751112
2361,RF,0.577,606.0,2.4274567826751112
1267,RF,0.576,612.0,2.423249751855917
1647,RF,0.576,612.0,2.423249751855917
1746,RF,0.576,612.0,2.423249751855917
1776,RF,0.576,612.0,2.423249751855917
1010,RF,0.575,616.0,2.4190427210367225
1807,RF,0.575,616.0,2.4190427210367225
2019,RF,0.574,618.0,2.414835690217528
2634,RF,0.574,618.0,2.414835690217528
431,RF,0.573,620.0,2.410628659398334
1643,RF,0.572,621.0,2.4064216285791398
2001,RF,0.572,621.0,2.4064216285791398
1780,RF,0.571,623.0,2.4022145977599454
2766,RF,0.571,623.0,2.4022145977599454
832,RF,0.57,625.0,2.398007566940751
1172,RF,0.57,625.0,2.398007566940751
2332,RF,0.57,625.0,2.398007566940751
2752,RF,0.57,625.0,2.398007566940751
180,RF,0.569,629.0,2.3938005361215566
1406,RF,0.569,629.0,2.3938005361215566
1440,RF,0.569,629.0,2.3938005361215566
122,RF,0.568,632.0,2.3895935053023623
474,RF,0.568,632.0,2.3895935053023623
967,RF,0.568,632.0,2.3895935053023623
2610,RF,0.568,632.0,2.3895935053023623
253,RF,0.567,636.0,2.3853864744831683
367,RF,0.567,636.0,2.3853864744831683
481,RF,0.567,636.0,2.3853864744831683
511,RF,0.567,636.0,2.3853864744831683
814,RF,0.567,636.0,2.3853864744831683
973,RF,0.567,636.0,2.3853864744831683
1226,RF,0.567,636.0,2.3853864744831683
1609,RF,0.567,636.0,2.3853864744831683
2104,RF,0.567,636.0,2.3853864744831683
2278,RF,0.567,636.0,2.3853864744831683
2444,RF,0.567,636.0,2.3853864744831683
1080,RF,0.566,647.0,2.381179443663974
587,RF,0.565,648.0,2.3769724128447796
1106,RF,0.565,648.0,2.3769724128447796
1601,RF,0.565,648.0,2.3769724128447796
2057,RF,0.565,648.0,2.3769724128447796
2294,RF,0.565,648.0,2.3769724128447796
286,RF,0.564,653.0,2.372765382025585
812,RF,0.564,653.0,2.372765382025585
851,RF,0.564,653.0,2.372765382025585
1711,RF,0.564,653.0,2.372765382025585
1999,RF,0.564,653.0,2.372765382025585
2759,RF,0.564,653.0,2.372765382025585
943,RF,0.563,659.0,2.368558351206391
2547,RF,0.563,659.0,2.368558351206391
369,RF,0.562,661.0,2.3643513203871973
746,RF,0.562,661.0,2.3643513203871973
1185,RF,0.562,661.0,2.3643513203871973
2506,RF,0.562,661.0,2.3643513203871973
458,RF,0.561,665.0,2.360144289568003
1649,RF,0.561,665.0,2.360144289568003
483,RF,0.56,667.0,2.3559372587488085
1565,RF,0.56,667.0,2.3559372587488085
2627,RF,0.56,667.0,2.3559372587488085
1526,RF,0.559,670.0,2.351730227929614
424,RF,0.558,671.0,2.34752319711042
1511,RF,0.558,671.0,2.34752319711042
2200,RF,0.558,671.0,2.34752319711042
712,RF,0.557,674.0,2.3433161662912254
2157,RF,0.557,674.0,2.3433161662912254
769,RF,0.556,676.0,2.3391091354720315
1122,RF,0.556,676.0,2.3391091354720315
1258,RF,0.556,676.0,2.3391091354720315
2108,RF,0.556,676.0,2.3391091354720315
46,RF,0.555,680.0,2.334902104652837
1311,RF,0.555,680.0,2.334902104652837
1606,RF,0.555,680.0,2.334902104652837
1966,RF,0.554,683.0,2.3306950738336427
2313,RF,0.554,683.0,2.3306950738336427
2757,RF,0.554,683.0,2.3306950738336427
259,RF,0.553,686.0,2.3264880430144483
1875,RF,0.553,686.0,2.3264880430144483
1890,RF,0.553,686.0,2.3264880430144483
1989,RF,0.553,686.0,2.3264880430144483
2598,RF,0.553,686.0,2.3264880430144483
164,RF,0.552,691.0,2.322281012195254
2710,RF,0.552,691.0,2.322281012195254
277,RF,0.551,693.0,2.3180739813760596
897,RF,0.551,693.0,2.3180739813760596
1194,RF,0.551,693.0,2.3180739813760596
1787,RF,0.551,693.0,2.3180739813760596
2232,RF,0.551,693.0,2.3180739813760596
26,RF,0.55,698.0,2.3138669505568656
249,RF,0.55,698.0,2.3138669505568656
425,RF,0.55,698.0,2.3138669505568656
464,RF,0.55,698.0,2.3138669505568656
883,RF,0.55,698.0,2.3138669505568656
1126,RF,0.549,703.0,2.3096599197376713
1489,RF,0.549,703.0,2.3096599197376713
2522,RF,0.549,703.0,2.3096599197376713
674,RF,0.548,706.0,2.305452888918477
826,RF,0.548,706.0,2.305452888918477
1017,RF,0.548,706.0,2.305452888918477
1111,RF,0.548,706.0,2.305452888918477
1248,RF,0.548,706.0,2.305452888918477
1431,RF,0.548,706.0,2.305452888918477
1932,RF,0.548,706.0,2.305452888918477
376,RF,0.547,713.0,2.3012458580992825
404,RF,0.547,713.0,2.3012458580992825
1674,RF,0.547,713.0,2.3012458580992825
1940,RF,0.547,713.0,2.3012458580992825
1942,RF,0.547,713.0,2.3012458580992825
2122,RF,0.547,713.0,2.3012458580992825
2567,RF,0.547,713.0,2.3012458580992825
143,RF,0.546,720.0,2.297038827280088
257,RF,0.546,720.0,2.297038827280088
1304,RF,0.546,720.0,2.297038827280088
1939,RF,0.546,720.0,2.297038827280088
2080,RF,0.546,720.0,2.297038827280088
173,RF,0.545,725.0,2.2928317964608937
459,RF,0.545,725.0,2.2928317964608937
886,RF,0.545,725.0,2.2928317964608937
976,RF,0.545,725.0,2.2928317964608937
1189,RF,0.545,725.0,2.2928317964608937
1551,RF,0.545,725.0,2.2928317964608937
370,RF,0.544,731.0,2.2886247656417
491,RF,0.544,731.0,2.2886247656417
1093,RF,0.544,731.0,2.2886247656417
1097,RF,0.544,731.0,2.2886247656417
1314,RF,0.544,731.0,2.2886247656417
1853,RF,0.544,731.0,2.2886247656417
2464,RF,0.544,731.0,2.2886247656417
676,RF,0.543,738.0,2.2844177348225054
1524,RF,0.543,738.0,2.2844177348225054
1558,RF,0.543,738.0,2.2844177348225054
2099,RF,0.543,738.0,2.2844177348225054
454,RF,0.542,742.0,2.280210704003311
482,RF,0.542,742.0,2.280210704003311
1993,RF,0.542,742.0,2.280210704003311
2036,RF,0.542,742.0,2.280210704003311
2153,RF,0.542,742.0,2.280210704003311
17,RF,0.541,747.0,2.2760036731841167
38,RF,0.541,747.0,2.2760036731841167
844,RF,0.541,747.0,2.2760036731841167
1377,RF,0.541,747.0,2.2760036731841167
457,RF,0.54,751.0,2.2717966423649223
937,RF,0.54,751.0,2.2717966423649223
1394,RF,0.54,751.0,2.2717966423649223
1501,RF,0.54,751.0,2.2717966423649223
2128,RF,0.54,751.0,2.2717966423649223
141,RF,0.539,756.0,2.267589611545728
721,RF,0.539,756.0,2.267589611545728
1390,RF,0.539,756.0,2.267589611545728
2030,RF,0.539,756.0,2.267589611545728
1933,RF,0.538,760.0,2.263382580726534
1537,RF,0.537,761.0,2.2591755499073396
1819,RF,0.537,761.0,2.2591755499073396
9,RF,0.536,763.0,2.254968519088145
2321,RF,0.536,763.0,2.254968519088145
901,RF,0.535,765.0,2.250761488268951
1569,RF,0.535,765.0,2.250761488268951
1699,RF,0.535,765.0,2.250761488268951
1826,RF,0.535,765.0,2.250761488268951
2717,RF,0.535,765.0,2.250761488268951
566,RF,0.534,770.0,2.2465544574497565
588,RF,0.534,770.0,2.2465544574497565
962,RF,0.534,770.0,2.2465544574497565
1510,RF,0.534,770.0,2.2465544574497565
159,RF,0.533,774.0,2.242347426630562
1153,RF,0.533,774.0,2.242347426630562
2453,RF,0.533,774.0,2.242347426630562
101,RF,0.532,777.0,2.238140395811368
1240,RF,0.532,777.0,2.238140395811368
2333,RF,0.532,777.0,2.238140395811368
1295,RF,0.531,780.0,2.2339333649921738
1715,RF,0.531,780.0,2.2339333649921738
2369,RF,0.531,780.0,2.2339333649921738
862,RF,0.53,783.0,2.2297263341729794
1397,RF,0.53,783.0,2.2297263341729794
1544,RF,0.53,783.0,2.2297263341729794
2013,RF,0.53,783.0,2.2297263341729794
725,RF,0.529,787.0,2.225519303353785
719,RF,0.528,788.0,2.2213122725345906
898,RF,0.528,788.0,2.2213122725345906
1646,RF,0.528,788.0,2.2213122725345906
2162,RF,0.528,788.0,2.2213122725345906
2247,RF,0.528,788.0,2.2213122725345906
306,RF,0.527,793.0,2.2171052417153962
350,RF,0.527,793.0,2.2171052417153962
364,RF,0.527,793.0,2.2171052417153962
516,RF,0.527,793.0,2.2171052417153962
1281,RF,0.527,793.0,2.2171052417153962
1994,RF,0.527,793.0,2.2171052417153962
766,RF,0.526,799.0,2.2128982108962023
1656,RF,0.526,799.0,2.2128982108962023
1811,RF,0.526,799.0,2.2128982108962023
2250,RF,0.526,799.0,2.2128982108962023
2489,RF,0.526,799.0,2.2128982108962023
942,RF,0.525,804.0,2.208691180077008
1566,RF,0.524,805.0,2.2044841492578136
1962,RF,0.524,805.0,2.2044841492578136
2293,RF,0.524,805.0,2.2044841492578136
2756,RF,0.524,805.0,2.2044841492578136
2758,RF,0.524,805.0,2.2044841492578136
61,RF,0.523,810.0,2.200277118438619
316,RF,0.523,810.0,2.200277118438619
337,RF,0.523,810.0,2.200277118438619
391,RF,0.523,810.0,2.200277118438619
860,RF,0.523,810.0,2.200277118438619
523,RF,0.522,815.0,2.196070087619425
556,RF,0.522,815.0,2.196070087619425
624,RF,0.522,815.0,2.196070087619425
856,RF,0.521,818.0,2.1918630568002304
2044,RF,0.521,818.0,2.1918630568002304
636,RF,0.52,820.0,2.1876560259810365
1001,RF,0.52,820.0,2.1876560259810365
1041,RF,0.52,820.0,2.1876560259810365
2242,RF,0.52,820.0,2.1876560259810365
2698,RF,0.52,820.0,2.1876560259810365
204,RF,0.519,825.0,2.183448995161842
602,RF,0.519,825.0,2.183448995161842
1328,RF,0.518,827.0,2.1792419643426477
1378,RF,0.518,827.0,2.1792419643426477
1404,RF,0.518,827.0,2.1792419643426477
1618,RF,0.518,827.0,2.1792419643426477
478,RF,0.517,831.0,2.1750349335234533
745,RF,0.517,831.0,2.1750349335234533
1268,RF,0.517,831.0,2.1750349335234533
225,RF,0.516,834.0,2.170827902704259
613,RF,0.516,834.0,2.170827902704259
1023,RF,0.516,834.0,2.170827902704259
1818,RF,0.516,834.0,2.170827902704259
1829,RF,0.516,834.0,2.170827902704259
2437,RF,0.516,834.0,2.170827902704259
288,RF,0.515,840.0,2.1666208718850646
333,RF,0.515,840.0,2.1666208718850646
2014,RF,0.515,840.0,2.1666208718850646
2282,RF,0.515,840.0,2.1666208718850646
396,RF,0.514,844.0,2.1624138410658706
853,RF,0.514,844.0,2.1624138410658706
1969,RF,0.514,844.0,2.1624138410658706
2119,RF,0.514,844.0,2.1624138410658706
18,RF,0.513,848.0,2.1582068102466763
29,RF,0.513,848.0,2.1582068102466763
208,RF,0.513,848.0,2.1582068102466763
362,RF,0.513,848.0,2.1582068102466763
1802,RF,0.513,848.0,2.1582068102466763
2746,RF,0.513,848.0,2.1582068102466763
786,RF,0.512,854.0,2.153999779427482
2403,RF,0.512,854.0,2.153999779427482
43,RF,0.511,856.0,2.1497927486082875
245,RF,0.511,856.0,2.1497927486082875
1762,RF,0.511,856.0,2.1497927486082875
2368,RF,0.511,856.0,2.1497927486082875
1702,RF,0.51,860.0,2.145585717789093
2334,RF,0.51,860.0,2.145585717789093
2431,RF,0.51,860.0,2.145585717789093
1469,RF,0.509,863.0,2.1413786869698987
1673,RF,0.509,863.0,2.1413786869698987
1610,RF,0.508,865.0,2.137171656150705
1846,RF,0.508,865.0,2.137171656150705
698,RF,0.506,867.0,2.128757594512316
1415,RF,0.506,867.0,2.128757594512316
2055,RF,0.506,867.0,2.128757594512316
2327,RF,0.506,867.0,2.128757594512316
2457,RF,0.506,867.0,2.128757594512316
2684,RF,0.506,867.0,2.128757594512316
55,RF,0.505,873.0,2.1245505636931217
452,RF,0.505,873.0,2.1245505636931217
1214,RF,0.505,873.0,2.1245505636931217
1883,RF,0.505,873.0,2.1245505636931217
2590,RF,0.505,873.0,2.1245505636931217
314,RF,0.504,878.0,2.1203435328739273
348,RF,0.504,878.0,2.1203435328739273
1120,RF,0.504,878.0,2.1203435328739273
1662,RF,0.504,878.0,2.1203435328739273
2241,RF,0.504,878.0,2.1203435328739273
815,RF,0.503,883.0,2.1161365020547334
1203,RF,0.503,883.0,2.1161365020547334
1292,RF,0.503,883.0,2.1161365020547334
1333,RF,0.503,883.0,2.1161365020547334
1353,RF,0.502,887.0,2.111929471235539
1663,RF,0.502,887.0,2.111929471235539
418,RF,0.501,889.0,2.1077224404163446
578,RF,0.501,889.0,2.1077224404163446
1532,RF,0.501,889.0,2.1077224404163446
2388,RF,0.501,889.0,2.1077224404163446
183,RF,0.5,893.0,2.10351540959715
795,RF,0.5,893.0,2.10351540959715
1473,RF,0.5,893.0,2.10351540959715
1108,RF,0.499,896.0,2.099308378777956
1167,RF,0.499,896.0,2.099308378777956
1219,RF,0.499,896.0,2.099308378777956
1492,RF,0.499,896.0,2.099308378777956
2639,RF,0.499,896.0,2.099308378777956
365,RF,0.498,901.0,2.0951013479587615
876,RF,0.498,901.0,2.0951013479587615
918,RF,0.498,901.0,2.0951013479587615
1218,RF,0.498,901.0,2.0951013479587615
2390,RF,0.498,901.0,2.0951013479587615
1163,RF,0.497,906.0,2.0908943171395675
1963,RF,0.497,906.0,2.0908943171395675
2021,RF,0.497,906.0,2.0908943171395675
2233,RF,0.497,906.0,2.0908943171395675
2480,RF,0.497,906.0,2.0908943171395675
2714,RF,0.497,906.0,2.0908943171395675
184,RF,0.496,912.0,2.086687286320373
413,RF,0.496,912.0,2.086687286320373
1425,RF,0.496,912.0,2.086687286320373
1971,RF,0.496,912.0,2.086687286320373
2531,RF,0.496,912.0,2.086687286320373
548,RF,0.495,917.0,2.0824802555011788
583,RF,0.495,917.0,2.0824802555011788
1708,RF,0.495,917.0,2.0824802555011788
1920,RF,0.495,917.0,2.0824802555011788
1956,RF,0.495,917.0,2.0824802555011788
445,RF,0.494,922.0,2.0782732246819844
1279,RF,0.494,922.0,2.0782732246819844
2074,RF,0.494,922.0,2.0782732246819844
2269,RF,0.494,922.0,2.0782732246819844
2391,RF,0.493,926.0,2.07406619386279
241,RF,0.492,927.0,2.0698591630435956
846,RF,0.492,927.0,2.0698591630435956
935,RF,0.492,927.0,2.0698591630435956
961,RF,0.492,927.0,2.0698591630435956
1032,RF,0.492,927.0,2.0698591630435956
7,RF,0.491,932.0,2.0656521322244017
97,RF,0.491,932.0,2.0656521322244017
379,RF,0.491,932.0,2.0656521322244017
1254,RF,0.491,932.0,2.0656521322244017
1448,RF,0.491,932.0,2.0656521322244017
2045,RF,0.491,932.0,2.0656521322244017
2568,RF,0.491,932.0,2.0656521322244017
2699,RF,0.491,932.0,2.0656521322244017
196,RF,0.49,940.0,2.0614451014052073
270,RF,0.49,940.0,2.0614451014052073
272,RF,0.49,940.0,2.0614451014052073
2216,RF,0.49,940.0,2.0614451014052073
438,RF,0.489,944.0,2.057238070586013
565,RF,0.489,944.0,2.057238070586013
609,RF,0.489,944.0,2.057238070586013
905,RF,0.489,944.0,2.057238070586013
1081,RF,0.489,944.0,2.057238070586013
1442,RF,0.489,944.0,2.057238070586013
2657,RF,0.489,944.0,2.057238070586013
545,RF,0.488,951.0,2.0530310397668186
505,RF,0.487,952.0,2.048824008947624
2237,RF,0.487,952.0,2.048824008947624
2415,RF,0.487,952.0,2.048824008947624
1913,RF,0.486,955.0,2.04461697812843
2245,RF,0.486,955.0,2.04461697812843
311,RF,0.485,957.0,2.040409947309236
1200,RF,0.485,957.0,2.040409947309236
1655,RF,0.485,957.0,2.040409947309236
2593,RF,0.485,957.0,2.040409947309236
335,RF,0.484,961.0,2.0362029164900415
400,RF,0.484,961.0,2.0362029164900415
2205,RF,0.484,961.0,2.0362029164900415
849,RF,0.483,964.0,2.031995885670847
1160,RF,0.483,964.0,2.031995885670847
1582,RF,0.483,964.0,2.031995885670847
1700,RF,0.483,964.0,2.031995885670847
1385,RF,0.482,968.0,2.0277888548516527
127,RF,0.481,969.0,2.0235818240324583
625,RF,0.481,969.0,2.0235818240324583
659,RF,0.481,969.0,2.0235818240324583
734,RF,0.481,969.0,2.0235818240324583
782,RF,0.481,969.0,2.0235818240324583
1391,RF,0.481,969.0,2.0235818240324583
1783,RF,0.481,969.0,2.0235818240324583
1421,RF,0.48,976.0,2.019374793213264
1900,RF,0.48,976.0,2.019374793213264
1199,RF,0.479,978.0,2.01516776239407
2337,RF,0.479,978.0,2.01516776239407
2737,RF,0.479,978.0,2.01516776239407
1124,RF,0.478,981.0,2.0109607315748756
1563,RF,0.478,981.0,2.0109607315748756
1645,RF,0.478,981.0,2.0109607315748756
2526,RF,0.478,981.0,2.0109607315748756
22,RF,0.477,985.0,2.0067537007556813
1877,RF,0.477,985.0,2.0067537007556813
827,RF,0.476,987.0,2.002546669936487
352,RF,0.475,988.0,1.9983396391172927
1069,RF,0.475,988.0,1.9983396391172927
1728,RF,0.474,990.0,1.9941326082980984
1835,RF,0.474,990.0,1.9941326082980984
1183,RF,0.473,992.0,1.989925577478904
1341,RF,0.473,992.0,1.989925577478904
1545,RF,0.473,992.0,1.989925577478904
1691,RF,0.473,992.0,1.989925577478904
1793,RF,0.473,992.0,1.989925577478904
1986,RF,0.473,992.0,1.989925577478904
443,RF,0.472,998.0,1.9857185466597098
1152,RF,0.472,998.0,1.9857185466597098
1891,RF,0.472,998.0,1.9857185466597098
2512,RF,0.472,998.0,1.9857185466597098
741,RF,0.471,1002.0,1.9815115158405154
2605,RF,0.471,1002.0,1.9815115158405154
228,RF,0.47,1004.0,1.977304485021321
382,RF,0.47,1004.0,1.977304485021321
835,RF,0.47,1004.0,1.977304485021321
1706,RF,0.47,1004.0,1.977304485021321
1789,RF,0.47,1004.0,1.977304485021321
2452,RF,0.47,1004.0,1.977304485021321
638,RF,0.469,1010.0,1.973097454202127
1242,RF,0.469,1010.0,1.973097454202127
1283,RF,0.469,1010.0,1.973097454202127
1342,RF,0.469,1010.0,1.973097454202127
722,RF,0.468,1014.0,1.9688904233829327
1315,RF,0.468,1014.0,1.9688904233829327
1752,RF,0.467,1016.0,1.9646833925637384
2065,RF,0.467,1016.0,1.9646833925637384
2380,RF,0.467,1016.0,1.9646833925637384
2462,RF,0.467,1016.0,1.9646833925637384
2553,RF,0.467,1016.0,1.9646833925637384
2658,RF,0.467,1016.0,1.9646833925637384
1627,RF,0.466,1022.0,1.9604763617445442
1977,RF,0.466,1022.0,1.9604763617445442
2203,RF,0.466,1022.0,1.9604763617445442
2330,RF,0.466,1022.0,1.9604763617445442
157,RF,0.465,1026.0,1.9562693309253498
236,RF,0.465,1026.0,1.9562693309253498
909,RF,0.465,1026.0,1.9562693309253498
954,RF,0.465,1026.0,1.9562693309253498
1400,RF,0.465,1026.0,1.9562693309253498
2617,RF,0.465,1026.0,1.9562693309253498
416,RF,0.464,1032.0,1.9520623001061554
1855,RF,0.464,1032.0,1.9520623001061554
582,RF,0.463,1034.0,1.9478552692869613
679,RF,0.463,1034.0,1.9478552692869613
986,RF,0.463,1034.0,1.9478552692869613
1575,RF,0.463,1034.0,1.9478552692869613
1611,RF,0.463,1034.0,1.9478552692869613
2226,RF,0.463,1034.0,1.9478552692869613
743,RF,0.462,1040.0,1.943648238467767
1215,RF,0.462,1040.0,1.943648238467767
1272,RF,0.462,1040.0,1.943648238467767
451,RF,0.461,1043.0,1.9394412076485725
730,RF,0.461,1043.0,1.9394412076485725
1721,RF,0.461,1043.0,1.9394412076485725
2078,RF,0.461,1043.0,1.9394412076485725
2662,RF,0.461,1043.0,1.9394412076485725
276,RF,0.46,1048.0,1.9352341768293784
340,RF,0.46,1048.0,1.9352341768293784
469,RF,0.46,1048.0,1.9352341768293784
765,RF,0.46,1048.0,1.9352341768293784
1417,RF,0.46,1048.0,1.9352341768293784
1843,RF,0.46,1048.0,1.9352341768293784
1871,RF,0.46,1048.0,1.9352341768293784
2133,RF,0.46,1048.0,1.9352341768293784
281,RF,0.459,1056.0,1.931027146010184
1343,RF,0.459,1056.0,1.931027146010184
1951,RF,0.459,1056.0,1.931027146010184
2168,RF,0.459,1056.0,1.931027146010184
437,RF,0.458,1060.0,1.9268201151909896
1773,RF,0.458,1060.0,1.9268201151909896
2292,RF,0.458,1060.0,1.9268201151909896
2601,RF,0.458,1060.0,1.9268201151909896
283,RF,0.457,1064.0,1.9226130843717955
1869,RF,0.457,1064.0,1.9226130843717955
2405,RF,0.457,1064.0,1.9226130843717955
2722,RF,0.457,1064.0,1.9226130843717955
124,RF,0.456,1068.0,1.918406053552601
705,RF,0.456,1068.0,1.918406053552601
1407,RF,0.456,1068.0,1.918406053552601
1739,RF,0.456,1068.0,1.918406053552601
1849,RF,0.456,1068.0,1.918406053552601
2632,RF,0.456,1068.0,1.918406053552601
169,RF,0.455,1074.0,1.9141990227334067
593,RF,0.455,1074.0,1.9141990227334067
684,RF,0.455,1074.0,1.9141990227334067
1705,RF,0.455,1074.0,1.9141990227334067
690,RF,0.454,1078.0,1.9099919919142125
1157,RF,0.454,1078.0,1.9099919919142125
1468,RF,0.454,1078.0,1.9099919919142125
2070,RF,0.454,1078.0,1.9099919919142125
800,RF,0.453,1082.0,1.9057849610950182
1413,RF,0.453,1082.0,1.9057849610950182
1616,RF,0.453,1082.0,1.9057849610950182
1660,RF,0.453,1082.0,1.9057849610950182
2291,RF,0.453,1082.0,1.9057849610950182
2354,RF,0.453,1082.0,1.9057849610950182
2488,RF,0.453,1082.0,1.9057849610950182
1231,RF,0.452,1089.0,1.9015779302758238
1450,RF,0.452,1089.0,1.9015779302758238
1978,RF,0.452,1089.0,1.9015779302758238
2638,RF,0.452,1089.0,1.9015779302758238
95,RF,0.451,1093.0,1.8973708994566296
426,RF,0.451,1093.0,1.8973708994566296
575,RF,0.451,1093.0,1.8973708994566296
1053,RF,0.451,1093.0,1.8973708994566296
1720,RF,0.451,1093.0,1.8973708994566296
1888,RF,0.451,1093.0,1.8973708994566296
640,RF,0.45,1099.0,1.8931638686374352
688,RF,0.45,1099.0,1.8931638686374352
1224,RF,0.45,1099.0,1.8931638686374352
1596,RF,0.45,1099.0,1.8931638686374352
1635,RF,0.45,1099.0,1.8931638686374352
1959,RF,0.45,1099.0,1.8931638686374352
2257,RF,0.45,1099.0,1.8931638686374352
176,RF,0.449,1106.0,1.8889568378182409
598,RF,0.449,1106.0,1.8889568378182409
1654,RF,0.449,1106.0,1.8889568378182409
1923,RF,0.449,1106.0,1.8889568378182409
1949,RF,0.449,1106.0,1.8889568378182409
2479,RF,0.449,1106.0,1.8889568378182409
2485,RF,0.449,1106.0,1.8889568378182409
338,RF,0.448,1113.0,1.8847498069990467
1142,RF,0.448,1113.0,1.8847498069990467
1460,RF,0.448,1113.0,1.8847498069990467
1768,RF,0.448,1113.0,1.8847498069990467
2201,RF,0.448,1113.0,1.8847498069990467
2571,RF,0.448,1113.0,1.8847498069990467
694,RF,0.447,1119.0,1.8805427761798523
1938,RF,0.447,1119.0,1.8805427761798523
2474,RF,0.446,1121.0,1.876335745360658
2676,RF,0.446,1121.0,1.876335745360658
79,RF,0.445,1123.0,1.8721287145414638
1629,RF,0.445,1123.0,1.8721287145414638
1733,RF,0.445,1123.0,1.8721287145414638
1830,RF,0.445,1123.0,1.8721287145414638
2708,RF,0.445,1123.0,1.8721287145414638
70,RF,0.444,1128.0,1.8679216837222694
710,RF,0.444,1128.0,1.8679216837222694
806,RF,0.444,1128.0,1.8679216837222694
1884,RF,0.444,1128.0,1.8679216837222694
1998,RF,0.444,1128.0,1.8679216837222694
2467,RF,0.444,1128.0,1.8679216837222694
2760,RF,0.444,1128.0,1.8679216837222694
223,RF,0.443,1135.0,1.863714652903075
549,RF,0.443,1135.0,1.863714652903075
747,RF,0.443,1135.0,1.863714652903075
920,RF,0.443,1135.0,1.863714652903075
1554,RF,0.443,1135.0,1.863714652903075
1659,RF,0.443,1135.0,1.863714652903075
1796,RF,0.443,1135.0,1.863714652903075
2105,RF,0.443,1135.0,1.863714652903075
112,RF,0.442,1143.0,1.8595076220838809
289,RF,0.442,1143.0,1.8595076220838809
490,RF,0.442,1143.0,1.8595076220838809
559,RF,0.442,1143.0,1.8595076220838809
637,RF,0.442,1143.0,1.8595076220838809
744,RF,0.442,1143.0,1.8595076220838809
1261,RF,0.442,1143.0,1.8595076220838809
1269,RF,0.442,1143.0,1.8595076220838809
2187,RF,0.442,1143.0,1.8595076220838809
160,RF,0.441,1152.0,1.8553005912646865
174,RF,0.441,1152.0,1.8553005912646865
2471,RF,0.441,1152.0,1.8553005912646865
90,RF,0.44,1155.0,1.8510935604454921
564,RF,0.44,1155.0,1.8510935604454921
2195,RF,0.44,1155.0,1.8510935604454921
205,RF,0.439,1158.0,1.846886529626298
319,RF,0.439,1158.0,1.846886529626298
945,RF,0.439,1158.0,1.846886529626298
1238,RF,0.439,1158.0,1.846886529626298
1591,RF,0.439,1158.0,1.846886529626298
1736,RF,0.439,1158.0,1.846886529626298
2102,RF,0.439,1158.0,1.846886529626298
2222,RF,0.439,1158.0,1.846886529626298
1119,RF,0.438,1166.0,1.8426794988071036
1579,RF,0.438,1166.0,1.8426794988071036
1782,RF,0.438,1166.0,1.8426794988071036
58,RF,0.437,1169.0,1.8384724679879092
2079,RF,0.437,1169.0,1.8384724679879092
2613,RF,0.437,1169.0,1.8384724679879092
2716,RF,0.437,1169.0,1.8384724679879092
709,RF,0.436,1173.0,1.834265437168715
2049,RF,0.436,1173.0,1.834265437168715
2315,RF,0.436,1173.0,1.834265437168715
4,RF,0.435,1176.0,1.8300584063495207
128,RF,0.435,1176.0,1.8300584063495207
168,RF,0.435,1176.0,1.8300584063495207
177,RF,0.435,1176.0,1.8300584063495207
2562,RF,0.435,1176.0,1.8300584063495207
2691,RF,0.435,1176.0,1.8300584063495207
145,RF,0.434,1182.0,1.8258513755303263
178,RF,0.434,1182.0,1.8258513755303263
762,RF,0.434,1182.0,1.8258513755303263
1924,RF,0.434,1182.0,1.8258513755303263
2053,RF,0.434,1182.0,1.8258513755303263
2180,RF,0.434,1182.0,1.8258513755303263
1260,RF,0.433,1188.0,1.8216443447111321
2156,RF,0.433,1188.0,1.8216443447111321
2346,RF,0.433,1188.0,1.8216443447111321
2623,RF,0.433,1188.0,1.8216443447111321
251,RF,0.432,1192.0,1.8174373138919377
857,RF,0.432,1192.0,1.8174373138919377
2136,RF,0.432,1192.0,1.8174373138919377
2551,RF,0.432,1192.0,1.8174373138919377
150,RF,0.431,1196.0,1.8132302830727434
706,RF,0.431,1196.0,1.8132302830727434
1089,RF,0.431,1196.0,1.8132302830727434
1447,RF,0.431,1196.0,1.8132302830727434
1546,RF,0.431,1196.0,1.8132302830727434
1937,RF,0.431,1196.0,1.8132302830727434
2530,RF,0.431,1196.0,1.8132302830727434
2629,RF,0.431,1196.0,1.8132302830727434
125,RF,0.43,1204.0,1.8090232522535492
162,RF,0.43,1204.0,1.8090232522535492
494,RF,0.43,1204.0,1.8090232522535492
767,RF,0.43,1204.0,1.8090232522535492
889,RF,0.43,1204.0,1.8090232522535492
1297,RF,0.43,1204.0,1.8090232522535492
809,RF,0.429,1210.0,1.8048162214343548
869,RF,0.429,1210.0,1.8048162214343548
1045,RF,0.429,1210.0,1.8048162214343548
1514,RF,0.429,1210.0,1.8048162214343548
1995,RF,0.429,1210.0,1.8048162214343548
2206,RF,0.429,1210.0,1.8048162214343548
1046,RF,0.428,1216.0,1.8006091906151607
1430,RF,0.428,1216.0,1.8006091906151607
2616,RF,0.428,1216.0,1.8006091906151607
512,RF,0.427,1219.0,1.7964021597959663
714,RF,0.427,1219.0,1.7964021597959663
1188,RF,0.427,1219.0,1.7964021597959663
1483,RF,0.427,1219.0,1.7964021597959663
1486,RF,0.427,1219.0,1.7964021597959663
2039,RF,0.427,1219.0,1.7964021597959663
2082,RF,0.427,1219.0,1.7964021597959663
2539,RF,0.427,1219.0,1.7964021597959663
2581,RF,0.427,1219.0,1.7964021597959663
27,RF,0.426,1228.0,1.792195128976772
1073,RF,0.426,1228.0,1.792195128976772
2012,RF,0.426,1228.0,1.792195128976772
2178,RF,0.426,1228.0,1.792195128976772
2191,RF,0.426,1228.0,1.792195128976772
2341,RF,0.426,1228.0,1.792195128976772
2371,RF,0.426,1228.0,1.792195128976772
2591,RF,0.426,1228.0,1.792195128976772
1985,RF,0.425,1236.0,1.7879880981575778
91,RF,0.424,1237.0,1.7837810673383834
594,RF,0.424,1237.0,1.7837810673383834
718,RF,0.424,1237.0,1.7837810673383834
1562,RF,0.424,1237.0,1.7837810673383834
1657,RF,0.424,1237.0,1.7837810673383834
450,RF,0.423,1242.0,1.779574036519189
202,RF,0.422,1243.0,1.7753670056999948
1564,RF,0.422,1243.0,1.7753670056999948
1803,RF,0.422,1243.0,1.7753670056999948
80,RF,0.421,1246.0,1.7711599748808005
1101,RF,0.421,1246.0,1.7711599748808005
1334,RF,0.421,1246.0,1.7711599748808005
2697,RF,0.421,1246.0,1.7711599748808005
526,RF,0.42,1250.0,1.766952944061606
554,RF,0.42,1250.0,1.766952944061606
1482,RF,0.42,1250.0,1.766952944061606
1570,RF,0.42,1250.0,1.766952944061606
263,RF,0.419,1254.0,1.762745913242412
580,RF,0.419,1254.0,1.762745913242412
2420,RF,0.419,1254.0,1.762745913242412
739,RF,0.418,1257.0,1.7585388824232175
2043,RF,0.418,1257.0,1.7585388824232175
2137,RF,0.418,1257.0,1.7585388824232175
2363,RF,0.418,1257.0,1.7585388824232175
2775,RF,0.418,1257.0,1.7585388824232175
893,RF,0.417,1262.0,1.7543318516040232
1445,RF,0.417,1262.0,1.7543318516040232
1651,RF,0.417,1262.0,1.7543318516040232
1695,RF,0.417,1262.0,1.7543318516040232
1946,RF,0.417,1262.0,1.7543318516040232
2302,RF,0.417,1262.0,1.7543318516040232
2528,RF,0.417,1262.0,1.7543318516040232
2646,RF,0.417,1262.0,1.7543318516040232
2763,RF,0.417,1262.0,1.7543318516040232
219,RF,0.416,1271.0,1.750124820784829
433,RF,0.416,1271.0,1.750124820784829
1876,RF,0.416,1271.0,1.750124820784829
2210,RF,0.416,1271.0,1.750124820784829
2769,RF,0.416,1271.0,1.750124820784829
890,RF,0.415,1276.0,1.7459177899656346
1540,RF,0.415,1276.0,1.7459177899656346
2773,RF,0.415,1276.0,1.7459177899656346
23,RF,0.414,1279.0,1.7417107591464402
24,RF,0.414,1279.0,1.7417107591464402
305,RF,0.414,1279.0,1.7417107591464402
1088,RF,0.414,1279.0,1.7417107591464402
1731,RF,0.414,1279.0,1.7417107591464402
675,RF,0.413,1284.0,1.737503728327246
801,RF,0.413,1284.0,1.737503728327246
1542,RF,0.413,1284.0,1.737503728327246
1631,RF,0.413,1284.0,1.737503728327246
2265,RF,0.413,1284.0,1.737503728327246
1,RF,0.412,1289.0,1.7332966975080517
781,RF,0.412,1289.0,1.7332966975080517
952,RF,0.412,1289.0,1.7332966975080517
2185,RF,0.412,1289.0,1.7332966975080517
2594,RF,0.412,1289.0,1.7332966975080517
353,RF,0.411,1294.0,1.7290896666888573
738,RF,0.411,1294.0,1.7290896666888573
847,RF,0.411,1294.0,1.7290896666888573
1246,RF,0.411,1294.0,1.7290896666888573
1665,RF,0.411,1294.0,1.7290896666888573
1866,RF,0.411,1294.0,1.7290896666888573
2068,RF,0.411,1294.0,1.7290896666888573
2231,RF,0.411,1294.0,1.7290896666888573
2240,RF,0.411,1294.0,1.7290896666888573
2440,RF,0.411,1294.0,1.7290896666888573
155,RF,0.41,1304.0,1.7248826358696632
689,RF,0.41,1304.0,1.7248826358696632
805,RF,0.41,1304.0,1.7248826358696632
908,RF,0.41,1304.0,1.7248826358696632
1677,RF,0.41,1304.0,1.7248826358696632
1056,RF,0.409,1309.0,1.7206756050504688
1854,RF,0.409,1309.0,1.7206756050504688
2326,RF,0.409,1309.0,1.7206756050504688
2765,RF,0.409,1309.0,1.7206756050504688
388,RF,0.408,1313.0,1.7164685742312744
794,RF,0.408,1313.0,1.7164685742312744
1084,RF,0.408,1313.0,1.7164685742312744
1117,RF,0.408,1313.0,1.7164685742312744
1313,RF,0.408,1313.0,1.7164685742312744
1685,RF,0.408,1313.0,1.7164685742312744
2243,RF,0.408,1313.0,1.7164685742312744
37,RF,0.407,1320.0,1.7122615434120803
607,RF,0.407,1320.0,1.7122615434120803
1201,RF,0.407,1320.0,1.7122615434120803
1418,RF,0.407,1320.0,1.7122615434120803
1722,RF,0.407,1320.0,1.7122615434120803
1744,RF,0.407,1320.0,1.7122615434120803
2028,RF,0.407,1320.0,1.7122615434120803
2279,RF,0.407,1320.0,1.7122615434120803
111,RF,0.406,1328.0,1.708054512592886
473,RF,0.406,1328.0,1.708054512592886
1059,RF,0.406,1328.0,1.708054512592886
1996,RF,0.406,1328.0,1.708054512592886
2135,RF,0.406,1328.0,1.708054512592886
2643,RF,0.406,1328.0,1.708054512592886
2678,RF,0.406,1328.0,1.708054512592886
871,RF,0.405,1335.0,1.7038474817736917
1380,RF,0.405,1335.0,1.7038474817736917
2439,RF,0.405,1335.0,1.7038474817736917
1079,RF,0.404,1338.0,1.6996404509544976
1420,RF,0.404,1338.0,1.6996404509544976
186,RF,0.403,1340.0,1.6954334201353032
1409,RF,0.403,1340.0,1.6954334201353032
76,RF,0.402,1342.0,1.6912263893161088
488,RF,0.402,1342.0,1.6912263893161088
2150,RF,0.402,1342.0,1.6912263893161088
2258,RF,0.402,1342.0,1.6912263893161088
2650,RF,0.402,1342.0,1.6912263893161088
2755,RF,0.402,1342.0,1.6912263893161088
950,RF,0.401,1348.0,1.6870193584969146
2508,RF,0.401,1348.0,1.6870193584969146
2628,RF,0.401,1348.0,1.6870193584969146
2700,RF,0.401,1348.0,1.6870193584969146
536,RF,0.4,1352.0,1.6828123276777203
772,RF,0.4,1352.0,1.6828123276777203
1964,RF,0.4,1352.0,1.6828123276777203
1965,RF,0.4,1352.0,1.6828123276777203
2060,RF,0.4,1352.0,1.6828123276777203
2264,RF,0.4,1352.0,1.6828123276777203
41,RF,0.399,1358.0,1.6786052968585259
521,RF,0.399,1358.0,1.6786052968585259
629,RF,0.399,1358.0,1.6786052968585259
1007,RF,0.399,1358.0,1.6786052968585259
2025,RF,0.399,1358.0,1.6786052968585259
2677,RF,0.399,1358.0,1.6786052968585259
2695,RF,0.399,1358.0,1.6786052968585259
1068,RF,0.398,1365.0,1.6743982660393317
1076,RF,0.398,1365.0,1.6743982660393317
1102,RF,0.398,1365.0,1.6743982660393317
1147,RF,0.398,1365.0,1.6743982660393317
1323,RF,0.398,1365.0,1.6743982660393317
1583,RF,0.398,1365.0,1.6743982660393317
1976,RF,0.398,1365.0,1.6743982660393317
2365,RF,0.398,1365.0,1.6743982660393317
2586,RF,0.398,1365.0,1.6743982660393317
1179,RF,0.397,1374.0,1.6701912352201373
1441,RF,0.397,1374.0,1.6701912352201373
1666,RF,0.397,1374.0,1.6701912352201373
1761,RF,0.397,1374.0,1.6701912352201373
2306,RF,0.397,1374.0,1.6701912352201373
2458,RF,0.397,1374.0,1.6701912352201373
787,RF,0.396,1380.0,1.665984204400943
1141,RF,0.396,1380.0,1.665984204400943
1599,RF,0.396,1380.0,1.665984204400943
65,RF,0.395,1383.0,1.6617771735817488
1784,RF,0.395,1383.0,1.6617771735817488
1907,RF,0.395,1383.0,1.6617771735817488
2778,RF,0.395,1383.0,1.6617771735817488
449,RF,0.394,1387.0,1.6575701427625544
1013,RF,0.394,1387.0,1.6575701427625544
2392,RF,0.394,1387.0,1.6575701427625544
2412,RF,0.394,1387.0,1.6575701427625544
258,RF,0.393,1391.0,1.65336311194336
345,RF,0.393,1391.0,1.65336311194336
2460,RF,0.393,1391.0,1.65336311194336
64,RF,0.392,1394.0,1.649156081124166
138,RF,0.392,1394.0,1.649156081124166
357,RF,0.392,1394.0,1.649156081124166
633,RF,0.392,1394.0,1.649156081124166
872,RF,0.392,1394.0,1.649156081124166
1574,RF,0.392,1394.0,1.649156081124166
1577,RF,0.392,1394.0,1.649156081124166
2588,RF,0.392,1394.0,1.649156081124166
422,RF,0.391,1402.0,1.6449490503049715
441,RF,0.391,1402.0,1.6449490503049715
493,RF,0.391,1402.0,1.6449490503049715
830,RF,0.391,1402.0,1.6449490503049715
1109,RF,0.391,1402.0,1.6449490503049715
1458,RF,0.391,1402.0,1.6449490503049715
2058,RF,0.391,1402.0,1.6449490503049715
2410,RF,0.391,1402.0,1.6449490503049715
2448,RF,0.391,1402.0,1.6449490503049715
1275,RF,0.39,1411.0,1.6407420194857771
1990,RF,0.39,1411.0,1.6407420194857771
2027,RF,0.39,1411.0,1.6407420194857771
2435,RF,0.39,1411.0,1.6407420194857771
466,RF,0.389,1415.0,1.636534988666583
1014,RF,0.389,1415.0,1.636534988666583
1028,RF,0.389,1415.0,1.636534988666583
1730,RF,0.389,1415.0,1.636534988666583
2075,RF,0.388,1419.0,1.6323279578473886
2077,RF,0.388,1419.0,1.6323279578473886
142,RF,0.387,1421.0,1.6281209270281942
385,RF,0.387,1421.0,1.6281209270281942
966,RF,0.387,1421.0,1.6281209270281942
1548,RF,0.387,1421.0,1.6281209270281942
1838,RF,0.387,1421.0,1.6281209270281942
394,RF,0.386,1426.0,1.623913896209
653,RF,0.386,1426.0,1.623913896209
754,RF,0.386,1426.0,1.623913896209
1182,RF,0.386,1426.0,1.623913896209
1698,RF,0.386,1426.0,1.623913896209
1788,RF,0.386,1426.0,1.623913896209
2484,RF,0.386,1426.0,1.623913896209
237,RF,0.385,1433.0,1.6197068653898057
759,RF,0.385,1433.0,1.6197068653898057
1414,RF,0.385,1433.0,1.6197068653898057
1541,RF,0.385,1433.0,1.6197068653898057
1613,RF,0.385,1433.0,1.6197068653898057
568,RF,0.384,1438.0,1.6154998345706113
2148,RF,0.384,1438.0,1.6154998345706113
647,RF,0.383,1440.0,1.6112928037514171
1359,RF,0.383,1440.0,1.6112928037514171
2006,RF,0.383,1440.0,1.6112928037514171
2262,RF,0.383,1440.0,1.6112928037514171
2614,RF,0.383,1440.0,1.6112928037514171
2615,RF,0.383,1440.0,1.6112928037514171
381,RF,0.382,1446.0,1.6070857729322228
716,RF,0.382,1446.0,1.6070857729322228
822,RF,0.382,1446.0,1.6070857729322228
1352,RF,0.382,1446.0,1.6070857729322228
2523,RF,0.382,1446.0,1.6070857729322228
343,RF,0.381,1451.0,1.6028787421130284
610,RF,0.381,1451.0,1.6028787421130284
914,RF,0.381,1451.0,1.6028787421130284
1621,RF,0.381,1451.0,1.6028787421130284
1734,RF,0.381,1451.0,1.6028787421130284
2003,RF,0.381,1451.0,1.6028787421130284
78,RF,0.38,1457.0,1.5986717112938342
279,RF,0.38,1457.0,1.5986717112938342
530,RF,0.38,1457.0,1.5986717112938342
649,RF,0.38,1457.0,1.5986717112938342
1205,RF,0.38,1457.0,1.5986717112938342
1593,RF,0.38,1457.0,1.5986717112938342
1908,RF,0.38,1457.0,1.5986717112938342
234,RF,0.379,1464.0,1.5944646804746399
246,RF,0.379,1464.0,1.5944646804746399
899,RF,0.379,1464.0,1.5944646804746399
1047,RF,0.379,1464.0,1.5944646804746399
1759,RF,0.379,1464.0,1.5944646804746399
2087,RF,0.379,1464.0,1.5944646804746399
2147,RF,0.379,1464.0,1.5944646804746399
1719,RF,0.378,1471.0,1.5902576496554457
1738,RF,0.378,1471.0,1.5902576496554457
2100,RF,0.378,1471.0,1.5902576496554457
255,RF,0.377,1474.0,1.5860506188362513
618,RF,0.377,1474.0,1.5860506188362513
667,RF,0.377,1474.0,1.5860506188362513
2000,RF,0.377,1474.0,1.5860506188362513
2597,RF,0.377,1474.0,1.5860506188362513
540,RF,0.376,1479.0,1.581843588017057
1004,RF,0.376,1479.0,1.581843588017057
1301,RF,0.376,1479.0,1.581843588017057
1531,RF,0.376,1479.0,1.581843588017057
2470,RF,0.376,1479.0,1.581843588017057
2532,RF,0.376,1479.0,1.581843588017057
206,RF,0.375,1485.0,1.5776365571978628
768,RF,0.375,1485.0,1.5776365571978628
858,RF,0.375,1485.0,1.5776365571978628
1178,RF,0.375,1485.0,1.5776365571978628
1521,RF,0.375,1485.0,1.5776365571978628
1550,RF,0.375,1485.0,1.5776365571978628
1581,RF,0.375,1485.0,1.5776365571978628
1982,RF,0.375,1485.0,1.5776365571978628
2355,RF,0.375,1485.0,1.5776365571978628
89,RF,0.374,1494.0,1.5734295263786684
201,RF,0.374,1494.0,1.5734295263786684
513,RF,0.374,1494.0,1.5734295263786684
701,RF,0.374,1494.0,1.5734295263786684
1432,RF,0.374,1494.0,1.5734295263786684
2446,RF,0.374,1494.0,1.5734295263786684
102,RF,0.373,1500.0,1.569222495559474
661,RF,0.373,1500.0,1.569222495559474
1035,RF,0.373,1500.0,1.569222495559474
1753,RF,0.373,1500.0,1.569222495559474
2468,RF,0.373,1500.0,1.569222495559474
492,RF,0.372,1505.0,1.5650154647402799
544,RF,0.372,1505.0,1.5650154647402799
691,RF,0.372,1505.0,1.5650154647402799
792,RF,0.372,1505.0,1.5650154647402799
1507,RF,0.372,1505.0,1.5650154647402799
1912,RF,0.372,1505.0,1.5650154647402799
185,RF,0.371,1511.0,1.5608084339210855
195,RF,0.371,1511.0,1.5608084339210855
1280,RF,0.371,1511.0,1.5608084339210855
1344,RF,0.371,1511.0,1.5608084339210855
1401,RF,0.371,1511.0,1.5608084339210855
2221,RF,0.371,1511.0,1.5608084339210855
2325,RF,0.371,1511.0,1.5608084339210855
235,RF,0.37,1518.0,1.556601403101891
447,RF,0.37,1518.0,1.556601403101891
671,RF,0.37,1518.0,1.556601403101891
2481,RF,0.37,1518.0,1.556601403101891
295,RF,0.369,1522.0,1.552394372282697
895,RF,0.369,1522.0,1.552394372282697
1211,RF,0.369,1522.0,1.552394372282697
1276,RF,0.369,1522.0,1.552394372282697
1724,RF,0.369,1522.0,1.552394372282697
1968,RF,0.369,1522.0,1.552394372282697
2131,RF,0.369,1522.0,1.552394372282697
2374,RF,0.369,1522.0,1.552394372282697
166,RF,0.368,1530.0,1.5481873414635026
1974,RF,0.368,1530.0,1.5481873414635026
2314,RF,0.368,1530.0,1.5481873414635026
2640,RF,0.368,1530.0,1.5481873414635026
417,RF,0.367,1534.0,1.5439803106443082
619,RF,0.367,1534.0,1.5439803106443082
1067,RF,0.367,1534.0,1.5439803106443082
2066,RF,0.367,1534.0,1.5439803106443082
2286,RF,0.367,1534.0,1.5439803106443082
2376,RF,0.367,1534.0,1.5439803106443082
2575,RF,0.367,1534.0,1.5439803106443082
683,RF,0.366,1541.0,1.539773279825114
902,RF,0.366,1541.0,1.539773279825114
1210,RF,0.366,1541.0,1.539773279825114
1225,RF,0.366,1541.0,1.539773279825114
1452,RF,0.366,1541.0,1.539773279825114
1766,RF,0.366,1541.0,1.539773279825114
2602,RF,0.366,1541.0,1.539773279825114
221,RF,0.365,1548.0,1.5355662490059196
1506,RF,0.365,1548.0,1.5355662490059196
2069,RF,0.365,1548.0,1.5355662490059196
2543,RF,0.365,1548.0,1.5355662490059196
597,RF,0.364,1552.0,1.5313592181867253
892,RF,0.364,1552.0,1.5313592181867253
1316,RF,0.364,1552.0,1.5313592181867253
1340,RF,0.364,1552.0,1.5313592181867253
2223,RF,0.364,1552.0,1.5313592181867253
2461,RF,0.364,1552.0,1.5313592181867253
56,RF,0.363,1558.0,1.527152187367531
553,RF,0.363,1558.0,1.527152187367531
616,RF,0.363,1558.0,1.527152187367531
1389,RF,0.363,1558.0,1.527152187367531
1712,RF,0.363,1558.0,1.527152187367531
1257,RF,0.362,1563.0,1.5229451565483367
1422,RF,0.362,1563.0,1.5229451565483367
1470,RF,0.362,1563.0,1.5229451565483367
1612,RF,0.362,1563.0,1.5229451565483367
1881,RF,0.362,1563.0,1.5229451565483367
1957,RF,0.362,1563.0,1.5229451565483367
2728,RF,0.362,1563.0,1.5229451565483367
261,RF,0.361,1570.0,1.5187381257291424
355,RF,0.361,1570.0,1.5187381257291424
541,RF,0.361,1570.0,1.5187381257291424
628,RF,0.361,1570.0,1.5187381257291424
733,RF,0.361,1570.0,1.5187381257291424
859,RF,0.361,1570.0,1.5187381257291424
867,RF,0.361,1570.0,1.5187381257291424
1176,RF,0.361,1570.0,1.5187381257291424
1274,RF,0.361,1570.0,1.5187381257291424
1383,RF,0.361,1570.0,1.5187381257291424
1839,RF,0.361,1570.0,1.5187381257291424
1880,RF,0.361,1570.0,1.5187381257291424
2740,RF,0.361,1570.0,1.5187381257291424
533,RF,0.36,1583.0,1.5145310949099482
1372,RF,0.36,1583.0,1.5145310949099482
1456,RF,0.36,1583.0,1.5145310949099482
2059,RF,0.36,1583.0,1.5145310949099482
2093,RF,0.36,1583.0,1.5145310949099482
372,RF,0.359,1588.0,1.5103240640907538
419,RF,0.359,1588.0,1.5103240640907538
969,RF,0.359,1588.0,1.5103240640907538
1098,RF,0.359,1588.0,1.5103240640907538
2214,RF,0.359,1588.0,1.5103240640907538
2307,RF,0.359,1588.0,1.5103240640907538
873,RF,0.358,1594.0,1.5061170332715594
1934,RF,0.358,1594.0,1.5061170332715594
2298,RF,0.358,1594.0,1.5061170332715594
2635,RF,0.358,1594.0,1.5061170332715594
85,RF,0.357,1598.0,1.5019100024523653
344,RF,0.357,1598.0,1.5019100024523653
535,RF,0.357,1598.0,1.5019100024523653
660,RF,0.357,1598.0,1.5019100024523653
1145,RF,0.357,1598.0,1.5019100024523653
1164,RF,0.357,1598.0,1.5019100024523653
1403,RF,0.357,1598.0,1.5019100024523653
2682,RF,0.357,1598.0,1.5019100024523653
423,RF,0.356,1606.0,1.497702971633171
509,RF,0.356,1606.0,1.497702971633171
534,RF,0.356,1606.0,1.497702971633171
852,RF,0.356,1606.0,1.497702971633171
1208,RF,0.356,1606.0,1.497702971633171
2048,RF,0.356,1606.0,1.497702971633171
2494,RF,0.356,1606.0,1.497702971633171
2595,RF,0.356,1606.0,1.497702971633171
406,RF,0.355,1614.0,1.4934959408139765
531,RF,0.355,1614.0,1.4934959408139765
670,RF,0.355,1614.0,1.4934959408139765
1085,RF,0.355,1614.0,1.4934959408139765
2018,RF,0.355,1614.0,1.4934959408139765
2750,RF,0.355,1614.0,1.4934959408139765
341,RF,0.354,1620.0,1.4892889099947824
911,RF,0.354,1620.0,1.4892889099947824
2217,RF,0.354,1620.0,1.4892889099947824
1204,RF,0.353,1623.0,1.485081879175588
1239,RF,0.353,1623.0,1.485081879175588
1306,RF,0.353,1623.0,1.485081879175588
1367,RF,0.353,1623.0,1.485081879175588
1620,RF,0.353,1623.0,1.485081879175588
1794,RF,0.353,1623.0,1.485081879175588
2296,RF,0.353,1623.0,1.485081879175588
2483,RF,0.353,1623.0,1.485081879175588
114,RF,0.352,1631.0,1.4808748483563936
560,RF,0.352,1631.0,1.4808748483563936
669,RF,0.352,1631.0,1.4808748483563936
1763,RF,0.352,1631.0,1.4808748483563936
19,RF,0.351,1635.0,1.4766678175371994
66,RF,0.351,1635.0,1.4766678175371994
1740,RF,0.351,1635.0,1.4766678175371994
2299,RF,0.351,1635.0,1.4766678175371994
2580,RF,0.351,1635.0,1.4766678175371994
456,RF,0.35,1640.0,1.472460786718005
1094,RF,0.35,1640.0,1.472460786718005
1725,RF,0.35,1640.0,1.472460786718005
1944,RF,0.35,1640.0,1.472460786718005
2116,RF,0.35,1640.0,1.472460786718005
62,RF,0.349,1645.0,1.4682537558988107
1684,RF,0.349,1645.0,1.4682537558988107
1777,RF,0.349,1645.0,1.4682537558988107
1792,RF,0.349,1645.0,1.4682537558988107
1898,RF,0.349,1645.0,1.4682537558988107
2008,RF,0.349,1645.0,1.4682537558988107
2674,RF,0.349,1645.0,1.4682537558988107
1309,RF,0.348,1652.0,1.4640467250796165
2020,RF,0.348,1652.0,1.4640467250796165
460,RF,0.347,1654.0,1.4598396942604221
585,RF,0.347,1654.0,1.4598396942604221
1103,RF,0.347,1654.0,1.4598396942604221
1128,RF,0.347,1654.0,1.4598396942604221
1375,RF,0.347,1654.0,1.4598396942604221
1704,RF,0.347,1654.0,1.4598396942604221
1786,RF,0.347,1654.0,1.4598396942604221
2702,RF,0.347,1654.0,1.4598396942604221
25,RF,0.346,1662.0,1.4556326634412278
622,RF,0.346,1662.0,1.4556326634412278
784,RF,0.346,1662.0,1.4556326634412278
888,RF,0.346,1662.0,1.4556326634412278
1338,RF,0.346,1662.0,1.4556326634412278
1864,RF,0.346,1662.0,1.4556326634412278
2056,RF,0.346,1662.0,1.4556326634412278
2375,RF,0.346,1662.0,1.4556326634412278
501,RF,0.345,1670.0,1.4514256326220336
1330,RF,0.345,1670.0,1.4514256326220336
1455,RF,0.345,1670.0,1.4514256326220336
1899,RF,0.345,1670.0,1.4514256326220336
2624,RF,0.345,1670.0,1.4514256326220336
304,RF,0.344,1675.0,1.4472186018028392
957,RF,0.344,1675.0,1.4472186018028392
1457,RF,0.344,1675.0,1.4472186018028392
1904,RF,0.344,1675.0,1.4472186018028392
2397,RF,0.344,1675.0,1.4472186018028392
2445,RF,0.344,1675.0,1.4472186018028392
2745,RF,0.344,1675.0,1.4472186018028392
495,RF,0.343,1682.0,1.443011570983645
500,RF,0.343,1682.0,1.443011570983645
621,RF,0.343,1682.0,1.443011570983645
707,RF,0.343,1682.0,1.443011570983645
1921,RF,0.343,1682.0,1.443011570983645
2335,RF,0.343,1682.0,1.443011570983645
2690,RF,0.343,1682.0,1.443011570983645
2696,RF,0.343,1682.0,1.443011570983645
378,RF,0.342,1690.0,1.438804540164451
682,RF,0.342,1690.0,1.438804540164451
756,RF,0.342,1690.0,1.438804540164451
972,RF,0.342,1690.0,1.438804540164451
990,RF,0.342,1690.0,1.438804540164451
1136,RF,0.342,1690.0,1.438804540164451
2424,RF,0.342,1690.0,1.438804540164451
33,RF,0.341,1697.0,1.4345975093452565
167,RF,0.341,1697.0,1.4345975093452565
773,RF,0.341,1697.0,1.4345975093452565
1384,RF,0.341,1697.0,1.4345975093452565
1402,RF,0.341,1697.0,1.4345975093452565
2120,RF,0.341,1697.0,1.4345975093452565
2688,RF,0.341,1697.0,1.4345975093452565
135,RF,0.34,1704.0,1.4303904785260622
617,RF,0.34,1704.0,1.4303904785260622
1039,RF,0.34,1704.0,1.4303904785260622
1113,RF,0.34,1704.0,1.4303904785260622
1395,RF,0.34,1704.0,1.4303904785260622
1717,RF,0.34,1704.0,1.4303904785260622
147,RF,0.339,1710.0,1.426183447706868
1029,RF,0.339,1710.0,1.426183447706868
1253,RF,0.339,1710.0,1.426183447706868
1743,RF,0.339,1710.0,1.426183447706868
1894,RF,0.339,1710.0,1.426183447706868
1992,RF,0.339,1710.0,1.426183447706868
2611,RF,0.339,1710.0,1.426183447706868
197,RF,0.338,1717.0,1.4219764168876736
1555,RF,0.338,1717.0,1.4219764168876736
1897,RF,0.338,1717.0,1.4219764168876736
2230,RF,0.338,1717.0,1.4219764168876736
2311,RF,0.338,1717.0,1.4219764168876736
2570,RF,0.338,1717.0,1.4219764168876736
2713,RF,0.338,1717.0,1.4219764168876736
40,RF,0.337,1724.0,1.4177693860684792
216,RF,0.337,1724.0,1.4177693860684792
347,RF,0.337,1724.0,1.4177693860684792
1083,RF,0.337,1724.0,1.4177693860684792
1193,RF,0.337,1724.0,1.4177693860684792
1339,RF,0.337,1724.0,1.4177693860684792
1364,RF,0.337,1724.0,1.4177693860684792
1813,RF,0.337,1724.0,1.4177693860684792
2007,RF,0.337,1724.0,1.4177693860684792
2033,RF,0.337,1724.0,1.4177693860684792
2358,RF,0.337,1724.0,1.4177693860684792
665,RF,0.336,1735.0,1.413562355249285
685,RF,0.336,1735.0,1.413562355249285
866,RF,0.336,1735.0,1.413562355249285
1630,RF,0.336,1735.0,1.413562355249285
57,RF,0.335,1739.0,1.4093553244300907
330,RF,0.335,1739.0,1.4093553244300907
750,RF,0.335,1739.0,1.4093553244300907
807,RF,0.335,1739.0,1.4093553244300907
1519,RF,0.335,1739.0,1.4093553244300907
1981,RF,0.335,1739.0,1.4093553244300907
2701,RF,0.335,1739.0,1.4093553244300907
113,RF,0.334,1746.0,1.4051482936108963
906,RF,0.334,1746.0,1.4051482936108963
1070,RF,0.334,1746.0,1.4051482936108963
1181,RF,0.334,1746.0,1.4051482936108963
555,RF,0.333,1750.0,1.4009412627917022
813,RF,0.333,1750.0,1.4009412627917022
2215,RF,0.333,1750.0,1.4009412627917022
2503,RF,0.333,1750.0,1.4009412627917022
2709,RF,0.333,1750.0,1.4009412627917022
107,RF,0.332,1755.0,1.3967342319725078
573,RF,0.332,1755.0,1.3967342319725078
699,RF,0.332,1755.0,1.3967342319725078
811,RF,0.332,1755.0,1.3967342319725078
1005,RF,0.332,1755.0,1.3967342319725078
1451,RF,0.332,1755.0,1.3967342319725078
2749,RF,0.332,1755.0,1.3967342319725078
717,RF,0.331,1762.0,1.3925272011533136
1148,RF,0.331,1762.0,1.3925272011533136
1494,RF,0.331,1762.0,1.3925272011533136
1576,RF,0.331,1762.0,1.3925272011533136
1707,RF,0.331,1762.0,1.3925272011533136
2118,RF,0.331,1762.0,1.3925272011533136
415,RF,0.33,1768.0,1.3883201703341193
646,RF,0.33,1768.0,1.3883201703341193
924,RF,0.33,1768.0,1.3883201703341193
1710,RF,0.33,1768.0,1.3883201703341193
1860,RF,0.33,1768.0,1.3883201703341193
2312,RF,0.33,1768.0,1.3883201703341193
532,RF,0.329,1774.0,1.3841131395149249
757,RF,0.329,1774.0,1.3841131395149249
855,RF,0.329,1774.0,1.3841131395149249
1131,RF,0.329,1774.0,1.3841131395149249
2649,RF,0.329,1774.0,1.3841131395149249
2670,RF,0.329,1774.0,1.3841131395149249
938,RF,0.328,1780.0,1.3799061086957307
1123,RF,0.328,1780.0,1.3799061086957307
1143,RF,0.328,1780.0,1.3799061086957307
1326,RF,0.328,1780.0,1.3799061086957307
1454,RF,0.328,1780.0,1.3799061086957307
2556,RF,0.328,1780.0,1.3799061086957307
563,RF,0.327,1786.0,1.3756990778765363
658,RF,0.327,1786.0,1.3756990778765363
171,RF,0.326,1788.0,1.371492047057342
839,RF,0.326,1788.0,1.371492047057342
1149,RF,0.326,1788.0,1.371492047057342
1805,RF,0.326,1788.0,1.371492047057342
2081,RF,0.326,1788.0,1.371492047057342
2519,RF,0.326,1788.0,1.371492047057342
179,RF,0.325,1794.0,1.3672850162381478
907,RF,0.325,1794.0,1.3672850162381478
1533,RF,0.325,1794.0,1.3672850162381478
1845,RF,0.325,1794.0,1.3672850162381478
1961,RF,0.325,1794.0,1.3672850162381478
2248,RF,0.325,1794.0,1.3672850162381478
126,RF,0.324,1800.0,1.3630779854189534
525,RF,0.324,1800.0,1.3630779854189534
1202,RF,0.324,1800.0,1.3630779854189534
1387,RF,0.324,1800.0,1.3630779854189534
2582,RF,0.324,1800.0,1.3630779854189534
2668,RF,0.324,1800.0,1.3630779854189534
268,RF,0.323,1806.0,1.358870954599759
975,RF,0.323,1806.0,1.358870954599759
1174,RF,0.323,1806.0,1.358870954599759
1547,RF,0.323,1806.0,1.358870954599759
1767,RF,0.323,1806.0,1.358870954599759
2042,RF,0.323,1806.0,1.358870954599759
390,RF,0.322,1812.0,1.3546639237805649
1217,RF,0.322,1812.0,1.3546639237805649
1416,RF,0.322,1812.0,1.3546639237805649
1587,RF,0.322,1812.0,1.3546639237805649
1694,RF,0.322,1812.0,1.3546639237805649
1970,RF,0.322,1812.0,1.3546639237805649
1051,RF,0.321,1818.0,1.3504568929613705
2167,RF,0.321,1818.0,1.3504568929613705
2387,RF,0.321,1818.0,1.3504568929613705
2554,RF,0.321,1818.0,1.3504568929613705
2621,RF,0.321,1818.0,1.3504568929613705
6,RF,0.32,1823.0,1.3462498621421761
896,RF,0.32,1823.0,1.3462498621421761
42,RF,0.319,1825.0,1.342042831322982
703,RF,0.319,1825.0,1.342042831322982
298,RF,0.318,1827.0,1.3378358005037876
397,RF,0.318,1827.0,1.3378358005037876
1392,RF,0.318,1827.0,1.3378358005037876
1895,RF,0.318,1827.0,1.3378358005037876
2364,RF,0.318,1827.0,1.3378358005037876
2409,RF,0.318,1827.0,1.3378358005037876
2451,RF,0.318,1827.0,1.3378358005037876
31,RF,0.317,1834.0,1.3336287696845932
226,RF,0.317,1834.0,1.3336287696845932
407,RF,0.317,1834.0,1.3336287696845932
785,RF,0.317,1834.0,1.3336287696845932
1571,RF,0.317,1834.0,1.3336287696845932
1781,RF,0.317,1834.0,1.3336287696845932
2142,RF,0.317,1834.0,1.3336287696845932
2366,RF,0.317,1834.0,1.3336287696845932
2381,RF,0.317,1834.0,1.3336287696845932
2386,RF,0.317,1834.0,1.3336287696845932
105,RF,0.316,1844.0,1.329421738865399
956,RF,0.316,1844.0,1.329421738865399
1061,RF,0.316,1844.0,1.329421738865399
1082,RF,0.316,1844.0,1.329421738865399
1150,RF,0.316,1844.0,1.329421738865399
1393,RF,0.316,1844.0,1.329421738865399
1874,RF,0.316,1844.0,1.329421738865399
2253,RF,0.316,1844.0,1.329421738865399
2425,RF,0.316,1844.0,1.329421738865399
971,RF,0.315,1853.0,1.3252147080462047
2096,RF,0.315,1853.0,1.3252147080462047
2268,RF,0.315,1853.0,1.3252147080462047
2406,RF,0.315,1853.0,1.3252147080462047
2619,RF,0.315,1853.0,1.3252147080462047
278,RF,0.314,1858.0,1.3210076772270103
2637,RF,0.314,1858.0,1.3210076772270103
116,RF,0.313,1860.0,1.3168006464078161
934,RF,0.313,1860.0,1.3168006464078161
2115,RF,0.313,1860.0,1.3168006464078161
2228,RF,0.313,1860.0,1.3168006464078161
2289,RF,0.313,1860.0,1.3168006464078161
2764,RF,0.313,1860.0,1.3168006464078161
2767,RF,0.313,1860.0,1.3168006464078161
256,RF,0.312,1867.0,1.3125936155886218
771,RF,0.312,1867.0,1.3125936155886218
1027,RF,0.312,1867.0,1.3125936155886218
1590,RF,0.312,1867.0,1.3125936155886218
161,RF,0.311,1871.0,1.3083865847694274
819,RF,0.311,1871.0,1.3083865847694274
1535,RF,0.311,1871.0,1.3083865847694274
2138,RF,0.311,1871.0,1.3083865847694274
2277,RF,0.311,1871.0,1.3083865847694274
1087,RF,0.31,1876.0,1.3041795539502332
1154,RF,0.31,1876.0,1.3041795539502332
1444,RF,0.31,1876.0,1.3041795539502332
1567,RF,0.31,1876.0,1.3041795539502332
1918,RF,0.31,1876.0,1.3041795539502332
2473,RF,0.31,1876.0,1.3041795539502332
386,RF,0.309,1882.0,1.2999725231310388
227,RF,0.308,1883.0,1.2957654923118445
605,RF,0.308,1883.0,1.2957654923118445
1325,RF,0.308,1883.0,1.2957654923118445
2427,RF,0.308,1883.0,1.2957654923118445
115,RF,0.307,1887.0,1.2915584614926503
432,RF,0.307,1887.0,1.2915584614926503
489,RF,0.307,1887.0,1.2915584614926503
503,RF,0.307,1887.0,1.2915584614926503
1209,RF,0.307,1887.0,1.2915584614926503
1308,RF,0.307,1887.0,1.2915584614926503
1329,RF,0.307,1887.0,1.2915584614926503
1634,RF,0.307,1887.0,1.2915584614926503
2504,RF,0.307,1887.0,1.2915584614926503
401,RF,0.306,1896.0,1.287351430673456
662,RF,0.306,1896.0,1.287351430673456
777,RF,0.306,1896.0,1.287351430673456
1800,RF,0.306,1896.0,1.287351430673456
2761,RF,0.306,1896.0,1.287351430673456
2113,RF,0.305,1901.0,1.2831443998542615
2301,RF,0.305,1901.0,1.2831443998542615
2447,RF,0.305,1901.0,1.2831443998542615
2718,RF,0.305,1901.0,1.2831443998542615
363,RF,0.304,1905.0,1.2789373690350674
727,RF,0.304,1905.0,1.2789373690350674
1478,RF,0.304,1905.0,1.2789373690350674
47,RF,0.303,1908.0,1.274730338215873
728,RF,0.303,1908.0,1.274730338215873
840,RF,0.303,1908.0,1.274730338215873
1115,RF,0.303,1908.0,1.274730338215873
1195,RF,0.303,1908.0,1.274730338215873
360,RF,0.302,1913.0,1.2705233073966786
820,RF,0.302,1913.0,1.2705233073966786
1052,RF,0.302,1913.0,1.2705233073966786
2400,RF,0.302,1913.0,1.2705233073966786
790,RF,0.301,1917.0,1.2663162765774845
994,RF,0.301,1917.0,1.2663162765774845
1127,RF,0.301,1917.0,1.2663162765774845
2254,RF,0.301,1917.0,1.2663162765774845
2692,RF,0.301,1917.0,1.2663162765774845
2744,RF,0.301,1917.0,1.2663162765774845
833,RF,0.3,1923.0,1.26210924575829
1467,RF,0.3,1923.0,1.26210924575829
1517,RF,0.3,1923.0,1.26210924575829
2169,RF,0.3,1923.0,1.26210924575829
2172,RF,0.3,1923.0,1.26210924575829
2194,RF,0.3,1923.0,1.26210924575829
2229,RF,0.3,1923.0,1.26210924575829
2408,RF,0.3,1923.0,1.26210924575829
248,RF,0.299,1931.0,1.2579022149390957
590,RF,0.299,1931.0,1.2579022149390957
615,RF,0.299,1931.0,1.2579022149390957
1241,RF,0.299,1931.0,1.2579022149390957
1552,RF,0.299,1931.0,1.2579022149390957
2348,RF,0.299,1931.0,1.2579022149390957
1278,RF,0.298,1937.0,1.2536951841199016
1433,RF,0.298,1937.0,1.2536951841199016
1461,RF,0.298,1937.0,1.2536951841199016
487,RF,0.297,1940.0,1.2494881533007072
946,RF,0.297,1940.0,1.2494881533007072
1490,RF,0.297,1940.0,1.2494881533007072
1528,RF,0.297,1940.0,1.2494881533007072
1653,RF,0.297,1940.0,1.2494881533007072
2235,RF,0.297,1940.0,1.2494881533007072
2476,RF,0.297,1940.0,1.2494881533007072
2675,RF,0.297,1940.0,1.2494881533007072
589,RF,0.296,1948.0,1.2452811224815128
1037,RF,0.296,1948.0,1.2452811224815128
470,RF,0.295,1950.0,1.2410740916623186
502,RF,0.295,1950.0,1.2410740916623186
783,RF,0.295,1950.0,1.2410740916623186
916,RF,0.295,1950.0,1.2410740916623186
1175,RF,0.295,1950.0,1.2410740916623186
1622,RF,0.295,1950.0,1.2410740916623186
1903,RF,0.295,1950.0,1.2410740916623186
2514,RF,0.295,1950.0,1.2410740916623186
1021,RF,0.294,1958.0,1.2368670608431243
1237,RF,0.294,1958.0,1.2368670608431243
1405,RF,0.294,1958.0,1.2368670608431243
2329,RF,0.294,1958.0,1.2368670608431243
119,RF,0.293,1962.0,1.2326600300239299
203,RF,0.293,1962.0,1.2326600300239299
296,RF,0.293,1962.0,1.2326600300239299
384,RF,0.293,1962.0,1.2326600300239299
1512,RF,0.293,1962.0,1.2326600300239299
1560,RF,0.293,1962.0,1.2326600300239299
1747,RF,0.293,1962.0,1.2326600300239299
947,RF,0.292,1969.0,1.2284529992047357
1229,RF,0.292,1969.0,1.2284529992047357
2370,RF,0.292,1969.0,1.2284529992047357
626,RF,0.291,1972.0,1.2242459683855413
1351,RF,0.291,1972.0,1.2242459683855413
2088,RF,0.291,1972.0,1.2242459683855413
2173,RF,0.291,1972.0,1.2242459683855413
1852,RF,0.29,1976.0,1.220038937566347
8,RF,0.289,1977.0,1.2158319067471528
574,RF,0.289,1977.0,1.2158319067471528
1504,RF,0.289,1977.0,1.2158319067471528
1867,RF,0.289,1977.0,1.2158319067471528
1973,RF,0.289,1977.0,1.2158319067471528
2097,RF,0.289,1977.0,1.2158319067471528
2496,RF,0.289,1977.0,1.2158319067471528
133,RF,0.288,1984.0,1.2116248759279584
1050,RF,0.288,1984.0,1.2116248759279584
1173,RF,0.288,1984.0,1.2116248759279584
71,RF,0.287,1987.0,1.207417845108764
342,RF,0.287,1987.0,1.207417845108764
666,RF,0.287,1987.0,1.207417845108764
711,RF,0.287,1987.0,1.207417845108764
1055,RF,0.287,1987.0,1.207417845108764
1066,RF,0.287,1987.0,1.207417845108764
1497,RF,0.287,1987.0,1.207417845108764
1664,RF,0.287,1987.0,1.207417845108764
1742,RF,0.287,1987.0,1.207417845108764
1790,RF,0.287,1987.0,1.207417845108764
213,RF,0.286,1997.0,1.2032108142895699
834,RF,0.286,1997.0,1.2032108142895699
1809,RF,0.286,1997.0,1.2032108142895699
704,RF,0.285,2000.0,1.1990037834703755
778,RF,0.285,2000.0,1.1990037834703755
1303,RF,0.285,2000.0,1.1990037834703755
98,RF,0.284,2003.0,1.1947967526511811
153,RF,0.284,2003.0,1.1947967526511811
677,RF,0.284,2003.0,1.1947967526511811
1213,RF,0.284,2003.0,1.1947967526511811
1925,RF,0.284,2003.0,1.1947967526511811
2125,RF,0.284,2003.0,1.1947967526511811
2454,RF,0.284,2003.0,1.1947967526511811
2527,RF,0.284,2003.0,1.1947967526511811
328,RF,0.283,2011.0,1.190589721831987
1222,RF,0.283,2011.0,1.190589721831987
1474,RF,0.283,2011.0,1.190589721831987
1701,RF,0.283,2011.0,1.190589721831987
2098,RF,0.283,2011.0,1.190589721831987
2360,RF,0.283,2011.0,1.190589721831987
175,RF,0.282,2017.0,1.1863826910127926
788,RF,0.282,2017.0,1.1863826910127926
1043,RF,0.282,2017.0,1.1863826910127926
1927,RF,0.282,2017.0,1.1863826910127926
2186,RF,0.282,2017.0,1.1863826910127926
2654,RF,0.282,2017.0,1.1863826910127926
233,RF,0.281,2023.0,1.1821756601935987
468,RF,0.281,2023.0,1.1821756601935987
1462,RF,0.281,2023.0,1.1821756601935987
2618,RF,0.281,2023.0,1.1821756601935987
3,RF,0.28,2027.0,1.1779686293744043
346,RF,0.28,2027.0,1.1779686293744043
497,RF,0.28,2027.0,1.1779686293744043
2518,RF,0.28,2027.0,1.1779686293744043
2748,RF,0.28,2027.0,1.1779686293744043
1862,RF,0.279,2032.0,1.17376159855521
2751,RF,0.279,2032.0,1.17376159855521
2754,RF,0.279,2032.0,1.17376159855521
148,RF,0.278,2035.0,1.1695545677360157
240,RF,0.278,2035.0,1.1695545677360157
267,RF,0.278,2035.0,1.1695545677360157
398,RF,0.278,2035.0,1.1695545677360157
824,RF,0.278,2035.0,1.1695545677360157
1230,RF,0.278,2035.0,1.1695545677360157
1298,RF,0.278,2035.0,1.1695545677360157
508,RF,0.277,2042.0,1.1653475369168214
999,RF,0.277,2042.0,1.1653475369168214
1207,RF,0.277,2042.0,1.1653475369168214
1481,RF,0.277,2042.0,1.1653475369168214
1771,RF,0.277,2042.0,1.1653475369168214
2533,RF,0.277,2042.0,1.1653475369168214
770,RF,0.276,2048.0,1.161140506097627
1251,RF,0.276,2048.0,1.161140506097627
1658,RF,0.276,2048.0,1.161140506097627
1950,RF,0.276,2048.0,1.161140506097627
2051,RF,0.276,2048.0,1.161140506097627
2398,RF,0.276,2048.0,1.161140506097627
2715,RF,0.276,2048.0,1.161140506097627
798,RF,0.275,2055.0,1.1569334752784328
963,RF,0.275,2055.0,1.1569334752784328
1317,RF,0.275,2055.0,1.1569334752784328
1368,RF,0.275,2055.0,1.1569334752784328
1034,RF,0.274,2059.0,1.1527264444592384
1266,RF,0.274,2059.0,1.1527264444592384
1799,RF,0.274,2059.0,1.1527264444592384
2144,RF,0.274,2059.0,1.1527264444592384
332,RF,0.273,2063.0,1.148519413640044
752,RF,0.273,2063.0,1.148519413640044
977,RF,0.273,2063.0,1.148519413640044
1926,RF,0.273,2063.0,1.148519413640044
2024,RF,0.273,2063.0,1.148519413640044
2041,RF,0.273,2063.0,1.148519413640044
247,RF,0.271,2069.0,1.1401053520016555
931,RF,0.271,2069.0,1.1401053520016555
477,RF,0.27,2071.0,1.1358983211824611
1074,RF,0.27,2071.0,1.1358983211824611
1290,RF,0.27,2071.0,1.1358983211824611
2421,RF,0.27,2071.0,1.1358983211824611
2686,RF,0.27,2071.0,1.1358983211824611
514,RF,0.269,2076.0,1.131691290363267
686,RF,0.269,2076.0,1.131691290363267
1293,RF,0.269,2076.0,1.131691290363267
1882,RF,0.269,2076.0,1.131691290363267
2031,RF,0.269,2076.0,1.131691290363267
2399,RF,0.269,2076.0,1.131691290363267
2655,RF,0.269,2076.0,1.131691290363267
612,RF,0.268,2083.0,1.1274842595440726
1223,RF,0.268,2083.0,1.1274842595440726
2743,RF,0.268,2083.0,1.1274842595440726
864,RF,0.267,2086.0,1.1232772287248782
2040,RF,0.267,2086.0,1.1232772287248782
435,RF,0.266,2088.0,1.119070197905684
731,RF,0.266,2088.0,1.119070197905684
1696,RF,0.266,2088.0,1.119070197905684
2592,RF,0.266,2088.0,1.119070197905684
21,RF,0.265,2092.0,1.1148631670864897
537,RF,0.265,2092.0,1.1148631670864897
1288,RF,0.265,2092.0,1.1148631670864897
1284,RF,0.264,2095.0,1.1106561362672953
1396,RF,0.264,2095.0,1.1106561362672953
1536,RF,0.264,2095.0,1.1106561362672953
1833,RF,0.264,2095.0,1.1106561362672953
2256,RF,0.264,2095.0,1.1106561362672953
109,RF,0.263,2100.0,1.1064491054481012
395,RF,0.263,2100.0,1.1064491054481012
2171,RF,0.263,2100.0,1.1064491054481012
799,RF,0.262,2103.0,1.1022420746289068
1600,RF,0.262,2103.0,1.1022420746289068
2726,RF,0.262,2103.0,1.1022420746289068
519,RF,0.261,2106.0,1.0980350438097124
600,RF,0.261,2106.0,1.0980350438097124
810,RF,0.261,2106.0,1.0980350438097124
1751,RF,0.261,2106.0,1.0980350438097124
2141,RF,0.261,2106.0,1.0980350438097124
2181,RF,0.261,2106.0,1.0980350438097124
2491,RF,0.261,2106.0,1.0980350438097124
2661,RF,0.261,2106.0,1.0980350438097124
301,RF,0.26,2114.0,1.0938280129905182
543,RF,0.26,2114.0,1.0938280129905182
1170,RF,0.26,2114.0,1.0938280129905182
2322,RF,0.26,2114.0,1.0938280129905182
2549,RF,0.26,2114.0,1.0938280129905182
2683,RF,0.26,2114.0,1.0938280129905182
421,RF,0.259,2120.0,1.0896209821713239
462,RF,0.259,2120.0,1.0896209821713239
831,RF,0.259,2120.0,1.0896209821713239
2428,RF,0.259,2120.0,1.0896209821713239
499,RF,0.258,2124.0,1.0854139513521295
817,RF,0.258,2124.0,1.0854139513521295
1065,RF,0.258,2124.0,1.0854139513521295
1168,RF,0.258,2124.0,1.0854139513521295
1755,RF,0.258,2124.0,1.0854139513521295
2002,RF,0.258,2124.0,1.0854139513521295
2015,RF,0.258,2124.0,1.0854139513521295
2107,RF,0.258,2124.0,1.0854139513521295
2154,RF,0.258,2124.0,1.0854139513521295
1374,RF,0.257,2133.0,1.0812069205329353
1477,RF,0.257,2133.0,1.0812069205329353
1592,RF,0.257,2133.0,1.0812069205329353
1834,RF,0.257,2133.0,1.0812069205329353
1896,RF,0.257,2133.0,1.0812069205329353
2276,RF,0.257,2133.0,1.0812069205329353
2395,RF,0.257,2133.0,1.0812069205329353
1332,RF,0.256,2140.0,1.076999889713741
1426,RF,0.256,2140.0,1.076999889713741
2016,RF,0.256,2140.0,1.076999889713741
2631,RF,0.256,2140.0,1.076999889713741
366,RF,0.255,2144.0,1.0727928588945466
453,RF,0.255,2144.0,1.0727928588945466
1589,RF,0.255,2144.0,1.0727928588945466
1508,RF,0.254,2147.0,1.0685858280753524
1529,RF,0.254,2147.0,1.0685858280753524
1557,RF,0.254,2147.0,1.0685858280753524
1628,RF,0.254,2147.0,1.0685858280753524
2035,RF,0.254,2147.0,1.0685858280753524
2620,RF,0.254,2147.0,1.0685858280753524
2681,RF,0.254,2147.0,1.0685858280753524
2725,RF,0.254,2147.0,1.0685858280753524
209,RF,0.253,2155.0,1.064378797256158
577,RF,0.253,2155.0,1.064378797256158
974,RF,0.253,2155.0,1.064378797256158
1273,RF,0.253,2155.0,1.064378797256158
1300,RF,0.253,2155.0,1.064378797256158
232,RF,0.252,2160.0,1.0601717664369636
611,RF,0.251,2161.0,1.0559647356177695
989,RF,0.251,2161.0,1.0559647356177695
1434,RF,0.251,2161.0,1.0559647356177695
224,RF,0.25,2164.0,1.051757704798575
742,RF,0.25,2164.0,1.051757704798575
2017,RF,0.25,2164.0,1.051757704798575
326,RF,0.249,2167.0,1.0475506739793807
1495,RF,0.248,2168.0,1.0433436431601866
2316,RF,0.248,2168.0,1.0433436431601866
1586,RF,0.247,2170.0,1.0391366123409922
2545,RF,0.247,2170.0,1.0391366123409922
393,RF,0.246,2172.0,1.0349295815217978
1633,RF,0.246,2172.0,1.0349295815217978
1795,RF,0.246,2172.0,1.0349295815217978
139,RF,0.245,2175.0,1.0307225507026037
620,RF,0.245,2175.0,1.0307225507026037
1130,RF,0.244,2177.0,1.0265155198834093
498,RF,0.243,2178.0,1.022308489064215
1216,RF,0.243,2178.0,1.022308489064215
1435,RF,0.243,2178.0,1.022308489064215
1675,RF,0.243,2178.0,1.022308489064215
1983,RF,0.243,2178.0,1.022308489064215
572,RF,0.242,2183.0,1.0181014582450207
1602,RF,0.241,2184.0,1.0138944274258264
1822,RF,0.241,2184.0,1.0138944274258264
1967,RF,0.241,2184.0,1.0138944274258264
77,RF,0.24,2187.0,1.009687396606632
715,RF,0.24,2187.0,1.009687396606632
980,RF,0.24,2187.0,1.009687396606632
1015,RF,0.24,2187.0,1.009687396606632
1318,RF,0.24,2187.0,1.009687396606632
1331,RF,0.24,2187.0,1.009687396606632
1366,RF,0.24,2187.0,1.009687396606632
2507,RF,0.24,2187.0,1.009687396606632
1370,RF,0.239,2195.0,1.0054803657874378
603,RF,0.238,2196.0,1.0012733349682434
1832,RF,0.238,2196.0,1.0012733349682434
2353,RF,0.238,2196.0,1.0012733349682434
94,RF,0.237,2199.0,0.9970663041490492
2548,RF,0.236,2200.0,0.9928592733298549
299,RF,0.235,2201.0,0.9886522425106605
651,RF,0.235,2201.0,0.9886522425106605
673,RF,0.235,2201.0,0.9886522425106605
1262,RF,0.235,2201.0,0.9886522425106605
1386,RF,0.235,2201.0,0.9886522425106605
1496,RF,0.235,2201.0,0.9886522425106605
356,RF,0.234,2207.0,0.9844452116914664
829,RF,0.234,2207.0,0.9844452116914664
1180,RF,0.234,2207.0,0.9844452116914664
1975,RF,0.234,2207.0,0.9844452116914664
2288,RF,0.234,2207.0,0.9844452116914664
2459,RF,0.234,2207.0,0.9844452116914664
269,RF,0.233,2213.0,0.9802381808722721
1235,RF,0.233,2213.0,0.9802381808722721
2123,RF,0.233,2213.0,0.9802381808722721
182,RF,0.232,2216.0,0.9760311500530777
881,RF,0.232,2216.0,0.9760311500530777
1022,RF,0.232,2216.0,0.9760311500530777
1605,RF,0.231,2219.0,0.9718241192338835
2196,RF,0.231,2219.0,0.9718241192338835
2463,RF,0.231,2219.0,0.9718241192338835
165,RF,0.23,2222.0,0.9676170884146892
2350,RF,0.23,2222.0,0.9676170884146892
2747,RF,0.23,2222.0,0.9676170884146892
2244,RF,0.229,2225.0,0.9634100575954948
2574,RF,0.229,2225.0,0.9634100575954948
198,RF,0.228,2227.0,0.9592030267763005
680,RF,0.228,2227.0,0.9592030267763005
1072,RF,0.228,2227.0,0.9592030267763005
1110,RF,0.228,2227.0,0.9592030267763005
1186,RF,0.228,2227.0,0.9592030267763005
1365,RF,0.228,2227.0,0.9592030267763005
1516,RF,0.228,2227.0,0.9592030267763005
1668,RF,0.228,2227.0,0.9592030267763005
1820,RF,0.228,2227.0,0.9592030267763005
2032,RF,0.228,2227.0,0.9592030267763005
1723,RF,0.227,2237.0,0.9549959959571063
926,RF,0.226,2238.0,0.9507889651379119
1911,RF,0.226,2238.0,0.9507889651379119
374,RF,0.225,2240.0,0.9465819343187176
1196,RF,0.225,2240.0,0.9465819343187176
1709,RF,0.225,2240.0,0.9465819343187176
1887,RF,0.225,2240.0,0.9465819343187176
2357,RF,0.225,2240.0,0.9465819343187176
2729,RF,0.225,2240.0,0.9465819343187176
2771,RF,0.225,2240.0,0.9465819343187176
399,RF,0.224,2247.0,0.9423749034995234
471,RF,0.224,2247.0,0.9423749034995234
2111,RF,0.224,2247.0,0.9423749034995234
2711,RF,0.224,2247.0,0.9423749034995234
271,RF,0.223,2251.0,0.938167872680329
446,RF,0.223,2251.0,0.938167872680329
1006,RF,0.223,2251.0,0.938167872680329
63,RF,0.222,2254.0,0.9339608418611347
87,RF,0.222,2254.0,0.9339608418611347
639,RF,0.222,2254.0,0.9339608418611347
1078,RF,0.222,2254.0,0.9339608418611347
648,RF,0.221,2258.0,0.9297538110419404
678,RF,0.221,2258.0,0.9297538110419404
1785,RF,0.221,2258.0,0.9297538110419404
412,RF,0.22,2261.0,0.9255467802227461
1092,RF,0.22,2261.0,0.9255467802227461
1358,RF,0.22,2261.0,0.9255467802227461
1466,RF,0.22,2261.0,0.9255467802227461
1844,RF,0.22,2261.0,0.9255467802227461
1865,RF,0.22,2261.0,0.9255467802227461
2182,RF,0.22,2261.0,0.9255467802227461
2377,RF,0.22,2261.0,0.9255467802227461
172,RF,0.219,2269.0,0.9213397494035518
448,RF,0.219,2269.0,0.9213397494035518
517,RF,0.219,2269.0,0.9213397494035518
932,RF,0.219,2269.0,0.9213397494035518
1769,RF,0.219,2269.0,0.9213397494035518
1770,RF,0.219,2269.0,0.9213397494035518
2472,RF,0.219,2269.0,0.9213397494035518
239,RF,0.218,2276.0,0.9171327185843575
2407,RF,0.218,2276.0,0.9171327185843575
1060,RF,0.217,2278.0,0.9129256877651631
1228,RF,0.217,2278.0,0.9129256877651631
1757,RF,0.217,2278.0,0.9129256877651631
2569,RF,0.217,2278.0,0.9129256877651631
163,RF,0.216,2282.0,0.9087186569459689
1449,RF,0.216,2282.0,0.9087186569459689
1588,RF,0.216,2282.0,0.9087186569459689
2706,RF,0.216,2282.0,0.9087186569459689
2712,RF,0.216,2282.0,0.9087186569459689
73,RF,0.215,2287.0,0.9045116261267746
1071,RF,0.215,2287.0,0.9045116261267746
118,RF,0.214,2289.0,0.9003045953075803
880,RF,0.214,2289.0,0.9003045953075803
1049,RF,0.214,2289.0,0.9003045953075803
2324,RF,0.214,2289.0,0.9003045953075803
2636,RF,0.214,2289.0,0.9003045953075803
5,RF,0.213,2294.0,0.896097564488386
524,RF,0.213,2294.0,0.896097564488386
1265,RF,0.213,2294.0,0.896097564488386
2101,RF,0.213,2294.0,0.896097564488386
2129,RF,0.213,2294.0,0.896097564488386
2693,RF,0.213,2294.0,0.896097564488386
2735,RF,0.213,2294.0,0.896097564488386
2572,RF,0.212,2301.0,0.8918905336691917
1133,RF,0.211,2302.0,0.8876835028499974
1156,RF,0.211,2302.0,0.8876835028499974
1191,RF,0.211,2302.0,0.8876835028499974
1997,RF,0.211,2302.0,0.8876835028499974
2426,RF,0.211,2302.0,0.8876835028499974
542,RF,0.21,2307.0,0.883476472030803
461,RF,0.209,2308.0,0.8792694412116088
983,RF,0.209,2308.0,0.8792694412116088
2086,RF,0.209,2308.0,0.8792694412116088
92,RF,0.208,2311.0,0.8750624103924145
354,RF,0.208,2311.0,0.8750624103924145
737,RF,0.208,2311.0,0.8750624103924145
804,RF,0.208,2311.0,0.8750624103924145
1556,RF,0.208,2311.0,0.8750624103924145
2166,RF,0.208,2311.0,0.8750624103924145
2402,RF,0.208,2311.0,0.8750624103924145
1774,RF,0.207,2318.0,0.8708553795732201
1878,RF,0.207,2318.0,0.8708553795732201
2396,RF,0.207,2318.0,0.8708553795732201
123,RF,0.206,2321.0,0.8666483487540259
327,RF,0.206,2321.0,0.8666483487540259
1091,RF,0.206,2321.0,0.8666483487540259
2236,RF,0.206,2321.0,0.8666483487540259
2669,RF,0.206,2321.0,0.8666483487540259
2777,RF,0.206,2321.0,0.8666483487540259
440,RF,0.205,2327.0,0.8624413179348316
1236,RF,0.205,2327.0,0.8624413179348316
1615,RF,0.205,2327.0,0.8624413179348316
1831,RF,0.205,2327.0,0.8624413179348316
736,RF,0.204,2331.0,0.8582342871156372
808,RF,0.204,2331.0,0.8582342871156372
2155,RF,0.204,2331.0,0.8582342871156372
2579,RF,0.204,2331.0,0.8582342871156372
1376,RF,0.203,2335.0,0.854027256296443
1947,RF,0.203,2335.0,0.854027256296443
2174,RF,0.203,2335.0,0.854027256296443
2482,RF,0.203,2335.0,0.854027256296443
2573,RF,0.203,2335.0,0.854027256296443
591,RF,0.202,2340.0,0.8498202254772488
681,RF,0.202,2340.0,0.8498202254772488
1626,RF,0.202,2340.0,0.8498202254772488
2176,RF,0.202,2340.0,0.8498202254772488
2378,RF,0.202,2340.0,0.8498202254772488
2383,RF,0.202,2340.0,0.8498202254772488
2642,RF,0.202,2340.0,0.8498202254772488
2647,RF,0.202,2340.0,0.8498202254772488
2720,RF,0.202,2340.0,0.8498202254772488
480,RF,0.201,2349.0,0.8456131946580544
644,RF,0.201,2349.0,0.8456131946580544
1042,RF,0.201,2349.0,0.8456131946580544
1137,RF,0.201,2349.0,0.8456131946580544
2271,RF,0.201,2349.0,0.8456131946580544
2625,RF,0.201,2349.0,0.8456131946580544
2652,RF,0.201,2349.0,0.8456131946580544
16,RF,0.2,2356.0,0.8414061638388601
702,RF,0.2,2356.0,0.8414061638388601
1138,RF,0.2,2356.0,0.8414061638388601
1857,RF,0.2,2356.0,0.8414061638388601
1561,RF,0.199,2360.0,0.8371991330196659
1624,RF,0.199,2360.0,0.8371991330196659
2331,RF,0.199,2360.0,0.8371991330196659
2513,RF,0.199,2360.0,0.8371991330196659
359,RF,0.198,2364.0,0.8329921022004715
643,RF,0.198,2364.0,0.8329921022004715
645,RF,0.198,2364.0,0.8329921022004715
1703,RF,0.198,2364.0,0.8329921022004715
2342,RF,0.198,2364.0,0.8329921022004715
1132,RF,0.197,2369.0,0.8287850713812772
1294,RF,0.197,2369.0,0.8287850713812772
2083,RF,0.197,2369.0,0.8287850713812772
1928,RF,0.196,2372.0,0.824578040562083
2478,RF,0.196,2372.0,0.824578040562083
436,RF,0.195,2374.0,0.8203710097428886
576,RF,0.195,2374.0,0.8203710097428886
1446,RF,0.195,2374.0,0.8203710097428886
2218,RF,0.195,2374.0,0.8203710097428886
2362,RF,0.195,2374.0,0.8203710097428886
48,RF,0.194,2379.0,0.8161639789236943
592,RF,0.194,2379.0,0.8161639789236943
275,RF,0.193,2381.0,0.8119569481045
284,RF,0.192,2382.0,0.8077499172853057
1346,RF,0.192,2382.0,0.8077499172853057
1868,RF,0.192,2382.0,0.8077499172853057
1797,RF,0.191,2385.0,0.8035428864661114
2112,RF,0.191,2385.0,0.8035428864661114
915,RF,0.19,2387.0,0.7993358556469171
1319,RF,0.19,2387.0,0.7993358556469171
1327,RF,0.19,2387.0,0.7993358556469171
1498,RF,0.19,2387.0,0.7993358556469171
1870,RF,0.19,2387.0,0.7993358556469171
2565,RF,0.19,2387.0,0.7993358556469171
68,RF,0.189,2393.0,0.7951288248277228
217,RF,0.189,2393.0,0.7951288248277228
953,RF,0.189,2393.0,0.7951288248277228
2184,RF,0.189,2393.0,0.7951288248277228
1256,RF,0.188,2397.0,0.7909217940085285
1816,RF,0.188,2397.0,0.7909217940085285
1840,RF,0.188,2397.0,0.7909217940085285
2721,RF,0.188,2397.0,0.7909217940085285
987,RF,0.187,2401.0,0.7867147631893342
2095,RF,0.187,2401.0,0.7867147631893342
2143,RF,0.187,2401.0,0.7867147631893342
2521,RF,0.187,2401.0,0.7867147631893342
2555,RF,0.187,2401.0,0.7867147631893342
309,RF,0.186,2406.0,0.7825077323701399
1573,RF,0.186,2406.0,0.7825077323701399
2577,RF,0.185,2408.0,0.7783007015509456
2707,RF,0.185,2408.0,0.7783007015509456
2516,RF,0.184,2410.0,0.7740936707317513
2730,RF,0.184,2410.0,0.7740936707317513
2772,RF,0.184,2410.0,0.7740936707317513
13,RF,0.183,2413.0,0.769886639912557
49,RF,0.183,2413.0,0.769886639912557
215,RF,0.183,2413.0,0.769886639912557
789,RF,0.183,2413.0,0.769886639912557
870,RF,0.183,2413.0,0.769886639912557
2379,RF,0.183,2413.0,0.769886639912557
571,RF,0.182,2419.0,0.7656796090933626
724,RF,0.182,2419.0,0.7656796090933626
828,RF,0.182,2419.0,0.7656796090933626
1553,RF,0.182,2419.0,0.7656796090933626
2121,RF,0.182,2419.0,0.7656796090933626
2534,RF,0.182,2419.0,0.7656796090933626
2641,RF,0.182,2419.0,0.7656796090933626
1058,RF,0.18,2426.0,0.7572655474549741
368,RF,0.179,2427.0,0.7530585166357797
687,RF,0.179,2427.0,0.7530585166357797
992,RF,0.179,2427.0,0.7530585166357797
1362,RF,0.179,2427.0,0.7530585166357797
2061,RF,0.179,2427.0,0.7530585166357797
1259,RF,0.178,2432.0,0.7488514858165854
1463,RF,0.178,2432.0,0.7488514858165854
1687,RF,0.178,2432.0,0.7488514858165854
2417,RF,0.178,2432.0,0.7488514858165854
14,RF,0.177,2436.0,0.7446444549973912
550,RF,0.177,2436.0,0.7446444549973912
760,RF,0.177,2436.0,0.7446444549973912
1177,RF,0.177,2436.0,0.7446444549973912
1299,RF,0.177,2436.0,0.7446444549973912
2267,RF,0.177,2436.0,0.7446444549973912
882,RF,0.176,2442.0,0.7404374241781968
1057,RF,0.176,2442.0,0.7404374241781968
1827,RF,0.176,2442.0,0.7404374241781968
2109,RF,0.176,2442.0,0.7404374241781968
2558,RF,0.176,2442.0,0.7404374241781968
875,RF,0.175,2447.0,0.7362303933590025
1099,RF,0.175,2447.0,0.7362303933590025
1812,RF,0.175,2447.0,0.7362303933590025
2317,RF,0.175,2447.0,0.7362303933590025
1851,RF,0.174,2451.0,0.7320233625398083
2127,RF,0.174,2451.0,0.7320233625398083
2687,RF,0.174,2451.0,0.7320233625398083
1357,RF,0.173,2454.0,0.7278163317206139
1987,RF,0.173,2454.0,0.7278163317206139
2349,RF,0.173,2454.0,0.7278163317206139
842,RF,0.172,2457.0,0.7236093009014196
2285,RF,0.172,2457.0,0.7236093009014196
2449,RF,0.172,2457.0,0.7236093009014196
2502,RF,0.172,2457.0,0.7236093009014196
1464,RF,0.171,2461.0,0.7194022700822255
1988,RF,0.171,2461.0,0.7194022700822255
2626,RF,0.171,2461.0,0.7194022700822255
191,RF,0.17,2464.0,0.7151952392630311
2550,RF,0.17,2464.0,0.7151952392630311
1336,RF,0.168,2466.0,0.7067811776246425
430,RF,0.167,2467.0,0.7025741468054482
604,RF,0.167,2467.0,0.7025741468054482
764,RF,0.167,2467.0,0.7025741468054482
796,RF,0.167,2467.0,0.7025741468054482
2493,RF,0.167,2467.0,0.7025741468054482
2510,RF,0.167,2467.0,0.7025741468054482
231,RF,0.166,2473.0,0.6983671159862539
331,RF,0.166,2473.0,0.6983671159862539
1471,RF,0.166,2473.0,0.6983671159862539
1848,RF,0.166,2473.0,0.6983671159862539
242,RF,0.165,2477.0,0.6941600851670596
375,RF,0.165,2477.0,0.6941600851670596
652,RF,0.165,2477.0,0.6941600851670596
1683,RF,0.164,2480.0,0.6899530543478654
2603,RF,0.164,2480.0,0.6899530543478654
152,RF,0.163,2482.0,0.685746023528671
510,RF,0.163,2482.0,0.685746023528671
2071,RF,0.163,2482.0,0.685746023528671
2328,RF,0.163,2482.0,0.685746023528671
50,RF,0.162,2486.0,0.6815389927094767
641,RF,0.162,2486.0,0.6815389927094767
1509,RF,0.162,2486.0,0.6815389927094767
2050,RF,0.162,2486.0,0.6815389927094767
2139,RF,0.162,2486.0,0.6815389927094767
106,RF,0.161,2491.0,0.6773319618902824
181,RF,0.161,2491.0,0.6773319618902824
207,RF,0.161,2491.0,0.6773319618902824
751,RF,0.161,2491.0,0.6773319618902824
1024,RF,0.161,2491.0,0.6773319618902824
2046,RF,0.161,2491.0,0.6773319618902824
2208,RF,0.161,2491.0,0.6773319618902824
2559,RF,0.161,2491.0,0.6773319618902824
1676,RF,0.16,2499.0,0.6731249310710881
1765,RF,0.16,2499.0,0.6731249310710881
2303,RF,0.16,2499.0,0.6731249310710881
2345,RF,0.16,2499.0,0.6731249310710881
2385,RF,0.16,2499.0,0.6731249310710881
1727,RF,0.159,2504.0,0.6689179002518938
2499,RF,0.159,2504.0,0.6689179002518938
83,RF,0.158,2506.0,0.6647108694326995
190,RF,0.158,2506.0,0.6647108694326995
1525,RF,0.158,2506.0,0.6647108694326995
1527,RF,0.158,2506.0,0.6647108694326995
1842,RF,0.158,2506.0,0.6647108694326995
1889,RF,0.158,2506.0,0.6647108694326995
2589,RF,0.158,2506.0,0.6647108694326995
1505,RF,0.157,2513.0,0.6605038386135051
2193,RF,0.157,2513.0,0.6605038386135051
329,RF,0.156,2515.0,0.6562968077943109
848,RF,0.156,2515.0,0.6562968077943109
2072,RF,0.156,2515.0,0.6562968077943109
2124,RF,0.156,2515.0,0.6562968077943109
949,RF,0.155,2519.0,0.6520897769751166
1003,RF,0.155,2519.0,0.6520897769751166
1424,RF,0.154,2521.0,0.6478827461559222
1737,RF,0.154,2521.0,0.6478827461559222
1936,RF,0.154,2521.0,0.6478827461559222
723,RF,0.153,2524.0,0.643675715336728
1134,RF,0.153,2524.0,0.643675715336728
1886,RF,0.153,2524.0,0.643675715336728
2239,RF,0.153,2524.0,0.643675715336728
982,RF,0.152,2528.0,0.6394686845175337
1234,RF,0.152,2528.0,0.6394686845175337
1520,RF,0.152,2528.0,0.6394686845175337
2197,RF,0.152,2528.0,0.6394686845175337
2433,RF,0.152,2528.0,0.6394686845175337
2535,RF,0.152,2528.0,0.6394686845175337
584,RF,0.151,2534.0,0.6352616536983393
1598,RF,0.151,2534.0,0.6352616536983393
2666,RF,0.151,2534.0,0.6352616536983393
910,RF,0.15,2537.0,0.631054622879145
1161,RF,0.15,2537.0,0.631054622879145
1287,RF,0.15,2537.0,0.631054622879145
1836,RF,0.15,2537.0,0.631054622879145
2126,RF,0.15,2537.0,0.631054622879145
2202,RF,0.15,2537.0,0.631054622879145
88,RF,0.149,2543.0,0.6268475920599508
1915,RF,0.149,2543.0,0.6268475920599508
2283,RF,0.149,2543.0,0.6268475920599508
120,RF,0.148,2546.0,0.6226405612407564
200,RF,0.148,2546.0,0.6226405612407564
475,RF,0.148,2546.0,0.6226405612407564
1289,RF,0.148,2546.0,0.6226405612407564
1636,RF,0.148,2546.0,0.6226405612407564
140,RF,0.147,2551.0,0.6184335304215621
791,RF,0.147,2551.0,0.6184335304215621
1086,RF,0.147,2551.0,0.6184335304215621
1162,RF,0.147,2551.0,0.6184335304215621
1679,RF,0.147,2551.0,0.6184335304215621
2414,RF,0.147,2551.0,0.6184335304215621
103,RF,0.146,2557.0,0.6142264996023679
361,RF,0.146,2557.0,0.6142264996023679
642,RF,0.146,2557.0,0.6142264996023679
1515,RF,0.146,2557.0,0.6142264996023679
274,RF,0.145,2561.0,0.6100194687831735
1000,RF,0.145,2561.0,0.6100194687831735
1075,RF,0.145,2561.0,0.6100194687831735
1381,RF,0.145,2561.0,0.6100194687831735
1850,RF,0.145,2561.0,0.6100194687831735
2207,RF,0.145,2561.0,0.6100194687831735
2219,RF,0.145,2561.0,0.6100194687831735
2465,RF,0.145,2561.0,0.6100194687831735
779,RF,0.144,2569.0,0.6058124379639792
1410,RF,0.144,2569.0,0.6058124379639792
1732,RF,0.144,2569.0,0.6058124379639792
2498,RF,0.144,2569.0,0.6058124379639792
2734,RF,0.144,2569.0,0.6058124379639792
693,RF,0.143,2574.0,0.6016054071447849
854,RF,0.143,2574.0,0.6016054071447849
1030,RF,0.143,2574.0,0.6016054071447849
1465,RF,0.143,2574.0,0.6016054071447849
2413,RF,0.143,2574.0,0.6016054071447849
134,RF,0.142,2579.0,0.5973983763255906
928,RF,0.142,2579.0,0.5973983763255906
929,RF,0.142,2579.0,0.5973983763255906
1187,RF,0.142,2579.0,0.5973983763255906
1335,RF,0.142,2579.0,0.5973983763255906
1398,RF,0.142,2579.0,0.5973983763255906
1726,RF,0.142,2579.0,0.5973983763255906
2165,RF,0.142,2579.0,0.5973983763255906
2192,RF,0.142,2579.0,0.5973983763255906
2343,RF,0.142,2579.0,0.5973983763255906
984,RF,0.141,2589.0,0.5931913455063963
1595,RF,0.141,2589.0,0.5931913455063963
1671,RF,0.141,2589.0,0.5931913455063963
2190,RF,0.141,2589.0,0.5931913455063963
2671,RF,0.141,2589.0,0.5931913455063963
30,RF,0.14,2594.0,0.5889843146872021
919,RF,0.14,2594.0,0.5889843146872021
1578,RF,0.14,2594.0,0.5889843146872021
1718,RF,0.14,2594.0,0.5889843146872021
1821,RF,0.14,2594.0,0.5889843146872021
1916,RF,0.14,2594.0,0.5889843146872021
2011,RF,0.14,2594.0,0.5889843146872021
2272,RF,0.14,2594.0,0.5889843146872021
2423,RF,0.14,2594.0,0.5889843146872021
380,RF,0.139,2603.0,0.5847772838680079
941,RF,0.139,2603.0,0.5847772838680079
1038,RF,0.139,2603.0,0.5847772838680079
2270,RF,0.139,2603.0,0.5847772838680079
2438,RF,0.139,2603.0,0.5847772838680079
2732,RF,0.139,2603.0,0.5847772838680079
336,RF,0.138,2609.0,0.5805702530488135
1054,RF,0.138,2609.0,0.5805702530488135
1714,RF,0.138,2609.0,0.5805702530488135
2094,RF,0.138,2609.0,0.5805702530488135
2304,RF,0.138,2609.0,0.5805702530488135
2557,RF,0.138,2609.0,0.5805702530488135
2587,RF,0.138,2609.0,0.5805702530488135
472,RF,0.137,2616.0,0.5763632222296192
558,RF,0.137,2616.0,0.5763632222296192
720,RF,0.137,2616.0,0.5763632222296192
1984,RF,0.137,2616.0,0.5763632222296192
2382,RF,0.137,2616.0,0.5763632222296192
2738,RF,0.137,2616.0,0.5763632222296192
108,RF,0.136,2622.0,0.572156191410425
1206,RF,0.136,2622.0,0.572156191410425
1227,RF,0.136,2622.0,0.572156191410425
2146,RF,0.136,2622.0,0.572156191410425
2263,RF,0.136,2622.0,0.572156191410425
315,RF,0.135,2627.0,0.5679491605912306
838,RF,0.135,2627.0,0.5679491605912306
2606,RF,0.135,2627.0,0.5679491605912306
1307,RF,0.134,2630.0,0.5637421297720363
1804,RF,0.134,2630.0,0.5637421297720363
1823,RF,0.134,2630.0,0.5637421297720363
2596,RF,0.134,2630.0,0.5637421297720363
72,RF,0.133,2634.0,0.559535098952842
479,RF,0.133,2634.0,0.559535098952842
631,RF,0.133,2634.0,0.559535098952842
985,RF,0.133,2634.0,0.559535098952842
1379,RF,0.133,2634.0,0.559535098952842
1745,RF,0.133,2634.0,0.559535098952842
1801,RF,0.133,2634.0,0.559535098952842
290,RF,0.132,2641.0,0.5553280681336477
887,RF,0.132,2641.0,0.5553280681336477
921,RF,0.132,2641.0,0.5553280681336477
1485,RF,0.132,2641.0,0.5553280681336477
1735,RF,0.132,2641.0,0.5553280681336477
1750,RF,0.132,2641.0,0.5553280681336477
2653,RF,0.132,2641.0,0.5553280681336477
884,RF,0.131,2648.0,0.5511210373144534
930,RF,0.131,2648.0,0.5511210373144534
939,RF,0.131,2648.0,0.5511210373144534
2308,RF,0.131,2648.0,0.5511210373144534
2,RF,0.13,2652.0,0.5469140064952591
313,RF,0.13,2652.0,0.5469140064952591
317,RF,0.13,2652.0,0.5469140064952591
504,RF,0.13,2652.0,0.5469140064952591
948,RF,0.13,2652.0,0.5469140064952591
1580,RF,0.13,2652.0,0.5469140064952591
67,RF,0.129,2658.0,0.5427069756760647
273,RF,0.129,2658.0,0.5427069756760647
1064,RF,0.129,2658.0,0.5427069756760647
1906,RF,0.129,2658.0,0.5427069756760647
2297,RF,0.129,2658.0,0.5427069756760647
2340,RF,0.129,2658.0,0.5427069756760647
158,RF,0.128,2664.0,0.5384999448568705
1902,RF,0.128,2664.0,0.5384999448568705
2664,RF,0.128,2664.0,0.5384999448568705
243,RF,0.127,2667.0,0.5342929140376762
802,RF,0.127,2667.0,0.5342929140376762
868,RF,0.127,2667.0,0.5342929140376762
1095,RF,0.127,2667.0,0.5342929140376762
1991,RF,0.127,2667.0,0.5342929140376762
2352,RF,0.127,2667.0,0.5342929140376762
1741,RF,0.126,2673.0,0.5300858832184818
1859,RF,0.126,2673.0,0.5300858832184818
758,RF,0.125,2675.0,0.5258788523992876
1350,RF,0.125,2675.0,0.5258788523992876
1641,RF,0.125,2675.0,0.5258788523992876
1817,RF,0.125,2675.0,0.5258788523992876
1941,RF,0.125,2675.0,0.5258788523992876
2492,RF,0.125,2675.0,0.5258788523992876
465,RF,0.124,2681.0,0.5216718215800933
1282,RF,0.124,2681.0,0.5216718215800933
2320,RF,0.124,2681.0,0.5216718215800933
121,RF,0.123,2684.0,0.5174647907608989
632,RF,0.123,2684.0,0.5174647907608989
1487,RF,0.123,2684.0,0.5174647907608989
1632,RF,0.123,2684.0,0.5174647907608989
2685,RF,0.123,2684.0,0.5174647907608989
614,RF,0.122,2689.0,0.5132577599417046
1249,RF,0.122,2689.0,0.5132577599417046
1917,RF,0.122,2689.0,0.5132577599417046
2310,RF,0.122,2689.0,0.5132577599417046
2753,RF,0.122,2689.0,0.5132577599417046
28,RF,0.121,2694.0,0.5090507291225104
54,RF,0.121,2694.0,0.5090507291225104
291,RF,0.121,2694.0,0.5090507291225104
551,RF,0.121,2694.0,0.5090507291225104
1373,RF,0.121,2694.0,0.5090507291225104
2280,RF,0.121,2694.0,0.5090507291225104
36,RF,0.12,2700.0,0.504843698303316
322,RF,0.12,2700.0,0.504843698303316
2429,RF,0.12,2700.0,0.504843698303316
2663,RF,0.12,2700.0,0.504843698303316
579,RF,0.119,2704.0,0.5006366674841217
627,RF,0.119,2704.0,0.5006366674841217
634,RF,0.119,2704.0,0.5006366674841217
793,RF,0.119,2704.0,0.5006366674841217
1322,RF,0.119,2704.0,0.5006366674841217
2694,RF,0.119,2704.0,0.5006366674841217
1310,RF,0.118,2710.0,0.49642963666492745
1399,RF,0.118,2710.0,0.49642963666492745
2062,RF,0.118,2710.0,0.49642963666492745
2768,RF,0.118,2710.0,0.49642963666492745
20,RF,0.117,2714.0,0.4922226058457332
383,RF,0.117,2714.0,0.4922226058457332
1016,RF,0.117,2714.0,0.4922226058457332
1810,RF,0.116,2717.0,0.48801557502653886
434,RF,0.115,2718.0,0.4838085442073446
520,RF,0.115,2718.0,0.4838085442073446
912,RF,0.115,2718.0,0.4838085442073446
1077,RF,0.115,2718.0,0.4838085442073446
1232,RF,0.115,2718.0,0.4838085442073446
841,RF,0.114,2723.0,0.47960151338815027
1139,RF,0.114,2723.0,0.47960151338815027
252,RF,0.113,2725.0,0.47539448256895595
894,RF,0.113,2725.0,0.47539448256895595
993,RF,0.113,2725.0,0.47539448256895595
1116,RF,0.113,2725.0,0.47539448256895595
136,RF,0.112,2729.0,0.4711874517497617
285,RF,0.112,2729.0,0.4711874517497617
2500,RF,0.112,2729.0,0.4711874517497617
439,RF,0.111,2732.0,0.46698042093056735
1713,RF,0.111,2732.0,0.46698042093056735
2563,RF,0.111,2732.0,0.46698042093056735
1036,RF,0.11,2735.0,0.46277339011137303
1198,RF,0.11,2735.0,0.46277339011137303
1603,RF,0.109,2737.0,0.45856635929217876
2064,RF,0.109,2737.0,0.45856635929217876
2336,RF,0.109,2737.0,0.45856635929217876
2536,RF,0.109,2737.0,0.45856635929217876
515,RF,0.108,2741.0,0.45435932847298444
726,RF,0.108,2741.0,0.45435932847298444
903,RF,0.107,2743.0,0.45015229765379017
1063,RF,0.107,2743.0,0.45015229765379017
1245,RF,0.107,2743.0,0.45015229765379017
1479,RF,0.107,2743.0,0.45015229765379017
1642,RF,0.107,2743.0,0.45015229765379017
2009,RF,0.107,2743.0,0.45015229765379017
2134,RF,0.107,2743.0,0.45015229765379017
2560,RF,0.107,2743.0,0.45015229765379017
595,RF,0.106,2751.0,0.44594526683459584
1104,RF,0.105,2752.0,0.4417382360154015
218,RF,0.104,2753.0,0.43753120519620725
254,RF,0.104,2753.0,0.43753120519620725
936,RF,0.104,2753.0,0.43753120519620725
1324,RF,0.104,2753.0,0.43753120519620725
154,RF,0.103,2757.0,0.4333241743770129
663,RF,0.103,2757.0,0.4333241743770129
1247,RF,0.103,2757.0,0.4333241743770129
1619,RF,0.103,2757.0,0.4333241743770129
1760,RF,0.103,2757.0,0.4333241743770129
1002,RF,0.101,2762.0,0.4249101127386244
1348,RF,0.101,2762.0,0.4249101127386244
1429,RF,0.1,2764.0,0.42070308191943007
2198,RF,0.1,2764.0,0.42070308191943007
2604,RF,0.1,2764.0,0.42070308191943007
692,RF,0.099,2767.0,0.41649605110023574
1197,RF,0.098,2768.0,0.4122890202810415
1617,RF,0.098,2768.0,0.4122890202810415
2477,RF,0.098,2768.0,0.4122890202810415
2645,RF,0.098,2768.0,0.4122890202810415
144,RF,0.096,2772.0,0.4038749586426528
2520,RF,0.095,2773.0,0.39966792782345856
229,RF,0.092,2774.0,0.38704683536587564
1638,RF,0.092,2774.0,0.38704683536587564
1667,RF,0.09,2776.0,0.37863277372748705
1159,RF,0.089,2777.0,0.3744257429082927
1901,RF,0.082,2778.0,0.3449765271739327
570,BRT,1.769,1.0,8.507758466301643
2029,BRT,1.725,2.0,8.296146610723763
129,BRT,1.508,3.0,7.252515413896484
2583,BRT,1.382,4.0,6.646536009287096
2177,BRT,1.338,5.0,6.434924153709215
2648,BRT,1.306,6.0,6.281024622379847
2266,BRT,1.296,7.0,6.232931018839419
923,BRT,1.272,8.0,6.117506370342393
220,BRT,1.249,9.0,6.0068910821994095
476,BRT,1.189,10.0,5.718329460956843
527,BRT,1.174,11.0,5.646189055646201
2609,BRT,1.168,12.0,5.617332893521945
904,BRT,1.152,13.0,5.54038312785726
959,BRT,1.144,14.0,5.501908245024919
979,BRT,1.119,15.0,5.38167423617385
35,BRT,1.101,16.0,5.29510574980108
1255,BRT,1.101,16.0,5.29510574980108
32,BRT,1.099,18.0,5.2854870290929945
2731,BRT,1.082,19.0,5.2037279030742685
2110,BRT,1.068,20.0,5.13639685811767
318,BRT,1.054,21.0,5.069065813161071
1025,BRT,1.053,22.0,5.064256452807028
1692,BRT,1.04,23.0,5.0017347682044715
1837,BRT,1.04,23.0,5.0017347682044715
1597,BRT,1.026,25.0,4.934403723247873
2004,BRT,1.013,26.0,4.8718820386453165
2054,BRT,1.001,27.0,4.814169714396804
2455,BRT,1.001,27.0,4.814169714396804
1020,BRT,1.0,29.0,4.809360354042761
2047,BRT,0.995,30.0,4.785313552272547
561,BRT,0.989,31.0,4.756457390148291
214,BRT,0.986,32.0,4.7420293090861625
51,BRT,0.981,33.0,4.7179825073159485
761,BRT,0.968,34.0,4.655460822713393
1931,BRT,0.968,34.0,4.655460822713393
2084,BRT,0.965,36.0,4.641032741651265
2689,BRT,0.964,37.0,4.636223381297222
539,BRT,0.963,38.0,4.631414020943179
2659,BRT,0.952,39.0,4.578511057048709
2432,BRT,0.949,40.0,4.56408297598658
1549,BRT,0.945,41.0,4.544845534570409
1475,BRT,0.944,42.0,4.540036174216366
900,BRT,0.943,43.0,4.535226813862324
75,BRT,0.941,44.0,4.525608093154238
955,BRT,0.94,45.0,4.520798732800196
1345,BRT,0.939,46.0,4.515989372446152
351,BRT,0.936,47.0,4.501561291384025
2284,BRT,0.935,48.0,4.496751931029982
2052,BRT,0.932,49.0,4.4823238499678535
1960,BRT,0.927,50.0,4.45827704819764
2275,BRT,0.927,50.0,4.45827704819764
117,BRT,0.925,52.0,4.448658327489555
2724,BRT,0.924,53.0,4.443848967135511
1129,BRT,0.922,54.0,4.434230246427426
1419,BRT,0.921,55.0,4.429420886073383
2542,BRT,0.919,56.0,4.419802165365298
294,BRT,0.917,57.0,4.410183444657212
1354,BRT,0.917,57.0,4.410183444657212
1910,BRT,0.916,59.0,4.40537408430317
1879,BRT,0.913,60.0,4.390946003241042
377,BRT,0.899,61.0,4.323614958284442
1250,BRT,0.899,61.0,4.323614958284442
1748,BRT,0.894,63.0,4.299568156514229
2085,BRT,0.894,63.0,4.299568156514229
2578,BRT,0.893,65.0,4.294758796160186
825,BRT,0.888,66.0,4.2707119943899725
244,BRT,0.885,67.0,4.256283913327843
1121,BRT,0.882,68.0,4.241855832265715
1437,BRT,0.876,69.0,4.212999670141459
194,BRT,0.873,70.0,4.1985715890793305
93,BRT,0.871,71.0,4.188952868371245
193,BRT,0.871,71.0,4.188952868371245
2158,BRT,0.871,71.0,4.188952868371245
2023,BRT,0.869,74.0,4.17933414766316
740,BRT,0.866,75.0,4.164906066601032
2130,BRT,0.866,75.0,4.164906066601032
2159,BRT,0.86,77.0,4.136049904476774
695,BRT,0.855,78.0,4.112003102706561
861,BRT,0.852,79.0,4.097575021644433
2255,BRT,0.848,80.0,4.078337580228261
2164,BRT,0.847,81.0,4.073528219874219
1040,BRT,0.846,82.0,4.0687188595201755
1118,BRT,0.846,82.0,4.0687188595201755
1369,BRT,0.846,82.0,4.0687188595201755
44,BRT,0.838,85.0,4.030243976687834
1114,BRT,0.838,85.0,4.030243976687834
1090,BRT,0.837,87.0,4.025434616333791
1824,BRT,0.837,87.0,4.025434616333791
2010,BRT,0.837,87.0,4.025434616333791
1856,BRT,0.835,90.0,4.015815895625706
1439,BRT,0.834,91.0,4.011006535271663
2225,BRT,0.832,92.0,4.001387814563577
1140,BRT,0.83,93.0,3.9917690938554915
39,BRT,0.828,94.0,3.982150373147406
1945,BRT,0.826,95.0,3.972531652439321
405,BRT,0.825,96.0,3.967722292085278
2305,BRT,0.825,96.0,3.967722292085278
1411,BRT,0.821,98.0,3.948484850669107
2561,BRT,0.82,99.0,3.943675490315064
1321,BRT,0.819,100.0,3.9388661299610215
358,BRT,0.815,101.0,3.9196286885448504
1277,BRT,0.815,101.0,3.9196286885448504
1503,BRT,0.815,101.0,3.9196286885448504
2633,BRT,0.815,101.0,3.9196286885448504
1749,BRT,0.814,105.0,3.9148193281908075
1096,BRT,0.813,106.0,3.9100099678367646
951,BRT,0.811,107.0,3.9003912471286797
2673,BRT,0.809,108.0,3.8907725264205943
797,BRT,0.808,109.0,3.8859631660665515
874,BRT,0.808,109.0,3.8859631660665515
1220,BRT,0.808,109.0,3.8859631660665515
2339,BRT,0.806,112.0,3.8763444453584657
878,BRT,0.805,113.0,3.8715350850044232
2076,BRT,0.804,114.0,3.8667257246503803
2469,BRT,0.794,115.0,3.8186321211099528
2152,BRT,0.793,116.0,3.81382276075591
996,BRT,0.791,117.0,3.8042040400478245
1922,BRT,0.791,117.0,3.8042040400478245
601,BRT,0.789,119.0,3.7945853193397387
1754,BRT,0.789,119.0,3.7945853193397387
2599,BRT,0.789,119.0,3.7945853193397387
292,BRT,0.788,122.0,3.789775958985696
429,BRT,0.788,122.0,3.789775958985696
408,BRT,0.787,124.0,3.7849665986316534
885,BRT,0.787,124.0,3.7849665986316534
917,BRT,0.785,126.0,3.7753478779235676
1361,BRT,0.785,126.0,3.7753478779235676
2281,BRT,0.785,126.0,3.7753478779235676
149,BRT,0.784,129.0,3.770538517569525
262,BRT,0.783,130.0,3.7657291572154823
2117,BRT,0.783,130.0,3.7657291572154823
2212,BRT,0.782,132.0,3.7609197968614394
877,BRT,0.781,133.0,3.7561104365073965
1382,BRT,0.781,133.0,3.7561104365073965
1105,BRT,0.779,135.0,3.746491715799311
2612,BRT,0.778,136.0,3.7416823554452683
850,BRT,0.777,137.0,3.736872995091226
59,BRT,0.775,138.0,3.72725427438314
970,BRT,0.773,139.0,3.7176355536750547
1815,BRT,0.773,139.0,3.7176355536750547
964,BRT,0.772,141.0,3.712826193321012
2295,BRT,0.77,142.0,3.7032074726129265
2063,BRT,0.769,143.0,3.6983981122588836
2290,BRT,0.766,144.0,3.6839700311967554
100,BRT,0.765,145.0,3.6791606708427125
2318,BRT,0.765,145.0,3.6791606708427125
1271,BRT,0.764,147.0,3.6743513104886696
2490,BRT,0.764,147.0,3.6743513104886696
2566,BRT,0.763,149.0,3.669541950134627
1779,BRT,0.761,150.0,3.6599232294265414
925,BRT,0.759,151.0,3.650304508718456
968,BRT,0.759,151.0,3.650304508718456
2538,BRT,0.758,153.0,3.645495148364413
748,BRT,0.756,154.0,3.635876427656328
1502,BRT,0.754,155.0,3.626257706948242
1639,BRT,0.75,156.0,3.607020265532071
485,BRT,0.749,157.0,3.602210905178028
1756,BRT,0.749,157.0,3.602210905178028
2501,BRT,0.747,159.0,3.5925921844699427
1488,BRT,0.746,160.0,3.5877828241158998
2037,BRT,0.743,161.0,3.5733547430537715
1825,BRT,0.742,162.0,3.5685453826997287
821,BRT,0.738,163.0,3.549307941283558
1861,BRT,0.738,163.0,3.549307941283558
1355,BRT,0.737,165.0,3.544498580929515
387,BRT,0.736,166.0,3.539689220575472
411,BRT,0.736,166.0,3.539689220575472
1243,BRT,0.736,166.0,3.539689220575472
650,BRT,0.735,169.0,3.5348798602214293
2475,BRT,0.735,169.0,3.5348798602214293
2705,BRT,0.734,171.0,3.530070499867387
1459,BRT,0.733,172.0,3.525261139513344
569,BRT,0.732,173.0,3.520451779159301
1233,BRT,0.731,174.0,3.5156424188052586
2644,BRT,0.731,174.0,3.5156424188052586
2576,BRT,0.729,176.0,3.506023698097173
74,BRT,0.726,177.0,3.4915956170350446
507,BRT,0.726,177.0,3.4915956170350446
2309,BRT,0.726,177.0,3.4915956170350446
2404,BRT,0.725,180.0,3.4867862566810017
546,BRT,0.724,181.0,3.4819768963269593
2525,BRT,0.724,181.0,3.4819768963269593
392,BRT,0.721,183.0,3.4675488152648306
1670,BRT,0.721,183.0,3.4675488152648306
486,BRT,0.719,185.0,3.4579300945567453
700,BRT,0.716,186.0,3.443502013494617
1530,BRT,0.715,187.0,3.438692653140574
933,BRT,0.714,188.0,3.4338832927865313
1559,BRT,0.714,188.0,3.4338832927865313
1689,BRT,0.713,190.0,3.429073932432489
403,BRT,0.711,191.0,3.419455211724403
1158,BRT,0.711,191.0,3.419455211724403
1953,BRT,0.711,191.0,3.419455211724403
2430,BRT,0.711,191.0,3.419455211724403
2552,BRT,0.711,191.0,3.419455211724403
1192,BRT,0.71,196.0,3.41464585137036
2704,BRT,0.71,196.0,3.41464585137036
775,BRT,0.709,198.0,3.4098364910163177
1669,BRT,0.709,198.0,3.4098364910163177
2209,BRT,0.709,198.0,3.4098364910163177
1033,BRT,0.708,201.0,3.405027130662275
156,BRT,0.707,202.0,3.400217770308232
2319,BRT,0.707,202.0,3.400217770308232
965,BRT,0.706,204.0,3.3954084099541895
1972,BRT,0.705,205.0,3.3905990496001466
2515,BRT,0.705,205.0,3.3905990496001466
674,BRT,0.704,207.0,3.3857896892461037
1526,BRT,0.703,208.0,3.380980328892061
2389,BRT,0.703,208.0,3.380980328892061
818,BRT,0.702,210.0,3.3761709685380183
1661,BRT,0.702,210.0,3.3761709685380183
1716,BRT,0.702,210.0,3.3761709685380183
2422,BRT,0.701,213.0,3.3713616081839755
623,BRT,0.7,214.0,3.3665522478299326
287,BRT,0.699,215.0,3.36174288747589
940,BRT,0.699,215.0,3.36174288747589
1885,BRT,0.697,217.0,3.3521241667678043
2600,BRT,0.697,217.0,3.3521241667678043
1026,BRT,0.696,219.0,3.3473148064137614
998,BRT,0.695,220.0,3.342505446059719
1778,BRT,0.695,220.0,3.342505446059719
2132,BRT,0.695,220.0,3.342505446059719
1607,BRT,0.693,223.0,3.332886725351633
1623,BRT,0.693,223.0,3.332886725351633
1688,BRT,0.693,223.0,3.332886725351633
879,BRT,0.691,226.0,3.323268004643548
2092,BRT,0.691,226.0,3.323268004643548
293,BRT,0.689,228.0,3.313649283935462
82,BRT,0.688,229.0,3.3088399235814197
132,BRT,0.688,229.0,3.3088399235814197
997,BRT,0.688,229.0,3.3088399235814197
1018,BRT,0.688,229.0,3.3088399235814197
484,BRT,0.687,233.0,3.304030563227377
1312,BRT,0.686,234.0,3.2992212028733343
1518,BRT,0.686,234.0,3.2992212028733343
1640,BRT,0.686,234.0,3.2992212028733343
410,BRT,0.684,237.0,3.289602482165249
581,BRT,0.683,238.0,3.284793121811206
2585,BRT,0.683,238.0,3.284793121811206
2776,BRT,0.683,238.0,3.284793121811206
1808,BRT,0.682,241.0,3.2799837614571636
69,BRT,0.681,242.0,3.2751744011031207
1436,BRT,0.681,242.0,3.2751744011031207
302,BRT,0.68,244.0,3.270365040749078
1572,BRT,0.68,244.0,3.270365040749078
2401,BRT,0.678,246.0,3.2607463200409925
131,BRT,0.677,247.0,3.2559369596869496
2149,BRT,0.677,247.0,3.2559369596869496
2261,BRT,0.676,249.0,3.2511275993329067
2411,BRT,0.676,249.0,3.2511275993329067
823,BRT,0.675,251.0,3.2463182389788643
2274,BRT,0.675,251.0,3.2463182389788643
1686,BRT,0.673,253.0,3.2366995182707785
1048,BRT,0.672,254.0,3.2318901579167356
1543,BRT,0.672,254.0,3.2318901579167356
1305,BRT,0.671,256.0,3.227080797562693
2179,BRT,0.671,256.0,3.227080797562693
170,BRT,0.669,258.0,3.2174620768546074
2651,BRT,0.669,258.0,3.2174620768546074
1356,BRT,0.668,260.0,3.212652716500565
1929,BRT,0.668,260.0,3.212652716500565
2249,BRT,0.668,260.0,3.212652716500565
463,BRT,0.666,263.0,3.203033995792479
2273,BRT,0.666,263.0,3.203033995792479
2344,BRT,0.666,263.0,3.203033995792479
836,BRT,0.665,266.0,3.1982246354384363
837,BRT,0.665,266.0,3.1982246354384363
1252,BRT,0.665,266.0,3.1982246354384363
1263,BRT,0.665,266.0,3.1982246354384363
1905,BRT,0.665,266.0,3.1982246354384363
2213,BRT,0.665,266.0,3.1982246354384363
1360,BRT,0.664,272.0,3.193415275084394
2347,BRT,0.664,272.0,3.193415275084394
1009,BRT,0.663,274.0,3.188605914730351
2259,BRT,0.663,274.0,3.188605914730351
1644,BRT,0.661,276.0,3.1789871940222656
2199,BRT,0.661,276.0,3.1789871940222656
2359,BRT,0.661,276.0,3.1789871940222656
1476,BRT,0.66,279.0,3.1741778336682227
2680,BRT,0.66,279.0,3.1741778336682227
1637,BRT,0.659,281.0,3.16936847331418
1693,BRT,0.659,281.0,3.16936847331418
586,BRT,0.658,283.0,3.164559112960137
978,BRT,0.658,283.0,3.164559112960137
1107,BRT,0.657,285.0,3.1597497526060945
1135,BRT,0.657,285.0,3.1597497526060945
1791,BRT,0.657,285.0,3.1597497526060945
2183,BRT,0.657,285.0,3.1597497526060945
696,BRT,0.656,289.0,3.1549403922520516
483,BRT,0.654,290.0,3.145321671543966
2356,BRT,0.654,290.0,3.145321671543966
672,BRT,0.653,292.0,3.1405123111899234
2434,BRT,0.653,292.0,3.1405123111899234
529,BRT,0.651,294.0,3.1308935904818376
1585,BRT,0.651,294.0,3.1308935904818376
1841,BRT,0.651,294.0,3.1308935904818376
188,BRT,0.65,297.0,3.126084230127795
552,BRT,0.65,297.0,3.126084230127795
657,BRT,0.649,299.0,3.1212748697737522
371,BRT,0.648,300.0,3.1164655094197093
995,BRT,0.646,301.0,3.106846788711624
212,BRT,0.645,302.0,3.102037428357581
1184,BRT,0.645,302.0,3.102037428357581
1847,BRT,0.645,302.0,3.102037428357581
1604,BRT,0.644,305.0,3.0972280680035382
402,BRT,0.642,306.0,3.087609347295453
827,BRT,0.64,307.0,3.077990626587367
2160,BRT,0.639,308.0,3.0731812662333247
1958,BRT,0.637,309.0,3.063562545525239
1697,BRT,0.636,310.0,3.0587531851711964
1522,BRT,0.635,311.0,3.0539438248171535
1999,BRT,0.635,311.0,3.0539438248171535
2739,BRT,0.635,311.0,3.0539438248171535
1212,BRT,0.634,314.0,3.0491344644631106
2544,BRT,0.633,315.0,3.0443251041090678
2546,BRT,0.633,315.0,3.0443251041090678
12,BRT,0.632,317.0,3.0395157437550253
300,BRT,0.632,317.0,3.0395157437550253
958,BRT,0.629,319.0,3.025087662692897
2511,BRT,0.629,319.0,3.025087662692897
843,BRT,0.628,321.0,3.020278302338854
1565,BRT,0.628,321.0,3.020278302338854
991,BRT,0.627,323.0,3.0154689419848113
1909,BRT,0.627,323.0,3.0154689419848113
2224,BRT,0.627,323.0,3.0154689419848113
1349,BRT,0.626,326.0,3.0106595816307684
1932,BRT,0.626,326.0,3.0106595816307684
2584,BRT,0.626,326.0,3.0106595816307684
1584,BRT,0.625,329.0,3.005850221276726
280,BRT,0.624,330.0,3.001040860922683
1652,BRT,0.624,330.0,3.001040860922683
2300,BRT,0.624,330.0,3.001040860922683
2607,BRT,0.624,330.0,3.001040860922683
1484,BRT,0.623,334.0,2.99623150056864
1534,BRT,0.623,334.0,2.99623150056864
2161,BRT,0.622,336.0,2.9914221402145977
2770,BRT,0.622,336.0,2.9914221402145977
238,BRT,0.621,338.0,2.986612779860555
2443,BRT,0.621,338.0,2.986612779860555
1371,BRT,0.62,340.0,2.981803419506512
334,BRT,0.619,341.0,2.976994059152469
2486,BRT,0.619,341.0,2.976994059152469
2742,BRT,0.619,341.0,2.976994059152469
567,BRT,0.617,344.0,2.9673753384443837
774,BRT,0.617,344.0,2.9673753384443837
2067,BRT,0.617,344.0,2.9673753384443837
668,BRT,0.616,347.0,2.962565978090341
753,BRT,0.615,348.0,2.957756617736298
2441,BRT,0.615,348.0,2.957756617736298
110,BRT,0.614,350.0,2.9529472573822555
320,BRT,0.614,350.0,2.9529472573822555
538,BRT,0.614,350.0,2.9529472573822555
1010,BRT,0.614,350.0,2.9529472573822555
1772,BRT,0.614,350.0,2.9529472573822555
1948,BRT,0.613,355.0,2.9481378970282126
2005,BRT,0.613,355.0,2.9481378970282126
2505,BRT,0.613,355.0,2.9481378970282126
2013,BRT,0.611,358.0,2.9385191763201273
2394,BRT,0.611,358.0,2.9385191763201273
2660,BRT,0.611,358.0,2.9385191763201273
2665,BRT,0.61,361.0,2.9337098159660844
656,BRT,0.609,362.0,2.9289004556120415
1443,BRT,0.609,362.0,2.9289004556120415
1614,BRT,0.609,362.0,2.9289004556120415
1954,BRT,0.608,365.0,2.9240910952579986
2736,BRT,0.608,365.0,2.9240910952579986
1169,BRT,0.607,367.0,2.919281734903956
2211,BRT,0.607,367.0,2.919281734903956
2672,BRT,0.607,367.0,2.919281734903956
373,BRT,0.606,370.0,2.9144723745499133
431,BRT,0.606,370.0,2.9144723745499133
2073,BRT,0.606,370.0,2.9144723745499133
522,BRT,0.605,373.0,2.9096630141958704
863,BRT,0.604,374.0,2.904853653841828
321,BRT,0.603,375.0,2.900044293487785
732,BRT,0.603,375.0,2.900044293487785
2436,BRT,0.603,375.0,2.900044293487785
1412,BRT,0.602,378.0,2.895234933133742
729,BRT,0.601,379.0,2.8904255727796992
1011,BRT,0.6,380.0,2.885616212425657
1190,BRT,0.6,380.0,2.885616212425657
1427,BRT,0.6,380.0,2.885616212425657
2019,BRT,0.6,380.0,2.885616212425657
1125,BRT,0.599,384.0,2.880806852071614
2656,BRT,0.599,384.0,2.880806852071614
180,BRT,0.598,386.0,2.875997491717571
34,BRT,0.597,387.0,2.8711881313635286
547,BRT,0.596,388.0,2.8663787710094857
664,BRT,0.596,388.0,2.8663787710094857
2022,BRT,0.596,388.0,2.8663787710094857
264,BRT,0.595,391.0,2.861569410655443
427,BRT,0.595,391.0,2.861569410655443
606,BRT,0.595,391.0,2.861569410655443
2679,BRT,0.595,391.0,2.861569410655443
266,BRT,0.594,395.0,2.8567600503014
1893,BRT,0.594,395.0,2.8567600503014
2456,BRT,0.594,395.0,2.8567600503014
81,BRT,0.593,398.0,2.8519506899473575
130,BRT,0.593,398.0,2.8519506899473575
2204,BRT,0.593,398.0,2.8519506899473575
1979,BRT,0.592,401.0,2.8471413295933146
1980,BRT,0.592,401.0,2.8471413295933146
2541,BRT,0.592,401.0,2.8471413295933146
1558,BRT,0.591,404.0,2.8423319692392717
84,BRT,0.59,405.0,2.8375226088852292
988,BRT,0.59,405.0,2.8375226088852292
325,BRT,0.589,407.0,2.8327132485311863
367,BRT,0.588,408.0,2.8279038881771434
1406,BRT,0.587,409.0,2.8230945278231006
86,BRT,0.586,410.0,2.818285167469058
1499,BRT,0.586,410.0,2.818285167469058
1681,BRT,0.586,410.0,2.818285167469058
1828,BRT,0.586,410.0,2.818285167469058
2145,BRT,0.585,414.0,2.813475807115015
1264,BRT,0.584,415.0,2.8086664467609723
1678,BRT,0.584,415.0,2.8086664467609723
52,BRT,0.583,417.0,2.80385708640693
307,BRT,0.583,417.0,2.80385708640693
763,BRT,0.582,419.0,2.799047726052887
1165,BRT,0.581,420.0,2.794238365698844
2038,BRT,0.581,420.0,2.794238365698844
1493,BRT,0.58,422.0,2.789429005344801
2057,BRT,0.58,422.0,2.789429005344801
2089,BRT,0.58,422.0,2.789429005344801
2232,BRT,0.58,422.0,2.789429005344801
1538,BRT,0.579,426.0,2.7846196449907588
211,BRT,0.578,427.0,2.779810284636716
1680,BRT,0.578,427.0,2.779810284636716
2091,BRT,0.577,429.0,2.775000924282673
2509,BRT,0.577,429.0,2.775000924282673
2610,BRT,0.577,429.0,2.775000924282673
1656,BRT,0.575,432.0,2.7653822035745876
2517,BRT,0.575,432.0,2.7653822035745876
2762,BRT,0.575,432.0,2.7653822035745876
2260,BRT,0.573,435.0,2.755763482866502
2338,BRT,0.573,435.0,2.755763482866502
1093,BRT,0.572,437.0,2.7509541225124594
2200,BRT,0.572,437.0,2.7509541225124594
2737,BRT,0.571,439.0,2.7461447621584165
467,BRT,0.57,440.0,2.7413354018043736
2373,BRT,0.57,440.0,2.7413354018043736
11,BRT,0.569,442.0,2.7365260414503307
137,BRT,0.569,442.0,2.7365260414503307
312,BRT,0.569,442.0,2.7365260414503307
339,BRT,0.569,442.0,2.7365260414503307
960,BRT,0.568,446.0,2.7317166810962883
1438,BRT,0.568,446.0,2.7317166810962883
1758,BRT,0.568,446.0,2.7317166810962883
2026,BRT,0.568,446.0,2.7317166810962883
1608,BRT,0.567,450.0,2.7269073207422454
1012,BRT,0.566,451.0,2.7220979603882025
1031,BRT,0.566,451.0,2.7220979603882025
1221,BRT,0.564,453.0,2.712479239680117
2104,BRT,0.564,453.0,2.712479239680117
210,BRT,0.563,455.0,2.7076698793260743
303,BRT,0.563,455.0,2.7076698793260743
1314,BRT,0.563,455.0,2.7076698793260743
249,BRT,0.562,458.0,2.7028605189720323
265,BRT,0.562,458.0,2.7028605189720323
444,BRT,0.562,458.0,2.7028605189720323
1539,BRT,0.562,458.0,2.7028605189720323
1662,BRT,0.562,458.0,2.7028605189720323
2774,BRT,0.561,463.0,2.6980511586179894
2444,BRT,0.56,464.0,2.6932417982639465
60,BRT,0.559,465.0,2.6884324379099036
230,BRT,0.559,465.0,2.6884324379099036
1008,BRT,0.559,465.0,2.6884324379099036
655,BRT,0.558,468.0,2.683623077555861
1690,BRT,0.558,468.0,2.683623077555861
2727,BRT,0.558,468.0,2.683623077555861
1523,BRT,0.557,471.0,2.6788137172018183
2030,BRT,0.557,471.0,2.6788137172018183
2188,BRT,0.557,471.0,2.6788137172018183
2630,BRT,0.557,471.0,2.6788137172018183
814,BRT,0.556,475.0,2.6740043568477754
1423,BRT,0.556,475.0,2.6740043568477754
1883,BRT,0.556,475.0,2.6740043568477754
1892,BRT,0.556,475.0,2.6740043568477754
2540,BRT,0.556,475.0,2.6740043568477754
96,BRT,0.555,480.0,2.669194996493733
587,BRT,0.555,480.0,2.669194996493733
630,BRT,0.555,480.0,2.669194996493733
1819,BRT,0.555,480.0,2.669194996493733
1919,BRT,0.555,480.0,2.669194996493733
1183,BRT,0.554,485.0,2.66438563613969
2103,BRT,0.554,485.0,2.66438563613969
2719,BRT,0.554,485.0,2.66438563613969
1244,BRT,0.553,488.0,2.659576275785647
1258,BRT,0.553,488.0,2.659576275785647
1736,BRT,0.553,488.0,2.659576275785647
2108,BRT,0.553,488.0,2.659576275785647
2746,BRT,0.553,488.0,2.659576275785647
1172,BRT,0.552,493.0,2.6547669154316043
2227,BRT,0.552,493.0,2.6547669154316043
2703,BRT,0.552,493.0,2.6547669154316043
2140,BRT,0.551,496.0,2.649957555077562
2723,BRT,0.551,496.0,2.649957555077562
1019,BRT,0.55,498.0,2.645148194723519
1044,BRT,0.55,498.0,2.645148194723519
1226,BRT,0.55,498.0,2.645148194723519
2163,BRT,0.55,498.0,2.645148194723519
927,BRT,0.549,502.0,2.640338834369476
1112,BRT,0.549,502.0,2.640338834369476
1122,BRT,0.549,502.0,2.640338834369476
1194,BRT,0.549,502.0,2.640338834369476
588,BRT,0.548,506.0,2.6355294740154336
1729,BRT,0.548,506.0,2.6355294740154336
1952,BRT,0.548,506.0,2.6355294740154336
2756,BRT,0.546,509.0,2.625910753307348
104,BRT,0.545,510.0,2.621101392953305
482,BRT,0.545,510.0,2.621101392953305
496,BRT,0.545,510.0,2.621101392953305
719,BRT,0.545,510.0,2.621101392953305
2466,BRT,0.545,510.0,2.621101392953305
192,BRT,0.544,515.0,2.6162920325992625
511,BRT,0.544,515.0,2.6162920325992625
865,BRT,0.544,515.0,2.6162920325992625
1302,BRT,0.544,515.0,2.6162920325992625
2608,BRT,0.544,515.0,2.6162920325992625
187,BRT,0.543,520.0,2.6114826722452196
323,BRT,0.543,520.0,2.6114826722452196
369,BRT,0.543,520.0,2.6114826722452196
713,BRT,0.543,520.0,2.6114826722452196
1203,BRT,0.543,520.0,2.6114826722452196
1428,BRT,0.543,520.0,2.6114826722452196
2372,BRT,0.543,520.0,2.6114826722452196
324,BRT,0.542,527.0,2.6066733118911767
404,BRT,0.542,527.0,2.6066733118911767
654,BRT,0.542,527.0,2.6066733118911767
1163,BRT,0.542,527.0,2.6066733118911767
1807,BRT,0.542,527.0,2.6066733118911767
2287,BRT,0.542,527.0,2.6066733118911767
297,BRT,0.541,533.0,2.6018639515371342
455,BRT,0.541,533.0,2.6018639515371342
2487,BRT,0.541,533.0,2.6018639515371342
635,BRT,0.54,536.0,2.5970545911830913
2384,BRT,0.54,536.0,2.5970545911830913
1017,BRT,0.539,538.0,2.5922452308290485
2627,BRT,0.539,538.0,2.5922452308290485
2497,BRT,0.538,540.0,2.5874358704750056
420,BRT,0.537,541.0,2.582626510120963
922,BRT,0.537,541.0,2.582626510120963
1453,BRT,0.537,541.0,2.582626510120963
1811,BRT,0.537,541.0,2.582626510120963
1935,BRT,0.537,541.0,2.582626510120963
350,BRT,0.536,546.0,2.5778171497669202
943,BRT,0.536,546.0,2.5778171497669202
1568,BRT,0.536,546.0,2.5778171497669202
506,BRT,0.535,549.0,2.5730077894128773
518,BRT,0.535,549.0,2.5730077894128773
99,BRT,0.533,551.0,2.563389068704792
222,BRT,0.533,551.0,2.563389068704792
452,BRT,0.533,551.0,2.563389068704792
891,BRT,0.533,551.0,2.563389068704792
1041,BRT,0.533,551.0,2.563389068704792
1764,BRT,0.533,551.0,2.563389068704792
189,BRT,0.532,557.0,2.558579708350749
942,BRT,0.532,557.0,2.558579708350749
1189,BRT,0.532,557.0,2.558579708350749
1814,BRT,0.532,557.0,2.558579708350749
428,BRT,0.531,561.0,2.553770347996706
2416,BRT,0.53,562.0,2.5489609876426638
151,BRT,0.528,563.0,2.539342266934578
1279,BRT,0.528,563.0,2.539342266934578
2733,BRT,0.528,563.0,2.539342266934578
288,BRT,0.527,566.0,2.5345329065805355
776,BRT,0.527,566.0,2.5345329065805355
2090,BRT,0.527,566.0,2.5345329065805355
2099,BRT,0.527,566.0,2.5345329065805355
2313,BRT,0.527,566.0,2.5345329065805355
2495,BRT,0.527,566.0,2.5345329065805355
1166,BRT,0.526,572.0,2.5297235462264926
1270,BRT,0.526,572.0,2.5297235462264926
1390,BRT,0.526,572.0,2.5297235462264926
1606,BRT,0.526,572.0,2.5297235462264926
1649,BRT,0.526,572.0,2.5297235462264926
1672,BRT,0.526,572.0,2.5297235462264926
851,BRT,0.525,578.0,2.5249141858724498
2351,BRT,0.525,578.0,2.5249141858724498
1171,BRT,0.524,580.0,2.520104825518407
1285,BRT,0.524,580.0,2.520104825518407
1286,BRT,0.524,580.0,2.520104825518407
1594,BRT,0.524,580.0,2.520104825518407
1700,BRT,0.524,580.0,2.520104825518407
391,BRT,0.523,585.0,2.5152954651643644
659,BRT,0.523,585.0,2.5152954651643644
755,BRT,0.523,585.0,2.5152954651643644
1126,BRT,0.523,585.0,2.5152954651643644
2036,BRT,0.523,585.0,2.5152954651643644
2122,BRT,0.523,585.0,2.5152954651643644
2332,BRT,0.523,585.0,2.5152954651643644
260,BRT,0.522,592.0,2.5104861048103215
1311,BRT,0.522,592.0,2.5104861048103215
1480,BRT,0.522,592.0,2.5104861048103215
2220,BRT,0.521,595.0,2.5056767444562786
2242,BRT,0.521,595.0,2.5056767444562786
2667,BRT,0.521,595.0,2.5056767444562786
349,BRT,0.52,598.0,2.5008673841022357
491,BRT,0.52,598.0,2.5008673841022357
1106,BRT,0.52,598.0,2.5008673841022357
2506,BRT,0.52,598.0,2.5008673841022357
562,BRT,0.519,602.0,2.4960580237481933
981,BRT,0.519,602.0,2.4960580237481933
1524,BRT,0.519,602.0,2.4960580237481933
2393,BRT,0.519,602.0,2.4960580237481933
937,BRT,0.518,606.0,2.4912486633941504
1601,BRT,0.518,606.0,2.4912486633941504
1829,BRT,0.518,606.0,2.4912486633941504
2234,BRT,0.518,606.0,2.4912486633941504
2564,BRT,0.518,606.0,2.4912486633941504
253,BRT,0.517,611.0,2.4864393030401075
457,BRT,0.517,611.0,2.4864393030401075
474,BRT,0.517,611.0,2.4864393030401075
769,BRT,0.517,611.0,2.4864393030401075
1296,BRT,0.517,611.0,2.4864393030401075
2034,BRT,0.517,611.0,2.4864393030401075
228,BRT,0.516,617.0,2.481629942686065
382,BRT,0.516,617.0,2.481629942686065
708,BRT,0.516,617.0,2.481629942686065
1940,BRT,0.516,617.0,2.481629942686065
2246,BRT,0.516,617.0,2.481629942686065
2717,BRT,0.516,617.0,2.481629942686065
15,BRT,0.515,623.0,2.476820582332022
259,BRT,0.515,623.0,2.476820582332022
1955,BRT,0.515,623.0,2.476820582332022
2323,BRT,0.515,623.0,2.476820582332022
2766,BRT,0.515,623.0,2.476820582332022
245,BRT,0.514,628.0,2.4720112219779793
913,BRT,0.514,628.0,2.4720112219779793
2758,BRT,0.514,628.0,2.4720112219779793
528,BRT,0.513,631.0,2.4672018616239364
1408,BRT,0.513,631.0,2.4672018616239364
2252,BRT,0.513,631.0,2.4672018616239364
1185,BRT,0.512,634.0,2.462392501269894
2437,BRT,0.512,634.0,2.462392501269894
1431,BRT,0.511,636.0,2.457583140915851
1826,BRT,0.511,636.0,2.457583140915851
2080,BRT,0.511,636.0,2.457583140915851
2464,BRT,0.511,636.0,2.457583140915851
1846,BRT,0.51,640.0,2.452773780561808
424,BRT,0.509,641.0,2.4479644202077657
425,BRT,0.509,641.0,2.4479644202077657
556,BRT,0.509,641.0,2.4479644202077657
780,BRT,0.509,641.0,2.4479644202077657
1151,BRT,0.509,641.0,2.4479644202077657
1994,BRT,0.509,641.0,2.4479644202077657
2634,BRT,0.509,641.0,2.4479644202077657
608,BRT,0.508,648.0,2.443155059853723
1930,BRT,0.508,648.0,2.443155059853723
2106,BRT,0.508,648.0,2.443155059853723
38,BRT,0.507,651.0,2.43834569949968
2251,BRT,0.507,651.0,2.43834569949968
2480,BRT,0.507,651.0,2.43834569949968
1291,BRT,0.506,654.0,2.433536339145637
1943,BRT,0.506,654.0,2.433536339145637
2001,BRT,0.506,654.0,2.433536339145637
2175,BRT,0.506,654.0,2.433536339145637
2529,BRT,0.506,654.0,2.433536339145637
454,BRT,0.505,659.0,2.4287269787915946
1320,BRT,0.505,659.0,2.4287269787915946
2128,BRT,0.505,659.0,2.4287269787915946
2741,BRT,0.505,659.0,2.4287269787915946
164,BRT,0.504,663.0,2.4239176184375517
613,BRT,0.504,663.0,2.4239176184375517
1363,BRT,0.504,663.0,2.4239176184375517
1532,BRT,0.503,666.0,2.419108258083509
1873,BRT,0.503,666.0,2.419108258083509
1875,BRT,0.503,666.0,2.419108258083509
409,BRT,0.502,669.0,2.4142988977294664
803,BRT,0.502,669.0,2.4142988977294664
1062,BRT,0.502,669.0,2.4142988977294664
2189,BRT,0.502,669.0,2.4142988977294664
2238,BRT,0.502,669.0,2.4142988977294664
721,BRT,0.501,674.0,2.4094895373754235
1566,BRT,0.501,674.0,2.4094895373754235
2170,BRT,0.501,674.0,2.4094895373754235
2293,BRT,0.501,674.0,2.4094895373754235
845,BRT,0.5,678.0,2.4046801770213806
1715,BRT,0.5,678.0,2.4046801770213806
2157,BRT,0.5,678.0,2.4046801770213806
22,BRT,0.499,681.0,2.3998708166673377
61,BRT,0.499,681.0,2.3998708166673377
442,BRT,0.499,681.0,2.3998708166673377
10,BRT,0.498,684.0,2.3950614563132953
1347,BRT,0.498,684.0,2.3950614563132953
1625,BRT,0.498,684.0,2.3950614563132953
1648,BRT,0.498,684.0,2.3950614563132953
1682,BRT,0.498,684.0,2.3950614563132953
1849,BRT,0.498,684.0,2.3950614563132953
624,BRT,0.497,690.0,2.3902520959592524
676,BRT,0.497,690.0,2.3902520959592524
1146,BRT,0.497,690.0,2.3902520959592524
2278,BRT,0.497,690.0,2.3902520959592524
250,BRT,0.496,694.0,2.3854427356052095
308,BRT,0.496,694.0,2.3854427356052095
1304,BRT,0.496,694.0,2.3854427356052095
1337,BRT,0.496,694.0,2.3854427356052095
1472,BRT,0.496,694.0,2.3854427356052095
1806,BRT,0.496,694.0,2.3854427356052095
459,BRT,0.495,700.0,2.380633375251167
973,BRT,0.495,700.0,2.380633375251167
1888,BRT,0.495,700.0,2.380633375251167
199,BRT,0.494,703.0,2.375824014897124
418,BRT,0.494,703.0,2.375824014897124
1872,BRT,0.494,703.0,2.375824014897124
2241,BRT,0.494,703.0,2.375824014897124
2368,BRT,0.494,703.0,2.375824014897124
2710,BRT,0.494,703.0,2.375824014897124
310,BRT,0.493,709.0,2.3710146545430812
389,BRT,0.493,709.0,2.3710146545430812
967,BRT,0.493,709.0,2.3710146545430812
1501,BRT,0.493,709.0,2.3710146545430812
1776,BRT,0.493,709.0,2.3710146545430812
856,BRT,0.492,714.0,2.3662052941890384
883,BRT,0.492,714.0,2.3662052941890384
1989,BRT,0.492,714.0,2.3662052941890384
636,BRT,0.491,717.0,2.361395933834996
523,BRT,0.49,718.0,2.356586573480953
746,BRT,0.49,718.0,2.356586573480953
599,BRT,0.489,720.0,2.35177721312691
1119,BRT,0.488,721.0,2.3469678527728677
1489,BRT,0.488,721.0,2.3469678527728677
1650,BRT,0.488,721.0,2.3469678527728677
1674,BRT,0.488,721.0,2.3469678527728677
1780,BRT,0.488,721.0,2.3469678527728677
1933,BRT,0.488,721.0,2.3469678527728677
146,BRT,0.487,727.0,2.342158492418825
602,BRT,0.487,727.0,2.342158492418825
844,BRT,0.487,727.0,2.342158492418825
1537,BRT,0.487,727.0,2.342158492418825
1609,BRT,0.487,727.0,2.342158492418825
1995,BRT,0.487,727.0,2.342158492418825
2226,BRT,0.487,727.0,2.342158492418825
2367,BRT,0.487,727.0,2.342158492418825
26,BRT,0.486,735.0,2.337349132064782
1711,BRT,0.486,735.0,2.337349132064782
901,BRT,0.485,737.0,2.332539771710739
2657,BRT,0.485,737.0,2.332539771710739
225,BRT,0.484,739.0,2.3277304113566966
816,BRT,0.484,739.0,2.3277304113566966
2294,BRT,0.484,739.0,2.3277304113566966
886,BRT,0.483,742.0,2.3229210510026537
2489,BRT,0.483,742.0,2.3229210510026537
697,BRT,0.482,744.0,2.318111690648611
1388,BRT,0.482,744.0,2.318111690648611
2442,BRT,0.482,744.0,2.318111690648611
2537,BRT,0.482,744.0,2.318111690648611
2547,BRT,0.482,744.0,2.318111690648611
2708,BRT,0.482,744.0,2.318111690648611
1144,BRT,0.481,750.0,2.313302330294568
1966,BRT,0.481,750.0,2.313302330294568
183,BRT,0.48,752.0,2.3084929699405254
370,BRT,0.48,752.0,2.3084929699405254
1746,BRT,0.48,752.0,2.3084929699405254
2114,BRT,0.48,752.0,2.3084929699405254
127,BRT,0.479,756.0,2.3036836095864826
143,BRT,0.479,756.0,2.3036836095864826
735,BRT,0.479,756.0,2.3036836095864826
2055,BRT,0.479,756.0,2.3036836095864826
122,BRT,0.478,760.0,2.2988742492324397
826,BRT,0.478,760.0,2.2988742492324397
1088,BRT,0.478,760.0,2.2988742492324397
1153,BRT,0.478,760.0,2.2988742492324397
270,BRT,0.477,764.0,2.294064888878397
2133,BRT,0.477,764.0,2.294064888878397
241,BRT,0.476,766.0,2.2892555285243543
1001,BRT,0.476,766.0,2.2892555285243543
1739,BRT,0.476,766.0,2.2892555285243543
2418,BRT,0.476,766.0,2.2892555285243543
1353,BRT,0.475,770.0,2.2844461681703114
1448,BRT,0.475,770.0,2.2844461681703114
2361,BRT,0.475,770.0,2.2844461681703114
43,BRT,0.474,773.0,2.2796368078162685
101,BRT,0.474,773.0,2.2796368078162685
1610,BRT,0.474,773.0,2.2796368078162685
1986,BRT,0.474,773.0,2.2796368078162685
2419,BRT,0.474,773.0,2.2796368078162685
55,BRT,0.473,778.0,2.274827447462226
464,BRT,0.473,778.0,2.274827447462226
1853,BRT,0.473,778.0,2.274827447462226
1914,BRT,0.473,778.0,2.274827447462226
2450,BRT,0.473,778.0,2.274827447462226
2522,BRT,0.473,778.0,2.274827447462226
557,BRT,0.472,784.0,2.270018087108183
862,BRT,0.472,784.0,2.270018087108183
1080,BRT,0.472,784.0,2.270018087108183
1248,BRT,0.472,784.0,2.270018087108183
2250,BRT,0.472,784.0,2.270018087108183
1267,BRT,0.471,789.0,2.2652087267541403
1377,BRT,0.471,789.0,2.2652087267541403
1440,BRT,0.471,789.0,2.2652087267541403
1663,BRT,0.471,789.0,2.2652087267541403
1702,BRT,0.471,789.0,2.2652087267541403
414,BRT,0.47,794.0,2.260399366400098
445,BRT,0.47,794.0,2.260399366400098
1032,BRT,0.47,794.0,2.260399366400098
1646,BRT,0.47,794.0,2.260399366400098
46,BRT,0.469,798.0,2.255590006046055
481,BRT,0.469,798.0,2.255590006046055
812,BRT,0.469,798.0,2.255590006046055
1647,BRT,0.469,798.0,2.255590006046055
1858,BRT,0.469,798.0,2.255590006046055
159,BRT,0.468,803.0,2.2507806456920125
162,BRT,0.468,803.0,2.2507806456920125
749,BRT,0.468,803.0,2.2507806456920125
1073,BRT,0.468,803.0,2.2507806456920125
1789,BRT,0.468,803.0,2.2507806456920125
282,BRT,0.467,808.0,2.2459712853379696
596,BRT,0.467,808.0,2.2459712853379696
860,BRT,0.467,808.0,2.2459712853379696
1511,BRT,0.467,808.0,2.2459712853379696
1513,BRT,0.467,808.0,2.2459712853379696
1514,BRT,0.467,808.0,2.2459712853379696
1775,BRT,0.467,808.0,2.2459712853379696
1871,BRT,0.467,808.0,2.2459712853379696
1942,BRT,0.467,808.0,2.2459712853379696
2524,BRT,0.467,808.0,2.2459712853379696
638,BRT,0.466,818.0,2.2411619249839267
679,BRT,0.466,818.0,2.2411619249839267
1900,BRT,0.466,818.0,2.2411619249839267
478,BRT,0.465,821.0,2.2363525646298843
920,BRT,0.465,821.0,2.2363525646298843
1100,BRT,0.465,821.0,2.2363525646298843
1993,BRT,0.465,821.0,2.2363525646298843
2622,BRT,0.465,821.0,2.2363525646298843
2699,BRT,0.465,821.0,2.2363525646298843
2759,BRT,0.465,821.0,2.2363525646298843
2045,BRT,0.464,828.0,2.2315432042758414
7,BRT,0.463,829.0,2.2267338439217985
316,BRT,0.463,829.0,2.2267338439217985
1787,BRT,0.463,829.0,2.2267338439217985
2269,BRT,0.463,829.0,2.2267338439217985
17,BRT,0.462,833.0,2.2219244835677556
53,BRT,0.462,833.0,2.2219244835677556
70,BRT,0.462,833.0,2.2219244835677556
2203,BRT,0.462,833.0,2.2219244835677556
2567,BRT,0.462,833.0,2.2219244835677556
204,BRT,0.461,838.0,2.217115123213713
1469,BRT,0.461,838.0,2.217115123213713
1500,BRT,0.461,838.0,2.217115123213713
1510,BRT,0.461,838.0,2.217115123213713
306,BRT,0.46,842.0,2.2123057628596703
815,BRT,0.46,842.0,2.2123057628596703
184,BRT,0.459,844.0,2.2074964025056274
898,BRT,0.459,844.0,2.2074964025056274
2153,BRT,0.459,844.0,2.2074964025056274
2388,BRT,0.459,844.0,2.2074964025056274
2598,BRT,0.459,844.0,2.2074964025056274
625,BRT,0.458,849.0,2.202687042151585
1097,BRT,0.458,849.0,2.202687042151585
1413,BRT,0.458,849.0,2.202687042151585
1544,BRT,0.458,849.0,2.202687042151585
1551,BRT,0.458,849.0,2.202687042151585
2315,BRT,0.458,849.0,2.202687042151585
1611,BRT,0.456,855.0,2.193068321443499
1863,BRT,0.456,855.0,2.193068321443499
2752,BRT,0.456,855.0,2.193068321443499
505,BRT,0.455,858.0,2.1882589610894563
1835,BRT,0.455,858.0,2.1882589610894563
2662,BRT,0.455,858.0,2.1882589610894563
2757,BRT,0.455,858.0,2.1882589610894563
1152,BRT,0.454,862.0,2.183449600735414
1468,BRT,0.454,862.0,2.183449600735414
1969,BRT,0.454,862.0,2.183449600735414
2590,BRT,0.454,862.0,2.183449600735414
698,BRT,0.453,866.0,2.178640240381371
1120,BRT,0.453,866.0,2.178640240381371
1962,BRT,0.453,866.0,2.178640240381371
1295,BRT,0.452,869.0,2.173830880027328
1939,BRT,0.452,869.0,2.173830880027328
2714,BRT,0.452,869.0,2.173830880027328
899,BRT,0.451,872.0,2.1690215196732856
1890,BRT,0.451,872.0,2.1690215196732856
2195,BRT,0.451,872.0,2.1690215196732856
2257,BRT,0.451,872.0,2.1690215196732856
2415,BRT,0.451,872.0,2.1690215196732856
2292,BRT,0.45,877.0,2.1642121593192427
1240,BRT,0.449,878.0,2.1594027989652
1400,BRT,0.449,878.0,2.1594027989652
1802,BRT,0.449,878.0,2.1594027989652
2053,BRT,0.449,878.0,2.1594027989652
2258,BRT,0.449,878.0,2.1594027989652
2333,BRT,0.449,878.0,2.1594027989652
2593,BRT,0.449,878.0,2.1594027989652
976,BRT,0.448,885.0,2.154593438611157
2391,BRT,0.448,885.0,2.154593438611157
348,BRT,0.447,887.0,2.1497840782571145
944,BRT,0.447,887.0,2.1497840782571145
1404,BRT,0.447,887.0,2.1497840782571145
1415,BRT,0.447,887.0,2.1497840782571145
1923,BRT,0.447,887.0,2.1497840782571145
2457,BRT,0.447,887.0,2.1497840782571145
364,BRT,0.446,893.0,2.1449747179030716
379,BRT,0.446,893.0,2.1449747179030716
1111,BRT,0.446,893.0,2.1449747179030716
1394,BRT,0.446,893.0,2.1449747179030716
1818,BRT,0.446,893.0,2.1449747179030716
168,BRT,0.445,898.0,2.1401653575490287
314,BRT,0.445,898.0,2.1401653575490287
905,BRT,0.445,898.0,2.1401653575490287
1397,BRT,0.445,898.0,2.1401653575490287
208,BRT,0.444,902.0,2.1353559971949863
469,BRT,0.444,902.0,2.1353559971949863
516,BRT,0.444,902.0,2.1353559971949863
257,BRT,0.443,905.0,2.1305466368409434
333,BRT,0.443,905.0,2.1305466368409434
918,BRT,0.443,905.0,2.1305466368409434
1315,BRT,0.443,905.0,2.1305466368409434
1913,BRT,0.443,905.0,2.1305466368409434
2065,BRT,0.443,905.0,2.1305466368409434
2078,BRT,0.443,905.0,2.1305466368409434
2453,BRT,0.443,905.0,2.1305466368409434
29,BRT,0.442,913.0,2.1257372764869005
593,BRT,0.442,913.0,2.1257372764869005
2327,BRT,0.442,913.0,2.1257372764869005
795,BRT,0.441,916.0,2.1209279161328576
1705,BRT,0.441,916.0,2.1209279161328576
2526,BRT,0.441,916.0,2.1209279161328576
396,BRT,0.44,919.0,2.116118555778815
1281,BRT,0.44,919.0,2.116118555778815
1378,BRT,0.44,919.0,2.116118555778815
1569,BRT,0.44,919.0,2.116118555778815
276,BRT,0.439,923.0,2.1113091954247722
1699,BRT,0.438,924.0,2.1064998350707294
1155,BRT,0.437,925.0,2.101690474716687
2321,BRT,0.437,925.0,2.101690474716687
734,BRT,0.436,927.0,2.096881114362644
1108,BRT,0.436,927.0,2.096881114362644
1762,BRT,0.436,927.0,2.096881114362644
1798,BRT,0.436,927.0,2.096881114362644
9,BRT,0.435,931.0,2.092071754008601
125,BRT,0.435,931.0,2.092071754008601
173,BRT,0.435,931.0,2.092071754008601
1328,BRT,0.435,931.0,2.092071754008601
2334,BRT,0.435,931.0,2.092071754008601
2354,BRT,0.435,931.0,2.092071754008601
335,BRT,0.434,937.0,2.0872623936545582
725,BRT,0.434,937.0,2.0872623936545582
766,BRT,0.434,937.0,2.0872623936545582
1333,BRT,0.434,937.0,2.0872623936545582
1473,BRT,0.434,937.0,2.0872623936545582
1238,BRT,0.433,942.0,2.082453033300516
962,BRT,0.432,943.0,2.077643672946473
1254,BRT,0.432,943.0,2.077643672946473
1563,BRT,0.432,943.0,2.077643672946473
27,BRT,0.431,946.0,2.07283431259243
286,BRT,0.431,946.0,2.07283431259243
876,BRT,0.431,946.0,2.07283431259243
1492,BRT,0.431,946.0,2.07283431259243
160,BRT,0.43,950.0,2.068024952238387
1575,BRT,0.43,950.0,2.068024952238387
337,BRT,0.428,952.0,2.0584062315303018
458,BRT,0.428,952.0,2.0584062315303018
688,BRT,0.428,952.0,2.0584062315303018
730,BRT,0.428,952.0,2.0584062315303018
1655,BRT,0.428,952.0,2.0584062315303018
1884,BRT,0.428,952.0,2.0584062315303018
2765,BRT,0.428,952.0,2.0584062315303018
176,BRT,0.427,959.0,2.053596871176259
1344,BRT,0.427,959.0,2.053596871176259
2380,BRT,0.427,959.0,2.053596871176259
2431,BRT,0.427,959.0,2.053596871176259
277,BRT,0.426,963.0,2.0487875108222164
743,BRT,0.425,964.0,2.0439781504681735
1199,BRT,0.425,964.0,2.0439781504681735
1627,BRT,0.425,964.0,2.0439781504681735
2617,BRT,0.425,964.0,2.0439781504681735
141,BRT,0.424,968.0,2.0391687901141307
961,BRT,0.424,968.0,2.0391687901141307
1920,BRT,0.424,968.0,2.0391687901141307
2168,BRT,0.424,968.0,2.0391687901141307
2403,BRT,0.424,968.0,2.0391687901141307
1460,BRT,0.423,973.0,2.0343594297600878
1773,BRT,0.423,973.0,2.0343594297600878
2369,BRT,0.423,973.0,2.0343594297600878
2684,BRT,0.423,973.0,2.0343594297600878
2691,BRT,0.423,973.0,2.0343594297600878
362,BRT,0.422,978.0,2.0295500694060453
684,BRT,0.422,978.0,2.0295500694060453
1292,BRT,0.422,978.0,2.0295500694060453
2245,BRT,0.422,978.0,2.0295500694060453
2658,BRT,0.422,978.0,2.0295500694060453
722,BRT,0.421,983.0,2.0247407090520024
1783,BRT,0.421,983.0,2.0247407090520024
2326,BRT,0.421,983.0,2.0247407090520024
2605,BRT,0.421,983.0,2.0247407090520024
609,BRT,0.42,987.0,2.0199313486979595
2462,BRT,0.42,987.0,2.0199313486979595
2698,BRT,0.42,987.0,2.0199313486979595
281,BRT,0.419,990.0,2.015121988343917
2014,BRT,0.419,990.0,2.015121988343917
2247,BRT,0.419,990.0,2.015121988343917
583,BRT,0.418,993.0,2.010312627989874
1342,BRT,0.418,993.0,2.010312627989874
1385,BRT,0.418,993.0,2.010312627989874
2237,BRT,0.418,993.0,2.010312627989874
2467,BRT,0.418,993.0,2.010312627989874
2484,BRT,0.418,993.0,2.010312627989874
196,BRT,0.417,999.0,2.0055032676358313
1450,BRT,0.417,999.0,2.0055032676358313
1654,BRT,0.417,999.0,2.0055032676358313
2216,BRT,0.417,999.0,2.0055032676358313
690,BRT,0.415,1003.0,1.9958845469277458
1283,BRT,0.415,1003.0,1.9958845469277458
2594,BRT,0.415,1003.0,1.9958845469277458
1035,BRT,0.414,1006.0,1.991075186573703
2233,BRT,0.414,1006.0,1.991075186573703
236,BRT,0.413,1008.0,1.9862658262196604
714,BRT,0.413,1008.0,1.9862658262196604
1442,BRT,0.413,1008.0,1.9862658262196604
1877,BRT,0.413,1008.0,1.9862658262196604
1971,BRT,0.413,1008.0,1.9862658262196604
2474,BRT,0.413,1008.0,1.9862658262196604
705,BRT,0.412,1014.0,1.9814564658656175
1215,BRT,0.412,1014.0,1.9814564658656175
1269,BRT,0.412,1014.0,1.9814564658656175
1978,BRT,0.412,1014.0,1.9814564658656175
2060,BRT,0.412,1014.0,1.9814564658656175
548,BRT,0.411,1019.0,1.9766471055115749
1218,BRT,0.411,1019.0,1.9766471055115749
1708,BRT,0.411,1019.0,1.9766471055115749
400,BRT,0.41,1022.0,1.971837745157532
437,BRT,0.41,1022.0,1.971837745157532
1635,BRT,0.41,1022.0,1.971837745157532
2119,BRT,0.41,1022.0,1.971837745157532
765,BRT,0.409,1026.0,1.9670283848034893
782,BRT,0.409,1026.0,1.9670283848034893
1023,BRT,0.409,1026.0,1.9670283848034893
1998,BRT,0.409,1026.0,1.9670283848034893
365,BRT,0.408,1030.0,1.9622190244494464
536,BRT,0.408,1030.0,1.9622190244494464
1200,BRT,0.408,1030.0,1.9622190244494464
1782,BRT,0.408,1030.0,1.9622190244494464
1793,BRT,0.408,1030.0,1.9622190244494464
2162,BRT,0.408,1030.0,1.9622190244494464
526,BRT,0.407,1036.0,1.9574096640954037
1081,BRT,0.407,1036.0,1.9574096640954037
1491,BRT,0.407,1036.0,1.9574096640954037
2632,BRT,0.407,1036.0,1.9574096640954037
177,BRT,0.406,1040.0,1.9526003037413613
709,BRT,0.406,1040.0,1.9526003037413613
1167,BRT,0.406,1040.0,1.9526003037413613
1445,BRT,0.406,1040.0,1.9526003037413613
2639,BRT,0.406,1040.0,1.9526003037413613
566,BRT,0.405,1045.0,1.9477909433873184
2205,BRT,0.405,1045.0,1.9477909433873184
272,BRT,0.404,1047.0,1.9429815830332757
800,BRT,0.404,1047.0,1.9429815830332757
849,BRT,0.404,1047.0,1.9429815830332757
952,BRT,0.404,1047.0,1.9429815830332757
1728,BRT,0.404,1047.0,1.9429815830332757
97,BRT,0.403,1052.0,1.9381722226792328
564,BRT,0.403,1052.0,1.9381722226792328
1272,BRT,0.403,1052.0,1.9381722226792328
1579,BRT,0.403,1052.0,1.9381722226792328
2206,BRT,0.403,1052.0,1.9381722226792328
2512,BRT,0.403,1052.0,1.9381722226792328
2581,BRT,0.403,1052.0,1.9381722226792328
138,BRT,0.402,1059.0,1.9333628623251902
394,BRT,0.402,1059.0,1.9333628623251902
473,BRT,0.402,1059.0,1.9333628623251902
670,BRT,0.402,1059.0,1.9333628623251902
1045,BRT,0.402,1059.0,1.9333628623251902
1109,BRT,0.402,1059.0,1.9333628623251902
1391,BRT,0.402,1059.0,1.9333628623251902
2392,BRT,0.402,1059.0,1.9333628623251902
57,BRT,0.401,1067.0,1.9285535019711475
501,BRT,0.401,1067.0,1.9285535019711475
1268,BRT,0.401,1067.0,1.9285535019711475
712,BRT,0.4,1070.0,1.9237441416171046
1329,BRT,0.4,1070.0,1.9237441416171046
1596,BRT,0.4,1070.0,1.9237441416171046
343,BRT,0.399,1073.0,1.918934781263062
578,BRT,0.399,1073.0,1.918934781263062
853,BRT,0.399,1073.0,1.918934781263062
909,BRT,0.399,1073.0,1.918934781263062
1069,BRT,0.399,1073.0,1.918934781263062
1545,BRT,0.399,1073.0,1.918934781263062
1582,BRT,0.399,1073.0,1.918934781263062
1946,BRT,0.399,1073.0,1.918934781263062
2012,BRT,0.399,1073.0,1.918934781263062
2156,BRT,0.399,1073.0,1.918934781263062
2676,BRT,0.399,1073.0,1.918934781263062
559,BRT,0.398,1084.0,1.914125420909019
649,BRT,0.398,1084.0,1.914125420909019
95,BRT,0.397,1086.0,1.9093160605549764
871,BRT,0.397,1086.0,1.9093160605549764
832,BRT,0.396,1088.0,1.9045067002009335
1102,BRT,0.396,1088.0,1.9045067002009335
1261,BRT,0.396,1088.0,1.9045067002009335
2151,BRT,0.396,1088.0,1.9045067002009335
251,BRT,0.395,1092.0,1.8996973398468908
741,BRT,0.395,1092.0,1.8996973398468908
1046,BRT,0.395,1092.0,1.8996973398468908
2049,BRT,0.395,1092.0,1.8996973398468908
2531,BRT,0.395,1092.0,1.8996973398468908
2553,BRT,0.395,1092.0,1.8996973398468908
545,BRT,0.394,1098.0,1.894887979492848
1855,BRT,0.394,1098.0,1.894887979492848
2485,BRT,0.394,1098.0,1.894887979492848
2638,BRT,0.394,1098.0,1.894887979492848
18,BRT,0.393,1102.0,1.8900786191388053
33,BRT,0.393,1102.0,1.8900786191388053
847,BRT,0.393,1102.0,1.8900786191388053
986,BRT,0.393,1102.0,1.8900786191388053
1089,BRT,0.393,1102.0,1.8900786191388053
1231,BRT,0.393,1102.0,1.8900786191388053
1720,BRT,0.393,1102.0,1.8900786191388053
2178,BRT,0.393,1102.0,1.8900786191388053
2337,BRT,0.393,1102.0,1.8900786191388053
2722,BRT,0.393,1102.0,1.8900786191388053
416,BRT,0.392,1112.0,1.8852692587847626
1242,BRT,0.392,1112.0,1.8852692587847626
1959,BRT,0.392,1112.0,1.8852692587847626
1004,BRT,0.391,1115.0,1.8804598984307197
1142,BRT,0.391,1115.0,1.8804598984307197
1956,BRT,0.391,1115.0,1.8804598984307197
2044,BRT,0.391,1115.0,1.8804598984307197
2187,BRT,0.391,1115.0,1.8804598984307197
2420,BRT,0.391,1115.0,1.8804598984307197
289,BRT,0.39,1121.0,1.875650538076677
1147,BRT,0.39,1121.0,1.875650538076677
1214,BRT,0.39,1121.0,1.875650538076677
2488,BRT,0.39,1121.0,1.875650538076677
45,BRT,0.389,1125.0,1.8708411777226341
283,BRT,0.389,1125.0,1.8708411777226341
582,BRT,0.389,1125.0,1.8708411777226341
786,BRT,0.389,1125.0,1.8708411777226341
1869,BRT,0.389,1125.0,1.8708411777226341
1951,BRT,0.389,1125.0,1.8708411777226341
2571,BRT,0.389,1125.0,1.8708411777226341
169,BRT,0.388,1132.0,1.8660318173685915
1407,BRT,0.388,1132.0,1.8660318173685915
1618,BRT,0.388,1132.0,1.8660318173685915
1691,BRT,0.388,1132.0,1.8660318173685915
1768,BRT,0.388,1132.0,1.8660318173685915
2452,BRT,0.388,1132.0,1.8660318173685915
2616,BRT,0.387,1138.0,1.8612224570145486
2697,BRT,0.387,1138.0,1.8612224570145486
24,BRT,0.386,1140.0,1.856413096660506
897,BRT,0.386,1140.0,1.856413096660506
1205,BRT,0.386,1140.0,1.856413096660506
1297,BRT,0.386,1140.0,1.856413096660506
1540,BRT,0.386,1140.0,1.856413096660506
1583,BRT,0.386,1140.0,1.856413096660506
2020,BRT,0.386,1140.0,1.856413096660506
2210,BRT,0.386,1140.0,1.856413096660506
701,BRT,0.385,1148.0,1.8516037363064632
1629,BRT,0.385,1148.0,1.8516037363064632
1706,BRT,0.385,1148.0,1.8516037363064632
112,BRT,0.384,1151.0,1.8467943759524204
830,BRT,0.384,1151.0,1.8467943759524204
1432,BRT,0.384,1151.0,1.8467943759524204
1483,BRT,0.384,1151.0,1.8467943759524204
157,BRT,0.383,1155.0,1.8419850155983777
565,BRT,0.383,1155.0,1.8419850155983777
718,BRT,0.383,1155.0,1.8419850155983777
1380,BRT,0.383,1155.0,1.8419850155983777
1677,BRT,0.383,1155.0,1.8419850155983777
1843,BRT,0.383,1155.0,1.8419850155983777
2390,BRT,0.383,1155.0,1.8419850155983777
2481,BRT,0.383,1155.0,1.8419850155983777
25,BRT,0.382,1163.0,1.8371756552443348
255,BRT,0.382,1163.0,1.8371756552443348
413,BRT,0.382,1163.0,1.8371756552443348
443,BRT,0.382,1163.0,1.8371756552443348
1124,BRT,0.382,1163.0,1.8371756552443348
1160,BRT,0.382,1163.0,1.8371756552443348
2264,BRT,0.382,1163.0,1.8371756552443348
2341,BRT,0.382,1163.0,1.8371756552443348
2615,BRT,0.382,1163.0,1.8371756552443348
223,BRT,0.381,1172.0,1.8323662948902921
640,BRT,0.381,1172.0,1.8323662948902921
835,BRT,0.381,1172.0,1.8323662948902921
1486,BRT,0.381,1172.0,1.8323662948902921
2021,BRT,0.381,1172.0,1.8323662948902921
2562,BRT,0.381,1172.0,1.8323662948902921
202,BRT,0.38,1178.0,1.8275569345362492
747,BRT,0.38,1178.0,1.8275569345362492
889,BRT,0.38,1178.0,1.8275569345362492
1053,BRT,0.38,1178.0,1.8275569345362492
1246,BRT,0.38,1178.0,1.8275569345362492
1341,BRT,0.38,1178.0,1.8275569345362492
1447,BRT,0.38,1178.0,1.8275569345362492
2003,BRT,0.38,1178.0,1.8275569345362492
2222,BRT,0.38,1178.0,1.8275569345362492
2298,BRT,0.38,1178.0,1.8275569345362492
65,BRT,0.379,1188.0,1.8227475741822066
319,BRT,0.379,1188.0,1.8227475741822066
575,BRT,0.378,1190.0,1.817938213828164
1352,BRT,0.378,1190.0,1.817938213828164
1665,BRT,0.378,1190.0,1.817938213828164
2191,BRT,0.378,1190.0,1.817938213828164
744,BRT,0.377,1194.0,1.813128853474121
1924,BRT,0.377,1194.0,1.813128853474121
2136,BRT,0.377,1194.0,1.813128853474121
4,BRT,0.376,1197.0,1.8083194931200783
438,BRT,0.376,1197.0,1.8083194931200783
549,BRT,0.376,1197.0,1.8083194931200783
873,BRT,0.376,1197.0,1.8083194931200783
1542,BRT,0.376,1197.0,1.8083194931200783
1599,BRT,0.376,1197.0,1.8083194931200783
2613,BRT,0.376,1197.0,1.8083194931200783
352,BRT,0.375,1204.0,1.8035101327660354
423,BRT,0.375,1204.0,1.8035101327660354
1673,BRT,0.375,1204.0,1.8035101327660354
1788,BRT,0.375,1204.0,1.8035101327660354
1838,BRT,0.375,1204.0,1.8035101327660354
1985,BRT,0.375,1204.0,1.8035101327660354
1907,BRT,0.374,1210.0,1.7987007724119928
2471,BRT,0.374,1210.0,1.7987007724119928
554,BRT,0.373,1212.0,1.7938914120579499
1343,BRT,0.373,1212.0,1.7938914120579499
1482,BRT,0.373,1212.0,1.7938914120579499
490,BRT,0.372,1215.0,1.7890820517039072
513,BRT,0.372,1215.0,1.7890820517039072
954,BRT,0.372,1215.0,1.7890820517039072
1056,BRT,0.372,1215.0,1.7890820517039072
1554,BRT,0.372,1215.0,1.7890820517039072
37,BRT,0.371,1220.0,1.7842726913498643
311,BRT,0.371,1220.0,1.7842726913498643
388,BRT,0.371,1220.0,1.7842726913498643
1059,BRT,0.371,1220.0,1.7842726913498643
340,BRT,0.37,1224.0,1.7794633309958217
1968,BRT,0.37,1224.0,1.7794633309958217
2243,BRT,0.37,1224.0,1.7794633309958217
2682,BRT,0.37,1224.0,1.7794633309958217
186,BRT,0.369,1228.0,1.774653970641779
710,BRT,0.369,1228.0,1.774653970641779
895,BRT,0.369,1228.0,1.774653970641779
1974,BRT,0.369,1228.0,1.774653970641779
2028,BRT,0.369,1228.0,1.774653970641779
2105,BRT,0.369,1228.0,1.774653970641779
2760,BRT,0.369,1228.0,1.774653970641779
767,BRT,0.368,1235.0,1.769844610287736
1117,BRT,0.368,1235.0,1.769844610287736
2646,BRT,0.368,1235.0,1.769844610287736
338,BRT,0.367,1238.0,1.7650352499336934
433,BRT,0.367,1238.0,1.7650352499336934
694,BRT,0.367,1238.0,1.7650352499336934
846,BRT,0.367,1238.0,1.7650352499336934
893,BRT,0.367,1238.0,1.7650352499336934
1796,BRT,0.367,1238.0,1.7650352499336934
2075,BRT,0.367,1238.0,1.7650352499336934
124,BRT,0.366,1245.0,1.7602258895796505
637,BRT,0.366,1245.0,1.7602258895796505
822,BRT,0.366,1245.0,1.7602258895796505
916,BRT,0.366,1245.0,1.7602258895796505
1417,BRT,0.366,1245.0,1.7602258895796505
1912,BRT,0.366,1245.0,1.7602258895796505
2201,BRT,0.366,1245.0,1.7602258895796505
2330,BRT,0.366,1245.0,1.7602258895796505
2678,BRT,0.366,1245.0,1.7602258895796505
376,BRT,0.365,1254.0,1.7554165292256079
966,BRT,0.365,1254.0,1.7554165292256079
2282,BRT,0.365,1254.0,1.7554165292256079
2314,BRT,0.365,1254.0,1.7554165292256079
2346,BRT,0.365,1254.0,1.7554165292256079
2773,BRT,0.365,1254.0,1.7554165292256079
2775,BRT,0.365,1254.0,1.7554165292256079
451,BRT,0.364,1261.0,1.750607168871565
768,BRT,0.364,1261.0,1.750607168871565
1068,BRT,0.364,1261.0,1.750607168871565
1430,BRT,0.364,1261.0,1.750607168871565
1937,BRT,0.364,1261.0,1.750607168871565
2365,BRT,0.364,1261.0,1.750607168871565
2528,BRT,0.364,1261.0,1.750607168871565
598,BRT,0.363,1268.0,1.7457978085175223
908,BRT,0.363,1268.0,1.7457978085175223
1591,BRT,0.363,1268.0,1.7457978085175223
1744,BRT,0.363,1268.0,1.7457978085175223
1949,BRT,0.363,1268.0,1.7457978085175223
488,BRT,0.362,1273.0,1.7409884481634796
653,BRT,0.362,1273.0,1.7409884481634796
945,BRT,0.362,1273.0,1.7409884481634796
1275,BRT,0.362,1273.0,1.7409884481634796
2079,BRT,0.362,1273.0,1.7409884481634796
2102,BRT,0.362,1273.0,1.7409884481634796
2690,BRT,0.362,1273.0,1.7409884481634796
145,BRT,0.361,1280.0,1.7361790878094367
1084,BRT,0.361,1280.0,1.7361790878094367
1098,BRT,0.361,1280.0,1.7361790878094367
1898,BRT,0.361,1280.0,1.7361790878094367
1965,BRT,0.361,1280.0,1.7361790878094367
2100,BRT,0.361,1280.0,1.7361790878094367
178,BRT,0.36,1286.0,1.731369727455394
872,BRT,0.36,1286.0,1.731369727455394
1274,BRT,0.36,1286.0,1.731369727455394
2629,BRT,0.36,1286.0,1.731369727455394
733,BRT,0.359,1290.0,1.7265603671013512
805,BRT,0.359,1290.0,1.7265603671013512
1409,BRT,0.359,1290.0,1.7265603671013512
1657,BRT,0.359,1290.0,1.7265603671013512
1977,BRT,0.359,1290.0,1.7265603671013512
2059,BRT,0.359,1290.0,1.7265603671013512
2082,BRT,0.359,1290.0,1.7265603671013512
2150,BRT,0.359,1290.0,1.7265603671013512
2405,BRT,0.359,1290.0,1.7265603671013512
2532,BRT,0.359,1290.0,1.7265603671013512
2539,BRT,0.359,1290.0,1.7265603671013512
2623,BRT,0.359,1290.0,1.7265603671013512
2700,BRT,0.359,1290.0,1.7265603671013512
794,BRT,0.358,1303.0,1.7217510067473085
1422,BRT,0.358,1303.0,1.7217510067473085
2763,BRT,0.358,1303.0,1.7217510067473085
41,BRT,0.357,1306.0,1.7169416463932656
58,BRT,0.357,1306.0,1.7169416463932656
263,BRT,0.357,1306.0,1.7169416463932656
450,BRT,0.357,1306.0,1.7169416463932656
792,BRT,0.357,1306.0,1.7169416463932656
1643,BRT,0.357,1306.0,1.7169416463932656
2530,BRT,0.357,1306.0,1.7169416463932656
2614,BRT,0.357,1306.0,1.7169416463932656
560,BRT,0.356,1314.0,1.712132286039223
773,BRT,0.356,1314.0,1.712132286039223
1721,BRT,0.356,1314.0,1.712132286039223
2769,BRT,0.356,1314.0,1.712132286039223
2291,BRT,0.355,1318.0,1.70732292568518
2677,BRT,0.355,1318.0,1.70732292568518
1854,BRT,0.354,1320.0,1.7025135653311374
237,BRT,0.353,1321.0,1.6977042049770947
661,BRT,0.353,1321.0,1.6977042049770947
1334,BRT,0.353,1321.0,1.6977042049770947
1616,BRT,0.353,1321.0,1.6977042049770947
1839,BRT,0.353,1321.0,1.6977042049770947
2137,BRT,0.353,1321.0,1.6977042049770947
2302,BRT,0.353,1321.0,1.6977042049770947
2650,BRT,0.353,1321.0,1.6977042049770947
521,BRT,0.352,1329.0,1.6928948446230518
750,BRT,0.352,1329.0,1.6928948446230518
2043,BRT,0.352,1329.0,1.6928948446230518
219,BRT,0.351,1332.0,1.6880854842690092
415,BRT,0.351,1332.0,1.6880854842690092
509,BRT,0.351,1332.0,1.6880854842690092
597,BRT,0.351,1332.0,1.6880854842690092
1,BRT,0.35,1336.0,1.6832761239149663
422,BRT,0.35,1336.0,1.6832761239149663
935,BRT,0.35,1336.0,1.6832761239149663
1101,BRT,0.35,1336.0,1.6832761239149663
1316,BRT,0.35,1336.0,1.6832761239149663
1418,BRT,0.35,1336.0,1.6832761239149663
1562,BRT,0.35,1336.0,1.6832761239149663
2118,BRT,0.35,1336.0,1.6832761239149663
2214,BRT,0.35,1336.0,1.6832761239149663
2778,BRT,0.35,1336.0,1.6832761239149663
135,BRT,0.349,1346.0,1.6784667635609236
1079,BRT,0.349,1346.0,1.6784667635609236
1531,BRT,0.349,1346.0,1.6784667635609236
1794,BRT,0.349,1346.0,1.6784667635609236
1866,BRT,0.349,1346.0,1.6784667635609236
2033,BRT,0.349,1346.0,1.6784667635609236
2070,BRT,0.349,1346.0,1.6784667635609236
2135,BRT,0.349,1346.0,1.6784667635609236
2716,BRT,0.349,1346.0,1.6784667635609236
19,BRT,0.348,1355.0,1.6736574032068807
914,BRT,0.348,1355.0,1.6736574032068807
1007,BRT,0.348,1355.0,1.6736574032068807
1070,BRT,0.348,1355.0,1.6736574032068807
1201,BRT,0.348,1355.0,1.6736574032068807
1257,BRT,0.348,1355.0,1.6736574032068807
2185,BRT,0.348,1355.0,1.6736574032068807
449,BRT,0.347,1362.0,1.668848042852838
580,BRT,0.347,1362.0,1.668848042852838
745,BRT,0.347,1362.0,1.668848042852838
806,BRT,0.347,1362.0,1.668848042852838
1359,BRT,0.347,1362.0,1.668848042852838
2299,BRT,0.347,1362.0,1.668848042852838
23,BRT,0.346,1368.0,1.6640386824987954
56,BRT,0.346,1368.0,1.6640386824987954
91,BRT,0.346,1368.0,1.6640386824987954
618,BRT,0.346,1368.0,1.6640386824987954
1188,BRT,0.346,1368.0,1.6640386824987954
1425,BRT,0.346,1368.0,1.6640386824987954
1722,BRT,0.346,1368.0,1.6640386824987954
2068,BRT,0.346,1368.0,1.6640386824987954
2231,BRT,0.346,1368.0,1.6640386824987954
2371,BRT,0.346,1368.0,1.6640386824987954
76,BRT,0.345,1378.0,1.6592293221447525
616,BRT,0.345,1378.0,1.6592293221447525
892,BRT,0.345,1378.0,1.6592293221447525
1645,BRT,0.345,1378.0,1.6592293221447525
2279,BRT,0.345,1378.0,1.6592293221447525
2695,BRT,0.345,1378.0,1.6592293221447525
64,BRT,0.344,1384.0,1.6544199617907098
1613,BRT,0.344,1384.0,1.6544199617907098
2000,BRT,0.344,1384.0,1.6544199617907098
2458,BRT,0.344,1384.0,1.6544199617907098
426,BRT,0.343,1388.0,1.6496106014366672
819,BRT,0.343,1388.0,1.6496106014366672
1441,BRT,0.343,1388.0,1.6496106014366672
1521,BRT,0.343,1388.0,1.6496106014366672
1550,BRT,0.343,1388.0,1.6496106014366672
2025,BRT,0.343,1388.0,1.6496106014366672
2435,BRT,0.343,1388.0,1.6496106014366672
2670,BRT,0.343,1388.0,1.6496106014366672
344,BRT,0.342,1396.0,1.6448012410826245
407,BRT,0.342,1396.0,1.6448012410826245
633,BRT,0.342,1396.0,1.6448012410826245
2335,BRT,0.342,1396.0,1.6448012410826245
174,BRT,0.341,1400.0,1.6399918807285818
691,BRT,0.341,1400.0,1.6399918807285818
1211,BRT,0.341,1400.0,1.6399918807285818
1581,BRT,0.341,1400.0,1.6399918807285818
2374,BRT,0.341,1400.0,1.6399918807285818
2448,BRT,0.341,1400.0,1.6399918807285818
78,BRT,0.34,1406.0,1.635182520374539
221,BRT,0.34,1406.0,1.635182520374539
1990,BRT,0.34,1406.0,1.635182520374539
2039,BRT,0.34,1406.0,1.635182520374539
2640,BRT,0.34,1406.0,1.635182520374539
647,BRT,0.339,1411.0,1.6303731600204963
902,BRT,0.339,1411.0,1.6303731600204963
1577,BRT,0.339,1411.0,1.6303731600204963
1792,BRT,0.339,1411.0,1.6303731600204963
1964,BRT,0.339,1411.0,1.6303731600204963
585,BRT,0.338,1416.0,1.6255637996664534
667,BRT,0.338,1416.0,1.6255637996664534
1653,BRT,0.338,1416.0,1.6255637996664534
171,BRT,0.337,1419.0,1.6207544393124107
201,BRT,0.337,1419.0,1.6207544393124107
206,BRT,0.337,1419.0,1.6207544393124107
381,BRT,0.337,1419.0,1.6207544393124107
460,BRT,0.337,1419.0,1.6207544393124107
2006,BRT,0.337,1419.0,1.6207544393124107
2460,BRT,0.337,1419.0,1.6207544393124107
2611,BRT,0.337,1419.0,1.6207544393124107
1323,BRT,0.336,1427.0,1.6159450789583678
1659,BRT,0.336,1427.0,1.6159450789583678
1784,BRT,0.336,1427.0,1.6159450789583678
1076,BRT,0.335,1430.0,1.6111357186043251
1094,BRT,0.335,1430.0,1.6111357186043251
1876,BRT,0.335,1430.0,1.6111357186043251
417,BRT,0.334,1433.0,1.6063263582502825
594,BRT,0.334,1433.0,1.6063263582502825
1176,BRT,0.334,1433.0,1.6063263582502825
1414,BRT,0.334,1433.0,1.6063263582502825
1421,BRT,0.334,1433.0,1.6063263582502825
1904,BRT,0.334,1433.0,1.6063263582502825
1982,BRT,0.334,1433.0,1.6063263582502825
1996,BRT,0.334,1433.0,1.6063263582502825
2077,BRT,0.334,1433.0,1.6063263582502825
2628,BRT,0.334,1433.0,1.6063263582502825
111,BRT,0.333,1443.0,1.6015169978962396
660,BRT,0.333,1443.0,1.6015169978962396
1666,BRT,0.333,1443.0,1.6015169978962396
1957,BRT,0.333,1443.0,1.6015169978962396
2074,BRT,0.333,1443.0,1.6015169978962396
2523,BRT,0.333,1443.0,1.6015169978962396
568,BRT,0.332,1449.0,1.596707637542197
1005,BRT,0.332,1449.0,1.596707637542197
1651,BRT,0.332,1449.0,1.596707637542197
1767,BRT,0.332,1449.0,1.596707637542197
2582,BRT,0.332,1449.0,1.596707637542197
2601,BRT,0.332,1449.0,1.596707637542197
2674,BRT,0.332,1449.0,1.596707637542197
1067,BRT,0.331,1456.0,1.591898277188154
1383,BRT,0.331,1456.0,1.591898277188154
2262,BRT,0.331,1456.0,1.591898277188154
2439,BRT,0.331,1456.0,1.591898277188154
142,BRT,0.33,1460.0,1.5870889168341114
493,BRT,0.33,1460.0,1.5870889168341114
1309,BRT,0.33,1460.0,1.5870889168341114
1574,BRT,0.33,1460.0,1.5870889168341114
1734,BRT,0.33,1460.0,1.5870889168341114
2591,BRT,0.33,1460.0,1.5870889168341114
2602,BRT,0.33,1460.0,1.5870889168341114
355,BRT,0.329,1467.0,1.5822795564800685
495,BRT,0.329,1467.0,1.5822795564800685
563,BRT,0.329,1467.0,1.5822795564800685
372,BRT,0.328,1470.0,1.5774701961260258
675,BRT,0.328,1470.0,1.5774701961260258
809,BRT,0.328,1470.0,1.5774701961260258
1039,BRT,0.328,1470.0,1.5774701961260258
2042,BRT,0.328,1470.0,1.5774701961260258
2147,BRT,0.328,1470.0,1.5774701961260258
2277,BRT,0.328,1470.0,1.5774701961260258
2355,BRT,0.328,1470.0,1.5774701961260258
2755,BRT,0.328,1470.0,1.5774701961260258
216,BRT,0.327,1479.0,1.572660835771983
1224,BRT,0.327,1479.0,1.572660835771983
1372,BRT,0.327,1479.0,1.572660835771983
1752,BRT,0.327,1479.0,1.572660835771983
2597,BRT,0.327,1479.0,1.572660835771983
246,BRT,0.326,1484.0,1.5678514754179402
279,BRT,0.326,1484.0,1.5678514754179402
1454,BRT,0.326,1484.0,1.5678514754179402
1761,BRT,0.326,1484.0,1.5678514754179402
1921,BRT,0.326,1484.0,1.5678514754179402
2306,BRT,0.326,1484.0,1.5678514754179402
2568,BRT,0.326,1484.0,1.5678514754179402
341,BRT,0.325,1491.0,1.5630421150638976
717,BRT,0.325,1491.0,1.5630421150638976
1384,BRT,0.325,1491.0,1.5630421150638976
1570,BRT,0.325,1491.0,1.5630421150638976
1621,BRT,0.325,1491.0,1.5630421150638976
1719,BRT,0.325,1491.0,1.5630421150638976
2325,BRT,0.325,1491.0,1.5630421150638976
2556,BRT,0.325,1491.0,1.5630421150638976
2740,BRT,0.325,1491.0,1.5630421150638976
689,BRT,0.324,1500.0,1.5582327547098547
716,BRT,0.324,1500.0,1.5582327547098547
1301,BRT,0.324,1500.0,1.5582327547098547
1456,BRT,0.324,1500.0,1.5582327547098547
1548,BRT,0.324,1500.0,1.5582327547098547
1685,BRT,0.324,1500.0,1.5582327547098547
1845,BRT,0.324,1500.0,1.5582327547098547
738,BRT,0.323,1507.0,1.553423394355812
1013,BRT,0.323,1507.0,1.553423394355812
1280,BRT,0.323,1507.0,1.553423394355812
2058,BRT,0.323,1507.0,1.553423394355812
1128,BRT,0.322,1511.0,1.5486140340017691
1253,BRT,0.322,1511.0,1.5486140340017691
1325,BRT,0.322,1511.0,1.5486140340017691
2468,BRT,0.322,1511.0,1.5486140340017691
2750,BRT,0.322,1511.0,1.5486140340017691
397,BRT,0.321,1516.0,1.5438046736477264
1179,BRT,0.321,1516.0,1.5438046736477264
1239,BRT,0.321,1516.0,1.5438046736477264
1753,BRT,0.321,1516.0,1.5438046736477264
1759,BRT,0.321,1516.0,1.5438046736477264
1874,BRT,0.321,1516.0,1.5438046736477264
2069,BRT,0.321,1516.0,1.5438046736477264
2688,BRT,0.321,1516.0,1.5438046736477264
541,BRT,0.32,1524.0,1.5389953132936836
855,BRT,0.32,1524.0,1.5389953132936836
857,BRT,0.32,1524.0,1.5389953132936836
858,BRT,0.32,1524.0,1.5389953132936836
956,BRT,0.32,1524.0,1.5389953132936836
1631,BRT,0.32,1524.0,1.5389953132936836
1891,BRT,0.32,1524.0,1.5389953132936836
1897,BRT,0.32,1524.0,1.5389953132936836
2087,BRT,0.32,1524.0,1.5389953132936836
2265,BRT,0.32,1524.0,1.5389953132936836
2709,BRT,0.32,1524.0,1.5389953132936836
2764,BRT,0.32,1524.0,1.5389953132936836
357,BRT,0.319,1536.0,1.5341859529396409
629,BRT,0.319,1536.0,1.5341859529396409
1061,BRT,0.319,1536.0,1.5341859529396409
1313,BRT,0.319,1536.0,1.5341859529396409
1707,BRT,0.319,1536.0,1.5341859529396409
89,BRT,0.318,1541.0,1.5293765925855982
298,BRT,0.318,1541.0,1.5293765925855982
441,BRT,0.318,1541.0,1.5293765925855982
492,BRT,0.318,1541.0,1.5293765925855982
1416,BRT,0.318,1541.0,1.5293765925855982
1457,BRT,0.318,1541.0,1.5293765925855982
2286,BRT,0.318,1541.0,1.5293765925855982
2588,BRT,0.318,1541.0,1.5293765925855982
534,BRT,0.317,1549.0,1.5245672322315553
1339,BRT,0.317,1549.0,1.5245672322315553
1402,BRT,0.317,1549.0,1.5245672322315553
2376,BRT,0.317,1549.0,1.5245672322315553
304,BRT,0.316,1553.0,1.5197578718775127
622,BRT,0.316,1553.0,1.5197578718775127
1014,BRT,0.316,1553.0,1.5197578718775127
1157,BRT,0.316,1553.0,1.5197578718775127
1367,BRT,0.316,1553.0,1.5197578718775127
1433,BRT,0.316,1553.0,1.5197578718775127
1813,BRT,0.316,1553.0,1.5197578718775127
2018,BRT,0.316,1553.0,1.5197578718775127
2148,BRT,0.316,1553.0,1.5197578718775127
2311,BRT,0.316,1553.0,1.5197578718775127
2358,BRT,0.316,1553.0,1.5197578718775127
530,BRT,0.315,1564.0,1.5149485115234698
669,BRT,0.315,1564.0,1.5149485115234698
706,BRT,0.315,1564.0,1.5149485115234698
2096,BRT,0.315,1564.0,1.5149485115234698
115,BRT,0.314,1568.0,1.510139151169427
532,BRT,0.314,1568.0,1.510139151169427
1141,BRT,0.314,1568.0,1.510139151169427
1458,BRT,0.314,1568.0,1.510139151169427
1506,BRT,0.314,1568.0,1.510139151169427
1976,BRT,0.314,1568.0,1.510139151169427
2240,BRT,0.314,1568.0,1.510139151169427
1630,BRT,0.313,1575.0,1.5053297908153842
1730,BRT,0.313,1575.0,1.5053297908153842
2223,BRT,0.313,1575.0,1.5053297908153842
2375,BRT,0.313,1575.0,1.5053297908153842
195,BRT,0.312,1579.0,1.5005204304613415
553,BRT,0.312,1579.0,1.5005204304613415
6,BRT,0.311,1581.0,1.4957110701072989
512,BRT,0.311,1581.0,1.4957110701072989
533,BRT,0.311,1581.0,1.4957110701072989
617,BRT,0.311,1581.0,1.4957110701072989
759,BRT,0.311,1581.0,1.4957110701072989
762,BRT,0.311,1581.0,1.4957110701072989
1219,BRT,0.311,1581.0,1.4957110701072989
2066,BRT,0.311,1581.0,1.4957110701072989
2412,BRT,0.311,1581.0,1.4957110701072989
66,BRT,0.31,1590.0,1.490901709753256
150,BRT,0.31,1590.0,1.490901709753256
205,BRT,0.31,1590.0,1.490901709753256
1738,BRT,0.31,1590.0,1.490901709753256
1894,BRT,0.31,1590.0,1.490901709753256
610,BRT,0.309,1595.0,1.4860923493992133
1571,BRT,0.309,1595.0,1.4860923493992133
1698,BRT,0.309,1595.0,1.4860923493992133
2093,BRT,0.309,1595.0,1.4860923493992133
2575,BRT,0.309,1595.0,1.4860923493992133
114,BRT,0.308,1600.0,1.4812829890451704
754,BRT,0.308,1600.0,1.4812829890451704
1047,BRT,0.308,1600.0,1.4812829890451704
1731,BRT,0.308,1600.0,1.4812829890451704
80,BRT,0.307,1604.0,1.4764736286911277
1622,BRT,0.307,1604.0,1.4764736286911277
1880,BRT,0.307,1604.0,1.4764736286911277
2461,BRT,0.307,1604.0,1.4764736286911277
2504,BRT,0.307,1604.0,1.4764736286911277
2586,BRT,0.307,1604.0,1.4764736286911277
1564,BRT,0.306,1610.0,1.4716642683370849
2397,BRT,0.306,1610.0,1.4716642683370849
2408,BRT,0.306,1610.0,1.4716642683370849
345,BRT,0.305,1613.0,1.4668549079830422
573,BRT,0.305,1613.0,1.4668549079830422
628,BRT,0.305,1613.0,1.4668549079830422
1182,BRT,0.305,1613.0,1.4668549079830422
1340,BRT,0.305,1613.0,1.4668549079830422
1451,BRT,0.305,1613.0,1.4668549079830422
1710,BRT,0.305,1613.0,1.4668549079830422
1908,BRT,0.305,1613.0,1.4668549079830422
2702,BRT,0.305,1613.0,1.4668549079830422
119,BRT,0.304,1622.0,1.4620455476289993
179,BRT,0.304,1622.0,1.4620455476289993
390,BRT,0.304,1622.0,1.4620455476289993
911,BRT,0.304,1622.0,1.4620455476289993
1210,BRT,0.304,1622.0,1.4620455476289993
1546,BRT,0.304,1622.0,1.4620455476289993
2180,BRT,0.304,1622.0,1.4620455476289993
2649,BRT,0.304,1622.0,1.4620455476289993
197,BRT,0.303,1630.0,1.4572361872749566
839,BRT,0.303,1630.0,1.4572361872749566
1136,BRT,0.303,1630.0,1.4572361872749566
1660,BRT,0.303,1630.0,1.4572361872749566
1724,BRT,0.303,1630.0,1.4572361872749566
2048,BRT,0.303,1630.0,1.4572361872749566
2635,BRT,0.303,1630.0,1.4572361872749566
90,BRT,0.302,1637.0,1.452426826920914
126,BRT,0.302,1637.0,1.452426826920914
1043,BRT,0.302,1637.0,1.452426826920914
1684,BRT,0.302,1637.0,1.452426826920914
1766,BRT,0.302,1637.0,1.452426826920914
1981,BRT,0.302,1637.0,1.452426826920914
2116,BRT,0.302,1637.0,1.452426826920914
1992,BRT,0.301,1644.0,1.447617466566871
2514,BRT,0.301,1644.0,1.447617466566871
116,BRT,0.3,1646.0,1.4428081062128284
128,BRT,0.3,1646.0,1.4428081062128284
419,BRT,0.3,1646.0,1.4428081062128284
852,BRT,0.3,1646.0,1.4428081062128284
1204,BRT,0.3,1646.0,1.4428081062128284
1208,BRT,0.3,1646.0,1.4428081062128284
1743,BRT,0.3,1646.0,1.4428081062128284
1803,BRT,0.3,1646.0,1.4428081062128284
1925,BRT,0.3,1646.0,1.4428081062128284
1934,BRT,0.3,1646.0,1.4428081062128284
2008,BRT,0.3,1646.0,1.4428081062128284
2748,BRT,0.3,1646.0,1.4428081062128284
2767,BRT,0.3,1646.0,1.4428081062128284
785,BRT,0.299,1659.0,1.4379987458587855
1733,BRT,0.299,1659.0,1.4379987458587855
2131,BRT,0.299,1659.0,1.4379987458587855
2519,BRT,0.299,1659.0,1.4379987458587855
234,BRT,0.298,1663.0,1.4331893855047428
888,BRT,0.298,1663.0,1.4331893855047428
924,BRT,0.298,1663.0,1.4331893855047428
1115,BRT,0.298,1663.0,1.4331893855047428
1695,BRT,0.298,1663.0,1.4331893855047428
1704,BRT,0.298,1663.0,1.4331893855047428
2307,BRT,0.298,1663.0,1.4331893855047428
2381,BRT,0.298,1663.0,1.4331893855047428
2728,BRT,0.298,1663.0,1.4331893855047428
456,BRT,0.297,1672.0,1.4283800251507
531,BRT,0.297,1672.0,1.4283800251507
756,BRT,0.297,1672.0,1.4283800251507
1455,BRT,0.297,1672.0,1.4283800251507
468,BRT,0.296,1676.0,1.4235706647966573
502,BRT,0.296,1676.0,1.4235706647966573
969,BRT,0.296,1676.0,1.4235706647966573
1535,BRT,0.296,1676.0,1.4235706647966573
2194,BRT,0.296,1676.0,1.4235706647966573
2554,BRT,0.296,1676.0,1.4235706647966573
2621,BRT,0.296,1676.0,1.4235706647966573
85,BRT,0.295,1683.0,1.4187613044426146
235,BRT,0.295,1683.0,1.4187613044426146
540,BRT,0.295,1683.0,1.4187613044426146
869,BRT,0.295,1683.0,1.4187613044426146
1193,BRT,0.295,1683.0,1.4187613044426146
1403,BRT,0.295,1683.0,1.4187613044426146
1452,BRT,0.295,1683.0,1.4187613044426146
1576,BRT,0.295,1683.0,1.4187613044426146
1725,BRT,0.295,1683.0,1.4187613044426146
1781,BRT,0.295,1683.0,1.4187613044426146
2120,BRT,0.295,1683.0,1.4187613044426146
658,BRT,0.294,1694.0,1.4139519440885717
972,BRT,0.294,1694.0,1.4139519440885717
1541,BRT,0.294,1694.0,1.4139519440885717
1950,BRT,0.294,1694.0,1.4139519440885717
1973,BRT,0.294,1694.0,1.4139519440885717
2007,BRT,0.294,1694.0,1.4139519440885717
2496,BRT,0.294,1694.0,1.4139519440885717
555,BRT,0.293,1701.0,1.409142583734529
810,BRT,0.293,1701.0,1.409142583734529
1612,BRT,0.293,1701.0,1.409142583734529
1786,BRT,0.293,1701.0,1.409142583734529
1970,BRT,0.293,1701.0,1.409142583734529
2409,BRT,0.293,1701.0,1.409142583734529
155,BRT,0.292,1707.0,1.4043332233804862
330,BRT,0.292,1707.0,1.4043332233804862
385,BRT,0.292,1707.0,1.4043332233804862
500,BRT,0.292,1707.0,1.4043332233804862
665,BRT,0.292,1707.0,1.4043332233804862
685,BRT,0.292,1707.0,1.4043332233804862
703,BRT,0.292,1707.0,1.4043332233804862
1867,BRT,0.292,1707.0,1.4043332233804862
2445,BRT,0.292,1707.0,1.4043332233804862
671,BRT,0.291,1716.0,1.3995238630264435
840,BRT,0.291,1716.0,1.3995238630264435
890,BRT,0.291,1716.0,1.3995238630264435
990,BRT,0.291,1716.0,1.3995238630264435
1202,BRT,0.291,1716.0,1.3995238630264435
2366,BRT,0.291,1716.0,1.3995238630264435
2387,BRT,0.291,1716.0,1.3995238630264435
2696,BRT,0.291,1716.0,1.3995238630264435
147,BRT,0.29,1724.0,1.3947145026724006
258,BRT,0.29,1724.0,1.3947145026724006
342,BRT,0.29,1724.0,1.3947145026724006
432,BRT,0.29,1724.0,1.3947145026724006
607,BRT,0.29,1724.0,1.3947145026724006
1164,BRT,0.29,1724.0,1.3947145026724006
1881,BRT,0.29,1724.0,1.3947145026724006
2451,BRT,0.29,1724.0,1.3947145026724006
2479,BRT,0.29,1724.0,1.3947145026724006
2533,BRT,0.29,1724.0,1.3947145026724006
2543,BRT,0.29,1724.0,1.3947145026724006
398,BRT,0.289,1735.0,1.389905142318358
605,BRT,0.289,1735.0,1.389905142318358
1181,BRT,0.289,1735.0,1.389905142318358
2470,BRT,0.289,1735.0,1.389905142318358
226,BRT,0.288,1739.0,1.385095781964315
401,BRT,0.288,1739.0,1.385095781964315
435,BRT,0.288,1739.0,1.385095781964315
784,BRT,0.288,1739.0,1.385095781964315
1051,BRT,0.288,1739.0,1.385095781964315
2386,BRT,0.288,1739.0,1.385095781964315
133,BRT,0.287,1745.0,1.3802864216102724
378,BRT,0.287,1745.0,1.3802864216102724
494,BRT,0.287,1745.0,1.3802864216102724
621,BRT,0.287,1745.0,1.3802864216102724
711,BRT,0.287,1745.0,1.3802864216102724
1222,BRT,0.287,1745.0,1.3802864216102724
1330,BRT,0.287,1745.0,1.3802864216102724
1593,BRT,0.287,1745.0,1.3802864216102724
2595,BRT,0.287,1745.0,1.3802864216102724
544,BRT,0.286,1754.0,1.3754770612562297
728,BRT,0.286,1754.0,1.3754770612562297
1401,BRT,0.286,1754.0,1.3754770612562297
1519,BRT,0.286,1754.0,1.3754770612562297
1862,BRT,0.286,1754.0,1.3754770612562297
2248,BRT,0.286,1754.0,1.3754770612562297
105,BRT,0.285,1760.0,1.3706677009021868
503,BRT,0.285,1760.0,1.3706677009021868
950,BRT,0.285,1760.0,1.3706677009021868
1103,BRT,0.285,1760.0,1.3706677009021868
1308,BRT,0.285,1760.0,1.3706677009021868
1389,BRT,0.285,1760.0,1.3706677009021868
1740,BRT,0.285,1760.0,1.3706677009021868
2580,BRT,0.285,1760.0,1.3706677009021868
42,BRT,0.284,1768.0,1.3658583405481441
1260,BRT,0.284,1768.0,1.3658583405481441
1478,BRT,0.284,1768.0,1.3658583405481441
353,BRT,0.283,1771.0,1.3610489801941013
406,BRT,0.283,1771.0,1.3610489801941013
619,BRT,0.283,1771.0,1.3610489801941013
1298,BRT,0.283,1771.0,1.3610489801941013
2027,BRT,0.283,1771.0,1.3610489801941013
2447,BRT,0.283,1771.0,1.3610489801941013
8,BRT,0.282,1777.0,1.3562396198400586
40,BRT,0.282,1777.0,1.3562396198400586
305,BRT,0.282,1777.0,1.3562396198400586
798,BRT,0.282,1777.0,1.3562396198400586
1747,BRT,0.282,1777.0,1.3562396198400586
2186,BRT,0.282,1777.0,1.3562396198400586
2312,BRT,0.282,1777.0,1.3562396198400586
2624,BRT,0.282,1777.0,1.3562396198400586
77,BRT,0.281,1785.0,1.3514302594860161
525,BRT,0.281,1785.0,1.3514302594860161
1028,BRT,0.281,1785.0,1.3514302594860161
1143,BRT,0.281,1785.0,1.3514302594860161
1175,BRT,0.281,1785.0,1.3514302594860161
1800,BRT,0.281,1785.0,1.3514302594860161
2363,BRT,0.281,1785.0,1.3514302594860161
1145,BRT,0.28,1792.0,1.3466208991319732
1148,BRT,0.28,1792.0,1.3466208991319732
1209,BRT,0.28,1792.0,1.3466208991319732
1926,BRT,0.28,1792.0,1.3466208991319732
2167,BRT,0.28,1792.0,1.3466208991319732
2217,BRT,0.28,1792.0,1.3466208991319732
2221,BRT,0.28,1792.0,1.3466208991319732
2425,BRT,0.28,1792.0,1.3466208991319732
185,BRT,0.279,1800.0,1.3418115387779306
535,BRT,0.279,1800.0,1.3418115387779306
867,BRT,0.279,1800.0,1.3418115387779306
1375,BRT,0.279,1800.0,1.3418115387779306
1396,BRT,0.279,1800.0,1.3418115387779306
1567,BRT,0.279,1800.0,1.3418115387779306
102,BRT,0.278,1806.0,1.3370021784238877
615,BRT,0.278,1806.0,1.3370021784238877
824,BRT,0.278,1806.0,1.3370021784238877
859,BRT,0.278,1806.0,1.3370021784238877
1037,BRT,0.278,1806.0,1.3370021784238877
1326,BRT,0.278,1806.0,1.3370021784238877
1517,BRT,0.278,1806.0,1.3370021784238877
2491,BRT,0.278,1806.0,1.3370021784238877
3,BRT,0.277,1814.0,1.332192818069845
31,BRT,0.277,1814.0,1.332192818069845
167,BRT,0.277,1814.0,1.332192818069845
497,BRT,0.277,1814.0,1.332192818069845
1029,BRT,0.277,1814.0,1.332192818069845
1127,BRT,0.277,1814.0,1.332192818069845
1507,BRT,0.277,1814.0,1.332192818069845
1918,BRT,0.277,1814.0,1.332192818069845
2296,BRT,0.277,1814.0,1.332192818069845
2370,BRT,0.277,1814.0,1.332192818069845
2410,BRT,0.277,1814.0,1.332192818069845
2473,BRT,0.277,1814.0,1.332192818069845
2508,BRT,0.277,1814.0,1.332192818069845
2745,BRT,0.277,1814.0,1.332192818069845
1149,BRT,0.276,1828.0,1.3273834577158021
2301,BRT,0.276,1828.0,1.3273834577158021
1395,BRT,0.275,1830.0,1.3225740973617595
1712,BRT,0.275,1830.0,1.3225740973617595
2483,BRT,0.275,1830.0,1.3225740973617595
799,BRT,0.274,1833.0,1.3177647370077168
1150,BRT,0.274,1833.0,1.3177647370077168
1393,BRT,0.274,1833.0,1.3177647370077168
1864,BRT,0.274,1833.0,1.3177647370077168
1963,BRT,0.274,1833.0,1.3177647370077168
2289,BRT,0.274,1833.0,1.3177647370077168
2713,BRT,0.274,1833.0,1.3177647370077168
489,BRT,0.273,1840.0,1.312955376653674
590,BRT,0.273,1840.0,1.312955376653674
778,BRT,0.273,1840.0,1.312955376653674
781,BRT,0.273,1840.0,1.312955376653674
994,BRT,0.273,1840.0,1.312955376653674
1508,BRT,0.273,1840.0,1.312955376653674
1895,BRT,0.273,1840.0,1.312955376653674
2364,BRT,0.273,1840.0,1.312955376653674
2592,BRT,0.273,1840.0,1.312955376653674
682,BRT,0.272,1849.0,1.3081460162996312
787,BRT,0.272,1849.0,1.3081460162996312
957,BRT,0.272,1849.0,1.3081460162996312
1178,BRT,0.272,1849.0,1.3081460162996312
1777,BRT,0.272,1849.0,1.3081460162996312
666,BRT,0.271,1854.0,1.3033366559455883
772,BRT,0.271,1854.0,1.3033366559455883
1021,BRT,0.271,1854.0,1.3033366559455883
1174,BRT,0.271,1854.0,1.3033366559455883
1860,BRT,0.271,1854.0,1.3033366559455883
2229,BRT,0.271,1854.0,1.3033366559455883
466,BRT,0.27,1860.0,1.2985272955915457
1364,BRT,0.27,1860.0,1.2985272955915457
1944,BRT,0.27,1860.0,1.2985272955915457
2141,BRT,0.27,1860.0,1.2985272955915457
2494,BRT,0.27,1860.0,1.2985272955915457
346,BRT,0.269,1865.0,1.2937179352375028
811,BRT,0.269,1865.0,1.2937179352375028
974,BRT,0.269,1865.0,1.2937179352375028
1392,BRT,0.269,1865.0,1.2937179352375028
1444,BRT,0.269,1865.0,1.2937179352375028
1717,BRT,0.269,1865.0,1.2937179352375028
1763,BRT,0.269,1865.0,1.2937179352375028
1805,BRT,0.269,1865.0,1.2937179352375028
1899,BRT,0.269,1865.0,1.2937179352375028
166,BRT,0.268,1874.0,1.2889085748834601
175,BRT,0.268,1874.0,1.2889085748834601
683,BRT,0.268,1874.0,1.2889085748834601
896,BRT,0.268,1874.0,1.2889085748834601
1504,BRT,0.268,1874.0,1.2889085748834601
1620,BRT,0.268,1874.0,1.2889085748834601
1834,BRT,0.268,1874.0,1.2889085748834601
213,BRT,0.267,1881.0,1.2840992145294174
739,BRT,0.267,1881.0,1.2840992145294174
1082,BRT,0.267,1881.0,1.2840992145294174
1276,BRT,0.267,1881.0,1.2840992145294174
1938,BRT,0.267,1881.0,1.2840992145294174
2215,BRT,0.267,1881.0,1.2840992145294174
2268,BRT,0.267,1881.0,1.2840992145294174
2440,BRT,0.267,1881.0,1.2840992145294174
295,BRT,0.266,1889.0,1.2792898541753746
757,BRT,0.266,1889.0,1.2792898541753746
834,BRT,0.266,1889.0,1.2792898541753746
1405,BRT,0.266,1889.0,1.2792898541753746
2643,BRT,0.266,1889.0,1.2792898541753746
2701,BRT,0.266,1889.0,1.2792898541753746
62,BRT,0.265,1895.0,1.2744804938213319
113,BRT,0.265,1895.0,1.2744804938213319
603,BRT,0.265,1895.0,1.2744804938213319
946,BRT,0.265,1895.0,1.2744804938213319
975,BRT,0.265,1895.0,1.2744804938213319
1217,BRT,0.265,1895.0,1.2744804938213319
1547,BRT,0.265,1895.0,1.2744804938213319
2424,BRT,0.265,1895.0,1.2744804938213319
938,BRT,0.264,1903.0,1.269671133467289
947,BRT,0.264,1903.0,1.269671133467289
1066,BRT,0.264,1903.0,1.269671133467289
1229,BRT,0.264,1903.0,1.269671133467289
1467,BRT,0.264,1903.0,1.269671133467289
1474,BRT,0.264,1903.0,1.269671133467289
2570,BRT,0.264,1903.0,1.269671133467289
2668,BRT,0.264,1903.0,1.269671133467289
1560,BRT,0.263,1911.0,1.2648617731132463
2446,BRT,0.263,1911.0,1.2648617731132463
2655,BRT,0.263,1911.0,1.2648617731132463
1085,BRT,0.262,1914.0,1.2600524127592034
1809,BRT,0.262,1914.0,1.2600524127592034
2115,BRT,0.262,1914.0,1.2600524127592034
2503,BRT,0.262,1914.0,1.2600524127592034
2718,BRT,0.262,1914.0,1.2600524127592034
248,BRT,0.261,1919.0,1.2552430524051608
395,BRT,0.261,1919.0,1.2552430524051608
807,BRT,0.261,1919.0,1.2552430524051608
820,BRT,0.261,1919.0,1.2552430524051608
907,BRT,0.261,1919.0,1.2552430524051608
1173,BRT,0.261,1919.0,1.2552430524051608
1207,BRT,0.261,1919.0,1.2552430524051608
1237,BRT,0.261,1919.0,1.2552430524051608
1317,BRT,0.261,1919.0,1.2552430524051608
1533,BRT,0.261,1919.0,1.2552430524051608
2138,BRT,0.261,1919.0,1.2552430524051608
247,BRT,0.26,1930.0,1.2504336920511179
1154,BRT,0.26,1930.0,1.2504336920511179
1338,BRT,0.26,1930.0,1.2504336920511179
1589,BRT,0.26,1930.0,1.2504336920511179
447,BRT,0.259,1934.0,1.2456243316970752
574,BRT,0.259,1934.0,1.2456243316970752
752,BRT,0.259,1934.0,1.2456243316970752
931,BRT,0.259,1934.0,1.2456243316970752
2276,BRT,0.259,1934.0,1.2456243316970752
71,BRT,0.258,1939.0,1.2408149713430325
153,BRT,0.258,1939.0,1.2408149713430325
2142,BRT,0.258,1939.0,1.2408149713430325
2527,BRT,0.257,1942.0,1.2360056109889896
2637,BRT,0.257,1942.0,1.2360056109889896
1303,BRT,0.256,1944.0,1.231196250634947
1528,BRT,0.256,1944.0,1.231196250634947
1536,BRT,0.256,1944.0,1.231196250634947
2016,BRT,0.256,1944.0,1.231196250634947
2348,BRT,0.256,1944.0,1.231196250634947
487,BRT,0.255,1949.0,1.226386890280904
508,BRT,0.255,1949.0,1.226386890280904
2107,BRT,0.255,1949.0,1.226386890280904
626,BRT,0.254,1952.0,1.2215775299268614
1664,BRT,0.254,1952.0,1.2215775299268614
2692,BRT,0.254,1952.0,1.2215775299268614
161,BRT,0.253,1955.0,1.2167681695728185
347,BRT,0.253,1955.0,1.2167681695728185
963,BRT,0.253,1955.0,1.2167681695728185
1050,BRT,0.253,1955.0,1.2167681695728185
1113,BRT,0.253,1955.0,1.2167681695728185
1592,BRT,0.253,1955.0,1.2167681695728185
2081,BRT,0.253,1955.0,1.2167681695728185
2097,BRT,0.253,1955.0,1.2167681695728185
2235,BRT,0.253,1955.0,1.2167681695728185
589,BRT,0.252,1964.0,1.2119588092187759
677,BRT,0.252,1964.0,1.2119588092187759
2427,BRT,0.252,1964.0,1.2119588092187759
2476,BRT,0.252,1964.0,1.2119588092187759
2230,BRT,0.251,1968.0,1.2071494488647332
2518,BRT,0.251,1968.0,1.2071494488647332
203,BRT,0.25,1970.0,1.2023400885106903
233,BRT,0.25,1970.0,1.2023400885106903
783,BRT,0.25,1970.0,1.2023400885106903
934,BRT,0.25,1970.0,1.2023400885106903
1552,BRT,0.25,1970.0,1.2023400885106903
2088,BRT,0.25,1970.0,1.2023400885106903
2715,BRT,0.25,1970.0,1.2023400885106903
866,BRT,0.249,1977.0,1.1975307281566476
1055,BRT,0.249,1977.0,1.1975307281566476
1306,BRT,0.249,1977.0,1.1975307281566476
1701,BRT,0.249,1977.0,1.1975307281566476
2551,BRT,0.249,1977.0,1.1975307281566476
2654,BRT,0.249,1977.0,1.1975307281566476
209,BRT,0.248,1983.0,1.1927213678026047
1170,BRT,0.248,1983.0,1.1927213678026047
1332,BRT,0.248,1983.0,1.1927213678026047
2098,BRT,0.248,1983.0,1.1927213678026047
2406,BRT,0.248,1983.0,1.1927213678026047
296,BRT,0.247,1988.0,1.187912007448562
612,BRT,0.247,1988.0,1.187912007448562
699,BRT,0.247,1988.0,1.187912007448562
906,BRT,0.247,1988.0,1.187912007448562
2024,BRT,0.247,1988.0,1.187912007448562
2256,BRT,0.247,1988.0,1.187912007448562
2316,BRT,0.247,1988.0,1.187912007448562
600,BRT,0.246,1995.0,1.1831026470945192
1368,BRT,0.246,1995.0,1.1831026470945192
1694,BRT,0.246,1995.0,1.1831026470945192
2056,BRT,0.246,1995.0,1.1831026470945192
2173,BRT,0.246,1995.0,1.1831026470945192
267,BRT,0.245,2000.0,1.1782932867404765
1180,BRT,0.245,2000.0,1.1782932867404765
2228,BRT,0.245,2000.0,1.1782932867404765
2395,BRT,0.245,2000.0,1.1782932867404765
577,BRT,0.244,2004.0,1.1734839263864338
813,BRT,0.244,2004.0,1.1734839263864338
1290,BRT,0.244,2004.0,1.1734839263864338
2172,BRT,0.243,2007.0,1.168674566032391
2196,BRT,0.243,2007.0,1.168674566032391
2618,BRT,0.243,2007.0,1.168674566032391
2743,BRT,0.243,2007.0,1.168674566032391
360,BRT,0.242,2011.0,1.1638652056783483
707,BRT,0.242,2011.0,1.1638652056783483
1131,BRT,0.242,2011.0,1.1638652056783483
1241,BRT,0.242,2011.0,1.1638652056783483
1600,BRT,0.242,2011.0,1.1638652056783483
2125,BRT,0.242,2011.0,1.1638652056783483
47,BRT,0.241,2017.0,1.1590558453243054
98,BRT,0.241,2017.0,1.1590558453243054
421,BRT,0.241,2017.0,1.1590558453243054
971,BRT,0.241,2017.0,1.1590558453243054
1074,BRT,0.241,2017.0,1.1590558453243054
1266,BRT,0.241,2017.0,1.1590558453243054
1696,BRT,0.241,2017.0,1.1590558453243054
148,BRT,0.24,2024.0,1.1542464849702627
1022,BRT,0.24,2024.0,1.1542464849702627
1555,BRT,0.24,2024.0,1.1542464849702627
543,BRT,0.239,2027.0,1.1494371246162198
1251,BRT,0.239,2027.0,1.1494371246162198
1387,BRT,0.239,2027.0,1.1494371246162198
1420,BRT,0.239,2027.0,1.1494371246162198
1516,BRT,0.239,2027.0,1.1494371246162198
2181,BRT,0.239,2027.0,1.1494371246162198
514,BRT,0.238,2033.0,1.1446277642621772
651,BRT,0.238,2033.0,1.1446277642621772
686,BRT,0.238,2033.0,1.1446277642621772
1830,BRT,0.238,2033.0,1.1446277642621772
1481,BRT,0.237,2037.0,1.1398184039081343
2400,BRT,0.237,2037.0,1.1398184039081343
2683,BRT,0.237,2037.0,1.1398184039081343
261,BRT,0.236,2040.0,1.1350090435540916
1288,BRT,0.236,2040.0,1.1350090435540916
1052,BRT,0.235,2042.0,1.130199683200049
1137,BRT,0.235,2042.0,1.130199683200049
1216,BRT,0.235,2042.0,1.130199683200049
1494,BRT,0.235,2042.0,1.130199683200049
1770,BRT,0.235,2042.0,1.130199683200049
107,BRT,0.234,2047.0,1.1253903228460063
268,BRT,0.234,2047.0,1.1253903228460063
1477,BRT,0.234,2047.0,1.1253903228460063
1755,BRT,0.234,2047.0,1.1253903228460063
2113,BRT,0.234,2047.0,1.1253903228460063
2454,BRT,0.234,2047.0,1.1253903228460063
2761,BRT,0.234,2047.0,1.1253903228460063
79,BRT,0.233,2054.0,1.1205809624919634
92,BRT,0.233,2054.0,1.1205809624919634
256,BRT,0.233,2054.0,1.1205809624919634
386,BRT,0.233,2054.0,1.1205809624919634
831,BRT,0.233,2054.0,1.1205809624919634
1123,BRT,0.233,2054.0,1.1205809624919634
1490,BRT,0.233,2054.0,1.1205809624919634
1822,BRT,0.233,2054.0,1.1205809624919634
240,BRT,0.232,2062.0,1.1157716021379207
399,BRT,0.232,2062.0,1.1157716021379207
1496,BRT,0.232,2062.0,1.1157716021379207
2169,BRT,0.232,2062.0,1.1157716021379207
980,BRT,0.231,2066.0,1.1109622417838778
1634,BRT,0.231,2066.0,1.1109622417838778
363,BRT,0.23,2068.0,1.1061528814298351
499,BRT,0.23,2068.0,1.1061528814298351
680,BRT,0.23,2068.0,1.1061528814298351
833,BRT,0.23,2068.0,1.1061528814298351
1230,BRT,0.23,2068.0,1.1061528814298351
2254,BRT,0.229,2073.0,1.1013435210757925
2360,BRT,0.229,2073.0,1.1013435210757925
172,BRT,0.228,2075.0,1.0965341607217496
770,BRT,0.228,2075.0,1.0965341607217496
777,BRT,0.228,2075.0,1.0965341607217496
1470,BRT,0.228,2075.0,1.0965341607217496
2398,BRT,0.228,2075.0,1.0965341607217496
2459,BRT,0.228,2075.0,1.0965341607217496
2661,BRT,0.228,2075.0,1.0965341607217496
470,BRT,0.227,2082.0,1.091724800367707
477,BRT,0.227,2082.0,1.091724800367707
989,BRT,0.227,2082.0,1.091724800367707
2253,BRT,0.227,2082.0,1.091724800367707
2744,BRT,0.227,2082.0,1.091724800367707
2749,BRT,0.227,2082.0,1.091724800367707
2751,BRT,0.227,2082.0,1.091724800367707
2771,BRT,0.227,2082.0,1.091724800367707
232,BRT,0.226,2090.0,1.086915440013664
301,BRT,0.226,2090.0,1.086915440013664
354,BRT,0.226,2090.0,1.086915440013664
646,BRT,0.226,2090.0,1.086915440013664
1615,BRT,0.226,2090.0,1.086915440013664
1790,BRT,0.226,2090.0,1.086915440013664
1896,BRT,0.226,2090.0,1.086915440013664
932,BRT,0.225,2097.0,1.0821060796596214
1087,BRT,0.225,2097.0,1.0821060796596214
278,BRT,0.224,2099.0,1.0772967193055785
771,BRT,0.224,2099.0,1.0772967193055785
1331,BRT,0.224,2099.0,1.0772967193055785
1351,BRT,0.224,2099.0,1.0772967193055785
1658,BRT,0.224,2099.0,1.0772967193055785
662,BRT,0.223,2104.0,1.0724873589515358
1027,BRT,0.223,2104.0,1.0724873589515358
1556,BRT,0.223,2104.0,1.0724873589515358
1967,BRT,0.223,2104.0,1.0724873589515358
2144,BRT,0.223,2104.0,1.0724873589515358
2350,BRT,0.223,2104.0,1.0724873589515358
2735,BRT,0.223,2104.0,1.0724873589515358
326,BRT,0.222,2111.0,1.0676779985974931
801,BRT,0.222,2111.0,1.0676779985974931
2353,BRT,0.222,2111.0,1.0676779985974931
63,BRT,0.221,2114.0,1.0628686382434502
227,BRT,0.221,2114.0,1.0628686382434502
742,BRT,0.221,2114.0,1.0628686382434502
1195,BRT,0.221,2114.0,1.0628686382434502
2171,BRT,0.221,2114.0,1.0628686382434502
374,BRT,0.22,2119.0,1.0580592778894076
471,BRT,0.22,2119.0,1.0580592778894076
999,BRT,0.22,2119.0,1.0580592778894076
1318,BRT,0.22,2119.0,1.0580592778894076
1374,BRT,0.22,2119.0,1.0580592778894076
1529,BRT,0.22,2119.0,1.0580592778894076
2569,BRT,0.22,2119.0,1.0580592778894076
2574,BRT,0.22,2119.0,1.0580592778894076
2636,BRT,0.22,2119.0,1.0580592778894076
2236,BRT,0.219,2128.0,1.0532499175353647
384,BRT,0.218,2129.0,1.048440557181322
611,BRT,0.218,2129.0,1.048440557181322
1278,BRT,0.218,2129.0,1.048440557181322
2754,BRT,0.218,2129.0,1.048440557181322
2777,BRT,0.218,2129.0,1.048440557181322
87,BRT,0.217,2134.0,1.0436311968272791
393,BRT,0.217,2134.0,1.0436311968272791
1462,BRT,0.217,2134.0,1.0436311968272791
1497,BRT,0.217,2134.0,1.0436311968272791
2399,BRT,0.217,2134.0,1.0436311968272791
446,BRT,0.216,2139.0,1.0388218364732364
1225,BRT,0.216,2139.0,1.0388218364732364
2112,BRT,0.216,2139.0,1.0388218364732364
2573,BRT,0.216,2139.0,1.0388218364732364
519,BRT,0.215,2143.0,1.0340124761191936
537,BRT,0.215,2143.0,1.0340124761191936
592,BRT,0.215,2143.0,1.0340124761191936
1083,BRT,0.215,2143.0,1.0340124761191936
1130,BRT,0.215,2143.0,1.0340124761191936
1628,BRT,0.215,2143.0,1.0340124761191936
2031,BRT,0.215,2143.0,1.0340124761191936
2032,BRT,0.215,2143.0,1.0340124761191936
2407,BRT,0.215,2143.0,1.0340124761191936
2572,BRT,0.215,2143.0,1.0340124761191936
2675,BRT,0.215,2143.0,1.0340124761191936
1461,BRT,0.214,2154.0,1.0292031157651509
2123,BRT,0.214,2154.0,1.0292031157651509
2421,BRT,0.214,2154.0,1.0292031157651509
2463,BRT,0.214,2154.0,1.0292031157651509
2647,BRT,0.214,2154.0,1.0292031157651509
2725,BRT,0.214,2154.0,1.0292031157651509
271,BRT,0.213,2160.0,1.0243937554111082
332,BRT,0.213,2160.0,1.0243937554111082
788,BRT,0.213,2160.0,1.0243937554111082
1138,BRT,0.213,2160.0,1.0243937554111082
1605,BRT,0.213,2160.0,1.0243937554111082
1997,BRT,0.213,2160.0,1.0243937554111082
462,BRT,0.212,2166.0,1.0195843950570653
224,BRT,0.211,2167.0,1.0147750347030227
412,BRT,0.211,2167.0,1.0147750347030227
702,BRT,0.211,2167.0,1.0147750347030227
727,BRT,0.211,2167.0,1.0147750347030227
817,BRT,0.211,2167.0,1.0147750347030227
1078,BRT,0.211,2167.0,1.0147750347030227
1426,BRT,0.211,2167.0,1.0147750347030227
1590,BRT,0.211,2167.0,1.0147750347030227
1742,BRT,0.211,2167.0,1.0147750347030227
2686,BRT,0.211,2167.0,1.0147750347030227
1587,BRT,0.21,2177.0,1.0099656743489798
1771,BRT,0.21,2177.0,1.0099656743489798
1903,BRT,0.21,2177.0,1.0099656743489798
2182,BRT,0.21,2177.0,1.0099656743489798
704,BRT,0.209,2181.0,1.005156313994937
829,BRT,0.209,2181.0,1.005156313994937
1213,BRT,0.209,2181.0,1.005156313994937
1751,BRT,0.209,2181.0,1.005156313994937
2642,BRT,0.209,2181.0,1.005156313994937
2720,BRT,0.209,2181.0,1.005156313994937
299,BRT,0.208,2187.0,1.0003469536408942
1110,BRT,0.208,2187.0,1.0003469536408942
2545,BRT,0.208,2187.0,1.0003469536408942
2625,BRT,0.208,2187.0,1.0003469536408942
591,BRT,0.207,2191.0,0.9955375932868515
1434,BRT,0.207,2191.0,0.9955375932868515
1832,BRT,0.207,2191.0,0.9955375932868515
2002,BRT,0.207,2191.0,0.9955375932868515
2378,BRT,0.207,2191.0,0.9955375932868515
2472,BRT,0.207,2191.0,0.9955375932868515
2693,BRT,0.207,2191.0,0.9955375932868515
269,BRT,0.206,2198.0,0.9907282329328088
328,BRT,0.206,2198.0,0.9907282329328088
1769,BRT,0.206,2198.0,0.9907282329328088
1882,BRT,0.206,2198.0,0.9907282329328088
1927,BRT,0.206,2198.0,0.9907282329328088
2040,BRT,0.206,2198.0,0.9907282329328088
2707,BRT,0.206,2198.0,0.9907282329328088
1284,BRT,0.205,2205.0,0.985918872578766
2331,BRT,0.205,2205.0,0.985918872578766
2721,BRT,0.205,2205.0,0.985918872578766
480,BRT,0.204,2208.0,0.9811095122247232
790,BRT,0.204,2208.0,0.9811095122247232
881,BRT,0.204,2208.0,0.9811095122247232
2017,BRT,0.204,2208.0,0.9811095122247232
2271,BRT,0.204,2208.0,0.9811095122247232
731,BRT,0.203,2213.0,0.9763001518706806
1703,BRT,0.203,2213.0,0.9763001518706806
2619,BRT,0.203,2213.0,0.9763001518706806
2747,BRT,0.203,2213.0,0.9763001518706806
639,BRT,0.202,2217.0,0.9714907915166379
1273,BRT,0.202,2217.0,0.9714907915166379
1293,BRT,0.202,2217.0,0.9714907915166379
1799,BRT,0.202,2217.0,0.9714907915166379
1887,BRT,0.202,2217.0,0.9714907915166379
2041,BRT,0.202,2217.0,0.9714907915166379
2051,BRT,0.202,2217.0,0.9714907915166379
109,BRT,0.201,2224.0,0.9666814311625951
808,BRT,0.201,2224.0,0.9666814311625951
977,BRT,0.201,2224.0,0.9666814311625951
1236,BRT,0.201,2224.0,0.9666814311625951
1512,BRT,0.201,2224.0,0.9666814311625951
2329,BRT,0.201,2224.0,0.9666814311625951
2396,BRT,0.201,2224.0,0.9666814311625951
673,BRT,0.2,2231.0,0.9618720708085523
2712,BRT,0.2,2231.0,0.9618720708085523
21,BRT,0.199,2233.0,0.9570627104545095
645,BRT,0.199,2233.0,0.9570627104545095
1071,BRT,0.199,2233.0,0.9570627104545095
1446,BRT,0.199,2233.0,0.9570627104545095
2035,BRT,0.199,2233.0,0.9570627104545095
2726,BRT,0.199,2233.0,0.9570627104545095
1852,BRT,0.198,2239.0,0.9522533501004667
5,BRT,0.197,2240.0,0.947443989746424
620,BRT,0.197,2240.0,0.947443989746424
1060,BRT,0.197,2240.0,0.947443989746424
1820,BRT,0.197,2240.0,0.947443989746424
1975,BRT,0.197,2240.0,0.947443989746424
2549,BRT,0.197,2240.0,0.947443989746424
2652,BRT,0.197,2240.0,0.947443989746424
1168,BRT,0.196,2247.0,0.9426346293923813
1191,BRT,0.196,2247.0,0.9426346293923813
1223,BRT,0.196,2247.0,0.9426346293923813
1300,BRT,0.196,2247.0,0.9426346293923813
1626,BRT,0.196,2247.0,0.9426346293923813
2428,BRT,0.196,2247.0,0.9426346293923813
2548,BRT,0.196,2247.0,0.9426346293923813
198,BRT,0.195,2254.0,0.9378252690383385
375,BRT,0.195,2254.0,0.9378252690383385
1370,BRT,0.195,2254.0,0.9378252690383385
1561,BRT,0.195,2254.0,0.9378252690383385
1586,BRT,0.195,2254.0,0.9378252690383385
1928,BRT,0.195,2254.0,0.9378252690383385
2101,BRT,0.195,2254.0,0.9378252690383385
2154,BRT,0.195,2254.0,0.9378252690383385
1633,BRT,0.194,2262.0,0.9330159086842957
1961,BRT,0.194,2262.0,0.9330159086842957
2184,BRT,0.194,2262.0,0.9330159086842957
284,BRT,0.193,2265.0,0.928206548330253
448,BRT,0.193,2265.0,0.928206548330253
643,BRT,0.193,2265.0,0.928206548330253
1186,BRT,0.193,2265.0,0.928206548330253
1366,BRT,0.193,2265.0,0.928206548330253
2127,BRT,0.193,2265.0,0.928206548330253
2155,BRT,0.193,2265.0,0.928206548330253
2631,BRT,0.193,2265.0,0.928206548330253
2730,BRT,0.193,2265.0,0.928206548330253
842,BRT,0.192,2274.0,0.9233971879762102
1294,BRT,0.192,2274.0,0.9233971879762102
2534,BRT,0.192,2274.0,0.9233971879762102
366,BRT,0.191,2277.0,0.9185878276221674
2357,BRT,0.191,2277.0,0.9185878276221674
2711,BRT,0.191,2277.0,0.9185878276221674
681,BRT,0.19,2280.0,0.9137784672681246
715,BRT,0.19,2280.0,0.9137784672681246
864,BRT,0.19,2280.0,0.9137784672681246
1498,BRT,0.19,2280.0,0.9137784672681246
1668,BRT,0.19,2280.0,0.9137784672681246
1675,BRT,0.19,2280.0,0.9137784672681246
2174,BRT,0.19,2280.0,0.9137784672681246
2377,BRT,0.19,2280.0,0.9137784672681246
309,BRT,0.189,2288.0,0.908969106914082
1327,BRT,0.189,2288.0,0.908969106914082
2218,BRT,0.189,2288.0,0.908969106914082
2579,BRT,0.189,2288.0,0.908969106914082
16,BRT,0.188,2292.0,0.9041597465600392
327,BRT,0.188,2292.0,0.9041597465600392
1065,BRT,0.188,2292.0,0.9041597465600392
1092,BRT,0.188,2292.0,0.9041597465600392
2015,BRT,0.188,2292.0,0.9041597465600392
1133,BRT,0.187,2297.0,0.8993503862059964
1588,BRT,0.187,2297.0,0.8993503862059964
1624,BRT,0.187,2297.0,0.8993503862059964
2244,BRT,0.187,2297.0,0.8993503862059964
73,BRT,0.186,2301.0,0.8945410258519536
453,BRT,0.186,2301.0,0.8945410258519536
870,BRT,0.186,2301.0,0.8945410258519536
1049,BRT,0.186,2301.0,0.8945410258519536
1709,BRT,0.186,2301.0,0.8945410258519536
1785,BRT,0.186,2301.0,0.8945410258519536
2176,BRT,0.186,2301.0,0.8945410258519536
572,BRT,0.185,2308.0,0.8897316654979108
1042,BRT,0.185,2308.0,0.8897316654979108
1435,BRT,0.185,2308.0,0.8897316654979108
736,BRT,0.184,2311.0,0.884922305143868
1058,BRT,0.184,2311.0,0.884922305143868
1495,BRT,0.184,2311.0,0.884922305143868
1557,BRT,0.184,2311.0,0.884922305143868
1797,BRT,0.184,2311.0,0.884922305143868
94,BRT,0.183,2316.0,0.8801129447898253
724,BRT,0.183,2316.0,0.8801129447898253
139,BRT,0.182,2318.0,0.8753035844357825
215,BRT,0.182,2318.0,0.8753035844357825
436,BRT,0.182,2318.0,0.8753035844357825
828,BRT,0.182,2318.0,0.8753035844357825
1358,BRT,0.182,2318.0,0.8753035844357825
1386,BRT,0.182,2318.0,0.8753035844357825
1466,BRT,0.182,2318.0,0.8753035844357825
2426,BRT,0.182,2318.0,0.8753035844357825
356,BRT,0.181,2326.0,0.8704942240817398
1262,BRT,0.181,2326.0,0.8704942240817398
1816,BRT,0.181,2326.0,0.8704942240817398
2317,BRT,0.181,2326.0,0.8704942240817398
1132,BRT,0.18,2330.0,0.865684863727697
2482,BRT,0.18,2330.0,0.865684863727697
165,BRT,0.179,2332.0,0.8608755033736543
1265,BRT,0.179,2332.0,0.8608755033736543
1687,BRT,0.179,2332.0,0.8608755033736543
1911,BRT,0.179,2332.0,0.8608755033736543
2072,BRT,0.179,2332.0,0.8608755033736543
14,BRT,0.178,2337.0,0.8560661430196115
275,BRT,0.178,2337.0,0.8560661430196115
880,BRT,0.178,2337.0,0.8560661430196115
953,BRT,0.178,2337.0,0.8560661430196115
1072,BRT,0.178,2337.0,0.8560661430196115
1365,BRT,0.178,2337.0,0.8560661430196115
1833,BRT,0.178,2337.0,0.8560661430196115
1840,BRT,0.178,2337.0,0.8560661430196115
2729,BRT,0.178,2337.0,0.8560661430196115
1228,BRT,0.177,2346.0,0.8512567826655687
1723,BRT,0.177,2346.0,0.8512567826655687
1844,BRT,0.177,2346.0,0.8512567826655687
182,BRT,0.176,2349.0,0.8464474223115259
641,BRT,0.176,2349.0,0.8464474223115259
1812,BRT,0.176,2349.0,0.8464474223115259
1865,BRT,0.176,2349.0,0.8464474223115259
2620,BRT,0.176,2349.0,0.8464474223115259
1774,BRT,0.175,2354.0,0.8416380619574831
1987,BRT,0.175,2354.0,0.8416380619574831
2285,BRT,0.175,2354.0,0.8416380619574831
2349,BRT,0.175,2354.0,0.8416380619574831
2555,BRT,0.175,2354.0,0.8416380619574831
217,BRT,0.174,2359.0,0.8368287016034404
231,BRT,0.174,2359.0,0.8368287016034404
678,BRT,0.174,2359.0,0.8368287016034404
1196,BRT,0.174,2359.0,0.8368287016034404
2513,BRT,0.174,2359.0,0.8368287016034404
517,BRT,0.173,2364.0,0.8320193412493977
1015,BRT,0.173,2364.0,0.8320193412493977
1034,BRT,0.173,2364.0,0.8320193412493977
2324,BRT,0.173,2364.0,0.8320193412493977
239,BRT,0.172,2368.0,0.8272099808953549
1299,BRT,0.172,2368.0,0.8272099808953549
1868,BRT,0.172,2368.0,0.8272099808953549
2706,BRT,0.172,2368.0,0.8272099808953549
524,BRT,0.171,2372.0,0.8224006205413122
1156,BRT,0.171,2372.0,0.8224006205413122
1988,BRT,0.171,2372.0,0.8224006205413122
2288,BRT,0.171,2372.0,0.8224006205413122
2402,BRT,0.171,2372.0,0.8224006205413122
123,BRT,0.17,2377.0,0.8175912601872695
737,BRT,0.17,2377.0,0.8175912601872695
804,BRT,0.17,2377.0,0.8175912601872695
2083,BRT,0.17,2377.0,0.8175912601872695
368,BRT,0.169,2381.0,0.8127818998332267
604,BRT,0.169,2381.0,0.8127818998332267
648,BRT,0.169,2381.0,0.8127818998332267
1410,BRT,0.169,2381.0,0.8127818998332267
2095,BRT,0.169,2381.0,0.8127818998332267
2322,BRT,0.169,2381.0,0.8127818998332267
2379,BRT,0.169,2381.0,0.8127818998332267
1099,BRT,0.168,2388.0,0.8079725394791839
1757,BRT,0.168,2388.0,0.8079725394791839
2362,BRT,0.168,2388.0,0.8079725394791839
2413,BRT,0.168,2388.0,0.8079725394791839
1336,BRT,0.167,2392.0,0.8031631791251412
2086,BRT,0.167,2392.0,0.8031631791251412
48,BRT,0.166,2394.0,0.7983538187710985
1831,BRT,0.166,2394.0,0.7983538187710985
2129,BRT,0.166,2394.0,0.7983538187710985
2521,BRT,0.166,2394.0,0.7983538187710985
2550,BRT,0.166,2394.0,0.7983538187710985
1357,BRT,0.165,2399.0,0.7935444584170557
2681,BRT,0.165,2399.0,0.7935444584170557
1727,BRT,0.164,2401.0,0.7887350980630129
1870,BRT,0.164,2401.0,0.7887350980630129
2166,BRT,0.164,2401.0,0.7887350980630129
430,BRT,0.163,2404.0,0.7839257377089701
1376,BRT,0.163,2404.0,0.7839257377089701
1683,BRT,0.163,2404.0,0.7839257377089701
2559,BRT,0.163,2404.0,0.7839257377089701
2565,BRT,0.163,2404.0,0.7839257377089701
1006,BRT,0.162,2409.0,0.7791163773549273
1161,BRT,0.162,2409.0,0.7791163773549273
2190,BRT,0.162,2409.0,0.7791163773549273
2465,BRT,0.162,2409.0,0.7791163773549273
13,BRT,0.16,2413.0,0.7694976566468418
118,BRT,0.16,2413.0,0.7694976566468418
2669,BRT,0.16,2413.0,0.7694976566468418
1878,BRT,0.159,2416.0,0.7646882962927991
2208,BRT,0.158,2417.0,0.7598789359387563
2383,BRT,0.158,2417.0,0.7598789359387563
2499,BRT,0.158,2417.0,0.7598789359387563
108,BRT,0.157,2420.0,0.7550695755847135
1983,BRT,0.157,2420.0,0.7550695755847135
163,BRT,0.156,2422.0,0.7502602152306708
1134,BRT,0.156,2422.0,0.7502602152306708
2417,BRT,0.156,2422.0,0.7502602152306708
2267,BRT,0.155,2425.0,0.745450854876628
83,BRT,0.154,2426.0,0.7406414945225852
915,BRT,0.154,2426.0,0.7406414945225852
2109,BRT,0.154,2426.0,0.7406414945225852
2197,BRT,0.154,2426.0,0.7406414945225852
576,BRT,0.153,2430.0,0.7358321341685424
848,BRT,0.153,2430.0,0.7358321341685424
1936,BRT,0.153,2430.0,0.7358321341685424
2577,BRT,0.153,2430.0,0.7358321341685424
1235,BRT,0.152,2434.0,0.7310227738144996
1287,BRT,0.152,2434.0,0.7310227738144996
331,BRT,0.151,2436.0,0.726213413460457
652,BRT,0.151,2436.0,0.726213413460457
1465,BRT,0.151,2436.0,0.726213413460457
2772,BRT,0.151,2436.0,0.726213413460457
329,BRT,0.15,2440.0,0.7214040531064142
1187,BRT,0.15,2440.0,0.7214040531064142
1177,BRT,0.149,2442.0,0.7165946927523714
1256,BRT,0.149,2442.0,0.7165946927523714
1827,BRT,0.149,2442.0,0.7165946927523714
1836,BRT,0.149,2442.0,0.7165946927523714
2202,BRT,0.149,2442.0,0.7165946927523714
510,BRT,0.148,2447.0,0.7117853323983286
949,BRT,0.148,2447.0,0.7117853323983286
982,BRT,0.148,2447.0,0.7117853323983286
1573,BRT,0.148,2447.0,0.7117853323983286
2111,BRT,0.148,2447.0,0.7117853323983286
2343,BRT,0.148,2447.0,0.7117853323983286
2507,BRT,0.148,2447.0,0.7117853323983286
779,BRT,0.147,2454.0,0.7069759720442859
882,BRT,0.147,2454.0,0.7069759720442859
1795,BRT,0.147,2454.0,0.7069759720442859
2303,BRT,0.147,2454.0,0.7069759720442859
1038,BRT,0.146,2458.0,0.7021666116902431
359,BRT,0.145,2459.0,0.6973572513362003
498,BRT,0.145,2459.0,0.6973572513362003
1857,BRT,0.145,2459.0,0.6973572513362003
2192,BRT,0.145,2459.0,0.6973572513362003
440,BRT,0.144,2463.0,0.6925478909821575
571,BRT,0.144,2463.0,0.6925478909821575
644,BRT,0.144,2463.0,0.6925478909821575
791,BRT,0.144,2463.0,0.6925478909821575
1346,BRT,0.144,2463.0,0.6925478909821575
1602,BRT,0.144,2463.0,0.6925478909821575
1842,BRT,0.144,2463.0,0.6925478909821575
1947,BRT,0.144,2463.0,0.6925478909821575
2143,BRT,0.144,2463.0,0.6925478909821575
190,BRT,0.143,2472.0,0.6877385306281149
550,BRT,0.143,2472.0,0.6877385306281149
789,BRT,0.143,2472.0,0.6877385306281149
926,BRT,0.143,2472.0,0.6877385306281149
1525,BRT,0.143,2472.0,0.6877385306281149
2207,BRT,0.143,2472.0,0.6877385306281149
2263,BRT,0.143,2472.0,0.6877385306281149
2304,BRT,0.143,2472.0,0.6877385306281149
2478,BRT,0.143,2472.0,0.6877385306281149
2535,BRT,0.143,2472.0,0.6877385306281149
68,BRT,0.142,2482.0,0.6829291702740721
181,BRT,0.142,2482.0,0.6829291702740721
461,BRT,0.142,2482.0,0.6829291702740721
910,BRT,0.142,2482.0,0.6829291702740721
983,BRT,0.142,2482.0,0.6829291702740721
992,BRT,0.142,2482.0,0.6829291702740721
1075,BRT,0.142,2482.0,0.6829291702740721
1679,BRT,0.142,2482.0,0.6829291702740721
2193,BRT,0.142,2482.0,0.6829291702740721
2320,BRT,0.142,2482.0,0.6829291702740721
2734,BRT,0.142,2482.0,0.6829291702740721
191,BRT,0.141,2493.0,0.6781198099200293
796,BRT,0.141,2493.0,0.6781198099200293
1091,BRT,0.141,2493.0,0.6781198099200293
2121,BRT,0.141,2493.0,0.6781198099200293
1319,BRT,0.14,2497.0,0.6733104495659866
1449,BRT,0.14,2497.0,0.6733104495659866
88,BRT,0.139,2499.0,0.6685010892119438
2283,BRT,0.139,2499.0,0.6685010892119438
2626,BRT,0.139,2499.0,0.6685010892119438
2641,BRT,0.139,2499.0,0.6685010892119438
875,BRT,0.138,2503.0,0.6636917288579011
1520,BRT,0.138,2503.0,0.6636917288579011
1553,BRT,0.138,2503.0,0.6636917288579011
542,BRT,0.137,2506.0,0.6588823685038584
1735,BRT,0.137,2506.0,0.6588823685038584
2219,BRT,0.137,2506.0,0.6588823685038584
2239,BRT,0.137,2506.0,0.6588823685038584
207,BRT,0.136,2510.0,0.6540730081498156
642,BRT,0.136,2510.0,0.6540730081498156
2345,BRT,0.136,2510.0,0.6540730081498156
2516,BRT,0.136,2510.0,0.6540730081498156
2557,BRT,0.136,2510.0,0.6540730081498156
2603,BRT,0.136,2510.0,0.6540730081498156
2666,BRT,0.136,2510.0,0.6540730081498156
336,BRT,0.135,2517.0,0.6492636477957728
475,BRT,0.135,2517.0,0.6492636477957728
720,BRT,0.135,2517.0,0.6492636477957728
1057,BRT,0.135,2517.0,0.6492636477957728
1282,BRT,0.135,2517.0,0.6492636477957728
1463,BRT,0.135,2517.0,0.6492636477957728
2046,BRT,0.135,2517.0,0.6492636477957728
2061,BRT,0.135,2517.0,0.6492636477957728
2493,BRT,0.135,2517.0,0.6492636477957728
1485,BRT,0.134,2526.0,0.6444542874417301
1636,BRT,0.134,2526.0,0.6444542874417301
2342,BRT,0.134,2526.0,0.6444542874417301
2382,BRT,0.134,2526.0,0.6444542874417301
2589,BRT,0.134,2526.0,0.6444542874417301
2687,BRT,0.134,2526.0,0.6444542874417301
987,BRT,0.133,2532.0,0.6396449270876873
1714,BRT,0.133,2532.0,0.6396449270876873
1259,BRT,0.132,2534.0,0.6348355667336445
1471,BRT,0.132,2534.0,0.6348355667336445
1505,BRT,0.132,2534.0,0.6348355667336445
2124,BRT,0.132,2534.0,0.6348355667336445
919,BRT,0.131,2538.0,0.6300262063796017
1509,BRT,0.131,2538.0,0.6300262063796017
1741,BRT,0.131,2538.0,0.6300262063796017
1765,BRT,0.131,2538.0,0.6300262063796017
2050,BRT,0.131,2538.0,0.6300262063796017
472,BRT,0.13,2543.0,0.6252168460255589
687,BRT,0.13,2543.0,0.6252168460255589
1718,BRT,0.13,2543.0,0.6252168460255589
1886,BRT,0.13,2543.0,0.6252168460255589
2139,BRT,0.13,2543.0,0.6252168460255589
2352,BRT,0.13,2543.0,0.6252168460255589
2385,BRT,0.13,2543.0,0.6252168460255589
1307,BRT,0.129,2550.0,0.6204074856715163
1527,BRT,0.129,2550.0,0.6204074856715163
1598,BRT,0.129,2550.0,0.6204074856715163
2732,BRT,0.129,2550.0,0.6204074856715163
984,BRT,0.128,2554.0,0.6155981253174735
1632,BRT,0.128,2554.0,0.6155981253174735
2498,BRT,0.128,2554.0,0.6155981253174735
120,BRT,0.127,2557.0,0.6107887649634307
1234,BRT,0.127,2557.0,0.6107887649634307
760,BRT,0.126,2559.0,0.6059794046093879
1227,BRT,0.126,2559.0,0.6059794046093879
1362,BRT,0.126,2559.0,0.6059794046093879
2011,BRT,0.126,2559.0,0.6059794046093879
2587,BRT,0.126,2559.0,0.6059794046093879
36,BRT,0.125,2564.0,0.6011700442553451
242,BRT,0.125,2564.0,0.6011700442553451
1350,BRT,0.125,2564.0,0.6011700442553451
1464,BRT,0.125,2564.0,0.6011700442553451
1676,BRT,0.125,2564.0,0.6011700442553451
1804,BRT,0.125,2564.0,0.6011700442553451
1851,BRT,0.125,2564.0,0.6011700442553451
2438,BRT,0.125,2564.0,0.6011700442553451
2502,BRT,0.125,2564.0,0.6011700442553451
434,BRT,0.124,2573.0,0.5963606839013024
558,BRT,0.124,2573.0,0.5963606839013024
751,BRT,0.124,2573.0,0.5963606839013024
1821,BRT,0.124,2573.0,0.5963606839013024
1902,BRT,0.124,2573.0,0.5963606839013024
1915,BRT,0.124,2573.0,0.5963606839013024
2165,BRT,0.124,2573.0,0.5963606839013024
2328,BRT,0.124,2573.0,0.5963606839013024
2449,BRT,0.124,2573.0,0.5963606839013024
152,BRT,0.123,2582.0,0.5915513235472596
764,BRT,0.123,2582.0,0.5915513235472596
854,BRT,0.123,2582.0,0.5915513235472596
1000,BRT,0.123,2582.0,0.5915513235472596
1003,BRT,0.123,2582.0,0.5915513235472596
1801,BRT,0.123,2582.0,0.5915513235472596
1848,BRT,0.123,2582.0,0.5915513235472596
2071,BRT,0.123,2582.0,0.5915513235472596
2510,BRT,0.123,2582.0,0.5915513235472596
30,BRT,0.122,2591.0,0.5867419631932169
49,BRT,0.122,2591.0,0.5867419631932169
1737,BRT,0.122,2591.0,0.5867419631932169
140,BRT,0.121,2594.0,0.5819326028391741
2146,BRT,0.121,2594.0,0.5819326028391741
2492,BRT,0.121,2594.0,0.5819326028391741
50,BRT,0.12,2597.0,0.5771232424851314
634,BRT,0.12,2597.0,0.5771232424851314
1379,BRT,0.12,2597.0,0.5771232424851314
1398,BRT,0.12,2597.0,0.5771232424851314
1580,BRT,0.12,2597.0,0.5771232424851314
2126,BRT,0.12,2597.0,0.5771232424851314
1054,BRT,0.119,2603.0,0.5723138821310886
1139,BRT,0.119,2603.0,0.5723138821310886
1515,BRT,0.119,2603.0,0.5723138821310886
2753,BRT,0.119,2603.0,0.5723138821310886
67,BRT,0.118,2607.0,0.5675045217770458
315,BRT,0.118,2607.0,0.5675045217770458
1064,BRT,0.118,2607.0,0.5675045217770458
1162,BRT,0.118,2607.0,0.5675045217770458
1335,BRT,0.118,2607.0,0.5675045217770458
1424,BRT,0.118,2607.0,0.5675045217770458
218,BRT,0.117,2613.0,0.5626951614230031
273,BRT,0.117,2613.0,0.5626951614230031
361,BRT,0.117,2613.0,0.5626951614230031
929,BRT,0.117,2613.0,0.5626951614230031
1817,BRT,0.117,2613.0,0.5626951614230031
2414,BRT,0.117,2613.0,0.5626951614230031
632,BRT,0.116,2619.0,0.5578858010689604
1206,BRT,0.116,2619.0,0.5578858010689604
1850,BRT,0.116,2619.0,0.5578858010689604
1889,BRT,0.116,2619.0,0.5578858010689604
2558,BRT,0.116,2619.0,0.5578858010689604
2671,BRT,0.116,2619.0,0.5578858010689604
106,BRT,0.115,2625.0,0.5530764407149176
134,BRT,0.115,2625.0,0.5530764407149176
614,BRT,0.115,2625.0,0.5530764407149176
1024,BRT,0.115,2625.0,0.5530764407149176
1030,BRT,0.115,2625.0,0.5530764407149176
1086,BRT,0.115,2625.0,0.5530764407149176
1750,BRT,0.115,2625.0,0.5530764407149176
2094,BRT,0.115,2625.0,0.5530764407149176
551,BRT,0.114,2633.0,0.5482670803608748
693,BRT,0.114,2633.0,0.5482670803608748
868,BRT,0.114,2633.0,0.5482670803608748
1373,BRT,0.114,2633.0,0.5482670803608748
1991,BRT,0.114,2633.0,0.5482670803608748
2536,BRT,0.114,2633.0,0.5482670803608748
2685,BRT,0.114,2633.0,0.5482670803608748
2694,BRT,0.114,2633.0,0.5482670803608748
380,BRT,0.113,2641.0,0.543457720006832
723,BRT,0.113,2641.0,0.543457720006832
758,BRT,0.113,2641.0,0.543457720006832
921,BRT,0.113,2641.0,0.543457720006832
1906,BRT,0.113,2641.0,0.543457720006832
2009,BRT,0.113,2641.0,0.543457720006832
2423,BRT,0.113,2641.0,0.543457720006832
2606,BRT,0.113,2641.0,0.543457720006832
136,BRT,0.112,2649.0,0.5386483596527892
838,BRT,0.112,2649.0,0.5386483596527892
941,BRT,0.112,2649.0,0.5386483596527892
985,BRT,0.112,2649.0,0.5386483596527892
2270,BRT,0.112,2649.0,0.5386483596527892
2272,BRT,0.112,2649.0,0.5386483596527892
465,BRT,0.111,2655.0,0.5338389992987466
479,BRT,0.111,2655.0,0.5338389992987466
584,BRT,0.111,2655.0,0.5338389992987466
948,BRT,0.111,2655.0,0.5338389992987466
1732,BRT,0.111,2655.0,0.5338389992987466
1859,BRT,0.111,2655.0,0.5338389992987466
1289,BRT,0.11,2661.0,0.5290296389447038
1399,BRT,0.11,2661.0,0.5290296389447038
1595,BRT,0.11,2661.0,0.5290296389447038
1810,BRT,0.11,2661.0,0.5290296389447038
1984,BRT,0.11,2661.0,0.5290296389447038
2,BRT,0.109,2666.0,0.524220278590661
930,BRT,0.109,2666.0,0.524220278590661
2336,BRT,0.109,2666.0,0.524220278590661
2433,BRT,0.109,2666.0,0.524220278590661
1077,BRT,0.108,2670.0,0.5194109182366182
1104,BRT,0.108,2670.0,0.5194109182366182
1671,BRT,0.108,2670.0,0.5194109182366182
1726,BRT,0.108,2670.0,0.5194109182366182
1941,BRT,0.108,2670.0,0.5194109182366182
2738,BRT,0.108,2670.0,0.5194109182366182
103,BRT,0.107,2676.0,0.5146015578825754
903,BRT,0.107,2676.0,0.5146015578825754
928,BRT,0.107,2676.0,0.5146015578825754
2308,BRT,0.107,2676.0,0.5146015578825754
243,BRT,0.106,2680.0,0.5097921975285327
939,BRT,0.106,2680.0,0.5097921975285327
1036,BRT,0.106,2680.0,0.5097921975285327
2062,BRT,0.106,2680.0,0.5097921975285327
2340,BRT,0.106,2680.0,0.5097921975285327
20,BRT,0.105,2685.0,0.5049828371744899
1916,BRT,0.105,2685.0,0.5049828371744899
2664,BRT,0.105,2685.0,0.5049828371744899
802,BRT,0.104,2688.0,0.5001734768204471
1487,BRT,0.104,2688.0,0.5001734768204471
2280,BRT,0.104,2688.0,0.5001734768204471
2310,BRT,0.104,2688.0,0.5001734768204471
2645,BRT,0.104,2688.0,0.5001734768204471
887,BRT,0.103,2693.0,0.4953641164664044
1016,BRT,0.103,2693.0,0.4953641164664044
1348,BRT,0.103,2693.0,0.4953641164664044
1578,BRT,0.103,2693.0,0.4953641164664044
2297,BRT,0.103,2693.0,0.4953641164664044
912,BRT,0.102,2698.0,0.4905547561123616
1197,BRT,0.102,2698.0,0.4905547561123616
2429,BRT,0.102,2698.0,0.4905547561123616
2596,BRT,0.102,2698.0,0.4905547561123616
1063,BRT,0.101,2702.0,0.48574539575831893
2477,BRT,0.101,2702.0,0.48574539575831893
2604,BRT,0.101,2702.0,0.48574539575831893
322,BRT,0.1,2705.0,0.48093603540427615
884,BRT,0.1,2705.0,0.48093603540427615
1619,BRT,0.1,2705.0,0.48093603540427615
254,BRT,0.099,2708.0,0.47612667505023337
993,BRT,0.099,2708.0,0.47612667505023337
1002,BRT,0.099,2708.0,0.47612667505023337
1116,BRT,0.099,2708.0,0.47612667505023337
1232,BRT,0.099,2708.0,0.47612667505023337
1745,BRT,0.099,2708.0,0.47612667505023337
1760,BRT,0.099,2708.0,0.47612667505023337
1823,BRT,0.099,2708.0,0.47612667505023337
579,BRT,0.098,2716.0,0.47131731469619065
631,BRT,0.098,2716.0,0.47131731469619065
1095,BRT,0.098,2716.0,0.47131731469619065
1641,BRT,0.098,2716.0,0.47131731469619065
1917,BRT,0.098,2716.0,0.47131731469619065
72,BRT,0.097,2721.0,0.46650795434214787
121,BRT,0.097,2721.0,0.46650795434214787
504,BRT,0.097,2721.0,0.46650795434214787
515,BRT,0.097,2721.0,0.46650795434214787
1617,BRT,0.097,2721.0,0.46650795434214787
2653,BRT,0.097,2721.0,0.46650795434214787
200,BRT,0.096,2727.0,0.4616985939881051
229,BRT,0.096,2727.0,0.4616985939881051
274,BRT,0.096,2727.0,0.4616985939881051
291,BRT,0.096,2727.0,0.4616985939881051
627,BRT,0.096,2727.0,0.4616985939881051
1247,BRT,0.096,2727.0,0.4616985939881051
1381,BRT,0.096,2727.0,0.4616985939881051
2663,BRT,0.096,2727.0,0.4616985939881051
313,BRT,0.094,2735.0,0.4520798732800196
317,BRT,0.094,2735.0,0.4520798732800196
1638,BRT,0.094,2735.0,0.4520798732800196
2500,BRT,0.094,2735.0,0.4520798732800196
2560,BRT,0.094,2735.0,0.4520798732800196
520,BRT,0.093,2740.0,0.4472705129259768
793,BRT,0.093,2740.0,0.4472705129259768
894,BRT,0.093,2740.0,0.4472705129259768
1245,BRT,0.093,2740.0,0.4472705129259768
1249,BRT,0.093,2740.0,0.4472705129259768
2520,BRT,0.093,2740.0,0.4472705129259768
2563,BRT,0.093,2740.0,0.4472705129259768
285,BRT,0.092,2747.0,0.442461152571934
383,BRT,0.092,2747.0,0.442461152571934
439,BRT,0.092,2747.0,0.442461152571934
1310,BRT,0.092,2747.0,0.442461152571934
28,BRT,0.091,2751.0,0.43765179221789124
54,BRT,0.091,2751.0,0.43765179221789124
158,BRT,0.091,2751.0,0.43765179221789124
936,BRT,0.091,2751.0,0.43765179221789124
1324,BRT,0.09,2755.0,0.4328424318638485
1603,BRT,0.09,2755.0,0.4328424318638485
1713,BRT,0.09,2755.0,0.4328424318638485
154,BRT,0.089,2758.0,0.42803307150980574
726,BRT,0.089,2758.0,0.42803307150980574
1479,BRT,0.089,2758.0,0.42803307150980574
2064,BRT,0.089,2758.0,0.42803307150980574
252,BRT,0.088,2762.0,0.42322371115576296
595,BRT,0.087,2763.0,0.4184143508017202
1667,BRT,0.087,2763.0,0.4184143508017202
841,BRT,0.086,2765.0,0.41360499044767746
2134,BRT,0.086,2765.0,0.41360499044767746
1198,BRT,0.085,2767.0,0.40879563009363473
1322,BRT,0.085,2767.0,0.40879563009363473
290,BRT,0.083,2769.0,0.39917690938554923
692,BRT,0.083,2769.0,0.39917690938554923
663,BRT,0.081,2771.0,0.38955818867746367
1159,BRT,0.081,2771.0,0.38955818867746367
1642,BRT,0.08,2773.0,0.3847488283234209
1901,BRT,0.08,2773.0,0.3847488283234209
1429,BRT,0.079,2775.0,0.37993946796937816
2198,BRT,0.079,2775.0,0.37993946796937816
2768,BRT,0.079,2775.0,0.37993946796937816
144,BRT,0.078,2778.0,0.3751301076153354
2724,MLP,2.381,1.0,9.295285160620802
2085,MLP,2.275,2.0,8.881467341626344
2004,MLP,2.102,3.0,8.206085429493879
1419,MLP,2.072,4.0,8.088967178835071
2318,MLP,1.828,5.0,7.136405406810091
1314,MLP,1.778,6.0,6.941208322378743
1749,MLP,1.722,7.0,6.7225875878156325
679,MLP,1.633,8.0,6.375136777527834
288,MLP,1.621,9.0,6.32828947726431
650,MLP,1.61,10.0,6.2853461186894135
117,MLP,1.607,11.0,6.273634293623532
1871,MLP,1.602,12.0,6.254114585180398
2037,MLP,1.6,13.0,6.246306701803143
1459,MLP,1.598,14.0,6.23849881842589
1960,MLP,1.534,15.0,5.988646550353764
1355,MLP,1.531,16.0,5.976934725287882
70,MLP,1.504,17.0,5.871528299694955
1748,MLP,1.481,18.0,5.781737640856535
2063,MLP,1.48,19.0,5.777833699167908
1488,MLP,1.479,20.0,5.773929757479281
2566,MLP,1.476,21.0,5.7622179324133995
2159,MLP,1.47,22.0,5.738794282281638
1885,MLP,1.442,23.0,5.629483915000082
1114,MLP,1.402,24.0,5.473326247455004
2776,MLP,1.391,25.0,5.430382888880108
2612,MLP,1.39,26.0,5.42647894719148
964,MLP,1.374,27.0,5.36401588017345
427,MLP,1.36,28.0,5.309360696532672
2633,MLP,1.349,29.0,5.266417337957775
2430,MLP,1.323,30.0,5.164914854053474
933,MLP,1.319,31.0,5.149299087298966
761,MLP,1.316,32.0,5.137587262233086
861,MLP,1.308,33.0,5.10635572872407
1277,MLP,1.294,34.0,5.051700545083293
1255,MLP,1.272,35.0,4.965813827933499
955,MLP,1.253,36.0,4.891638935849586
2486,MLP,1.252,37.0,4.88773499416096
1345,MLP,1.248,38.0,4.8721192274064515
2648,MLP,1.248,38.0,4.8721192274064515
2090,MLP,1.24,40.0,4.840887693897436
2047,MLP,1.234,41.0,4.817464043765674
2651,MLP,1.23,42.0,4.801848277011167
297,MLP,1.224,43.0,4.778424626879405
39,MLP,1.223,44.0,4.774520685190778
1945,MLP,1.219,45.0,4.75890491843627
1243,MLP,1.209,46.0,4.71986550155
408,MLP,1.203,47.0,4.696441851418238
970,MLP,1.201,48.0,4.6886339680409845
507,MLP,1.199,49.0,4.680826084663731
2731,MLP,1.196,50.0,4.669114259597849
505,MLP,1.181,51.0,4.610555134268445
1680,MLP,1.179,52.0,4.602747250891191
2679,MLP,1.175,53.0,4.587131484136684
2538,MLP,1.168,54.0,4.559803892316294
2689,MLP,1.163,55.0,4.54028418387316
2110,MLP,1.159,56.0,4.524668417118652
1614,MLP,1.147,57.0,4.477821116855129
2281,MLP,1.14,58.0,4.450493525034739
2680,MLP,1.14,58.0,4.450493525034739
1572,MLP,1.137,60.0,4.4387816999688585
821,MLP,1.131,61.0,4.415358049837097
2432,MLP,1.128,62.0,4.403646224771216
276,MLP,1.125,63.0,4.3919343997053355
294,MLP,1.125,63.0,4.3919343997053355
1009,MLP,1.123,65.0,4.384126516328081
1012,MLP,1.12,66.0,4.3724146912622
287,MLP,1.119,67.0,4.3685107495735735
1815,MLP,1.117,68.0,4.360702866196319
539,MLP,1.109,69.0,4.329471332687303
1305,MLP,1.108,70.0,4.325567390998677
1772,MLP,1.108,70.0,4.325567390998677
1025,MLP,1.106,72.0,4.317759507621423
1700,MLP,1.104,73.0,4.309951624244169
1096,MLP,1.103,74.0,4.306047682555542
2275,MLP,1.099,75.0,4.290431915801034
816,MLP,1.098,76.0,4.286527974112407
1436,MLP,1.093,77.0,4.267008265669272
2160,MLP,1.09,78.0,4.2552964406033915
586,MLP,1.087,79.0,4.24358461553751
1428,MLP,1.086,80.0,4.239680673848884
318,MLP,1.079,81.0,4.2123530820284945
12,MLP,1.078,82.0,4.2084491403398685
2274,MLP,1.075,83.0,4.196737315273987
581,MLP,1.069,84.0,4.173313665142225
193,MLP,1.066,85.0,4.161601840076345
1837,MLP,1.066,85.0,4.161601840076345
2145,MLP,1.066,85.0,4.161601840076345
2309,MLP,1.065,88.0,4.157697898387717
2130,MLP,1.058,89.0,4.130370306567329
35,MLP,1.057,90.0,4.126466364878701
2234,MLP,1.057,90.0,4.126466364878701
1158,MLP,1.054,92.0,4.114754539812821
1972,MLP,1.044,93.0,4.075715122926551
84,MLP,1.042,94.0,4.067907239549297
664,MLP,1.039,95.0,4.056195414483416
2177,MLP,1.039,95.0,4.056195414483416
1448,MLP,1.034,97.0,4.036675706040281
405,MLP,1.033,98.0,4.032771764351654
1879,MLP,1.028,99.0,4.01325205590852
1610,MLP,1.023,100.0,3.9937323474653845
1847,MLP,1.015,101.0,3.9625008139563684
2434,MLP,1.013,102.0,3.9546929305791148
2290,MLP,0.997,103.0,3.8922298635610835
606,MLP,0.996,104.0,3.8883259218724566
1484,MLP,0.996,104.0,3.8883259218724566
1910,MLP,0.992,106.0,3.872710155117949
527,MLP,0.981,107.0,3.829766796543052
951,MLP,0.981,107.0,3.829766796543052
1611,MLP,0.98,109.0,3.8258628548544253
220,MLP,0.977,110.0,3.8141510297885444
1438,MLP,0.977,110.0,3.8141510297885444
1129,MLP,0.975,112.0,3.8063431464112902
2373,MLP,0.975,112.0,3.8063431464112902
1597,MLP,0.971,114.0,3.7907273796567824
168,MLP,0.966,115.0,3.7712076712136477
382,MLP,0.964,116.0,3.7633997878363936
312,MLP,0.962,117.0,3.75559190445914
2583,MLP,0.952,118.0,3.71655248757287
1476,MLP,0.947,119.0,3.697032779129735
1190,MLP,0.946,120.0,3.693128837441108
1697,MLP,0.945,121.0,3.6892248957524814
900,MLP,0.942,122.0,3.6775130706866004
674,MLP,0.939,123.0,3.6658012456207194
927,MLP,0.939,123.0,3.6658012456207194
1360,MLP,0.938,125.0,3.6618973039320926
1530,MLP,0.931,126.0,3.634569712111704
570,MLP,0.93,127.0,3.6306657704230774
1135,MLP,0.927,128.0,3.6189539453571964
1649,MLP,0.926,129.0,3.6150500036685695
1503,MLP,0.924,130.0,3.6072421202913154
2029,MLP,0.924,130.0,3.6072421202913154
696,MLP,0.92,132.0,3.5916263535368076
1884,MLP,0.919,133.0,3.5877224118481807
425,MLP,0.914,134.0,3.5682027034050456
2249,MLP,0.912,135.0,3.560394820027792
2404,MLP,0.91,136.0,3.552586936650538
593,MLP,0.908,137.0,3.544779053273284
2584,MLP,0.908,137.0,3.544779053273284
2225,MLP,0.907,139.0,3.540875111584657
2259,MLP,0.903,140.0,3.525259344830149
874,MLP,0.9,141.0,3.513547519764268
922,MLP,0.899,142.0,3.509643578075641
2158,MLP,0.898,143.0,3.5057396363870144
486,MLP,0.896,144.0,3.4979317530097602
1040,MLP,0.895,145.0,3.4940278113211334
1692,MLP,0.894,146.0,3.4901238696325065
2576,MLP,0.894,146.0,3.4901238696325065
837,MLP,0.893,148.0,3.4862199279438792
1644,MLP,0.893,148.0,3.4862199279438792
1107,MLP,0.891,150.0,3.4784120445666256
325,MLP,0.89,151.0,3.4745081028779987
300,MLP,0.887,152.0,3.4627962778121177
522,MLP,0.887,152.0,3.4627962778121177
1406,MLP,0.885,154.0,3.4549883944348636
561,MLP,0.884,155.0,3.4510844527462368
1093,MLP,0.884,155.0,3.4510844527462368
1637,MLP,0.884,155.0,3.4510844527462368
774,MLP,0.883,158.0,3.44718051105761
1080,MLP,0.883,158.0,3.44718051105761
1146,MLP,0.883,158.0,3.44718051105761
2708,MLP,0.882,161.0,3.4432765693689826
96,MLP,0.879,162.0,3.4315647443031017
1363,MLP,0.879,162.0,3.4315647443031017
1647,MLP,0.879,162.0,3.4315647443031017
959,MLP,0.878,165.0,3.427660802614475
2401,MLP,0.873,166.0,3.40814109417134
100,MLP,0.87,167.0,3.396429269105459
1147,MLP,0.868,168.0,3.388621385728205
2164,MLP,0.868,168.0,3.388621385728205
431,MLP,0.863,170.0,3.3691016772850704
2443,MLP,0.863,170.0,3.3691016772850704
476,MLP,0.862,172.0,3.3651977355964435
230,MLP,0.86,173.0,3.3573898522191894
981,MLP,0.86,173.0,3.3573898522191894
1656,MLP,0.86,173.0,3.3573898522191894
797,MLP,0.859,176.0,3.3534859105305626
1018,MLP,0.858,177.0,3.3495819688419357
1549,MLP,0.858,177.0,3.3495819688419357
672,MLP,0.857,179.0,3.3456780271533084
2609,MLP,0.856,180.0,3.3417740854646816
528,MLP,0.855,181.0,3.3378701437760547
623,MLP,0.853,182.0,3.3300622603988006
2455,MLP,0.848,183.0,3.310542551955666
2441,MLP,0.847,184.0,3.306638610267039
2013,MLP,0.842,185.0,3.287118901823904
281,MLP,0.839,186.0,3.275407076758023
1828,MLP,0.839,186.0,3.275407076758023
1841,MLP,0.839,186.0,3.275407076758023
2188,MLP,0.839,186.0,3.275407076758023
1958,MLP,0.836,190.0,3.263695251692142
249,MLP,0.833,191.0,3.2519834266262615
1371,MLP,0.83,192.0,3.2402716015603805
1311,MLP,0.828,193.0,3.2324637181831264
923,MLP,0.826,194.0,3.2246558348058727
624,MLP,0.821,195.0,3.2051361263627376
463,MLP,0.82,196.0,3.2012321846741107
740,MLP,0.818,197.0,3.1934243012968566
1538,MLP,0.817,198.0,3.1895203596082298
1663,MLP,0.813,199.0,3.173904592853722
307,MLP,0.812,200.0,3.1700006511650956
1558,MLP,0.812,200.0,3.1700006511650956
1320,MLP,0.811,202.0,3.1660967094764683
149,MLP,0.808,203.0,3.1543848844105877
2758,MLP,0.808,203.0,3.1543848844105877
2273,MLP,0.807,205.0,3.1504809427219604
2255,MLP,0.806,206.0,3.1465770010333336
183,MLP,0.805,207.0,3.1426730593447068
748,MLP,0.805,207.0,3.1426730593447068
925,MLP,0.805,207.0,3.1426730593447068
1892,MLP,0.805,207.0,3.1426730593447068
2578,MLP,0.802,211.0,3.1309612342788258
2765,MLP,0.802,211.0,3.1309612342788258
127,MLP,0.801,213.0,3.127057292590199
241,MLP,0.801,213.0,3.127057292590199
1121,MLP,0.801,213.0,3.127057292590199
2189,MLP,0.796,216.0,3.107537584147064
1849,MLP,0.795,217.0,3.103633642458437
1898,MLP,0.795,217.0,3.103633642458437
556,MLP,0.794,219.0,3.09972970076981
1585,MLP,0.794,219.0,3.09972970076981
2511,MLP,0.793,221.0,3.095825759081183
1169,MLP,0.79,222.0,3.0841139340153023
1681,MLP,0.79,222.0,3.0841139340153023
635,MLP,0.788,224.0,3.076306050638048
2436,MLP,0.787,225.0,3.0724021089494213
850,MLP,0.786,226.0,3.068498167260794
1674,MLP,0.785,227.0,3.064594225572167
1914,MLP,0.785,227.0,3.064594225572167
588,MLP,0.783,229.0,3.0567863421949135
917,MLP,0.783,229.0,3.0567863421949135
1423,MLP,0.782,231.0,3.0528824005062862
958,MLP,0.781,232.0,3.0489784588176594
2149,MLP,0.781,232.0,3.0489784588176594
2474,MLP,0.78,234.0,3.0450745171290325
2540,MLP,0.78,234.0,3.0450745171290325
1033,MLP,0.778,236.0,3.0372666337517784
1856,MLP,0.777,237.0,3.0333626920631516
1382,MLP,0.776,238.0,3.0294587503745247
918,MLP,0.774,239.0,3.0216508669972706
746,MLP,0.773,240.0,3.0177469253086437
51,MLP,0.772,241.0,3.013842983620017
2284,MLP,0.77,242.0,3.0060351002427628
2052,MLP,0.768,243.0,2.9982272168655086
129,MLP,0.767,244.0,2.994323275176882
1285,MLP,0.767,244.0,2.994323275176882
2300,MLP,0.767,244.0,2.994323275176882
369,MLP,0.766,247.0,2.990419333488255
2209,MLP,0.764,248.0,2.982611450111001
688,MLP,0.763,249.0,2.978707508422374
656,MLP,0.761,250.0,2.9708996250451203
1778,MLP,0.76,251.0,2.966995683356493
1010,MLP,0.758,252.0,2.9591877999792393
194,MLP,0.757,253.0,2.955283858290612
2542,MLP,0.757,253.0,2.955283858290612
2347,MLP,0.755,255.0,2.9474759749133583
2030,MLP,0.754,256.0,2.9435720332247315
885,MLP,0.752,257.0,2.9357641498474774
1427,MLP,0.752,257.0,2.9357641498474774
1220,MLP,0.746,259.0,2.9123404997157154
1729,MLP,0.746,259.0,2.9123404997157154
1088,MLP,0.745,261.0,2.9084365580270886
1354,MLP,0.742,262.0,2.8967247329612076
511,MLP,0.741,263.0,2.8928207912725807
1861,MLP,0.74,264.0,2.888916849583954
302,MLP,0.739,265.0,2.8850129078953266
2179,MLP,0.739,265.0,2.8850129078953266
2295,MLP,0.739,265.0,2.8850129078953266
1031,MLP,0.738,268.0,2.8811089662066998
1192,MLP,0.738,268.0,2.8811089662066998
2026,MLP,0.738,268.0,2.8811089662066998
2660,MLP,0.737,271.0,2.877205024518073
270,MLP,0.735,272.0,2.869397141140819
1468,MLP,0.735,272.0,2.869397141140819
2257,MLP,0.735,272.0,2.869397141140819
82,MLP,0.734,275.0,2.865493199452192
856,MLP,0.734,275.0,2.865493199452192
1979,MLP,0.734,275.0,2.865493199452192
264,MLP,0.733,278.0,2.861589257763565
402,MLP,0.733,278.0,2.861589257763565
2411,MLP,0.733,278.0,2.861589257763565
2630,MLP,0.733,278.0,2.861589257763565
2211,MLP,0.732,282.0,2.857685316074938
1321,MLP,0.73,283.0,2.849877432697684
2054,MLP,0.729,284.0,2.8459734910090573
2339,MLP,0.729,284.0,2.8459734910090573
1931,MLP,0.728,286.0,2.84206954932043
1172,MLP,0.727,287.0,2.838165607631803
2117,MLP,0.727,287.0,2.838165607631803
2703,MLP,0.727,287.0,2.838165607631803
2541,MLP,0.724,290.0,2.826453782565922
638,MLP,0.723,291.0,2.8225498408772953
1764,MLP,0.723,291.0,2.8225498408772953
2118,MLP,0.722,293.0,2.8186458991886685
146,MLP,0.718,294.0,2.8030301324341607
444,MLP,0.717,295.0,2.7991261907455334
2287,MLP,0.716,296.0,2.7952222490569065
2422,MLP,0.716,296.0,2.7952222490569065
1639,MLP,0.715,298.0,2.7913183073682797
371,MLP,0.714,299.0,2.7874143656796524
1238,MLP,0.712,300.0,2.7796064823023987
1953,MLP,0.71,301.0,2.7717985989251446
339,MLP,0.709,302.0,2.7678946572365177
567,MLP,0.709,302.0,2.7678946572365177
655,MLP,0.709,302.0,2.7678946572365177
877,MLP,0.707,305.0,2.7600867738592636
351,MLP,0.706,306.0,2.7561828321706368
1540,MLP,0.706,306.0,2.7561828321706368
1226,MLP,0.704,308.0,2.748374948793383
214,MLP,0.703,309.0,2.7444710071047558
410,MLP,0.703,309.0,2.7444710071047558
2356,MLP,0.703,309.0,2.7444710071047558
2103,MLP,0.701,312.0,2.736663123727502
2199,MLP,0.701,312.0,2.736663123727502
940,MLP,0.7,314.0,2.732759182038875
2152,MLP,0.7,314.0,2.732759182038875
2344,MLP,0.697,316.0,2.7210473569729943
32,MLP,0.696,317.0,2.717143415284367
1442,MLP,0.696,317.0,2.717143415284367
1893,MLP,0.696,317.0,2.717143415284367
1932,MLP,0.696,317.0,2.717143415284367
1526,MLP,0.695,321.0,2.71323947359574
69,MLP,0.693,322.0,2.7054315902184864
255,MLP,0.692,323.0,2.701527648529859
1754,MLP,0.692,323.0,2.701527648529859
1929,MLP,0.692,323.0,2.701527648529859
1416,MLP,0.691,326.0,2.6976237068412323
467,MLP,0.69,327.0,2.6937197651526055
765,MLP,0.69,327.0,2.6937197651526055
1920,MLP,0.69,327.0,2.6937197651526055
1994,MLP,0.689,330.0,2.689815823463978
74,MLP,0.688,331.0,2.6859118817753513
2092,MLP,0.688,331.0,2.6859118817753513
75,MLP,0.687,333.0,2.682007940086725
1688,MLP,0.685,334.0,2.674200056709471
2469,MLP,0.685,334.0,2.674200056709471
2475,MLP,0.685,334.0,2.674200056709471
1437,MLP,0.684,337.0,2.670296115020844
2106,MLP,0.684,337.0,2.670296115020844
997,MLP,0.682,339.0,2.66248823164359
1652,MLP,0.681,340.0,2.658584289954963
2393,MLP,0.68,341.0,2.654680348266336
143,MLP,0.679,342.0,2.6507764065777093
995,MLP,0.679,342.0,2.6507764065777093
965,MLP,0.678,344.0,2.646872464889082
2593,MLP,0.678,344.0,2.646872464889082
1432,MLP,0.677,346.0,2.642968523200455
1271,MLP,0.676,347.0,2.6390645815118283
1661,MLP,0.676,347.0,2.6390645815118283
1814,MLP,0.676,347.0,2.6390645815118283
2672,MLP,0.676,347.0,2.6390645815118283
2466,MLP,0.675,351.0,2.635160639823201
753,MLP,0.674,352.0,2.631256698134574
392,MLP,0.673,353.0,2.6273527564459473
1686,MLP,0.673,353.0,2.6273527564459473
1779,MLP,0.673,353.0,2.6273527564459473
891,MLP,0.672,356.0,2.6234488147573205
1492,MLP,0.672,356.0,2.6234488147573205
1930,MLP,0.672,356.0,2.6234488147573205
1677,MLP,0.671,359.0,2.619544873068693
334,MLP,0.668,360.0,2.6078330480028127
1607,MLP,0.668,360.0,2.6078330480028127
2299,MLP,0.668,360.0,2.6078330480028127
2437,MLP,0.668,360.0,2.6078330480028127
321,MLP,0.667,364.0,2.6039291063141854
1783,MLP,0.666,365.0,2.6000251646255585
2599,MLP,0.665,366.0,2.5961212229369317
2611,MLP,0.665,366.0,2.5961212229369317
485,MLP,0.664,368.0,2.5922172812483044
899,MLP,0.664,368.0,2.5922172812483044
1118,MLP,0.664,368.0,2.5922172812483044
2076,MLP,0.664,368.0,2.5922172812483044
1377,MLP,0.663,372.0,2.5883133395596776
1203,MLP,0.662,373.0,2.5844093978710507
659,MLP,0.661,374.0,2.580505456182424
1758,MLP,0.66,375.0,2.5766015144937966
2266,MLP,0.66,375.0,2.5766015144937966
1923,MLP,0.658,377.0,2.568793631116543
1543,MLP,0.656,378.0,2.5609857477392888
2552,MLP,0.656,378.0,2.5609857477392888
700,MLP,0.654,380.0,2.553177864362035
1502,MLP,0.654,380.0,2.553177864362035
780,MLP,0.651,382.0,2.541466039296154
920,MLP,0.651,382.0,2.541466039296154
601,MLP,0.65,384.0,2.5375620976075273
251,MLP,0.649,385.0,2.5336581559189
2327,MLP,0.649,385.0,2.5336581559189
1412,MLP,0.648,387.0,2.529754214230273
1418,MLP,0.647,388.0,2.5258502725416463
2183,MLP,0.647,388.0,2.5258502725416463
404,MLP,0.646,390.0,2.521946330853019
636,MLP,0.645,391.0,2.518042389164392
719,MLP,0.645,391.0,2.518042389164392
1594,MLP,0.644,393.0,2.5141384474757653
1627,MLP,0.644,393.0,2.5141384474757653
1909,MLP,0.643,395.0,2.5102345057871385
293,MLP,0.642,396.0,2.506330564098511
1957,MLP,0.642,396.0,2.506330564098511
1151,MLP,0.641,398.0,2.5024266224098843
1919,MLP,0.641,398.0,2.5024266224098843
2497,MLP,0.641,398.0,2.5024266224098843
132,MLP,0.64,401.0,2.4985226807212575
599,MLP,0.64,401.0,2.4985226807212575
1252,MLP,0.64,401.0,2.4985226807212575
1514,MLP,0.64,401.0,2.4985226807212575
2561,MLP,0.64,401.0,2.4985226807212575
428,MLP,0.639,406.0,2.49461873903263
86,MLP,0.638,407.0,2.4907147973440034
343,MLP,0.638,407.0,2.4907147973440034
454,MLP,0.634,409.0,2.4750990305894955
775,MLP,0.634,409.0,2.4750990305894955
1584,MLP,0.634,409.0,2.4750990305894955
2487,MLP,0.634,409.0,2.4750990305894955
2600,MLP,0.634,409.0,2.4750990305894955
979,MLP,0.633,414.0,2.4711950889008687
2704,MLP,0.633,414.0,2.4711950889008687
557,MLP,0.632,416.0,2.4672911472122414
1791,MLP,0.632,416.0,2.4672911472122414
2084,MLP,0.631,418.0,2.4633872055236146
1184,MLP,0.63,419.0,2.4594832638349877
1250,MLP,0.63,419.0,2.4594832638349877
1905,MLP,0.63,419.0,2.4594832638349877
2213,MLP,0.629,422.0,2.455579322146361
11,MLP,0.628,423.0,2.4516753804577336
552,MLP,0.628,423.0,2.4516753804577336
1411,MLP,0.628,423.0,2.4516753804577336
2537,MLP,0.628,423.0,2.4516753804577336
260,MLP,0.627,427.0,2.4477714387691067
452,MLP,0.627,427.0,2.4477714387691067
1391,MLP,0.627,427.0,2.4477714387691067
211,MLP,0.626,430.0,2.44386749708048
262,MLP,0.626,430.0,2.44386749708048
996,MLP,0.626,430.0,2.44386749708048
1328,MLP,0.626,430.0,2.44386749708048
1163,MLP,0.625,434.0,2.439963555391853
306,MLP,0.624,435.0,2.4360596137032258
403,MLP,0.624,435.0,2.4360596137032258
532,MLP,0.623,437.0,2.432155672014599
1008,MLP,0.623,437.0,2.432155672014599
1604,MLP,0.623,437.0,2.432155672014599
2036,MLP,0.623,437.0,2.432155672014599
1523,MLP,0.622,441.0,2.428251730325972
391,MLP,0.621,442.0,2.424347788637345
563,MLP,0.621,442.0,2.424347788637345
2203,MLP,0.621,442.0,2.424347788637345
2662,MLP,0.621,442.0,2.424347788637345
2770,MLP,0.621,442.0,2.424347788637345
151,MLP,0.618,447.0,2.4126359635714643
717,MLP,0.618,447.0,2.4126359635714643
1073,MLP,0.618,447.0,2.4126359635714643
137,MLP,0.617,450.0,2.408732021882837
324,MLP,0.616,451.0,2.40482808019421
1460,MLP,0.616,451.0,2.40482808019421
1648,MLP,0.616,451.0,2.40482808019421
1746,MLP,0.616,451.0,2.40482808019421
2525,MLP,0.616,451.0,2.40482808019421
170,MLP,0.615,456.0,2.4009241385055833
1469,MLP,0.613,457.0,2.393116255128329
1559,MLP,0.613,457.0,2.393116255128329
1690,MLP,0.612,459.0,2.3892123134397023
484,MLP,0.611,460.0,2.3853083717510755
872,MLP,0.61,461.0,2.381404430062448
968,MLP,0.61,461.0,2.381404430062448
2022,MLP,0.608,463.0,2.3735965466851945
815,MLP,0.607,464.0,2.3696926049965676
904,MLP,0.607,464.0,2.3696926049965676
2038,MLP,0.607,464.0,2.3696926049965676
2010,MLP,0.606,467.0,2.3657886633079404
998,MLP,0.604,468.0,2.3579807799306867
1144,MLP,0.604,468.0,2.3579807799306867
1413,MLP,0.604,468.0,2.3579807799306867
2608,MLP,0.604,468.0,2.3579807799306867
2719,MLP,0.604,468.0,2.3579807799306867
222,MLP,0.603,473.0,2.3540768382420594
1020,MLP,0.603,473.0,2.3540768382420594
1913,MLP,0.603,473.0,2.3540768382420594
2005,MLP,0.603,473.0,2.3540768382420594
2547,MLP,0.603,473.0,2.3540768382420594
266,MLP,0.602,478.0,2.3501728965534325
2656,MLP,0.6,479.0,2.342365013176179
2067,MLP,0.599,480.0,2.3384610714875516
2736,MLP,0.599,480.0,2.3384610714875516
228,MLP,0.597,482.0,2.330653188110298
818,MLP,0.597,482.0,2.330653188110298
865,MLP,0.597,482.0,2.330653188110298
2774,MLP,0.597,482.0,2.330653188110298
913,MLP,0.594,486.0,2.318941363044417
372,MLP,0.593,487.0,2.31503742135579
1109,MLP,0.593,487.0,2.31503742135579
212,MLP,0.592,489.0,2.3111334796671628
2544,MLP,0.592,489.0,2.3111334796671628
2305,MLP,0.591,491.0,2.307229537978536
547,MLP,0.59,492.0,2.303325596289909
860,MLP,0.59,492.0,2.303325596289909
1566,MLP,0.59,492.0,2.303325596289909
1253,MLP,0.589,495.0,2.299421654601282
1853,MLP,0.589,495.0,2.299421654601282
133,MLP,0.588,497.0,2.295517712912655
280,MLP,0.588,497.0,2.295517712912655
1361,MLP,0.588,497.0,2.295517712912655
1678,MLP,0.588,497.0,2.295517712912655
1999,MLP,0.587,501.0,2.291613771224028
27,MLP,0.586,502.0,2.2877098295354013
1922,MLP,0.585,503.0,2.283805887846774
2739,MLP,0.585,503.0,2.283805887846774
60,MLP,0.584,505.0,2.279901946158147
825,MLP,0.584,505.0,2.279901946158147
1308,MLP,0.582,507.0,2.2720940627808934
1518,MLP,0.582,507.0,2.2720940627808934
59,MLP,0.581,509.0,2.268190121092266
429,MLP,0.581,509.0,2.268190121092266
1539,MLP,0.581,509.0,2.268190121092266
1825,MLP,0.581,509.0,2.268190121092266
2292,MLP,0.581,509.0,2.268190121092266
2659,MLP,0.581,509.0,2.268190121092266
2722,MLP,0.581,509.0,2.268190121092266
358,MLP,0.58,516.0,2.2642861794036393
1264,MLP,0.58,516.0,2.2642861794036393
2389,MLP,0.58,516.0,2.2642861794036393
15,MLP,0.576,519.0,2.2486704126491315
189,MLP,0.576,519.0,2.2486704126491315
244,MLP,0.576,519.0,2.2486704126491315
1924,MLP,0.576,519.0,2.2486704126491315
849,MLP,0.575,523.0,2.2447664709605046
1185,MLP,0.575,523.0,2.2447664709605046
2099,MLP,0.575,523.0,2.2447664709605046
2195,MLP,0.575,523.0,2.2447664709605046
423,MLP,0.574,527.0,2.2408625292718773
2227,MLP,0.574,527.0,2.2408625292718773
1004,MLP,0.573,529.0,2.2369585875832505
1356,MLP,0.573,529.0,2.2369585875832505
509,MLP,0.572,531.0,2.2330546458946237
1794,MLP,0.572,531.0,2.2330546458946237
2186,MLP,0.572,531.0,2.2330546458946237
942,MLP,0.571,534.0,2.2291507042059964
1480,MLP,0.571,534.0,2.2291507042059964
2710,MLP,0.571,534.0,2.2291507042059964
1888,MLP,0.57,537.0,2.2252467625173695
2250,MLP,0.57,537.0,2.2252467625173695
830,MLP,0.569,539.0,2.2213428208287427
2384,MLP,0.569,539.0,2.2213428208287427
283,MLP,0.568,541.0,2.217438879140116
2392,MLP,0.568,541.0,2.217438879140116
878,MLP,0.567,543.0,2.2135349374514885
176,MLP,0.566,544.0,2.2096309957628617
418,MLP,0.566,544.0,2.2096309957628617
1011,MLP,0.566,544.0,2.2096309957628617
2667,MLP,0.566,544.0,2.2096309957628617
1337,MLP,0.565,548.0,2.205727054074235
1921,MLP,0.565,548.0,2.205727054074235
2298,MLP,0.565,548.0,2.205727054074235
1475,MLP,0.564,551.0,2.201823112385608
2136,MLP,0.564,551.0,2.201823112385608
370,MLP,0.563,553.0,2.1979191706969807
1912,MLP,0.562,554.0,2.1940152290083543
160,MLP,0.561,555.0,2.1901112873197275
442,MLP,0.561,555.0,2.1901112873197275
1140,MLP,0.561,555.0,2.1901112873197275
1583,MLP,0.561,555.0,2.1901112873197275
1689,MLP,0.561,555.0,2.1901112873197275
1019,MLP,0.56,560.0,2.1862073456311
2258,MLP,0.56,560.0,2.1862073456311
991,MLP,0.558,562.0,2.1783994622538465
1263,MLP,0.558,562.0,2.1783994622538465
2705,MLP,0.558,562.0,2.1783994622538465
253,MLP,0.557,565.0,2.1744955205652197
654,MLP,0.557,565.0,2.1744955205652197
1693,MLP,0.557,565.0,2.1744955205652197
1704,MLP,0.557,565.0,2.1744955205652197
1811,MLP,0.556,569.0,2.1705915788765924
2323,MLP,0.556,569.0,2.1705915788765924
1775,MLP,0.555,571.0,2.1666876371879655
2261,MLP,0.554,572.0,2.1627836954993387
901,MLP,0.553,573.0,2.1588797538107114
2388,MLP,0.553,573.0,2.1588797538107114
697,MLP,0.552,575.0,2.1549758121220846
714,MLP,0.552,575.0,2.1549758121220846
2220,MLP,0.552,575.0,2.1549758121220846
2367,MLP,0.552,575.0,2.1549758121220846
22,MLP,0.551,579.0,2.1510718704334577
1669,MLP,0.551,579.0,2.1510718704334577
2057,MLP,0.551,579.0,2.1510718704334577
2161,MLP,0.551,579.0,2.1510718704334577
459,MLP,0.549,583.0,2.1432639870562036
488,MLP,0.548,584.0,2.1393600453675767
569,MLP,0.548,584.0,2.1393600453675767
2529,MLP,0.548,584.0,2.1393600453675767
612,MLP,0.547,587.0,2.13545610367895
1349,MLP,0.547,587.0,2.13545610367895
377,MLP,0.546,589.0,2.1315521619903226
1390,MLP,0.546,589.0,2.1315521619903226
1517,MLP,0.546,589.0,2.1315521619903226
1623,MLP,0.546,589.0,2.1315521619903226
2456,MLP,0.545,593.0,2.1276482203016958
596,MLP,0.544,594.0,2.123744278613069
1041,MLP,0.544,594.0,2.123744278613069
1344,MLP,0.544,594.0,2.123744278613069
2581,MLP,0.544,594.0,2.123744278613069
44,MLP,0.543,598.0,2.119840336924442
491,MLP,0.543,598.0,2.119840336924442
2746,MLP,0.543,598.0,2.119840336924442
1439,MLP,0.542,601.0,2.115936395235815
2012,MLP,0.542,601.0,2.115936395235815
2096,MLP,0.542,601.0,2.115936395235815
2381,MLP,0.542,601.0,2.115936395235815
2394,MLP,0.542,601.0,2.115936395235815
2714,MLP,0.542,601.0,2.115936395235815
763,MLP,0.541,607.0,2.112032453547188
1212,MLP,0.541,607.0,2.112032453547188
1534,MLP,0.541,607.0,2.112032453547188
2132,MLP,0.541,607.0,2.112032453547188
812,MLP,0.54,611.0,2.108128511858561
1084,MLP,0.54,611.0,2.108128511858561
2450,MLP,0.54,611.0,2.108128511858561
1233,MLP,0.539,614.0,2.1042245701699342
2380,MLP,0.539,614.0,2.1042245701699342
836,MLP,0.538,616.0,2.100320628481307
2632,MLP,0.538,616.0,2.100320628481307
1001,MLP,0.537,618.0,2.09641668679268
1493,MLP,0.537,618.0,2.09641668679268
1522,MLP,0.537,618.0,2.09641668679268
2752,MLP,0.537,618.0,2.09641668679268
1090,MLP,0.536,622.0,2.0925127451040533
1826,MLP,0.536,622.0,2.0925127451040533
116,MLP,0.535,624.0,2.088608803415426
698,MLP,0.535,624.0,2.088608803415426
2762,MLP,0.535,624.0,2.088608803415426
245,MLP,0.534,627.0,2.084704861726799
292,MLP,0.534,627.0,2.084704861726799
937,MLP,0.534,627.0,2.084704861726799
1062,MLP,0.534,627.0,2.084704861726799
1125,MLP,0.534,627.0,2.084704861726799
1315,MLP,0.534,627.0,2.084704861726799
1650,MLP,0.534,627.0,2.084704861726799
2023,MLP,0.534,627.0,2.084704861726799
2673,MLP,0.534,627.0,2.084704861726799
93,MLP,0.533,636.0,2.0808009200381723
2319,MLP,0.533,636.0,2.0808009200381723
2605,MLP,0.532,638.0,2.0768969783495455
2665,MLP,0.532,638.0,2.0768969783495455
1023,MLP,0.531,640.0,2.072993036660918
2277,MLP,0.531,640.0,2.072993036660918
2509,MLP,0.53,642.0,2.0690890949722913
496,MLP,0.529,643.0,2.0651851532836645
529,MLP,0.529,643.0,2.0651851532836645
1369,MLP,0.529,643.0,2.0651851532836645
1385,MLP,0.529,643.0,2.0651851532836645
119,MLP,0.528,647.0,2.061281211595037
320,MLP,0.527,648.0,2.0573772699064103
381,MLP,0.527,648.0,2.0573772699064103
26,MLP,0.526,650.0,2.0534733282177835
349,MLP,0.525,651.0,2.0495693865291567
502,MLP,0.525,651.0,2.0495693865291567
1272,MLP,0.525,651.0,2.0495693865291567
1295,MLP,0.524,654.0,2.0456654448405294
1824,MLP,0.524,654.0,2.0456654448405294
2089,MLP,0.524,654.0,2.0456654448405294
2210,MLP,0.524,654.0,2.0456654448405294
843,MLP,0.523,658.0,2.0417615031519025
1222,MLP,0.523,658.0,2.0417615031519025
282,MLP,0.522,660.0,2.0378575614632757
988,MLP,0.522,660.0,2.0378575614632757
2416,MLP,0.522,660.0,2.0378575614632757
721,MLP,0.521,663.0,2.0339536197746484
2677,MLP,0.521,663.0,2.0339536197746484
342,MLP,0.519,665.0,2.0261457363973947
879,MLP,0.519,665.0,2.0261457363973947
1312,MLP,0.519,665.0,2.0261457363973947
1400,MLP,0.519,665.0,2.0261457363973947
1845,MLP,0.519,665.0,2.0261457363973947
2224,MLP,0.519,665.0,2.0261457363973947
2484,MLP,0.519,665.0,2.0261457363973947
2546,MLP,0.519,665.0,2.0261457363973947
814,MLP,0.518,673.0,2.022241794708768
1258,MLP,0.517,674.0,2.0183378530201406
1482,MLP,0.517,674.0,2.0183378530201406
1165,MLP,0.516,676.0,2.0144339113315137
2627,MLP,0.516,676.0,2.0144339113315137
711,MLP,0.515,678.0,2.010529969642887
1537,MLP,0.515,678.0,2.010529969642887
1974,MLP,0.515,678.0,2.010529969642887
387,MLP,0.513,681.0,2.0027220862656328
1105,MLP,0.513,681.0,2.0027220862656328
1715,MLP,0.513,681.0,2.0027220862656328
2480,MLP,0.513,681.0,2.0027220862656328
2697,MLP,0.513,681.0,2.0027220862656328
104,MLP,0.512,686.0,1.998818144577006
1601,MLP,0.512,686.0,1.998818144577006
2757,MLP,0.512,686.0,1.998818144577006
34,MLP,0.511,689.0,1.9949142028883788
657,MLP,0.511,689.0,1.9949142028883788
776,MLP,0.511,689.0,1.9949142028883788
2505,MLP,0.511,689.0,1.9949142028883788
844,MLP,0.509,693.0,1.987106319511125
1926,MLP,0.509,693.0,1.987106319511125
1935,MLP,0.509,693.0,1.987106319511125
2091,MLP,0.509,693.0,1.987106319511125
2515,MLP,0.509,693.0,1.987106319511125
2517,MLP,0.508,698.0,1.983202377822498
10,MLP,0.507,699.0,1.979298436133871
1596,MLP,0.507,699.0,1.979298436133871
156,MLP,0.506,701.0,1.9753944944452442
695,MLP,0.506,701.0,1.9753944944452442
1575,MLP,0.506,701.0,1.9753944944452442
1445,MLP,0.505,704.0,1.971490552756617
1756,MLP,0.505,704.0,1.971490552756617
2501,MLP,0.505,704.0,1.971490552756617
823,MLP,0.503,707.0,1.9636826693793632
523,MLP,0.502,708.0,1.9597787276907361
2674,MLP,0.502,708.0,1.9597787276907361
1126,MLP,0.501,710.0,1.9558747860021093
1166,MLP,0.501,710.0,1.9558747860021093
1431,MLP,0.501,710.0,1.9558747860021093
518,MLP,0.5,713.0,1.9519708443134822
1702,MLP,0.5,713.0,1.9519708443134822
1869,MLP,0.5,713.0,1.9519708443134822
316,MLP,0.499,716.0,1.9480669026248554
973,MLP,0.499,716.0,1.9480669026248554
1672,MLP,0.499,716.0,1.9480669026248554
2585,MLP,0.499,716.0,1.9480669026248554
52,MLP,0.498,720.0,1.9441629609362283
389,MLP,0.498,720.0,1.9441629609362283
2033,MLP,0.498,720.0,1.9441629609362283
24,MLP,0.497,723.0,1.9402590192476015
451,MLP,0.497,723.0,1.9402590192476015
667,MLP,0.497,723.0,1.9402590192476015
2351,MLP,0.497,723.0,1.9402590192476015
871,MLP,0.496,727.0,1.9363550775589744
2314,MLP,0.496,727.0,1.9363550775589744
1270,MLP,0.495,729.0,1.9324511358703473
1670,MLP,0.495,729.0,1.9324511358703473
2634,MLP,0.495,729.0,1.9324511358703473
25,MLP,0.494,732.0,1.9285471941817205
2490,MLP,0.494,732.0,1.9285471941817205
367,MLP,0.493,734.0,1.9246432524930934
473,MLP,0.493,734.0,1.9246432524930934
978,MLP,0.493,734.0,1.9246432524930934
221,MLP,0.492,737.0,1.9207393108044666
1838,MLP,0.492,737.0,1.9207393108044666
1883,MLP,0.491,739.0,1.9168353691158395
131,MLP,0.49,740.0,1.9129314274272127
76,MLP,0.489,741.0,1.9090274857385856
173,MLP,0.489,741.0,1.9090274857385856
873,MLP,0.489,741.0,1.9090274857385856
1302,MLP,0.488,744.0,1.9051235440499588
1781,MLP,0.488,744.0,1.9051235440499588
1007,MLP,0.487,746.0,1.9012196023613317
1808,MLP,0.486,747.0,1.8973156606727046
2212,MLP,0.486,747.0,1.8973156606727046
2238,MLP,0.486,747.0,1.8973156606727046
2564,MLP,0.486,747.0,1.8973156606727046
562,MLP,0.485,751.0,1.8934117189840778
847,MLP,0.485,751.0,1.8934117189840778
2359,MLP,0.485,751.0,1.8934117189840778
474,MLP,0.484,754.0,1.8895077772954507
845,MLP,0.484,754.0,1.8895077772954507
1221,MLP,0.484,754.0,1.8895077772954507
2326,MLP,0.483,757.0,1.8856038356068239
805,MLP,0.482,758.0,1.8816998939181968
2140,MLP,0.482,758.0,1.8816998939181968
1716,MLP,0.481,760.0,1.87779595222957
455,MLP,0.48,761.0,1.873892010540943
2467,MLP,0.48,761.0,1.873892010540943
187,MLP,0.479,763.0,1.869988068852316
216,MLP,0.479,763.0,1.869988068852316
483,MLP,0.479,763.0,1.869988068852316
1606,MLP,0.479,763.0,1.869988068852316
409,MLP,0.478,767.0,1.866084127163689
1383,MLP,0.478,767.0,1.866084127163689
2053,MLP,0.478,767.0,1.866084127163689
2313,MLP,0.478,767.0,1.866084127163689
1846,MLP,0.477,771.0,1.862180185475062
2447,MLP,0.477,771.0,1.862180185475062
188,MLP,0.476,773.0,1.858276243786435
960,MLP,0.476,773.0,1.858276243786435
1254,MLP,0.476,773.0,1.858276243786435
1565,MLP,0.476,773.0,1.858276243786435
1755,MLP,0.476,773.0,1.858276243786435
536,MLP,0.475,778.0,1.854372302097808
863,MLP,0.475,778.0,1.854372302097808
732,MLP,0.474,780.0,1.8504683604091812
1551,MLP,0.474,780.0,1.8504683604091812
445,MLP,0.473,782.0,1.846564418720554
538,MLP,0.473,782.0,1.846564418720554
669,MLP,0.473,782.0,1.846564418720554
902,MLP,0.473,782.0,1.846564418720554
1622,MLP,0.473,782.0,1.846564418720554
1875,MLP,0.473,782.0,1.846564418720554
1993,MLP,0.473,782.0,1.846564418720554
1286,MLP,0.472,789.0,1.8426604770319273
1954,MLP,0.472,789.0,1.8426604770319273
308,MLP,0.47,791.0,1.8348525936546733
734,MLP,0.47,791.0,1.8348525936546733
1499,MLP,0.47,791.0,1.8348525936546733
2332,MLP,0.47,791.0,1.8348525936546733
411,MLP,0.469,795.0,1.8309486519660463
1951,MLP,0.469,795.0,1.8309486519660463
2204,MLP,0.469,795.0,1.8309486519660463
2354,MLP,0.469,795.0,1.8309486519660463
1119,MLP,0.468,799.0,1.8270447102774194
1279,MLP,0.467,800.0,1.8231407685887926
2333,MLP,0.467,800.0,1.8231407685887926
110,MLP,0.466,802.0,1.8192368269001655
1874,MLP,0.466,802.0,1.8192368269001655
2162,MLP,0.466,802.0,1.8192368269001655
2495,MLP,0.466,802.0,1.8192368269001655
1122,MLP,0.465,806.0,1.8153328852115387
81,MLP,0.464,807.0,1.8114289435229116
323,MLP,0.464,807.0,1.8114289435229116
373,MLP,0.464,807.0,1.8114289435229116
374,MLP,0.464,807.0,1.8114289435229116
729,MLP,0.464,807.0,1.8114289435229116
743,MLP,0.464,807.0,1.8114289435229116
952,MLP,0.464,807.0,1.8114289435229116
1043,MLP,0.464,807.0,1.8114289435229116
2695,MLP,0.464,807.0,1.8114289435229116
2748,MLP,0.464,807.0,1.8114289435229116
668,MLP,0.463,817.0,1.8075250018342848
2260,MLP,0.463,817.0,1.8075250018342848
2607,MLP,0.463,817.0,1.8075250018342848
277,MLP,0.462,820.0,1.8036210601456577
1788,MLP,0.462,820.0,1.8036210601456577
1296,MLP,0.461,822.0,1.7997171184570306
2338,MLP,0.461,822.0,1.7997171184570306
3,MLP,0.46,824.0,1.7958131767684038
1589,MLP,0.46,824.0,1.7958131767684038
1662,MLP,0.46,824.0,1.7958131767684038
1948,MLP,0.46,824.0,1.7958131767684038
1968,MLP,0.46,824.0,1.7958131767684038
314,MLP,0.459,829.0,1.7919092350797767
1807,MLP,0.459,829.0,1.7919092350797767
437,MLP,0.458,831.0,1.7880052933911499
506,MLP,0.458,831.0,1.7880052933911499
625,MLP,0.458,831.0,1.7880052933911499
1453,MLP,0.458,831.0,1.7880052933911499
1793,MLP,0.458,831.0,1.7880052933911499
2157,MLP,0.458,831.0,1.7880052933911499
238,MLP,0.457,837.0,1.7841013517025228
1443,MLP,0.457,837.0,1.7841013517025228
1524,MLP,0.457,837.0,1.7841013517025228
184,MLP,0.455,840.0,1.776293468325269
905,MLP,0.455,840.0,1.776293468325269
1153,MLP,0.455,840.0,1.776293468325269
1175,MLP,0.455,840.0,1.776293468325269
1625,MLP,0.455,840.0,1.776293468325269
1640,MLP,0.455,840.0,1.776293468325269
2060,MLP,0.455,840.0,1.776293468325269
2122,MLP,0.455,840.0,1.776293468325269
565,MLP,0.454,848.0,1.772389526636642
806,MLP,0.454,848.0,1.772389526636642
1106,MLP,0.454,848.0,1.772389526636642
1705,MLP,0.454,848.0,1.772389526636642
2638,MLP,0.454,848.0,1.772389526636642
1834,MLP,0.453,853.0,1.768485584948015
2242,MLP,0.453,853.0,1.768485584948015
769,MLP,0.452,855.0,1.764581643259388
1045,MLP,0.452,855.0,1.764581643259388
1933,MLP,0.452,855.0,1.764581643259388
546,MLP,0.451,858.0,1.760677701570761
768,MLP,0.451,858.0,1.760677701570761
1142,MLP,0.451,858.0,1.760677701570761
1966,MLP,0.451,858.0,1.760677701570761
1989,MLP,0.451,858.0,1.760677701570761
38,MLP,0.45,863.0,1.756773759882134
289,MLP,0.45,863.0,1.756773759882134
972,MLP,0.45,863.0,1.756773759882134
1291,MLP,0.45,863.0,1.756773759882134
2276,MLP,0.45,863.0,1.756773759882134
2055,MLP,0.449,868.0,1.7528698181935072
2080,MLP,0.449,868.0,1.7528698181935072
2156,MLP,0.449,868.0,1.7528698181935072
99,MLP,0.448,871.0,1.7489658765048801
420,MLP,0.447,872.0,1.7450619348162533
180,MLP,0.446,873.0,1.7411579931276262
851,MLP,0.446,873.0,1.7411579931276262
1244,MLP,0.446,873.0,1.7411579931276262
2442,MLP,0.446,873.0,1.7411579931276262
2610,MLP,0.446,873.0,1.7411579931276262
2727,MLP,0.446,873.0,1.7411579931276262
443,MLP,0.445,879.0,1.7372540514389994
1819,MLP,0.445,879.0,1.7372540514389994
2278,MLP,0.445,879.0,1.7372540514389994
497,MLP,0.444,882.0,1.7333501097503723
1211,MLP,0.444,882.0,1.7333501097503723
1855,MLP,0.444,882.0,1.7333501097503723
1981,MLP,0.444,882.0,1.7333501097503723
2644,MLP,0.444,882.0,1.7333501097503723
577,MLP,0.443,887.0,1.7294461680617452
1711,MLP,0.443,887.0,1.7294461680617452
2163,MLP,0.443,887.0,1.7294461680617452
2737,MLP,0.443,887.0,1.7294461680617452
2756,MLP,0.443,887.0,1.7294461680617452
616,MLP,0.442,892.0,1.7255422263731184
1408,MLP,0.442,892.0,1.7255422263731184
2073,MLP,0.442,892.0,1.7255422263731184
2200,MLP,0.442,892.0,1.7255422263731184
2246,MLP,0.442,892.0,1.7255422263731184
2635,MLP,0.442,892.0,1.7255422263731184
2741,MLP,0.442,892.0,1.7255422263731184
265,MLP,0.441,899.0,1.7216382846844913
424,MLP,0.441,899.0,1.7216382846844913
464,MLP,0.441,899.0,1.7216382846844913
613,MLP,0.441,899.0,1.7216382846844913
725,MLP,0.441,899.0,1.7216382846844913
2034,MLP,0.441,899.0,1.7216382846844913
587,MLP,0.44,905.0,1.7177343429958645
2723,MLP,0.44,905.0,1.7177343429958645
1501,MLP,0.439,907.0,1.7138304013072374
2248,MLP,0.439,907.0,1.7138304013072374
2293,MLP,0.439,907.0,1.7138304013072374
65,MLP,0.438,910.0,1.7099264596186106
1026,MLP,0.438,910.0,1.7099264596186106
1032,MLP,0.438,910.0,1.7099264596186106
1189,MLP,0.438,910.0,1.7099264596186106
1657,MLP,0.438,910.0,1.7099264596186106
2019,MLP,0.438,910.0,1.7099264596186106
2170,MLP,0.438,910.0,1.7099264596186106
2418,MLP,0.438,910.0,1.7099264596186106
192,MLP,0.437,918.0,1.7060225179299835
827,MLP,0.437,918.0,1.7060225179299835
1710,MLP,0.437,918.0,1.7060225179299835
2000,MLP,0.437,918.0,1.7060225179299835
2137,MLP,0.437,918.0,1.7060225179299835
2690,MLP,0.437,918.0,1.7060225179299835
598,MLP,0.436,924.0,1.7021185762413567
1304,MLP,0.436,924.0,1.7021185762413567
1568,MLP,0.436,924.0,1.7021185762413567
157,MLP,0.435,927.0,1.6982146345527296
303,MLP,0.435,927.0,1.6982146345527296
460,MLP,0.435,927.0,1.6982146345527296
468,MLP,0.435,927.0,1.6982146345527296
600,MLP,0.435,927.0,1.6982146345527296
892,MLP,0.435,927.0,1.6982146345527296
2717,MLP,0.435,927.0,1.6982146345527296
2733,MLP,0.435,927.0,1.6982146345527296
138,MLP,0.434,935.0,1.6943106928641025
701,MLP,0.434,935.0,1.6943106928641025
2133,MLP,0.434,935.0,1.6943106928641025
501,MLP,0.433,938.0,1.6904067511754757
1183,MLP,0.433,938.0,1.6904067511754757
2368,MLP,0.433,938.0,1.6904067511754757
2444,MLP,0.433,938.0,1.6904067511754757
2506,MLP,0.433,938.0,1.6904067511754757
101,MLP,0.432,943.0,1.6865028094868486
362,MLP,0.432,943.0,1.6865028094868486
259,MLP,0.431,945.0,1.6825988677982218
608,MLP,0.431,945.0,1.6825988677982218
1048,MLP,0.431,945.0,1.6825988677982218
1098,MLP,0.431,945.0,1.6825988677982218
1454,MLP,0.431,945.0,1.6825988677982218
1569,MLP,0.431,945.0,1.6825988677982218
2191,MLP,0.431,945.0,1.6825988677982218
1829,MLP,0.43,952.0,1.6786949261095947
1839,MLP,0.43,952.0,1.6786949261095947
2489,MLP,0.43,952.0,1.6786949261095947
2533,MLP,0.43,952.0,1.6786949261095947
335,MLP,0.429,956.0,1.6747909844209679
630,MLP,0.429,956.0,1.6747909844209679
1422,MLP,0.429,956.0,1.6747909844209679
1708,MLP,0.429,956.0,1.6747909844209679
53,MLP,0.428,960.0,1.6708870427323408
2524,MLP,0.428,960.0,1.6708870427323408
379,MLP,0.427,962.0,1.6669831010437137
1127,MLP,0.427,962.0,1.6669831010437137
2602,MLP,0.427,962.0,1.6669831010437137
1980,MLP,0.426,965.0,1.6630791593550869
1333,MLP,0.425,966.0,1.6591752176664598
2682,MLP,0.425,966.0,1.6591752176664598
125,MLP,0.424,968.0,1.655271275977833
177,MLP,0.424,968.0,1.655271275977833
803,MLP,0.424,968.0,1.655271275977833
2691,MLP,0.424,968.0,1.655271275977833
513,MLP,0.423,972.0,1.651367334289206
649,MLP,0.423,972.0,1.651367334289206
888,MLP,0.423,972.0,1.651367334289206
1380,MLP,0.423,972.0,1.651367334289206
1872,MLP,0.423,972.0,1.651367334289206
1897,MLP,0.423,972.0,1.651367334289206
637,MLP,0.422,978.0,1.647463392600579
1111,MLP,0.422,978.0,1.647463392600579
2241,MLP,0.422,978.0,1.647463392600579
1180,MLP,0.421,981.0,1.643559450911952
1986,MLP,0.421,981.0,1.643559450911952
310,MLP,0.42,983.0,1.6396555092233251
1037,MLP,0.42,983.0,1.6396555092233251
2020,MLP,0.42,983.0,1.6396555092233251
684,MLP,0.419,986.0,1.635751567534698
722,MLP,0.419,986.0,1.635751567534698
800,MLP,0.419,986.0,1.635751567534698
962,MLP,0.419,986.0,1.635751567534698
986,MLP,0.419,986.0,1.635751567534698
1316,MLP,0.419,986.0,1.635751567534698
1646,MLP,0.419,986.0,1.635751567534698
1651,MLP,0.419,986.0,1.635751567534698
1776,MLP,0.419,986.0,1.635751567534698
1934,MLP,0.419,986.0,1.635751567534698
2481,MLP,0.419,986.0,1.635751567534698
199,MLP,0.418,997.0,1.631847625846071
326,MLP,0.418,997.0,1.631847625846071
578,MLP,0.418,997.0,1.631847625846071
876,MLP,0.418,997.0,1.631847625846071
1070,MLP,0.418,997.0,1.631847625846071
1943,MLP,0.418,997.0,1.631847625846071
1952,MLP,0.418,997.0,1.631847625846071
2128,MLP,0.418,997.0,1.631847625846071
2205,MLP,0.418,997.0,1.631847625846071
1044,MLP,0.417,1006.0,1.6279436841574442
257,MLP,0.416,1007.0,1.624039742468817
566,MLP,0.416,1007.0,1.624039742468817
602,MLP,0.416,1007.0,1.624039742468817
1017,MLP,0.416,1007.0,1.624039742468817
1388,MLP,0.416,1007.0,1.624039742468817
2104,MLP,0.416,1007.0,1.624039742468817
17,MLP,0.415,1013.0,1.6201358007801903
2078,MLP,0.415,1013.0,1.6201358007801903
2294,MLP,0.415,1013.0,1.6201358007801903
862,MLP,0.414,1016.0,1.6162318590915632
1207,MLP,0.414,1016.0,1.6162318590915632
1347,MLP,0.414,1016.0,1.6162318590915632
2245,MLP,0.414,1016.0,1.6162318590915632
2346,MLP,0.414,1016.0,1.6162318590915632
175,MLP,0.413,1021.0,1.6123279174029364
469,MLP,0.413,1021.0,1.6123279174029364
967,MLP,0.413,1021.0,1.6123279174029364
2453,MLP,0.413,1021.0,1.6123279174029364
2657,MLP,0.413,1021.0,1.6123279174029364
2658,MLP,0.413,1021.0,1.6123279174029364
2676,MLP,0.413,1021.0,1.6123279174029364
495,MLP,0.412,1028.0,1.6084239757143093
713,MLP,0.412,1028.0,1.6084239757143093
1297,MLP,0.412,1028.0,1.6084239757143093
1473,MLP,0.412,1028.0,1.6084239757143093
236,MLP,0.411,1032.0,1.6045200340256824
449,MLP,0.411,1032.0,1.6045200340256824
457,MLP,0.411,1032.0,1.6045200340256824
738,MLP,0.411,1032.0,1.6045200340256824
1216,MLP,0.411,1032.0,1.6045200340256824
1532,MLP,0.411,1032.0,1.6045200340256824
1508,MLP,0.41,1038.0,1.6006160923370554
1608,MLP,0.41,1038.0,1.6006160923370554
2532,MLP,0.41,1038.0,1.6006160923370554
376,MLP,0.409,1041.0,1.5967121506484283
890,MLP,0.409,1041.0,1.5967121506484283
2269,MLP,0.409,1041.0,1.5967121506484283
1787,MLP,0.408,1044.0,1.5928082089598015
2042,MLP,0.408,1044.0,1.5928082089598015
296,MLP,0.407,1046.0,1.5889042672711744
810,MLP,0.407,1046.0,1.5889042672711744
1246,MLP,0.407,1046.0,1.5889042672711744
1631,MLP,0.407,1046.0,1.5889042672711744
1806,MLP,0.407,1046.0,1.5889042672711744
2226,MLP,0.407,1046.0,1.5889042672711744
482,MLP,0.406,1052.0,1.5850003255825478
629,MLP,0.406,1052.0,1.5850003255825478
705,MLP,0.406,1052.0,1.5850003255825478
1224,MLP,0.406,1052.0,1.5850003255825478
1353,MLP,0.406,1052.0,1.5850003255825478
1768,MLP,0.406,1052.0,1.5850003255825478
1995,MLP,0.406,1052.0,1.5850003255825478
2522,MLP,0.406,1052.0,1.5850003255825478
582,MLP,0.405,1060.0,1.5810963838939207
757,MLP,0.405,1060.0,1.5810963838939207
1504,MLP,0.405,1060.0,1.5810963838939207
2151,MLP,0.405,1060.0,1.5810963838939207
364,MLP,0.404,1064.0,1.5771924422052939
1858,MLP,0.404,1064.0,1.5771924422052939
8,MLP,0.403,1066.0,1.5732885005166668
71,MLP,0.403,1066.0,1.5732885005166668
956,MLP,0.403,1066.0,1.5732885005166668
1450,MLP,0.403,1066.0,1.5732885005166668
1513,MLP,0.403,1066.0,1.5732885005166668
548,MLP,0.402,1071.0,1.56938455882804
708,MLP,0.402,1071.0,1.56938455882804
1150,MLP,0.402,1071.0,1.56938455882804
2419,MLP,0.402,1071.0,1.56938455882804
171,MLP,0.401,1075.0,1.5654806171394129
931,MLP,0.401,1075.0,1.5654806171394129
2232,MLP,0.401,1075.0,1.5654806171394129
225,MLP,0.4,1078.0,1.5615766754507858
712,MLP,0.4,1078.0,1.5615766754507858
733,MLP,0.4,1078.0,1.5615766754507858
943,MLP,0.4,1078.0,1.5615766754507858
950,MLP,0.399,1082.0,1.557672733762159
1155,MLP,0.399,1082.0,1.557672733762159
1210,MLP,0.399,1082.0,1.557672733762159
1472,MLP,0.399,1082.0,1.557672733762159
1511,MLP,0.399,1082.0,1.557672733762159
1654,MLP,0.399,1082.0,1.557672733762159
248,MLP,0.398,1088.0,1.553768792073532
1396,MLP,0.398,1088.0,1.553768792073532
1863,MLP,0.398,1088.0,1.553768792073532
2105,MLP,0.398,1088.0,1.553768792073532
2185,MLP,0.398,1088.0,1.553768792073532
840,MLP,0.397,1093.0,1.549864850384905
914,MLP,0.397,1093.0,1.549864850384905
2175,MLP,0.397,1093.0,1.549864850384905
2316,MLP,0.397,1093.0,1.549864850384905
1112,MLP,0.396,1097.0,1.545960908696278
1780,MLP,0.396,1097.0,1.545960908696278
1798,MLP,0.396,1097.0,1.545960908696278
1900,MLP,0.396,1097.0,1.545960908696278
2264,MLP,0.396,1097.0,1.545960908696278
2742,MLP,0.396,1097.0,1.545960908696278
130,MLP,0.395,1103.0,1.5420569670076512
350,MLP,0.395,1103.0,1.5420569670076512
609,MLP,0.395,1103.0,1.5420569670076512
689,MLP,0.395,1103.0,1.5420569670076512
782,MLP,0.395,1103.0,1.5420569670076512
1102,MLP,0.395,1103.0,1.5420569670076512
1939,MLP,0.395,1103.0,1.5420569670076512
2325,MLP,0.395,1103.0,1.5420569670076512
2523,MLP,0.395,1103.0,1.5420569670076512
122,MLP,0.394,1112.0,1.538153025319024
1331,MLP,0.394,1112.0,1.538153025319024
1655,MLP,0.394,1112.0,1.538153025319024
1665,MLP,0.394,1112.0,1.538153025319024
7,MLP,0.393,1116.0,1.534249083630397
944,MLP,0.393,1116.0,1.534249083630397
1579,MLP,0.393,1116.0,1.534249083630397
355,MLP,0.392,1119.0,1.5303451419417702
521,MLP,0.392,1119.0,1.5303451419417702
2372,MLP,0.392,1119.0,1.5303451419417702
2452,MLP,0.392,1119.0,1.5303451419417702
61,MLP,0.391,1123.0,1.5264412002531431
597,MLP,0.391,1123.0,1.5264412002531431
1725,MLP,0.391,1123.0,1.5264412002531431
1822,MLP,0.391,1123.0,1.5264412002531431
2494,MLP,0.391,1123.0,1.5264412002531431
2567,MLP,0.391,1123.0,1.5264412002531431
415,MLP,0.39,1129.0,1.5225372585645163
628,MLP,0.39,1129.0,1.5225372585645163
1152,MLP,0.39,1129.0,1.5225372585645163
1818,MLP,0.39,1129.0,1.5225372585645163
1835,MLP,0.39,1129.0,1.5225372585645163
2108,MLP,0.39,1129.0,1.5225372585645163
2698,MLP,0.39,1129.0,1.5225372585645163
1115,MLP,0.389,1136.0,1.5186333168758892
1621,MLP,0.389,1136.0,1.5186333168758892
2766,MLP,0.389,1136.0,1.5186333168758892
407,MLP,0.388,1139.0,1.5147293751872624
755,MLP,0.388,1139.0,1.5147293751872624
1097,MLP,0.388,1139.0,1.5147293751872624
2107,MLP,0.388,1139.0,1.5147293751872624
2598,MLP,0.388,1139.0,1.5147293751872624
1055,MLP,0.387,1144.0,1.5108254334986353
2247,MLP,0.387,1144.0,1.5108254334986353
29,MLP,0.386,1146.0,1.5069214918100085
2590,MLP,0.386,1146.0,1.5069214918100085
1171,MLP,0.385,1148.0,1.5030175501213814
2043,MLP,0.385,1148.0,1.5030175501213814
298,MLP,0.384,1150.0,1.4991136084327543
534,MLP,0.384,1150.0,1.4991136084327543
694,MLP,0.384,1150.0,1.4991136084327543
1440,MLP,0.384,1150.0,1.4991136084327543
575,MLP,0.383,1154.0,1.4952096667441275
1100,MLP,0.383,1154.0,1.4952096667441275
1343,MLP,0.383,1154.0,1.4952096667441275
1404,MLP,0.383,1154.0,1.4952096667441275
1969,MLP,0.383,1154.0,1.4952096667441275
435,MLP,0.382,1159.0,1.4913057250555004
1467,MLP,0.382,1159.0,1.4913057250555004
1940,MLP,0.382,1159.0,1.4913057250555004
1955,MLP,0.381,1162.0,1.4874017833668736
2016,MLP,0.381,1162.0,1.4874017833668736
2168,MLP,0.381,1162.0,1.4874017833668736
531,MLP,0.38,1165.0,1.4834978416782465
791,MLP,0.38,1165.0,1.4834978416782465
1500,MLP,0.38,1165.0,1.4834978416782465
2464,MLP,0.38,1165.0,1.4834978416782465
533,MLP,0.379,1169.0,1.4795938999896197
682,MLP,0.379,1169.0,1.4795938999896197
730,MLP,0.379,1169.0,1.4795938999896197
835,MLP,0.379,1169.0,1.4795938999896197
1378,MLP,0.379,1169.0,1.4795938999896197
1773,MLP,0.379,1169.0,1.4795938999896197
2408,MLP,0.379,1169.0,1.4795938999896197
2457,MLP,0.379,1169.0,1.4795938999896197
2699,MLP,0.379,1169.0,1.4795938999896197
826,MLP,0.378,1178.0,1.4756899583009926
870,MLP,0.378,1178.0,1.4756899583009926
1248,MLP,0.378,1178.0,1.4756899583009926
1998,MLP,0.378,1178.0,1.4756899583009926
2087,MLP,0.378,1178.0,1.4756899583009926
2119,MLP,0.378,1178.0,1.4756899583009926
2252,MLP,0.378,1178.0,1.4756899583009926
46,MLP,0.377,1185.0,1.4717860166123657
159,MLP,0.377,1185.0,1.4717860166123657
210,MLP,0.377,1185.0,1.4717860166123657
330,MLP,0.377,1185.0,1.4717860166123657
666,MLP,0.377,1185.0,1.4717860166123657
1956,MLP,0.377,1185.0,1.4717860166123657
1962,MLP,0.377,1185.0,1.4717860166123657
333,MLP,0.376,1192.0,1.4678820749237387
2001,MLP,0.376,1192.0,1.4678820749237387
399,MLP,0.375,1194.0,1.4639781332351116
728,MLP,0.375,1194.0,1.4639781332351116
1620,MLP,0.375,1194.0,1.4639781332351116
1805,MLP,0.375,1194.0,1.4639781332351116
2068,MLP,0.375,1194.0,1.4639781332351116
2361,MLP,0.375,1194.0,1.4639781332351116
2491,MLP,0.375,1194.0,1.4639781332351116
64,MLP,0.374,1201.0,1.4600741915464848
414,MLP,0.374,1201.0,1.4600741915464848
735,MLP,0.374,1201.0,1.4600741915464848
976,MLP,0.374,1201.0,1.4600741915464848
1854,MLP,0.374,1201.0,1.4600741915464848
2526,MLP,0.374,1201.0,1.4600741915464848
2617,MLP,0.374,1201.0,1.4600741915464848
126,MLP,0.373,1208.0,1.4561702498578577
396,MLP,0.373,1208.0,1.4561702498578577
691,MLP,0.373,1208.0,1.4561702498578577
1789,MLP,0.373,1208.0,1.4561702498578577
2114,MLP,0.373,1208.0,1.4561702498578577
2321,MLP,0.373,1208.0,1.4561702498578577
2391,MLP,0.373,1208.0,1.4561702498578577
2568,MLP,0.373,1208.0,1.4561702498578577
95,MLP,0.372,1216.0,1.4522663081692309
155,MLP,0.372,1216.0,1.4522663081692309
766,MLP,0.372,1216.0,1.4522663081692309
1451,MLP,0.372,1216.0,1.4522663081692309
555,MLP,0.371,1220.0,1.4483623664806038
607,MLP,0.371,1220.0,1.4483623664806038
799,MLP,0.371,1220.0,1.4483623664806038
961,MLP,0.371,1220.0,1.4483623664806038
2335,MLP,0.371,1220.0,1.4483623664806038
2496,MLP,0.371,1220.0,1.4483623664806038
2553,MLP,0.371,1220.0,1.4483623664806038
208,MLP,0.37,1227.0,1.444458424791977
516,MLP,0.37,1227.0,1.444458424791977
651,MLP,0.37,1227.0,1.444458424791977
1521,MLP,0.37,1227.0,1.444458424791977
1685,MLP,0.37,1227.0,1.444458424791977
1720,MLP,0.37,1227.0,1.444458424791977
1736,MLP,0.37,1227.0,1.444458424791977
2196,MLP,0.37,1227.0,1.444458424791977
855,MLP,0.369,1235.0,1.4405544831033499
1384,MLP,0.369,1235.0,1.4405544831033499
2027,MLP,0.369,1235.0,1.4405544831033499
2181,MLP,0.369,1235.0,1.4405544831033499
2206,MLP,0.369,1235.0,1.4405544831033499
2374,MLP,0.369,1235.0,1.4405544831033499
2616,MLP,0.369,1235.0,1.4405544831033499
43,MLP,0.368,1242.0,1.436650541414723
966,MLP,0.368,1242.0,1.436650541414723
1021,MLP,0.368,1242.0,1.436650541414723
2767,MLP,0.368,1242.0,1.436650541414723
169,MLP,0.367,1246.0,1.432746599726096
178,MLP,0.367,1246.0,1.432746599726096
458,MLP,0.367,1246.0,1.432746599726096
526,MLP,0.367,1246.0,1.432746599726096
749,MLP,0.367,1246.0,1.432746599726096
1946,MLP,0.367,1246.0,1.432746599726096
354,MLP,0.366,1252.0,1.428842658037469
573,MLP,0.366,1252.0,1.428842658037469
1267,MLP,0.366,1252.0,1.428842658037469
1706,MLP,0.366,1252.0,1.428842658037469
2763,MLP,0.366,1252.0,1.428842658037469
344,MLP,0.365,1257.0,1.424938716348842
432,MLP,0.365,1257.0,1.424938716348842
530,MLP,0.365,1257.0,1.424938716348842
1407,MLP,0.365,1257.0,1.424938716348842
1682,MLP,0.365,1257.0,1.424938716348842
1867,MLP,0.365,1257.0,1.424938716348842
234,MLP,0.364,1263.0,1.421034774660215
794,MLP,0.364,1263.0,1.421034774660215
1547,MLP,0.364,1263.0,1.421034774660215
1599,MLP,0.364,1263.0,1.421034774660215
1864,MLP,0.364,1263.0,1.421034774660215
1873,MLP,0.364,1263.0,1.421034774660215
164,MLP,0.363,1269.0,1.4171308329715882
1022,MLP,0.363,1269.0,1.4171308329715882
1397,MLP,0.363,1269.0,1.4171308329715882
1563,MLP,0.363,1269.0,1.4171308329715882
2131,MLP,0.363,1269.0,1.4171308329715882
2237,MLP,0.363,1269.0,1.4171308329715882
2684,MLP,0.363,1269.0,1.4171308329715882
2750,MLP,0.363,1269.0,1.4171308329715882
653,MLP,0.362,1277.0,1.413226891282961
1053,MLP,0.362,1277.0,1.413226891282961
1739,MLP,0.362,1277.0,1.413226891282961
2369,MLP,0.362,1277.0,1.413226891282961
2431,MLP,0.362,1277.0,1.413226891282961
338,MLP,0.361,1282.0,1.4093229495943342
980,MLP,0.361,1282.0,1.4093229495943342
1292,MLP,0.361,1282.0,1.4093229495943342
1309,MLP,0.361,1282.0,1.4093229495943342
1971,MLP,0.361,1282.0,1.4093229495943342
162,MLP,0.36,1287.0,1.4054190079057072
438,MLP,0.36,1287.0,1.4054190079057072
909,MLP,0.36,1287.0,1.4054190079057072
1744,MLP,0.36,1287.0,1.4054190079057072
2044,MLP,0.36,1287.0,1.4054190079057072
2216,MLP,0.36,1287.0,1.4054190079057072
2271,MLP,0.36,1287.0,1.4054190079057072
2315,MLP,0.36,1287.0,1.4054190079057072
2462,MLP,0.36,1287.0,1.4054190079057072
670,MLP,0.359,1296.0,1.4015150662170803
1342,MLP,0.359,1296.0,1.4015150662170803
1609,MLP,0.359,1296.0,1.4015150662170803
1860,MLP,0.359,1296.0,1.4015150662170803
2082,MLP,0.359,1296.0,1.4015150662170803
286,MLP,0.358,1301.0,1.3976111245284533
1160,MLP,0.358,1301.0,1.3976111245284533
1231,MLP,0.358,1301.0,1.3976111245284533
1803,MLP,0.358,1301.0,1.3976111245284533
2445,MLP,0.358,1301.0,1.3976111245284533
2622,MLP,0.358,1301.0,1.3976111245284533
45,MLP,0.357,1307.0,1.3937071828398262
55,MLP,0.357,1307.0,1.3937071828398262
480,MLP,0.357,1307.0,1.3937071828398262
1533,MLP,0.357,1307.0,1.3937071828398262
1615,MLP,0.357,1307.0,1.3937071828398262
2007,MLP,0.357,1307.0,1.3937071828398262
2670,MLP,0.357,1307.0,1.3937071828398262
676,MLP,0.356,1314.0,1.3898032411511994
1120,MLP,0.356,1314.0,1.3898032411511994
1290,MLP,0.356,1314.0,1.3898032411511994
1496,MLP,0.356,1314.0,1.3898032411511994
1877,MLP,0.356,1314.0,1.3898032411511994
2233,MLP,0.356,1314.0,1.3898032411511994
111,MLP,0.355,1320.0,1.3858992994625723
147,MLP,0.355,1320.0,1.3858992994625723
400,MLP,0.355,1320.0,1.3858992994625723
1194,MLP,0.355,1320.0,1.3858992994625723
1506,MLP,0.355,1320.0,1.3858992994625723
1516,MLP,0.355,1320.0,1.3858992994625723
1699,MLP,0.355,1320.0,1.3858992994625723
1891,MLP,0.355,1320.0,1.3858992994625723
2531,MLP,0.355,1320.0,1.3858992994625723
77,MLP,0.354,1329.0,1.3819953577739454
196,MLP,0.354,1329.0,1.3819953577739454
422,MLP,0.354,1329.0,1.3819953577739454
610,MLP,0.354,1329.0,1.3819953577739454
957,MLP,0.354,1329.0,1.3819953577739454
1653,MLP,0.354,1329.0,1.3819953577739454
1965,MLP,0.354,1329.0,1.3819953577739454
2569,MLP,0.354,1329.0,1.3819953577739454
365,MLP,0.353,1337.0,1.3780914160853184
1215,MLP,0.353,1337.0,1.3780914160853184
2639,MLP,0.353,1337.0,1.3780914160853184
709,MLP,0.352,1340.0,1.3741874743966915
710,MLP,0.352,1340.0,1.3741874743966915
1141,MLP,0.352,1340.0,1.3741874743966915
1281,MLP,0.352,1340.0,1.3741874743966915
2406,MLP,0.352,1340.0,1.3741874743966915
1240,MLP,0.351,1345.0,1.3702835327080645
1415,MLP,0.351,1345.0,1.3702835327080645
2039,MLP,0.351,1345.0,1.3702835327080645
2712,MLP,0.351,1345.0,1.3702835327080645
91,MLP,0.35,1349.0,1.3663795910194374
417,MLP,0.35,1349.0,1.3663795910194374
1394,MLP,0.35,1349.0,1.3663795910194374
1491,MLP,0.35,1349.0,1.3663795910194374
2256,MLP,0.35,1349.0,1.3663795910194374
90,MLP,0.349,1354.0,1.3624756493308106
223,MLP,0.349,1354.0,1.3624756493308106
605,MLP,0.349,1354.0,1.3624756493308106
883,MLP,0.349,1354.0,1.3624756493308106
1199,MLP,0.349,1354.0,1.3624756493308106
1266,MLP,0.349,1354.0,1.3624756493308106
2403,MLP,0.349,1354.0,1.3624756493308106
2759,MLP,0.349,1354.0,1.3624756493308106
1056,MLP,0.348,1362.0,1.3585717076421835
1809,MLP,0.348,1362.0,1.3585717076421835
1942,MLP,0.348,1362.0,1.3585717076421835
2115,MLP,0.348,1362.0,1.3585717076421835
2187,MLP,0.348,1362.0,1.3585717076421835
2153,MLP,0.347,1367.0,1.3546677659535566
2504,MLP,0.347,1367.0,1.3546677659535566
337,MLP,0.346,1369.0,1.3507638242649296
416,MLP,0.346,1369.0,1.3507638242649296
1193,MLP,0.346,1369.0,1.3507638242649296
1510,MLP,0.346,1369.0,1.3507638242649296
1695,MLP,0.346,1369.0,1.3507638242649296
1728,MLP,0.346,1369.0,1.3507638242649296
2390,MLP,0.346,1369.0,1.3507638242649296
2420,MLP,0.346,1369.0,1.3507638242649296
2628,MLP,0.346,1369.0,1.3507638242649296
622,MLP,0.345,1378.0,1.3468598825763027
752,MLP,0.345,1378.0,1.3468598825763027
954,MLP,0.345,1378.0,1.3468598825763027
2334,MLP,0.345,1378.0,1.3468598825763027
33,MLP,0.344,1382.0,1.3429559408876757
1659,MLP,0.344,1382.0,1.3429559408876757
2014,MLP,0.344,1382.0,1.3429559408876757
57,MLP,0.343,1385.0,1.339051999199049
97,MLP,0.343,1385.0,1.339051999199049
481,MLP,0.343,1385.0,1.339051999199049
583,MLP,0.343,1385.0,1.339051999199049
741,MLP,0.343,1385.0,1.339051999199049
1039,MLP,0.343,1385.0,1.339051999199049
1452,MLP,0.343,1385.0,1.339051999199049
1950,MLP,0.343,1385.0,1.339051999199049
2375,MLP,0.343,1385.0,1.339051999199049
179,MLP,0.342,1394.0,1.335148057510422
832,MLP,0.342,1394.0,1.335148057510422
945,MLP,0.342,1394.0,1.335148057510422
1489,MLP,0.342,1394.0,1.335148057510422
1556,MLP,0.342,1394.0,1.335148057510422
1813,MLP,0.342,1394.0,1.335148057510422
2341,MLP,0.342,1394.0,1.335148057510422
2512,MLP,0.342,1394.0,1.335148057510422
23,MLP,0.341,1402.0,1.331244115821795
897,MLP,0.341,1402.0,1.331244115821795
1317,MLP,0.341,1402.0,1.331244115821795
2074,MLP,0.341,1402.0,1.331244115821795
2588,MLP,0.341,1402.0,1.331244115821795
213,MLP,0.34,1407.0,1.327340174133168
831,MLP,0.34,1407.0,1.327340174133168
886,MLP,0.34,1407.0,1.327340174133168
1133,MLP,0.34,1407.0,1.327340174133168
2142,MLP,0.34,1407.0,1.327340174133168
545,MLP,0.339,1412.0,1.323436232444541
786,MLP,0.339,1412.0,1.323436232444541
1218,MLP,0.339,1412.0,1.323436232444541
1457,MLP,0.339,1412.0,1.323436232444541
1691,MLP,0.339,1412.0,1.323436232444541
1268,MLP,0.338,1417.0,1.3195322907559142
340,MLP,0.337,1418.0,1.315628349067287
745,MLP,0.337,1418.0,1.315628349067287
889,MLP,0.337,1418.0,1.315628349067287
1051,MLP,0.337,1418.0,1.315628349067287
1201,MLP,0.337,1418.0,1.315628349067287
1703,MLP,0.337,1418.0,1.315628349067287
1890,MLP,0.337,1418.0,1.315628349067287
2025,MLP,0.337,1418.0,1.315628349067287
2251,MLP,0.337,1418.0,1.315628349067287
2485,MLP,0.337,1418.0,1.315628349067287
250,MLP,0.336,1428.0,1.3117244073786603
352,MLP,0.336,1428.0,1.3117244073786603
395,MLP,0.336,1428.0,1.3117244073786603
739,MLP,0.336,1428.0,1.3117244073786603
853,MLP,0.336,1428.0,1.3117244073786603
934,MLP,0.336,1428.0,1.3117244073786603
1722,MLP,0.336,1428.0,1.3117244073786603
1997,MLP,0.336,1428.0,1.3117244073786603
2286,MLP,0.336,1428.0,1.3117244073786603
2306,MLP,0.336,1428.0,1.3117244073786603
2760,MLP,0.336,1428.0,1.3117244073786603
112,MLP,0.335,1439.0,1.3078204656900332
911,MLP,0.335,1439.0,1.3078204656900332
1752,MLP,0.335,1439.0,1.3078204656900332
2049,MLP,0.335,1439.0,1.3078204656900332
478,MLP,0.334,1443.0,1.3039165240014063
772,MLP,0.334,1443.0,1.3039165240014063
1167,MLP,0.334,1443.0,1.3039165240014063
1341,MLP,0.334,1443.0,1.3039165240014063
1770,MLP,0.334,1443.0,1.3039165240014063
1959,MLP,0.334,1443.0,1.3039165240014063
2268,MLP,0.334,1443.0,1.3039165240014063
2296,MLP,0.334,1443.0,1.3039165240014063
2330,MLP,0.334,1443.0,1.3039165240014063
2582,MLP,0.334,1443.0,1.3039165240014063
204,MLP,0.333,1453.0,1.3000125823127793
450,MLP,0.333,1453.0,1.3000125823127793
808,MLP,0.333,1453.0,1.3000125823127793
1124,MLP,0.333,1453.0,1.3000125823127793
1182,MLP,0.333,1453.0,1.3000125823127793
1456,MLP,0.333,1453.0,1.3000125823127793
1544,MLP,0.333,1453.0,1.3000125823127793
1660,MLP,0.333,1453.0,1.3000125823127793
1985,MLP,0.333,1453.0,1.3000125823127793
2285,MLP,0.333,1453.0,1.3000125823127793
2615,MLP,0.333,1453.0,1.3000125823127793
413,MLP,0.332,1464.0,1.2961086406241522
690,MLP,0.332,1464.0,1.2961086406241522
898,MLP,0.332,1464.0,1.2961086406241522
1265,MLP,0.332,1464.0,1.2961086406241522
1976,MLP,0.332,1464.0,1.2961086406241522
2178,MLP,0.332,1464.0,1.2961086406241522
2243,MLP,0.332,1464.0,1.2961086406241522
18,MLP,0.331,1471.0,1.2922046989355254
353,MLP,0.331,1471.0,1.2922046989355254
592,MLP,0.331,1471.0,1.2922046989355254
744,MLP,0.331,1471.0,1.2922046989355254
1219,MLP,0.331,1471.0,1.2922046989355254
2236,MLP,0.331,1471.0,1.2922046989355254
2683,MLP,0.331,1471.0,1.2922046989355254
174,MLP,0.33,1478.0,1.2883007572468983
433,MLP,0.33,1478.0,1.2883007572468983
554,MLP,0.33,1478.0,1.2883007572468983
1108,MLP,0.33,1478.0,1.2883007572468983
1214,MLP,0.33,1478.0,1.2883007572468983
1694,MLP,0.33,1478.0,1.2883007572468983
2021,MLP,0.33,1478.0,1.2883007572468983
2488,MLP,0.33,1478.0,1.2883007572468983
2623,MLP,0.33,1478.0,1.2883007572468983
388,MLP,0.329,1487.0,1.2843968155582715
559,MLP,0.329,1487.0,1.2843968155582715
611,MLP,0.329,1487.0,1.2843968155582715
716,MLP,0.329,1487.0,1.2843968155582715
767,MLP,0.329,1487.0,1.2843968155582715
795,MLP,0.329,1487.0,1.2843968155582715
893,MLP,0.329,1487.0,1.2843968155582715
1275,MLP,0.329,1487.0,1.2843968155582715
1283,MLP,0.329,1487.0,1.2843968155582715
1352,MLP,0.329,1487.0,1.2843968155582715
1535,MLP,0.329,1487.0,1.2843968155582715
1613,MLP,0.329,1487.0,1.2843968155582715
1733,MLP,0.329,1487.0,1.2843968155582715
1862,MLP,0.329,1487.0,1.2843968155582715
1977,MLP,0.329,1487.0,1.2843968155582715
2058,MLP,0.329,1487.0,1.2843968155582715
2135,MLP,0.329,1487.0,1.2843968155582715
2435,MLP,0.329,1487.0,1.2843968155582715
2649,MLP,0.329,1487.0,1.2843968155582715
9,MLP,0.328,1506.0,1.2804928738696444
124,MLP,0.328,1506.0,1.2804928738696444
345,MLP,0.328,1506.0,1.2804928738696444
590,MLP,0.328,1506.0,1.2804928738696444
932,MLP,0.328,1506.0,1.2804928738696444
1013,MLP,0.328,1506.0,1.2804928738696444
1242,MLP,0.328,1506.0,1.2804928738696444
1446,MLP,0.328,1506.0,1.2804928738696444
1546,MLP,0.328,1506.0,1.2804928738696444
1766,MLP,0.328,1506.0,1.2804928738696444
2574,MLP,0.328,1506.0,1.2804928738696444
2718,MLP,0.328,1506.0,1.2804928738696444
574,MLP,0.327,1518.0,1.2765889321810175
994,MLP,0.327,1518.0,1.2765889321810175
1643,MLP,0.327,1518.0,1.2765889321810175
1982,MLP,0.327,1518.0,1.2765889321810175
2045,MLP,0.327,1518.0,1.2765889321810175
2331,MLP,0.327,1518.0,1.2765889321810175
2571,MLP,0.327,1518.0,1.2765889321810175
2643,MLP,0.327,1518.0,1.2765889321810175
141,MLP,0.326,1526.0,1.2726849904923905
272,MLP,0.326,1526.0,1.2726849904923905
2775,MLP,0.326,1526.0,1.2726849904923905
37,MLP,0.325,1529.0,1.2687810488037636
309,MLP,0.325,1529.0,1.2687810488037636
503,MLP,0.325,1529.0,1.2687810488037636
798,MLP,0.325,1529.0,1.2687810488037636
1483,MLP,0.325,1529.0,1.2687810488037636
1582,MLP,0.325,1529.0,1.2687810488037636
1734,MLP,0.325,1529.0,1.2687810488037636
2138,MLP,0.325,1529.0,1.2687810488037636
2405,MLP,0.325,1529.0,1.2687810488037636
969,MLP,0.324,1538.0,1.2648771071151366
1375,MLP,0.324,1538.0,1.2648771071151366
1567,MLP,0.324,1538.0,1.2648771071151366
1635,MLP,0.324,1538.0,1.2648771071151366
1763,MLP,0.324,1538.0,1.2648771071151366
2147,MLP,0.324,1538.0,1.2648771071151366
2613,MLP,0.324,1538.0,1.2648771071151366
493,MLP,0.323,1545.0,1.2609731654265095
846,MLP,0.323,1545.0,1.2609731654265095
1068,MLP,0.323,1545.0,1.2609731654265095
1154,MLP,0.323,1545.0,1.2609731654265095
1944,MLP,0.323,1545.0,1.2609731654265095
2150,MLP,0.323,1545.0,1.2609731654265095
2307,MLP,0.323,1545.0,1.2609731654265095
2528,MLP,0.323,1545.0,1.2609731654265095
66,MLP,0.322,1553.0,1.2570692237378827
348,MLP,0.322,1553.0,1.2570692237378827
1179,MLP,0.322,1553.0,1.2570692237378827
1731,MLP,0.322,1553.0,1.2570692237378827
1796,MLP,0.322,1553.0,1.2570692237378827
1802,MLP,0.322,1553.0,1.2570692237378827
2229,MLP,0.322,1553.0,1.2570692237378827
2554,MLP,0.322,1553.0,1.2570692237378827
2594,MLP,0.322,1553.0,1.2570692237378827
1059,MLP,0.321,1562.0,1.2531652820492556
1209,MLP,0.321,1562.0,1.2531652820492556
2070,MLP,0.321,1562.0,1.2531652820492556
2112,MLP,0.321,1562.0,1.2531652820492556
2415,MLP,0.321,1562.0,1.2531652820492556
2716,MLP,0.321,1562.0,1.2531652820492556
393,MLP,0.32,1568.0,1.2492613403606287
471,MLP,0.32,1568.0,1.2492613403606287
1200,MLP,0.32,1568.0,1.2492613403606287
145,MLP,0.319,1571.0,1.2453573986720017
1574,MLP,0.319,1571.0,1.2453573986720017
1762,MLP,0.319,1571.0,1.2453573986720017
2182,MLP,0.319,1571.0,1.2453573986720017
219,MLP,0.318,1575.0,1.2414534569833748
783,MLP,0.318,1575.0,1.2414534569833748
1269,MLP,0.318,1575.0,1.2414534569833748
1498,MLP,0.318,1575.0,1.2414534569833748
1880,MLP,0.318,1575.0,1.2414534569833748
2065,MLP,0.318,1575.0,1.2414534569833748
2180,MLP,0.318,1575.0,1.2414534569833748
2591,MLP,0.318,1575.0,1.2414534569833748
271,MLP,0.317,1583.0,1.2375495152947478
1478,MLP,0.317,1583.0,1.2375495152947478
1629,MLP,0.317,1583.0,1.2375495152947478
1673,MLP,0.317,1583.0,1.2375495152947478
1698,MLP,0.317,1583.0,1.2375495152947478
1881,MLP,0.317,1583.0,1.2375495152947478
1918,MLP,0.317,1583.0,1.2375495152947478
2254,MLP,0.317,1583.0,1.2375495152947478
2279,MLP,0.317,1583.0,1.2375495152947478
647,MLP,0.316,1592.0,1.2336455736061207
1323,MLP,0.316,1592.0,1.2336455736061207
1458,MLP,0.316,1592.0,1.2336455736061207
2028,MLP,0.316,1592.0,1.2336455736061207
2120,MLP,0.316,1592.0,1.2336455736061207
185,MLP,0.315,1597.0,1.2297416319174939
394,MLP,0.315,1597.0,1.2297416319174939
549,MLP,0.315,1597.0,1.2297416319174939
643,MLP,0.315,1597.0,1.2297416319174939
675,MLP,0.315,1597.0,1.2297416319174939
1078,MLP,0.315,1597.0,1.2297416319174939
1730,MLP,0.315,1597.0,1.2297416319174939
1866,MLP,0.315,1597.0,1.2297416319174939
2543,MLP,0.315,1597.0,1.2297416319174939
426,MLP,0.314,1606.0,1.2258376902288668
895,MLP,0.314,1606.0,1.2258376902288668
1782,MLP,0.314,1606.0,1.2258376902288668
2460,MLP,0.314,1606.0,1.2258376902288668
198,MLP,0.313,1610.0,1.22193374854024
494,MLP,0.313,1610.0,1.22193374854024
564,MLP,0.313,1610.0,1.22193374854024
580,MLP,0.313,1610.0,1.22193374854024
585,MLP,0.313,1610.0,1.22193374854024
591,MLP,0.313,1610.0,1.22193374854024
809,MLP,0.313,1610.0,1.22193374854024
989,MLP,0.313,1610.0,1.22193374854024
1414,MLP,0.313,1610.0,1.22193374854024
1545,MLP,0.313,1610.0,1.22193374854024
1618,MLP,0.313,1610.0,1.22193374854024
2222,MLP,0.313,1610.0,1.22193374854024
640,MLP,0.312,1622.0,1.2180298068516129
822,MLP,0.312,1622.0,1.2180298068516129
896,MLP,0.312,1622.0,1.2180298068516129
2148,MLP,0.312,1622.0,1.2180298068516129
2363,MLP,0.312,1622.0,1.2180298068516129
2692,MLP,0.312,1622.0,1.2180298068516129
2730,MLP,0.312,1622.0,1.2180298068516129
186,MLP,0.311,1629.0,1.214125865162986
683,MLP,0.311,1629.0,1.214125865162986
685,MLP,0.311,1629.0,1.214125865162986
1236,MLP,0.311,1629.0,1.214125865162986
1239,MLP,0.311,1629.0,1.214125865162986
1392,MLP,0.311,1629.0,1.214125865162986
2749,MLP,0.311,1629.0,1.214125865162986
490,MLP,0.31,1636.0,1.210221923474359
747,MLP,0.31,1636.0,1.210221923474359
1046,MLP,0.31,1636.0,1.210221923474359
1591,MLP,0.31,1636.0,1.210221923474359
2282,MLP,0.31,1636.0,1.210221923474359
2291,MLP,0.31,1636.0,1.210221923474359
319,MLP,0.309,1642.0,1.2063179817857321
537,MLP,0.309,1642.0,1.2063179817857321
703,MLP,0.309,1642.0,1.2063179817857321
990,MLP,0.309,1642.0,1.2063179817857321
1447,MLP,0.309,1642.0,1.2063179817857321
1570,MLP,0.309,1642.0,1.2063179817857321
1616,MLP,0.309,1642.0,1.2063179817857321
1843,MLP,0.309,1642.0,1.2063179817857321
2035,MLP,0.309,1642.0,1.2063179817857321
2337,MLP,0.309,1642.0,1.2063179817857321
2425,MLP,0.309,1642.0,1.2063179817857321
2744,MLP,0.309,1642.0,1.2063179817857321
80,MLP,0.308,1654.0,1.202414040097105
1329,MLP,0.308,1654.0,1.202414040097105
1372,MLP,0.308,1654.0,1.202414040097105
1949,MLP,0.308,1654.0,1.202414040097105
2079,MLP,0.308,1654.0,1.202414040097105
2439,MLP,0.308,1654.0,1.202414040097105
447,MLP,0.307,1660.0,1.198510098408478
1081,MLP,0.307,1660.0,1.198510098408478
1564,MLP,0.307,1660.0,1.198510098408478
2661,MLP,0.307,1660.0,1.198510098408478
2728,MLP,0.307,1660.0,1.198510098408478
2769,MLP,0.307,1660.0,1.198510098408478
63,MLP,0.306,1666.0,1.1946061567198512
487,MLP,0.306,1666.0,1.1946061567198512
935,MLP,0.306,1666.0,1.1946061567198512
947,MLP,0.306,1666.0,1.1946061567198512
1554,MLP,0.306,1666.0,1.1946061567198512
1562,MLP,0.306,1666.0,1.1946061567198512
2472,MLP,0.306,1666.0,1.1946061567198512
2745,MLP,0.306,1666.0,1.1946061567198512
1208,MLP,0.305,1674.0,1.190702215031224
1261,MLP,0.305,1674.0,1.190702215031224
1577,MLP,0.305,1674.0,1.190702215031224
2201,MLP,0.305,1674.0,1.190702215031224
2471,MLP,0.305,1674.0,1.190702215031224
2707,MLP,0.305,1674.0,1.190702215031224
311,MLP,0.304,1680.0,1.1867982733425972
718,MLP,0.304,1680.0,1.1867982733425972
756,MLP,0.304,1680.0,1.1867982733425972
792,MLP,0.304,1680.0,1.1867982733425972
1071,MLP,0.304,1680.0,1.1867982733425972
1401,MLP,0.304,1680.0,1.1867982733425972
2100,MLP,0.304,1680.0,1.1867982733425972
2387,MLP,0.304,1680.0,1.1867982733425972
2454,MLP,0.304,1680.0,1.1867982733425972
1101,MLP,0.303,1689.0,1.1828943316539702
1191,MLP,0.303,1689.0,1.1828943316539702
2650,MLP,0.303,1689.0,1.1828943316539702
114,MLP,0.302,1692.0,1.1789903899653433
263,MLP,0.302,1692.0,1.1789903899653433
646,MLP,0.302,1692.0,1.1789903899653433
1035,MLP,0.302,1692.0,1.1789903899653433
1626,MLP,0.302,1692.0,1.1789903899653433
2240,MLP,0.302,1692.0,1.1789903899653433
2451,MLP,0.302,1692.0,1.1789903899653433
195,MLP,0.301,1699.0,1.1750864482767163
279,MLP,0.301,1699.0,1.1750864482767163
1005,MLP,0.301,1699.0,1.1750864482767163
1241,MLP,0.301,1699.0,1.1750864482767163
1417,MLP,0.301,1699.0,1.1750864482767163
2066,MLP,0.301,1699.0,1.1750864482767163
1288,MLP,0.3,1705.0,1.1711825065880894
1334,MLP,0.3,1705.0,1.1711825065880894
2448,MLP,0.3,1705.0,1.1711825065880894
2468,MLP,0.3,1705.0,1.1711825065880894
2539,MLP,0.3,1705.0,1.1711825065880894
1,MLP,0.299,1710.0,1.1672785648994624
153,MLP,0.299,1710.0,1.1672785648994624
419,MLP,0.299,1710.0,1.1672785648994624
1076,MLP,0.299,1710.0,1.1672785648994624
1494,MLP,0.299,1710.0,1.1672785648994624
1542,MLP,0.299,1710.0,1.1672785648994624
1721,MLP,0.299,1710.0,1.1672785648994624
2141,MLP,0.299,1710.0,1.1672785648994624
2636,MLP,0.299,1710.0,1.1672785648994624
41,MLP,0.298,1719.0,1.1633746232108353
512,MLP,0.298,1719.0,1.1633746232108353
1117,MLP,0.298,1719.0,1.1633746232108353
1426,MLP,0.298,1719.0,1.1633746232108353
1486,MLP,0.298,1719.0,1.1633746232108353
1904,MLP,0.298,1719.0,1.1633746232108353
1990,MLP,0.298,1719.0,1.1633746232108353
201,MLP,0.297,1726.0,1.1594706815222084
633,MLP,0.297,1726.0,1.1594706815222084
677,MLP,0.297,1726.0,1.1594706815222084
974,MLP,0.297,1726.0,1.1594706815222084
1181,MLP,0.297,1726.0,1.1594706815222084
1367,MLP,0.297,1726.0,1.1594706815222084
1430,MLP,0.297,1726.0,1.1594706815222084
1433,MLP,0.297,1726.0,1.1594706815222084
1937,MLP,0.297,1726.0,1.1594706815222084
1978,MLP,0.297,1726.0,1.1594706815222084
2077,MLP,0.297,1726.0,1.1594706815222084
2312,MLP,0.297,1726.0,1.1594706815222084
115,MLP,0.296,1738.0,1.1555667398335814
1069,MLP,0.296,1738.0,1.1555667398335814
1257,MLP,0.296,1738.0,1.1555667398335814
2155,MLP,0.296,1738.0,1.1555667398335814
2301,MLP,0.296,1738.0,1.1555667398335814
4,MLP,0.295,1743.0,1.1516627981449545
87,MLP,0.295,1743.0,1.1516627981449545
456,MLP,0.295,1743.0,1.1516627981449545
660,MLP,0.295,1743.0,1.1516627981449545
869,MLP,0.295,1743.0,1.1516627981449545
1186,MLP,0.295,1743.0,1.1516627981449545
1996,MLP,0.295,1743.0,1.1516627981449545
2365,MLP,0.295,1743.0,1.1516627981449545
2446,MLP,0.295,1743.0,1.1516627981449545
2629,MLP,0.295,1743.0,1.1516627981449545
56,MLP,0.294,1753.0,1.1477588564563275
341,MLP,0.294,1753.0,1.1477588564563275
466,MLP,0.294,1753.0,1.1477588564563275
819,MLP,0.294,1753.0,1.1477588564563275
1149,MLP,0.294,1753.0,1.1477588564563275
1441,MLP,0.294,1753.0,1.1477588564563275
2371,MLP,0.294,1753.0,1.1477588564563275
2378,MLP,0.294,1753.0,1.1477588564563275
2397,MLP,0.294,1753.0,1.1477588564563275
1128,MLP,0.293,1762.0,1.1438549147677006
1157,MLP,0.293,1762.0,1.1438549147677006
1474,MLP,0.293,1762.0,1.1438549147677006
1520,MLP,0.293,1762.0,1.1438549147677006
2024,MLP,0.293,1762.0,1.1438549147677006
2265,MLP,0.293,1762.0,1.1438549147677006
2473,MLP,0.293,1762.0,1.1438549147677006
2597,MLP,0.293,1762.0,1.1438549147677006
2700,MLP,0.293,1762.0,1.1438549147677006
2709,MLP,0.293,1762.0,1.1438549147677006
519,MLP,0.292,1772.0,1.1399509730790736
866,MLP,0.292,1772.0,1.1399509730790736
1089,MLP,0.292,1772.0,1.1399509730790736
1784,MLP,0.292,1772.0,1.1399509730790736
1895,MLP,0.292,1772.0,1.1399509730790736
2458,MLP,0.292,1772.0,1.1399509730790736
2570,MLP,0.292,1772.0,1.1399509730790736
1313,MLP,0.291,1779.0,1.1360470313904467
1425,MLP,0.291,1779.0,1.1360470313904467
1907,MLP,0.291,1779.0,1.1360470313904467
2218,MLP,0.291,1779.0,1.1360470313904467
2711,MLP,0.291,1779.0,1.1360470313904467
2751,MLP,0.291,1779.0,1.1360470313904467
128,MLP,0.29,1785.0,1.1321430897018196
148,MLP,0.29,1785.0,1.1321430897018196
568,MLP,0.29,1785.0,1.1321430897018196
1645,MLP,0.29,1785.0,1.1321430897018196
1738,MLP,0.29,1785.0,1.1321430897018196
2400,MLP,0.29,1785.0,1.1321430897018196
2562,MLP,0.29,1785.0,1.1321430897018196
172,MLP,0.289,1792.0,1.1282391480131926
681,MLP,0.289,1792.0,1.1282391480131926
833,MLP,0.289,1792.0,1.1282391480131926
834,MLP,0.289,1792.0,1.1282391480131926
908,MLP,0.289,1792.0,1.1282391480131926
1131,MLP,0.289,1792.0,1.1282391480131926
1301,MLP,0.289,1792.0,1.1282391480131926
2088,MLP,0.289,1792.0,1.1282391480131926
5,MLP,0.288,1800.0,1.1243352063245657
626,MLP,0.288,1800.0,1.1243352063245657
813,MLP,0.288,1800.0,1.1243352063245657
852,MLP,0.288,1800.0,1.1243352063245657
1014,MLP,0.288,1800.0,1.1243352063245657
1050,MLP,0.288,1800.0,1.1243352063245657
1600,MLP,0.288,1800.0,1.1243352063245657
1973,MLP,0.288,1800.0,1.1243352063245657
2262,MLP,0.288,1800.0,1.1243352063245657
2514,MLP,0.288,1800.0,1.1243352063245657
2637,MLP,0.288,1800.0,1.1243352063245657
553,MLP,0.287,1811.0,1.1204312646359387
618,MLP,0.287,1811.0,1.1204312646359387
1719,MLP,0.287,1811.0,1.1204312646359387
1747,MLP,0.287,1811.0,1.1204312646359387
2223,MLP,0.287,1811.0,1.1204312646359387
2231,MLP,0.287,1811.0,1.1204312646359387
258,MLP,0.286,1817.0,1.1165273229473118
1230,MLP,0.286,1817.0,1.1165273229473118
1588,MLP,0.286,1817.0,1.1165273229473118
1753,MLP,0.286,1817.0,1.1165273229473118
2412,MLP,0.286,1817.0,1.1165273229473118
2601,MLP,0.286,1817.0,1.1165273229473118
2773,MLP,0.286,1817.0,1.1165273229473118
535,MLP,0.285,1824.0,1.1126233812586848
859,MLP,0.285,1824.0,1.1126233812586848
1170,MLP,0.285,1824.0,1.1126233812586848
1560,MLP,0.285,1824.0,1.1126233812586848
2302,MLP,0.285,1824.0,1.1126233812586848
2586,MLP,0.285,1824.0,1.1126233812586848
2701,MLP,0.285,1824.0,1.1126233812586848
233,MLP,0.284,1831.0,1.108719439570058
1332,MLP,0.284,1831.0,1.108719439570058
1402,MLP,0.284,1831.0,1.108719439570058
1593,MLP,0.284,1831.0,1.108719439570058
1274,MLP,0.283,1835.0,1.1048154978814309
1359,MLP,0.283,1835.0,1.1048154978814309
1707,MLP,0.283,1835.0,1.1048154978814309
1751,MLP,0.283,1835.0,1.1048154978814309
2551,MLP,0.283,1835.0,1.1048154978814309
2678,MLP,0.283,1835.0,1.1048154978814309
2743,MLP,0.283,1835.0,1.1048154978814309
85,MLP,0.282,1842.0,1.100911556192804
448,MLP,0.282,1842.0,1.100911556192804
619,MLP,0.282,1842.0,1.100911556192804
671,MLP,0.282,1842.0,1.100911556192804
706,MLP,0.282,1842.0,1.100911556192804
1168,MLP,0.282,1842.0,1.100911556192804
1188,MLP,0.282,1842.0,1.100911556192804
1393,MLP,0.282,1842.0,1.100911556192804
2003,MLP,0.282,1842.0,1.100911556192804
2125,MLP,0.282,1842.0,1.100911556192804
2221,MLP,0.282,1842.0,1.100911556192804
2364,MLP,0.282,1842.0,1.100911556192804
197,MLP,0.281,1854.0,1.0970076145041772
246,MLP,0.281,1854.0,1.0970076145041772
615,MLP,0.281,1854.0,1.0970076145041772
1461,MLP,0.281,1854.0,1.0970076145041772
2015,MLP,0.281,1854.0,1.0970076145041772
2018,MLP,0.281,1854.0,1.0970076145041772
2409,MLP,0.281,1854.0,1.0970076145041772
2655,MLP,0.281,1854.0,1.0970076145041772
2696,MLP,0.281,1854.0,1.0970076145041772
2771,MLP,0.281,1854.0,1.0970076145041772
742,MLP,0.28,1864.0,1.09310367281555
811,MLP,0.28,1864.0,1.09310367281555
1087,MLP,0.28,1864.0,1.09310367281555
1368,MLP,0.28,1864.0,1.09310367281555
1507,MLP,0.28,1864.0,1.09310367281555
47,MLP,0.279,1869.0,1.0891997311269233
161,MLP,0.279,1869.0,1.0891997311269233
205,MLP,0.279,1869.0,1.0891997311269233
406,MLP,0.279,1869.0,1.0891997311269233
916,MLP,0.279,1869.0,1.0891997311269233
1079,MLP,0.279,1869.0,1.0891997311269233
1550,MLP,0.279,1869.0,1.0891997311269233
1908,MLP,0.279,1869.0,1.0891997311269233
2519,MLP,0.279,1869.0,1.0891997311269233
2755,MLP,0.279,1869.0,1.0891997311269233
6,MLP,0.278,1879.0,1.0852957894382962
390,MLP,0.278,1879.0,1.0852957894382962
686,MLP,0.278,1879.0,1.0852957894382962
1205,MLP,0.278,1879.0,1.0852957894382962
1338,MLP,0.278,1879.0,1.0852957894382962
1724,MLP,0.278,1879.0,1.0852957894382962
2075,MLP,0.278,1879.0,1.0852957894382962
2654,MLP,0.278,1879.0,1.0852957894382962
332,MLP,0.277,1887.0,1.0813918477496693
661,MLP,0.277,1887.0,1.0813918477496693
1786,MLP,0.277,1887.0,1.0813918477496693
2048,MLP,0.277,1887.0,1.0813918477496693
2059,MLP,0.277,1887.0,1.0813918477496693
2116,MLP,0.277,1887.0,1.0813918477496693
2176,MLP,0.277,1887.0,1.0813918477496693
202,MLP,0.276,1894.0,1.0774879060610423
385,MLP,0.276,1894.0,1.0774879060610423
525,MLP,0.276,1894.0,1.0774879060610423
1136,MLP,0.276,1894.0,1.0774879060610423
1403,MLP,0.276,1894.0,1.0774879060610423
1634,MLP,0.276,1894.0,1.0774879060610423
1876,MLP,0.276,1894.0,1.0774879060610423
1887,MLP,0.276,1894.0,1.0774879060610423
2625,MLP,0.276,1894.0,1.0774879060610423
762,MLP,0.275,1903.0,1.0735839643724154
857,MLP,0.275,1903.0,1.0735839643724154
924,MLP,0.275,1903.0,1.0735839643724154
1421,MLP,0.275,1903.0,1.0735839643724154
2031,MLP,0.275,1903.0,1.0735839643724154
2102,MLP,0.275,1903.0,1.0735839643724154
2377,MLP,0.275,1903.0,1.0735839643724154
113,MLP,0.274,1910.0,1.0696800226837884
477,MLP,0.274,1910.0,1.0696800226837884
594,MLP,0.274,1910.0,1.0696800226837884
621,MLP,0.274,1910.0,1.0696800226837884
773,MLP,0.274,1910.0,1.0696800226837884
787,MLP,0.274,1910.0,1.0696800226837884
2006,MLP,0.274,1910.0,1.0696800226837884
135,MLP,0.273,1917.0,1.0657760809951613
699,MLP,0.273,1917.0,1.0657760809951613
1963,MLP,0.273,1917.0,1.0657760809951613
2530,MLP,0.273,1917.0,1.0657760809951613
58,MLP,0.272,1921.0,1.0618721393065345
98,MLP,0.272,1921.0,1.0618721393065345
541,MLP,0.272,1921.0,1.0618721393065345
617,MLP,0.272,1921.0,1.0618721393065345
1094,MLP,0.272,1921.0,1.0618721393065345
1176,MLP,0.272,1921.0,1.0618721393065345
2311,MLP,0.272,1921.0,1.0618721393065345
2396,MLP,0.272,1921.0,1.0618721393065345
777,MLP,0.271,1929.0,1.0579681976179074
1581,MLP,0.271,1929.0,1.0579681976179074
2355,MLP,0.271,1929.0,1.0579681976179074
2482,MLP,0.271,1929.0,1.0579681976179074
2666,MLP,0.271,1929.0,1.0579681976179074
2778,MLP,0.271,1929.0,1.0579681976179074
16,MLP,0.27,1935.0,1.0540642559292805
235,MLP,0.27,1935.0,1.0540642559292805
750,MLP,0.27,1935.0,1.0540642559292805
754,MLP,0.27,1935.0,1.0540642559292805
1066,MLP,0.27,1935.0,1.0540642559292805
1409,MLP,0.27,1935.0,1.0540642559292805
1761,MLP,0.27,1935.0,1.0540642559292805
2646,MLP,0.27,1935.0,1.0540642559292805
360,MLP,0.269,1943.0,1.0501603142406535
971,MLP,0.269,1943.0,1.0501603142406535
1067,MLP,0.269,1943.0,1.0501603142406535
1536,MLP,0.269,1943.0,1.0501603142406535
1928,MLP,0.269,1943.0,1.0501603142406535
1964,MLP,0.269,1943.0,1.0501603142406535
2214,MLP,0.269,1943.0,1.0501603142406535
2358,MLP,0.269,1943.0,1.0501603142406535
206,MLP,0.268,1951.0,1.0462563725520266
232,MLP,0.268,1951.0,1.0462563725520266
357,MLP,0.268,1951.0,1.0462563725520266
421,MLP,0.268,1951.0,1.0462563725520266
543,MLP,0.268,1951.0,1.0462563725520266
603,MLP,0.268,1951.0,1.0462563725520266
704,MLP,0.268,1951.0,1.0462563725520266
1630,MLP,0.268,1951.0,1.0462563725520266
1666,MLP,0.268,1951.0,1.0462563725520266
2244,MLP,0.268,1951.0,1.0462563725520266
19,MLP,0.267,1961.0,1.0423524308633996
209,MLP,0.267,1961.0,1.0423524308633996
1103,MLP,0.267,1961.0,1.0423524308633996
1340,MLP,0.267,1961.0,1.0423524308633996
1405,MLP,0.267,1961.0,1.0423524308633996
1561,MLP,0.267,1961.0,1.0423524308633996
1777,MLP,0.267,1961.0,1.0423524308633996
1792,MLP,0.267,1961.0,1.0423524308633996
2386,MLP,0.267,1961.0,1.0423524308633996
2688,MLP,0.267,1961.0,1.0423524308633996
2702,MLP,0.267,1961.0,1.0423524308633996
237,MLP,0.266,1972.0,1.0384484891747727
347,MLP,0.266,1972.0,1.0384484891747727
378,MLP,0.266,1972.0,1.0384484891747727
441,MLP,0.266,1972.0,1.0384484891747727
1273,MLP,0.266,1972.0,1.0384484891747727
1364,MLP,0.266,1972.0,1.0384484891747727
2614,MLP,0.266,1972.0,1.0384484891747727
2668,MLP,0.266,1972.0,1.0384484891747727
2720,MLP,0.266,1972.0,1.0384484891747727
492,MLP,0.265,1981.0,1.0345445474861457
544,MLP,0.265,1981.0,1.0345445474861457
759,MLP,0.265,1981.0,1.0345445474861457
1202,MLP,0.265,1981.0,1.0345445474861457
1658,MLP,0.265,1981.0,1.0345445474861457
2503,MLP,0.265,1981.0,1.0345445474861457
102,MLP,0.264,1987.0,1.0306406057975186
560,MLP,0.264,1987.0,1.0306406057975186
1612,MLP,0.264,1987.0,1.0306406057975186
2081,MLP,0.264,1987.0,1.0306406057975186
2427,MLP,0.264,1987.0,1.0306406057975186
2461,MLP,0.264,1987.0,1.0306406057975186
2479,MLP,0.264,1987.0,1.0306406057975186
2573,MLP,0.264,1987.0,1.0306406057975186
2642,MLP,0.264,1987.0,1.0306406057975186
150,MLP,0.263,1996.0,1.0267366641088918
828,MLP,0.263,1996.0,1.0267366641088918
1161,MLP,0.263,1996.0,1.0267366641088918
1260,MLP,0.263,1996.0,1.0267366641088918
1339,MLP,0.263,1996.0,1.0267366641088918
1531,MLP,0.263,1996.0,1.0267366641088918
1552,MLP,0.263,1996.0,1.0267366641088918
1571,MLP,0.263,1996.0,1.0267366641088918
1709,MLP,0.263,1996.0,1.0267366641088918
1797,MLP,0.263,1996.0,1.0267366641088918
1812,MLP,0.263,1996.0,1.0267366641088918
2518,MLP,0.263,1996.0,1.0267366641088918
31,MLP,0.262,2008.0,1.0228327224202647
247,MLP,0.262,2008.0,1.0228327224202647
398,MLP,0.262,2008.0,1.0228327224202647
1173,MLP,0.262,2008.0,1.0228327224202647
1389,MLP,0.262,2008.0,1.0228327224202647
1576,MLP,0.262,2008.0,1.0228327224202647
2407,MLP,0.262,2008.0,1.0228327224202647
2556,MLP,0.262,2008.0,1.0228327224202647
275,MLP,0.261,2016.0,1.0189287807316378
412,MLP,0.261,2016.0,1.0189287807316378
817,MLP,0.261,2016.0,1.0189287807316378
1455,MLP,0.261,2016.0,1.0189287807316378
1529,MLP,0.261,2016.0,1.0189287807316378
1894,MLP,0.261,2016.0,1.0189287807316378
2410,MLP,0.261,2016.0,1.0189287807316378
2499,MLP,0.261,2016.0,1.0189287807316378
1145,MLP,0.26,2024.0,1.0150248390430108
1204,MLP,0.26,2024.0,1.0150248390430108
1395,MLP,0.26,2024.0,1.0150248390430108
1541,MLP,0.26,2024.0,1.0150248390430108
1712,MLP,0.26,2024.0,1.0150248390430108
540,MLP,0.259,2029.0,1.011120897354384
999,MLP,0.259,2029.0,1.011120897354384
1970,MLP,0.259,2029.0,1.011120897354384
2217,MLP,0.259,2029.0,1.011120897354384
78,MLP,0.258,2033.0,1.0072169556657569
167,MLP,0.258,2033.0,1.0072169556657569
305,MLP,0.258,2033.0,1.0072169556657569
658,MLP,0.258,2033.0,1.0072169556657569
784,MLP,0.258,2033.0,1.0072169556657569
1701,MLP,0.258,2033.0,1.0072169556657569
1938,MLP,0.258,2033.0,1.0072169556657569
2172,MLP,0.258,2033.0,1.0072169556657569
2348,MLP,0.258,2033.0,1.0072169556657569
2715,MLP,0.258,2033.0,1.0072169556657569
867,MLP,0.257,2043.0,1.00331301397713
963,MLP,0.257,2043.0,1.00331301397713
2618,MLP,0.257,2043.0,1.00331301397713
92,MLP,0.256,2046.0,0.999409072288503
907,MLP,0.256,2046.0,0.999409072288503
1148,MLP,0.256,2046.0,0.999409072288503
1325,MLP,0.256,2046.0,0.999409072288503
1434,MLP,0.256,2046.0,0.999409072288503
1992,MLP,0.256,2046.0,0.999409072288503
2008,MLP,0.256,2046.0,0.999409072288503
2194,MLP,0.256,2046.0,0.999409072288503
2215,MLP,0.256,2046.0,0.999409072288503
2575,MLP,0.256,2046.0,0.999409072288503
2621,MLP,0.256,2046.0,0.999409072288503
2640,MLP,0.256,2046.0,0.999409072288503
1047,MLP,0.255,2058.0,0.995505130599876
2317,MLP,0.255,2058.0,0.995505130599876
2624,MLP,0.255,2058.0,0.995505130599876
331,MLP,0.254,2061.0,0.991601188911249
401,MLP,0.254,2061.0,0.991601188911249
430,MLP,0.254,2061.0,0.991601188911249
858,MLP,0.254,2061.0,0.991601188911249
881,MLP,0.254,2061.0,0.991601188911249
1178,MLP,0.254,2061.0,0.991601188911249
2040,MLP,0.254,2061.0,0.991601188911249
2289,MLP,0.254,2061.0,0.991601188911249
2470,MLP,0.254,2061.0,0.991601188911249
2652,MLP,0.254,2061.0,0.991601188911249
88,MLP,0.253,2071.0,0.9876972472226221
284,MLP,0.253,2071.0,0.9876972472226221
785,MLP,0.253,2071.0,0.9876972472226221
62,MLP,0.252,2074.0,0.983793305533995
105,MLP,0.252,2074.0,0.983793305533995
165,MLP,0.252,2074.0,0.983793305533995
807,MLP,0.252,2074.0,0.983793305533995
1330,MLP,0.252,2074.0,0.983793305533995
1628,MLP,0.252,2074.0,0.983793305533995
2413,MLP,0.252,2074.0,0.983793305533995
2740,MLP,0.252,2074.0,0.983793305533995
1085,MLP,0.251,2082.0,0.9798893638453681
1280,MLP,0.251,2082.0,0.9798893638453681
1477,MLP,0.251,2082.0,0.9798893638453681
1684,MLP,0.251,2082.0,0.9798893638453681
1840,MLP,0.251,2082.0,0.9798893638453681
2440,MLP,0.251,2082.0,0.9798893638453681
40,MLP,0.25,2088.0,0.9759854221567411
839,MLP,0.25,2088.0,0.9759854221567411
1519,MLP,0.25,2088.0,0.9759854221567411
89,MLP,0.249,2091.0,0.9720814804681142
641,MLP,0.249,2091.0,0.9720814804681142
1060,MLP,0.249,2091.0,0.9720814804681142
1769,MLP,0.249,2091.0,0.9720814804681142
1925,MLP,0.249,2091.0,0.9720814804681142
2550,MLP,0.249,2091.0,0.9720814804681142
299,MLP,0.248,2097.0,0.9681775387794872
953,MLP,0.248,2097.0,0.9681775387794872
1444,MLP,0.248,2097.0,0.9681775387794872
1592,MLP,0.248,2097.0,0.9681775387794872
2283,MLP,0.248,2097.0,0.9681775387794872
1028,MLP,0.247,2102.0,0.9642735970908602
1058,MLP,0.247,2102.0,0.9642735970908602
1767,MLP,0.247,2102.0,0.9642735970908602
1852,MLP,0.247,2102.0,0.9642735970908602
2174,MLP,0.247,2102.0,0.9642735970908602
2647,MLP,0.247,2102.0,0.9642735970908602
142,MLP,0.246,2108.0,0.9603696554022333
215,MLP,0.246,2108.0,0.9603696554022333
304,MLP,0.246,2108.0,0.9603696554022333
1061,MLP,0.246,2108.0,0.9603696554022333
1143,MLP,0.246,2108.0,0.9603696554022333
1327,MLP,0.246,2108.0,0.9603696554022333
2093,MLP,0.246,2108.0,0.9603696554022333
2370,MLP,0.246,2108.0,0.9603696554022333
240,MLP,0.245,2116.0,0.9564657137136063
620,MLP,0.245,2116.0,0.9564657137136063
781,MLP,0.245,2116.0,0.9564657137136063
975,MLP,0.245,2116.0,0.9564657137136063
1262,MLP,0.245,2116.0,0.9564657137136063
1284,MLP,0.245,2116.0,0.9564657137136063
1896,MLP,0.245,2116.0,0.9564657137136063
2353,MLP,0.245,2116.0,0.9564657137136063
2713,MLP,0.245,2116.0,0.9564657137136063
2761,MLP,0.245,2116.0,0.9564657137136063
224,MLP,0.244,2126.0,0.9525617720249794
327,MLP,0.244,2126.0,0.9525617720249794
500,MLP,0.244,2126.0,0.9525617720249794
1548,MLP,0.244,2126.0,0.9525617720249794
1740,MLP,0.244,2126.0,0.9525617720249794
1800,MLP,0.244,2126.0,0.9525617720249794
2069,MLP,0.244,2126.0,0.9525617720249794
2304,MLP,0.244,2126.0,0.9525617720249794
2527,MLP,0.244,2126.0,0.9525617720249794
2545,MLP,0.244,2126.0,0.9525617720249794
2572,MLP,0.244,2126.0,0.9525617720249794
366,MLP,0.243,2137.0,0.9486578303363523
662,MLP,0.243,2137.0,0.9486578303363523
1306,MLP,0.243,2137.0,0.9486578303363523
1759,MLP,0.243,2137.0,0.9486578303363523
2173,MLP,0.243,2137.0,0.9486578303363523
2376,MLP,0.243,2137.0,0.9486578303363523
2426,MLP,0.243,2137.0,0.9486578303363523
820,MLP,0.242,2144.0,0.9447538886477254
1174,MLP,0.242,2144.0,0.9447538886477254
1276,MLP,0.242,2144.0,0.9447538886477254
1294,MLP,0.242,2144.0,0.9447538886477254
1298,MLP,0.242,2144.0,0.9447538886477254
1387,MLP,0.242,2144.0,0.9447538886477254
1790,MLP,0.242,2144.0,0.9447538886477254
1903,MLP,0.242,2144.0,0.9447538886477254
2366,MLP,0.242,2144.0,0.9447538886477254
2424,MLP,0.242,2144.0,0.9447538886477254
2508,MLP,0.242,2144.0,0.9447538886477254
514,MLP,0.241,2155.0,0.9408499469590984
1717,MLP,0.241,2155.0,0.9408499469590984
1988,MLP,0.241,2155.0,0.9408499469590984
2171,MLP,0.241,2155.0,0.9408499469590984
386,MLP,0.24,2159.0,0.9369460052704714
665,MLP,0.24,2159.0,0.9369460052704714
1052,MLP,0.24,2159.0,0.9369460052704714
1123,MLP,0.24,2159.0,0.9369460052704714
1237,MLP,0.24,2159.0,0.9369460052704714
79,MLP,0.239,2164.0,0.9330420635818445
295,MLP,0.239,2164.0,0.9330420635818445
368,MLP,0.239,2164.0,0.9330420635818445
397,MLP,0.239,2164.0,0.9330420635818445
645,MLP,0.239,2164.0,0.9330420635818445
731,MLP,0.239,2164.0,0.9330420635818445
1137,MLP,0.239,2164.0,0.9330420635818445
1195,MLP,0.239,2164.0,0.9330420635818445
1490,MLP,0.239,2164.0,0.9330420635818445
1696,MLP,0.239,2164.0,0.9330420635818445
1820,MLP,0.239,2164.0,0.9330420635818445
1830,MLP,0.239,2164.0,0.9330420635818445
1420,MLP,0.238,2176.0,0.9291381218932175
2228,MLP,0.238,2176.0,0.9291381218932175
2463,MLP,0.238,2176.0,0.9291381218932175
2483,MLP,0.238,2176.0,0.9291381218932175
2592,MLP,0.238,2176.0,0.9291381218932175
2725,MLP,0.238,2176.0,0.9291381218932175
446,MLP,0.237,2182.0,0.9252341802045906
508,MLP,0.237,2182.0,0.9252341802045906
1975,MLP,0.237,2182.0,0.9252341802045906
2360,MLP,0.237,2182.0,0.9252341802045906
2764,MLP,0.237,2182.0,0.9252341802045906
166,MLP,0.236,2187.0,0.9213302385159636
203,MLP,0.236,2187.0,0.9213302385159636
673,MLP,0.236,2187.0,0.9213302385159636
790,MLP,0.236,2187.0,0.9213302385159636
1092,MLP,0.236,2187.0,0.9213302385159636
1164,MLP,0.236,2187.0,0.9213302385159636
1229,MLP,0.236,2187.0,0.9213302385159636
1326,MLP,0.236,2187.0,0.9213302385159636
1799,MLP,0.236,2187.0,0.9213302385159636
2192,MLP,0.236,2187.0,0.9213302385159636
2230,MLP,0.236,2187.0,0.9213302385159636
2549,MLP,0.236,2187.0,0.9213302385159636
2734,MLP,0.236,2187.0,0.9213302385159636
346,MLP,0.235,2200.0,0.9174262968273367
1217,MLP,0.235,2200.0,0.9174262968273367
2167,MLP,0.235,2200.0,0.9174262968273367
2580,MLP,0.235,2200.0,0.9174262968273367
2595,MLP,0.235,2200.0,0.9174262968273367
1074,MLP,0.234,2205.0,0.9135223551387097
1113,MLP,0.234,2205.0,0.9135223551387097
1528,MLP,0.234,2205.0,0.9135223551387097
2123,MLP,0.234,2205.0,0.9135223551387097
2169,MLP,0.234,2205.0,0.9135223551387097
2398,MLP,0.234,2205.0,0.9135223551387097
2565,MLP,0.234,2205.0,0.9135223551387097
363,MLP,0.233,2212.0,0.9096184134500828
648,MLP,0.233,2212.0,0.9096184134500828
2113,MLP,0.233,2212.0,0.9096184134500828
42,MLP,0.232,2215.0,0.9057144717614558
226,MLP,0.232,2215.0,0.9057144717614558
436,MLP,0.232,2215.0,0.9057144717614558
720,MLP,0.232,2215.0,0.9057144717614558
1374,MLP,0.232,2215.0,0.9057144717614558
1664,MLP,0.232,2215.0,0.9057144717614558
1743,MLP,0.232,2215.0,0.9057144717614558
2555,MLP,0.232,2215.0,0.9057144717614558
489,MLP,0.231,2223.0,0.9018105300728289
1410,MLP,0.231,2223.0,0.9018105300728289
1555,MLP,0.231,2223.0,0.9018105300728289
1557,MLP,0.231,2223.0,0.9018105300728289
2693,MLP,0.231,2223.0,0.9018105300728289
680,MLP,0.23,2228.0,0.8979065883842019
1042,MLP,0.23,2228.0,0.8979065883842019
2144,MLP,0.23,2228.0,0.8979065883842019
2399,MLP,0.23,2228.0,0.8979065883842019
267,MLP,0.229,2232.0,0.8940026466955749
906,MLP,0.229,2232.0,0.8940026466955749
1083,MLP,0.229,2232.0,0.8940026466955749
1099,MLP,0.229,2232.0,0.8940026466955749
1318,MLP,0.229,2232.0,0.8940026466955749
1967,MLP,0.229,2232.0,0.8940026466955749
2095,MLP,0.229,2232.0,0.8940026466955749
2097,MLP,0.229,2232.0,0.8940026466955749
2098,MLP,0.229,2232.0,0.8940026466955749
2579,MLP,0.229,2232.0,0.8940026466955749
1470,MLP,0.228,2242.0,0.890098705006948
2343,MLP,0.228,2242.0,0.890098705006948
2428,MLP,0.228,2242.0,0.890098705006948
1132,MLP,0.227,2245.0,0.886194763318321
2056,MLP,0.227,2245.0,0.886194763318321
2357,MLP,0.227,2245.0,0.886194763318321
2465,MLP,0.227,2245.0,0.886194763318321
1624,MLP,0.226,2249.0,0.882290821629694
2735,MLP,0.226,2249.0,0.882290821629694
268,MLP,0.225,2251.0,0.878386879941067
301,MLP,0.225,2251.0,0.878386879941067
707,MLP,0.225,2251.0,0.878386879941067
1082,MLP,0.225,2251.0,0.878386879941067
2101,MLP,0.225,2251.0,0.878386879941067
589,MLP,0.224,2256.0,0.8744829382524401
880,MLP,0.224,2256.0,0.8744829382524401
778,MLP,0.223,2258.0,0.8705789965638131
1049,MLP,0.223,2258.0,0.8705789965638131
1278,MLP,0.223,2258.0,0.8705789965638131
1303,MLP,0.223,2258.0,0.8705789965638131
1481,MLP,0.223,2258.0,0.8705789965638131
1590,MLP,0.223,2258.0,0.8705789965638131
1771,MLP,0.223,2258.0,0.8705789965638131
1899,MLP,0.223,2258.0,0.8705789965638131
2235,MLP,0.223,2258.0,0.8705789965638131
2534,MLP,0.223,2258.0,0.8705789965638131
824,MLP,0.222,2268.0,0.8666750548751861
1029,MLP,0.222,2268.0,0.8666750548751861
2072,MLP,0.222,2268.0,0.8666750548751861
2521,MLP,0.222,2268.0,0.8666750548751861
736,MLP,0.221,2272.0,0.8627711131865592
770,MLP,0.221,2272.0,0.8627711131865592
946,MLP,0.221,2272.0,0.8627711131865592
1816,MLP,0.221,2272.0,0.8627711131865592
1821,MLP,0.221,2272.0,0.8627711131865592
1868,MLP,0.221,2272.0,0.8627711131865592
2127,MLP,0.221,2272.0,0.8627711131865592
472,MLP,0.22,2279.0,0.8588671714979322
801,MLP,0.22,2279.0,0.8588671714979322
1075,MLP,0.22,2279.0,0.8588671714979322
107,MLP,0.219,2282.0,0.8549632298093053
796,MLP,0.219,2282.0,0.8549632298093053
1138,MLP,0.219,2282.0,0.8549632298093053
2017,MLP,0.219,2282.0,0.8549632298093053
2395,MLP,0.219,2282.0,0.8549632298093053
14,MLP,0.217,2287.0,0.8471553464320513
231,MLP,0.217,2287.0,0.8471553464320513
256,MLP,0.217,2287.0,0.8471553464320513
261,MLP,0.217,2287.0,0.8471553464320513
1679,MLP,0.217,2287.0,0.8471553464320513
1757,MLP,0.217,2287.0,0.8471553464320513
2190,MLP,0.217,2287.0,0.8471553464320513
2193,MLP,0.217,2287.0,0.8471553464320513
2721,MLP,0.217,2287.0,0.8471553464320513
702,MLP,0.216,2296.0,0.8432514047434243
1299,MLP,0.216,2296.0,0.8432514047434243
1785,MLP,0.216,2296.0,0.8432514047434243
2587,MLP,0.216,2296.0,0.8432514047434243
13,MLP,0.215,2300.0,0.8393474630547973
384,MLP,0.215,2300.0,0.8393474630547973
604,MLP,0.215,2300.0,0.8393474630547973
724,MLP,0.215,2300.0,0.8393474630547973
938,MLP,0.215,2300.0,0.8393474630547973
1187,MLP,0.215,2300.0,0.8393474630547973
1587,MLP,0.215,2300.0,0.8393474630547973
2589,MLP,0.215,2300.0,0.8393474630547973
2772,MLP,0.215,2300.0,0.8393474630547973
375,MLP,0.214,2309.0,0.8354435213661704
2476,MLP,0.214,2309.0,0.8354435213661704
499,MLP,0.213,2311.0,0.8315395796775434
1827,MLP,0.213,2311.0,0.8315395796775434
1911,MLP,0.213,2311.0,0.8315395796775434
2777,MLP,0.213,2311.0,0.8315395796775434
207,MLP,0.212,2315.0,0.8276356379889165
771,MLP,0.212,2315.0,0.8276356379889165
1497,MLP,0.212,2315.0,0.8276356379889165
1586,MLP,0.212,2315.0,0.8276356379889165
1727,MLP,0.212,2315.0,0.8276356379889165
2146,MLP,0.212,2315.0,0.8276356379889165
2379,MLP,0.212,2315.0,0.8276356379889165
2417,MLP,0.212,2315.0,0.8276356379889165
2747,MLP,0.212,2315.0,0.8276356379889165
1495,MLP,0.211,2324.0,0.8237316963002895
2267,MLP,0.211,2324.0,0.8237316963002895
2350,MLP,0.211,2324.0,0.8237316963002895
1228,MLP,0.21,2327.0,0.8198277546116626
2109,MLP,0.21,2327.0,0.8198277546116626
48,MLP,0.209,2329.0,0.8159238129230355
517,MLP,0.209,2329.0,0.8159238129230355
848,MLP,0.209,2329.0,0.8159238129230355
1110,MLP,0.209,2329.0,0.8159238129230355
2032,MLP,0.209,2329.0,0.8159238129230355
2184,MLP,0.209,2329.0,0.8159238129230355
2208,MLP,0.209,2329.0,0.8159238129230355
2459,MLP,0.209,2329.0,0.8159238129230355
434,MLP,0.208,2337.0,0.8120198712344086
470,MLP,0.208,2337.0,0.8120198712344086
992,MLP,0.208,2337.0,0.8120198712344086
1961,MLP,0.208,2337.0,0.8120198712344086
83,MLP,0.207,2341.0,0.8081159295457816
1130,MLP,0.207,2341.0,0.8081159295457816
1251,MLP,0.207,2341.0,0.8081159295457816
1351,MLP,0.207,2341.0,0.8081159295457816
1357,MLP,0.207,2341.0,0.8081159295457816
1376,MLP,0.207,2341.0,0.8081159295457816
1675,MLP,0.207,2341.0,0.8081159295457816
1742,MLP,0.207,2341.0,0.8081159295457816
2253,MLP,0.207,2341.0,0.8081159295457816
2320,MLP,0.207,2341.0,0.8081159295457816
678,MLP,0.206,2351.0,0.8042119878571546
1196,MLP,0.206,2351.0,0.8042119878571546
191,MLP,0.205,2353.0,0.8003080461685277
328,MLP,0.205,2353.0,0.8003080461685277
1358,MLP,0.205,2353.0,0.8003080461685277
227,MLP,0.204,2356.0,0.7964041044799007
1206,MLP,0.204,2356.0,0.7964041044799007
1512,MLP,0.204,2356.0,0.7964041044799007
1902,MLP,0.204,2356.0,0.7964041044799007
982,MLP,0.203,2360.0,0.7925001627912739
217,MLP,0.202,2361.0,0.7885962211026469
576,MLP,0.202,2361.0,0.7885962211026469
842,MLP,0.202,2361.0,0.7885962211026469
1000,MLP,0.202,2361.0,0.7885962211026469
1072,MLP,0.202,2361.0,0.7885962211026469
1832,MLP,0.202,2361.0,0.7885962211026469
2197,MLP,0.202,2361.0,0.7885962211026469
2686,MLP,0.202,2361.0,0.7885962211026469
120,MLP,0.201,2369.0,0.78469227941402
1605,MLP,0.201,2369.0,0.78469227941402
1817,MLP,0.201,2369.0,0.78469227941402
2349,MLP,0.201,2369.0,0.78469227941402
788,MLP,0.2,2373.0,0.7807883377253929
1287,MLP,0.2,2373.0,0.7807883377253929
2002,MLP,0.2,2373.0,0.7807883377253929
1366,MLP,0.199,2376.0,0.776884396036766
278,MLP,0.198,2377.0,0.772980454348139
1027,MLP,0.198,2377.0,0.772980454348139
1370,MLP,0.198,2377.0,0.772980454348139
1927,MLP,0.198,2377.0,0.772980454348139
2083,MLP,0.198,2377.0,0.772980454348139
2559,MLP,0.198,2377.0,0.772980454348139
269,MLP,0.197,2383.0,0.769076512659512
779,MLP,0.197,2383.0,0.769076512659512
977,MLP,0.197,2383.0,0.769076512659512
1714,MLP,0.197,2383.0,0.769076512659512
2498,MLP,0.197,2383.0,0.769076512659512
2535,MLP,0.197,2383.0,0.769076512659512
2675,MLP,0.197,2383.0,0.769076512659512
1177,MLP,0.196,2390.0,0.7651725709708851
1687,MLP,0.196,2390.0,0.7651725709708851
1865,MLP,0.196,2390.0,0.7651725709708851
2086,MLP,0.196,2390.0,0.7651725709708851
2513,MLP,0.196,2390.0,0.7651725709708851
2619,MLP,0.196,2390.0,0.7651725709708851
864,MLP,0.195,2396.0,0.7612686292822581
1134,MLP,0.195,2396.0,0.7612686292822581
1256,MLP,0.195,2396.0,0.7612686292822581
1801,MLP,0.195,2396.0,0.7612686292822581
1870,MLP,0.195,2396.0,0.7612686292822581
727,MLP,0.194,2401.0,0.7573646875936312
1223,MLP,0.194,2401.0,0.7573646875936312
2121,MLP,0.194,2401.0,0.7573646875936312
2329,MLP,0.194,2401.0,0.7573646875936312
2754,MLP,0.194,2401.0,0.7573646875936312
1213,MLP,0.193,2406.0,0.7534607459050042
1449,MLP,0.193,2406.0,0.7534607459050042
1462,MLP,0.193,2406.0,0.7534607459050042
1723,MLP,0.193,2406.0,0.7534607459050042
2421,MLP,0.193,2406.0,0.7534607459050042
2603,MLP,0.193,2406.0,0.7534607459050042
715,MLP,0.192,2412.0,0.7495568042163772
921,MLP,0.192,2412.0,0.7495568042163772
2352,MLP,0.192,2412.0,0.7495568042163772
239,MLP,0.191,2415.0,0.7456528625277502
461,MLP,0.191,2415.0,0.7456528625277502
1077,MLP,0.191,2415.0,0.7456528625277502
2207,MLP,0.191,2415.0,0.7456528625277502
2577,MLP,0.191,2415.0,0.7456528625277502
475,MLP,0.19,2420.0,0.7417489208391232
1225,MLP,0.19,2420.0,0.7417489208391232
1379,MLP,0.19,2420.0,0.7417489208391232
1836,MLP,0.19,2420.0,0.7417489208391232
2288,MLP,0.19,2420.0,0.7417489208391232
2345,MLP,0.19,2420.0,0.7417489208391232
462,MLP,0.189,2426.0,0.7378449791504963
1293,MLP,0.189,2426.0,0.7378449791504963
1300,MLP,0.189,2426.0,0.7378449791504963
1365,MLP,0.189,2426.0,0.7378449791504963
1465,MLP,0.189,2426.0,0.7378449791504963
1598,MLP,0.188,2431.0,0.7339410374618693
1936,MLP,0.188,2431.0,0.7339410374618693
315,MLP,0.187,2433.0,0.7300370957732424
829,MLP,0.187,2433.0,0.7300370957732424
948,MLP,0.187,2433.0,0.7300370957732424
1573,MLP,0.187,2433.0,0.7300370957732424
1683,MLP,0.187,2433.0,0.7300370957732424
2051,MLP,0.187,2433.0,0.7300370957732424
510,MLP,0.186,2439.0,0.7261331540846154
1065,MLP,0.186,2439.0,0.7261331540846154
1162,MLP,0.186,2439.0,0.7261331540846154
1234,MLP,0.186,2439.0,0.7261331540846154
2706,MLP,0.186,2439.0,0.7261331540846154
21,MLP,0.185,2444.0,0.7222292123959885
642,MLP,0.185,2444.0,0.7222292123959885
2041,MLP,0.185,2444.0,0.7222292123959885
2492,MLP,0.185,2444.0,0.7222292123959885
2626,MLP,0.185,2444.0,0.7222292123959885
453,MLP,0.184,2449.0,0.7183252707073615
1774,MLP,0.184,2449.0,0.7183252707073615
1859,MLP,0.184,2449.0,0.7183252707073615
2641,MLP,0.184,2449.0,0.7183252707073615
2732,MLP,0.184,2449.0,0.7183252707073615
336,MLP,0.183,2454.0,0.7144213290187345
737,MLP,0.183,2454.0,0.7144213290187345
919,MLP,0.183,2454.0,0.7144213290187345
1466,MLP,0.183,2454.0,0.7144213290187345
2478,MLP,0.183,2454.0,0.7144213290187345
2557,MLP,0.183,2454.0,0.7144213290187345
1064,MLP,0.182,2460.0,0.7105173873301075
2362,MLP,0.182,2460.0,0.7105173873301075
2382,MLP,0.182,2460.0,0.7105173873301075
2402,MLP,0.182,2460.0,0.7105173873301075
67,MLP,0.181,2464.0,0.7066134456414805
639,MLP,0.181,2464.0,0.7066134456414805
1398,MLP,0.181,2464.0,0.7066134456414805
109,MLP,0.18,2467.0,0.7027095039528536
273,MLP,0.18,2467.0,0.7027095039528536
1336,MLP,0.18,2467.0,0.7027095039528536
1633,MLP,0.18,2467.0,0.7027095039528536
1882,MLP,0.18,2467.0,0.7027095039528536
94,MLP,0.179,2472.0,0.6988055622642266
181,MLP,0.179,2472.0,0.6988055622642266
868,MLP,0.179,2472.0,0.6988055622642266
1282,MLP,0.179,2472.0,0.6988055622642266
1668,MLP,0.179,2472.0,0.6988055622642266
2726,MLP,0.179,2472.0,0.6988055622642266
789,MLP,0.178,2478.0,0.6949016205755997
1034,MLP,0.178,2478.0,0.6949016205755997
1632,MLP,0.178,2478.0,0.6949016205755997
1735,MLP,0.178,2478.0,0.6949016205755997
1833,MLP,0.178,2478.0,0.6949016205755997
2046,MLP,0.178,2478.0,0.6949016205755997
2143,MLP,0.178,2478.0,0.6949016205755997
2154,MLP,0.178,2478.0,0.6949016205755997
2620,MLP,0.178,2478.0,0.6949016205755997
758,MLP,0.177,2487.0,0.6909976788869727
1006,MLP,0.177,2487.0,0.6909976788869727
1718,MLP,0.177,2487.0,0.6909976788869727
2202,MLP,0.177,2487.0,0.6909976788869727
2548,MLP,0.177,2487.0,0.6909976788869727
572,MLP,0.176,2492.0,0.6870937371983458
652,MLP,0.176,2492.0,0.6870937371983458
1235,MLP,0.176,2492.0,0.6870937371983458
1842,MLP,0.176,2492.0,0.6870937371983458
2631,MLP,0.176,2492.0,0.6870937371983458
983,MLP,0.175,2497.0,0.6831897955097187
1156,MLP,0.175,2497.0,0.6831897955097187
218,MLP,0.174,2499.0,0.6792858538210917
524,MLP,0.174,2499.0,0.6792858538210917
910,MLP,0.174,2499.0,0.6792858538210917
915,MLP,0.174,2499.0,0.6792858538210917
2139,MLP,0.174,2499.0,0.6792858538210917
571,MLP,0.173,2504.0,0.6753819121324648
1015,MLP,0.173,2504.0,0.6753819121324648
1509,MLP,0.173,2504.0,0.6753819121324648
1525,MLP,0.173,2504.0,0.6753819121324648
1810,MLP,0.172,2508.0,0.6714779704438378
36,MLP,0.171,2509.0,0.667574028755211
356,MLP,0.171,2509.0,0.667574028755211
1038,MLP,0.171,2509.0,0.667574028755211
2166,MLP,0.171,2509.0,0.667574028755211
329,MLP,0.17,2513.0,0.663670087066584
1741,MLP,0.17,2513.0,0.663670087066584
2729,MLP,0.17,2513.0,0.663670087066584
108,MLP,0.169,2516.0,0.6597661453779571
1983,MLP,0.169,2516.0,0.6597661453779571
163,MLP,0.168,2518.0,0.6558622036893301
949,MLP,0.168,2518.0,0.6558622036893301
1844,MLP,0.168,2518.0,0.6558622036893301
2263,MLP,0.168,2518.0,0.6558622036893301
73,MLP,0.167,2522.0,0.6519582620007032
551,MLP,0.167,2522.0,0.6519582620007032
751,MLP,0.167,2522.0,0.6519582620007032
1471,MLP,0.167,2522.0,0.6519582620007032
1765,MLP,0.167,2522.0,0.6519582620007032
2385,MLP,0.167,2522.0,0.6519582620007032
1987,MLP,0.166,2528.0,0.6480543203120761
190,MLP,0.165,2529.0,0.6441503786234491
1485,MLP,0.165,2529.0,0.6441503786234491
2011,MLP,0.165,2529.0,0.6441503786234491
2297,MLP,0.165,2529.0,0.6441503786234491
2303,MLP,0.165,2529.0,0.6441503786234491
136,MLP,0.164,2534.0,0.6402464369348222
465,MLP,0.164,2534.0,0.6402464369348222
1527,MLP,0.164,2534.0,0.6402464369348222
1636,MLP,0.164,2534.0,0.6402464369348222
2438,MLP,0.164,2534.0,0.6402464369348222
20,MLP,0.163,2539.0,0.6363424952461952
550,MLP,0.163,2539.0,0.6363424952461952
1386,MLP,0.163,2539.0,0.6363424952461952
1016,MLP,0.162,2542.0,0.6324385535575683
2324,MLP,0.162,2542.0,0.6324385535575683
139,MLP,0.161,2544.0,0.6285346118689413
558,MLP,0.161,2544.0,0.6285346118689413
802,MLP,0.161,2544.0,0.6285346118689413
1435,MLP,0.161,2544.0,0.6285346118689413
1991,MLP,0.161,2544.0,0.6285346118689413
2322,MLP,0.161,2544.0,0.6285346118689413
1505,MLP,0.16,2550.0,0.6246306701803144
1580,MLP,0.16,2550.0,0.6246306701803144
2560,MLP,0.16,2550.0,0.6246306701803144
632,MLP,0.159,2553.0,0.6207267284916874
882,MLP,0.159,2553.0,0.6207267284916874
2681,MLP,0.159,2553.0,0.6207267284916874
182,MLP,0.158,2556.0,0.6168227868030604
875,MLP,0.158,2556.0,0.6168227868030604
1247,MLP,0.158,2556.0,0.6168227868030604
2129,MLP,0.158,2556.0,0.6168227868030604
2239,MLP,0.158,2556.0,0.6168227868030604
2507,MLP,0.158,2556.0,0.6168227868030604
123,MLP,0.157,2562.0,0.6129188451144334
804,MLP,0.157,2562.0,0.6129188451144334
2165,MLP,0.157,2562.0,0.6129188451144334
2219,MLP,0.157,2562.0,0.6129188451144334
359,MLP,0.156,2566.0,0.6090149034258064
614,MLP,0.156,2566.0,0.6090149034258064
1848,MLP,0.156,2566.0,0.6090149034258064
1915,MLP,0.156,2566.0,0.6090149034258064
854,MLP,0.154,2570.0,0.6012070200485525
1399,MLP,0.154,2570.0,0.6012070200485525
1878,MLP,0.154,2570.0,0.6012070200485525
1886,MLP,0.154,2570.0,0.6012070200485525
2753,MLP,0.154,2570.0,0.6012070200485525
984,MLP,0.153,2575.0,0.5973030783599256
1335,MLP,0.153,2575.0,0.5973030783599256
1804,MLP,0.153,2575.0,0.5973030783599256
2383,MLP,0.153,2575.0,0.5973030783599256
2669,MLP,0.153,2575.0,0.5973030783599256
380,MLP,0.152,2580.0,0.5933991366712986
1750,MLP,0.152,2580.0,0.5933991366712986
1857,MLP,0.152,2580.0,0.5933991366712986
1373,MLP,0.151,2583.0,0.5894951949826717
1307,MLP,0.15,2584.0,0.5855912532940447
2493,MLP,0.15,2584.0,0.5855912532940447
2645,MLP,0.15,2584.0,0.5855912532940447
118,MLP,0.149,2587.0,0.5816873116054176
140,MLP,0.149,2587.0,0.5816873116054176
154,MLP,0.149,2587.0,0.5816873116054176
644,MLP,0.149,2587.0,0.5816873116054176
1553,MLP,0.149,2587.0,0.5816873116054176
2071,MLP,0.149,2587.0,0.5816873116054176
2477,MLP,0.149,2587.0,0.5816873116054176
2694,MLP,0.149,2587.0,0.5816873116054176
479,MLP,0.148,2595.0,0.5777833699167907
542,MLP,0.148,2595.0,0.5777833699167907
760,MLP,0.148,2595.0,0.5777833699167907
1139,MLP,0.148,2595.0,0.5777833699167907
1227,MLP,0.148,2595.0,0.5777833699167907
1831,MLP,0.148,2595.0,0.5777833699167907
1906,MLP,0.148,2595.0,0.5777833699167907
2328,MLP,0.148,2595.0,0.5777833699167907
1310,MLP,0.147,2603.0,0.5738794282281637
1350,MLP,0.147,2603.0,0.5738794282281637
634,MLP,0.146,2605.0,0.5699754865395368
1947,MLP,0.146,2605.0,0.5699754865395368
2050,MLP,0.146,2605.0,0.5699754865395368
2111,MLP,0.146,2605.0,0.5699754865395368
440,MLP,0.145,2609.0,0.5660715448509098
793,MLP,0.145,2609.0,0.5660715448509098
928,MLP,0.145,2609.0,0.5660715448509098
1091,MLP,0.145,2609.0,0.5660715448509098
1104,MLP,0.145,2609.0,0.5660715448509098
1197,MLP,0.145,2609.0,0.5660715448509098
1463,MLP,0.145,2609.0,0.5660715448509098
2124,MLP,0.145,2609.0,0.5660715448509098
2270,MLP,0.145,2609.0,0.5660715448509098
242,MLP,0.144,2618.0,0.5621676031622829
2094,MLP,0.144,2618.0,0.5621676031622829
2685,MLP,0.144,2618.0,0.5621676031622829
584,MLP,0.143,2621.0,0.5582636614736559
1054,MLP,0.143,2621.0,0.5582636614736559
1289,MLP,0.143,2621.0,0.5582636614736559
1984,MLP,0.143,2621.0,0.5582636614736559
152,MLP,0.142,2625.0,0.554359719785029
1602,MLP,0.142,2625.0,0.554359719785029
1116,MLP,0.141,2627.0,0.550455778096402
2308,MLP,0.141,2627.0,0.550455778096402
2516,MLP,0.141,2627.0,0.550455778096402
2536,MLP,0.141,2627.0,0.550455778096402
498,MLP,0.14,2631.0,0.546551836407775
926,MLP,0.14,2631.0,0.546551836407775
993,MLP,0.14,2631.0,0.546551836407775
1057,MLP,0.14,2631.0,0.546551836407775
1795,MLP,0.14,2631.0,0.546551836407775
2664,MLP,0.14,2631.0,0.546551836407775
243,MLP,0.139,2637.0,0.5426478947191481
2061,MLP,0.139,2637.0,0.5426478947191481
68,MLP,0.138,2639.0,0.5387439530305211
764,MLP,0.138,2639.0,0.5387439530305211
2520,MLP,0.138,2639.0,0.5387439530305211
2687,MLP,0.138,2639.0,0.5387439530305211
229,MLP,0.137,2643.0,0.5348400113418942
929,MLP,0.137,2643.0,0.5348400113418942
1348,MLP,0.137,2643.0,0.5348400113418942
838,MLP,0.136,2646.0,0.5309360696532672
887,MLP,0.136,2646.0,0.5309360696532672
1245,MLP,0.136,2646.0,0.5309360696532672
1464,MLP,0.136,2646.0,0.5309360696532672
1851,MLP,0.136,2646.0,0.5309360696532672
2342,MLP,0.136,2646.0,0.5309360696532672
1324,MLP,0.135,2652.0,0.5270321279646403
1346,MLP,0.135,2652.0,0.5270321279646403
1424,MLP,0.135,2652.0,0.5270321279646403
1617,MLP,0.135,2652.0,0.5270321279646403
1732,MLP,0.135,2652.0,0.5270321279646403
2134,MLP,0.135,2652.0,0.5270321279646403
884,MLP,0.134,2658.0,0.5231281862760133
930,MLP,0.134,2658.0,0.5231281862760133
987,MLP,0.134,2658.0,0.5231281862760133
1259,MLP,0.134,2658.0,0.5231281862760133
2,MLP,0.133,2662.0,0.5192242445873864
1479,MLP,0.133,2662.0,0.5192242445873864
2510,MLP,0.133,2662.0,0.5192242445873864
134,MLP,0.132,2665.0,0.5153203028987593
285,MLP,0.132,2665.0,0.5153203028987593
1036,MLP,0.132,2665.0,0.5153203028987593
2336,MLP,0.132,2665.0,0.5153203028987593
687,MLP,0.131,2669.0,0.5114163612101323
903,MLP,0.131,2669.0,0.5114163612101323
1030,MLP,0.131,2669.0,0.5114163612101323
1319,MLP,0.131,2669.0,0.5114163612101323
383,MLP,0.13,2673.0,0.5075124195215054
1362,MLP,0.13,2673.0,0.5075124195215054
2126,MLP,0.13,2673.0,0.5075124195215054
2449,MLP,0.13,2673.0,0.5075124195215054
2272,MLP,0.129,2677.0,0.5036084778328784
2310,MLP,0.129,2677.0,0.5036084778328784
49,MLP,0.128,2679.0,0.4997045361442515
106,MLP,0.128,2679.0,0.4997045361442515
693,MLP,0.128,2679.0,0.4997045361442515
1487,MLP,0.128,2679.0,0.4997045361442515
2606,MLP,0.128,2679.0,0.4997045361442515
30,MLP,0.127,2684.0,0.4958005944556245
723,MLP,0.127,2684.0,0.4958005944556245
2604,MLP,0.127,2684.0,0.4958005944556245
50,MLP,0.126,2687.0,0.4918966527669975
1676,MLP,0.126,2687.0,0.4918966527669975
2502,MLP,0.126,2687.0,0.4918966527669975
322,MLP,0.125,2690.0,0.48799271107837056
941,MLP,0.125,2690.0,0.48799271107837056
1713,MLP,0.125,2690.0,0.48799271107837056
939,MLP,0.124,2693.0,0.4840887693897436
1232,MLP,0.124,2693.0,0.4840887693897436
1515,MLP,0.124,2693.0,0.4840887693897436
2423,MLP,0.124,2693.0,0.4840887693897436
515,MLP,0.123,2697.0,0.48018482770111665
1745,MLP,0.123,2697.0,0.48018482770111665
2414,MLP,0.123,2697.0,0.48018482770111665
2429,MLP,0.123,2697.0,0.48018482770111665
2563,MLP,0.123,2697.0,0.48018482770111665
894,MLP,0.122,2702.0,0.4762808860124897
1003,MLP,0.122,2702.0,0.4762808860124897
1063,MLP,0.122,2702.0,0.4762808860124897
361,MLP,0.121,2705.0,0.4723769443238627
1086,MLP,0.121,2705.0,0.4723769443238627
1667,MLP,0.121,2705.0,0.4723769443238627
2596,MLP,0.121,2705.0,0.4723769443238627
2671,MLP,0.121,2705.0,0.4723769443238627
72,MLP,0.12,2710.0,0.4684730026352357
121,MLP,0.12,2710.0,0.4684730026352357
504,MLP,0.12,2710.0,0.4684730026352357
579,MLP,0.12,2710.0,0.4684730026352357
1726,MLP,0.12,2710.0,0.4684730026352357
1916,MLP,0.12,2710.0,0.4684730026352357
2009,MLP,0.12,2710.0,0.4684730026352357
2280,MLP,0.12,2710.0,0.4684730026352357
1737,MLP,0.119,2718.0,0.46456906094660877
1941,MLP,0.119,2718.0,0.46456906094660877
1578,MLP,0.118,2720.0,0.4606651192579818
1595,MLP,0.118,2720.0,0.4606651192579818
2062,MLP,0.118,2720.0,0.4606651192579818
2558,MLP,0.118,2720.0,0.4606651192579818
595,MLP,0.117,2724.0,0.45676117756935486
631,MLP,0.117,2724.0,0.45676117756935486
2433,MLP,0.117,2724.0,0.45676117756935486
2738,MLP,0.117,2724.0,0.45676117756935486
254,MLP,0.116,2728.0,0.4528572358807279
317,MLP,0.116,2728.0,0.4528572358807279
912,MLP,0.116,2728.0,0.4528572358807279
1095,MLP,0.116,2728.0,0.4528572358807279
1850,MLP,0.116,2728.0,0.4528572358807279
252,MLP,0.115,2733.0,0.44895329419210095
439,MLP,0.115,2733.0,0.44895329419210095
936,MLP,0.115,2733.0,0.44895329419210095
1603,MLP,0.115,2733.0,0.44895329419210095
1638,MLP,0.115,2733.0,0.44895329419210095
985,MLP,0.114,2738.0,0.445049352503474
1002,MLP,0.113,2739.0,0.441145410814847
1619,MLP,0.113,2739.0,0.441145410814847
1641,MLP,0.113,2739.0,0.441145410814847
1024,MLP,0.112,2742.0,0.43724146912622003
1889,MLP,0.111,2743.0,0.4333375274375931
2064,MLP,0.111,2743.0,0.4333375274375931
103,MLP,0.11,2745.0,0.4294335857489661
1249,MLP,0.11,2745.0,0.4294335857489661
1429,MLP,0.11,2745.0,0.4294335857489661
1760,MLP,0.11,2745.0,0.4294335857489661
2653,MLP,0.11,2745.0,0.4294335857489661
1671,MLP,0.109,2750.0,0.42552964406033916
1901,MLP,0.109,2750.0,0.42552964406033916
1823,MLP,0.108,2752.0,0.42162570237171215
2500,MLP,0.108,2752.0,0.42162570237171215
1159,MLP,0.107,2754.0,0.4177217606830852
54,MLP,0.106,2755.0,0.41381781899445824
200,MLP,0.106,2755.0,0.41381781899445824
291,MLP,0.105,2757.0,0.4099138773058313
627,MLP,0.105,2757.0,0.4099138773058313
520,MLP,0.104,2759.0,0.4060099356172043
1381,MLP,0.104,2759.0,0.4060099356172043
2198,MLP,0.104,2759.0,0.4060099356172043
2768,MLP,0.104,2759.0,0.4060099356172043
274,MLP,0.103,2763.0,0.4021059939285773
1917,MLP,0.103,2763.0,0.4021059939285773
2340,MLP,0.102,2765.0,0.39820205223995037
28,MLP,0.101,2766.0,0.39429811055132347
158,MLP,0.101,2766.0,0.39429811055132347
726,MLP,0.101,2766.0,0.39429811055132347
313,MLP,0.099,2769.0,0.3864902271740695
2663,MLP,0.098,2770.0,0.38258628548544255
841,MLP,0.094,2771.0,0.36697051873093467
663,MLP,0.093,2772.0,0.3630665770423077
1322,MLP,0.093,2772.0,0.3630665770423077
1642,MLP,0.093,2772.0,0.3630665770423077
1198,MLP,0.091,2775.0,0.35525869366505375
144,MLP,0.086,2776.0,0.3357389852219189
290,MLP,0.086,2776.0,0.3357389852219189
692,MLP,0.085,2778.0,0.331835043533292
