Site,Reference_Model,Average_Relative_Error,Rank,Mean_over_SDofMean
900,GAM,1.743,1.0,8.23627605796213
1910,GAM,1.52,2.0,7.182524158406447
2584,GAM,1.52,2.0,7.182524158406447
1129,GAM,1.495,4.0,7.064390537380025
1169,GAM,1.437,5.0,6.790320536598727
522,GAM,1.395,6.0,6.591856053274338
2318,GAM,1.377,7.0,6.506799846135314
1837,GAM,1.366,8.0,6.4548210528836885
2004,GAM,1.363,9.0,6.4406450183605175
96,GAM,1.361,10.0,6.431194328678404
2404,GAM,1.354,11.0,6.398116914791006
1749,GAM,1.349,12.0,6.374490190585721
294,GAM,1.346,13.0,6.360314156062551
2188,GAM,1.345,14.0,6.3555888112214936
307,GAM,1.342,15.0,6.3414127766983235
2085,GAM,1.335,16.0,6.308335362810925
2724,GAM,1.304,17.0,6.161849672738162
2300,GAM,1.271,18.0,6.005913292983285
1697,GAM,1.26,19.0,5.95393449973166
1121,GAM,1.259,20.0,5.949209154890602
2110,GAM,1.256,21.0,5.935033120367432
1530,GAM,1.245,22.0,5.883054327115807
527,GAM,1.237,23.0,5.8452515683873525
1010,GAM,1.231,24.0,5.816899499341011
2486,GAM,1.228,25.0,5.80272346481784
35,GAM,1.225,26.0,5.78854743029467
2436,GAM,1.219,27.0,5.7601953612483285
570,GAM,1.188,28.0,5.613709671175565
193,GAM,1.185,29.0,5.599533636652395
1371,GAM,1.181,30.0,5.580632257288167
581,GAM,1.176,31.0,5.557005533082882
748,GAM,1.171,32.0,5.533378808877599
1885,GAM,1.158,33.0,5.471949325943858
556,GAM,1.145,34.0,5.410519843010119
1681,GAM,1.137,35.0,5.372717084281664
1009,GAM,1.136,36.0,5.367991739440607
539,GAM,1.124,37.0,5.311287601347925
1649,GAM,1.113,38.0,5.259308808096299
2130,GAM,1.109,39.0,5.240407428732071
1972,GAM,1.104,40.0,5.216780704526788
2758,GAM,1.104,40.0,5.216780704526788
1423,GAM,1.091,42.0,5.155351221593048
476,GAM,1.086,43.0,5.131724497387764
1729,GAM,1.075,44.0,5.079745704136138
2029,GAM,1.074,45.0,5.075020359295082
2583,GAM,1.074,45.0,5.075020359295082
255,GAM,1.073,47.0,5.070295014454024
2209,GAM,1.07,48.0,5.056118979930854
1114,GAM,1.061,49.0,5.0135908763613415
1172,GAM,1.056,50.0,4.989964152156058
2259,GAM,1.052,51.0,4.97106277279183
955,GAM,1.048,52.0,4.952161393427603
2274,GAM,1.047,53.0,4.947436048586545
2177,GAM,1.044,54.0,4.933260014063375
84,GAM,1.035,55.0,4.890731910493863
1355,GAM,1.029,56.0,4.862379841447522
2690,GAM,1.024,57.0,4.838753117242238
761,GAM,1.022,58.0,4.829302427560124
425,GAM,1.021,59.0,4.824577082719067
306,GAM,1.019,60.0,4.815126393036953
220,GAM,1.014,61.0,4.791499668831669
1597,GAM,1.014,61.0,4.791499668831669
1413,GAM,1.013,63.0,4.7867743239906115
149,GAM,1.004,64.0,4.7442462204211004
39,GAM,1.003,65.0,4.739520875580043
606,GAM,1.001,66.0,4.7300701858979295
1377,GAM,0.991,67.0,4.682816737487361
297,GAM,0.99,68.0,4.678091392646304
1070,GAM,0.989,69.0,4.6733660478052474
1255,GAM,0.988,70.0,4.66864070296419
1484,GAM,0.987,71.0,4.663915358123133
1572,GAM,0.985,72.0,4.65446466844102
1096,GAM,0.982,73.0,4.640288633917849
1243,GAM,0.982,73.0,4.640288633917849
1692,GAM,0.982,73.0,4.640288633917849
1469,GAM,0.978,76.0,4.621387254553621
1025,GAM,0.973,77.0,4.597760530348337
2541,GAM,0.97,78.0,4.583584495825167
160,GAM,0.969,79.0,4.578859150984109
511,GAM,0.967,80.0,4.569408461301996
1428,GAM,0.952,81.0,4.498528288686143
1476,GAM,0.951,82.0,4.493802943845086
1360,GAM,0.947,83.0,4.4749015644808585
818,GAM,0.94,84.0,4.44182415059346
1758,GAM,0.937,85.0,4.42764811607029
2648,GAM,0.934,86.0,4.41347208154712
636,GAM,0.927,87.0,4.380394667659721
2290,GAM,0.926,88.0,4.3756693228186645
287,GAM,0.924,89.0,4.36621863313655
951,GAM,0.923,90.0,4.3614932882954935
1412,GAM,0.919,91.0,4.342591908931266
2275,GAM,0.919,91.0,4.342591908931266
1614,GAM,0.918,93.0,4.337866564090209
1040,GAM,0.917,94.0,4.3331412192491525
885,GAM,0.915,95.0,4.323690529567039
318,GAM,0.913,96.0,4.314239839884925
1311,GAM,0.91,97.0,4.300063805361755
2030,GAM,0.908,98.0,4.2906131156796405
815,GAM,0.896,99.0,4.2339089775869585
117,GAM,0.885,100.0,4.181930184335332
2047,GAM,0.884,101.0,4.177204839494276
69,GAM,0.881,102.0,4.163028804971105
1853,GAM,0.874,103.0,4.129951391083707
1345,GAM,0.866,104.0,4.092148632355252
2255,GAM,0.866,104.0,4.092148632355252
2731,GAM,0.865,106.0,4.087423287514195
1748,GAM,0.864,107.0,4.082697942673138
1012,GAM,0.858,108.0,4.054345873626797
2538,GAM,0.857,109.0,4.04962052878574
2443,GAM,0.852,110.0,4.025993804580455
2199,GAM,0.85,111.0,4.016543114898342
561,GAM,0.849,112.0,4.011817770057285
2149,GAM,0.842,113.0,3.9787403561698866
2509,GAM,0.842,113.0,3.9787403561698866
2257,GAM,0.838,115.0,3.9598389768056594
2261,GAM,0.838,115.0,3.9598389768056594
1238,GAM,0.834,117.0,3.940937597441432
1185,GAM,0.83,118.0,3.922036218077204
1419,GAM,0.826,119.0,3.9031348387129765
1778,GAM,0.822,120.0,3.8842334593487493
1879,GAM,0.822,120.0,3.8842334593487493
2432,GAM,0.822,120.0,3.8842334593487493
2422,GAM,0.82,123.0,3.8747827696666355
100,GAM,0.819,124.0,3.870057424825579
1468,GAM,0.819,124.0,3.870057424825579
2689,GAM,0.819,124.0,3.870057424825579
2022,GAM,0.818,127.0,3.8653320799845217
2158,GAM,0.816,128.0,3.855881390302408
1652,GAM,0.809,129.0,3.82280397641501
1406,GAM,0.807,130.0,3.8133532867328968
1892,GAM,0.807,130.0,3.8133532867328968
320,GAM,0.805,132.0,3.803902597050783
2609,GAM,0.796,133.0,3.761374493481271
302,GAM,0.795,134.0,3.7566491486402143
2076,GAM,0.795,134.0,3.7566491486402143
2497,GAM,0.791,136.0,3.7377477692759866
797,GAM,0.79,137.0,3.7330224244349295
2309,GAM,0.79,137.0,3.7330224244349295
1212,GAM,0.789,139.0,3.728297079593873
2159,GAM,0.789,139.0,3.728297079593873
1639,GAM,0.788,141.0,3.723571734752816
2633,GAM,0.786,142.0,3.7141210450707023
2224,GAM,0.785,143.0,3.709395700229645
970,GAM,0.783,144.0,3.6999450105475313
2344,GAM,0.783,144.0,3.6999450105475313
1361,GAM,0.782,146.0,3.6952196657064746
410,GAM,0.779,147.0,3.681043631183304
484,GAM,0.779,147.0,3.681043631183304
2517,GAM,0.778,149.0,3.676318286342247
664,GAM,0.777,150.0,3.6715929415011903
740,GAM,0.777,150.0,3.6715929415011903
1791,GAM,0.777,150.0,3.6715929415011903
2284,GAM,0.774,153.0,3.65741690697802
861,GAM,0.773,154.0,3.6526915621369627
1151,GAM,0.772,155.0,3.647966217295906
775,GAM,0.77,156.0,3.638515527613792
1142,GAM,0.768,157.0,3.6290648379316783
1549,GAM,0.766,158.0,3.6196141482495645
1559,GAM,0.765,159.0,3.614888803408508
249,GAM,0.764,160.0,3.6101634585674507
70,GAM,0.762,161.0,3.6007127688853373
127,GAM,0.762,161.0,3.6007127688853373
402,GAM,0.761,163.0,3.59598742404428
2052,GAM,0.761,163.0,3.59598742404428
129,GAM,0.754,165.0,3.562910010156882
194,GAM,0.754,165.0,3.562910010156882
1764,GAM,0.754,165.0,3.562910010156882
679,GAM,0.752,168.0,3.553459320474768
1847,GAM,0.749,169.0,3.5392832859515977
1543,GAM,0.748,170.0,3.534557941110541
176,GAM,0.746,171.0,3.525107251428427
2651,GAM,0.746,171.0,3.525107251428427
143,GAM,0.745,173.0,3.52038190658737
964,GAM,0.745,173.0,3.52038190658737
505,GAM,0.744,175.0,3.5156565617463134
1277,GAM,0.743,176.0,3.5109312169052567
569,GAM,0.741,177.0,3.501480527223143
996,GAM,0.741,177.0,3.501480527223143
1080,GAM,0.741,177.0,3.501480527223143
1960,GAM,0.741,177.0,3.501480527223143
2455,GAM,0.74,181.0,3.4967551823820857
1321,GAM,0.739,182.0,3.492029837541029
1871,GAM,0.739,182.0,3.492029837541029
2010,GAM,0.739,182.0,3.492029837541029
1647,GAM,0.736,185.0,3.4778538030178585
856,GAM,0.735,186.0,3.4731284581768014
1825,GAM,0.734,187.0,3.4684031133357447
276,GAM,0.732,188.0,3.458952423653631
878,GAM,0.731,189.0,3.4542270788125737
293,GAM,0.73,190.0,3.449501733971517
2295,GAM,0.727,191.0,3.4353256994483465
429,GAM,0.726,192.0,3.4306003546072894
1924,GAM,0.726,192.0,3.4306003546072894
1558,GAM,0.724,194.0,3.4211496649251756
1746,GAM,0.724,194.0,3.4211496649251756
371,GAM,0.723,196.0,3.416424320084119
1354,GAM,0.723,196.0,3.416424320084119
2578,GAM,0.723,196.0,3.416424320084119
1437,GAM,0.721,199.0,3.406973630402005
1637,GAM,0.721,199.0,3.406973630402005
1931,GAM,0.721,199.0,3.406973630402005
2612,GAM,0.721,199.0,3.406973630402005
437,GAM,0.719,203.0,3.3975229407198912
351,GAM,0.718,204.0,3.3927975958788346
467,GAM,0.718,204.0,3.3927975958788346
2450,GAM,0.717,206.0,3.388072251037778
1680,GAM,0.716,207.0,3.3833469061967207
865,GAM,0.715,208.0,3.378621561355664
392,GAM,0.714,209.0,3.373896216514607
1305,GAM,0.703,210.0,3.3219174232629816
75,GAM,0.702,211.0,3.3171920784219244
1192,GAM,0.702,211.0,3.3171920784219244
1793,GAM,0.702,211.0,3.3171920784219244
529,GAM,0.701,214.0,3.3124667335808677
2092,GAM,0.701,214.0,3.3124667335808677
2145,GAM,0.701,214.0,3.3124667335808677
2273,GAM,0.701,214.0,3.3124667335808677
1233,GAM,0.7,218.0,3.3077413887398106
509,GAM,0.699,219.0,3.303016043898754
2456,GAM,0.699,219.0,3.303016043898754
844,GAM,0.697,221.0,3.29356535421664
2515,GAM,0.697,221.0,3.29356535421664
1314,GAM,0.696,223.0,3.2888400093755834
214,GAM,0.695,224.0,3.2841146645345263
814,GAM,0.694,225.0,3.2793893196934696
2067,GAM,0.694,225.0,3.2793893196934696
1135,GAM,0.693,227.0,3.2746639748524125
1700,GAM,0.692,228.0,3.2699386300113558
1914,GAM,0.692,228.0,3.2699386300113558
877,GAM,0.689,230.0,3.2557625954881853
2339,GAM,0.688,231.0,3.251037250647128
1019,GAM,0.687,232.0,3.246311905806072
714,GAM,0.686,233.0,3.241586560965015
1203,GAM,0.685,234.0,3.236861216123958
1436,GAM,0.685,234.0,3.236861216123958
2090,GAM,0.684,236.0,3.2321358712829014
586,GAM,0.682,237.0,3.2226851816007875
168,GAM,0.681,238.0,3.2179598367597304
1690,GAM,0.681,238.0,3.2179598367597304
2566,GAM,0.681,238.0,3.2179598367597304
2160,GAM,0.68,241.0,3.2132344919186737
837,GAM,0.679,242.0,3.208509147077617
1958,GAM,0.678,243.0,3.20378380223656
904,GAM,0.676,244.0,3.194333112554446
1220,GAM,0.676,244.0,3.194333112554446
2632,GAM,0.676,244.0,3.194333112554446
339,GAM,0.673,247.0,3.1801570780312756
60,GAM,0.672,248.0,3.175431733190219
230,GAM,0.672,248.0,3.175431733190219
843,GAM,0.672,248.0,3.175431733190219
1011,GAM,0.672,248.0,3.175431733190219
1438,GAM,0.671,252.0,3.1707063883491617
1601,GAM,0.67,253.0,3.165981043508105
923,GAM,0.669,254.0,3.161255698667048
2161,GAM,0.669,254.0,3.161255698667048
288,GAM,0.668,256.0,3.1565303538259912
2026,GAM,0.667,257.0,3.1518050089849345
2430,GAM,0.666,258.0,3.1470796641438774
369,GAM,0.665,259.0,3.1423543193028207
979,GAM,0.665,259.0,3.1423543193028207
1062,GAM,0.665,259.0,3.1423543193028207
2389,GAM,0.665,259.0,3.1423543193028207
2708,GAM,0.663,263.0,3.132903629620707
300,GAM,0.662,264.0,3.1281782847796498
547,GAM,0.662,264.0,3.1281782847796498
1922,GAM,0.662,264.0,3.1281782847796498
1607,GAM,0.661,267.0,3.123452939938593
1656,GAM,0.661,267.0,3.123452939938593
431,GAM,0.66,269.0,3.1187275950975364
2152,GAM,0.66,269.0,3.1187275950975364
189,GAM,0.658,271.0,3.1092769054154226
1518,GAM,0.658,271.0,3.1092769054154226
1523,GAM,0.658,271.0,3.1092769054154226
1779,GAM,0.658,271.0,3.1092769054154226
1849,GAM,0.656,275.0,3.0998262157333087
1945,GAM,0.656,275.0,3.0998262157333087
959,GAM,0.655,277.0,3.0951008708922516
262,GAM,0.652,278.0,3.080924836369081
1861,GAM,0.652,278.0,3.080924836369081
601,GAM,0.649,280.0,3.0667488018459106
2063,GAM,0.648,281.0,3.0620234570048535
1502,GAM,0.647,282.0,3.0572981121637968
1754,GAM,0.647,282.0,3.0572981121637968
2084,GAM,0.647,282.0,3.0572981121637968
382,GAM,0.646,285.0,3.05257276732274
1122,GAM,0.644,286.0,3.0431220776406263
850,GAM,0.643,287.0,3.038396732799569
2057,GAM,0.643,287.0,3.038396732799569
927,GAM,0.642,289.0,3.0336713879585124
2411,GAM,0.642,289.0,3.0336713879585124
1794,GAM,0.641,291.0,3.0289460431174557
59,GAM,0.636,292.0,3.005319318912171
1004,GAM,0.635,293.0,3.0005939740711143
2384,GAM,0.635,293.0,3.0005939740711143
51,GAM,0.634,295.0,2.9958686292300576
638,GAM,0.634,295.0,2.9958686292300576
922,GAM,0.633,297.0,2.9911432843890005
528,GAM,0.632,298.0,2.9864179395479438
1118,GAM,0.632,298.0,2.9864179395479438
1147,GAM,0.632,298.0,2.9864179395479438
2723,GAM,0.631,301.0,2.9816925947068866
1856,GAM,0.628,302.0,2.967516560183716
1689,GAM,0.627,303.0,2.9627912153426594
655,GAM,0.625,304.0,2.9533405256605456
1686,GAM,0.625,304.0,2.9533405256605456
2373,GAM,0.625,304.0,2.9533405256605456
2266,GAM,0.624,307.0,2.9486151808194885
1190,GAM,0.623,308.0,2.943889835978432
1772,GAM,0.623,308.0,2.943889835978432
2659,GAM,0.623,308.0,2.943889835978432
821,GAM,0.622,311.0,2.9391644911373747
1775,GAM,0.621,312.0,2.934439146296318
2157,GAM,0.621,312.0,2.934439146296318
2542,GAM,0.621,312.0,2.934439146296318
2635,GAM,0.621,312.0,2.934439146296318
1226,GAM,0.62,316.0,2.9297138014552613
82,GAM,0.619,317.0,2.924988456614204
1526,GAM,0.618,318.0,2.9202631117731475
2227,GAM,0.618,318.0,2.9202631117731475
507,GAM,0.617,320.0,2.9155377669320903
1285,GAM,0.617,320.0,2.9155377669320903
408,GAM,0.615,322.0,2.906087077249977
1909,GAM,0.615,322.0,2.906087077249977
599,GAM,0.613,324.0,2.896636387567863
1250,GAM,0.613,324.0,2.896636387567863
1610,GAM,0.613,324.0,2.896636387567863
2106,GAM,0.611,327.0,2.8871856978857493
557,GAM,0.61,328.0,2.882460353044692
1264,GAM,0.61,328.0,2.882460353044692
1979,GAM,0.61,328.0,2.882460353044692
2305,GAM,0.61,328.0,2.882460353044692
264,GAM,0.609,332.0,2.8777350082036355
753,GAM,0.609,332.0,2.8777350082036355
1625,GAM,0.609,332.0,2.8777350082036355
1663,GAM,0.609,332.0,2.8777350082036355
2013,GAM,0.609,332.0,2.8777350082036355
2703,GAM,0.609,332.0,2.8777350082036355
2281,GAM,0.608,338.0,2.873009663362579
1041,GAM,0.607,339.0,2.8682843185215217
2210,GAM,0.606,340.0,2.863558973680465
825,GAM,0.605,341.0,2.858833628839408
1146,GAM,0.605,341.0,2.858833628839408
334,GAM,0.604,343.0,2.854108283998351
2593,GAM,0.603,344.0,2.849382939157294
2630,GAM,0.603,344.0,2.849382939157294
1144,GAM,0.602,346.0,2.8446575943162373
920,GAM,0.6,347.0,2.8352069046341235
1320,GAM,0.6,347.0,2.8352069046341235
358,GAM,0.599,349.0,2.830481559793067
1815,GAM,0.598,350.0,2.8257562149520097
2356,GAM,0.598,350.0,2.8257562149520097
2368,GAM,0.598,350.0,2.8257562149520097
2287,GAM,0.596,353.0,2.816305525269896
940,GAM,0.595,354.0,2.811580180428839
1033,GAM,0.595,354.0,2.811580180428839
688,GAM,0.593,356.0,2.8021294907467253
2096,GAM,0.592,357.0,2.7974041459056687
2608,GAM,0.592,357.0,2.7974041459056687
38,GAM,0.591,359.0,2.7926788010646115
183,GAM,0.591,359.0,2.7926788010646115
312,GAM,0.591,359.0,2.7926788010646115
981,GAM,0.591,359.0,2.7926788010646115
1493,GAM,0.591,359.0,2.7926788010646115
486,GAM,0.59,364.0,2.787953456223555
555,GAM,0.59,364.0,2.787953456223555
2419,GAM,0.589,366.0,2.7832281113824977
2717,GAM,0.588,367.0,2.778502766541441
674,GAM,0.587,368.0,2.7737774217003843
1093,GAM,0.587,368.0,2.7737774217003843
1107,GAM,0.587,368.0,2.7737774217003843
424,GAM,0.586,371.0,2.769052076859327
1644,GAM,0.586,371.0,2.769052076859327
2567,GAM,0.586,371.0,2.769052076859327
324,GAM,0.584,374.0,2.7596013871772134
830,GAM,0.584,374.0,2.7596013871772134
2442,GAM,0.584,374.0,2.7596013871772134
137,GAM,0.583,377.0,2.7548760423361567
1501,GAM,0.583,377.0,2.7548760423361567
1503,GAM,0.583,377.0,2.7548760423361567
2511,GAM,0.582,380.0,2.7501506974951
241,GAM,0.581,381.0,2.745425352654043
997,GAM,0.581,381.0,2.745425352654043
1295,GAM,0.581,381.0,2.745425352654043
2080,GAM,0.581,381.0,2.745425352654043
2525,GAM,0.581,381.0,2.745425352654043
2600,GAM,0.579,386.0,2.735974662971929
874,GAM,0.577,387.0,2.726523973289815
925,GAM,0.577,387.0,2.726523973289815
1416,GAM,0.577,387.0,2.726523973289815
1445,GAM,0.577,387.0,2.726523973289815
2103,GAM,0.577,387.0,2.726523973289815
12,GAM,0.576,392.0,2.7217986284487585
534,GAM,0.576,392.0,2.7217986284487585
588,GAM,0.576,392.0,2.7217986284487585
170,GAM,0.575,395.0,2.717073283607702
566,GAM,0.575,395.0,2.717073283607702
1923,GAM,0.575,395.0,2.717073283607702
2599,GAM,0.575,395.0,2.717073283607702
518,GAM,0.574,399.0,2.7123479387666447
2117,GAM,0.574,399.0,2.7123479387666447
2054,GAM,0.573,401.0,2.707622593925588
769,GAM,0.572,402.0,2.702897249084531
2299,GAM,0.572,402.0,2.702897249084531
74,GAM,0.571,404.0,2.698171904243474
387,GAM,0.571,404.0,2.698171904243474
2298,GAM,0.571,404.0,2.698171904243474
1106,GAM,0.569,407.0,2.6887212145613604
2680,GAM,0.569,407.0,2.6887212145613604
321,GAM,0.568,409.0,2.6839958697203037
405,GAM,0.568,409.0,2.6839958697203037
1189,GAM,0.568,409.0,2.6839958697203037
2053,GAM,0.568,409.0,2.6839958697203037
44,GAM,0.567,413.0,2.6792705248792466
552,GAM,0.567,413.0,2.6792705248792466
1369,GAM,0.567,413.0,2.6792705248792466
1140,GAM,0.566,416.0,2.67454518003819
1995,GAM,0.566,416.0,2.67454518003819
325,GAM,0.564,418.0,2.665094490356076
404,GAM,0.564,418.0,2.665094490356076
1674,GAM,0.563,420.0,2.660369145515019
2005,GAM,0.563,420.0,2.660369145515019
2475,GAM,0.563,420.0,2.660369145515019
11,GAM,0.561,423.0,2.650918455832906
746,GAM,0.56,424.0,2.646193110991849
1905,GAM,0.56,424.0,2.646193110991849
1688,GAM,0.559,426.0,2.641467766150792
2441,GAM,0.559,426.0,2.641467766150792
933,GAM,0.558,428.0,2.6367424213097355
1585,GAM,0.558,428.0,2.6367424213097355
998,GAM,0.557,430.0,2.6320170764686783
1841,GAM,0.557,430.0,2.6320170764686783
2213,GAM,0.557,430.0,2.6320170764686783
2392,GAM,0.556,433.0,2.6272917316276216
1604,GAM,0.555,434.0,2.6225663867865645
188,GAM,0.554,435.0,2.617841041945508
260,GAM,0.554,435.0,2.617841041945508
427,GAM,0.554,435.0,2.617841041945508
2540,GAM,0.554,435.0,2.617841041945508
2552,GAM,0.554,435.0,2.617841041945508
672,GAM,0.553,440.0,2.6131156971044507
995,GAM,0.553,440.0,2.6131156971044507
1932,GAM,0.553,440.0,2.6131156971044507
2704,GAM,0.553,440.0,2.6131156971044507
1109,GAM,0.552,444.0,2.608390352263394
1623,GAM,0.552,444.0,2.608390352263394
2576,GAM,0.552,444.0,2.608390352263394
2672,GAM,0.552,444.0,2.608390352263394
52,GAM,0.551,448.0,2.6036650074223373
277,GAM,0.551,448.0,2.6036650074223373
1693,GAM,0.551,448.0,2.6036650074223373
1919,GAM,0.551,448.0,2.6036650074223373
2200,GAM,0.551,448.0,2.6036650074223373
587,GAM,0.55,453.0,2.59893966258128
1304,GAM,0.55,453.0,2.59893966258128
2359,GAM,0.55,453.0,2.59893966258128
22,GAM,0.549,456.0,2.5942143177402235
86,GAM,0.549,456.0,2.5942143177402235
270,GAM,0.549,456.0,2.5942143177402235
452,GAM,0.549,456.0,2.5942143177402235
1584,GAM,0.549,456.0,2.5942143177402235
1855,GAM,0.548,461.0,2.5894889728991664
2776,GAM,0.548,461.0,2.5894889728991664
1343,GAM,0.547,463.0,2.5847636280581097
2544,GAM,0.547,463.0,2.5847636280581097
131,GAM,0.546,465.0,2.5800382832170525
1862,GAM,0.546,465.0,2.5800382832170525
1583,GAM,0.545,467.0,2.575312938375996
2610,GAM,0.545,467.0,2.575312938375996
2770,GAM,0.545,467.0,2.575312938375996
968,GAM,0.543,470.0,2.565862248693882
1020,GAM,0.543,470.0,2.565862248693882
2249,GAM,0.543,470.0,2.565862248693882
696,GAM,0.542,473.0,2.5611369038528253
1814,GAM,0.542,473.0,2.5611369038528253
2189,GAM,0.542,473.0,2.5611369038528253
32,GAM,0.539,476.0,2.546960869329655
151,GAM,0.539,476.0,2.546960869329655
335,GAM,0.539,476.0,2.546960869329655
1090,GAM,0.539,476.0,2.546960869329655
2469,GAM,0.539,476.0,2.546960869329655
2673,GAM,0.539,476.0,2.546960869329655
656,GAM,0.538,482.0,2.5422355244885977
694,GAM,0.538,482.0,2.5422355244885977
1404,GAM,0.537,484.0,2.537510179647541
1411,GAM,0.537,484.0,2.537510179647541
1627,GAM,0.537,484.0,2.537510179647541
965,GAM,0.536,487.0,2.532784834806484
1930,GAM,0.536,487.0,2.532784834806484
1920,GAM,0.535,489.0,2.528059489965427
2677,GAM,0.535,489.0,2.528059489965427
1475,GAM,0.534,491.0,2.52333414512437
2023,GAM,0.534,491.0,2.52333414512437
391,GAM,0.533,493.0,2.5186088002833134
2719,GAM,0.533,493.0,2.5186088002833134
2739,GAM,0.533,493.0,2.5186088002833134
700,GAM,0.532,496.0,2.5138834554422567
1400,GAM,0.532,496.0,2.5138834554422567
1488,GAM,0.532,496.0,2.5138834554422567
2347,GAM,0.532,496.0,2.5138834554422567
2736,GAM,0.532,496.0,2.5138834554422567
2746,GAM,0.532,496.0,2.5138834554422567
1539,GAM,0.531,502.0,2.5091581106011995
2733,GAM,0.531,502.0,2.5091581106011995
238,GAM,0.53,504.0,2.504432765760143
292,GAM,0.53,504.0,2.504432765760143
1756,GAM,0.53,504.0,2.504432765760143
2504,GAM,0.53,504.0,2.504432765760143
1271,GAM,0.529,508.0,2.4997074209190857
2179,GAM,0.529,508.0,2.4997074209190857
244,GAM,0.528,510.0,2.494982076078029
485,GAM,0.528,510.0,2.494982076078029
1678,GAM,0.528,510.0,2.494982076078029
2607,GAM,0.528,510.0,2.494982076078029
222,GAM,0.527,514.0,2.490256731236972
1163,GAM,0.527,514.0,2.490256731236972
1432,GAM,0.527,514.0,2.490256731236972
1439,GAM,0.527,514.0,2.490256731236972
110,GAM,0.526,518.0,2.485531386395915
1929,GAM,0.526,518.0,2.485531386395915
1968,GAM,0.525,520.0,2.4808060415548585
2164,GAM,0.525,520.0,2.4808060415548585
377,GAM,0.524,522.0,2.4760806967138014
798,GAM,0.524,522.0,2.4760806967138014
1084,GAM,0.524,522.0,2.4760806967138014
26,GAM,0.523,525.0,2.4713553518727447
146,GAM,0.523,525.0,2.4713553518727447
958,GAM,0.523,525.0,2.4713553518727447
1606,GAM,0.523,525.0,2.4713553518727447
960,GAM,0.521,529.0,2.461904662190631
1296,GAM,0.519,530.0,2.452453972508517
2204,GAM,0.519,530.0,2.452453972508517
93,GAM,0.518,532.0,2.4477286276674604
1450,GAM,0.518,532.0,2.4477286276674604
2505,GAM,0.518,532.0,2.4477286276674604
2585,GAM,0.518,532.0,2.4477286276674604
1999,GAM,0.517,536.0,2.443003282826403
438,GAM,0.516,537.0,2.4382779379853465
816,GAM,0.516,537.0,2.4382779379853465
27,GAM,0.515,539.0,2.4335525931442894
1492,GAM,0.515,539.0,2.4335525931442894
1994,GAM,0.515,539.0,2.4335525931442894
2037,GAM,0.515,539.0,2.4335525931442894
863,GAM,0.514,543.0,2.4288272483032327
879,GAM,0.514,543.0,2.4288272483032327
1661,GAM,0.514,543.0,2.4288272483032327
2660,GAM,0.514,543.0,2.4288272483032327
538,GAM,0.513,547.0,2.4241019034621756
1312,GAM,0.513,547.0,2.4241019034621756
2211,GAM,0.513,547.0,2.4241019034621756
2531,GAM,0.513,547.0,2.4241019034621756
2679,GAM,0.513,547.0,2.4241019034621756
403,GAM,0.512,552.0,2.419376558621119
2748,GAM,0.512,552.0,2.419376558621119
1344,GAM,0.511,554.0,2.414651213780062
2012,GAM,0.511,554.0,2.414651213780062
2495,GAM,0.511,554.0,2.414651213780062
1043,GAM,0.51,557.0,2.409925868939005
81,GAM,0.509,558.0,2.4052005240979484
228,GAM,0.509,558.0,2.4052005240979484
650,GAM,0.509,558.0,2.4052005240979484
1538,GAM,0.509,558.0,2.4052005240979484
1711,GAM,0.509,558.0,2.4052005240979484
2225,GAM,0.509,558.0,2.4052005240979484
2260,GAM,0.508,564.0,2.4004751792568912
2394,GAM,0.508,564.0,2.4004751792568912
2533,GAM,0.508,564.0,2.4004751792568912
1018,GAM,0.507,567.0,2.3957498344158346
1913,GAM,0.507,567.0,2.3957498344158346
2332,GAM,0.507,567.0,2.3957498344158346
132,GAM,0.506,570.0,2.391024489574778
488,GAM,0.506,570.0,2.391024489574778
2506,GAM,0.506,570.0,2.391024489574778
623,GAM,0.505,573.0,2.3862991447337207
1031,GAM,0.505,573.0,2.3862991447337207
1252,GAM,0.505,573.0,2.3862991447337207
2401,GAM,0.505,573.0,2.3862991447337207
2044,GAM,0.504,577.0,2.381573799892664
567,GAM,0.503,578.0,2.376848455051607
457,GAM,0.502,579.0,2.3721231102105502
873,GAM,0.502,579.0,2.3721231102105502
1427,GAM,0.501,581.0,2.367397765369493
1459,GAM,0.501,581.0,2.367397765369493
1460,GAM,0.501,581.0,2.367397765369493
1521,GAM,0.501,581.0,2.367397765369493
1540,GAM,0.501,581.0,2.367397765369493
1828,GAM,0.501,581.0,2.367397765369493
2380,GAM,0.501,581.0,2.367397765369493
259,GAM,0.5,588.0,2.3626724205284364
2212,GAM,0.5,588.0,2.3626724205284364
2319,GAM,0.5,588.0,2.3626724205284364
2390,GAM,0.5,588.0,2.3626724205284364
1385,GAM,0.499,592.0,2.3579470756873797
1677,GAM,0.499,592.0,2.3579470756873797
2099,GAM,0.499,592.0,2.3579470756873797
2765,GAM,0.499,592.0,2.3579470756873797
192,GAM,0.498,596.0,2.3532217308463226
1568,GAM,0.498,596.0,2.3532217308463226
2183,GAM,0.498,596.0,2.3532217308463226
851,GAM,0.497,599.0,2.348496386005266
1258,GAM,0.497,599.0,2.348496386005266
1356,GAM,0.497,599.0,2.348496386005266
2055,GAM,0.497,599.0,2.348496386005266
2132,GAM,0.497,599.0,2.348496386005266
2140,GAM,0.497,599.0,2.348496386005266
2374,GAM,0.497,599.0,2.348496386005266
2705,GAM,0.497,599.0,2.348496386005266
2774,GAM,0.497,599.0,2.348496386005266
420,GAM,0.496,608.0,2.3437710411642088
1783,GAM,0.496,608.0,2.3437710411642088
2038,GAM,0.496,608.0,2.3437710411642088
1715,GAM,0.495,611.0,2.339045696323152
1824,GAM,0.495,611.0,2.339045696323152
2616,GAM,0.495,611.0,2.339045696323152
463,GAM,0.494,614.0,2.334320351482095
1575,GAM,0.494,614.0,2.334320351482095
668,GAM,0.493,616.0,2.3295950066410382
1396,GAM,0.493,616.0,2.3295950066410382
1716,GAM,0.493,616.0,2.3295950066410382
765,GAM,0.492,619.0,2.3248696617999816
2091,GAM,0.492,619.0,2.3248696617999816
2742,GAM,0.492,619.0,2.3248696617999816
266,GAM,0.491,622.0,2.3201443169589244
1183,GAM,0.491,622.0,2.3201443169589244
1670,GAM,0.491,622.0,2.3201443169589244
2033,GAM,0.491,622.0,2.3201443169589244
25,GAM,0.49,626.0,2.3154189721178677
211,GAM,0.49,626.0,2.3154189721178677
729,GAM,0.49,626.0,2.3154189721178677
823,GAM,0.49,626.0,2.3154189721178677
1448,GAM,0.49,626.0,2.3154189721178677
2315,GAM,0.49,626.0,2.3154189721178677
125,GAM,0.489,632.0,2.3106936272768106
1811,GAM,0.489,632.0,2.3106936272768106
1026,GAM,0.488,634.0,2.305968282435754
1105,GAM,0.488,634.0,2.305968282435754
1622,GAM,0.488,634.0,2.305968282435754
1819,GAM,0.488,634.0,2.305968282435754
2393,GAM,0.488,634.0,2.305968282435754
2501,GAM,0.488,634.0,2.305968282435754
697,GAM,0.486,640.0,2.29651759275364
1048,GAM,0.486,640.0,2.29651759275364
1180,GAM,0.485,642.0,2.2917922479125834
2627,GAM,0.485,642.0,2.2917922479125834
265,GAM,0.484,644.0,2.2870669030715263
592,GAM,0.484,644.0,2.2870669030715263
635,GAM,0.484,644.0,2.2870669030715263
1100,GAM,0.484,644.0,2.2870669030715263
1648,GAM,0.484,644.0,2.2870669030715263
2264,GAM,0.483,649.0,2.2823415582304696
34,GAM,0.482,650.0,2.2776162133894124
1893,GAM,0.482,650.0,2.2776162133894124
1953,GAM,0.482,650.0,2.2776162133894124
2408,GAM,0.482,650.0,2.2776162133894124
695,GAM,0.481,654.0,2.2728908685483558
1788,GAM,0.481,654.0,2.2728908685483558
657,GAM,0.48,656.0,2.268165523707299
942,GAM,0.48,656.0,2.268165523707299
2662,GAM,0.48,656.0,2.268165523707299
455,GAM,0.479,659.0,2.263440178866242
637,GAM,0.479,659.0,2.263440178866242
2496,GAM,0.479,659.0,2.263440178866242
15,GAM,0.478,662.0,2.2587148340251852
1808,GAM,0.478,662.0,2.2587148340251852
719,GAM,0.477,664.0,2.253989489184128
1263,GAM,0.477,664.0,2.253989489184128
2232,GAM,0.477,664.0,2.253989489184128
310,GAM,0.476,667.0,2.2492641443430714
782,GAM,0.473,668.0,2.235088109819901
282,GAM,0.472,669.0,2.230362764978844
2203,GAM,0.472,669.0,2.230362764978844
2487,GAM,0.472,669.0,2.230362764978844
2490,GAM,0.472,669.0,2.230362764978844
1166,GAM,0.471,673.0,2.225637420137787
1739,GAM,0.471,673.0,2.225637420137787
253,GAM,0.47,675.0,2.22091207529673
602,GAM,0.468,676.0,2.2114613856146166
2741,GAM,0.468,676.0,2.2114613856146166
1858,GAM,0.467,678.0,2.20673604077356
2665,GAM,0.467,678.0,2.20673604077356
1221,GAM,0.466,680.0,2.2020106959325028
2276,GAM,0.466,680.0,2.2020106959325028
212,GAM,0.465,682.0,2.197285351091446
280,GAM,0.465,682.0,2.197285351091446
1073,GAM,0.465,682.0,2.197285351091446
1872,GAM,0.465,682.0,2.197285351091446
496,GAM,0.464,686.0,2.192560006250389
991,GAM,0.464,686.0,2.192560006250389
162,GAM,0.463,688.0,2.1878346614093322
827,GAM,0.463,688.0,2.1878346614093322
1253,GAM,0.463,688.0,2.1878346614093322
156,GAM,0.462,691.0,2.183109316568275
381,GAM,0.462,691.0,2.183109316568275
444,GAM,0.462,691.0,2.183109316568275
800,GAM,0.462,691.0,2.183109316568275
1532,GAM,0.462,691.0,2.183109316568275
1657,GAM,0.462,691.0,2.183109316568275
1943,GAM,0.462,691.0,2.183109316568275
1948,GAM,0.462,691.0,2.183109316568275
1565,GAM,0.461,699.0,2.1783839717272184
2170,GAM,0.461,699.0,2.1783839717272184
2676,GAM,0.461,699.0,2.1783839717272184
364,GAM,0.46,702.0,2.1736586268861617
418,GAM,0.46,702.0,2.1736586268861617
630,GAM,0.46,702.0,2.1736586268861617
763,GAM,0.46,702.0,2.1736586268861617
2561,GAM,0.46,702.0,2.1736586268861617
10,GAM,0.459,707.0,2.1689332820451046
891,GAM,0.459,707.0,2.1689332820451046
2118,GAM,0.459,707.0,2.1689332820451046
173,GAM,0.458,710.0,2.164207937204048
1158,GAM,0.458,710.0,2.164207937204048
2195,GAM,0.458,710.0,2.164207937204048
2571,GAM,0.458,710.0,2.164207937204048
913,GAM,0.457,714.0,2.159482592362991
1846,GAM,0.457,714.0,2.159482592362991
1798,GAM,0.456,716.0,2.154757247521934
2752,GAM,0.456,716.0,2.154757247521934
210,GAM,0.455,718.0,2.1500319026808774
454,GAM,0.455,718.0,2.1500319026808774
776,GAM,0.455,718.0,2.1500319026808774
1513,GAM,0.455,718.0,2.1500319026808774
2122,GAM,0.455,718.0,2.1500319026808774
780,GAM,0.454,723.0,2.1453065578398203
836,GAM,0.454,723.0,2.1453065578398203
1382,GAM,0.454,723.0,2.1453065578398203
1499,GAM,0.454,723.0,2.1453065578398203
17,GAM,0.453,727.0,2.1405812129987636
931,GAM,0.453,727.0,2.1405812129987636
1286,GAM,0.453,727.0,2.1405812129987636
1291,GAM,0.453,727.0,2.1405812129987636
1594,GAM,0.453,727.0,2.1405812129987636
1921,GAM,0.453,727.0,2.1405812129987636
412,GAM,0.452,733.0,2.1358558681577064
459,GAM,0.452,733.0,2.1358558681577064
917,GAM,0.452,733.0,2.1358558681577064
53,GAM,0.451,736.0,2.1311305233166498
1008,GAM,0.451,736.0,2.1311305233166498
1669,GAM,0.451,736.0,2.1311305233166498
2416,GAM,0.451,736.0,2.1311305233166498
2667,GAM,0.451,736.0,2.1311305233166498
343,GAM,0.45,741.0,2.1264051784755926
1207,GAM,0.45,741.0,2.1264051784755926
1551,GAM,0.45,741.0,2.1264051784755926
2107,GAM,0.45,741.0,2.1264051784755926
2656,GAM,0.45,741.0,2.1264051784755926
559,GAM,0.449,746.0,2.121679833634536
1524,GAM,0.449,746.0,2.121679833634536
1662,GAM,0.449,746.0,2.121679833634536
43,GAM,0.448,749.0,2.1169544887934792
966,GAM,0.448,749.0,2.1169544887934792
1125,GAM,0.448,749.0,2.1169544887934792
1442,GAM,0.448,749.0,2.1169544887934792
1640,GAM,0.448,749.0,2.1169544887934792
2323,GAM,0.448,749.0,2.1169544887934792
373,GAM,0.447,755.0,2.112229143952422
1443,GAM,0.447,755.0,2.112229143952422
1863,GAM,0.447,755.0,2.112229143952422
2697,GAM,0.447,755.0,2.112229143952422
442,GAM,0.446,759.0,2.1075037991113654
449,GAM,0.446,759.0,2.1075037991113654
2089,GAM,0.445,761.0,2.1027784542703083
316,GAM,0.444,762.0,2.0980531094292516
2073,GAM,0.444,762.0,2.0980531094292516
2529,GAM,0.444,762.0,2.0980531094292516
16,GAM,0.443,765.0,2.0933277645881945
609,GAM,0.443,765.0,2.0933277645881945
2453,GAM,0.443,765.0,2.0933277645881945
2514,GAM,0.443,765.0,2.0933277645881945
988,GAM,0.442,769.0,2.088602419747138
1254,GAM,0.442,769.0,2.088602419747138
1838,GAM,0.442,769.0,2.088602419747138
1884,GAM,0.442,769.0,2.088602419747138
2136,GAM,0.442,769.0,2.088602419747138
2762,GAM,0.441,774.0,2.083877074906081
1328,GAM,0.44,775.0,2.079151730065024
1422,GAM,0.44,775.0,2.079151730065024
1514,GAM,0.44,775.0,2.079151730065024
1733,GAM,0.44,775.0,2.079151730065024
116,GAM,0.439,779.0,2.0744263852239673
732,GAM,0.439,779.0,2.0744263852239673
961,GAM,0.439,779.0,2.0744263852239673
1431,GAM,0.439,779.0,2.0744263852239673
1522,GAM,0.439,779.0,2.0744263852239673
2163,GAM,0.439,779.0,2.0744263852239673
180,GAM,0.438,785.0,2.06970104038291
370,GAM,0.438,785.0,2.06970104038291
799,GAM,0.438,785.0,2.06970104038291
905,GAM,0.438,785.0,2.06970104038291
1126,GAM,0.438,785.0,2.06970104038291
1270,GAM,0.438,785.0,2.06970104038291
1473,GAM,0.438,785.0,2.06970104038291
1747,GAM,0.438,785.0,2.06970104038291
1940,GAM,0.438,785.0,2.06970104038291
1954,GAM,0.438,785.0,2.06970104038291
2238,GAM,0.438,785.0,2.06970104038291
708,GAM,0.437,796.0,2.0649756955418535
899,GAM,0.437,796.0,2.0649756955418535
1655,GAM,0.437,796.0,2.0649756955418535
1933,GAM,0.437,796.0,2.0649756955418535
2019,GAM,0.437,796.0,2.0649756955418535
2466,GAM,0.437,796.0,2.0649756955418535
2710,GAM,0.437,796.0,2.0649756955418535
367,GAM,0.436,803.0,2.0602503507007963
1165,GAM,0.436,803.0,2.0602503507007963
1646,GAM,0.436,803.0,2.0602503507007963
2444,GAM,0.436,803.0,2.0602503507007963
104,GAM,0.435,807.0,2.0555250058597396
876,GAM,0.435,807.0,2.0555250058597396
1167,GAM,0.435,807.0,2.0555250058597396
1184,GAM,0.435,807.0,2.0555250058597396
1935,GAM,0.435,807.0,2.0555250058597396
2060,GAM,0.435,807.0,2.0555250058597396
2246,GAM,0.435,807.0,2.0555250058597396
2757,GAM,0.435,807.0,2.0555250058597396
187,GAM,0.434,815.0,2.050799661018683
901,GAM,0.434,815.0,2.050799661018683
1088,GAM,0.434,815.0,2.050799661018683
1672,GAM,0.434,815.0,2.050799661018683
1883,GAM,0.434,815.0,2.050799661018683
2474,GAM,0.434,815.0,2.050799661018683
2602,GAM,0.434,815.0,2.050799661018683
314,GAM,0.433,822.0,2.046074316177626
323,GAM,0.433,822.0,2.046074316177626
501,GAM,0.433,822.0,2.046074316177626
1873,GAM,0.433,822.0,2.046074316177626
2269,GAM,0.433,822.0,2.046074316177626
411,GAM,0.432,827.0,2.041348971336569
474,GAM,0.432,827.0,2.041348971336569
1453,GAM,0.432,827.0,2.041348971336569
1787,GAM,0.432,827.0,2.041348971336569
2351,GAM,0.432,827.0,2.041348971336569
2727,GAM,0.432,827.0,2.041348971336569
1308,GAM,0.431,833.0,2.036623626495512
1480,GAM,0.431,833.0,2.036623626495512
1898,GAM,0.431,833.0,2.036623626495512
2313,GAM,0.431,833.0,2.036623626495512
937,GAM,0.43,837.0,2.0318982816544553
1390,GAM,0.43,837.0,2.0318982816544553
749,GAM,0.429,839.0,2.0271729368133986
1500,GAM,0.429,839.0,2.0271729368133986
2522,GAM,0.429,839.0,2.0271729368133986
245,GAM,0.428,842.0,2.0224475919723415
251,GAM,0.428,842.0,2.0224475919723415
469,GAM,0.428,842.0,2.0224475919723415
1017,GAM,0.428,842.0,2.0224475919723415
2644,GAM,0.428,842.0,2.0224475919723415
281,GAM,0.427,847.0,2.017722247131285
399,GAM,0.427,847.0,2.017722247131285
654,GAM,0.427,847.0,2.017722247131285
902,GAM,0.427,847.0,2.017722247131285
130,GAM,0.426,851.0,2.0129969022902277
389,GAM,0.426,851.0,2.0129969022902277
1001,GAM,0.426,851.0,2.0129969022902277
1244,GAM,0.426,851.0,2.0129969022902277
2418,GAM,0.426,851.0,2.0129969022902277
2564,GAM,0.426,851.0,2.0129969022902277
340,GAM,0.424,857.0,2.003546212608114
409,GAM,0.424,857.0,2.003546212608114
845,GAM,0.424,857.0,2.003546212608114
1098,GAM,0.424,857.0,2.003546212608114
1349,GAM,0.424,857.0,2.003546212608114
1702,GAM,0.424,857.0,2.003546212608114
7,GAM,0.423,863.0,1.9988208677670571
1337,GAM,0.423,863.0,1.9988208677670571
2168,GAM,0.423,863.0,1.9988208677670571
2766,GAM,0.423,863.0,1.9988208677670571
414,GAM,0.422,867.0,1.9940955229260002
1279,GAM,0.422,867.0,1.9940955229260002
101,GAM,0.421,869.0,1.9893701780849433
141,GAM,0.421,869.0,1.9893701780849433
1980,GAM,0.421,869.0,1.9893701780849433
2480,GAM,0.421,869.0,1.9893701780849433
157,GAM,0.42,873.0,1.9846448332438864
283,GAM,0.42,873.0,1.9846448332438864
443,GAM,0.42,873.0,1.9846448332438864
482,GAM,0.42,873.0,1.9846448332438864
1391,GAM,0.42,873.0,1.9846448332438864
2036,GAM,0.42,873.0,1.9846448332438864
2252,GAM,0.42,873.0,1.9846448332438864
2611,GAM,0.42,873.0,1.9846448332438864
133,GAM,0.419,881.0,1.9799194884028297
177,GAM,0.419,881.0,1.9799194884028297
1171,GAM,0.419,881.0,1.9799194884028297
2327,GAM,0.419,881.0,1.9799194884028297
593,GAM,0.418,885.0,1.9751941435617728
2114,GAM,0.418,885.0,1.9751941435617728
659,GAM,0.417,887.0,1.970468798720716
730,GAM,0.417,887.0,1.970468798720716
1267,GAM,0.417,887.0,1.970468798720716
1890,GAM,0.417,887.0,1.970468798720716
1939,GAM,0.417,887.0,1.970468798720716
2292,GAM,0.417,887.0,1.970468798720716
717,GAM,0.416,893.0,1.965743453879659
2241,GAM,0.416,893.0,1.965743453879659
2250,GAM,0.416,893.0,1.965743453879659
2588,GAM,0.416,893.0,1.965743453879659
2691,GAM,0.416,893.0,1.965743453879659
624,GAM,0.415,898.0,1.961018109038602
794,GAM,0.415,898.0,1.961018109038602
1023,GAM,0.415,898.0,1.961018109038602
1708,GAM,0.415,898.0,1.961018109038602
2131,GAM,0.415,898.0,1.961018109038602
286,GAM,0.414,903.0,1.9562927641975452
451,GAM,0.414,903.0,1.9562927641975452
1353,GAM,0.414,903.0,1.9562927641975452
2104,GAM,0.414,903.0,1.9562927641975452
2372,GAM,0.414,903.0,1.9562927641975452
2388,GAM,0.414,903.0,1.9562927641975452
2462,GAM,0.414,903.0,1.9562927641975452
546,GAM,0.413,910.0,1.9515674193564883
628,GAM,0.413,910.0,1.9515674193564883
918,GAM,0.413,910.0,1.9515674193564883
1491,GAM,0.413,910.0,1.9515674193564883
1682,GAM,0.413,910.0,1.9515674193564883
2537,GAM,0.413,910.0,1.9515674193564883
298,GAM,0.412,916.0,1.9468420745154316
596,GAM,0.412,916.0,1.9468420745154316
735,GAM,0.412,916.0,1.9468420745154316
257,GAM,0.411,919.0,1.9421167296743747
428,GAM,0.411,919.0,1.9421167296743747
721,GAM,0.411,919.0,1.9421167296743747
897,GAM,0.411,919.0,1.9421167296743747
1111,GAM,0.411,919.0,1.9421167296743747
2079,GAM,0.411,919.0,1.9421167296743747
2128,GAM,0.411,919.0,1.9421167296743747
2191,GAM,0.411,919.0,1.9421167296743747
2638,GAM,0.411,919.0,1.9421167296743747
379,GAM,0.41,928.0,1.9373913848333177
1119,GAM,0.41,928.0,1.9373913848333177
1942,GAM,0.41,928.0,1.9373913848333177
1986,GAM,0.41,928.0,1.9373913848333177
2464,GAM,0.41,928.0,1.9373913848333177
2491,GAM,0.41,928.0,1.9373913848333177
460,GAM,0.409,934.0,1.9326660399922608
713,GAM,0.409,934.0,1.9326660399922608
832,GAM,0.409,934.0,1.9326660399922608
1415,GAM,0.409,934.0,1.9326660399922608
1974,GAM,0.409,934.0,1.9326660399922608
2001,GAM,0.409,934.0,1.9326660399922608
2248,GAM,0.409,934.0,1.9326660399922608
2581,GAM,0.409,934.0,1.9326660399922608
1044,GAM,0.408,942.0,1.927940695151204
1248,GAM,0.408,942.0,1.927940695151204
1384,GAM,0.408,942.0,1.927940695151204
1454,GAM,0.408,942.0,1.927940695151204
1579,GAM,0.408,942.0,1.927940695151204
2034,GAM,0.408,942.0,1.927940695151204
2481,GAM,0.408,942.0,1.927940695151204
159,GAM,0.407,949.0,1.923215350310147
812,GAM,0.407,949.0,1.923215350310147
860,GAM,0.407,949.0,1.923215350310147
911,GAM,0.407,949.0,1.923215350310147
957,GAM,0.407,949.0,1.923215350310147
1053,GAM,0.407,949.0,1.923215350310147
1383,GAM,0.407,949.0,1.923215350310147
1818,GAM,0.407,949.0,1.923215350310147
1826,GAM,0.407,949.0,1.923215350310147
1952,GAM,0.407,949.0,1.923215350310147
562,GAM,0.406,959.0,1.9184900054690905
563,GAM,0.406,959.0,1.9184900054690905
826,GAM,0.406,959.0,1.9184900054690905
2186,GAM,0.406,959.0,1.9184900054690905
2314,GAM,0.406,959.0,1.9184900054690905
698,GAM,0.405,964.0,1.9137646606280336
1112,GAM,0.405,964.0,1.9137646606280336
1408,GAM,0.405,964.0,1.9137646606280336
1599,GAM,0.405,964.0,1.9137646606280336
1926,GAM,0.405,964.0,1.9137646606280336
2634,GAM,0.405,964.0,1.9137646606280336
2657,GAM,0.405,964.0,1.9137646606280336
506,GAM,0.404,971.0,1.9090393157869767
1194,GAM,0.404,971.0,1.9090393157869767
2573,GAM,0.404,971.0,1.9090393157869767
224,GAM,0.403,974.0,1.9043139709459198
1650,GAM,0.403,974.0,1.9043139709459198
1773,GAM,0.403,974.0,1.9043139709459198
1888,GAM,0.403,974.0,1.9043139709459198
2547,GAM,0.403,974.0,1.9043139709459198
303,GAM,0.402,979.0,1.899588626104863
1152,GAM,0.402,979.0,1.899588626104863
1160,GAM,0.402,979.0,1.899588626104863
1611,GAM,0.402,979.0,1.899588626104863
2369,GAM,0.402,979.0,1.899588626104863
2714,GAM,0.402,979.0,1.899588626104863
225,GAM,0.401,985.0,1.8948632812638062
532,GAM,0.401,985.0,1.8948632812638062
1809,GAM,0.401,985.0,1.8948632812638062
1835,GAM,0.401,985.0,1.8948632812638062
2220,GAM,0.401,985.0,1.8948632812638062
2278,GAM,0.401,985.0,1.8948632812638062
2546,GAM,0.401,985.0,1.8948632812638062
122,GAM,0.4,992.0,1.8901379364227493
199,GAM,0.4,992.0,1.8901379364227493
350,GAM,0.4,992.0,1.8901379364227493
608,GAM,0.4,992.0,1.8901379364227493
1272,GAM,0.4,992.0,1.8901379364227493
1533,GAM,0.4,992.0,1.8901379364227493
2175,GAM,0.4,992.0,1.8901379364227493
2381,GAM,0.4,992.0,1.8901379364227493
2598,GAM,0.4,992.0,1.8901379364227493
61,GAM,0.399,1001.0,1.8854125915816924
491,GAM,0.399,1001.0,1.8854125915816924
1281,GAM,0.399,1001.0,1.8854125915816924
1302,GAM,0.399,1001.0,1.8854125915816924
1506,GAM,0.399,1001.0,1.8854125915816924
1534,GAM,0.399,1001.0,1.8854125915816924
1845,GAM,0.399,1001.0,1.8854125915816924
2642,GAM,0.399,1001.0,1.8854125915816924
502,GAM,0.398,1009.0,1.8806872467406355
1969,GAM,0.398,1009.0,1.8806872467406355
526,GAM,0.397,1011.0,1.8759619018995786
2133,GAM,0.397,1011.0,1.8759619018995786
2434,GAM,0.397,1011.0,1.8759619018995786
308,GAM,0.396,1014.0,1.8712365570585217
1224,GAM,0.396,1014.0,1.8712365570585217
1566,GAM,0.396,1014.0,1.8712365570585217
1608,GAM,0.396,1014.0,1.8712365570585217
1781,GAM,0.396,1014.0,1.8712365570585217
2524,GAM,0.396,1014.0,1.8712365570585217
2682,GAM,0.396,1014.0,1.8712365570585217
2206,GAM,0.395,1021.0,1.8665112122174647
2622,GAM,0.395,1021.0,1.8665112122174647
530,GAM,0.394,1023.0,1.861785867376408
1397,GAM,0.394,1023.0,1.861785867376408
1807,GAM,0.394,1023.0,1.861785867376408
1912,GAM,0.394,1023.0,1.861785867376408
1957,GAM,0.394,1023.0,1.861785867376408
208,GAM,0.393,1028.0,1.8570605225353511
548,GAM,0.393,1028.0,1.8570605225353511
774,GAM,0.393,1028.0,1.8570605225353511
849,GAM,0.393,1028.0,1.8570605225353511
1946,GAM,0.393,1028.0,1.8570605225353511
1394,GAM,0.392,1033.0,1.8523351776942942
1609,GAM,0.392,1033.0,1.8523351776942942
2386,GAM,0.392,1033.0,1.8523351776942942
2484,GAM,0.392,1033.0,1.8523351776942942
119,GAM,0.391,1037.0,1.8476098328532373
810,GAM,0.391,1037.0,1.8476098328532373
862,GAM,0.391,1037.0,1.8476098328532373
943,GAM,0.391,1037.0,1.8476098328532373
1891,GAM,0.391,1037.0,1.8476098328532373
1900,GAM,0.391,1037.0,1.8476098328532373
29,GAM,0.39,1043.0,1.8428844880121804
65,GAM,0.39,1043.0,1.8428844880121804
847,GAM,0.39,1043.0,1.8428844880121804
1654,GAM,0.39,1043.0,1.8428844880121804
376,GAM,0.389,1047.0,1.8381591431711235
516,GAM,0.389,1047.0,1.8381591431711235
1472,GAM,0.389,1047.0,1.8381591431711235
1762,GAM,0.389,1047.0,1.8381591431711235
2294,GAM,0.389,1047.0,1.8381591431711235
2321,GAM,0.389,1047.0,1.8381591431711235
2628,GAM,0.389,1047.0,1.8381591431711235
2699,GAM,0.389,1047.0,1.8381591431711235
745,GAM,0.388,1055.0,1.8334337983300666
888,GAM,0.388,1055.0,1.8334337983300666
1705,GAM,0.388,1055.0,1.8334337983300666
2526,GAM,0.388,1055.0,1.8334337983300666
97,GAM,0.387,1059.0,1.82870845348901
1998,GAM,0.387,1059.0,1.82870845348901
2045,GAM,0.387,1059.0,1.82870845348901
1467,GAM,0.386,1062.0,1.823983108647953
1021,GAM,0.385,1063.0,1.819257763806896
1199,GAM,0.385,1063.0,1.819257763806896
2759,GAM,0.385,1063.0,1.819257763806896
1482,GAM,0.384,1066.0,1.8145324189658392
2176,GAM,0.384,1066.0,1.8145324189658392
2439,GAM,0.384,1066.0,1.8145324189658392
169,GAM,0.383,1069.0,1.8098070741247823
967,GAM,0.383,1069.0,1.8098070741247823
1378,GAM,0.383,1069.0,1.8098070741247823
1388,GAM,0.383,1069.0,1.8098070741247823
1660,GAM,0.383,1069.0,1.8098070741247823
1796,GAM,0.383,1069.0,1.8098070741247823
2236,GAM,0.383,1069.0,1.8098070741247823
2406,GAM,0.383,1069.0,1.8098070741247823
2582,GAM,0.383,1069.0,1.8098070741247823
2639,GAM,0.383,1069.0,1.8098070741247823
174,GAM,0.382,1079.0,1.8050817292837253
533,GAM,0.382,1079.0,1.8050817292837253
1007,GAM,0.382,1079.0,1.8050817292837253
1537,GAM,0.382,1079.0,1.8050817292837253
1938,GAM,0.382,1079.0,1.8050817292837253
1989,GAM,0.382,1079.0,1.8050817292837253
767,GAM,0.381,1085.0,1.8003563844426687
1141,GAM,0.381,1085.0,1.8003563844426687
1407,GAM,0.381,1085.0,1.8003563844426687
1789,GAM,0.381,1085.0,1.8003563844426687
164,GAM,0.38,1089.0,1.7956310396016117
330,GAM,0.38,1089.0,1.7956310396016117
819,GAM,0.38,1089.0,1.7956310396016117
1731,GAM,0.38,1089.0,1.7956310396016117
2568,GAM,0.38,1089.0,1.7956310396016117
2605,GAM,0.38,1089.0,1.7956310396016117
2737,GAM,0.38,1089.0,1.7956310396016117
1563,GAM,0.379,1096.0,1.7909056947605548
1780,GAM,0.379,1096.0,1.7909056947605548
2684,GAM,0.379,1096.0,1.7909056947605548
483,GAM,0.378,1099.0,1.786180349919498
973,GAM,0.378,1099.0,1.786180349919498
1102,GAM,0.378,1099.0,1.786180349919498
1155,GAM,0.378,1099.0,1.786180349919498
1691,GAM,0.378,1099.0,1.786180349919498
666,GAM,0.377,1104.0,1.781455005078441
924,GAM,0.377,1104.0,1.781455005078441
1222,GAM,0.377,1104.0,1.781455005078441
2078,GAM,0.377,1104.0,1.781455005078441
111,GAM,0.376,1108.0,1.776729660237384
565,GAM,0.376,1108.0,1.776729660237384
909,GAM,0.376,1108.0,1.776729660237384
1956,GAM,0.376,1108.0,1.776729660237384
2105,GAM,0.376,1108.0,1.776729660237384
1776,GAM,0.375,1113.0,1.7720043153963272
2367,GAM,0.375,1113.0,1.7720043153963272
2391,GAM,0.375,1113.0,1.7720043153963272
2437,GAM,0.375,1113.0,1.7720043153963272
2722,GAM,0.375,1113.0,1.7720043153963272
184,GAM,0.373,1118.0,1.7625536257142136
345,GAM,0.373,1118.0,1.7625536257142136
898,GAM,0.373,1118.0,1.7625536257142136
950,GAM,0.373,1118.0,1.7625536257142136
1951,GAM,0.373,1118.0,1.7625536257142136
2447,GAM,0.373,1118.0,1.7625536257142136
234,GAM,0.372,1124.0,1.7578282808731567
611,GAM,0.372,1124.0,1.7578282808731567
705,GAM,0.372,1124.0,1.7578282808731567
944,GAM,0.372,1124.0,1.7578282808731567
978,GAM,0.372,1124.0,1.7578282808731567
1347,GAM,0.372,1124.0,1.7578282808731567
1405,GAM,0.372,1124.0,1.7578282808731567
1560,GAM,0.372,1124.0,1.7578282808731567
1744,GAM,0.372,1124.0,1.7578282808731567
1962,GAM,0.372,1124.0,1.7578282808731567
46,GAM,0.371,1134.0,1.7531029360320998
76,GAM,0.371,1134.0,1.7531029360320998
368,GAM,0.371,1134.0,1.7531029360320998
582,GAM,0.371,1134.0,1.7531029360320998
822,GAM,0.371,1134.0,1.7531029360320998
1802,GAM,0.371,1134.0,1.7531029360320998
3,GAM,0.37,1140.0,1.7483775911910429
890,GAM,0.37,1140.0,1.7483775911910429
1966,GAM,0.37,1140.0,1.7483775911910429
2457,GAM,0.37,1140.0,1.7483775911910429
803,GAM,0.369,1144.0,1.743652246349986
1317,GAM,0.369,1144.0,1.743652246349986
1544,GAM,0.369,1144.0,1.743652246349986
2333,GAM,0.369,1144.0,1.743652246349986
9,GAM,0.368,1148.0,1.7389269015089293
77,GAM,0.368,1148.0,1.7389269015089293
99,GAM,0.368,1148.0,1.7389269015089293
248,GAM,0.368,1148.0,1.7389269015089293
464,GAM,0.368,1148.0,1.7389269015089293
766,GAM,0.368,1148.0,1.7389269015089293
935,GAM,0.368,1148.0,1.7389269015089293
2234,GAM,0.368,1148.0,1.7389269015089293
734,GAM,0.367,1156.0,1.7342015566678723
806,GAM,0.367,1156.0,1.7342015566678723
1510,GAM,0.367,1156.0,1.7342015566678723
2021,GAM,0.367,1156.0,1.7342015566678723
2306,GAM,0.367,1156.0,1.7342015566678723
2452,GAM,0.367,1156.0,1.7342015566678723
24,GAM,0.366,1162.0,1.7294762118268154
1517,GAM,0.366,1162.0,1.7294762118268154
1806,GAM,0.366,1162.0,1.7294762118268154
2532,GAM,0.366,1162.0,1.7294762118268154
2594,GAM,0.366,1162.0,1.7294762118268154
14,GAM,0.365,1167.0,1.7247508669857585
344,GAM,0.365,1167.0,1.7247508669857585
413,GAM,0.365,1167.0,1.7247508669857585
1182,GAM,0.365,1167.0,1.7247508669857585
1315,GAM,0.365,1167.0,1.7247508669857585
2488,GAM,0.365,1167.0,1.7247508669857585
2716,GAM,0.365,1167.0,1.7247508669857585
2702,GAM,0.364,1174.0,1.7200255221447016
718,GAM,0.363,1175.0,1.7153001773036447
1658,GAM,0.363,1175.0,1.7153001773036447
1869,GAM,0.363,1175.0,1.7153001773036447
2338,GAM,0.363,1175.0,1.7153001773036447
2354,GAM,0.363,1175.0,1.7153001773036447
2361,GAM,0.363,1175.0,1.7153001773036447
2519,GAM,0.363,1175.0,1.7153001773036447
613,GAM,0.362,1182.0,1.7105748324625878
1829,GAM,0.362,1182.0,1.7105748324625878
348,GAM,0.361,1184.0,1.705849487621531
365,GAM,0.361,1184.0,1.705849487621531
513,GAM,0.361,1184.0,1.705849487621531
886,GAM,0.361,1184.0,1.705849487621531
1097,GAM,0.361,1184.0,1.705849487621531
1290,GAM,0.361,1184.0,1.705849487621531
1569,GAM,0.361,1184.0,1.705849487621531
1955,GAM,0.361,1184.0,1.705849487621531
2100,GAM,0.361,1184.0,1.705849487621531
250,GAM,0.36,1193.0,1.7011241427804742
1380,GAM,0.36,1193.0,1.7011241427804742
2334,GAM,0.36,1193.0,1.7011241427804742
795,GAM,0.359,1196.0,1.6963987979394173
2185,GAM,0.359,1196.0,1.6963987979394173
2258,GAM,0.359,1196.0,1.6963987979394173
2412,GAM,0.359,1196.0,1.6963987979394173
2489,GAM,0.359,1196.0,1.6963987979394173
743,GAM,0.358,1201.0,1.6916734530983604
1261,GAM,0.358,1201.0,1.6916734530983604
1508,GAM,0.358,1201.0,1.6916734530983604
1875,GAM,0.358,1201.0,1.6916734530983604
2233,GAM,0.358,1201.0,1.6916734530983604
2296,GAM,0.358,1201.0,1.6916734530983604
2590,GAM,0.358,1201.0,1.6916734530983604
1124,GAM,0.357,1208.0,1.6869481082573035
1651,GAM,0.357,1208.0,1.6869481082573035
1699,GAM,0.357,1208.0,1.6869481082573035
2242,GAM,0.357,1208.0,1.6869481082573035
2293,GAM,0.357,1208.0,1.6869481082573035
333,GAM,0.356,1213.0,1.6822227634162465
600,GAM,0.356,1213.0,1.6822227634162465
710,GAM,0.356,1213.0,1.6822227634162465
1242,GAM,0.356,1213.0,1.6822227634162465
1342,GAM,0.356,1213.0,1.6822227634162465
2216,GAM,0.356,1213.0,1.6822227634162465
2756,GAM,0.356,1213.0,1.6822227634162465
171,GAM,0.355,1220.0,1.6774974185751899
400,GAM,0.355,1220.0,1.6774974185751899
478,GAM,0.355,1220.0,1.6774974185751899
976,GAM,0.355,1220.0,1.6774974185751899
1108,GAM,0.355,1220.0,1.6774974185751899
2151,GAM,0.355,1220.0,1.6774974185751899
1736,GAM,0.354,1226.0,1.672772073734133
541,GAM,0.353,1227.0,1.668046728893076
712,GAM,0.353,1227.0,1.668046728893076
755,GAM,0.353,1227.0,1.668046728893076
1993,GAM,0.353,1227.0,1.668046728893076
196,GAM,0.352,1231.0,1.6633213840520191
394,GAM,0.352,1231.0,1.6633213840520191
786,GAM,0.352,1231.0,1.6633213840520191
835,GAM,0.352,1231.0,1.6633213840520191
1554,GAM,0.352,1231.0,1.6633213840520191
2108,GAM,0.352,1231.0,1.6633213840520191
649,GAM,0.351,1237.0,1.6585960392109622
653,GAM,0.351,1237.0,1.6585960392109622
676,GAM,0.351,1237.0,1.6585960392109622
768,GAM,0.351,1237.0,1.6585960392109622
872,GAM,0.351,1237.0,1.6585960392109622
2403,GAM,0.351,1237.0,1.6585960392109622
2617,GAM,0.351,1237.0,1.6585960392109622
338,GAM,0.35,1244.0,1.6538706943699053
722,GAM,0.35,1244.0,1.6538706943699053
1081,GAM,0.35,1244.0,1.6538706943699053
1338,GAM,0.35,1244.0,1.6538706943699053
1511,GAM,0.35,1244.0,1.6538706943699053
1965,GAM,0.35,1244.0,1.6538706943699053
55,GAM,0.349,1250.0,1.6491453495288484
319,GAM,0.349,1250.0,1.6491453495288484
883,GAM,0.349,1250.0,1.6491453495288484
1341,GAM,0.349,1250.0,1.6491453495288484
1489,GAM,0.349,1250.0,1.6491453495288484
1596,GAM,0.349,1250.0,1.6491453495288484
2226,GAM,0.349,1250.0,1.6491453495288484
2279,GAM,0.349,1250.0,1.6491453495288484
2658,GAM,0.349,1250.0,1.6491453495288484
445,GAM,0.348,1259.0,1.6444200046877917
536,GAM,0.348,1259.0,1.6444200046877917
1128,GAM,0.348,1259.0,1.6444200046877917
1417,GAM,0.348,1259.0,1.6444200046877917
2162,GAM,0.348,1259.0,1.6444200046877917
2326,GAM,0.348,1259.0,1.6444200046877917
2473,GAM,0.348,1259.0,1.6444200046877917
349,GAM,0.347,1266.0,1.6396946598467348
468,GAM,0.347,1266.0,1.6396946598467348
1240,GAM,0.347,1266.0,1.6396946598467348
1275,GAM,0.347,1266.0,1.6396946598467348
1401,GAM,0.347,1266.0,1.6396946598467348
2245,GAM,0.347,1266.0,1.6396946598467348
1218,GAM,0.346,1272.0,1.6349693150056779
1329,GAM,0.346,1272.0,1.6349693150056779
2316,GAM,0.346,1272.0,1.6349693150056779
535,GAM,0.345,1275.0,1.630243970164621
63,GAM,0.344,1276.0,1.625518625323564
204,GAM,0.344,1276.0,1.625518625323564
284,GAM,0.344,1276.0,1.625518625323564
1035,GAM,0.344,1276.0,1.625518625323564
1214,GAM,0.344,1276.0,1.625518625323564
1297,GAM,0.344,1276.0,1.625518625323564
1981,GAM,0.344,1276.0,1.625518625323564
2014,GAM,0.344,1276.0,1.625518625323564
2528,GAM,0.344,1276.0,1.625518625323564
221,GAM,0.343,1285.0,1.6207932804825076
495,GAM,0.343,1285.0,1.6207932804825076
640,GAM,0.343,1285.0,1.6207932804825076
671,GAM,0.343,1285.0,1.6207932804825076
1014,GAM,0.343,1285.0,1.6207932804825076
2065,GAM,0.343,1285.0,1.6207932804825076
2222,GAM,0.343,1285.0,1.6207932804825076
2251,GAM,0.343,1285.0,1.6207932804825076
236,GAM,0.342,1293.0,1.6160679356414507
704,GAM,0.342,1293.0,1.6160679356414507
1621,GAM,0.342,1293.0,1.6160679356414507
2415,GAM,0.342,1293.0,1.6160679356414507
235,GAM,0.341,1297.0,1.6113425908003938
342,GAM,0.341,1297.0,1.6113425908003938
362,GAM,0.341,1297.0,1.6113425908003938
962,GAM,0.341,1297.0,1.6113425908003938
1153,GAM,0.341,1297.0,1.6113425908003938
2277,GAM,0.341,1297.0,1.6113425908003938
2335,GAM,0.341,1297.0,1.6113425908003938
2615,GAM,0.341,1297.0,1.6113425908003938
352,GAM,0.34,1305.0,1.6066172459593369
523,GAM,0.34,1305.0,1.6066172459593369
575,GAM,0.34,1305.0,1.6066172459593369
583,GAM,0.34,1305.0,1.6066172459593369
859,GAM,0.34,1305.0,1.6066172459593369
2153,GAM,0.34,1305.0,1.6066172459593369
2621,GAM,0.34,1305.0,1.6066172459593369
2674,GAM,0.34,1305.0,1.6066172459593369
458,GAM,0.339,1313.0,1.60189190111828
853,GAM,0.339,1313.0,1.60189190111828
1215,GAM,0.339,1313.0,1.60189190111828
1292,GAM,0.339,1313.0,1.60189190111828
1768,GAM,0.339,1313.0,1.60189190111828
1782,GAM,0.339,1313.0,1.60189190111828
2016,GAM,0.339,1313.0,1.60189190111828
2431,GAM,0.339,1313.0,1.60189190111828
2435,GAM,0.339,1313.0,1.60189190111828
2698,GAM,0.339,1313.0,1.60189190111828
8,GAM,0.338,1323.0,1.597166556277223
337,GAM,0.338,1323.0,1.597166556277223
521,GAM,0.338,1323.0,1.597166556277223
747,GAM,0.338,1323.0,1.597166556277223
869,GAM,0.338,1323.0,1.597166556277223
1120,GAM,0.338,1323.0,1.597166556277223
1494,GAM,0.338,1323.0,1.597166556277223
1997,GAM,0.338,1323.0,1.597166556277223
90,GAM,0.337,1331.0,1.5924412114361661
289,GAM,0.337,1331.0,1.5924412114361661
578,GAM,0.337,1331.0,1.5924412114361661
625,GAM,0.337,1331.0,1.5924412114361661
1268,GAM,0.337,1331.0,1.5924412114361661
1535,GAM,0.337,1331.0,1.5924412114361661
2247,GAM,0.337,1331.0,1.5924412114361661
87,GAM,0.336,1338.0,1.5877158665951094
205,GAM,0.336,1338.0,1.5877158665951094
1561,GAM,0.336,1338.0,1.5877158665951094
1570,GAM,0.336,1338.0,1.5877158665951094
809,GAM,0.335,1342.0,1.5829905217540525
2420,GAM,0.335,1342.0,1.5829905217540525
709,GAM,0.334,1344.0,1.5782651769129956
1200,GAM,0.334,1344.0,1.5782651769129956
1352,GAM,0.334,1344.0,1.5782651769129956
1363,GAM,0.334,1344.0,1.5782651769129956
1840,GAM,0.334,1344.0,1.5782651769129956
2728,GAM,0.334,1344.0,1.5782651769129956
2773,GAM,0.334,1344.0,1.5782651769129956
407,GAM,0.333,1351.0,1.5735398320719387
594,GAM,0.333,1351.0,1.5735398320719387
792,GAM,0.333,1351.0,1.5735398320719387
1269,GAM,0.333,1351.0,1.5735398320719387
1725,GAM,0.333,1351.0,1.5735398320719387
2396,GAM,0.333,1351.0,1.5735398320719387
37,GAM,0.332,1357.0,1.5688144872308818
138,GAM,0.332,1357.0,1.5688144872308818
481,GAM,0.332,1357.0,1.5688144872308818
564,GAM,0.332,1357.0,1.5688144872308818
568,GAM,0.332,1357.0,1.5688144872308818
684,GAM,0.332,1357.0,1.5688144872308818
857,GAM,0.332,1357.0,1.5688144872308818
989,GAM,0.332,1357.0,1.5688144872308818
1843,GAM,0.332,1357.0,1.5688144872308818
1877,GAM,0.332,1357.0,1.5688144872308818
2178,GAM,0.332,1357.0,1.5688144872308818
2205,GAM,0.332,1357.0,1.5688144872308818
2237,GAM,0.332,1357.0,1.5688144872308818
2701,GAM,0.332,1357.0,1.5688144872308818
91,GAM,0.331,1371.0,1.5640891423898249
893,GAM,0.331,1371.0,1.5640891423898249
1039,GAM,0.331,1371.0,1.5640891423898249
1323,GAM,0.331,1371.0,1.5640891423898249
1541,GAM,0.331,1371.0,1.5640891423898249
1728,GAM,0.331,1371.0,1.5640891423898249
2119,GAM,0.331,1371.0,1.5640891423898249
2337,GAM,0.331,1371.0,1.5640891423898249
23,GAM,0.33,1379.0,1.5593637975487682
175,GAM,0.33,1379.0,1.5593637975487682
271,GAM,0.33,1379.0,1.5593637975487682
591,GAM,0.33,1379.0,1.5593637975487682
1978,GAM,0.33,1379.0,1.5593637975487682
2031,GAM,0.33,1379.0,1.5593637975487682
2286,GAM,0.33,1379.0,1.5593637975487682
1045,GAM,0.329,1386.0,1.5546384527077113
1046,GAM,0.329,1386.0,1.5546384527077113
1113,GAM,0.329,1386.0,1.5546384527077113
1706,GAM,0.329,1386.0,1.5546384527077113
2156,GAM,0.329,1386.0,1.5546384527077113
219,GAM,0.328,1391.0,1.5499131078666544
741,GAM,0.328,1391.0,1.5499131078666544
1327,GAM,0.328,1391.0,1.5499131078666544
1418,GAM,0.328,1391.0,1.5499131078666544
1451,GAM,0.328,1391.0,1.5499131078666544
1738,GAM,0.328,1391.0,1.5499131078666544
1839,GAM,0.328,1391.0,1.5499131078666544
2196,GAM,0.328,1391.0,1.5499131078666544
2647,GAM,0.328,1391.0,1.5499131078666544
4,GAM,0.327,1400.0,1.5451877630255975
889,GAM,0.327,1400.0,1.5451877630255975
1904,GAM,0.327,1400.0,1.5451877630255975
2485,GAM,0.327,1400.0,1.5451877630255975
490,GAM,0.326,1404.0,1.5404624181845405
783,GAM,0.326,1404.0,1.5404624181845405
2512,GAM,0.326,1404.0,1.5404624181845405
41,GAM,0.325,1407.0,1.5357370733434836
263,GAM,0.325,1407.0,1.5357370733434836
327,GAM,0.325,1407.0,1.5357370733434836
355,GAM,0.325,1407.0,1.5357370733434836
435,GAM,0.325,1407.0,1.5357370733434836
573,GAM,0.325,1407.0,1.5357370733434836
725,GAM,0.325,1407.0,1.5357370733434836
971,GAM,0.325,1407.0,1.5357370733434836
1867,GAM,0.325,1407.0,1.5357370733434836
2025,GAM,0.325,1407.0,1.5357370733434836
2050,GAM,0.325,1407.0,1.5357370733434836
2221,GAM,0.325,1407.0,1.5357370733434836
2382,GAM,0.325,1407.0,1.5357370733434836
172,GAM,0.324,1420.0,1.5310117285024267
178,GAM,0.324,1420.0,1.5310117285024267
436,GAM,0.324,1420.0,1.5310117285024267
633,GAM,0.324,1420.0,1.5310117285024267
808,GAM,0.324,1420.0,1.5310117285024267
954,GAM,0.324,1420.0,1.5310117285024267
1456,GAM,0.324,1420.0,1.5310117285024267
1486,GAM,0.324,1420.0,1.5310117285024267
1546,GAM,0.324,1420.0,1.5310117285024267
1937,GAM,0.324,1420.0,1.5310117285024267
2346,GAM,0.324,1420.0,1.5310117285024267
2763,GAM,0.324,1420.0,1.5310117285024267
603,GAM,0.323,1432.0,1.52628638366137
1440,GAM,0.323,1432.0,1.52628638366137
1629,GAM,0.323,1432.0,1.52628638366137
1720,GAM,0.323,1432.0,1.52628638366137
1894,GAM,0.323,1432.0,1.52628638366137
2301,GAM,0.323,1432.0,1.52628638366137
2371,GAM,0.323,1432.0,1.52628638366137
2523,GAM,0.323,1432.0,1.52628638366137
545,GAM,0.322,1440.0,1.5215610388203131
811,GAM,0.322,1440.0,1.5215610388203131
855,GAM,0.322,1440.0,1.5215610388203131
1005,GAM,0.322,1440.0,1.5215610388203131
1059,GAM,0.322,1440.0,1.5215610388203131
1067,GAM,0.322,1440.0,1.5215610388203131
1219,GAM,0.322,1440.0,1.5215610388203131
1613,GAM,0.322,1440.0,1.5215610388203131
2262,GAM,0.322,1440.0,1.5215610388203131
2291,GAM,0.322,1440.0,1.5215610388203131
2562,GAM,0.322,1440.0,1.5215610388203131
2640,GAM,0.322,1440.0,1.5215610388203131
416,GAM,0.321,1452.0,1.5168356939792562
450,GAM,0.321,1452.0,1.5168356939792562
580,GAM,0.321,1452.0,1.5168356939792562
585,GAM,0.321,1452.0,1.5168356939792562
1037,GAM,0.321,1452.0,1.5168356939792562
1246,GAM,0.321,1452.0,1.5168356939792562
1340,GAM,0.321,1452.0,1.5168356939792562
1516,GAM,0.321,1452.0,1.5168356939792562
1685,GAM,0.321,1452.0,1.5168356939792562
1803,GAM,0.321,1452.0,1.5168356939792562
2554,GAM,0.321,1452.0,1.5168356939792562
2760,GAM,0.321,1452.0,1.5168356939792562
258,GAM,0.32,1464.0,1.5121103491381993
366,GAM,0.32,1464.0,1.5121103491381993
1056,GAM,0.32,1464.0,1.5121103491381993
1928,GAM,0.32,1464.0,1.5121103491381993
2039,GAM,0.32,1464.0,1.5121103491381993
2302,GAM,0.32,1464.0,1.5121103491381993
2355,GAM,0.32,1464.0,1.5121103491381993
2597,GAM,0.32,1464.0,1.5121103491381993
2623,GAM,0.32,1464.0,1.5121103491381993
237,GAM,0.319,1473.0,1.5073850042971424
1257,GAM,0.319,1473.0,1.5073850042971424
1876,GAM,0.319,1473.0,1.5073850042971424
2081,GAM,0.319,1473.0,1.5073850042971424
2135,GAM,0.319,1473.0,1.5073850042971424
2471,GAM,0.319,1473.0,1.5073850042971424
18,GAM,0.318,1479.0,1.5026596594560855
124,GAM,0.318,1479.0,1.5026596594560855
186,GAM,0.318,1479.0,1.5026596594560855
415,GAM,0.318,1479.0,1.5026596594560855
512,GAM,0.318,1479.0,1.5026596594560855
615,GAM,0.318,1479.0,1.5026596594560855
754,GAM,0.318,1479.0,1.5026596594560855
945,GAM,0.318,1479.0,1.5026596594560855
986,GAM,0.318,1479.0,1.5026596594560855
1447,GAM,0.318,1479.0,1.5026596594560855
1626,GAM,0.318,1479.0,1.5026596594560855
2141,GAM,0.318,1479.0,1.5026596594560855
2461,GAM,0.318,1479.0,1.5026596594560855
2629,GAM,0.318,1479.0,1.5026596594560855
1079,GAM,0.317,1493.0,1.4979343146150288
1591,GAM,0.317,1493.0,1.4979343146150288
1897,GAM,0.317,1493.0,1.4979343146150288
2020,GAM,0.317,1493.0,1.4979343146150288
2148,GAM,0.317,1493.0,1.4979343146150288
223,GAM,0.316,1498.0,1.4932089697739719
448,GAM,0.316,1498.0,1.4932089697739719
612,GAM,0.316,1498.0,1.4932089697739719
846,GAM,0.316,1498.0,1.4932089697739719
1178,GAM,0.316,1498.0,1.4932089697739719
1665,GAM,0.316,1498.0,1.4932089697739719
2028,GAM,0.316,1498.0,1.4932089697739719
2049,GAM,0.316,1498.0,1.4932089697739719
2755,GAM,0.316,1498.0,1.4932089697739719
1074,GAM,0.315,1507.0,1.488483624932915
1085,GAM,0.315,1507.0,1.488483624932915
1333,GAM,0.315,1507.0,1.488483624932915
1635,GAM,0.315,1507.0,1.488483624932915
2187,GAM,0.315,1507.0,1.488483624932915
45,GAM,0.314,1512.0,1.483758280091858
202,GAM,0.314,1512.0,1.483758280091858
707,GAM,0.314,1512.0,1.483758280091858
906,GAM,0.314,1512.0,1.483758280091858
1325,GAM,0.314,1512.0,1.483758280091858
1455,GAM,0.314,1512.0,1.483758280091858
1950,GAM,0.314,1512.0,1.483758280091858
1971,GAM,0.314,1512.0,1.483758280091858
2409,GAM,0.314,1512.0,1.483758280091858
2695,GAM,0.314,1512.0,1.483758280091858
1,GAM,0.313,1522.0,1.4790329352508012
272,GAM,0.313,1522.0,1.4790329352508012
423,GAM,0.313,1522.0,1.4790329352508012
598,GAM,0.313,1522.0,1.4790329352508012
703,GAM,0.313,1522.0,1.4790329352508012
1032,GAM,0.313,1522.0,1.4790329352508012
1157,GAM,0.313,1522.0,1.4790329352508012
1188,GAM,0.313,1522.0,1.4790329352508012
1283,GAM,0.313,1522.0,1.4790329352508012
1582,GAM,0.313,1522.0,1.4790329352508012
1673,GAM,0.313,1522.0,1.4790329352508012
1985,GAM,0.313,1522.0,1.4790329352508012
2112,GAM,0.313,1522.0,1.4790329352508012
2341,GAM,0.313,1522.0,1.4790329352508012
2646,GAM,0.313,1522.0,1.4790329352508012
185,GAM,0.312,1537.0,1.4743075904097442
447,GAM,0.312,1537.0,1.4743075904097442
690,GAM,0.312,1537.0,1.4743075904097442
2000,GAM,0.312,1537.0,1.4743075904097442
2043,GAM,0.312,1537.0,1.4743075904097442
2317,GAM,0.312,1537.0,1.4743075904097442
2467,GAM,0.312,1537.0,1.4743075904097442
2543,GAM,0.312,1537.0,1.4743075904097442
112,GAM,0.311,1545.0,1.4695822455686873
1022,GAM,0.311,1545.0,1.4695822455686873
1051,GAM,0.311,1545.0,1.4695822455686873
1612,GAM,0.311,1545.0,1.4695822455686873
1701,GAM,0.311,1545.0,1.4695822455686873
2289,GAM,0.311,1545.0,1.4695822455686873
2448,GAM,0.311,1545.0,1.4695822455686873
279,GAM,0.31,1552.0,1.4648569007276306
396,GAM,0.31,1552.0,1.4648569007276306
643,GAM,0.31,1552.0,1.4648569007276306
689,GAM,0.31,1552.0,1.4648569007276306
963,GAM,0.31,1552.0,1.4648569007276306
1148,GAM,0.31,1552.0,1.4648569007276306
1581,GAM,0.31,1552.0,1.4648569007276306
1959,GAM,0.31,1552.0,1.4648569007276306
2035,GAM,0.31,1552.0,1.4648569007276306
2137,GAM,0.31,1552.0,1.4648569007276306
2479,GAM,0.31,1552.0,1.4648569007276306
622,GAM,0.309,1563.0,1.4601315558865737
711,GAM,0.309,1563.0,1.4601315558865737
1531,GAM,0.309,1563.0,1.4601315558865737
2150,GAM,0.309,1563.0,1.4601315558865737
2614,GAM,0.309,1563.0,1.4601315558865737
2650,GAM,0.309,1563.0,1.4601315558865737
2670,GAM,0.309,1563.0,1.4601315558865737
2769,GAM,0.309,1563.0,1.4601315558865737
64,GAM,0.308,1571.0,1.4554062110455168
213,GAM,0.308,1571.0,1.4554062110455168
1260,GAM,0.308,1571.0,1.4554062110455168
1367,GAM,0.308,1571.0,1.4554062110455168
1525,GAM,0.308,1571.0,1.4554062110455168
1545,GAM,0.308,1571.0,1.4554062110455168
1634,GAM,0.308,1571.0,1.4554062110455168
1755,GAM,0.308,1571.0,1.4554062110455168
1990,GAM,0.308,1571.0,1.4554062110455168
2056,GAM,0.308,1571.0,1.4554062110455168
2745,GAM,0.308,1571.0,1.4554062110455168
195,GAM,0.307,1582.0,1.45068086620446
805,GAM,0.307,1582.0,1.45068086620446
1236,GAM,0.307,1582.0,1.45068086620446
1239,GAM,0.307,1582.0,1.45068086620446
1441,GAM,0.307,1582.0,1.45068086620446
1574,GAM,0.307,1582.0,1.45068086620446
1854,GAM,0.307,1582.0,1.45068086620446
2405,GAM,0.307,1582.0,1.45068086620446
40,GAM,0.306,1590.0,1.445955521363403
807,GAM,0.306,1590.0,1.445955521363403
1069,GAM,0.306,1590.0,1.445955521363403
1562,GAM,0.306,1590.0,1.445955521363403
1784,GAM,0.306,1590.0,1.445955521363403
2068,GAM,0.306,1590.0,1.445955521363403
2303,GAM,0.306,1590.0,1.445955521363403
2778,GAM,0.306,1590.0,1.445955521363403
354,GAM,0.305,1598.0,1.441230176522346
426,GAM,0.305,1598.0,1.441230176522346
744,GAM,0.305,1598.0,1.441230176522346
892,GAM,0.305,1598.0,1.441230176522346
1089,GAM,0.305,1598.0,1.441230176522346
1907,GAM,0.305,1598.0,1.441230176522346
2425,GAM,0.305,1598.0,1.441230176522346
2530,GAM,0.305,1598.0,1.441230176522346
2553,GAM,0.305,1598.0,1.441230176522346
2636,GAM,0.305,1598.0,1.441230176522346
95,GAM,0.304,1608.0,1.4365048316812894
388,GAM,0.304,1608.0,1.4365048316812894
519,GAM,0.304,1608.0,1.4365048316812894
619,GAM,0.304,1608.0,1.4365048316812894
661,GAM,0.304,1608.0,1.4365048316812894
972,GAM,0.304,1608.0,1.4365048316812894
1895,GAM,0.304,1608.0,1.4365048316812894
2102,GAM,0.304,1608.0,1.4365048316812894
2243,GAM,0.304,1608.0,1.4365048316812894
549,GAM,0.303,1617.0,1.4317794868402325
616,GAM,0.303,1617.0,1.4317794868402325
728,GAM,0.303,1617.0,1.4317794868402325
1150,GAM,0.303,1617.0,1.4317794868402325
1430,GAM,0.303,1617.0,1.4317794868402325
1659,GAM,0.303,1617.0,1.4317794868402325
2169,GAM,0.303,1617.0,1.4317794868402325
2750,GAM,0.303,1617.0,1.4317794868402325
126,GAM,0.302,1625.0,1.4270541419991756
422,GAM,0.302,1625.0,1.4270541419991756
497,GAM,0.302,1625.0,1.4270541419991756
895,GAM,0.302,1625.0,1.4270541419991756
1094,GAM,0.302,1625.0,1.4270541419991756
1149,GAM,0.302,1625.0,1.4270541419991756
1908,GAM,0.302,1625.0,1.4270541419991756
2042,GAM,0.302,1625.0,1.4270541419991756
2066,GAM,0.302,1625.0,1.4270541419991756
326,GAM,0.301,1634.0,1.4223287971581187
503,GAM,0.301,1634.0,1.4223287971581187
914,GAM,0.301,1634.0,1.4223287971581187
952,GAM,0.301,1634.0,1.4223287971581187
1076,GAM,0.301,1634.0,1.4223287971581187
1137,GAM,0.301,1634.0,1.4223287971581187
1205,GAM,0.301,1634.0,1.4223287971581187
1389,GAM,0.301,1634.0,1.4223287971581187
1414,GAM,0.301,1634.0,1.4223287971581187
1474,GAM,0.301,1634.0,1.4223287971581187
1556,GAM,0.301,1634.0,1.4223287971581187
2400,GAM,0.301,1634.0,1.4223287971581187
2775,GAM,0.301,1634.0,1.4223287971581187
372,GAM,0.3,1647.0,1.4176034523170618
514,GAM,0.3,1647.0,1.4176034523170618
1058,GAM,0.3,1647.0,1.4176034523170618
1490,GAM,0.3,1647.0,1.4176034523170618
1567,GAM,0.3,1647.0,1.4176034523170618
2075,GAM,0.3,1647.0,1.4176034523170618
2082,GAM,0.3,1647.0,1.4176034523170618
2330,GAM,0.3,1647.0,1.4176034523170618
360,GAM,0.299,1655.0,1.4128781074760048
682,GAM,0.299,1655.0,1.4128781074760048
683,GAM,0.299,1655.0,1.4128781074760048
867,GAM,0.299,1655.0,1.4128781074760048
956,GAM,0.299,1655.0,1.4128781074760048
1577,GAM,0.299,1655.0,1.4128781074760048
2229,GAM,0.299,1655.0,1.4128781074760048
2231,GAM,0.299,1655.0,1.4128781074760048
2613,GAM,0.299,1655.0,1.4128781074760048
2678,GAM,0.299,1655.0,1.4128781074760048
145,GAM,0.298,1665.0,1.408152762634948
201,GAM,0.298,1665.0,1.408152762634948
363,GAM,0.298,1665.0,1.408152762634948
1332,GAM,0.298,1665.0,1.408152762634948
1433,GAM,0.298,1665.0,1.408152762634948
1721,GAM,0.298,1665.0,1.408152762634948
1866,GAM,0.298,1665.0,1.408152762634948
1874,GAM,0.298,1665.0,1.408152762634948
2003,GAM,0.298,1665.0,1.408152762634948
2070,GAM,0.298,1665.0,1.408152762634948
2172,GAM,0.298,1665.0,1.408152762634948
2217,GAM,0.298,1665.0,1.408152762634948
89,GAM,0.297,1677.0,1.4034274177938912
216,GAM,0.297,1677.0,1.4034274177938912
390,GAM,0.297,1677.0,1.4034274177938912
433,GAM,0.297,1677.0,1.4034274177938912
1615,GAM,0.297,1677.0,1.4034274177938912
1707,GAM,0.297,1677.0,1.4034274177938912
1860,GAM,0.297,1677.0,1.4034274177938912
1982,GAM,0.297,1677.0,1.4034274177938912
2059,GAM,0.297,1677.0,1.4034274177938912
2539,GAM,0.297,1677.0,1.4034274177938912
347,GAM,0.296,1687.0,1.3987020729528343
357,GAM,0.296,1687.0,1.3987020729528343
759,GAM,0.296,1687.0,1.3987020729528343
1274,GAM,0.296,1687.0,1.3987020729528343
1402,GAM,0.296,1687.0,1.3987020729528343
1477,GAM,0.296,1687.0,1.3987020729528343
1752,GAM,0.296,1687.0,1.3987020729528343
2115,GAM,0.296,1687.0,1.3987020729528343
2265,GAM,0.296,1687.0,1.3987020729528343
432,GAM,0.295,1696.0,1.3939767281117774
604,GAM,0.295,1696.0,1.3939767281117774
787,GAM,0.295,1696.0,1.3939767281117774
1593,GAM,0.295,1696.0,1.3939767281117774
1695,GAM,0.295,1696.0,1.3939767281117774
1766,GAM,0.295,1696.0,1.3939767281117774
1852,GAM,0.295,1696.0,1.3939767281117774
1949,GAM,0.295,1696.0,1.3939767281117774
2181,GAM,0.295,1696.0,1.3939767281117774
2683,GAM,0.295,1696.0,1.3939767281117774
80,GAM,0.294,1706.0,1.3892513832707205
441,GAM,0.294,1706.0,1.3892513832707205
525,GAM,0.294,1706.0,1.3892513832707205
702,GAM,0.294,1706.0,1.3892513832707205
1052,GAM,0.294,1706.0,1.3892513832707205
1055,GAM,0.294,1706.0,1.3892513832707205
1696,GAM,0.294,1706.0,1.3892513832707205
1761,GAM,0.294,1706.0,1.3892513832707205
1996,GAM,0.294,1706.0,1.3892513832707205
2364,GAM,0.294,1706.0,1.3892513832707205
6,GAM,0.293,1716.0,1.3845260384296636
66,GAM,0.293,1716.0,1.3845260384296636
233,GAM,0.293,1716.0,1.3845260384296636
669,GAM,0.293,1716.0,1.3845260384296636
820,GAM,0.293,1716.0,1.3845260384296636
1298,GAM,0.293,1716.0,1.3845260384296636
1542,GAM,0.293,1716.0,1.3845260384296636
1970,GAM,0.293,1716.0,1.3845260384296636
2088,GAM,0.293,1716.0,1.3845260384296636
2282,GAM,0.293,1716.0,1.3845260384296636
2556,GAM,0.293,1716.0,1.3845260384296636
2767,GAM,0.293,1716.0,1.3845260384296636
246,GAM,0.292,1728.0,1.3798006935886067
607,GAM,0.292,1728.0,1.3798006935886067
626,GAM,0.292,1728.0,1.3798006935886067
833,GAM,0.292,1728.0,1.3798006935886067
1068,GAM,0.292,1728.0,1.3798006935886067
1301,GAM,0.292,1728.0,1.3798006935886067
1334,GAM,0.292,1728.0,1.3798006935886067
1564,GAM,0.292,1728.0,1.3798006935886067
2006,GAM,0.292,1728.0,1.3798006935886067
2470,GAM,0.292,1728.0,1.3798006935886067
494,GAM,0.291,1738.0,1.37507534874755
1082,GAM,0.291,1738.0,1.37507534874755
1138,GAM,0.291,1738.0,1.37507534874755
1231,GAM,0.291,1738.0,1.37507534874755
1834,GAM,0.291,1738.0,1.37507534874755
2027,GAM,0.291,1738.0,1.37507534874755
2074,GAM,0.291,1738.0,1.37507534874755
2575,GAM,0.291,1738.0,1.37507534874755
78,GAM,0.29,1746.0,1.370350003906493
203,GAM,0.29,1746.0,1.370350003906493
1061,GAM,0.29,1746.0,1.370350003906493
1202,GAM,0.29,1746.0,1.370350003906493
1211,GAM,0.29,1746.0,1.370350003906493
1237,GAM,0.29,1746.0,1.370350003906493
1374,GAM,0.29,1746.0,1.370350003906493
1425,GAM,0.29,1746.0,1.370350003906493
1478,GAM,0.29,1746.0,1.370350003906493
1977,GAM,0.29,1746.0,1.370350003906493
2018,GAM,0.29,1746.0,1.370350003906493
2365,GAM,0.29,1746.0,1.370350003906493
2591,GAM,0.29,1746.0,1.370350003906493
2700,GAM,0.29,1746.0,1.370350003906493
2715,GAM,0.29,1746.0,1.370350003906493
1191,GAM,0.289,1761.0,1.3656246590654362
1357,GAM,0.289,1761.0,1.3656246590654362
1792,GAM,0.289,1761.0,1.3656246590654362
2201,GAM,0.289,1761.0,1.3656246590654362
2592,GAM,0.289,1761.0,1.3656246590654362
155,GAM,0.288,1766.0,1.3608993142243793
309,GAM,0.288,1766.0,1.3608993142243793
574,GAM,0.288,1766.0,1.3608993142243793
1050,GAM,0.288,1766.0,1.3608993142243793
1330,GAM,0.288,1766.0,1.3608993142243793
1618,GAM,0.288,1766.0,1.3608993142243793
1790,GAM,0.288,1766.0,1.3608993142243793
1944,GAM,0.288,1766.0,1.3608993142243793
2235,GAM,0.288,1766.0,1.3608993142243793
2625,GAM,0.288,1766.0,1.3608993142243793
2740,GAM,0.288,1766.0,1.3608993142243793
304,GAM,0.287,1777.0,1.3561739693833224
605,GAM,0.287,1777.0,1.3561739693833224
706,GAM,0.287,1777.0,1.3561739693833224
1071,GAM,0.287,1777.0,1.3561739693833224
1195,GAM,0.287,1777.0,1.3561739693833224
1529,GAM,0.287,1777.0,1.3561739693833224
2184,GAM,0.287,1777.0,1.3561739693833224
19,GAM,0.286,1784.0,1.3514486245422654
102,GAM,0.286,1784.0,1.3514486245422654
115,GAM,0.286,1784.0,1.3514486245422654
346,GAM,0.286,1784.0,1.3514486245422654
492,GAM,0.286,1784.0,1.3514486245422654
908,GAM,0.286,1784.0,1.3514486245422654
1280,GAM,0.286,1784.0,1.3514486245422654
1704,GAM,0.286,1784.0,1.3514486245422654
1842,GAM,0.286,1784.0,1.3514486245422654
2007,GAM,0.286,1784.0,1.3514486245422654
2214,GAM,0.286,1784.0,1.3514486245422654
531,GAM,0.285,1795.0,1.3467232797012085
651,GAM,0.285,1795.0,1.3467232797012085
1201,GAM,0.285,1795.0,1.3467232797012085
1375,GAM,0.285,1795.0,1.3467232797012085
1536,GAM,0.285,1795.0,1.3467232797012085
1636,GAM,0.285,1795.0,1.3467232797012085
1740,GAM,0.285,1795.0,1.3467232797012085
1763,GAM,0.285,1795.0,1.3467232797012085
2358,GAM,0.285,1795.0,1.3467232797012085
142,GAM,0.284,1804.0,1.3419979348601518
701,GAM,0.284,1804.0,1.3419979348601518
882,GAM,0.284,1804.0,1.3419979348601518
1179,GAM,0.284,1804.0,1.3419979348601518
1620,GAM,0.284,1804.0,1.3419979348601518
1630,GAM,0.284,1804.0,1.3419979348601518
1684,GAM,0.284,1804.0,1.3419979348601518
1722,GAM,0.284,1804.0,1.3419979348601518
1730,GAM,0.284,1804.0,1.3419979348601518
1973,GAM,0.284,1804.0,1.3419979348601518
1976,GAM,0.284,1804.0,1.3419979348601518
2601,GAM,0.284,1804.0,1.3419979348601518
98,GAM,0.283,1816.0,1.337272590019095
167,GAM,0.283,1816.0,1.337272590019095
828,GAM,0.283,1816.0,1.337272590019095
1698,GAM,0.283,1816.0,1.337272590019095
1751,GAM,0.283,1816.0,1.337272590019095
58,GAM,0.282,1821.0,1.332547245178038
395,GAM,0.282,1821.0,1.332547245178038
473,GAM,0.282,1821.0,1.332547245178038
560,GAM,0.282,1821.0,1.332547245178038
589,GAM,0.282,1821.0,1.332547245178038
673,GAM,0.282,1821.0,1.332547245178038
790,GAM,0.282,1821.0,1.332547245178038
1164,GAM,0.282,1821.0,1.332547245178038
1548,GAM,0.282,1821.0,1.332547245178038
1586,GAM,0.282,1821.0,1.332547245178038
1719,GAM,0.282,1821.0,1.332547245178038
1759,GAM,0.282,1821.0,1.332547245178038
1771,GAM,0.282,1821.0,1.332547245178038
1777,GAM,0.282,1821.0,1.332547245178038
1868,GAM,0.282,1821.0,1.332547245178038
2087,GAM,0.282,1821.0,1.332547245178038
2312,GAM,0.282,1821.0,1.332547245178038
2534,GAM,0.282,1821.0,1.332547245178038
2595,GAM,0.282,1821.0,1.332547245178038
56,GAM,0.281,1840.0,1.3278219003369813
341,GAM,0.281,1840.0,1.3278219003369813
493,GAM,0.281,1840.0,1.3278219003369813
738,GAM,0.281,1840.0,1.3278219003369813
990,GAM,0.281,1840.0,1.3278219003369813
1193,GAM,0.281,1840.0,1.3278219003369813
1395,GAM,0.281,1840.0,1.3278219003369813
1458,GAM,0.281,1840.0,1.3278219003369813
2048,GAM,0.281,1840.0,1.3278219003369813
2058,GAM,0.281,1840.0,1.3278219003369813
2171,GAM,0.281,1840.0,1.3278219003369813
2720,GAM,0.281,1840.0,1.3278219003369813
311,GAM,0.28,1852.0,1.3230965554959244
540,GAM,0.28,1852.0,1.3230965554959244
553,GAM,0.28,1852.0,1.3230965554959244
646,GAM,0.28,1852.0,1.3230965554959244
660,GAM,0.28,1852.0,1.3230965554959244
686,GAM,0.28,1852.0,1.3230965554959244
1013,GAM,0.28,1852.0,1.3230965554959244
1117,GAM,0.28,1852.0,1.3230965554959244
1359,GAM,0.28,1852.0,1.3230965554959244
1409,GAM,0.28,1852.0,1.3230965554959244
1519,GAM,0.28,1852.0,1.3230965554959244
1643,GAM,0.28,1852.0,1.3230965554959244
2223,GAM,0.28,1852.0,1.3230965554959244
2458,GAM,0.28,1852.0,1.3230965554959244
2661,GAM,0.28,1852.0,1.3230965554959244
2718,GAM,0.28,1852.0,1.3230965554959244
752,GAM,0.279,1868.0,1.3183712106548677
773,GAM,0.279,1868.0,1.3183712106548677
1066,GAM,0.279,1868.0,1.3183712106548677
1083,GAM,0.279,1868.0,1.3183712106548677
1964,GAM,0.279,1868.0,1.3183712106548677
2397,GAM,0.279,1868.0,1.3183712106548677
2472,GAM,0.279,1868.0,1.3183712106548677
2559,GAM,0.279,1868.0,1.3183712106548677
2624,GAM,0.279,1868.0,1.3183712106548677
256,GAM,0.278,1877.0,1.3136458658138108
301,GAM,0.278,1877.0,1.3136458658138108
784,GAM,0.278,1877.0,1.3136458658138108
1101,GAM,0.278,1877.0,1.3136458658138108
1666,GAM,0.278,1877.0,1.3136458658138108
1753,GAM,0.278,1877.0,1.3136458658138108
2069,GAM,0.278,1877.0,1.3136458658138108
2182,GAM,0.278,1877.0,1.3136458658138108
2387,GAM,0.278,1877.0,1.3136458658138108
2527,GAM,0.278,1877.0,1.3136458658138108
2743,GAM,0.278,1877.0,1.3136458658138108
543,GAM,0.277,1888.0,1.308920520972754
716,GAM,0.277,1888.0,1.308920520972754
770,GAM,0.277,1888.0,1.308920520972754
1127,GAM,0.277,1888.0,1.308920520972754
1483,GAM,0.277,1888.0,1.308920520972754
1767,GAM,0.277,1888.0,1.308920520972754
2072,GAM,0.277,1888.0,1.308920520972754
2357,GAM,0.277,1888.0,1.308920520972754
2370,GAM,0.277,1888.0,1.308920520972754
114,GAM,0.276,1897.0,1.304195176131697
135,GAM,0.276,1897.0,1.304195176131697
401,GAM,0.276,1897.0,1.304195176131697
750,GAM,0.276,1897.0,1.304195176131697
1176,GAM,0.276,1897.0,1.304195176131697
1653,GAM,0.276,1897.0,1.304195176131697
2008,GAM,0.276,1897.0,1.304195176131697
2098,GAM,0.276,1897.0,1.304195176131697
2180,GAM,0.276,1897.0,1.304195176131697
2311,GAM,0.276,1897.0,1.304195176131697
2348,GAM,0.276,1897.0,1.304195176131697
33,GAM,0.275,1908.0,1.29946983129064
508,GAM,0.275,1908.0,1.29946983129064
824,GAM,0.275,1908.0,1.29946983129064
839,GAM,0.275,1908.0,1.29946983129064
1143,GAM,0.275,1908.0,1.29946983129064
1309,GAM,0.275,1908.0,1.29946983129064
1864,GAM,0.275,1908.0,1.29946983129064
2093,GAM,0.275,1908.0,1.29946983129064
2194,GAM,0.275,1908.0,1.29946983129064
31,GAM,0.274,1917.0,1.2947444864495832
153,GAM,0.274,1917.0,1.2947444864495832
198,GAM,0.274,1917.0,1.2947444864495832
647,GAM,0.274,1917.0,1.2947444864495832
840,GAM,0.274,1917.0,1.2947444864495832
934,GAM,0.274,1917.0,1.2947444864495832
1273,GAM,0.274,1917.0,1.2947444864495832
1313,GAM,0.274,1917.0,1.2947444864495832
1339,GAM,0.274,1917.0,1.2947444864495832
2580,GAM,0.274,1917.0,1.2947444864495832
179,GAM,0.273,1927.0,1.2900191416085263
577,GAM,0.273,1927.0,1.2900191416085263
597,GAM,0.273,1927.0,1.2900191416085263
618,GAM,0.273,1927.0,1.2900191416085263
739,GAM,0.273,1927.0,1.2900191416085263
1555,GAM,0.273,1927.0,1.2900191416085263
1628,GAM,0.273,1927.0,1.2900191416085263
1786,GAM,0.273,1927.0,1.2900191416085263
2325,GAM,0.273,1927.0,1.2900191416085263
742,GAM,0.272,1936.0,1.2852937967674696
1027,GAM,0.272,1936.0,1.2852937967674696
1547,GAM,0.272,1936.0,1.2852937967674696
1734,GAM,0.272,1936.0,1.2852937967674696
1832,GAM,0.272,1936.0,1.2852937967674696
2483,GAM,0.272,1936.0,1.2852937967674696
217,GAM,0.271,1942.0,1.2805684519264127
733,GAM,0.271,1942.0,1.2805684519264127
1316,GAM,0.271,1942.0,1.2805684519264127
1903,GAM,0.271,1942.0,1.2805684519264127
2253,GAM,0.271,1942.0,1.2805684519264127
83,GAM,0.27,1947.0,1.2758431070853558
147,GAM,0.27,1947.0,1.2758431070853558
197,GAM,0.27,1947.0,1.2758431070853558
226,GAM,0.27,1947.0,1.2758431070853558
629,GAM,0.27,1947.0,1.2758431070853558
670,GAM,0.27,1947.0,1.2758431070853558
974,GAM,0.27,1947.0,1.2758431070853558
1590,GAM,0.27,1947.0,1.2758431070853558
1616,GAM,0.27,1947.0,1.2758431070853558
2503,GAM,0.27,1947.0,1.2758431070853558
466,GAM,0.269,1957.0,1.2711177622442988
756,GAM,0.269,1957.0,1.2711177622442988
772,GAM,0.269,1957.0,1.2711177622442988
834,GAM,0.269,1957.0,1.2711177622442988
871,GAM,0.269,1957.0,1.2711177622442988
1241,GAM,0.269,1957.0,1.2711177622442988
1421,GAM,0.269,1957.0,1.2711177622442988
1812,GAM,0.269,1957.0,1.2711177622442988
1896,GAM,0.269,1957.0,1.2711177622442988
1967,GAM,0.269,1957.0,1.2711177622442988
2147,GAM,0.269,1957.0,1.2711177622442988
2167,GAM,0.269,1957.0,1.2711177622442988
2331,GAM,0.269,1957.0,1.2711177622442988
2398,GAM,0.269,1957.0,1.2711177622442988
2468,GAM,0.269,1957.0,1.2711177622442988
2649,GAM,0.269,1957.0,1.2711177622442988
227,GAM,0.268,1973.0,1.266392417403242
499,GAM,0.268,1973.0,1.266392417403242
675,GAM,0.268,1973.0,1.266392417403242
1060,GAM,0.268,1973.0,1.266392417403242
1072,GAM,0.268,1973.0,1.266392417403242
1136,GAM,0.268,1973.0,1.266392417403242
1181,GAM,0.268,1973.0,1.266392417403242
1550,GAM,0.268,1973.0,1.266392417403242
1865,GAM,0.268,1973.0,1.266392417403242
2155,GAM,0.268,1973.0,1.266392417403242
2764,GAM,0.268,1973.0,1.266392417403242
57,GAM,0.267,1984.0,1.261667072562185
397,GAM,0.267,1984.0,1.261667072562185
852,GAM,0.267,1984.0,1.261667072562185
1173,GAM,0.267,1984.0,1.261667072562185
1496,GAM,0.267,1984.0,1.261667072562185
1631,GAM,0.267,1984.0,1.261667072562185
2077,GAM,0.267,1984.0,1.261667072562185
2445,GAM,0.267,1984.0,1.261667072562185
2518,GAM,0.267,1984.0,1.261667072562185
2545,GAM,0.267,1984.0,1.261667072562185
2735,GAM,0.267,1984.0,1.261667072562185
206,GAM,0.266,1995.0,1.2569417277211283
658,GAM,0.266,1995.0,1.2569417277211283
691,GAM,0.266,1995.0,1.2569417277211283
1047,GAM,0.266,1995.0,1.2569417277211283
1115,GAM,0.266,1995.0,1.2569417277211283
1208,GAM,0.266,1995.0,1.2569417277211283
1266,GAM,0.266,1995.0,1.2569417277211283
1571,GAM,0.266,1995.0,1.2569417277211283
1703,GAM,0.266,1995.0,1.2569417277211283
1822,GAM,0.266,1995.0,1.2569417277211283
2410,GAM,0.266,1995.0,1.2569417277211283
2713,GAM,0.266,1995.0,1.2569417277211283
85,GAM,0.265,2007.0,1.2522163828800714
537,GAM,0.265,2007.0,1.2522163828800714
590,GAM,0.265,2007.0,1.2522163828800714
667,GAM,0.265,2007.0,1.2522163828800714
685,GAM,0.265,2007.0,1.2522163828800714
858,GAM,0.265,2007.0,1.2522163828800714
1216,GAM,0.265,2007.0,1.2522163828800714
2120,GAM,0.265,2007.0,1.2522163828800714
113,GAM,0.264,2015.0,1.2474910380390145
305,GAM,0.264,2015.0,1.2474910380390145
866,GAM,0.264,2015.0,1.2474910380390145
1306,GAM,0.264,2015.0,1.2474910380390145
1461,GAM,0.264,2015.0,1.2474910380390145
1769,GAM,0.264,2015.0,1.2474910380390145
2024,GAM,0.264,2015.0,1.2474910380390145
2173,GAM,0.264,2015.0,1.2474910380390145
2451,GAM,0.264,2015.0,1.2474910380390145
2550,GAM,0.264,2015.0,1.2474910380390145
2570,GAM,0.264,2015.0,1.2474910380390145
2654,GAM,0.264,2015.0,1.2474910380390145
278,GAM,0.263,2027.0,1.2427656931979576
386,GAM,0.263,2027.0,1.2427656931979576
785,GAM,0.263,2027.0,1.2427656931979576
1358,GAM,0.263,2027.0,1.2427656931979576
1925,GAM,0.263,2027.0,1.2427656931979576
2619,GAM,0.263,2027.0,1.2427656931979576
2771,GAM,0.263,2027.0,1.2427656931979576
456,GAM,0.262,2034.0,1.2380403483569007
1934,GAM,0.262,2034.0,1.2380403483569007
2240,GAM,0.262,2034.0,1.2380403483569007
2366,GAM,0.262,2034.0,1.2380403483569007
2569,GAM,0.262,2034.0,1.2380403483569007
2709,GAM,0.262,2034.0,1.2380403483569007
916,GAM,0.261,2040.0,1.2333150035158438
1123,GAM,0.261,2040.0,1.2333150035158438
1204,GAM,0.261,2040.0,1.2333150035158438
1229,GAM,0.261,2040.0,1.2333150035158438
1372,GAM,0.261,2040.0,1.2333150035158438
1466,GAM,0.261,2040.0,1.2333150035158438
1587,GAM,0.261,2040.0,1.2333150035158438
1589,GAM,0.261,2040.0,1.2333150035158438
1723,GAM,0.261,2040.0,1.2333150035158438
150,GAM,0.26,2049.0,1.2285896586747869
417,GAM,0.26,2049.0,1.2285896586747869
617,GAM,0.26,2049.0,1.2285896586747869
665,GAM,0.26,2049.0,1.2285896586747869
681,GAM,0.26,2049.0,1.2285896586747869
724,GAM,0.26,2049.0,1.2285896586747869
848,GAM,0.26,2049.0,1.2285896586747869
1154,GAM,0.26,2049.0,1.2285896586747869
1210,GAM,0.26,2049.0,1.2285896586747869
1420,GAM,0.26,2049.0,1.2285896586747869
1528,GAM,0.26,2049.0,1.2285896586747869
1712,GAM,0.26,2049.0,1.2285896586747869
2239,GAM,0.26,2049.0,1.2285896586747869
2256,GAM,0.26,2049.0,1.2285896586747869
2350,GAM,0.26,2049.0,1.2285896586747869
2459,GAM,0.26,2049.0,1.2285896586747869
2712,GAM,0.259,2065.0,1.2238643138337302
2751,GAM,0.259,2065.0,1.2238643138337302
105,GAM,0.258,2067.0,1.2191389689926733
778,GAM,0.258,2067.0,1.2191389689926733
1145,GAM,0.258,2067.0,1.2191389689926733
1326,GAM,0.258,2067.0,1.2191389689926733
1800,GAM,0.258,2067.0,1.2191389689926733
1881,GAM,0.258,2067.0,1.2191389689926733
2324,GAM,0.258,2067.0,1.2191389689926733
2363,GAM,0.258,2067.0,1.2191389689926733
2426,GAM,0.258,2067.0,1.2191389689926733
1175,GAM,0.257,2076.0,1.2144136241516164
2228,GAM,0.257,2076.0,1.2144136241516164
2548,GAM,0.257,2076.0,1.2144136241516164
2574,GAM,0.257,2076.0,1.2144136241516164
2643,GAM,0.257,2076.0,1.2144136241516164
62,GAM,0.256,2081.0,1.2096882793105594
398,GAM,0.256,2081.0,1.2096882793105594
762,GAM,0.256,2081.0,1.2096882793105594
1742,GAM,0.256,2081.0,1.2096882793105594
1880,GAM,0.256,2081.0,1.2096882793105594
2083,GAM,0.256,2081.0,1.2096882793105594
2101,GAM,0.256,2081.0,1.2096882793105594
2113,GAM,0.256,2081.0,1.2096882793105594
2463,GAM,0.256,2081.0,1.2096882793105594
2688,GAM,0.256,2081.0,1.2096882793105594
231,GAM,0.255,2091.0,1.2049629344695025
296,GAM,0.255,2091.0,1.2049629344695025
378,GAM,0.255,2091.0,1.2049629344695025
610,GAM,0.255,2091.0,1.2049629344695025
1426,GAM,0.255,2091.0,1.2049629344695025
1444,GAM,0.255,2091.0,1.2049629344695025
1992,GAM,0.255,2091.0,1.2049629344695025
2097,GAM,0.255,2091.0,1.2049629344695025
2129,GAM,0.255,2091.0,1.2049629344695025
2138,GAM,0.255,2091.0,1.2049629344695025
2761,GAM,0.255,2091.0,1.2049629344695025
267,GAM,0.254,2102.0,1.2002375896284456
544,GAM,0.254,2102.0,1.2002375896284456
1552,GAM,0.254,2102.0,1.2002375896284456
1717,GAM,0.254,2102.0,1.2002375896284456
2376,GAM,0.254,2102.0,1.2002375896284456
2586,GAM,0.254,2102.0,1.2002375896284456
269,GAM,0.253,2108.0,1.195512244787389
500,GAM,0.253,2108.0,1.195512244787389
982,GAM,0.253,2108.0,1.195512244787389
1042,GAM,0.253,2108.0,1.195512244787389
1512,GAM,0.253,2108.0,1.195512244787389
2424,GAM,0.253,2108.0,1.195512244787389
2551,GAM,0.253,2108.0,1.195512244787389
2693,GAM,0.253,2108.0,1.195512244787389
128,GAM,0.252,2116.0,1.190786899946332
471,GAM,0.252,2116.0,1.190786899946332
771,GAM,0.252,2116.0,1.190786899946332
864,GAM,0.252,2116.0,1.190786899946332
896,GAM,0.252,2116.0,1.190786899946332
969,GAM,0.252,2116.0,1.190786899946332
1392,GAM,0.252,2116.0,1.190786899946332
1675,GAM,0.252,2116.0,1.190786899946332
2218,GAM,0.252,2116.0,1.190786899946332
2399,GAM,0.252,2116.0,1.190786899946332
2427,GAM,0.252,2116.0,1.190786899946332
2618,GAM,0.252,2116.0,1.190786899946332
2692,GAM,0.252,2116.0,1.190786899946332
2696,GAM,0.252,2116.0,1.190786899946332
295,GAM,0.251,2130.0,1.1860615551052751
299,GAM,0.251,2130.0,1.1860615551052751
662,GAM,0.251,2130.0,1.1860615551052751
804,GAM,0.251,2130.0,1.1860615551052751
1276,GAM,0.251,2130.0,1.1860615551052751
1331,GAM,0.251,2130.0,1.1860615551052751
2254,GAM,0.251,2130.0,1.1860615551052751
2307,GAM,0.251,2130.0,1.1860615551052751
2375,GAM,0.251,2130.0,1.1860615551052751
107,GAM,0.25,2139.0,1.1813362102642182
639,GAM,0.25,2139.0,1.1813362102642182
910,GAM,0.25,2139.0,1.1813362102642182
1645,GAM,0.25,2139.0,1.1813362102642182
1694,GAM,0.25,2139.0,1.1813362102642182
2460,GAM,0.25,2139.0,1.1813362102642182
2476,GAM,0.25,2139.0,1.1813362102642182
2668,GAM,0.25,2139.0,1.1813362102642182
123,GAM,0.249,2147.0,1.1766108654231613
480,GAM,0.249,2147.0,1.1766108654231613
781,GAM,0.249,2147.0,1.1766108654231613
1387,GAM,0.249,2147.0,1.1766108654231613
1743,GAM,0.249,2147.0,1.1766108654231613
2268,GAM,0.249,2147.0,1.1766108654231613
2655,GAM,0.249,2147.0,1.1766108654231613
71,GAM,0.248,2154.0,1.1718855205821044
73,GAM,0.248,2154.0,1.1718855205821044
829,GAM,0.248,2154.0,1.1718855205821044
947,GAM,0.248,2154.0,1.1718855205821044
1303,GAM,0.248,2154.0,1.1718855205821044
1403,GAM,0.248,2154.0,1.1718855205821044
1664,GAM,0.248,2154.0,1.1718855205821044
1710,GAM,0.248,2154.0,1.1718855205821044
42,GAM,0.247,2162.0,1.1671601757410475
470,GAM,0.247,2162.0,1.1671601757410475
554,GAM,0.247,2162.0,1.1671601757410475
1174,GAM,0.247,2162.0,1.1671601757410475
1351,GAM,0.247,2162.0,1.1671601757410475
1446,GAM,0.247,2162.0,1.1671601757410475
1481,GAM,0.247,2162.0,1.1671601757410475
1600,GAM,0.247,2162.0,1.1671601757410475
2353,GAM,0.247,2162.0,1.1671601757410475
275,GAM,0.246,2171.0,1.1624348308999908
446,GAM,0.246,2171.0,1.1624348308999908
487,GAM,0.246,2171.0,1.1624348308999908
1110,GAM,0.246,2171.0,1.1624348308999908
1209,GAM,0.246,2171.0,1.1624348308999908
1452,GAM,0.246,2171.0,1.1624348308999908
2349,GAM,0.246,2171.0,1.1624348308999908
2395,GAM,0.246,2171.0,1.1624348308999908
2754,GAM,0.246,2171.0,1.1624348308999908
336,GAM,0.245,2180.0,1.1577094860589339
462,GAM,0.245,2180.0,1.1577094860589339
489,GAM,0.245,2180.0,1.1577094860589339
946,GAM,0.245,2180.0,1.1577094860589339
1132,GAM,0.245,2180.0,1.1577094860589339
1213,GAM,0.245,2180.0,1.1577094860589339
1462,GAM,0.245,2180.0,1.1577094860589339
1770,GAM,0.245,2180.0,1.1577094860589339
1887,GAM,0.245,2180.0,1.1577094860589339
2032,GAM,0.245,2180.0,1.1577094860589339
2446,GAM,0.245,2180.0,1.1577094860589339
2694,GAM,0.245,2180.0,1.1577094860589339
2730,GAM,0.245,2180.0,1.1577094860589339
715,GAM,0.244,2193.0,1.152984141217877
1133,GAM,0.244,2193.0,1.152984141217877
1365,GAM,0.244,2193.0,1.152984141217877
2360,GAM,0.244,2193.0,1.152984141217877
2557,GAM,0.244,2193.0,1.152984141217877
2707,GAM,0.244,2193.0,1.152984141217877
813,GAM,0.243,2199.0,1.14825879637682
977,GAM,0.243,2199.0,1.14825879637682
1078,GAM,0.243,2199.0,1.14825879637682
1092,GAM,0.243,2199.0,1.14825879637682
2002,GAM,0.243,2199.0,1.14825879637682
2142,GAM,0.243,2199.0,1.14825879637682
2329,GAM,0.243,2199.0,1.14825879637682
328,GAM,0.242,2206.0,1.1435334515357631
430,GAM,0.242,2206.0,1.1435334515357631
1217,GAM,0.242,2206.0,1.1435334515357631
1230,GAM,0.242,2206.0,1.1435334515357631
1251,GAM,0.242,2206.0,1.1435334515357631
1504,GAM,0.242,2206.0,1.1435334515357631
1918,GAM,0.242,2206.0,1.1435334515357631
2725,GAM,0.242,2206.0,1.1435334515357631
2747,GAM,0.242,2206.0,1.1435334515357631
1131,GAM,0.241,2215.0,1.1388081066947062
1223,GAM,0.241,2215.0,1.1388081066947062
1497,GAM,0.241,2215.0,1.1388081066947062
1507,GAM,0.241,2215.0,1.1388081066947062
1816,GAM,0.241,2215.0,1.1388081066947062
2111,GAM,0.241,2215.0,1.1388081066947062
2154,GAM,0.241,2215.0,1.1388081066947062
215,GAM,0.24,2222.0,1.1340827618536495
1576,GAM,0.24,2222.0,1.1340827618536495
2244,GAM,0.24,2222.0,1.1340827618536495
2377,GAM,0.24,2222.0,1.1340827618536495
2454,GAM,0.24,2222.0,1.1340827618536495
148,GAM,0.239,2227.0,1.1293574170125926
620,GAM,0.239,2227.0,1.1293574170125926
831,GAM,0.239,2227.0,1.1293574170125926
1265,GAM,0.239,2227.0,1.1293574170125926
1724,GAM,0.239,2227.0,1.1293574170125926
1813,GAM,0.239,2227.0,1.1293574170125926
2123,GAM,0.239,2227.0,1.1293574170125926
384,GAM,0.238,2234.0,1.1246320721715357
406,GAM,0.238,2234.0,1.1246320721715357
680,GAM,0.238,2234.0,1.1246320721715357
926,GAM,0.238,2234.0,1.1246320721715357
1633,GAM,0.238,2234.0,1.1246320721715357
2174,GAM,0.238,2234.0,1.1246320721715357
161,GAM,0.237,2240.0,1.1199067273304788
385,GAM,0.237,2240.0,1.1199067273304788
2144,GAM,0.237,2240.0,1.1199067273304788
2271,GAM,0.237,2240.0,1.1199067273304788
994,GAM,0.236,2244.0,1.115181382489422
1683,GAM,0.236,2244.0,1.115181382489422
1799,GAM,0.236,2244.0,1.115181382489422
1899,GAM,0.236,2244.0,1.115181382489422
268,GAM,0.235,2248.0,1.110456037648365
440,GAM,0.235,2248.0,1.110456037648365
1170,GAM,0.235,2248.0,1.110456037648365
1557,GAM,0.235,2248.0,1.110456037648365
2116,GAM,0.235,2248.0,1.110456037648365
2407,GAM,0.235,2248.0,1.110456037648365
2508,GAM,0.235,2248.0,1.110456037648365
374,GAM,0.234,2255.0,1.1057306928073083
558,GAM,0.234,2255.0,1.1057306928073083
1087,GAM,0.234,2255.0,1.1057306928073083
1805,GAM,0.234,2255.0,1.1057306928073083
2549,GAM,0.234,2255.0,1.1057306928073083
21,GAM,0.233,2260.0,1.1010053479662514
47,GAM,0.233,2260.0,1.1010053479662514
118,GAM,0.233,2260.0,1.1010053479662514
915,GAM,0.233,2260.0,1.1010053479662514
1709,GAM,0.233,2260.0,1.1010053479662514
1844,GAM,0.233,2260.0,1.1010053479662514
2125,GAM,0.233,2260.0,1.1010053479662514
2428,GAM,0.233,2260.0,1.1010053479662514
2572,GAM,0.233,2260.0,1.1010053479662514
2744,GAM,0.233,2260.0,1.1010053479662514
1318,GAM,0.232,2270.0,1.0962800031251945
1592,GAM,0.232,2270.0,1.0962800031251945
209,GAM,0.231,2272.0,1.0915546582841376
332,GAM,0.231,2272.0,1.0915546582841376
975,GAM,0.231,2272.0,1.0915546582841376
1029,GAM,0.231,2272.0,1.0915546582841376
1366,GAM,0.231,2272.0,1.0915546582841376
1830,GAM,0.231,2272.0,1.0915546582841376
2631,GAM,0.231,2272.0,1.0915546582841376
2726,GAM,0.231,2272.0,1.0915546582841376
2749,GAM,0.231,2272.0,1.0915546582841376
109,GAM,0.23,2281.0,1.0868293134430809
1028,GAM,0.23,2281.0,1.0868293134430809
1668,GAM,0.23,2281.0,1.0868293134430809
2285,GAM,0.23,2281.0,1.0868293134430809
2494,GAM,0.23,2281.0,1.0868293134430809
572,GAM,0.229,2286.0,1.082103968602024
1833,GAM,0.229,2286.0,1.082103968602024
2041,GAM,0.229,2286.0,1.082103968602024
2637,GAM,0.229,2286.0,1.082103968602024
2706,GAM,0.229,2286.0,1.082103968602024
247,GAM,0.228,2291.0,1.077378623760967
477,GAM,0.228,2291.0,1.077378623760967
736,GAM,0.228,2291.0,1.077378623760967
881,GAM,0.228,2291.0,1.077378623760967
1293,GAM,0.228,2291.0,1.077378623760967
1364,GAM,0.228,2291.0,1.077378623760967
1485,GAM,0.228,2291.0,1.077378623760967
2440,GAM,0.228,2291.0,1.077378623760967
2777,GAM,0.228,2291.0,1.077378623760967
621,GAM,0.227,2300.0,1.0726532789199101
788,GAM,0.227,2300.0,1.0726532789199101
938,GAM,0.227,2300.0,1.0726532789199101
2686,GAM,0.227,2300.0,1.0726532789199101
817,GAM,0.226,2304.0,1.0679279340788532
870,GAM,0.226,2304.0,1.0679279340788532
1882,GAM,0.226,2304.0,1.0679279340788532
677,GAM,0.225,2307.0,1.0632025892377963
1065,GAM,0.225,2307.0,1.0632025892377963
1130,GAM,0.225,2307.0,1.0632025892377963
1284,GAM,0.225,2307.0,1.0632025892377963
1300,GAM,0.225,2307.0,1.0632025892377963
1927,GAM,0.225,2307.0,1.0632025892377963
1605,GAM,0.224,2313.0,1.0584772443967396
1987,GAM,0.224,2313.0,1.0584772443967396
1376,GAM,0.223,2315.0,1.0537518995556827
2051,GAM,0.223,2315.0,1.0537518995556827
2230,GAM,0.223,2315.0,1.0537518995556827
1495,GAM,0.222,2318.0,1.0490265547146258
2197,GAM,0.222,2318.0,1.0490265547146258
2421,GAM,0.222,2318.0,1.0490265547146258
2587,GAM,0.222,2318.0,1.0490265547146258
475,GAM,0.221,2322.0,1.044301209873569
642,GAM,0.221,2322.0,1.044301209873569
737,GAM,0.221,2322.0,1.044301209873569
1457,GAM,0.221,2322.0,1.044301209873569
2040,GAM,0.221,2322.0,1.044301209873569
2352,GAM,0.221,2322.0,1.044301209873569
2620,GAM,0.221,2322.0,1.044301209873569
524,GAM,0.22,2329.0,1.039575865032512
842,GAM,0.22,2329.0,1.039575865032512
1015,GAM,0.22,2329.0,1.039575865032512
1034,GAM,0.22,2329.0,1.039575865032512
1103,GAM,0.22,2329.0,1.039575865032512
1774,GAM,0.22,2329.0,1.039575865032512
1801,GAM,0.22,2329.0,1.039575865032512
2721,GAM,0.22,2329.0,1.039575865032512
166,GAM,0.219,2337.0,1.034850520191455
419,GAM,0.219,2337.0,1.034850520191455
907,GAM,0.219,2337.0,1.034850520191455
2402,GAM,0.219,2337.0,1.034850520191455
240,GAM,0.218,2341.0,1.0301251753503982
353,GAM,0.218,2341.0,1.0301251753503982
453,GAM,0.218,2341.0,1.0301251753503982
645,GAM,0.218,2341.0,1.0301251753503982
2009,GAM,0.218,2341.0,1.0301251753503982
2507,GAM,0.218,2341.0,1.0301251753503982
2322,GAM,0.217,2347.0,1.0253998305093415
999,GAM,0.216,2348.0,1.0206744856682846
1393,GAM,0.216,2348.0,1.0206744856682846
2017,GAM,0.216,2348.0,1.0206744856682846
2378,GAM,0.216,2348.0,1.0206744856682846
2555,GAM,0.216,2348.0,1.0206744856682846
92,GAM,0.215,2353.0,1.0159491408272276
542,GAM,0.215,2353.0,1.0159491408272276
1156,GAM,0.215,2353.0,1.0159491408272276
1368,GAM,0.215,2353.0,1.0159491408272276
1983,GAM,0.214,2357.0,1.0112237959861707
2577,GAM,0.214,2357.0,1.0112237959861707
94,GAM,0.213,2359.0,1.0064984511451138
261,GAM,0.213,2359.0,1.0064984511451138
1963,GAM,0.213,2359.0,1.0064984511451138
2328,GAM,0.213,2359.0,1.0064984511451138
2465,GAM,0.213,2359.0,1.0064984511451138
2492,GAM,0.213,2359.0,1.0064984511451138
79,GAM,0.212,2365.0,1.001773106304057
953,GAM,0.212,2365.0,1.001773106304057
1632,GAM,0.212,2365.0,1.001773106304057
163,GAM,0.211,2368.0,0.9970477614630001
1063,GAM,0.211,2368.0,0.9970477614630001
1434,GAM,0.211,2368.0,0.9970477614630001
1936,GAM,0.211,2368.0,0.9970477614630001
2521,GAM,0.211,2368.0,0.9970477614630001
757,GAM,0.21,2373.0,0.9923224166219432
1294,GAM,0.21,2373.0,0.9923224166219432
2095,GAM,0.21,2373.0,0.9923224166219432
2215,GAM,0.21,2373.0,0.9923224166219432
2681,GAM,0.21,2373.0,0.9923224166219432
1282,GAM,0.209,2378.0,0.9875970717808864
1760,GAM,0.208,2379.0,0.9828717269398295
48,GAM,0.207,2380.0,0.9781463820987726
239,GAM,0.207,2380.0,0.9781463820987726
801,GAM,0.207,2380.0,0.9781463820987726
1741,GAM,0.207,2380.0,0.9781463820987726
2652,GAM,0.207,2380.0,0.9781463820987726
165,GAM,0.206,2385.0,0.9734210372577158
331,GAM,0.206,2385.0,0.9734210372577158
356,GAM,0.206,2385.0,0.9734210372577158
2071,GAM,0.206,2385.0,0.9734210372577158
2207,GAM,0.206,2385.0,0.9734210372577158
315,GAM,0.205,2390.0,0.9686956924166589
1256,GAM,0.205,2390.0,0.9686956924166589
1498,GAM,0.205,2390.0,0.9686956924166589
2675,GAM,0.205,2390.0,0.9686956924166589
1831,GAM,0.204,2394.0,0.963970347575602
2729,GAM,0.204,2394.0,0.963970347575602
182,GAM,0.203,2396.0,0.9592450027345453
517,GAM,0.203,2396.0,0.9592450027345453
777,GAM,0.203,2396.0,0.9592450027345453
1161,GAM,0.203,2396.0,0.9592450027345453
1196,GAM,0.203,2396.0,0.9592450027345453
1288,GAM,0.203,2396.0,0.9592450027345453
1299,GAM,0.203,2396.0,0.9592450027345453
1911,GAM,0.203,2396.0,0.9592450027345453
2046,GAM,0.203,2396.0,0.9592450027345453
2146,GAM,0.203,2396.0,0.9592450027345453
2166,GAM,0.203,2396.0,0.9592450027345453
13,GAM,0.202,2407.0,0.9545196578934884
139,GAM,0.202,2407.0,0.9545196578934884
1186,GAM,0.202,2407.0,0.9545196578934884
1785,GAM,0.202,2407.0,0.9545196578934884
2127,GAM,0.202,2407.0,0.9545196578934884
678,GAM,0.2,2412.0,0.9450689682113746
880,GAM,0.2,2412.0,0.9450689682113746
1177,GAM,0.2,2412.0,0.9450689682113746
1435,GAM,0.2,2412.0,0.9450689682113746
1827,GAM,0.2,2412.0,0.9450689682113746
1975,GAM,0.2,2412.0,0.9450689682113746
1336,GAM,0.199,2418.0,0.9403436233703177
1718,GAM,0.199,2418.0,0.9403436233703177
421,GAM,0.198,2420.0,0.9356182785292608
465,GAM,0.198,2420.0,0.9356182785292608
498,GAM,0.198,2420.0,0.9356182785292608
949,GAM,0.198,2420.0,0.9356182785292608
1350,GAM,0.198,2420.0,0.9356182785292608
1797,GAM,0.198,2420.0,0.9356182785292608
779,GAM,0.197,2426.0,0.930892933688204
1346,GAM,0.197,2426.0,0.930892933688204
2438,GAM,0.197,2426.0,0.930892933688204
727,GAM,0.196,2429.0,0.9261675888471471
1099,GAM,0.196,2429.0,0.9261675888471471
5,GAM,0.195,2431.0,0.9214422440060902
932,GAM,0.195,2431.0,0.9214422440060902
980,GAM,0.195,2431.0,0.9214422440060902
1049,GAM,0.195,2431.0,0.9214422440060902
1134,GAM,0.195,2431.0,0.9214422440060902
1735,GAM,0.195,2431.0,0.9214422440060902
1795,GAM,0.195,2431.0,0.9214422440060902
2535,GAM,0.195,2431.0,0.9214422440060902
699,GAM,0.194,2439.0,0.9167168991650333
731,GAM,0.194,2439.0,0.9167168991650333
1187,GAM,0.194,2439.0,0.9167168991650333
1386,GAM,0.194,2439.0,0.9167168991650333
1278,GAM,0.193,2443.0,0.9119915543239765
2139,GAM,0.193,2443.0,0.9119915543239765
2379,GAM,0.193,2443.0,0.9119915543239765
2513,GAM,0.193,2443.0,0.9119915543239765
2579,GAM,0.193,2443.0,0.9119915543239765
1602,GAM,0.192,2448.0,0.9072662094829196
2498,GAM,0.192,2448.0,0.9072662094829196
36,GAM,0.191,2450.0,0.9025408646418627
987,GAM,0.191,2450.0,0.9025408646418627
1228,GAM,0.191,2450.0,0.9025408646418627
1836,GAM,0.191,2450.0,0.9025408646418627
2342,GAM,0.191,2450.0,0.9025408646418627
393,GAM,0.19,2455.0,0.8978155198008059
576,GAM,0.19,2455.0,0.8978155198008059
641,GAM,0.19,2455.0,0.8978155198008059
1227,GAM,0.19,2455.0,0.8978155198008059
1820,GAM,0.19,2455.0,0.8978155198008059
2192,GAM,0.19,2455.0,0.8978155198008059
232,GAM,0.189,2461.0,0.893090174959749
254,GAM,0.189,2461.0,0.893090174959749
375,GAM,0.189,2461.0,0.893090174959749
1509,GAM,0.188,2464.0,0.888364830118692
1988,GAM,0.188,2464.0,0.888364830118692
2288,GAM,0.188,2464.0,0.888364830118692
1471,GAM,0.187,2467.0,0.8836394852776353
1162,GAM,0.186,2468.0,0.8789141404365783
1232,GAM,0.186,2468.0,0.8789141404365783
136,GAM,0.185,2470.0,0.8741887955955214
644,GAM,0.185,2470.0,0.8741887955955214
1002,GAM,0.185,2470.0,0.8741887955955214
1370,GAM,0.185,2470.0,0.8741887955955214
1878,GAM,0.185,2470.0,0.8741887955955214
1006,GAM,0.184,2475.0,0.8694634507544646
1857,GAM,0.184,2475.0,0.8694634507544646
1870,GAM,0.184,2475.0,0.8694634507544646
1984,GAM,0.184,2475.0,0.8694634507544646
2086,GAM,0.184,2475.0,0.8694634507544646
1991,GAM,0.183,2480.0,0.8647381059134077
2383,GAM,0.183,2480.0,0.8647381059134077
1319,GAM,0.182,2482.0,0.8600127610723508
1624,GAM,0.182,2482.0,0.8600127610723508
359,GAM,0.181,2484.0,0.8552874162312939
461,GAM,0.181,2484.0,0.8552874162312939
1057,GAM,0.181,2484.0,0.8552874162312939
1168,GAM,0.181,2484.0,0.8552874162312939
2190,GAM,0.181,2484.0,0.8552874162312939
2626,GAM,0.181,2484.0,0.8552874162312939
190,GAM,0.18,2490.0,0.8505620713902371
329,GAM,0.18,2490.0,0.8505620713902371
1038,GAM,0.18,2490.0,0.8505620713902371
1679,GAM,0.179,2493.0,0.8458367265491802
2417,GAM,0.179,2493.0,0.8458367265491802
1289,GAM,0.178,2495.0,0.8411113817081233
1470,GAM,0.178,2495.0,0.8411113817081233
1947,GAM,0.178,2495.0,0.8411113817081233
2061,GAM,0.178,2495.0,0.8411113817081233
2687,GAM,0.177,2499.0,0.8363860368670665
1075,GAM,0.176,2500.0,0.8316606920260096
1225,GAM,0.176,2500.0,0.8316606920260096
1449,GAM,0.176,2500.0,0.8316606920260096
1765,GAM,0.176,2500.0,0.8316606920260096
2109,GAM,0.176,2500.0,0.8316606920260096
2343,GAM,0.175,2505.0,0.8269353471849527
2558,GAM,0.175,2505.0,0.8269353471849527
2565,GAM,0.175,2505.0,0.8269353471849527
2641,GAM,0.175,2505.0,0.8269353471849527
751,GAM,0.174,2509.0,0.8222100023438959
1598,GAM,0.174,2509.0,0.8222100023438959
2362,GAM,0.174,2509.0,0.8222100023438959
2385,GAM,0.174,2509.0,0.8222100023438959
50,GAM,0.173,2513.0,0.8174846575028389
140,GAM,0.173,2513.0,0.8174846575028389
1091,GAM,0.172,2515.0,0.812759312661782
2711,GAM,0.172,2515.0,0.812759312661782
108,GAM,0.171,2517.0,0.8080339678207253
1000,GAM,0.171,2517.0,0.8080339678207253
1553,GAM,0.171,2517.0,0.8080339678207253
1573,GAM,0.171,2517.0,0.8080339678207253
1757,GAM,0.171,2517.0,0.8080339678207253
2062,GAM,0.171,2517.0,0.8080339678207253
912,GAM,0.17,2523.0,0.8033086229796684
1235,GAM,0.17,2523.0,0.8033086229796684
2267,GAM,0.17,2523.0,0.8033086229796684
2499,GAM,0.17,2523.0,0.8033086229796684
1580,GAM,0.169,2527.0,0.7985832781386115
1687,GAM,0.169,2527.0,0.7985832781386115
68,GAM,0.168,2529.0,0.7938579332975547
789,GAM,0.168,2529.0,0.7938579332975547
1054,GAM,0.168,2529.0,0.7938579332975547
648,GAM,0.167,2532.0,0.7891325884564978
1234,GAM,0.167,2532.0,0.7891325884564978
1851,GAM,0.167,2532.0,0.7891325884564978
88,GAM,0.166,2535.0,0.7844072436154409
274,GAM,0.166,2535.0,0.7844072436154409
1003,GAM,0.166,2535.0,0.7844072436154409
1262,GAM,0.166,2535.0,0.7844072436154409
2493,GAM,0.166,2535.0,0.7844072436154409
49,GAM,0.165,2540.0,0.7796818987743841
1588,GAM,0.165,2540.0,0.7796818987743841
2208,GAM,0.165,2540.0,0.7796818987743841
687,GAM,0.164,2543.0,0.7749565539333272
992,GAM,0.164,2543.0,0.7749565539333272
1381,GAM,0.164,2543.0,0.7749565539333272
1463,GAM,0.164,2543.0,0.7749565539333272
1804,GAM,0.164,2543.0,0.7749565539333272
2202,GAM,0.164,2543.0,0.7749565539333272
2603,GAM,0.164,2543.0,0.7749565539333272
1362,GAM,0.163,2550.0,0.7702312090922703
242,GAM,0.162,2551.0,0.7655058642512134
930,GAM,0.162,2551.0,0.7655058642512134
510,GAM,0.161,2553.0,0.7607805194101566
571,GAM,0.161,2553.0,0.7607805194101566
1036,GAM,0.161,2553.0,0.7607805194101566
1139,GAM,0.161,2553.0,0.7607805194101566
1901,GAM,0.161,2553.0,0.7607805194101566
1961,GAM,0.161,2553.0,0.7607805194101566
2669,GAM,0.161,2553.0,0.7607805194101566
903,GAM,0.16,2560.0,0.7560551745690997
2482,GAM,0.16,2560.0,0.7560551745690997
2510,GAM,0.16,2560.0,0.7560551745690997
632,GAM,0.159,2563.0,0.7513298297280427
796,GAM,0.159,2563.0,0.7513298297280427
1515,GAM,0.159,2563.0,0.7513298297280427
2283,GAM,0.159,2563.0,0.7513298297280427
2589,GAM,0.159,2563.0,0.7513298297280427
551,GAM,0.158,2568.0,0.7466044848869859
1259,GAM,0.158,2568.0,0.7466044848869859
1307,GAM,0.158,2568.0,0.7466044848869859
1714,GAM,0.158,2568.0,0.7466044848869859
1850,GAM,0.158,2568.0,0.7466044848869859
2124,GAM,0.158,2568.0,0.7466044848869859
1464,GAM,0.157,2574.0,0.741879140045929
1487,GAM,0.157,2574.0,0.741879140045929
2263,GAM,0.157,2574.0,0.741879140045929
2336,GAM,0.157,2574.0,0.741879140045929
2516,GAM,0.157,2574.0,0.741879140045929
207,GAM,0.156,2579.0,0.7371537952048721
439,GAM,0.156,2579.0,0.7371537952048721
854,GAM,0.156,2579.0,0.7371537952048721
1638,GAM,0.156,2579.0,0.7371537952048721
1671,GAM,0.156,2579.0,0.7371537952048721
2478,GAM,0.156,2579.0,0.7371537952048721
1030,GAM,0.155,2585.0,0.7324284503638153
1505,GAM,0.155,2585.0,0.7324284503638153
2449,GAM,0.155,2585.0,0.7324284503638153
120,GAM,0.154,2588.0,0.7277031055227584
760,GAM,0.154,2588.0,0.7277031055227584
887,GAM,0.154,2588.0,0.7277031055227584
983,GAM,0.154,2588.0,0.7277031055227584
1737,GAM,0.154,2588.0,0.7277031055227584
1886,GAM,0.154,2588.0,0.7277031055227584
2143,GAM,0.154,2588.0,0.7277031055227584
2270,GAM,0.154,2588.0,0.7277031055227584
103,GAM,0.153,2596.0,0.7229777606817015
200,GAM,0.153,2596.0,0.7229777606817015
764,GAM,0.153,2596.0,0.7229777606817015
1024,GAM,0.153,2596.0,0.7229777606817015
1617,GAM,0.153,2596.0,0.7229777606817015
1732,GAM,0.153,2596.0,0.7229777606817015
2015,GAM,0.153,2596.0,0.7229777606817015
841,GAM,0.152,2603.0,0.7182524158406447
1676,GAM,0.152,2603.0,0.7182524158406447
2502,GAM,0.152,2603.0,0.7182524158406447
2,GAM,0.151,2606.0,0.7135270709995878
380,GAM,0.151,2606.0,0.7135270709995878
929,GAM,0.151,2606.0,0.7135270709995878
1335,GAM,0.151,2606.0,0.7135270709995878
30,GAM,0.15,2610.0,0.7088017261585309
936,GAM,0.15,2610.0,0.7088017261585309
941,GAM,0.15,2610.0,0.7088017261585309
985,GAM,0.15,2610.0,0.7088017261585309
1206,GAM,0.15,2610.0,0.7088017261585309
1817,GAM,0.15,2610.0,0.7088017261585309
2094,GAM,0.15,2610.0,0.7088017261585309
2645,GAM,0.15,2610.0,0.7088017261585309
2732,GAM,0.15,2610.0,0.7088017261585309
875,GAM,0.149,2619.0,0.704076381317474
273,GAM,0.148,2620.0,0.6993510364764172
1373,GAM,0.148,2620.0,0.6993510364764172
1667,GAM,0.148,2620.0,0.6993510364764172
1941,GAM,0.148,2620.0,0.6993510364764172
2606,GAM,0.148,2620.0,0.6993510364764172
152,GAM,0.147,2625.0,0.6946256916353603
1603,GAM,0.147,2625.0,0.6946256916353603
2011,GAM,0.147,2625.0,0.6946256916353603
2193,GAM,0.147,2625.0,0.6946256916353603
2596,GAM,0.147,2625.0,0.6946256916353603
550,GAM,0.146,2630.0,0.6899003467943033
793,GAM,0.146,2630.0,0.6899003467943033
1641,GAM,0.146,2630.0,0.6899003467943033
20,GAM,0.145,2633.0,0.6851750019532465
584,GAM,0.145,2633.0,0.6851750019532465
919,GAM,0.145,2633.0,0.6851750019532465
1399,GAM,0.145,2633.0,0.6851750019532465
1726,GAM,0.145,2633.0,0.6851750019532465
2219,GAM,0.145,2633.0,0.6851750019532465
2666,GAM,0.145,2633.0,0.6851750019532465
2734,GAM,0.145,2633.0,0.6851750019532465
2753,GAM,0.145,2633.0,0.6851750019532465
1889,GAM,0.144,2642.0,0.6804496571121896
2310,GAM,0.144,2642.0,0.6804496571121896
692,GAM,0.143,2644.0,0.6757243122711327
2280,GAM,0.143,2644.0,0.6757243122711327
2308,GAM,0.143,2644.0,0.6757243122711327
2563,GAM,0.143,2644.0,0.6757243122711327
106,GAM,0.142,2648.0,0.6709989674300759
191,GAM,0.142,2648.0,0.6709989674300759
984,GAM,0.142,2648.0,0.6709989674300759
1848,GAM,0.142,2648.0,0.6709989674300759
2414,GAM,0.142,2648.0,0.6709989674300759
2433,GAM,0.142,2648.0,0.6709989674300759
634,GAM,0.141,2654.0,0.666273622589019
1086,GAM,0.141,2654.0,0.666273622589019
1424,GAM,0.141,2654.0,0.666273622589019
1520,GAM,0.141,2654.0,0.666273622589019
1745,GAM,0.141,2654.0,0.666273622589019
2126,GAM,0.141,2654.0,0.666273622589019
2272,GAM,0.141,2654.0,0.666273622589019
838,GAM,0.14,2661.0,0.6615482777479622
1095,GAM,0.14,2661.0,0.6615482777479622
134,GAM,0.139,2663.0,0.6568229329069054
252,GAM,0.139,2663.0,0.6568229329069054
479,GAM,0.139,2663.0,0.6568229329069054
693,GAM,0.139,2663.0,0.6568229329069054
1821,GAM,0.139,2663.0,0.6568229329069054
1906,GAM,0.139,2663.0,0.6568229329069054
154,GAM,0.138,2669.0,0.6520975880658485
579,GAM,0.138,2669.0,0.6520975880658485
2304,GAM,0.138,2669.0,0.6520975880658485
1287,GAM,0.137,2672.0,0.6473722432247916
631,GAM,0.136,2673.0,0.6426468983837348
1595,GAM,0.136,2673.0,0.6426468983837348
2536,GAM,0.136,2673.0,0.6426468983837348
1465,GAM,0.135,2676.0,0.6379215535426779
67,GAM,0.134,2677.0,0.633196208701621
243,GAM,0.134,2677.0,0.633196208701621
1104,GAM,0.134,2677.0,0.633196208701621
1527,GAM,0.134,2677.0,0.633196208701621
1750,GAM,0.134,2677.0,0.633196208701621
121,GAM,0.133,2682.0,0.6284708638605642
2429,GAM,0.133,2682.0,0.6284708638605642
2560,GAM,0.133,2682.0,0.6284708638605642
2653,GAM,0.133,2682.0,0.6284708638605642
868,GAM,0.132,2686.0,0.6237455190195073
1064,GAM,0.132,2686.0,0.6237455190195073
1398,GAM,0.132,2686.0,0.6237455190195073
2165,GAM,0.132,2686.0,0.6237455190195073
158,GAM,0.131,2690.0,0.6190201741784503
993,GAM,0.131,2690.0,0.6190201741784503
1578,GAM,0.131,2690.0,0.6190201741784503
2345,GAM,0.131,2690.0,0.6190201741784503
144,GAM,0.13,2694.0,0.6142948293373934
652,GAM,0.13,2694.0,0.6142948293373934
1247,GAM,0.13,2694.0,0.6142948293373934
1713,GAM,0.13,2694.0,0.6142948293373934
1727,GAM,0.13,2694.0,0.6142948293373934
1915,GAM,0.13,2694.0,0.6142948293373934
313,GAM,0.129,2700.0,0.6095694844963366
515,GAM,0.129,2700.0,0.6095694844963366
595,GAM,0.129,2700.0,0.6095694844963366
939,GAM,0.129,2700.0,0.6095694844963366
2664,GAM,0.129,2700.0,0.6095694844963366
28,GAM,0.127,2705.0,0.6001187948142228
1619,GAM,0.127,2705.0,0.6001187948142228
291,GAM,0.126,2707.0,0.595393449973166
720,GAM,0.126,2707.0,0.595393449973166
894,GAM,0.126,2707.0,0.595393449973166
1245,GAM,0.126,2707.0,0.595393449973166
1379,GAM,0.126,2707.0,0.595393449973166
1410,GAM,0.126,2707.0,0.595393449973166
2477,GAM,0.126,2707.0,0.595393449973166
1159,GAM,0.125,2714.0,0.5906681051321091
1198,GAM,0.125,2714.0,0.5906681051321091
1348,GAM,0.125,2714.0,0.5906681051321091
627,GAM,0.124,2717.0,0.5859427602910522
723,GAM,0.123,2718.0,0.5812174154499954
1249,GAM,0.123,2718.0,0.5812174154499954
1429,GAM,0.123,2718.0,0.5812174154499954
1916,GAM,0.123,2718.0,0.5812174154499954
2121,GAM,0.123,2718.0,0.5812174154499954
2134,GAM,0.123,2718.0,0.5812174154499954
2520,GAM,0.123,2718.0,0.5812174154499954
2671,GAM,0.122,2725.0,0.5764920706089385
2772,GAM,0.122,2725.0,0.5764920706089385
614,GAM,0.121,2727.0,0.5717667257678816
2738,GAM,0.121,2727.0,0.5717667257678816
1324,GAM,0.12,2729.0,0.5670413809268248
1823,GAM,0.119,2730.0,0.5623160360857679
2500,GAM,0.119,2730.0,0.5623160360857679
2604,GAM,0.119,2730.0,0.5623160360857679
285,GAM,0.118,2733.0,0.557590691244711
1077,GAM,0.118,2733.0,0.557590691244711
229,GAM,0.117,2735.0,0.5528653464036541
504,GAM,0.117,2735.0,0.5528653464036541
72,GAM,0.116,2737.0,0.5481400015625972
290,GAM,0.116,2737.0,0.5481400015625972
317,GAM,0.116,2737.0,0.5481400015625972
791,GAM,0.116,2737.0,0.5481400015625972
2297,GAM,0.116,2737.0,0.5481400015625972
1810,GAM,0.114,2742.0,0.5386893118804835
1902,GAM,0.114,2742.0,0.5386893118804835
361,GAM,0.113,2744.0,0.5339639670394266
1479,GAM,0.113,2744.0,0.5339639670394266
2768,GAM,0.112,2746.0,0.5292386221983698
383,GAM,0.111,2747.0,0.5245132773573129
1016,GAM,0.111,2747.0,0.5245132773573129
2340,GAM,0.111,2747.0,0.5245132773573129
2423,GAM,0.111,2747.0,0.5245132773573129
2685,GAM,0.111,2747.0,0.5245132773573129
181,GAM,0.11,2752.0,0.519787932516256
726,GAM,0.11,2752.0,0.519787932516256
2413,GAM,0.11,2752.0,0.519787932516256
472,GAM,0.107,2755.0,0.5056118979930854
884,GAM,0.107,2755.0,0.5056118979930854
1917,GAM,0.107,2755.0,0.5056118979930854
2663,GAM,0.107,2755.0,0.5056118979930854
322,GAM,0.106,2759.0,0.5008865531520285
1197,GAM,0.104,2760.0,0.49143586346991475
2320,GAM,0.104,2760.0,0.49143586346991475
758,GAM,0.103,2762.0,0.4867105186288579
54,GAM,0.101,2763.0,0.4772598289467442
1859,GAM,0.101,2763.0,0.4772598289467442
2198,GAM,0.101,2763.0,0.4772598289467442
928,GAM,0.099,2766.0,0.4678091392646304
1322,GAM,0.097,2767.0,0.45835844958251665
802,GAM,0.094,2768.0,0.444182415059346
921,GAM,0.094,2768.0,0.444182415059346
218,GAM,0.093,2770.0,0.43945707021828917
948,GAM,0.092,2771.0,0.4347317253772323
2064,GAM,0.092,2771.0,0.4347317253772323
1116,GAM,0.091,2773.0,0.4300063805361754
1310,GAM,0.091,2773.0,0.4300063805361754
1642,GAM,0.091,2773.0,0.4300063805361754
520,GAM,0.089,2776.0,0.42055569085406164
434,GAM,0.087,2777.0,0.4111050011719479
663,GAM,0.077,2778.0,0.3638515527613792
1255,RF,1.713,1.0,7.038547453161508
2266,RF,1.66,2.0,6.820775698918915
979,RF,1.652,3.0,6.787904490731354
1647,RF,1.652,3.0,6.787904490731354
220,RF,1.637,5.0,6.726270975379678
2583,RF,1.633,6.0,6.709835371285897
2029,RF,1.626,7.0,6.68107306412178
2052,RF,1.542,8.0,6.335925378152391
1080,RF,1.526,9.0,6.270182961777269
1437,RF,1.502,10.0,6.171569337214585
570,RF,1.487,11.0,6.1099358218629085
351,RF,1.464,12.0,6.01543109832367
1692,RF,1.44,13.0,5.916817473760987
1931,RF,1.44,13.0,5.916817473760987
1020,RF,1.395,15.0,5.7319169277059565
904,RF,1.391,16.0,5.715481323612176
1597,RF,1.365,17.0,5.608649897002603
1090,RF,1.364,18.0,5.604540995979158
2023,RF,1.348,19.0,5.538798579604036
2673,RF,1.338,20.0,5.497709569369584
1475,RF,1.334,21.0,5.481273965275803
1439,RF,1.333,22.0,5.477165064252358
527,RF,1.316,23.0,5.4073137468537915
2177,RF,1.316,23.0,5.4073137468537915
292,RF,1.315,25.0,5.403204845830346
996,RF,1.305,26.0,5.362115835595894
117,RF,1.3,27.0,5.341571330478669
129,RF,1.284,28.0,5.275828914103547
2284,RF,1.271,29.0,5.222413200798759
1105,RF,1.252,30.0,5.144344081353303
2290,RF,1.251,31.0,5.140235180329857
2609,RF,1.246,32.0,5.119690675212632
1824,RF,1.235,33.0,5.074492763954736
923,RF,1.233,34.0,5.066274961907846
951,RF,1.233,34.0,5.066274961907846
959,RF,1.231,36.0,5.058057159860955
2648,RF,1.228,37.0,5.045730456790619
878,RF,1.185,38.0,4.869047712782479
1129,RF,1.183,39.0,4.860829910735589
1748,RF,1.178,40.0,4.840285405618363
2084,RF,1.177,41.0,4.836176504594918
476,RF,1.162,42.0,4.7745429892432405
2501,RF,1.154,43.0,4.74167178105568
1025,RF,1.152,44.0,4.7334539790087895
377,RF,1.149,45.0,4.721127275938454
2404,RF,1.148,46.0,4.717018374915009
93,RF,1.142,47.0,4.692364968774338
2305,RF,1.135,48.0,4.663602661610223
1954,RF,1.133,49.0,4.655384859563332
1345,RF,1.131,50.0,4.647167057516442
1530,RF,1.131,50.0,4.647167057516442
358,RF,1.13,52.0,4.643058156492996
561,RF,1.127,53.0,4.630731453422661
429,RF,1.122,54.0,4.6101869483054365
2110,RF,1.116,55.0,4.585533542164765
970,RF,1.114,56.0,4.577315740117875
244,RF,1.105,57.0,4.540335630906869
1250,RF,1.103,58.0,4.532117828859978
836,RF,1.097,59.0,4.507464422719307
193,RF,1.082,60.0,4.445830907367631
968,RF,1.082,60.0,4.445830907367631
2010,RF,1.079,62.0,4.433504204297295
1754,RF,1.069,63.0,4.392415194062844
1419,RF,1.066,64.0,4.380088490992509
1837,RF,1.065,65.0,4.375979589969063
732,RF,1.064,66.0,4.371870688945618
1909,RF,1.061,67.0,4.359543985875282
294,RF,1.055,68.0,4.334890579734612
2705,RF,1.055,68.0,4.334890579734612
1488,RF,1.044,70.0,4.289692668476715
539,RF,1.029,71.0,4.228059153125038
2689,RF,1.029,71.0,4.228059153125038
797,RF,1.027,73.0,4.219841351078148
2456,RF,1.023,74.0,4.203405746984368
262,RF,1.021,75.0,4.195187944937477
1559,RF,1.021,75.0,4.195187944937477
2212,RF,1.016,77.0,4.174643439820252
1165,RF,1.012,78.0,4.158207835726471
1549,RF,1.012,78.0,4.158207835726471
2542,RF,1.011,80.0,4.1540989347030255
2659,RF,1.011,80.0,4.1540989347030255
1118,RF,1.01,82.0,4.149990033679582
729,RF,1.008,83.0,4.141772231632691
900,RF,1.008,83.0,4.141772231632691
2544,RF,1.008,83.0,4.141772231632691
601,RF,1.004,86.0,4.1253366275389105
2578,RF,1.004,86.0,4.1253366275389105
1910,RF,0.999,88.0,4.104792122421685
2037,RF,0.993,89.0,4.080138716281014
1252,RF,0.99,90.0,4.067812013210679
2183,RF,0.99,90.0,4.067812013210679
2538,RF,0.989,92.0,4.063703112187233
2552,RF,0.989,92.0,4.063703112187233
1825,RF,0.988,94.0,4.059594211163788
2319,RF,0.984,95.0,4.043158607070008
2089,RF,0.979,96.0,4.022614101952782
1453,RF,0.978,97.0,4.018505200929337
323,RF,0.977,98.0,4.014396299905892
2159,RF,0.975,99.0,4.006178497859001
485,RF,0.973,100.0,3.9979606958121114
132,RF,0.972,101.0,3.9938517947886663
1369,RF,0.971,102.0,3.989742893765221
650,RF,0.97,103.0,3.985633992741776
1538,RF,0.97,103.0,3.985633992741776
484,RF,0.969,105.0,3.9815250917183307
695,RF,0.967,106.0,3.9733072896714403
2170,RF,0.966,107.0,3.969198388647995
664,RF,0.963,108.0,3.95687168557766
1948,RF,0.961,109.0,3.9486538835307696
2741,RF,0.961,109.0,3.9486538835307696
44,RF,0.96,111.0,3.9445449825073244
991,RF,0.959,112.0,3.9404360814838792
965,RF,0.958,113.0,3.936327180460434
1814,RF,0.958,113.0,3.936327180460434
1271,RF,0.957,115.0,3.9322182794369893
1355,RF,0.957,115.0,3.9322182794369893
2469,RF,0.957,115.0,3.9322182794369893
1661,RF,0.952,118.0,3.9116737743197634
2505,RF,0.95,119.0,3.903455972272873
2599,RF,0.949,120.0,3.8993470712494283
2600,RF,0.949,120.0,3.8993470712494283
1312,RF,0.946,122.0,3.8870203681790927
1678,RF,0.943,123.0,3.874693665108757
1828,RF,0.943,123.0,3.874693665108757
879,RF,0.942,125.0,3.870584764085312
1779,RF,0.942,125.0,3.870584764085312
1459,RF,0.94,127.0,3.862366962038422
1640,RF,0.935,128.0,3.8418224569211965
569,RF,0.934,129.0,3.8377135558977513
170,RF,0.933,130.0,3.8336046548743066
1220,RF,0.933,130.0,3.8336046548743066
405,RF,0.928,132.0,3.8130601497570806
825,RF,0.928,132.0,3.8130601497570806
2161,RF,0.928,132.0,3.8130601497570806
35,RF,0.926,135.0,3.8048423477101903
775,RF,0.923,136.0,3.792515644639855
2130,RF,0.923,136.0,3.792515644639855
187,RF,0.921,138.0,3.7842978425929648
2633,RF,0.92,139.0,3.7801889415695196
1539,RF,0.919,140.0,3.7760800405460744
608,RF,0.917,141.0,3.7678622384991844
599,RF,0.915,142.0,3.759644436452294
486,RF,0.914,143.0,3.755535535428849
955,RF,0.913,144.0,3.7514266344054037
1140,RF,0.913,144.0,3.7514266344054037
586,RF,0.907,146.0,3.726773228264733
843,RF,0.907,146.0,3.726773228264733
2076,RF,0.907,146.0,3.726773228264733
2224,RF,0.907,146.0,3.726773228264733
1026,RF,0.906,150.0,3.722664327241288
2255,RF,0.902,151.0,3.706228723147507
1623,RF,0.901,152.0,3.7021198221240623
59,RF,0.9,153.0,3.698010921100617
1291,RF,0.899,154.0,3.693902020077172
2225,RF,0.899,154.0,3.693902020077172
2152,RF,0.895,156.0,3.677466415983391
2509,RF,0.895,156.0,3.677466415983391
2436,RF,0.893,158.0,3.6692486139365013
1945,RF,0.891,159.0,3.661030811889611
2026,RF,0.891,159.0,3.661030811889611
2054,RF,0.885,161.0,3.63637740574894
1856,RF,0.884,162.0,3.632268504725495
1502,RF,0.878,163.0,3.607615098584824
2703,RF,0.877,164.0,3.603506197561379
51,RF,0.875,165.0,3.5952883955144888
75,RF,0.875,165.0,3.5952883955144888
557,RF,0.875,165.0,3.5952883955144888
1858,RF,0.872,168.0,3.582961692444153
2106,RF,0.871,169.0,3.578852791420708
2630,RF,0.871,169.0,3.578852791420708
69,RF,0.867,171.0,3.5624171873269277
1639,RF,0.867,171.0,3.5624171873269277
1922,RF,0.867,171.0,3.5624171873269277
1033,RF,0.865,174.0,3.5541993852800373
748,RF,0.864,175.0,3.550090484256592
2275,RF,0.864,175.0,3.550090484256592
2607,RF,0.863,177.0,3.545981583233147
753,RF,0.862,178.0,3.5418726822097018
2164,RF,0.862,178.0,3.5418726822097018
2309,RF,0.862,178.0,3.5418726822097018
387,RF,0.861,181.0,3.5377637811862566
1048,RF,0.861,181.0,3.5377637811862566
538,RF,0.86,183.0,3.533654880162812
2145,RF,0.86,183.0,3.533654880162812
214,RF,0.857,185.0,3.5213281770924763
2742,RF,0.854,186.0,3.5090014740221407
2092,RF,0.853,187.0,3.5048925729986955
1689,RF,0.85,188.0,3.4925658699283604
552,RF,0.849,189.0,3.488456968904915
1436,RF,0.849,189.0,3.488456968904915
1798,RF,0.848,191.0,3.48434806788147
529,RF,0.847,192.0,3.480239166858025
2261,RF,0.847,192.0,3.480239166858025
761,RF,0.846,194.0,3.4761302658345796
874,RF,0.845,195.0,3.4720213648111344
2515,RF,0.844,196.0,3.4679124637876897
885,RF,0.84,197.0,3.451476859693909
496,RF,0.837,198.0,3.4391501566235734
1960,RF,0.837,198.0,3.4391501566235734
149,RF,0.835,200.0,3.4309323545766834
188,RF,0.835,200.0,3.4309323545766834
1756,RF,0.835,200.0,3.4309323545766834
2517,RF,0.835,200.0,3.4309323545766834
1305,RF,0.834,204.0,3.4268234535532383
2047,RF,0.834,204.0,3.4268234535532383
287,RF,0.833,206.0,3.422714552529793
1919,RF,0.829,207.0,3.4062789484360123
2644,RF,0.828,208.0,3.4021700474125676
53,RF,0.827,209.0,3.3980611463891224
850,RF,0.826,210.0,3.393952245365677
320,RF,0.824,211.0,3.385734443318787
2238,RF,0.822,212.0,3.3775166412718964
2389,RF,0.822,212.0,3.3775166412718964
1764,RF,0.821,214.0,3.3734077402484512
2287,RF,0.819,215.0,3.3651899382015613
2576,RF,0.819,215.0,3.3651899382015613
38,RF,0.816,217.0,3.3528632351312257
1841,RF,0.816,217.0,3.3528632351312257
2731,RF,0.816,217.0,3.3528632351312257
1233,RF,0.812,220.0,3.336427631037446
818,RF,0.811,221.0,3.3323187300140007
82,RF,0.81,222.0,3.3282098289905555
2770,RF,0.81,222.0,3.3282098289905555
130,RF,0.808,224.0,3.319992026943665
2434,RF,0.808,224.0,3.319992026943665
740,RF,0.807,226.0,3.31588312592022
1158,RF,0.804,227.0,3.303556422849885
1190,RF,0.804,227.0,3.303556422849885
402,RF,0.803,229.0,3.2994475218264396
964,RF,0.802,230.0,3.2953386208029944
2347,RF,0.8,231.0,3.287120818756104
2411,RF,0.799,232.0,3.283011917732659
774,RF,0.798,233.0,3.2789030167092137
997,RF,0.798,233.0,3.2789030167092137
2567,RF,0.798,233.0,3.2789030167092137
2736,RF,0.797,236.0,3.2747941156857685
925,RF,0.795,237.0,3.2665763136388786
816,RF,0.794,238.0,3.2624674126154334
2584,RF,0.794,238.0,3.2624674126154334
1493,RF,0.793,240.0,3.258358511591988
1879,RF,0.792,241.0,3.254249610568543
2227,RF,0.791,242.0,3.250140709545098
2422,RF,0.79,243.0,3.2460318085216526
1356,RF,0.789,244.0,3.2419229074982074
1716,RF,0.788,245.0,3.2378140064747627
2281,RF,0.786,246.0,3.2295962044278723
411,RF,0.785,247.0,3.225487303404427
1243,RF,0.785,247.0,3.225487303404427
474,RF,0.784,249.0,3.221378402380982
2394,RF,0.784,249.0,3.221378402380982
52,RF,0.783,251.0,3.2172695013575368
2401,RF,0.782,252.0,3.2131606003340916
891,RF,0.781,253.0,3.2090516993106464
1693,RF,0.78,254.0,3.2049427982872016
1114,RF,0.779,255.0,3.2008338972637564
32,RF,0.778,256.0,3.1967249962403113
958,RF,0.778,256.0,3.1967249962403113
1847,RF,0.777,258.0,3.192616095216866
318,RF,0.775,259.0,3.1843982931699757
1044,RF,0.775,259.0,3.1843982931699757
1107,RF,0.774,261.0,3.1802893921465305
2419,RF,0.774,261.0,3.1802893921465305
623,RF,0.771,263.0,3.1679626890761954
1018,RF,0.771,263.0,3.1679626890761954
1670,RF,0.771,263.0,3.1679626890761954
210,RF,0.77,266.0,3.16385378805275
1644,RF,0.77,266.0,3.16385378805275
2704,RF,0.77,266.0,3.16385378805275
1122,RF,0.769,269.0,3.159744887029305
2525,RF,0.769,269.0,3.159744887029305
39,RF,0.768,271.0,3.15563598600586
776,RF,0.768,271.0,3.15563598600586
1608,RF,0.768,271.0,3.15563598600586
2073,RF,0.768,271.0,3.15563598600586
2200,RF,0.768,271.0,3.15563598600586
286,RF,0.767,276.0,3.1515270849824146
1815,RF,0.767,276.0,3.1515270849824146
264,RF,0.766,278.0,3.1474181839589694
1980,RF,0.766,278.0,3.1474181839589694
2680,RF,0.766,278.0,3.1474181839589694
131,RF,0.764,281.0,3.139200381912079
1711,RF,0.764,281.0,3.139200381912079
668,RF,0.763,283.0,3.1350914808886343
312,RF,0.761,284.0,3.126873678841744
2273,RF,0.76,285.0,3.1227647778182988
293,RF,0.759,286.0,3.1186558767948536
325,RF,0.759,286.0,3.1186558767948536
656,RF,0.759,286.0,3.1186558767948536
1096,RF,0.759,286.0,3.1186558767948536
1672,RF,0.759,286.0,3.1186558767948536
2213,RF,0.758,291.0,3.1145469757714084
2260,RF,0.757,292.0,3.110438074747963
2315,RF,0.756,293.0,3.106329173724518
1686,RF,0.752,294.0,3.0898935696307377
1979,RF,0.752,294.0,3.0898935696307377
1648,RF,0.751,296.0,3.0857846686072925
2733,RF,0.751,296.0,3.0857846686072925
1427,RF,0.75,298.0,3.0816757675838473
2566,RF,0.75,298.0,3.0816757675838473
389,RF,0.749,300.0,3.077566866560402
518,RF,0.749,300.0,3.077566866560402
1637,RF,0.749,300.0,3.077566866560402
2339,RF,0.749,300.0,3.077566866560402
2063,RF,0.748,304.0,3.073457965536957
2719,RF,0.748,304.0,3.073457965536957
2393,RF,0.747,306.0,3.069349064513512
2776,RF,0.747,306.0,3.069349064513512
546,RF,0.746,308.0,3.065240163490067
1361,RF,0.746,308.0,3.065240163490067
1739,RF,0.746,308.0,3.065240163490067
2610,RF,0.746,308.0,3.065240163490067
516,RF,0.745,312.0,3.061131262466622
1019,RF,0.745,312.0,3.061131262466622
1791,RF,0.745,312.0,3.061131262466622
1905,RF,0.745,312.0,3.061131262466622
630,RF,0.744,316.0,3.0570223614431766
2475,RF,0.744,316.0,3.0570223614431766
998,RF,0.743,318.0,3.0529134604197314
2774,RF,0.743,318.0,3.0529134604197314
1031,RF,0.742,320.0,3.0488045593962863
122,RF,0.741,321.0,3.044695658372841
86,RF,0.74,322.0,3.040586757349396
1296,RF,0.74,322.0,3.040586757349396
1212,RF,0.738,324.0,3.032368955302506
2351,RF,0.738,324.0,3.032368955302506
2486,RF,0.738,324.0,3.032368955302506
12,RF,0.737,327.0,3.0282600542790608
700,RF,0.737,327.0,3.0282600542790608
823,RF,0.737,327.0,3.0282600542790608
861,RF,0.737,327.0,3.0282600542790608
995,RF,0.737,327.0,3.0282600542790608
74,RF,0.734,332.0,3.015933351208725
424,RF,0.734,332.0,3.015933351208725
2249,RF,0.734,332.0,3.015933351208725
11,RF,0.733,335.0,3.01182445018528
1572,RF,0.733,335.0,3.01182445018528
1778,RF,0.733,335.0,3.01182445018528
2117,RF,0.733,335.0,3.01182445018528
211,RF,0.732,339.0,3.007715549161835
1277,RF,0.731,340.0,3.00360664813839
1523,RF,0.731,340.0,3.00360664813839
2418,RF,0.731,340.0,3.00360664813839
1382,RF,0.73,343.0,2.999497747114945
2122,RF,0.73,343.0,2.999497747114945
259,RF,0.729,345.0,2.9953888460914997
1264,RF,0.727,346.0,2.9871710440446093
2511,RF,0.727,346.0,2.9871710440446093
2541,RF,0.727,346.0,2.9871710440446093
960,RF,0.726,349.0,2.983062143021164
1106,RF,0.726,349.0,2.983062143021164
2179,RF,0.726,349.0,2.983062143021164
2204,RF,0.726,349.0,2.983062143021164
2432,RF,0.725,353.0,2.978953241997719
749,RF,0.723,354.0,2.970735439950829
2080,RF,0.723,354.0,2.970735439950829
110,RF,0.721,356.0,2.9625176379039386
769,RF,0.721,356.0,2.9625176379039386
230,RF,0.72,358.0,2.9584087368804934
463,RF,0.72,358.0,2.9584087368804934
672,RF,0.719,360.0,2.9542998358570483
1062,RF,0.719,360.0,2.9542998358570483
2038,RF,0.719,360.0,2.9542998358570483
917,RF,0.718,363.0,2.950190934833603
2391,RF,0.718,363.0,2.950190934833603
2444,RF,0.718,363.0,2.950190934833603
696,RF,0.717,366.0,2.946082033810158
1166,RF,0.715,367.0,2.937864231763268
1010,RF,0.714,368.0,2.9337553307398228
1349,RF,0.714,368.0,2.9337553307398228
2372,RF,0.714,368.0,2.9337553307398228
944,RF,0.712,371.0,2.9255375286929324
1258,RF,0.712,371.0,2.9255375286929324
981,RF,0.711,373.0,2.921428627669487
1518,RF,0.709,374.0,2.913210825622597
1484,RF,0.708,375.0,2.9091019245991516
2103,RF,0.707,376.0,2.904993023575707
837,RF,0.706,377.0,2.9008841225522617
1565,RF,0.706,377.0,2.9008841225522617
2585,RF,0.706,377.0,2.9008841225522617
1184,RF,0.704,380.0,2.8926663205053713
1320,RF,0.704,380.0,2.8926663205053713
410,RF,0.702,382.0,2.884448518458481
528,RF,0.702,382.0,2.884448518458481
2344,RF,0.702,382.0,2.884448518458481
1688,RF,0.701,385.0,2.8803396174350357
310,RF,0.699,386.0,2.872121815388146
635,RF,0.699,386.0,2.872121815388146
1499,RF,0.699,386.0,2.872121815388146
10,RF,0.698,389.0,2.8680129143647006
2022,RF,0.698,389.0,2.8680129143647006
581,RF,0.696,391.0,2.8597951123178103
922,RF,0.696,391.0,2.8597951123178103
1221,RF,0.696,391.0,2.8597951123178103
1914,RF,0.695,394.0,2.855686211294365
2295,RF,0.695,394.0,2.855686211294365
162,RF,0.694,396.0,2.85157731027092
266,RF,0.694,396.0,2.85157731027092
814,RF,0.694,396.0,2.85157731027092
1690,RF,0.694,396.0,2.85157731027092
457,RF,0.693,400.0,2.8474684092474747
1011,RF,0.692,401.0,2.8433595082240295
1747,RF,0.692,401.0,2.8433595082240295
265,RF,0.691,403.0,2.8392506072005848
403,RF,0.691,403.0,2.8392506072005848
302,RF,0.69,405.0,2.8351417061771396
1017,RF,0.69,405.0,2.8351417061771396
2441,RF,0.69,405.0,2.8351417061771396
371,RF,0.689,408.0,2.8310328051536944
250,RF,0.688,409.0,2.826923904130249
212,RF,0.687,410.0,2.8228150031068044
587,RF,0.687,410.0,2.8228150031068044
1568,RF,0.687,410.0,2.8228150031068044
2657,RF,0.687,410.0,2.8228150031068044
192,RF,0.686,414.0,2.8187061020833593
596,RF,0.686,414.0,2.8187061020833593
2506,RF,0.686,414.0,2.8187061020833593
482,RF,0.685,417.0,2.814597201059914
2232,RF,0.685,417.0,2.814597201059914
2175,RF,0.684,419.0,2.810488300036469
2373,RF,0.683,420.0,2.806379399013024
420,RF,0.682,421.0,2.802270497989579
1604,RF,0.682,421.0,2.802270497989579
1526,RF,0.68,423.0,2.7940526959426886
2368,RF,0.68,423.0,2.7940526959426886
300,RF,0.679,425.0,2.7899437949192434
913,RF,0.679,425.0,2.7899437949192434
1524,RF,0.679,425.0,2.7899437949192434
2612,RF,0.679,425.0,2.7899437949192434
567,RF,0.678,429.0,2.785834893895798
1443,RF,0.678,429.0,2.785834893895798
2464,RF,0.678,429.0,2.785834893895798
303,RF,0.677,432.0,2.781725992872353
2104,RF,0.677,432.0,2.781725992872353
1263,RF,0.676,434.0,2.777617091848908
2727,RF,0.676,434.0,2.777617091848908
431,RF,0.675,436.0,2.773508190825463
1354,RF,0.674,437.0,2.769399289802018
280,RF,0.673,438.0,2.7652903887785727
654,RF,0.673,438.0,2.7652903887785727
2622,RF,0.671,440.0,2.7570725867316823
151,RF,0.67,441.0,2.752963685708237
1270,RF,0.67,441.0,2.752963685708237
1304,RF,0.67,441.0,2.752963685708237
1500,RF,0.67,441.0,2.752963685708237
2004,RF,0.67,441.0,2.752963685708237
194,RF,0.669,446.0,2.748854784684792
940,RF,0.669,446.0,2.748854784684792
2723,RF,0.669,446.0,2.748854784684792
933,RF,0.668,449.0,2.7447458836613468
1930,RF,0.666,450.0,2.736528081614457
334,RF,0.665,451.0,2.7324191805910116
408,RF,0.665,451.0,2.7324191805910116
1625,RF,0.665,451.0,2.7324191805910116
2495,RF,0.665,451.0,2.7324191805910116
373,RF,0.664,455.0,2.7283102795675664
2163,RF,0.664,455.0,2.7283102795675664
15,RF,0.663,457.0,2.7242013785441213
104,RF,0.663,457.0,2.7242013785441213
1286,RF,0.663,457.0,2.7242013785441213
1873,RF,0.663,457.0,2.7242013785441213
2766,RF,0.663,457.0,2.7242013785441213
2199,RF,0.662,462.0,2.720092477520676
657,RF,0.661,463.0,2.715983576497231
2724,RF,0.661,463.0,2.715983576497231
84,RF,0.66,465.0,2.7118746754737857
442,RF,0.66,465.0,2.7118746754737857
1199,RF,0.66,465.0,2.7118746754737857
1935,RF,0.66,465.0,2.7118746754737857
2220,RF,0.659,469.0,2.7077657744503405
316,RF,0.658,470.0,2.7036568734268958
1491,RF,0.658,470.0,2.7036568734268958
1601,RF,0.658,470.0,2.7036568734268958
2251,RF,0.658,470.0,2.7036568734268958
2684,RF,0.658,470.0,2.7036568734268958
455,RF,0.657,475.0,2.6995479724034506
1872,RF,0.657,475.0,2.6995479724034506
927,RF,0.656,477.0,2.6954390713800054
45,RF,0.655,478.0,2.69133017035656
1408,RF,0.655,478.0,2.69133017035656
506,RF,0.653,480.0,2.68311236830967
697,RF,0.653,480.0,2.68311236830967
1674,RF,0.652,482.0,2.6790034672862246
2380,RF,0.652,482.0,2.6790034672862246
1321,RF,0.651,484.0,2.6748945662627794
832,RF,0.65,485.0,2.6707856652393347
1652,RF,0.65,485.0,2.6707856652393347
2034,RF,0.65,485.0,2.6707856652393347
1302,RF,0.649,488.0,2.6666767642158895
2359,RF,0.649,488.0,2.6666767642158895
7,RF,0.648,490.0,2.6625678631924443
414,RF,0.648,490.0,2.6625678631924443
606,RF,0.648,490.0,2.6625678631924443
1112,RF,0.648,490.0,2.6625678631924443
141,RF,0.647,494.0,2.658458962168999
1890,RF,0.647,494.0,2.658458962168999
897,RF,0.646,496.0,2.654350061145554
2453,RF,0.646,496.0,2.654350061145554
1189,RF,0.645,498.0,2.6502411601221088
2085,RF,0.644,499.0,2.6461322590986636
1192,RF,0.643,500.0,2.6420233580752184
364,RF,0.642,501.0,2.6379144570517736
735,RF,0.642,501.0,2.6379144570517736
755,RF,0.642,501.0,2.6379144570517736
1412,RF,0.642,501.0,2.6379144570517736
1656,RF,0.642,501.0,2.6379144570517736
2490,RF,0.642,501.0,2.6379144570517736
2672,RF,0.641,507.0,2.6338055560283284
507,RF,0.64,508.0,2.6296966550048833
350,RF,0.639,509.0,2.625587753981438
1682,RF,0.639,509.0,2.625587753981438
708,RF,0.638,511.0,2.621478852957993
1438,RF,0.638,511.0,2.621478852957993
1863,RF,0.638,511.0,2.621478852957993
547,RF,0.637,514.0,2.6173699519345477
730,RF,0.637,514.0,2.6173699519345477
821,RF,0.637,514.0,2.6173699519345477
1513,RF,0.637,514.0,2.6173699519345477
2168,RF,0.637,514.0,2.6173699519345477
2361,RF,0.637,514.0,2.6173699519345477
722,RF,0.635,520.0,2.6091521498876573
961,RF,0.635,520.0,2.6091521498876573
1989,RF,0.635,520.0,2.6091521498876573
1411,RF,0.633,523.0,2.6009343478407674
1510,RF,0.633,523.0,2.6009343478407674
2300,RF,0.633,523.0,2.6009343478407674
1244,RF,0.632,526.0,2.596825446817322
1544,RF,0.632,526.0,2.596825446817322
2356,RF,0.632,526.0,2.596825446817322
2717,RF,0.632,526.0,2.596825446817322
282,RF,0.63,530.0,2.588607644770432
1955,RF,0.63,530.0,2.588607644770432
2323,RF,0.63,530.0,2.588607644770432
409,RF,0.629,533.0,2.5844987437469866
1240,RF,0.629,533.0,2.5844987437469866
2334,RF,0.629,533.0,2.5844987437469866
314,RF,0.628,536.0,2.5803898427235414
1226,RF,0.628,536.0,2.5803898427235414
1669,RF,0.628,536.0,2.5803898427235414
2246,RF,0.628,536.0,2.5803898427235414
2608,RF,0.628,536.0,2.5803898427235414
99,RF,0.627,541.0,2.5762809417000962
1473,RF,0.627,541.0,2.5762809417000962
2442,RF,0.627,541.0,2.5762809417000962
2250,RF,0.626,544.0,2.5721720406766515
2252,RF,0.626,544.0,2.5721720406766515
2656,RF,0.626,544.0,2.5721720406766515
308,RF,0.625,547.0,2.5680631396532063
2114,RF,0.625,547.0,2.5680631396532063
2634,RF,0.625,547.0,2.5680631396532063
101,RF,0.624,550.0,2.563954238629761
845,RF,0.624,550.0,2.563954238629761
1171,RF,0.624,550.0,2.563954238629761
2450,RF,0.624,550.0,2.563954238629761
782,RF,0.623,554.0,2.559845337606316
2067,RF,0.623,554.0,2.559845337606316
2338,RF,0.623,554.0,2.559845337606316
988,RF,0.622,557.0,2.5557364365828708
1943,RF,0.622,557.0,2.5557364365828708
562,RF,0.62,559.0,2.5475186345359804
1480,RF,0.62,559.0,2.5475186345359804
1811,RF,0.62,559.0,2.5475186345359804
1819,RF,0.62,559.0,2.5475186345359804
2529,RF,0.619,563.0,2.543409733512535
2667,RF,0.619,563.0,2.543409733512535
844,RF,0.618,565.0,2.5393008324890904
876,RF,0.618,565.0,2.5393008324890904
2157,RF,0.618,565.0,2.5393008324890904
566,RF,0.617,568.0,2.5351919314656453
877,RF,0.617,568.0,2.5351919314656453
1146,RF,0.617,568.0,2.5351919314656453
1337,RF,0.617,568.0,2.5351919314656453
1385,RF,0.617,568.0,2.5351919314656453
2403,RF,0.617,568.0,2.5351919314656453
260,RF,0.616,574.0,2.5310830304422
348,RF,0.616,574.0,2.5310830304422
2756,RF,0.616,574.0,2.5310830304422
976,RF,0.615,577.0,2.526974129418755
1388,RF,0.615,577.0,2.526974129418755
2242,RF,0.615,577.0,2.526974129418755
935,RF,0.614,580.0,2.5228652283953097
1585,RF,0.614,580.0,2.5228652283953097
1609,RF,0.614,580.0,2.5228652283953097
1772,RF,0.614,580.0,2.5228652283953097
2759,RF,0.614,580.0,2.5228652283953097
1746,RF,0.613,585.0,2.5187563273718645
1939,RF,0.612,586.0,2.5146474263484193
2439,RF,0.612,586.0,2.5146474263484193
905,RF,0.611,588.0,2.510538525324974
1172,RF,0.611,588.0,2.510538525324974
324,RF,0.61,590.0,2.5064296243015294
335,RF,0.61,590.0,2.5064296243015294
427,RF,0.61,590.0,2.5064296243015294
745,RF,0.61,590.0,2.5064296243015294
333,RF,0.608,594.0,2.498211822254639
1040,RF,0.608,594.0,2.498211822254639
1472,RF,0.608,594.0,2.498211822254639
2241,RF,0.608,594.0,2.498211822254639
481,RF,0.607,598.0,2.494102921231194
863,RF,0.607,598.0,2.494102921231194
865,RF,0.607,598.0,2.494102921231194
1167,RF,0.607,598.0,2.494102921231194
1995,RF,0.607,598.0,2.494102921231194
2293,RF,0.607,598.0,2.494102921231194
898,RF,0.606,604.0,2.4899940202077486
2466,RF,0.606,604.0,2.4899940202077486
1155,RF,0.605,606.0,2.4858851191843034
26,RF,0.604,607.0,2.4817762181608582
164,RF,0.604,607.0,2.4817762181608582
444,RF,0.604,607.0,2.4817762181608582
1281,RF,0.604,607.0,2.4817762181608582
199,RF,0.603,611.0,2.477667317137413
1081,RF,0.602,612.0,2.4735584161139683
55,RF,0.601,613.0,2.469449515090523
196,RF,0.601,613.0,2.469449515090523
851,RF,0.601,613.0,2.469449515090523
1185,RF,0.601,613.0,2.469449515090523
1353,RF,0.601,613.0,2.469449515090523
2211,RF,0.601,613.0,2.469449515090523
2497,RF,0.601,613.0,2.469449515090523
2524,RF,0.601,613.0,2.469449515090523
2546,RF,0.601,613.0,2.469449515090523
1993,RF,0.6,622.0,2.465340614067078
2033,RF,0.6,622.0,2.465340614067078
60,RF,0.599,624.0,2.4612317130436328
1219,RF,0.599,624.0,2.4612317130436328
1432,RF,0.599,624.0,2.4612317130436328
156,RF,0.598,627.0,2.4571228120201876
1397,RF,0.598,627.0,2.4571228120201876
1808,RF,0.598,627.0,2.4571228120201876
1662,RF,0.597,630.0,2.4530139109967424
2119,RF,0.597,630.0,2.4530139109967424
2430,RF,0.597,630.0,2.4530139109967424
1650,RF,0.596,633.0,2.448905009973297
1802,RF,0.596,633.0,2.448905009973297
1394,RF,0.595,635.0,2.444796108949852
1489,RF,0.595,635.0,2.444796108949852
1807,RF,0.595,635.0,2.444796108949852
803,RF,0.594,638.0,2.4406872079264073
1267,RF,0.594,638.0,2.4406872079264073
1787,RF,0.594,638.0,2.4406872079264073
2005,RF,0.594,638.0,2.4406872079264073
174,RF,0.593,642.0,2.436578306902962
1511,RF,0.593,642.0,2.436578306902962
1643,RF,0.593,642.0,2.436578306902962
46,RF,0.592,645.0,2.432469405879517
180,RF,0.592,645.0,2.432469405879517
1363,RF,0.592,645.0,2.432469405879517
1476,RF,0.592,645.0,2.432469405879517
1958,RF,0.592,645.0,2.432469405879517
2151,RF,0.592,645.0,2.432469405879517
2158,RF,0.592,645.0,2.432469405879517
2269,RF,0.592,645.0,2.432469405879517
2710,RF,0.592,645.0,2.432469405879517
81,RF,0.591,654.0,2.4283605048560717
860,RF,0.591,654.0,2.4283605048560717
1431,RF,0.591,654.0,2.4283605048560717
1758,RF,0.591,654.0,2.4283605048560717
1875,RF,0.591,654.0,2.4283605048560717
901,RF,0.59,659.0,2.4242516038326265
2278,RF,0.59,659.0,2.4242516038326265
2739,RF,0.59,659.0,2.4242516038326265
1108,RF,0.589,662.0,2.4201427028091813
1328,RF,0.588,663.0,2.416033801785736
1966,RF,0.588,663.0,2.416033801785736
2665,RF,0.588,663.0,2.416033801785736
1053,RF,0.587,666.0,2.411924900762291
1360,RF,0.587,666.0,2.411924900762291
90,RF,0.586,668.0,2.407815999738846
862,RF,0.586,668.0,2.407815999738846
2234,RF,0.586,668.0,2.407815999738846
511,RF,0.585,671.0,2.403707098715401
1285,RF,0.585,671.0,2.403707098715401
1347,RF,0.585,671.0,2.403707098715401
1885,RF,0.585,671.0,2.403707098715401
2019,RF,0.585,671.0,2.403707098715401
2660,RF,0.585,671.0,2.403707098715401
376,RF,0.584,677.0,2.399598197691956
459,RF,0.584,677.0,2.399598197691956
943,RF,0.584,677.0,2.399598197691956
1492,RF,0.584,677.0,2.399598197691956
2264,RF,0.584,677.0,2.399598197691956
766,RF,0.583,682.0,2.3954892966685106
886,RF,0.583,682.0,2.3954892966685106
1543,RF,0.583,682.0,2.3954892966685106
2140,RF,0.583,682.0,2.3954892966685106
339,RF,0.582,686.0,2.3913803956450654
1501,RF,0.582,686.0,2.3913803956450654
674,RF,0.581,688.0,2.3872714946216202
978,RF,0.581,688.0,2.3872714946216202
721,RF,0.58,690.0,2.383162593598175
767,RF,0.58,690.0,2.383162593598175
1248,RF,0.58,690.0,2.383162593598175
1560,RF,0.58,690.0,2.383162593598175
1594,RF,0.58,690.0,2.383162593598175
1861,RF,0.58,690.0,2.383162593598175
238,RF,0.579,696.0,2.37905369257473
2149,RF,0.579,696.0,2.37905369257473
1097,RF,0.578,698.0,2.3749447915512847
1969,RF,0.578,698.0,2.3749447915512847
9,RF,0.577,700.0,2.37083589052784
413,RF,0.577,700.0,2.37083589052784
464,RF,0.577,700.0,2.37083589052784
713,RF,0.577,700.0,2.37083589052784
746,RF,0.577,700.0,2.37083589052784
1400,RF,0.577,700.0,2.37083589052784
1942,RF,0.577,700.0,2.37083589052784
2013,RF,0.576,707.0,2.3667269895043948
160,RF,0.575,708.0,2.3626180884809496
1413,RF,0.575,708.0,2.3626180884809496
1551,RF,0.575,708.0,2.3626180884809496
1160,RF,0.574,711.0,2.3585091874575044
1893,RF,0.574,711.0,2.3585091874575044
1986,RF,0.574,711.0,2.3585091874575044
2153,RF,0.574,711.0,2.3585091874575044
2318,RF,0.574,711.0,2.3585091874575044
2384,RF,0.574,711.0,2.3585091874575044
812,RF,0.573,717.0,2.354400286434059
204,RF,0.572,718.0,2.350291385410614
222,RF,0.572,718.0,2.350291385410614
272,RF,0.572,718.0,2.350291385410614
478,RF,0.572,718.0,2.350291385410614
1582,RF,0.572,718.0,2.350291385410614
97,RF,0.571,723.0,2.346182484387169
583,RF,0.571,723.0,2.346182484387169
602,RF,0.571,723.0,2.346182484387169
137,RF,0.57,726.0,2.3420735833637236
189,RF,0.57,726.0,2.3420735833637236
1404,RF,0.57,726.0,2.3420735833637236
1371,RF,0.569,729.0,2.337964682340279
1537,RF,0.569,729.0,2.337964682340279
2294,RF,0.569,729.0,2.337964682340279
2431,RF,0.569,729.0,2.337964682340279
1023,RF,0.568,733.0,2.3338557813168337
1292,RF,0.567,734.0,2.3297468802933885
1584,RF,0.567,734.0,2.3297468802933885
400,RF,0.566,736.0,2.3256379792699433
428,RF,0.566,736.0,2.3256379792699433
694,RF,0.566,736.0,2.3256379792699433
1796,RF,0.566,736.0,2.3256379792699433
1952,RF,0.566,736.0,2.3256379792699433
2658,RF,0.566,736.0,2.3256379792699433
883,RF,0.565,742.0,2.321529078246498
1606,RF,0.565,742.0,2.321529078246498
1829,RF,0.565,742.0,2.321529078246498
2245,RF,0.565,742.0,2.321529078246498
2487,RF,0.565,742.0,2.321529078246498
1194,RF,0.564,747.0,2.317420177223053
1203,RF,0.564,747.0,2.317420177223053
2209,RF,0.564,747.0,2.317420177223053
2639,RF,0.564,747.0,2.317420177223053
2746,RF,0.564,747.0,2.317420177223053
277,RF,0.563,752.0,2.3133112761996077
483,RF,0.563,752.0,2.3133112761996077
565,RF,0.563,752.0,2.3133112761996077
613,RF,0.563,752.0,2.3133112761996077
1423,RF,0.563,752.0,2.3133112761996077
1554,RF,0.563,752.0,2.3133112761996077
1614,RF,0.563,752.0,2.3133112761996077
2001,RF,0.563,752.0,2.3133112761996077
2055,RF,0.563,752.0,2.3133112761996077
2321,RF,0.563,752.0,2.3133112761996077
2388,RF,0.563,752.0,2.3133112761996077
1126,RF,0.562,763.0,2.309202375176163
2489,RF,0.562,763.0,2.309202375176163
2679,RF,0.562,763.0,2.309202375176163
205,RF,0.561,766.0,2.3050934741527183
1121,RF,0.561,766.0,2.3050934741527183
1540,RF,0.561,766.0,2.3050934741527183
1677,RF,0.561,766.0,2.3050934741527183
1929,RF,0.561,766.0,2.3050934741527183
2259,RF,0.561,766.0,2.3050934741527183
2369,RF,0.561,766.0,2.3050934741527183
61,RF,0.56,773.0,2.300984573129273
609,RF,0.56,773.0,2.300984573129273
1279,RF,0.56,773.0,2.300984573129273
1522,RF,0.56,773.0,2.300984573129273
2488,RF,0.56,773.0,2.300984573129273
2021,RF,0.559,778.0,2.296875672105828
100,RF,0.558,779.0,2.2927667710823827
319,RF,0.558,779.0,2.2927667710823827
1001,RF,0.558,779.0,2.2927667710823827
1417,RF,0.558,779.0,2.2927667710823827
2332,RF,0.558,779.0,2.2927667710823827
365,RF,0.557,784.0,2.2886578700589375
1699,RF,0.557,784.0,2.2886578700589375
1783,RF,0.557,784.0,2.2886578700589375
1956,RF,0.557,784.0,2.2886578700589375
2714,RF,0.557,784.0,2.2886578700589375
826,RF,0.556,789.0,2.2845489690354923
1749,RF,0.556,789.0,2.2845489690354923
1806,RF,0.556,789.0,2.2845489690354923
2443,RF,0.556,789.0,2.2845489690354923
127,RF,0.555,793.0,2.280440068012047
1124,RF,0.555,793.0,2.280440068012047
1976,RF,0.555,793.0,2.280440068012047
379,RF,0.554,796.0,2.276331166988602
1125,RF,0.554,796.0,2.276331166988602
765,RF,0.553,798.0,2.272222265965157
337,RF,0.551,799.0,2.264004463918267
1144,RF,0.551,799.0,2.264004463918267
1892,RF,0.551,799.0,2.264004463918267
2698,RF,0.551,799.0,2.264004463918267
655,RF,0.55,803.0,2.2598955628948216
676,RF,0.55,803.0,2.2598955628948216
973,RF,0.549,805.0,2.2557866618713764
1215,RF,0.549,805.0,2.2557866618713764
1853,RF,0.549,805.0,2.2557866618713764
1782,RF,0.548,808.0,2.2516777608479313
1900,RF,0.548,808.0,2.2516777608479313
2160,RF,0.548,808.0,2.2516777608479313
2455,RF,0.548,808.0,2.2516777608479313
1120,RF,0.547,812.0,2.247568859824486
1932,RF,0.547,812.0,2.247568859824486
2162,RF,0.547,812.0,2.247568859824486
2571,RF,0.546,815.0,2.243459958801041
2757,RF,0.546,815.0,2.243459958801041
890,RF,0.545,817.0,2.239351057777596
893,RF,0.545,817.0,2.239351057777596
1691,RF,0.545,817.0,2.239351057777596
522,RF,0.544,820.0,2.235242156754151
706,RF,0.544,820.0,2.235242156754151
1607,RF,0.544,820.0,2.235242156754151
352,RF,0.543,823.0,2.2311332557307058
679,RF,0.543,823.0,2.2311332557307058
1855,RF,0.543,823.0,2.2311332557307058
559,RF,0.542,826.0,2.2270243547072606
1503,RF,0.542,826.0,2.2270243547072606
1728,RF,0.542,826.0,2.2270243547072606
1762,RF,0.542,826.0,2.2270243547072606
2392,RF,0.542,826.0,2.2270243547072606
741,RF,0.541,831.0,2.2229154536838154
1119,RF,0.541,831.0,2.2229154536838154
2178,RF,0.541,831.0,2.2229154536838154
2247,RF,0.541,831.0,2.2229154536838154
443,RF,0.54,835.0,2.21880655266037
1731,RF,0.54,835.0,2.21880655266037
2752,RF,0.54,835.0,2.21880655266037
392,RF,0.539,838.0,2.214697651636925
950,RF,0.539,838.0,2.214697651636925
1575,RF,0.539,838.0,2.214697651636925
1657,RF,0.539,838.0,2.214697651636925
1871,RF,0.539,838.0,2.214697651636925
2405,RF,0.539,838.0,2.214697651636925
2568,RF,0.539,838.0,2.214697651636925
795,RF,0.538,845.0,2.21058875061348
1999,RF,0.538,845.0,2.21058875061348
2057,RF,0.538,845.0,2.21058875061348
2598,RF,0.538,845.0,2.21058875061348
70,RF,0.537,849.0,2.206479849590035
362,RF,0.537,849.0,2.206479849590035
1415,RF,0.537,849.0,2.206479849590035
2522,RF,0.537,849.0,2.206479849590035
1008,RF,0.536,853.0,2.20237094856659
1093,RF,0.536,853.0,2.20237094856659
1308,RF,0.536,853.0,2.20237094856659
2045,RF,0.536,853.0,2.20237094856659
173,RF,0.535,857.0,2.1982620475431447
1971,RF,0.535,857.0,2.1982620475431447
469,RF,0.534,859.0,2.1941531465196995
1545,RF,0.534,859.0,2.1941531465196995
1972,RF,0.534,859.0,2.1941531465196995
2333,RF,0.534,859.0,2.1941531465196995
2415,RF,0.534,859.0,2.1941531465196995
34,RF,0.533,864.0,2.1900442454962543
1341,RF,0.533,864.0,2.1900442454962543
1569,RF,0.533,864.0,2.1900442454962543
1708,RF,0.533,864.0,2.1900442454962543
1891,RF,0.533,864.0,2.1900442454962543
176,RF,0.532,869.0,2.185935344472809
1877,RF,0.532,869.0,2.185935344472809
2222,RF,0.532,869.0,2.185935344472809
2462,RF,0.532,869.0,2.185935344472809
263,RF,0.531,873.0,2.181826443449364
564,RF,0.531,873.0,2.181826443449364
856,RF,0.531,873.0,2.181826443449364
2132,RF,0.531,873.0,2.181826443449364
2540,RF,0.531,873.0,2.181826443449364
1702,RF,0.53,878.0,2.1777175424259188
2065,RF,0.53,878.0,2.1777175424259188
236,RF,0.529,880.0,2.173608641402474
640,RF,0.529,880.0,2.173608641402474
747,RF,0.529,880.0,2.173608641402474
1012,RF,0.529,880.0,2.173608641402474
1406,RF,0.529,880.0,2.173608641402474
1295,RF,0.528,885.0,2.169499740379029
2485,RF,0.528,885.0,2.169499740379029
2616,RF,0.528,885.0,2.169499740379029
253,RF,0.527,888.0,2.1653908393555836
257,RF,0.527,888.0,2.1653908393555836
366,RF,0.527,888.0,2.1653908393555836
418,RF,0.527,888.0,2.1653908393555836
909,RF,0.527,888.0,2.1653908393555836
1440,RF,0.527,888.0,2.1653908393555836
1775,RF,0.527,888.0,2.1653908393555836
1780,RF,0.527,888.0,2.1653908393555836
416,RF,0.526,896.0,2.1612819383321384
582,RF,0.526,896.0,2.1612819383321384
1200,RF,0.526,896.0,2.1612819383321384
1275,RF,0.526,896.0,2.1612819383321384
2079,RF,0.526,896.0,2.1612819383321384
184,RF,0.525,901.0,2.1571730373086933
962,RF,0.525,901.0,2.1571730373086933
1169,RF,0.525,901.0,2.1571730373086933
2210,RF,0.525,901.0,2.1571730373086933
1645,RF,0.523,905.0,2.148955235261803
2233,RF,0.523,905.0,2.148955235261803
2537,RF,0.523,905.0,2.148955235261803
1111,RF,0.522,908.0,2.1448463342383577
1776,RF,0.522,908.0,2.1448463342383577
1876,RF,0.521,910.0,2.140737433214913
159,RF,0.52,911.0,2.1366285321914678
490,RF,0.52,911.0,2.1366285321914678
1153,RF,0.52,911.0,2.1366285321914678
2547,RF,0.52,911.0,2.1366285321914678
1978,RF,0.519,915.0,2.1325196311680226
638,RF,0.518,916.0,2.1284107301445774
1041,RF,0.518,916.0,2.1284107301445774
1579,RF,0.518,916.0,2.1284107301445774
1635,RF,0.518,916.0,2.1284107301445774
2091,RF,0.518,916.0,2.1284107301445774
2531,RF,0.518,916.0,2.1284107301445774
1342,RF,0.517,922.0,2.124301829121132
297,RF,0.516,923.0,2.120192928097687
467,RF,0.516,923.0,2.120192928097687
719,RF,0.516,923.0,2.120192928097687
1789,RF,0.516,923.0,2.120192928097687
202,RF,0.515,927.0,2.116084027074242
1389,RF,0.515,927.0,2.116084027074242
450,RF,0.514,929.0,2.1119751260507966
458,RF,0.514,929.0,2.1119751260507966
624,RF,0.514,929.0,2.1119751260507966
698,RF,0.514,929.0,2.1119751260507966
1649,RF,0.514,929.0,2.1119751260507966
1706,RF,0.514,929.0,2.1119751260507966
29,RF,0.513,935.0,2.107866225027352
1428,RF,0.513,935.0,2.107866225027352
1618,RF,0.513,935.0,2.107866225027352
1629,RF,0.513,935.0,2.107866225027352
2416,RF,0.513,935.0,2.107866225027352
744,RF,0.512,940.0,2.1037573240039067
786,RF,0.512,940.0,2.1037573240039067
1314,RF,0.512,940.0,2.1037573240039067
1486,RF,0.512,940.0,2.1037573240039067
2090,RF,0.512,940.0,2.1037573240039067
367,RF,0.511,945.0,2.0996484229804615
835,RF,0.511,945.0,2.0996484229804615
967,RF,0.511,945.0,2.0996484229804615
1566,RF,0.511,945.0,2.0996484229804615
1646,RF,0.511,945.0,2.0996484229804615
1660,RF,0.511,945.0,2.0996484229804615
2327,RF,0.511,945.0,2.0996484229804615
2561,RF,0.511,945.0,2.0996484229804615
208,RF,0.51,953.0,2.0955395219570163
594,RF,0.51,953.0,2.0955395219570163
1532,RF,0.51,953.0,2.0955395219570163
1733,RF,0.51,953.0,2.0955395219570163
2237,RF,0.51,953.0,2.0955395219570163
2390,RF,0.51,953.0,2.0955395219570163
112,RF,0.509,959.0,2.091430620933571
545,RF,0.509,959.0,2.091430620933571
714,RF,0.509,959.0,2.091430620933571
1563,RF,0.509,959.0,2.091430620933571
2760,RF,0.509,959.0,2.091430620933571
1214,RF,0.508,964.0,2.087321719910126
1773,RF,0.508,964.0,2.087321719910126
1953,RF,0.508,964.0,2.087321719910126
2205,RF,0.508,964.0,2.087321719910126
2514,RF,0.508,964.0,2.087321719910126
2526,RF,0.508,964.0,2.087321719910126
2699,RF,0.508,964.0,2.087321719910126
18,RF,0.507,971.0,2.0832128188866808
2074,RF,0.507,971.0,2.0832128188866808
2128,RF,0.507,971.0,2.0832128188866808
2528,RF,0.507,971.0,2.0832128188866808
734,RF,0.506,975.0,2.0791039178632356
867,RF,0.506,975.0,2.0791039178632356
1151,RF,0.506,975.0,2.0791039178632356
1610,RF,0.506,975.0,2.0791039178632356
1323,RF,0.505,979.0,2.074995016839791
2697,RF,0.505,979.0,2.074995016839791
17,RF,0.504,981.0,2.0708861158163456
225,RF,0.504,981.0,2.0708861158163456
426,RF,0.504,981.0,2.0708861158163456
521,RF,0.504,981.0,2.0708861158163456
846,RF,0.504,981.0,2.0708861158163456
918,RF,0.504,981.0,2.0708861158163456
438,RF,0.503,987.0,2.0667772147929004
853,RF,0.503,987.0,2.0667772147929004
1913,RF,0.503,987.0,2.0667772147929004
1933,RF,0.503,987.0,2.0667772147929004
2148,RF,0.503,987.0,2.0667772147929004
1343,RF,0.502,992.0,2.0626683137694553
2135,RF,0.502,992.0,2.0626683137694553
2302,RF,0.502,992.0,2.0626683137694553
1818,RF,0.501,995.0,2.05855941274601
2471,RF,0.501,995.0,2.05855941274601
37,RF,0.5,997.0,2.054450511722565
549,RF,0.5,997.0,2.054450511722565
1940,RF,0.5,997.0,2.054450511722565
1998,RF,0.5,997.0,2.054450511722565
2039,RF,0.5,997.0,2.054450511722565
725,RF,0.499,1002.0,2.0503416106991197
1962,RF,0.499,1002.0,2.0503416106991197
2216,RF,0.499,1002.0,2.0503416106991197
1378,RF,0.498,1005.0,2.0462327096756745
2099,RF,0.498,1005.0,2.0462327096756745
548,RF,0.497,1007.0,2.0421238086522298
705,RF,0.497,1007.0,2.0421238086522298
794,RF,0.497,1007.0,2.0421238086522298
1546,RF,0.497,1007.0,2.0421238086522298
1591,RF,0.497,1007.0,2.0421238086522298
1697,RF,0.497,1007.0,2.0421238086522298
2530,RF,0.497,1007.0,2.0421238086522298
2762,RF,0.497,1007.0,2.0421238086522298
425,RF,0.496,1015.0,2.0380149076287846
575,RF,0.496,1015.0,2.0380149076287846
1268,RF,0.496,1015.0,2.0380149076287846
219,RF,0.495,1018.0,2.0339060066053394
1100,RF,0.495,1018.0,2.0339060066053394
1421,RF,0.495,1018.0,2.0339060066053394
1768,RF,0.494,1021.0,2.029797105581894
157,RF,0.493,1022.0,2.025688204558449
345,RF,0.493,1022.0,2.025688204558449
1407,RF,0.493,1022.0,2.025688204558449
1183,RF,0.492,1025.0,2.021579303535004
1562,RF,0.492,1025.0,2.021579303535004
1574,RF,0.492,1025.0,2.021579303535004
1951,RF,0.492,1025.0,2.021579303535004
2044,RF,0.492,1025.0,2.021579303535004
2206,RF,0.492,1025.0,2.021579303535004
2562,RF,0.492,1025.0,2.021579303535004
404,RF,0.49,1032.0,2.0133615014881134
454,RF,0.49,1032.0,2.0133615014881134
1009,RF,0.49,1032.0,2.0133615014881134
1531,RF,0.49,1032.0,2.0133615014881134
1581,RF,0.49,1032.0,2.0133615014881134
23,RF,0.489,1037.0,2.0092526004646687
2512,RF,0.489,1037.0,2.0092526004646687
288,RF,0.488,1039.0,2.0051436994412235
1152,RF,0.488,1039.0,2.0051436994412235
2118,RF,0.488,1039.0,2.0051436994412235
2274,RF,0.488,1039.0,2.0051436994412235
452,RF,0.487,1043.0,2.0010347984177783
717,RF,0.487,1043.0,2.0010347984177783
1681,RF,0.487,1043.0,2.0010347984177783
2188,RF,0.487,1043.0,2.0010347984177783
526,RF,0.486,1047.0,1.9969258973943331
827,RF,0.486,1047.0,1.9969258973943331
1447,RF,0.486,1047.0,1.9969258973943331
1721,RF,0.486,1047.0,1.9969258973943331
2470,RF,0.486,1047.0,1.9969258973943331
169,RF,0.485,1052.0,1.992816996370888
857,RF,0.485,1052.0,1.992816996370888
311,RF,0.484,1054.0,1.9887080953474428
1627,RF,0.484,1054.0,1.9887080953474428
1738,RF,0.484,1054.0,1.9887080953474428
1835,RF,0.484,1054.0,1.9887080953474428
2102,RF,0.484,1054.0,1.9887080953474428
2386,RF,0.484,1054.0,1.9887080953474428
2614,RF,0.484,1054.0,1.9887080953474428
249,RF,0.483,1061.0,1.9845991943239976
1420,RF,0.483,1061.0,1.9845991943239976
2014,RF,0.483,1061.0,1.9845991943239976
124,RF,0.482,1064.0,1.9804902933005526
321,RF,0.482,1064.0,1.9804902933005526
2053,RF,0.482,1064.0,1.9804902933005526
96,RF,0.481,1067.0,1.9763813922771074
743,RF,0.481,1067.0,1.9763813922771074
223,RF,0.48,1069.0,1.9722724912536622
1937,RF,0.48,1069.0,1.9722724912536622
2291,RF,0.48,1069.0,1.9722724912536622
2457,RF,0.48,1069.0,1.9722724912536622
2575,RF,0.48,1069.0,1.9722724912536622
2627,RF,0.48,1069.0,1.9722724912536622
388,RF,0.479,1075.0,1.968163590230217
530,RF,0.479,1075.0,1.968163590230217
1534,RF,0.479,1075.0,1.968163590230217
1866,RF,0.479,1075.0,1.968163590230217
2100,RF,0.479,1075.0,1.968163590230217
1985,RF,0.478,1080.0,1.964054689206772
2025,RF,0.478,1080.0,1.964054689206772
2769,RF,0.478,1080.0,1.964054689206772
1334,RF,0.477,1083.0,1.9599457881833269
1655,RF,0.477,1083.0,1.9599457881833269
2437,RF,0.477,1083.0,1.9599457881833269
357,RF,0.476,1086.0,1.9558368871598817
1401,RF,0.476,1086.0,1.9558368871598817
1442,RF,0.476,1086.0,1.9558368871598817
1450,RF,0.476,1086.0,1.9558368871598817
1673,RF,0.476,1086.0,1.9558368871598817
1519,RF,0.475,1091.0,1.9517279861364365
1659,RF,0.475,1091.0,1.9517279861364365
2136,RF,0.475,1091.0,1.9517279861364365
924,RF,0.474,1094.0,1.9476190851129915
370,RF,0.473,1095.0,1.9435101840895463
382,RF,0.473,1095.0,1.9435101840895463
636,RF,0.473,1095.0,1.9435101840895463
815,RF,0.473,1095.0,1.9435101840895463
2594,RF,0.473,1095.0,1.9435101840895463
768,RF,0.472,1100.0,1.9394012830661012
1377,RF,0.472,1100.0,1.9394012830661012
2243,RF,0.472,1100.0,1.9394012830661012
2539,RF,0.472,1100.0,1.9394012830661012
2765,RF,0.472,1100.0,1.9394012830661012
1846,RF,0.471,1105.0,1.935292382042656
2108,RF,0.471,1105.0,1.935292382042656
441,RF,0.47,1107.0,1.931183481019211
772,RF,0.47,1107.0,1.931183481019211
1059,RF,0.47,1107.0,1.931183481019211
1261,RF,0.47,1107.0,1.931183481019211
2049,RF,0.47,1107.0,1.931183481019211
2078,RF,0.47,1107.0,1.931183481019211
2282,RF,0.47,1107.0,1.931183481019211
2330,RF,0.47,1107.0,1.931183481019211
2590,RF,0.47,1107.0,1.931183481019211
1555,RF,0.469,1116.0,1.9270745799957658
281,RF,0.468,1117.0,1.9229656789723208
902,RF,0.468,1117.0,1.9229656789723208
1425,RF,0.468,1117.0,1.9229656789723208
1430,RF,0.468,1117.0,1.9229656789723208
2187,RF,0.468,1117.0,1.9229656789723208
588,RF,0.467,1122.0,1.9188567779488757
2028,RF,0.467,1122.0,1.9188567779488757
2564,RF,0.467,1122.0,1.9188567779488757
633,RF,0.466,1125.0,1.9147478769254307
800,RF,0.466,1125.0,1.9147478769254307
1069,RF,0.466,1125.0,1.9147478769254307
1254,RF,0.466,1125.0,1.9147478769254307
43,RF,0.465,1129.0,1.9106389759019855
119,RF,0.465,1129.0,1.9106389759019855
128,RF,0.465,1129.0,1.9106389759019855
759,RF,0.465,1129.0,1.9106389759019855
80,RF,0.464,1133.0,1.9065300748785403
911,RF,0.464,1133.0,1.9065300748785403
1117,RF,0.464,1133.0,1.9065300748785403
1188,RF,0.464,1133.0,1.9065300748785403
41,RF,0.463,1137.0,1.9024211738550951
449,RF,0.463,1137.0,1.9024211738550951
568,RF,0.463,1137.0,1.9024211738550951
710,RF,0.463,1137.0,1.9024211738550951
2435,RF,0.463,1137.0,1.9024211738550951
2755,RF,0.463,1137.0,1.9024211738550951
353,RF,0.462,1143.0,1.8983122728316502
1920,RF,0.462,1143.0,1.8983122728316502
2337,RF,0.462,1143.0,1.8983122728316502
391,RF,0.461,1146.0,1.894203371808205
532,RF,0.461,1146.0,1.894203371808205
942,RF,0.461,1146.0,1.894203371808205
1923,RF,0.461,1146.0,1.894203371808205
2012,RF,0.461,1146.0,1.894203371808205
4,RF,0.46,1151.0,1.8900944707847598
718,RF,0.46,1151.0,1.8900944707847598
1445,RF,0.46,1151.0,1.8900944707847598
2105,RF,0.46,1151.0,1.8900944707847598
246,RF,0.459,1155.0,1.8859855697613146
251,RF,0.459,1155.0,1.8859855697613146
258,RF,0.459,1155.0,1.8859855697613146
578,RF,0.459,1155.0,1.8859855697613146
1143,RF,0.459,1155.0,1.8859855697613146
1564,RF,0.459,1155.0,1.8859855697613146
1720,RF,0.459,1155.0,1.8859855697613146
1843,RF,0.459,1155.0,1.8859855697613146
1924,RF,0.459,1155.0,1.8859855697613146
906,RF,0.458,1164.0,1.8818766687378696
945,RF,0.458,1164.0,1.8818766687378696
2611,RF,0.458,1164.0,1.8818766687378696
2676,RF,0.458,1164.0,1.8818766687378696
790,RF,0.457,1168.0,1.8777677677144244
954,RF,0.457,1168.0,1.8777677677144244
1784,RF,0.457,1168.0,1.8777677677144244
523,RF,0.456,1171.0,1.8736588666909793
1032,RF,0.456,1171.0,1.8736588666909793
1067,RF,0.456,1171.0,1.8736588666909793
2519,RF,0.456,1171.0,1.8736588666909793
355,RF,0.455,1175.0,1.869549965667534
1883,RF,0.455,1175.0,1.869549965667534
2191,RF,0.455,1175.0,1.869549965667534
780,RF,0.454,1178.0,1.865441064644089
1128,RF,0.454,1178.0,1.865441064644089
1390,RF,0.454,1178.0,1.865441064644089
1494,RF,0.454,1178.0,1.865441064644089
1456,RF,0.453,1182.0,1.861332163620644
2248,RF,0.453,1182.0,1.861332163620644
2758,RF,0.453,1182.0,1.861332163620644
2773,RF,0.453,1182.0,1.861332163620644
307,RF,0.452,1186.0,1.8572232625971987
684,RF,0.452,1186.0,1.8572232625971987
739,RF,0.452,1186.0,1.8572232625971987
809,RF,0.452,1186.0,1.8572232625971987
1068,RF,0.452,1186.0,1.8572232625971987
1283,RF,0.452,1186.0,1.8572232625971987
177,RF,0.451,1192.0,1.8531143615737535
637,RF,0.451,1192.0,1.8531143615737535
712,RF,0.451,1192.0,1.8531143615737535
1333,RF,0.451,1192.0,1.8531143615737535
1455,RF,0.451,1192.0,1.8531143615737535
1715,RF,0.451,1192.0,1.8531143615737535
2778,RF,0.451,1192.0,1.8531143615737535
556,RF,0.45,1199.0,1.8490054605503086
1977,RF,0.45,1199.0,1.8490054605503086
2133,RF,0.45,1199.0,1.8490054605503086
2262,RF,0.45,1199.0,1.8490054605503086
394,RF,0.449,1203.0,1.8448965595268634
1383,RF,0.449,1203.0,1.8448965595268634
2716,RF,0.449,1203.0,1.8448965595268634
573,RF,0.448,1206.0,1.8407876585034182
1014,RF,0.448,1206.0,1.8407876585034182
1141,RF,0.448,1206.0,1.8407876585034182
1596,RF,0.448,1206.0,1.8407876585034182
2150,RF,0.448,1206.0,1.8407876585034182
2650,RF,0.448,1206.0,1.8407876585034182
1315,RF,0.447,1212.0,1.836678757479973
1613,RF,0.447,1212.0,1.836678757479973
1759,RF,0.447,1212.0,1.836678757479973
2646,RF,0.447,1212.0,1.836678757479973
22,RF,0.446,1216.0,1.832569856456528
1352,RF,0.446,1216.0,1.832569856456528
2632,RF,0.446,1216.0,1.832569856456528
2737,RF,0.446,1216.0,1.832569856456528
237,RF,0.445,1220.0,1.8284609554330828
369,RF,0.445,1220.0,1.8284609554330828
920,RF,0.445,1220.0,1.8284609554330828
2093,RF,0.445,1220.0,1.8284609554330828
58,RF,0.444,1224.0,1.8243520544096377
95,RF,0.444,1224.0,1.8243520544096377
241,RF,0.444,1224.0,1.8243520544096377
422,RF,0.444,1224.0,1.8243520544096377
801,RF,0.444,1224.0,1.8243520544096377
1094,RF,0.443,1229.0,1.8202431533861925
1297,RF,0.443,1229.0,1.8202431533861925
2613,RF,0.443,1229.0,1.8202431533861925
2615,RF,0.443,1229.0,1.8202431533861925
201,RF,0.442,1233.0,1.8161342523627475
349,RF,0.442,1233.0,1.8161342523627475
1570,RF,0.442,1233.0,1.8161342523627475
1663,RF,0.442,1233.0,1.8161342523627475
2201,RF,0.442,1233.0,1.8161342523627475
2651,RF,0.442,1233.0,1.8161342523627475
1665,RF,0.441,1239.0,1.8120253513393023
79,RF,0.44,1240.0,1.8079164503158571
986,RF,0.44,1240.0,1.8079164503158571
1483,RF,0.44,1240.0,1.8079164503158571
1535,RF,0.44,1240.0,1.8079164503158571
1761,RF,0.44,1240.0,1.8079164503158571
2069,RF,0.44,1240.0,1.8079164503158571
2678,RF,0.44,1240.0,1.8079164503158571
451,RF,0.439,1247.0,1.803807549292412
2677,RF,0.439,1247.0,1.803807549292412
2702,RF,0.439,1247.0,1.803807549292412
27,RF,0.438,1250.0,1.799698648268967
659,RF,0.438,1250.0,1.799698648268967
1056,RF,0.438,1250.0,1.799698648268967
2341,RF,0.438,1250.0,1.799698648268967
183,RF,0.437,1254.0,1.7955897472455218
338,RF,0.437,1254.0,1.7955897472455218
869,RF,0.437,1254.0,1.7955897472455218
1274,RF,0.437,1254.0,1.7955897472455218
2313,RF,0.437,1254.0,1.7955897472455218
2354,RF,0.437,1254.0,1.7955897472455218
2367,RF,0.437,1254.0,1.7955897472455218
2640,RF,0.437,1254.0,1.7955897472455218
65,RF,0.436,1262.0,1.7914808462220766
279,RF,0.436,1262.0,1.7914808462220766
1163,RF,0.436,1262.0,1.7914808462220766
1384,RF,0.436,1262.0,1.7914808462220766
1391,RF,0.436,1262.0,1.7914808462220766
1752,RF,0.436,1262.0,1.7914808462220766
2581,RF,0.436,1262.0,1.7914808462220766
2629,RF,0.436,1262.0,1.7914808462220766
168,RF,0.435,1270.0,1.7873719451986314
283,RF,0.435,1270.0,1.7873719451986314
305,RF,0.435,1270.0,1.7873719451986314
494,RF,0.435,1270.0,1.7873719451986314
811,RF,0.435,1270.0,1.7873719451986314
1441,RF,0.435,1270.0,1.7873719451986314
2059,RF,0.435,1270.0,1.7873719451986314
2597,RF,0.435,1270.0,1.7873719451986314
91,RF,0.434,1278.0,1.7832630441751864
1089,RF,0.434,1278.0,1.7832630441751864
1218,RF,0.434,1278.0,1.7832630441751864
1959,RF,0.434,1278.0,1.7832630441751864
2480,RF,0.434,1278.0,1.7832630441751864
563,RF,0.433,1283.0,1.7791541431517413
1622,RF,0.433,1283.0,1.7791541431517413
560,RF,0.432,1285.0,1.775045242128296
145,RF,0.431,1286.0,1.7709363411048509
1311,RF,0.431,1286.0,1.7709363411048509
1514,RF,0.431,1286.0,1.7709363411048509
1577,RF,0.431,1286.0,1.7709363411048509
1869,RF,0.431,1286.0,1.7709363411048509
2483,RF,0.431,1286.0,1.7709363411048509
89,RF,0.43,1292.0,1.766827440081406
709,RF,0.43,1292.0,1.766827440081406
125,RF,0.429,1294.0,1.7627185390579607
625,RF,0.429,1294.0,1.7627185390579607
849,RF,0.429,1294.0,1.7627185390579607
1079,RF,0.429,1294.0,1.7627185390579607
1135,RF,0.429,1294.0,1.7627185390579607
1729,RF,0.429,1294.0,1.7627185390579607
1965,RF,0.429,1294.0,1.7627185390579607
762,RF,0.428,1301.0,1.7586096380345155
1908,RF,0.428,1301.0,1.7586096380345155
1938,RF,0.428,1301.0,1.7586096380345155
2180,RF,0.428,1301.0,1.7586096380345155
2638,RF,0.428,1301.0,1.7586096380345155
1004,RF,0.427,1306.0,1.7545007370110703
1164,RF,0.427,1306.0,1.7545007370110703
1490,RF,0.427,1306.0,1.7545007370110703
2258,RF,0.427,1306.0,1.7545007370110703
2595,RF,0.427,1306.0,1.7545007370110703
85,RF,0.426,1311.0,1.7503918359876254
806,RF,0.426,1311.0,1.7503918359876254
937,RF,0.426,1311.0,1.7503918359876254
1182,RF,0.426,1311.0,1.7503918359876254
1612,RF,0.426,1311.0,1.7503918359876254
1907,RF,0.426,1311.0,1.7503918359876254
2081,RF,0.426,1311.0,1.7503918359876254
2355,RF,0.426,1311.0,1.7503918359876254
493,RF,0.425,1319.0,1.7462829349641802
1990,RF,0.425,1319.0,1.7462829349641802
2420,RF,0.425,1319.0,1.7462829349641802
2448,RF,0.425,1319.0,1.7462829349641802
143,RF,0.424,1323.0,1.742174033940735
535,RF,0.424,1323.0,1.742174033940735
1179,RF,0.424,1323.0,1.742174033940735
1593,RF,0.424,1323.0,1.742174033940735
1949,RF,0.424,1323.0,1.742174033940735
2036,RF,0.424,1323.0,1.742174033940735
2508,RF,0.424,1323.0,1.742174033940735
178,RF,0.423,1330.0,1.7380651329172898
1458,RF,0.423,1330.0,1.7380651329172898
1616,RF,0.423,1330.0,1.7380651329172898
2082,RF,0.423,1330.0,1.7380651329172898
2289,RF,0.423,1330.0,1.7380651329172898
2701,RF,0.423,1330.0,1.7380651329172898
2775,RF,0.423,1330.0,1.7380651329172898
445,RF,0.422,1337.0,1.7339562318938448
505,RF,0.422,1337.0,1.7339562318938448
661,RF,0.422,1337.0,1.7339562318938448
859,RF,0.421,1340.0,1.7298473308703997
1037,RF,0.421,1340.0,1.7298473308703997
2580,RF,0.421,1340.0,1.7298473308703997
276,RF,0.42,1343.0,1.7257384298469545
2048,RF,0.42,1343.0,1.7257384298469545
2602,RF,0.42,1343.0,1.7257384298469545
150,RF,0.419,1346.0,1.7216295288235093
396,RF,0.419,1346.0,1.7216295288235093
792,RF,0.419,1346.0,1.7216295288235093
1242,RF,0.419,1346.0,1.7216295288235093
1621,RF,0.419,1346.0,1.7216295288235093
1964,RF,0.419,1346.0,1.7216295288235093
781,RF,0.418,1352.0,1.7175206278000643
1744,RF,0.418,1352.0,1.7175206278000643
298,RF,0.417,1354.0,1.7134117267766191
773,RF,0.417,1354.0,1.7134117267766191
1145,RF,0.417,1354.0,1.7134117267766191
2185,RF,0.417,1354.0,1.7134117267766191
2223,RF,0.417,1354.0,1.7134117267766191
2346,RF,0.417,1354.0,1.7134117267766191
228,RF,0.416,1360.0,1.709302825753174
553,RF,0.416,1360.0,1.709302825753174
1367,RF,0.416,1360.0,1.709302825753174
1680,RF,0.416,1360.0,1.709302825753174
1854,RF,0.416,1360.0,1.709302825753174
1970,RF,0.416,1360.0,1.709302825753174
2030,RF,0.416,1360.0,1.709302825753174
2075,RF,0.416,1360.0,1.709302825753174
2763,RF,0.416,1360.0,1.709302825753174
78,RF,0.415,1369.0,1.7051939247297287
1257,RF,0.415,1369.0,1.7051939247297287
1326,RF,0.415,1369.0,1.7051939247297287
1946,RF,0.415,1369.0,1.7051939247297287
2358,RF,0.415,1369.0,1.7051939247297287
248,RF,0.414,1374.0,1.7010850237062838
256,RF,0.414,1374.0,1.7010850237062838
690,RF,0.414,1374.0,1.7010850237062838
787,RF,0.414,1374.0,1.7010850237062838
858,RF,0.414,1374.0,1.7010850237062838
1074,RF,0.414,1374.0,1.7010850237062838
1076,RF,0.414,1374.0,1.7010850237062838
1142,RF,0.414,1374.0,1.7010850237062838
64,RF,0.413,1382.0,1.6969761226828386
289,RF,0.413,1382.0,1.6969761226828386
492,RF,0.413,1382.0,1.6969761226828386
1231,RF,0.413,1382.0,1.6969761226828386
1448,RF,0.413,1382.0,1.6969761226828386
1705,RF,0.413,1382.0,1.6969761226828386
2265,RF,0.413,1382.0,1.6969761226828386
2553,RF,0.413,1382.0,1.6969761226828386
1719,RF,0.412,1390.0,1.6928672216593934
1730,RF,0.412,1390.0,1.6928672216593934
1826,RF,0.412,1390.0,1.6928672216593934
2006,RF,0.412,1390.0,1.6928672216593934
2058,RF,0.412,1390.0,1.6928672216593934
2254,RF,0.412,1390.0,1.6928672216593934
2440,RF,0.412,1390.0,1.6928672216593934
2591,RF,0.412,1390.0,1.6928672216593934
2743,RF,0.412,1390.0,1.6928672216593934
1666,RF,0.411,1399.0,1.6887583206359482
2586,RF,0.411,1399.0,1.6887583206359482
340,RF,0.41,1401.0,1.6846494196125033
433,RF,0.41,1401.0,1.6846494196125033
895,RF,0.41,1401.0,1.6846494196125033
1338,RF,0.41,1401.0,1.6846494196125033
1753,RF,0.41,1401.0,1.6846494196125033
1849,RF,0.41,1401.0,1.6846494196125033
2043,RF,0.41,1401.0,1.6846494196125033
2582,RF,0.41,1401.0,1.6846494196125033
763,RF,0.409,1409.0,1.680540518589058
1239,RF,0.409,1409.0,1.680540518589058
1630,RF,0.409,1409.0,1.680540518589058
1957,RF,0.409,1409.0,1.680540518589058
1974,RF,0.409,1409.0,1.680540518589058
2365,RF,0.409,1409.0,1.680540518589058
2556,RF,0.409,1409.0,1.680540518589058
2601,RF,0.409,1409.0,1.680540518589058
2623,RF,0.409,1409.0,1.680540518589058
62,RF,0.408,1418.0,1.6764316175656129
1237,RF,0.408,1418.0,1.6764316175656129
2003,RF,0.408,1418.0,1.6764316175656129
2363,RF,0.408,1418.0,1.6764316175656129
456,RF,0.407,1422.0,1.6723227165421677
1088,RF,0.407,1422.0,1.6723227165421677
2298,RF,0.406,1424.0,1.668213815518723
343,RF,0.405,1425.0,1.6641049144952778
540,RF,0.405,1425.0,1.6641049144952778
716,RF,0.405,1425.0,1.6641049144952778
957,RF,0.405,1425.0,1.6641049144952778
1157,RF,0.405,1425.0,1.6641049144952778
1684,RF,0.405,1425.0,1.6641049144952778
513,RF,0.404,1431.0,1.6599960134718326
689,RF,0.404,1431.0,1.6599960134718326
742,RF,0.404,1431.0,1.6599960134718326
1109,RF,0.404,1431.0,1.6599960134718326
1246,RF,0.404,1431.0,1.6599960134718326
2279,RF,0.404,1431.0,1.6599960134718326
2410,RF,0.404,1431.0,1.6599960134718326
536,RF,0.403,1438.0,1.6558871124483874
1028,RF,0.403,1438.0,1.6558871124483874
1137,RF,0.403,1438.0,1.6558871124483874
1224,RF,0.403,1438.0,1.6558871124483874
2481,RF,0.403,1438.0,1.6558871124483874
2523,RF,0.403,1438.0,1.6558871124483874
304,RF,0.402,1444.0,1.6517782114249424
466,RF,0.402,1444.0,1.6517782114249424
1380,RF,0.402,1444.0,1.6517782114249424
1599,RF,0.402,1444.0,1.6517782114249424
2374,RF,0.402,1444.0,1.6517782114249424
1,RF,0.401,1449.0,1.6476693104014972
908,RF,0.401,1449.0,1.6476693104014972
1201,RF,0.401,1449.0,1.6476693104014972
1717,RF,0.401,1449.0,1.6476693104014972
2068,RF,0.401,1449.0,1.6476693104014972
2654,RF,0.401,1449.0,1.6476693104014972
611,RF,0.4,1455.0,1.643560409378052
1482,RF,0.4,1455.0,1.643560409378052
1830,RF,0.4,1455.0,1.643560409378052
2740,RF,0.4,1455.0,1.643560409378052
40,RF,0.399,1459.0,1.6394515083546068
363,RF,0.399,1459.0,1.6394515083546068
658,RF,0.399,1459.0,1.6394515083546068
733,RF,0.399,1459.0,1.6394515083546068
750,RF,0.399,1459.0,1.6394515083546068
822,RF,0.399,1459.0,1.6394515083546068
899,RF,0.399,1459.0,1.6394515083546068
1521,RF,0.399,1459.0,1.6394515083546068
1700,RF,0.399,1459.0,1.6394515083546068
1707,RF,0.399,1459.0,1.6394515083546068
1736,RF,0.399,1459.0,1.6394515083546068
1963,RF,0.399,1459.0,1.6394515083546068
2479,RF,0.399,1459.0,1.6394515083546068
682,RF,0.398,1472.0,1.6353426073311619
847,RF,0.398,1472.0,1.6353426073311619
1372,RF,0.398,1472.0,1.6353426073311619
1409,RF,0.398,1472.0,1.6353426073311619
1541,RF,0.398,1472.0,1.6353426073311619
1767,RF,0.398,1472.0,1.6353426073311619
1781,RF,0.398,1472.0,1.6353426073311619
1888,RF,0.398,1472.0,1.6353426073311619
2167,RF,0.398,1472.0,1.6353426073311619
2494,RF,0.398,1472.0,1.6353426073311619
135,RF,0.397,1482.0,1.6312337063077167
703,RF,0.397,1482.0,1.6312337063077167
1280,RF,0.397,1482.0,1.6312337063077167
1982,RF,0.397,1482.0,1.6312337063077167
226,RF,0.396,1486.0,1.6271248052842715
707,RF,0.396,1486.0,1.6271248052842715
872,RF,0.396,1486.0,1.6271248052842715
1416,RF,0.396,1486.0,1.6271248052842715
1460,RF,0.396,1486.0,1.6271248052842715
2311,RF,0.396,1486.0,1.6271248052842715
2691,RF,0.396,1486.0,1.6271248052842715
2722,RF,0.396,1486.0,1.6271248052842715
6,RF,0.395,1494.0,1.6230159042608263
671,RF,0.395,1494.0,1.6230159042608263
757,RF,0.395,1494.0,1.6230159042608263
1098,RF,0.395,1494.0,1.6230159042608263
1174,RF,0.395,1494.0,1.6230159042608263
1205,RF,0.395,1494.0,1.6230159042608263
1558,RF,0.395,1494.0,1.6230159042608263
1698,RF,0.395,1494.0,1.6230159042608263
2452,RF,0.395,1494.0,1.6230159042608263
473,RF,0.394,1503.0,1.6189070032373813
544,RF,0.394,1503.0,1.6189070032373813
618,RF,0.394,1503.0,1.6189070032373813
1176,RF,0.394,1503.0,1.6189070032373813
1344,RF,0.394,1503.0,1.6189070032373813
1402,RF,0.394,1503.0,1.6189070032373813
1805,RF,0.394,1503.0,1.6189070032373813
2532,RF,0.394,1503.0,1.6189070032373813
166,RF,0.393,1511.0,1.6147981022139362
341,RF,0.393,1511.0,1.6147981022139362
580,RF,0.393,1511.0,1.6147981022139362
660,RF,0.393,1511.0,1.6147981022139362
1803,RF,0.393,1511.0,1.6147981022139362
2371,RF,0.393,1511.0,1.6147981022139362
491,RF,0.392,1517.0,1.610689201190491
525,RF,0.392,1517.0,1.610689201190491
675,RF,0.392,1517.0,1.610689201190491
1651,RF,0.392,1517.0,1.610689201190491
1996,RF,0.392,1517.0,1.610689201190491
2008,RF,0.392,1517.0,1.610689201190491
1301,RF,0.391,1523.0,1.6065803001670458
1339,RF,0.391,1523.0,1.6065803001670458
1968,RF,0.391,1523.0,1.6065803001670458
2292,RF,0.391,1523.0,1.6065803001670458
2425,RF,0.391,1523.0,1.6065803001670458
1359,RF,0.39,1528.0,1.6024713991436008
1904,RF,0.39,1528.0,1.6024713991436008
2326,RF,0.39,1528.0,1.6024713991436008
2570,RF,0.39,1528.0,1.6024713991436008
56,RF,0.389,1532.0,1.5983624981201556
1035,RF,0.389,1532.0,1.5983624981201556
1712,RF,0.389,1532.0,1.5983624981201556
2113,RF,0.389,1532.0,1.5983624981201556
2376,RF,0.389,1532.0,1.5983624981201556
2605,RF,0.389,1532.0,1.5983624981201556
107,RF,0.388,1538.0,1.5942535970967104
1005,RF,0.388,1538.0,1.5942535970967104
1193,RF,0.388,1538.0,1.5942535970967104
1722,RF,0.388,1538.0,1.5942535970967104
8,RF,0.387,1542.0,1.5901446960732653
245,RF,0.387,1542.0,1.5901446960732653
306,RF,0.387,1542.0,1.5901446960732653
1052,RF,0.387,1542.0,1.5901446960732653
1204,RF,0.387,1542.0,1.5901446960732653
1260,RF,0.387,1542.0,1.5901446960732653
1550,RF,0.387,1542.0,1.5901446960732653
295,RF,0.386,1549.0,1.5860357950498203
1047,RF,0.386,1549.0,1.5860357950498203
1073,RF,0.386,1549.0,1.5860357950498203
1309,RF,0.386,1549.0,1.5860357950498203
1786,RF,0.386,1549.0,1.5860357950498203
2447,RF,0.386,1549.0,1.5860357950498203
972,RF,0.385,1555.0,1.581926894026375
1306,RF,0.385,1555.0,1.581926894026375
1884,RF,0.385,1555.0,1.581926894026375
2286,RF,0.385,1555.0,1.581926894026375
138,RF,0.384,1559.0,1.57781799300293
437,RF,0.384,1559.0,1.57781799300293
1451,RF,0.384,1559.0,1.57781799300293
1583,RF,0.384,1559.0,1.57781799300293
1792,RF,0.384,1559.0,1.57781799300293
2138,RF,0.384,1559.0,1.57781799300293
2458,RF,0.384,1559.0,1.57781799300293
2643,RF,0.384,1559.0,1.57781799300293
25,RF,0.383,1567.0,1.5737090919794847
541,RF,0.383,1567.0,1.5737090919794847
1082,RF,0.383,1567.0,1.5737090919794847
1084,RF,0.383,1567.0,1.5737090919794847
1838,RF,0.383,1567.0,1.5737090919794847
1898,RF,0.383,1567.0,1.5737090919794847
2682,RF,0.383,1567.0,1.5737090919794847
270,RF,0.382,1574.0,1.5696001909560395
701,RF,0.382,1574.0,1.5696001909560395
785,RF,0.382,1574.0,1.5696001909560395
805,RF,0.382,1574.0,1.5696001909560395
873,RF,0.382,1574.0,1.5696001909560395
1046,RF,0.382,1574.0,1.5696001909560395
1654,RF,0.382,1574.0,1.5696001909560395
1793,RF,0.382,1574.0,1.5696001909560395
2020,RF,0.382,1574.0,1.5696001909560395
647,RF,0.381,1583.0,1.5654912899325946
704,RF,0.381,1583.0,1.5654912899325946
1115,RF,0.381,1583.0,1.5654912899325946
1269,RF,0.381,1583.0,1.5654912899325946
1620,RF,0.381,1583.0,1.5654912899325946
1742,RF,0.381,1583.0,1.5654912899325946
2147,RF,0.381,1583.0,1.5654912899325946
432,RF,0.38,1590.0,1.5613823889091494
754,RF,0.38,1590.0,1.5613823889091494
1329,RF,0.38,1590.0,1.5613823889091494
1777,RF,0.38,1590.0,1.5613823889091494
2226,RF,0.38,1590.0,1.5613823889091494
2381,RF,0.38,1590.0,1.5613823889091494
2554,RF,0.38,1590.0,1.5613823889091494
203,RF,0.379,1597.0,1.5572734878857042
784,RF,0.379,1597.0,1.5572734878857042
947,RF,0.379,1597.0,1.5572734878857042
1238,RF,0.379,1597.0,1.5572734878857042
1272,RF,0.379,1597.0,1.5572734878857042
1734,RF,0.379,1597.0,1.5572734878857042
2056,RF,0.379,1597.0,1.5572734878857042
2551,RF,0.379,1597.0,1.5572734878857042
593,RF,0.378,1605.0,1.553164586862259
888,RF,0.378,1605.0,1.553164586862259
914,RF,0.378,1605.0,1.553164586862259
1021,RF,0.378,1605.0,1.553164586862259
1195,RF,0.378,1605.0,1.553164586862259
1740,RF,0.378,1605.0,1.553164586862259
1852,RF,0.378,1605.0,1.553164586862259
2203,RF,0.378,1605.0,1.553164586862259
2312,RF,0.378,1605.0,1.553164586862259
488,RF,0.377,1614.0,1.549055685838814
512,RF,0.377,1614.0,1.549055685838814
589,RF,0.377,1614.0,1.549055685838814
1007,RF,0.377,1614.0,1.549055685838814
1330,RF,0.377,1614.0,1.549055685838814
1444,RF,0.377,1614.0,1.549055685838814
1685,RF,0.377,1614.0,1.549055685838814
2518,RF,0.377,1614.0,1.549055685838814
330,RF,0.376,1622.0,1.5449467848153688
824,RF,0.376,1622.0,1.5449467848153688
1202,RF,0.376,1622.0,1.5449467848153688
1418,RF,0.376,1622.0,1.5449467848153688
1766,RF,0.376,1622.0,1.5449467848153688
2018,RF,0.376,1622.0,1.5449467848153688
2708,RF,0.376,1622.0,1.5449467848153688
102,RF,0.375,1629.0,1.5408378837919237
105,RF,0.375,1629.0,1.5408378837919237
502,RF,0.375,1629.0,1.5408378837919237
628,RF,0.375,1629.0,1.5408378837919237
756,RF,0.375,1629.0,1.5408378837919237
1542,RF,0.375,1629.0,1.5408378837919237
2042,RF,0.375,1629.0,1.5408378837919237
2397,RF,0.375,1629.0,1.5408378837919237
185,RF,0.374,1637.0,1.5367289827684785
1217,RF,0.374,1637.0,1.5367289827684785
1881,RF,0.374,1637.0,1.5367289827684785
2257,RF,0.374,1637.0,1.5367289827684785
390,RF,0.373,1641.0,1.5326200817450335
1045,RF,0.373,1641.0,1.5326200817450335
1051,RF,0.373,1641.0,1.5326200817450335
1469,RF,0.373,1641.0,1.5326200817450335
2137,RF,0.373,1641.0,1.5326200817450335
597,RF,0.372,1646.0,1.5285111807215883
820,RF,0.372,1646.0,1.5285111807215883
1013,RF,0.372,1646.0,1.5285111807215883
1468,RF,0.372,1646.0,1.5285111807215883
1695,RF,0.372,1646.0,1.5285111807215883
1899,RF,0.372,1646.0,1.5285111807215883
2621,RF,0.372,1646.0,1.5285111807215883
255,RF,0.371,1653.0,1.5244022796981431
598,RF,0.371,1653.0,1.5244022796981431
1147,RF,0.371,1653.0,1.5244022796981431
2240,RF,0.371,1653.0,1.5244022796981431
206,RF,0.37,1657.0,1.520293378674698
1102,RF,0.37,1657.0,1.520293378674698
1701,RF,0.37,1657.0,1.520293378674698
2007,RF,0.37,1657.0,1.520293378674698
2156,RF,0.37,1657.0,1.520293378674698
2695,RF,0.37,1657.0,1.520293378674698
114,RF,0.369,1663.0,1.516184477651253
447,RF,0.369,1663.0,1.516184477651253
501,RF,0.369,1663.0,1.516184477651253
1061,RF,0.369,1663.0,1.516184477651253
1209,RF,0.369,1663.0,1.516184477651253
1790,RF,0.369,1663.0,1.516184477651253
2474,RF,0.369,1663.0,1.516184477651253
2764,RF,0.369,1663.0,1.516184477651253
1181,RF,0.368,1671.0,1.5120755766278078
1208,RF,0.368,1671.0,1.5120755766278078
1725,RF,0.368,1671.0,1.5120755766278078
2412,RF,0.368,1671.0,1.5120755766278078
2545,RF,0.368,1671.0,1.5120755766278078
2745,RF,0.368,1671.0,1.5120755766278078
665,RF,0.367,1677.0,1.5079666756043626
866,RF,0.367,1677.0,1.5079666756043626
2000,RF,0.367,1677.0,1.5079666756043626
2235,RF,0.367,1677.0,1.5079666756043626
2683,RF,0.367,1677.0,1.5079666756043626
683,RF,0.366,1682.0,1.5038577745809174
691,RF,0.366,1682.0,1.5038577745809174
1403,RF,0.366,1682.0,1.5038577745809174
1477,RF,0.366,1682.0,1.5038577745809174
1809,RF,0.366,1682.0,1.5038577745809174
98,RF,0.365,1687.0,1.4997488735574724
401,RF,0.365,1687.0,1.4997488735574724
688,RF,0.365,1687.0,1.4997488735574724
1547,RF,0.365,1687.0,1.4997488735574724
2370,RF,0.365,1687.0,1.4997488735574724
2527,RF,0.365,1687.0,1.4997488735574724
2628,RF,0.365,1687.0,1.4997488735574724
76,RF,0.364,1694.0,1.4956399725340273
381,RF,0.364,1694.0,1.4956399725340273
1027,RF,0.364,1694.0,1.4956399725340273
1113,RF,0.364,1694.0,1.4956399725340273
1832,RF,0.364,1694.0,1.4956399725340273
1894,RF,0.364,1694.0,1.4956399725340273
2461,RF,0.364,1694.0,1.4956399725340273
460,RF,0.363,1701.0,1.491531071510582
1178,RF,0.363,1701.0,1.491531071510582
1467,RF,0.363,1701.0,1.491531071510582
2467,RF,0.363,1701.0,1.491531071510582
2543,RF,0.363,1701.0,1.491531071510582
2588,RF,0.363,1701.0,1.491531071510582
2618,RF,0.363,1701.0,1.491531071510582
2662,RF,0.363,1701.0,1.491531071510582
617,RF,0.362,1709.0,1.4874221704871369
1658,RF,0.362,1709.0,1.4874221704871369
2214,RF,0.362,1709.0,1.4874221704871369
2718,RF,0.362,1709.0,1.4874221704871369
397,RF,0.361,1713.0,1.483313269463692
896,RF,0.361,1713.0,1.483313269463692
966,RF,0.361,1713.0,1.483313269463692
1364,RF,0.361,1713.0,1.483313269463692
1839,RF,0.361,1713.0,1.483313269463692
2194,RF,0.361,1713.0,1.483313269463692
2688,RF,0.361,1713.0,1.483313269463692
142,RF,0.36,1720.0,1.4792043684402467
344,RF,0.36,1720.0,1.4792043684402467
508,RF,0.36,1720.0,1.4792043684402467
934,RF,0.36,1720.0,1.4792043684402467
963,RF,0.36,1720.0,1.4792043684402467
1880,RF,0.36,1720.0,1.4792043684402467
1992,RF,0.36,1720.0,1.4792043684402467
2189,RF,0.36,1720.0,1.4792043684402467
2229,RF,0.36,1720.0,1.4792043684402467
2306,RF,0.36,1720.0,1.4792043684402467
2476,RF,0.36,1720.0,1.4792043684402467
2690,RF,0.36,1720.0,1.4792043684402467
417,RF,0.359,1732.0,1.4750954674168015
1085,RF,0.359,1732.0,1.4750954674168015
1123,RF,0.359,1732.0,1.4750954674168015
1340,RF,0.359,1732.0,1.4750954674168015
1536,RF,0.359,1732.0,1.4750954674168015
1771,RF,0.359,1732.0,1.4750954674168015
605,RF,0.358,1738.0,1.4709865663933563
969,RF,0.358,1738.0,1.4709865663933563
975,RF,0.358,1738.0,1.4709865663933563
1210,RF,0.358,1738.0,1.4709865663933563
1506,RF,0.358,1738.0,1.4709865663933563
19,RF,0.357,1743.0,1.4668776653699114
146,RF,0.357,1743.0,1.4668776653699114
495,RF,0.357,1743.0,1.4668776653699114
1392,RF,0.357,1743.0,1.4668776653699114
1548,RF,0.357,1743.0,1.4668776653699114
1571,RF,0.357,1743.0,1.4668776653699114
2253,RF,0.357,1743.0,1.4668776653699114
2504,RF,0.357,1743.0,1.4668776653699114
585,RF,0.356,1751.0,1.4627687643464662
649,RF,0.356,1751.0,1.4627687643464662
685,RF,0.356,1751.0,1.4627687643464662
1611,RF,0.356,1751.0,1.4627687643464662
2120,RF,0.356,1751.0,1.4627687643464662
2750,RF,0.356,1751.0,1.4627687643464662
646,RF,0.355,1757.0,1.458659863323021
855,RF,0.355,1757.0,1.458659863323021
971,RF,0.355,1757.0,1.458659863323021
2060,RF,0.355,1757.0,1.458659863323021
235,RF,0.354,1761.0,1.4545509622995758
372,RF,0.354,1761.0,1.4545509622995758
500,RF,0.354,1761.0,1.4545509622995758
728,RF,0.354,1761.0,1.4545509622995758
807,RF,0.354,1761.0,1.4545509622995758
1313,RF,0.354,1761.0,1.4545509622995758
1634,RF,0.354,1761.0,1.4545509622995758
2360,RF,0.354,1761.0,1.4545509622995758
2767,RF,0.354,1761.0,1.4545509622995758
167,RF,0.353,1770.0,1.4504420612761308
278,RF,0.353,1770.0,1.4504420612761308
621,RF,0.353,1770.0,1.4504420612761308
938,RF,0.353,1770.0,1.4504420612761308
1276,RF,0.353,1770.0,1.4504420612761308
2070,RF,0.353,1770.0,1.4504420612761308
2131,RF,0.353,1770.0,1.4504420612761308
2670,RF,0.353,1770.0,1.4504420612761308
24,RF,0.352,1778.0,1.4463331602526857
179,RF,0.352,1778.0,1.4463331602526857
227,RF,0.352,1778.0,1.4463331602526857
234,RF,0.352,1778.0,1.4463331602526857
385,RF,0.352,1778.0,1.4463331602526857
778,RF,0.352,1778.0,1.4463331602526857
1150,RF,0.352,1778.0,1.4463331602526857
2307,RF,0.352,1778.0,1.4463331602526857
2366,RF,0.352,1778.0,1.4463331602526857
171,RF,0.351,1787.0,1.4422242592292405
610,RF,0.351,1787.0,1.4422242592292405
2624,RF,0.351,1787.0,1.4422242592292405
2709,RF,0.351,1787.0,1.4422242592292405
1303,RF,0.35,1791.0,1.4381153582057953
1405,RF,0.35,1791.0,1.4381153582057953
1925,RF,0.35,1791.0,1.4381153582057953
2098,RF,0.35,1791.0,1.4381153582057953
2195,RF,0.35,1791.0,1.4381153582057953
2424,RF,0.35,1791.0,1.4381153582057953
990,RF,0.349,1797.0,1.4340064571823503
519,RF,0.348,1798.0,1.4298975561589051
871,RF,0.348,1798.0,1.4298975561589051
1452,RF,0.348,1798.0,1.4298975561589051
662,RF,0.347,1801.0,1.42578865513546
702,RF,0.347,1801.0,1.42578865513546
1070,RF,0.347,1801.0,1.42578865513546
1083,RF,0.347,1801.0,1.42578865513546
1316,RF,0.347,1801.0,1.42578865513546
1395,RF,0.347,1801.0,1.42578865513546
2445,RF,0.347,1801.0,1.42578865513546
2635,RF,0.347,1801.0,1.42578865513546
66,RF,0.346,1809.0,1.4216797541120147
147,RF,0.346,1809.0,1.4216797541120147
574,RF,0.346,1809.0,1.4216797541120147
738,RF,0.346,1809.0,1.4216797541120147
1374,RF,0.346,1809.0,1.4216797541120147
1788,RF,0.346,1809.0,1.4216797541120147
2116,RF,0.346,1809.0,1.4216797541120147
2446,RF,0.346,1809.0,1.4216797541120147
514,RF,0.345,1817.0,1.4175708530885698
603,RF,0.345,1817.0,1.4175708530885698
1101,RF,0.345,1817.0,1.4175708530885698
1704,RF,0.345,1817.0,1.4175708530885698
1743,RF,0.345,1817.0,1.4175708530885698
2484,RF,0.345,1817.0,1.4175708530885698
47,RF,0.344,1823.0,1.4134619520651246
555,RF,0.344,1823.0,1.4134619520651246
1983,RF,0.344,1823.0,1.4134619520651246
2171,RF,0.344,1823.0,1.4134619520651246
2400,RF,0.344,1823.0,1.4134619520651246
2700,RF,0.344,1823.0,1.4134619520651246
531,RF,0.343,1829.0,1.4093530510416796
622,RF,0.343,1829.0,1.4093530510416796
819,RF,0.343,1829.0,1.4093530510416796
833,RF,0.343,1829.0,1.4093530510416796
892,RF,0.343,1829.0,1.4093530510416796
2696,RF,0.343,1829.0,1.4093530510416796
415,RF,0.342,1835.0,1.4052441500182344
2087,RF,0.342,1835.0,1.4052441500182344
111,RF,0.341,1837.0,1.4011352489947895
126,RF,0.341,1837.0,1.4011352489947895
221,RF,0.341,1837.0,1.4011352489947895
956,RF,0.341,1837.0,1.4011352489947895
2141,RF,0.341,1837.0,1.4011352489947895
489,RF,0.34,1842.0,1.3970263479713443
534,RF,0.34,1842.0,1.3970263479713443
1981,RF,0.34,1842.0,1.3970263479713443
2314,RF,0.34,1842.0,1.3970263479713443
2761,RF,0.34,1842.0,1.3970263479713443
1478,RF,0.339,1847.0,1.392917446947899
1576,RF,0.339,1847.0,1.392917446947899
2713,RF,0.339,1847.0,1.392917446947899
616,RF,0.338,1850.0,1.388808545924454
1507,RF,0.338,1850.0,1.388808545924454
2325,RF,0.338,1850.0,1.388808545924454
2348,RF,0.338,1850.0,1.388808545924454
42,RF,0.337,1854.0,1.384699644901009
407,RF,0.337,1854.0,1.384699644901009
839,RF,0.337,1854.0,1.384699644901009
1138,RF,0.337,1854.0,1.384699644901009
1375,RF,0.337,1854.0,1.384699644901009
1587,RF,0.337,1854.0,1.384699644901009
2451,RF,0.337,1854.0,1.384699644901009
435,RF,0.336,1861.0,1.3805907438775638
612,RF,0.336,1861.0,1.3805907438775638
1066,RF,0.336,1861.0,1.3805907438775638
1325,RF,0.335,1864.0,1.3764818428541186
1474,RF,0.335,1864.0,1.3764818428541186
1567,RF,0.335,1864.0,1.3764818428541186
1710,RF,0.335,1864.0,1.3764818428541186
1895,RF,0.335,1864.0,1.3764818428541186
2217,RF,0.335,1864.0,1.3764818428541186
2375,RF,0.335,1864.0,1.3764818428541186
2593,RF,0.334,1871.0,1.3723729418306734
2617,RF,0.334,1871.0,1.3723729418306734
267,RF,0.333,1873.0,1.3682640408072284
462,RF,0.333,1873.0,1.3682640408072284
2088,RF,0.333,1873.0,1.3682640408072284
261,RF,0.332,1876.0,1.3641551397837832
1029,RF,0.332,1876.0,1.3641551397837832
615,RF,0.331,1878.0,1.360046238760338
852,RF,0.331,1878.0,1.360046238760338
2041,RF,0.331,1878.0,1.360046238760338
2066,RF,0.331,1878.0,1.360046238760338
952,RF,0.33,1882.0,1.3559373377368928
1251,RF,0.33,1882.0,1.3559373377368928
1631,RF,0.33,1882.0,1.3559373377368928
1860,RF,0.33,1882.0,1.3559373377368928
1944,RF,0.33,1882.0,1.3559373377368928
2548,RF,0.33,1882.0,1.3559373377368928
2728,RF,0.33,1882.0,1.3559373377368928
175,RF,0.329,1889.0,1.3518284367134479
669,RF,0.329,1889.0,1.3518284367134479
798,RF,0.329,1889.0,1.3518284367134479
1241,RF,0.329,1889.0,1.3518284367134479
1422,RF,0.329,1889.0,1.3518284367134479
342,RF,0.328,1894.0,1.3477195356900027
830,RF,0.328,1894.0,1.3477195356900027
1173,RF,0.328,1894.0,1.3477195356900027
1934,RF,0.328,1894.0,1.3477195356900027
2184,RF,0.328,1894.0,1.3477195356900027
217,RF,0.327,1899.0,1.3436106346665575
1481,RF,0.327,1899.0,1.3436106346665575
1755,RF,0.327,1899.0,1.3436106346665575
2024,RF,0.327,1899.0,1.3436106346665575
161,RF,0.326,1903.0,1.3395017336431123
572,RF,0.326,1903.0,1.3395017336431123
994,RF,0.326,1903.0,1.3395017336431123
1628,RF,0.326,1903.0,1.3395017336431123
2649,RF,0.326,1903.0,1.3395017336431123
186,RF,0.325,1908.0,1.3353928326196673
195,RF,0.325,1908.0,1.3353928326196673
1903,RF,0.325,1908.0,1.3353928326196673
2735,RF,0.325,1908.0,1.3353928326196673
946,RF,0.324,1912.0,1.3312839315962222
1055,RF,0.324,1912.0,1.3312839315962222
1694,RF,0.324,1912.0,1.3312839315962222
2154,RF,0.324,1912.0,1.3312839315962222
2231,RF,0.324,1912.0,1.3312839315962222
2357,RF,0.324,1912.0,1.3312839315962222
1470,RF,0.323,1918.0,1.327175030572777
1723,RF,0.323,1918.0,1.327175030572777
347,RF,0.322,1920.0,1.3230661295493318
771,RF,0.322,1920.0,1.3230661295493318
916,RF,0.322,1920.0,1.3230661295493318
1015,RF,0.322,1920.0,1.3230661295493318
1862,RF,0.322,1920.0,1.3230661295493318
423,RF,0.321,1925.0,1.3189572285258868
653,RF,0.321,1925.0,1.3189572285258868
752,RF,0.321,1925.0,1.3189572285258868
1039,RF,0.321,1925.0,1.3189572285258868
1148,RF,0.321,1925.0,1.3189572285258868
1213,RF,0.321,1925.0,1.3189572285258868
2655,RF,0.321,1925.0,1.3189572285258868
33,RF,0.32,1932.0,1.3148483275024416
1110,RF,0.32,1932.0,1.3148483275024416
1994,RF,0.32,1932.0,1.3148483275024416
1997,RF,0.32,1932.0,1.3148483275024416
172,RF,0.319,1936.0,1.3107394264789964
629,RF,0.319,1936.0,1.3107394264789964
686,RF,0.319,1936.0,1.3107394264789964
889,RF,0.319,1936.0,1.3107394264789964
1087,RF,0.319,1936.0,1.3107394264789964
1266,RF,0.319,1936.0,1.3107394264789964
2083,RF,0.319,1936.0,1.3107394264789964
2115,RF,0.319,1936.0,1.3107394264789964
2350,RF,0.319,1936.0,1.3107394264789964
799,RF,0.318,1945.0,1.3066305254555513
590,RF,0.317,1946.0,1.3025216244321063
1763,RF,0.317,1946.0,1.3025216244321063
2496,RF,0.317,1946.0,1.3025216244321063
2725,RF,0.317,1946.0,1.3025216244321063
31,RF,0.316,1950.0,1.298412723408661
198,RF,0.316,1950.0,1.298412723408661
1072,RF,0.316,1950.0,1.298412723408661
1211,RF,0.316,1950.0,1.298412723408661
2142,RF,0.316,1950.0,1.298412723408661
2169,RF,0.316,1950.0,1.298412723408661
2491,RF,0.316,1950.0,1.298412723408661
2503,RF,0.316,1950.0,1.298412723408661
2674,RF,0.316,1950.0,1.298412723408661
113,RF,0.315,1959.0,1.294303822385216
673,RF,0.315,1959.0,1.294303822385216
777,RF,0.315,1959.0,1.294303822385216
1512,RF,0.315,1959.0,1.294303822385216
1724,RF,0.315,1959.0,1.294303822385216
1845,RF,0.315,1959.0,1.294303822385216
2032,RF,0.315,1959.0,1.294303822385216
2077,RF,0.315,1959.0,1.294303822385216
2277,RF,0.315,1959.0,1.294303822385216
2395,RF,0.315,1959.0,1.294303822385216
2408,RF,0.315,1959.0,1.294303822385216
2459,RF,0.315,1959.0,1.294303822385216
1034,RF,0.314,1971.0,1.2901949213617707
1533,RF,0.314,1971.0,1.2901949213617707
2468,RF,0.314,1971.0,1.2901949213617707
915,RF,0.313,1974.0,1.2860860203383258
1664,RF,0.313,1974.0,1.2860860203383258
73,RF,0.312,1976.0,1.2819771193148806
533,RF,0.312,1976.0,1.2819771193148806
770,RF,0.312,1976.0,1.2819771193148806
829,RF,0.312,1976.0,1.2819771193148806
1290,RF,0.312,1976.0,1.2819771193148806
1586,RF,0.312,1976.0,1.2819771193148806
1864,RF,0.312,1976.0,1.2819771193148806
2051,RF,0.312,1976.0,1.2819771193148806
153,RF,0.311,1984.0,1.2778682182914354
468,RF,0.311,1984.0,1.2778682182914354
1293,RF,0.311,1984.0,1.2778682182914354
115,RF,0.31,1987.0,1.2737593172679902
1813,RF,0.31,1987.0,1.2737593172679902
2002,RF,0.31,1987.0,1.2737593172679902
2221,RF,0.31,1987.0,1.2737593172679902
2268,RF,0.31,1987.0,1.2737593172679902
2421,RF,0.31,1987.0,1.2737593172679902
326,RF,0.309,1993.0,1.2696504162445452
378,RF,0.309,1993.0,1.2696504162445452
1528,RF,0.309,1993.0,1.2696504162445452
1794,RF,0.309,1993.0,1.2696504162445452
2230,RF,0.309,1993.0,1.2696504162445452
2329,RF,0.309,1993.0,1.2696504162445452
2726,RF,0.309,1993.0,1.2696504162445452
197,RF,0.308,2000.0,1.2655415152211
639,RF,0.308,2000.0,1.2655415152211
2027,RF,0.308,2000.0,1.2655415152211
2619,RF,0.308,2000.0,1.2655415152211
2631,RF,0.308,2000.0,1.2655415152211
667,RF,0.307,2005.0,1.2614326141976548
1042,RF,0.307,2005.0,1.2614326141976548
1136,RF,0.307,2005.0,1.2614326141976548
1497,RF,0.307,2005.0,1.2614326141976548
2301,RF,0.307,2005.0,1.2614326141976548
109,RF,0.306,2010.0,1.2573237131742097
155,RF,0.306,2010.0,1.2573237131742097
406,RF,0.306,2010.0,1.2573237131742097
607,RF,0.306,2010.0,1.2573237131742097
1414,RF,0.306,2010.0,1.2573237131742097
271,RF,0.305,2015.0,1.2532148121507647
2463,RF,0.305,2015.0,1.2532148121507647
1653,RF,0.304,2017.0,1.2491059111273195
2296,RF,0.304,2017.0,1.2491059111273195
2473,RF,0.304,2017.0,1.2491059111273195
619,RF,0.303,2020.0,1.2449970101038743
1130,RF,0.303,2020.0,1.2449970101038743
1529,RF,0.303,2020.0,1.2449970101038743
1800,RF,0.303,2020.0,1.2449970101038743
1867,RF,0.303,2020.0,1.2449970101038743
677,RF,0.302,2025.0,1.2408881090804291
1223,RF,0.302,2025.0,1.2408881090804291
1590,RF,0.302,2025.0,1.2408881090804291
1897,RF,0.302,2025.0,1.2408881090804291
1225,RF,0.301,2029.0,1.2367792080569842
1454,RF,0.301,2029.0,1.2367792080569842
1833,RF,0.301,2029.0,1.2367792080569842
1961,RF,0.301,2029.0,1.2367792080569842
2749,RF,0.301,2029.0,1.2367792080569842
509,RF,0.3,2034.0,1.232670307033539
2097,RF,0.3,2034.0,1.232670307033539
384,RF,0.299,2036.0,1.2285614060100938
1927,RF,0.299,2036.0,1.2285614060100938
1973,RF,0.299,2036.0,1.2285614060100938
2031,RF,0.299,2036.0,1.2285614060100938
2035,RF,0.299,2036.0,1.2285614060100938
2398,RF,0.299,2036.0,1.2285614060100938
1882,RF,0.298,2042.0,1.2244525049866486
1351,RF,0.297,2043.0,1.2203436039632036
2173,RF,0.297,2043.0,1.2203436039632036
346,RF,0.296,2045.0,1.2162347029397584
503,RF,0.296,2045.0,1.2162347029397584
1154,RF,0.296,2045.0,1.2162347029397584
1298,RF,0.296,2045.0,1.2162347029397584
1387,RF,0.296,2045.0,1.2162347029397584
240,RF,0.295,2050.0,1.2121258019163133
360,RF,0.295,2050.0,1.2121258019163133
470,RF,0.295,2050.0,1.2121258019163133
788,RF,0.295,2050.0,1.2121258019163133
1229,RF,0.295,2050.0,1.2121258019163133
1557,RF,0.295,2050.0,1.2121258019163133
2460,RF,0.295,2050.0,1.2121258019163133
2686,RF,0.295,2050.0,1.2121258019163133
395,RF,0.294,2058.0,1.208016900892868
328,RF,0.293,2059.0,1.203907999869423
2335,RF,0.293,2059.0,1.203907999869423
2754,RF,0.293,2059.0,1.203907999869423
386,RF,0.292,2062.0,1.199799098845978
977,RF,0.292,2062.0,1.199799098845978
1950,RF,0.292,2062.0,1.199799098845978
2549,RF,0.291,2065.0,1.1956901978225327
2620,RF,0.291,2065.0,1.1956901978225327
1065,RF,0.29,2067.0,1.1915812967990875
2771,RF,0.29,2067.0,1.1915812967990875
670,RF,0.289,2069.0,1.1874723957756423
1300,RF,0.289,2069.0,1.1874723957756423
554,RF,0.288,2071.0,1.1833634947521974
931,RF,0.288,2071.0,1.1833634947521974
2172,RF,0.288,2071.0,1.1833634947521974
2324,RF,0.288,2071.0,1.1833634947521974
2428,RF,0.288,2071.0,1.1833634947521974
600,RF,0.287,2076.0,1.1792545937287522
1365,RF,0.287,2076.0,1.1792545937287522
94,RF,0.286,2078.0,1.175145692705307
810,RF,0.286,2078.0,1.175145692705307
1207,RF,0.286,2078.0,1.175145692705307
2692,RF,0.286,2078.0,1.175145692705307
224,RF,0.285,2082.0,1.1710367916818618
301,RF,0.285,2082.0,1.1710367916818618
2107,RF,0.285,2082.0,1.1710367916818618
2228,RF,0.285,2082.0,1.1710367916818618
2406,RF,0.285,2082.0,1.1710367916818618
16,RF,0.284,2087.0,1.1669278906584168
2507,RF,0.284,2087.0,1.1669278906584168
989,RF,0.283,2089.0,1.1628189896349717
1366,RF,0.283,2089.0,1.1628189896349717
2181,RF,0.283,2089.0,1.1628189896349717
139,RF,0.282,2092.0,1.1587100886115265
1103,RF,0.282,2092.0,1.1587100886115265
1696,RF,0.282,2092.0,1.1587100886115265
57,RF,0.281,2095.0,1.1546011875880815
499,RF,0.281,2095.0,1.1546011875880815
1078,RF,0.281,2095.0,1.1546011875880815
1462,RF,0.281,2095.0,1.1546011875880815
1912,RF,0.281,2095.0,1.1546011875880815
2144,RF,0.281,2095.0,1.1546011875880815
2387,RF,0.281,2095.0,1.1546011875880815
524,RF,0.28,2102.0,1.1504922865646365
2675,RF,0.28,2102.0,1.1504922865646365
453,RF,0.279,2104.0,1.1463833855411913
840,RF,0.279,2104.0,1.1463833855411913
1433,RF,0.279,2104.0,1.1463833855411913
2454,RF,0.279,2104.0,1.1463833855411913
2533,RF,0.279,2104.0,1.1463833855411913
2637,RF,0.279,2104.0,1.1463833855411913
216,RF,0.278,2110.0,1.1422744845177462
471,RF,0.278,2110.0,1.1422744845177462
737,RF,0.278,2110.0,1.1422744845177462
1834,RF,0.278,2110.0,1.1422744845177462
2129,RF,0.278,2110.0,1.1422744845177462
2364,RF,0.278,2110.0,1.1422744845177462
21,RF,0.277,2116.0,1.138165583494301
727,RF,0.276,2117.0,1.134056682470856
783,RF,0.276,2117.0,1.134056682470856
2215,RF,0.276,2117.0,1.134056682470856
2402,RF,0.276,2117.0,1.134056682470856
487,RF,0.275,2121.0,1.1299477814474108
813,RF,0.275,2121.0,1.1299477814474108
1131,RF,0.275,2121.0,1.1299477814474108
1495,RF,0.275,2121.0,1.1299477814474108
542,RF,0.274,2125.0,1.1258388804239656
834,RF,0.274,2125.0,1.1258388804239656
2592,RF,0.274,2125.0,1.1258388804239656
148,RF,0.273,2128.0,1.1217299794005204
268,RF,0.273,2128.0,1.1217299794005204
2299,RF,0.273,2128.0,1.1217299794005204
804,RF,0.272,2131.0,1.1176210783770755
1156,RF,0.272,2131.0,1.1176210783770755
1284,RF,0.272,2131.0,1.1176210783770755
2748,RF,0.272,2131.0,1.1176210783770755
1358,RF,0.271,2135.0,1.1135121773536303
1918,RF,0.271,2135.0,1.1135121773536303
269,RF,0.27,2137.0,1.109403276330185
1386,RF,0.27,2137.0,1.109403276330185
2218,RF,0.269,2139.0,1.10529437530674
2715,RF,0.269,2139.0,1.10529437530674
881,RF,0.268,2141.0,1.101185474283295
1043,RF,0.268,2141.0,1.101185474283295
123,RF,0.267,2143.0,1.0970765732598498
233,RF,0.267,2143.0,1.0970765732598498
1874,RF,0.267,2143.0,1.0970765732598498
1896,RF,0.267,2143.0,1.0970765732598498
213,RF,0.266,2147.0,1.0929676722364046
591,RF,0.266,2147.0,1.0929676722364046
620,RF,0.266,2147.0,1.0929676722364046
1050,RF,0.266,2147.0,1.0929676722364046
2409,RF,0.266,2147.0,1.0929676722364046
356,RF,0.265,2152.0,1.0888587712129594
461,RF,0.265,2152.0,1.0888587712129594
626,RF,0.265,2152.0,1.0888587712129594
1230,RF,0.265,2152.0,1.0888587712129594
2399,RF,0.265,2152.0,1.0888587712129594
2706,RF,0.265,2152.0,1.0888587712129594
498,RF,0.264,2158.0,1.0847498701895144
974,RF,0.264,2158.0,1.0847498701895144
1149,RF,0.264,2158.0,1.0847498701895144
1393,RF,0.264,2158.0,1.0847498701895144
419,RF,0.263,2162.0,1.0806409691660692
477,RF,0.263,2162.0,1.0806409691660692
907,RF,0.263,2162.0,1.0806409691660692
1170,RF,0.263,2162.0,1.0806409691660692
1370,RF,0.263,2162.0,1.0806409691660692
1633,RF,0.263,2162.0,1.0806409691660692
1235,RF,0.262,2168.0,1.076532068142624
1552,RF,0.262,2168.0,1.076532068142624
2125,RF,0.262,2168.0,1.076532068142624
1332,RF,0.261,2171.0,1.0724231671191788
398,RF,0.26,2172.0,1.0683142660957339
1605,RF,0.26,2172.0,1.0683142660957339
1795,RF,0.26,2172.0,1.0683142660957339
1921,RF,0.26,2172.0,1.0683142660957339
1253,RF,0.259,2176.0,1.0642053650722887
1259,RF,0.259,2176.0,1.0642053650722887
2729,RF,0.259,2176.0,1.0642053650722887
517,RF,0.258,2179.0,1.0600964640488435
1435,RF,0.258,2179.0,1.0600964640488435
1517,RF,0.258,2179.0,1.0600964640488435
2322,RF,0.258,2179.0,1.0600964640488435
2642,RF,0.258,2179.0,1.0600964640488435
1668,RF,0.257,2184.0,1.0559875630253983
2096,RF,0.257,2184.0,1.0559875630253983
2276,RF,0.257,2184.0,1.0559875630253983
2668,RF,0.257,2184.0,1.0559875630253983
68,RF,0.256,2188.0,1.0518786620019533
1449,RF,0.256,2188.0,1.0518786620019533
2256,RF,0.256,2188.0,1.0518786620019533
49,RF,0.255,2191.0,1.0477697609785082
77,RF,0.255,2191.0,1.0477697609785082
715,RF,0.255,2191.0,1.0477697609785082
1844,RF,0.255,2191.0,1.0477697609785082
2516,RF,0.255,2191.0,1.0477697609785082
2661,RF,0.255,2191.0,1.0477697609785082
440,RF,0.254,2197.0,1.043660859955063
817,RF,0.254,2197.0,1.043660859955063
2427,RF,0.254,2197.0,1.043660859955063
983,RF,0.253,2200.0,1.0395519589316178
2747,RF,0.253,2200.0,1.0395519589316178
864,RF,0.252,2202.0,1.0354430579081728
1060,RF,0.252,2202.0,1.0354430579081728
1278,RF,0.252,2202.0,1.0354430579081728
1799,RF,0.252,2202.0,1.0354430579081728
2407,RF,0.252,2202.0,1.0354430579081728
2573,RF,0.252,2202.0,1.0354430579081728
2636,RF,0.252,2202.0,1.0354430579081728
543,RF,0.251,2209.0,1.0313341568847276
1434,RF,0.251,2209.0,1.0313341568847276
1457,RF,0.25,2211.0,1.0272252558612824
1865,RF,0.25,2211.0,1.0272252558612824
1368,RF,0.249,2213.0,1.0231163548378372
332,RF,0.248,2214.0,1.0190074538143923
412,RF,0.248,2214.0,1.0190074538143923
1127,RF,0.248,2214.0,1.0190074538143923
1426,RF,0.248,2214.0,1.0190074538143923
731,RF,0.247,2218.0,1.014898552790947
1461,RF,0.247,2218.0,1.014898552790947
1911,RF,0.247,2218.0,1.014898552790947
1319,RF,0.246,2221.0,1.010789651767502
182,RF,0.245,2222.0,1.0066807507440567
577,RF,0.245,2222.0,1.0066807507440567
2017,RF,0.245,2222.0,1.0066807507440567
1092,RF,0.244,2225.0,1.0025718497206118
50,RF,0.243,2226.0,0.9984629486971666
116,RF,0.243,2226.0,0.9984629486971666
118,RF,0.243,2226.0,0.9984629486971666
247,RF,0.243,2226.0,0.9984629486971666
537,RF,0.243,2226.0,0.9984629486971666
2244,RF,0.243,2226.0,0.9984629486971666
2681,RF,0.243,2226.0,0.9984629486971666
239,RF,0.242,2233.0,0.9943540476737214
666,RF,0.242,2233.0,0.9943540476737214
1196,RF,0.242,2233.0,0.9943540476737214
1592,RF,0.242,2233.0,0.9943540476737214
1947,RF,0.242,2233.0,0.9943540476737214
1346,RF,0.241,2238.0,0.9902451466502763
165,RF,0.24,2239.0,0.9861362456268311
987,RF,0.24,2239.0,0.9861362456268311
1006,RF,0.24,2239.0,0.9861362456268311
209,RF,0.239,2242.0,0.982027344603386
1769,RF,0.239,2242.0,0.982027344603386
2353,RF,0.239,2242.0,0.982027344603386
1175,RF,0.237,2245.0,0.9738095425564958
1288,RF,0.237,2245.0,0.9738095425564958
1602,RF,0.237,2245.0,0.9738095425564958
2574,RF,0.237,2245.0,0.9738095425564958
1180,RF,0.236,2249.0,0.9697006415330506
1975,RF,0.236,2249.0,0.9697006415330506
808,RF,0.234,2251.0,0.9614828394861604
1057,RF,0.234,2251.0,0.9614828394861604
2123,RF,0.234,2251.0,0.9614828394861604
926,RF,0.233,2254.0,0.9573739384627153
1262,RF,0.233,2254.0,0.9573739384627153
1751,RF,0.233,2254.0,0.9573739384627153
2050,RF,0.233,2254.0,0.9573739384627153
2176,RF,0.233,2254.0,0.9573739384627153
1091,RF,0.232,2259.0,0.9532650374392702
2111,RF,0.232,2259.0,0.9532650374392702
2383,RF,0.232,2259.0,0.9532650374392702
1168,RF,0.231,2262.0,0.9491561364158251
1273,RF,0.231,2262.0,0.9491561364158251
2744,RF,0.231,2262.0,0.9491561364158251
3,RF,0.23,2265.0,0.9450472353923799
436,RF,0.23,2265.0,0.9450472353923799
678,RF,0.23,2265.0,0.9450472353923799
699,RF,0.23,2265.0,0.9450472353923799
1318,RF,0.229,2269.0,0.9409383343689348
1466,RF,0.229,2269.0,0.9409383343689348
2143,RF,0.229,2269.0,0.9409383343689348
327,RF,0.228,2272.0,0.9368294333454896
681,RF,0.228,2272.0,0.9368294333454896
1071,RF,0.228,2272.0,0.9368294333454896
1496,RF,0.228,2272.0,0.9368294333454896
1774,RF,0.228,2272.0,0.9368294333454896
1878,RF,0.228,2272.0,0.9368294333454896
2040,RF,0.228,2272.0,0.9368294333454896
2288,RF,0.228,2272.0,0.9368294333454896
2377,RF,0.228,2272.0,0.9368294333454896
446,RF,0.227,2281.0,0.9327205323220445
999,RF,0.227,2281.0,0.9327205323220445
1967,RF,0.225,2283.0,0.9245027302751543
2687,RF,0.225,2283.0,0.9245027302751543
71,RF,0.224,2285.0,0.9203938292517091
880,RF,0.224,2285.0,0.9203938292517091
1228,RF,0.224,2285.0,0.9203938292517091
1317,RF,0.224,2285.0,0.9203938292517091
2303,RF,0.224,2285.0,0.9203938292517091
1504,RF,0.223,2290.0,0.916284928228264
1675,RF,0.223,2290.0,0.916284928228264
2061,RF,0.223,2290.0,0.916284928228264
1191,RF,0.222,2293.0,0.9121760272048188
1757,RF,0.222,2293.0,0.9121760272048188
1848,RF,0.222,2293.0,0.9121760272048188
1887,RF,0.222,2293.0,0.9121760272048188
1926,RF,0.222,2293.0,0.9121760272048188
2236,RF,0.222,2293.0,0.9121760272048188
421,RF,0.221,2299.0,0.9080671261813738
680,RF,0.221,2299.0,0.9080671261813738
736,RF,0.221,2299.0,0.9080671261813738
133,RF,0.22,2302.0,0.9039582251579286
644,RF,0.22,2302.0,0.9039582251579286
645,RF,0.22,2302.0,0.9039582251579286
1058,RF,0.22,2302.0,0.9039582251579286
1216,RF,0.22,2302.0,0.9039582251579286
1508,RF,0.22,2302.0,0.9039582251579286
1785,RF,0.22,2302.0,0.9039582251579286
1396,RF,0.219,2309.0,0.8998493241344835
1822,RF,0.219,2309.0,0.8998493241344835
2751,RF,0.219,2309.0,0.8998493241344835
592,RF,0.218,2312.0,0.8957404231110383
1336,RF,0.218,2312.0,0.8957404231110383
359,RF,0.217,2314.0,0.8916315220875932
393,RF,0.217,2314.0,0.8916315220875932
648,RF,0.217,2314.0,0.8916315220875932
1737,RF,0.217,2314.0,0.8916315220875932
1857,RF,0.217,2314.0,0.8916315220875932
2328,RF,0.217,2314.0,0.8916315220875932
2721,RF,0.217,2314.0,0.8916315220875932
2071,RF,0.216,2321.0,0.887522621064148
2396,RF,0.216,2321.0,0.887522621064148
14,RF,0.215,2323.0,0.883413720040703
1331,RF,0.215,2323.0,0.883413720040703
1671,RF,0.215,2323.0,0.883413720040703
2174,RF,0.214,2326.0,0.8793048190172578
87,RF,0.213,2327.0,0.8751959179938127
399,RF,0.213,2327.0,0.8751959179938127
1831,RF,0.213,2327.0,0.8751959179938127
2472,RF,0.213,2327.0,0.8751959179938127
63,RF,0.212,2331.0,0.8710870169703675
232,RF,0.212,2331.0,0.8710870169703675
2534,RF,0.212,2331.0,0.8710870169703675
2626,RF,0.212,2331.0,0.8710870169703675
1362,RF,0.211,2335.0,0.8669781159469224
1820,RF,0.211,2335.0,0.8669781159469224
275,RF,0.21,2337.0,0.8628692149234772
992,RF,0.21,2337.0,0.8628692149234772
2186,RF,0.21,2337.0,0.8628692149234772
2572,RF,0.21,2337.0,0.8628692149234772
789,RF,0.209,2341.0,0.8587603139000322
1227,RF,0.209,2341.0,0.8587603139000322
1561,RF,0.209,2341.0,0.8587603139000322
2182,RF,0.209,2341.0,0.8587603139000322
103,RF,0.208,2345.0,0.854651412876587
163,RF,0.208,2345.0,0.854651412876587
284,RF,0.208,2345.0,0.854651412876587
576,RF,0.208,2345.0,0.854651412876587
1709,RF,0.208,2345.0,0.854651412876587
2712,RF,0.208,2345.0,0.854651412876587
1132,RF,0.207,2351.0,0.8505425118531419
1376,RF,0.207,2351.0,0.8505425118531419
1464,RF,0.207,2351.0,0.8505425118531419
2072,RF,0.207,2351.0,0.8505425118531419
106,RF,0.206,2355.0,0.8464336108296967
1049,RF,0.206,2355.0,0.8464336108296967
1851,RF,0.206,2355.0,0.8464336108296967
2465,RF,0.206,2355.0,0.8464336108296967
643,RF,0.205,2359.0,0.8423247098062516
1222,RF,0.205,2359.0,0.8423247098062516
1236,RF,0.205,2359.0,0.8423247098062516
1294,RF,0.205,2359.0,0.8423247098062516
1573,RF,0.205,2359.0,0.8423247098062516
1987,RF,0.205,2359.0,0.8423247098062516
2362,RF,0.205,2359.0,0.8423247098062516
2426,RF,0.205,2359.0,0.8423247098062516
882,RF,0.204,2367.0,0.8382158087828064
1741,RF,0.204,2367.0,0.8382158087828064
711,RF,0.203,2369.0,0.8341069077593615
1327,RF,0.203,2369.0,0.8341069077593615
1868,RF,0.203,2369.0,0.8341069077593615
2015,RF,0.203,2369.0,0.8341069077593615
2166,RF,0.203,2369.0,0.8341069077593615
2239,RF,0.203,2369.0,0.8341069077593615
497,RF,0.202,2375.0,0.8299980067359163
48,RF,0.201,2376.0,0.8258891057124712
1022,RF,0.201,2376.0,0.8258891057124712
1036,RF,0.201,2376.0,0.8258891057124712
1133,RF,0.201,2376.0,0.8258891057124712
1357,RF,0.201,2376.0,0.8258891057124712
1516,RF,0.201,2376.0,0.8258891057124712
2139,RF,0.201,2376.0,0.8258891057124712
2669,RF,0.201,2376.0,0.8258891057124712
941,RF,0.2,2384.0,0.821780204689026
1676,RF,0.2,2384.0,0.821780204689026
2009,RF,0.2,2384.0,0.821780204689026
2316,RF,0.2,2384.0,0.821780204689026
2606,RF,0.2,2384.0,0.821780204689026
571,RF,0.199,2389.0,0.8176713036655809
903,RF,0.199,2389.0,0.8176713036655809
1282,RF,0.199,2389.0,0.8176713036655809
2196,RF,0.199,2389.0,0.8176713036655809
2521,RF,0.199,2389.0,0.8176713036655809
36,RF,0.197,2394.0,0.8094535016186907
687,RF,0.197,2394.0,0.8094535016186907
1509,RF,0.197,2394.0,0.8094535016186907
1827,RF,0.197,2394.0,0.8094535016186907
2124,RF,0.197,2394.0,0.8094535016186907
2342,RF,0.197,2394.0,0.8094535016186907
760,RF,0.196,2400.0,0.8053446005952455
1556,RF,0.196,2400.0,0.8053446005952455
1638,RF,0.196,2400.0,0.8053446005952455
1870,RF,0.196,2400.0,0.8053446005952455
2336,RF,0.196,2400.0,0.8053446005952455
2498,RF,0.196,2400.0,0.8053446005952455
1265,RF,0.195,2406.0,0.8012356995718004
2046,RF,0.195,2406.0,0.8012356995718004
2652,RF,0.195,2406.0,0.8012356995718004
299,RF,0.194,2409.0,0.7971267985483552
842,RF,0.194,2409.0,0.7971267985483552
1289,RF,0.194,2409.0,0.7971267985483552
1632,RF,0.194,2409.0,0.7971267985483552
1889,RF,0.194,2409.0,0.7971267985483552
2101,RF,0.194,2409.0,0.7971267985483552
2569,RF,0.194,2409.0,0.7971267985483552
641,RF,0.193,2416.0,0.7930178975249101
1424,RF,0.193,2416.0,0.7930178975249101
2086,RF,0.193,2416.0,0.7930178975249101
2502,RF,0.193,2416.0,0.7930178975249101
929,RF,0.192,2420.0,0.788908996501465
1626,RF,0.192,2420.0,0.788908996501465
2513,RF,0.192,2420.0,0.788908996501465
2720,RF,0.192,2420.0,0.788908996501465
448,RF,0.191,2424.0,0.7848000954780198
764,RF,0.191,2424.0,0.7848000954780198
1024,RF,0.191,2424.0,0.7848000954780198
1177,RF,0.191,2424.0,0.7848000954780198
1619,RF,0.191,2424.0,0.7848000954780198
1901,RF,0.191,2424.0,0.7848000954780198
354,RF,0.19,2430.0,0.7806911944545747
1600,RF,0.19,2430.0,0.7806911944545747
1850,RF,0.19,2430.0,0.7806911944545747
2016,RF,0.19,2430.0,0.7806911944545747
2219,RF,0.19,2430.0,0.7806911944545747
2596,RF,0.19,2430.0,0.7806911944545747
2711,RF,0.19,2430.0,0.7806911944545747
374,RF,0.189,2437.0,0.7765822934311295
2112,RF,0.189,2437.0,0.7765822934311295
2378,RF,0.189,2437.0,0.7765822934311295
2625,RF,0.189,2437.0,0.7765822934311295
724,RF,0.188,2441.0,0.7724733924076844
953,RF,0.188,2441.0,0.7724733924076844
2641,RF,0.188,2441.0,0.7724733924076844
13,RF,0.187,2444.0,0.7683644913842392
290,RF,0.187,2444.0,0.7683644913842392
1515,RF,0.187,2444.0,0.7683644913842392
1816,RF,0.187,2444.0,0.7683644913842392
2433,RF,0.187,2444.0,0.7683644913842392
274,RF,0.186,2449.0,0.7642555903607942
1505,RF,0.186,2449.0,0.7642555903607942
317,RF,0.185,2451.0,0.760146689337349
831,RF,0.185,2451.0,0.760146689337349
1615,RF,0.185,2451.0,0.760146689337349
2603,RF,0.185,2451.0,0.760146689337349
92,RF,0.184,2455.0,0.7560377883139039
510,RF,0.184,2455.0,0.7560377883139039
751,RF,0.184,2455.0,0.7560377883139039
984,RF,0.184,2455.0,0.7560377883139039
1588,RF,0.184,2455.0,0.7560377883139039
2382,RF,0.184,2455.0,0.7560377883139039
83,RF,0.183,2461.0,0.7519288872904587
1256,RF,0.183,2461.0,0.7519288872904587
1463,RF,0.183,2461.0,0.7519288872904587
1679,RF,0.183,2461.0,0.7519288872904587
30,RF,0.182,2465.0,0.7478199862670136
475,RF,0.182,2465.0,0.7478199862670136
912,RF,0.182,2465.0,0.7478199862670136
985,RF,0.182,2465.0,0.7478199862670136
1099,RF,0.182,2465.0,0.7478199862670136
2127,RF,0.182,2465.0,0.7478199862670136
2285,RF,0.182,2465.0,0.7478199862670136
2385,RF,0.182,2465.0,0.7478199862670136
329,RF,0.181,2473.0,0.7437110852435684
584,RF,0.181,2473.0,0.7437110852435684
949,RF,0.181,2473.0,0.7437110852435684
1553,RF,0.181,2473.0,0.7437110852435684
2343,RF,0.181,2473.0,0.7437110852435684
2349,RF,0.181,2473.0,0.7437110852435684
2647,RF,0.181,2473.0,0.7437110852435684
2777,RF,0.181,2473.0,0.7437110852435684
5,RF,0.18,2481.0,0.7396021842201234
190,RF,0.18,2481.0,0.7396021842201234
848,RF,0.18,2481.0,0.7396021842201234
1086,RF,0.18,2481.0,0.7396021842201234
1471,RF,0.18,2481.0,0.7396021842201234
2577,RF,0.18,2481.0,0.7396021842201234
368,RF,0.179,2487.0,0.7354932831966782
828,RF,0.179,2487.0,0.7354932831966782
1765,RF,0.179,2487.0,0.7354932831966782
2379,RF,0.179,2487.0,0.7354932831966782
642,RF,0.178,2491.0,0.7313843821732331
887,RF,0.178,2491.0,0.7313843821732331
1335,RF,0.178,2491.0,0.7313843821732331
1886,RF,0.178,2491.0,0.7313843821732331
361,RF,0.177,2495.0,0.7272754811497879
631,RF,0.177,2495.0,0.7272754811497879
796,RF,0.177,2495.0,0.7272754811497879
2197,RF,0.177,2495.0,0.7272754811497879
2271,RF,0.177,2495.0,0.7272754811497879
2331,RF,0.177,2495.0,0.7272754811497879
2414,RF,0.177,2495.0,0.7272754811497879
2558,RF,0.177,2495.0,0.7272754811497879
550,RF,0.176,2503.0,0.7231665801263428
982,RF,0.176,2503.0,0.7231665801263428
1003,RF,0.176,2503.0,0.7231665801263428
1595,RF,0.176,2503.0,0.7231665801263428
242,RF,0.175,2507.0,0.7190576791028976
875,RF,0.175,2507.0,0.7190576791028976
1299,RF,0.175,2507.0,0.7190576791028976
2317,RF,0.175,2507.0,0.7190576791028976
2449,RF,0.175,2507.0,0.7190576791028976
2493,RF,0.175,2507.0,0.7190576791028976
136,RF,0.174,2513.0,0.7149487780794526
1801,RF,0.174,2513.0,0.7149487780794526
2694,RF,0.174,2513.0,0.7149487780794526
1381,RF,0.173,2516.0,0.7108398770560074
1589,RF,0.173,2516.0,0.7108398770560074
1598,RF,0.173,2516.0,0.7108398770560074
1836,RF,0.173,2516.0,0.7108398770560074
2510,RF,0.173,2516.0,0.7108398770560074
2732,RF,0.173,2516.0,0.7108398770560074
296,RF,0.172,2522.0,0.7067309760325623
939,RF,0.172,2522.0,0.7067309760325623
2563,RF,0.172,2522.0,0.7067309760325623
331,RF,0.171,2525.0,0.7026220750091172
480,RF,0.171,2525.0,0.7026220750091172
841,RF,0.171,2525.0,0.7026220750091172
1928,RF,0.171,2525.0,0.7026220750091172
2555,RF,0.171,2525.0,0.7026220750091172
2587,RF,0.171,2525.0,0.7026220750091172
1906,RF,0.17,2531.0,0.6985131739856721
2165,RF,0.17,2531.0,0.6985131739856721
1446,RF,0.169,2533.0,0.694404272962227
1527,RF,0.169,2533.0,0.694404272962227
1683,RF,0.169,2533.0,0.694404272962227
2308,RF,0.169,2533.0,0.694404272962227
2738,RF,0.169,2533.0,0.694404272962227
200,RF,0.168,2538.0,0.6902953719387819
309,RF,0.168,2538.0,0.6902953719387819
910,RF,0.168,2538.0,0.6902953719387819
936,RF,0.168,2538.0,0.6902953719387819
1162,RF,0.168,2538.0,0.6902953719387819
1525,RF,0.168,2538.0,0.6902953719387819
1916,RF,0.168,2538.0,0.6902953719387819
1988,RF,0.168,2538.0,0.6902953719387819
2207,RF,0.168,2538.0,0.6902953719387819
2565,RF,0.168,2538.0,0.6902953719387819
894,RF,0.167,2548.0,0.6861864709153367
1603,RF,0.167,2548.0,0.6861864709153367
1703,RF,0.167,2548.0,0.6861864709153367
1732,RF,0.167,2548.0,0.6861864709153367
1812,RF,0.167,2548.0,0.6861864709153367
1823,RF,0.167,2548.0,0.6861864709153367
2208,RF,0.167,2548.0,0.6861864709153367
2478,RF,0.167,2548.0,0.6861864709153367
2482,RF,0.167,2548.0,0.6861864709153367
2155,RF,0.166,2557.0,0.6820775698918916
2270,RF,0.166,2557.0,0.6820775698918916
2693,RF,0.166,2557.0,0.6820775698918916
558,RF,0.165,2560.0,0.6779686688684464
870,RF,0.165,2560.0,0.6779686688684464
1941,RF,0.165,2560.0,0.6779686688684464
2550,RF,0.165,2560.0,0.6779686688684464
2730,RF,0.165,2560.0,0.6779686688684464
140,RF,0.164,2565.0,0.6738597678450013
465,RF,0.164,2565.0,0.6738597678450013
692,RF,0.164,2565.0,0.6738597678450013
1161,RF,0.164,2565.0,0.6738597678450013
1249,RF,0.164,2565.0,0.6738597678450013
1624,RF,0.164,2565.0,0.6738597678450013
1840,RF,0.164,2565.0,0.6738597678450013
2559,RF,0.164,2565.0,0.6738597678450013
2,RF,0.163,2573.0,0.6697508668215562
1159,RF,0.163,2573.0,0.6697508668215562
1804,RF,0.163,2573.0,0.6697508668215562
2095,RF,0.163,2573.0,0.6697508668215562
2352,RF,0.163,2573.0,0.6697508668215562
2429,RF,0.163,2573.0,0.6697508668215562
152,RF,0.162,2579.0,0.6656419657981111
1735,RF,0.162,2579.0,0.6656419657981111
2345,RF,0.162,2579.0,0.6656419657981111
2589,RF,0.162,2579.0,0.6656419657981111
158,RF,0.161,2583.0,0.6615330647746659
231,RF,0.161,2583.0,0.6615330647746659
313,RF,0.161,2583.0,0.6615330647746659
604,RF,0.161,2583.0,0.6615330647746659
1054,RF,0.161,2583.0,0.6615330647746659
2094,RF,0.161,2583.0,0.6615330647746659
2190,RF,0.161,2583.0,0.6615330647746659
2535,RF,0.161,2583.0,0.6615330647746659
579,RF,0.16,2591.0,0.6574241637512208
1429,RF,0.16,2591.0,0.6574241637512208
2146,RF,0.16,2591.0,0.6574241637512208
134,RF,0.159,2594.0,0.6533152627277756
207,RF,0.159,2594.0,0.6533152627277756
919,RF,0.159,2594.0,0.6533152627277756
1718,RF,0.159,2594.0,0.6533152627277756
2492,RF,0.159,2594.0,0.6533152627277756
430,RF,0.158,2599.0,0.6492063617043305
595,RF,0.158,2599.0,0.6492063617043305
932,RF,0.158,2599.0,0.6492063617043305
2126,RF,0.158,2599.0,0.6492063617043305
88,RF,0.157,2603.0,0.6450974606808854
930,RF,0.157,2603.0,0.6450974606808854
1030,RF,0.157,2603.0,0.6450974606808854
479,RF,0.156,2606.0,0.6409885596574403
854,RF,0.156,2606.0,0.6409885596574403
1797,RF,0.156,2606.0,0.6409885596574403
2011,RF,0.156,2606.0,0.6409885596574403
273,RF,0.155,2610.0,0.6368796586339951
315,RF,0.155,2610.0,0.6368796586339951
980,RF,0.155,2610.0,0.6368796586339951
1745,RF,0.155,2610.0,0.6368796586339951
2536,RF,0.155,2610.0,0.6368796586339951
120,RF,0.154,2615.0,0.63277075761055
1234,RF,0.154,2615.0,0.63277075761055
2707,RF,0.154,2615.0,0.63277075761055
693,RF,0.153,2618.0,0.6286618565871048
1134,RF,0.153,2618.0,0.6286618565871048
1198,RF,0.153,2618.0,0.6286618565871048
1487,RF,0.153,2618.0,0.6286618565871048
2272,RF,0.153,2618.0,0.6286618565871048
2280,RF,0.153,2618.0,0.6286618565871048
28,RF,0.152,2624.0,0.6245529555636598
652,RF,0.152,2624.0,0.6245529555636598
1842,RF,0.152,2624.0,0.6245529555636598
285,RF,0.151,2627.0,0.6204440545402146
634,RF,0.151,2627.0,0.6204440545402146
651,RF,0.151,2627.0,0.6204440545402146
838,RF,0.151,2627.0,0.6204440545402146
1636,RF,0.151,2627.0,0.6204440545402146
1991,RF,0.151,2627.0,0.6204440545402146
2121,RF,0.151,2627.0,0.6204440545402146
2283,RF,0.151,2627.0,0.6204440545402146
2557,RF,0.151,2627.0,0.6204440545402146
336,RF,0.15,2636.0,0.6163351535167695
723,RF,0.15,2636.0,0.6163351535167695
1641,RF,0.15,2636.0,0.6163351535167695
375,RF,0.149,2639.0,0.6122262524933243
1206,RF,0.149,2639.0,0.6122262524933243
1232,RF,0.149,2639.0,0.6122262524933243
1399,RF,0.149,2639.0,0.6122262524933243
154,RF,0.148,2643.0,0.6081173514698792
2310,RF,0.148,2643.0,0.6081173514698792
2734,RF,0.148,2643.0,0.6081173514698792
1398,RF,0.147,2646.0,0.604008450446434
1750,RF,0.147,2646.0,0.604008450446434
1984,RF,0.147,2646.0,0.604008450446434
2267,RF,0.147,2646.0,0.604008450446434
243,RF,0.146,2650.0,0.599899549422989
1821,RF,0.146,2650.0,0.599899549422989
2109,RF,0.146,2650.0,0.599899549422989
2423,RF,0.146,2650.0,0.599899549422989
1287,RF,0.145,2654.0,0.5957906483995438
2134,RF,0.145,2654.0,0.5957906483995438
2417,RF,0.145,2654.0,0.5957906483995438
2499,RF,0.145,2654.0,0.5957906483995438
2579,RF,0.145,2654.0,0.5957906483995438
2671,RF,0.145,2654.0,0.5957906483995438
928,RF,0.144,2660.0,0.5916817473760987
1075,RF,0.144,2660.0,0.5916817473760987
1095,RF,0.144,2660.0,0.5916817473760987
1187,RF,0.144,2660.0,0.5916817473760987
1485,RF,0.144,2660.0,0.5916817473760987
1498,RF,0.144,2660.0,0.5916817473760987
779,RF,0.143,2666.0,0.5875728463526535
1379,RF,0.143,2666.0,0.5875728463526535
1580,RF,0.143,2666.0,0.5875728463526535
1687,RF,0.143,2666.0,0.5875728463526535
1770,RF,0.143,2666.0,0.5875728463526535
2297,RF,0.143,2666.0,0.5875728463526535
1186,RF,0.142,2672.0,0.5834639453292084
2666,RF,0.142,2672.0,0.5834639453292084
383,RF,0.141,2674.0,0.5793550443057632
1000,RF,0.141,2674.0,0.5793550443057632
1322,RF,0.141,2674.0,0.5793550443057632
2560,RF,0.141,2674.0,0.5793550443057632
2438,RF,0.14,2678.0,0.5752461432823183
2653,RF,0.14,2678.0,0.5752461432823183
121,RF,0.139,2680.0,0.5711372422588731
215,RF,0.139,2680.0,0.5711372422588731
551,RF,0.139,2680.0,0.5711372422588731
1520,RF,0.139,2680.0,0.5711372422588731
1578,RF,0.139,2680.0,0.5711372422588731
72,RF,0.138,2685.0,0.567028341235428
1016,RF,0.138,2685.0,0.567028341235428
1465,RF,0.138,2685.0,0.567028341235428
720,RF,0.137,2688.0,0.5629194402119828
1760,RF,0.137,2688.0,0.5629194402119828
2192,RF,0.137,2688.0,0.5629194402119828
2340,RF,0.137,2688.0,0.5629194402119828
2663,RF,0.137,2688.0,0.5629194402119828
2685,RF,0.137,2688.0,0.5629194402119828
884,RF,0.136,2694.0,0.5588105391885377
252,RF,0.135,2695.0,0.5547016381650925
254,RF,0.135,2695.0,0.5547016381650925
20,RF,0.134,2697.0,0.5505927371416475
67,RF,0.134,2697.0,0.5505927371416475
515,RF,0.134,2697.0,0.5505927371416475
1002,RF,0.134,2697.0,0.5505927371416475
632,RF,0.133,2701.0,0.5464838361182023
1714,RF,0.132,2702.0,0.5423749350947572
614,RF,0.131,2703.0,0.538266034071312
1077,RF,0.131,2703.0,0.538266034071312
1350,RF,0.131,2703.0,0.538266034071312
1810,RF,0.131,2703.0,0.538266034071312
1902,RF,0.131,2703.0,0.538266034071312
1936,RF,0.131,2703.0,0.538266034071312
1324,RF,0.13,2709.0,0.5341571330478669
1373,RF,0.13,2709.0,0.5341571330478669
2193,RF,0.13,2709.0,0.5341571330478669
2202,RF,0.13,2709.0,0.5341571330478669
108,RF,0.129,2713.0,0.5300482320244218
1139,RF,0.129,2713.0,0.5300482320244218
380,RF,0.128,2715.0,0.5259393310009767
1064,RF,0.128,2715.0,0.5259393310009767
2753,RF,0.128,2715.0,0.5259393310009767
54,RF,0.127,2718.0,0.5218304299775315
1197,RF,0.127,2718.0,0.5218304299775315
793,RF,0.126,2720.0,0.5177215289540864
868,RF,0.126,2720.0,0.5177215289540864
1479,RF,0.126,2720.0,0.5177215289540864
1859,RF,0.126,2720.0,0.5177215289540864
921,RF,0.125,2724.0,0.5136126279306412
1038,RF,0.125,2724.0,0.5136126279306412
504,RF,0.124,2726.0,0.5095037269071961
948,RF,0.124,2726.0,0.5095037269071961
1307,RF,0.124,2726.0,0.5095037269071961
2772,RF,0.124,2726.0,0.5095037269071961
802,RF,0.123,2730.0,0.505394825883751
191,RF,0.122,2731.0,0.5012859248603059
472,RF,0.122,2731.0,0.5012859248603059
1247,RF,0.122,2731.0,0.5012859248603059
1617,RF,0.122,2731.0,0.5012859248603059
2304,RF,0.121,2735.0,0.4971770238368607
627,RF,0.12,2736.0,0.49306812281341555
1667,RF,0.12,2736.0,0.49306812281341555
1915,RF,0.12,2736.0,0.49306812281341555
291,RF,0.119,2739.0,0.4889592217899704
2062,RF,0.119,2739.0,0.4889592217899704
2645,RF,0.119,2739.0,0.4889592217899704
791,RF,0.118,2742.0,0.4848503207665253
1063,RF,0.118,2742.0,0.4848503207665253
1726,RF,0.118,2742.0,0.4848503207665253
2664,RF,0.118,2742.0,0.4848503207665253
1917,RF,0.116,2746.0,0.4766325187196351
2263,RF,0.115,2747.0,0.47252361769618995
1245,RF,0.114,2748.0,0.4684147166727448
1727,RF,0.114,2748.0,0.4684147166727448
2768,RF,0.112,2750.0,0.46019691462585455
993,RF,0.111,2751.0,0.4560880136024094
2320,RF,0.111,2751.0,0.4560880136024094
1713,RF,0.11,2753.0,0.4519791125789643
1104,RF,0.109,2754.0,0.44787021155551915
2520,RF,0.109,2754.0,0.44787021155551915
1642,RF,0.108,2756.0,0.443761310532074
144,RF,0.107,2757.0,0.4396524095086289
1310,RF,0.107,2757.0,0.4396524095086289
2500,RF,0.107,2757.0,0.4396524095086289
181,RF,0.106,2760.0,0.43554350848518375
439,RF,0.106,2760.0,0.43554350848518375
1348,RF,0.105,2762.0,0.4314346074617386
1410,RF,0.105,2762.0,0.4314346074617386
2198,RF,0.105,2762.0,0.4314346074617386
229,RF,0.104,2765.0,0.4273257064382935
520,RF,0.104,2765.0,0.4273257064382935
2604,RF,0.104,2765.0,0.4273257064382935
726,RF,0.103,2768.0,0.42321680541484835
218,RF,0.102,2769.0,0.4191079043914032
1817,RF,0.1,2770.0,0.410890102344513
2064,RF,0.099,2771.0,0.4067812013210679
322,RF,0.098,2772.0,0.40267230029762274
758,RF,0.097,2773.0,0.3985633992741776
2413,RF,0.096,2774.0,0.3944544982507325
434,RF,0.095,2775.0,0.39034559722728734
1116,RF,0.089,2776.0,0.36569219108661655
2477,RF,0.088,2777.0,0.3615832900631714
663,RF,0.077,2778.0,0.316385378805275
2583,BRT,1.364,1.0,6.851586097658913
570,BRT,1.35,2.0,6.78126190017561
2052,BRT,1.342,3.0,6.7410766444708665
2029,BRT,1.299,4.0,6.525080895057864
2177,BRT,1.278,5.0,6.419594598832911
129,BRT,1.257,6.0,6.3141083026079565
527,BRT,1.212,7.0,6.08806623926877
1255,BRT,1.2,8.0,6.027788355711653
904,BRT,1.192,9.0,5.9876031000069085
220,BRT,1.155,10.0,5.801746292372466
1931,BRT,1.15,11.0,5.776630507557001
1437,BRT,1.128,12.0,5.666121054368953
351,BRT,1.125,13.0,5.651051583479675
979,BRT,1.11,14.0,5.57570422903328
996,BRT,1.098,15.0,5.515426345476163
294,BRT,1.071,16.0,5.379801107472651
2609,BRT,1.068,17.0,5.364731636583372
1355,BRT,1.06,18.0,5.324546380878627
1837,BRT,1.058,19.0,5.314500066952442
1530,BRT,1.021,20.0,5.128643259317998
539,BRT,1.011,21.0,5.0784116896870675
2404,BRT,0.996,22.0,5.003064335240673
2648,BRT,0.996,22.0,5.003064335240673
1692,BRT,0.989,24.0,4.967902236499021
797,BRT,0.985,25.0,4.947809608646649
1025,BRT,0.983,26.0,4.937763294720463
923,BRT,0.981,27.0,4.927716980794276
951,BRT,0.981,27.0,4.927716980794276
2266,BRT,0.98,29.0,4.9226938238311835
2305,BRT,0.974,30.0,4.892554882052625
117,BRT,0.972,31.0,4.882508568126439
561,BRT,0.97,32.0,4.872462254200253
2084,BRT,0.969,33.0,4.86743909723716
2110,BRT,0.965,34.0,4.847346469384788
1748,BRT,0.963,35.0,4.8373001554586015
2010,BRT,0.961,36.0,4.827253841532416
1345,BRT,0.957,37.0,4.807161213680043
1369,BRT,0.955,38.0,4.797114899753858
2290,BRT,0.953,39.0,4.787068585827671
44,BRT,0.943,40.0,4.73683701619674
885,BRT,0.941,41.0,4.726790702270555
358,BRT,0.938,42.0,4.711721231381276
1140,BRT,0.935,43.0,4.696651760491997
377,BRT,0.933,44.0,4.686605446565811
476,BRT,0.93,45.0,4.671535975676532
1597,BRT,0.924,46.0,4.641397033897974
429,BRT,0.919,47.0,4.616281249082508
2255,BRT,0.919,47.0,4.616281249082508
2731,BRT,0.915,49.0,4.5961886212301355
2578,BRT,0.912,50.0,4.581119150340856
1020,BRT,0.911,51.0,4.576095993377764
878,BRT,0.907,52.0,4.556003365525392
1250,BRT,0.906,53.0,4.550980208562298
93,BRT,0.903,54.0,4.535910737673019
39,BRT,0.899,55.0,4.515818109820647
1754,BRT,0.898,56.0,4.510794952857554
1129,BRT,0.896,57.0,4.500748638931368
244,BRT,0.895,58.0,4.495725481968275
1549,BRT,0.894,59.0,4.490702325005182
32,BRT,0.891,60.0,4.4756328541159025
2432,BRT,0.889,61.0,4.465586540189717
601,BRT,0.888,62.0,4.460563383226623
1114,BRT,0.887,63.0,4.455540226263531
51,BRT,0.884,64.0,4.4404707553742515
2284,BRT,0.884,64.0,4.4404707553742515
1475,BRT,0.883,66.0,4.435447598411159
695,BRT,0.882,67.0,4.430424441448065
2673,BRT,0.881,68.0,4.425401284484972
1419,BRT,0.88,69.0,4.42037812752188
292,BRT,0.879,70.0,4.415354970558786
262,BRT,0.877,71.0,4.4053086566326
59,BRT,0.868,72.0,4.360100243964762
1439,BRT,0.866,73.0,4.350053930038577
2633,BRT,0.864,74.0,4.34000761611239
2023,BRT,0.863,75.0,4.334984459149298
1118,BRT,0.862,76.0,4.329961302186204
1096,BRT,0.859,77.0,4.314891831296925
959,BRT,0.857,78.0,4.304845517370739
2659,BRT,0.857,78.0,4.304845517370739
2422,BRT,0.854,80.0,4.28977604648146
2456,BRT,0.854,80.0,4.28977604648146
2689,BRT,0.854,80.0,4.28977604648146
1779,BRT,0.853,83.0,4.284752889518367
1689,BRT,0.848,84.0,4.259637104702902
900,BRT,0.845,85.0,4.244567633813623
818,BRT,0.844,86.0,4.239544476850529
1090,BRT,0.844,86.0,4.239544476850529
2076,BRT,0.843,88.0,4.2345213198874365
569,BRT,0.841,89.0,4.22447500596125
2047,BRT,0.841,89.0,4.22447500596125
2389,BRT,0.84,91.0,4.219451848998157
193,BRT,0.839,92.0,4.214428692035064
1824,BRT,0.832,93.0,4.179266593293413
1559,BRT,0.831,94.0,4.17424343633032
35,BRT,0.826,95.0,4.1491276515148545
1879,BRT,0.826,95.0,4.1491276515148545
2515,BRT,0.825,97.0,4.144104494551762
970,BRT,0.823,98.0,4.134058180625575
1361,BRT,0.822,99.0,4.129035023662483
387,BRT,0.821,100.0,4.124011866699389
2159,BRT,0.821,100.0,4.124011866699389
1639,BRT,0.82,102.0,4.118988709736296
740,BRT,0.819,103.0,4.1139655527732035
965,BRT,0.818,104.0,4.10894239581011
955,BRT,0.817,105.0,4.103919238847017
1243,BRT,0.815,106.0,4.093872924920831
1825,BRT,0.814,107.0,4.088849767957738
748,BRT,0.812,108.0,4.0788034540315525
132,BRT,0.807,109.0,4.053687669216087
1502,BRT,0.807,109.0,4.053687669216087
2469,BRT,0.807,109.0,4.053687669216087
1252,BRT,0.805,112.0,4.043641355289901
2742,BRT,0.804,113.0,4.038618198326808
1647,BRT,0.802,114.0,4.0285718844006215
188,BRT,0.801,115.0,4.023548727437529
318,BRT,0.801,115.0,4.023548727437529
484,BRT,0.801,115.0,4.023548727437529
2436,BRT,0.801,115.0,4.023548727437529
2705,BRT,0.801,115.0,4.023548727437529
1026,BRT,0.8,120.0,4.018525570474436
1661,BRT,0.799,121.0,4.013502413511342
1220,BRT,0.796,122.0,3.9984329426220637
1909,BRT,0.795,123.0,3.9934097856589705
1910,BRT,0.795,123.0,3.9934097856589705
1105,BRT,0.793,125.0,3.9833634717327846
1778,BRT,0.791,126.0,3.973317157806598
1048,BRT,0.79,127.0,3.9682940008435055
2161,BRT,0.789,128.0,3.9632708438804123
1080,BRT,0.788,129.0,3.958247686917319
775,BRT,0.784,130.0,3.9381550590649472
825,BRT,0.784,130.0,3.9381550590649472
194,BRT,0.777,132.0,3.902992960323296
1258,BRT,0.777,132.0,3.902992960323296
1321,BRT,0.777,132.0,3.902992960323296
1670,BRT,0.775,135.0,3.8929466463971094
1716,BRT,0.775,135.0,3.8929466463971094
1686,BRT,0.772,137.0,3.8778771755078303
2212,BRT,0.772,137.0,3.8778771755078303
1411,BRT,0.771,139.0,3.8728540185447375
668,BRT,0.769,140.0,3.862807704618551
2542,BRT,0.768,141.0,3.8577845476554584
823,BRT,0.767,142.0,3.8527613906923652
2544,BRT,0.765,143.0,3.8427150767661793
861,BRT,0.764,144.0,3.837691919803086
485,BRT,0.763,145.0,3.832668762839993
1739,BRT,0.763,145.0,3.832668762839993
2130,BRT,0.763,145.0,3.832668762839993
2339,BRT,0.763,145.0,3.832668762839993
2183,BRT,0.762,149.0,3.8276456058769
2599,BRT,0.762,149.0,3.8276456058769
761,BRT,0.76,151.0,3.817599291950714
1271,BRT,0.76,151.0,3.817599291950714
1922,BRT,0.76,151.0,3.817599291950714
836,BRT,0.757,154.0,3.8025298210614347
1572,BRT,0.753,155.0,3.7824371932090624
729,BRT,0.752,156.0,3.7774140362459696
2486,BRT,0.751,157.0,3.7723908792828764
1484,BRT,0.75,158.0,3.7673677223197832
2152,BRT,0.75,158.0,3.7673677223197832
486,BRT,0.749,160.0,3.7623445653566905
2538,BRT,0.747,161.0,3.752298251430504
2607,BRT,0.74,162.0,3.717136152688853
2509,BRT,0.735,163.0,3.6920203678733876
214,BRT,0.733,164.0,3.6819740539472017
302,BRT,0.732,165.0,3.6769508969841085
402,BRT,0.732,165.0,3.6769508969841085
2644,BRT,0.732,165.0,3.6769508969841085
850,BRT,0.731,168.0,3.6719277400210153
964,BRT,0.73,169.0,3.6669045830579226
2224,BRT,0.73,169.0,3.6669045830579226
843,BRT,0.728,171.0,3.656858269131736
968,BRT,0.728,171.0,3.656858269131736
2541,BRT,0.727,173.0,3.6518351121686434
2585,BRT,0.727,173.0,3.6518351121686434
2501,BRT,0.725,175.0,3.641788798242457
75,BRT,0.724,176.0,3.6367656412793643
149,BRT,0.724,176.0,3.6367656412793643
1960,BRT,0.724,176.0,3.6367656412793643
210,BRT,0.723,179.0,3.631742484316271
586,BRT,0.723,179.0,3.631742484316271
403,BRT,0.722,181.0,3.626719327353178
1233,BRT,0.722,181.0,3.626719327353178
1122,BRT,0.719,183.0,3.611649856463899
2261,BRT,0.719,183.0,3.611649856463899
131,BRT,0.718,185.0,3.6066266995008056
2295,BRT,0.716,186.0,3.5965803855746197
2584,BRT,0.716,186.0,3.5965803855746197
837,BRT,0.714,188.0,3.5865340716484337
2490,BRT,0.713,189.0,3.5815109146853406
1277,BRT,0.712,190.0,3.5764877577222474
2309,BRT,0.709,191.0,3.5614182868329682
2200,BRT,0.708,192.0,3.5563951298698755
1954,BRT,0.707,193.0,3.5513719729067823
925,BRT,0.706,194.0,3.546348815943689
2552,BRT,0.704,195.0,3.536302502017503
320,BRT,0.702,196.0,3.5262561880913172
599,BRT,0.702,196.0,3.5262561880913172
2232,BRT,0.702,196.0,3.5262561880913172
162,BRT,0.701,199.0,3.521233031128224
753,BRT,0.701,199.0,3.521233031128224
2287,BRT,0.699,201.0,3.5111867172020377
2145,BRT,0.697,202.0,3.5011404032758517
2610,BRT,0.697,202.0,3.5011404032758517
732,BRT,0.696,204.0,3.4961172463127586
496,BRT,0.695,205.0,3.491094089349666
1604,BRT,0.695,205.0,3.491094089349666
2117,BRT,0.695,205.0,3.491094089349666
2164,BRT,0.695,205.0,3.491094089349666
529,BRT,0.694,209.0,3.4860709323865726
700,BRT,0.694,209.0,3.4860709323865726
1808,BRT,0.694,209.0,3.4860709323865726
2567,BRT,0.694,209.0,3.4860709323865726
2026,BRT,0.693,213.0,3.4810477754234794
2315,BRT,0.693,213.0,3.4810477754234794
411,BRT,0.692,215.0,3.4760246184603867
2004,BRT,0.69,216.0,3.4659783045342003
2073,BRT,0.69,216.0,3.4659783045342003
587,BRT,0.689,218.0,3.4609551475711076
2199,BRT,0.688,219.0,3.4559319906080144
1443,BRT,0.684,220.0,3.4358393627556425
2600,BRT,0.684,220.0,3.4358393627556425
130,BRT,0.683,222.0,3.4308162057925498
84,BRT,0.682,223.0,3.4257930488294566
264,BRT,0.68,224.0,3.4157467349032706
1212,BRT,0.679,225.0,3.4107235779401774
373,BRT,0.678,226.0,3.4057004209770843
557,BRT,0.678,226.0,3.4057004209770843
1436,BRT,0.678,226.0,3.4057004209770843
1499,BRT,0.678,226.0,3.4057004209770843
1539,BRT,0.678,226.0,3.4057004209770843
287,BRT,0.677,231.0,3.4006772640139915
1033,BRT,0.676,232.0,3.3956541070508983
2319,BRT,0.676,232.0,3.3956541070508983
69,BRT,0.675,234.0,3.390630950087805
293,BRT,0.675,234.0,3.390630950087805
1585,BRT,0.675,234.0,3.390630950087805
2106,BRT,0.675,234.0,3.390630950087805
2576,BRT,0.675,234.0,3.390630950087805
997,BRT,0.674,239.0,3.3856077931247124
2517,BRT,0.674,239.0,3.3856077931247124
1919,BRT,0.673,241.0,3.380584636161619
546,BRT,0.67,242.0,3.36551516527234
2275,BRT,0.67,242.0,3.36551516527234
170,BRT,0.669,244.0,3.360492008309247
2359,BRT,0.669,244.0,3.360492008309247
1543,BRT,0.668,246.0,3.355468851346154
1584,BRT,0.668,246.0,3.355468851346154
1979,BRT,0.668,246.0,3.355468851346154
940,BRT,0.667,249.0,3.350445694383061
38,BRT,0.666,250.0,3.3454225374199678
1305,BRT,0.666,250.0,3.3454225374199678
2703,BRT,0.666,250.0,3.3454225374199678
2054,BRT,0.665,253.0,3.3403993804568746
2630,BRT,0.665,253.0,3.3403993804568746
2225,BRT,0.664,255.0,3.335376223493782
606,BRT,0.663,256.0,3.3303530665306886
664,BRT,0.663,256.0,3.3303530665306886
821,BRT,0.661,258.0,3.3203067526045027
2704,BRT,0.661,258.0,3.3203067526045027
879,BRT,0.66,260.0,3.3152835956414095
1999,BRT,0.66,260.0,3.3152835956414095
1312,BRT,0.659,262.0,3.3102604386783163
1526,BRT,0.658,263.0,3.3052372817152236
82,BRT,0.657,264.0,3.3002141247521304
1017,BRT,0.657,264.0,3.3002141247521304
1221,BRT,0.656,266.0,3.295190967789037
1756,BRT,0.656,266.0,3.295190967789037
1018,BRT,0.655,268.0,3.2901678108259444
2444,BRT,0.655,268.0,3.2901678108259444
259,BRT,0.654,270.0,3.2851446538628513
623,BRT,0.653,271.0,3.280121496899758
156,BRT,0.651,272.0,3.270075182973572
1165,BRT,0.651,272.0,3.270075182973572
1980,BRT,0.651,272.0,3.270075182973572
74,BRT,0.65,275.0,3.265052026010479
2736,BRT,0.65,275.0,3.265052026010479
1693,BRT,0.649,277.0,3.260028869047386
2475,BRT,0.649,277.0,3.260028869047386
2770,BRT,0.649,277.0,3.260028869047386
1791,BRT,0.648,280.0,3.255005712084293
2401,BRT,0.648,280.0,3.255005712084293
2724,BRT,0.648,280.0,3.255005712084293
991,BRT,0.646,283.0,3.244959398158107
2089,BRT,0.645,284.0,3.239936241195014
2419,BRT,0.645,284.0,3.239936241195014
2179,BRT,0.644,286.0,3.2349130842319207
2238,BRT,0.644,286.0,3.2349130842319207
265,BRT,0.643,288.0,3.2298899272688275
420,BRT,0.643,288.0,3.2298899272688275
431,BRT,0.643,288.0,3.2298899272688275
482,BRT,0.643,288.0,3.2298899272688275
1905,BRT,0.643,288.0,3.2298899272688275
424,BRT,0.642,293.0,3.2248667703057348
2122,BRT,0.642,293.0,3.2248667703057348
371,BRT,0.641,295.0,3.2198436133426416
2085,BRT,0.641,295.0,3.2198436133426416
1856,BRT,0.64,297.0,3.2148204563795484
2213,BRT,0.64,297.0,3.2148204563795484
1847,BRT,0.638,299.0,3.2047741424533625
2104,BRT,0.638,299.0,3.2047741424533625
2505,BRT,0.636,301.0,3.1947278285271765
672,BRT,0.635,302.0,3.1897046715640833
552,BRT,0.634,303.0,3.18468151460099
1764,BRT,0.634,303.0,3.18468151460099
1106,BRT,0.633,305.0,3.1796583576378974
1192,BRT,0.633,305.0,3.1796583576378974
1841,BRT,0.633,305.0,3.1796583576378974
2411,BRT,0.633,305.0,3.1796583576378974
1107,BRT,0.632,309.0,3.174635200674804
2080,BRT,0.632,309.0,3.174635200674804
2506,BRT,0.632,309.0,3.174635200674804
995,BRT,0.631,312.0,3.169612043711711
2103,BRT,0.631,312.0,3.169612043711711
1644,BRT,0.63,314.0,3.1645888867486183
2005,BRT,0.63,314.0,3.1645888867486183
2719,BRT,0.63,314.0,3.1645888867486183
12,BRT,0.628,317.0,3.154542572822432
1382,BRT,0.628,317.0,3.154542572822432
1640,BRT,0.627,319.0,3.149519415859339
2727,BRT,0.627,319.0,3.149519415859339
776,BRT,0.626,321.0,3.144496258896246
917,BRT,0.626,321.0,3.144496258896246
981,BRT,0.626,321.0,3.144496258896246
1011,BRT,0.626,321.0,3.144496258896246
1040,BRT,0.626,321.0,3.144496258896246
1524,BRT,0.625,326.0,3.1394731019331528
1623,BRT,0.625,326.0,3.1394731019331528
2227,BRT,0.625,326.0,3.1394731019331528
2511,BRT,0.625,326.0,3.1394731019331528
2368,BRT,0.624,330.0,3.1344499449700596
334,BRT,0.623,331.0,3.129426788006967
457,BRT,0.623,331.0,3.129426788006967
769,BRT,0.623,331.0,3.129426788006967
1656,BRT,0.623,331.0,3.129426788006967
1688,BRT,0.623,331.0,3.129426788006967
1828,BRT,0.623,331.0,3.129426788006967
1538,BRT,0.621,337.0,3.1193804740807805
325,BRT,0.62,338.0,3.1143573171176877
405,BRT,0.62,338.0,3.1143573171176877
528,BRT,0.62,338.0,3.1143573171176877
657,BRT,0.619,341.0,3.1093341601545945
1010,BRT,0.619,341.0,3.1093341601545945
2723,BRT,0.619,341.0,3.1093341601545945
1518,BRT,0.618,344.0,3.1043110031915013
1565,BRT,0.618,344.0,3.1043110031915013
1672,BRT,0.618,344.0,3.1043110031915013
1948,BRT,0.618,344.0,3.1043110031915013
2430,BRT,0.618,344.0,3.1043110031915013
1349,BRT,0.617,349.0,3.0992878462284086
2680,BRT,0.617,349.0,3.0992878462284086
110,BRT,0.616,351.0,3.0942646892653154
814,BRT,0.616,351.0,3.0942646892653154
2033,BRT,0.616,351.0,3.0942646892653154
1264,BRT,0.615,354.0,3.089241532302222
1296,BRT,0.615,354.0,3.089241532302222
567,BRT,0.614,356.0,3.0842183753391295
581,BRT,0.614,356.0,3.0842183753391295
1995,BRT,0.614,356.0,3.0842183753391295
2351,BRT,0.614,356.0,3.0842183753391295
2092,BRT,0.613,360.0,3.0791952183760363
958,BRT,0.612,361.0,3.074172061412943
1320,BRT,0.612,361.0,3.074172061412943
1678,BRT,0.612,361.0,3.074172061412943
230,BRT,0.611,364.0,3.0691489044498503
2356,BRT,0.611,364.0,3.0691489044498503
1861,BRT,0.61,366.0,3.064125747486757
2038,BRT,0.61,366.0,3.064125747486757
2774,BRT,0.61,366.0,3.064125747486757
1172,BRT,0.609,369.0,3.059102590523664
238,BRT,0.608,370.0,3.054079433560571
53,BRT,0.607,371.0,3.049056276597478
1190,BRT,0.607,371.0,3.049056276597478
2525,BRT,0.607,371.0,3.049056276597478
211,BRT,0.605,374.0,3.0390099626712916
339,BRT,0.605,374.0,3.0390099626712916
2733,BRT,0.603,376.0,3.0289636487451057
2776,BRT,0.603,376.0,3.0289636487451057
630,BRT,0.602,378.0,3.0239404917820125
1286,BRT,0.602,378.0,3.0239404917820125
2657,BRT,0.602,378.0,3.0239404917820125
286,BRT,0.601,381.0,3.0189173348189198
323,BRT,0.601,381.0,3.0189173348189198
266,BRT,0.6,383.0,3.0138941778558266
654,BRT,0.6,383.0,3.0138941778558266
1945,BRT,0.6,383.0,3.0138941778558266
151,BRT,0.599,386.0,3.0088710208927334
511,BRT,0.599,386.0,3.0088710208927334
1601,BRT,0.599,386.0,3.0088710208927334
1858,BRT,0.599,386.0,3.0088710208927334
1453,BRT,0.598,390.0,3.0038478639296406
1625,BRT,0.598,390.0,3.0038478639296406
1958,BRT,0.598,390.0,3.0038478639296406
2372,BRT,0.598,390.0,3.0038478639296406
389,BRT,0.597,394.0,2.9988247069665475
713,BRT,0.597,394.0,2.9988247069665475
1112,BRT,0.597,394.0,2.9988247069665475
1493,BRT,0.597,394.0,2.9988247069665475
1711,BRT,0.597,394.0,2.9988247069665475
1914,BRT,0.597,394.0,2.9988247069665475
474,BRT,0.596,400.0,2.9938015500034543
922,BRT,0.596,400.0,2.9938015500034543
1637,BRT,0.596,400.0,2.9938015500034543
1952,BRT,0.595,403.0,2.9887783930403615
874,BRT,0.594,404.0,2.9837552360772683
1044,BRT,0.594,404.0,2.9837552360772683
2464,BRT,0.594,404.0,2.9837552360772683
300,BRT,0.593,407.0,2.978732079114175
312,BRT,0.593,407.0,2.978732079114175
674,BRT,0.593,407.0,2.978732079114175
2442,BRT,0.593,407.0,2.978732079114175
10,BRT,0.592,411.0,2.9737089221510824
1166,BRT,0.592,411.0,2.9737089221510824
1354,BRT,0.592,411.0,2.9737089221510824
15,BRT,0.591,414.0,2.968685765187989
127,BRT,0.591,414.0,2.968685765187989
180,BRT,0.591,414.0,2.968685765187989
816,BRT,0.591,414.0,2.968685765187989
1674,BRT,0.591,414.0,2.968685765187989
2347,BRT,0.591,414.0,2.968685765187989
52,BRT,0.59,420.0,2.963662608224896
2441,BRT,0.59,420.0,2.963662608224896
2741,BRT,0.59,420.0,2.963662608224896
719,BRT,0.589,423.0,2.9586394512618033
877,BRT,0.589,423.0,2.9586394512618033
656,BRT,0.588,425.0,2.95361629429871
749,BRT,0.587,426.0,2.948593137335617
1019,BRT,0.587,426.0,2.948593137335617
1544,BRT,0.586,428.0,2.9435699803725237
310,BRT,0.585,429.0,2.938546823409431
104,BRT,0.584,430.0,2.9335236664463378
1427,BRT,0.584,430.0,2.9335236664463378
1682,BRT,0.584,430.0,2.9335236664463378
1873,BRT,0.584,430.0,2.9335236664463378
2163,BRT,0.584,430.0,2.9335236664463378
898,BRT,0.583,435.0,2.9285005094832446
2273,BRT,0.583,435.0,2.9285005094832446
2394,BRT,0.583,435.0,2.9285005094832446
1510,BRT,0.581,438.0,2.9184541955570587
2157,BRT,0.581,438.0,2.9184541955570587
697,BRT,0.58,440.0,2.9134310385939655
1356,BRT,0.58,440.0,2.9134310385939655
1540,BRT,0.58,440.0,2.9134310385939655
2057,BRT,0.58,440.0,2.9134310385939655
998,BRT,0.579,444.0,2.9084078816308727
1943,BRT,0.579,444.0,2.9084078816308727
1302,BRT,0.578,446.0,2.9033847246677795
1608,BRT,0.578,446.0,2.9033847246677795
2209,BRT,0.578,446.0,2.9033847246677795
2443,BRT,0.578,446.0,2.9033847246677795
408,BRT,0.577,450.0,2.8983615677046863
1189,BRT,0.577,450.0,2.8983615677046863
1802,BRT,0.577,450.0,2.8983615677046863
7,BRT,0.576,453.0,2.8933384107415936
708,BRT,0.576,453.0,2.8933384107415936
1270,BRT,0.576,453.0,2.8933384107415936
1935,BRT,0.576,453.0,2.8933384107415936
2717,BRT,0.576,453.0,2.8933384107415936
943,BRT,0.575,458.0,2.8883152537785004
1500,BRT,0.575,458.0,2.8883152537785004
199,BRT,0.574,460.0,2.883292096815407
350,BRT,0.574,460.0,2.883292096815407
1304,BRT,0.574,460.0,2.883292096815407
933,BRT,0.573,463.0,2.8782689398523145
1432,BRT,0.572,464.0,2.8732457828892213
1885,BRT,0.572,464.0,2.8732457828892213
1930,BRT,0.572,464.0,2.8732457828892213
2114,BRT,0.572,464.0,2.8732457828892213
2373,BRT,0.572,464.0,2.8732457828892213
2672,BRT,0.572,464.0,2.8732457828892213
164,BRT,0.571,470.0,2.868222625926128
765,BRT,0.571,470.0,2.868222625926128
927,BRT,0.571,470.0,2.868222625926128
2252,BRT,0.57,473.0,2.8631994689630353
392,BRT,0.569,474.0,2.858176311999942
414,BRT,0.569,474.0,2.858176311999942
1093,BRT,0.569,474.0,2.858176311999942
1412,BRT,0.569,474.0,2.858176311999942
1746,BRT,0.569,474.0,2.858176311999942
2170,BRT,0.569,474.0,2.858176311999942
2260,BRT,0.569,474.0,2.858176311999942
2318,BRT,0.569,474.0,2.858176311999942
1171,BRT,0.567,482.0,2.8481299980737558
2281,BRT,0.567,482.0,2.8481299980737558
518,BRT,0.566,484.0,2.843106841110663
1807,BRT,0.566,484.0,2.843106841110663
2022,BRT,0.565,486.0,2.83808368414757
122,BRT,0.564,487.0,2.8330605271844767
1062,BRT,0.564,487.0,2.8330605271844767
1291,BRT,0.564,487.0,2.8330605271844767
1438,BRT,0.564,487.0,2.8330605271844767
2019,BRT,0.564,487.0,2.8330605271844767
2453,BRT,0.564,487.0,2.8330605271844767
891,BRT,0.563,493.0,2.828037370221384
1226,BRT,0.563,493.0,2.828037370221384
1501,BRT,0.563,493.0,2.828037370221384
863,BRT,0.562,496.0,2.823014213258291
1267,BRT,0.562,496.0,2.823014213258291
1798,BRT,0.562,496.0,2.823014213258291
2259,BRT,0.562,496.0,2.823014213258291
2746,BRT,0.562,496.0,2.823014213258291
463,BRT,0.561,501.0,2.8179910562951984
655,BRT,0.561,501.0,2.8179910562951984
1121,BRT,0.561,501.0,2.8179910562951984
1360,BRT,0.561,501.0,2.8179910562951984
1404,BRT,0.561,501.0,2.8179910562951984
1476,BRT,0.561,501.0,2.8179910562951984
1314,BRT,0.56,507.0,2.8129678993321052
1480,BRT,0.56,507.0,2.8129678993321052
1609,BRT,0.56,507.0,2.8129678993321052
2063,BRT,0.56,507.0,2.8129678993321052
2566,BRT,0.56,507.0,2.8129678993321052
1203,BRT,0.559,512.0,2.807944742369012
2204,BRT,0.559,512.0,2.807944742369012
507,BRT,0.558,514.0,2.8029215854059193
735,BRT,0.558,514.0,2.8029215854059193
960,BRT,0.558,514.0,2.8029215854059193
1890,BRT,0.558,514.0,2.8029215854059193
2495,BRT,0.558,514.0,2.8029215854059193
1532,BRT,0.557,519.0,2.797898428442826
1648,BRT,0.557,519.0,2.797898428442826
1749,BRT,0.557,519.0,2.797898428442826
409,BRT,0.556,522.0,2.792875271479733
1031,BRT,0.556,522.0,2.792875271479733
2418,BRT,0.556,522.0,2.792875271479733
1489,BRT,0.555,525.0,2.78785211451664
316,BRT,0.554,526.0,2.782828957553547
516,BRT,0.554,526.0,2.782828957553547
86,BRT,0.553,528.0,2.777805800590454
442,BRT,0.553,528.0,2.777805800590454
61,BRT,0.552,530.0,2.7727826436273606
81,BRT,0.552,530.0,2.7727826436273606
845,BRT,0.552,530.0,2.7727826436273606
1690,BRT,0.552,530.0,2.7727826436273606
1814,BRT,0.552,530.0,2.7727826436273606
2393,BRT,0.552,530.0,2.7727826436273606
410,BRT,0.551,536.0,2.767759486664268
562,BRT,0.551,536.0,2.767759486664268
1815,BRT,0.551,536.0,2.767759486664268
2300,BRT,0.55,539.0,2.7627363297011747
250,BRT,0.549,540.0,2.7577131727380815
282,BRT,0.549,540.0,2.7577131727380815
2323,BRT,0.549,540.0,2.7577131727380815
141,BRT,0.548,543.0,2.7526900157749887
303,BRT,0.548,543.0,2.7526900157749887
348,BRT,0.548,543.0,2.7526900157749887
1406,BRT,0.548,543.0,2.7526900157749887
1413,BRT,0.548,543.0,2.7526900157749887
11,BRT,0.547,548.0,2.7476668588118955
260,BRT,0.547,548.0,2.7476668588118955
886,BRT,0.547,548.0,2.7476668588118955
101,BRT,0.546,551.0,2.7426437018488024
638,BRT,0.546,551.0,2.7426437018488024
913,BRT,0.546,551.0,2.7426437018488024
1606,BRT,0.544,554.0,2.7325973879226164
2344,BRT,0.544,554.0,2.7325973879226164
2622,BRT,0.544,554.0,2.7325973879226164
635,BRT,0.543,557.0,2.7275742309595232
961,BRT,0.542,558.0,2.7225510739964305
1184,BRT,0.542,558.0,2.7225510739964305
2634,BRT,0.542,558.0,2.7225510739964305
444,BRT,0.541,561.0,2.7175279170333373
827,BRT,0.541,561.0,2.7175279170333373
1662,BRT,0.541,561.0,2.7175279170333373
1772,BRT,0.541,561.0,2.7175279170333373
1942,BRT,0.541,561.0,2.7175279170333373
187,BRT,0.54,566.0,2.712504760070244
876,BRT,0.54,566.0,2.712504760070244
1146,BRT,0.54,566.0,2.712504760070244
1523,BRT,0.54,566.0,2.712504760070244
1872,BRT,0.54,566.0,2.712504760070244
2037,BRT,0.54,566.0,2.712504760070244
2529,BRT,0.54,566.0,2.712504760070244
192,BRT,0.539,573.0,2.7074816031071514
253,BRT,0.539,573.0,2.7074816031071514
1183,BRT,0.539,573.0,2.7074816031071514
1473,BRT,0.539,573.0,2.7074816031071514
1614,BRT,0.539,573.0,2.7074816031071514
1939,BRT,0.539,573.0,2.7074816031071514
1940,BRT,0.539,573.0,2.7074816031071514
1285,BRT,0.538,580.0,2.702458446144058
2118,BRT,0.538,580.0,2.702458446144058
2269,BRT,0.538,580.0,2.702458446144058
1568,BRT,0.537,583.0,2.697435289180965
2175,BRT,0.537,583.0,2.697435289180965
212,BRT,0.536,585.0,2.6924121322178722
803,BRT,0.536,585.0,2.6924121322178722
1871,BRT,0.536,585.0,2.6924121322178722
2241,BRT,0.536,585.0,2.6924121322178722
99,BRT,0.534,589.0,2.682365818291686
324,BRT,0.534,589.0,2.682365818291686
679,BRT,0.534,589.0,2.682365818291686
2220,BRT,0.534,589.0,2.682365818291686
2759,BRT,0.534,589.0,2.682365818291686
1551,BRT,0.533,594.0,2.6773426613285927
2403,BRT,0.533,594.0,2.6773426613285927
280,BRT,0.532,596.0,2.6723195043655
1492,BRT,0.532,596.0,2.6723195043655
1607,BRT,0.532,596.0,2.6723195043655
1929,BRT,0.532,596.0,2.6723195043655
1986,BRT,0.532,596.0,2.6723195043655
2250,BRT,0.532,596.0,2.6723195043655
60,BRT,0.531,602.0,2.6672963474024067
314,BRT,0.531,602.0,2.6672963474024067
1371,BRT,0.531,602.0,2.6672963474024067
2766,BRT,0.531,602.0,2.6672963474024067
478,BRT,0.53,606.0,2.6622731904393135
1244,BRT,0.53,606.0,2.6622731904393135
1488,BRT,0.53,606.0,2.6622731904393135
2612,BRT,0.53,606.0,2.6622731904393135
650,BRT,0.528,610.0,2.6522268765131276
1353,BRT,0.528,610.0,2.6522268765131276
1819,BRT,0.528,610.0,2.6522268765131276
755,BRT,0.527,613.0,2.6472037195500344
70,BRT,0.526,614.0,2.6421805625869417
506,BRT,0.526,614.0,2.6421805625869417
844,BRT,0.526,614.0,2.6421805625869417
944,BRT,0.526,614.0,2.6421805625869417
1513,BRT,0.526,614.0,2.6421805625869417
522,BRT,0.525,619.0,2.6371574056238485
538,BRT,0.525,619.0,2.6371574056238485
602,BRT,0.525,619.0,2.6371574056238485
1158,BRT,0.525,619.0,2.6371574056238485
1459,BRT,0.525,619.0,2.6371574056238485
1893,BRT,0.525,619.0,2.6371574056238485
2034,BRT,0.525,619.0,2.6371574056238485
2608,BRT,0.525,619.0,2.6371574056238485
905,BRT,0.524,627.0,2.6321342486607553
1537,BRT,0.524,627.0,2.6321342486607553
1966,BRT,0.524,627.0,2.6321342486607553
2013,BRT,0.524,627.0,2.6321342486607553
459,BRT,0.523,631.0,2.6271110916976625
464,BRT,0.523,631.0,2.6271110916976625
676,BRT,0.523,631.0,2.6271110916976625
1900,BRT,0.523,631.0,2.6271110916976625
1240,BRT,0.522,635.0,2.6220879347345694
1863,BRT,0.522,635.0,2.6220879347345694
2001,BRT,0.522,635.0,2.6220879347345694
2294,BRT,0.522,635.0,2.6220879347345694
2497,BRT,0.522,635.0,2.6220879347345694
782,BRT,0.521,640.0,2.617064777771476
2099,BRT,0.521,640.0,2.617064777771476
2251,BRT,0.521,640.0,2.617064777771476
730,BRT,0.52,643.0,2.6120416208083834
364,BRT,0.519,644.0,2.6070184638452902
883,BRT,0.519,644.0,2.6070184638452902
1423,BRT,0.519,644.0,2.6070184638452902
1758,BRT,0.519,644.0,2.6070184638452902
1989,BRT,0.519,644.0,2.6070184638452902
2361,BRT,0.519,644.0,2.6070184638452902
2466,BRT,0.519,644.0,2.6070184638452902
862,BRT,0.518,651.0,2.601995306882197
1248,BRT,0.518,651.0,2.601995306882197
1428,BRT,0.518,651.0,2.601995306882197
1789,BRT,0.518,651.0,2.601995306882197
1394,BRT,0.517,655.0,2.5969721499191043
1408,BRT,0.517,655.0,2.5969721499191043
1998,BRT,0.517,655.0,2.5969721499191043
2168,BRT,0.517,655.0,2.5969721499191043
2455,BRT,0.517,655.0,2.5969721499191043
1041,BRT,0.516,660.0,2.591948992956011
1415,BRT,0.515,661.0,2.586925835992918
1932,BRT,0.515,661.0,2.586925835992918
2055,BRT,0.515,661.0,2.586925835992918
2211,BRT,0.515,661.0,2.586925835992918
288,BRT,0.514,665.0,2.5819026790298247
1169,BRT,0.514,665.0,2.5819026790298247
1400,BRT,0.514,665.0,2.5819026790298247
1472,BRT,0.514,665.0,2.5819026790298247
1649,BRT,0.514,665.0,2.5819026790298247
1652,BRT,0.514,665.0,2.5819026790298247
34,BRT,0.512,671.0,2.571856365103639
335,BRT,0.512,671.0,2.571856365103639
2660,BRT,0.512,671.0,2.571856365103639
400,BRT,0.511,674.0,2.5668332081405456
2571,BRT,0.511,674.0,2.5668332081405456
1185,BRT,0.51,676.0,2.561810051177453
1279,BRT,0.51,676.0,2.561810051177453
1972,BRT,0.51,676.0,2.561810051177453
2391,BRT,0.51,676.0,2.561810051177453
308,BRT,0.509,680.0,2.5567868942143597
367,BRT,0.509,680.0,2.5567868942143597
547,BRT,0.509,680.0,2.5567868942143597
2667,BRT,0.509,680.0,2.5567868942143597
851,BRT,0.508,684.0,2.5517637372512665
2242,BRT,0.508,684.0,2.5517637372512665
746,BRT,0.507,686.0,2.5467405802881737
1347,BRT,0.507,686.0,2.5467405802881737
2158,BRT,0.507,686.0,2.5467405802881737
249,BRT,0.506,689.0,2.5417174233250805
1081,BRT,0.506,689.0,2.5417174233250805
2149,BRT,0.506,689.0,2.5417174233250805
1892,BRT,0.505,692.0,2.5366942663619874
2756,BRT,0.505,692.0,2.5366942663619874
481,BRT,0.504,694.0,2.5316711093988946
640,BRT,0.504,694.0,2.5316711093988946
1953,BRT,0.504,694.0,2.5316711093988946
583,BRT,0.503,697.0,2.5266479524358014
717,BRT,0.503,697.0,2.5266479524358014
976,BRT,0.503,697.0,2.5266479524358014
1308,BRT,0.503,697.0,2.5266479524358014
9,BRT,0.502,701.0,2.5216247954727082
46,BRT,0.502,701.0,2.5216247954727082
1097,BRT,0.502,701.0,2.5216247954727082
1337,BRT,0.502,701.0,2.5216247954727082
1579,BRT,0.502,701.0,2.5216247954727082
2140,BRT,0.502,701.0,2.5216247954727082
222,BRT,0.501,707.0,2.5166016385096155
319,BRT,0.501,707.0,2.5166016385096155
1281,BRT,0.501,707.0,2.5166016385096155
1397,BRT,0.501,707.0,2.5166016385096155
1923,BRT,0.501,707.0,2.5166016385096155
2526,BRT,0.501,707.0,2.5166016385096155
160,BRT,0.5,713.0,2.5115784815465223
189,BRT,0.5,713.0,2.5115784815465223
559,BRT,0.5,713.0,2.5115784815465223
694,BRT,0.5,713.0,2.5115784815465223
2065,BRT,0.5,713.0,2.5115784815465223
2656,BRT,0.5,713.0,2.5115784815465223
588,BRT,0.499,719.0,2.506555324583429
856,BRT,0.499,719.0,2.506555324583429
1152,BRT,0.499,719.0,2.506555324583429
1782,BRT,0.499,719.0,2.506555324583429
2481,BRT,0.499,719.0,2.506555324583429
1388,BRT,0.498,724.0,2.5015321676203364
204,BRT,0.497,725.0,2.496509010657243
1955,BRT,0.497,725.0,2.496509010657243
2293,BRT,0.497,725.0,2.496509010657243
2450,BRT,0.497,725.0,2.496509010657243
2561,BRT,0.497,725.0,2.496509010657243
337,BRT,0.496,730.0,2.49148585369415
920,BRT,0.496,730.0,2.49148585369415
1783,BRT,0.496,730.0,2.49148585369415
2132,BRT,0.496,730.0,2.49148585369415
257,BRT,0.495,734.0,2.486462696731057
425,BRT,0.495,734.0,2.486462696731057
1012,BRT,0.495,734.0,2.486462696731057
1697,BRT,0.495,734.0,2.486462696731057
1708,BRT,0.495,734.0,2.486462696731057
2153,BRT,0.495,734.0,2.486462696731057
865,BRT,0.494,740.0,2.481439539767964
1263,BRT,0.494,740.0,2.481439539767964
1677,BRT,0.494,740.0,2.481439539767964
225,BRT,0.493,743.0,2.476416382804871
379,BRT,0.493,743.0,2.476416382804871
901,BRT,0.493,743.0,2.476416382804871
1811,BRT,0.493,743.0,2.476416382804871
2133,BRT,0.493,743.0,2.476416382804871
2462,BRT,0.493,743.0,2.476416382804871
97,BRT,0.492,749.0,2.4713932258417777
1111,BRT,0.492,749.0,2.4713932258417777
1431,BRT,0.492,749.0,2.4713932258417777
1594,BRT,0.492,749.0,2.4713932258417777
1699,BRT,0.492,749.0,2.4713932258417777
1993,BRT,0.492,749.0,2.4713932258417777
418,BRT,0.491,755.0,2.466370068878685
978,BRT,0.491,755.0,2.466370068878685
157,BRT,0.49,757.0,2.4613469119155917
297,BRT,0.49,757.0,2.4613469119155917
428,BRT,0.49,757.0,2.4613469119155917
2616,BRT,0.49,757.0,2.4613469119155917
2415,BRT,0.489,761.0,2.4563237549524986
2710,BRT,0.489,761.0,2.4563237549524986
43,BRT,0.488,763.0,2.451300597989406
1806,BRT,0.488,763.0,2.451300597989406
2334,BRT,0.488,763.0,2.451300597989406
2338,BRT,0.488,763.0,2.451300597989406
2514,BRT,0.488,763.0,2.451300597989406
2684,BRT,0.488,763.0,2.451300597989406
1008,BRT,0.487,769.0,2.4462774410263126
1126,BRT,0.487,769.0,2.4462774410263126
1646,BRT,0.487,769.0,2.4462774410263126
22,BRT,0.486,772.0,2.4412542840632194
1835,BRT,0.486,772.0,2.4412542840632194
1883,BRT,0.486,772.0,2.4412542840632194
2332,BRT,0.486,772.0,2.4412542840632194
208,BRT,0.485,776.0,2.4362311271001267
1875,BRT,0.485,776.0,2.4362311271001267
2699,BRT,0.485,776.0,2.4362311271001267
55,BRT,0.484,779.0,2.4312079701370335
333,BRT,0.484,779.0,2.4312079701370335
427,BRT,0.484,779.0,2.4312079701370335
564,BRT,0.484,779.0,2.4312079701370335
1787,BRT,0.484,779.0,2.4312079701370335
1846,BRT,0.484,779.0,2.4312079701370335
2091,BRT,0.484,779.0,2.4312079701370335
2128,BRT,0.484,779.0,2.4312079701370335
812,BRT,0.483,787.0,2.4261848131739403
2611,BRT,0.483,787.0,2.4261848131739403
2679,BRT,0.483,787.0,2.4261848131739403
263,BRT,0.482,790.0,2.4211616562108476
832,BRT,0.482,790.0,2.4211616562108476
893,BRT,0.482,790.0,2.4211616562108476
1215,BRT,0.482,790.0,2.4211616562108476
1491,BRT,0.482,790.0,2.4211616562108476
2739,BRT,0.482,790.0,2.4211616562108476
563,BRT,0.481,796.0,2.4161384992477544
1001,BRT,0.481,796.0,2.4161384992477544
2245,BRT,0.481,796.0,2.4161384992477544
826,BRT,0.48,799.0,2.411115342284661
1023,BRT,0.48,799.0,2.411115342284661
1295,BRT,0.48,799.0,2.411115342284661
1554,BRT,0.48,799.0,2.411115342284661
1978,BRT,0.48,799.0,2.411115342284661
321,BRT,0.479,804.0,2.4060921853215684
1108,BRT,0.479,804.0,2.4060921853215684
1486,BRT,0.479,804.0,2.4060921853215684
1575,BRT,0.479,804.0,2.4060921853215684
2333,BRT,0.479,804.0,2.4060921853215684
2524,BRT,0.479,804.0,2.4060921853215684
596,BRT,0.478,810.0,2.4010690283584752
860,BRT,0.478,810.0,2.4010690283584752
973,BRT,0.478,810.0,2.4010690283584752
1417,BRT,0.478,810.0,2.4010690283584752
1829,BRT,0.478,810.0,2.4010690283584752
2249,BRT,0.478,810.0,2.4010690283584752
404,BRT,0.477,816.0,2.396045871395382
1035,BRT,0.477,816.0,2.396045871395382
1199,BRT,0.477,816.0,2.396045871395382
2160,BRT,0.477,816.0,2.396045871395382
2658,BRT,0.477,816.0,2.396045871395382
443,BRT,0.476,821.0,2.3910227144322893
452,BRT,0.476,821.0,2.3910227144322893
1563,BRT,0.476,821.0,2.3910227144322893
1747,BRT,0.476,821.0,2.3910227144322893
2067,BRT,0.476,821.0,2.3910227144322893
2264,BRT,0.476,821.0,2.3910227144322893
176,BRT,0.475,827.0,2.385999557469196
747,BRT,0.475,827.0,2.385999557469196
1119,BRT,0.475,827.0,2.385999557469196
1009,BRT,0.474,830.0,2.380976400506103
897,BRT,0.473,831.0,2.3759532435430097
1796,BRT,0.473,831.0,2.3759532435430097
2108,BRT,0.473,831.0,2.3759532435430097
2487,BRT,0.473,831.0,2.3759532435430097
2752,BRT,0.473,831.0,2.3759532435430097
745,BRT,0.472,836.0,2.370930086579917
2278,BRT,0.472,836.0,2.370930086579917
2488,BRT,0.47,838.0,2.3608837726537306
548,BRT,0.469,839.0,2.355860615690638
1194,BRT,0.469,839.0,2.355860615690638
1650,BRT,0.469,839.0,2.355860615690638
1773,BRT,0.469,839.0,2.355860615690638
2489,BRT,0.469,839.0,2.355860615690638
696,BRT,0.468,844.0,2.350837458727545
1853,BRT,0.468,844.0,2.350837458727545
29,BRT,0.467,846.0,2.345814301764452
202,BRT,0.467,846.0,2.345814301764452
469,BRT,0.467,846.0,2.345814301764452
2053,BRT,0.467,846.0,2.345814301764452
2540,BRT,0.467,846.0,2.345814301764452
532,BRT,0.466,851.0,2.3407911448013587
1681,BRT,0.466,851.0,2.3407911448013587
1969,BRT,0.466,851.0,2.3407911448013587
2274,BRT,0.466,851.0,2.3407911448013587
159,BRT,0.465,855.0,2.335767987838266
721,BRT,0.465,855.0,2.335767987838266
1545,BRT,0.465,855.0,2.335767987838266
196,BRT,0.464,858.0,2.330744830875173
768,BRT,0.464,858.0,2.330744830875173
967,BRT,0.464,858.0,2.330744830875173
1329,BRT,0.464,858.0,2.330744830875173
2210,BRT,0.464,858.0,2.330744830875173
100,BRT,0.463,863.0,2.3257216739120796
236,BRT,0.463,863.0,2.3257216739120796
1292,BRT,0.463,863.0,2.3257216739120796
1898,BRT,0.463,863.0,2.3257216739120796
2757,BRT,0.463,863.0,2.3257216739120796
173,BRT,0.462,868.0,2.320698516948987
391,BRT,0.462,868.0,2.320698516948987
413,BRT,0.462,868.0,2.320698516948987
1775,BRT,0.462,868.0,2.320698516948987
2021,BRT,0.462,868.0,2.320698516948987
2431,BRT,0.462,868.0,2.320698516948987
2537,BRT,0.462,868.0,2.320698516948987
566,BRT,0.461,875.0,2.3156753599858937
714,BRT,0.461,875.0,2.3156753599858937
2416,BRT,0.461,875.0,2.3156753599858937
2485,BRT,0.461,875.0,2.3156753599858937
2546,BRT,0.461,875.0,2.3156753599858937
455,BRT,0.46,880.0,2.3106522030228005
1511,BRT,0.46,880.0,2.3106522030228005
2598,BRT,0.46,880.0,2.3106522030228005
767,BRT,0.459,883.0,2.3056290460597078
1610,BRT,0.459,883.0,2.3056290460597078
2090,BRT,0.459,883.0,2.3056290460597078
483,BRT,0.458,886.0,2.3006058890966146
526,BRT,0.458,886.0,2.3006058890966146
1053,BRT,0.458,886.0,2.3006058890966146
2188,BRT,0.458,886.0,2.3006058890966146
1534,BRT,0.457,890.0,2.2955827321335214
1566,BRT,0.457,890.0,2.2955827321335214
1691,BRT,0.457,890.0,2.2955827321335214
1776,BRT,0.457,890.0,2.2955827321335214
2639,BRT,0.457,890.0,2.2955827321335214
2665,BRT,0.457,890.0,2.2955827321335214
1155,BRT,0.456,896.0,2.290559575170428
1254,BRT,0.456,896.0,2.290559575170428
1328,BRT,0.456,896.0,2.290559575170428
1669,BRT,0.456,896.0,2.290559575170428
2646,BRT,0.456,896.0,2.290559575170428
2697,BRT,0.456,896.0,2.290559575170428
96,BRT,0.455,902.0,2.2855364182073354
307,BRT,0.455,902.0,2.2855364182073354
352,BRT,0.455,902.0,2.2855364182073354
382,BRT,0.455,902.0,2.2855364182073354
774,BRT,0.455,902.0,2.2855364182073354
1124,BRT,0.455,902.0,2.2855364182073354
1702,BRT,0.455,902.0,2.2855364182073354
1780,BRT,0.455,902.0,2.2855364182073354
2522,BRT,0.455,902.0,2.2855364182073354
2651,BRT,0.455,902.0,2.2855364182073354
909,BRT,0.454,912.0,2.2805132612442423
1378,BRT,0.454,912.0,2.2805132612442423
2380,BRT,0.454,912.0,2.2805132612442423
184,BRT,0.453,915.0,2.275490104281149
1200,BRT,0.453,915.0,2.275490104281149
1849,BRT,0.453,915.0,2.275490104281149
2206,BRT,0.453,915.0,2.275490104281149
2439,BRT,0.453,915.0,2.275490104281149
608,BRT,0.452,920.0,2.2704669473180563
609,BRT,0.452,920.0,2.2704669473180563
988,BRT,0.452,920.0,2.2704669473180563
1962,BRT,0.452,920.0,2.2704669473180563
822,BRT,0.451,924.0,2.265443790354963
1503,BRT,0.451,924.0,2.265443790354963
2321,BRT,0.451,924.0,2.265443790354963
2562,BRT,0.451,924.0,2.265443790354963
174,BRT,0.45,928.0,2.26042063339187
272,BRT,0.45,928.0,2.26042063339187
613,BRT,0.45,928.0,2.26042063339187
899,BRT,0.45,928.0,2.26042063339187
1100,BRT,0.45,928.0,2.26042063339187
2014,BRT,0.45,928.0,2.26042063339187
2457,BRT,0.45,928.0,2.26042063339187
2698,BRT,0.45,928.0,2.26042063339187
1088,BRT,0.449,936.0,2.255397476428777
1144,BRT,0.449,936.0,2.255397476428777
1167,BRT,0.449,936.0,2.255397476428777
2102,BRT,0.449,936.0,2.255397476428777
2384,BRT,0.449,936.0,2.255397476428777
365,BRT,0.448,941.0,2.250374319465684
705,BRT,0.448,941.0,2.250374319465684
1163,BRT,0.448,941.0,2.250374319465684
1377,BRT,0.448,941.0,2.250374319465684
125,BRT,0.447,945.0,2.245351162502591
698,BRT,0.447,945.0,2.245351162502591
1214,BRT,0.447,945.0,2.245351162502591
1390,BRT,0.447,945.0,2.245351162502591
1582,BRT,0.447,945.0,2.245351162502591
1629,BRT,0.447,945.0,2.245351162502591
2530,BRT,0.447,945.0,2.245351162502591
636,BRT,0.446,952.0,2.240328005539498
1151,BRT,0.446,952.0,2.240328005539498
2392,BRT,0.446,952.0,2.240328005539498
2434,BRT,0.446,952.0,2.240328005539498
137,BRT,0.445,956.0,2.235304848576405
2758,BRT,0.445,956.0,2.235304848576405
2765,BRT,0.445,956.0,2.235304848576405
169,BRT,0.444,959.0,2.2302816916133117
1341,BRT,0.444,959.0,2.2302816916133117
1384,BRT,0.444,959.0,2.2302816916133117
2512,BRT,0.444,959.0,2.2302816916133117
2531,BRT,0.444,959.0,2.2302816916133117
501,BRT,0.443,964.0,2.225258534650219
1385,BRT,0.443,964.0,2.225258534650219
1581,BRT,0.443,964.0,2.225258534650219
2105,BRT,0.443,964.0,2.225258534650219
2590,BRT,0.443,964.0,2.225258534650219
795,BRT,0.442,969.0,2.2202353776871258
1297,BRT,0.442,969.0,2.2202353776871258
1818,BRT,0.442,969.0,2.2202353776871258
2246,BRT,0.442,969.0,2.2202353776871258
17,BRT,0.441,973.0,2.2152122207240326
26,BRT,0.441,973.0,2.2152122207240326
370,BRT,0.441,973.0,2.2152122207240326
521,BRT,0.441,973.0,2.2152122207240326
718,BRT,0.441,973.0,2.2152122207240326
962,BRT,0.441,973.0,2.2152122207240326
2386,BRT,0.441,973.0,2.2152122207240326
2547,BRT,0.441,973.0,2.2152122207240326
2614,BRT,0.441,973.0,2.2152122207240326
722,BRT,0.44,982.0,2.21018906376094
815,BRT,0.44,982.0,2.21018906376094
935,BRT,0.44,982.0,2.21018906376094
1445,BRT,0.44,982.0,2.21018906376094
2388,BRT,0.44,982.0,2.21018906376094
1089,BRT,0.439,987.0,2.2051659067978466
1120,BRT,0.439,987.0,2.2051659067978466
1407,BRT,0.439,987.0,2.2051659067978466
2078,BRT,0.439,987.0,2.2051659067978466
2760,BRT,0.439,987.0,2.2051659067978466
27,BRT,0.438,992.0,2.2001427498347534
467,BRT,0.438,992.0,2.2001427498347534
556,BRT,0.438,992.0,2.2001427498347534
1268,BRT,0.438,992.0,2.2001427498347534
530,BRT,0.437,996.0,2.1951195928716603
853,BRT,0.437,996.0,2.1951195928716603
1342,BRT,0.437,996.0,2.1951195928716603
2030,BRT,0.437,996.0,2.1951195928716603
2390,BRT,0.437,996.0,2.1951195928716603
277,BRT,0.436,1001.0,2.1900964359085675
450,BRT,0.436,1001.0,2.1900964359085675
763,BRT,0.436,1001.0,2.1900964359085675
942,BRT,0.436,1001.0,2.1900964359085675
1933,BRT,0.436,1001.0,2.1900964359085675
2302,BRT,0.436,1001.0,2.1900964359085675
2405,BRT,0.436,1001.0,2.1900964359085675
582,BRT,0.435,1008.0,2.1850732789454743
2237,BRT,0.435,1008.0,2.1850732789454743
438,BRT,0.434,1010.0,2.180050121982381
661,BRT,0.434,1010.0,2.180050121982381
1160,BRT,0.434,1010.0,2.180050121982381
1261,BRT,0.434,1010.0,2.180050121982381
1729,BRT,0.434,1010.0,2.180050121982381
1809,BRT,0.434,1010.0,2.180050121982381
2079,BRT,0.434,1010.0,2.180050121982381
2437,BRT,0.434,1010.0,2.180050121982381
1655,BRT,0.433,1018.0,2.1750269650192884
1707,BRT,0.433,1018.0,2.1750269650192884
1762,BRT,0.433,1018.0,2.1750269650192884
2049,BRT,0.433,1018.0,2.1750269650192884
2100,BRT,0.433,1018.0,2.1750269650192884
1344,BRT,0.432,1023.0,2.170003808056195
1447,BRT,0.432,1023.0,2.170003808056195
1531,BRT,0.432,1023.0,2.170003808056195
2471,BRT,0.432,1023.0,2.170003808056195
2528,BRT,0.432,1023.0,2.170003808056195
2594,BRT,0.432,1023.0,2.170003808056195
369,BRT,0.431,1029.0,2.164980651093102
911,BRT,0.431,1029.0,2.164980651093102
924,BRT,0.431,1029.0,2.164980651093102
1125,BRT,0.431,1029.0,2.164980651093102
2044,BRT,0.431,1029.0,2.164980651093102
223,BRT,0.43,1034.0,2.1599574941300093
1630,BRT,0.43,1034.0,2.1599574941300093
1855,BRT,0.43,1034.0,2.1599574941300093
2247,BRT,0.43,1034.0,2.1599574941300093
800,BRT,0.429,1038.0,2.154934337166916
1522,BRT,0.429,1038.0,2.154934337166916
1985,BRT,0.429,1038.0,2.154934337166916
2119,BRT,0.429,1038.0,2.154934337166916
1622,BRT,0.428,1042.0,2.149911180203823
2222,BRT,0.428,1042.0,2.149911180203823
25,BRT,0.427,1044.0,2.14488802324073
1142,BRT,0.427,1044.0,2.14488802324073
1343,BRT,0.427,1044.0,2.14488802324073
1951,BRT,0.427,1044.0,2.14488802324073
1971,BRT,0.427,1044.0,2.14488802324073
2539,BRT,0.427,1044.0,2.14488802324073
2714,BRT,0.427,1044.0,2.14488802324073
41,BRT,0.426,1051.0,2.139864866277637
177,BRT,0.426,1051.0,2.139864866277637
766,BRT,0.426,1051.0,2.139864866277637
1275,BRT,0.426,1051.0,2.139864866277637
1442,BRT,0.426,1051.0,2.139864866277637
2148,BRT,0.426,1051.0,2.139864866277637
2233,BRT,0.426,1051.0,2.139864866277637
2337,BRT,0.426,1051.0,2.139864866277637
2702,BRT,0.426,1051.0,2.139864866277637
23,BRT,0.425,1060.0,2.1348417093145438
1402,BRT,0.425,1060.0,2.1348417093145438
1591,BRT,0.425,1060.0,2.1348417093145438
1913,BRT,0.425,1060.0,2.1348417093145438
183,BRT,0.424,1064.0,2.129818552351451
454,BRT,0.424,1064.0,2.129818552351451
633,BRT,0.424,1064.0,2.129818552351451
794,BRT,0.424,1064.0,2.129818552351451
2519,BRT,0.424,1064.0,2.129818552351451
2627,BRT,0.424,1064.0,2.129818552351451
2678,BRT,0.424,1064.0,2.129818552351451
168,BRT,0.423,1071.0,2.124795395388358
2045,BRT,0.423,1071.0,2.124795395388358
112,BRT,0.422,1073.0,2.1197722384252646
201,BRT,0.422,1073.0,2.1197722384252646
388,BRT,0.422,1073.0,2.1197722384252646
1663,BRT,0.422,1073.0,2.1197722384252646
1736,BRT,0.422,1073.0,2.1197722384252646
2025,BRT,0.422,1073.0,2.1197722384252646
2448,BRT,0.422,1073.0,2.1197722384252646
4,BRT,0.421,1080.0,2.114749081462172
241,BRT,0.421,1080.0,2.114749081462172
560,BRT,0.421,1080.0,2.114749081462172
873,BRT,0.421,1080.0,2.114749081462172
1323,BRT,0.421,1080.0,2.114749081462172
1562,BRT,0.421,1080.0,2.114749081462172
1635,BRT,0.421,1080.0,2.114749081462172
1680,BRT,0.421,1080.0,2.114749081462172
2243,BRT,0.421,1080.0,2.114749081462172
2676,BRT,0.421,1080.0,2.114749081462172
490,BRT,0.42,1090.0,2.1097259244990787
1128,BRT,0.42,1090.0,2.1097259244990787
1937,BRT,0.42,1090.0,2.1097259244990787
2135,BRT,0.42,1090.0,2.1097259244990787
2216,BRT,0.42,1090.0,2.1097259244990787
2358,BRT,0.42,1090.0,2.1097259244990787
219,BRT,0.419,1096.0,2.1047027675359855
1448,BRT,0.419,1096.0,2.1047027675359855
1843,BRT,0.419,1096.0,2.1047027675359855
2178,BRT,0.419,1096.0,2.1047027675359855
2191,BRT,0.419,1096.0,2.1047027675359855
2226,BRT,0.419,1096.0,2.1047027675359855
2291,BRT,0.419,1096.0,2.1047027675359855
2556,BRT,0.419,1096.0,2.1047027675359855
2615,BRT,0.419,1096.0,2.1047027675359855
205,BRT,0.418,1105.0,2.0996796105728923
565,BRT,0.418,1105.0,2.0996796105728923
1759,BRT,0.418,1105.0,2.0996796105728923
1956,BRT,0.418,1105.0,2.0996796105728923
2187,BRT,0.418,1105.0,2.0996796105728923
2289,BRT,0.418,1105.0,2.0996796105728923
792,BRT,0.417,1111.0,2.0946564536097996
1283,BRT,0.417,1111.0,2.0946564536097996
1627,BRT,0.417,1111.0,2.0946564536097996
1924,BRT,0.417,1111.0,2.0946564536097996
2327,BRT,0.417,1111.0,2.0946564536097996
6,BRT,0.416,1116.0,2.0896332966467064
65,BRT,0.416,1116.0,2.0896332966467064
228,BRT,0.416,1116.0,2.0896332966467064
824,BRT,0.416,1116.0,2.0896332966467064
1205,BRT,0.416,1116.0,2.0896332966467064
1574,BRT,0.416,1116.0,2.0896332966467064
1612,BRT,0.416,1116.0,2.0896332966467064
1700,BRT,0.416,1116.0,2.0896332966467064
2039,BRT,0.416,1116.0,2.0896332966467064
2737,BRT,0.416,1116.0,2.0896332966467064
2773,BRT,0.416,1116.0,2.0896332966467064
690,BRT,0.415,1127.0,2.084610139683613
1135,BRT,0.415,1127.0,2.084610139683613
1311,BRT,0.415,1127.0,2.084610139683613
1430,BRT,0.415,1127.0,2.084610139683613
1440,BRT,0.415,1127.0,2.084610139683613
276,BRT,0.414,1132.0,2.0795869827205204
773,BRT,0.414,1132.0,2.0795869827205204
1352,BRT,0.414,1132.0,2.0795869827205204
416,BRT,0.413,1135.0,2.0745638257574273
835,BRT,0.413,1135.0,2.0745638257574273
954,BRT,0.413,1135.0,2.0745638257574273
1450,BRT,0.413,1135.0,2.0745638257574273
1721,BRT,0.413,1135.0,2.0745638257574273
1876,BRT,0.413,1135.0,2.0745638257574273
2075,BRT,0.413,1135.0,2.0745638257574273
2778,BRT,0.413,1135.0,2.0745638257574273
124,BRT,0.412,1143.0,2.069540668794334
251,BRT,0.412,1143.0,2.069540668794334
281,BRT,0.412,1143.0,2.069540668794334
1569,BRT,0.412,1143.0,2.069540668794334
2564,BRT,0.412,1143.0,2.069540668794334
2581,BRT,0.412,1143.0,2.069540668794334
2638,BRT,0.412,1143.0,2.069540668794334
594,BRT,0.411,1150.0,2.0645175118312413
937,BRT,0.411,1150.0,2.0645175118312413
1073,BRT,0.411,1150.0,2.0645175118312413
1315,BRT,0.411,1150.0,2.0645175118312413
449,BRT,0.41,1154.0,2.059494354868148
734,BRT,0.41,1154.0,2.059494354868148
744,BRT,0.41,1154.0,2.059494354868148
1706,BRT,0.41,1154.0,2.059494354868148
1968,BRT,0.41,1154.0,2.059494354868148
1014,BRT,0.409,1159.0,2.054471197905055
1334,BRT,0.409,1159.0,2.054471197905055
1866,BRT,0.409,1159.0,2.054471197905055
1990,BRT,0.409,1159.0,2.054471197905055
119,BRT,0.408,1163.0,2.049448040941962
135,BRT,0.408,1163.0,2.049448040941962
545,BRT,0.408,1163.0,2.049448040941962
1218,BRT,0.408,1163.0,2.049448040941962
1657,BRT,0.408,1163.0,2.049448040941962
1715,BRT,0.408,1163.0,2.049448040941962
1728,BRT,0.407,1169.0,2.044424883978869
1877,BRT,0.407,1169.0,2.044424883978869
2369,BRT,0.407,1169.0,2.044424883978869
246,BRT,0.406,1172.0,2.0394017270157763
270,BRT,0.406,1172.0,2.0394017270157763
437,BRT,0.406,1172.0,2.0394017270157763
1068,BRT,0.406,1172.0,2.0394017270157763
1767,BRT,0.406,1172.0,2.0394017270157763
1920,BRT,0.406,1172.0,2.0394017270157763
2162,BRT,0.406,1172.0,2.0394017270157763
2258,BRT,0.406,1172.0,2.0394017270157763
505,BRT,0.405,1180.0,2.034378570052683
684,BRT,0.405,1180.0,2.034378570052683
741,BRT,0.405,1180.0,2.034378570052683
1665,BRT,0.405,1180.0,2.034378570052683
2632,BRT,0.405,1180.0,2.034378570052683
2708,BRT,0.405,1180.0,2.034378570052683
143,BRT,0.404,1186.0,2.0293554130895903
394,BRT,0.404,1186.0,2.0293554130895903
750,BRT,0.404,1186.0,2.0293554130895903
806,BRT,0.404,1186.0,2.0293554130895903
376,BRT,0.403,1190.0,2.024332256126497
426,BRT,0.403,1190.0,2.024332256126497
1059,BRT,0.403,1190.0,2.024332256126497
1571,BRT,0.403,1190.0,2.024332256126497
2028,BRT,0.403,1190.0,2.024332256126497
2150,BRT,0.403,1190.0,2.024332256126497
2575,BRT,0.403,1190.0,2.024332256126497
2629,BRT,0.403,1190.0,2.024332256126497
2775,BRT,0.403,1190.0,2.024332256126497
1239,BRT,0.402,1199.0,2.019309099163404
2069,BRT,0.402,1199.0,2.019309099163404
37,BRT,0.401,1201.0,2.0142859422003108
1153,BRT,0.401,1201.0,2.0142859422003108
1441,BRT,0.401,1201.0,2.0142859422003108
1907,BRT,0.401,1201.0,2.0142859422003108
1970,BRT,0.401,1201.0,2.0142859422003108
2355,BRT,0.401,1201.0,2.0142859422003108
345,BRT,0.4,1207.0,2.009262785237218
357,BRT,0.4,1207.0,2.009262785237218
1079,BRT,0.4,1207.0,2.009262785237218
1094,BRT,0.4,1207.0,2.009262785237218
1237,BRT,0.4,1207.0,2.009262785237218
1826,BRT,0.4,1207.0,2.009262785237218
2762,BRT,0.4,1207.0,2.009262785237218
1,BRT,0.399,1214.0,2.004239628274125
56,BRT,0.399,1214.0,2.004239628274125
525,BRT,0.399,1214.0,2.004239628274125
549,BRT,0.399,1214.0,2.004239628274125
578,BRT,0.399,1214.0,2.004239628274125
637,BRT,0.399,1214.0,2.004239628274125
743,BRT,0.399,1214.0,2.004239628274125
759,BRT,0.399,1214.0,2.004239628274125
1069,BRT,0.399,1214.0,2.004239628274125
1659,BRT,0.399,1214.0,2.004239628274125
1733,BRT,0.399,1214.0,2.004239628274125
1793,BRT,0.399,1214.0,2.004239628274125
1974,BRT,0.399,1214.0,2.004239628274125
2205,BRT,0.399,1214.0,2.004239628274125
2435,BRT,0.399,1214.0,2.004239628274125
1389,BRT,0.398,1229.0,1.9992164713110319
1738,BRT,0.398,1229.0,1.9992164713110319
1959,BRT,0.398,1229.0,1.9992164713110319
2185,BRT,0.398,1229.0,1.9992164713110319
343,BRT,0.397,1233.0,1.9941933143479387
523,BRT,0.397,1233.0,1.9941933143479387
1242,BRT,0.397,1233.0,1.9941933143479387
1257,BRT,0.397,1233.0,1.9941933143479387
2769,BRT,0.397,1233.0,1.9941933143479387
1618,BRT,0.396,1238.0,1.9891701573848457
2234,BRT,0.396,1238.0,1.9891701573848457
710,BRT,0.395,1240.0,1.9841470004217527
1074,BRT,0.395,1240.0,1.9841470004217527
1219,BRT,0.395,1240.0,1.9841470004217527
1720,BRT,0.395,1240.0,1.9841470004217527
2330,BRT,0.395,1240.0,1.9841470004217527
2341,BRT,0.395,1240.0,1.9841470004217527
780,BRT,0.394,1246.0,1.9791238434586595
1460,BRT,0.394,1246.0,1.9791238434586595
1514,BRT,0.394,1246.0,1.9791238434586595
1577,BRT,0.394,1246.0,1.9791238434586595
2262,BRT,0.394,1246.0,1.9791238434586595
2650,BRT,0.394,1246.0,1.9791238434586595
45,BRT,0.393,1252.0,1.9741006864955666
341,BRT,0.393,1252.0,1.9741006864955666
441,BRT,0.393,1252.0,1.9741006864955666
593,BRT,0.393,1252.0,1.9741006864955666
867,BRT,0.393,1252.0,1.9741006864955666
1946,BRT,0.393,1252.0,1.9741006864955666
2036,BRT,0.393,1252.0,1.9741006864955666
786,BRT,0.392,1259.0,1.9690775295324736
1792,BRT,0.392,1259.0,1.9690775295324736
1274,BRT,0.391,1261.0,1.9640543725693804
1593,BRT,0.391,1261.0,1.9640543725693804
1188,BRT,0.39,1263.0,1.9590312156062875
1705,BRT,0.39,1263.0,1.9590312156062875
2279,BRT,0.39,1263.0,1.9590312156062875
58,BRT,0.389,1266.0,1.9540080586431945
178,BRT,0.389,1266.0,1.9540080586431945
362,BRT,0.389,1266.0,1.9540080586431945
575,BRT,0.389,1266.0,1.9540080586431945
918,BRT,0.389,1266.0,1.9540080586431945
1056,BRT,0.389,1266.0,1.9540080586431945
1621,BRT,0.389,1266.0,1.9540080586431945
2059,BRT,0.389,1266.0,1.9540080586431945
2006,BRT,0.388,1274.0,1.9489849016801013
2012,BRT,0.388,1274.0,1.9489849016801013
2640,BRT,0.388,1274.0,1.9489849016801013
2763,BRT,0.388,1274.0,1.9489849016801013
1925,BRT,0.387,1278.0,1.9439617447170083
2597,BRT,0.387,1278.0,1.9439617447170083
1067,BRT,0.386,1280.0,1.9389385877539151
1359,BRT,0.386,1280.0,1.9389385877539151
1546,BRT,0.386,1280.0,1.9389385877539151
1884,BRT,0.386,1280.0,1.9389385877539151
2003,BRT,0.386,1280.0,1.9389385877539151
279,BRT,0.385,1285.0,1.9339154307908222
458,BRT,0.385,1285.0,1.9339154307908222
1455,BRT,0.385,1285.0,1.9339154307908222
2136,BRT,0.385,1285.0,1.9339154307908222
2613,BRT,0.385,1285.0,1.9339154307908222
2654,BRT,0.385,1285.0,1.9339154307908222
1560,BRT,0.384,1291.0,1.9288922738277292
1599,BRT,0.384,1291.0,1.9288922738277292
1744,BRT,0.384,1291.0,1.9288922738277292
1888,BRT,0.384,1291.0,1.9288922738277292
2365,BRT,0.384,1291.0,1.9288922738277292
355,BRT,0.383,1296.0,1.923869116864636
660,BRT,0.383,1296.0,1.923869116864636
725,BRT,0.383,1296.0,1.923869116864636
1061,BRT,0.383,1296.0,1.923869116864636
1996,BRT,0.383,1296.0,1.923869116864636
2582,BRT,0.383,1296.0,1.923869116864636
618,BRT,0.382,1302.0,1.918845959901543
895,BRT,0.382,1302.0,1.918845959901543
2203,BRT,0.382,1302.0,1.918845959901543
237,BRT,0.381,1305.0,1.91382280293845
624,BRT,0.381,1305.0,1.91382280293845
847,BRT,0.381,1305.0,1.91382280293845
1558,BRT,0.381,1305.0,1.91382280293845
2370,BRT,0.381,1305.0,1.91382280293845
541,BRT,0.38,1310.0,1.908799645975357
603,BRT,0.38,1310.0,1.908799645975357
688,BRT,0.38,1310.0,1.908799645975357
1032,BRT,0.38,1310.0,1.908799645975357
1519,BRT,0.38,1310.0,1.908799645975357
2214,BRT,0.38,1310.0,1.908799645975357
2397,BRT,0.38,1310.0,1.908799645975357
2755,BRT,0.38,1310.0,1.908799645975357
18,BRT,0.379,1318.0,1.903776489012264
78,BRT,0.379,1318.0,1.903776489012264
91,BRT,0.379,1318.0,1.903776489012264
145,BRT,0.379,1318.0,1.903776489012264
709,BRT,0.379,1318.0,1.903776489012264
1076,BRT,0.379,1318.0,1.903776489012264
1117,BRT,0.379,1318.0,1.903776489012264
1301,BRT,0.379,1318.0,1.903776489012264
568,BRT,0.378,1326.0,1.8987533320491707
659,BRT,0.378,1326.0,1.8987533320491707
1333,BRT,0.378,1326.0,1.8987533320491707
1550,BRT,0.378,1326.0,1.8987533320491707
1596,BRT,0.378,1326.0,1.8987533320491707
1613,BRT,0.378,1326.0,1.8987533320491707
2060,BRT,0.378,1326.0,1.8987533320491707
19,BRT,0.377,1333.0,1.8937301750860778
950,BRT,0.377,1333.0,1.8937301750860778
1784,BRT,0.377,1333.0,1.8937301750860778
1904,BRT,0.377,1333.0,1.8937301750860778
2194,BRT,0.377,1333.0,1.8937301750860778
2374,BRT,0.377,1333.0,1.8937301750860778
2716,BRT,0.377,1333.0,1.8937301750860778
401,BRT,0.376,1340.0,1.8887070181229848
491,BRT,0.376,1340.0,1.8887070181229848
1965,BRT,0.376,1340.0,1.8887070181229848
1976,BRT,0.376,1340.0,1.8887070181229848
2553,BRT,0.376,1340.0,1.8887070181229848
245,BRT,0.375,1345.0,1.8836838611598916
283,BRT,0.375,1345.0,1.8836838611598916
658,BRT,0.375,1345.0,1.8836838611598916
1141,BRT,0.375,1345.0,1.8836838611598916
908,BRT,0.374,1349.0,1.8786607041967986
1521,BRT,0.374,1349.0,1.8786607041967986
2223,BRT,0.374,1349.0,1.8786607041967986
2420,BRT,0.374,1349.0,1.8786607041967986
647,BRT,0.373,1353.0,1.8736375472337057
2048,BRT,0.373,1353.0,1.8736375472337057
2354,BRT,0.373,1353.0,1.8736375472337057
2740,BRT,0.373,1353.0,1.8736375472337057
304,BRT,0.372,1357.0,1.8686143902706125
397,BRT,0.372,1357.0,1.8686143902706125
902,BRT,0.372,1357.0,1.8686143902706125
1004,BRT,0.372,1357.0,1.8686143902706125
1380,BRT,0.372,1357.0,1.8686143902706125
2452,BRT,0.372,1357.0,1.8686143902706125
2523,BRT,0.372,1357.0,1.8686143902706125
553,BRT,0.371,1364.0,1.8635912333075195
846,BRT,0.371,1364.0,1.8635912333075195
1147,BRT,0.371,1364.0,1.8635912333075195
1651,BRT,0.371,1364.0,1.8635912333075195
1964,BRT,0.371,1364.0,1.8635912333075195
2007,BRT,0.371,1364.0,1.8635912333075195
298,BRT,0.37,1370.0,1.8585680763444266
433,BRT,0.37,1370.0,1.8585680763444266
691,BRT,0.37,1370.0,1.8585680763444266
1143,BRT,0.37,1370.0,1.8585680763444266
1176,BRT,0.37,1370.0,1.8585680763444266
1238,BRT,0.37,1370.0,1.8585680763444266
1416,BRT,0.37,1370.0,1.8585680763444266
1731,BRT,0.37,1370.0,1.8585680763444266
255,BRT,0.369,1378.0,1.8535449193813334
1363,BRT,0.369,1378.0,1.8535449193813334
1383,BRT,0.369,1378.0,1.8535449193813334
1761,BRT,0.369,1378.0,1.8535449193813334
2764,BRT,0.369,1378.0,1.8535449193813334
857,BRT,0.368,1383.0,1.8485217624182404
1098,BRT,0.368,1383.0,1.8485217624182404
2082,BRT,0.368,1383.0,1.8485217624182404
2292,BRT,0.368,1383.0,1.8485217624182404
311,BRT,0.367,1387.0,1.8434986054551472
513,BRT,0.367,1387.0,1.8434986054551472
890,BRT,0.367,1387.0,1.8434986054551472
1330,BRT,0.367,1387.0,1.8434986054551472
1409,BRT,0.367,1387.0,1.8434986054551472
2093,BRT,0.367,1387.0,1.8434986054551472
2201,BRT,0.367,1387.0,1.8434986054551472
2371,BRT,0.367,1387.0,1.8434986054551472
2682,BRT,0.367,1387.0,1.8434986054551472
492,BRT,0.366,1396.0,1.8384754484920542
945,BRT,0.366,1396.0,1.8384754484920542
1483,BRT,0.366,1396.0,1.8384754484920542
1949,BRT,0.366,1396.0,1.8384754484920542
2248,BRT,0.366,1396.0,1.8384754484920542
2257,BRT,0.366,1396.0,1.8384754484920542
2662,BRT,0.366,1396.0,1.8384754484920542
114,BRT,0.365,1403.0,1.8334522915289613
1456,BRT,0.365,1403.0,1.8334522915289613
1477,BRT,0.365,1403.0,1.8334522915289613
1753,BRT,0.365,1403.0,1.8334522915289613
1788,BRT,0.365,1403.0,1.8334522915289613
1838,BRT,0.365,1403.0,1.8334522915289613
1977,BRT,0.365,1403.0,1.8334522915289613
2480,BRT,0.365,1403.0,1.8334522915289613
2554,BRT,0.365,1403.0,1.8334522915289613
80,BRT,0.364,1412.0,1.828429134565868
90,BRT,0.364,1412.0,1.828429134565868
580,BRT,0.364,1412.0,1.828429134565868
966,BRT,0.364,1412.0,1.828429134565868
1109,BRT,0.364,1412.0,1.828429134565868
1468,BRT,0.364,1412.0,1.828429134565868
2313,BRT,0.364,1412.0,1.828429134565868
95,BRT,0.363,1419.0,1.8234059776027751
349,BRT,0.363,1419.0,1.8234059776027751
701,BRT,0.363,1419.0,1.8234059776027751
1269,BRT,0.362,1422.0,1.8183828206396822
1536,BRT,0.362,1422.0,1.8183828206396822
64,BRT,0.361,1424.0,1.813359663676589
306,BRT,0.361,1424.0,1.813359663676589
489,BRT,0.361,1424.0,1.813359663676589
872,BRT,0.361,1424.0,1.813359663676589
1046,BRT,0.361,1424.0,1.813359663676589
1193,BRT,0.361,1424.0,1.813359663676589
1391,BRT,0.361,1424.0,1.813359663676589
1542,BRT,0.361,1424.0,1.813359663676589
2074,BRT,0.361,1424.0,1.813359663676589
2311,BRT,0.361,1424.0,1.813359663676589
2470,BRT,0.361,1424.0,1.813359663676589
2743,BRT,0.361,1424.0,1.813359663676589
1037,BRT,0.36,1436.0,1.808336506713496
1768,BRT,0.36,1436.0,1.808336506713496
1938,BRT,0.36,1436.0,1.808336506713496
2504,BRT,0.36,1436.0,1.808336506713496
2568,BRT,0.36,1436.0,1.808336506713496
2677,BRT,0.36,1436.0,1.808336506713496
703,BRT,0.359,1442.0,1.8033133497504028
1564,BRT,0.359,1442.0,1.8033133497504028
2605,BRT,0.359,1442.0,1.8033133497504028
105,BRT,0.358,1445.0,1.7982901927873098
849,BRT,0.358,1445.0,1.7982901927873098
1482,BRT,0.358,1445.0,1.7982901927873098
1611,BRT,0.358,1445.0,1.7982901927873098
2298,BRT,0.358,1445.0,1.7982901927873098
2484,BRT,0.358,1445.0,1.7982901927873098
2532,BRT,0.358,1445.0,1.7982901927873098
40,BRT,0.357,1452.0,1.7932670358242169
396,BRT,0.357,1452.0,1.7932670358242169
432,BRT,0.357,1452.0,1.7932670358242169
706,BRT,0.357,1452.0,1.7932670358242169
819,BRT,0.357,1452.0,1.7932670358242169
1182,BRT,0.357,1452.0,1.7932670358242169
1367,BRT,0.357,1452.0,1.7932670358242169
1467,BRT,0.357,1452.0,1.7932670358242169
2623,BRT,0.357,1452.0,1.7932670358242169
830,BRT,0.356,1461.0,1.7882438788611237
1201,BRT,0.356,1461.0,1.7882438788611237
1339,BRT,0.356,1461.0,1.7882438788611237
1719,BRT,0.356,1461.0,1.7882438788611237
142,BRT,0.355,1465.0,1.7832207218980307
1066,BRT,0.355,1465.0,1.7832207218980307
1548,BRT,0.355,1465.0,1.7832207218980307
1666,BRT,0.355,1465.0,1.7832207218980307
1673,BRT,0.355,1465.0,1.7832207218980307
1766,BRT,0.355,1465.0,1.7832207218980307
2282,BRT,0.355,1465.0,1.7832207218980307
2458,BRT,0.355,1465.0,1.7832207218980307
2670,BRT,0.355,1465.0,1.7832207218980307
858,BRT,0.354,1474.0,1.7781975649349377
2189,BRT,0.354,1474.0,1.7781975649349377
963,BRT,0.353,1476.0,1.7731744079718446
1231,BRT,0.353,1476.0,1.7731744079718446
1280,BRT,0.353,1476.0,1.7731744079718446
2008,BRT,0.353,1476.0,1.7731744079718446
2151,BRT,0.353,1476.0,1.7731744079718446
2286,BRT,0.353,1476.0,1.7731744079718446
146,BRT,0.352,1482.0,1.7681512510087516
1908,BRT,0.352,1482.0,1.7681512510087516
2367,BRT,0.352,1482.0,1.7681512510087516
986,BRT,0.351,1485.0,1.7631280940456586
1272,BRT,0.351,1485.0,1.7631280940456586
1325,BRT,0.351,1485.0,1.7631280940456586
1722,BRT,0.351,1485.0,1.7631280940456586
2483,BRT,0.351,1485.0,1.7631280940456586
733,BRT,0.35,1490.0,1.7581049370825654
811,BRT,0.35,1490.0,1.7581049370825654
1654,BRT,0.35,1490.0,1.7581049370825654
422,BRT,0.349,1493.0,1.7530817801194725
451,BRT,0.349,1493.0,1.7530817801194725
534,BRT,0.349,1493.0,1.7530817801194725
535,BRT,0.349,1493.0,1.7530817801194725
859,BRT,0.349,1493.0,1.7530817801194725
906,BRT,0.349,1493.0,1.7530817801194725
947,BRT,0.349,1493.0,1.7530817801194725
1425,BRT,0.349,1493.0,1.7530817801194725
1469,BRT,0.349,1493.0,1.7530817801194725
2690,BRT,0.349,1493.0,1.7530817801194725
2691,BRT,0.349,1493.0,1.7530817801194725
2700,BRT,0.349,1493.0,1.7530817801194725
2425,BRT,0.348,1505.0,1.7480586231563793
226,BRT,0.347,1506.0,1.7430354661932863
344,BRT,0.347,1506.0,1.7430354661932863
742,BRT,0.347,1506.0,1.7430354661932863
1164,BRT,0.347,1506.0,1.7430354661932863
1583,BRT,0.347,1506.0,1.7430354661932863
2412,BRT,0.347,1506.0,1.7430354661932863
340,BRT,0.346,1512.0,1.7380123092301933
615,BRT,0.346,1512.0,1.7380123092301933
1005,BRT,0.346,1512.0,1.7380123092301933
1422,BRT,0.346,1512.0,1.7380123092301933
2326,BRT,0.346,1512.0,1.7380123092301933
2591,BRT,0.346,1512.0,1.7380123092301933
2621,BRT,0.346,1512.0,1.7380123092301933
460,BRT,0.345,1519.0,1.7329891522671002
2601,BRT,0.345,1519.0,1.7329891522671002
573,BRT,0.344,1521.0,1.7279659953040072
685,BRT,0.344,1521.0,1.7279659953040072
1179,BRT,0.344,1521.0,1.7279659953040072
2018,BRT,0.344,1521.0,1.7279659953040072
2120,BRT,0.344,1521.0,1.7279659953040072
778,BRT,0.343,1526.0,1.7229428383409144
258,BRT,0.342,1527.0,1.7179196813778213
338,BRT,0.342,1527.0,1.7179196813778213
625,BRT,0.342,1527.0,1.7179196813778213
756,BRT,0.342,1527.0,1.7179196813778213
1204,BRT,0.342,1527.0,1.7179196813778213
1535,BRT,0.342,1527.0,1.7179196813778213
89,BRT,0.341,1533.0,1.7128965244147283
665,BRT,0.341,1533.0,1.7128965244147283
2141,BRT,0.341,1533.0,1.7128965244147283
2265,BRT,0.341,1533.0,1.7128965244147283
2595,BRT,0.341,1533.0,1.7128965244147283
682,BRT,0.34,1538.0,1.7078733674516353
785,BRT,0.34,1538.0,1.7078733674516353
1458,BRT,0.34,1538.0,1.7078733674516353
2167,BRT,0.34,1538.0,1.7078733674516353
24,BRT,0.339,1542.0,1.7028502104885421
605,BRT,0.339,1542.0,1.7028502104885421
611,BRT,0.339,1542.0,1.7028502104885421
628,BRT,0.339,1542.0,1.7028502104885421
689,BRT,0.339,1542.0,1.7028502104885421
1181,BRT,0.339,1542.0,1.7028502104885421
1202,BRT,0.339,1542.0,1.7028502104885421
1490,BRT,0.339,1542.0,1.7028502104885421
473,BRT,0.338,1550.0,1.6978270535254492
1897,BRT,0.338,1550.0,1.6978270535254492
2474,BRT,0.338,1550.0,1.6978270535254492
289,BRT,0.337,1553.0,1.6928038965623562
585,BRT,0.337,1553.0,1.6928038965623562
1051,BRT,0.337,1553.0,1.6928038965623562
1421,BRT,0.337,1553.0,1.6928038965623562
1451,BRT,0.337,1553.0,1.6928038965623562
2312,BRT,0.337,1553.0,1.6928038965623562
2580,BRT,0.337,1553.0,1.6928038965623562
2701,BRT,0.337,1553.0,1.6928038965623562
916,BRT,0.336,1561.0,1.687780739599263
1208,BRT,0.336,1561.0,1.687780739599263
1740,BRT,0.336,1561.0,1.687780739599263
2346,BRT,0.336,1561.0,1.687780739599263
536,BRT,0.335,1565.0,1.68275758263617
1070,BRT,0.335,1565.0,1.68275758263617
1309,BRT,0.335,1565.0,1.68275758263617
2058,BRT,0.335,1565.0,1.68275758263617
2314,BRT,0.335,1565.0,1.68275758263617
206,BRT,0.334,1570.0,1.677734425673077
256,BRT,0.334,1570.0,1.677734425673077
493,BRT,0.334,1570.0,1.677734425673077
500,BRT,0.334,1570.0,1.677734425673077
514,BRT,0.334,1570.0,1.677734425673077
671,BRT,0.334,1570.0,1.677734425673077
712,BRT,0.334,1570.0,1.677734425673077
809,BRT,0.334,1570.0,1.677734425673077
1224,BRT,0.334,1570.0,1.677734425673077
1401,BRT,0.334,1570.0,1.677734425673077
2688,BRT,0.334,1570.0,1.677734425673077
2709,BRT,0.334,1570.0,1.677734425673077
728,BRT,0.333,1582.0,1.6727112687099839
798,BRT,0.333,1582.0,1.6727112687099839
1684,BRT,0.333,1582.0,1.6727112687099839
1701,BRT,0.333,1582.0,1.6727112687099839
1854,BRT,0.333,1582.0,1.6727112687099839
1894,BRT,0.333,1582.0,1.6727112687099839
85,BRT,0.332,1588.0,1.667688111746891
1418,BRT,0.332,1588.0,1.667688111746891
1570,BRT,0.332,1588.0,1.667688111746891
2722,BRT,0.332,1588.0,1.667688111746891
1084,BRT,0.331,1592.0,1.6626649547837977
1474,BRT,0.331,1592.0,1.6626649547837977
2635,BRT,0.331,1592.0,1.6626649547837977
2767,BRT,0.331,1592.0,1.6626649547837977
66,BRT,0.33,1596.0,1.6576417978207048
445,BRT,0.33,1596.0,1.6576417978207048
914,BRT,0.33,1596.0,1.6576417978207048
990,BRT,0.33,1596.0,1.6576417978207048
1298,BRT,0.33,1596.0,1.6576417978207048
2081,BRT,0.33,1596.0,1.6576417978207048
2467,BRT,0.33,1596.0,1.6576417978207048
2588,BRT,0.33,1596.0,1.6576417978207048
435,BRT,0.329,1604.0,1.6526186408576118
702,BRT,0.329,1604.0,1.6526186408576118
1372,BRT,0.329,1604.0,1.6526186408576118
1395,BRT,0.329,1604.0,1.6526186408576118
1997,BRT,0.329,1604.0,1.6526186408576118
138,BRT,0.328,1609.0,1.6475954838945186
366,BRT,0.328,1609.0,1.6475954838945186
972,BRT,0.328,1609.0,1.6475954838945186
1338,BRT,0.328,1609.0,1.6475954838945186
1725,BRT,0.328,1609.0,1.6475954838945186
1869,BRT,0.328,1609.0,1.6475954838945186
2375,BRT,0.328,1609.0,1.6475954838945186
2593,BRT,0.328,1609.0,1.6475954838945186
2624,BRT,0.328,1609.0,1.6475954838945186
617,BRT,0.327,1618.0,1.6425723269314256
1052,BRT,0.327,1618.0,1.6425723269314256
1209,BRT,0.327,1618.0,1.6425723269314256
1326,BRT,0.327,1618.0,1.6425723269314256
1555,BRT,0.327,1618.0,1.6425723269314256
805,BRT,0.326,1623.0,1.6375491699683327
1173,BRT,0.326,1623.0,1.6375491699683327
1862,BRT,0.326,1623.0,1.6375491699683327
1992,BRT,0.326,1623.0,1.6375491699683327
2042,BRT,0.326,1623.0,1.6375491699683327
167,BRT,0.325,1628.0,1.6325260130052395
2068,BRT,0.325,1628.0,1.6325260130052395
372,BRT,0.324,1630.0,1.6275028560421465
390,BRT,0.324,1630.0,1.6275028560421465
423,BRT,0.324,1630.0,1.6275028560421465
839,BRT,0.324,1630.0,1.6275028560421465
2043,BRT,0.324,1630.0,1.6275028560421465
2376,BRT,0.324,1630.0,1.6275028560421465
217,BRT,0.323,1636.0,1.6224796990790535
234,BRT,0.323,1636.0,1.6224796990790535
716,BRT,0.323,1636.0,1.6224796990790535
1082,BRT,0.323,1636.0,1.6224796990790535
1102,BRT,0.323,1636.0,1.6224796990790535
1643,BRT,0.323,1636.0,1.6224796990790535
1957,BRT,0.323,1636.0,1.6224796990790535
1982,BRT,0.323,1636.0,1.6224796990790535
2184,BRT,0.323,1636.0,1.6224796990790535
150,BRT,0.322,1645.0,1.6174565421159603
305,BRT,0.322,1645.0,1.6174565421159603
1101,BRT,0.322,1645.0,1.6174565421159603
1506,BRT,0.322,1645.0,1.6174565421159603
2147,BRT,0.322,1645.0,1.6174565421159603
2410,BRT,0.322,1645.0,1.6174565421159603
8,BRT,0.321,1651.0,1.6124333851528674
175,BRT,0.321,1651.0,1.6124333851528674
203,BRT,0.321,1651.0,1.6124333851528674
456,BRT,0.321,1651.0,1.6124333851528674
956,BRT,0.321,1651.0,1.6124333851528674
1145,BRT,0.321,1651.0,1.6124333851528674
1620,BRT,0.321,1651.0,1.6124333851528674
2195,BRT,0.321,1651.0,1.6124333851528674
172,BRT,0.32,1659.0,1.6074102281897742
179,BRT,0.32,1659.0,1.6074102281897742
540,BRT,0.32,1659.0,1.6074102281897742
555,BRT,0.32,1659.0,1.6074102281897742
597,BRT,0.32,1659.0,1.6074102281897742
888,BRT,0.32,1659.0,1.6074102281897742
2543,BRT,0.32,1659.0,1.6074102281897742
871,BRT,0.319,1666.0,1.6023870712266812
957,BRT,0.319,1666.0,1.6023870712266812
1138,BRT,0.319,1666.0,1.6023870712266812
1717,BRT,0.319,1666.0,1.6023870712266812
508,BRT,0.318,1670.0,1.5973639142635883
1444,BRT,0.318,1670.0,1.5973639142635883
1698,BRT,0.318,1670.0,1.5973639142635883
1743,BRT,0.318,1670.0,1.5973639142635883
1786,BRT,0.318,1670.0,1.5973639142635883
1981,BRT,0.318,1670.0,1.5973639142635883
235,BRT,0.317,1676.0,1.592340757300495
784,BRT,0.317,1676.0,1.592340757300495
1541,BRT,0.317,1676.0,1.592340757300495
1777,BRT,0.317,1676.0,1.592340757300495
346,BRT,0.316,1680.0,1.587317600337402
466,BRT,0.316,1680.0,1.587317600337402
820,BRT,0.316,1680.0,1.587317600337402
1123,BRT,0.316,1680.0,1.587317600337402
1174,BRT,0.316,1680.0,1.587317600337402
1478,BRT,0.316,1680.0,1.587317600337402
1645,BRT,0.316,1680.0,1.587317600337402
248,BRT,0.315,1687.0,1.5822944433743091
1994,BRT,0.315,1687.0,1.5822944433743091
2476,BRT,0.315,1687.0,1.5822944433743091
2518,BRT,0.315,1687.0,1.5822944433743091
2745,BRT,0.315,1687.0,1.5822944433743091
98,BRT,0.314,1692.0,1.577271286411216
363,BRT,0.314,1692.0,1.577271286411216
1303,BRT,0.314,1692.0,1.577271286411216
1800,BRT,0.314,1692.0,1.577271286411216
1891,BRT,0.314,1692.0,1.577271286411216
2366,BRT,0.314,1692.0,1.577271286411216
2695,BRT,0.314,1692.0,1.577271286411216
488,BRT,0.313,1699.0,1.572248129448123
502,BRT,0.313,1699.0,1.572248129448123
1730,BRT,0.313,1699.0,1.572248129448123
1832,BRT,0.313,1699.0,1.572248129448123
2586,BRT,0.313,1699.0,1.572248129448123
1013,BRT,0.312,1704.0,1.5672249724850298
1660,BRT,0.312,1704.0,1.5672249724850298
2024,BRT,0.312,1704.0,1.5672249724850298
1007,BRT,0.311,1707.0,1.5622018155219368
2088,BRT,0.311,1707.0,1.5622018155219368
2137,BRT,0.311,1707.0,1.5622018155219368
2570,BRT,0.311,1707.0,1.5622018155219368
221,BRT,0.31,1711.0,1.5571786585588439
503,BRT,0.31,1711.0,1.5571786585588439
855,BRT,0.31,1711.0,1.5571786585588439
1039,BRT,0.31,1711.0,1.5571786585588439
1047,BRT,0.31,1711.0,1.5571786585588439
1481,BRT,0.31,1711.0,1.5571786585588439
1839,BRT,0.31,1711.0,1.5571786585588439
2138,BRT,0.31,1711.0,1.5571786585588439
2181,BRT,0.31,1711.0,1.5571786585588439
415,BRT,0.309,1720.0,1.5521555015957507
754,BRT,0.309,1720.0,1.5521555015957507
896,BRT,0.309,1720.0,1.5521555015957507
1157,BRT,0.309,1720.0,1.5521555015957507
1313,BRT,0.309,1720.0,1.5521555015957507
1392,BRT,0.309,1720.0,1.5521555015957507
2628,BRT,0.309,1720.0,1.5521555015957507
76,BRT,0.308,1727.0,1.5471323446326577
111,BRT,0.308,1727.0,1.5471323446326577
267,BRT,0.308,1727.0,1.5471323446326577
330,BRT,0.308,1727.0,1.5471323446326577
468,BRT,0.308,1727.0,1.5471323446326577
622,BRT,0.308,1727.0,1.5471323446326577
1616,BRT,0.308,1727.0,1.5471323446326577
2000,BRT,0.308,1727.0,1.5471323446326577
2156,BRT,0.308,1727.0,1.5471323446326577
2335,BRT,0.308,1727.0,1.5471323446326577
2460,BRT,0.308,1727.0,1.5471323446326577
946,BRT,0.307,1738.0,1.5421091876695647
952,BRT,0.307,1738.0,1.5421091876695647
1494,BRT,0.307,1738.0,1.5421091876695647
1734,BRT,0.307,1738.0,1.5421091876695647
2451,BRT,0.307,1738.0,1.5421091876695647
1374,BRT,0.306,1743.0,1.5370860307064715
1403,BRT,0.306,1743.0,1.5370860307064715
1547,BRT,0.306,1743.0,1.5370860307064715
1567,BRT,0.306,1743.0,1.5370860307064715
1781,BRT,0.306,1743.0,1.5370860307064715
1803,BRT,0.306,1743.0,1.5370860307064715
2306,BRT,0.306,1743.0,1.5370860307064715
1576,BRT,0.305,1750.0,1.5320628737433786
1895,BRT,0.305,1750.0,1.5320628737433786
2468,BRT,0.305,1750.0,1.5320628737433786
62,BRT,0.304,1753.0,1.5270397167802856
185,BRT,0.304,1753.0,1.5270397167802856
598,BRT,0.304,1753.0,1.5270397167802856
787,BRT,0.304,1753.0,1.5270397167802856
1136,BRT,0.304,1753.0,1.5270397167802856
1664,BRT,0.304,1753.0,1.5270397167802856
2131,BRT,0.304,1753.0,1.5270397167802856
2447,BRT,0.304,1753.0,1.5270397167802856
197,BRT,0.303,1761.0,1.5220165598171924
1405,BRT,0.303,1761.0,1.5220165598171924
2020,BRT,0.303,1761.0,1.5220165598171924
2221,BRT,0.303,1761.0,1.5220165598171924
2479,BRT,0.303,1761.0,1.5220165598171924
42,BRT,0.302,1766.0,1.5169934028540994
934,BRT,0.302,1766.0,1.5169934028540994
2070,BRT,0.302,1766.0,1.5169934028540994
2229,BRT,0.302,1766.0,1.5169934028540994
2301,BRT,0.302,1766.0,1.5169934028540994
2381,BRT,0.302,1766.0,1.5169934028540994
115,BRT,0.301,1772.0,1.5119702458910063
669,BRT,0.301,1772.0,1.5119702458910063
675,BRT,0.301,1772.0,1.5119702458910063
738,BRT,0.301,1772.0,1.5119702458910063
762,BRT,0.301,1772.0,1.5119702458910063
1454,BRT,0.301,1772.0,1.5119702458910063
2350,BRT,0.301,1772.0,1.5119702458910063
2527,BRT,0.301,1772.0,1.5119702458910063
2545,BRT,0.301,1772.0,1.5119702458910063
2674,BRT,0.301,1772.0,1.5119702458910063
113,BRT,0.3,1782.0,1.5069470889279133
342,BRT,0.3,1782.0,1.5069470889279133
512,BRT,0.3,1782.0,1.5069470889279133
533,BRT,0.3,1782.0,1.5069470889279133
1880,BRT,0.3,1782.0,1.5069470889279133
2098,BRT,0.3,1782.0,1.5069470889279133
2348,BRT,0.3,1782.0,1.5069470889279133
2395,BRT,0.3,1782.0,1.5069470889279133
2592,BRT,0.3,1782.0,1.5069470889279133
574,BRT,0.299,1791.0,1.5019239319648203
781,BRT,0.299,1791.0,1.5019239319648203
1251,BRT,0.299,1791.0,1.5019239319648203
1950,BRT,0.299,1791.0,1.5019239319648203
2171,BRT,0.299,1791.0,1.5019239319648203
31,BRT,0.298,1796.0,1.4969007750017271
171,BRT,0.298,1796.0,1.4969007750017271
295,BRT,0.298,1796.0,1.4969007750017271
673,BRT,0.298,1796.0,1.4969007750017271
866,BRT,0.298,1796.0,1.4969007750017271
1178,BRT,0.298,1796.0,1.4969007750017271
1340,BRT,0.298,1796.0,1.4969007750017271
2357,BRT,0.298,1796.0,1.4969007750017271
2617,BRT,0.298,1796.0,1.4969007750017271
161,BRT,0.297,1805.0,1.4918776180386342
612,BRT,0.297,1805.0,1.4918776180386342
1217,BRT,0.297,1805.0,1.4918776180386342
1704,BRT,0.297,1805.0,1.4918776180386342
2461,BRT,0.297,1805.0,1.4918776180386342
2463,BRT,0.297,1805.0,1.4918776180386342
2750,BRT,0.297,1805.0,1.4918776180386342
554,BRT,0.296,1812.0,1.4868544610755412
1150,BRT,0.296,1812.0,1.4868544610755412
1685,BRT,0.296,1812.0,1.4868544610755412
1794,BRT,0.296,1812.0,1.4868544610755412
2473,BRT,0.296,1812.0,1.4868544610755412
2728,BRT,0.296,1812.0,1.4868544610755412
407,BRT,0.295,1818.0,1.481831304112448
752,BRT,0.295,1818.0,1.481831304112448
1085,BRT,0.295,1818.0,1.481831304112448
1420,BRT,0.295,1818.0,1.481831304112448
1528,BRT,0.295,1818.0,1.481831304112448
1755,BRT,0.295,1818.0,1.481831304112448
2459,BRT,0.295,1818.0,1.481831304112448
216,BRT,0.294,1825.0,1.476808147149355
271,BRT,0.294,1825.0,1.476808147149355
2113,BRT,0.294,1825.0,1.476808147149355
616,BRT,0.293,1828.0,1.4717849901862619
1260,BRT,0.293,1828.0,1.4717849901862619
2116,BRT,0.293,1828.0,1.4717849901862619
2696,BRT,0.293,1828.0,1.4717849901862619
33,BRT,0.292,1832.0,1.4667618332231689
447,BRT,0.292,1832.0,1.4667618332231689
619,BRT,0.292,1832.0,1.4667618332231689
1653,BRT,0.292,1832.0,1.4667618332231689
2718,BRT,0.292,1832.0,1.4667618332231689
649,BRT,0.291,1837.0,1.461738676260076
686,BRT,0.291,1837.0,1.461738676260076
1973,BRT,0.291,1837.0,1.461738676260076
381,BRT,0.29,1840.0,1.4567155192969827
1021,BRT,0.29,1840.0,1.4567155192969827
1899,BRT,0.29,1840.0,1.4567155192969827
153,BRT,0.289,1843.0,1.4516923623338898
653,BRT,0.289,1843.0,1.4516923623338898
869,BRT,0.289,1843.0,1.4516923623338898
1042,BRT,0.289,1843.0,1.4516923623338898
1115,BRT,0.289,1843.0,1.4516923623338898
1452,BRT,0.289,1843.0,1.4516923623338898
1631,BRT,0.289,1843.0,1.4516923623338898
2761,BRT,0.289,1843.0,1.4516923623338898
16,BRT,0.288,1851.0,1.4466692053707968
102,BRT,0.288,1851.0,1.4466692053707968
233,BRT,0.288,1851.0,1.4466692053707968
269,BRT,0.288,1851.0,1.4466692053707968
589,BRT,0.288,1851.0,1.4466692053707968
892,BRT,0.288,1851.0,1.4466692053707968
1148,BRT,0.288,1851.0,1.4466692053707968
1364,BRT,0.288,1851.0,1.4466692053707968
1790,BRT,0.288,1851.0,1.4466692053707968
1867,BRT,0.288,1851.0,1.4466692053707968
2180,BRT,0.288,1851.0,1.4466692053707968
2240,BRT,0.288,1851.0,1.4466692053707968
2408,BRT,0.288,1851.0,1.4466692053707968
107,BRT,0.287,1864.0,1.4416460484077036
509,BRT,0.287,1864.0,1.4416460484077036
626,BRT,0.287,1864.0,1.4416460484077036
834,BRT,0.287,1864.0,1.4416460484077036
1195,BRT,0.287,1864.0,1.4416460484077036
1628,BRT,0.287,1864.0,1.4416460484077036
2235,BRT,0.287,1864.0,1.4416460484077036
2296,BRT,0.287,1864.0,1.4416460484077036
2683,BRT,0.287,1864.0,1.4416460484077036
621,BRT,0.286,1873.0,1.4366228914446106
670,BRT,0.286,1873.0,1.4366228914446106
2496,BRT,0.286,1873.0,1.4366228914446106
2602,BRT,0.286,1873.0,1.4366228914446106
810,BRT,0.285,1877.0,1.4315997344815177
994,BRT,0.285,1877.0,1.4315997344815177
1110,BRT,0.285,1877.0,1.4315997344815177
2400,BRT,0.285,1877.0,1.4315997344815177
326,BRT,0.284,1881.0,1.4265765775184245
495,BRT,0.284,1881.0,1.4265765775184245
683,BRT,0.284,1881.0,1.4265765775184245
807,BRT,0.284,1881.0,1.4265765775184245
1045,BRT,0.284,1881.0,1.4265765775184245
544,BRT,0.283,1886.0,1.4215534205553315
1029,BRT,0.283,1886.0,1.4215534205553315
1050,BRT,0.283,1886.0,1.4215534205553315
1695,BRT,0.283,1886.0,1.4215534205553315
2533,BRT,0.283,1886.0,1.4215534205553315
770,BRT,0.282,1891.0,1.4165302635922383
971,BRT,0.282,1891.0,1.4165302635922383
1712,BRT,0.282,1891.0,1.4165302635922383
2649,BRT,0.282,1891.0,1.4165302635922383
398,BRT,0.281,1895.0,1.4115071066291456
707,BRT,0.281,1895.0,1.4115071066291456
833,BRT,0.281,1895.0,1.4115071066291456
881,BRT,0.281,1895.0,1.4115071066291456
829,BRT,0.28,1899.0,1.4064839496660526
1246,BRT,0.28,1899.0,1.4064839496660526
1723,BRT,0.28,1899.0,1.4064839496660526
1813,BRT,0.28,1899.0,1.4064839496660526
1845,BRT,0.28,1899.0,1.4064839496660526
2032,BRT,0.28,1899.0,1.4064839496660526
783,BRT,0.279,1905.0,1.4014607927029596
974,BRT,0.279,1905.0,1.4014607927029596
1771,BRT,0.279,1905.0,1.4014607927029596
2277,BRT,0.279,1905.0,1.4014607927029596
2424,BRT,0.279,1905.0,1.4014607927029596
47,BRT,0.278,1910.0,1.3964376357398665
610,BRT,0.278,1910.0,1.3964376357398665
1113,BRT,0.278,1910.0,1.3964376357398665
704,BRT,0.277,1913.0,1.3914144787767735
1306,BRT,0.277,1913.0,1.3914144787767735
938,BRT,0.276,1915.0,1.3863913218136803
1072,BRT,0.276,1915.0,1.3863913218136803
1290,BRT,0.276,1915.0,1.3863913218136803
1605,BRT,0.276,1915.0,1.3863913218136803
1881,BRT,0.276,1915.0,1.3863913218136803
2360,BRT,0.276,1915.0,1.3863913218136803
2713,BRT,0.276,1915.0,1.3863913218136803
385,BRT,0.275,1922.0,1.3813681648505873
590,BRT,0.275,1922.0,1.3813681648505873
639,BRT,0.275,1922.0,1.3813681648505873
1241,BRT,0.275,1922.0,1.3813681648505873
1507,BRT,0.275,1922.0,1.3813681648505873
1529,BRT,0.275,1922.0,1.3813681648505873
2655,BRT,0.275,1922.0,1.3813681648505873
213,BRT,0.274,1929.0,1.3763450078874944
629,BRT,0.274,1929.0,1.3763450078874944
799,BRT,0.274,1929.0,1.3763450078874944
975,BRT,0.274,1929.0,1.3763450078874944
1028,BRT,0.274,1929.0,1.3763450078874944
1724,BRT,0.274,1929.0,1.3763450078874944
2299,BRT,0.274,1929.0,1.3763450078874944
186,BRT,0.273,1936.0,1.3713218509244012
1130,BRT,0.273,1936.0,1.3713218509244012
1852,BRT,0.273,1936.0,1.3713218509244012
166,BRT,0.272,1939.0,1.3662986939613082
462,BRT,0.272,1939.0,1.3662986939613082
1752,BRT,0.272,1939.0,1.3662986939613082
2217,BRT,0.272,1939.0,1.3662986939613082
73,BRT,0.271,1943.0,1.3612755369982152
128,BRT,0.271,1943.0,1.3612755369982152
931,BRT,0.271,1943.0,1.3612755369982152
969,BRT,0.27,1946.0,1.356252380035122
1316,BRT,0.27,1946.0,1.356252380035122
1533,BRT,0.27,1946.0,1.356252380035122
1742,BRT,0.27,1946.0,1.356252380035122
2056,BRT,0.27,1946.0,1.356252380035122
2107,BRT,0.27,1946.0,1.356252380035122
2324,BRT,0.27,1946.0,1.356252380035122
2445,BRT,0.27,1946.0,1.356252380035122
2491,BRT,0.27,1946.0,1.356252380035122
2748,BRT,0.27,1946.0,1.356252380035122
147,BRT,0.269,1956.0,1.351229223072029
646,BRT,0.269,1956.0,1.351229223072029
889,BRT,0.269,1956.0,1.351229223072029
1276,BRT,0.269,1956.0,1.351229223072029
2363,BRT,0.269,1956.0,1.351229223072029
2548,BRT,0.269,1956.0,1.351229223072029
57,BRT,0.268,1962.0,1.3462060661089361
790,BRT,0.268,1962.0,1.3462060661089361
1634,BRT,0.268,1962.0,1.3462060661089361
2142,BRT,0.268,1962.0,1.3462060661089361
2228,BRT,0.268,1962.0,1.3462060661089361
600,BRT,0.267,1967.0,1.341182909145843
662,BRT,0.267,1967.0,1.341182909145843
1027,BRT,0.267,1967.0,1.341182909145843
1207,BRT,0.267,1967.0,1.341182909145843
1414,BRT,0.267,1967.0,1.341182909145843
1912,BRT,0.267,1967.0,1.341182909145843
2154,BRT,0.267,1967.0,1.341182909145843
2307,BRT,0.267,1967.0,1.341182909145843
347,BRT,0.266,1975.0,1.33615975218275
771,BRT,0.266,1975.0,1.33615975218275
1137,BRT,0.266,1975.0,1.33615975218275
1213,BRT,0.266,1975.0,1.33615975218275
1375,BRT,0.266,1975.0,1.33615975218275
2398,BRT,0.266,1975.0,1.33615975218275
989,BRT,0.265,1981.0,1.3311365952196568
1043,BRT,0.265,1981.0,1.3311365952196568
1497,BRT,0.265,1981.0,1.3311365952196568
109,BRT,0.264,1984.0,1.3261134382565638
1351,BRT,0.264,1984.0,1.3261134382565638
1983,BRT,0.264,1984.0,1.3261134382565638
2428,BRT,0.264,1984.0,1.3261134382565638
2726,BRT,0.264,1984.0,1.3261134382565638
494,BRT,0.263,1989.0,1.3210902812934708
1083,BRT,0.263,1989.0,1.3210902812934708
470,BRT,0.262,1991.0,1.3160671243303776
739,BRT,0.262,1991.0,1.3160671243303776
1211,BRT,0.262,1991.0,1.3160671243303776
2041,BRT,0.262,1991.0,1.3160671243303776
440,BRT,0.261,1995.0,1.3110439673672847
2231,BRT,0.261,1995.0,1.3110439673672847
2387,BRT,0.261,1995.0,1.3110439673672847
1586,BRT,0.26,1998.0,1.3060208104041917
2002,BRT,0.26,1998.0,1.3060208104041917
2325,BRT,0.26,1998.0,1.3060208104041917
77,BRT,0.259,2001.0,1.3009976534410985
499,BRT,0.259,2001.0,1.3009976534410985
772,BRT,0.259,2001.0,1.3009976534410985
1508,BRT,0.259,2001.0,1.3009976534410985
2636,BRT,0.259,2001.0,1.3009976534410985
198,BRT,0.258,2006.0,1.2959744964780056
2176,BRT,0.258,2006.0,1.2959744964780056
195,BRT,0.257,2008.0,1.2909513395149124
278,BRT,0.257,2008.0,1.2909513395149124
788,BRT,0.257,2008.0,1.2909513395149124
804,BRT,0.257,2008.0,1.2909513395149124
1433,BRT,0.257,2008.0,1.2909513395149124
1763,BRT,0.257,2008.0,1.2909513395149124
2329,BRT,0.257,2008.0,1.2909513395149124
2725,BRT,0.257,2008.0,1.2909513395149124
126,BRT,0.256,2016.0,1.2859281825518194
209,BRT,0.256,2016.0,1.2859281825518194
577,BRT,0.256,2016.0,1.2859281825518194
607,BRT,0.256,2016.0,1.2859281825518194
1927,BRT,0.256,2016.0,1.2859281825518194
1944,BRT,0.256,2016.0,1.2859281825518194
2027,BRT,0.256,2016.0,1.2859281825518194
2686,BRT,0.256,2016.0,1.2859281825518194
572,BRT,0.255,2024.0,1.2809050255887264
2097,BRT,0.255,2024.0,1.2809050255887264
2407,BRT,0.255,2024.0,1.2809050255887264
2421,BRT,0.255,2024.0,1.2809050255887264
301,BRT,0.254,2028.0,1.2758818686256332
417,BRT,0.254,2028.0,1.2758818686256332
1266,BRT,0.254,2028.0,1.2758818686256332
1366,BRT,0.254,2028.0,1.2758818686256332
1694,BRT,0.254,2028.0,1.2758818686256332
1805,BRT,0.254,2028.0,1.2758818686256332
2066,BRT,0.254,2028.0,1.2758818686256332
2253,BRT,0.254,2028.0,1.2758818686256332
2551,BRT,0.254,2028.0,1.2758818686256332
224,BRT,0.253,2037.0,1.2708587116625403
1055,BRT,0.253,2037.0,1.2708587116625403
1864,BRT,0.253,2037.0,1.2708587116625403
1882,BRT,0.253,2037.0,1.2708587116625403
2129,BRT,0.253,2037.0,1.2708587116625403
2276,BRT,0.253,2037.0,1.2708587116625403
2406,BRT,0.253,2037.0,1.2708587116625403
155,BRT,0.252,2044.0,1.2658355546994473
1210,BRT,0.252,2044.0,1.2658355546994473
1918,BRT,0.252,2044.0,1.2658355546994473
2096,BRT,0.252,2044.0,1.2658355546994473
123,BRT,0.251,2048.0,1.2608123977363541
487,BRT,0.251,2048.0,1.2608123977363541
1495,BRT,0.251,2048.0,1.2608123977363541
1658,BRT,0.251,2048.0,1.2608123977363541
2454,BRT,0.251,2048.0,1.2608123977363541
2618,BRT,0.251,2048.0,1.2608123977363541
353,BRT,0.25,2054.0,1.2557892407732612
519,BRT,0.25,2054.0,1.2557892407732612
2754,BRT,0.25,2054.0,1.2557892407732612
3,BRT,0.249,2057.0,1.2507660838101682
227,BRT,0.249,2057.0,1.2507660838101682
406,BRT,0.249,2057.0,1.2507660838101682
852,BRT,0.249,2057.0,1.2507660838101682
1103,BRT,0.249,2057.0,1.2507660838101682
1293,BRT,0.249,2057.0,1.2507660838101682
2172,BRT,0.249,2057.0,1.2507660838101682
2503,BRT,0.249,2057.0,1.2507660838101682
2631,BRT,0.249,2057.0,1.2507660838101682
395,BRT,0.248,2066.0,1.245742926847075
543,BRT,0.248,2066.0,1.245742926847075
677,BRT,0.248,2066.0,1.245742926847075
915,BRT,0.248,2066.0,1.245742926847075
1834,BRT,0.248,2066.0,1.245742926847075
2051,BRT,0.248,2066.0,1.245742926847075
2083,BRT,0.248,2066.0,1.245742926847075
116,BRT,0.247,2073.0,1.240719769883982
1154,BRT,0.247,2073.0,1.240719769883982
1457,BRT,0.247,2073.0,1.240719769883982
1896,BRT,0.247,2073.0,1.240719769883982
2268,BRT,0.247,2073.0,1.240719769883982
2721,BRT,0.247,2073.0,1.240719769883982
378,BRT,0.246,2079.0,1.2356966129208888
1462,BRT,0.246,2079.0,1.2356966129208888
386,BRT,0.245,2081.0,1.2306734559577959
1332,BRT,0.245,2081.0,1.2306734559577959
2364,BRT,0.245,2081.0,1.2306734559577959
2692,BRT,0.245,2081.0,1.2306734559577959
531,BRT,0.244,2085.0,1.225650298994703
1180,BRT,0.243,2086.0,1.2206271420316097
1710,BRT,0.243,2086.0,1.2206271420316097
1860,BRT,0.243,2086.0,1.2206271420316097
1874,BRT,0.243,2086.0,1.2206271420316097
817,BRT,0.242,2090.0,1.2156039850685167
1149,BRT,0.242,2090.0,1.2156039850685167
1170,BRT,0.242,2090.0,1.2156039850685167
1903,BRT,0.242,2090.0,1.2156039850685167
2087,BRT,0.242,2090.0,1.2156039850685167
2472,BRT,0.242,2090.0,1.2156039850685167
1365,BRT,0.241,2096.0,1.2105808281054238
1587,BRT,0.241,2096.0,1.2105808281054238
2182,BRT,0.241,2096.0,1.2105808281054238
2735,BRT,0.241,2096.0,1.2105808281054238
1127,BRT,0.24,2100.0,1.2055576711423306
1175,BRT,0.24,2100.0,1.2055576711423306
1517,BRT,0.24,2100.0,1.2055576711423306
2031,BRT,0.24,2100.0,1.2055576711423306
2574,BRT,0.24,2100.0,1.2055576711423306
666,BRT,0.239,2105.0,1.2005345141792376
2115,BRT,0.239,2105.0,1.2005345141792376
524,BRT,0.238,2107.0,1.1955113572161447
591,BRT,0.238,2107.0,1.1955113572161447
1015,BRT,0.238,2107.0,1.1955113572161447
1087,BRT,0.238,2107.0,1.1955113572161447
1196,BRT,0.238,2107.0,1.1955113572161447
1967,BRT,0.238,2107.0,1.1955113572161447
2446,BRT,0.238,2107.0,1.1955113572161447
2549,BRT,0.238,2107.0,1.1955113572161447
2715,BRT,0.238,2107.0,1.1955113572161447
1822,BRT,0.237,2116.0,1.1904882002530515
2077,BRT,0.237,2116.0,1.1904882002530515
2643,BRT,0.237,2116.0,1.1904882002530515
360,BRT,0.236,2119.0,1.1854650432899585
592,BRT,0.236,2119.0,1.1854650432899585
2169,BRT,0.236,2119.0,1.1854650432899585
2236,BRT,0.236,2119.0,1.1854650432899585
2494,BRT,0.236,2119.0,1.1854650432899585
1921,BRT,0.235,2124.0,1.1804418863268653
2254,BRT,0.235,2124.0,1.1804418863268653
2619,BRT,0.235,2124.0,1.1804418863268653
412,BRT,0.234,2127.0,1.1754187293637726
517,BRT,0.234,2127.0,1.1754187293637726
1387,BRT,0.234,2127.0,1.1754187293637726
2749,BRT,0.234,2127.0,1.1754187293637726
537,BRT,0.233,2131.0,1.1703955724006794
737,BRT,0.233,2131.0,1.1703955724006794
1434,BRT,0.233,2131.0,1.1703955724006794
1633,BRT,0.233,2131.0,1.1703955724006794
2573,BRT,0.233,2131.0,1.1703955724006794
2637,BRT,0.233,2131.0,1.1703955724006794
711,BRT,0.232,2137.0,1.1653724154375864
1253,BRT,0.232,2137.0,1.1653724154375864
1504,BRT,0.232,2137.0,1.1653724154375864
1769,BRT,0.232,2137.0,1.1653724154375864
1911,BRT,0.232,2137.0,1.1653724154375864
2017,BRT,0.232,2137.0,1.1653724154375864
2399,BRT,0.232,2137.0,1.1653724154375864
2771,BRT,0.232,2137.0,1.1653724154375864
240,BRT,0.231,2145.0,1.1603492584744934
1557,BRT,0.231,2145.0,1.1603492584744934
2016,BRT,0.231,2145.0,1.1603492584744934
2173,BRT,0.231,2145.0,1.1603492584744934
2569,BRT,0.231,2145.0,1.1603492584744934
2642,BRT,0.231,2145.0,1.1603492584744934
813,BRT,0.23,2151.0,1.1553261015114002
977,BRT,0.23,2151.0,1.1553261015114002
1229,BRT,0.23,2151.0,1.1553261015114002
1512,BRT,0.23,2151.0,1.1553261015114002
2409,BRT,0.23,2151.0,1.1553261015114002
261,BRT,0.229,2156.0,1.1503029445483073
1131,BRT,0.229,2156.0,1.1503029445483073
1926,BRT,0.229,2156.0,1.1503029445483073
2508,BRT,0.229,2156.0,1.1503029445483073
14,BRT,0.228,2160.0,1.145279787585214
71,BRT,0.228,2160.0,1.145279787585214
94,BRT,0.228,2160.0,1.145279787585214
139,BRT,0.228,2160.0,1.145279787585214
1396,BRT,0.228,2160.0,1.145279787585214
2402,BRT,0.228,2160.0,1.145279787585214
2215,BRT,0.227,2166.0,1.1402566306221211
148,BRT,0.226,2167.0,1.1352334736590282
678,BRT,0.226,2167.0,1.1352334736590282
840,BRT,0.226,2167.0,1.1352334736590282
1317,BRT,0.226,2167.0,1.1352334736590282
2675,BRT,0.226,2167.0,1.1352334736590282
1060,BRT,0.225,2172.0,1.130210316695935
284,BRT,0.224,2173.0,1.125187159732842
715,BRT,0.224,2173.0,1.125187159732842
757,BRT,0.224,2173.0,1.125187159732842
1799,BRT,0.224,2173.0,1.125187159732842
2218,BRT,0.224,2173.0,1.125187159732842
419,BRT,0.223,2178.0,1.120164002769749
1556,BRT,0.223,2178.0,1.120164002769749
327,BRT,0.222,2180.0,1.1151408458066558
1865,BRT,0.222,2180.0,1.1151408458066558
2661,BRT,0.222,2180.0,1.1151408458066558
384,BRT,0.221,2183.0,1.1101176888435629
399,BRT,0.221,2183.0,1.1101176888435629
907,BRT,0.221,2183.0,1.1101176888435629
1156,BRT,0.221,2183.0,1.1101176888435629
1393,BRT,0.221,2183.0,1.1101176888435629
328,BRT,0.22,2188.0,1.10509453188047
1319,BRT,0.22,2188.0,1.10509453188047
1496,BRT,0.22,2188.0,1.10509453188047
1844,BRT,0.22,2188.0,1.10509453188047
1934,BRT,0.22,2188.0,1.10509453188047
2125,BRT,0.22,2188.0,1.10509453188047
2144,BRT,0.22,2188.0,1.10509453188047
268,BRT,0.219,2195.0,1.1000713749173767
471,BRT,0.219,2195.0,1.1000713749173767
1078,BRT,0.219,2195.0,1.1000713749173767
1223,BRT,0.219,2195.0,1.1000713749173767
1288,BRT,0.219,2195.0,1.1000713749173767
1300,BRT,0.219,2195.0,1.1000713749173767
1346,BRT,0.219,2195.0,1.1000713749173767
1435,BRT,0.219,2195.0,1.1000713749173767
1466,BRT,0.219,2195.0,1.1000713749173767
2256,BRT,0.219,2195.0,1.1000713749173767
448,BRT,0.218,2205.0,1.0950482179542838
497,BRT,0.218,2205.0,1.0950482179542838
777,BRT,0.218,2205.0,1.0950482179542838
842,BRT,0.218,2205.0,1.0950482179542838
1461,BRT,0.218,2205.0,1.0950482179542838
1668,BRT,0.218,2205.0,1.0950482179542838
1741,BRT,0.218,2205.0,1.0950482179542838
2035,BRT,0.218,2205.0,1.0950482179542838
2396,BRT,0.218,2205.0,1.0950482179542838
2465,BRT,0.218,2205.0,1.0950482179542838
21,BRT,0.217,2215.0,1.0900250609911906
667,BRT,0.217,2215.0,1.0900250609911906
808,BRT,0.217,2215.0,1.0900250609911906
1071,BRT,0.217,2215.0,1.0900250609911906
1230,BRT,0.217,2215.0,1.0900250609911906
1386,BRT,0.217,2215.0,1.0900250609911906
1696,BRT,0.217,2215.0,1.0900250609911906
2112,BRT,0.217,2215.0,1.0900250609911906
2440,BRT,0.217,2215.0,1.0900250609911906
436,BRT,0.216,2224.0,1.0850019040280976
1552,BRT,0.216,2224.0,1.0850019040280976
2288,BRT,0.216,2224.0,1.0850019040280976
2353,BRT,0.216,2224.0,1.0850019040280976
2706,BRT,0.216,2224.0,1.0850019040280976
356,BRT,0.214,2229.0,1.0749555901019114
421,BRT,0.214,2229.0,1.0749555901019114
477,BRT,0.214,2229.0,1.0749555901019114
1368,BRT,0.214,2229.0,1.0749555901019114
2720,BRT,0.214,2229.0,1.0749555901019114
453,BRT,0.213,2234.0,1.0699324331388185
987,BRT,0.213,2234.0,1.0699324331388185
1820,BRT,0.213,2234.0,1.0699324331388185
247,BRT,0.212,2237.0,1.0649092761757255
731,BRT,0.212,2237.0,1.0649092761757255
1058,BRT,0.212,2237.0,1.0649092761757255
1675,BRT,0.212,2237.0,1.0649092761757255
2744,BRT,0.212,2237.0,1.0649092761757255
699,BRT,0.211,2242.0,1.0598861192126323
1057,BRT,0.211,2242.0,1.0598861192126323
1358,BRT,0.211,2242.0,1.0598861192126323
2668,BRT,0.211,2242.0,1.0598861192126323
1592,BRT,0.21,2246.0,1.0548629622495393
620,BRT,0.209,2247.0,1.0498398052864462
1887,BRT,0.209,2247.0,1.0498398052864462
1963,BRT,0.209,2247.0,1.0498398052864462
2123,BRT,0.209,2247.0,1.0498398052864462
2427,BRT,0.209,2247.0,1.0498398052864462
79,BRT,0.208,2252.0,1.0448166483233532
332,BRT,0.208,2252.0,1.0448166483233532
727,BRT,0.208,2252.0,1.0448166483233532
1632,BRT,0.208,2252.0,1.0448166483233532
1975,BRT,0.208,2252.0,1.0448166483233532
2729,BRT,0.208,2252.0,1.0448166483233532
645,BRT,0.207,2258.0,1.0397934913602602
681,BRT,0.207,2258.0,1.0397934913602602
1282,BRT,0.207,2258.0,1.0397934913602602
1590,BRT,0.207,2258.0,1.0397934913602602
1830,BRT,0.207,2258.0,1.0397934913602602
2625,BRT,0.207,2258.0,1.0397934913602602
133,BRT,0.206,2264.0,1.034770334397167
680,BRT,0.206,2264.0,1.034770334397167
1191,BRT,0.206,2264.0,1.034770334397167
1222,BRT,0.206,2264.0,1.034770334397167
1284,BRT,0.206,2264.0,1.034770334397167
1615,BRT,0.206,2264.0,1.034770334397167
2061,BRT,0.206,2264.0,1.034770334397167
2072,BRT,0.206,2264.0,1.034770334397167
2127,BRT,0.206,2264.0,1.034770334397167
2687,BRT,0.206,2264.0,1.034770334397167
2747,BRT,0.206,2264.0,1.034770334397167
1092,BRT,0.205,2275.0,1.029747177434074
1132,BRT,0.205,2275.0,1.029747177434074
1878,BRT,0.205,2275.0,1.029747177434074
2316,BRT,0.205,2275.0,1.029747177434074
446,BRT,0.204,2279.0,1.024724020470981
1331,BRT,0.204,2279.0,1.024724020470981
1987,BRT,0.204,2279.0,1.024724020470981
2186,BRT,0.204,2279.0,1.024724020470981
2244,BRT,0.204,2279.0,1.024724020470981
2751,BRT,0.204,2279.0,1.024724020470981
864,BRT,0.203,2285.0,1.0197008635078881
1236,BRT,0.203,2285.0,1.0197008635078881
801,BRT,0.202,2287.0,1.0146777065447952
1034,BRT,0.202,2287.0,1.0146777065447952
1318,BRT,0.202,2287.0,1.0146777065447952
2377,BRT,0.201,2290.0,1.009654549581702
2383,BRT,0.201,2290.0,1.009654549581702
63,BRT,0.2,2292.0,1.004631392618609
1065,BRT,0.2,2292.0,1.004631392618609
50,BRT,0.199,2294.0,0.9996082356555159
87,BRT,0.199,2294.0,0.9996082356555159
368,BRT,0.199,2294.0,0.9996082356555159
831,BRT,0.199,2294.0,0.9996082356555159
1327,BRT,0.199,2294.0,0.9996082356555159
2040,BRT,0.199,2294.0,0.9996082356555159
2174,BRT,0.199,2294.0,0.9996082356555159
2230,BRT,0.199,2294.0,0.9996082356555159
275,BRT,0.198,2302.0,0.9945850786924229
354,BRT,0.198,2302.0,0.9945850786924229
644,BRT,0.198,2302.0,0.9945850786924229
999,BRT,0.198,2302.0,0.9945850786924229
1833,BRT,0.198,2302.0,0.9945850786924229
2572,BRT,0.198,2302.0,0.9945850786924229
1370,BRT,0.197,2308.0,0.9895619217293298
1600,BRT,0.197,2308.0,0.9895619217293298
68,BRT,0.196,2310.0,0.9845387647662368
1216,BRT,0.196,2310.0,0.9845387647662368
1426,BRT,0.196,2310.0,0.9845387647662368
1709,BRT,0.196,2310.0,0.9845387647662368
92,BRT,0.195,2314.0,0.9795156078031437
480,BRT,0.195,2314.0,0.9795156078031437
1626,BRT,0.195,2314.0,0.9795156078031437
1168,BRT,0.194,2317.0,0.9744924508400507
1857,BRT,0.194,2317.0,0.9744924508400507
1868,BRT,0.194,2317.0,0.9744924508400507
643,BRT,0.193,2320.0,0.9694692938769576
1561,BRT,0.193,2320.0,0.9694692938769576
1947,BRT,0.193,2320.0,0.9694692938769576
2303,BRT,0.193,2320.0,0.9694692938769576
2620,BRT,0.193,2320.0,0.9694692938769576
36,BRT,0.192,2325.0,0.9644461369138646
182,BRT,0.192,2325.0,0.9644461369138646
239,BRT,0.192,2325.0,0.9644461369138646
2196,BRT,0.192,2325.0,0.9644461369138646
1516,BRT,0.191,2329.0,0.9594229799507715
2712,BRT,0.191,2329.0,0.9594229799507715
1006,BRT,0.19,2331.0,0.9543998229876784
1751,BRT,0.19,2331.0,0.9543998229876784
2331,BRT,0.19,2331.0,0.9543998229876784
2693,BRT,0.19,2331.0,0.9543998229876784
1022,BRT,0.189,2335.0,0.9493766660245854
1774,BRT,0.189,2335.0,0.9493766660245854
2271,BRT,0.189,2335.0,0.9493766660245854
2139,BRT,0.188,2338.0,0.9443535090614924
359,BRT,0.187,2339.0,0.9393303520983993
880,BRT,0.187,2339.0,0.9393303520983993
1509,BRT,0.187,2339.0,0.9393303520983993
1840,BRT,0.187,2339.0,0.9393303520983993
2050,BRT,0.187,2339.0,0.9393303520983993
165,BRT,0.186,2344.0,0.9343071951353062
1225,BRT,0.186,2344.0,0.9343071951353062
1273,BRT,0.186,2344.0,0.9343071951353062
1357,BRT,0.186,2344.0,0.9343071951353062
1589,BRT,0.186,2344.0,0.9343071951353062
2559,BRT,0.186,2344.0,0.9343071951353062
2777,BRT,0.186,2344.0,0.9343071951353062
299,BRT,0.185,2351.0,0.9292840381722133
1797,BRT,0.185,2351.0,0.9292840381722133
2317,BRT,0.185,2351.0,0.9292840381722133
2507,BRT,0.185,2351.0,0.9292840381722133
2534,BRT,0.185,2351.0,0.9292840381722133
2626,BRT,0.185,2351.0,0.9292840381722133
2711,BRT,0.185,2351.0,0.9292840381722133
118,BRT,0.184,2358.0,0.9242608812091202
232,BRT,0.184,2358.0,0.9242608812091202
1294,BRT,0.184,2358.0,0.9242608812091202
1573,BRT,0.184,2358.0,0.9242608812091202
1816,BRT,0.184,2358.0,0.9242608812091202
2647,BRT,0.184,2358.0,0.9242608812091202
2071,BRT,0.183,2364.0,0.9192377242460271
2328,BRT,0.183,2364.0,0.9192377242460271
1133,BRT,0.182,2366.0,0.914214567282934
1449,BRT,0.182,2366.0,0.914214567282934
1757,BRT,0.182,2366.0,0.914214567282934
736,BRT,0.181,2369.0,0.9091914103198411
1336,BRT,0.181,2369.0,0.9091914103198411
1588,BRT,0.18,2371.0,0.904168253356748
1703,BRT,0.18,2371.0,0.904168253356748
2521,BRT,0.18,2371.0,0.904168253356748
2730,BRT,0.18,2371.0,0.904168253356748
48,BRT,0.179,2375.0,0.8991450963936549
309,BRT,0.179,2375.0,0.8991450963936549
687,BRT,0.179,2375.0,0.8991450963936549
2322,BRT,0.179,2375.0,0.8991450963936549
2652,BRT,0.179,2375.0,0.8991450963936549
49,BRT,0.178,2380.0,0.8941219394305618
926,BRT,0.178,2380.0,0.8941219394305618
1228,BRT,0.178,2380.0,0.8941219394305618
2166,BRT,0.178,2380.0,0.8941219394305618
648,BRT,0.177,2384.0,0.8890987824674689
1362,BRT,0.177,2384.0,0.8890987824674689
1470,BRT,0.177,2384.0,0.8890987824674689
1928,BRT,0.177,2384.0,0.8890987824674689
2378,BRT,0.177,2384.0,0.8890987824674689
2587,BRT,0.177,2384.0,0.8890987824674689
430,BRT,0.176,2390.0,0.8840756255043758
903,BRT,0.176,2390.0,0.8840756255043758
953,BRT,0.176,2390.0,0.8840756255043758
1036,BRT,0.176,2390.0,0.8840756255043758
1099,BRT,0.176,2390.0,0.8840756255043758
1265,BRT,0.176,2390.0,0.8840756255043758
1464,BRT,0.176,2390.0,0.8840756255043758
296,BRT,0.175,2397.0,0.8790524685412827
498,BRT,0.175,2397.0,0.8790524685412827
789,BRT,0.175,2397.0,0.8790524685412827
1259,BRT,0.175,2397.0,0.8790524685412827
1785,BRT,0.175,2397.0,0.8790524685412827
2111,BRT,0.175,2397.0,0.8790524685412827
2382,BRT,0.175,2397.0,0.8790524685412827
2426,BRT,0.175,2397.0,0.8790524685412827
2681,BRT,0.175,2397.0,0.8790524685412827
641,BRT,0.174,2406.0,0.8740293115781896
724,BRT,0.174,2406.0,0.8740293115781896
1024,BRT,0.174,2406.0,0.8740293115781896
1446,BRT,0.174,2406.0,0.8740293115781896
1795,BRT,0.174,2406.0,0.8740293115781896
2146,BRT,0.174,2406.0,0.8740293115781896
1091,BRT,0.173,2412.0,0.8690061546150967
1850,BRT,0.173,2412.0,0.8690061546150967
2101,BRT,0.173,2412.0,0.8690061546150967
2513,BRT,0.173,2412.0,0.8690061546150967
2707,BRT,0.173,2412.0,0.8690061546150967
461,BRT,0.172,2417.0,0.8639829976520036
1262,BRT,0.172,2417.0,0.8639829976520036
2336,BRT,0.172,2417.0,0.8639829976520036
136,BRT,0.171,2420.0,0.8589598406889106
550,BRT,0.171,2420.0,0.8589598406889106
571,BRT,0.171,2420.0,0.8589598406889106
828,BRT,0.171,2420.0,0.8589598406889106
930,BRT,0.171,2420.0,0.8589598406889106
1227,BRT,0.171,2420.0,0.8589598406889106
1515,BRT,0.171,2420.0,0.8589598406889106
1671,BRT,0.171,2420.0,0.8589598406889106
2285,BRT,0.171,2420.0,0.8589598406889106
83,BRT,0.17,2429.0,0.8539366837258177
231,BRT,0.17,2429.0,0.8539366837258177
329,BRT,0.17,2429.0,0.8539366837258177
2694,BRT,0.17,2429.0,0.8539366837258177
796,BRT,0.169,2433.0,0.8489135267627246
932,BRT,0.169,2433.0,0.8489135267627246
980,BRT,0.169,2433.0,0.8489135267627246
1487,BRT,0.169,2433.0,0.8489135267627246
1812,BRT,0.169,2433.0,0.8489135267627246
2197,BRT,0.169,2433.0,0.8489135267627246
2516,BRT,0.169,2433.0,0.8489135267627246
30,BRT,0.168,2440.0,0.8438903697996315
274,BRT,0.168,2440.0,0.8438903697996315
1376,BRT,0.168,2440.0,0.8438903697996315
1737,BRT,0.168,2440.0,0.8438903697996315
604,BRT,0.167,2444.0,0.8388672128365385
848,BRT,0.167,2444.0,0.8388672128365385
2009,BRT,0.167,2444.0,0.8388672128365385
2349,BRT,0.167,2444.0,0.8388672128365385
576,BRT,0.166,2448.0,0.8338440558734455
751,BRT,0.166,2448.0,0.8338440558734455
870,BRT,0.166,2448.0,0.8338440558734455
1638,BRT,0.166,2448.0,0.8338440558734455
1735,BRT,0.166,2448.0,0.8338440558734455
1831,BRT,0.166,2448.0,0.8338440558734455
1901,BRT,0.166,2448.0,0.8338440558734455
2155,BRT,0.166,2448.0,0.8338440558734455
2550,BRT,0.166,2448.0,0.8338440558734455
5,BRT,0.165,2457.0,0.8288208989103524
882,BRT,0.165,2457.0,0.8288208989103524
910,BRT,0.165,2457.0,0.8288208989103524
1049,BRT,0.165,2457.0,0.8288208989103524
2207,BRT,0.165,2457.0,0.8288208989103524
2498,BRT,0.165,2457.0,0.8288208989103524
103,BRT,0.164,2463.0,0.8237977419472593
542,BRT,0.164,2463.0,0.8237977419472593
982,BRT,0.164,2463.0,0.8237977419472593
1161,BRT,0.164,2463.0,0.8237977419472593
1299,BRT,0.164,2463.0,0.8237977419472593
1870,BRT,0.164,2463.0,0.8237977419472593
2352,BRT,0.164,2463.0,0.8237977419472593
2379,BRT,0.164,2463.0,0.8237977419472593
2603,BRT,0.164,2463.0,0.8237977419472593
120,BRT,0.163,2472.0,0.8187745849841663
1683,BRT,0.163,2472.0,0.8187745849841663
1889,BRT,0.163,2472.0,0.8187745849841663
2555,BRT,0.163,2472.0,0.8187745849841663
2577,BRT,0.163,2472.0,0.8187745849841663
374,BRT,0.162,2477.0,0.8137514280210733
1381,BRT,0.162,2477.0,0.8137514280210733
2239,BRT,0.162,2477.0,0.8137514280210733
2362,BRT,0.162,2477.0,0.8137514280210733
140,BRT,0.161,2481.0,0.8087282710579802
1162,BRT,0.161,2481.0,0.8087282710579802
1498,BRT,0.161,2481.0,0.8087282710579802
2502,BRT,0.161,2481.0,0.8087282710579802
13,BRT,0.16,2485.0,0.8037051140948871
1177,BRT,0.16,2485.0,0.8037051140948871
1278,BRT,0.16,2485.0,0.8037051140948871
1598,BRT,0.16,2485.0,0.8037051140948871
2482,BRT,0.16,2485.0,0.8037051140948871
887,BRT,0.159,2490.0,0.7986819571317941
1525,BRT,0.159,2490.0,0.7986819571317941
2015,BRT,0.159,2490.0,0.7986819571317941
2086,BRT,0.159,2490.0,0.7986819571317941
163,BRT,0.158,2494.0,0.793658800168701
475,BRT,0.158,2494.0,0.793658800168701
949,BRT,0.158,2494.0,0.793658800168701
992,BRT,0.158,2494.0,0.793658800168701
1505,BRT,0.158,2494.0,0.793658800168701
1827,BRT,0.158,2494.0,0.793658800168701
2143,BRT,0.158,2494.0,0.793658800168701
642,BRT,0.157,2501.0,0.788635643205608
1134,BRT,0.157,2501.0,0.788635643205608
375,BRT,0.156,2503.0,0.7836124862425149
841,BRT,0.156,2503.0,0.7836124862425149
1602,BRT,0.156,2503.0,0.7836124862425149
1801,BRT,0.156,2503.0,0.7836124862425149
2095,BRT,0.156,2503.0,0.7836124862425149
2190,BRT,0.156,2503.0,0.7836124862425149
2596,BRT,0.156,2503.0,0.7836124862425149
2669,BRT,0.156,2503.0,0.7836124862425149
941,BRT,0.155,2511.0,0.7785893292794219
1718,BRT,0.155,2511.0,0.7785893292794219
393,BRT,0.154,2513.0,0.7735661723163288
929,BRT,0.154,2513.0,0.7735661723163288
1676,BRT,0.154,2513.0,0.7735661723163288
2046,BRT,0.154,2513.0,0.7735661723163288
2310,BRT,0.154,2513.0,0.7735661723163288
2492,BRT,0.154,2513.0,0.7735661723163288
2606,BRT,0.154,2513.0,0.7735661723163288
1687,BRT,0.153,2520.0,0.7685430153532358
1836,BRT,0.153,2520.0,0.7685430153532358
2124,BRT,0.153,2520.0,0.7685430153532358
88,BRT,0.152,2523.0,0.7635198583901428
854,BRT,0.152,2523.0,0.7635198583901428
1471,BRT,0.152,2523.0,0.7635198583901428
1770,BRT,0.152,2523.0,0.7635198583901428
1842,BRT,0.152,2523.0,0.7635198583901428
1988,BRT,0.152,2523.0,0.7635198583901428
2342,BRT,0.152,2523.0,0.7635198583901428
558,BRT,0.151,2530.0,0.7584967014270497
1553,BRT,0.151,2530.0,0.7584967014270497
1636,BRT,0.151,2530.0,0.7584967014270497
2283,BRT,0.151,2530.0,0.7584967014270497
2641,BRT,0.151,2530.0,0.7584967014270497
1886,BRT,0.15,2535.0,0.7534735444639566
2270,BRT,0.15,2535.0,0.7534735444639566
651,BRT,0.149,2537.0,0.7484503875008636
838,BRT,0.149,2537.0,0.7484503875008636
1821,BRT,0.149,2537.0,0.7484503875008636
331,BRT,0.148,2540.0,0.7434272305377706
936,BRT,0.148,2540.0,0.7434272305377706
1054,BRT,0.148,2540.0,0.7434272305377706
1086,BRT,0.148,2540.0,0.7434272305377706
1624,BRT,0.148,2540.0,0.7434272305377706
1851,BRT,0.148,2540.0,0.7434272305377706
2267,BRT,0.148,2540.0,0.7434272305377706
2493,BRT,0.148,2540.0,0.7434272305377706
2589,BRT,0.148,2540.0,0.7434272305377706
985,BRT,0.147,2549.0,0.7384040735746775
1679,BRT,0.147,2549.0,0.7384040735746775
2414,BRT,0.147,2549.0,0.7384040735746775
207,BRT,0.146,2552.0,0.7333809166115844
336,BRT,0.146,2552.0,0.7333809166115844
510,BRT,0.146,2552.0,0.7333809166115844
584,BRT,0.146,2552.0,0.7333809166115844
779,BRT,0.146,2552.0,0.7333809166115844
984,BRT,0.146,2552.0,0.7333809166115844
1187,BRT,0.146,2552.0,0.7333809166115844
2094,BRT,0.146,2552.0,0.7333809166115844
1030,BRT,0.145,2560.0,0.7283577596484914
1961,BRT,0.145,2560.0,0.7283577596484914
2219,BRT,0.145,2560.0,0.7283577596484914
2417,BRT,0.145,2560.0,0.7283577596484914
2510,BRT,0.145,2560.0,0.7283577596484914
2557,BRT,0.145,2560.0,0.7283577596484914
1603,BRT,0.144,2566.0,0.7233346026853984
1936,BRT,0.144,2566.0,0.7233346026853984
2109,BRT,0.144,2566.0,0.7233346026853984
2535,BRT,0.144,2566.0,0.7233346026853984
2565,BRT,0.144,2566.0,0.7233346026853984
242,BRT,0.143,2571.0,0.7183114457223053
315,BRT,0.143,2571.0,0.7183114457223053
983,BRT,0.143,2571.0,0.7183114457223053
1350,BRT,0.143,2571.0,0.7183114457223053
1463,BRT,0.143,2571.0,0.7183114457223053
2343,BRT,0.143,2571.0,0.7183114457223053
2499,BRT,0.143,2571.0,0.7183114457223053
154,BRT,0.142,2578.0,0.7132882887592122
692,BRT,0.142,2578.0,0.7132882887592122
875,BRT,0.142,2578.0,0.7132882887592122
1075,BRT,0.142,2578.0,0.7132882887592122
1256,BRT,0.142,2578.0,0.7132882887592122
1732,BRT,0.142,2578.0,0.7132882887592122
1765,BRT,0.142,2578.0,0.7132882887592122
2449,BRT,0.142,2578.0,0.7132882887592122
2563,BRT,0.142,2578.0,0.7132882887592122
2671,BRT,0.141,2587.0,0.7082651317961192
2192,BRT,0.14,2588.0,0.7032419748330263
2579,BRT,0.14,2588.0,0.7032419748330263
1335,BRT,0.139,2590.0,0.6982188178699332
1941,BRT,0.139,2590.0,0.6982188178699332
2208,BRT,0.139,2590.0,0.6982188178699332
2433,BRT,0.139,2590.0,0.6982188178699332
2732,BRT,0.139,2590.0,0.6982188178699332
108,BRT,0.138,2595.0,0.6931956609068401
1235,BRT,0.138,2595.0,0.6931956609068401
1287,BRT,0.138,2595.0,0.6931956609068401
215,BRT,0.137,2598.0,0.6881725039437472
1289,BRT,0.137,2598.0,0.6881725039437472
2385,BRT,0.137,2598.0,0.6881725039437472
912,BRT,0.136,2601.0,0.6831493469806541
1424,BRT,0.136,2601.0,0.6831493469806541
1485,BRT,0.136,2601.0,0.6831493469806541
106,BRT,0.135,2604.0,0.678126190017561
134,BRT,0.135,2604.0,0.678126190017561
273,BRT,0.135,2604.0,0.678126190017561
760,BRT,0.135,2604.0,0.678126190017561
1186,BRT,0.135,2604.0,0.678126190017561
1595,BRT,0.135,2604.0,0.678126190017561
1848,BRT,0.135,2604.0,0.678126190017561
2558,BRT,0.135,2604.0,0.678126190017561
190,BRT,0.134,2612.0,0.6731030330544681
254,BRT,0.134,2612.0,0.6731030330544681
1578,BRT,0.134,2612.0,0.6731030330544681
1580,BRT,0.134,2612.0,0.6731030330544681
1760,BRT,0.134,2612.0,0.6731030330544681
1804,BRT,0.134,2612.0,0.6731030330544681
1906,BRT,0.134,2612.0,0.6731030330544681
2280,BRT,0.134,2612.0,0.6731030330544681
152,BRT,0.133,2620.0,0.668079876091375
465,BRT,0.133,2620.0,0.668079876091375
1002,BRT,0.133,2620.0,0.668079876091375
1003,BRT,0.133,2620.0,0.668079876091375
1527,BRT,0.133,2620.0,0.668079876091375
1714,BRT,0.133,2620.0,0.668079876091375
2560,BRT,0.133,2620.0,0.668079876091375
2,BRT,0.132,2627.0,0.6630567191282819
634,BRT,0.132,2627.0,0.6630567191282819
939,BRT,0.132,2627.0,0.6630567191282819
1139,BRT,0.132,2627.0,0.6630567191282819
1232,BRT,0.132,2627.0,0.6630567191282819
1373,BRT,0.132,2627.0,0.6630567191282819
2429,BRT,0.132,2627.0,0.6630567191282819
2478,BRT,0.132,2627.0,0.6630567191282819
579,BRT,0.131,2635.0,0.6580335621651888
764,BRT,0.131,2635.0,0.6580335621651888
1234,BRT,0.131,2635.0,0.6580335621651888
2062,BRT,0.131,2635.0,0.6580335621651888
1619,BRT,0.13,2639.0,0.6530104052020959
2666,BRT,0.13,2639.0,0.6530104052020959
313,BRT,0.129,2641.0,0.6479872482390028
793,BRT,0.129,2641.0,0.6479872482390028
1617,BRT,0.129,2641.0,0.6479872482390028
1984,BRT,0.129,2641.0,0.6479872482390028
1991,BRT,0.129,2641.0,0.6479872482390028
2165,BRT,0.129,2641.0,0.6479872482390028
158,BRT,0.128,2647.0,0.6429640912759097
631,BRT,0.128,2647.0,0.6429640912759097
632,BRT,0.128,2647.0,0.6429640912759097
1159,BRT,0.128,2647.0,0.6429640912759097
1399,BRT,0.128,2647.0,0.6429640912759097
121,BRT,0.127,2652.0,0.6379409343128166
200,BRT,0.127,2652.0,0.6379409343128166
720,BRT,0.127,2652.0,0.6379409343128166
2308,BRT,0.127,2652.0,0.6379409343128166
2438,BRT,0.127,2652.0,0.6379409343128166
2536,BRT,0.127,2652.0,0.6379409343128166
28,BRT,0.126,2658.0,0.6329177773497237
515,BRT,0.126,2658.0,0.6329177773497237
693,BRT,0.126,2658.0,0.6329177773497237
894,BRT,0.126,2658.0,0.6329177773497237
1641,BRT,0.126,2658.0,0.6329177773497237
2272,BRT,0.126,2658.0,0.6329177773497237
1000,BRT,0.125,2664.0,0.6278946203866306
2202,BRT,0.125,2664.0,0.6278946203866306
2645,BRT,0.125,2664.0,0.6278946203866306
1465,BRT,0.124,2667.0,0.6228714634235375
1520,BRT,0.124,2667.0,0.6228714634235375
2738,BRT,0.124,2667.0,0.6228714634235375
2753,BRT,0.124,2667.0,0.6228714634235375
652,BRT,0.123,2671.0,0.6178483064604444
2126,BRT,0.123,2671.0,0.6178483064604444
2263,BRT,0.123,2671.0,0.6178483064604444
1038,BRT,0.122,2674.0,0.6128251494973515
1198,BRT,0.122,2674.0,0.6128251494973515
1823,BRT,0.122,2674.0,0.6128251494973515
2011,BRT,0.122,2674.0,0.6128251494973515
2134,BRT,0.122,2674.0,0.6128251494973515
1916,BRT,0.121,2679.0,0.6078019925342584
2734,BRT,0.121,2679.0,0.6078019925342584
551,BRT,0.12,2681.0,0.6027788355711653
723,BRT,0.12,2681.0,0.6027788355711653
1249,BRT,0.12,2681.0,0.6027788355711653
1429,BRT,0.12,2681.0,0.6027788355711653
1727,BRT,0.12,2681.0,0.6027788355711653
1745,BRT,0.12,2681.0,0.6027788355711653
72,BRT,0.119,2687.0,0.5977556786080723
479,BRT,0.119,2687.0,0.5977556786080723
1063,BRT,0.119,2687.0,0.5977556786080723
1206,BRT,0.119,2687.0,0.5977556786080723
1902,BRT,0.119,2687.0,0.5977556786080723
2320,BRT,0.119,2687.0,0.5977556786080723
2345,BRT,0.119,2687.0,0.5977556786080723
290,BRT,0.118,2694.0,0.5927325216449792
919,BRT,0.118,2694.0,0.5927325216449792
1077,BRT,0.118,2694.0,0.5927325216449792
1095,BRT,0.118,2694.0,0.5927325216449792
285,BRT,0.117,2698.0,0.5877093646818863
595,BRT,0.117,2698.0,0.5877093646818863
1197,BRT,0.117,2698.0,0.5877093646818863
1307,BRT,0.117,2698.0,0.5877093646818863
1398,BRT,0.117,2698.0,0.5877093646818863
2121,BRT,0.117,2698.0,0.5877093646818863
67,BRT,0.116,2704.0,0.5826862077187932
1247,BRT,0.116,2704.0,0.5826862077187932
504,BRT,0.115,2706.0,0.5776630507557001
1324,BRT,0.115,2706.0,0.5776630507557001
1750,BRT,0.115,2706.0,0.5776630507557001
2193,BRT,0.115,2706.0,0.5776630507557001
383,BRT,0.114,2710.0,0.572639893792607
1667,BRT,0.114,2710.0,0.572639893792607
2423,BRT,0.114,2710.0,0.572639893792607
20,BRT,0.113,2713.0,0.5676167368295141
380,BRT,0.113,2713.0,0.5676167368295141
1064,BRT,0.113,2713.0,0.5676167368295141
1410,BRT,0.113,2713.0,0.5676167368295141
2340,BRT,0.113,2713.0,0.5676167368295141
191,BRT,0.112,2718.0,0.562593579866421
317,BRT,0.112,2718.0,0.562593579866421
1379,BRT,0.112,2718.0,0.562593579866421
1810,BRT,0.112,2718.0,0.562593579866421
252,BRT,0.111,2722.0,0.5575704229033279
361,BRT,0.111,2722.0,0.5575704229033279
1016,BRT,0.111,2722.0,0.5575704229033279
1245,BRT,0.111,2722.0,0.5575704229033279
243,BRT,0.11,2726.0,0.552547265940235
868,BRT,0.11,2726.0,0.552547265940235
884,BRT,0.11,2726.0,0.552547265940235
1479,BRT,0.11,2726.0,0.552547265940235
1726,BRT,0.11,2726.0,0.552547265940235
2297,BRT,0.11,2726.0,0.552547265940235
2653,BRT,0.11,2726.0,0.552547265940235
791,BRT,0.109,2733.0,0.5475241089771419
2413,BRT,0.109,2733.0,0.5475241089771419
2664,BRT,0.109,2733.0,0.5475241089771419
2768,BRT,0.109,2733.0,0.5475241089771419
627,BRT,0.108,2737.0,0.5425009520140488
1817,BRT,0.107,2738.0,0.5374777950509557
2304,BRT,0.107,2738.0,0.5374777950509557
993,BRT,0.106,2740.0,0.5324546380878628
2663,BRT,0.106,2740.0,0.5324546380878628
54,BRT,0.105,2742.0,0.5274314811247697
229,BRT,0.105,2742.0,0.5274314811247697
291,BRT,0.105,2742.0,0.5274314811247697
2520,BRT,0.105,2742.0,0.5274314811247697
2685,BRT,0.105,2742.0,0.5274314811247697
144,BRT,0.104,2747.0,0.5224083241616766
439,BRT,0.104,2747.0,0.5224083241616766
1104,BRT,0.103,2749.0,0.5173851671985835
218,BRT,0.1,2750.0,0.5023156963093045
472,BRT,0.1,2750.0,0.5023156963093045
1642,BRT,0.099,2752.0,0.4972925393462114
2500,BRT,0.098,2753.0,0.4922693823831184
614,BRT,0.096,2754.0,0.4822230684569323
802,BRT,0.096,2754.0,0.4822230684569323
1348,BRT,0.096,2754.0,0.4822230684569323
1859,BRT,0.096,2754.0,0.4822230684569323
2064,BRT,0.096,2754.0,0.4822230684569323
2604,BRT,0.095,2759.0,0.4771999114938392
2772,BRT,0.095,2759.0,0.4771999114938392
1310,BRT,0.093,2761.0,0.4671535975676531
726,BRT,0.092,2762.0,0.4621304406045601
921,BRT,0.092,2762.0,0.4621304406045601
1322,BRT,0.092,2762.0,0.4621304406045601
1917,BRT,0.091,2765.0,0.457107283641467
948,BRT,0.09,2766.0,0.452084126678374
2477,BRT,0.09,2766.0,0.452084126678374
520,BRT,0.089,2768.0,0.4470609697152809
928,BRT,0.089,2768.0,0.4470609697152809
181,BRT,0.088,2770.0,0.4420378127521879
758,BRT,0.086,2771.0,0.4319914988260018
1915,BRT,0.086,2771.0,0.4319914988260018
434,BRT,0.085,2773.0,0.42696834186290883
2198,BRT,0.085,2773.0,0.42696834186290883
1713,BRT,0.083,2775.0,0.41692202793672273
1116,BRT,0.082,2776.0,0.41189887097362965
663,BRT,0.078,2777.0,0.39180624312125745
322,BRT,0.072,2778.0,0.3616673013426992
1419,MLP,2.142,1.0,9.424156648193364
2085,MLP,2.065,2.0,9.085379775219092
2724,MLP,2.055,3.0,9.041382778728927
2004,MLP,1.839,4.0,8.091047654541361
2486,MLP,1.823,5.0,8.020652460157097
117,MLP,1.677,6.0,7.378296311400686
2318,MLP,1.669,7.0,7.343098714208555
1960,MLP,1.65,8.0,7.25950442087724
2159,MLP,1.618,9.0,7.118714032108713
1476,MLP,1.612,10.0,7.092315834214614
955,MLP,1.534,11.0,6.749139261591326
1360,MLP,1.52,12.0,6.687543466505095
408,MLP,1.51,13.0,6.64354647001493
127,MLP,1.497,14.0,6.586350374577715
507,MLP,1.483,15.0,6.524754579491484
761,MLP,1.462,16.0,6.432360886862137
1040,MLP,1.456,17.0,6.405962688968038
1749,MLP,1.446,18.0,6.361965692477873
964,MLP,1.418,19.0,6.238774102305411
1748,MLP,1.402,20.0,6.168378907921146
1345,MLP,1.396,21.0,6.141980710027047
539,MLP,1.346,22.0,5.921995727576222
2047,MLP,1.338,23.0,5.88679813038409
1172,MLP,1.324,24.0,5.825202335297859
1837,MLP,1.311,25.0,5.768006239860644
294,MLP,1.306,26.0,5.7460077416155615
2443,MLP,1.306,26.0,5.7460077416155615
1406,MLP,1.282,28.0,5.640414950039165
2633,MLP,1.279,29.0,5.6272158510921155
318,MLP,1.267,30.0,5.574419455303917
511,MLP,1.267,30.0,5.574419455303917
1371,MLP,1.254,32.0,5.517223359866703
1255,MLP,1.234,33.0,5.429229366886373
527,MLP,1.223,34.0,5.380832670747192
821,MLP,1.217,35.0,5.354434472853092
2648,MLP,1.21,36.0,5.323636575309976
287,MLP,1.203,37.0,5.292838677766861
2110,MLP,1.2,38.0,5.279639578819811
570,MLP,1.173,39.0,5.160847688296366
1423,MLP,1.167,40.0,5.134449490402266
2177,MLP,1.159,41.0,5.099251893210135
1484,MLP,1.156,42.0,5.086052794263085
35,MLP,1.152,43.0,5.068453995667019
856,MLP,1.141,44.0,5.020057299527838
2029,MLP,1.11,45.0,4.883666610408326
1169,MLP,1.106,46.0,4.86606781181226
1025,MLP,1.105,47.0,4.861668112163243
2130,MLP,1.09,48.0,4.7956726174279956
1243,MLP,1.073,49.0,4.720877723394715
193,MLP,1.071,50.0,4.712078324096682
249,MLP,1.065,51.0,4.685680126202582
2731,MLP,1.065,51.0,4.685680126202582
1871,MLP,1.064,53.0,4.681280426553567
638,MLP,1.06,54.0,4.663681627957501
2584,MLP,1.055,55.0,4.641683129712417
679,MLP,1.052,56.0,4.628484030765368
1355,MLP,1.05,57.0,4.619684631467336
1847,MLP,1.042,58.0,4.584487034275203
70,MLP,1.037,59.0,4.56248853603012
1885,MLP,1.037,59.0,4.56248853603012
2209,MLP,1.026,61.0,4.514091839890939
2432,MLP,1.026,61.0,4.514091839890939
425,MLP,1.017,63.0,4.47449454304979
1009,MLP,1.014,64.0,4.461295444102741
2583,MLP,0.998,65.0,4.390900249718476
431,MLP,0.991,66.0,4.360102352175361
1305,MLP,0.99,67.0,4.355702652526344
220,MLP,0.989,68.0,4.351302952877328
1572,MLP,0.989,68.0,4.351302952877328
556,MLP,0.988,70.0,4.346903253228311
586,MLP,0.983,71.0,4.324904754983229
1649,MLP,0.982,72.0,4.320505055334213
1311,MLP,0.98,73.0,4.311705656036179
1597,MLP,0.979,74.0,4.307305956387163
1114,MLP,0.971,75.0,4.27210835919503
818,MLP,0.969,76.0,4.263308959896998
84,MLP,0.968,77.0,4.258909260247981
2758,MLP,0.967,78.0,4.254509560598964
1093,MLP,0.949,79.0,4.175314966916667
1436,MLP,0.948,80.0,4.170915267267651
1656,MLP,0.942,81.0,4.144517069373552
1637,MLP,0.938,82.0,4.126918270777486
1879,MLP,0.938,82.0,4.126918270777486
312,MLP,0.931,84.0,4.0961203732343705
297,MLP,0.927,85.0,4.078521574638304
951,MLP,0.927,85.0,4.078521574638304
1459,MLP,0.927,85.0,4.078521574638304
1438,MLP,0.925,88.0,4.069722175340272
2680,MLP,0.924,89.0,4.065322475691255
1190,MLP,0.923,90.0,4.060922776042238
606,MLP,0.92,91.0,4.047723677095189
650,MLP,0.919,92.0,4.043323977446173
2309,MLP,0.916,93.0,4.030124878499123
1972,MLP,0.914,94.0,4.0213254792010895
2404,MLP,0.913,95.0,4.016925779552073
528,MLP,0.909,96.0,3.9993269809560075
1920,MLP,0.909,96.0,3.9993269809560075
927,MLP,0.908,98.0,3.9949272813069907
2373,MLP,0.908,98.0,3.9949272813069907
1129,MLP,0.905,100.0,3.9817281823599413
599,MLP,0.901,101.0,3.964129383763875
1314,MLP,0.9,102.0,3.959729684114859
557,MLP,0.898,103.0,3.9509302848168257
1530,MLP,0.895,104.0,3.9377311858697763
2290,MLP,0.895,104.0,3.9377311858697763
300,MLP,0.894,106.0,3.9333314862207596
2274,MLP,0.892,107.0,3.9245320869227265
39,MLP,0.882,108.0,3.8805350904325615
288,MLP,0.879,109.0,3.867335991485512
674,MLP,0.879,109.0,3.867335991485512
1692,MLP,0.878,111.0,3.8629362918364953
1096,MLP,0.877,112.0,3.858536592187479
2255,MLP,0.875,113.0,3.849737192889446
12,MLP,0.871,114.0,3.8321383942933798
2281,MLP,0.869,115.0,3.8233389949953467
1614,MLP,0.868,116.0,3.8189392953463304
1012,MLP,0.865,117.0,3.8057401963992805
981,MLP,0.864,118.0,3.801340496750264
1121,MLP,0.863,119.0,3.796940797101248
1320,MLP,0.858,120.0,3.774942298856165
2284,MLP,0.856,121.0,3.7661428995581323
281,MLP,0.849,122.0,3.7353450020150163
1674,MLP,0.847,123.0,3.7265456027169837
2273,MLP,0.845,124.0,3.7177462034189506
2092,MLP,0.844,125.0,3.713346503769934
1428,MLP,0.843,126.0,3.7089468041209175
1861,MLP,0.843,126.0,3.7089468041209175
797,MLP,0.84,128.0,3.695747705173868
1815,MLP,0.84,128.0,3.695747705173868
1146,MLP,0.838,130.0,3.686948305875835
2158,MLP,0.837,131.0,3.6825486062268182
1442,MLP,0.831,132.0,3.6561504083327194
149,MLP,0.83,133.0,3.6517507086837027
1772,MLP,0.83,133.0,3.6517507086837027
270,MLP,0.828,135.0,3.6429513093856696
581,MLP,0.826,136.0,3.6341519100876365
2106,MLP,0.826,136.0,3.6341519100876365
2259,MLP,0.824,138.0,3.625352510789604
1639,MLP,0.823,139.0,3.620952811140587
1945,MLP,0.823,139.0,3.620952811140587
2765,MLP,0.821,141.0,3.612153411842554
2037,MLP,0.819,142.0,3.603354012544521
2287,MLP,0.818,143.0,3.5989543128955046
2566,MLP,0.818,143.0,3.5989543128955046
2474,MLP,0.817,145.0,3.5945546132464883
922,MLP,0.816,146.0,3.5901549135974715
2063,MLP,0.815,147.0,3.585755213948455
276,MLP,0.809,148.0,3.5593570160543564
1361,MLP,0.809,148.0,3.5593570160543564
1647,MLP,0.809,148.0,3.5593570160543564
1220,MLP,0.808,151.0,3.55495731640534
2026,MLP,0.802,152.0,3.528559118511241
2145,MLP,0.802,152.0,3.528559118511241
970,MLP,0.8,154.0,3.5197597192132077
1377,MLP,0.8,154.0,3.5197597192132077
1892,MLP,0.799,156.0,3.5153600195641914
2300,MLP,0.798,157.0,3.5109603199151747
900,MLP,0.796,158.0,3.5021609206171416
1914,MLP,0.792,159.0,3.484562122021076
1841,MLP,0.791,160.0,3.480162422372059
1910,MLP,0.79,161.0,3.4757627227230428
850,MLP,0.788,162.0,3.4669633234250097
2152,MLP,0.786,163.0,3.4581639241269766
2013,MLP,0.785,164.0,3.4537642244779603
1611,MLP,0.783,165.0,3.444964825179927
505,MLP,0.781,166.0,3.436165425881894
2436,MLP,0.781,166.0,3.436165425881894
2538,MLP,0.781,166.0,3.436165425881894
672,MLP,0.78,169.0,3.431765726232878
230,MLP,0.779,170.0,3.427366026583861
925,MLP,0.778,171.0,3.4229663269348447
2275,MLP,0.775,172.0,3.409767227987795
2776,MLP,0.775,172.0,3.409767227987795
775,MLP,0.772,174.0,3.3965681290407455
2052,MLP,0.772,174.0,3.3965681290407455
837,MLP,0.767,176.0,3.374569630795663
251,MLP,0.765,177.0,3.36577023149763
168,MLP,0.764,178.0,3.3613705318486136
1958,MLP,0.764,178.0,3.3613705318486136
264,MLP,0.762,180.0,3.3525711325505805
1080,MLP,0.762,180.0,3.3525711325505805
129,MLP,0.761,182.0,3.3481714329015637
1697,MLP,0.76,183.0,3.3437717332525474
1779,MLP,0.76,183.0,3.3437717332525474
1979,MLP,0.76,183.0,3.3437717332525474
748,MLP,0.757,186.0,3.3305726343054975
2612,MLP,0.756,187.0,3.3261729346564812
861,MLP,0.755,188.0,3.321773235007465
636,MLP,0.753,189.0,3.312973835709432
1856,MLP,0.753,189.0,3.312973835709432
1526,MLP,0.752,191.0,3.308574136060415
1277,MLP,0.751,192.0,3.3041744364113987
1754,MLP,0.745,193.0,3.2777762385172995
476,MLP,0.744,194.0,3.273376538868283
2103,MLP,0.742,195.0,3.26457713957025
664,MLP,0.741,196.0,3.2601774399212333
2578,MLP,0.741,196.0,3.2601774399212333
343,MLP,0.739,198.0,3.2513780406232007
1503,MLP,0.739,198.0,3.2513780406232007
2689,MLP,0.739,198.0,3.2513780406232007
100,MLP,0.738,201.0,3.246978340974184
1488,MLP,0.738,201.0,3.246978340974184
2630,MLP,0.737,203.0,3.2425786413251676
2703,MLP,0.737,203.0,3.2425786413251676
1924,MLP,0.736,205.0,3.238178941676151
1448,MLP,0.735,206.0,3.2337792420271345
2441,MLP,0.735,206.0,3.2337792420271345
958,MLP,0.734,208.0,3.2293795423781178
2149,MLP,0.734,208.0,3.2293795423781178
1285,MLP,0.733,210.0,3.2249798427291014
410,MLP,0.732,211.0,3.220580143080085
1135,MLP,0.731,212.0,3.2161804434310683
1328,MLP,0.731,212.0,3.2161804434310683
402,MLP,0.729,214.0,3.2073810441330353
601,MLP,0.729,214.0,3.2073810441330353
885,MLP,0.729,214.0,3.2073810441330353
1919,MLP,0.729,214.0,3.2073810441330353
959,MLP,0.728,218.0,3.202981344484019
656,MLP,0.726,219.0,3.194181945185986
1502,MLP,0.726,219.0,3.194181945185986
2344,MLP,0.726,219.0,3.194181945185986
2160,MLP,0.725,222.0,3.1897822455369695
561,MLP,0.724,223.0,3.1853825458879528
2511,MLP,0.723,224.0,3.1809828462389365
1492,MLP,0.722,225.0,3.1765831465899197
1031,MLP,0.72,226.0,3.1677837472918866
1783,MLP,0.719,227.0,3.1633840476428703
522,MLP,0.718,228.0,3.1589843479938535
816,MLP,0.718,228.0,3.1589843479938535
2515,MLP,0.717,230.0,3.154584648344837
1354,MLP,0.716,231.0,3.150184948695821
1514,MLP,0.716,231.0,3.150184948695821
2179,MLP,0.716,231.0,3.150184948695821
815,MLP,0.715,234.0,3.145785249046804
1585,MLP,0.714,235.0,3.141385549397788
1930,MLP,0.713,236.0,3.136985849748771
2455,MLP,0.713,236.0,3.136985849748771
2509,MLP,0.713,236.0,3.136985849748771
1427,MLP,0.71,239.0,3.1237867508017216
2422,MLP,0.709,240.0,3.1193870511527053
1680,MLP,0.708,241.0,3.1149873515036886
1764,MLP,0.707,242.0,3.1105876518546722
2090,MLP,0.707,242.0,3.1105876518546722
2651,MLP,0.707,242.0,3.1105876518546722
262,MLP,0.706,245.0,3.1061879522056555
1549,MLP,0.705,246.0,3.101788252556639
1700,MLP,0.705,246.0,3.101788252556639
2497,MLP,0.704,248.0,3.0973885529076224
933,MLP,0.703,249.0,3.092988853258606
1192,MLP,0.701,250.0,3.084189453960573
753,MLP,0.7,251.0,3.0797897543115567
2660,MLP,0.699,252.0,3.07539005466254
325,MLP,0.697,253.0,3.066590655364507
1610,MLP,0.695,254.0,3.0577912560664737
1686,MLP,0.694,255.0,3.0533915564174574
2411,MLP,0.692,256.0,3.0445921571194243
74,MLP,0.691,257.0,3.040192457470408
339,MLP,0.69,258.0,3.0357927578213912
746,MLP,0.689,259.0,3.031393058172375
997,MLP,0.688,260.0,3.026993358523358
1652,MLP,0.688,260.0,3.026993358523358
1828,MLP,0.685,262.0,3.013794259576309
2609,MLP,0.685,262.0,3.013794259576309
995,MLP,0.682,264.0,3.00059516062926
2475,MLP,0.682,264.0,3.00059516062926
1400,MLP,0.681,266.0,2.996195460980243
1681,MLP,0.681,266.0,2.996195460980243
371,MLP,0.68,268.0,2.9917957613312267
1538,MLP,0.68,268.0,2.9917957613312267
1539,MLP,0.68,268.0,2.9917957613312267
2211,MLP,0.68,268.0,2.9917957613312267
2541,MLP,0.68,268.0,2.9917957613312267
486,MLP,0.677,273.0,2.9785966623841773
1688,MLP,0.677,273.0,2.9785966623841773
307,MLP,0.676,275.0,2.9741969627351605
2261,MLP,0.675,276.0,2.9697972630861442
655,MLP,0.674,277.0,2.9653975634371275
1884,MLP,0.674,277.0,2.9653975634371275
2430,MLP,0.674,277.0,2.9653975634371275
369,MLP,0.672,280.0,2.956598164139095
567,MLP,0.672,280.0,2.956598164139095
1584,MLP,0.671,282.0,2.952198464490078
2544,MLP,0.67,283.0,2.9477987648410617
1010,MLP,0.669,284.0,2.943399065192045
334,MLP,0.667,285.0,2.934599665894012
2632,MLP,0.667,285.0,2.934599665894012
2188,MLP,0.666,287.0,2.9301999662449956
593,MLP,0.665,288.0,2.925800266595979
1411,MLP,0.665,288.0,2.925800266595979
2356,MLP,0.665,288.0,2.925800266595979
877,MLP,0.663,291.0,2.917000867297946
2401,MLP,0.663,291.0,2.917000867297946
1226,MLP,0.662,293.0,2.9126011676489294
1018,MLP,0.66,294.0,2.9038017683508963
2450,MLP,0.66,294.0,2.9038017683508963
96,MLP,0.658,296.0,2.8950023690528632
623,MLP,0.658,296.0,2.8950023690528632
467,MLP,0.655,298.0,2.881803270105814
1107,MLP,0.655,298.0,2.881803270105814
2347,MLP,0.654,300.0,2.8774035704567975
260,MLP,0.652,301.0,2.8686041711587644
940,MLP,0.652,301.0,2.8686041711587644
2576,MLP,0.652,301.0,2.8686041711587644
320,MLP,0.65,304.0,2.8598047718607313
878,MLP,0.65,304.0,2.8598047718607313
1644,MLP,0.648,306.0,2.8510053725626983
659,MLP,0.647,307.0,2.846605672913682
1999,MLP,0.647,307.0,2.846605672913682
740,MLP,0.645,309.0,2.837806273615649
51,MLP,0.642,310.0,2.824607174668599
2305,MLP,0.642,310.0,2.824607174668599
1758,MLP,0.641,312.0,2.8202074750195827
454,MLP,0.64,313.0,2.8158077753705664
1118,MLP,0.64,313.0,2.8158077753705664
1778,MLP,0.639,315.0,2.8114080757215496
1909,MLP,0.639,315.0,2.8114080757215496
321,MLP,0.638,317.0,2.8070083760725333
484,MLP,0.638,317.0,2.8070083760725333
518,MLP,0.638,317.0,2.8070083760725333
1559,MLP,0.637,320.0,2.8026086764235165
2525,MLP,0.637,320.0,2.8026086764235165
1321,MLP,0.636,322.0,2.7982089767745
82,MLP,0.635,323.0,2.7938092771254834
872,MLP,0.635,323.0,2.7938092771254834
463,MLP,0.634,325.0,2.789409577476467
635,MLP,0.634,325.0,2.789409577476467
2117,MLP,0.634,325.0,2.789409577476467
22,MLP,0.633,328.0,2.785009877827451
1344,MLP,0.632,329.0,2.780610178178434
1493,MLP,0.632,329.0,2.780610178178434
2393,MLP,0.632,329.0,2.780610178178434
151,MLP,0.631,332.0,2.7762104785294177
904,MLP,0.631,332.0,2.7762104785294177
979,MLP,0.631,332.0,2.7762104785294177
1033,MLP,0.631,332.0,2.7762104785294177
2392,MLP,0.629,336.0,2.7674110792313846
382,MLP,0.627,337.0,2.7586116799333515
1142,MLP,0.627,337.0,2.7586116799333515
2224,MLP,0.626,339.0,2.754211980284335
2339,MLP,0.626,339.0,2.754211980284335
255,MLP,0.625,341.0,2.7498122806353185
2704,MLP,0.623,342.0,2.7410128813372854
996,MLP,0.622,343.0,2.736613181688269
844,MLP,0.62,344.0,2.727813782390236
358,MLP,0.619,345.0,2.723414082741219
1604,MLP,0.619,345.0,2.723414082741219
1729,MLP,0.619,345.0,2.723414082741219
183,MLP,0.618,348.0,2.719014383092203
2054,MLP,0.618,348.0,2.719014383092203
1931,MLP,0.617,350.0,2.7146146834431866
2770,MLP,0.617,350.0,2.7146146834431866
1437,MLP,0.616,352.0,2.71021498379417
1690,MLP,0.616,352.0,2.71021498379417
1923,MLP,0.616,352.0,2.71021498379417
2697,MLP,0.616,352.0,2.71021498379417
351,MLP,0.615,356.0,2.7058152841451535
1158,MLP,0.615,356.0,2.7058152841451535
1905,MLP,0.615,356.0,2.7058152841451535
2076,MLP,0.615,356.0,2.7058152841451535
302,MLP,0.614,360.0,2.7014155844961367
1575,MLP,0.613,361.0,2.6970158848471204
2213,MLP,0.61,362.0,2.6838167859000706
1147,MLP,0.609,363.0,2.6794170862510542
1825,MLP,0.609,363.0,2.6794170862510542
2005,MLP,0.609,363.0,2.6794170862510542
2295,MLP,0.609,363.0,2.6794170862510542
241,MLP,0.608,367.0,2.675017386602038
700,MLP,0.608,367.0,2.675017386602038
1932,MLP,0.608,367.0,2.675017386602038
1995,MLP,0.608,367.0,2.675017386602038
2517,MLP,0.608,367.0,2.675017386602038
324,MLP,0.607,372.0,2.670617686953021
427,MLP,0.607,372.0,2.670617686953021
688,MLP,0.607,372.0,2.670617686953021
1746,MLP,0.607,372.0,2.670617686953021
2608,MLP,0.607,372.0,2.670617686953021
194,MLP,0.606,377.0,2.666217987304005
1250,MLP,0.606,377.0,2.666217987304005
2672,MLP,0.606,377.0,2.666217987304005
52,MLP,0.605,380.0,2.661818287654988
923,MLP,0.605,380.0,2.661818287654988
1663,MLP,0.604,382.0,2.6574185880059717
1893,MLP,0.604,382.0,2.6574185880059717
11,MLP,0.603,384.0,2.653018888356955
25,MLP,0.603,384.0,2.653018888356955
2774,MLP,0.603,384.0,2.653018888356955
719,MLP,0.602,387.0,2.6486191887079387
1023,MLP,0.602,387.0,2.6486191887079387
2010,MLP,0.602,387.0,2.6486191887079387
86,MLP,0.601,390.0,2.6442194890589223
2038,MLP,0.601,390.0,2.6442194890589223
2199,MLP,0.6,392.0,2.6398197894099056
60,MLP,0.599,393.0,2.6354200897608893
211,MLP,0.598,394.0,2.6310203901118725
612,MLP,0.597,395.0,2.626620690462856
2225,MLP,0.596,396.0,2.6222209908138394
2611,MLP,0.596,396.0,2.6222209908138394
75,MLP,0.595,398.0,2.617821291164823
214,MLP,0.594,399.0,2.6134215915158068
253,MLP,0.594,399.0,2.6134215915158068
293,MLP,0.594,399.0,2.6134215915158068
372,MLP,0.594,399.0,2.6134215915158068
2719,MLP,0.594,399.0,2.6134215915158068
69,MLP,0.593,404.0,2.60902189186679
266,MLP,0.593,404.0,2.60902189186679
2161,MLP,0.593,404.0,2.60902189186679
998,MLP,0.592,407.0,2.6046221922177737
157,MLP,0.591,408.0,2.600222492568757
1212,MLP,0.591,408.0,2.600222492568757
2084,MLP,0.59,410.0,2.5958227929197406
2736,MLP,0.59,410.0,2.5958227929197406
2752,MLP,0.59,410.0,2.5958227929197406
714,MLP,0.589,413.0,2.591423093270724
2733,MLP,0.589,413.0,2.591423093270724
404,MLP,0.588,415.0,2.5870233936217075
569,MLP,0.588,415.0,2.5870233936217075
429,MLP,0.587,417.0,2.5826236939726908
1185,MLP,0.587,417.0,2.5826236939726908
1607,MLP,0.586,419.0,2.5782239943236744
189,MLP,0.585,420.0,2.573824294674658
405,MLP,0.585,420.0,2.573824294674658
143,MLP,0.584,422.0,2.5694245950256414
176,MLP,0.583,423.0,2.565024895376625
891,MLP,0.583,423.0,2.565024895376625
1412,MLP,0.583,423.0,2.565024895376625
2118,MLP,0.583,423.0,2.565024895376625
563,MLP,0.582,427.0,2.5606251957276083
920,MLP,0.582,427.0,2.5606251957276083
965,MLP,0.582,427.0,2.5606251957276083
1163,MLP,0.58,430.0,2.551825796429575
2099,MLP,0.58,430.0,2.551825796429575
15,MLP,0.579,432.0,2.547426096780559
2266,MLP,0.579,432.0,2.547426096780559
2210,MLP,0.578,434.0,2.5430263971315425
132,MLP,0.577,435.0,2.538626697482526
444,MLP,0.577,435.0,2.538626697482526
1203,MLP,0.576,437.0,2.5342269978335095
1252,MLP,0.576,437.0,2.5342269978335095
2030,MLP,0.575,439.0,2.5298272981844927
694,MLP,0.574,440.0,2.5254275985354764
2164,MLP,0.574,440.0,2.5254275985354764
2456,MLP,0.574,440.0,2.5254275985354764
1295,MLP,0.573,443.0,2.5210278988864596
1755,MLP,0.573,443.0,2.5210278988864596
2469,MLP,0.573,443.0,2.5210278988864596
717,MLP,0.572,446.0,2.5166281992374433
1791,MLP,0.572,446.0,2.5166281992374433
2183,MLP,0.572,446.0,2.5166281992374433
2542,MLP,0.571,449.0,2.5122284995884265
403,MLP,0.57,450.0,2.50782879993941
830,MLP,0.57,450.0,2.50782879993941
1648,MLP,0.57,450.0,2.50782879993941
2012,MLP,0.57,450.0,2.50782879993941
2581,MLP,0.569,454.0,2.503429100290394
173,MLP,0.568,455.0,2.499029400641377
780,MLP,0.568,455.0,2.499029400641377
1296,MLP,0.567,457.0,2.494629700992361
1271,MLP,0.566,458.0,2.490230001343344
391,MLP,0.565,459.0,2.4858303016943277
532,MLP,0.565,459.0,2.4858303016943277
1775,MLP,0.565,459.0,2.4858303016943277
2022,MLP,0.565,459.0,2.4858303016943277
2540,MLP,0.564,463.0,2.481430602045311
1661,MLP,0.563,464.0,2.4770309023962946
2249,MLP,0.563,464.0,2.4770309023962946
2600,MLP,0.562,466.0,2.4726312027472788
428,MLP,0.561,467.0,2.468231503098262
1008,MLP,0.561,467.0,2.468231503098262
1627,MLP,0.561,467.0,2.468231503098262
2036,MLP,0.561,467.0,2.468231503098262
2659,MLP,0.561,467.0,2.468231503098262
496,MLP,0.559,472.0,2.459432103800229
697,MLP,0.558,473.0,2.4550324041512126
1974,MLP,0.558,473.0,2.4550324041512126
2487,MLP,0.558,473.0,2.4550324041512126
529,MLP,0.557,476.0,2.450632704502196
825,MLP,0.557,476.0,2.450632704502196
485,MLP,0.556,478.0,2.4462330048531795
1369,MLP,0.556,478.0,2.4462330048531795
44,MLP,0.555,480.0,2.441833305204163
1413,MLP,0.555,480.0,2.441833305204163
1929,MLP,0.555,480.0,2.441833305204163
170,MLP,0.554,483.0,2.4374336055551464
860,MLP,0.554,483.0,2.4374336055551464
902,MLP,0.554,483.0,2.4374336055551464
1151,MLP,0.554,483.0,2.4374336055551464
1558,MLP,0.554,483.0,2.4374336055551464
1951,MLP,0.554,483.0,2.4374336055551464
2380,MLP,0.554,483.0,2.4374336055551464
32,MLP,0.553,490.0,2.43303390590613
630,MLP,0.553,490.0,2.43303390590613
1566,MLP,0.553,490.0,2.43303390590613
1853,MLP,0.553,490.0,2.43303390590613
2679,MLP,0.553,490.0,2.43303390590613
59,MLP,0.552,495.0,2.4286342062571133
1622,MLP,0.552,495.0,2.4286342062571133
1849,MLP,0.552,495.0,2.4286342062571133
552,MLP,0.551,498.0,2.424234506608097
696,MLP,0.551,498.0,2.424234506608097
814,MLP,0.551,498.0,2.424234506608097
1382,MLP,0.551,498.0,2.424234506608097
1888,MLP,0.551,498.0,2.424234506608097
1898,MLP,0.551,498.0,2.424234506608097
212,MLP,0.549,504.0,2.415435107310064
418,MLP,0.549,504.0,2.415435107310064
1140,MLP,0.549,504.0,2.415435107310064
1383,MLP,0.549,504.0,2.415435107310064
1689,MLP,0.549,504.0,2.415435107310064
1233,MLP,0.548,509.0,2.4110354076610476
1416,MLP,0.548,509.0,2.4110354076610476
2514,MLP,0.548,509.0,2.4110354076610476
600,MLP,0.547,512.0,2.406635708012031
913,MLP,0.547,512.0,2.406635708012031
2250,MLP,0.547,512.0,2.406635708012031
917,MLP,0.546,515.0,2.4022360083630145
1385,MLP,0.546,515.0,2.4022360083630145
1922,MLP,0.546,515.0,2.4022360083630145
2227,MLP,0.546,515.0,2.4022360083630145
2708,MLP,0.546,515.0,2.4022360083630145
1543,MLP,0.545,520.0,2.3978363087139978
222,MLP,0.544,521.0,2.3934366090649815
1166,MLP,0.544,521.0,2.3934366090649815
228,MLP,0.543,523.0,2.3890369094159647
392,MLP,0.543,523.0,2.3890369094159647
776,MLP,0.543,523.0,2.3890369094159647
1523,MLP,0.543,523.0,2.3890369094159647
1594,MLP,0.543,523.0,2.3890369094159647
2170,MLP,0.543,523.0,2.3890369094159647
2599,MLP,0.543,523.0,2.3890369094159647
326,MLP,0.542,530.0,2.3846372097669484
874,MLP,0.542,530.0,2.3846372097669484
2537,MLP,0.542,530.0,2.3846372097669484
2656,MLP,0.542,530.0,2.3846372097669484
2567,MLP,0.541,534.0,2.3802375101179316
2466,MLP,0.54,535.0,2.3758378104689153
160,MLP,0.539,536.0,2.371438110819899
2389,MLP,0.539,536.0,2.371438110819899
280,MLP,0.538,538.0,2.367038411170882
2434,MLP,0.537,539.0,2.362638711521866
53,MLP,0.536,540.0,2.358239011872849
1004,MLP,0.536,540.0,2.358239011872849
1264,MLP,0.536,540.0,2.358239011872849
1432,MLP,0.536,540.0,2.358239011872849
282,MLP,0.535,544.0,2.353839312223833
387,MLP,0.535,544.0,2.353839312223833
1020,MLP,0.535,544.0,2.353839312223833
443,MLP,0.534,547.0,2.349439612574816
452,MLP,0.534,547.0,2.349439612574816
2741,MLP,0.534,547.0,2.349439612574816
1579,MLP,0.533,550.0,2.3450399129257997
437,MLP,0.532,551.0,2.3406402132767834
628,MLP,0.532,551.0,2.3406402132767834
1019,MLP,0.531,553.0,2.3362405136277666
1308,MLP,0.531,553.0,2.3362405136277666
1625,MLP,0.531,553.0,2.3362405136277666
1811,MLP,0.531,553.0,2.3362405136277666
2292,MLP,0.531,553.0,2.3362405136277666
188,MLP,0.53,558.0,2.3318408139787503
698,MLP,0.529,559.0,2.3274411143297336
843,MLP,0.529,559.0,2.3274411143297336
1540,MLP,0.529,559.0,2.3274411143297336
1711,MLP,0.529,559.0,2.3274411143297336
10,MLP,0.528,563.0,2.3230414146807172
442,MLP,0.528,563.0,2.3230414146807172
588,MLP,0.528,563.0,2.3230414146807172
1913,MLP,0.527,566.0,2.3186417150317005
2067,MLP,0.527,566.0,2.3186417150317005
38,MLP,0.526,568.0,2.314242015382684
474,MLP,0.526,568.0,2.314242015382684
1109,MLP,0.525,570.0,2.309842315733668
389,MLP,0.524,571.0,2.305442616084651
1672,MLP,0.524,571.0,2.305442616084651
2505,MLP,0.524,571.0,2.305442616084651
459,MLP,0.523,574.0,2.3010429164356347
1883,MLP,0.523,574.0,2.3010429164356347
2057,MLP,0.523,574.0,2.3010429164356347
657,MLP,0.522,577.0,2.296643216786618
2419,MLP,0.522,577.0,2.296643216786618
2442,MLP,0.522,577.0,2.296643216786618
2484,MLP,0.522,577.0,2.296643216786618
765,MLP,0.521,581.0,2.2922435171376017
1062,MLP,0.521,581.0,2.2922435171376017
1475,MLP,0.521,581.0,2.2922435171376017
1480,MLP,0.521,581.0,2.2922435171376017
2238,MLP,0.521,581.0,2.2922435171376017
2351,MLP,0.521,581.0,2.2922435171376017
1739,MLP,0.52,587.0,2.287843817488585
1953,MLP,0.52,587.0,2.287843817488585
1733,MLP,0.519,589.0,2.2834441178395686
162,MLP,0.518,590.0,2.279044418190552
244,MLP,0.517,591.0,2.2746447185415355
1122,MLP,0.517,591.0,2.2746447185415355
1704,MLP,0.517,591.0,2.2746447185415355
377,MLP,0.516,594.0,2.270245018892519
2157,MLP,0.516,594.0,2.270245018892519
2212,MLP,0.516,594.0,2.270245018892519
2315,MLP,0.516,594.0,2.270245018892519
1337,MLP,0.515,598.0,2.2658453192435024
1565,MLP,0.515,598.0,2.2658453192435024
2257,MLP,0.515,598.0,2.2658453192435024
2673,MLP,0.514,601.0,2.261445619594486
2264,MLP,0.513,602.0,2.2570459199454693
2314,MLP,0.513,602.0,2.2570459199454693
2552,MLP,0.513,602.0,2.2570459199454693
782,MLP,0.512,605.0,2.252646220296453
1467,MLP,0.512,605.0,2.252646220296453
1693,MLP,0.512,605.0,2.252646220296453
2418,MLP,0.512,605.0,2.252646220296453
2766,MLP,0.512,605.0,2.252646220296453
93,MLP,0.511,610.0,2.2482465206474362
1144,MLP,0.511,610.0,2.2482465206474362
2742,MLP,0.511,610.0,2.2482465206474362
1026,MLP,0.51,613.0,2.24384682099842
1460,MLP,0.51,613.0,2.24384682099842
2667,MLP,0.51,613.0,2.24384682099842
1048,MLP,0.509,616.0,2.2394471213494036
1238,MLP,0.509,616.0,2.2394471213494036
1258,MLP,0.509,616.0,2.2394471213494036
1011,MLP,0.508,619.0,2.235047421700387
1994,MLP,0.508,619.0,2.235047421700387
2746,MLP,0.508,619.0,2.235047421700387
2388,MLP,0.507,622.0,2.2306477220513705
27,MLP,0.506,623.0,2.2262480224023538
460,MLP,0.506,623.0,2.2262480224023538
587,MLP,0.506,623.0,2.2262480224023538
1583,MLP,0.505,626.0,2.2218483227533374
1606,MLP,0.505,626.0,2.2218483227533374
2080,MLP,0.505,626.0,2.2218483227533374
2200,MLP,0.505,626.0,2.2218483227533374
2453,MLP,0.505,626.0,2.2218483227533374
370,MLP,0.504,631.0,2.2174486231043207
1106,MLP,0.504,631.0,2.2174486231043207
1304,MLP,0.504,631.0,2.2174486231043207
1662,MLP,0.504,631.0,2.2174486231043207
1793,MLP,0.504,631.0,2.2174486231043207
2298,MLP,0.504,631.0,2.2174486231043207
316,MLP,0.503,637.0,2.2130489234553044
502,MLP,0.503,637.0,2.2130489234553044
851,MLP,0.503,637.0,2.2130489234553044
1073,MLP,0.503,637.0,2.2130489234553044
2384,MLP,0.503,637.0,2.2130489234553044
2610,MLP,0.503,637.0,2.2130489234553044
2705,MLP,0.503,637.0,2.2130489234553044
849,MLP,0.502,644.0,2.2086492238062876
2323,MLP,0.502,644.0,2.2086492238062876
2634,MLP,0.502,644.0,2.2086492238062876
451,MLP,0.501,647.0,2.2042495241572713
548,MLP,0.501,647.0,2.2042495241572713
769,MLP,0.501,647.0,2.2042495241572713
1090,MLP,0.501,647.0,2.2042495241572713
1468,MLP,0.501,647.0,2.2042495241572713
292,MLP,0.5,652.0,2.199849824508255
654,MLP,0.5,652.0,2.199849824508255
1418,MLP,0.5,652.0,2.199849824508255
1439,MLP,0.5,652.0,2.199849824508255
1678,MLP,0.5,652.0,2.199849824508255
2416,MLP,0.5,652.0,2.199849824508255
2561,MLP,0.499,658.0,2.195450124859238
2529,MLP,0.498,659.0,2.191050425210222
596,MLP,0.497,660.0,2.186650725561205
1601,MLP,0.497,660.0,2.186650725561205
956,MLP,0.496,662.0,2.182251025912189
695,MLP,0.495,663.0,2.177851326263172
216,MLP,0.494,664.0,2.1734516266141557
259,MLP,0.494,664.0,2.1734516266141557
836,MLP,0.494,664.0,2.1734516266141557
1315,MLP,0.494,664.0,2.1734516266141557
2714,MLP,0.494,664.0,2.1734516266141557
104,MLP,0.493,669.0,2.1690519269651394
774,MLP,0.493,669.0,2.1690519269651394
2437,MLP,0.493,669.0,2.1690519269651394
424,MLP,0.492,672.0,2.1646522273161226
968,MLP,0.492,672.0,2.1646522273161226
1824,MLP,0.492,672.0,2.1646522273161226
2023,MLP,0.492,672.0,2.1646522273161226
306,MLP,0.491,676.0,2.1602525276671063
668,MLP,0.491,676.0,2.1602525276671063
865,MLP,0.491,676.0,2.1602525276671063
1088,MLP,0.491,676.0,2.1602525276671063
1167,MLP,0.491,676.0,2.1602525276671063
1518,MLP,0.491,676.0,2.1602525276671063
1935,MLP,0.491,676.0,2.1602525276671063
729,MLP,0.49,683.0,2.1558528280180895
1657,MLP,0.49,683.0,2.1558528280180895
2053,MLP,0.49,683.0,2.1558528280180895
2248,MLP,0.49,683.0,2.1558528280180895
2657,MLP,0.49,683.0,2.1558528280180895
7,MLP,0.489,688.0,2.151453128369073
1551,MLP,0.489,688.0,2.151453128369073
1716,MLP,0.489,688.0,2.151453128369073
2232,MLP,0.489,688.0,2.151453128369073
2241,MLP,0.489,688.0,2.151453128369073
2757,MLP,0.489,688.0,2.151453128369073
26,MLP,0.488,694.0,2.1470534287200564
131,MLP,0.488,694.0,2.1470534287200564
566,MLP,0.488,694.0,2.1470534287200564
1986,MLP,0.488,694.0,2.1470534287200564
2368,MLP,0.488,694.0,2.1470534287200564
1858,MLP,0.487,699.0,2.14265372907104
2394,MLP,0.487,699.0,2.14265372907104
2506,MLP,0.487,699.0,2.14265372907104
34,MLP,0.486,702.0,2.138254029422024
823,MLP,0.486,702.0,2.138254029422024
1670,MLP,0.486,702.0,2.138254029422024
2189,MLP,0.486,702.0,2.138254029422024
1041,MLP,0.485,706.0,2.133854329773007
2055,MLP,0.485,706.0,2.133854329773007
314,MLP,0.484,708.0,2.1294546301239907
491,MLP,0.484,708.0,2.1294546301239907
1943,MLP,0.484,708.0,2.1294546301239907
2722,MLP,0.484,708.0,2.1294546301239907
210,MLP,0.483,712.0,2.125054930474974
265,MLP,0.483,712.0,2.125054930474974
547,MLP,0.483,712.0,2.125054930474974
812,MLP,0.483,712.0,2.125054930474974
905,MLP,0.483,712.0,2.125054930474974
1105,MLP,0.483,712.0,2.125054930474974
1141,MLP,0.483,712.0,2.125054930474974
1826,MLP,0.483,712.0,2.125054930474974
2234,MLP,0.483,712.0,2.125054930474974
2607,MLP,0.483,712.0,2.125054930474974
1948,MLP,0.482,722.0,2.1206552308259576
2033,MLP,0.482,722.0,2.1206552308259576
1501,MLP,0.481,724.0,2.116255531176941
1788,MLP,0.481,724.0,2.116255531176941
2585,MLP,0.48,726.0,2.1118558315279246
1469,MLP,0.479,727.0,2.107456131878908
1650,MLP,0.479,727.0,2.107456131878908
609,MLP,0.478,729.0,2.1030564322298915
1254,MLP,0.478,729.0,2.1030564322298915
1798,MLP,0.478,729.0,2.1030564322298915
991,MLP,0.477,732.0,2.098656732580875
146,MLP,0.476,733.0,2.0942570329318584
345,MLP,0.476,733.0,2.0942570329318584
1356,MLP,0.476,733.0,2.0942570329318584
2723,MLP,0.476,733.0,2.0942570329318584
1126,MLP,0.475,737.0,2.089857333282842
1431,MLP,0.475,737.0,2.089857333282842
2299,MLP,0.475,737.0,2.089857333282842
2359,MLP,0.475,737.0,2.089857333282842
130,MLP,0.474,741.0,2.0854576336338253
1263,MLP,0.474,741.0,2.0854576336338253
1596,MLP,0.474,741.0,2.0854576336338253
2091,MLP,0.474,741.0,2.0854576336338253
2132,MLP,0.474,741.0,2.0854576336338253
2495,MLP,0.474,741.0,2.0854576336338253
16,MLP,0.473,747.0,2.081057933984809
277,MLP,0.473,747.0,2.081057933984809
961,MLP,0.473,747.0,2.081057933984809
1814,MLP,0.473,747.0,2.081057933984809
2490,MLP,0.473,747.0,2.081057933984809
942,MLP,0.472,752.0,2.076658234335792
2677,MLP,0.472,752.0,2.076658234335792
1640,MLP,0.471,754.0,2.072258534686776
1855,MLP,0.471,754.0,2.072258534686776
2277,MLP,0.471,754.0,2.072258534686776
1702,MLP,0.47,757.0,2.0678588350377596
1183,MLP,0.469,758.0,2.063459135388743
602,MLP,0.468,759.0,2.0590594357397265
845,MLP,0.468,759.0,2.0590594357397265
1781,MLP,0.468,759.0,2.0590594357397265
2258,MLP,0.468,759.0,2.0590594357397265
2717,MLP,0.468,759.0,2.0590594357397265
918,MLP,0.467,764.0,2.05465973609071
65,MLP,0.466,765.0,2.0502600364416934
1270,MLP,0.466,765.0,2.0502600364416934
1623,MLP,0.466,765.0,2.0502600364416934
1677,MLP,0.466,765.0,2.0502600364416934
1725,MLP,0.466,765.0,2.0502600364416934
2163,MLP,0.466,765.0,2.0502600364416934
2319,MLP,0.466,765.0,2.0502600364416934
174,MLP,0.465,772.0,2.045860336792677
721,MLP,0.465,772.0,2.045860336792677
1189,MLP,0.465,772.0,2.045860336792677
1808,MLP,0.465,772.0,2.045860336792677
310,MLP,0.464,776.0,2.0414606371436603
420,MLP,0.464,776.0,2.0414606371436603
1165,MLP,0.464,776.0,2.0414606371436603
1349,MLP,0.464,776.0,2.0414606371436603
2593,MLP,0.464,776.0,2.0414606371436603
187,MLP,0.463,781.0,2.037060937494644
1499,MLP,0.463,781.0,2.037060937494644
1846,MLP,0.463,781.0,2.037060937494644
749,MLP,0.462,784.0,2.0326612378456277
1969,MLP,0.462,784.0,2.0326612378456277
2089,MLP,0.462,784.0,2.0326612378456277
2333,MLP,0.462,784.0,2.0326612378456277
2464,MLP,0.462,784.0,2.0326612378456277
110,MLP,0.461,789.0,2.028261538196611
364,MLP,0.461,789.0,2.028261538196611
501,MLP,0.461,789.0,2.028261538196611
1084,MLP,0.461,789.0,2.028261538196611
1756,MLP,0.461,789.0,2.028261538196611
2710,MLP,0.461,789.0,2.028261538196611
156,MLP,0.46,795.0,2.0238618385475946
373,MLP,0.46,795.0,2.0238618385475946
1443,MLP,0.46,795.0,2.0238618385475946
2073,MLP,0.46,795.0,2.0238618385475946
8,MLP,0.459,799.0,2.019462138898578
901,MLP,0.459,799.0,2.019462138898578
1537,MLP,0.459,799.0,2.019462138898578
1708,MLP,0.459,799.0,2.019462138898578
2447,MLP,0.459,799.0,2.019462138898578
879,MLP,0.458,804.0,2.0150624392495615
1787,MLP,0.458,804.0,2.0150624392495615
1954,MLP,0.458,804.0,2.0150624392495615
2191,MLP,0.458,804.0,2.0150624392495615
2501,MLP,0.458,804.0,2.0150624392495615
409,MLP,0.457,809.0,2.0106627396005448
457,MLP,0.457,809.0,2.0106627396005448
708,MLP,0.457,809.0,2.0106627396005448
732,MLP,0.457,809.0,2.0106627396005448
1312,MLP,0.457,809.0,2.0106627396005448
2644,MLP,0.457,809.0,2.0106627396005448
367,MLP,0.456,815.0,2.0062630399515284
960,MLP,0.456,815.0,2.0062630399515284
1450,MLP,0.456,815.0,2.0062630399515284
1968,MLP,0.456,815.0,2.0062630399515284
2260,MLP,0.456,815.0,2.0062630399515284
308,MLP,0.455,820.0,2.001863340302512
611,MLP,0.455,820.0,2.001863340302512
2332,MLP,0.455,820.0,2.001863340302512
2638,MLP,0.455,820.0,2.001863340302512
286,MLP,0.454,824.0,1.9974636406534954
350,MLP,0.454,824.0,1.9974636406534954
1747,MLP,0.454,824.0,1.9974636406534954
469,MLP,0.453,827.0,1.9930639410044788
1343,MLP,0.453,827.0,1.9930639410044788
1980,MLP,0.453,827.0,1.9930639410044788
1997,MLP,0.453,827.0,1.9930639410044788
2195,MLP,0.453,827.0,1.9930639410044788
624,MLP,0.452,832.0,1.9886642413554623
1353,MLP,0.452,832.0,1.9886642413554623
530,MLP,0.451,834.0,1.984264541706446
2269,MLP,0.451,834.0,1.984264541706446
873,MLP,0.45,836.0,1.9798648420574294
899,MLP,0.45,836.0,1.9798648420574294
911,MLP,0.45,836.0,1.9798648420574294
1244,MLP,0.45,836.0,1.9798648420574294
2168,MLP,0.45,836.0,1.9798648420574294
2204,MLP,0.45,836.0,1.9798648420574294
2598,MLP,0.45,836.0,1.9798648420574294
177,MLP,0.449,843.0,1.9754651424084129
411,MLP,0.449,843.0,1.9754651424084129
1845,MLP,0.449,843.0,1.9754651424084129
2220,MLP,0.449,843.0,1.9754651424084129
2690,MLP,0.449,843.0,1.9754651424084129
2716,MLP,0.449,843.0,1.9754651424084129
972,MLP,0.448,849.0,1.9710654427593963
1044,MLP,0.448,849.0,1.9710654427593963
1391,MLP,0.448,849.0,1.9710654427593963
1517,MLP,0.448,849.0,1.9710654427593963
546,MLP,0.447,853.0,1.9666657431103798
1017,MLP,0.447,853.0,1.9666657431103798
1938,MLP,0.447,853.0,1.9666657431103798
2444,MLP,0.447,853.0,1.9666657431103798
1001,MLP,0.446,857.0,1.9622660434613632
1182,MLP,0.446,857.0,1.9622660434613632
1819,MLP,0.446,857.0,1.9622660434613632
2381,MLP,0.446,857.0,1.9622660434613632
482,MLP,0.445,861.0,1.9578663438123467
1809,MLP,0.445,861.0,1.9578663438123467
1872,MLP,0.445,861.0,1.9578663438123467
2105,MLP,0.445,861.0,1.9578663438123467
876,MLP,0.444,865.0,1.9534666441633302
2104,MLP,0.444,865.0,1.9534666441633302
2252,MLP,0.444,865.0,1.9534666441633302
2739,MLP,0.444,865.0,1.9534666441633302
122,MLP,0.443,869.0,1.9490669445143138
248,MLP,0.443,869.0,1.9490669445143138
1473,MLP,0.443,869.0,1.9490669445143138
1807,MLP,0.443,869.0,1.9490669445143138
1818,MLP,0.443,869.0,1.9490669445143138
2547,MLP,0.443,869.0,1.9490669445143138
2665,MLP,0.443,869.0,1.9490669445143138
1171,MLP,0.442,876.0,1.9446672448652973
1390,MLP,0.442,876.0,1.9446672448652973
2203,MLP,0.442,876.0,1.9446672448652973
722,MLP,0.441,879.0,1.9402675452162808
1111,MLP,0.441,879.0,1.9402675452162808
1291,MLP,0.441,879.0,1.9402675452162808
1500,MLP,0.441,879.0,1.9402675452162808
257,MLP,0.44,883.0,1.9358678455672642
730,MLP,0.44,883.0,1.9358678455672642
1646,MLP,0.44,883.0,1.9358678455672642
2136,MLP,0.44,883.0,1.9358678455672642
2372,MLP,0.44,883.0,1.9358678455672642
101,MLP,0.439,888.0,1.9314681459182477
800,MLP,0.439,888.0,1.9314681459182477
1160,MLP,0.439,888.0,1.9314681459182477
1445,MLP,0.439,888.0,1.9314681459182477
1780,MLP,0.439,888.0,1.9314681459182477
192,MLP,0.438,893.0,1.9270684462692311
1297,MLP,0.438,893.0,1.9270684462692311
1608,MLP,0.438,893.0,1.9270684462692311
1939,MLP,0.438,893.0,1.9270684462692311
2737,MLP,0.438,893.0,1.9270684462692311
137,MLP,0.437,898.0,1.9226687466202146
435,MLP,0.437,898.0,1.9226687466202146
806,MLP,0.437,898.0,1.9226687466202146
1272,MLP,0.437,898.0,1.9226687466202146
1682,MLP,0.437,898.0,1.9226687466202146
2140,MLP,0.436,903.0,1.9182690469711983
2185,MLP,0.436,903.0,1.9182690469711983
335,MLP,0.435,905.0,1.9138693473221817
495,MLP,0.435,905.0,1.9138693473221817
521,MLP,0.435,905.0,1.9138693473221817
1248,MLP,0.435,905.0,1.9138693473221817
2662,MLP,0.435,905.0,1.9138693473221817
1221,MLP,0.434,910.0,1.9094696476731652
2114,MLP,0.434,910.0,1.9094696476731652
2278,MLP,0.434,910.0,1.9094696476731652
2564,MLP,0.434,910.0,1.9094696476731652
2605,MLP,0.434,910.0,1.9094696476731652
2616,MLP,0.434,910.0,1.9094696476731652
2676,MLP,0.434,910.0,1.9094696476731652
184,MLP,0.433,917.0,1.9050699480241486
381,MLP,0.433,917.0,1.9050699480241486
1568,MLP,0.433,917.0,1.9050699480241486
2156,MLP,0.433,917.0,1.9050699480241486
2682,MLP,0.433,917.0,1.9050699480241486
562,MLP,0.432,922.0,1.900670248375132
2122,MLP,0.432,922.0,1.900670248375132
119,MLP,0.431,924.0,1.8962705487261156
1267,MLP,0.431,924.0,1.8962705487261156
2133,MLP,0.431,924.0,1.8962705487261156
2727,MLP,0.431,924.0,1.8962705487261156
2762,MLP,0.431,924.0,1.8962705487261156
967,MLP,0.43,929.0,1.891870849077099
1404,MLP,0.43,929.0,1.891870849077099
1422,MLP,0.43,929.0,1.891870849077099
1532,MLP,0.43,929.0,1.891870849077099
810,MLP,0.429,933.0,1.8874711494280825
973,MLP,0.429,933.0,1.8874711494280825
1453,MLP,0.429,933.0,1.8874711494280825
1621,MLP,0.429,933.0,1.8874711494280825
2001,MLP,0.429,933.0,1.8874711494280825
46,MLP,0.428,938.0,1.8830714497790662
238,MLP,0.428,938.0,1.8830714497790662
414,MLP,0.428,938.0,1.8830714497790662
1524,MLP,0.428,938.0,1.8830714497790662
2504,MLP,0.428,938.0,1.8830714497790662
323,MLP,0.427,943.0,1.8786717501300496
763,MLP,0.427,943.0,1.8786717501300496
1150,MLP,0.426,945.0,1.874272050481033
2367,MLP,0.426,945.0,1.874272050481033
1242,MLP,0.425,947.0,1.8698723508320165
1912,MLP,0.425,947.0,1.8698723508320165
199,MLP,0.424,949.0,1.865472651183
513,MLP,0.424,949.0,1.865472651183
1053,MLP,0.424,949.0,1.865472651183
1302,MLP,0.424,949.0,1.865472651183
1388,MLP,0.424,949.0,1.865472651183
2226,MLP,0.424,949.0,1.865472651183
2524,MLP,0.424,949.0,1.865472651183
1776,MLP,0.423,956.0,1.8610729515339834
608,MLP,0.422,957.0,1.856673251884967
978,MLP,0.422,957.0,1.856673251884967
1286,MLP,0.422,957.0,1.856673251884967
2532,MLP,0.422,957.0,1.856673251884967
1998,MLP,0.421,961.0,1.8522735522359504
2326,MLP,0.421,961.0,1.8522735522359504
2756,MLP,0.421,961.0,1.8522735522359504
735,MLP,0.42,964.0,1.847873852586934
862,MLP,0.42,964.0,1.847873852586934
863,MLP,0.42,964.0,1.847873852586934
1224,MLP,0.42,964.0,1.847873852586934
1655,MLP,0.42,964.0,1.847873852586934
1184,MLP,0.419,969.0,1.8434741529379175
1363,MLP,0.419,969.0,1.8434741529379175
2162,MLP,0.419,969.0,1.8434741529379175
2293,MLP,0.419,969.0,1.8434741529379175
2582,MLP,0.419,969.0,1.8434741529379175
355,MLP,0.418,974.0,1.839074453288901
379,MLP,0.418,974.0,1.839074453288901
516,MLP,0.418,974.0,1.839074453288901
538,MLP,0.418,974.0,1.839074453288901
827,MLP,0.418,974.0,1.839074453288901
1127,MLP,0.418,974.0,1.839074453288901
1279,MLP,0.418,974.0,1.839074453288901
1415,MLP,0.418,974.0,1.839074453288901
944,MLP,0.417,982.0,1.8346747536398844
455,MLP,0.416,983.0,1.8302750539908679
2334,MLP,0.416,983.0,1.8302750539908679
2467,MLP,0.416,983.0,1.8302750539908679
1207,MLP,0.415,986.0,1.8258753543418513
1715,MLP,0.415,986.0,1.8258753543418513
1942,MLP,0.415,986.0,1.8258753543418513
1070,MLP,0.414,989.0,1.8214756546928348
1862,MLP,0.414,989.0,1.8214756546928348
2313,MLP,0.414,989.0,1.8214756546928348
2327,MLP,0.414,989.0,1.8214756546928348
2369,MLP,0.414,989.0,1.8214756546928348
2462,MLP,0.414,989.0,1.8214756546928348
2489,MLP,0.414,989.0,1.8214756546928348
898,MLP,0.413,996.0,1.8170759550438182
931,MLP,0.413,996.0,1.8170759550438182
1535,MLP,0.413,996.0,1.8170759550438182
1873,MLP,0.413,996.0,1.8170759550438182
1956,MLP,0.413,996.0,1.8170759550438182
81,MLP,0.412,1001.0,1.812676255394802
180,MLP,0.412,1001.0,1.812676255394802
196,MLP,0.412,1001.0,1.812676255394802
245,MLP,0.412,1001.0,1.812676255394802
2246,MLP,0.412,1001.0,1.812676255394802
798,MLP,0.411,1006.0,1.8082765557457854
826,MLP,0.411,1006.0,1.8082765557457854
950,MLP,0.411,1006.0,1.8082765557457854
1669,MLP,0.411,1006.0,1.8082765557457854
1966,MLP,0.411,1006.0,1.8082765557457854
2042,MLP,0.411,1006.0,1.8082765557457854
141,MLP,0.41,1012.0,1.8038768560967688
159,MLP,0.41,1012.0,1.8038768560967688
1513,MLP,0.41,1012.0,1.8038768560967688
464,MLP,0.409,1015.0,1.7994771564477523
988,MLP,0.409,1015.0,1.7994771564477523
1037,MLP,0.409,1015.0,1.7994771564477523
1560,MLP,0.409,1015.0,1.7994771564477523
1569,MLP,0.409,1015.0,1.7994771564477523
2060,MLP,0.409,1015.0,1.7994771564477523
565,MLP,0.408,1021.0,1.7950774567987358
1125,MLP,0.408,1021.0,1.7950774567987358
1180,MLP,0.408,1021.0,1.7950774567987358
1773,MLP,0.408,1021.0,1.7950774567987358
1952,MLP,0.408,1021.0,1.7950774567987358
2128,MLP,0.408,1021.0,1.7950774567987358
2374,MLP,0.408,1021.0,1.7950774567987358
2391,MLP,0.408,1021.0,1.7950774567987358
438,MLP,0.407,1029.0,1.7906777571497192
681,MLP,0.407,1029.0,1.7906777571497192
1890,MLP,0.407,1029.0,1.7906777571497192
449,MLP,0.406,1032.0,1.786278057500703
713,MLP,0.406,1032.0,1.786278057500703
890,MLP,0.406,1032.0,1.786278057500703
1097,MLP,0.406,1032.0,1.786278057500703
1119,MLP,0.406,1032.0,1.786278057500703
1521,MLP,0.406,1032.0,1.786278057500703
1900,MLP,0.406,1032.0,1.786278057500703
1989,MLP,0.406,1032.0,1.786278057500703
2107,MLP,0.406,1032.0,1.786278057500703
2523,MLP,0.406,1032.0,1.786278057500703
743,MLP,0.405,1042.0,1.7818783578516866
803,MLP,0.405,1042.0,1.7818783578516866
1802,MLP,0.405,1042.0,1.7818783578516866
1218,MLP,0.404,1045.0,1.77747865820267
1699,MLP,0.404,1045.0,1.77747865820267
97,MLP,0.403,1047.0,1.7730789585536535
734,MLP,0.403,1047.0,1.7730789585536535
794,MLP,0.403,1047.0,1.7730789585536535
1112,MLP,0.403,1047.0,1.7730789585536535
1384,MLP,0.403,1047.0,1.7730789585536535
1789,MLP,0.403,1047.0,1.7730789585536535
2635,MLP,0.403,1047.0,1.7730789585536535
2759,MLP,0.403,1047.0,1.7730789585536535
909,MLP,0.402,1055.0,1.768679258904637
962,MLP,0.402,1055.0,1.768679258904637
1651,MLP,0.402,1055.0,1.768679258904637
1863,MLP,0.402,1055.0,1.768679258904637
29,MLP,0.401,1059.0,1.7642795592556204
423,MLP,0.401,1059.0,1.7642795592556204
536,MLP,0.401,1059.0,1.7642795592556204
937,MLP,0.401,1059.0,1.7642795592556204
1609,MLP,0.401,1059.0,1.7642795592556204
1933,MLP,0.401,1059.0,1.7642795592556204
2019,MLP,0.401,1059.0,1.7642795592556204
2338,MLP,0.401,1059.0,1.7642795592556204
2481,MLP,0.401,1059.0,1.7642795592556204
90,MLP,0.4,1068.0,1.7598798596066039
125,MLP,0.4,1068.0,1.7598798596066039
1032,MLP,0.4,1068.0,1.7598798596066039
2684,MLP,0.4,1068.0,1.7598798596066039
330,MLP,0.399,1072.0,1.7554801599575873
468,MLP,0.399,1072.0,1.7554801599575873
745,MLP,0.399,1072.0,1.7554801599575873
886,MLP,0.399,1072.0,1.7554801599575873
1522,MLP,0.399,1072.0,1.7554801599575873
2522,MLP,0.399,1072.0,1.7554801599575873
55,MLP,0.398,1078.0,1.7510804603085708
283,MLP,0.398,1078.0,1.7510804603085708
348,MLP,0.398,1078.0,1.7510804603085708
376,MLP,0.398,1078.0,1.7510804603085708
1534,MLP,0.398,1078.0,1.7510804603085708
1599,MLP,0.398,1078.0,1.7510804603085708
1829,MLP,0.398,1078.0,1.7510804603085708
2294,MLP,0.398,1078.0,1.7510804603085708
2354,MLP,0.398,1078.0,1.7510804603085708
2531,MLP,0.398,1078.0,1.7510804603085708
208,MLP,0.397,1088.0,1.7466807606595545
943,MLP,0.397,1088.0,1.7466807606595545
1869,MLP,0.397,1088.0,1.7466807606595545
1993,MLP,0.397,1088.0,1.7466807606595545
2014,MLP,0.397,1088.0,1.7466807606595545
2526,MLP,0.397,1088.0,1.7466807606595545
976,MLP,0.396,1094.0,1.742281061010538
1744,MLP,0.396,1094.0,1.742281061010538
1957,MLP,0.396,1094.0,1.742281061010538
349,MLP,0.395,1097.0,1.7378813613615214
705,MLP,0.395,1097.0,1.7378813613615214
1838,MLP,0.395,1097.0,1.7378813613615214
2480,MLP,0.395,1097.0,1.7378813613615214
2699,MLP,0.395,1097.0,1.7378813613615214
488,MLP,0.394,1102.0,1.7334816617125048
935,MLP,0.394,1102.0,1.7334816617125048
1175,MLP,0.394,1102.0,1.7334816617125048
2361,MLP,0.394,1102.0,1.7334816617125048
805,MLP,0.393,1106.0,1.7290819620634883
1347,MLP,0.393,1106.0,1.7290819620634883
2546,MLP,0.393,1106.0,1.7290819620634883
2639,MLP,0.393,1106.0,1.7290819620634883
164,MLP,0.392,1110.0,1.7246822624144718
478,MLP,0.392,1110.0,1.7246822624144718
1394,MLP,0.392,1110.0,1.7246822624144718
1544,MLP,0.392,1110.0,1.7246822624144718
2044,MLP,0.392,1110.0,1.7246822624144718
526,MLP,0.391,1115.0,1.7202825627654552
1482,MLP,0.391,1115.0,1.7202825627654552
1946,MLP,0.391,1115.0,1.7202825627654552
2206,MLP,0.391,1115.0,1.7202825627654552
2242,MLP,0.391,1115.0,1.7202825627654552
2386,MLP,0.391,1115.0,1.7202825627654552
2390,MLP,0.391,1115.0,1.7202825627654552
172,MLP,0.39,1122.0,1.715882863116439
333,MLP,0.39,1122.0,1.715882863116439
767,MLP,0.39,1122.0,1.715882863116439
1051,MLP,0.39,1122.0,1.715882863116439
1152,MLP,0.39,1122.0,1.715882863116439
1199,MLP,0.39,1122.0,1.715882863116439
1563,MLP,0.39,1122.0,1.715882863116439
413,MLP,0.389,1129.0,1.7114831634674224
613,MLP,0.389,1129.0,1.7114831634674224
637,MLP,0.389,1129.0,1.7114831634674224
2276,MLP,0.389,1129.0,1.7114831634674224
559,MLP,0.388,1133.0,1.7070834638184058
738,MLP,0.388,1133.0,1.7070834638184058
786,MLP,0.388,1133.0,1.7070834638184058
1794,MLP,0.388,1133.0,1.7070834638184058
1796,MLP,0.388,1133.0,1.7070834638184058
17,MLP,0.387,1138.0,1.7026837641693893
178,MLP,0.387,1138.0,1.7026837641693893
725,MLP,0.387,1138.0,1.7026837641693893
847,MLP,0.387,1138.0,1.7026837641693893
1510,MLP,0.387,1138.0,1.7026837641693893
1835,MLP,0.387,1138.0,1.7026837641693893
2079,MLP,0.387,1138.0,1.7026837641693893
169,MLP,0.386,1145.0,1.6982840645203727
755,MLP,0.386,1145.0,1.6982840645203727
1292,MLP,0.386,1145.0,1.6982840645203727
2021,MLP,0.386,1145.0,1.6982840645203727
2321,MLP,0.386,1145.0,1.6982840645203727
2431,MLP,0.386,1145.0,1.6982840645203727
2622,MLP,0.386,1145.0,1.6982840645203727
99,MLP,0.385,1152.0,1.6938843648713562
289,MLP,0.385,1152.0,1.6938843648713562
582,MLP,0.385,1152.0,1.6938843648713562
1153,MLP,0.385,1152.0,1.6938843648713562
234,MLP,0.384,1156.0,1.6894846652223396
1731,MLP,0.384,1156.0,1.6894846652223396
1806,MLP,0.384,1156.0,1.6894846652223396
2571,MLP,0.384,1156.0,1.6894846652223396
225,MLP,0.383,1160.0,1.685084965573323
432,MLP,0.383,1160.0,1.685084965573323
888,MLP,0.383,1160.0,1.685084965573323
1407,MLP,0.383,1160.0,1.685084965573323
1940,MLP,0.383,1160.0,1.685084965573323
2763,MLP,0.383,1160.0,1.685084965573323
198,MLP,0.382,1166.0,1.6806852659243068
709,MLP,0.382,1166.0,1.6806852659243068
752,MLP,0.382,1166.0,1.6806852659243068
1155,MLP,0.382,1166.0,1.6806852659243068
1378,MLP,0.382,1166.0,1.6806852659243068
2698,MLP,0.382,1166.0,1.6806852659243068
509,MLP,0.381,1172.0,1.6762855662752902
684,MLP,0.381,1172.0,1.6762855662752902
1456,MLP,0.381,1172.0,1.6762855662752902
1955,MLP,0.381,1172.0,1.6762855662752902
2082,MLP,0.381,1172.0,1.6762855662752902
578,MLP,0.38,1177.0,1.6718858666262737
2420,MLP,0.38,1177.0,1.6718858666262737
2439,MLP,0.38,1177.0,1.6718858666262737
61,MLP,0.379,1180.0,1.6674861669772572
271,MLP,0.379,1180.0,1.6674861669772572
483,MLP,0.379,1180.0,1.6674861669772572
629,MLP,0.379,1180.0,1.6674861669772572
957,MLP,0.379,1180.0,1.6674861669772572
1613,MLP,0.379,1180.0,1.6674861669772572
2286,MLP,0.379,1180.0,1.6674861669772572
338,MLP,0.378,1187.0,1.6630864673282406
535,MLP,0.378,1187.0,1.6630864673282406
583,MLP,0.378,1187.0,1.6630864673282406
1554,MLP,0.378,1187.0,1.6630864673282406
1875,MLP,0.378,1187.0,1.6630864673282406
275,MLP,0.377,1192.0,1.658686767679224
337,MLP,0.377,1192.0,1.658686767679224
395,MLP,0.377,1192.0,1.658686767679224
2078,MLP,0.377,1192.0,1.658686767679224
2452,MLP,0.377,1192.0,1.658686767679224
2674,MLP,0.377,1192.0,1.658686767679224
859,MLP,0.376,1198.0,1.6542870680302075
924,MLP,0.376,1198.0,1.6542870680302075
1108,MLP,0.376,1198.0,1.6542870680302075
1275,MLP,0.376,1198.0,1.6542870680302075
1417,MLP,0.376,1198.0,1.6542870680302075
1451,MLP,0.376,1198.0,1.6542870680302075
2279,MLP,0.376,1198.0,1.6542870680302075
43,MLP,0.375,1205.0,1.649887368381191
175,MLP,0.375,1205.0,1.649887368381191
1333,MLP,0.375,1205.0,1.649887368381191
1691,MLP,0.375,1205.0,1.649887368381191
2245,MLP,0.375,1205.0,1.649887368381191
250,MLP,0.374,1210.0,1.6454876687321747
344,MLP,0.374,1210.0,1.6454876687321747
666,MLP,0.374,1210.0,1.6454876687321747
1567,MLP,0.374,1210.0,1.6454876687321747
1782,MLP,0.374,1210.0,1.6454876687321747
1834,MLP,0.374,1210.0,1.6454876687321747
327,MLP,0.373,1216.0,1.6410879690831581
1329,MLP,0.373,1216.0,1.6410879690831581
2229,MLP,0.373,1216.0,1.6410879690831581
2247,MLP,0.373,1216.0,1.6410879690831581
2573,MLP,0.373,1216.0,1.6410879690831581
445,MLP,0.372,1221.0,1.6366882694341416
766,MLP,0.372,1221.0,1.6366882694341416
1342,MLP,0.372,1221.0,1.6366882694341416
2034,MLP,0.372,1221.0,1.6366882694341416
2100,MLP,0.372,1221.0,1.6366882694341416
2485,MLP,0.372,1221.0,1.6366882694341416
2568,MLP,0.372,1221.0,1.6366882694341416
9,MLP,0.371,1228.0,1.632288569785125
223,MLP,0.371,1228.0,1.632288569785125
365,MLP,0.371,1228.0,1.632288569785125
1059,MLP,0.371,1228.0,1.632288569785125
1612,MLP,0.371,1228.0,1.632288569785125
2065,MLP,0.371,1228.0,1.632288569785125
2627,MLP,0.371,1228.0,1.632288569785125
1981,MLP,0.37,1235.0,1.6278888701361085
2187,MLP,0.37,1235.0,1.6278888701361085
2403,MLP,0.37,1235.0,1.6278888701361085
2425,MLP,0.37,1235.0,1.6278888701361085
2594,MLP,0.37,1235.0,1.6278888701361085
112,MLP,0.369,1240.0,1.623489170487092
605,MLP,0.369,1240.0,1.623489170487092
952,MLP,0.369,1240.0,1.623489170487092
1021,MLP,0.369,1240.0,1.623489170487092
1124,MLP,0.369,1240.0,1.623489170487092
1631,MLP,0.369,1240.0,1.623489170487092
2119,MLP,0.369,1240.0,1.623489170487092
2216,MLP,0.369,1240.0,1.623489170487092
2289,MLP,0.369,1240.0,1.623489170487092
24,MLP,0.368,1249.0,1.6190894708380754
603,MLP,0.368,1249.0,1.6190894708380754
625,MLP,0.368,1249.0,1.6190894708380754
689,MLP,0.368,1249.0,1.6190894708380754
710,MLP,0.368,1249.0,1.6190894708380754
1035,MLP,0.368,1249.0,1.6190894708380754
1338,MLP,0.368,1249.0,1.6190894708380754
2658,MLP,0.368,1249.0,1.6190894708380754
71,MLP,0.367,1257.0,1.6146897711890589
205,MLP,0.367,1257.0,1.6146897711890589
412,MLP,0.367,1257.0,1.6146897711890589
481,MLP,0.367,1257.0,1.6146897711890589
564,MLP,0.367,1257.0,1.6146897711890589
744,MLP,0.367,1257.0,1.6146897711890589
934,MLP,0.367,1257.0,1.6146897711890589
1408,MLP,0.367,1257.0,1.6146897711890589
1736,MLP,0.367,1257.0,1.6146897711890589
1962,MLP,0.367,1257.0,1.6146897711890589
2415,MLP,0.367,1257.0,1.6146897711890589
2435,MLP,0.367,1257.0,1.6146897711890589
2554,MLP,0.367,1257.0,1.6146897711890589
506,MLP,0.366,1270.0,1.6102900715400426
897,MLP,0.366,1270.0,1.6102900715400426
1215,MLP,0.366,1270.0,1.6102900715400426
1240,MLP,0.366,1270.0,1.6102900715400426
2519,MLP,0.366,1270.0,1.6102900715400426
124,MLP,0.365,1275.0,1.605890371891026
204,MLP,0.365,1275.0,1.605890371891026
545,MLP,0.365,1275.0,1.605890371891026
1281,MLP,0.365,1275.0,1.605890371891026
1380,MLP,0.365,1275.0,1.605890371891026
1491,MLP,0.365,1275.0,1.605890371891026
1707,MLP,0.365,1275.0,1.605890371891026
2028,MLP,0.365,1275.0,1.605890371891026
2237,MLP,0.365,1275.0,1.605890371891026
2312,MLP,0.365,1275.0,1.605890371891026
2642,MLP,0.365,1275.0,1.605890371891026
2702,MLP,0.365,1275.0,1.605890371891026
669,MLP,0.364,1287.0,1.6014906722420095
718,MLP,0.364,1287.0,1.6014906722420095
893,MLP,0.364,1287.0,1.6014906722420095
1100,MLP,0.364,1287.0,1.6014906722420095
1239,MLP,0.364,1287.0,1.6014906722420095
1261,MLP,0.364,1287.0,1.6014906722420095
1402,MLP,0.364,1287.0,1.6014906722420095
1985,MLP,0.364,1287.0,1.6014906722420095
2233,MLP,0.364,1287.0,1.6014906722420095
2553,MLP,0.364,1287.0,1.6014906722420095
2695,MLP,0.364,1287.0,1.6014906722420095
568,MLP,0.363,1298.0,1.597090972592993
1971,MLP,0.363,1298.0,1.597090972592993
2108,MLP,0.363,1298.0,1.597090972592993
2141,MLP,0.363,1298.0,1.597090972592993
2488,MLP,0.363,1298.0,1.597090972592993
6,MLP,0.362,1303.0,1.5926912729439764
153,MLP,0.362,1303.0,1.5926912729439764
416,MLP,0.362,1303.0,1.5926912729439764
534,MLP,0.362,1303.0,1.5926912729439764
832,MLP,0.362,1303.0,1.5926912729439764
1506,MLP,0.362,1303.0,1.5926912729439764
1511,MLP,0.362,1303.0,1.5926912729439764
2251,MLP,0.362,1303.0,1.5926912729439764
319,MLP,0.361,1311.0,1.5882915732949598
1007,MLP,0.361,1311.0,1.5882915732949598
1397,MLP,0.361,1311.0,1.5882915732949598
2137,MLP,0.361,1311.0,1.5882915732949598
2528,MLP,0.361,1311.0,1.5882915732949598
394,MLP,0.36,1316.0,1.5838918736459433
747,MLP,0.36,1316.0,1.5838918736459433
1472,MLP,0.36,1316.0,1.5838918736459433
1965,MLP,0.36,1316.0,1.5838918736459433
2020,MLP,0.36,1316.0,1.5838918736459433
236,MLP,0.359,1321.0,1.5794921739969268
682,MLP,0.359,1321.0,1.5794921739969268
822,MLP,0.359,1321.0,1.5794921739969268
1081,MLP,0.359,1321.0,1.5794921739969268
1128,MLP,0.359,1321.0,1.5794921739969268
1214,MLP,0.359,1321.0,1.5794921739969268
1705,MLP,0.359,1321.0,1.5794921739969268
2151,MLP,0.359,1321.0,1.5794921739969268
2153,MLP,0.359,1321.0,1.5794921739969268
2176,MLP,0.359,1321.0,1.5794921739969268
2181,MLP,0.359,1321.0,1.5794921739969268
2623,MLP,0.359,1321.0,1.5794921739969268
18,MLP,0.358,1333.0,1.5750924743479104
221,MLP,0.358,1333.0,1.5750924743479104
342,MLP,0.358,1333.0,1.5750924743479104
702,MLP,0.358,1333.0,1.5750924743479104
1056,MLP,0.358,1333.0,1.5750924743479104
1341,MLP,0.358,1333.0,1.5750924743479104
76,MLP,0.357,1339.0,1.570692774698894
91,MLP,0.357,1339.0,1.570692774698894
458,MLP,0.357,1339.0,1.570692774698894
846,MLP,0.357,1339.0,1.570692774698894
37,MLP,0.356,1343.0,1.5662930750498774
217,MLP,0.356,1343.0,1.5662930750498774
523,MLP,0.356,1343.0,1.5662930750498774
966,MLP,0.356,1343.0,1.5662930750498774
1194,MLP,0.356,1343.0,1.5662930750498774
1219,MLP,0.356,1343.0,1.5662930750498774
1440,MLP,0.356,1343.0,1.5662930750498774
2683,MLP,0.356,1343.0,1.5662930750498774
303,MLP,0.355,1351.0,1.5618933754008608
649,MLP,0.355,1351.0,1.5618933754008608
853,MLP,0.355,1351.0,1.5618933754008608
1014,MLP,0.355,1351.0,1.5618933754008608
1079,MLP,0.355,1351.0,1.5618933754008608
1253,MLP,0.355,1351.0,1.5618933754008608
1996,MLP,0.355,1351.0,1.5618933754008608
2205,MLP,0.355,1351.0,1.5618933754008608
2355,MLP,0.355,1351.0,1.5618933754008608
2649,MLP,0.355,1351.0,1.5618933754008608
739,MLP,0.354,1361.0,1.5574936757518443
1268,MLP,0.354,1361.0,1.5574936757518443
1447,MLP,0.354,1361.0,1.5574936757518443
1478,MLP,0.354,1361.0,1.5574936757518443
555,MLP,0.353,1365.0,1.5530939761028277
598,MLP,0.353,1365.0,1.5530939761028277
1098,MLP,0.353,1365.0,1.5530939761028277
1200,MLP,0.353,1365.0,1.5530939761028277
1301,MLP,0.353,1365.0,1.5530939761028277
1866,MLP,0.353,1365.0,1.5530939761028277
2457,MLP,0.353,1365.0,1.5530939761028277
2670,MLP,0.353,1365.0,1.5530939761028277
224,MLP,0.352,1373.0,1.5486942764538112
1076,MLP,0.352,1373.0,1.5486942764538112
1508,MLP,0.352,1373.0,1.5486942764538112
2039,MLP,0.352,1373.0,1.5486942764538112
2175,MLP,0.352,1373.0,1.5486942764538112
2491,MLP,0.352,1373.0,1.5486942764538112
2588,MLP,0.352,1373.0,1.5486942764538112
2773,MLP,0.352,1373.0,1.5486942764538112
138,MLP,0.351,1381.0,1.5442945768047946
272,MLP,0.351,1381.0,1.5442945768047946
857,MLP,0.351,1381.0,1.5442945768047946
1323,MLP,0.351,1381.0,1.5442945768047946
1582,MLP,0.351,1381.0,1.5442945768047946
1720,MLP,0.351,1381.0,1.5442945768047946
2330,MLP,0.351,1381.0,1.5442945768047946
2590,MLP,0.351,1381.0,1.5442945768047946
594,MLP,0.35,1389.0,1.5398948771557783
640,MLP,0.35,1389.0,1.5398948771557783
1290,MLP,0.35,1389.0,1.5398948771557783
1728,MLP,0.35,1389.0,1.5398948771557783
2131,MLP,0.35,1389.0,1.5398948771557783
2184,MLP,0.35,1389.0,1.5398948771557783
2222,MLP,0.35,1389.0,1.5398948771557783
537,MLP,0.349,1396.0,1.5354951775067618
591,MLP,0.349,1396.0,1.5354951775067618
2291,MLP,0.349,1396.0,1.5354951775067618
362,MLP,0.348,1399.0,1.5310954778577452
399,MLP,0.348,1399.0,1.5310954778577452
400,MLP,0.348,1399.0,1.5310954778577452
971,MLP,0.348,1399.0,1.5310954778577452
1138,MLP,0.348,1399.0,1.5310954778577452
1283,MLP,0.348,1399.0,1.5310954778577452
1921,MLP,0.348,1399.0,1.5310954778577452
2591,MLP,0.348,1399.0,1.5310954778577452
525,MLP,0.347,1407.0,1.5266957782087287
703,MLP,0.347,1407.0,1.5266957782087287
741,MLP,0.347,1407.0,1.5266957782087287
1877,MLP,0.347,1407.0,1.5266957782087287
2337,MLP,0.347,1407.0,1.5266957782087287
2405,MLP,0.347,1407.0,1.5266957782087287
2748,MLP,0.347,1407.0,1.5266957782087287
768,MLP,0.346,1414.0,1.5222960785597122
835,MLP,0.346,1414.0,1.5222960785597122
1768,MLP,0.346,1414.0,1.5222960785597122
1843,MLP,0.346,1414.0,1.5222960785597122
1897,MLP,0.346,1414.0,1.5222960785597122
541,MLP,0.345,1419.0,1.5178963789106956
575,MLP,0.345,1419.0,1.5178963789106956
701,MLP,0.345,1419.0,1.5178963789106956
799,MLP,0.345,1419.0,1.5178963789106956
945,MLP,0.345,1419.0,1.5178963789106956
1706,MLP,0.345,1419.0,1.5178963789106956
1784,MLP,0.345,1419.0,1.5178963789106956
2533,MLP,0.345,1419.0,1.5178963789106956
2615,MLP,0.345,1419.0,1.5178963789106956
263,MLP,0.344,1428.0,1.513496679261679
426,MLP,0.344,1428.0,1.513496679261679
533,MLP,0.344,1428.0,1.513496679261679
574,MLP,0.344,1428.0,1.513496679261679
622,MLP,0.344,1428.0,1.513496679261679
1401,MLP,0.344,1428.0,1.513496679261679
1455,MLP,0.344,1428.0,1.513496679261679
1489,MLP,0.344,1428.0,1.513496679261679
1546,MLP,0.344,1428.0,1.513496679261679
1620,MLP,0.344,1428.0,1.513496679261679
3,MLP,0.343,1438.0,1.509096979612663
1970,MLP,0.343,1438.0,1.509096979612663
2691,MLP,0.343,1438.0,1.509096979612663
202,MLP,0.342,1441.0,1.5046972799636464
352,MLP,0.342,1441.0,1.5046972799636464
772,MLP,0.342,1441.0,1.5046972799636464
1201,MLP,0.342,1441.0,1.5046972799636464
1,MLP,0.341,1445.0,1.50029758031463
45,MLP,0.341,1445.0,1.50029758031463
98,MLP,0.341,1445.0,1.50029758031463
340,MLP,0.341,1445.0,1.50029758031463
1055,MLP,0.341,1445.0,1.50029758031463
1237,MLP,0.341,1445.0,1.50029758031463
2178,MLP,0.341,1445.0,1.50029758031463
2296,MLP,0.341,1445.0,1.50029758031463
2341,MLP,0.341,1445.0,1.50029758031463
80,MLP,0.34,1454.0,1.4958978806656134
415,MLP,0.34,1454.0,1.4958978806656134
592,MLP,0.34,1454.0,1.4958978806656134
676,MLP,0.34,1454.0,1.4958978806656134
783,MLP,0.34,1454.0,1.4958978806656134
1425,MLP,0.34,1454.0,1.4958978806656134
1593,MLP,0.34,1454.0,1.4958978806656134
2243,MLP,0.34,1454.0,1.4958978806656134
2512,MLP,0.34,1454.0,1.4958978806656134
388,MLP,0.339,1463.0,1.4914981810165968
712,MLP,0.339,1463.0,1.4914981810165968
1089,MLP,0.339,1463.0,1.4914981810165968
1352,MLP,0.339,1463.0,1.4914981810165968
1659,MLP,0.339,1463.0,1.4914981810165968
1722,MLP,0.339,1463.0,1.4914981810165968
2678,MLP,0.339,1463.0,1.4914981810165968
298,MLP,0.338,1470.0,1.4870984813675803
790,MLP,0.338,1470.0,1.4870984813675803
1043,MLP,0.338,1470.0,1.4870984813675803
1266,MLP,0.338,1470.0,1.4870984813675803
1564,MLP,0.338,1470.0,1.4870984813675803
1634,MLP,0.338,1470.0,1.4870984813675803
1762,MLP,0.338,1470.0,1.4870984813675803
2148,MLP,0.338,1470.0,1.4870984813675803
2448,MLP,0.338,1470.0,1.4870984813675803
77,MLP,0.337,1479.0,1.4826987817185637
366,MLP,0.337,1479.0,1.4826987817185637
809,MLP,0.337,1479.0,1.4826987817185637
883,MLP,0.337,1479.0,1.4826987817185637
1173,MLP,0.337,1479.0,1.4826987817185637
1673,MLP,0.337,1479.0,1.4826987817185637
2049,MLP,0.337,1479.0,1.4826987817185637
2365,MLP,0.337,1479.0,1.4826987817185637
2408,MLP,0.337,1479.0,1.4826987817185637
2472,MLP,0.337,1479.0,1.4826987817185637
2646,MLP,0.337,1479.0,1.4826987817185637
2778,MLP,0.337,1479.0,1.4826987817185637
728,MLP,0.336,1491.0,1.4782990820695474
811,MLP,0.336,1491.0,1.4782990820695474
986,MLP,0.336,1491.0,1.4782990820695474
1205,MLP,0.336,1491.0,1.4782990820695474
1486,MLP,0.336,1491.0,1.4782990820695474
1570,MLP,0.336,1491.0,1.4782990820695474
1990,MLP,0.336,1491.0,1.4782990820695474
2265,MLP,0.336,1491.0,1.4782990820695474
2496,MLP,0.336,1491.0,1.4782990820695474
661,MLP,0.335,1500.0,1.4738993824205309
1533,MLP,0.335,1500.0,1.4738993824205309
23,MLP,0.334,1502.0,1.4694996827715143
436,MLP,0.334,1502.0,1.4694996827715143
1045,MLP,0.334,1502.0,1.4694996827715143
1959,MLP,0.334,1502.0,1.4694996827715143
2346,MLP,0.334,1502.0,1.4694996827715143
2775,MLP,0.334,1502.0,1.4694996827715143
95,MLP,0.333,1508.0,1.4650999831224978
1120,MLP,0.333,1508.0,1.4650999831224978
2045,MLP,0.333,1508.0,1.4650999831224978
2068,MLP,0.333,1508.0,1.4650999831224978
2150,MLP,0.333,1508.0,1.4650999831224978
690,MLP,0.332,1513.0,1.4607002834734812
1441,MLP,0.332,1513.0,1.4607002834734812
1504,MLP,0.332,1513.0,1.4607002834734812
1574,MLP,0.332,1513.0,1.4607002834734812
1867,MLP,0.332,1513.0,1.4607002834734812
1907,MLP,0.332,1513.0,1.4607002834734812
2539,MLP,0.332,1513.0,1.4607002834734812
792,MLP,0.331,1520.0,1.4563005838244647
1188,MLP,0.331,1520.0,1.4563005838244647
1635,MLP,0.331,1520.0,1.4563005838244647
1665,MLP,0.331,1520.0,1.4563005838244647
1839,MLP,0.331,1520.0,1.4563005838244647
1854,MLP,0.331,1520.0,1.4563005838244647
2074,MLP,0.331,1520.0,1.4563005838244647
2075,MLP,0.331,1520.0,1.4563005838244647
2377,MLP,0.331,1520.0,1.4563005838244647
2412,MLP,0.331,1520.0,1.4563005838244647
490,MLP,0.33,1530.0,1.4519008841754482
2058,MLP,0.33,1530.0,1.4519008841754482
2371,MLP,0.33,1530.0,1.4519008841754482
2471,MLP,0.33,1530.0,1.4519008841754482
2760,MLP,0.33,1530.0,1.4519008841754482
113,MLP,0.329,1535.0,1.4475011845264316
213,MLP,0.329,1535.0,1.4475011845264316
1231,MLP,0.329,1535.0,1.4475011845264316
1420,MLP,0.329,1535.0,1.4475011845264316
1474,MLP,0.329,1535.0,1.4475011845264316
1926,MLP,0.329,1535.0,1.4475011845264316
2096,MLP,0.329,1535.0,1.4475011845264316
2282,MLP,0.329,1535.0,1.4475011845264316
40,MLP,0.328,1543.0,1.4431014848774153
185,MLP,0.328,1543.0,1.4431014848774153
580,MLP,0.328,1543.0,1.4431014848774153
1895,MLP,0.328,1543.0,1.4431014848774153
1904,MLP,0.328,1543.0,1.4431014848774153
2025,MLP,0.328,1543.0,1.4431014848774153
2043,MLP,0.328,1543.0,1.4431014848774153
2088,MLP,0.328,1543.0,1.4431014848774153
2182,MLP,0.328,1543.0,1.4431014848774153
2556,MLP,0.328,1543.0,1.4431014848774153
2614,MLP,0.328,1543.0,1.4431014848774153
64,MLP,0.327,1554.0,1.4387017852283988
733,MLP,0.327,1554.0,1.4387017852283988
908,MLP,0.327,1554.0,1.4387017852283988
1309,MLP,0.327,1554.0,1.4387017852283988
1531,MLP,0.327,1554.0,1.4387017852283988
1618,MLP,0.327,1554.0,1.4387017852283988
2256,MLP,0.327,1554.0,1.4387017852283988
2396,MLP,0.327,1554.0,1.4387017852283988
2743,MLP,0.327,1554.0,1.4387017852283988
201,MLP,0.326,1563.0,1.4343020855793822
473,MLP,0.326,1563.0,1.4343020855793822
954,MLP,0.326,1563.0,1.4343020855793822
1123,MLP,0.326,1563.0,1.4343020855793822
1246,MLP,0.326,1563.0,1.4343020855793822
1721,MLP,0.326,1563.0,1.4343020855793822
1876,MLP,0.326,1563.0,1.4343020855793822
2102,MLP,0.326,1563.0,1.4343020855793822
2358,MLP,0.326,1563.0,1.4343020855793822
2370,MLP,0.326,1563.0,1.4343020855793822
2530,MLP,0.326,1563.0,1.4343020855793822
2543,MLP,0.326,1563.0,1.4343020855793822
2597,MLP,0.326,1563.0,1.4343020855793822
2636,MLP,0.326,1563.0,1.4343020855793822
450,MLP,0.325,1577.0,1.4299023859303657
795,MLP,0.325,1577.0,1.4299023859303657
111,MLP,0.324,1579.0,1.4255026862813491
422,MLP,0.324,1579.0,1.4255026862813491
597,MLP,0.324,1579.0,1.4255026862813491
716,MLP,0.324,1579.0,1.4255026862813491
963,MLP,0.324,1579.0,1.4255026862813491
1494,MLP,0.324,1579.0,1.4255026862813491
1581,MLP,0.324,1579.0,1.4255026862813491
2262,MLP,0.324,1579.0,1.4255026862813491
2397,MLP,0.324,1579.0,1.4255026862813491
447,MLP,0.323,1588.0,1.4211029866323326
1547,MLP,0.323,1588.0,1.4211029866323326
1630,MLP,0.323,1588.0,1.4211029866323326
2000,MLP,0.323,1588.0,1.4211029866323326
2035,MLP,0.323,1588.0,1.4211029866323326
2236,MLP,0.323,1588.0,1.4211029866323326
2745,MLP,0.323,1588.0,1.4211029866323326
114,MLP,0.322,1595.0,1.416703286983316
126,MLP,0.322,1595.0,1.416703286983316
401,MLP,0.322,1595.0,1.416703286983316
433,MLP,0.322,1595.0,1.416703286983316
670,MLP,0.322,1595.0,1.416703286983316
742,MLP,0.322,1595.0,1.416703286983316
1005,MLP,0.322,1595.0,1.416703286983316
1068,MLP,0.322,1595.0,1.416703286983316
1133,MLP,0.322,1595.0,1.416703286983316
1653,MLP,0.322,1595.0,1.416703286983316
549,MLP,0.321,1605.0,1.4123035873342995
686,MLP,0.321,1605.0,1.4123035873342995
1102,MLP,0.321,1605.0,1.4123035873342995
1257,MLP,0.321,1605.0,1.4123035873342995
1269,MLP,0.321,1605.0,1.4123035873342995
1698,MLP,0.321,1605.0,1.4123035873342995
1792,MLP,0.321,1605.0,1.4123035873342995
2135,MLP,0.321,1605.0,1.4123035873342995
2629,MLP,0.321,1605.0,1.4123035873342995
1430,MLP,0.32,1614.0,1.4079038876852832
2138,MLP,0.32,1614.0,1.4079038876852832
2194,MLP,0.32,1614.0,1.4079038876852832
2214,MLP,0.32,1614.0,1.4079038876852832
2335,MLP,0.32,1614.0,1.4079038876852832
19,MLP,0.319,1619.0,1.4035041880362666
1317,MLP,0.319,1619.0,1.4035041880362666
1766,MLP,0.319,1619.0,1.4035041880362666
647,MLP,0.318,1622.0,1.39910448838725
819,MLP,0.318,1622.0,1.39910448838725
855,MLP,0.318,1622.0,1.39910448838725
1421,MLP,0.318,1622.0,1.39910448838725
466,MLP,0.317,1626.0,1.3947047887382336
683,MLP,0.317,1626.0,1.3947047887382336
871,MLP,0.317,1626.0,1.3947047887382336
1046,MLP,0.317,1626.0,1.3947047887382336
2120,MLP,0.317,1626.0,1.3947047887382336
2712,MLP,0.317,1626.0,1.3947047887382336
219,MLP,0.316,1632.0,1.390305089089217
341,MLP,0.316,1632.0,1.390305089089217
895,MLP,0.316,1632.0,1.390305089089217
1589,MLP,0.316,1632.0,1.390305089089217
2221,MLP,0.316,1632.0,1.390305089089217
2650,MLP,0.316,1632.0,1.390305089089217
66,MLP,0.315,1638.0,1.3859053894402005
171,MLP,0.315,1638.0,1.3859053894402005
246,MLP,0.315,1638.0,1.3859053894402005
685,MLP,0.315,1638.0,1.3859053894402005
989,MLP,0.315,1638.0,1.3859053894402005
1191,MLP,0.315,1638.0,1.3859053894402005
1701,MLP,0.315,1638.0,1.3859053894402005
1734,MLP,0.315,1638.0,1.3859053894402005
1976,MLP,0.315,1638.0,1.3859053894402005
2006,MLP,0.315,1638.0,1.3859053894402005
2655,MLP,0.315,1638.0,1.3859053894402005
58,MLP,0.314,1649.0,1.381505689791184
396,MLP,0.314,1649.0,1.381505689791184
1013,MLP,0.314,1649.0,1.381505689791184
1222,MLP,0.314,1649.0,1.381505689791184
1545,MLP,0.314,1649.0,1.381505689791184
1759,MLP,0.314,1649.0,1.381505689791184
1761,MLP,0.314,1649.0,1.381505689791184
2223,MLP,0.314,1649.0,1.381505689791184
2406,MLP,0.314,1649.0,1.381505689791184
407,MLP,0.313,1658.0,1.3771059901421674
553,MLP,0.313,1658.0,1.3771059901421674
660,MLP,0.313,1658.0,1.3771059901421674
691,MLP,0.313,1658.0,1.3771059901421674
914,MLP,0.313,1658.0,1.3771059901421674
1071,MLP,0.313,1658.0,1.3771059901421674
1241,MLP,0.313,1658.0,1.3771059901421674
1334,MLP,0.313,1658.0,1.3771059901421674
1389,MLP,0.313,1658.0,1.3771059901421674
616,MLP,0.312,1667.0,1.372706290493151
704,MLP,0.312,1667.0,1.372706290493151
953,MLP,0.312,1667.0,1.372706290493151
1978,MLP,0.312,1667.0,1.372706290493151
2302,MLP,0.312,1667.0,1.372706290493151
2311,MLP,0.312,1667.0,1.372706290493151
618,MLP,0.311,1673.0,1.3683065908441345
869,MLP,0.311,1673.0,1.3683065908441345
1069,MLP,0.311,1673.0,1.3683065908441345
1074,MLP,0.311,1673.0,1.3683065908441345
1132,MLP,0.311,1673.0,1.3683065908441345
1179,MLP,0.311,1673.0,1.3683065908441345
1367,MLP,0.311,1673.0,1.3683065908441345
1654,MLP,0.311,1673.0,1.3683065908441345
279,MLP,0.31,1681.0,1.363906891195118
633,MLP,0.31,1681.0,1.363906891195118
770,MLP,0.31,1681.0,1.363906891195118
892,MLP,0.31,1681.0,1.363906891195118
916,MLP,0.31,1681.0,1.363906891195118
1078,MLP,0.31,1681.0,1.363906891195118
1339,MLP,0.31,1681.0,1.363906891195118
1433,MLP,0.31,1681.0,1.363906891195118
1629,MLP,0.31,1681.0,1.363906891195118
1964,MLP,0.31,1681.0,1.363906891195118
115,MLP,0.309,1691.0,1.3595071915461014
820,MLP,0.309,1691.0,1.3595071915461014
867,MLP,0.309,1691.0,1.3595071915461014
1325,MLP,0.309,1691.0,1.3595071915461014
2069,MLP,0.309,1691.0,1.3595071915461014
2625,MLP,0.309,1691.0,1.3595071915461014
4,MLP,0.308,1697.0,1.355107491897085
256,MLP,0.308,1697.0,1.355107491897085
471,MLP,0.308,1697.0,1.355107491897085
1454,MLP,0.308,1697.0,1.355107491897085
2024,MLP,0.308,1697.0,1.355107491897085
2569,MLP,0.308,1697.0,1.355107491897085
2755,MLP,0.308,1697.0,1.355107491897085
311,MLP,0.307,1704.0,1.3507077922480684
492,MLP,0.307,1704.0,1.3507077922480684
754,MLP,0.307,1704.0,1.3507077922480684
784,MLP,0.307,1704.0,1.3507077922480684
1157,MLP,0.307,1704.0,1.3507077922480684
1458,MLP,0.307,1704.0,1.3507077922480684
1477,MLP,0.307,1704.0,1.3507077922480684
2018,MLP,0.307,1704.0,1.3507077922480684
41,MLP,0.306,1712.0,1.3463080925990518
235,MLP,0.306,1712.0,1.3463080925990518
615,MLP,0.306,1712.0,1.3463080925990518
1409,MLP,0.306,1712.0,1.3463080925990518
1452,MLP,0.306,1712.0,1.3463080925990518
2562,MLP,0.306,1712.0,1.3463080925990518
503,MLP,0.305,1718.0,1.3419083929500353
514,MLP,0.305,1718.0,1.3419083929500353
585,MLP,0.305,1718.0,1.3419083929500353
839,MLP,0.305,1718.0,1.3419083929500353
1977,MLP,0.305,1718.0,1.3419083929500353
2254,MLP,0.305,1718.0,1.3419083929500353
2720,MLP,0.305,1718.0,1.3419083929500353
47,MLP,0.304,1725.0,1.337508693301019
540,MLP,0.304,1725.0,1.337508693301019
560,MLP,0.304,1725.0,1.337508693301019
610,MLP,0.304,1725.0,1.337508693301019
665,MLP,0.304,1725.0,1.337508693301019
1039,MLP,0.304,1725.0,1.337508693301019
1202,MLP,0.304,1725.0,1.337508693301019
1591,MLP,0.304,1725.0,1.337508693301019
1695,MLP,0.304,1725.0,1.337508693301019
1813,MLP,0.304,1725.0,1.337508693301019
2473,MLP,0.304,1725.0,1.337508693301019
2574,MLP,0.304,1725.0,1.337508693301019
773,MLP,0.303,1737.0,1.3331089936520024
990,MLP,0.303,1737.0,1.3331089936520024
1368,MLP,0.303,1737.0,1.3331089936520024
1405,MLP,0.303,1737.0,1.3331089936520024
1684,MLP,0.303,1737.0,1.3331089936520024
1887,MLP,0.303,1737.0,1.3331089936520024
1937,MLP,0.303,1737.0,1.3331089936520024
2142,MLP,0.303,1737.0,1.3331089936520024
2479,MLP,0.303,1737.0,1.3331089936520024
706,MLP,0.302,1746.0,1.3287092940029859
756,MLP,0.302,1746.0,1.3287092940029859
866,MLP,0.302,1746.0,1.3287092940029859
1137,MLP,0.302,1746.0,1.3287092940029859
1176,MLP,0.302,1746.0,1.3287092940029859
1280,MLP,0.302,1746.0,1.3287092940029859
1710,MLP,0.302,1746.0,1.3287092940029859
1950,MLP,0.302,1746.0,1.3287092940029859
2048,MLP,0.302,1746.0,1.3287092940029859
2180,MLP,0.302,1746.0,1.3287092940029859
2700,MLP,0.302,1746.0,1.3287092940029859
56,MLP,0.301,1757.0,1.3243095943539693
824,MLP,0.301,1757.0,1.3243095943539693
1058,MLP,0.301,1757.0,1.3243095943539693
1082,MLP,0.301,1757.0,1.3243095943539693
1154,MLP,0.301,1757.0,1.3243095943539693
1571,MLP,0.301,1757.0,1.3243095943539693
1973,MLP,0.301,1757.0,1.3243095943539693
969,MLP,0.3,1764.0,1.3199098947049528
1265,MLP,0.3,1764.0,1.3199098947049528
1330,MLP,0.3,1764.0,1.3199098947049528
1457,MLP,0.3,1764.0,1.3199098947049528
1767,MLP,0.3,1764.0,1.3199098947049528
1790,MLP,0.3,1764.0,1.3199098947049528
1908,MLP,0.3,1764.0,1.3199098947049528
2483,MLP,0.3,1764.0,1.3199098947049528
2575,MLP,0.3,1764.0,1.3199098947049528
2728,MLP,0.3,1764.0,1.3199098947049528
2769,MLP,0.3,1764.0,1.3199098947049528
135,MLP,0.299,1775.0,1.3155101950559362
619,MLP,0.299,1775.0,1.3155101950559362
750,MLP,0.299,1775.0,1.3155101950559362
1195,MLP,0.299,1775.0,1.3155101950559362
1208,MLP,0.299,1775.0,1.3155101950559362
1519,MLP,0.299,1775.0,1.3155101950559362
1562,MLP,0.299,1775.0,1.3155101950559362
1822,MLP,0.299,1775.0,1.3155101950559362
1880,MLP,0.299,1775.0,1.3155101950559362
1982,MLP,0.299,1775.0,1.3155101950559362
2360,MLP,0.299,1775.0,1.3155101950559362
2692,MLP,0.299,1775.0,1.3155101950559362
14,MLP,0.298,1787.0,1.3111104954069197
89,MLP,0.298,1787.0,1.3111104954069197
267,MLP,0.298,1787.0,1.3111104954069197
617,MLP,0.298,1787.0,1.3111104954069197
1211,MLP,0.298,1787.0,1.3111104954069197
1444,MLP,0.298,1787.0,1.3111104954069197
1483,MLP,0.298,1787.0,1.3111104954069197
1643,MLP,0.298,1787.0,1.3111104954069197
1852,MLP,0.298,1787.0,1.3111104954069197
1891,MLP,0.298,1787.0,1.3111104954069197
2003,MLP,0.298,1787.0,1.3111104954069197
2218,MLP,0.298,1787.0,1.3111104954069197
2468,MLP,0.298,1787.0,1.3111104954069197
357,MLP,0.297,1800.0,1.3067107957579034
508,MLP,0.297,1800.0,1.3067107957579034
1047,MLP,0.297,1800.0,1.3067107957579034
1164,MLP,0.297,1800.0,1.3067107957579034
1181,MLP,0.297,1800.0,1.3067107957579034
1260,MLP,0.297,1800.0,1.3067107957579034
1403,MLP,0.297,1800.0,1.3067107957579034
1925,MLP,0.297,1800.0,1.3067107957579034
759,MLP,0.296,1808.0,1.3023110961088868
787,MLP,0.296,1808.0,1.3023110961088868
858,MLP,0.296,1808.0,1.3023110961088868
1143,MLP,0.296,1808.0,1.3023110961088868
1550,MLP,0.296,1808.0,1.3023110961088868
1860,MLP,0.296,1808.0,1.3023110961088868
2027,MLP,0.296,1808.0,1.3023110961088868
2307,MLP,0.296,1808.0,1.3023110961088868
2586,MLP,0.296,1808.0,1.3023110961088868
2595,MLP,0.296,1808.0,1.3023110961088868
155,MLP,0.295,1818.0,1.2979113964598703
301,MLP,0.295,1818.0,1.2979113964598703
441,MLP,0.295,1818.0,1.2979113964598703
577,MLP,0.295,1818.0,1.2979113964598703
607,MLP,0.295,1818.0,1.2979113964598703
1298,MLP,0.295,1818.0,1.2979113964598703
1881,MLP,0.295,1818.0,1.2979113964598703
2617,MLP,0.295,1818.0,1.2979113964598703
2643,MLP,0.295,1818.0,1.2979113964598703
2767,MLP,0.295,1818.0,1.2979113964598703
397,MLP,0.294,1828.0,1.2935116968108538
519,MLP,0.294,1828.0,1.2935116968108538
646,MLP,0.294,1828.0,1.2935116968108538
1061,MLP,0.294,1828.0,1.2935116968108538
1803,MLP,0.294,1828.0,1.2935116968108538
2613,MLP,0.294,1828.0,1.2935116968108538
150,MLP,0.293,1834.0,1.2891119971618372
512,MLP,0.293,1834.0,1.2891119971618372
573,MLP,0.293,1834.0,1.2891119971618372
1145,MLP,0.293,1834.0,1.2891119971618372
1236,MLP,0.293,1834.0,1.2891119971618372
1542,MLP,0.293,1834.0,1.2891119971618372
2235,MLP,0.293,1834.0,1.2891119971618372
2621,MLP,0.293,1834.0,1.2891119971618372
2764,MLP,0.293,1834.0,1.2891119971618372
778,MLP,0.292,1843.0,1.2847122975128207
896,MLP,0.292,1843.0,1.2847122975128207
915,MLP,0.292,1843.0,1.2847122975128207
1660,MLP,0.292,1843.0,1.2847122975128207
2083,MLP,0.292,1843.0,1.2847122975128207
2460,MLP,0.292,1843.0,1.2847122975128207
2601,MLP,0.292,1843.0,1.2847122975128207
2628,MLP,0.292,1843.0,1.2847122975128207
2715,MLP,0.292,1843.0,1.2847122975128207
145,MLP,0.291,1852.0,1.2803125978638041
554,MLP,0.291,1852.0,1.2803125978638041
1326,MLP,0.291,1852.0,1.2803125978638041
1894,MLP,0.291,1852.0,1.2803125978638041
2072,MLP,0.291,1852.0,1.2803125978638041
2445,MLP,0.291,1852.0,1.2803125978638041
2640,MLP,0.291,1852.0,1.2803125978638041
834,MLP,0.29,1859.0,1.2759128982147876
1392,MLP,0.29,1859.0,1.2759128982147876
1446,MLP,0.29,1859.0,1.2759128982147876
1577,MLP,0.29,1859.0,1.2759128982147876
2115,MLP,0.29,1859.0,1.2759128982147876
2306,MLP,0.29,1859.0,1.2759128982147876
2375,MLP,0.29,1859.0,1.2759128982147876
2602,MLP,0.29,1859.0,1.2759128982147876
62,MLP,0.289,1867.0,1.2715131985657713
1274,MLP,0.289,1867.0,1.2715131985657713
1481,MLP,0.289,1867.0,1.2715131985657713
1740,MLP,0.289,1867.0,1.2715131985657713
1949,MLP,0.289,1867.0,1.2715131985657713
2363,MLP,0.289,1867.0,1.2715131985657713
2701,MLP,0.289,1867.0,1.2715131985657713
92,MLP,0.288,1874.0,1.2671134989167547
133,MLP,0.288,1874.0,1.2671134989167547
147,MLP,0.288,1874.0,1.2671134989167547
167,MLP,0.288,1874.0,1.2671134989167547
226,MLP,0.288,1874.0,1.2671134989167547
1094,MLP,0.288,1874.0,1.2671134989167547
1115,MLP,0.288,1874.0,1.2671134989167547
2070,MLP,0.288,1874.0,1.2671134989167547
2428,MLP,0.288,1874.0,1.2671134989167547
346,MLP,0.287,1883.0,1.2627137992677382
406,MLP,0.287,1883.0,1.2627137992677382
645,MLP,0.287,1883.0,1.2627137992677382
653,MLP,0.287,1883.0,1.2627137992677382
808,MLP,0.287,1883.0,1.2627137992677382
1536,MLP,0.287,1883.0,1.2627137992677382
1717,MLP,0.287,1883.0,1.2627137992677382
1868,MLP,0.287,1883.0,1.2627137992677382
2093,MLP,0.287,1883.0,1.2627137992677382
2174,MLP,0.287,1883.0,1.2627137992677382
2201,MLP,0.287,1883.0,1.2627137992677382
2301,MLP,0.287,1883.0,1.2627137992677382
258,MLP,0.286,1895.0,1.2583140996187216
831,MLP,0.286,1895.0,1.2583140996187216
1117,MLP,0.286,1895.0,1.2583140996187216
1496,MLP,0.286,1895.0,1.2583140996187216
2059,MLP,0.286,1895.0,1.2583140996187216
2618,MLP,0.286,1895.0,1.2583140996187216
785,MLP,0.285,1901.0,1.253914399969705
1083,MLP,0.285,1901.0,1.253914399969705
1110,MLP,0.285,1901.0,1.253914399969705
1658,MLP,0.285,1901.0,1.253914399969705
1771,MLP,0.285,1901.0,1.253914399969705
57,MLP,0.284,1906.0,1.2495147003206886
102,MLP,0.284,1906.0,1.2495147003206886
284,MLP,0.284,1906.0,1.2495147003206886
658,MLP,0.284,1906.0,1.2495147003206886
813,MLP,0.284,1906.0,1.2495147003206886
1066,MLP,0.284,1906.0,1.2495147003206886
1131,MLP,0.284,1906.0,1.2495147003206886
1743,MLP,0.284,1906.0,1.2495147003206886
2570,MLP,0.284,1906.0,1.2495147003206886
2624,MLP,0.284,1906.0,1.2495147003206886
2688,MLP,0.284,1906.0,1.2495147003206886
237,MLP,0.283,1917.0,1.245115000671672
829,MLP,0.283,1917.0,1.245115000671672
870,MLP,0.283,1917.0,1.245115000671672
1340,MLP,0.283,1917.0,1.245115000671672
1374,MLP,0.283,1917.0,1.245115000671672
1675,MLP,0.283,1917.0,1.245115000671672
2032,MLP,0.283,1917.0,1.245115000671672
2410,MLP,0.283,1917.0,1.245115000671672
2424,MLP,0.283,1917.0,1.245115000671672
2725,MLP,0.283,1917.0,1.245115000671672
2750,MLP,0.283,1917.0,1.245115000671672
1067,MLP,0.282,1928.0,1.2407153010226555
1174,MLP,0.282,1928.0,1.2407153010226555
1426,MLP,0.282,1928.0,1.2407153010226555
2476,MLP,0.282,1928.0,1.2407153010226555
85,MLP,0.281,1932.0,1.2363156013736394
487,MLP,0.281,1932.0,1.2363156013736394
589,MLP,0.281,1932.0,1.2363156013736394
1359,MLP,0.281,1932.0,1.2363156013736394
1666,MLP,0.281,1932.0,1.2363156013736394
1777,MLP,0.281,1932.0,1.2363156013736394
2167,MLP,0.281,1932.0,1.2363156013736394
2186,MLP,0.281,1932.0,1.2363156013736394
2461,MLP,0.281,1932.0,1.2363156013736394
2580,MLP,0.281,1932.0,1.2363156013736394
2592,MLP,0.281,1932.0,1.2363156013736394
2751,MLP,0.281,1932.0,1.2363156013736394
390,MLP,0.28,1944.0,1.2319159017246228
497,MLP,0.28,1944.0,1.2319159017246228
673,MLP,0.28,1944.0,1.2319159017246228
781,MLP,0.28,1944.0,1.2319159017246228
906,MLP,0.28,1944.0,1.2319159017246228
1204,MLP,0.28,1944.0,1.2319159017246228
1332,MLP,0.28,1944.0,1.2319159017246228
1372,MLP,0.28,1944.0,1.2319159017246228
1395,MLP,0.28,1944.0,1.2319159017246228
78,MLP,0.279,1953.0,1.2275162020756063
675,MLP,0.279,1953.0,1.2275162020756063
946,MLP,0.279,1953.0,1.2275162020756063
1306,MLP,0.279,1953.0,1.2275162020756063
1712,MLP,0.279,1953.0,1.2275162020756063
1918,MLP,0.279,1953.0,1.2275162020756063
2008,MLP,0.279,1953.0,1.2275162020756063
2350,MLP,0.279,1953.0,1.2275162020756063
2357,MLP,0.279,1953.0,1.2275162020756063
305,MLP,0.278,1962.0,1.2231165024265898
347,MLP,0.278,1962.0,1.2231165024265898
1495,MLP,0.278,1962.0,1.2231165024265898
1645,MLP,0.278,1962.0,1.2231165024265898
1685,MLP,0.278,1962.0,1.2231165024265898
2081,MLP,0.278,1962.0,1.2231165024265898
2316,MLP,0.278,1962.0,1.2231165024265898
2348,MLP,0.278,1962.0,1.2231165024265898
2398,MLP,0.278,1962.0,1.2231165024265898
2407,MLP,0.278,1962.0,1.2231165024265898
2470,MLP,0.278,1962.0,1.2231165024265898
2709,MLP,0.278,1962.0,1.2231165024265898
398,MLP,0.277,1974.0,1.2187168027775732
456,MLP,0.277,1974.0,1.2187168027775732
543,MLP,0.277,1974.0,1.2187168027775732
671,MLP,0.277,1974.0,1.2187168027775732
1507,MLP,0.277,1974.0,1.2187168027775732
2713,MLP,0.277,1974.0,1.2187168027775732
1022,MLP,0.276,1980.0,1.2143171031285567
1101,MLP,0.276,1980.0,1.2143171031285567
1276,MLP,0.276,1980.0,1.2143171031285567
1586,MLP,0.276,1980.0,1.2143171031285567
1628,MLP,0.276,1980.0,1.2143171031285567
1724,MLP,0.276,1980.0,1.2143171031285567
1753,MLP,0.276,1980.0,1.2143171031285567
1832,MLP,0.276,1980.0,1.2143171031285567
2458,MLP,0.276,1980.0,1.2143171031285567
2465,MLP,0.276,1980.0,1.2143171031285567
2654,MLP,0.276,1980.0,1.2143171031285567
2740,MLP,0.276,1980.0,1.2143171031285567
309,MLP,0.275,1992.0,1.2099174034795401
639,MLP,0.275,1992.0,1.2099174034795401
1072,MLP,0.275,1992.0,1.2099174034795401
1209,MLP,0.275,1992.0,1.2099174034795401
1217,MLP,0.275,1992.0,1.2099174034795401
1251,MLP,0.275,1992.0,1.2099174034795401
1516,MLP,0.275,1992.0,1.2099174034795401
1719,MLP,0.275,1992.0,1.2099174034795401
1738,MLP,0.275,1992.0,1.2099174034795401
2097,MLP,0.275,1992.0,1.2099174034795401
2285,MLP,0.275,1992.0,1.2099174034795401
2324,MLP,0.275,1992.0,1.2099174034795401
2364,MLP,0.275,1992.0,1.2099174034795401
2459,MLP,0.275,1992.0,1.2099174034795401
2463,MLP,0.275,1992.0,1.2099174034795401
42,MLP,0.274,2007.0,1.2055177038305238
105,MLP,0.274,2007.0,1.2055177038305238
304,MLP,0.274,2007.0,1.2055177038305238
1490,MLP,0.274,2007.0,1.2055177038305238
1548,MLP,0.274,2007.0,1.2055177038305238
1786,MLP,0.274,2007.0,1.2055177038305238
2007,MLP,0.274,2007.0,1.2055177038305238
2071,MLP,0.274,2007.0,1.2055177038305238
2098,MLP,0.274,2007.0,1.2055177038305238
2196,MLP,0.274,2007.0,1.2055177038305238
2735,MLP,0.274,2007.0,1.2055177038305238
31,MLP,0.273,2018.0,1.2011180041815073
206,MLP,0.273,2018.0,1.2011180041815073
269,MLP,0.273,2018.0,1.2011180041815073
1587,MLP,0.273,2018.0,1.2011180041815073
1626,MLP,0.273,2018.0,1.2011180041815073
33,MLP,0.272,2023.0,1.1967183045324907
354,MLP,0.272,2023.0,1.1967183045324907
1087,MLP,0.272,2023.0,1.1967183045324907
1313,MLP,0.272,2023.0,1.1967183045324907
1461,MLP,0.272,2023.0,1.1967183045324907
1529,MLP,0.272,2023.0,1.1967183045324907
1800,MLP,0.272,2023.0,1.1967183045324907
79,MLP,0.271,2030.0,1.1923186048834742
142,MLP,0.271,2030.0,1.1923186048834742
1042,MLP,0.271,2030.0,1.1923186048834742
1327,MLP,0.271,2030.0,1.1923186048834742
1723,MLP,0.271,2030.0,1.1923186048834742
2545,MLP,0.271,2030.0,1.1923186048834742
73,MLP,0.27,2036.0,1.1879189052344576
116,MLP,0.27,2036.0,1.1879189052344576
889,MLP,0.27,2036.0,1.1879189052344576
994,MLP,0.27,2036.0,1.1879189052344576
1375,MLP,0.27,2036.0,1.1879189052344576
2268,MLP,0.27,2036.0,1.1879189052344576
2328,MLP,0.27,2036.0,1.1879189052344576
2527,MLP,0.27,2036.0,1.1879189052344576
148,MLP,0.269,2044.0,1.183519205585441
947,MLP,0.269,2044.0,1.183519205585441
974,MLP,0.269,2044.0,1.183519205585441
1216,MLP,0.269,2044.0,1.183519205585441
2240,MLP,0.269,2044.0,1.183519205585441
2696,MLP,0.269,2044.0,1.183519205585441
186,MLP,0.268,2050.0,1.1791195059364246
1052,MLP,0.268,2050.0,1.1791195059364246
1149,MLP,0.268,2050.0,1.1791195059364246
1303,MLP,0.268,2050.0,1.1791195059364246
1742,MLP,0.268,2050.0,1.1791195059364246
2112,MLP,0.268,2050.0,1.1791195059364246
2446,MLP,0.268,2050.0,1.1791195059364246
385,MLP,0.267,2057.0,1.174719806287408
662,MLP,0.267,2057.0,1.174719806287408
707,MLP,0.267,2057.0,1.174719806287408
771,MLP,0.267,2057.0,1.174719806287408
1113,MLP,0.267,2057.0,1.174719806287408
1331,MLP,0.267,2057.0,1.174719806287408
1414,MLP,0.267,2057.0,1.174719806287408
1763,MLP,0.267,2057.0,1.174719806287408
2171,MLP,0.267,2057.0,1.174719806287408
2376,MLP,0.267,2057.0,1.174719806287408
499,MLP,0.266,2067.0,1.1703201066383917
1497,MLP,0.266,2067.0,1.1703201066383917
1615,MLP,0.266,2067.0,1.1703201066383917
1616,MLP,0.266,2067.0,1.1703201066383917
1944,MLP,0.266,2067.0,1.1703201066383917
63,MLP,0.265,2072.0,1.1659204069893752
197,MLP,0.265,2072.0,1.1659204069893752
360,MLP,0.265,2072.0,1.1659204069893752
363,MLP,0.265,2072.0,1.1659204069893752
500,MLP,0.265,2072.0,1.1659204069893752
1060,MLP,0.265,2072.0,1.1659204069893752
2129,MLP,0.265,2072.0,1.1659204069893752
2661,MLP,0.265,2072.0,1.1659204069893752
448,MLP,0.264,2080.0,1.1615207073403586
544,MLP,0.264,2080.0,1.1615207073403586
1193,MLP,0.264,2080.0,1.1615207073403586
1983,MLP,0.264,2080.0,1.1615207073403586
2409,MLP,0.264,2080.0,1.1615207073403586
128,MLP,0.263,2085.0,1.157121007691342
203,MLP,0.263,2085.0,1.157121007691342
804,MLP,0.263,2085.0,1.157121007691342
1967,MLP,0.263,2085.0,1.157121007691342
1992,MLP,0.263,2085.0,1.157121007691342
2329,MLP,0.263,2085.0,1.157121007691342
123,MLP,0.262,2091.0,1.1527213080423255
353,MLP,0.262,2091.0,1.1527213080423255
667,MLP,0.262,2091.0,1.1527213080423255
975,MLP,0.262,2091.0,1.1527213080423255
1136,MLP,0.262,2091.0,1.1527213080423255
1396,MLP,0.262,2091.0,1.1527213080423255
1703,MLP,0.262,2091.0,1.1527213080423255
1864,MLP,0.262,2091.0,1.1527213080423255
2056,MLP,0.262,2091.0,1.1527213080423255
493,MLP,0.261,2100.0,1.148321608393309
1230,MLP,0.261,2100.0,1.148321608393309
2125,MLP,0.261,2100.0,1.148321608393309
2228,MLP,0.261,2100.0,1.148321608393309
87,MLP,0.26,2104.0,1.1439219087442924
1528,MLP,0.26,2104.0,1.1439219087442924
2031,MLP,0.26,2104.0,1.1439219087442924
2113,MLP,0.26,2104.0,1.1439219087442924
2693,MLP,0.26,2104.0,1.1439219087442924
161,MLP,0.259,2109.0,1.139522209095276
2399,MLP,0.259,2109.0,1.139522209095276
2551,MLP,0.259,2109.0,1.139522209095276
2761,MLP,0.259,2109.0,1.139522209095276
477,MLP,0.258,2113.0,1.1351225094462596
1555,MLP,0.258,2113.0,1.1351225094462596
2366,MLP,0.258,2113.0,1.1351225094462596
1541,MLP,0.257,2116.0,1.130722809797243
1576,MLP,0.257,2116.0,1.130722809797243
1664,MLP,0.257,2116.0,1.130722809797243
1741,MLP,0.257,2116.0,1.130722809797243
2400,MLP,0.257,2116.0,1.130722809797243
1282,MLP,0.256,2121.0,1.1263231101482265
1632,MLP,0.256,2121.0,1.1263231101482265
233,MLP,0.255,2123.0,1.12192341049921
711,MLP,0.255,2123.0,1.12192341049921
762,MLP,0.255,2123.0,1.12192341049921
1899,MLP,0.255,2123.0,1.12192341049921
2353,MLP,0.255,2123.0,1.12192341049921
2395,MLP,0.255,2123.0,1.12192341049921
240,MLP,0.254,2129.0,1.1175237108501934
440,MLP,0.254,2129.0,1.1175237108501934
626,MLP,0.254,2129.0,1.1175237108501934
731,MLP,0.254,2129.0,1.1175237108501934
1227,MLP,0.254,2129.0,1.1175237108501934
1316,MLP,0.254,2129.0,1.1175237108501934
1751,MLP,0.254,2129.0,1.1175237108501934
2172,MLP,0.254,2129.0,1.1175237108501934
2331,MLP,0.254,2129.0,1.1175237108501934
1050,MLP,0.253,2138.0,1.1131240112011769
1561,MLP,0.253,2138.0,1.1131240112011769
2744,MLP,0.253,2138.0,1.1131240112011769
2771,MLP,0.253,2138.0,1.1131240112011769
1028,MLP,0.252,2142.0,1.1087243115521603
1730,MLP,0.252,2142.0,1.1087243115521603
2271,MLP,0.252,2142.0,1.1087243115521603
2534,MLP,0.252,2142.0,1.1087243115521603
480,MLP,0.251,2146.0,1.1043246119031438
677,MLP,0.251,2146.0,1.1043246119031438
817,MLP,0.251,2146.0,1.1043246119031438
1170,MLP,0.251,2146.0,1.1043246119031438
2387,MLP,0.251,2146.0,1.1043246119031438
2587,MLP,0.251,2146.0,1.1043246119031438
332,MLP,0.25,2152.0,1.0999249122541275
1896,MLP,0.25,2152.0,1.0999249122541275
2147,MLP,0.25,2152.0,1.0999249122541275
801,MLP,0.249,2155.0,1.095525212605111
907,MLP,0.249,2155.0,1.095525212605111
1103,MLP,0.249,2155.0,1.095525212605111
1130,MLP,0.249,2155.0,1.095525212605111
1273,MLP,0.249,2155.0,1.095525212605111
1556,MLP,0.249,2155.0,1.095525212605111
1694,MLP,0.249,2155.0,1.095525212605111
1752,MLP,0.249,2155.0,1.095525212605111
2244,MLP,0.249,2155.0,1.095525212605111
2637,MLP,0.249,2155.0,1.095525212605111
5,MLP,0.248,2165.0,1.0911255129560944
881,MLP,0.248,2165.0,1.0911255129560944
2325,MLP,0.248,2165.0,1.0911255129560944
2647,MLP,0.248,2165.0,1.0911255129560944
641,MLP,0.247,2169.0,1.0867258133070778
1903,MLP,0.247,2169.0,1.0867258133070778
2144,MLP,0.247,2169.0,1.0867258133070778
2549,MLP,0.247,2169.0,1.0867258133070778
179,MLP,0.246,2173.0,1.0823261136580613
295,MLP,0.246,2173.0,1.0823261136580613
378,MLP,0.246,2173.0,1.0823261136580613
1029,MLP,0.246,2173.0,1.0823261136580613
1805,MLP,0.246,2173.0,1.0823261136580613
2378,MLP,0.246,2173.0,1.0823261136580613
419,MLP,0.245,2179.0,1.0779264140090448
421,MLP,0.245,2179.0,1.0779264140090448
430,MLP,0.245,2179.0,1.0779264140090448
938,MLP,0.245,2179.0,1.0779264140090448
1718,MLP,0.245,2179.0,1.0779264140090448
1874,MLP,0.245,2179.0,1.0779264140090448
2016,MLP,0.245,2179.0,1.0779264140090448
980,MLP,0.244,2186.0,1.0735267143600282
1364,MLP,0.244,2186.0,1.0735267143600282
1512,MLP,0.244,2186.0,1.0735267143600282
1769,MLP,0.244,2186.0,1.0735267143600282
2454,MLP,0.244,2186.0,1.0735267143600282
2494,MLP,0.244,2186.0,1.0735267143600282
247,MLP,0.243,2192.0,1.069127014711012
489,MLP,0.243,2192.0,1.069127014711012
494,MLP,0.243,2192.0,1.069127014711012
1092,MLP,0.243,2192.0,1.069127014711012
1148,MLP,0.243,2192.0,1.069127014711012
1178,MLP,0.243,2192.0,1.069127014711012
1557,MLP,0.243,2192.0,1.069127014711012
1799,MLP,0.243,2192.0,1.069127014711012
2116,MLP,0.243,2192.0,1.069127014711012
36,MLP,0.242,2201.0,1.0647273150619954
209,MLP,0.242,2201.0,1.0647273150619954
531,MLP,0.242,2201.0,1.0647273150619954
1434,MLP,0.242,2201.0,1.0647273150619954
1592,MLP,0.242,2201.0,1.0647273150619954
2123,MLP,0.242,2201.0,1.0647273150619954
2146,MLP,0.242,2201.0,1.0647273150619954
2518,MLP,0.242,2201.0,1.0647273150619954
107,MLP,0.241,2209.0,1.0603276154129788
195,MLP,0.241,2209.0,1.0603276154129788
621,MLP,0.241,2209.0,1.0603276154129788
699,MLP,0.241,2209.0,1.0603276154129788
833,MLP,0.241,2209.0,1.0603276154129788
1085,MLP,0.241,2209.0,1.0603276154129788
2017,MLP,0.241,2209.0,1.0603276154129788
2040,MLP,0.241,2209.0,1.0603276154129788
2197,MLP,0.241,2209.0,1.0603276154129788
2559,MLP,0.241,2209.0,1.0603276154129788
1696,MLP,0.24,2219.0,1.0559279157639623
88,MLP,0.239,2220.0,1.0515282161149457
1365,MLP,0.239,2220.0,1.0515282161149457
1709,MLP,0.239,2220.0,1.0515282161149457
2721,MLP,0.239,2220.0,1.0515282161149457
2066,MLP,0.238,2224.0,1.0471285164659292
2169,MLP,0.238,2224.0,1.0471285164659292
2451,MLP,0.238,2224.0,1.0471285164659292
1099,MLP,0.237,2227.0,1.0427288168169127
1928,MLP,0.237,2227.0,1.0427288168169127
2087,MLP,0.237,2227.0,1.0427288168169127
2317,MLP,0.237,2227.0,1.0427288168169127
2730,MLP,0.237,2227.0,1.0427288168169127
2503,MLP,0.236,2232.0,1.038329117167896
2572,MLP,0.236,2232.0,1.038329117167896
232,MLP,0.235,2234.0,1.0339294175188798
643,MLP,0.235,2234.0,1.0339294175188798
807,MLP,0.235,2234.0,1.0339294175188798
1210,MLP,0.235,2234.0,1.0339294175188798
1318,MLP,0.235,2234.0,1.0339294175188798
1393,MLP,0.235,2234.0,1.0339294175188798
1449,MLP,0.235,2234.0,1.0339294175188798
1498,MLP,0.235,2234.0,1.0339294175188798
2231,MLP,0.235,2234.0,1.0339294175188798
2426,MLP,0.235,2234.0,1.0339294175188798
724,MLP,0.234,2244.0,1.0295297178698632
2207,MLP,0.234,2244.0,1.0295297178698632
2215,MLP,0.234,2244.0,1.0295297178698632
2619,MLP,0.234,2244.0,1.0295297178698632
2718,MLP,0.234,2244.0,1.0295297178698632
852,MLP,0.233,2249.0,1.0251300182208467
1351,MLP,0.233,2249.0,1.0251300182208467
1366,MLP,0.233,2249.0,1.0251300182208467
1757,MLP,0.233,2249.0,1.0251300182208467
2749,MLP,0.233,2249.0,1.0251300182208467
166,MLP,0.232,2254.0,1.0207303185718302
1284,MLP,0.232,2254.0,1.0207303185718302
1735,MLP,0.232,2254.0,1.0207303185718302
2077,MLP,0.232,2254.0,1.0207303185718302
999,MLP,0.231,2258.0,1.0163306189228138
1865,MLP,0.231,2258.0,1.0163306189228138
470,MLP,0.23,2260.0,1.0119309192737973
1162,MLP,0.23,2260.0,1.0119309192737973
1357,MLP,0.23,2260.0,1.0119309192737973
2217,MLP,0.23,2260.0,1.0119309192737973
2421,MLP,0.23,2260.0,1.0119309192737973
590,MLP,0.229,2265.0,1.0075312196247808
926,MLP,0.228,2266.0,1.0031315199757642
1605,MLP,0.228,2266.0,1.0031315199757642
239,MLP,0.227,2268.0,0.9987318203267477
386,MLP,0.227,2268.0,0.9987318203267477
751,MLP,0.227,2268.0,0.9987318203267477
2535,MLP,0.227,2268.0,0.9987318203267477
446,MLP,0.226,2272.0,0.9943321206777311
777,MLP,0.226,2272.0,0.9943321206777311
1161,MLP,0.226,2272.0,0.9943321206777311
136,MLP,0.225,2275.0,0.9899324210287147
299,MLP,0.225,2275.0,0.9899324210287147
517,MLP,0.225,2275.0,0.9899324210287147
2190,MLP,0.224,2278.0,0.9855327213796982
2349,MLP,0.224,2278.0,0.9855327213796982
296,MLP,0.223,2280.0,0.9811330217306816
840,MLP,0.223,2280.0,0.9811330217306816
1196,MLP,0.223,2280.0,0.9811330217306816
1934,MLP,0.223,2280.0,0.9811330217306816
2777,MLP,0.223,2280.0,0.9811330217306816
417,MLP,0.222,2285.0,0.9767333220816651
1600,MLP,0.222,2285.0,0.9767333220816651
462,MLP,0.221,2287.0,0.9723336224326486
1027,MLP,0.221,2287.0,0.9723336224326486
1911,MLP,0.221,2287.0,0.9723336224326486
2009,MLP,0.221,2287.0,0.9723336224326486
2111,MLP,0.221,2287.0,0.9723336224326486
231,MLP,0.22,2292.0,0.9679339227836321
461,MLP,0.22,2292.0,0.9679339227836321
1552,MLP,0.22,2292.0,0.9679339227836321
2253,MLP,0.22,2292.0,0.9679339227836321
572,MLP,0.219,2296.0,0.9635342231346156
604,MLP,0.219,2296.0,0.9635342231346156
680,MLP,0.219,2296.0,0.9635342231346156
1830,MLP,0.219,2296.0,0.9635342231346156
1836,MLP,0.219,2296.0,0.9635342231346156
2548,MLP,0.219,2296.0,0.9635342231346156
932,MLP,0.218,2302.0,0.9591345234855991
1034,MLP,0.218,2302.0,0.9591345234855991
1358,MLP,0.218,2302.0,0.9591345234855991
2173,MLP,0.218,2302.0,0.9591345234855991
2427,MLP,0.218,2302.0,0.9591345234855991
83,MLP,0.217,2307.0,0.9547348238365826
1485,MLP,0.217,2307.0,0.9547348238365826
1975,MLP,0.217,2307.0,0.9547348238365826
2668,MLP,0.217,2307.0,0.9547348238365826
475,MLP,0.216,2311.0,0.950335124187566
715,MLP,0.216,2311.0,0.950335124187566
757,MLP,0.216,2311.0,0.950335124187566
1187,MLP,0.216,2311.0,0.950335124187566
1213,MLP,0.216,2311.0,0.950335124187566
1229,MLP,0.216,2311.0,0.950335124187566
1346,MLP,0.216,2311.0,0.950335124187566
1387,MLP,0.216,2311.0,0.950335124187566
1833,MLP,0.216,2311.0,0.950335124187566
1963,MLP,0.216,2311.0,0.950335124187566
2002,MLP,0.216,2311.0,0.950335124187566
2707,MLP,0.216,2311.0,0.950335124187566
2754,MLP,0.216,2311.0,0.950335124187566
94,MLP,0.215,2324.0,0.9459354245385495
227,MLP,0.215,2324.0,0.9459354245385495
678,MLP,0.215,2324.0,0.9459354245385495
1801,MLP,0.215,2324.0,0.9459354245385495
2267,MLP,0.215,2324.0,0.9459354245385495
261,MLP,0.214,2329.0,0.9415357248895331
642,MLP,0.214,2329.0,0.9415357248895331
120,MLP,0.213,2331.0,0.9371360252405165
788,MLP,0.213,2331.0,0.9371360252405165
791,MLP,0.213,2331.0,0.9371360252405165
842,MLP,0.213,2331.0,0.9371360252405165
848,MLP,0.213,2331.0,0.9371360252405165
1462,MLP,0.213,2331.0,0.9371360252405165
1797,MLP,0.213,2331.0,0.9371360252405165
1820,MLP,0.213,2331.0,0.9371360252405165
2041,MLP,0.213,2331.0,0.9371360252405165
2154,MLP,0.213,2331.0,0.9371360252405165
2382,MLP,0.213,2331.0,0.9371360252405165
2686,MLP,0.213,2331.0,0.9371360252405165
2726,MLP,0.213,2331.0,0.9371360252405165
109,MLP,0.212,2344.0,0.9327363255915
620,MLP,0.212,2344.0,0.9327363255915
982,MLP,0.212,2344.0,0.9327363255915
1901,MLP,0.212,2344.0,0.9327363255915
2747,MLP,0.212,2344.0,0.9327363255915
278,MLP,0.211,2349.0,0.9283366259424835
1015,MLP,0.211,2349.0,0.9283366259424835
1065,MLP,0.211,2349.0,0.9283366259424835
1927,MLP,0.211,2349.0,0.9283366259424835
2139,MLP,0.211,2349.0,0.9283366259424835
453,MLP,0.21,2354.0,0.923936926293467
1590,MLP,0.21,2354.0,0.923936926293467
1633,MLP,0.21,2354.0,0.923936926293467
2626,MLP,0.21,2354.0,0.923936926293467
1882,MLP,0.209,2358.0,0.9195372266444505
1300,MLP,0.208,2359.0,0.9151375269954339
1509,MLP,0.208,2359.0,0.9151375269954339
1988,MLP,0.208,2359.0,0.9151375269954339
2675,MLP,0.208,2359.0,0.9151375269954339
864,MLP,0.207,2363.0,0.9107378273464174
1525,MLP,0.207,2363.0,0.9107378273464174
2508,MLP,0.207,2363.0,0.9107378273464174
2620,MLP,0.207,2363.0,0.9107378273464174
1288,MLP,0.206,2367.0,0.906338127697401
1770,MLP,0.206,2367.0,0.906338127697401
2288,MLP,0.206,2367.0,0.906338127697401
2343,MLP,0.206,2367.0,0.906338127697401
2565,MLP,0.206,2367.0,0.906338127697401
140,MLP,0.205,2372.0,0.9019384280483844
374,MLP,0.205,2372.0,0.9019384280483844
1842,MLP,0.205,2372.0,0.9019384280483844
1987,MLP,0.205,2372.0,0.9019384280483844
2051,MLP,0.205,2372.0,0.9019384280483844
2499,MLP,0.205,2372.0,0.9019384280483844
542,MLP,0.204,2378.0,0.8975387283993679
648,MLP,0.204,2378.0,0.8975387283993679
1262,MLP,0.204,2378.0,0.8975387283993679
1293,MLP,0.204,2378.0,0.8975387283993679
1636,MLP,0.204,2378.0,0.8975387283993679
1668,MLP,0.204,2378.0,0.8975387283993679
2192,MLP,0.204,2378.0,0.8975387283993679
2440,MLP,0.204,2378.0,0.8975387283993679
2631,MLP,0.204,2378.0,0.8975387283993679
796,MLP,0.203,2387.0,0.8931390287503514
1679,MLP,0.203,2387.0,0.8931390287503514
910,MLP,0.202,2389.0,0.888739329101335
1878,MLP,0.202,2389.0,0.888739329101335
1947,MLP,0.202,2389.0,0.888739329101335
2507,MLP,0.202,2389.0,0.888739329101335
524,MLP,0.201,2393.0,0.8843396294523185
1075,MLP,0.201,2393.0,0.8843396294523185
1812,MLP,0.201,2393.0,0.8843396294523185
1844,MLP,0.201,2393.0,0.8843396294523185
368,MLP,0.2,2397.0,0.8799399298033019
880,MLP,0.2,2397.0,0.8799399298033019
949,MLP,0.2,2397.0,0.8799399298033019
1054,MLP,0.2,2397.0,0.8799399298033019
1466,MLP,0.2,2397.0,0.8799399298033019
2230,MLP,0.2,2397.0,0.8799399298033019
2383,MLP,0.2,2397.0,0.8799399298033019
21,MLP,0.199,2404.0,0.8755402301542854
139,MLP,0.199,2404.0,0.8755402301542854
737,MLP,0.199,2404.0,0.8755402301542854
903,MLP,0.199,2404.0,0.8755402301542854
987,MLP,0.199,2404.0,0.8755402301542854
1036,MLP,0.199,2404.0,0.8755402301542854
1299,MLP,0.199,2404.0,0.8755402301542854
2283,MLP,0.199,2404.0,0.8755402301542854
2336,MLP,0.199,2404.0,0.8755402301542854
2550,MLP,0.199,2404.0,0.8755402301542854
1857,MLP,0.198,2414.0,0.871140530505269
2127,MLP,0.198,2414.0,0.871140530505269
2155,MLP,0.198,2414.0,0.871140530505269
727,MLP,0.197,2417.0,0.8667408308562524
1156,MLP,0.197,2417.0,0.8667408308562524
67,MLP,0.196,2419.0,0.8623411312072359
268,MLP,0.196,2419.0,0.8623411312072359
736,MLP,0.196,2419.0,0.8623411312072359
1064,MLP,0.196,2419.0,0.8623411312072359
359,MLP,0.195,2423.0,0.8579414315582194
977,MLP,0.195,2423.0,0.8579414315582194
2166,MLP,0.195,2423.0,0.8579414315582194
2402,MLP,0.195,2423.0,0.8579414315582194
2732,MLP,0.195,2423.0,0.8579414315582194
2734,MLP,0.195,2423.0,0.8579414315582194
274,MLP,0.194,2429.0,0.8535417319092029
644,MLP,0.194,2429.0,0.8535417319092029
992,MLP,0.194,2429.0,0.8535417319092029
118,MLP,0.193,2432.0,0.8491420322601864
828,MLP,0.193,2432.0,0.8491420322601864
993,MLP,0.193,2432.0,0.8491420322601864
1091,MLP,0.193,2432.0,0.8491420322601864
1435,MLP,0.193,2432.0,0.8491420322601864
2706,MLP,0.193,2432.0,0.8491420322601864
329,MLP,0.192,2438.0,0.8447423326111698
936,MLP,0.192,2438.0,0.8447423326111698
1030,MLP,0.192,2438.0,0.8447423326111698
1223,MLP,0.192,2438.0,0.8447423326111698
1228,MLP,0.192,2438.0,0.8447423326111698
1638,MLP,0.192,2438.0,0.8447423326111698
2050,MLP,0.192,2438.0,0.8447423326111698
558,MLP,0.191,2445.0,0.8403426329621534
576,MLP,0.191,2445.0,0.8403426329621534
720,MLP,0.191,2445.0,0.8403426329621534
868,MLP,0.191,2445.0,0.8403426329621534
1785,MLP,0.191,2445.0,0.8403426329621534
2303,MLP,0.191,2445.0,0.8403426329621534
328,MLP,0.19,2451.0,0.8359429333131368
356,MLP,0.19,2451.0,0.8359429333131368
1381,MLP,0.19,2451.0,0.8359429333131368
2270,MLP,0.19,2451.0,0.8359429333131368
789,MLP,0.189,2455.0,0.8315432336641203
841,MLP,0.189,2455.0,0.8315432336641203
930,MLP,0.189,2455.0,0.8315432336641203
1603,MLP,0.189,2455.0,0.8315432336641203
2322,MLP,0.189,2455.0,0.8315432336641203
498,MLP,0.188,2460.0,0.8271435340151038
1168,MLP,0.188,2460.0,0.8271435340151038
1319,MLP,0.188,2460.0,0.8271435340151038
1386,MLP,0.188,2460.0,0.8271435340151038
1840,MLP,0.188,2460.0,0.8271435340151038
2342,MLP,0.188,2460.0,0.8271435340151038
384,MLP,0.187,2466.0,0.8227438343660873
1399,MLP,0.187,2466.0,0.8227438343660873
1795,MLP,0.187,2466.0,0.8227438343660873
2563,MLP,0.187,2466.0,0.8227438343660873
2729,MLP,0.187,2466.0,0.8227438343660873
200,MLP,0.186,2471.0,0.8183441347170708
571,MLP,0.186,2471.0,0.8183441347170708
983,MLP,0.186,2471.0,0.8183441347170708
1624,MLP,0.186,2471.0,0.8183441347170708
1487,MLP,0.185,2475.0,0.8139444350680543
165,MLP,0.184,2476.0,0.8095447354190377
465,MLP,0.184,2476.0,0.8095447354190377
854,MLP,0.184,2476.0,0.8095447354190377
2555,MLP,0.184,2476.0,0.8095447354190377
1049,MLP,0.183,2480.0,0.8051450357700213
1134,MLP,0.183,2480.0,0.8051450357700213
1232,MLP,0.183,2480.0,0.8051450357700213
1816,MLP,0.183,2480.0,0.8051450357700213
2681,MLP,0.183,2480.0,0.8051450357700213
1235,MLP,0.182,2485.0,0.8007453361210047
1336,MLP,0.182,2485.0,0.8007453361210047
1362,MLP,0.182,2485.0,0.8007453361210047
1831,MLP,0.182,2485.0,0.8007453361210047
273,MLP,0.181,2489.0,0.7963456364719882
550,MLP,0.181,2489.0,0.7963456364719882
1057,MLP,0.181,2489.0,0.7963456364719882
1984,MLP,0.181,2489.0,0.7963456364719882
2061,MLP,0.181,2489.0,0.7963456364719882
2208,MLP,0.181,2489.0,0.7963456364719882
2304,MLP,0.181,2489.0,0.7963456364719882
2711,MLP,0.181,2489.0,0.7963456364719882
191,MLP,0.18,2497.0,0.7919459368229717
687,MLP,0.18,2497.0,0.7919459368229717
692,MLP,0.18,2497.0,0.7919459368229717
1370,MLP,0.18,2497.0,0.7919459368229717
1774,MLP,0.18,2497.0,0.7919459368229717
1870,MLP,0.18,2497.0,0.7919459368229717
2094,MLP,0.18,2497.0,0.7919459368229717
2310,MLP,0.18,2497.0,0.7919459368229717
68,MLP,0.179,2505.0,0.7875462371739552
254,MLP,0.179,2505.0,0.7875462371739552
1278,MLP,0.179,2505.0,0.7875462371739552
1520,MLP,0.179,2505.0,0.7875462371739552
1991,MLP,0.179,2505.0,0.7875462371739552
2095,MLP,0.179,2505.0,0.7875462371739552
207,MLP,0.178,2511.0,0.7831465375249387
1002,MLP,0.178,2511.0,0.7831465375249387
1671,MLP,0.178,2511.0,0.7831465375249387
2202,MLP,0.178,2511.0,0.7831465375249387
2589,MLP,0.178,2511.0,0.7831465375249387
2666,MLP,0.178,2511.0,0.7831465375249387
2687,MLP,0.178,2511.0,0.7831465375249387
182,MLP,0.177,2518.0,0.7787468378759221
2101,MLP,0.177,2518.0,0.7787468378759221
103,MLP,0.176,2520.0,0.7743471382269056
1573,MLP,0.176,2520.0,0.7743471382269056
2193,MLP,0.176,2520.0,0.7743471382269056
2577,MLP,0.176,2520.0,0.7743471382269056
2641,MLP,0.176,2520.0,0.7743471382269056
1225,MLP,0.175,2525.0,0.7699474385778892
1294,MLP,0.175,2525.0,0.7699474385778892
1335,MLP,0.175,2525.0,0.7699474385778892
1737,MLP,0.175,2525.0,0.7699474385778892
2536,MLP,0.175,2525.0,0.7699474385778892
375,MLP,0.174,2530.0,0.7655477389288726
838,MLP,0.174,2530.0,0.7655477389288726
1247,MLP,0.174,2530.0,0.7655477389288726
1588,MLP,0.174,2530.0,0.7655477389288726
2502,MLP,0.174,2530.0,0.7655477389288726
163,MLP,0.173,2535.0,0.7611480392798561
1003,MLP,0.173,2535.0,0.7611480392798561
1159,MLP,0.173,2535.0,0.7611480392798561
1376,MLP,0.173,2535.0,0.7611480392798561
1804,MLP,0.173,2535.0,0.7611480392798561
2,MLP,0.172,2540.0,0.7567483396308395
50,MLP,0.172,2540.0,0.7567483396308395
1006,MLP,0.172,2540.0,0.7567483396308395
1619,MLP,0.172,2540.0,0.7567483396308395
2558,MLP,0.172,2540.0,0.7567483396308395
882,MLP,0.171,2545.0,0.7523486399818232
1024,MLP,0.171,2545.0,0.7523486399818232
1732,MLP,0.171,2545.0,0.7523486399818232
1902,MLP,0.171,2545.0,0.7523486399818232
2109,MLP,0.171,2545.0,0.7523486399818232
2560,MLP,0.171,2545.0,0.7523486399818232
154,MLP,0.17,2551.0,0.7479489403328067
579,MLP,0.17,2551.0,0.7479489403328067
634,MLP,0.17,2551.0,0.7479489403328067
779,MLP,0.17,2551.0,0.7479489403328067
875,MLP,0.17,2551.0,0.7479489403328067
1687,MLP,0.17,2551.0,0.7479489403328067
1760,MLP,0.17,2551.0,0.7479489403328067
2417,MLP,0.17,2551.0,0.7479489403328067
2557,MLP,0.17,2551.0,0.7479489403328067
2652,MLP,0.17,2551.0,0.7479489403328067
1077,MLP,0.169,2561.0,0.7435492406837901
1505,MLP,0.169,2561.0,0.7435492406837901
2143,MLP,0.169,2561.0,0.7435492406837901
2579,MLP,0.169,2561.0,0.7435492406837901
108,MLP,0.168,2565.0,0.7391495410347737
134,MLP,0.168,2565.0,0.7391495410347737
336,MLP,0.168,2565.0,0.7391495410347737
434,MLP,0.168,2565.0,0.7391495410347737
651,MLP,0.168,2565.0,0.7391495410347737
1617,MLP,0.168,2565.0,0.7391495410347737
1727,MLP,0.168,2565.0,0.7391495410347737
2239,MLP,0.168,2565.0,0.7391495410347737
2438,MLP,0.168,2565.0,0.7391495410347737
2478,MLP,0.168,2565.0,0.7391495410347737
1527,MLP,0.167,2575.0,0.7347498413857572
1602,MLP,0.167,2575.0,0.7347498413857572
2086,MLP,0.167,2575.0,0.7347498413857572
2513,MLP,0.166,2578.0,0.7303501417367406
13,MLP,0.165,2579.0,0.7259504420877241
985,MLP,0.165,2579.0,0.7259504420877241
1848,MLP,0.165,2579.0,0.7259504420877241
1889,MLP,0.165,2579.0,0.7259504420877241
2165,MLP,0.165,2579.0,0.7259504420877241
2694,MLP,0.165,2579.0,0.7259504420877241
49,MLP,0.164,2585.0,0.7215507424387076
595,MLP,0.164,2585.0,0.7215507424387076
941,MLP,0.164,2585.0,0.7215507424387076
1095,MLP,0.164,2585.0,0.7215507424387076
1379,MLP,0.164,2585.0,0.7215507424387076
1641,MLP,0.164,2585.0,0.7215507424387076
1714,MLP,0.164,2585.0,0.7215507424387076
1177,MLP,0.163,2592.0,0.7171510427896911
1186,MLP,0.163,2592.0,0.7171510427896911
1464,MLP,0.163,2592.0,0.7171510427896911
1470,MLP,0.163,2592.0,0.7171510427896911
1580,MLP,0.163,2592.0,0.7171510427896911
1726,MLP,0.163,2592.0,0.7171510427896911
1941,MLP,0.163,2592.0,0.7171510427896911
2280,MLP,0.163,2592.0,0.7171510427896911
2498,MLP,0.163,2592.0,0.7171510427896911
2521,MLP,0.163,2592.0,0.7171510427896911
2606,MLP,0.163,2592.0,0.7171510427896911
393,MLP,0.162,2603.0,0.7127513431406746
1373,MLP,0.162,2603.0,0.7127513431406746
1578,MLP,0.162,2603.0,0.7127513431406746
1676,MLP,0.162,2603.0,0.7127513431406746
1827,MLP,0.162,2603.0,0.7127513431406746
48,MLP,0.161,2608.0,0.708351643491658
190,MLP,0.161,2608.0,0.708351643491658
510,MLP,0.161,2608.0,0.708351643491658
1287,MLP,0.161,2608.0,0.708351643491658
1683,MLP,0.161,2608.0,0.708351643491658
1810,MLP,0.161,2608.0,0.708351643491658
2379,MLP,0.161,2608.0,0.708351643491658
2482,MLP,0.161,2608.0,0.708351643491658
1206,MLP,0.16,2616.0,0.7039519438426416
1307,MLP,0.16,2616.0,0.7039519438426416
1429,MLP,0.16,2616.0,0.7039519438426416
1886,MLP,0.16,2616.0,0.7039519438426416
2352,MLP,0.16,2616.0,0.7039519438426416
2603,MLP,0.16,2616.0,0.7039519438426416
1821,MLP,0.159,2622.0,0.699552244193625
2272,MLP,0.159,2622.0,0.699552244193625
1256,MLP,0.158,2624.0,0.6951525445446085
1745,MLP,0.158,2624.0,0.6951525445446085
2015,MLP,0.158,2624.0,0.6951525445446085
2046,MLP,0.158,2624.0,0.6951525445446085
2362,MLP,0.158,2624.0,0.6951525445446085
2492,MLP,0.158,2624.0,0.6951525445446085
152,MLP,0.157,2630.0,0.690752844895592
632,MLP,0.157,2630.0,0.690752844895592
1016,MLP,0.157,2630.0,0.690752844895592
1289,MLP,0.157,2630.0,0.690752844895592
2433,MLP,0.157,2630.0,0.690752844895592
1259,MLP,0.156,2635.0,0.6863531452465755
1471,MLP,0.156,2635.0,0.6863531452465755
1850,MLP,0.156,2635.0,0.6863531452465755
2345,MLP,0.156,2635.0,0.6863531452465755
2516,MLP,0.156,2635.0,0.6863531452465755
2520,MLP,0.156,2635.0,0.6863531452465755
2645,MLP,0.156,2635.0,0.6863531452465755
2753,MLP,0.156,2635.0,0.6863531452465755
331,MLP,0.155,2643.0,0.681953445597559
479,MLP,0.155,2643.0,0.681953445597559
1906,MLP,0.155,2643.0,0.681953445597559
121,MLP,0.154,2646.0,0.6775537459485425
793,MLP,0.154,2646.0,0.6775537459485425
887,MLP,0.154,2646.0,0.6775537459485425
929,MLP,0.154,2646.0,0.6775537459485425
939,MLP,0.154,2646.0,0.6775537459485425
1398,MLP,0.154,2646.0,0.6775537459485425
1667,MLP,0.154,2646.0,0.6775537459485425
1750,MLP,0.154,2646.0,0.6775537459485425
2219,MLP,0.154,2646.0,0.6775537459485425
2596,MLP,0.154,2646.0,0.6775537459485425
158,MLP,0.153,2656.0,0.6731540462995259
693,MLP,0.153,2656.0,0.6731540462995259
984,MLP,0.153,2656.0,0.6731540462995259
1063,MLP,0.153,2656.0,0.6731540462995259
1350,MLP,0.153,2656.0,0.6731540462995259
1515,MLP,0.153,2656.0,0.6731540462995259
2121,MLP,0.153,2656.0,0.6731540462995259
2669,MLP,0.153,2656.0,0.6731540462995259
313,MLP,0.152,2664.0,0.6687543466505095
631,MLP,0.152,2664.0,0.6687543466505095
912,MLP,0.152,2664.0,0.6687543466505095
1197,MLP,0.152,2664.0,0.6687543466505095
1324,MLP,0.152,2664.0,0.6687543466505095
1598,MLP,0.152,2664.0,0.6687543466505095
1961,MLP,0.152,2664.0,0.6687543466505095
2664,MLP,0.152,2664.0,0.6687543466505095
627,MLP,0.151,2672.0,0.6643546470014929
2385,MLP,0.151,2672.0,0.6643546470014929
20,MLP,0.15,2674.0,0.6599549473524764
28,MLP,0.15,2674.0,0.6599549473524764
383,MLP,0.15,2674.0,0.6599549473524764
884,MLP,0.15,2674.0,0.6599549473524764
1765,MLP,0.15,2674.0,0.6599549473524764
1851,MLP,0.15,2674.0,0.6599549473524764
2263,MLP,0.15,2674.0,0.6599549473524764
2297,MLP,0.15,2674.0,0.6599549473524764
215,MLP,0.149,2682.0,0.6555552477034599
515,MLP,0.149,2682.0,0.6555552477034599
723,MLP,0.149,2682.0,0.6555552477034599
1479,MLP,0.149,2682.0,0.6555552477034599
1553,MLP,0.149,2682.0,0.6555552477034599
1139,MLP,0.148,2687.0,0.6511555480544434
1198,MLP,0.148,2687.0,0.6511555480544434
1234,MLP,0.148,2687.0,0.6511555480544434
2124,MLP,0.148,2687.0,0.6511555480544434
2493,MLP,0.148,2687.0,0.6511555480544434
30,MLP,0.147,2692.0,0.6467558484054269
291,MLP,0.147,2692.0,0.6467558484054269
315,MLP,0.147,2692.0,0.6467558484054269
551,MLP,0.146,2695.0,0.6423561487564103
1465,MLP,0.146,2695.0,0.6423561487564103
2011,MLP,0.146,2695.0,0.6423561487564103
2429,MLP,0.146,2695.0,0.6423561487564103
2604,MLP,0.146,2695.0,0.6423561487564103
2671,MLP,0.146,2695.0,0.6423561487564103
1249,MLP,0.145,2701.0,0.6379564491073938
2126,MLP,0.145,2701.0,0.6379564491073938
72,MLP,0.144,2703.0,0.6335567494583774
242,MLP,0.144,2703.0,0.6335567494583774
652,MLP,0.144,2703.0,0.6335567494583774
1463,MLP,0.144,2703.0,0.6335567494583774
2510,MLP,0.144,2703.0,0.6335567494583774
760,MLP,0.143,2708.0,0.6291570498093608
2449,MLP,0.143,2708.0,0.6291570498093608
1038,MLP,0.142,2710.0,0.6247573501603443
1424,MLP,0.142,2710.0,0.6247573501603443
2320,MLP,0.142,2710.0,0.6247573501603443
144,MLP,0.141,2713.0,0.6203576505113277
764,MLP,0.141,2713.0,0.6203576505113277
1086,MLP,0.141,2713.0,0.6203576505113277
2062,MLP,0.141,2713.0,0.6203576505113277
504,MLP,0.14,2717.0,0.6159579508623114
2414,MLP,0.14,2717.0,0.6159579508623114
317,MLP,0.139,2719.0,0.6115582512132949
380,MLP,0.139,2719.0,0.6115582512132949
894,MLP,0.139,2719.0,0.6115582512132949
1936,MLP,0.139,2719.0,0.6115582512132949
106,MLP,0.138,2723.0,0.6071585515642783
1348,MLP,0.138,2723.0,0.6071585515642783
1916,MLP,0.138,2723.0,0.6071585515642783
229,MLP,0.137,2726.0,0.6027588519152619
584,MLP,0.137,2726.0,0.6027588519152619
802,MLP,0.137,2726.0,0.6027588519152619
2685,MLP,0.137,2726.0,0.6027588519152619
1000,MLP,0.136,2730.0,0.5983591522662454
1104,MLP,0.136,2730.0,0.5983591522662454
243,MLP,0.135,2732.0,0.5939594526172288
290,MLP,0.135,2732.0,0.5939594526172288
919,MLP,0.135,2732.0,0.5939594526172288
2653,MLP,0.135,2732.0,0.5939594526172288
439,MLP,0.134,2736.0,0.5895597529682123
1595,MLP,0.133,2737.0,0.5851600533191958
2134,MLP,0.133,2737.0,0.5851600533191958
218,MLP,0.132,2739.0,0.5807603536701793
1310,MLP,0.132,2739.0,0.5807603536701793
285,MLP,0.131,2741.0,0.5763606540211628
1245,MLP,0.131,2741.0,0.5763606540211628
1823,MLP,0.13,2743.0,0.5719609543721462
2308,MLP,0.13,2743.0,0.5719609543721462
2738,MLP,0.13,2743.0,0.5719609543721462
2423,MLP,0.129,2746.0,0.5675612547231298
361,MLP,0.128,2747.0,0.5631615550741133
252,MLP,0.127,2748.0,0.5587618554250967
2413,MLP,0.127,2748.0,0.5587618554250967
54,MLP,0.126,2750.0,0.5543621557760802
472,MLP,0.126,2750.0,0.5543621557760802
2768,MLP,0.126,2750.0,0.5543621557760802
1410,MLP,0.124,2753.0,0.5455627564780472
1859,MLP,0.123,2754.0,0.5411630568290307
1917,MLP,0.123,2754.0,0.5411630568290307
921,MLP,0.121,2756.0,0.5323636575309977
2772,MLP,0.121,2756.0,0.5323636575309977
2340,MLP,0.119,2758.0,0.5235642582329646
2477,MLP,0.119,2758.0,0.5235642582329646
1642,MLP,0.118,2760.0,0.519164558583948
1817,MLP,0.118,2760.0,0.519164558583948
928,MLP,0.117,2762.0,0.5147648589349316
948,MLP,0.115,2763.0,0.5059654596368987
614,MLP,0.114,2764.0,0.5015657599878821
181,MLP,0.112,2765.0,0.4927663606898491
2663,MLP,0.112,2765.0,0.4927663606898491
758,MLP,0.111,2767.0,0.48836666104083254
2064,MLP,0.11,2768.0,0.48396696139181605
2500,MLP,0.108,2769.0,0.475167562093783
1116,MLP,0.107,2770.0,0.47076786244476654
1322,MLP,0.107,2770.0,0.47076786244476654
520,MLP,0.105,2772.0,0.4619684631467335
726,MLP,0.103,2773.0,0.4531690638487005
1713,MLP,0.1,2774.0,0.43996996490165097
2198,MLP,0.1,2774.0,0.43996996490165097
663,MLP,0.096,2776.0,0.4223711663055849
1915,MLP,0.093,2777.0,0.4091720673585354
322,MLP,0.091,2778.0,0.40037266806050237
