Site,Reference_Model,Average_Relative_Error,Rank,Mean_over_SDofMean
2300,GAM,2.093,1.0,8.936089976788729
900,GAM,2.029,2.0,8.662841167178371
1129,GAM,1.931,3.0,8.244428927462511
522,GAM,1.72,4.0,7.343561758278362
193,GAM,1.706,5.0,7.283788581176097
96,GAM,1.675,6.0,7.15143368902108
2188,GAM,1.675,6.0,7.15143368902108
294,GAM,1.631,8.0,6.9635751324139585
2177,GAM,1.54,9.0,6.5750494812492315
1837,GAM,1.539,10.0,6.570779968599069
581,GAM,1.521,11.0,6.493928740896156
1530,GAM,1.484,12.0,6.335956772840168
2404,GAM,1.48,13.0,6.318878722239521
2158,GAM,1.479,14.0,6.31460920958936
1169,GAM,1.462,15.0,6.242027494536608
35,GAM,1.46,16.0,6.233488469236284
2130,GAM,1.441,17.0,6.15236772888321
1910,GAM,1.43,18.0,6.105403089731429
2436,GAM,1.4,19.0,5.977317710226574
539,GAM,1.393,20.0,5.947431121675441
2648,GAM,1.392,21.0,5.943161609025279
287,GAM,1.385,22.0,5.913275020474146
2583,GAM,1.376,23.0,5.8748494066226895
100,GAM,1.346,24.0,5.746764027117835
2110,GAM,1.335,25.0,5.6997993879660545
885,GAM,1.306,26.0,5.575983521111362
1121,GAM,1.252,27.0,5.345429838002622
1697,GAM,1.252,27.0,5.345429838002622
307,GAM,1.236,29.0,5.277117635600033
1371,GAM,1.231,30.0,5.2557700723492236
511,GAM,1.228,31.0,5.242961534398738
302,GAM,1.225,32.0,5.230152996448253
1172,GAM,1.223,33.0,5.221613971147929
2259,GAM,1.222,34.0,5.217344458497767
1778,GAM,1.215,35.0,5.187457869946634
318,GAM,1.211,36.0,5.170379819345987
748,GAM,1.172,37.0,5.003868825989675
1009,GAM,1.155,38.0,4.931287110936924
1692,GAM,1.151,39.0,4.914209060336276
2149,GAM,1.15,40.0,4.909939547686114
1423,GAM,1.149,41.0,4.905670035035953
2541,GAM,1.145,42.0,4.888591984435306
410,GAM,1.134,43.0,4.841627345283524
1614,GAM,1.123,44.0,4.794662706131745
1597,GAM,1.118,45.0,4.773315142880936
1972,GAM,1.118,45.0,4.773315142880936
761,GAM,1.116,47.0,4.764776117580612
1025,GAM,1.113,48.0,4.751967579630127
2344,GAM,1.113,48.0,4.751967579630127
2274,GAM,1.11,50.0,4.739159041679641
955,GAM,1.108,51.0,4.7306200163793175
2209,GAM,1.107,52.0,4.726350503729155
2199,GAM,1.105,53.0,4.717811478428832
2690,GAM,1.104,54.0,4.713541965778671
220,GAM,1.101,55.0,4.700733427828184
1681,GAM,1.1,56.0,4.696463915178023
1070,GAM,1.094,57.0,4.6708468392770515
1652,GAM,1.093,58.0,4.666577326626889
1185,GAM,1.09,59.0,4.6537687886764045
1345,GAM,1.075,60.0,4.589726098923976
2422,GAM,1.075,60.0,4.589726098923976
527,GAM,1.073,62.0,4.581187073623653
1360,GAM,1.069,63.0,4.564109023023005
149,GAM,1.067,64.0,4.555569997722682
2455,GAM,1.065,65.0,4.547030972422358
1354,GAM,1.064,66.0,4.542761459772197
1476,GAM,1.062,67.0,4.534222434471873
2290,GAM,1.053,68.0,4.4957968206204155
1758,GAM,1.049,69.0,4.478718770019769
467,GAM,1.045,70.0,4.461640719419121
1649,GAM,1.044,71.0,4.4573712067689595
476,GAM,1.038,72.0,4.431754130867989
2047,GAM,1.036,73.0,4.423215105567665
127,GAM,1.03,74.0,4.397598029666694
2318,GAM,1.024,75.0,4.371980953765723
1040,GAM,1.021,76.0,4.3591724158152365
1749,GAM,1.021,76.0,4.3591724158152365
1010,GAM,1.019,78.0,4.350633390514913
1255,GAM,1.018,79.0,4.346363877864752
2584,GAM,1.007,80.0,4.299399238712971
1729,GAM,1.006,81.0,4.29512972606281
1853,GAM,0.998,82.0,4.260973624861515
2731,GAM,0.995,83.0,4.24816508691103
425,GAM,0.993,84.0,4.239626061610706
1377,GAM,0.993,84.0,4.239626061610706
951,GAM,0.987,86.0,4.214008985709735
638,GAM,0.983,87.0,4.196930935109087
964,GAM,0.982,88.0,4.192661422458926
606,GAM,0.98,89.0,4.1841223971586015
84,GAM,0.974,90.0,4.158505321257631
160,GAM,0.972,91.0,4.149966295957307
1412,GAM,0.971,92.0,4.145696783307145
2486,GAM,0.97,93.0,4.141427270656983
877,GAM,0.968,94.0,4.13288824535666
2085,GAM,0.968,94.0,4.13288824535666
2538,GAM,0.967,96.0,4.128618732706498
1413,GAM,0.961,97.0,4.103001656805527
2004,GAM,0.959,98.0,4.094462631505203
1572,GAM,0.951,99.0,4.060306530303908
1503,GAM,0.95,100.0,4.056037017653747
1484,GAM,0.948,101.0,4.047497992353423
1680,GAM,0.946,102.0,4.038958967053099
1994,GAM,0.946,102.0,4.038958967053099
2432,GAM,0.944,104.0,4.0304199417527755
70,GAM,0.935,105.0,3.9919943279013195
1892,GAM,0.934,106.0,3.9877248152511577
2295,GAM,0.933,107.0,3.9834553026009956
1885,GAM,0.928,108.0,3.9621077393501865
844,GAM,0.925,109.0,3.949299201399701
664,GAM,0.921,110.0,3.9322211507990534
1871,GAM,0.915,111.0,3.9066040748980826
2724,GAM,0.914,112.0,3.902334562247921
740,GAM,0.913,113.0,3.8980650495977587
431,GAM,0.912,114.0,3.893795536947597
1428,GAM,0.909,115.0,3.8809869989971113
1700,GAM,0.909,115.0,3.8809869989971113
1847,GAM,0.907,117.0,3.872447973696788
570,GAM,0.906,118.0,3.868178461046626
2633,GAM,0.906,118.0,3.868178461046626
2689,GAM,0.906,118.0,3.868178461046626
1960,GAM,0.905,121.0,3.863908948396464
2339,GAM,0.9,122.0,3.842561385145655
1656,GAM,0.898,123.0,3.8340223598453314
1419,GAM,0.897,124.0,3.8297528471951696
276,GAM,0.89,125.0,3.7998662586440366
2708,GAM,0.886,126.0,3.782788208043389
1748,GAM,0.883,127.0,3.7699796700929036
1243,GAM,0.882,128.0,3.765710157442742
2509,GAM,0.879,129.0,3.752901619492256
679,GAM,0.876,130.0,3.7400930815417706
2261,GAM,0.876,130.0,3.7400930815417706
2029,GAM,0.875,132.0,3.735823568891609
1012,GAM,0.874,133.0,3.731554056241447
2090,GAM,0.872,134.0,3.723015030941123
194,GAM,0.871,135.0,3.7187455182909614
636,GAM,0.868,136.0,3.705936980340476
970,GAM,0.866,137.0,3.6973979550401523
306,GAM,0.862,138.0,3.680319904439505
1114,GAM,0.856,139.0,3.6547028285385337
821,GAM,0.85,140.0,3.629085752637563
2651,GAM,0.848,141.0,3.620546727337239
129,GAM,0.847,142.0,3.616277214687077
320,GAM,0.846,143.0,3.6120077020369155
2030,GAM,0.845,144.0,3.6077381893867537
556,GAM,0.843,145.0,3.59919916408643
2224,GAM,0.842,146.0,3.594929651436268
2758,GAM,0.839,147.0,3.5821211134857824
815,GAM,0.837,148.0,3.573582088185459
959,GAM,0.837,148.0,3.573582088185459
1523,GAM,0.837,148.0,3.573582088185459
2022,GAM,0.837,148.0,3.573582088185459
2161,GAM,0.837,148.0,3.573582088185459
484,GAM,0.836,153.0,3.569312575535297
1080,GAM,0.834,154.0,3.5607735502349733
1559,GAM,0.833,155.0,3.5565040375848116
2456,GAM,0.833,155.0,3.5565040375848116
1151,GAM,0.832,157.0,3.55223452493465
1355,GAM,0.831,158.0,3.5479650122844877
674,GAM,0.829,159.0,3.539425986984164
923,GAM,0.827,160.0,3.5308869616838403
1212,GAM,0.827,160.0,3.5308869616838403
1321,GAM,0.827,160.0,3.5308869616838403
1931,GAM,0.827,160.0,3.5308869616838403
2517,GAM,0.826,164.0,3.5266174490336786
2443,GAM,0.823,165.0,3.513808911083193
1518,GAM,0.821,166.0,3.5052698857828695
339,GAM,0.82,167.0,3.5010003731327077
351,GAM,0.82,167.0,3.5010003731327077
2284,GAM,0.819,169.0,3.4967308604825456
1601,GAM,0.817,170.0,3.488191835182222
297,GAM,0.816,171.0,3.4839223225320604
843,GAM,0.816,171.0,3.4839223225320604
1437,GAM,0.816,171.0,3.4839223225320604
861,GAM,0.815,174.0,3.479652809881898
797,GAM,0.811,175.0,3.4625747592812512
1011,GAM,0.811,175.0,3.4625747592812512
1849,GAM,0.811,175.0,3.4625747592812512
1277,GAM,0.81,178.0,3.4583052466310895
1469,GAM,0.81,178.0,3.4583052466310895
1746,GAM,0.81,178.0,3.4583052466310895
2578,GAM,0.809,181.0,3.454035733980928
505,GAM,0.808,182.0,3.449766221330766
1096,GAM,0.807,183.0,3.445496708680604
429,GAM,0.805,184.0,3.4369576833802804
2593,GAM,0.805,184.0,3.4369576833802804
688,GAM,0.804,186.0,3.4326881707301187
39,GAM,0.801,187.0,3.419879632779633
775,GAM,0.801,187.0,3.419879632779633
488,GAM,0.8,189.0,3.4156101201294713
714,GAM,0.799,190.0,3.411340607479309
2309,GAM,0.797,191.0,3.4028015821789857
1526,GAM,0.796,192.0,3.398532069528824
2013,GAM,0.796,192.0,3.398532069528824
2497,GAM,0.795,194.0,3.3942625568786617
2609,GAM,0.794,195.0,3.3899930442285
2430,GAM,0.793,196.0,3.3857235315783383
1647,GAM,0.791,197.0,3.3771845062780144
1879,GAM,0.791,197.0,3.3771845062780144
569,GAM,0.79,199.0,3.3729149936278526
837,GAM,0.79,199.0,3.3729149936278526
1314,GAM,0.79,199.0,3.3729149936278526
1663,GAM,0.79,199.0,3.3729149936278526
288,GAM,0.789,203.0,3.368645480977691
2076,GAM,0.789,203.0,3.368645480977691
249,GAM,0.787,205.0,3.360106455677367
1147,GAM,0.787,205.0,3.360106455677367
518,GAM,0.785,207.0,3.3515674303770435
1406,GAM,0.78,208.0,3.3302198671262344
2159,GAM,0.778,209.0,3.3216808418259105
814,GAM,0.777,210.0,3.3174113291757488
117,GAM,0.774,211.0,3.304602791225263
241,GAM,0.772,212.0,3.2960637659249397
2227,GAM,0.768,213.0,3.2789857153242923
69,GAM,0.767,214.0,3.2747162026741305
655,GAM,0.767,214.0,3.2747162026741305
2160,GAM,0.766,216.0,3.2704466900239684
561,GAM,0.764,217.0,3.261907664723645
865,GAM,0.764,217.0,3.261907664723645
2189,GAM,0.764,217.0,3.261907664723645
996,GAM,0.763,220.0,3.257638152073483
2010,GAM,0.763,220.0,3.257638152073483
1264,GAM,0.761,222.0,3.2490991267731593
2117,GAM,0.761,222.0,3.2490991267731593
38,GAM,0.76,224.0,3.2448296141229975
507,GAM,0.76,224.0,3.2448296141229975
1502,GAM,0.759,226.0,3.240560101472836
1493,GAM,0.758,227.0,3.2362905888226736
2145,GAM,0.758,227.0,3.2362905888226736
2677,GAM,0.757,229.0,3.232021076172512
601,GAM,0.753,230.0,3.2149430255718645
392,GAM,0.752,231.0,3.2106735129217028
143,GAM,0.749,232.0,3.197864974971217
1779,GAM,0.749,232.0,3.197864974971217
408,GAM,0.746,234.0,3.1850564370207315
933,GAM,0.746,234.0,3.1850564370207315
529,GAM,0.745,236.0,3.1807869243705698
1220,GAM,0.743,237.0,3.1722478990702463
1190,GAM,0.741,238.0,3.1637088737699224
2255,GAM,0.741,238.0,3.1637088737699224
1754,GAM,0.736,240.0,3.1423613105191133
1233,GAM,0.735,241.0,3.1380917978689515
52,GAM,0.731,242.0,3.121013747268304
1084,GAM,0.73,243.0,3.116744234618142
2052,GAM,0.73,243.0,3.116744234618142
1610,GAM,0.727,245.0,3.103935696667657
1135,GAM,0.725,246.0,3.095396671367333
1250,GAM,0.722,247.0,3.0825881334168472
1543,GAM,0.721,248.0,3.0783186207666855
1715,GAM,0.721,248.0,3.0783186207666855
2776,GAM,0.721,248.0,3.0783186207666855
312,GAM,0.72,251.0,3.0740491081165238
1122,GAM,0.718,252.0,3.0655100828162
1311,GAM,0.718,252.0,3.0655100828162
586,GAM,0.717,254.0,3.061240570166038
1501,GAM,0.717,254.0,3.061240570166038
382,GAM,0.716,256.0,3.0569710575158764
2152,GAM,0.715,257.0,3.0527015448657147
1639,GAM,0.714,258.0,3.0484320322155525
2411,GAM,0.714,258.0,3.0484320322155525
1088,GAM,0.712,260.0,3.039893006915229
183,GAM,0.711,261.0,3.0356234942650673
255,GAM,0.711,261.0,3.0356234942650673
369,GAM,0.711,261.0,3.0356234942650673
2356,GAM,0.71,264.0,3.0313539816149055
1558,GAM,0.706,265.0,3.014275931014258
146,GAM,0.704,266.0,3.0057369057139343
334,GAM,0.704,266.0,3.0057369057139343
427,GAM,0.704,266.0,3.0057369057139343
262,GAM,0.701,269.0,2.9929283677634486
1549,GAM,0.701,269.0,2.9929283677634486
2210,GAM,0.701,269.0,2.9929283677634486
2305,GAM,0.701,269.0,2.9929283677634486
75,GAM,0.697,273.0,2.9758503171628012
940,GAM,0.697,273.0,2.9758503171628012
281,GAM,0.695,275.0,2.9673112918624778
1637,GAM,0.694,276.0,2.963041779212316
1118,GAM,0.693,277.0,2.958772266562154
1295,GAM,0.693,277.0,2.958772266562154
1585,GAM,0.693,277.0,2.958772266562154
2298,GAM,0.693,277.0,2.958772266562154
358,GAM,0.691,281.0,2.9502332412618304
878,GAM,0.691,281.0,2.9502332412618304
168,GAM,0.69,283.0,2.9459637286116687
214,GAM,0.689,284.0,2.9416942159615065
1825,GAM,0.687,285.0,2.9331551906611835
1238,GAM,0.686,286.0,2.9288856780110217
51,GAM,0.685,287.0,2.9246161653608596
402,GAM,0.684,288.0,2.920346652710698
1043,GAM,0.683,289.0,2.916077140060536
856,GAM,0.68,290.0,2.9032686021100504
1296,GAM,0.68,290.0,2.9032686021100504
547,GAM,0.679,292.0,2.8989990894598887
1791,GAM,0.678,293.0,2.894729576809727
588,GAM,0.677,294.0,2.890460064159565
1344,GAM,0.677,294.0,2.890460064159565
1073,GAM,0.676,296.0,2.886190551509403
1957,GAM,0.676,296.0,2.886190551509403
2273,GAM,0.676,296.0,2.886190551509403
2084,GAM,0.675,299.0,2.8819210388592413
1445,GAM,0.671,300.0,2.864842988258594
2368,GAM,0.671,300.0,2.864842988258594
1468,GAM,0.67,302.0,2.8605734756084322
1861,GAM,0.669,303.0,2.85630396295827
2299,GAM,0.669,303.0,2.85630396295827
424,GAM,0.668,305.0,2.8520344503081083
899,GAM,0.667,306.0,2.8477649376579466
1764,GAM,0.667,306.0,2.8477649376579466
1924,GAM,0.662,308.0,2.8264173744071375
2257,GAM,0.661,309.0,2.8221478617569757
1019,GAM,0.659,310.0,2.813608836456652
452,GAM,0.658,311.0,2.80933932380649
2533,GAM,0.658,311.0,2.80933932380649
1772,GAM,0.656,313.0,2.800800298506166
2450,GAM,0.656,313.0,2.800800298506166
2748,GAM,0.656,313.0,2.800800298506166
60,GAM,0.655,316.0,2.7965307858560045
293,GAM,0.655,316.0,2.7965307858560045
2659,GAM,0.653,318.0,2.787991760555681
2608,GAM,0.652,319.0,2.783722247905519
1841,GAM,0.651,320.0,2.779452735255357
1226,GAM,0.649,321.0,2.7709137099550336
672,GAM,0.648,322.0,2.7666441973048714
1062,GAM,0.647,323.0,2.7623746846547097
825,GAM,0.646,324.0,2.758105172004548
850,GAM,0.643,325.0,2.7452966340540623
2389,GAM,0.641,326.0,2.736757608753739
1304,GAM,0.639,327.0,2.728218583453415
1775,GAM,0.639,327.0,2.728218583453415
2157,GAM,0.638,329.0,2.723949070803253
2679,GAM,0.637,330.0,2.7196795581530915
1004,GAM,0.636,331.0,2.7154100455029293
2504,GAM,0.636,331.0,2.7154100455029293
176,GAM,0.635,333.0,2.7111405328527676
965,GAM,0.635,333.0,2.7111405328527676
1583,GAM,0.635,333.0,2.7111405328527676
2612,GAM,0.635,333.0,2.7111405328527676
1109,GAM,0.633,337.0,2.702601507552444
2599,GAM,0.633,337.0,2.702601507552444
25,GAM,0.632,339.0,2.698331994902282
300,GAM,0.632,339.0,2.698331994902282
1144,GAM,0.632,339.0,2.698331994902282
137,GAM,0.631,342.0,2.69406248225212
189,GAM,0.631,342.0,2.69406248225212
1142,GAM,0.631,342.0,2.69406248225212
2469,GAM,0.631,342.0,2.69406248225212
324,GAM,0.63,346.0,2.6897929696019585
1856,GAM,0.63,346.0,2.6897929696019585
2542,GAM,0.63,346.0,2.6897929696019585
1203,GAM,0.629,349.0,2.6855234569517967
2092,GAM,0.629,349.0,2.6855234569517967
1933,GAM,0.625,351.0,2.6684454063511494
381,GAM,0.623,352.0,2.6599063810508254
2023,GAM,0.623,352.0,2.6599063810508254
1690,GAM,0.622,354.0,2.6556368684006637
1912,GAM,0.622,354.0,2.6556368684006637
1625,GAM,0.621,356.0,2.651367355750502
700,GAM,0.62,357.0,2.64709784310034
1390,GAM,0.62,357.0,2.64709784310034
1606,GAM,0.619,359.0,2.642828330450178
1244,GAM,0.618,360.0,2.6385588178000163
59,GAM,0.617,361.0,2.6342893051498546
86,GAM,0.616,362.0,2.6300197924996924
321,GAM,0.616,362.0,2.6300197924996924
325,GAM,0.616,362.0,2.6300197924996924
937,GAM,0.616,362.0,2.6300197924996924
11,GAM,0.614,366.0,2.621480767199369
1460,GAM,0.614,366.0,2.621480767199369
1090,GAM,0.613,368.0,2.6172112545492072
1862,GAM,0.612,369.0,2.612941741899045
2480,GAM,0.612,369.0,2.612941741899045
1041,GAM,0.611,371.0,2.6086722292488833
2005,GAM,0.611,371.0,2.6086722292488833
2099,GAM,0.611,371.0,2.6086722292488833
2566,GAM,0.611,371.0,2.6086722292488833
979,GAM,0.61,375.0,2.6044027165987216
2525,GAM,0.609,376.0,2.60013320394856
753,GAM,0.607,377.0,2.591594178648236
1107,GAM,0.607,377.0,2.591594178648236
1436,GAM,0.607,377.0,2.591594178648236
2057,GAM,0.607,377.0,2.591594178648236
2733,GAM,0.607,377.0,2.591594178648236
920,GAM,0.605,382.0,2.5830551533479125
82,GAM,0.604,383.0,2.5787856406977503
1271,GAM,0.604,383.0,2.5787856406977503
1644,GAM,0.604,383.0,2.5787856406977503
2392,GAM,0.604,383.0,2.5787856406977503
230,GAM,0.603,387.0,2.5745161280475886
1411,GAM,0.603,387.0,2.5745161280475886
1661,GAM,0.603,387.0,2.5745161280475886
2673,GAM,0.603,387.0,2.5745161280475886
1020,GAM,0.602,391.0,2.570246615397427
1689,GAM,0.601,392.0,2.565977102747265
1953,GAM,0.601,392.0,2.565977102747265
2665,GAM,0.601,392.0,2.565977102747265
1033,GAM,0.6,395.0,2.561707590097103
1923,GAM,0.6,395.0,2.561707590097103
2266,GAM,0.6,395.0,2.561707590097103
2055,GAM,0.599,398.0,2.557438077446941
2552,GAM,0.599,398.0,2.557438077446941
454,GAM,0.598,400.0,2.5531685647967794
1922,GAM,0.598,400.0,2.5531685647967794
816,GAM,0.597,402.0,2.5488990521466177
1305,GAM,0.597,402.0,2.5488990521466177
1669,GAM,0.595,404.0,2.540360026846294
1920,GAM,0.595,404.0,2.540360026846294
1793,GAM,0.594,406.0,2.536090514196132
485,GAM,0.593,407.0,2.5318210015459703
1929,GAM,0.593,407.0,2.5318210015459703
292,GAM,0.592,409.0,2.5275514888958086
404,GAM,0.592,409.0,2.5275514888958086
457,GAM,0.592,409.0,2.5275514888958086
1439,GAM,0.592,409.0,2.5275514888958086
2662,GAM,0.592,409.0,2.5275514888958086
729,GAM,0.591,414.0,2.5232819762456464
958,GAM,0.591,414.0,2.5232819762456464
2495,GAM,0.591,414.0,2.5232819762456464
763,GAM,0.59,417.0,2.5190124635954847
998,GAM,0.589,418.0,2.514742950945323
798,GAM,0.588,419.0,2.5104734382951612
2313,GAM,0.588,419.0,2.5104734382951612
2515,GAM,0.587,421.0,2.506203925644999
904,GAM,0.586,422.0,2.5019344129948373
2053,GAM,0.586,422.0,2.5019344129948373
2419,GAM,0.585,424.0,2.4976649003446756
2442,GAM,0.585,424.0,2.4976649003446756
874,GAM,0.584,426.0,2.493395387694514
1475,GAM,0.584,426.0,2.493395387694514
2607,GAM,0.584,426.0,2.493395387694514
2384,GAM,0.583,429.0,2.4891258750443517
437,GAM,0.582,430.0,2.48485636239419
968,GAM,0.582,430.0,2.48485636239419
2063,GAM,0.581,432.0,2.480586849744028
2632,GAM,0.581,432.0,2.480586849744028
1623,GAM,0.58,434.0,2.4763173370938665
2281,GAM,0.58,434.0,2.4763173370938665
2200,GAM,0.579,436.0,2.4720478244437043
2600,GAM,0.579,436.0,2.4720478244437043
310,GAM,0.578,438.0,2.4677783117935426
1285,GAM,0.578,438.0,2.4677783117935426
2746,GAM,0.578,438.0,2.4677783117935426
2762,GAM,0.578,438.0,2.4677783117935426
1522,GAM,0.577,442.0,2.463508799143381
1125,GAM,0.576,443.0,2.459239286493219
2672,GAM,0.575,444.0,2.454969773843057
131,GAM,0.574,445.0,2.450700261192895
1263,GAM,0.574,445.0,2.450700261192895
2275,GAM,0.574,445.0,2.450700261192895
132,GAM,0.573,448.0,2.4464307485427335
371,GAM,0.573,448.0,2.4464307485427335
587,GAM,0.573,448.0,2.4464307485427335
2610,GAM,0.572,451.0,2.4421612358925717
1093,GAM,0.571,452.0,2.4378917232424095
1815,GAM,0.571,452.0,2.4378917232424095
2561,GAM,0.57,454.0,2.433622210592248
2723,GAM,0.57,454.0,2.433622210592248
387,GAM,0.569,456.0,2.429352697942086
2567,GAM,0.569,456.0,2.429352697942086
1252,GAM,0.568,458.0,2.4250831852919243
170,GAM,0.567,459.0,2.420813672641762
420,GAM,0.566,460.0,2.4165441599916004
2183,GAM,0.566,460.0,2.4165441599916004
1932,GAM,0.565,462.0,2.4122746473414387
1427,GAM,0.564,463.0,2.408005134691277
1756,GAM,0.564,463.0,2.408005134691277
1824,GAM,0.564,463.0,2.408005134691277
2026,GAM,0.564,463.0,2.408005134691277
2054,GAM,0.564,463.0,2.408005134691277
2078,GAM,0.564,463.0,2.408005134691277
2319,GAM,0.564,463.0,2.408005134691277
534,GAM,0.562,470.0,2.3994661093909535
552,GAM,0.562,470.0,2.3994661093909535
1688,GAM,0.562,470.0,2.3994661093909535
927,GAM,0.561,473.0,2.3951965967407918
2501,GAM,0.56,474.0,2.39092708409063
555,GAM,0.559,475.0,2.386657571440468
873,GAM,0.559,475.0,2.386657571440468
528,GAM,0.558,477.0,2.382388058790306
222,GAM,0.557,478.0,2.3781185461401444
922,GAM,0.556,479.0,2.3738490334899827
1845,GAM,0.555,480.0,2.3695795208398205
2203,GAM,0.555,480.0,2.3695795208398205
188,GAM,0.554,482.0,2.3653100081896588
566,GAM,0.554,482.0,2.3653100081896588
657,GAM,0.554,482.0,2.3653100081896588
1968,GAM,0.554,482.0,2.3653100081896588
391,GAM,0.553,486.0,2.361040495539497
509,GAM,0.553,486.0,2.361040495539497
1693,GAM,0.553,486.0,2.361040495539497
2717,GAM,0.551,489.0,2.352501470239173
405,GAM,0.549,490.0,2.3439624449388496
925,GAM,0.549,490.0,2.3439624449388496
1105,GAM,0.549,490.0,2.3439624449388496
1356,GAM,0.549,490.0,2.3439624449388496
1794,GAM,0.549,490.0,2.3439624449388496
2067,GAM,0.549,490.0,2.3439624449388496
2739,GAM,0.548,496.0,2.339692932288688
1312,GAM,0.547,497.0,2.3354234196385257
696,GAM,0.545,498.0,2.3268843943382023
1438,GAM,0.545,498.0,2.3268843943382023
2204,GAM,0.545,498.0,2.3268843943382023
110,GAM,0.544,501.0,2.3226148816880405
1450,GAM,0.544,501.0,2.3226148816880405
879,GAM,0.543,503.0,2.318345369037879
2249,GAM,0.543,503.0,2.318345369037879
2475,GAM,0.543,503.0,2.318345369037879
74,GAM,0.542,506.0,2.3140758563877166
538,GAM,0.542,506.0,2.3140758563877166
1872,GAM,0.542,506.0,2.3140758563877166
1192,GAM,0.541,509.0,2.309806343737555
2635,GAM,0.54,510.0,2.305536831087393
44,GAM,0.539,511.0,2.3012673184372314
1189,GAM,0.539,511.0,2.3012673184372314
1369,GAM,0.539,511.0,2.3012673184372314
244,GAM,0.538,514.0,2.2969978057870692
836,GAM,0.538,514.0,2.2969978057870692
960,GAM,0.538,514.0,2.2969978057870692
2080,GAM,0.538,514.0,2.2969978057870692
2394,GAM,0.538,514.0,2.2969978057870692
2511,GAM,0.538,514.0,2.2969978057870692
2627,GAM,0.538,514.0,2.2969978057870692
1814,GAM,0.537,521.0,2.2927282931369075
2132,GAM,0.536,522.0,2.288458780486746
460,GAM,0.535,523.0,2.284189267836584
277,GAM,0.534,524.0,2.279919755186422
2505,GAM,0.534,524.0,2.279919755186422
2260,GAM,0.533,526.0,2.27565024253626
238,GAM,0.532,527.0,2.2713807298860984
2287,GAM,0.532,527.0,2.2713807298860984
599,GAM,0.531,529.0,2.2671112172359367
1140,GAM,0.531,529.0,2.2671112172359367
2277,GAM,0.531,529.0,2.2671112172359367
2540,GAM,0.531,529.0,2.2671112172359367
22,GAM,0.53,533.0,2.2628417045857745
769,GAM,0.53,533.0,2.2628417045857745
780,GAM,0.53,533.0,2.2628417045857745
1163,GAM,0.53,533.0,2.2628417045857745
1674,GAM,0.53,533.0,2.2628417045857745
1106,GAM,0.529,538.0,2.2585721919356128
1418,GAM,0.529,538.0,2.2585721919356128
1678,GAM,0.529,538.0,2.2585721919356128
2373,GAM,0.529,538.0,2.2585721919356128
2089,GAM,0.528,542.0,2.254302679285451
280,GAM,0.525,543.0,2.2414941413349654
1431,GAM,0.525,543.0,2.2414941413349654
2466,GAM,0.525,543.0,2.2414941413349654
2380,GAM,0.524,546.0,2.2372246286848037
1320,GAM,0.523,547.0,2.232955116034642
377,GAM,0.522,548.0,2.2286856033844797
981,GAM,0.521,549.0,2.224416090734318
2474,GAM,0.521,549.0,2.224416090734318
2703,GAM,0.521,549.0,2.224416090734318
212,GAM,0.52,552.0,2.2201465780841563
1883,GAM,0.52,552.0,2.2201465780841563
1919,GAM,0.52,552.0,2.2201465780841563
93,GAM,0.519,555.0,2.2158770654339945
557,GAM,0.519,555.0,2.2158770654339945
2630,GAM,0.519,555.0,2.2158770654339945
1126,GAM,0.518,558.0,2.2116075527838324
1343,GAM,0.518,558.0,2.2116075527838324
1513,GAM,0.518,558.0,2.2116075527838324
2106,GAM,0.518,558.0,2.2116075527838324
192,GAM,0.517,562.0,2.2073380401336706
501,GAM,0.517,562.0,2.2073380401336706
1568,GAM,0.516,564.0,2.203068527483509
1826,GAM,0.516,564.0,2.203068527483509
1165,GAM,0.515,566.0,2.198799014833347
1291,GAM,0.515,566.0,2.198799014833347
1380,GAM,0.515,566.0,2.198799014833347
1385,GAM,0.515,566.0,2.198799014833347
2487,GAM,0.515,566.0,2.198799014833347
863,GAM,0.514,571.0,2.194529502183185
491,GAM,0.513,572.0,2.1902599895330233
2012,GAM,0.513,572.0,2.1902599895330233
1979,GAM,0.511,574.0,2.1817209642327
2656,GAM,0.511,574.0,2.1817209642327
156,GAM,0.51,576.0,2.1774514515825376
335,GAM,0.51,576.0,2.1774514515825376
997,GAM,0.51,576.0,2.1774514515825376
2211,GAM,0.51,576.0,2.1774514515825376
81,GAM,0.509,580.0,2.173181938932376
1184,GAM,0.508,581.0,2.168912426282214
1627,GAM,0.508,581.0,2.168912426282214
1808,GAM,0.508,581.0,2.168912426282214
2347,GAM,0.508,581.0,2.168912426282214
1539,GAM,0.507,585.0,2.1646429136320524
1702,GAM,0.507,585.0,2.1646429136320524
2195,GAM,0.507,585.0,2.1646429136320524
444,GAM,0.506,588.0,2.1603734009818902
2544,GAM,0.506,588.0,2.1603734009818902
2585,GAM,0.506,588.0,2.1603734009818902
1382,GAM,0.505,591.0,2.1561038883317285
2222,GAM,0.505,591.0,2.1561038883317285
264,GAM,0.504,593.0,2.1518343756815668
2359,GAM,0.504,593.0,2.1518343756815668
2481,GAM,0.504,593.0,2.1518343756815668
2660,GAM,0.503,596.0,2.147564863031405
228,GAM,0.502,597.0,2.143295350381243
455,GAM,0.502,597.0,2.143295350381243
1863,GAM,0.502,597.0,2.143295350381243
746,GAM,0.501,600.0,2.139025837731081
917,GAM,0.501,600.0,2.139025837731081
1167,GAM,0.5,602.0,2.1347563250809194
1448,GAM,0.5,602.0,2.1347563250809194
1584,GAM,0.5,602.0,2.1347563250809194
1954,GAM,0.5,602.0,2.1347563250809194
26,GAM,0.499,606.0,2.1304868124307577
1482,GAM,0.499,606.0,2.1304868124307577
2408,GAM,0.499,606.0,2.1304868124307577
24,GAM,0.498,609.0,2.1262172997805955
1534,GAM,0.498,609.0,2.1262172997805955
2156,GAM,0.498,609.0,2.1262172997805955
2179,GAM,0.498,609.0,2.1262172997805955
2682,GAM,0.498,609.0,2.1262172997805955
2401,GAM,0.497,614.0,2.1219477871304337
1488,GAM,0.496,615.0,2.117678274480272
1819,GAM,0.496,615.0,2.117678274480272
2765,GAM,0.496,615.0,2.117678274480272
2091,GAM,0.495,618.0,2.1134087618301103
952,GAM,0.494,619.0,2.109139249179948
177,GAM,0.493,620.0,2.1048697365297864
1416,GAM,0.493,620.0,2.1048697365297864
1716,GAM,0.493,620.0,2.1048697365297864
27,GAM,0.492,623.0,2.1006002238796246
830,GAM,0.492,623.0,2.1006002238796246
942,GAM,0.492,623.0,2.1006002238796246
1670,GAM,0.492,623.0,2.1006002238796246
1686,GAM,0.492,623.0,2.1006002238796246
2705,GAM,0.492,623.0,2.1006002238796246
2001,GAM,0.491,629.0,2.096330711229463
2667,GAM,0.491,629.0,2.096330711229463
732,GAM,0.49,631.0,2.0920611985793007
1400,GAM,0.49,631.0,2.0920611985793007
1532,GAM,0.49,631.0,2.0920611985793007
1958,GAM,0.49,631.0,2.0920611985793007
97,GAM,0.489,635.0,2.087791685929139
2757,GAM,0.489,635.0,2.087791685929139
367,GAM,0.488,637.0,2.0835221732789773
559,GAM,0.488,637.0,2.0835221732789773
602,GAM,0.488,637.0,2.0835221732789773
1018,GAM,0.488,637.0,2.0835221732789773
1258,GAM,0.488,637.0,2.0835221732789773
623,GAM,0.487,642.0,2.0792526606288155
847,GAM,0.487,642.0,2.0792526606288155
2191,GAM,0.487,642.0,2.0792526606288155
1021,GAM,0.486,645.0,2.0749831479786534
1913,GAM,0.485,646.0,2.0707136353284916
2490,GAM,0.485,646.0,2.0707136353284916
2680,GAM,0.485,646.0,2.0707136353284916
2741,GAM,0.485,646.0,2.0707136353284916
668,GAM,0.484,650.0,2.06644412267833
2571,GAM,0.484,650.0,2.06644412267833
270,GAM,0.483,652.0,2.062174610028168
323,GAM,0.483,652.0,2.062174610028168
823,GAM,0.483,652.0,2.062174610028168
1146,GAM,0.483,652.0,2.062174610028168
1607,GAM,0.483,652.0,2.062174610028168
2220,GAM,0.483,652.0,2.062174610028168
656,GAM,0.482,658.0,2.057905097378006
1846,GAM,0.482,658.0,2.057905097378006
486,GAM,0.481,660.0,2.0536355847278442
1575,GAM,0.481,660.0,2.0536355847278442
1648,GAM,0.481,660.0,2.0536355847278442
1657,GAM,0.481,660.0,2.0536355847278442
991,GAM,0.48,664.0,2.0493660720776825
1453,GAM,0.48,664.0,2.0493660720776825
2163,GAM,0.48,664.0,2.0493660720776825
666,GAM,0.479,667.0,2.0450965594275208
872,GAM,0.479,667.0,2.0450965594275208
2576,GAM,0.479,667.0,2.0450965594275208
1248,GAM,0.478,670.0,2.0408270467773586
2128,GAM,0.478,670.0,2.0408270467773586
17,GAM,0.477,672.0,2.036557534127197
650,GAM,0.477,672.0,2.036557534127197
1909,GAM,0.477,672.0,2.036557534127197
1945,GAM,0.477,672.0,2.036557534127197
2103,GAM,0.477,672.0,2.036557534127197
2441,GAM,0.477,672.0,2.036557534127197
2506,GAM,0.477,672.0,2.036557534127197
370,GAM,0.476,679.0,2.032288021477035
497,GAM,0.476,679.0,2.032288021477035
1604,GAM,0.475,681.0,2.0280185088268734
1098,GAM,0.474,682.0,2.0237489961767117
1914,GAM,0.474,682.0,2.0237489961767117
2496,GAM,0.474,682.0,2.0237489961767117
1253,GAM,0.473,685.0,2.0194794835265495
1317,GAM,0.473,685.0,2.0194794835265495
159,GAM,0.472,687.0,2.0152099708763878
265,GAM,0.472,687.0,2.0152099708763878
2369,GAM,0.472,687.0,2.0152099708763878
2547,GAM,0.472,687.0,2.0152099708763878
53,GAM,0.471,691.0,2.010940458226226
1171,GAM,0.471,691.0,2.010940458226226
1704,GAM,0.471,691.0,2.010940458226226
2170,GAM,0.471,691.0,2.010940458226226
12,GAM,0.47,695.0,2.0066709455760643
259,GAM,0.47,695.0,2.0066709455760643
1565,GAM,0.47,695.0,2.0066709455760643
187,GAM,0.469,698.0,2.002401432925902
1031,GAM,0.469,698.0,2.002401432925902
34,GAM,0.468,700.0,1.9981319202757406
826,GAM,0.468,700.0,1.9981319202757406
988,GAM,0.468,700.0,1.9981319202757406
1869,GAM,0.468,700.0,1.9981319202757406
2704,GAM,0.468,700.0,1.9981319202757406
1391,GAM,0.466,705.0,1.989592894975417
1807,GAM,0.466,705.0,1.989592894975417
2252,GAM,0.466,705.0,1.989592894975417
2332,GAM,0.466,705.0,1.989592894975417
995,GAM,0.465,709.0,1.9853233823252552
1459,GAM,0.465,709.0,1.9853233823252552
1521,GAM,0.465,709.0,1.9853233823252552
2038,GAM,0.465,709.0,1.9853233823252552
2546,GAM,0.464,713.0,1.9810538696750932
637,GAM,0.463,714.0,1.9767843570249315
708,GAM,0.463,714.0,1.9767843570249315
1404,GAM,0.463,714.0,1.9767843570249315
2374,GAM,0.463,714.0,1.9767843570249315
2467,GAM,0.462,718.0,1.9725148443747695
260,GAM,0.461,719.0,1.9682453317246078
349,GAM,0.461,719.0,1.9682453317246078
649,GAM,0.461,719.0,1.9682453317246078
1279,GAM,0.461,719.0,1.9682453317246078
1655,GAM,0.461,719.0,1.9682453317246078
1517,GAM,0.46,724.0,1.9639758190744458
1662,GAM,0.46,724.0,1.9639758190744458
1682,GAM,0.46,724.0,1.9639758190744458
567,GAM,0.459,727.0,1.9597063064242841
2661,GAM,0.459,727.0,1.9597063064242841
403,GAM,0.458,729.0,1.9554367937741222
973,GAM,0.458,729.0,1.9554367937741222
2393,GAM,0.458,729.0,1.9554367937741222
1506,GAM,0.457,732.0,1.9511672811239604
151,GAM,0.456,733.0,1.9468977684737985
630,GAM,0.456,733.0,1.9468977684737985
1119,GAM,0.456,733.0,1.9468977684737985
2140,GAM,0.456,733.0,1.9468977684737985
2529,GAM,0.456,733.0,1.9468977684737985
1884,GAM,0.455,738.0,1.9426282558236367
2131,GAM,0.455,738.0,1.9426282558236367
1183,GAM,0.453,740.0,1.934089230523313
2367,GAM,0.453,740.0,1.934089230523313
2719,GAM,0.453,740.0,1.934089230523313
1045,GAM,0.452,743.0,1.929819717873151
1397,GAM,0.452,743.0,1.929819717873151
1930,GAM,0.452,743.0,1.929819717873151
1938,GAM,0.452,743.0,1.929819717873151
2594,GAM,0.452,743.0,1.929819717873151
438,GAM,0.451,748.0,1.9255502052229894
593,GAM,0.451,748.0,1.9255502052229894
1349,GAM,0.451,748.0,1.9255502052229894
2323,GAM,0.451,748.0,1.9255502052229894
2616,GAM,0.451,748.0,1.9255502052229894
364,GAM,0.45,753.0,1.9212806925728274
483,GAM,0.45,753.0,1.9212806925728274
1921,GAM,0.45,753.0,1.9212806925728274
1999,GAM,0.45,753.0,1.9212806925728274
173,GAM,0.449,757.0,1.9170111799226657
1989,GAM,0.449,757.0,1.9170111799226657
818,GAM,0.448,759.0,1.9127416672725037
1100,GAM,0.448,759.0,1.9127416672725037
2034,GAM,0.448,759.0,1.9127416672725037
2100,GAM,0.448,759.0,1.9127416672725037
394,GAM,0.447,763.0,1.908472154622342
1281,GAM,0.447,763.0,1.908472154622342
2437,GAM,0.447,763.0,1.908472154622342
495,GAM,0.446,766.0,1.90420264197218
1472,GAM,0.446,766.0,1.90420264197218
1943,GAM,0.446,766.0,1.90420264197218
2522,GAM,0.446,766.0,1.90420264197218
2564,GAM,0.446,766.0,1.90420264197218
180,GAM,0.445,771.0,1.8999331293220183
1788,GAM,0.445,771.0,1.8999331293220183
2314,GAM,0.445,771.0,1.8999331293220183
411,GAM,0.444,774.0,1.8956636166718563
459,GAM,0.444,774.0,1.8956636166718563
469,GAM,0.444,774.0,1.8956636166718563
2416,GAM,0.444,774.0,1.8956636166718563
1739,GAM,0.443,778.0,1.8913941040216946
2019,GAM,0.442,779.0,1.8871245913715327
2292,GAM,0.442,779.0,1.8871245913715327
211,GAM,0.441,781.0,1.882855078721371
1384,GAM,0.441,781.0,1.882855078721371
1905,GAM,0.441,781.0,1.882855078721371
2213,GAM,0.441,781.0,1.882855078721371
2736,GAM,0.441,781.0,1.882855078721371
1733,GAM,0.44,786.0,1.878585566071209
1855,GAM,0.44,786.0,1.878585566071209
548,GAM,0.439,788.0,1.8743160534210472
2016,GAM,0.439,788.0,1.8743160534210472
2246,GAM,0.439,788.0,1.8743160534210472
266,GAM,0.438,791.0,1.8700465407708853
506,GAM,0.438,791.0,1.8700465407708853
596,GAM,0.438,791.0,1.8700465407708853
782,GAM,0.438,791.0,1.8700465407708853
1408,GAM,0.438,791.0,1.8700465407708853
1611,GAM,0.438,791.0,1.8700465407708853
1622,GAM,0.438,791.0,1.8700465407708853
2136,GAM,0.438,791.0,1.8700465407708853
2759,GAM,0.438,791.0,1.8700465407708853
245,GAM,0.437,800.0,1.8657770281207235
1940,GAM,0.437,800.0,1.8657770281207235
2269,GAM,0.437,800.0,1.8657770281207235
2418,GAM,0.437,800.0,1.8657770281207235
199,GAM,0.436,804.0,1.8615075154705616
303,GAM,0.436,804.0,1.8615075154705616
697,GAM,0.436,804.0,1.8615075154705616
776,GAM,0.436,804.0,1.8615075154705616
1480,GAM,0.436,804.0,1.8615075154705616
2079,GAM,0.436,804.0,1.8615075154705616
221,GAM,0.435,810.0,1.8572380028203999
1254,GAM,0.435,810.0,1.8572380028203999
1492,GAM,0.435,810.0,1.8572380028203999
1608,GAM,0.435,810.0,1.8572380028203999
827,GAM,0.434,814.0,1.852968490170238
1221,GAM,0.434,814.0,1.852968490170238
2175,GAM,0.434,814.0,1.852968490170238
45,GAM,0.433,817.0,1.8486989775200762
1272,GAM,0.433,817.0,1.8486989775200762
2212,GAM,0.433,817.0,1.8486989775200762
2254,GAM,0.433,817.0,1.8486989775200762
654,GAM,0.432,821.0,1.8444294648699142
800,GAM,0.432,821.0,1.8444294648699142
1454,GAM,0.432,821.0,1.8444294648699142
1533,GAM,0.432,821.0,1.8444294648699142
2172,GAM,0.432,821.0,1.8444294648699142
204,GAM,0.431,826.0,1.8401599522197525
342,GAM,0.431,826.0,1.8401599522197525
1500,GAM,0.431,826.0,1.8401599522197525
2531,GAM,0.431,826.0,1.8401599522197525
2766,GAM,0.431,826.0,1.8401599522197525
1194,GAM,0.43,831.0,1.8358904395695905
2676,GAM,0.43,831.0,1.8358904395695905
891,GAM,0.429,833.0,1.8316209269194288
1286,GAM,0.428,834.0,1.8273514142692668
1658,GAM,0.428,834.0,1.8273514142692668
1302,GAM,0.427,836.0,1.823081901619105
2770,GAM,0.427,836.0,1.823081901619105
2774,GAM,0.427,836.0,1.823081901619105
125,GAM,0.426,839.0,1.8188123889689432
705,GAM,0.426,839.0,1.8188123889689432
1783,GAM,0.426,839.0,1.8188123889689432
962,GAM,0.425,842.0,1.8145428763187814
1158,GAM,0.425,842.0,1.8145428763187814
1811,GAM,0.425,842.0,1.8145428763187814
2037,GAM,0.425,842.0,1.8145428763187814
2528,GAM,0.425,842.0,1.8145428763187814
2644,GAM,0.425,842.0,1.8145428763187814
2114,GAM,0.424,848.0,1.8102733636686195
2119,GAM,0.424,848.0,1.8102733636686195
2752,GAM,0.424,848.0,1.8102733636686195
196,GAM,0.423,851.0,1.8060038510184577
298,GAM,0.423,851.0,1.8060038510184577
1329,GAM,0.423,851.0,1.8060038510184577
1594,GAM,0.423,851.0,1.8060038510184577
1646,GAM,0.423,851.0,1.8060038510184577
2334,GAM,0.423,851.0,1.8060038510184577
1120,GAM,0.422,857.0,1.8017343383682958
2582,GAM,0.422,857.0,1.8017343383682958
2605,GAM,0.422,857.0,1.8017343383682958
343,GAM,0.421,860.0,1.797464825718134
609,GAM,0.421,860.0,1.797464825718134
944,GAM,0.421,860.0,1.797464825718134
1039,GAM,0.421,860.0,1.797464825718134
1538,GAM,0.421,860.0,1.797464825718134
2232,GAM,0.421,860.0,1.797464825718134
2488,GAM,0.421,860.0,1.797464825718134
253,GAM,0.42,867.0,1.793195313067972
1893,GAM,0.42,867.0,1.793195313067972
2391,GAM,0.42,867.0,1.793195313067972
2622,GAM,0.42,867.0,1.793195313067972
624,GAM,0.419,871.0,1.7889258004178104
966,GAM,0.419,871.0,1.7889258004178104
1035,GAM,0.419,871.0,1.7889258004178104
2327,GAM,0.419,871.0,1.7889258004178104
768,GAM,0.418,875.0,1.7846562877676484
1026,GAM,0.418,875.0,1.7846562877676484
1246,GAM,0.418,875.0,1.7846562877676484
1838,GAM,0.418,875.0,1.7846562877676484
1875,GAM,0.418,875.0,1.7846562877676484
2044,GAM,0.418,875.0,1.7846562877676484
2390,GAM,0.418,875.0,1.7846562877676484
2691,GAM,0.418,875.0,1.7846562877676484
407,GAM,0.417,883.0,1.7803867751174867
562,GAM,0.417,883.0,1.7803867751174867
1048,GAM,0.417,883.0,1.7803867751174867
2638,GAM,0.417,883.0,1.7803867751174867
546,GAM,0.416,887.0,1.776117262467325
810,GAM,0.416,887.0,1.776117262467325
2452,GAM,0.416,887.0,1.776117262467325
845,GAM,0.415,890.0,1.771847749817163
1828,GAM,0.415,890.0,1.771847749817163
1980,GAM,0.415,890.0,1.771847749817163
2045,GAM,0.415,890.0,1.771847749817163
2108,GAM,0.414,894.0,1.7675782371670012
913,GAM,0.413,895.0,1.7633087245168393
1762,GAM,0.413,895.0,1.7633087245168393
1873,GAM,0.413,895.0,1.7633087245168393
2242,GAM,0.413,895.0,1.7633087245168393
99,GAM,0.412,899.0,1.7590392118666776
210,GAM,0.412,899.0,1.7590392118666776
283,GAM,0.412,899.0,1.7590392118666776
2674,GAM,0.412,899.0,1.7590392118666776
282,GAM,0.411,903.0,1.7547696992165156
1942,GAM,0.411,903.0,1.7547696992165156
549,GAM,0.41,905.0,1.7505001865663539
1044,GAM,0.41,905.0,1.7505001865663539
2406,GAM,0.41,905.0,1.7505001865663539
659,GAM,0.409,908.0,1.746230673916192
860,GAM,0.409,908.0,1.746230673916192
1155,GAM,0.409,908.0,1.746230673916192
414,GAM,0.408,911.0,1.7419611612660302
2716,GAM,0.408,911.0,1.7419611612660302
2742,GAM,0.408,911.0,1.7419611612660302
171,GAM,0.407,914.0,1.7376916486158682
360,GAM,0.407,914.0,1.7376916486158682
502,GAM,0.407,914.0,1.7376916486158682
1935,GAM,0.407,914.0,1.7376916486158682
104,GAM,0.406,918.0,1.7334221359657067
122,GAM,0.406,918.0,1.7334221359657067
141,GAM,0.406,918.0,1.7334221359657067
1353,GAM,0.406,918.0,1.7334221359657067
1672,GAM,0.406,918.0,1.7334221359657067
213,GAM,0.405,923.0,1.7291526233155448
372,GAM,0.405,923.0,1.7291526233155448
695,GAM,0.405,923.0,1.7291526233155448
806,GAM,0.405,923.0,1.7291526233155448
1108,GAM,0.405,923.0,1.7291526233155448
1890,GAM,0.405,923.0,1.7291526233155448
412,GAM,0.404,929.0,1.724883110665383
516,GAM,0.404,929.0,1.724883110665383
628,GAM,0.404,929.0,1.724883110665383
1858,GAM,0.404,929.0,1.724883110665383
1950,GAM,0.404,929.0,1.724883110665383
2247,GAM,0.404,929.0,1.724883110665383
2278,GAM,0.404,929.0,1.724883110665383
2351,GAM,0.404,929.0,1.724883110665383
851,GAM,0.403,937.0,1.720613598015221
2020,GAM,0.403,937.0,1.720613598015221
2115,GAM,0.403,937.0,1.720613598015221
2122,GAM,0.403,937.0,1.720613598015221
2640,GAM,0.403,937.0,1.720613598015221
224,GAM,0.402,942.0,1.7163440853650593
400,GAM,0.402,942.0,1.7163440853650593
428,GAM,0.402,942.0,1.7163440853650593
1551,GAM,0.402,942.0,1.7163440853650593
1776,GAM,0.402,942.0,1.7163440853650593
2279,GAM,0.402,942.0,1.7163440853650593
2302,GAM,0.402,942.0,1.7163440853650593
2617,GAM,0.402,942.0,1.7163440853650593
909,GAM,0.401,950.0,1.7120745727148974
931,GAM,0.401,950.0,1.7120745727148974
1711,GAM,0.401,950.0,1.7120745727148974
1796,GAM,0.401,950.0,1.7120745727148974
2372,GAM,0.401,950.0,1.7120745727148974
2537,GAM,0.401,950.0,1.7120745727148974
2698,GAM,0.401,950.0,1.7120745727148974
2727,GAM,0.401,950.0,1.7120745727148974
15,GAM,0.4,958.0,1.7078050600647356
735,GAM,0.4,958.0,1.7078050600647356
1008,GAM,0.4,958.0,1.7078050600647356
1422,GAM,0.4,958.0,1.7078050600647356
1524,GAM,0.4,958.0,1.7078050600647356
1708,GAM,0.4,958.0,1.7078050600647356
1736,GAM,0.4,958.0,1.7078050600647356
1944,GAM,0.4,958.0,1.7078050600647356
130,GAM,0.399,966.0,1.7035355474145737
237,GAM,0.399,966.0,1.7035355474145737
308,GAM,0.399,966.0,1.7035355474145737
1651,GAM,0.399,966.0,1.7035355474145737
66,GAM,0.398,970.0,1.699266034764412
1328,GAM,0.398,970.0,1.699266034764412
1396,GAM,0.398,970.0,1.699266034764412
1473,GAM,0.398,970.0,1.699266034764412
1763,GAM,0.398,970.0,1.699266034764412
2033,GAM,0.398,970.0,1.699266034764412
2628,GAM,0.398,970.0,1.699266034764412
523,GAM,0.397,977.0,1.69499652211425
1787,GAM,0.397,977.0,1.69499652211425
2737,GAM,0.397,977.0,1.69499652211425
765,GAM,0.396,980.0,1.6907270094640883
2096,GAM,0.396,980.0,1.6907270094640883
2378,GAM,0.396,980.0,1.6907270094640883
2462,GAM,0.396,980.0,1.6907270094640883
65,GAM,0.395,984.0,1.6864574968139263
365,GAM,0.395,984.0,1.6864574968139263
533,GAM,0.395,984.0,1.6864574968139263
876,GAM,0.395,984.0,1.6864574968139263
1067,GAM,0.395,984.0,1.6864574968139263
1215,GAM,0.395,984.0,1.6864574968139263
2250,GAM,0.395,984.0,1.6864574968139263
2315,GAM,0.395,984.0,1.6864574968139263
2489,GAM,0.395,984.0,1.6864574968139263
1224,GAM,0.394,993.0,1.6821879841637646
1483,GAM,0.394,993.0,1.6821879841637646
1540,GAM,0.394,993.0,1.6821879841637646
1640,GAM,0.394,993.0,1.6821879841637646
2306,GAM,0.394,993.0,1.6821879841637646
2643,GAM,0.394,993.0,1.6821879841637646
77,GAM,0.393,999.0,1.6779184715136026
344,GAM,0.393,999.0,1.6779184715136026
1023,GAM,0.393,999.0,1.6779184715136026
1207,GAM,0.393,999.0,1.6779184715136026
2036,GAM,0.393,999.0,1.6779184715136026
389,GAM,0.392,1004.0,1.673648958863441
749,GAM,0.392,1004.0,1.673648958863441
1891,GAM,0.392,1004.0,1.673648958863441
1948,GAM,0.392,1004.0,1.673648958863441
1951,GAM,0.392,1004.0,1.673648958863441
2107,GAM,0.392,1004.0,1.673648958863441
2602,GAM,0.392,1004.0,1.673648958863441
2697,GAM,0.392,1004.0,1.673648958863441
1829,GAM,0.391,1012.0,1.669379446213279
2060,GAM,0.391,1012.0,1.669379446213279
157,GAM,0.39,1014.0,1.6651099335631172
162,GAM,0.39,1014.0,1.6651099335631172
338,GAM,0.39,1014.0,1.6651099335631172
710,GAM,0.39,1014.0,1.6651099335631172
1798,GAM,0.39,1014.0,1.6651099335631172
2073,GAM,0.39,1014.0,1.6651099335631172
2710,GAM,0.39,1014.0,1.6651099335631172
257,GAM,0.389,1021.0,1.6608404209129553
422,GAM,0.389,1021.0,1.6608404209129553
613,GAM,0.389,1021.0,1.6608404209129553
862,GAM,0.389,1021.0,1.6608404209129553
1986,GAM,0.389,1021.0,1.6608404209129553
2238,GAM,0.389,1021.0,1.6608404209129553
2241,GAM,0.389,1021.0,1.6608404209129553
2444,GAM,0.389,1021.0,1.6608404209129553
43,GAM,0.388,1029.0,1.6565709082627935
61,GAM,0.388,1029.0,1.6565709082627935
565,GAM,0.388,1029.0,1.6565709082627935
1270,GAM,0.388,1029.0,1.6565709082627935
1499,GAM,0.388,1029.0,1.6565709082627935
1654,GAM,0.388,1029.0,1.6565709082627935
1860,GAM,0.388,1029.0,1.6565709082627935
451,GAM,0.387,1036.0,1.6523013956126316
1111,GAM,0.387,1036.0,1.6523013956126316
743,GAM,0.386,1038.0,1.6480318829624698
1102,GAM,0.386,1038.0,1.6480318829624698
1443,GAM,0.386,1038.0,1.6480318829624698
1544,GAM,0.386,1038.0,1.6480318829624698
1660,GAM,0.386,1038.0,1.6480318829624698
2104,GAM,0.386,1038.0,1.6480318829624698
2464,GAM,0.386,1038.0,1.6480318829624698
373,GAM,0.385,1045.0,1.6437623703123079
1511,GAM,0.385,1045.0,1.6437623703123079
1747,GAM,0.385,1045.0,1.6437623703123079
1926,GAM,0.385,1045.0,1.6437623703123079
1978,GAM,0.385,1045.0,1.6437623703123079
2234,GAM,0.385,1045.0,1.6437623703123079
7,GAM,0.384,1051.0,1.6394928576621461
251,GAM,0.384,1051.0,1.6394928576621461
463,GAM,0.384,1051.0,1.6394928576621461
1363,GAM,0.384,1051.0,1.6394928576621461
1956,GAM,0.384,1051.0,1.6394928576621461
379,GAM,0.383,1056.0,1.6352233450119842
653,GAM,0.383,1056.0,1.6352233450119842
918,GAM,0.383,1056.0,1.6352233450119842
967,GAM,0.383,1056.0,1.6352233450119842
1347,GAM,0.383,1056.0,1.6352233450119842
1780,GAM,0.383,1056.0,1.6352233450119842
2294,GAM,0.383,1056.0,1.6352233450119842
57,GAM,0.382,1063.0,1.6309538323618225
482,GAM,0.382,1063.0,1.6309538323618225
1864,GAM,0.382,1063.0,1.6309538323618225
1939,GAM,0.382,1063.0,1.6309538323618225
2750,GAM,0.382,1063.0,1.6309538323618225
29,GAM,0.381,1068.0,1.6266843197116605
608,GAM,0.381,1068.0,1.6266843197116605
745,GAM,0.381,1068.0,1.6266843197116605
1806,GAM,0.381,1068.0,1.6266843197116605
1969,GAM,0.381,1068.0,1.6266843197116605
2512,GAM,0.381,1068.0,1.6266843197116605
164,GAM,0.38,1074.0,1.6224148070614988
719,GAM,0.38,1074.0,1.6224148070614988
1017,GAM,0.38,1074.0,1.6224148070614988
1946,GAM,0.38,1074.0,1.6224148070614988
2225,GAM,0.38,1074.0,1.6224148070614988
2562,GAM,0.38,1074.0,1.6224148070614988
2588,GAM,0.38,1074.0,1.6224148070614988
2598,GAM,0.38,1074.0,1.6224148070614988
442,GAM,0.379,1082.0,1.6181452944113368
698,GAM,0.379,1082.0,1.6181452944113368
1514,GAM,0.379,1082.0,1.6181452944113368
1677,GAM,0.379,1082.0,1.6181452944113368
409,GAM,0.378,1086.0,1.613875781761175
1153,GAM,0.378,1086.0,1.613875781761175
1394,GAM,0.378,1086.0,1.613875781761175
1440,GAM,0.378,1086.0,1.613875781761175
1491,GAM,0.378,1086.0,1.613875781761175
1962,GAM,0.378,1086.0,1.613875781761175
64,GAM,0.377,1092.0,1.6096062691110131
582,GAM,0.377,1092.0,1.6096062691110131
897,GAM,0.377,1092.0,1.6096062691110131
1199,GAM,0.377,1092.0,1.6096062691110131
1222,GAM,0.377,1092.0,1.6096062691110131
1609,GAM,0.377,1092.0,1.6096062691110131
46,GAM,0.376,1098.0,1.6053367564608514
393,GAM,0.376,1098.0,1.6053367564608514
676,GAM,0.376,1098.0,1.6053367564608514
901,GAM,0.376,1098.0,1.6053367564608514
924,GAM,0.376,1098.0,1.6053367564608514
935,GAM,0.376,1098.0,1.6053367564608514
1556,GAM,0.376,1098.0,1.6053367564608514
2276,GAM,0.376,1098.0,1.6053367564608514
219,GAM,0.375,1106.0,1.6010672438106894
766,GAM,0.375,1106.0,1.6010672438106894
1375,GAM,0.375,1106.0,1.6010672438106894
1599,GAM,0.375,1106.0,1.6010672438106894
2178,GAM,0.375,1106.0,1.6010672438106894
2316,GAM,0.375,1106.0,1.6010672438106894
2657,GAM,0.375,1106.0,1.6010672438106894
10,GAM,0.374,1113.0,1.5967977311605277
101,GAM,0.374,1113.0,1.5967977311605277
352,GAM,0.374,1113.0,1.5967977311605277
1022,GAM,0.374,1113.0,1.5967977311605277
1516,GAM,0.374,1113.0,1.5967977311605277
2684,GAM,0.374,1113.0,1.5967977311605277
350,GAM,0.373,1119.0,1.5925282185103657
458,GAM,0.373,1119.0,1.5925282185103657
635,GAM,0.373,1119.0,1.5925282185103657
1112,GAM,0.373,1119.0,1.5925282185103657
1432,GAM,0.373,1119.0,1.5925282185103657
1489,GAM,0.373,1119.0,1.5925282185103657
2049,GAM,0.373,1119.0,1.5925282185103657
32,GAM,0.372,1126.0,1.588258705860204
340,GAM,0.372,1126.0,1.588258705860204
1378,GAM,0.372,1126.0,1.588258705860204
1442,GAM,0.372,1126.0,1.588258705860204
1496,GAM,0.372,1126.0,1.588258705860204
1541,GAM,0.372,1126.0,1.588258705860204
2162,GAM,0.372,1126.0,1.588258705860204
2321,GAM,0.372,1126.0,1.588258705860204
2434,GAM,0.372,1126.0,1.588258705860204
883,GAM,0.371,1135.0,1.583989193210042
1137,GAM,0.371,1135.0,1.583989193210042
1341,GAM,0.371,1135.0,1.583989193210042
1510,GAM,0.371,1135.0,1.583989193210042
1818,GAM,0.371,1135.0,1.583989193210042
1934,GAM,0.371,1135.0,1.583989193210042
1966,GAM,0.371,1135.0,1.583989193210042
2386,GAM,0.371,1135.0,1.583989193210042
286,GAM,0.37,1143.0,1.5797196805598803
1405,GAM,0.37,1143.0,1.5797196805598803
2164,GAM,0.37,1143.0,1.5797196805598803
2767,GAM,0.37,1143.0,1.5797196805598803
578,GAM,0.369,1147.0,1.5754501679097184
792,GAM,0.369,1147.0,1.5754501679097184
832,GAM,0.369,1147.0,1.5754501679097184
1053,GAM,0.369,1147.0,1.5754501679097184
1993,GAM,0.369,1147.0,1.5754501679097184
2354,GAM,0.369,1147.0,1.5754501679097184
174,GAM,0.368,1153.0,1.5711806552595566
976,GAM,0.368,1153.0,1.5711806552595566
1081,GAM,0.368,1153.0,1.5711806552595566
1579,GAM,0.368,1153.0,1.5711806552595566
1705,GAM,0.368,1153.0,1.5711806552595566
1888,GAM,0.368,1153.0,1.5711806552595566
2168,GAM,0.368,1153.0,1.5711806552595566
9,GAM,0.367,1160.0,1.5669111426093947
116,GAM,0.367,1160.0,1.5669111426093947
794,GAM,0.367,1160.0,1.5669111426093947
1229,GAM,0.367,1160.0,1.5669111426093947
1809,GAM,0.367,1160.0,1.5669111426093947
2338,GAM,0.367,1160.0,1.5669111426093947
250,GAM,0.366,1166.0,1.562641629959233
591,GAM,0.366,1166.0,1.562641629959233
943,GAM,0.366,1166.0,1.562641629959233
1160,GAM,0.366,1166.0,1.562641629959233
1166,GAM,0.366,1166.0,1.562641629959233
2173,GAM,0.366,1166.0,1.562641629959233
2524,GAM,0.366,1166.0,1.562641629959233
362,GAM,0.365,1173.0,1.558372117309071
496,GAM,0.365,1173.0,1.558372117309071
728,GAM,0.365,1173.0,1.558372117309071
734,GAM,0.365,1173.0,1.558372117309071
819,GAM,0.365,1173.0,1.558372117309071
2361,GAM,0.365,1173.0,1.558372117309071
2615,GAM,0.365,1173.0,1.558372117309071
234,GAM,0.364,1180.0,1.5541026046589093
1001,GAM,0.364,1180.0,1.5541026046589093
1257,GAM,0.364,1180.0,1.5541026046589093
1267,GAM,0.364,1180.0,1.5541026046589093
2519,GAM,0.364,1180.0,1.5541026046589093
4,GAM,0.363,1185.0,1.5498330920087473
423,GAM,0.363,1185.0,1.5498330920087473
2435,GAM,0.363,1185.0,1.5498330920087473
2735,GAM,0.363,1185.0,1.5498330920087473
33,GAM,0.362,1189.0,1.5455635793585856
543,GAM,0.362,1189.0,1.5455635793585856
580,GAM,0.362,1189.0,1.5455635793585856
889,GAM,0.362,1189.0,1.5455635793585856
1240,GAM,0.362,1189.0,1.5455635793585856
625,GAM,0.361,1194.0,1.5412940667084236
1417,GAM,0.361,1194.0,1.5412940667084236
1965,GAM,0.361,1194.0,1.5412940667084236
2087,GAM,0.361,1194.0,1.5412940667084236
55,GAM,0.36,1198.0,1.5370245540582619
464,GAM,0.36,1198.0,1.5370245540582619
531,GAM,0.36,1198.0,1.5370245540582619
902,GAM,0.36,1198.0,1.5370245540582619
2118,GAM,0.36,1198.0,1.5370245540582619
2243,GAM,0.36,1198.0,1.5370245540582619
2701,GAM,0.36,1198.0,1.5370245540582619
216,GAM,0.359,1205.0,1.5327550414081
713,GAM,0.359,1205.0,1.5327550414081
956,GAM,0.359,1205.0,1.5327550414081
1537,GAM,0.359,1205.0,1.5327550414081
1554,GAM,0.359,1205.0,1.5327550414081
1802,GAM,0.359,1205.0,1.5327550414081
2293,GAM,0.359,1205.0,1.5327550414081
184,GAM,0.358,1212.0,1.5284855287579382
330,GAM,0.358,1212.0,1.5284855287579382
730,GAM,0.358,1212.0,1.5284855287579382
1219,GAM,0.358,1212.0,1.5284855287579382
1569,GAM,0.358,1212.0,1.5284855287579382
1683,GAM,0.358,1212.0,1.5284855287579382
1874,GAM,0.358,1212.0,1.5284855287579382
2135,GAM,0.358,1212.0,1.5284855287579382
205,GAM,0.357,1220.0,1.5242160161077762
388,GAM,0.357,1220.0,1.5242160161077762
906,GAM,0.357,1220.0,1.5242160161077762
978,GAM,0.357,1220.0,1.5242160161077762
1560,GAM,0.357,1220.0,1.5242160161077762
1731,GAM,0.357,1220.0,1.5242160161077762
2301,GAM,0.357,1220.0,1.5242160161077762
2457,GAM,0.357,1220.0,1.5242160161077762
774,GAM,0.356,1228.0,1.5199465034576145
986,GAM,0.356,1228.0,1.5199465034576145
1699,GAM,0.356,1228.0,1.5199465034576145
1952,GAM,0.356,1228.0,1.5199465034576145
1998,GAM,0.356,1228.0,1.5199465034576145
23,GAM,0.355,1233.0,1.5156769908074528
914,GAM,0.355,1233.0,1.5156769908074528
1124,GAM,0.355,1233.0,1.5156769908074528
1242,GAM,0.355,1233.0,1.5156769908074528
1577,GAM,0.355,1233.0,1.5156769908074528
2205,GAM,0.355,1233.0,1.5156769908074528
890,GAM,0.354,1239.0,1.5114074781572908
898,GAM,0.354,1239.0,1.5114074781572908
990,GAM,0.354,1239.0,1.5114074781572908
1085,GAM,0.354,1239.0,1.5114074781572908
1352,GAM,0.354,1239.0,1.5114074781572908
1898,GAM,0.354,1239.0,1.5114074781572908
2043,GAM,0.354,1239.0,1.5114074781572908
2251,GAM,0.354,1239.0,1.5114074781572908
2639,GAM,0.354,1239.0,1.5114074781572908
316,GAM,0.353,1248.0,1.507137965507129
803,GAM,0.353,1248.0,1.507137965507129
950,GAM,0.353,1248.0,1.507137965507129
1178,GAM,0.353,1248.0,1.507137965507129
1214,GAM,0.353,1248.0,1.507137965507129
1337,GAM,0.353,1248.0,1.507137965507129
1415,GAM,0.353,1248.0,1.507137965507129
2025,GAM,0.353,1248.0,1.507137965507129
450,GAM,0.352,1256.0,1.5028684528569671
853,GAM,0.352,1256.0,1.5028684528569671
961,GAM,0.352,1256.0,1.5028684528569671
1200,GAM,0.352,1256.0,1.5028684528569671
1361,GAM,0.352,1256.0,1.5028684528569671
2151,GAM,0.352,1256.0,1.5028684528569671
2400,GAM,0.352,1256.0,1.5028684528569671
2453,GAM,0.352,1256.0,1.5028684528569671
111,GAM,0.351,1264.0,1.4985989402068054
126,GAM,0.351,1264.0,1.4985989402068054
545,GAM,0.351,1264.0,1.4985989402068054
1407,GAM,0.351,1264.0,1.4985989402068054
2590,GAM,0.351,1264.0,1.4985989402068054
169,GAM,0.35,1269.0,1.4943294275566434
418,GAM,0.35,1269.0,1.4943294275566434
1275,GAM,0.35,1269.0,1.4943294275566434
1629,GAM,0.35,1269.0,1.4943294275566434
2074,GAM,0.35,1269.0,1.4943294275566434
445,GAM,0.349,1274.0,1.4900599149064817
603,GAM,0.349,1274.0,1.4900599149064817
1388,GAM,0.349,1274.0,1.4900599149064817
2105,GAM,0.349,1274.0,1.4900599149064817
91,GAM,0.348,1278.0,1.4857904022563198
1843,GAM,0.348,1278.0,1.4857904022563198
2484,GAM,0.348,1278.0,1.4857904022563198
2720,GAM,0.348,1278.0,1.4857904022563198
536,GAM,0.347,1282.0,1.481520889606158
1591,GAM,0.347,1282.0,1.481520889606158
1691,GAM,0.347,1282.0,1.481520889606158
712,GAM,0.346,1285.0,1.477251376955996
980,GAM,0.346,1285.0,1.477251376955996
1268,GAM,0.346,1285.0,1.477251376955996
1562,GAM,0.346,1285.0,1.477251376955996
2371,GAM,0.346,1285.0,1.477251376955996
413,GAM,0.345,1290.0,1.4729818643058343
1330,GAM,0.345,1290.0,1.4729818643058343
1720,GAM,0.345,1290.0,1.4729818643058343
2021,GAM,0.345,1290.0,1.4729818643058343
2337,GAM,0.345,1290.0,1.4729818643058343
2346,GAM,0.345,1290.0,1.4729818643058343
2403,GAM,0.345,1290.0,1.4729818643058343
2647,GAM,0.345,1290.0,1.4729818643058343
2699,GAM,0.345,1290.0,1.4729818643058343
37,GAM,0.344,1299.0,1.4687123516556724
186,GAM,0.344,1299.0,1.4687123516556724
289,GAM,0.344,1299.0,1.4687123516556724
348,GAM,0.344,1299.0,1.4687123516556724
443,GAM,0.344,1299.0,1.4687123516556724
2291,GAM,0.344,1299.0,1.4687123516556724
90,GAM,0.343,1305.0,1.4644428390055109
974,GAM,0.343,1305.0,1.4644428390055109
1180,GAM,0.343,1305.0,1.4644428390055109
1433,GAM,0.343,1305.0,1.4644428390055109
1535,GAM,0.343,1305.0,1.4644428390055109
1650,GAM,0.343,1305.0,1.4644428390055109
2014,GAM,0.343,1305.0,1.4644428390055109
2573,GAM,0.343,1305.0,1.4644428390055109
2756,GAM,0.343,1305.0,1.4644428390055109
812,GAM,0.342,1314.0,1.460173326355349
833,GAM,0.342,1314.0,1.460173326355349
1052,GAM,0.342,1314.0,1.460173326355349
1383,GAM,0.342,1314.0,1.460173326355349
2081,GAM,0.342,1314.0,1.460173326355349
2760,GAM,0.342,1314.0,1.460173326355349
503,GAM,0.341,1320.0,1.4559038137051872
822,GAM,0.341,1320.0,1.4559038137051872
1744,GAM,0.341,1320.0,1.4559038137051872
2471,GAM,0.341,1320.0,1.4559038137051872
76,GAM,0.34,1324.0,1.4516343010550252
235,GAM,0.34,1324.0,1.4516343010550252
355,GAM,0.34,1324.0,1.4516343010550252
568,GAM,0.34,1324.0,1.4516343010550252
905,GAM,0.34,1324.0,1.4516343010550252
2148,GAM,0.34,1324.0,1.4516343010550252
2670,GAM,0.34,1324.0,1.4516343010550252
31,GAM,0.339,1331.0,1.4473647884048635
225,GAM,0.339,1331.0,1.4473647884048635
314,GAM,0.339,1331.0,1.4473647884048635
704,GAM,0.339,1331.0,1.4473647884048635
1490,GAM,0.339,1331.0,1.4473647884048635
2031,GAM,0.339,1331.0,1.4473647884048635
2597,GAM,0.339,1331.0,1.4473647884048635
2695,GAM,0.339,1331.0,1.4473647884048635
18,GAM,0.338,1339.0,1.4430952757547015
63,GAM,0.338,1339.0,1.4430952757547015
622,GAM,0.338,1339.0,1.4430952757547015
721,GAM,0.338,1339.0,1.4430952757547015
1316,GAM,0.338,1339.0,1.4430952757547015
1937,GAM,0.338,1339.0,1.4430952757547015
1955,GAM,0.338,1339.0,1.4430952757547015
2523,GAM,0.338,1339.0,1.4430952757547015
208,GAM,0.337,1347.0,1.4388257631045398
296,GAM,0.337,1347.0,1.4388257631045398
807,GAM,0.337,1347.0,1.4388257631045398
1706,GAM,0.337,1347.0,1.4388257631045398
886,GAM,0.336,1351.0,1.4345562504543778
1218,GAM,0.336,1351.0,1.4345562504543778
1545,GAM,0.336,1351.0,1.4345562504543778
1563,GAM,0.336,1351.0,1.4345562504543778
1659,GAM,0.336,1351.0,1.4345562504543778
1738,GAM,0.336,1351.0,1.4345562504543778
1976,GAM,0.336,1351.0,1.4345562504543778
2473,GAM,0.336,1351.0,1.4345562504543778
2526,GAM,0.336,1351.0,1.4345562504543778
512,GAM,0.335,1360.0,1.4302867378042161
1570,GAM,0.335,1360.0,1.4302867378042161
2185,GAM,0.335,1360.0,1.4302867378042161
2415,GAM,0.335,1360.0,1.4302867378042161
41,GAM,0.334,1364.0,1.4260172251540542
202,GAM,0.334,1364.0,1.4260172251540542
426,GAM,0.334,1364.0,1.4260172251540542
583,GAM,0.334,1364.0,1.4260172251540542
809,GAM,0.334,1364.0,1.4260172251540542
849,GAM,0.334,1364.0,1.4260172251540542
857,GAM,0.334,1364.0,1.4260172251540542
1768,GAM,0.334,1364.0,1.4260172251540542
1789,GAM,0.334,1364.0,1.4260172251540542
1981,GAM,0.334,1364.0,1.4260172251540542
2348,GAM,0.334,1364.0,1.4260172251540542
95,GAM,0.333,1375.0,1.4217477125038924
258,GAM,0.333,1375.0,1.4217477125038924
279,GAM,0.333,1375.0,1.4217477125038924
633,GAM,0.333,1375.0,1.4217477125038924
767,GAM,0.333,1375.0,1.4217477125038924
1239,GAM,0.333,1375.0,1.4217477125038924
1297,GAM,0.333,1375.0,1.4217477125038924
1566,GAM,0.333,1375.0,1.4217477125038924
1574,GAM,0.333,1375.0,1.4217477125038924
1581,GAM,0.333,1375.0,1.4217477125038924
1887,GAM,0.333,1375.0,1.4217477125038924
2065,GAM,0.333,1375.0,1.4217477125038924
2231,GAM,0.333,1375.0,1.4217477125038924
2388,GAM,0.333,1375.0,1.4217477125038924
2412,GAM,0.333,1375.0,1.4217477125038924
2458,GAM,0.333,1375.0,1.4217477125038924
236,GAM,0.332,1391.0,1.4174781998537305
478,GAM,0.332,1391.0,1.4174781998537305
795,GAM,0.332,1391.0,1.4174781998537305
1323,GAM,0.332,1391.0,1.4174781998537305
1839,GAM,0.332,1391.0,1.4174781998537305
2237,GAM,0.332,1391.0,1.4174781998537305
2377,GAM,0.332,1391.0,1.4174781998537305
2568,GAM,0.332,1391.0,1.4174781998537305
2601,GAM,0.332,1391.0,1.4174781998537305
2629,GAM,0.332,1391.0,1.4174781998537305
376,GAM,0.331,1401.0,1.4132086872035687
468,GAM,0.331,1401.0,1.4132086872035687
1092,GAM,0.331,1401.0,1.4132086872035687
1528,GAM,0.331,1401.0,1.4132086872035687
1900,GAM,0.331,1401.0,1.4132086872035687
2217,GAM,0.331,1401.0,1.4132086872035687
2262,GAM,0.331,1401.0,1.4132086872035687
2420,GAM,0.331,1401.0,1.4132086872035687
153,GAM,0.33,1409.0,1.4089391745534068
337,GAM,0.33,1409.0,1.4089391745534068
590,GAM,0.33,1409.0,1.4089391745534068
690,GAM,0.33,1409.0,1.4089391745534068
709,GAM,0.33,1409.0,1.4089391745534068
786,GAM,0.33,1409.0,1.4089391745534068
805,GAM,0.33,1409.0,1.4089391745534068
895,GAM,0.33,1409.0,1.4089391745534068
1141,GAM,0.33,1409.0,1.4089391745534068
1358,GAM,0.33,1409.0,1.4089391745534068
1389,GAM,0.33,1409.0,1.4089391745534068
1695,GAM,0.33,1409.0,1.4089391745534068
2039,GAM,0.33,1409.0,1.4089391745534068
2326,GAM,0.33,1409.0,1.4089391745534068
2439,GAM,0.33,1409.0,1.4089391745534068
333,GAM,0.329,1424.0,1.404669661903245
611,GAM,0.329,1424.0,1.404669661903245
893,GAM,0.329,1424.0,1.404669661903245
1210,GAM,0.329,1424.0,1.404669661903245
1261,GAM,0.329,1424.0,1.404669661903245
1548,GAM,0.329,1424.0,1.404669661903245
1854,GAM,0.329,1424.0,1.404669661903245
2236,GAM,0.329,1424.0,1.404669661903245
706,GAM,0.328,1432.0,1.400400149253083
867,GAM,0.328,1432.0,1.400400149253083
1115,GAM,0.328,1432.0,1.400400149253083
2451,GAM,0.328,1432.0,1.400400149253083
2527,GAM,0.328,1432.0,1.400400149253083
2649,GAM,0.328,1432.0,1.400400149253083
2778,GAM,0.328,1432.0,1.400400149253083
87,GAM,0.327,1439.0,1.3961306366029214
142,GAM,0.327,1439.0,1.3961306366029214
835,GAM,0.327,1439.0,1.3961306366029214
892,GAM,0.327,1439.0,1.3961306366029214
911,GAM,0.327,1439.0,1.3961306366029214
1157,GAM,0.327,1439.0,1.3961306366029214
1339,GAM,0.327,1439.0,1.3961306366029214
1466,GAM,0.327,1439.0,1.3961306366029214
2003,GAM,0.327,1439.0,1.3961306366029214
2245,GAM,0.327,1439.0,1.3961306366029214
2335,GAM,0.327,1439.0,1.3961306366029214
2405,GAM,0.327,1439.0,1.3961306366029214
2634,GAM,0.327,1439.0,1.3961306366029214
2642,GAM,0.327,1439.0,1.3961306366029214
2678,GAM,0.327,1439.0,1.3961306366029214
660,GAM,0.326,1454.0,1.3918611239527594
755,GAM,0.326,1454.0,1.3918611239527594
1007,GAM,0.326,1454.0,1.3918611239527594
1635,GAM,0.326,1454.0,1.3918611239527594
2715,GAM,0.326,1454.0,1.3918611239527594
2718,GAM,0.326,1454.0,1.3918611239527594
341,GAM,0.325,1460.0,1.3875916113025977
718,GAM,0.325,1460.0,1.3875916113025977
1097,GAM,0.325,1460.0,1.3875916113025977
1531,GAM,0.325,1460.0,1.3875916113025977
1621,GAM,0.325,1460.0,1.3875916113025977
1773,GAM,0.325,1460.0,1.3875916113025977
2448,GAM,0.325,1460.0,1.3875916113025977
1359,GAM,0.324,1467.0,1.3833220986524357
1467,GAM,0.324,1467.0,1.3833220986524357
1990,GAM,0.324,1467.0,1.3833220986524357
2068,GAM,0.324,1467.0,1.3833220986524357
2147,GAM,0.324,1467.0,1.3833220986524357
2543,GAM,0.324,1467.0,1.3833220986524357
1308,GAM,0.323,1473.0,1.379052586002274
1334,GAM,0.323,1473.0,1.379052586002274
1401,GAM,0.323,1473.0,1.379052586002274
1752,GAM,0.323,1473.0,1.379052586002274
1782,GAM,0.323,1473.0,1.379052586002274
56,GAM,0.322,1478.0,1.374783073352112
396,GAM,0.322,1478.0,1.374783073352112
494,GAM,0.322,1478.0,1.374783073352112
616,GAM,0.322,1478.0,1.374783073352112
662,GAM,0.322,1478.0,1.374783073352112
2098,GAM,0.322,1478.0,1.374783073352112
2485,GAM,0.322,1478.0,1.374783073352112
2614,GAM,0.322,1478.0,1.374783073352112
2658,GAM,0.322,1478.0,1.374783073352112
449,GAM,0.321,1487.0,1.3705135607019503
564,GAM,0.321,1487.0,1.3705135607019503
1152,GAM,0.321,1487.0,1.3705135607019503
1280,GAM,0.321,1487.0,1.3705135607019503
2572,GAM,0.321,1487.0,1.3705135607019503
1,GAM,0.32,1492.0,1.3662440480517883
573,GAM,0.32,1492.0,1.3662440480517883
640,GAM,0.32,1492.0,1.3662440480517883
1179,GAM,0.32,1492.0,1.3662440480517883
1959,GAM,0.32,1492.0,1.3662440480517883
2070,GAM,0.32,1492.0,1.3662440480517883
2196,GAM,0.32,1492.0,1.3662440480517883
2650,GAM,0.32,1492.0,1.3662440480517883
2773,GAM,0.32,1492.0,1.3662440480517883
598,GAM,0.319,1501.0,1.3619745354016266
1333,GAM,0.319,1501.0,1.3619745354016266
1546,GAM,0.319,1501.0,1.3619745354016266
1835,GAM,0.319,1501.0,1.3619745354016266
1971,GAM,0.319,1501.0,1.3619745354016266
2581,GAM,0.319,1501.0,1.3619745354016266
179,GAM,0.318,1507.0,1.3577050227514647
436,GAM,0.318,1507.0,1.3577050227514647
481,GAM,0.318,1507.0,1.3577050227514647
493,GAM,0.318,1507.0,1.3577050227514647
787,GAM,0.318,1507.0,1.3577050227514647
846,GAM,0.318,1507.0,1.3577050227514647
1447,GAM,0.318,1507.0,1.3577050227514647
1456,GAM,0.318,1507.0,1.3577050227514647
1458,GAM,0.318,1507.0,1.3577050227514647
1665,GAM,0.318,1507.0,1.3577050227514647
2137,GAM,0.318,1507.0,1.3577050227514647
2745,GAM,0.318,1507.0,1.3577050227514647
390,GAM,0.317,1519.0,1.353435510101303
521,GAM,0.317,1519.0,1.353435510101303
725,GAM,0.317,1519.0,1.353435510101303
1069,GAM,0.317,1519.0,1.353435510101303
1148,GAM,0.317,1519.0,1.353435510101303
1653,GAM,0.317,1519.0,1.353435510101303
1904,GAM,0.317,1519.0,1.353435510101303
2066,GAM,0.317,1519.0,1.353435510101303
2171,GAM,0.317,1519.0,1.353435510101303
2431,GAM,0.317,1519.0,1.353435510101303
2636,GAM,0.317,1519.0,1.353435510101303
2728,GAM,0.317,1519.0,1.353435510101303
772,GAM,0.316,1531.0,1.349165997451141
831,GAM,0.316,1531.0,1.349165997451141
954,GAM,0.316,1531.0,1.349165997451141
1767,GAM,0.316,1531.0,1.349165997451141
2187,GAM,0.316,1531.0,1.349165997451141
2233,GAM,0.316,1531.0,1.349165997451141
2621,GAM,0.316,1531.0,1.349165997451141
2714,GAM,0.316,1531.0,1.349165997451141
585,GAM,0.315,1539.0,1.3448964848009792
972,GAM,0.315,1539.0,1.3448964848009792
1182,GAM,0.315,1539.0,1.3448964848009792
1292,GAM,0.315,1539.0,1.3448964848009792
1342,GAM,0.315,1539.0,1.3448964848009792
1740,GAM,0.315,1539.0,1.3448964848009792
2000,GAM,0.315,1539.0,1.3448964848009792
175,GAM,0.314,1546.0,1.3406269721508173
195,GAM,0.314,1546.0,1.3406269721508173
345,GAM,0.314,1546.0,1.3406269721508173
600,GAM,0.314,1546.0,1.3406269721508173
684,GAM,0.314,1546.0,1.3406269721508173
953,GAM,0.314,1546.0,1.3406269721508173
1150,GAM,0.314,1546.0,1.3406269721508173
1231,GAM,0.314,1546.0,1.3406269721508173
1340,GAM,0.314,1546.0,1.3406269721508173
1852,GAM,0.314,1546.0,1.3406269721508173
1982,GAM,0.314,1546.0,1.3406269721508173
2256,GAM,0.314,1546.0,1.3406269721508173
2461,GAM,0.314,1546.0,1.3406269721508173
2479,GAM,0.314,1546.0,1.3406269721508173
112,GAM,0.313,1560.0,1.3363574595006555
138,GAM,0.313,1560.0,1.3363574595006555
416,GAM,0.313,1560.0,1.3363574595006555
526,GAM,0.313,1560.0,1.3363574595006555
724,GAM,0.313,1560.0,1.3363574595006555
840,GAM,0.313,1560.0,1.3363574595006555
888,GAM,0.313,1560.0,1.3363574595006555
1089,GAM,0.313,1560.0,1.3363574595006555
1290,GAM,0.313,1560.0,1.3363574595006555
1907,GAM,0.313,1560.0,1.3363574595006555
2153,GAM,0.313,1560.0,1.3363574595006555
2206,GAM,0.313,1560.0,1.3363574595006555
2282,GAM,0.313,1560.0,1.3363574595006555
89,GAM,0.312,1573.0,1.3320879468504936
1441,GAM,0.312,1573.0,1.3320879468504936
1486,GAM,0.312,1573.0,1.3320879468504936
2018,GAM,0.312,1573.0,1.3320879468504936
2102,GAM,0.312,1573.0,1.3320879468504936
2248,GAM,0.312,1573.0,1.3320879468504936
2333,GAM,0.312,1573.0,1.3320879468504936
2539,GAM,0.312,1573.0,1.3320879468504936
2623,GAM,0.312,1573.0,1.3320879468504936
102,GAM,0.311,1582.0,1.3278184342003319
615,GAM,0.311,1582.0,1.3278184342003319
945,GAM,0.311,1582.0,1.3278184342003319
1068,GAM,0.311,1582.0,1.3278184342003319
1127,GAM,0.311,1582.0,1.3278184342003319
1202,GAM,0.311,1582.0,1.3278184342003319
1315,GAM,0.311,1582.0,1.3278184342003319
1430,GAM,0.311,1582.0,1.3278184342003319
1643,GAM,0.311,1582.0,1.3278184342003319
1730,GAM,0.311,1582.0,1.3278184342003319
1985,GAM,0.311,1582.0,1.3278184342003319
2127,GAM,0.311,1582.0,1.3278184342003319
2530,GAM,0.311,1582.0,1.3278184342003319
119,GAM,0.31,1595.0,1.32354892155017
178,GAM,0.31,1595.0,1.32354892155017
560,GAM,0.31,1595.0,1.32354892155017
824,GAM,0.31,1595.0,1.32354892155017
1260,GAM,0.31,1595.0,1.32354892155017
2216,GAM,0.31,1595.0,1.32354892155017
2330,GAM,0.31,1595.0,1.32354892155017
2556,GAM,0.31,1595.0,1.32354892155017
2611,GAM,0.31,1595.0,1.32354892155017
2646,GAM,0.31,1595.0,1.32354892155017
2763,GAM,0.31,1595.0,1.32354892155017
263,GAM,0.309,1606.0,1.3192794089000082
671,GAM,0.309,1606.0,1.3192794089000082
1770,GAM,0.309,1606.0,1.3192794089000082
1868,GAM,0.309,1606.0,1.3192794089000082
2035,GAM,0.309,1606.0,1.3192794089000082
2624,GAM,0.309,1606.0,1.3192794089000082
124,GAM,0.308,1612.0,1.3150098962498462
165,GAM,0.308,1612.0,1.3150098962498462
363,GAM,0.308,1612.0,1.3150098962498462
661,GAM,0.308,1612.0,1.3150098962498462
869,GAM,0.308,1612.0,1.3150098962498462
1128,GAM,0.308,1612.0,1.3150098962498462
1205,GAM,0.308,1612.0,1.3150098962498462
1895,GAM,0.308,1612.0,1.3150098962498462
2575,GAM,0.308,1612.0,1.3150098962498462
2580,GAM,0.308,1612.0,1.3150098962498462
2722,GAM,0.308,1612.0,1.3150098962498462
246,GAM,0.307,1623.0,1.3107403835996845
433,GAM,0.307,1623.0,1.3107403835996845
541,GAM,0.307,1623.0,1.3107403835996845
842,GAM,0.307,1623.0,1.3107403835996845
1079,GAM,0.307,1623.0,1.3107403835996845
1094,GAM,0.307,1623.0,1.3107403835996845
1188,GAM,0.307,1623.0,1.3107403835996845
1605,GAM,0.307,1623.0,1.3107403835996845
2570,GAM,0.307,1623.0,1.3107403835996845
2764,GAM,0.307,1623.0,1.3107403835996845
167,GAM,0.306,1633.0,1.3064708709495225
203,GAM,0.306,1633.0,1.3064708709495225
398,GAM,0.306,1633.0,1.3064708709495225
689,GAM,0.306,1633.0,1.3064708709495225
1792,GAM,0.306,1633.0,1.3064708709495225
2075,GAM,0.306,1633.0,1.3064708709495225
2355,GAM,0.306,1633.0,1.3064708709495225
223,GAM,0.305,1640.0,1.3022013582993608
717,GAM,0.305,1640.0,1.3022013582993608
1005,GAM,0.305,1640.0,1.3022013582993608
1101,GAM,0.305,1640.0,1.3022013582993608
1176,GAM,0.305,1640.0,1.3022013582993608
1664,GAM,0.305,1640.0,1.3022013582993608
1725,GAM,0.305,1640.0,1.3022013582993608
1894,GAM,0.305,1640.0,1.3022013582993608
2093,GAM,0.305,1640.0,1.3022013582993608
2425,GAM,0.305,1640.0,1.3022013582993608
2751,GAM,0.305,1640.0,1.3022013582993608
58,GAM,0.304,1651.0,1.2979318456491988
271,GAM,0.304,1651.0,1.2979318456491988
397,GAM,0.304,1651.0,1.2979318456491988
1056,GAM,0.304,1651.0,1.2979318456491988
1274,GAM,0.304,1651.0,1.2979318456491988
1571,GAM,0.304,1651.0,1.2979318456491988
1834,GAM,0.304,1651.0,1.2979318456491988
1876,GAM,0.304,1651.0,1.2979318456491988
2059,GAM,0.304,1651.0,1.2979318456491988
2228,GAM,0.304,1651.0,1.2979318456491988
2398,GAM,0.304,1651.0,1.2979318456491988
2534,GAM,0.304,1651.0,1.2979318456491988
2637,GAM,0.304,1651.0,1.2979318456491988
2702,GAM,0.304,1651.0,1.2979318456491988
201,GAM,0.303,1665.0,1.293662332999037
272,GAM,0.303,1665.0,1.293662332999037
417,GAM,0.303,1665.0,1.293662332999037
575,GAM,0.303,1665.0,1.293662332999037
1032,GAM,0.303,1665.0,1.293662332999037
1395,GAM,0.303,1665.0,1.293662332999037
1478,GAM,0.303,1665.0,1.293662332999037
2007,GAM,0.303,1665.0,1.293662332999037
2349,GAM,0.303,1665.0,1.293662332999037
508,GAM,0.302,1674.0,1.2893928203488751
563,GAM,0.302,1674.0,1.2893928203488751
1014,GAM,0.302,1674.0,1.2893928203488751
1201,GAM,0.302,1674.0,1.2893928203488751
1582,GAM,0.302,1674.0,1.2893928203488751
1977,GAM,0.302,1674.0,1.2893928203488751
2325,GAM,0.302,1674.0,1.2893928203488751
667,GAM,0.301,1681.0,1.2851233076987134
670,GAM,0.301,1681.0,1.2851233076987134
1728,GAM,0.301,1681.0,1.2851233076987134
1867,GAM,0.301,1681.0,1.2851233076987134
2595,GAM,0.301,1681.0,1.2851233076987134
2688,GAM,0.301,1681.0,1.2851233076987134
2755,GAM,0.301,1681.0,1.2851233076987134
135,GAM,0.3,1688.0,1.2808537950485515
441,GAM,0.3,1688.0,1.2808537950485515
530,GAM,0.3,1688.0,1.2808537950485515
744,GAM,0.3,1688.0,1.2808537950485515
778,GAM,0.3,1688.0,1.2808537950485515
957,GAM,0.3,1688.0,1.2808537950485515
963,GAM,0.3,1688.0,1.2808537950485515
1164,GAM,0.3,1688.0,1.2808537950485515
1211,GAM,0.3,1688.0,1.2808537950485515
1409,GAM,0.3,1688.0,1.2808537950485515
1613,GAM,0.3,1688.0,1.2808537950485515
1769,GAM,0.3,1688.0,1.2808537950485515
2069,GAM,0.3,1688.0,1.2808537950485515
2286,GAM,0.3,1688.0,1.2808537950485515
357,GAM,0.299,1702.0,1.2765842823983897
490,GAM,0.299,1702.0,1.2765842823983897
532,GAM,0.299,1702.0,1.2765842823983897
589,GAM,0.299,1702.0,1.2765842823983897
1186,GAM,0.299,1702.0,1.2765842823983897
1455,GAM,0.299,1702.0,1.2765842823983897
1631,GAM,0.299,1702.0,1.2765842823983897
1666,GAM,0.299,1702.0,1.2765842823983897
1684,GAM,0.299,1702.0,1.2765842823983897
1722,GAM,0.299,1702.0,1.2765842823983897
1759,GAM,0.299,1702.0,1.2765842823983897
1925,GAM,0.299,1702.0,1.2765842823983897
2395,GAM,0.299,1702.0,1.2765842823983897
115,GAM,0.298,1715.0,1.2723147697482278
299,GAM,0.298,1715.0,1.2723147697482278
707,GAM,0.298,1715.0,1.2723147697482278
741,GAM,0.298,1715.0,1.2723147697482278
759,GAM,0.298,1715.0,1.2723147697482278
773,GAM,0.298,1715.0,1.2723147697482278
1113,GAM,0.298,1715.0,1.2723147697482278
1313,GAM,0.298,1715.0,1.2723147697482278
1367,GAM,0.298,1715.0,1.2723147697482278
1964,GAM,0.298,1715.0,1.2723147697482278
2006,GAM,0.298,1715.0,1.2723147697482278
2008,GAM,0.298,1715.0,1.2723147697482278
2226,GAM,0.298,1715.0,1.2723147697482278
2518,GAM,0.298,1715.0,1.2723147697482278
2613,GAM,0.298,1715.0,1.2723147697482278
2712,GAM,0.298,1715.0,1.2723147697482278
40,GAM,0.297,1731.0,1.268045257098066
145,GAM,0.297,1731.0,1.268045257098066
399,GAM,0.297,1731.0,1.268045257098066
747,GAM,0.297,1731.0,1.268045257098066
1596,GAM,0.297,1731.0,1.268045257098066
1673,GAM,0.297,1731.0,1.268045257098066
1685,GAM,0.297,1731.0,1.268045257098066
2399,GAM,0.297,1731.0,1.268045257098066
2769,GAM,0.297,1731.0,1.268045257098066
319,GAM,0.296,1740.0,1.2637757444479043
750,GAM,0.296,1740.0,1.2637757444479043
756,GAM,0.296,1740.0,1.2637757444479043
1082,GAM,0.296,1740.0,1.2637757444479043
1193,GAM,0.296,1740.0,1.2637757444479043
1266,GAM,0.296,1740.0,1.2637757444479043
2258,GAM,0.296,1740.0,1.2637757444479043
2483,GAM,0.296,1740.0,1.2637757444479043
2553,GAM,0.296,1740.0,1.2637757444479043
2721,GAM,0.296,1740.0,1.2637757444479043
474,GAM,0.295,1750.0,1.2595062317977423
908,GAM,0.295,1750.0,1.2595062317977423
1037,GAM,0.295,1750.0,1.2595062317977423
1393,GAM,0.295,1750.0,1.2595062317977423
1877,GAM,0.295,1750.0,1.2595062317977423
2050,GAM,0.295,1750.0,1.2595062317977423
42,GAM,0.294,1756.0,1.2552367191475806
419,GAM,0.294,1756.0,1.2552367191475806
465,GAM,0.294,1756.0,1.2552367191475806
473,GAM,0.294,1756.0,1.2552367191475806
675,GAM,0.294,1756.0,1.2552367191475806
739,GAM,0.294,1756.0,1.2552367191475806
1154,GAM,0.294,1756.0,1.2552367191475806
1374,GAM,0.294,1756.0,1.2552367191475806
1701,GAM,0.294,1756.0,1.2552367191475806
1803,GAM,0.294,1756.0,1.2552367191475806
2341,GAM,0.294,1756.0,1.2552367191475806
2365,GAM,0.294,1756.0,1.2552367191475806
544,GAM,0.293,1768.0,1.2509672064974187
574,GAM,0.293,1768.0,1.2509672064974187
594,GAM,0.293,1768.0,1.2509672064974187
1047,GAM,0.293,1768.0,1.2509672064974187
1781,GAM,0.293,1768.0,1.2509672064974187
1866,GAM,0.293,1768.0,1.2509672064974187
2396,GAM,0.293,1768.0,1.2509672064974187
105,GAM,0.292,1775.0,1.246697693847257
233,GAM,0.292,1775.0,1.246697693847257
492,GAM,0.292,1775.0,1.246697693847257
592,GAM,0.292,1775.0,1.246697693847257
1696,GAM,0.292,1775.0,1.246697693847257
1710,GAM,0.292,1775.0,1.246697693847257
2167,GAM,0.292,1775.0,1.246697693847257
2692,GAM,0.292,1775.0,1.246697693847257
618,GAM,0.291,1783.0,1.242428181197095
811,GAM,0.291,1783.0,1.242428181197095
1283,GAM,0.291,1783.0,1.242428181197095
1414,GAM,0.291,1783.0,1.242428181197095
1462,GAM,0.291,1783.0,1.242428181197095
1567,GAM,0.291,1783.0,1.242428181197095
1903,GAM,0.291,1783.0,1.242428181197095
2683,GAM,0.291,1783.0,1.242428181197095
347,GAM,0.29,1791.0,1.2381586685469332
736,GAM,0.29,1791.0,1.2381586685469332
989,GAM,0.29,1791.0,1.2381586685469332
1050,GAM,0.29,1791.0,1.2381586685469332
1616,GAM,0.29,1791.0,1.2381586685469332
1974,GAM,0.29,1791.0,1.2381586685469332
2264,GAM,0.29,1791.0,1.2381586685469332
327,GAM,0.289,1798.0,1.2338891558967713
415,GAM,0.289,1798.0,1.2338891558967713
626,GAM,0.289,1798.0,1.2338891558967713
658,GAM,0.289,1798.0,1.2338891558967713
716,GAM,0.289,1798.0,1.2338891558967713
1181,GAM,0.289,1798.0,1.2338891558967713
2514,GAM,0.289,1798.0,1.2338891558967713
19,GAM,0.288,1805.0,1.2296196432466096
47,GAM,0.288,1805.0,1.2296196432466096
71,GAM,0.288,1805.0,1.2296196432466096
447,GAM,0.288,1805.0,1.2296196432466096
525,GAM,0.288,1805.0,1.2296196432466096
540,GAM,0.288,1805.0,1.2296196432466096
646,GAM,0.288,1805.0,1.2296196432466096
669,GAM,0.288,1805.0,1.2296196432466096
701,GAM,0.288,1805.0,1.2296196432466096
711,GAM,0.288,1805.0,1.2296196432466096
738,GAM,0.288,1805.0,1.2296196432466096
1208,GAM,0.288,1805.0,1.2296196432466096
1519,GAM,0.288,1805.0,1.2296196432466096
1743,GAM,0.288,1805.0,1.2296196432466096
1896,GAM,0.288,1805.0,1.2296196432466096
1973,GAM,0.288,1805.0,1.2296196432466096
2186,GAM,0.288,1805.0,1.2296196432466096
2214,GAM,0.288,1805.0,1.2296196432466096
2240,GAM,0.288,1805.0,1.2296196432466096
2358,GAM,0.288,1805.0,1.2296196432466096
514,GAM,0.287,1825.0,1.2253501305964476
647,GAM,0.287,1825.0,1.2253501305964476
790,GAM,0.287,1825.0,1.2253501305964476
834,GAM,0.287,1825.0,1.2253501305964476
855,GAM,0.287,1825.0,1.2253501305964476
1143,GAM,0.287,1825.0,1.2253501305964476
1618,GAM,0.287,1825.0,1.2253501305964476
1753,GAM,0.287,1825.0,1.2253501305964476
2058,GAM,0.287,1825.0,1.2253501305964476
2181,GAM,0.287,1825.0,1.2253501305964476
206,GAM,0.286,1835.0,1.2210806179462859
311,GAM,0.286,1835.0,1.2210806179462859
448,GAM,0.286,1835.0,1.2210806179462859
1059,GAM,0.286,1835.0,1.2210806179462859
1237,GAM,0.286,1835.0,1.2210806179462859
1550,GAM,0.286,1835.0,1.2210806179462859
1630,GAM,0.286,1835.0,1.2210806179462859
1761,GAM,0.286,1835.0,1.2210806179462859
1949,GAM,0.286,1835.0,1.2210806179462859
2201,GAM,0.286,1835.0,1.2210806179462859
2235,GAM,0.286,1835.0,1.2210806179462859
2754,GAM,0.286,1835.0,1.2210806179462859
629,GAM,0.285,1847.0,1.216811105296124
665,GAM,0.285,1847.0,1.216811105296124
896,GAM,0.285,1847.0,1.216811105296124
1078,GAM,0.285,1847.0,1.216811105296124
1897,GAM,0.285,1847.0,1.216811105296124
1928,GAM,0.285,1847.0,1.216811105296124
2077,GAM,0.285,1847.0,1.216811105296124
2101,GAM,0.285,1847.0,1.216811105296124
2265,GAM,0.285,1847.0,1.216811105296124
2397,GAM,0.285,1847.0,1.216811105296124
133,GAM,0.284,1857.0,1.2125415926459622
366,GAM,0.284,1857.0,1.2125415926459622
871,GAM,0.284,1857.0,1.2125415926459622
1751,GAM,0.284,1857.0,1.2125415926459622
2169,GAM,0.284,1857.0,1.2125415926459622
2549,GAM,0.284,1857.0,1.2125415926459622
839,GAM,0.283,1863.0,1.2082720799958002
852,GAM,0.283,1863.0,1.2082720799958002
1051,GAM,0.283,1863.0,1.2082720799958002
1076,GAM,0.283,1863.0,1.2082720799958002
1392,GAM,0.283,1863.0,1.2082720799958002
1799,GAM,0.283,1863.0,1.2082720799958002
2150,GAM,0.283,1863.0,1.2082720799958002
16,GAM,0.282,1870.0,1.2040025673456385
114,GAM,0.282,1870.0,1.2040025673456385
489,GAM,0.282,1870.0,1.2040025673456385
686,GAM,0.282,1870.0,1.2040025673456385
1149,GAM,0.282,1870.0,1.2040025673456385
1633,GAM,0.282,1870.0,1.2040025673456385
1734,GAM,0.282,1870.0,1.2040025673456385
1987,GAM,0.282,1870.0,1.2040025673456385
2311,GAM,0.282,1870.0,1.2040025673456385
2317,GAM,0.282,1870.0,1.2040025673456385
2775,GAM,0.282,1870.0,1.2040025673456385
163,GAM,0.281,1881.0,1.1997330546954768
1195,GAM,0.281,1881.0,1.1997330546954768
1204,GAM,0.281,1881.0,1.1997330546954768
1241,GAM,0.281,1881.0,1.1997330546954768
2028,GAM,0.281,1881.0,1.1997330546954768
2503,GAM,0.281,1881.0,1.1997330546954768
226,GAM,0.28,1887.0,1.195463542045315
597,GAM,0.28,1887.0,1.195463542045315
691,GAM,0.28,1887.0,1.195463542045315
799,GAM,0.28,1887.0,1.195463542045315
1332,GAM,0.28,1887.0,1.195463542045315
1786,GAM,0.28,1887.0,1.195463542045315
2082,GAM,0.28,1887.0,1.195463542045315
2709,GAM,0.28,1887.0,1.195463542045315
98,GAM,0.279,1895.0,1.191194029395153
500,GAM,0.279,1895.0,1.191194029395153
784,GAM,0.279,1895.0,1.191194029395153
934,GAM,0.279,1895.0,1.191194029395153
1451,GAM,0.279,1895.0,1.191194029395153
2771,GAM,0.279,1895.0,1.191194029395153
185,GAM,0.278,1901.0,1.1869245167449913
513,GAM,0.278,1901.0,1.1869245167449913
682,GAM,0.278,1901.0,1.1869245167449913
969,GAM,0.278,1901.0,1.1869245167449913
1013,GAM,0.278,1901.0,1.1869245167449913
1784,GAM,0.278,1901.0,1.1869245167449913
1790,GAM,0.278,1901.0,1.1869245167449913
1844,GAM,0.278,1901.0,1.1869245167449913
2056,GAM,0.278,1901.0,1.1869245167449913
78,GAM,0.277,1910.0,1.1826550040948294
353,GAM,0.277,1910.0,1.1826550040948294
471,GAM,0.277,1910.0,1.1826550040948294
722,GAM,0.277,1910.0,1.1826550040948294
808,GAM,0.277,1910.0,1.1826550040948294
1721,GAM,0.277,1910.0,1.1826550040948294
1992,GAM,0.277,1910.0,1.1826550040948294
2296,GAM,0.277,1910.0,1.1826550040948294
2491,GAM,0.277,1910.0,1.1826550040948294
2654,GAM,0.277,1910.0,1.1826550040948294
2693,GAM,0.277,1910.0,1.1826550040948294
147,GAM,0.276,1921.0,1.1783854914446676
470,GAM,0.276,1921.0,1.1783854914446676
916,GAM,0.276,1921.0,1.1783854914446676
946,GAM,0.276,1921.0,1.1783854914446676
1055,GAM,0.276,1921.0,1.1783854914446676
1083,GAM,0.276,1921.0,1.1783854914446676
1303,GAM,0.276,1921.0,1.1783854914446676
1593,GAM,0.276,1921.0,1.1783854914446676
1719,GAM,0.276,1921.0,1.1783854914446676
1766,GAM,0.276,1921.0,1.1783854914446676
1997,GAM,0.276,1921.0,1.1783854914446676
2307,GAM,0.276,1921.0,1.1783854914446676
2532,GAM,0.276,1921.0,1.1783854914446676
2740,GAM,0.276,1921.0,1.1783854914446676
62,GAM,0.275,1935.0,1.1741159787945057
1133,GAM,0.275,1935.0,1.1741159787945057
1309,GAM,0.275,1935.0,1.1741159787945057
1561,GAM,0.275,1935.0,1.1741159787945057
1668,GAM,0.275,1935.0,1.1741159787945057
1698,GAM,0.275,1935.0,1.1741159787945057
1805,GAM,0.275,1935.0,1.1741159787945057
1812,GAM,0.275,1935.0,1.1741159787945057
2409,GAM,0.275,1935.0,1.1741159787945057
2445,GAM,0.275,1935.0,1.1741159787945057
2447,GAM,0.275,1935.0,1.1741159787945057
2476,GAM,0.275,1935.0,1.1741159787945057
1117,GAM,0.274,1947.0,1.169846466144344
1273,GAM,0.274,1947.0,1.169846466144344
1325,GAM,0.274,1947.0,1.169846466144344
2176,GAM,0.274,1947.0,1.169846466144344
2381,GAM,0.274,1947.0,1.169846466144344
2550,GAM,0.274,1947.0,1.169846466144344
2713,GAM,0.274,1947.0,1.169846466144344
1694,GAM,0.273,1954.0,1.165576953494182
1881,GAM,0.273,1954.0,1.165576953494182
2155,GAM,0.273,1954.0,1.165576953494182
2229,GAM,0.273,1954.0,1.165576953494182
248,GAM,0.272,1958.0,1.1613074408440203
304,GAM,0.272,1958.0,1.1613074408440203
535,GAM,0.272,1958.0,1.1613074408440203
785,GAM,0.272,1958.0,1.1613074408440203
1074,GAM,0.272,1958.0,1.1613074408440203
2426,GAM,0.272,1958.0,1.1613074408440203
2777,GAM,0.272,1958.0,1.1613074408440203
197,GAM,0.271,1965.0,1.1570379281938583
1251,GAM,0.271,1965.0,1.1570379281938583
1620,GAM,0.271,1965.0,1.1570379281938583
1991,GAM,0.271,1965.0,1.1570379281938583
2120,GAM,0.271,1965.0,1.1570379281938583
2387,GAM,0.271,1965.0,1.1570379281938583
2743,GAM,0.271,1965.0,1.1570379281938583
401,GAM,0.27,1972.0,1.1527684155436966
683,GAM,0.27,1972.0,1.1527684155436966
685,GAM,0.27,1972.0,1.1527684155436966
864,GAM,0.27,1972.0,1.1527684155436966
1301,GAM,0.27,1972.0,1.1527684155436966
1963,GAM,0.27,1972.0,1.1527684155436966
2223,GAM,0.27,1972.0,1.1527684155436966
2366,GAM,0.27,1972.0,1.1527684155436966
2370,GAM,0.27,1972.0,1.1527684155436966
2375,GAM,0.27,1972.0,1.1527684155436966
2468,GAM,0.27,1972.0,1.1527684155436966
553,GAM,0.269,1983.0,1.1484989028935346
703,GAM,0.269,1983.0,1.1484989028935346
859,GAM,0.269,1983.0,1.1484989028935346
1071,GAM,0.269,1983.0,1.1484989028935346
1136,GAM,0.269,1983.0,1.1484989028935346
1626,GAM,0.269,1983.0,1.1484989028935346
2088,GAM,0.269,1983.0,1.1484989028935346
907,GAM,0.268,1990.0,1.144229390243373
994,GAM,0.268,1990.0,1.144229390243373
1306,GAM,0.268,1990.0,1.144229390243373
1338,GAM,0.268,1990.0,1.144229390243373
1612,GAM,0.268,1990.0,1.144229390243373
1970,GAM,0.268,1990.0,1.144229390243373
2141,GAM,0.268,1990.0,1.144229390243373
2194,GAM,0.268,1990.0,1.144229390243373
2700,GAM,0.268,1990.0,1.144229390243373
820,GAM,0.267,1999.0,1.139959877593211
1590,GAM,0.267,1999.0,1.139959877593211
2048,GAM,0.267,1999.0,1.139959877593211
2747,GAM,0.267,1999.0,1.139959877593211
209,GAM,0.266,2003.0,1.1356903649430492
378,GAM,0.266,2003.0,1.1356903649430492
612,GAM,0.266,2003.0,1.1356903649430492
1351,GAM,0.266,2003.0,1.1356903649430492
1707,GAM,0.266,2003.0,1.1356903649430492
6,GAM,0.265,2008.0,1.1314208522928872
240,GAM,0.265,2008.0,1.1314208522928872
395,GAM,0.265,2008.0,1.1314208522928872
617,GAM,0.265,2008.0,1.1314208522928872
1402,GAM,0.265,2008.0,1.1314208522928872
1474,GAM,0.265,2008.0,1.1314208522928872
1542,GAM,0.265,2008.0,1.1314208522928872
1996,GAM,0.265,2008.0,1.1314208522928872
2116,GAM,0.265,2008.0,1.1314208522928872
2218,GAM,0.265,2008.0,1.1314208522928872
346,GAM,0.264,2018.0,1.1271513396427255
1284,GAM,0.264,2018.0,1.1271513396427255
1477,GAM,0.264,2018.0,1.1271513396427255
1529,GAM,0.264,2018.0,1.1271513396427255
1703,GAM,0.264,2018.0,1.1271513396427255
1712,GAM,0.264,2018.0,1.1271513396427255
2009,GAM,0.264,2018.0,1.1271513396427255
2591,GAM,0.264,2018.0,1.1271513396427255
2696,GAM,0.264,2018.0,1.1271513396427255
2749,GAM,0.264,2018.0,1.1271513396427255
256,GAM,0.263,2028.0,1.1228818269925636
386,GAM,0.263,2028.0,1.1228818269925636
1191,GAM,0.263,2028.0,1.1228818269925636
1589,GAM,0.263,2028.0,1.1228818269925636
2460,GAM,0.263,2028.0,1.1228818269925636
128,GAM,0.262,2033.0,1.1186123143424018
374,GAM,0.262,2033.0,1.1186123143424018
554,GAM,0.262,2033.0,1.1186123143424018
651,GAM,0.262,2033.0,1.1186123143424018
752,GAM,0.262,2033.0,1.1186123143424018
813,GAM,0.262,2033.0,1.1186123143424018
1131,GAM,0.262,2033.0,1.1186123143424018
1269,GAM,0.262,2033.0,1.1186123143424018
1278,GAM,0.262,2033.0,1.1186123143424018
1988,GAM,0.262,2033.0,1.1186123143424018
2180,GAM,0.262,2033.0,1.1186123143424018
2268,GAM,0.261,2044.0,1.1143428016922399
2360,GAM,0.261,2044.0,1.1143428016922399
3,GAM,0.26,2046.0,1.1100732890420781
309,GAM,0.26,2046.0,1.1100732890420781
1046,GAM,0.26,2046.0,1.1100732890420781
1576,GAM,0.26,2046.0,1.1100732890420781
161,GAM,0.259,2050.0,1.1058037763919162
610,GAM,0.259,2050.0,1.1058037763919162
1145,GAM,0.259,2050.0,1.1058037763919162
1372,GAM,0.259,2050.0,1.1058037763919162
1547,GAM,0.259,2050.0,1.1058037763919162
1908,GAM,0.259,2050.0,1.1058037763919162
2289,GAM,0.259,2050.0,1.1058037763919162
456,GAM,0.258,2057.0,1.1015342637417544
645,GAM,0.258,2057.0,1.1015342637417544
733,GAM,0.258,2057.0,1.1015342637417544
1265,GAM,0.258,2057.0,1.1015342637417544
1368,GAM,0.258,2057.0,1.1015342637417544
1645,GAM,0.258,2057.0,1.1015342637417544
2017,GAM,0.258,2057.0,1.1015342637417544
2454,GAM,0.258,2057.0,1.1015342637417544
2619,GAM,0.258,2057.0,1.1015342637417544
227,GAM,0.257,2066.0,1.0972647510915925
643,GAM,0.257,2066.0,1.0972647510915925
694,GAM,0.257,2066.0,1.0972647510915925
783,GAM,0.257,2066.0,1.0972647510915925
1557,GAM,0.257,2066.0,1.0972647510915925
2133,GAM,0.257,2066.0,1.0972647510915925
2364,GAM,0.257,2066.0,1.0972647510915925
150,GAM,0.256,2073.0,1.0929952384414308
239,GAM,0.256,2073.0,1.0929952384414308
1132,GAM,0.256,2073.0,1.0929952384414308
1209,GAM,0.256,2073.0,1.0929952384414308
1232,GAM,0.256,2073.0,1.0929952384414308
2554,GAM,0.256,2073.0,1.0929952384414308
80,GAM,0.255,2079.0,1.0887257257912688
85,GAM,0.255,2079.0,1.0887257257912688
673,GAM,0.255,2079.0,1.0887257257912688
858,GAM,0.255,2079.0,1.0887257257912688
1298,GAM,0.255,2079.0,1.0887257257912688
172,GAM,0.254,2084.0,1.084456213141107
762,GAM,0.254,2084.0,1.084456213141107
1173,GAM,0.254,2084.0,1.084456213141107
1175,GAM,0.254,2084.0,1.084456213141107
1230,GAM,0.254,2084.0,1.084456213141107
1444,GAM,0.254,2084.0,1.084456213141107
1755,GAM,0.254,2084.0,1.084456213141107
2230,GAM,0.254,2084.0,1.084456213141107
2470,GAM,0.254,2084.0,1.084456213141107
5,GAM,0.253,2093.0,1.0801867004909451
267,GAM,0.253,2093.0,1.0801867004909451
268,GAM,0.253,2093.0,1.0801867004909451
537,GAM,0.253,2093.0,1.0801867004909451
621,GAM,0.253,2093.0,1.0801867004909451
1066,GAM,0.253,2093.0,1.0801867004909451
1536,GAM,0.253,2093.0,1.0801867004909451
1564,GAM,0.253,2093.0,1.0801867004909451
1816,GAM,0.253,2093.0,1.0801867004909451
2253,GAM,0.253,2093.0,1.0801867004909451
2357,GAM,0.253,2093.0,1.0801867004909451
881,GAM,0.252,2104.0,1.0759171878407834
971,GAM,0.252,2104.0,1.0759171878407834
1387,GAM,0.252,2104.0,1.0759171878407834
1586,GAM,0.252,2104.0,1.0759171878407834
1675,GAM,0.252,2104.0,1.0759171878407834
1995,GAM,0.252,2104.0,1.0759171878407834
2463,GAM,0.252,2104.0,1.0759171878407834
1336,GAM,0.251,2111.0,1.0716476751906214
1421,GAM,0.251,2111.0,1.0716476751906214
1481,GAM,0.251,2111.0,1.0716476751906214
1525,GAM,0.251,2111.0,1.0716476751906214
1717,GAM,0.251,2111.0,1.0716476751906214
2138,GAM,0.251,2111.0,1.0716476751906214
702,GAM,0.25,2117.0,1.0673781625404597
742,GAM,0.25,2117.0,1.0673781625404597
781,GAM,0.25,2117.0,1.0673781625404597
947,GAM,0.25,2117.0,1.0673781625404597
1123,GAM,0.25,2117.0,1.0673781625404597
1364,GAM,0.25,2117.0,1.0673781625404597
1425,GAM,0.25,2117.0,1.0673781625404597
1777,GAM,0.25,2117.0,1.0673781625404597
1800,GAM,0.25,2117.0,1.0673781625404597
1820,GAM,0.25,2117.0,1.0673781625404597
2494,GAM,0.25,2117.0,1.0673781625404597
215,GAM,0.249,2128.0,1.0631086498902977
757,GAM,0.249,2128.0,1.0631086498902977
1797,GAM,0.249,2128.0,1.0631086498902977
2184,GAM,0.249,2128.0,1.0631086498902977
2197,GAM,0.249,2128.0,1.0631086498902977
2618,GAM,0.249,2128.0,1.0631086498902977
1636,GAM,0.248,2134.0,1.058839137240136
2592,GAM,0.248,2134.0,1.058839137240136
301,GAM,0.247,2136.0,1.054569624589974
326,GAM,0.247,2136.0,1.054569624589974
604,GAM,0.247,2136.0,1.054569624589974
681,GAM,0.247,2136.0,1.054569624589974
1771,GAM,0.247,2136.0,1.054569624589974
1842,GAM,0.247,2136.0,1.054569624589974
2097,GAM,0.247,2136.0,1.054569624589974
2207,GAM,0.247,2136.0,1.054569624589974
155,GAM,0.246,2144.0,1.0503001119398123
198,GAM,0.246,2144.0,1.0503001119398123
499,GAM,0.246,2144.0,1.0503001119398123
1027,GAM,0.246,2144.0,1.0503001119398123
1028,GAM,0.246,2144.0,1.0503001119398123
1138,GAM,0.246,2144.0,1.0503001119398123
2142,GAM,0.246,2144.0,1.0503001119398123
2154,GAM,0.246,2144.0,1.0503001119398123
8,GAM,0.245,2152.0,1.0460305992896504
92,GAM,0.245,2152.0,1.0460305992896504
1042,GAM,0.245,2152.0,1.0460305992896504
1156,GAM,0.245,2152.0,1.0460305992896504
1628,GAM,0.245,2152.0,1.0460305992896504
2363,GAM,0.245,2152.0,1.0460305992896504
113,GAM,0.244,2158.0,1.0417610866394886
278,GAM,0.244,2158.0,1.0417610866394886
453,GAM,0.244,2158.0,1.0417610866394886
999,GAM,0.244,2158.0,1.0417610866394886
1236,GAM,0.244,2158.0,1.0417610866394886
1300,GAM,0.244,2158.0,1.0417610866394886
1494,GAM,0.244,2158.0,1.0417610866394886
2376,GAM,0.244,2158.0,1.0417610866394886
2586,GAM,0.244,2158.0,1.0417610866394886
231,GAM,0.243,2167.0,1.0374915739893267
332,GAM,0.243,2167.0,1.0374915739893267
715,GAM,0.243,2167.0,1.0374915739893267
1130,GAM,0.243,2167.0,1.0374915739893267
1508,GAM,0.243,2167.0,1.0374915739893267
435,GAM,0.242,2172.0,1.033222061339165
817,GAM,0.242,2172.0,1.033222061339165
1504,GAM,0.242,2172.0,1.033222061339165
2083,GAM,0.242,2172.0,1.033222061339165
2125,GAM,0.242,2172.0,1.033222061339165
2706,GAM,0.242,2172.0,1.033222061339165
607,GAM,0.241,2178.0,1.028952548689003
639,GAM,0.241,2178.0,1.028952548689003
771,GAM,0.241,2178.0,1.028952548689003
1213,GAM,0.241,2178.0,1.028952548689003
1865,GAM,0.241,2178.0,1.028952548689003
1967,GAM,0.241,2178.0,1.028952548689003
2459,GAM,0.241,2178.0,1.028952548689003
1326,GAM,0.24,2185.0,1.0246830360388413
1718,GAM,0.24,2185.0,1.0246830360388413
2024,GAM,0.24,2185.0,1.0246830360388413
2027,GAM,0.24,2185.0,1.0246830360388413
619,GAM,0.239,2189.0,1.0204135233886793
1555,GAM,0.239,2189.0,1.0204135233886793
1687,GAM,0.239,2189.0,1.0204135233886793
2350,GAM,0.239,2189.0,1.0204135233886793
295,GAM,0.238,2193.0,1.0161440107385176
328,GAM,0.238,2193.0,1.0161440107385176
1060,GAM,0.238,2193.0,1.0161440107385176
1223,GAM,0.238,2193.0,1.0161440107385176
1457,GAM,0.238,2193.0,1.0161440107385176
2040,GAM,0.238,2193.0,1.0161440107385176
2631,GAM,0.238,2193.0,1.0161440107385176
2725,GAM,0.238,2193.0,1.0161440107385176
148,GAM,0.237,2201.0,1.0118744980883558
466,GAM,0.237,2201.0,1.0118744980883558
680,GAM,0.237,2201.0,1.0118744980883558
754,GAM,0.237,2201.0,1.0118744980883558
975,GAM,0.237,2201.0,1.0118744980883558
1813,GAM,0.237,2201.0,1.0118744980883558
2329,GAM,0.237,2201.0,1.0118744980883558
977,GAM,0.236,2208.0,1.0076049854381939
1170,GAM,0.236,2208.0,1.0076049854381939
1217,GAM,0.236,2208.0,1.0076049854381939
1592,GAM,0.236,2208.0,1.0076049854381939
1724,GAM,0.236,2208.0,1.0076049854381939
2112,GAM,0.236,2208.0,1.0076049854381939
2744,GAM,0.236,2208.0,1.0076049854381939
14,GAM,0.235,2215.0,1.0033354727880321
94,GAM,0.235,2215.0,1.0033354727880321
829,GAM,0.235,2215.0,1.0033354727880321
1552,GAM,0.235,2215.0,1.0033354727880321
1600,GAM,0.235,2215.0,1.0033354727880321
73,GAM,0.234,2220.0,0.9990659601378703
107,GAM,0.234,2220.0,0.9990659601378703
109,GAM,0.234,2220.0,0.9990659601378703
232,GAM,0.234,2220.0,0.9990659601378703
305,GAM,0.234,2220.0,0.9990659601378703
384,GAM,0.234,2220.0,0.9990659601378703
430,GAM,0.234,2220.0,0.9990659601378703
446,GAM,0.234,2220.0,0.9990659601378703
677,GAM,0.234,2220.0,0.9990659601378703
1357,GAM,0.234,2220.0,0.9990659601378703
1742,GAM,0.234,2220.0,0.9990659601378703
1975,GAM,0.234,2220.0,0.9990659601378703
2144,GAM,0.234,2220.0,0.9990659601378703
848,GAM,0.233,2233.0,0.9947964474877085
880,GAM,0.233,2233.0,0.9947964474877085
1061,GAM,0.233,2233.0,0.9947964474877085
1288,GAM,0.233,2233.0,0.9947964474877085
1634,GAM,0.233,2233.0,0.9947964474877085
1899,GAM,0.233,2233.0,0.9947964474877085
1072,GAM,0.232,2239.0,0.9905269348375466
2239,GAM,0.232,2239.0,0.9905269348375466
2402,GAM,0.232,2239.0,0.9905269348375466
2410,GAM,0.232,2239.0,0.9905269348375466
2427,GAM,0.232,2239.0,0.9905269348375466
2446,GAM,0.232,2239.0,0.9905269348375466
166,GAM,0.231,2245.0,0.9862574221873848
477,GAM,0.231,2245.0,0.9862574221873848
915,GAM,0.231,2245.0,0.9862574221873848
982,GAM,0.231,2245.0,0.9862574221873848
1029,GAM,0.231,2245.0,0.9862574221873848
1832,GAM,0.231,2245.0,0.9862574221873848
2095,GAM,0.231,2245.0,0.9862574221873848
2555,GAM,0.231,2245.0,0.9862574221873848
2668,GAM,0.231,2245.0,0.9862574221873848
577,GAM,0.23,2254.0,0.9819879095372229
620,GAM,0.23,2254.0,0.9819879095372229
770,GAM,0.23,2254.0,0.9819879095372229
2174,GAM,0.23,2254.0,0.9819879095372229
2353,GAM,0.23,2254.0,0.9819879095372229
2545,GAM,0.23,2254.0,0.9819879095372229
2574,GAM,0.23,2254.0,0.9819879095372229
2711,GAM,0.23,2254.0,0.9819879095372229
2726,GAM,0.23,2254.0,0.9819879095372229
190,GAM,0.229,2263.0,0.9777183968870611
247,GAM,0.229,2263.0,0.9777183968870611
828,GAM,0.229,2263.0,0.9777183968870611
1293,GAM,0.229,2263.0,0.9777183968870611
1327,GAM,0.229,2263.0,0.9777183968870611
1774,GAM,0.229,2263.0,0.9777183968870611
406,GAM,0.228,2269.0,0.9734488842368992
519,GAM,0.228,2269.0,0.9734488842368992
524,GAM,0.228,2269.0,0.9734488842368992
1174,GAM,0.228,2269.0,0.9734488842368992
1587,GAM,0.228,2269.0,0.9734488842368992
2111,GAM,0.228,2269.0,0.9734488842368992
2221,GAM,0.228,2269.0,0.9734488842368992
421,GAM,0.227,2276.0,0.9691793715867374
1318,GAM,0.227,2276.0,0.9691793715867374
1512,GAM,0.227,2276.0,0.9691793715867374
1723,GAM,0.227,2276.0,0.9691793715867374
1880,GAM,0.227,2276.0,0.9691793715867374
2072,GAM,0.227,2276.0,0.9691793715867374
737,GAM,0.226,2282.0,0.9649098589365755
804,GAM,0.226,2282.0,0.9649098589365755
938,GAM,0.226,2282.0,0.9649098589365755
1403,GAM,0.226,2282.0,0.9649098589365755
1760,GAM,0.226,2282.0,0.9649098589365755
2113,GAM,0.226,2282.0,0.9649098589365755
2303,GAM,0.226,2282.0,0.9649098589365755
118,GAM,0.225,2289.0,0.9606403462864137
123,GAM,0.225,2289.0,0.9606403462864137
385,GAM,0.225,2289.0,0.9606403462864137
2042,GAM,0.225,2289.0,0.9606403462864137
2324,GAM,0.225,2289.0,0.9606403462864137
2407,GAM,0.225,2289.0,0.9606403462864137
136,GAM,0.224,2295.0,0.9563708336362519
368,GAM,0.224,2295.0,0.9563708336362519
926,GAM,0.224,2295.0,0.9563708336362519
2051,GAM,0.224,2295.0,0.9563708336362519
2312,GAM,0.224,2295.0,0.9563708336362519
2331,GAM,0.224,2295.0,0.9563708336362519
83,GAM,0.223,2301.0,0.95210132098609
217,GAM,0.223,2301.0,0.95210132098609
1497,GAM,0.223,2301.0,0.95210132098609
2041,GAM,0.223,2301.0,0.95210132098609
2761,GAM,0.223,2301.0,0.95210132098609
1588,GAM,0.222,2306.0,0.9478318083359282
2123,GAM,0.222,2306.0,0.9478318083359282
2124,GAM,0.222,2306.0,0.9478318083359282
2322,GAM,0.222,2306.0,0.9478318083359282
487,GAM,0.221,2310.0,0.9435622956857663
1276,GAM,0.221,2310.0,0.9435622956857663
1366,GAM,0.221,2310.0,0.9435622956857663
2002,GAM,0.221,2310.0,0.9435622956857663
866,GAM,0.22,2314.0,0.9392927830356045
870,GAM,0.22,2314.0,0.9392927830356045
1882,GAM,0.22,2314.0,0.9392927830356045
2032,GAM,0.22,2314.0,0.9392927830356045
2166,GAM,0.22,2314.0,0.9392927830356045
2551,GAM,0.22,2314.0,0.9392927830356045
36,GAM,0.219,2320.0,0.9350232703854426
269,GAM,0.219,2320.0,0.9350232703854426
1110,GAM,0.219,2320.0,0.9350232703854426
1507,GAM,0.219,2320.0,0.9350232703854426
1822,GAM,0.219,2320.0,0.9350232703854426
2129,GAM,0.219,2320.0,0.9350232703854426
261,GAM,0.218,2326.0,0.9307537577352808
1002,GAM,0.218,2326.0,0.9307537577352808
1228,GAM,0.218,2326.0,0.9307537577352808
1426,GAM,0.218,2326.0,0.9307537577352808
2271,GAM,0.218,2326.0,0.9307537577352808
21,GAM,0.217,2331.0,0.926484245085119
254,GAM,0.217,2331.0,0.926484245085119
1103,GAM,0.217,2331.0,0.926484245085119
2215,GAM,0.217,2331.0,0.926484245085119
108,GAM,0.216,2335.0,0.9222147324349571
275,GAM,0.216,2335.0,0.9222147324349571
572,GAM,0.216,2335.0,0.9222147324349571
882,GAM,0.216,2335.0,0.9222147324349571
1615,GAM,0.216,2335.0,0.9222147324349571
2285,GAM,0.216,2335.0,0.9222147324349571
475,GAM,0.215,2341.0,0.9179452197847953
1420,GAM,0.215,2341.0,0.9179452197847953
1452,GAM,0.215,2341.0,0.9179452197847953
1830,GAM,0.215,2341.0,0.9179452197847953
432,GAM,0.214,2345.0,0.9136757071346334
480,GAM,0.214,2345.0,0.9136757071346334
510,GAM,0.214,2345.0,0.9136757071346334
788,GAM,0.214,2345.0,0.9136757071346334
1365,GAM,0.214,2345.0,0.9136757071346334
2559,GAM,0.214,2345.0,0.9136757071346334
2686,GAM,0.214,2345.0,0.9136757071346334
284,GAM,0.213,2352.0,0.9094061944844716
576,GAM,0.213,2352.0,0.9094061944844716
1785,GAM,0.213,2352.0,0.9094061944844716
1927,GAM,0.213,2352.0,0.9094061944844716
605,GAM,0.212,2356.0,0.9051366818343097
642,GAM,0.212,2356.0,0.9051366818343097
1168,GAM,0.212,2356.0,0.9051366818343097
1299,GAM,0.212,2356.0,0.9051366818343097
1376,GAM,0.212,2356.0,0.9051366818343097
2655,GAM,0.212,2356.0,0.9051366818343097
777,GAM,0.211,2362.0,0.9008671691841479
1087,GAM,0.211,2362.0,0.9008671691841479
2681,GAM,0.211,2362.0,0.9008671691841479
731,GAM,0.21,2365.0,0.896597656533986
1624,GAM,0.21,2365.0,0.896597656533986
1833,GAM,0.21,2365.0,0.896597656533986
1918,GAM,0.21,2365.0,0.896597656533986
2730,GAM,0.21,2365.0,0.896597656533986
1015,GAM,0.209,2370.0,0.8923281438838242
2109,GAM,0.209,2370.0,0.8923281438838242
2465,GAM,0.209,2370.0,0.8923281438838242
2577,GAM,0.209,2370.0,0.8923281438838242
2641,GAM,0.209,2370.0,0.8923281438838242
2675,GAM,0.209,2370.0,0.8923281438838242
30,GAM,0.208,2376.0,0.8880586312336625
932,GAM,0.208,2376.0,0.8880586312336625
1038,GAM,0.208,2376.0,0.8880586312336625
1434,GAM,0.208,2376.0,0.8880586312336625
1632,GAM,0.208,2376.0,0.8880586312336625
1741,GAM,0.208,2376.0,0.8880586312336625
2438,GAM,0.208,2376.0,0.8880586312336625
2579,GAM,0.208,2376.0,0.8880586312336625
779,GAM,0.207,2384.0,0.8837891185835006
1058,GAM,0.207,2384.0,0.8837891185835006
1936,GAM,0.207,2384.0,0.8837891185835006
2417,GAM,0.207,2384.0,0.8837891185835006
354,GAM,0.206,2388.0,0.8795196059333388
375,GAM,0.206,2388.0,0.8795196059333388
1049,GAM,0.206,2388.0,0.8795196059333388
1801,GAM,0.206,2388.0,0.8795196059333388
2565,GAM,0.206,2388.0,0.8795196059333388
359,GAM,0.205,2393.0,0.8752500932831769
1495,GAM,0.204,2394.0,0.8709805806330151
1840,GAM,0.204,2394.0,0.8709805806330151
2421,GAM,0.204,2394.0,0.8709805806330151
2424,GAM,0.204,2394.0,0.8709805806330151
2482,GAM,0.204,2394.0,0.8709805806330151
551,GAM,0.203,2399.0,0.8667110679828534
727,GAM,0.203,2399.0,0.8667110679828534
2507,GAM,0.203,2399.0,0.8667110679828534
1282,GAM,0.202,2402.0,0.8624415553326915
2015,GAM,0.202,2402.0,0.8624415553326915
329,GAM,0.201,2404.0,0.8581720426825297
1256,GAM,0.201,2404.0,0.8581720426825297
1836,GAM,0.201,2404.0,0.8581720426825297
2428,GAM,0.2,2407.0,0.8539025300323678
1216,GAM,0.199,2408.0,0.849633017382206
1857,GAM,0.199,2408.0,0.849633017382206
2652,GAM,0.199,2408.0,0.849633017382206
2707,GAM,0.199,2408.0,0.849633017382206
1065,GAM,0.198,2412.0,0.8453635047320441
1319,GAM,0.198,2412.0,0.8453635047320441
1461,GAM,0.198,2412.0,0.8453635047320441
1757,GAM,0.198,2412.0,0.8453635047320441
20,GAM,0.197,2416.0,0.8410939920818823
517,GAM,0.197,2416.0,0.8410939920818823
699,GAM,0.197,2416.0,0.8410939920818823
1225,GAM,0.197,2416.0,0.8410939920818823
1831,GAM,0.197,2416.0,0.8410939920818823
1911,GAM,0.197,2416.0,0.8410939920818823
68,GAM,0.196,2422.0,0.8368244794317204
1350,GAM,0.196,2422.0,0.8368244794317204
2508,GAM,0.196,2422.0,0.8368244794317204
2569,GAM,0.196,2422.0,0.8368244794317204
462,GAM,0.195,2426.0,0.8325549667815586
678,GAM,0.195,2426.0,0.8325549667815586
1709,GAM,0.195,2426.0,0.8325549667815586
2342,GAM,0.195,2426.0,0.8325549667815586
2620,GAM,0.195,2426.0,0.8325549667815586
2625,GAM,0.195,2426.0,0.8325549667815586
88,GAM,0.194,2432.0,0.8282854541313968
498,GAM,0.194,2432.0,0.8282854541313968
644,GAM,0.194,2432.0,0.8282854541313968
1034,GAM,0.194,2432.0,0.8282854541313968
1331,GAM,0.194,2432.0,0.8282854541313968
1464,GAM,0.194,2432.0,0.8282854541313968
1602,GAM,0.194,2432.0,0.8282854541313968
2182,GAM,0.194,2432.0,0.8282854541313968
79,GAM,0.193,2440.0,0.8240159414812349
1006,GAM,0.193,2440.0,0.8240159414812349
1294,GAM,0.193,2440.0,0.8240159414812349
1370,GAM,0.193,2440.0,0.8240159414812349
1795,GAM,0.193,2440.0,0.8240159414812349
2548,GAM,0.193,2440.0,0.8240159414812349
1983,GAM,0.192,2446.0,0.8197464288310731
2208,GAM,0.192,2446.0,0.8197464288310731
2244,GAM,0.192,2446.0,0.8197464288310731
1196,GAM,0.191,2449.0,0.8154769161809112
2219,GAM,0.191,2449.0,0.8154769161809112
2694,GAM,0.191,2449.0,0.8154769161809112
2288,GAM,0.19,2452.0,0.8112074035307494
2664,GAM,0.19,2452.0,0.8112074035307494
2440,GAM,0.189,2454.0,0.8069378908805875
987,GAM,0.188,2455.0,0.8026683782304257
1227,GAM,0.188,2455.0,0.8026683782304257
1435,GAM,0.188,2455.0,0.8026683782304257
356,GAM,0.187,2458.0,0.7983988655802639
949,GAM,0.187,2458.0,0.7983988655802639
1134,GAM,0.187,2458.0,0.7983988655802639
440,GAM,0.186,2461.0,0.794129352930102
1075,GAM,0.186,2461.0,0.794129352930102
1077,GAM,0.186,2461.0,0.794129352930102
1446,GAM,0.186,2461.0,0.794129352930102
1667,GAM,0.186,2461.0,0.794129352930102
2414,GAM,0.186,2461.0,0.794129352930102
2472,GAM,0.186,2461.0,0.794129352930102
2729,GAM,0.186,2461.0,0.794129352930102
984,GAM,0.185,2469.0,0.7898598402799402
1498,GAM,0.185,2469.0,0.7898598402799402
48,GAM,0.183,2471.0,0.7813208149796165
50,GAM,0.183,2471.0,0.7813208149796165
2190,GAM,0.183,2471.0,0.7813208149796165
1735,GAM,0.182,2474.0,0.7770513023294546
1870,GAM,0.182,2474.0,0.7770513023294546
2520,GAM,0.182,2474.0,0.7770513023294546
1424,GAM,0.181,2477.0,0.7727817896792928
1595,GAM,0.181,2477.0,0.7727817896792928
2267,GAM,0.181,2477.0,0.7727817896792928
2558,GAM,0.181,2477.0,0.7727817896792928
1063,GAM,0.18,2481.0,0.7685122770291309
1235,GAM,0.18,2481.0,0.7685122770291309
2086,GAM,0.18,2481.0,0.7685122770291309
2379,GAM,0.18,2481.0,0.7685122770291309
641,GAM,0.179,2485.0,0.7642427643789691
1346,GAM,0.179,2485.0,0.7642427643789691
1471,GAM,0.179,2485.0,0.7642427643789691
2193,GAM,0.179,2485.0,0.7642427643789691
2513,GAM,0.179,2485.0,0.7642427643789691
2521,GAM,0.179,2485.0,0.7642427643789691
910,GAM,0.178,2491.0,0.7599732517288073
1086,GAM,0.178,2491.0,0.7599732517288073
1162,GAM,0.178,2491.0,0.7599732517288073
2071,GAM,0.178,2491.0,0.7599732517288073
49,GAM,0.177,2495.0,0.7557037390786454
139,GAM,0.177,2495.0,0.7557037390786454
1099,GAM,0.177,2495.0,0.7557037390786454
1804,GAM,0.177,2495.0,0.7557037390786454
1878,GAM,0.176,2499.0,0.7514342264284836
2385,GAM,0.176,2499.0,0.7514342264284836
1386,GAM,0.175,2501.0,0.7471647137783217
1765,GAM,0.175,2501.0,0.7471647137783217
2202,GAM,0.175,2501.0,0.7471647137783217
140,GAM,0.174,2504.0,0.7428952011281599
1851,GAM,0.174,2504.0,0.7428952011281599
2362,GAM,0.174,2504.0,0.7428952011281599
1057,GAM,0.173,2507.0,0.738625688477998
2687,GAM,0.173,2507.0,0.738625688477998
106,GAM,0.172,2509.0,0.7343561758278362
331,GAM,0.172,2509.0,0.7343561758278362
789,GAM,0.172,2509.0,0.7343561758278362
2061,GAM,0.172,2509.0,0.7343561758278362
1487,GAM,0.171,2513.0,0.7300866631776745
2383,GAM,0.171,2513.0,0.7300866631776745
2516,GAM,0.171,2513.0,0.7300866631776745
930,GAM,0.17,2516.0,0.7258171505275126
1054,GAM,0.17,2516.0,0.7258171505275126
1886,GAM,0.17,2516.0,0.7258171505275126
2310,GAM,0.17,2516.0,0.7258171505275126
2563,GAM,0.17,2516.0,0.7258171505275126
152,GAM,0.169,2521.0,0.7215476378773508
542,GAM,0.169,2521.0,0.7215476378773508
801,GAM,0.169,2521.0,0.7215476378773508
1187,GAM,0.169,2521.0,0.7215476378773508
558,GAM,0.168,2525.0,0.7172781252271889
2263,GAM,0.168,2525.0,0.7172781252271889
2603,GAM,0.168,2525.0,0.7172781252271889
1177,GAM,0.167,2528.0,0.7130086125770271
1505,GAM,0.167,2528.0,0.7130086125770271
1598,GAM,0.167,2528.0,0.7130086125770271
1827,GAM,0.167,2528.0,0.7130086125770271
2423,GAM,0.167,2528.0,0.7130086125770271
13,GAM,0.166,2533.0,0.7087390999268652
1262,GAM,0.166,2533.0,0.7087390999268652
1289,GAM,0.166,2533.0,0.7087390999268652
1373,GAM,0.166,2533.0,0.7087390999268652
182,GAM,0.165,2537.0,0.7044695872767034
751,GAM,0.165,2537.0,0.7044695872767034
760,GAM,0.165,2537.0,0.7044695872767034
1000,GAM,0.165,2537.0,0.7044695872767034
1617,GAM,0.165,2537.0,0.7044695872767034
1671,GAM,0.165,2537.0,0.7044695872767034
2046,GAM,0.165,2537.0,0.7044695872767034
2328,GAM,0.165,2537.0,0.7044695872767034
2738,GAM,0.165,2537.0,0.7044695872767034
103,GAM,0.164,2546.0,0.7002000746265415
1161,GAM,0.164,2546.0,0.7002000746265415
1449,GAM,0.164,2546.0,0.7002000746265415
1470,GAM,0.164,2546.0,0.7002000746265415
2557,GAM,0.164,2546.0,0.7002000746265415
936,GAM,0.163,2551.0,0.6959305619763797
1259,GAM,0.163,2551.0,0.6959305619763797
2343,GAM,0.163,2551.0,0.6959305619763797
2499,GAM,0.163,2551.0,0.6959305619763797
2535,GAM,0.163,2551.0,0.6959305619763797
2626,GAM,0.163,2551.0,0.6959305619763797
2,GAM,0.162,2557.0,0.6916610493262179
1307,GAM,0.162,2557.0,0.6916610493262179
243,GAM,0.161,2559.0,0.687391536676056
383,GAM,0.161,2559.0,0.687391536676056
648,GAM,0.161,2559.0,0.687391536676056
1003,GAM,0.161,2559.0,0.687391536676056
2192,GAM,0.161,2559.0,0.687391536676056
2510,GAM,0.161,2559.0,0.687391536676056
2753,GAM,0.161,2559.0,0.687391536676056
336,GAM,0.16,2566.0,0.6831220240258942
571,GAM,0.16,2566.0,0.6831220240258942
793,GAM,0.16,2566.0,0.6831220240258942
1737,GAM,0.16,2566.0,0.6831220240258942
2382,GAM,0.16,2566.0,0.6831220240258942
764,GAM,0.159,2571.0,0.6788525113757323
854,GAM,0.159,2571.0,0.6788525113757323
941,GAM,0.159,2571.0,0.6788525113757323
1603,GAM,0.159,2571.0,0.6788525113757323
2606,GAM,0.159,2571.0,0.6788525113757323
875,GAM,0.158,2576.0,0.6745829987255705
919,GAM,0.158,2576.0,0.6745829987255705
1139,GAM,0.158,2576.0,0.6745829987255705
1509,GAM,0.158,2576.0,0.6745829987255705
1573,GAM,0.158,2576.0,0.6745829987255705
2126,GAM,0.158,2576.0,0.6745829987255705
2308,GAM,0.158,2576.0,0.6745829987255705
2492,GAM,0.158,2576.0,0.6745829987255705
1714,GAM,0.157,2584.0,0.6703134860754086
1726,GAM,0.157,2584.0,0.6703134860754086
1745,GAM,0.157,2584.0,0.6703134860754086
1961,GAM,0.157,2584.0,0.6703134860754086
2139,GAM,0.157,2584.0,0.6703134860754086
2272,GAM,0.157,2584.0,0.6703134860754086
687,GAM,0.156,2590.0,0.6660439734252468
993,GAM,0.156,2590.0,0.6660439734252468
1676,GAM,0.156,2590.0,0.6660439734252468
1947,GAM,0.156,2590.0,0.6660439734252468
692,GAM,0.155,2594.0,0.661774460775085
983,GAM,0.155,2594.0,0.661774460775085
1527,GAM,0.155,2594.0,0.661774460775085
1916,GAM,0.155,2594.0,0.661774460775085
2094,GAM,0.155,2594.0,0.661774460775085
1234,GAM,0.154,2599.0,0.6575049481249231
2062,GAM,0.154,2599.0,0.6575049481249231
2165,GAM,0.153,2601.0,0.6532354354747613
2560,GAM,0.153,2601.0,0.6532354354747613
200,GAM,0.152,2603.0,0.6489659228245994
634,GAM,0.152,2603.0,0.6489659228245994
838,GAM,0.152,2603.0,0.6489659228245994
1515,GAM,0.152,2603.0,0.6489659228245994
1679,GAM,0.152,2603.0,0.6489659228245994
1823,GAM,0.152,2603.0,0.6489659228245994
2772,GAM,0.152,2603.0,0.6489659228245994
1335,GAM,0.15,2610.0,0.6404268975242757
1379,GAM,0.15,2610.0,0.6404268975242757
2280,GAM,0.15,2610.0,0.6404268975242757
2671,GAM,0.15,2610.0,0.6404268975242757
191,GAM,0.149,2614.0,0.6361573848741139
315,GAM,0.149,2614.0,0.6361573848741139
439,GAM,0.149,2614.0,0.6361573848741139
579,GAM,0.149,2614.0,0.6361573848741139
985,GAM,0.149,2614.0,0.6361573848741139
1091,GAM,0.149,2614.0,0.6361573848741139
1362,GAM,0.149,2614.0,0.6361573848741139
1901,GAM,0.149,2614.0,0.6361573848741139
1941,GAM,0.149,2614.0,0.6361573848741139
2143,GAM,0.149,2614.0,0.6361573848741139
461,GAM,0.148,2624.0,0.6318878722239522
550,GAM,0.148,2624.0,0.6318878722239522
1024,GAM,0.148,2624.0,0.6318878722239522
1553,GAM,0.148,2624.0,0.6318878722239522
2146,GAM,0.148,2624.0,0.6318878722239522
2433,GAM,0.148,2624.0,0.6318878722239522
2653,GAM,0.148,2624.0,0.6318878722239522
2669,GAM,0.148,2624.0,0.6318878722239522
54,GAM,0.147,2632.0,0.6276183595737903
207,GAM,0.147,2632.0,0.6276183595737903
929,GAM,0.147,2632.0,0.6276183595737903
2352,GAM,0.147,2632.0,0.6276183595737903
2589,GAM,0.147,2632.0,0.6276183595737903
2732,GAM,0.147,2632.0,0.6276183595737903
1850,GAM,0.146,2638.0,0.6233488469236285
2587,GAM,0.146,2638.0,0.6233488469236285
154,GAM,0.145,2640.0,0.6190793342734666
1810,GAM,0.145,2640.0,0.6190793342734666
252,GAM,0.144,2642.0,0.6148098216233048
631,GAM,0.144,2642.0,0.6148098216233048
841,GAM,0.144,2642.0,0.6148098216233048
2645,GAM,0.144,2642.0,0.6148098216233048
472,GAM,0.143,2646.0,0.6105403089731429
614,GAM,0.143,2646.0,0.6105403089731429
1641,GAM,0.143,2646.0,0.6105403089731429
2536,GAM,0.143,2646.0,0.6105403089731429
242,GAM,0.142,2650.0,0.6062707963229811
273,GAM,0.142,2650.0,0.6062707963229811
693,GAM,0.142,2650.0,0.6062707963229811
1287,GAM,0.142,2650.0,0.6062707963229811
67,GAM,0.141,2654.0,0.6020012836728192
894,GAM,0.141,2654.0,0.6020012836728192
1245,GAM,0.141,2654.0,0.6020012836728192
1889,GAM,0.141,2654.0,0.6020012836728192
2340,GAM,0.141,2654.0,0.6020012836728192
2502,GAM,0.141,2654.0,0.6020012836728192
584,GAM,0.14,2660.0,0.5977317710226575
595,GAM,0.14,2660.0,0.5977317710226575
1463,GAM,0.14,2660.0,0.5977317710226575
1984,GAM,0.14,2660.0,0.5977317710226575
2270,GAM,0.14,2660.0,0.5977317710226575
2493,GAM,0.14,2660.0,0.5977317710226575
134,GAM,0.139,2666.0,0.5934622583724957
274,GAM,0.139,2666.0,0.5934622583724957
290,GAM,0.139,2666.0,0.5934622583724957
796,GAM,0.139,2666.0,0.5934622583724957
887,GAM,0.139,2666.0,0.5934622583724957
1381,GAM,0.139,2666.0,0.5934622583724957
1410,GAM,0.139,2666.0,0.5934622583724957
1064,GAM,0.138,2673.0,0.5891927457223338
1398,GAM,0.138,2673.0,0.5891927457223338
1915,GAM,0.138,2673.0,0.5891927457223338
2449,GAM,0.138,2673.0,0.5891927457223338
361,GAM,0.137,2677.0,0.584923233072172
868,GAM,0.137,2677.0,0.584923233072172
912,GAM,0.137,2677.0,0.584923233072172
2596,GAM,0.137,2677.0,0.584923233072172
758,GAM,0.136,2681.0,0.5806537204220101
1732,GAM,0.136,2681.0,0.5806537204220101
2663,GAM,0.136,2681.0,0.5806537204220101
2304,GAM,0.135,2684.0,0.5763842077718483
317,GAM,0.134,2685.0,0.5721146951216864
120,GAM,0.133,2686.0,0.5678451824715246
1206,GAM,0.133,2686.0,0.5678451824715246
2498,GAM,0.133,2686.0,0.5678451824715246
2734,GAM,0.133,2686.0,0.5678451824715246
285,GAM,0.132,2690.0,0.5635756698213628
479,GAM,0.132,2690.0,0.5635756698213628
1036,GAM,0.132,2690.0,0.5635756698213628
2283,GAM,0.132,2690.0,0.5635756698213628
1104,GAM,0.131,2694.0,0.5593061571712009
1848,GAM,0.131,2694.0,0.5593061571712009
2011,GAM,0.131,2694.0,0.5593061571712009
2134,GAM,0.131,2694.0,0.5593061571712009
791,GAM,0.13,2698.0,0.5550366445210391
1465,GAM,0.13,2698.0,0.5550366445210391
1821,GAM,0.13,2698.0,0.5550366445210391
380,GAM,0.129,2701.0,0.5507671318708772
723,GAM,0.129,2701.0,0.5507671318708772
1095,GAM,0.129,2701.0,0.5507671318708772
1348,GAM,0.129,2701.0,0.5507671318708772
2429,GAM,0.129,2701.0,0.5507671318708772
158,GAM,0.128,2706.0,0.5464976192207154
2500,GAM,0.128,2706.0,0.5464976192207154
2604,GAM,0.128,2706.0,0.5464976192207154
652,GAM,0.127,2709.0,0.5422281065705535
939,GAM,0.127,2709.0,0.5422281065705535
1638,GAM,0.127,2709.0,0.5422281065705535
1750,GAM,0.127,2709.0,0.5422281065705535
520,GAM,0.126,2713.0,0.5379585939203917
726,GAM,0.126,2713.0,0.5379585939203917
2198,GAM,0.126,2713.0,0.5379585939203917
2336,GAM,0.126,2713.0,0.5379585939203917
2478,GAM,0.126,2713.0,0.5379585939203917
720,GAM,0.125,2718.0,0.5336890812702298
2666,GAM,0.125,2718.0,0.5336890812702298
903,GAM,0.124,2720.0,0.529419568620068
1429,GAM,0.124,2720.0,0.529419568620068
1713,GAM,0.124,2720.0,0.529419568620068
2477,GAM,0.123,2723.0,0.5251500559699062
1322,GAM,0.122,2724.0,0.5208805433197443
313,GAM,0.121,2725.0,0.5166110306695825
322,GAM,0.121,2725.0,0.5166110306695825
1520,GAM,0.121,2725.0,0.5166110306695825
1902,GAM,0.121,2725.0,0.5166110306695825
72,GAM,0.12,2729.0,0.5123415180194206
992,GAM,0.12,2729.0,0.5123415180194206
1324,GAM,0.12,2729.0,0.5123415180194206
802,GAM,0.119,2732.0,0.5080720053692588
921,GAM,0.119,2732.0,0.5080720053692588
1116,GAM,0.119,2732.0,0.5080720053692588
1479,GAM,0.119,2732.0,0.5080720053692588
28,GAM,0.118,2736.0,0.5038024927190969
121,GAM,0.118,2736.0,0.5038024927190969
1399,GAM,0.118,2736.0,0.5038024927190969
181,GAM,0.116,2739.0,0.4952634674187733
948,GAM,0.116,2739.0,0.4952634674187733
1016,GAM,0.116,2739.0,0.4952634674187733
1030,GAM,0.116,2739.0,0.4952634674187733
1247,GAM,0.116,2739.0,0.4952634674187733
1906,GAM,0.116,2739.0,0.4952634674187733
2345,GAM,0.116,2739.0,0.4952634674187733
515,GAM,0.115,2746.0,0.49099395476861146
884,GAM,0.115,2746.0,0.49099395476861146
1485,GAM,0.115,2746.0,0.49099395476861146
1859,GAM,0.115,2746.0,0.49099395476861146
2413,GAM,0.115,2746.0,0.49099395476861146
218,GAM,0.114,2751.0,0.4867244421184496
1619,GAM,0.114,2751.0,0.4867244421184496
1310,GAM,0.113,2753.0,0.4824549294682878
1817,GAM,0.113,2753.0,0.4824549294682878
2685,GAM,0.113,2753.0,0.4824549294682878
2064,GAM,0.112,2756.0,0.47818541681812593
2121,GAM,0.111,2757.0,0.4739159041679641
504,GAM,0.109,2758.0,0.4653768788676404
1198,GAM,0.109,2758.0,0.4653768788676404
1727,GAM,0.109,2758.0,0.4653768788676404
1249,GAM,0.108,2761.0,0.46110736621747855
1917,GAM,0.108,2761.0,0.46110736621747855
627,GAM,0.107,2763.0,0.4568378535673167
663,GAM,0.107,2763.0,0.4568378535673167
434,GAM,0.106,2765.0,0.45256834091715487
2768,GAM,0.106,2765.0,0.45256834091715487
291,GAM,0.105,2767.0,0.448298828266993
928,GAM,0.103,2768.0,0.4397598029666694
1642,GAM,0.099,2769.0,0.42268175236602207
1159,GAM,0.098,2770.0,0.4184122397158602
2320,GAM,0.098,2770.0,0.4184122397158602
1580,GAM,0.097,2772.0,0.4141427270656984
632,GAM,0.096,2773.0,0.40987321441553654
1197,GAM,0.095,2774.0,0.4056037017653747
2297,GAM,0.092,2775.0,0.39279516381488916
144,GAM,0.091,2776.0,0.3885256511647273
1578,GAM,0.083,2777.0,0.3543695499634326
229,GAM,0.082,2778.0,0.3501000373132708
2266,RF,1.757,1.0,6.849072180933383
220,RF,1.745,2.0,6.802294226368103
2583,RF,1.711,3.0,6.669756688433137
1692,RF,1.68,4.0,6.54891363913949
1255,RF,1.674,5.0,6.525524661856849
979,RF,1.615,6.0,6.29553305191088
923,RF,1.562,7.0,6.088930419247551
1597,RF,1.542,8.0,6.010967161638747
1837,RF,1.492,9.0,5.816059017616738
2177,RF,1.452,10.0,5.660132502399131
294,RF,1.431,11.0,5.578271081909888
1419,RF,1.421,12.0,5.539289453105487
1025,RF,1.41,13.0,5.4964096614206435
2284,RF,1.392,14.0,5.426242729572721
951,RF,1.37,15.0,5.340483146203038
904,RF,1.368,16.0,5.332686820442158
2290,RF,1.365,17.0,5.320992331800836
527,RF,1.351,18.0,5.266418051474674
1250,RF,1.306,19.0,5.091000721854867
1020,RF,1.287,20.0,5.016935627126503
570,RF,1.281,21.0,4.993546649843862
878,RF,1.258,22.0,4.903888903593738
1129,RF,1.258,22.0,4.903888903593738
2130,RF,1.253,24.0,4.884398089191537
2023,RF,1.239,25.0,4.829823808865375
959,RF,1.22,26.0,4.755758714137011
2110,RF,1.215,27.0,4.736267899734811
358,RF,1.21,28.0,4.716777085332609
2029,RF,1.196,29.0,4.662202805006447
1439,RF,1.195,30.0,4.658304642126007
2578,RF,1.195,30.0,4.658304642126007
351,RF,1.191,32.0,4.642711990604246
214,RF,1.189,33.0,4.6349156648433665
2609,RF,1.188,34.0,4.631017501962925
2052,RF,1.186,35.0,4.623221176202045
2047,RF,1.179,36.0,4.595934036038964
2648,RF,1.179,36.0,4.595934036038964
2084,RF,1.173,38.0,4.572545058756323
1437,RF,1.171,39.0,4.564748732995443
2305,RF,1.17,40.0,4.560850570115003
968,RF,1.167,41.0,4.549156081473682
1243,RF,1.161,42.0,4.525767104191041
193,RF,1.16,43.0,4.521868941310601
2092,RF,1.151,44.0,4.48678547538664
1345,RF,1.149,45.0,4.478989149625759
287,RF,1.148,46.0,4.475090986745318
1475,RF,1.148,46.0,4.475090986745318
539,RF,1.145,48.0,4.463396498103998
1220,RF,1.145,48.0,4.463396498103998
1931,RF,1.145,48.0,4.463396498103998
1090,RF,1.143,51.0,4.455600172343118
2273,RF,1.143,51.0,4.455600172343118
797,RF,1.129,53.0,4.401025892016955
318,RF,1.128,54.0,4.397127729136515
75,RF,1.114,55.0,4.342553448810353
292,RF,1.112,56.0,4.334757123049473
2673,RF,1.112,56.0,4.334757123049473
52,RF,1.111,58.0,4.330858960169032
1847,RF,1.105,59.0,4.307469982886391
2344,RF,1.105,59.0,4.307469982886391
2599,RF,1.105,59.0,4.307469982886391
601,RF,1.097,62.0,4.2762846798428695
410,RF,1.094,63.0,4.26459019120155
2659,RF,1.094,63.0,4.26459019120155
431,RF,1.092,65.0,4.256793865440669
1114,RF,1.092,65.0,4.256793865440669
1354,RF,1.092,65.0,4.256793865440669
1637,RF,1.088,68.0,4.241201213918909
1824,RF,1.087,69.0,4.237303051038468
1856,RF,1.087,69.0,4.237303051038468
2552,RF,1.087,69.0,4.237303051038468
2010,RF,1.083,72.0,4.221710399516708
2501,RF,1.081,73.0,4.213914073755827
1656,RF,1.08,74.0,4.210015910875387
1356,RF,1.079,75.0,4.206117747994947
2076,RF,1.076,76.0,4.194423259353626
1779,RF,1.075,77.0,4.190525096473186
1825,RF,1.075,77.0,4.190525096473186
1748,RF,1.073,79.0,4.1827287707123055
117,RF,1.07,80.0,4.171034282070986
2158,RF,1.07,80.0,4.171034282070986
129,RF,1.066,82.0,4.155441630549225
429,RF,1.061,83.0,4.135950816147023
1105,RF,1.057,84.0,4.120358164625263
1411,RF,1.057,84.0,4.120358164625263
1502,RF,1.054,86.0,4.1086636759839426
775,RF,1.05,87.0,4.093071024462182
1493,RF,1.048,88.0,4.085274698701301
996,RF,1.046,89.0,4.077478372940421
1754,RF,1.046,89.0,4.077478372940421
262,RF,1.045,91.0,4.073580210059981
581,RF,1.045,91.0,4.073580210059981
2633,RF,1.043,93.0,4.0657838842991
59,RF,1.039,94.0,4.0501912327773395
2731,RF,1.037,95.0,4.042394907016459
35,RF,1.035,96.0,4.034598581255579
2152,RF,1.032,97.0,4.022904092614259
1271,RF,1.028,98.0,4.007311441092498
1585,RF,1.028,98.0,4.007311441092498
518,RF,1.027,100.0,4.003413278212057
485,RF,1.025,101.0,3.995616952451177
1312,RF,1.022,102.0,3.983922463809857
2469,RF,1.021,103.0,3.9800243009294163
879,RF,1.02,104.0,3.9761261380489765
2542,RF,1.019,105.0,3.972227975168536
955,RF,1.014,106.0,3.9527371607663357
1623,RF,1.014,106.0,3.9527371607663357
2212,RF,1.005,108.0,3.9176536948423735
51,RF,1.004,109.0,3.9137555319619337
194,RF,1.002,110.0,3.9059592062010533
1960,RF,1.001,111.0,3.9020610433206127
2689,RF,1.001,111.0,3.9020610433206127
1526,RF,0.997,113.0,3.8864683917988527
2199,RF,0.988,114.0,3.851384925874891
1652,RF,0.987,115.0,3.8474867629944507
2319,RF,0.984,116.0,3.8357922743531305
293,RF,0.982,117.0,3.82799594859225
2183,RF,0.98,118.0,3.8201996228313697
2339,RF,0.979,119.0,3.8163014599509295
170,RF,0.978,120.0,3.8124032970704893
1661,RF,0.978,120.0,3.8124032970704893
2159,RF,0.973,122.0,3.7929124826682883
476,RF,0.972,123.0,3.789014319787848
761,RF,0.971,124.0,3.785116156907408
2054,RF,0.971,124.0,3.785116156907408
965,RF,0.97,126.0,3.7812179940269677
1484,RF,0.97,126.0,3.7812179940269677
2432,RF,0.968,128.0,3.7734216682660873
970,RF,0.967,129.0,3.7695235053856475
377,RF,0.966,130.0,3.7656253425052073
2600,RF,0.966,130.0,3.7656253425052073
586,RF,0.965,132.0,3.761727179624767
825,RF,0.959,133.0,3.738338202342126
2255,RF,0.959,133.0,3.738338202342126
1559,RF,0.958,135.0,3.7344400394616857
561,RF,0.956,136.0,3.7266437137008053
1639,RF,0.956,136.0,3.7266437137008053
132,RF,0.954,138.0,3.718847387939925
1572,RF,0.954,138.0,3.718847387939925
484,RF,0.952,140.0,3.7110510621790445
100,RF,0.95,141.0,3.7032547364181645
1252,RF,0.949,142.0,3.6993565735377243
2013,RF,0.949,142.0,3.6993565735377243
39,RF,0.948,144.0,3.695458410657284
93,RF,0.947,145.0,3.691560247776844
1190,RF,0.947,145.0,3.691560247776844
885,RF,0.946,147.0,3.6876620848964037
664,RF,0.939,148.0,3.6603749447333223
2422,RF,0.937,149.0,3.6525786189724423
638,RF,0.936,150.0,3.648680456092002
1088,RF,0.935,151.0,3.644782293211562
821,RF,0.932,152.0,3.6330878045702417
2525,RF,0.932,152.0,3.6330878045702417
1948,RF,0.931,154.0,3.6291896416898015
312,RF,0.93,155.0,3.6252914788093613
1523,RF,0.929,156.0,3.621393315928921
740,RF,0.927,157.0,3.6135969901680407
1355,RF,0.926,158.0,3.6096988272876005
149,RF,0.924,159.0,3.60190250152672
2541,RF,0.924,159.0,3.60190250152672
552,RF,0.922,161.0,3.5941061757658397
1096,RF,0.919,162.0,3.582411687124519
1778,RF,0.919,162.0,3.582411687124519
1791,RF,0.919,162.0,3.582411687124519
302,RF,0.916,165.0,3.570717198483199
1011,RF,0.916,165.0,3.570717198483199
1879,RF,0.916,165.0,3.570717198483199
2145,RF,0.915,168.0,3.5668190356027587
748,RF,0.912,169.0,3.555124546961438
1543,RF,0.909,170.0,3.5434300583201175
2295,RF,0.908,171.0,3.5395318954396773
300,RF,0.907,172.0,3.535633732559237
2538,RF,0.906,173.0,3.531735569678797
1614,RF,0.905,174.0,3.5278374067983567
964,RF,0.902,175.0,3.516142918157036
1264,RF,0.899,176.0,3.504448429515716
1841,RF,0.898,177.0,3.5005502666352757
877,RF,0.897,178.0,3.4966521037548355
1118,RF,0.897,178.0,3.4966521037548355
1518,RF,0.897,178.0,3.4966521037548355
2132,RF,0.897,178.0,3.4966521037548355
1640,RF,0.894,182.0,3.484957615113515
2776,RF,0.894,182.0,3.484957615113515
323,RF,0.893,184.0,3.4810594522330747
2089,RF,0.891,185.0,3.4732631264721943
392,RF,0.89,186.0,3.469364963591754
1140,RF,0.89,186.0,3.469364963591754
2117,RF,0.89,186.0,3.469364963591754
2505,RF,0.889,189.0,3.465466800711314
1033,RF,0.885,190.0,3.449874149189553
2585,RF,0.885,190.0,3.449874149189553
1549,RF,0.884,192.0,3.4459759863091133
1954,RF,0.883,193.0,3.442077823428673
674,RF,0.881,194.0,3.4342814976677927
1165,RF,0.88,195.0,3.4303833347873525
2394,RF,0.88,195.0,3.4303833347873525
538,RF,0.879,197.0,3.4264851719069123
1670,RF,0.879,197.0,3.4264851719069123
2705,RF,0.879,197.0,3.4264851719069123
2057,RF,0.877,200.0,3.418688846146032
82,RF,0.874,201.0,3.4069943575047112
1453,RF,0.874,201.0,3.4069943575047112
2227,RF,0.873,203.0,3.403096194624271
507,RF,0.872,204.0,3.399198031743831
1263,RF,0.872,204.0,3.399198031743831
2733,RF,0.872,204.0,3.399198031743831
244,RF,0.871,207.0,3.3952998688633906
837,RF,0.871,207.0,3.3952998688633906
569,RF,0.869,209.0,3.3875035431025102
1321,RF,0.869,209.0,3.3875035431025102
836,RF,0.868,211.0,3.3836053802220705
899,RF,0.865,212.0,3.37191089158075
2300,RF,0.865,212.0,3.37191089158075
998,RF,0.864,214.0,3.3680127287003097
1716,RF,0.864,214.0,3.3680127287003097
281,RF,0.86,216.0,3.352420077178549
1244,RF,0.859,217.0,3.3485219142981086
823,RF,0.858,218.0,3.3446237514176684
2741,RF,0.858,218.0,3.3446237514176684
1390,RF,0.856,220.0,3.336827425656788
2356,RF,0.852,221.0,3.321234774135027
2746,RF,0.851,222.0,3.3173366112545875
1689,RF,0.85,223.0,3.3134384483741472
874,RF,0.847,224.0,3.3017439597328266
1739,RF,0.847,224.0,3.3017439597328266
940,RF,0.846,226.0,3.2978457968523864
1107,RF,0.846,226.0,3.2978457968523864
732,RF,0.845,228.0,3.2939476339719462
1644,RF,0.844,229.0,3.290049471091506
2170,RF,0.842,230.0,3.2822531453306256
402,RF,0.841,231.0,3.2783549824501854
522,RF,0.841,231.0,3.2783549824501854
672,RF,0.84,233.0,3.274456819569745
1756,RF,0.84,233.0,3.274456819569745
408,RF,0.839,235.0,3.270558656689305
2389,RF,0.839,235.0,3.270558656689305
937,RF,0.838,237.0,3.266660493808865
1534,RF,0.838,237.0,3.266660493808865
1608,RF,0.838,237.0,3.266660493808865
1764,RF,0.838,237.0,3.266660493808865
2099,RF,0.836,241.0,3.2588641680479844
334,RF,0.835,242.0,3.2549660051675446
2456,RF,0.835,242.0,3.2549660051675446
411,RF,0.833,244.0,3.2471696794066642
606,RF,0.83,245.0,3.2354751907653436
1957,RF,0.83,245.0,3.2354751907653436
1503,RF,0.827,247.0,3.223780702124023
1758,RF,0.827,247.0,3.223780702124023
2724,RF,0.827,247.0,3.223780702124023
991,RF,0.824,250.0,3.2120862134827024
1233,RF,0.824,250.0,3.2120862134827024
1185,RF,0.823,252.0,3.208188050602262
1922,RF,0.822,253.0,3.204289887721822
84,RF,0.821,254.0,3.200391724841382
387,RF,0.819,255.0,3.1925953990805014
2334,RF,0.819,255.0,3.1925953990805014
187,RF,0.817,257.0,3.1847990733196214
2313,RF,0.817,257.0,3.1847990733196214
2404,RF,0.817,257.0,3.1847990733196214
844,RF,0.816,260.0,3.180900910439181
2287,RF,0.816,260.0,3.180900910439181
1929,RF,0.813,262.0,3.1692064217978606
2161,RF,0.813,262.0,3.1692064217978606
2259,RF,0.813,262.0,3.1692064217978606
1814,RF,0.812,265.0,3.165308258917421
1530,RF,0.811,266.0,3.1614100960369806
2644,RF,0.81,267.0,3.1575119331565404
2119,RF,0.807,268.0,3.14581744451522
2188,RF,0.806,269.0,3.1419192816347796
2436,RF,0.806,269.0,3.1419192816347796
529,RF,0.804,271.0,3.134122955873899
843,RF,0.804,271.0,3.134122955873899
1539,RF,0.802,273.0,3.126326630113019
2085,RF,0.798,274.0,3.1107339785912584
608,RF,0.797,275.0,3.1068358157108182
405,RF,0.796,276.0,3.102937652830378
925,RF,0.795,277.0,3.099039489949938
1910,RF,0.794,278.0,3.0951413270694976
958,RF,0.793,279.0,3.0912431641890574
602,RF,0.792,280.0,3.087345001308617
900,RF,0.79,281.0,3.079548675547737
2546,RF,0.79,281.0,3.079548675547737
196,RF,0.789,283.0,3.0756505126672966
1972,RF,0.788,284.0,3.0717523497868564
944,RF,0.786,285.0,3.063956024025976
2430,RF,0.785,286.0,3.0600578611455362
1040,RF,0.783,287.0,3.052261535384656
1041,RF,0.783,287.0,3.052261535384656
96,RF,0.781,289.0,3.0444652096237754
695,RF,0.781,289.0,3.0444652096237754
872,RF,0.78,291.0,3.0405670467433352
933,RF,0.779,292.0,3.036668883862895
2509,RF,0.779,292.0,3.036668883862895
1909,RF,0.778,294.0,3.032770720982455
2004,RF,0.778,294.0,3.032770720982455
2224,RF,0.778,294.0,3.032770720982455
2261,RF,0.778,294.0,3.032770720982455
1062,RF,0.776,298.0,3.0249743952215744
1349,RF,0.776,298.0,3.0249743952215744
657,RF,0.775,300.0,3.021076232341134
2762,RF,0.775,300.0,3.021076232341134
11,RF,0.774,302.0,3.017178069460694
210,RF,0.774,302.0,3.017178069460694
700,RF,0.773,304.0,3.013279906580254
861,RF,0.773,304.0,3.013279906580254
188,RF,0.77,306.0,3.001585417938933
320,RF,0.77,306.0,3.001585417938933
2372,RF,0.77,306.0,3.001585417938933
1678,RF,0.769,309.0,2.997687255058493
127,RF,0.768,310.0,2.9937890921780532
1122,RF,0.767,311.0,2.989890929297613
238,RF,0.766,312.0,2.985992766417173
325,RF,0.766,312.0,2.985992766417173
850,RF,0.766,312.0,2.985992766417173
2544,RF,0.766,312.0,2.985992766417173
44,RF,0.765,316.0,2.9820946035367326
1369,RF,0.765,316.0,2.9820946035367326
1746,RF,0.765,316.0,2.9820946035367326
2486,RF,0.765,316.0,2.9820946035367326
1427,RF,0.76,320.0,2.9626037891345316
1476,RF,0.759,321.0,2.9587056262540914
1669,RF,0.759,321.0,2.9587056262540914
310,RF,0.758,323.0,2.954807463373651
546,RF,0.758,323.0,2.954807463373651
38,RF,0.756,325.0,2.947011137612771
668,RF,0.755,326.0,2.9431129747323306
1538,RF,0.755,326.0,2.9431129747323306
1919,RF,0.755,326.0,2.9431129747323306
2480,RF,0.755,326.0,2.9431129747323306
1291,RF,0.753,330.0,2.93531664897145
1979,RF,0.753,330.0,2.93531664897145
2411,RF,0.751,332.0,2.92752032321057
1009,RF,0.748,333.0,2.9158258345692496
763,RF,0.747,334.0,2.9119276716888094
1933,RF,0.747,334.0,2.9119276716888094
2140,RF,0.746,336.0,2.908029508808369
2055,RF,0.745,337.0,2.904131345927929
2149,RF,0.745,337.0,2.904131345927929
753,RF,0.744,339.0,2.900233183047489
1360,RF,0.744,339.0,2.900233183047489
1277,RF,0.742,341.0,2.8924368572866084
1808,RF,0.741,342.0,2.888538694406168
2318,RF,0.741,342.0,2.888538694406168
34,RF,0.74,344.0,2.884640531525728
264,RF,0.74,344.0,2.884640531525728
2274,RF,0.74,344.0,2.884640531525728
483,RF,0.738,347.0,2.8768442057648476
1019,RF,0.737,348.0,2.8729460428844074
1601,RF,0.737,348.0,2.8729460428844074
2022,RF,0.737,348.0,2.8729460428844074
86,RF,0.736,351.0,2.869047880003967
286,RF,0.734,352.0,2.861251554243087
2522,RF,0.732,353.0,2.853455228482207
1488,RF,0.731,354.0,2.8495570656017666
2309,RF,0.731,354.0,2.8495570656017666
1171,RF,0.729,356.0,2.841760739840886
2608,RF,0.727,357.0,2.8339644140800058
1320,RF,0.726,358.0,2.8300662511995656
1606,RF,0.726,358.0,2.8300662511995656
1500,RF,0.724,360.0,2.822269925438685
2260,RF,0.723,361.0,2.818371762558245
180,RF,0.721,362.0,2.8105754367973645
2347,RF,0.721,362.0,2.8105754367973645
17,RF,0.72,364.0,2.8066772739169243
280,RF,0.72,364.0,2.8066772739169243
1828,RF,0.72,364.0,2.8066772739169243
2019,RF,0.719,367.0,2.8027791110364846
599,RF,0.718,368.0,2.7988809481560444
960,RF,0.718,368.0,2.7988809481560444
1693,RF,0.718,368.0,2.7988809481560444
110,RF,0.717,371.0,2.794982785275604
997,RF,0.716,372.0,2.791084622395164
2179,RF,0.716,372.0,2.791084622395164
444,RF,0.715,374.0,2.7871864595147238
650,RF,0.715,374.0,2.7871864595147238
1045,RF,0.715,374.0,2.7871864595147238
2490,RF,0.715,374.0,2.7871864595147238
2607,RF,0.715,374.0,2.7871864595147238
1026,RF,0.714,379.0,2.7832882966342836
1932,RF,0.714,379.0,2.7832882966342836
2073,RF,0.714,379.0,2.7832882966342836
2252,RF,0.714,379.0,2.7832882966342836
776,RF,0.713,383.0,2.7793901337538434
2665,RF,0.713,383.0,2.7793901337538434
212,RF,0.712,385.0,2.775491970873403
1212,RF,0.712,385.0,2.775491970873403
528,RF,0.711,387.0,2.771593807992963
1125,RF,0.711,387.0,2.771593807992963
1184,RF,0.711,387.0,2.771593807992963
1304,RF,0.71,390.0,2.7676956451125228
2517,RF,0.71,390.0,2.7676956451125228
2680,RF,0.71,390.0,2.7676956451125228
12,RF,0.709,393.0,2.7637974822320825
1080,RF,0.709,393.0,2.7637974822320825
1412,RF,0.709,393.0,2.7637974822320825
1436,RF,0.709,393.0,2.7637974822320825
424,RF,0.708,397.0,2.7598993193516423
53,RF,0.707,398.0,2.756001156471202
1690,RF,0.707,398.0,2.756001156471202
2209,RF,0.707,398.0,2.756001156471202
2610,RF,0.707,398.0,2.756001156471202
705,RF,0.706,402.0,2.752102993590762
1715,RF,0.706,402.0,2.752102993590762
130,RF,0.705,404.0,2.7482048307103217
909,RF,0.704,405.0,2.7443066678298815
2091,RF,0.704,405.0,2.7443066678298815
1048,RF,0.701,407.0,2.7326121791885614
1459,RF,0.701,407.0,2.7326121791885614
2723,RF,0.701,407.0,2.7326121791885614
749,RF,0.7,410.0,2.728714016308121
1258,RF,0.699,411.0,2.724815853427681
1647,RF,0.698,412.0,2.7209176905472408
2684,RF,0.698,412.0,2.7209176905472408
64,RF,0.697,414.0,2.7170195276668005
2005,RF,0.697,414.0,2.7170195276668005
1501,RF,0.696,416.0,2.7131213647863603
1819,RF,0.696,416.0,2.7131213647863603
192,RF,0.694,418.0,2.70532503902548
557,RF,0.694,418.0,2.70532503902548
567,RF,0.694,418.0,2.70532503902548
2204,RF,0.694,418.0,2.70532503902548
1371,RF,0.693,422.0,2.7014268761450397
1431,RF,0.693,422.0,2.7014268761450397
1568,RF,0.693,422.0,2.7014268761450397
2163,RF,0.693,422.0,2.7014268761450397
2489,RF,0.693,422.0,2.7014268761450397
2567,RF,0.693,422.0,2.7014268761450397
156,RF,0.692,428.0,2.6975287132645995
1305,RF,0.691,429.0,2.6936305503841593
1524,RF,0.691,429.0,2.6936305503841593
2418,RF,0.691,429.0,2.6936305503841593
45,RF,0.69,432.0,2.689732387503719
2247,RF,0.69,432.0,2.689732387503719
2369,RF,0.69,432.0,2.689732387503719
99,RF,0.689,435.0,2.685834224623279
467,RF,0.689,435.0,2.685834224623279
2114,RF,0.689,435.0,2.685834224623279
2367,RF,0.689,435.0,2.685834224623279
2103,RF,0.688,439.0,2.6819360617428387
2455,RF,0.688,439.0,2.6819360617428387
981,RF,0.687,441.0,2.678037898862399
1682,RF,0.687,441.0,2.678037898862399
729,RF,0.686,443.0,2.674139735981959
1126,RF,0.686,443.0,2.674139735981959
1302,RF,0.686,443.0,2.674139735981959
2704,RF,0.686,443.0,2.674139735981959
2727,RF,0.686,443.0,2.674139735981959
1423,RF,0.685,448.0,2.670241573101519
1522,RF,0.685,448.0,2.670241573101519
1942,RF,0.685,448.0,2.670241573101519
2122,RF,0.685,448.0,2.670241573101519
1861,RF,0.683,452.0,2.6624452473406386
265,RF,0.682,453.0,2.6585470844601984
814,RF,0.682,453.0,2.6585470844601984
1044,RF,0.682,453.0,2.6585470844601984
1073,RF,0.682,453.0,2.6585470844601984
1749,RF,0.682,453.0,2.6585470844601984
2128,RF,0.682,453.0,2.6585470844601984
1194,RF,0.68,459.0,2.650750758699318
587,RF,0.679,460.0,2.6468525958188778
308,RF,0.678,461.0,2.6429544329384376
1704,RF,0.678,461.0,2.6429544329384376
2200,RF,0.678,461.0,2.6429544329384376
457,RF,0.677,464.0,2.6390562700579974
2037,RF,0.677,464.0,2.6390562700579974
2332,RF,0.676,466.0,2.635158107177557
1980,RF,0.675,467.0,2.631259944297117
2630,RF,0.675,467.0,2.631259944297117
2466,RF,0.674,469.0,2.6273617814166768
2622,RF,0.674,469.0,2.6273617814166768
2703,RF,0.674,469.0,2.6273617814166768
122,RF,0.673,472.0,2.6234636185362366
1199,RF,0.673,472.0,2.6234636185362366
2242,RF,0.673,472.0,2.6234636185362366
708,RF,0.672,475.0,2.6195654556557963
2074,RF,0.672,475.0,2.6195654556557963
826,RF,0.671,477.0,2.615667292775356
995,RF,0.67,478.0,2.611769129894916
2759,RF,0.669,479.0,2.607870967014476
1914,RF,0.668,480.0,2.603972804134036
2698,RF,0.668,480.0,2.603972804134036
2359,RF,0.667,482.0,2.6000746412535958
131,RF,0.666,483.0,2.5961764783731556
2078,RF,0.665,484.0,2.5922783154927154
1226,RF,0.662,485.0,2.5805838268513948
1499,RF,0.662,485.0,2.5805838268513948
2444,RF,0.662,485.0,2.5805838268513948
159,RF,0.661,488.0,2.5766856639709546
1189,RF,0.66,489.0,2.5727875010905144
400,RF,0.658,490.0,2.564991175329634
2026,RF,0.658,490.0,2.564991175329634
1418,RF,0.657,492.0,2.5610930124491937
1829,RF,0.657,492.0,2.5610930124491937
613,RF,0.656,494.0,2.5571948495687535
1905,RF,0.656,494.0,2.5571948495687535
2506,RF,0.656,494.0,2.5571948495687535
1146,RF,0.655,497.0,2.5532966866883133
1167,RF,0.655,497.0,2.5532966866883133
1248,RF,0.655,497.0,2.5532966866883133
104,RF,0.653,500.0,2.5455003609274334
1296,RF,0.653,500.0,2.5455003609274334
1885,RF,0.652,502.0,2.541602198046993
2656,RF,0.652,502.0,2.541602198046993
1169,RF,0.651,504.0,2.537704035166553
1853,RF,0.651,504.0,2.537704035166553
2742,RF,0.651,504.0,2.537704035166553
97,RF,0.65,507.0,2.5338058722861128
562,RF,0.65,507.0,2.5338058722861128
1686,RF,0.65,507.0,2.5338058722861128
2442,RF,0.65,507.0,2.5338058722861128
502,RF,0.649,511.0,2.5299077094056726
656,RF,0.648,512.0,2.5260095465252324
943,RF,0.648,512.0,2.5260095465252324
1873,RF,0.648,512.0,2.5260095465252324
2063,RF,0.648,512.0,2.5260095465252324
2281,RF,0.648,512.0,2.5260095465252324
511,RF,0.647,517.0,2.522111383644792
2175,RF,0.647,517.0,2.522111383644792
2238,RF,0.647,517.0,2.522111383644792
2717,RF,0.647,517.0,2.522111383644792
141,RF,0.646,521.0,2.518213220764352
976,RF,0.645,522.0,2.5143150578839117
1240,RF,0.644,523.0,2.5104168950034715
1943,RF,0.644,523.0,2.5104168950034715
2001,RF,0.644,523.0,2.5104168950034715
1697,RF,0.643,526.0,2.5065187321230313
1438,RF,0.642,527.0,2.502620569242591
1935,RF,0.642,527.0,2.502620569242591
2373,RF,0.642,527.0,2.502620569242591
1702,RF,0.641,530.0,2.498722406362151
2213,RF,0.641,530.0,2.498722406362151
1815,RF,0.64,532.0,2.4948242434817107
2566,RF,0.64,532.0,2.4948242434817107
927,RF,0.639,534.0,2.4909260806012705
403,RF,0.638,535.0,2.4870279177208303
2612,RF,0.637,536.0,2.48312975484039
389,RF,0.636,537.0,2.4792315919599504
2368,RF,0.636,537.0,2.4792315919599504
2441,RF,0.636,537.0,2.4792315919599504
816,RF,0.634,540.0,2.47143526619907
1031,RF,0.634,540.0,2.47143526619907
1858,RF,0.634,540.0,2.47143526619907
1953,RF,0.634,540.0,2.47143526619907
2511,RF,0.634,540.0,2.47143526619907
74,RF,0.633,545.0,2.4675371033186297
427,RF,0.633,545.0,2.4675371033186297
452,RF,0.633,545.0,2.4675371033186297
2222,RF,0.633,545.0,2.4675371033186297
2464,RF,0.633,545.0,2.4675371033186297
2561,RF,0.633,545.0,2.4675371033186297
61,RF,0.632,551.0,2.4636389404381895
259,RF,0.632,551.0,2.4636389404381895
1772,RF,0.632,551.0,2.4636389404381895
2584,RF,0.632,551.0,2.4636389404381895
745,RF,0.631,555.0,2.4597407775577493
922,RF,0.631,555.0,2.4597407775577493
1158,RF,0.631,555.0,2.4597407775577493
1930,RF,0.631,555.0,2.4597407775577493
1989,RF,0.631,555.0,2.4597407775577493
372,RF,0.63,560.0,2.455842614677309
1112,RF,0.63,560.0,2.455842614677309
1382,RF,0.63,560.0,2.455842614677309
250,RF,0.629,563.0,2.451944451796869
774,RF,0.629,563.0,2.451944451796869
1625,RF,0.629,563.0,2.451944451796869
2540,RF,0.629,563.0,2.451944451796869
649,RF,0.628,567.0,2.4480462889164287
1565,RF,0.628,567.0,2.4480462889164287
2106,RF,0.628,567.0,2.4480462889164287
2564,RF,0.628,567.0,2.4480462889164287
566,RF,0.627,571.0,2.4441481260359885
2419,RF,0.627,571.0,2.4441481260359885
1285,RF,0.626,573.0,2.4402499631555483
1443,RF,0.626,573.0,2.4402499631555483
1532,RF,0.626,573.0,2.4402499631555483
1711,RF,0.626,573.0,2.4402499631555483
713,RF,0.625,577.0,2.436351800275108
847,RF,0.625,577.0,2.436351800275108
2100,RF,0.625,577.0,2.436351800275108
2716,RF,0.625,577.0,2.436351800275108
1219,RF,0.624,581.0,2.432453637394668
335,RF,0.623,582.0,2.4285554745142277
654,RF,0.623,582.0,2.4285554745142277
1172,RF,0.623,582.0,2.4285554745142277
1604,RF,0.623,582.0,2.4285554745142277
2160,RF,0.623,582.0,2.4285554745142277
2254,RF,0.623,582.0,2.4285554745142277
230,RF,0.622,588.0,2.4246573116337875
204,RF,0.621,589.0,2.4207591487533473
303,RF,0.621,589.0,2.4207591487533473
2104,RF,0.621,589.0,2.4207591487533473
917,RF,0.62,592.0,2.4168609858729075
2547,RF,0.62,592.0,2.4168609858729075
845,RF,0.619,594.0,2.4129628229924673
2151,RF,0.619,594.0,2.4129628229924673
891,RF,0.618,596.0,2.409064660112027
1017,RF,0.617,597.0,2.405166497231587
1674,RF,0.617,597.0,2.405166497231587
60,RF,0.616,599.0,2.4012683343511467
324,RF,0.616,599.0,2.4012683343511467
1144,RF,0.616,599.0,2.4012683343511467
1672,RF,0.616,599.0,2.4012683343511467
547,RF,0.615,603.0,2.3973701714707065
862,RF,0.615,603.0,2.3973701714707065
1203,RF,0.615,603.0,2.3973701714707065
1762,RF,0.615,603.0,2.3973701714707065
1952,RF,0.615,603.0,2.3973701714707065
2391,RF,0.615,603.0,2.3973701714707065
2594,RF,0.615,603.0,2.3973701714707065
349,RF,0.614,610.0,2.3934720085902663
2034,RF,0.614,610.0,2.3934720085902663
2351,RF,0.614,610.0,2.3934720085902663
164,RF,0.613,613.0,2.389573845709826
373,RF,0.613,613.0,2.389573845709826
481,RF,0.613,613.0,2.389573845709826
1890,RF,0.613,613.0,2.389573845709826
2323,RF,0.613,613.0,2.389573845709826
162,RF,0.612,618.0,2.385675682829386
2528,RF,0.612,618.0,2.385675682829386
2045,RF,0.611,620.0,2.3817775199489457
2293,RF,0.611,620.0,2.3817775199489457
2497,RF,0.611,620.0,2.3817775199489457
2667,RF,0.611,620.0,2.3817775199489457
637,RF,0.61,624.0,2.3778793570685055
743,RF,0.61,624.0,2.3778793570685055
1106,RF,0.61,624.0,2.3778793570685055
1221,RF,0.61,624.0,2.3778793570685055
2157,RF,0.61,624.0,2.3778793570685055
914,RF,0.609,629.0,2.3739811941880653
1657,RF,0.609,629.0,2.3739811941880653
455,RF,0.608,631.0,2.370083031307625
1397,RF,0.608,631.0,2.370083031307625
339,RF,0.607,633.0,2.366184868427185
365,RF,0.607,633.0,2.366184868427185
2275,RF,0.607,633.0,2.366184868427185
2434,RF,0.607,633.0,2.366184868427185
1648,RF,0.606,637.0,2.3622867055467447
2067,RF,0.606,637.0,2.3622867055467447
769,RF,0.605,639.0,2.3583885426663045
2401,RF,0.605,639.0,2.3583885426663045
2384,RF,0.604,641.0,2.3544903797858643
1267,RF,0.603,642.0,2.3505922169054245
24,RF,0.602,643.0,2.3466940540249843
2038,RF,0.602,643.0,2.3466940540249843
2487,RF,0.602,643.0,2.3466940540249843
307,RF,0.6,646.0,2.338897728264104
2529,RF,0.6,646.0,2.338897728264104
1798,RF,0.599,648.0,2.3349995653836637
2515,RF,0.599,648.0,2.3349995653836637
1945,RF,0.598,650.0,2.3311014025032235
1544,RF,0.597,651.0,2.3272032396227833
1609,RF,0.597,651.0,2.3272032396227833
897,RF,0.596,653.0,2.323305076742343
1955,RF,0.596,653.0,2.323305076742343
1135,RF,0.595,655.0,2.319406913861903
1655,RF,0.595,655.0,2.319406913861903
189,RF,0.594,657.0,2.3155087509814627
697,RF,0.594,657.0,2.3155087509814627
755,RF,0.594,657.0,2.3155087509814627
394,RF,0.593,660.0,2.3116105881010225
1018,RF,0.593,660.0,2.3116105881010225
1408,RF,0.593,660.0,2.3116105881010225
1489,RF,0.593,660.0,2.3116105881010225
1510,RF,0.593,660.0,2.3116105881010225
2443,RF,0.593,660.0,2.3116105881010225
469,RF,0.592,666.0,2.3077124252205823
988,RF,0.592,666.0,2.3077124252205823
1491,RF,0.592,666.0,2.3077124252205823
1646,RF,0.591,669.0,2.303814262340142
1940,RF,0.591,669.0,2.303814262340142
2080,RF,0.591,669.0,2.303814262340142
2246,RF,0.591,669.0,2.303814262340142
2488,RF,0.591,669.0,2.303814262340142
506,RF,0.59,674.0,2.299916099459702
523,RF,0.59,674.0,2.299916099459702
1010,RF,0.59,674.0,2.299916099459702
1826,RF,0.59,674.0,2.299916099459702
371,RF,0.589,678.0,2.2960179365792617
2679,RF,0.589,678.0,2.2960179365792617
549,RF,0.588,680.0,2.2921197736988215
2756,RF,0.588,680.0,2.2921197736988215
1281,RF,0.586,682.0,2.2843234479379415
404,RF,0.585,683.0,2.2804252850575013
565,RF,0.585,683.0,2.2804252850575013
851,RF,0.585,683.0,2.2804252850575013
1295,RF,0.585,683.0,2.2804252850575013
2437,RF,0.585,683.0,2.2804252850575013
766,RF,0.584,688.0,2.276527122177061
1807,RF,0.584,688.0,2.276527122177061
623,RF,0.583,690.0,2.272628959296621
1120,RF,0.583,690.0,2.272628959296621
1482,RF,0.583,690.0,2.272628959296621
655,RF,0.582,693.0,2.2687307964161807
1472,RF,0.582,693.0,2.2687307964161807
1681,RF,0.582,693.0,2.2687307964161807
496,RF,0.581,696.0,2.2648326335357405
746,RF,0.581,696.0,2.2648326335357405
865,RF,0.581,696.0,2.2648326335357405
1286,RF,0.581,696.0,2.2648326335357405
2576,RF,0.581,696.0,2.2648326335357405
559,RF,0.58,701.0,2.2609344706553003
1121,RF,0.58,701.0,2.2609344706553003
1353,RF,0.58,701.0,2.2609344706553003
2739,RF,0.58,701.0,2.2609344706553003
277,RF,0.579,705.0,2.25703630777486
321,RF,0.578,706.0,2.25313814489442
482,RF,0.578,706.0,2.25313814489442
735,RF,0.578,706.0,2.25313814489442
1806,RF,0.578,706.0,2.25313814489442
2249,RF,0.578,706.0,2.25313814489442
32,RF,0.577,711.0,2.2492399820139797
696,RF,0.577,711.0,2.2492399820139797
794,RF,0.577,711.0,2.2492399820139797
1875,RF,0.577,711.0,2.2492399820139797
1802,RF,0.576,715.0,2.2453418191335395
2164,RF,0.576,715.0,2.2453418191335395
2361,RF,0.576,715.0,2.2453418191335395
177,RF,0.575,718.0,2.2414436562530993
266,RF,0.575,718.0,2.2414436562530993
548,RF,0.575,718.0,2.2414436562530993
1377,RF,0.575,718.0,2.2414436562530993
1404,RF,0.575,718.0,2.2414436562530993
1883,RF,0.575,718.0,2.2414436562530993
2232,RF,0.575,718.0,2.2414436562530993
486,RF,0.574,725.0,2.237545493372659
1796,RF,0.574,725.0,2.237545493372659
350,RF,0.573,727.0,2.233647330492219
1775,RF,0.573,727.0,2.233647330492219
1151,RF,0.572,729.0,2.2297491676117787
1956,RF,0.572,729.0,2.2297491676117787
2677,RF,0.572,729.0,2.2297491676117787
333,RF,0.571,732.0,2.2258510047313385
832,RF,0.571,732.0,2.2258510047313385
1270,RF,0.571,732.0,2.2258510047313385
202,RF,0.57,735.0,2.2219528418508987
225,RF,0.57,735.0,2.2219528418508987
1100,RF,0.57,735.0,2.2219528418508987
1214,RF,0.57,735.0,2.2219528418508987
1394,RF,0.57,735.0,2.2219528418508987
1662,RF,0.57,735.0,2.2219528418508987
2251,RF,0.57,735.0,2.2219528418508987
420,RF,0.569,742.0,2.2180546789704585
474,RF,0.569,742.0,2.2180546789704585
1347,RF,0.569,742.0,2.2180546789704585
1415,RF,0.569,742.0,2.2180546789704585
1747,RF,0.569,742.0,2.2180546789704585
1938,RF,0.569,742.0,2.2180546789704585
2220,RF,0.569,742.0,2.2180546789704585
369,RF,0.568,749.0,2.2141565160900183
491,RF,0.568,749.0,2.2141565160900183
853,RF,0.568,749.0,2.2141565160900183
2719,RF,0.568,749.0,2.2141565160900183
2321,RF,0.567,753.0,2.210258353209578
883,RF,0.566,754.0,2.206360190329138
962,RF,0.566,754.0,2.206360190329138
1153,RF,0.566,754.0,2.206360190329138
1329,RF,0.566,754.0,2.206360190329138
69,RF,0.565,758.0,2.2024620274486977
827,RF,0.565,758.0,2.2024620274486977
1579,RF,0.565,758.0,2.2024620274486977
1976,RF,0.565,758.0,2.2024620274486977
2757,RF,0.565,758.0,2.2024620274486977
1594,RF,0.564,763.0,2.1985638645682575
1733,RF,0.564,763.0,2.1985638645682575
2302,RF,0.564,763.0,2.1985638645682575
630,RF,0.563,766.0,2.1946657016878173
2571,RF,0.563,766.0,2.1946657016878173
2639,RF,0.563,766.0,2.1946657016878173
137,RF,0.562,769.0,2.1907675388073775
458,RF,0.562,769.0,2.1907675388073775
1215,RF,0.562,769.0,2.1907675388073775
1254,RF,0.562,769.0,2.1907675388073775
391,RF,0.561,773.0,2.1868693759269373
409,RF,0.561,773.0,2.1868693759269373
973,RF,0.561,773.0,2.1868693759269373
1473,RF,0.561,773.0,2.1868693759269373
2237,RF,0.561,773.0,2.1868693759269373
2269,RF,0.561,773.0,2.1868693759269373
2495,RF,0.561,773.0,2.1868693759269373
596,RF,0.56,780.0,2.182971213046497
1084,RF,0.56,780.0,2.182971213046497
1155,RF,0.56,780.0,2.182971213046497
1417,RF,0.56,780.0,2.182971213046497
676,RF,0.559,784.0,2.179073050166057
1108,RF,0.559,784.0,2.179073050166057
2191,RF,0.559,784.0,2.179073050166057
2638,RF,0.559,784.0,2.179073050166057
2770,RF,0.559,784.0,2.179073050166057
348,RF,0.558,789.0,2.1751748872856167
588,RF,0.558,789.0,2.1751748872856167
863,RF,0.558,789.0,2.1751748872856167
1513,RF,0.558,789.0,2.1751748872856167
2736,RF,0.558,789.0,2.1751748872856167
282,RF,0.557,794.0,2.1712767244051765
2634,RF,0.557,794.0,2.1712767244051765
2278,RF,0.556,796.0,2.1673785615247363
2294,RF,0.556,796.0,2.1673785615247363
81,RF,0.555,798.0,2.163480398644296
1688,RF,0.555,798.0,2.163480398644296
2225,RF,0.555,798.0,2.163480398644296
1268,RF,0.554,801.0,2.159582235763856
1811,RF,0.554,801.0,2.159582235763856
1863,RF,0.554,801.0,2.159582235763856
2211,RF,0.554,801.0,2.159582235763856
2393,RF,0.554,801.0,2.159582235763856
26,RF,0.553,806.0,2.155684072883416
1388,RF,0.553,806.0,2.155684072883416
1643,RF,0.553,806.0,2.155684072883416
2616,RF,0.553,806.0,2.155684072883416
199,RF,0.552,810.0,2.151785910002976
352,RF,0.552,810.0,2.151785910002976
1384,RF,0.552,810.0,2.151785910002976
2136,RF,0.552,810.0,2.151785910002976
1279,RF,0.551,814.0,2.1478877471225357
1893,RF,0.551,814.0,2.1478877471225357
90,RF,0.55,816.0,2.1439895842420955
898,RF,0.55,816.0,2.1439895842420955
1224,RF,0.55,816.0,2.1439895842420955
2044,RF,0.55,816.0,2.1439895842420955
364,RF,0.548,820.0,2.136193258481215
413,RF,0.548,820.0,2.136193258481215
414,RF,0.548,820.0,2.136193258481215
516,RF,0.548,820.0,2.136193258481215
1192,RF,0.548,820.0,2.136193258481215
1776,RF,0.548,820.0,2.136193258481215
2475,RF,0.548,820.0,2.136193258481215
2657,RF,0.548,820.0,2.136193258481215
876,RF,0.547,828.0,2.132295095600775
1035,RF,0.547,828.0,2.132295095600775
1137,RF,0.547,828.0,2.132295095600775
2315,RF,0.547,828.0,2.132295095600775
2512,RF,0.547,828.0,2.132295095600775
768,RF,0.545,833.0,2.1244987698398945
860,RF,0.545,833.0,2.1244987698398945
890,RF,0.545,833.0,2.1244987698398945
1708,RF,0.545,833.0,2.1244987698398945
46,RF,0.544,837.0,2.1206006069594543
636,RF,0.544,837.0,2.1206006069594543
1729,RF,0.544,837.0,2.1206006069594543
222,RF,0.543,840.0,2.116702444079014
1492,RF,0.543,840.0,2.116702444079014
2327,RF,0.543,840.0,2.116702444079014
367,RF,0.542,843.0,2.112804281198574
583,RF,0.542,843.0,2.112804281198574
1406,RF,0.542,843.0,2.112804281198574
815,RF,0.541,846.0,2.1089061183181337
1584,RF,0.541,846.0,2.1089061183181337
1872,RF,0.541,846.0,2.1089061183181337
2053,RF,0.541,846.0,2.1089061183181337
2250,RF,0.541,846.0,2.1089061183181337
15,RF,0.54,851.0,2.1050079554376935
101,RF,0.54,851.0,2.1050079554376935
1511,RF,0.54,851.0,2.1050079554376935
1569,RF,0.54,851.0,2.1050079554376935
1736,RF,0.54,851.0,2.1050079554376935
91,RF,0.539,856.0,2.1011097925572533
184,RF,0.538,857.0,2.097211629676813
1445,RF,0.538,857.0,2.097211629676813
297,RF,0.537,859.0,2.0933134667963733
1097,RF,0.537,859.0,2.0933134667963733
1141,RF,0.537,859.0,2.0933134667963733
2105,RF,0.537,859.0,2.0933134667963733
950,RF,0.536,863.0,2.089415303915933
2020,RF,0.536,863.0,2.089415303915933
2453,RF,0.536,863.0,2.089415303915933
173,RF,0.535,866.0,2.085517141035493
706,RF,0.535,866.0,2.085517141035493
961,RF,0.535,866.0,2.085517141035493
1023,RF,0.535,866.0,2.085517141035493
1152,RF,0.535,866.0,2.085517141035493
2241,RF,0.535,866.0,2.085517141035493
2450,RF,0.535,866.0,2.085517141035493
2752,RF,0.535,866.0,2.085517141035493
7,RF,0.534,874.0,2.0816189781550527
445,RF,0.534,874.0,2.0816189781550527
625,RF,0.533,876.0,2.0777208152746125
1343,RF,0.533,876.0,2.0777208152746125
1480,RF,0.533,876.0,2.0777208152746125
986,RF,0.532,879.0,2.0738226523941723
2245,RF,0.532,879.0,2.0738226523941723
1993,RF,0.531,881.0,2.069924489513732
2021,RF,0.531,881.0,2.069924489513732
1835,RF,0.53,883.0,2.066026326633292
1966,RF,0.529,884.0,2.0621281637528517
1081,RF,0.528,885.0,2.0582300008724115
2439,RF,0.528,885.0,2.0582300008724115
767,RF,0.527,887.0,2.0543318379919713
772,RF,0.527,887.0,2.0543318379919713
10,RF,0.525,889.0,2.046535512231091
249,RF,0.525,889.0,2.046535512231091
1483,RF,0.525,889.0,2.046535512231091
2354,RF,0.525,889.0,2.046535512231091
459,RF,0.524,893.0,2.0426373493506507
1978,RF,0.524,893.0,2.0426373493506507
2416,RF,0.524,893.0,2.0426373493506507
1535,RF,0.523,896.0,2.0387391864702105
260,RF,0.522,897.0,2.0348410235897703
780,RF,0.522,897.0,2.0348410235897703
2593,RF,0.522,897.0,2.0348410235897703
382,RF,0.521,900.0,2.03094286070933
803,RF,0.521,900.0,2.03094286070933
966,RF,0.521,900.0,2.03094286070933
1150,RF,0.521,900.0,2.03094286070933
1699,RF,0.521,900.0,2.03094286070933
2108,RF,0.521,900.0,2.03094286070933
422,RF,0.52,906.0,2.0270446978288903
2774,RF,0.52,906.0,2.0270446978288903
4,RF,0.519,908.0,2.02314653494845
1292,RF,0.519,908.0,2.02314653494845
2403,RF,0.519,908.0,2.02314653494845
2660,RF,0.519,908.0,2.02314653494845
2672,RF,0.519,908.0,2.02314653494845
151,RF,0.518,913.0,2.01924837206801
739,RF,0.518,913.0,2.01924837206801
935,RF,0.518,913.0,2.01924837206801
1363,RF,0.518,913.0,2.01924837206801
1566,RF,0.518,913.0,2.01924837206801
1986,RF,0.518,913.0,2.01924837206801
2390,RF,0.518,913.0,2.01924837206801
219,RF,0.517,920.0,2.0153502091875697
376,RF,0.517,920.0,2.0153502091875697
1341,RF,0.517,920.0,2.0153502091875697
2431,RF,0.517,920.0,2.0153502091875697
2531,RF,0.517,920.0,2.0153502091875697
160,RF,0.516,925.0,2.0114520463071295
272,RF,0.516,925.0,2.0114520463071295
1124,RF,0.516,925.0,2.0114520463071295
1182,RF,0.516,925.0,2.0114520463071295
1440,RF,0.516,925.0,2.0114520463071295
2178,RF,0.516,925.0,2.0114520463071295
464,RF,0.515,931.0,2.0075538834266893
893,RF,0.515,931.0,2.0075538834266893
1119,RF,0.515,931.0,2.0075538834266893
1554,RF,0.515,931.0,2.0075538834266893
2079,RF,0.515,931.0,2.0075538834266893
967,RF,0.514,936.0,2.003655720546249
1163,RF,0.514,936.0,2.003655720546249
1246,RF,0.514,936.0,2.003655720546249
1582,RF,0.514,936.0,2.003655720546249
2049,RF,0.513,940.0,1.9997575576658089
236,RF,0.512,941.0,1.9958593947853687
1551,RF,0.512,941.0,1.9958593947853687
1892,RF,0.512,941.0,1.9958593947853687
2524,RF,0.512,941.0,1.9958593947853687
1622,RF,0.511,945.0,1.9919612319049285
2646,RF,0.511,945.0,1.9919612319049285
913,RF,0.51,947.0,1.9880630690244883
1783,RF,0.51,947.0,1.9880630690244883
157,RF,0.509,949.0,1.984164906144048
211,RF,0.509,949.0,1.984164906144048
283,RF,0.509,949.0,1.984164906144048
886,RF,0.509,949.0,1.984164906144048
9,RF,0.508,953.0,1.980266743263608
143,RF,0.508,953.0,1.980266743263608
337,RF,0.508,953.0,1.980266743263608
856,RF,0.508,953.0,1.980266743263608
1142,RF,0.508,953.0,1.980266743263608
2131,RF,0.508,953.0,1.980266743263608
18,RF,0.507,959.0,1.9763685803831679
573,RF,0.507,959.0,1.9763685803831679
1971,RF,0.507,959.0,1.9763685803831679
183,RF,0.506,962.0,1.9724704175027277
2601,RF,0.506,962.0,1.9724704175027277
2766,RF,0.506,962.0,1.9724704175027277
698,RF,0.505,965.0,1.9685722546222875
478,RF,0.504,966.0,1.9646740917418473
521,RF,0.504,966.0,1.9646740917418473
316,RF,0.503,968.0,1.960775928861407
1328,RF,0.503,968.0,1.960775928861407
65,RF,0.502,970.0,1.9568777659809669
314,RF,0.502,970.0,1.9568777659809669
1166,RF,0.502,970.0,1.9568777659809669
2153,RF,0.502,970.0,1.9568777659809669
128,RF,0.501,974.0,1.9529796031005267
388,RF,0.501,974.0,1.9529796031005267
1413,RF,0.501,974.0,1.9529796031005267
1506,RF,0.501,974.0,1.9529796031005267
253,RF,0.5,978.0,1.9490814402200867
345,RF,0.5,978.0,1.9490814402200867
1939,RF,0.5,978.0,1.9490814402200867
2462,RF,0.5,978.0,1.9490814402200867
306,RF,0.499,982.0,1.9451832773396465
1691,RF,0.499,982.0,1.9451832773396465
1780,RF,0.499,982.0,1.9451832773396465
1789,RF,0.499,982.0,1.9451832773396465
241,RF,0.498,986.0,1.9412851144592063
416,RF,0.498,986.0,1.9412851144592063
918,RF,0.498,986.0,1.9412851144592063
1460,RF,0.498,986.0,1.9412851144592063
1610,RF,0.498,986.0,1.9412851144592063
2590,RF,0.498,986.0,1.9412851144592063
425,RF,0.497,992.0,1.937386951578766
428,RF,0.497,992.0,1.937386951578766
536,RF,0.497,992.0,1.937386951578766
1450,RF,0.497,992.0,1.937386951578766
2485,RF,0.497,992.0,1.937386951578766
2635,RF,0.497,992.0,1.937386951578766
355,RF,0.496,998.0,1.9334887886983259
2135,RF,0.496,998.0,1.9334887886983259
2658,RF,0.496,998.0,1.9334887886983259
2765,RF,0.496,998.0,1.9334887886983259
734,RF,0.495,1002.0,1.9295906258178857
1720,RF,0.495,1002.0,1.9295906258178857
370,RF,0.494,1004.0,1.9256924629374454
438,RF,0.494,1004.0,1.9256924629374454
545,RF,0.494,1004.0,1.9256924629374454
1238,RF,0.494,1004.0,1.9256924629374454
1962,RF,0.494,1004.0,1.9256924629374454
2185,RF,0.494,1004.0,1.9256924629374454
1900,RF,0.493,1010.0,1.9217943000570052
1389,RF,0.492,1011.0,1.9178961371765653
1728,RF,0.492,1011.0,1.9178961371765653
2030,RF,0.492,1011.0,1.9178961371765653
2043,RF,0.492,1011.0,1.9178961371765653
1334,RF,0.491,1015.0,1.913997974296125
1635,RF,0.491,1015.0,1.913997974296125
463,RF,0.49,1017.0,1.9100998114156849
1951,RF,0.49,1017.0,1.9100998114156849
2243,RF,0.49,1017.0,1.9100998114156849
174,RF,0.489,1020.0,1.9062016485352447
205,RF,0.489,1020.0,1.9062016485352447
1562,RF,0.489,1020.0,1.9062016485352447
1659,RF,0.489,1020.0,1.9062016485352447
2014,RF,0.489,1020.0,1.9062016485352447
2415,RF,0.489,1020.0,1.9062016485352447
2568,RF,0.489,1020.0,1.9062016485352447
635,RF,0.488,1027.0,1.9023034856548044
2598,RF,0.488,1027.0,1.9023034856548044
1537,RF,0.487,1029.0,1.8984053227743642
1876,RF,0.487,1029.0,1.8984053227743642
2562,RF,0.487,1029.0,1.8984053227743642
442,RF,0.486,1032.0,1.894507159893924
942,RF,0.486,1032.0,1.894507159893924
1261,RF,0.486,1032.0,1.894507159893924
1391,RF,0.486,1032.0,1.894507159893924
1577,RF,0.486,1032.0,1.894507159893924
1663,RF,0.486,1032.0,1.894507159893924
2148,RF,0.486,1032.0,1.894507159893924
55,RF,0.484,1039.0,1.8867108341330436
582,RF,0.484,1039.0,1.8867108341330436
2025,RF,0.484,1039.0,1.8867108341330436
2102,RF,0.484,1039.0,1.8867108341330436
2530,RF,0.484,1039.0,1.8867108341330436
1205,RF,0.483,1044.0,1.8828126712526037
2643,RF,0.483,1044.0,1.8828126712526037
23,RF,0.482,1046.0,1.8789145083721634
257,RF,0.482,1046.0,1.8789145083721634
867,RF,0.482,1046.0,1.8789145083721634
2537,RF,0.482,1046.0,1.8789145083721634
43,RF,0.481,1050.0,1.8750163454917232
1992,RF,0.481,1050.0,1.8750163454917232
2737,RF,0.481,1050.0,1.8750163454917232
29,RF,0.48,1053.0,1.871118182611283
782,RF,0.48,1053.0,1.871118182611283
786,RF,0.48,1053.0,1.871118182611283
1621,RF,0.48,1053.0,1.871118182611283
1846,RF,0.48,1053.0,1.871118182611283
1912,RF,0.48,1053.0,1.871118182611283
2326,RF,0.48,1053.0,1.871118182611283
2699,RF,0.48,1053.0,1.871118182611283
718,RF,0.479,1061.0,1.8672200197308428
741,RF,0.479,1061.0,1.8672200197308428
426,RF,0.478,1063.0,1.8633218568504026
1109,RF,0.478,1063.0,1.8633218568504026
1323,RF,0.478,1063.0,1.8633218568504026
66,RF,0.477,1066.0,1.8594236939699624
609,RF,0.477,1066.0,1.8594236939699624
905,RF,0.477,1066.0,1.8594236939699624
1378,RF,0.477,1066.0,1.8594236939699624
1649,RF,0.477,1066.0,1.8594236939699624
2457,RF,0.477,1066.0,1.8594236939699624
450,RF,0.476,1072.0,1.8555255310895222
1629,RF,0.475,1073.0,1.8516273682090822
1985,RF,0.475,1073.0,1.8516273682090822
2483,RF,0.475,1073.0,1.8516273682090822
2065,RF,0.474,1076.0,1.847729205328642
2282,RF,0.474,1076.0,1.847729205328642
379,RF,0.473,1078.0,1.8438310424482018
488,RF,0.473,1078.0,1.8438310424482018
2168,RF,0.473,1078.0,1.8438310424482018
2697,RF,0.473,1078.0,1.8438310424482018
228,RF,0.472,1082.0,1.8399328795677616
809,RF,0.472,1082.0,1.8399328795677616
223,RF,0.471,1084.0,1.8360347166873214
722,RF,0.471,1084.0,1.8360347166873214
806,RF,0.471,1084.0,1.8360347166873214
1339,RF,0.471,1084.0,1.8360347166873214
1570,RF,0.471,1084.0,1.8360347166873214
1998,RF,0.471,1084.0,1.8360347166873214
2338,RF,0.471,1084.0,1.8360347166873214
2778,RF,0.471,1084.0,1.8360347166873214
1803,RF,0.47,1092.0,1.8321365538068812
2162,RF,0.47,1092.0,1.8321365538068812
1111,RF,0.469,1094.0,1.828238390926441
1969,RF,0.469,1094.0,1.828238390926441
2279,RF,0.469,1094.0,1.828238390926441
22,RF,0.468,1097.0,1.824340228046001
490,RF,0.468,1097.0,1.824340228046001
555,RF,0.468,1097.0,1.824340228046001
1093,RF,0.468,1097.0,1.824340228046001
1400,RF,0.468,1097.0,1.824340228046001
2710,RF,0.468,1097.0,1.824340228046001
2760,RF,0.468,1097.0,1.824340228046001
730,RF,0.467,1104.0,1.820442065165561
846,RF,0.467,1104.0,1.820442065165561
1314,RF,0.467,1104.0,1.820442065165561
1468,RF,0.467,1104.0,1.820442065165561
1616,RF,0.467,1104.0,1.820442065165561
2649,RF,0.467,1104.0,1.820442065165561
2678,RF,0.467,1104.0,1.820442065165561
1651,RF,0.466,1111.0,1.8165439022851209
744,RF,0.464,1112.0,1.8087475765242405
795,RF,0.464,1112.0,1.8087475765242405
1877,RF,0.464,1112.0,1.8087475765242405
945,RF,0.463,1115.0,1.8048494136438002
1574,RF,0.463,1115.0,1.8048494136438002
578,RF,0.462,1117.0,1.80095125076336
1056,RF,0.462,1117.0,1.80095125076336
2346,RF,0.462,1117.0,1.80095125076336
344,RF,0.461,1120.0,1.7970530878829198
1581,RF,0.461,1120.0,1.7970530878829198
2039,RF,0.461,1120.0,1.7970530878829198
1407,RF,0.46,1123.0,1.7931549250024796
1920,RF,0.46,1123.0,1.7931549250024796
1958,RF,0.46,1123.0,1.7931549250024796
2333,RF,0.46,1123.0,1.7931549250024796
2627,RF,0.46,1123.0,1.7931549250024796
126,RF,0.459,1128.0,1.7892567621220394
169,RF,0.459,1128.0,1.7892567621220394
208,RF,0.459,1128.0,1.7892567621220394
1448,RF,0.459,1128.0,1.7892567621220394
1706,RF,0.459,1128.0,1.7892567621220394
1759,RF,0.459,1128.0,1.7892567621220394
1787,RF,0.459,1128.0,1.7892567621220394
1977,RF,0.459,1128.0,1.7892567621220394
2523,RF,0.459,1128.0,1.7892567621220394
1297,RF,0.458,1137.0,1.7853585992415995
1442,RF,0.458,1137.0,1.7853585992415995
1560,RF,0.458,1137.0,1.7853585992415995
800,RF,0.457,1140.0,1.7814604363611592
1068,RF,0.457,1140.0,1.7814604363611592
2234,RF,0.457,1140.0,1.7814604363611592
1008,RF,0.456,1143.0,1.777562273480719
1160,RF,0.456,1143.0,1.777562273480719
1469,RF,0.456,1143.0,1.777562273480719
1673,RF,0.456,1143.0,1.777562273480719
2187,RF,0.456,1143.0,1.777562273480719
454,RF,0.455,1148.0,1.7736641106002788
1731,RF,0.455,1148.0,1.7736641106002788
1852,RF,0.454,1150.0,1.7697659477198386
1891,RF,0.454,1150.0,1.7697659477198386
901,RF,0.453,1152.0,1.7658677848393984
952,RF,0.453,1152.0,1.7658677848393984
1053,RF,0.453,1152.0,1.7658677848393984
1645,RF,0.453,1152.0,1.7658677848393984
1665,RF,0.453,1152.0,1.7658677848393984
2069,RF,0.453,1152.0,1.7658677848393984
2405,RF,0.453,1152.0,1.7658677848393984
2452,RF,0.453,1152.0,1.7658677848393984
1818,RF,0.452,1160.0,1.7619696219589582
437,RF,0.451,1161.0,1.758071459078518
920,RF,0.451,1161.0,1.758071459078518
1001,RF,0.451,1161.0,1.758071459078518
1591,RF,0.451,1161.0,1.758071459078518
1866,RF,0.451,1161.0,1.758071459078518
251,RF,0.45,1166.0,1.754173296198078
353,RF,0.45,1166.0,1.754173296198078
112,RF,0.448,1168.0,1.7463769704371976
1660,RF,0.448,1168.0,1.7463769704371976
1793,RF,0.448,1168.0,1.7463769704371976
2137,RF,0.448,1168.0,1.7463769704371976
534,RF,0.447,1172.0,1.7424788075567574
564,RF,0.447,1172.0,1.7424788075567574
1089,RF,0.447,1172.0,1.7424788075567574
1342,RF,0.447,1172.0,1.7424788075567574
1421,RF,0.447,1172.0,1.7424788075567574
1519,RF,0.447,1172.0,1.7424788075567574
2386,RF,0.447,1172.0,1.7424788075567574
2670,RF,0.447,1172.0,1.7424788075567574
1401,RF,0.446,1180.0,1.7385806446763172
1782,RF,0.446,1180.0,1.7385806446763172
2473,RF,0.446,1180.0,1.7385806446763172
95,RF,0.445,1183.0,1.734682481795877
1069,RF,0.445,1183.0,1.734682481795877
2257,RF,0.445,1183.0,1.734682481795877
2676,RF,0.445,1183.0,1.734682481795877
443,RF,0.444,1187.0,1.7307843189154368
451,RF,0.444,1187.0,1.7307843189154368
725,RF,0.444,1187.0,1.7307843189154368
924,RF,0.444,1187.0,1.7307843189154368
1546,RF,0.444,1187.0,1.7307843189154368
1753,RF,0.444,1187.0,1.7307843189154368
2003,RF,0.444,1187.0,1.7307843189154368
2337,RF,0.444,1187.0,1.7307843189154368
447,RF,0.443,1195.0,1.7268861560349966
1143,RF,0.443,1195.0,1.7268861560349966
1200,RF,0.443,1195.0,1.7268861560349966
1428,RF,0.443,1195.0,1.7268861560349966
1545,RF,0.443,1195.0,1.7268861560349966
1583,RF,0.443,1195.0,1.7268861560349966
1685,RF,0.443,1195.0,1.7268861560349966
2330,RF,0.443,1195.0,1.7268861560349966
1447,RF,0.442,1203.0,1.7229879931545566
1567,RF,0.442,1203.0,1.7229879931545566
2156,RF,0.442,1203.0,1.7229879931545566
721,RF,0.441,1206.0,1.7190898302741164
1237,RF,0.441,1206.0,1.7190898302741164
1467,RF,0.441,1206.0,1.7190898302741164
2363,RF,0.441,1206.0,1.7190898302741164
58,RF,0.44,1210.0,1.7151916673936762
611,RF,0.44,1210.0,1.7151916673936762
341,RF,0.439,1212.0,1.711293504513236
908,RF,0.439,1212.0,1.711293504513236
954,RF,0.439,1212.0,1.711293504513236
1157,RF,0.439,1212.0,1.711293504513236
2205,RF,0.439,1212.0,1.711293504513236
2745,RF,0.439,1212.0,1.711293504513236
176,RF,0.438,1218.0,1.7073953416327958
288,RF,0.438,1218.0,1.7073953416327958
1021,RF,0.438,1218.0,1.7073953416327958
1315,RF,0.438,1218.0,1.7073953416327958
1752,RF,0.438,1218.0,1.7073953416327958
2467,RF,0.438,1218.0,1.7073953416327958
1843,RF,0.437,1224.0,1.7034971787523556
2355,RF,0.437,1224.0,1.7034971787523556
2543,RF,0.437,1224.0,1.7034971787523556
178,RF,0.436,1227.0,1.6995990158719154
533,RF,0.436,1227.0,1.6995990158719154
622,RF,0.436,1227.0,1.6995990158719154
762,RF,0.436,1227.0,1.6995990158719154
1923,RF,0.436,1227.0,1.6995990158719154
1999,RF,0.436,1227.0,1.6995990158719154
2115,RF,0.436,1227.0,1.6995990158719154
2526,RF,0.436,1227.0,1.6995990158719154
494,RF,0.435,1235.0,1.6957008529914752
756,RF,0.435,1235.0,1.6957008529914752
1079,RF,0.435,1235.0,1.6957008529914752
2180,RF,0.434,1238.0,1.6918026901110352
2233,RF,0.434,1238.0,1.6918026901110352
2301,RF,0.434,1238.0,1.6918026901110352
2613,RF,0.434,1238.0,1.6918026901110352
240,RF,0.433,1242.0,1.687904527230595
661,RF,0.433,1242.0,1.687904527230595
1039,RF,0.433,1242.0,1.687904527230595
1563,RF,0.433,1242.0,1.687904527230595
1860,RF,0.433,1242.0,1.687904527230595
2291,RF,0.433,1242.0,1.687904527230595
2519,RF,0.433,1242.0,1.687904527230595
340,RF,0.432,1249.0,1.6840063643501548
684,RF,0.432,1249.0,1.6840063643501548
1231,RF,0.432,1249.0,1.6840063643501548
1964,RF,0.432,1249.0,1.6840063643501548
2228,RF,0.432,1249.0,1.6840063643501548
263,RF,0.431,1254.0,1.6801082014697146
433,RF,0.431,1254.0,1.6801082014697146
580,RF,0.431,1254.0,1.6801082014697146
2048,RF,0.431,1254.0,1.6801082014697146
2763,RF,0.431,1254.0,1.6801082014697146
145,RF,0.43,1259.0,1.6762100385892744
270,RF,0.43,1259.0,1.6762100385892744
835,RF,0.43,1259.0,1.6762100385892744
2223,RF,0.43,1259.0,1.6762100385892744
2539,RF,0.43,1259.0,1.6762100385892744
990,RF,0.429,1264.0,1.6723118757088342
1183,RF,0.429,1264.0,1.6723118757088342
1575,RF,0.429,1264.0,1.6723118757088342
146,RF,0.428,1267.0,1.668413712828394
660,RF,0.428,1267.0,1.668413712828394
978,RF,0.428,1267.0,1.668413712828394
1548,RF,0.428,1267.0,1.668413712828394
1576,RF,0.428,1267.0,1.668413712828394
1721,RF,0.428,1267.0,1.668413712828394
70,RF,0.427,1273.0,1.6645155499479538
671,RF,0.427,1273.0,1.6645155499479538
1618,RF,0.427,1273.0,1.6645155499479538
1773,RF,0.427,1273.0,1.6645155499479538
1965,RF,0.427,1273.0,1.6645155499479538
2075,RF,0.427,1273.0,1.6645155499479538
1,RF,0.426,1279.0,1.6606173870675136
27,RF,0.426,1279.0,1.6606173870675136
618,RF,0.426,1279.0,1.6606173870675136
645,RF,0.426,1279.0,1.6606173870675136
665,RF,0.426,1279.0,1.6606173870675136
728,RF,0.426,1279.0,1.6606173870675136
1768,RF,0.426,1279.0,1.6606173870675136
2365,RF,0.426,1279.0,1.6606173870675136
2458,RF,0.426,1279.0,1.6606173870675136
2735,RF,0.426,1279.0,1.6606173870675136
201,RF,0.425,1289.0,1.6567192241870736
338,RF,0.425,1289.0,1.6567192241870736
1076,RF,0.425,1289.0,1.6567192241870736
1311,RF,0.425,1289.0,1.6567192241870736
1333,RF,0.425,1289.0,1.6567192241870736
2582,RF,0.425,1289.0,1.6567192241870736
1078,RF,0.424,1295.0,1.6528210613066334
1337,RF,0.424,1295.0,1.6528210613066334
2371,RF,0.424,1295.0,1.6528210613066334
2702,RF,0.424,1295.0,1.6528210613066334
2767,RF,0.424,1295.0,1.6528210613066334
381,RF,0.423,1300.0,1.6489228984261932
1430,RF,0.423,1300.0,1.6489228984261932
2189,RF,0.423,1300.0,1.6489228984261932
1425,RF,0.422,1303.0,1.645024735545753
2173,RF,0.422,1303.0,1.645024735545753
2392,RF,0.422,1303.0,1.645024735545753
624,RF,0.421,1306.0,1.6411265726653128
790,RF,0.421,1306.0,1.6411265726653128
1994,RF,0.421,1306.0,1.6411265726653128
792,RF,0.42,1309.0,1.6372284097848726
1098,RF,0.42,1309.0,1.6372284097848726
1325,RF,0.42,1309.0,1.6372284097848726
1767,RF,0.42,1309.0,1.6372284097848726
2588,RF,0.42,1309.0,1.6372284097848726
2662,RF,0.42,1309.0,1.6372284097848726
2758,RF,0.42,1309.0,1.6372284097848726
185,RF,0.419,1316.0,1.6333302469044324
357,RF,0.419,1316.0,1.6333302469044324
556,RF,0.419,1316.0,1.6333302469044324
907,RF,0.419,1316.0,1.6333302469044324
1558,RF,0.419,1316.0,1.6333302469044324
526,RF,0.418,1321.0,1.6294320840239922
553,RF,0.418,1321.0,1.6294320840239922
972,RF,0.418,1321.0,1.6294320840239922
1963,RF,0.418,1321.0,1.6294320840239922
1990,RF,0.418,1321.0,1.6294320840239922
2476,RF,0.418,1321.0,1.6294320840239922
153,RF,0.417,1327.0,1.6255339211435522
598,RF,0.417,1327.0,1.6255339211435522
633,RF,0.417,1327.0,1.6255339211435522
2216,RF,0.417,1327.0,1.6255339211435522
2621,RF,0.417,1327.0,1.6255339211435522
221,RF,0.416,1332.0,1.621635758263112
407,RF,0.416,1332.0,1.621635758263112
1596,RF,0.416,1332.0,1.621635758263112
2348,RF,0.416,1332.0,1.621635758263112
2471,RF,0.416,1332.0,1.621635758263112
33,RF,0.415,1337.0,1.6177375953826718
41,RF,0.415,1337.0,1.6177375953826718
124,RF,0.415,1337.0,1.6177375953826718
279,RF,0.415,1337.0,1.6177375953826718
707,RF,0.415,1337.0,1.6177375953826718
759,RF,0.415,1337.0,1.6177375953826718
1032,RF,0.415,1337.0,1.6177375953826718
2056,RF,0.415,1337.0,1.6177375953826718
2210,RF,0.415,1337.0,1.6177375953826718
246,RF,0.414,1346.0,1.6138394325022316
311,RF,0.414,1346.0,1.6138394325022316
1067,RF,0.414,1346.0,1.6138394325022316
1229,RF,0.414,1346.0,1.6138394325022316
2203,RF,0.414,1346.0,1.6138394325022316
2206,RF,0.414,1346.0,1.6138394325022316
714,RF,0.413,1352.0,1.6099412696217914
934,RF,0.413,1352.0,1.6099412696217914
1201,RF,0.413,1352.0,1.6099412696217914
2201,RF,0.413,1352.0,1.6099412696217914
2614,RF,0.413,1352.0,1.6099412696217914
171,RF,0.412,1357.0,1.6060431067413512
857,RF,0.412,1357.0,1.6060431067413512
869,RF,0.412,1357.0,1.6060431067413512
1420,RF,0.412,1357.0,1.6060431067413512
1441,RF,0.412,1357.0,1.6060431067413512
2090,RF,0.412,1357.0,1.6060431067413512
2479,RF,0.412,1357.0,1.6060431067413512
1012,RF,0.411,1364.0,1.602144943860911
1051,RF,0.411,1364.0,1.602144943860911
2341,RF,0.411,1364.0,1.602144943860911
2629,RF,0.411,1364.0,1.602144943860911
2708,RF,0.411,1364.0,1.602144943860911
343,RF,0.41,1369.0,1.5982467809804708
1719,RF,0.41,1369.0,1.5982467809804708
1937,RF,0.41,1369.0,1.5982467809804708
658,RF,0.409,1372.0,1.5943486181000308
1239,RF,0.409,1372.0,1.5943486181000308
1611,RF,0.409,1372.0,1.5943486181000308
1650,RF,0.409,1372.0,1.5943486181000308
1830,RF,0.409,1372.0,1.5943486181000308
1871,RF,0.409,1372.0,1.5943486181000308
2358,RF,0.409,1372.0,1.5943486181000308
2448,RF,0.409,1372.0,1.5943486181000308
2640,RF,0.409,1372.0,1.5943486181000308
79,RF,0.408,1381.0,1.5904504552195906
105,RF,0.408,1381.0,1.5904504552195906
234,RF,0.408,1381.0,1.5904504552195906
568,RF,0.408,1381.0,1.5904504552195906
710,RF,0.408,1381.0,1.5904504552195906
1257,RF,0.408,1381.0,1.5904504552195906
1946,RF,0.408,1381.0,1.5904504552195906
2446,RF,0.408,1381.0,1.5904504552195906
1531,RF,0.407,1389.0,1.5865522923391504
560,RF,0.406,1390.0,1.5826541294587104
1514,RF,0.406,1390.0,1.5826541294587104
1792,RF,0.406,1390.0,1.5826541294587104
2229,RF,0.406,1390.0,1.5826541294587104
2556,RF,0.406,1390.0,1.5826541294587104
2688,RF,0.406,1390.0,1.5826541294587104
142,RF,0.405,1396.0,1.5787559665782702
679,RF,0.405,1396.0,1.5787559665782702
896,RF,0.405,1396.0,1.5787559665782702
1368,RF,0.405,1396.0,1.5787559665782702
1894,RF,0.405,1396.0,1.5787559665782702
2098,RF,0.405,1396.0,1.5787559665782702
716,RF,0.404,1402.0,1.57485780369783
125,RF,0.403,1403.0,1.5709596408173898
138,RF,0.403,1403.0,1.5709596408173898
245,RF,0.403,1403.0,1.5709596408173898
362,RF,0.403,1403.0,1.5709596408173898
441,RF,0.403,1403.0,1.5709596408173898
683,RF,0.403,1403.0,1.5709596408173898
1700,RF,0.403,1403.0,1.5709596408173898
2474,RF,0.403,1403.0,1.5709596408173898
2769,RF,0.403,1403.0,1.5709596408173898
525,RF,0.402,1412.0,1.5670614779369496
1094,RF,0.402,1412.0,1.5670614779369496
1280,RF,0.402,1412.0,1.5670614779369496
1725,RF,0.402,1412.0,1.5670614779369496
237,RF,0.401,1416.0,1.5631633150565094
258,RF,0.401,1416.0,1.5631633150565094
593,RF,0.401,1416.0,1.5631633150565094
1613,RF,0.401,1416.0,1.5631633150565094
812,RF,0.4,1420.0,1.5592651521760694
1113,RF,0.4,1420.0,1.5592651521760694
1884,RF,0.4,1420.0,1.5592651521760694
2553,RF,0.4,1420.0,1.5592651521760694
398,RF,0.399,1424.0,1.5553669892956292
1631,RF,0.399,1424.0,1.5553669892956292
1722,RF,0.399,1424.0,1.5553669892956292
298,RF,0.398,1427.0,1.551468826415189
544,RF,0.398,1427.0,1.551468826415189
805,RF,0.398,1427.0,1.551468826415189
1306,RF,0.398,1427.0,1.551468826415189
1593,RF,0.398,1427.0,1.551468826415189
2150,RF,0.398,1427.0,1.551468826415189
2775,RF,0.398,1427.0,1.551468826415189
659,RF,0.397,1434.0,1.5475706635347488
1260,RF,0.397,1434.0,1.5475706635347488
1359,RF,0.397,1434.0,1.5475706635347488
1854,RF,0.397,1434.0,1.5475706635347488
1949,RF,0.397,1434.0,1.5475706635347488
289,RF,0.396,1439.0,1.5436725006543086
505,RF,0.396,1439.0,1.5436725006543086
1409,RF,0.396,1439.0,1.5436725006543086
1982,RF,0.396,1439.0,1.5436725006543086
37,RF,0.395,1443.0,1.5397743377738684
690,RF,0.395,1443.0,1.5397743377738684
1176,RF,0.395,1443.0,1.5397743377738684
2028,RF,0.395,1443.0,1.5397743377738684
2059,RF,0.395,1443.0,1.5397743377738684
2068,RF,0.395,1443.0,1.5397743377738684
2435,RF,0.395,1443.0,1.5397743377738684
2695,RF,0.394,1450.0,1.5358761748934282
226,RF,0.393,1451.0,1.531978012012988
830,RF,0.392,1452.0,1.528079849132548
1274,RF,0.392,1452.0,1.528079849132548
1380,RF,0.392,1452.0,1.528079849132548
2412,RF,0.392,1452.0,1.528079849132548
342,RF,0.391,1456.0,1.5241816862521078
541,RF,0.391,1456.0,1.5241816862521078
1047,RF,0.391,1456.0,1.5241816862521078
1630,RF,0.391,1456.0,1.5241816862521078
1712,RF,0.391,1456.0,1.5241816862521078
512,RF,0.39,1461.0,1.5202835233716676
574,RF,0.39,1461.0,1.5202835233716676
1117,RF,0.39,1461.0,1.5202835233716676
2374,RF,0.39,1461.0,1.5202835233716676
2551,RF,0.39,1461.0,1.5202835233716676
2651,RF,0.39,1461.0,1.5202835233716676
2755,RF,0.39,1461.0,1.5202835233716676
603,RF,0.389,1468.0,1.5163853604912274
640,RF,0.389,1468.0,1.5163853604912274
839,RF,0.389,1468.0,1.5163853604912274
858,RF,0.389,1468.0,1.5163853604912274
1059,RF,0.389,1468.0,1.5163853604912274
1550,RF,0.389,1468.0,1.5163853604912274
1571,RF,0.389,1468.0,1.5163853604912274
1849,RF,0.389,1468.0,1.5163853604912274
2195,RF,0.389,1468.0,1.5163853604912274
2214,RF,0.389,1468.0,1.5163853604912274
19,RF,0.388,1478.0,1.5124871976107872
98,RF,0.388,1478.0,1.5124871976107872
508,RF,0.388,1478.0,1.5124871976107872
575,RF,0.388,1478.0,1.5124871976107872
1283,RF,0.388,1478.0,1.5124871976107872
1521,RF,0.388,1478.0,1.5124871976107872
1612,RF,0.388,1478.0,1.5124871976107872
1680,RF,0.388,1478.0,1.5124871976107872
2058,RF,0.388,1478.0,1.5124871976107872
2388,RF,0.388,1478.0,1.5124871976107872
31,RF,0.387,1488.0,1.508589034730347
42,RF,0.387,1488.0,1.508589034730347
276,RF,0.387,1488.0,1.508589034730347
1037,RF,0.387,1488.0,1.508589034730347
1895,RF,0.387,1488.0,1.508589034730347
76,RF,0.386,1493.0,1.5046908718499068
1147,RF,0.386,1493.0,1.5046908718499068
2615,RF,0.386,1493.0,1.5046908718499068
305,RF,0.385,1496.0,1.5007927089694666
449,RF,0.385,1496.0,1.5007927089694666
1392,RF,0.385,1496.0,1.5007927089694666
1607,RF,0.385,1496.0,1.5007927089694666
778,RF,0.384,1500.0,1.4968945460890266
2311,RF,0.384,1500.0,1.4968945460890266
688,RF,0.383,1502.0,1.4929963832085864
1908,RF,0.383,1502.0,1.4929963832085864
2262,RF,0.383,1502.0,1.4929963832085864
89,RF,0.382,1505.0,1.4890982203281462
1208,RF,0.382,1505.0,1.4890982203281462
135,RF,0.381,1507.0,1.485200057447706
1599,RF,0.381,1507.0,1.485200057447706
1907,RF,0.381,1507.0,1.485200057447706
2147,RF,0.381,1507.0,1.485200057447706
471,RF,0.38,1511.0,1.4813018945672658
709,RF,0.38,1511.0,1.4813018945672658
2714,RF,0.38,1511.0,1.4813018945672658
2743,RF,0.38,1511.0,1.4813018945672658
773,RF,0.379,1515.0,1.4774037316868256
1181,RF,0.379,1515.0,1.4774037316868256
1188,RF,0.379,1515.0,1.4774037316868256
2167,RF,0.379,1515.0,1.4774037316868256
2169,RF,0.379,1515.0,1.4774037316868256
2595,RF,0.379,1515.0,1.4774037316868256
56,RF,0.378,1521.0,1.4735055688063854
115,RF,0.378,1521.0,1.4735055688063854
1744,RF,0.378,1521.0,1.4735055688063854
1959,RF,0.378,1521.0,1.4735055688063854
2027,RF,0.378,1521.0,1.4735055688063854
2764,RF,0.378,1521.0,1.4735055688063854
738,RF,0.377,1527.0,1.4696074059259452
1014,RF,0.377,1527.0,1.4696074059259452
1486,RF,0.377,1527.0,1.4696074059259452
1730,RF,0.377,1527.0,1.4696074059259452
1743,RF,0.377,1527.0,1.4696074059259452
1897,RF,0.377,1527.0,1.4696074059259452
2586,RF,0.377,1527.0,1.4696074059259452
2597,RF,0.377,1527.0,1.4696074059259452
503,RF,0.376,1535.0,1.4657092430455052
594,RF,0.376,1535.0,1.4657092430455052
747,RF,0.376,1535.0,1.4657092430455052
1275,RF,0.376,1535.0,1.4657092430455052
2397,RF,0.376,1535.0,1.4657092430455052
2440,RF,0.376,1535.0,1.4657092430455052
62,RF,0.375,1541.0,1.461811080165065
1004,RF,0.375,1541.0,1.461811080165065
1007,RF,0.375,1541.0,1.461811080165065
1301,RF,0.375,1541.0,1.461811080165065
1330,RF,0.375,1541.0,1.461811080165065
1788,RF,0.375,1541.0,1.461811080165065
1794,RF,0.375,1541.0,1.461811080165065
2451,RF,0.375,1541.0,1.461811080165065
2376,RF,0.374,1549.0,1.4579129172846248
261,RF,0.373,1550.0,1.4540147544041846
1777,RF,0.373,1550.0,1.4540147544041846
2400,RF,0.373,1550.0,1.4540147544041846
1070,RF,0.372,1553.0,1.4501165915237444
1456,RF,0.372,1553.0,1.4501165915237444
1839,RF,0.372,1553.0,1.4501165915237444
2425,RF,0.372,1553.0,1.4501165915237444
397,RF,0.371,1557.0,1.4462184286433042
824,RF,0.371,1557.0,1.4462184286433042
235,RF,0.37,1559.0,1.442320265762864
401,RF,0.37,1559.0,1.442320265762864
473,RF,0.37,1559.0,1.442320265762864
750,RF,0.37,1559.0,1.442320265762864
833,RF,0.37,1559.0,1.442320265762864
834,RF,0.37,1559.0,1.442320265762864
1128,RF,0.37,1559.0,1.442320265762864
1148,RF,0.37,1559.0,1.442320265762864
712,RF,0.369,1567.0,1.4384221028824238
1242,RF,0.369,1567.0,1.4384221028824238
1326,RF,0.369,1567.0,1.4384221028824238
1367,RF,0.369,1567.0,1.4384221028824238
1405,RF,0.369,1567.0,1.4384221028824238
1740,RF,0.369,1567.0,1.4384221028824238
1784,RF,0.369,1567.0,1.4384221028824238
1786,RF,0.369,1567.0,1.4384221028824238
2060,RF,0.369,1567.0,1.4384221028824238
2116,RF,0.369,1567.0,1.4384221028824238
956,RF,0.368,1577.0,1.4345239400019836
1164,RF,0.368,1577.0,1.4345239400019836
1705,RF,0.368,1577.0,1.4345239400019836
2325,RF,0.368,1577.0,1.4345239400019836
2410,RF,0.368,1577.0,1.4345239400019836
256,RF,0.367,1582.0,1.4306257771215436
366,RF,0.367,1582.0,1.4306257771215436
1478,RF,0.367,1582.0,1.4306257771215436
1738,RF,0.367,1582.0,1.4306257771215436
396,RF,0.366,1586.0,1.4267276142411034
1013,RF,0.366,1586.0,1.4267276142411034
1195,RF,0.366,1586.0,1.4267276142411034
2248,RF,0.366,1586.0,1.4267276142411034
2580,RF,0.366,1586.0,1.4267276142411034
114,RF,0.365,1591.0,1.4228294513606632
629,RF,0.365,1591.0,1.4228294513606632
822,RF,0.365,1591.0,1.4228294513606632
975,RF,0.365,1591.0,1.4228294513606632
1005,RF,0.365,1591.0,1.4228294513606632
1352,RF,0.365,1591.0,1.4228294513606632
1734,RF,0.365,1591.0,1.4228294513606632
1766,RF,0.365,1591.0,1.4228294513606632
2093,RF,0.365,1591.0,1.4228294513606632
2690,RF,0.365,1591.0,1.4228294513606632
757,RF,0.364,1601.0,1.418931288480223
849,RF,0.364,1601.0,1.418931288480223
1395,RF,0.364,1601.0,1.418931288480223
1416,RF,0.364,1601.0,1.418931288480223
1422,RF,0.364,1601.0,1.418931288480223
1763,RF,0.364,1601.0,1.418931288480223
1950,RF,0.364,1601.0,1.418931288480223
2481,RF,0.364,1601.0,1.418931288480223
493,RF,0.363,1609.0,1.4150331255997828
509,RF,0.363,1609.0,1.4150331255997828
530,RF,0.363,1609.0,1.4150331255997828
1101,RF,0.363,1609.0,1.4150331255997828
1313,RF,0.363,1609.0,1.4150331255997828
1855,RF,0.363,1609.0,1.4150331255997828
2420,RF,0.363,1609.0,1.4150331255997828
2494,RF,0.363,1609.0,1.4150331255997828
489,RF,0.362,1617.0,1.4111349627193426
540,RF,0.362,1617.0,1.4111349627193426
1528,RF,0.362,1617.0,1.4111349627193426
2018,RF,0.362,1617.0,1.4111349627193426
811,RF,0.361,1621.0,1.4072367998389024
911,RF,0.361,1621.0,1.4072367998389024
1303,RF,0.361,1621.0,1.4072367998389024
1838,RF,0.361,1621.0,1.4072367998389024
1925,RF,0.361,1621.0,1.4072367998389024
2006,RF,0.361,1621.0,1.4072367998389024
2172,RF,0.361,1621.0,1.4072367998389024
415,RF,0.36,1628.0,1.4033386369584622
647,RF,0.36,1628.0,1.4033386369584622
1761,RF,0.36,1628.0,1.4033386369584622
1771,RF,0.36,1628.0,1.4033386369584622
1973,RF,0.36,1628.0,1.4033386369584622
2650,RF,0.36,1628.0,1.4033386369584622
206,RF,0.359,1634.0,1.3994404740780222
319,RF,0.359,1634.0,1.3994404740780222
346,RF,0.359,1634.0,1.3994404740780222
1123,RF,0.359,1634.0,1.3994404740780222
1202,RF,0.359,1634.0,1.3994404740780222
2298,RF,0.359,1634.0,1.3994404740780222
2527,RF,0.359,1634.0,1.3994404740780222
2696,RF,0.359,1634.0,1.3994404740780222
418,RF,0.358,1642.0,1.395542311197582
497,RF,0.358,1642.0,1.395542311197582
1805,RF,0.358,1642.0,1.395542311197582
2264,RF,0.358,1642.0,1.395542311197582
2575,RF,0.358,1642.0,1.395542311197582
2722,RF,0.358,1642.0,1.395542311197582
40,RF,0.357,1648.0,1.3916441483171418
628,RF,0.357,1648.0,1.3916441483171418
666,RF,0.357,1648.0,1.3916441483171418
895,RF,0.357,1648.0,1.3916441483171418
1454,RF,0.357,1648.0,1.3916441483171418
2286,RF,0.357,1648.0,1.3916441483171418
2661,RF,0.357,1648.0,1.3916441483171418
78,RF,0.356,1655.0,1.3877459854367016
1654,RF,0.356,1655.0,1.3877459854367016
1217,RF,0.355,1657.0,1.3838478225562614
1996,RF,0.355,1657.0,1.3838478225562614
2628,RF,0.355,1657.0,1.3838478225562614
2740,RF,0.355,1657.0,1.3838478225562614
57,RF,0.354,1661.0,1.3799496596758212
859,RF,0.354,1661.0,1.3799496596758212
1451,RF,0.354,1661.0,1.3799496596758212
1455,RF,0.354,1661.0,1.3799496596758212
2709,RF,0.354,1661.0,1.3799496596758212
855,RF,0.353,1666.0,1.376051496795381
1344,RF,0.353,1666.0,1.376051496795381
2194,RF,0.353,1666.0,1.376051496795381
2289,RF,0.353,1666.0,1.376051496795381
2306,RF,0.353,1666.0,1.376051496795381
304,RF,0.352,1671.0,1.3721533339149408
667,RF,0.352,1671.0,1.3721533339149408
946,RF,0.352,1671.0,1.3721533339149408
2226,RF,0.352,1671.0,1.3721533339149408
47,RF,0.351,1675.0,1.3682551710345008
514,RF,0.351,1675.0,1.3682551710345008
607,RF,0.351,1675.0,1.3682551710345008
675,RF,0.351,1675.0,1.3682551710345008
784,RF,0.351,1675.0,1.3682551710345008
840,RF,0.351,1675.0,1.3682551710345008
1899,RF,0.351,1675.0,1.3682551710345008
2617,RF,0.351,1675.0,1.3682551710345008
155,RF,0.35,1683.0,1.3643570081540606
167,RF,0.35,1683.0,1.3643570081540606
179,RF,0.35,1683.0,1.3643570081540606
1145,RF,0.35,1683.0,1.3643570081540606
1251,RF,0.35,1683.0,1.3643570081540606
1494,RF,0.35,1683.0,1.3643570081540606
1684,RF,0.35,1683.0,1.3643570081540606
1845,RF,0.35,1683.0,1.3643570081540606
1944,RF,0.35,1683.0,1.3643570081540606
378,RF,0.349,1692.0,1.3604588452736204
888,RF,0.349,1692.0,1.3604588452736204
1533,RF,0.349,1692.0,1.3604588452736204
2082,RF,0.349,1692.0,1.3604588452736204
456,RF,0.348,1696.0,1.3565606823931802
818,RF,0.348,1696.0,1.3565606823931802
819,RF,0.348,1696.0,1.3565606823931802
2141,RF,0.348,1696.0,1.3565606823931802
2366,RF,0.348,1696.0,1.3565606823931802
590,RF,0.347,1701.0,1.35266251951274
1587,RF,0.347,1701.0,1.35266251951274
1710,RF,0.347,1701.0,1.35266251951274
2605,RF,0.347,1701.0,1.35266251951274
670,RF,0.346,1705.0,1.3487643566322998
1364,RF,0.346,1705.0,1.3487643566322998
1717,RF,0.346,1705.0,1.3487643566322998
6,RF,0.345,1708.0,1.3448661937518596
957,RF,0.345,1708.0,1.3448661937518596
1083,RF,0.345,1708.0,1.3448661937518596
1179,RF,0.345,1708.0,1.3448661937518596
2718,RF,0.345,1708.0,1.3448661937518596
360,RF,0.344,1713.0,1.3409680308714194
535,RF,0.344,1713.0,1.3409680308714194
1174,RF,0.344,1713.0,1.3409680308714194
1372,RF,0.344,1713.0,1.3409680308714194
1874,RF,0.344,1713.0,1.3409680308714194
1888,RF,0.344,1713.0,1.3409680308714194
621,RF,0.343,1719.0,1.3370698679909796
1338,RF,0.343,1719.0,1.3370698679909796
1383,RF,0.343,1719.0,1.3370698679909796
1403,RF,0.343,1719.0,1.3370698679909796
1790,RF,0.343,1719.0,1.3370698679909796
2007,RF,0.343,1719.0,1.3370698679909796
2253,RF,0.343,1719.0,1.3370698679909796
2773,RF,0.343,1719.0,1.3370698679909796
25,RF,0.342,1727.0,1.3331717051105394
1298,RF,0.342,1727.0,1.3331717051105394
1316,RF,0.342,1727.0,1.3331717051105394
1375,RF,0.342,1727.0,1.3331717051105394
1658,RF,0.342,1727.0,1.3331717051105394
1317,RF,0.341,1732.0,1.3292735422300992
1402,RF,0.341,1732.0,1.3292735422300992
1707,RF,0.341,1732.0,1.3292735422300992
2240,RF,0.341,1732.0,1.3292735422300992
646,RF,0.34,1736.0,1.325375379349659
1266,RF,0.34,1736.0,1.325375379349659
1541,RF,0.34,1736.0,1.325375379349659
2460,RF,0.34,1736.0,1.325375379349659
2574,RF,0.34,1736.0,1.325375379349659
168,RF,0.339,1741.0,1.3214772164692188
554,RF,0.339,1741.0,1.3214772164692188
892,RF,0.339,1741.0,1.3214772164692188
1218,RF,0.339,1741.0,1.3214772164692188
85,RF,0.338,1745.0,1.3175790535887786
1904,RF,0.338,1745.0,1.3175790535887786
2174,RF,0.338,1745.0,1.3175790535887786
227,RF,0.337,1748.0,1.3136808907083384
295,RF,0.337,1748.0,1.3136808907083384
1028,RF,0.337,1748.0,1.3136808907083384
1698,RF,0.337,1748.0,1.3136808907083384
906,RF,0.336,1752.0,1.3097827278278982
938,RF,0.336,1752.0,1.3097827278278982
1666,RF,0.336,1752.0,1.3097827278278982
1695,RF,0.336,1752.0,1.3097827278278982
2265,RF,0.336,1752.0,1.3097827278278982
2624,RF,0.336,1752.0,1.3097827278278982
2314,RF,0.335,1758.0,1.305884564947458
166,RF,0.334,1759.0,1.301986402067018
417,RF,0.334,1759.0,1.301986402067018
617,RF,0.334,1759.0,1.301986402067018
2335,RF,0.334,1759.0,1.301986402067018
2406,RF,0.334,1759.0,1.301986402067018
2602,RF,0.334,1759.0,1.301986402067018
460,RF,0.333,1765.0,1.2980882391865778
492,RF,0.333,1765.0,1.2980882391865778
1970,RF,0.333,1765.0,1.2980882391865778
2713,RF,0.333,1765.0,1.2980882391865778
197,RF,0.332,1769.0,1.2941900763061376
752,RF,0.332,1769.0,1.2941900763061376
873,RF,0.332,1769.0,1.2941900763061376
1029,RF,0.332,1769.0,1.2941900763061376
1225,RF,0.332,1769.0,1.2941900763061376
1458,RF,0.332,1769.0,1.2941900763061376
2277,RF,0.332,1769.0,1.2941900763061376
500,RF,0.331,1776.0,1.2902919134256974
719,RF,0.331,1776.0,1.2902919134256974
1136,RF,0.331,1776.0,1.2902919134256974
1961,RF,0.331,1776.0,1.2902919134256974
477,RF,0.33,1780.0,1.2863937505452572
974,RF,0.33,1780.0,1.2863937505452572
1082,RF,0.33,1780.0,1.2863937505452572
1115,RF,0.33,1780.0,1.2863937505452572
1694,RF,0.33,1780.0,1.2863937505452572
2008,RF,0.33,1780.0,1.2863937505452572
102,RF,0.329,1786.0,1.282495587664817
248,RF,0.329,1786.0,1.282495587664817
781,RF,0.329,1786.0,1.282495587664817
1193,RF,0.329,1786.0,1.282495587664817
1696,RF,0.329,1786.0,1.282495587664817
2292,RF,0.329,1786.0,1.282495587664817
2691,RF,0.329,1786.0,1.282495587664817
2725,RF,0.329,1786.0,1.282495587664817
255,RF,0.328,1794.0,1.2785974247843768
902,RF,0.328,1794.0,1.2785974247843768
1361,RF,0.328,1794.0,1.2785974247843768
2533,RF,0.328,1794.0,1.2785974247843768
2749,RF,0.328,1794.0,1.2785974247843768
2750,RF,0.328,1794.0,1.2785974247843768
267,RF,0.327,1800.0,1.2746992619039366
2692,RF,0.327,1800.0,1.2746992619039366
2748,RF,0.327,1800.0,1.2746992619039366
916,RF,0.326,1803.0,1.2708010990234966
963,RF,0.326,1803.0,1.2708010990234966
1154,RF,0.326,1803.0,1.2708010990234966
1781,RF,0.326,1803.0,1.2708010990234966
1869,RF,0.326,1803.0,1.2708010990234966
1967,RF,0.326,1803.0,1.2708010990234966
2258,RF,0.326,1803.0,1.2708010990234966
278,RF,0.325,1810.0,1.2669029361430564
390,RF,0.325,1810.0,1.2669029361430564
703,RF,0.325,1810.0,1.2669029361430564
1470,RF,0.325,1810.0,1.2669029361430564
1913,RF,0.325,1810.0,1.2669029361430564
2299,RF,0.325,1810.0,1.2669029361430564
2380,RF,0.325,1810.0,1.2669029361430564
1043,RF,0.324,1817.0,1.2630047732626162
1385,RF,0.324,1817.0,1.2630047732626162
1481,RF,0.324,1817.0,1.2630047732626162
1800,RF,0.324,1817.0,1.2630047732626162
2508,RF,0.324,1817.0,1.2630047732626162
2674,RF,0.324,1817.0,1.2630047732626162
871,RF,0.323,1823.0,1.259106610382176
1358,RF,0.323,1823.0,1.259106610382176
2012,RF,0.323,1823.0,1.259106610382176
2675,RF,0.323,1823.0,1.259106610382176
148,RF,0.322,1827.0,1.2552084475017358
165,RF,0.322,1827.0,1.2552084475017358
610,RF,0.322,1827.0,1.2552084475017358
1653,RF,0.322,1827.0,1.2552084475017358
1864,RF,0.322,1827.0,1.2552084475017358
2370,RF,0.322,1827.0,1.2552084475017358
224,RF,0.321,1833.0,1.2513102846212956
531,RF,0.321,1833.0,1.2513102846212956
653,RF,0.321,1833.0,1.2513102846212956
685,RF,0.321,1833.0,1.2513102846212956
785,RF,0.32,1837.0,1.2474121217408554
1272,RF,0.32,1837.0,1.2474121217408554
1444,RF,0.32,1837.0,1.2474121217408554
2618,RF,0.32,1837.0,1.2474121217408554
1634,RF,0.319,1841.0,1.2435139588604152
1881,RF,0.319,1841.0,1.2435139588604152
2036,RF,0.319,1841.0,1.2435139588604152
2087,RF,0.319,1841.0,1.2435139588604152
2125,RF,0.319,1841.0,1.2435139588604152
2316,RF,0.319,1841.0,1.2435139588604152
213,RF,0.318,1847.0,1.2396157959799752
1027,RF,0.318,1847.0,1.2396157959799752
2468,RF,0.318,1847.0,1.2396157959799752
2623,RF,0.318,1847.0,1.2396157959799752
1211,RF,0.317,1851.0,1.235717633099535
2000,RF,0.317,1851.0,1.235717633099535
2024,RF,0.317,1851.0,1.235717633099535
2070,RF,0.317,1851.0,1.235717633099535
2504,RF,0.317,1851.0,1.235717633099535
864,RF,0.316,1856.0,1.2318194702190948
2360,RF,0.316,1856.0,1.2318194702190948
616,RF,0.315,1858.0,1.2279213073386546
1677,RF,0.315,1858.0,1.2279213073386546
2570,RF,0.315,1858.0,1.2279213073386546
172,RF,0.314,1861.0,1.2240231444582144
1102,RF,0.314,1861.0,1.2240231444582144
2120,RF,0.314,1861.0,1.2240231444582144
2682,RF,0.314,1861.0,1.2240231444582144
1066,RF,0.313,1865.0,1.2201249815777742
1517,RF,0.313,1865.0,1.2201249815777742
1536,RF,0.313,1865.0,1.2201249815777742
585,RF,0.312,1868.0,1.216226818697334
727,RF,0.312,1868.0,1.216226818697334
1074,RF,0.312,1868.0,1.216226818697334
1204,RF,0.312,1868.0,1.216226818697334
1968,RF,0.312,1868.0,1.216226818697334
2016,RF,0.312,1868.0,1.216226818697334
2554,RF,0.312,1868.0,1.216226818697334
2581,RF,0.312,1868.0,1.216226818697334
2654,RF,0.312,1868.0,1.216226818697334
150,RF,0.311,1877.0,1.2123286558168938
499,RF,0.311,1877.0,1.2123286558168938
669,RF,0.311,1877.0,1.2123286558168938
1799,RF,0.311,1877.0,1.2123286558168938
1981,RF,0.311,1877.0,1.2123286558168938
2097,RF,0.311,1877.0,1.2123286558168938
2637,RF,0.311,1877.0,1.2123286558168938
889,RF,0.31,1884.0,1.2084304929364538
971,RF,0.31,1884.0,1.2084304929364538
1209,RF,0.31,1884.0,1.2084304929364538
1555,RF,0.31,1884.0,1.2084304929364538
1590,RF,0.31,1884.0,1.2084304929364538
2387,RF,0.31,1884.0,1.2084304929364538
2532,RF,0.31,1884.0,1.2084304929364538
495,RF,0.309,1891.0,1.2045323300560136
733,RF,0.309,1891.0,1.2045323300560136
2470,RF,0.309,1891.0,1.2045323300560136
2701,RF,0.309,1891.0,1.2045323300560136
209,RF,0.308,1895.0,1.2006341671755734
619,RF,0.308,1895.0,1.2006341671755734
787,RF,0.308,1895.0,1.2006341671755734
798,RF,0.308,1895.0,1.2006341671755734
107,RF,0.307,1899.0,1.1967360042951332
1052,RF,0.307,1899.0,1.1967360042951332
1466,RF,0.307,1899.0,1.1967360042951332
1627,RF,0.307,1899.0,1.1967360042951332
1867,RF,0.307,1899.0,1.1967360042951332
1210,RF,0.306,1904.0,1.192837841414693
2329,RF,0.306,1904.0,1.192837841414693
2507,RF,0.306,1904.0,1.192837841414693
513,RF,0.305,1907.0,1.1889396785342528
1924,RF,0.305,1907.0,1.1889396785342528
2017,RF,0.305,1907.0,1.1889396785342528
2484,RF,0.305,1907.0,1.1889396785342528
470,RF,0.304,1911.0,1.1850415156538125
2088,RF,0.304,1911.0,1.1850415156538125
2399,RF,0.304,1911.0,1.1850415156538125
742,RF,0.303,1914.0,1.1811433527733723
969,RF,0.303,1914.0,1.1811433527733723
1276,RF,0.303,1914.0,1.1811433527733723
1490,RF,0.303,1914.0,1.1811433527733723
1903,RF,0.303,1914.0,1.1811433527733723
2296,RF,0.303,1914.0,1.1811433527733723
947,RF,0.302,1920.0,1.1772451898929321
1223,RF,0.302,1920.0,1.1772451898929321
1462,RF,0.302,1920.0,1.1772451898929321
1934,RF,0.302,1920.0,1.1772451898929321
328,RF,0.301,1924.0,1.1733470270124922
487,RF,0.301,1924.0,1.1733470270124922
1393,RF,0.301,1924.0,1.1733470270124922
1474,RF,0.301,1924.0,1.1733470270124922
1862,RF,0.301,1924.0,1.1733470270124922
2447,RF,0.301,1924.0,1.1733470270124922
2632,RF,0.301,1924.0,1.1733470270124922
419,RF,0.3,1931.0,1.169448864132052
2230,RF,0.3,1931.0,1.169448864132052
2591,RF,0.3,1931.0,1.169448864132052
186,RF,0.299,1934.0,1.1655507012516118
203,RF,0.299,1934.0,1.1655507012516118
810,RF,0.299,1934.0,1.1655507012516118
1822,RF,0.299,1934.0,1.1655507012516118
2518,RF,0.299,1934.0,1.1655507012516118
1512,RF,0.298,1939.0,1.1616525383711716
2218,RF,0.298,1939.0,1.1616525383711716
2307,RF,0.298,1939.0,1.1616525383711716
689,RF,0.297,1942.0,1.1577543754907313
765,RF,0.297,1942.0,1.1577543754907313
1173,RF,0.297,1942.0,1.1577543754907313
1351,RF,0.297,1942.0,1.1577543754907313
1974,RF,0.297,1942.0,1.1577543754907313
1742,RF,0.296,1947.0,1.1538562126102911
1318,RF,0.295,1948.0,1.149958049729851
1340,RF,0.295,1948.0,1.149958049729851
577,RF,0.294,1950.0,1.1460598868494107
686,RF,0.294,1950.0,1.1460598868494107
1178,RF,0.294,1950.0,1.1460598868494107
1586,RF,0.294,1950.0,1.1460598868494107
2461,RF,0.294,1950.0,1.1460598868494107
2754,RF,0.294,1950.0,1.1460598868494107
233,RF,0.293,1956.0,1.1421617239689708
330,RF,0.293,1956.0,1.1421617239689708
384,RF,0.293,1956.0,1.1421617239689708
626,RF,0.293,1956.0,1.1421617239689708
1293,RF,0.293,1956.0,1.1421617239689708
2256,RF,0.293,1956.0,1.1421617239689708
2619,RF,0.293,1956.0,1.1421617239689708
2771,RF,0.293,1956.0,1.1421617239689708
1170,RF,0.292,1964.0,1.1382635610885306
1477,RF,0.292,1964.0,1.1382635610885306
2077,RF,0.292,1964.0,1.1382635610885306
2133,RF,0.292,1964.0,1.1382635610885306
2181,RF,0.292,1964.0,1.1382635610885306
2221,RF,0.292,1964.0,1.1382635610885306
2231,RF,0.292,1964.0,1.1382635610885306
2463,RF,0.292,1964.0,1.1382635610885306
195,RF,0.291,1972.0,1.1343653982080903
694,RF,0.291,1972.0,1.1343653982080903
701,RF,0.291,1972.0,1.1343653982080903
1050,RF,0.291,1972.0,1.1343653982080903
1085,RF,0.291,1972.0,1.1343653982080903
1433,RF,0.291,1972.0,1.1343653982080903
1997,RF,0.291,1972.0,1.1343653982080903
2033,RF,0.291,1972.0,1.1343653982080903
2454,RF,0.291,1972.0,1.1343653982080903
788,RF,0.29,1981.0,1.1304672353276501
1921,RF,0.29,1981.0,1.1304672353276501
1927,RF,0.29,1981.0,1.1304672353276501
2041,RF,0.29,1981.0,1.1304672353276501
2514,RF,0.29,1981.0,1.1304672353276501
589,RF,0.289,1986.0,1.12656907244721
2715,RF,0.289,1986.0,1.12656907244721
501,RF,0.288,1988.0,1.1226709095667697
852,RF,0.288,1988.0,1.1226709095667697
1542,RF,0.288,1988.0,1.1226709095667697
1664,RF,0.288,1988.0,1.1226709095667697
2113,RF,0.288,1988.0,1.1226709095667697
1149,RF,0.287,1993.0,1.1187727466863295
1414,RF,0.287,1993.0,1.1187727466863295
1918,RF,0.287,1993.0,1.1187727466863295
2066,RF,0.287,1993.0,1.1187727466863295
2686,RF,0.287,1993.0,1.1187727466863295
563,RF,0.286,1998.0,1.1148745838058893
1156,RF,0.286,1998.0,1.1148745838058893
1253,RF,0.286,1998.0,1.1148745838058893
1432,RF,0.286,1998.0,1.1148745838058893
1540,RF,0.286,1998.0,1.1148745838058893
1628,RF,0.286,1998.0,1.1148745838058893
2051,RF,0.286,1998.0,1.1148745838058893
2081,RF,0.286,1998.0,1.1148745838058893
1061,RF,0.285,2006.0,1.1109764209254493
1278,RF,0.285,2006.0,1.1109764209254493
1633,RF,0.285,2006.0,1.1109764209254493
1898,RF,0.285,2006.0,1.1109764209254493
2235,RF,0.285,2006.0,1.1109764209254493
2398,RF,0.285,2006.0,1.1109764209254493
111,RF,0.284,2012.0,1.1070782580450091
393,RF,0.284,2012.0,1.1070782580450091
453,RF,0.284,2012.0,1.1070782580450091
519,RF,0.284,2012.0,1.1070782580450091
2424,RF,0.284,2012.0,1.1070782580450091
2496,RF,0.284,2012.0,1.1070782580450091
1042,RF,0.283,2018.0,1.103180095164569
1332,RF,0.283,2018.0,1.103180095164569
1600,RF,0.283,2018.0,1.103180095164569
2002,RF,0.283,2018.0,1.103180095164569
2217,RF,0.283,2018.0,1.103180095164569
2378,RF,0.283,2018.0,1.103180095164569
2611,RF,0.283,2018.0,1.103180095164569
435,RF,0.282,2025.0,1.0992819322841287
977,RF,0.282,2025.0,1.0992819322841287
147,RF,0.281,2027.0,1.0953837694036888
1832,RF,0.281,2027.0,1.0953837694036888
2350,RF,0.281,2027.0,1.0953837694036888
2409,RF,0.281,2027.0,1.0953837694036888
94,RF,0.28,2031.0,1.0914856065232486
615,RF,0.28,2031.0,1.0914856065232486
754,RF,0.28,2031.0,1.0914856065232486
1300,RF,0.28,2031.0,1.0914856065232486
2118,RF,0.28,2031.0,1.0914856065232486
2184,RF,0.28,2031.0,1.0914856065232486
2408,RF,0.28,2031.0,1.0914856065232486
2700,RF,0.28,2031.0,1.0914856065232486
2744,RF,0.28,2031.0,1.0914856065232486
80,RF,0.279,2040.0,1.0875874436428083
109,RF,0.279,2040.0,1.0875874436428083
347,RF,0.279,2040.0,1.0875874436428083
807,RF,0.279,2040.0,1.0875874436428083
2353,RF,0.279,2040.0,1.0875874436428083
2683,RF,0.279,2040.0,1.0875874436428083
363,RF,0.278,2046.0,1.0836892807623681
543,RF,0.278,2046.0,1.0836892807623681
915,RF,0.278,2046.0,1.0836892807623681
2592,RF,0.278,2046.0,1.0836892807623681
175,RF,0.277,2050.0,1.079791117881928
926,RF,0.277,2050.0,1.079791117881928
1055,RF,0.277,2050.0,1.079791117881928
1457,RF,0.277,2050.0,1.079791117881928
2171,RF,0.277,2050.0,1.079791117881928
2364,RF,0.277,2050.0,1.079791117881928
2459,RF,0.277,2050.0,1.079791117881928
113,RF,0.276,2057.0,1.075892955001488
1046,RF,0.276,2057.0,1.075892955001488
1564,RF,0.276,2057.0,1.075892955001488
1834,RF,0.276,2057.0,1.075892955001488
1896,RF,0.276,2057.0,1.075892955001488
2096,RF,0.276,2057.0,1.075892955001488
662,RF,0.275,2063.0,1.0719947921210478
1269,RF,0.275,2063.0,1.0719947921210478
1724,RF,0.275,2063.0,1.0719947921210478
1995,RF,0.275,2063.0,1.0719947921210478
247,RF,0.274,2067.0,1.0680966292406076
702,RF,0.274,2067.0,1.0680966292406076
1529,RF,0.274,2067.0,1.0680966292406076
1833,RF,0.274,2067.0,1.0680966292406076
2154,RF,0.274,2067.0,1.0680966292406076
2445,RF,0.274,2067.0,1.0680966292406076
691,RF,0.273,2073.0,1.0641984663601673
1034,RF,0.273,2073.0,1.0641984663601673
1556,RF,0.273,2073.0,1.0641984663601673
2503,RF,0.273,2073.0,1.0641984663601673
2761,RF,0.273,2073.0,1.0641984663601673
163,RF,0.272,2078.0,1.0603003034797271
385,RF,0.272,2078.0,1.0603003034797271
612,RF,0.272,2078.0,1.0603003034797271
1452,RF,0.272,2078.0,1.0603003034797271
1701,RF,0.272,2078.0,1.0603003034797271
2138,RF,0.272,2078.0,1.0603003034797271
8,RF,0.271,2084.0,1.056402140599287
2111,RF,0.271,2084.0,1.056402140599287
771,RF,0.27,2086.0,1.0525039777188467
1374,RF,0.27,2086.0,1.0525039777188467
1769,RF,0.27,2086.0,1.0525039777188467
2728,RF,0.27,2086.0,1.0525039777188467
395,RF,0.269,2090.0,1.0486058148384065
406,RF,0.269,2090.0,1.0486058148384065
994,RF,0.269,2090.0,1.0486058148384065
2268,RF,0.269,2090.0,1.0486058148384065
21,RF,0.268,2094.0,1.0447076519579666
423,RF,0.268,2094.0,1.0447076519579666
119,RF,0.267,2096.0,1.0408094890775264
468,RF,0.267,2096.0,1.0408094890775264
820,RF,0.267,2096.0,1.0408094890775264
1308,RF,0.267,2096.0,1.0408094890775264
2720,RF,0.267,2096.0,1.0408094890775264
591,RF,0.266,2101.0,1.0369113261970861
801,RF,0.266,2101.0,1.0369113261970861
77,RF,0.265,2103.0,1.033013163316646
597,RF,0.265,2103.0,1.033013163316646
1092,RF,0.265,2103.0,1.033013163316646
1809,RF,0.265,2103.0,1.033013163316646
2375,RF,0.265,2103.0,1.033013163316646
216,RF,0.264,2108.0,1.0291150004362057
1983,RF,0.264,2108.0,1.0291150004362057
2123,RF,0.264,2108.0,1.0291150004362057
673,RF,0.263,2111.0,1.0252168375557655
1668,RF,0.263,2111.0,1.0252168375557655
412,RF,0.262,2113.0,1.0213186746753253
1241,RF,0.262,2113.0,1.0213186746753253
1309,RF,0.262,2113.0,1.0213186746753253
1592,RF,0.262,2113.0,1.0213186746753253
2402,RF,0.262,2113.0,1.0213186746753253
271,RF,0.261,2118.0,1.0174205117948851
2357,RF,0.261,2118.0,1.0174205117948851
466,RF,0.26,2120.0,1.0135223489144451
524,RF,0.26,2120.0,1.0135223489144451
1396,RF,0.26,2120.0,1.0135223489144451
1880,RF,0.26,2120.0,1.0135223489144451
1015,RF,0.259,2124.0,1.009624186034005
1138,RF,0.259,2124.0,1.009624186034005
1605,RF,0.259,2124.0,1.009624186034005
1844,RF,0.259,2124.0,1.009624186034005
770,RF,0.258,2128.0,1.0057260231535647
1065,RF,0.258,2128.0,1.0057260231535647
2395,RF,0.258,2128.0,1.0057260231535647
2706,RF,0.258,2128.0,1.0057260231535647
1770,RF,0.257,2132.0,1.0018278602731245
1813,RF,0.257,2132.0,1.0018278602731245
2083,RF,0.257,2132.0,1.0018278602731245
2381,RF,0.255,2135.0,0.9940315345122441
2636,RF,0.255,2135.0,0.9940315345122441
1319,RF,0.254,2137.0,0.990133371631804
2545,RF,0.254,2137.0,0.990133371631804
68,RF,0.253,2139.0,0.9862352087513638
572,RF,0.253,2139.0,0.9862352087513638
2236,RF,0.253,2139.0,0.9862352087513638
2631,RF,0.253,2139.0,0.9862352087513638
953,RF,0.252,2143.0,0.9823370458709236
1755,RF,0.252,2143.0,0.9823370458709236
2620,RF,0.252,2143.0,0.9823370458709236
2726,RF,0.252,2143.0,0.9823370458709236
161,RF,0.251,2147.0,0.9784388829904834
1288,RF,0.251,2147.0,0.9784388829904834
2491,RF,0.251,2147.0,0.9784388829904834
2572,RF,0.251,2147.0,0.9784388829904834
386,RF,0.25,2151.0,0.9745407201100433
1464,RF,0.25,2151.0,0.9745407201100433
1620,RF,0.25,2151.0,0.9745407201100433
2182,RF,0.249,2154.0,0.9706425572296031
2421,RF,0.249,2154.0,0.9706425572296031
217,RF,0.248,2156.0,0.9667443943491629
268,RF,0.248,2156.0,0.9667443943491629
2407,RF,0.248,2156.0,0.9667443943491629
1213,RF,0.247,2159.0,0.9628462314687227
682,RF,0.246,2160.0,0.9589480685882826
737,RF,0.246,2160.0,0.9589480685882826
2668,RF,0.246,2160.0,0.9589480685882826
301,RF,0.245,2163.0,0.9550499057078424
532,RF,0.245,2163.0,0.9550499057078424
1230,RF,0.245,2163.0,0.9550499057078424
717,RF,0.244,2166.0,0.9511517428274022
1495,RF,0.244,2166.0,0.9511517428274022
1497,RF,0.244,2166.0,0.9511517428274022
1975,RF,0.244,2166.0,0.9511517428274022
116,RF,0.243,2170.0,0.947253579946962
777,RF,0.243,2170.0,0.947253579946962
1168,RF,0.243,2170.0,0.947253579946962
1552,RF,0.243,2170.0,0.947253579946962
699,RF,0.242,2174.0,0.9433554170665218
799,RF,0.242,2174.0,0.9433554170665218
1547,RF,0.242,2174.0,0.9433554170665218
2427,RF,0.242,2174.0,0.9433554170665218
600,RF,0.241,2178.0,0.9394572541860817
2721,RF,0.241,2178.0,0.9394572541860817
704,RF,0.24,2180.0,0.9355590913056415
831,RF,0.24,2180.0,0.9355590913056415
980,RF,0.24,2180.0,0.9355590913056415
1130,RF,0.24,2180.0,0.9355590913056415
1290,RF,0.24,2180.0,0.9355590913056415
2569,RF,0.24,2180.0,0.9355590913056415
118,RF,0.239,2186.0,0.9316609284252013
326,RF,0.239,2186.0,0.9316609284252013
677,RF,0.239,2186.0,0.9316609284252013
1387,RF,0.239,2186.0,0.9316609284252013
1882,RF,0.239,2186.0,0.9316609284252013
2472,RF,0.239,2186.0,0.9316609284252013
804,RF,0.237,2192.0,0.923864602664321
817,RF,0.237,2192.0,0.923864602664321
2035,RF,0.237,2192.0,0.923864602664321
2124,RF,0.237,2192.0,0.923864602664321
2144,RF,0.237,2192.0,0.923864602664321
2215,RF,0.237,2192.0,0.923864602664321
2322,RF,0.237,2192.0,0.923864602664321
269,RF,0.236,2199.0,0.9199664397838808
462,RF,0.236,2199.0,0.9199664397838808
1507,RF,0.236,2199.0,0.9199664397838808
436,RF,0.235,2202.0,0.9160682769034406
50,RF,0.234,2203.0,0.9121701140230005
715,RF,0.234,2203.0,0.9121701140230005
1180,RF,0.234,2203.0,0.9121701140230005
327,RF,0.233,2206.0,0.9082719511425604
711,RF,0.232,2207.0,0.9043737882621202
866,RF,0.232,2207.0,0.9043737882621202
2548,RF,0.232,2207.0,0.9043737882621202
989,RF,0.231,2210.0,0.90047562538168
1751,RF,0.23,2211.0,0.8965774625012398
1795,RF,0.229,2212.0,0.8926792996207997
1868,RF,0.229,2212.0,0.8926792996207997
123,RF,0.228,2214.0,0.8887811367403595
605,RF,0.228,2214.0,0.8887811367403595
1103,RF,0.228,2214.0,0.8887811367403595
2565,RF,0.228,2214.0,0.8887811367403595
1127,RF,0.227,2218.0,0.8848829738599193
1284,RF,0.227,2218.0,0.8848829738599193
1072,RF,0.226,2220.0,0.8809848109794791
1449,RF,0.226,2220.0,0.8809848109794791
2510,RF,0.226,2220.0,0.8809848109794791
49,RF,0.225,2223.0,0.877086648099039
296,RF,0.225,2223.0,0.877086648099039
881,RF,0.225,2223.0,0.877086648099039
1087,RF,0.225,2223.0,0.877086648099039
1273,RF,0.225,2223.0,0.877086648099039
1346,RF,0.225,2223.0,0.877086648099039
2681,RF,0.225,2223.0,0.877086648099039
2712,RF,0.225,2223.0,0.877086648099039
808,RF,0.224,2231.0,0.8731884852185988
498,RF,0.223,2232.0,0.8692903223381586
73,RF,0.222,2233.0,0.8653921594577184
332,RF,0.222,2233.0,0.8653921594577184
813,RF,0.222,2233.0,0.8653921594577184
1435,RF,0.222,2233.0,0.8653921594577184
2015,RF,0.222,2233.0,0.8653921594577184
2516,RF,0.222,2233.0,0.8653921594577184
432,RF,0.221,2239.0,0.8614939965772783
1131,RF,0.221,2239.0,0.8614939965772783
2031,RF,0.221,2239.0,0.8614939965772783
2166,RF,0.221,2239.0,0.8614939965772783
2396,RF,0.221,2239.0,0.8614939965772783
2428,RF,0.221,2239.0,0.8614939965772783
639,RF,0.22,2245.0,0.8575958336968381
1235,RF,0.22,2245.0,0.8575958336968381
2549,RF,0.22,2245.0,0.8575958336968381
133,RF,0.219,2248.0,0.8536976708163979
359,RF,0.219,2248.0,0.8536976708163979
829,RF,0.219,2248.0,0.8536976708163979
1589,RF,0.219,2248.0,0.8536976708163979
1820,RF,0.219,2248.0,0.8536976708163979
2142,RF,0.219,2248.0,0.8536976708163979
356,RF,0.218,2254.0,0.8497995079359577
1366,RF,0.218,2254.0,0.8497995079359577
1831,RF,0.218,2254.0,0.8497995079359577
1857,RF,0.218,2254.0,0.8497995079359577
783,RF,0.217,2258.0,0.8459013450555176
1259,RF,0.217,2258.0,0.8459013450555176
537,RF,0.216,2260.0,0.8420031821750774
987,RF,0.216,2260.0,0.8420031821750774
1878,RF,0.216,2260.0,0.8420031821750774
1774,RF,0.215,2263.0,0.8381050192946372
399,RF,0.214,2264.0,0.834206856414197
421,RF,0.214,2264.0,0.834206856414197
1886,RF,0.214,2264.0,0.834206856414197
842,RF,0.213,2267.0,0.8303086935337568
1434,RF,0.213,2267.0,0.8303086935337568
1675,RF,0.213,2267.0,0.8303086935337568
2729,RF,0.213,2267.0,0.8303086935337568
2186,RF,0.212,2271.0,0.8264105306533167
2324,RF,0.212,2271.0,0.8264105306533167
1683,RF,0.211,2273.0,0.8225123677728765
2042,RF,0.21,2274.0,0.8186142048924363
2655,RF,0.21,2274.0,0.8186142048924363
2711,RF,0.21,2274.0,0.8186142048924363
999,RF,0.209,2277.0,0.8147160420119961
2342,RF,0.209,2277.0,0.8147160420119961
644,RF,0.208,2279.0,0.810817879131556
1602,RF,0.208,2279.0,0.810817879131556
2050,RF,0.208,2279.0,0.810817879131556
2061,RF,0.208,2279.0,0.810817879131556
1057,RF,0.207,2283.0,0.8069197162511158
1133,RF,0.207,2283.0,0.8069197162511158
2642,RF,0.207,2283.0,0.8069197162511158
30,RF,0.206,2286.0,0.8030215533706756
139,RF,0.206,2286.0,0.8030215533706756
1022,RF,0.206,2286.0,0.8030215533706756
1091,RF,0.206,2286.0,0.8030215533706756
1516,RF,0.206,2286.0,0.8030215533706756
1557,RF,0.206,2286.0,0.8030215533706756
2426,RF,0.206,2286.0,0.8030215533706756
2687,RF,0.206,2286.0,0.8030215533706756
542,RF,0.205,2294.0,0.7991233904902354
1426,RF,0.205,2294.0,0.7991233904902354
1588,RF,0.205,2294.0,0.7991233904902354
2127,RF,0.205,2294.0,0.7991233904902354
2288,RF,0.205,2294.0,0.7991233904902354
2573,RF,0.205,2294.0,0.7991233904902354
2641,RF,0.205,2294.0,0.7991233904902354
2693,RF,0.205,2294.0,0.7991233904902354
232,RF,0.204,2302.0,0.7952252276097953
517,RF,0.204,2302.0,0.7952252276097953
576,RF,0.204,2302.0,0.7952252276097953
1988,RF,0.204,2302.0,0.7952252276097953
2276,RF,0.204,2302.0,0.7952252276097953
2362,RF,0.204,2302.0,0.7952252276097953
643,RF,0.203,2308.0,0.7913270647293552
1723,RF,0.203,2308.0,0.7913270647293552
2244,RF,0.203,2308.0,0.7913270647293552
592,RF,0.202,2311.0,0.787428901848915
2129,RF,0.202,2311.0,0.787428901848915
1265,RF,0.201,2313.0,0.7835307389684748
1911,RF,0.201,2313.0,0.7835307389684748
2625,RF,0.201,2313.0,0.7835307389684748
678,RF,0.2,2316.0,0.7796325760880347
1186,RF,0.2,2316.0,0.7796325760880347
2032,RF,0.2,2316.0,0.7796325760880347
71,RF,0.199,2319.0,0.7757344132075945
1110,RF,0.199,2319.0,0.7757344132075945
1505,RF,0.199,2319.0,0.7757344132075945
2040,RF,0.199,2319.0,0.7757344132075945
461,RF,0.198,2323.0,0.7718362503271543
1386,RF,0.198,2323.0,0.7718362503271543
2312,RF,0.198,2323.0,0.7718362503271543
2377,RF,0.198,2323.0,0.7718362503271543
2383,RF,0.198,2323.0,0.7718362503271543
2669,RF,0.198,2323.0,0.7718362503271543
681,RF,0.197,2329.0,0.7679380874467141
1370,RF,0.197,2329.0,0.7679380874467141
1851,RF,0.197,2329.0,0.7679380874467141
1947,RF,0.197,2329.0,0.7679380874467141
275,RF,0.196,2333.0,0.764039924566274
92,RF,0.195,2334.0,0.7601417616858338
571,RF,0.195,2334.0,0.7601417616858338
983,RF,0.195,2334.0,0.7601417616858338
1132,RF,0.195,2334.0,0.7601417616858338
1222,RF,0.195,2334.0,0.7601417616858338
1365,RF,0.195,2334.0,0.7601417616858338
1508,RF,0.195,2334.0,0.7601417616858338
1836,RF,0.195,2334.0,0.7601417616858338
1496,RF,0.194,2342.0,0.7562435988053936
2423,RF,0.194,2342.0,0.7562435988053936
1509,RF,0.193,2344.0,0.7523454359249534
1709,RF,0.193,2344.0,0.7523454359249534
2139,RF,0.193,2344.0,0.7523454359249534
2558,RF,0.193,2344.0,0.7523454359249534
760,RF,0.192,2348.0,0.7484472730445133
828,RF,0.192,2348.0,0.7484472730445133
1060,RF,0.192,2348.0,0.7484472730445133
1785,RF,0.192,2348.0,0.7484472730445133
16,RF,0.191,2352.0,0.7445491101640731
440,RF,0.191,2352.0,0.7445491101640731
2196,RF,0.191,2352.0,0.7445491101640731
2652,RF,0.191,2352.0,0.7445491101640731
152,RF,0.19,2356.0,0.7406509472836329
374,RF,0.19,2356.0,0.7406509472836329
789,RF,0.19,2356.0,0.7406509472836329
1196,RF,0.19,2356.0,0.7406509472836329
2112,RF,0.19,2356.0,0.7406509472836329
2647,RF,0.19,2356.0,0.7406509472836329
383,RF,0.189,2362.0,0.7367527844031927
1797,RF,0.189,2362.0,0.7367527844031927
2513,RF,0.189,2362.0,0.7367527844031927
2626,RF,0.189,2362.0,0.7367527844031927
3,RF,0.188,2366.0,0.7328546215227526
764,RF,0.188,2366.0,0.7328546215227526
1336,RF,0.188,2366.0,0.7328546215227526
1987,RF,0.188,2366.0,0.7328546215227526
1703,RF,0.187,2370.0,0.7289564586423124
1926,RF,0.187,2370.0,0.7289564586423124
680,RF,0.186,2372.0,0.7250582957618722
1887,RF,0.186,2372.0,0.7250582957618722
239,RF,0.185,2374.0,0.721160132881432
1424,RF,0.185,2374.0,0.721160132881432
2328,RF,0.185,2374.0,0.721160132881432
231,RF,0.184,2377.0,0.7172619700009918
1006,RF,0.184,2377.0,0.7172619700009918
1294,RF,0.184,2377.0,0.7172619700009918
2751,RF,0.184,2377.0,0.7172619700009918
309,RF,0.183,2381.0,0.7133638071205517
446,RF,0.183,2381.0,0.7133638071205517
620,RF,0.183,2381.0,0.7133638071205517
2747,RF,0.183,2381.0,0.7133638071205517
1049,RF,0.182,2385.0,0.7094656442401115
1207,RF,0.182,2385.0,0.7094656442401115
1626,RF,0.182,2385.0,0.7094656442401115
198,RF,0.181,2388.0,0.7055674813596713
430,RF,0.181,2388.0,0.7055674813596713
2086,RF,0.181,2388.0,0.7055674813596713
931,RF,0.18,2391.0,0.7016693184792311
1077,RF,0.18,2391.0,0.7016693184792311
2107,RF,0.18,2391.0,0.7016693184792311
2379,RF,0.18,2391.0,0.7016693184792311
182,RF,0.179,2395.0,0.697771155598791
200,RF,0.179,2395.0,0.697771155598791
736,RF,0.179,2395.0,0.697771155598791
1175,RF,0.179,2395.0,0.697771155598791
1850,RF,0.179,2395.0,0.697771155598791
1865,RF,0.179,2395.0,0.697771155598791
2331,RF,0.179,2395.0,0.697771155598791
2482,RF,0.179,2395.0,0.697771155598791
475,RF,0.178,2403.0,0.6938729927183508
2414,RF,0.178,2403.0,0.6938729927183508
2777,RF,0.178,2403.0,0.6938729927183508
480,RF,0.177,2406.0,0.6899748298379106
724,RF,0.177,2406.0,0.6899748298379106
731,RF,0.177,2406.0,0.6899748298379106
1003,RF,0.177,2406.0,0.6899748298379106
1327,RF,0.177,2406.0,0.6899748298379106
2730,RF,0.177,2406.0,0.6899748298379106
642,RF,0.176,2412.0,0.6860766669574704
1515,RF,0.176,2412.0,0.6860766669574704
1615,RF,0.176,2412.0,0.6860766669574704
1757,RF,0.176,2412.0,0.6860766669574704
2143,RF,0.176,2412.0,0.6860766669574704
48,RF,0.175,2417.0,0.6821785040770303
106,RF,0.175,2417.0,0.6821785040770303
1024,RF,0.175,2417.0,0.6821785040770303
1331,RF,0.174,2420.0,0.6782803411965901
1461,RF,0.174,2420.0,0.6782803411965901
1595,RF,0.174,2420.0,0.6782803411965901
2176,RF,0.174,2420.0,0.6782803411965901
284,RF,0.173,2424.0,0.6743821783161499
880,RF,0.173,2424.0,0.6743821783161499
1071,RF,0.173,2424.0,0.6743821783161499
158,RF,0.172,2427.0,0.6704840154357097
1889,RF,0.172,2427.0,0.6704840154357097
2349,RF,0.172,2427.0,0.6704840154357097
2449,RF,0.172,2427.0,0.6704840154357097
5,RF,0.171,2431.0,0.6665858525552697
63,RF,0.171,2431.0,0.6665858525552697
14,RF,0.17,2433.0,0.6626876896748295
2071,RF,0.17,2433.0,0.6626876896748295
2239,RF,0.17,2433.0,0.6626876896748295
2521,RF,0.17,2433.0,0.6626876896748295
2596,RF,0.17,2433.0,0.6626876896748295
875,RF,0.169,2438.0,0.6587895267943893
1236,RF,0.169,2438.0,0.6587895267943893
1840,RF,0.169,2438.0,0.6587895267943893
290,RF,0.168,2441.0,0.6548913639139491
317,RF,0.168,2441.0,0.6548913639139491
1086,RF,0.168,2441.0,0.6548913639139491
1099,RF,0.168,2441.0,0.6548913639139491
1289,RF,0.168,2441.0,0.6548913639139491
1463,RF,0.168,2441.0,0.6548913639139491
1471,RF,0.168,2441.0,0.6548913639139491
1848,RF,0.168,2441.0,0.6548913639139491
190,RF,0.167,2449.0,0.650993201033509
354,RF,0.167,2449.0,0.650993201033509
1216,RF,0.167,2449.0,0.650993201033509
687,RF,0.166,2452.0,0.6470950381530688
2534,RF,0.166,2452.0,0.6470950381530688
242,RF,0.165,2454.0,0.6431968752726286
368,RF,0.165,2454.0,0.6431968752726286
510,RF,0.165,2454.0,0.6431968752726286
1504,RF,0.165,2454.0,0.6431968752726286
1765,RF,0.165,2454.0,0.6431968752726286
1553,RF,0.164,2459.0,0.6392987123921884
1870,RF,0.164,2459.0,0.6392987123921884
2303,RF,0.164,2459.0,0.6392987123921884
2385,RF,0.164,2459.0,0.6392987123921884
87,RF,0.163,2463.0,0.6354005495117483
1262,RF,0.163,2463.0,0.6354005495117483
2219,RF,0.163,2463.0,0.6354005495117483
2271,RF,0.163,2463.0,0.6354005495117483
299,RF,0.162,2467.0,0.6315023866313081
1227,RF,0.162,2467.0,0.6315023866313081
1228,RF,0.162,2467.0,0.6315023866313081
1801,RF,0.162,2467.0,0.6315023866313081
1191,RF,0.161,2471.0,0.6276042237508679
1357,RF,0.161,2471.0,0.6276042237508679
2707,RF,0.161,2471.0,0.6276042237508679
36,RF,0.16,2474.0,0.6237060608704277
910,RF,0.16,2474.0,0.6237060608704277
1718,RF,0.16,2474.0,0.6237060608704277
2308,RF,0.16,2474.0,0.6237060608704277
136,RF,0.159,2478.0,0.6198078979899876
361,RF,0.159,2478.0,0.6198078979899876
2190,RF,0.159,2478.0,0.6198078979899876
2493,RF,0.159,2478.0,0.6198078979899876
2559,RF,0.159,2478.0,0.6198078979899876
2579,RF,0.159,2478.0,0.6198078979899876
929,RF,0.158,2484.0,0.6159097351095474
1335,RF,0.158,2484.0,0.6159097351095474
1362,RF,0.158,2484.0,0.6159097351095474
2465,RF,0.158,2484.0,0.6159097351095474
2738,RF,0.158,2484.0,0.6159097351095474
584,RF,0.157,2489.0,0.6120115722291072
641,RF,0.157,2489.0,0.6120115722291072
1177,RF,0.157,2489.0,0.6120115722291072
2502,RF,0.157,2489.0,0.6120115722291072
550,RF,0.156,2493.0,0.608113409348667
648,RF,0.156,2493.0,0.608113409348667
984,RF,0.156,2493.0,0.608113409348667
1376,RF,0.156,2493.0,0.608113409348667
1446,RF,0.156,2493.0,0.608113409348667
1812,RF,0.156,2493.0,0.608113409348667
1827,RF,0.156,2493.0,0.608113409348667
2155,RF,0.156,2493.0,0.608113409348667
2340,RF,0.156,2493.0,0.608113409348667
2197,RF,0.155,2502.0,0.6042152464682269
2207,RF,0.155,2502.0,0.6042152464682269
2267,RF,0.155,2502.0,0.6042152464682269
448,RF,0.154,2505.0,0.6003170835877867
465,RF,0.154,2505.0,0.6003170835877867
1561,RF,0.154,2505.0,0.6003170835877867
2498,RF,0.154,2505.0,0.6003170835877867
651,RF,0.153,2509.0,0.5964189207073465
887,RF,0.153,2509.0,0.5964189207073465
1282,RF,0.153,2509.0,0.5964189207073465
1573,RF,0.153,2509.0,0.5964189207073465
1641,RF,0.153,2509.0,0.5964189207073465
103,RF,0.152,2514.0,0.5925207578269063
1823,RF,0.152,2514.0,0.5925207578269063
2550,RF,0.152,2514.0,0.5925207578269063
1256,RF,0.151,2517.0,0.5886225949464661
1498,RF,0.151,2517.0,0.5886225949464661
1671,RF,0.151,2517.0,0.5886225949464661
2317,RF,0.151,2517.0,0.5886225949464661
2671,RF,0.151,2517.0,0.5886225949464661
13,RF,0.15,2522.0,0.584724432066026
652,RF,0.15,2522.0,0.584724432066026
882,RF,0.149,2524.0,0.5808262691855858
1991,RF,0.149,2524.0,0.5808262691855858
2009,RF,0.149,2524.0,0.5808262691855858
2272,RF,0.149,2524.0,0.5808262691855858
2285,RF,0.148,2528.0,0.5769281063051456
2046,RF,0.147,2529.0,0.5730299434247054
2577,RF,0.147,2529.0,0.5730299434247054
2694,RF,0.147,2529.0,0.5730299434247054
2772,RF,0.147,2529.0,0.5730299434247054
28,RF,0.146,2533.0,0.5691317805442653
252,RF,0.146,2533.0,0.5691317805442653
894,RF,0.146,2533.0,0.5691317805442653
1287,RF,0.146,2533.0,0.5691317805442653
1928,RF,0.146,2533.0,0.5691317805442653
2520,RF,0.146,2533.0,0.5691317805442653
273,RF,0.145,2539.0,0.5652336176638251
604,RF,0.145,2539.0,0.5652336176638251
1000,RF,0.145,2539.0,0.5652336176638251
1632,RF,0.145,2539.0,0.5652336176638251
1741,RF,0.145,2539.0,0.5652336176638251
1936,RF,0.145,2539.0,0.5652336176638251
2094,RF,0.145,2539.0,0.5652336176638251
140,RF,0.144,2546.0,0.5613354547833849
329,RF,0.144,2546.0,0.5613354547833849
331,RF,0.144,2546.0,0.5613354547833849
1732,RF,0.144,2546.0,0.5613354547833849
1737,RF,0.144,2546.0,0.5613354547833849
949,RF,0.143,2551.0,0.5574372919029447
1054,RF,0.143,2551.0,0.5574372919029447
1234,RF,0.143,2551.0,0.5574372919029447
375,RF,0.142,2554.0,0.5535391290225046
579,RF,0.142,2554.0,0.5535391290225046
854,RF,0.142,2554.0,0.5535391290225046
1687,RF,0.142,2554.0,0.5535391290225046
2433,RF,0.142,2554.0,0.5535391290225046
1232,RF,0.141,2559.0,0.5496409661420644
1624,RF,0.141,2559.0,0.5496409661420644
2270,RF,0.141,2559.0,0.5496409661420644
2280,RF,0.141,2559.0,0.5496409661420644
558,RF,0.14,2563.0,0.5457428032616243
870,RF,0.14,2563.0,0.5457428032616243
1487,RF,0.14,2563.0,0.5457428032616243
1804,RF,0.14,2563.0,0.5457428032616243
1941,RF,0.14,2563.0,0.5457428032616243
207,RF,0.139,2568.0,0.5418446403811841
796,RF,0.139,2568.0,0.5418446403811841
912,RF,0.139,2568.0,0.5418446403811841
930,RF,0.139,2568.0,0.5418446403811841
2101,RF,0.139,2568.0,0.5418446403811841
2310,RF,0.139,2568.0,0.5418446403811841
191,RF,0.138,2574.0,0.537946477500744
751,RF,0.138,2574.0,0.537946477500744
1760,RF,0.138,2574.0,0.537946477500744
2,RF,0.137,2577.0,0.5340483146203038
2563,RF,0.137,2577.0,0.5340483146203038
54,RF,0.136,2579.0,0.5301501517398636
274,RF,0.136,2579.0,0.5301501517398636
993,RF,0.136,2579.0,0.5301501517398636
1465,RF,0.135,2582.0,0.5262519888594234
1603,RF,0.135,2582.0,0.5262519888594234
1842,RF,0.135,2582.0,0.5262519888594234
72,RF,0.134,2585.0,0.5223538259789833
83,RF,0.134,2585.0,0.5223538259789833
520,RF,0.134,2585.0,0.5223538259789833
936,RF,0.134,2585.0,0.5223538259789833
941,RF,0.134,2585.0,0.5223538259789833
1002,RF,0.134,2585.0,0.5223538259789833
1598,RF,0.134,2585.0,0.5223538259789833
2072,RF,0.134,2585.0,0.5223538259789833
254,RF,0.133,2593.0,0.5184556630985431
315,RF,0.133,2593.0,0.5184556630985431
793,RF,0.133,2593.0,0.5184556630985431
1381,RF,0.133,2593.0,0.5184556630985431
313,RF,0.132,2597.0,0.5145575002181029
985,RF,0.132,2597.0,0.5145575002181029
1134,RF,0.132,2597.0,0.5145575002181029
1307,RF,0.132,2597.0,0.5145575002181029
1636,RF,0.132,2597.0,0.5145575002181029
2438,RF,0.132,2597.0,0.5145575002181029
2606,RF,0.132,2597.0,0.5145575002181029
663,RF,0.131,2604.0,0.5106593373376627
982,RF,0.131,2604.0,0.5106593373376627
1095,RF,0.131,2604.0,0.5106593373376627
1676,RF,0.131,2604.0,0.5106593373376627
1901,RF,0.131,2604.0,0.5106593373376627
2109,RF,0.131,2604.0,0.5106593373376627
2589,RF,0.131,2604.0,0.5106593373376627
2663,RF,0.131,2604.0,0.5106593373376627
848,RF,0.13,2612.0,0.5067611744572226
1617,RF,0.13,2612.0,0.5067611744572226
1810,RF,0.13,2612.0,0.5067611744572226
2492,RF,0.13,2612.0,0.5067611744572226
1162,RF,0.129,2616.0,0.5028630115767824
1525,RF,0.129,2616.0,0.5028630115767824
2343,RF,0.129,2616.0,0.5028630115767824
2417,RF,0.129,2616.0,0.5028630115767824
2603,RF,0.129,2616.0,0.5028630115767824
108,RF,0.128,2621.0,0.49896484869634217
121,RF,0.128,2621.0,0.49896484869634217
838,RF,0.128,2621.0,0.49896484869634217
841,RF,0.128,2621.0,0.49896484869634217
932,RF,0.128,2621.0,0.49896484869634217
939,RF,0.128,2621.0,0.49896484869634217
1714,RF,0.128,2621.0,0.49896484869634217
2208,RF,0.128,2621.0,0.49896484869634217
2664,RF,0.128,2621.0,0.49896484869634217
551,RF,0.127,2630.0,0.495066685815902
595,RF,0.127,2630.0,0.495066685815902
1916,RF,0.127,2630.0,0.495066685815902
2011,RF,0.127,2630.0,0.495066685815902
2165,RF,0.127,2630.0,0.495066685815902
479,RF,0.126,2635.0,0.4911685229354618
1206,RF,0.126,2635.0,0.4911685229354618
1245,RF,0.126,2635.0,0.4911685229354618
1322,RF,0.126,2635.0,0.4911685229354618
1821,RF,0.126,2635.0,0.4911685229354618
2478,RF,0.126,2635.0,0.4911685229354618
2557,RF,0.126,2635.0,0.4911685229354618
181,RF,0.125,2642.0,0.48727036005502167
1373,RF,0.124,2643.0,0.48337219717458146
1485,RF,0.124,2643.0,0.48337219717458146
1527,RF,0.124,2643.0,0.48337219717458146
2202,RF,0.124,2643.0,0.48337219717458146
215,RF,0.123,2647.0,0.4794740342941413
692,RF,0.123,2647.0,0.4794740342941413
1058,RF,0.123,2647.0,0.4794740342941413
1249,RF,0.123,2647.0,0.4794740342941413
2095,RF,0.123,2647.0,0.4794740342941413
2192,RF,0.123,2647.0,0.4794740342941413
2352,RF,0.123,2647.0,0.4794740342941413
2429,RF,0.123,2647.0,0.4794740342941413
2555,RF,0.123,2647.0,0.4794740342941413
20,RF,0.122,2656.0,0.4755758714137011
120,RF,0.122,2656.0,0.4755758714137011
243,RF,0.122,2656.0,0.4755758714137011
1075,RF,0.122,2656.0,0.4755758714137011
1735,RF,0.122,2656.0,0.4755758714137011
2134,RF,0.122,2656.0,0.4755758714137011
2753,RF,0.122,2656.0,0.4755758714137011
2768,RF,0.122,2656.0,0.4755758714137011
693,RF,0.121,2664.0,0.4716777085332609
1398,RF,0.121,2664.0,0.4716777085332609
1679,RF,0.121,2664.0,0.4716777085332609
1750,RF,0.121,2664.0,0.4716777085332609
1915,RF,0.121,2664.0,0.4716777085332609
285,RF,0.12,2669.0,0.46777954565282076
631,RF,0.12,2669.0,0.46777954565282076
903,RF,0.12,2669.0,0.46777954565282076
1030,RF,0.12,2669.0,0.46777954565282076
1638,RF,0.12,2669.0,0.46777954565282076
336,RF,0.119,2674.0,0.46388138277238056
380,RF,0.119,2674.0,0.46388138277238056
723,RF,0.119,2674.0,0.46388138277238056
992,RF,0.119,2674.0,0.46388138277238056
884,RF,0.118,2678.0,0.4599832198919404
1299,RF,0.118,2678.0,0.4599832198919404
2336,RF,0.118,2678.0,0.4599832198919404
88,RF,0.117,2681.0,0.45608505701150026
1379,RF,0.117,2681.0,0.45608505701150026
1816,RF,0.117,2681.0,0.45608505701150026
2283,RF,0.117,2681.0,0.45608505701150026
2382,RF,0.117,2681.0,0.45608505701150026
627,RF,0.116,2686.0,0.4521868941310601
1161,RF,0.116,2686.0,0.4521868941310601
1410,RF,0.116,2686.0,0.4521868941310601
2732,RF,0.116,2686.0,0.4521868941310601
504,RF,0.115,2690.0,0.4482887312506199
1429,RF,0.115,2690.0,0.4482887312506199
1667,RF,0.115,2690.0,0.4482887312506199
779,RF,0.114,2693.0,0.44439056837017976
1578,RF,0.114,2693.0,0.44439056837017976
1619,RF,0.114,2693.0,0.44439056837017976
2064,RF,0.114,2693.0,0.44439056837017976
2304,RF,0.114,2693.0,0.44439056837017976
720,RF,0.113,2698.0,0.44049240548973956
802,RF,0.113,2698.0,0.44049240548973956
1036,RF,0.113,2698.0,0.44049240548973956
1063,RF,0.113,2698.0,0.44049240548973956
1187,RF,0.113,2698.0,0.44049240548973956
1745,RF,0.113,2698.0,0.44049240548973956
2345,RF,0.113,2698.0,0.44049240548973956
134,RF,0.112,2705.0,0.4365942426092994
472,RF,0.112,2705.0,0.4365942426092994
2193,RF,0.112,2705.0,0.4365942426092994
2666,RF,0.112,2705.0,0.4365942426092994
1902,RF,0.111,2709.0,0.4326960797288592
1984,RF,0.111,2709.0,0.4326960797288592
2535,RF,0.111,2709.0,0.4326960797288592
515,RF,0.11,2712.0,0.42879791684841906
614,RF,0.11,2712.0,0.42879791684841906
1198,RF,0.11,2712.0,0.42879791684841906
2653,RF,0.11,2712.0,0.42879791684841906
1324,RF,0.109,2716.0,0.42489975396797885
1479,RF,0.109,2716.0,0.42489975396797885
1726,RF,0.109,2716.0,0.42489975396797885
2126,RF,0.109,2716.0,0.42489975396797885
2560,RF,0.109,2716.0,0.42489975396797885
1520,RF,0.108,2721.0,0.4210015910875387
2499,RF,0.108,2721.0,0.4210015910875387
2645,RF,0.108,2721.0,0.4210015910875387
154,RF,0.107,2724.0,0.4171034282070985
1038,RF,0.106,2725.0,0.41320526532665836
1104,RF,0.106,2725.0,0.41320526532665836
291,RF,0.105,2727.0,0.40930710244621815
1310,RF,0.104,2728.0,0.405408939565778
1917,RF,0.104,2728.0,0.405408939565778
322,RF,0.103,2730.0,0.4015107766853378
791,RF,0.103,2730.0,0.4015107766853378
921,RF,0.103,2730.0,0.4015107766853378
948,RF,0.101,2733.0,0.3937144509244575
1016,RF,0.101,2733.0,0.3937144509244575
1350,RF,0.101,2733.0,0.3937144509244575
2734,RF,0.101,2733.0,0.3937144509244575
1713,RF,0.1,2737.0,0.38981628804401736
1906,RF,0.1,2737.0,0.38981628804401736
2413,RF,0.1,2737.0,0.38981628804401736
2121,RF,0.099,2740.0,0.38591812516357715
2297,RF,0.099,2740.0,0.38591812516357715
2685,RF,0.099,2740.0,0.38591812516357715
67,RF,0.098,2743.0,0.382019962283137
1064,RF,0.098,2743.0,0.382019962283137
1727,RF,0.098,2743.0,0.382019962283137
1859,RF,0.098,2743.0,0.382019962283137
2500,RF,0.097,2747.0,0.3781217994026968
1399,RF,0.096,2748.0,0.37422363652225665
1817,RF,0.096,2748.0,0.37422363652225665
2263,RF,0.096,2748.0,0.37422363652225665
434,RF,0.095,2751.0,0.37032547364181645
439,RF,0.095,2751.0,0.37032547364181645
726,RF,0.095,2751.0,0.37032547364181645
1348,RF,0.095,2751.0,0.37032547364181645
2587,RF,0.095,2751.0,0.37032547364181645
868,RF,0.094,2756.0,0.3664273107613763
2146,RF,0.094,2756.0,0.3664273107613763
2604,RF,0.094,2756.0,0.3664273107613763
919,RF,0.093,2759.0,0.3625291478809361
1159,RF,0.093,2759.0,0.3625291478809361
2477,RF,0.092,2761.0,0.3586309850004959
928,RF,0.09,2762.0,0.35083465923961554
2198,RF,0.09,2762.0,0.35083465923961554
2536,RF,0.089,2764.0,0.3469364963591754
634,RF,0.088,2765.0,0.3430383334787352
1116,RF,0.088,2765.0,0.3430383334787352
2320,RF,0.088,2765.0,0.3430383334787352
218,RF,0.087,2768.0,0.33914017059829504
1139,RF,0.085,2769.0,0.33134384483741475
1247,RF,0.085,2769.0,0.33134384483741475
632,RF,0.084,2771.0,0.32744568195697454
1580,RF,0.084,2771.0,0.32744568195697454
1642,RF,0.084,2771.0,0.32744568195697454
144,RF,0.083,2774.0,0.3235475190765344
758,RF,0.081,2775.0,0.31575119331565404
2062,RF,0.079,2776.0,0.3079548675547737
229,RF,0.078,2777.0,0.3040567046743335
1197,RF,0.072,2778.0,0.28066772739169243
1692,BRT,1.397,1.0,6.591847414034169
2583,BRT,1.353,2.0,6.384230172647267
1837,BRT,1.321,3.0,6.233235815274973
923,BRT,1.312,4.0,6.190768652264016
1255,BRT,1.293,5.0,6.101115752574216
220,BRT,1.288,6.0,6.077522884234797
294,BRT,1.26,7.0,5.9454028215340395
570,BRT,1.249,8.0,5.893498511187315
2177,BRT,1.225,9.0,5.780252743158095
1025,BRT,1.202,10.0,5.671725548796759
2047,BRT,1.193,11.0,5.629258385785802
527,BRT,1.181,12.0,5.572635501771192
2110,BRT,1.164,13.0,5.49241974941716
1250,BRT,1.139,14.0,5.374455407720057
2284,BRT,1.124,15.0,5.303676802701795
1419,BRT,1.106,16.0,5.21874247667988
318,BRT,1.068,17.0,5.039436677300282
959,BRT,1.063,18.0,5.01584380896086
2029,BRT,1.063,18.0,5.01584380896086
1597,BRT,1.05,20.0,4.954502351278367
1748,BRT,1.044,21.0,4.926190909271062
351,BRT,1.04,22.0,4.907316614599525
539,BRT,1.032,23.0,4.869568025256452
1437,BRT,1.028,24.0,4.850693730584915
431,BRT,1.021,25.0,4.817663714909726
1345,BRT,1.021,25.0,4.817663714909726
2648,BRT,1.021,25.0,4.817663714909726
955,BRT,1.016,28.0,4.794070846570305
1354,BRT,1.015,29.0,4.789352272902421
1931,BRT,1.015,29.0,4.789352272902421
1656,BRT,1.014,31.0,4.784633699234536
2084,BRT,1.012,32.0,4.775196551898769
878,BRT,1.007,33.0,4.751603683559347
979,BRT,1.004,34.0,4.737447962555695
2578,BRT,1.004,34.0,4.737447962555695
35,BRT,0.999,36.0,4.7138550942162745
904,BRT,0.982,37.0,4.633639341862244
2158,BRT,0.978,38.0,4.614765047190707
2266,BRT,0.978,38.0,4.614765047190707
1129,BRT,0.969,40.0,4.57229788417975
2305,BRT,0.967,41.0,4.562860736843981
2010,BRT,0.964,42.0,4.548705015840329
2609,BRT,0.964,42.0,4.548705015840329
358,BRT,0.963,44.0,4.543986442172445
951,BRT,0.962,45.0,4.53926786850456
2076,BRT,0.956,46.0,4.5109564264972555
193,BRT,0.946,47.0,4.463770689818414
761,BRT,0.946,47.0,4.463770689818414
601,BRT,0.942,49.0,4.444896395146877
51,BRT,0.941,50.0,4.440177821478993
129,BRT,0.939,51.0,4.430740674143225
2052,BRT,0.931,52.0,4.392992084800152
429,BRT,0.93,53.0,4.388273511132268
996,BRT,0.93,53.0,4.388273511132268
1779,BRT,0.93,53.0,4.388273511132268
214,BRT,0.928,56.0,4.378836363796499
1960,BRT,0.927,57.0,4.374117790128615
2130,BRT,0.927,57.0,4.374117790128615
2290,BRT,0.927,57.0,4.374117790128615
1220,BRT,0.925,60.0,4.364680642792847
59,BRT,0.922,61.0,4.350524921789194
1502,BRT,0.921,62.0,4.34580634812131
1754,BRT,0.92,63.0,4.341087774453426
2659,BRT,0.918,64.0,4.331650627117658
1020,BRT,0.913,65.0,4.3080577587782365
775,BRT,0.903,66.0,4.260872022099395
1847,BRT,0.903,66.0,4.260872022099395
2633,BRT,0.9,68.0,4.246716301095743
1824,BRT,0.898,69.0,4.2372791537599745
287,BRT,0.897,70.0,4.23256058009209
1825,BRT,0.897,70.0,4.23256058009209
1243,BRT,0.89,72.0,4.199530564416901
1526,BRT,0.884,73.0,4.171219122409596
2023,BRT,0.88,74.0,4.15234482773806
877,BRT,0.878,75.0,4.142907680402291
2159,BRT,0.874,76.0,4.124033385730755
2152,BRT,0.873,77.0,4.11931481206287
2731,BRT,0.872,78.0,4.114596238394986
100,BRT,0.871,79.0,4.109877664727102
293,BRT,0.865,80.0,4.081566222719797
1040,BRT,0.864,81.0,4.0768476490519125
52,BRT,0.861,82.0,4.0626919280482605
75,BRT,0.86,83.0,4.057973354380376
581,BRT,0.857,84.0,4.043817633376724
1411,BRT,0.857,84.0,4.043817633376724
2689,BRT,0.852,86.0,4.020224765037303
2259,BRT,0.846,87.0,3.991913323029998
149,BRT,0.844,88.0,3.9824761756942295
262,BRT,0.841,89.0,3.968320454690577
797,BRT,0.841,89.0,3.968320454690577
2599,BRT,0.841,89.0,3.968320454690577
507,BRT,0.837,92.0,3.9494461600190407
408,BRT,0.833,93.0,3.930571865347504
1114,BRT,0.833,93.0,3.930571865347504
1910,BRT,0.833,93.0,3.930571865347504
825,BRT,0.832,96.0,3.9258532916796196
748,BRT,0.831,97.0,3.9211347180117357
1623,BRT,0.831,97.0,3.9211347180117357
964,BRT,0.83,99.0,3.9164161443438514
2469,BRT,0.83,99.0,3.9164161443438514
1439,BRT,0.829,101.0,3.911697570675967
1518,BRT,0.829,101.0,3.911697570675967
117,BRT,0.827,103.0,3.902260423340199
1475,BRT,0.826,104.0,3.8975418496723147
569,BRT,0.824,105.0,3.8881047023365465
1670,BRT,0.824,105.0,3.8881047023365465
2209,BRT,0.822,107.0,3.8786675550007783
1639,BRT,0.82,108.0,3.8692304076650097
940,BRT,0.819,109.0,3.864511833997126
1689,BRT,0.819,109.0,3.864511833997126
2432,BRT,0.819,109.0,3.864511833997126
410,BRT,0.816,112.0,3.850356112993473
484,BRT,0.816,112.0,3.850356112993473
700,BRT,0.816,112.0,3.850356112993473
1716,BRT,0.815,115.0,3.845637539325589
1559,BRT,0.813,116.0,3.8362003919898204
823,BRT,0.81,117.0,3.822044670986169
2161,BRT,0.81,117.0,3.822044670986169
1791,BRT,0.809,119.0,3.8173260973182845
2255,BRT,0.809,119.0,3.8173260973182845
2356,BRT,0.809,119.0,3.8173260973182845
1140,BRT,0.808,122.0,3.8126075236504002
518,BRT,0.807,123.0,3.8078889499825164
1118,BRT,0.806,124.0,3.803170376314632
1493,BRT,0.806,124.0,3.803170376314632
2344,BRT,0.806,124.0,3.803170376314632
1244,BRT,0.805,127.0,3.7984518026467478
522,BRT,0.802,128.0,3.7842960816430953
900,BRT,0.801,129.0,3.7795775079752114
1572,BRT,0.8,130.0,3.774858934307327
1271,BRT,0.799,131.0,3.770140360639443
2339,BRT,0.798,132.0,3.765421786971559
476,BRT,0.797,133.0,3.7607032133036746
1503,BRT,0.797,133.0,3.7607032133036746
2004,BRT,0.795,135.0,3.7512660659679065
1856,BRT,0.793,136.0,3.741828918632138
1090,BRT,0.791,137.0,3.7323917712963697
1312,BRT,0.791,137.0,3.7323917712963697
2542,BRT,0.791,137.0,3.7323917712963697
821,BRT,0.79,140.0,3.7276731976284854
879,BRT,0.79,140.0,3.7276731976284854
2013,BRT,0.79,140.0,3.7276731976284854
38,BRT,0.788,143.0,3.718236050292717
970,BRT,0.787,144.0,3.713517476624833
485,BRT,0.786,145.0,3.7087989029569486
561,BRT,0.785,146.0,3.7040803292890647
1105,BRT,0.785,146.0,3.7040803292890647
1264,BRT,0.785,146.0,3.7040803292890647
2273,BRT,0.784,149.0,3.6993617556211804
44,BRT,0.783,150.0,3.694643181953296
1523,BRT,0.783,150.0,3.694643181953296
334,BRT,0.78,152.0,3.6804874609496436
2404,BRT,0.779,153.0,3.6757688872817598
657,BRT,0.778,154.0,3.6710503136138755
1277,BRT,0.777,155.0,3.666331739945991
2600,BRT,0.777,155.0,3.666331739945991
2673,BRT,0.777,155.0,3.666331739945991
1011,BRT,0.776,158.0,3.6616131662781073
2092,BRT,0.775,159.0,3.656894592610223
1661,BRT,0.774,160.0,3.6521760189423387
2552,BRT,0.774,160.0,3.6521760189423387
1369,BRT,0.773,162.0,3.647457445274455
2212,BRT,0.771,163.0,3.638020297938686
965,BRT,0.769,164.0,3.628583150602918
1530,BRT,0.769,164.0,3.628583150602918
2300,BRT,0.769,164.0,3.628583150602918
2456,BRT,0.769,164.0,3.628583150602918
861,BRT,0.768,168.0,3.6238645769350337
2188,BRT,0.768,168.0,3.6238645769350337
2733,BRT,0.768,168.0,3.6238645769350337
968,BRT,0.767,171.0,3.61914600326715
1190,BRT,0.766,172.0,3.6144274295992656
39,BRT,0.765,173.0,3.6097088559313812
132,BRT,0.764,174.0,3.6049902822634974
2776,BRT,0.764,174.0,3.6049902822634974
674,BRT,0.763,176.0,3.600271708595613
1614,BRT,0.763,176.0,3.600271708595613
2319,BRT,0.763,176.0,3.600271708595613
586,BRT,0.762,179.0,3.5955531349277288
1637,BRT,0.762,179.0,3.5955531349277288
2295,BRT,0.762,179.0,3.5955531349277288
238,BRT,0.759,182.0,3.5813974139240763
1879,BRT,0.759,182.0,3.5813974139240763
1033,BRT,0.758,184.0,3.5766788402561924
2389,BRT,0.758,184.0,3.5766788402561924
668,BRT,0.756,186.0,3.567241692920424
2099,BRT,0.755,187.0,3.56252311925254
843,BRT,0.754,188.0,3.5578045455846556
2585,BRT,0.754,188.0,3.5578045455846556
1252,BRT,0.753,190.0,3.5530859719167713
836,BRT,0.752,191.0,3.548367398248887
387,BRT,0.75,192.0,3.538930250913119
1585,BRT,0.75,192.0,3.538930250913119
1652,BRT,0.75,192.0,3.538930250913119
93,BRT,0.748,195.0,3.5294931035773507
312,BRT,0.748,195.0,3.5294931035773507
2501,BRT,0.748,195.0,3.5294931035773507
170,BRT,0.747,198.0,3.5247745299094664
292,BRT,0.747,198.0,3.5247745299094664
638,BRT,0.747,198.0,3.5247745299094664
2145,BRT,0.747,198.0,3.5247745299094664
82,BRT,0.746,202.0,3.520055956241582
933,BRT,0.746,202.0,3.520055956241582
1107,BRT,0.745,204.0,3.515337382573698
1644,BRT,0.745,204.0,3.515337382573698
1233,BRT,0.743,206.0,3.5059002352379296
323,BRT,0.742,207.0,3.5011816615700457
1972,BRT,0.742,207.0,3.5011816615700457
188,BRT,0.741,209.0,3.4964630879021614
2724,BRT,0.74,210.0,3.491744514234277
2227,BRT,0.739,211.0,3.4870259405663933
411,BRT,0.738,212.0,3.482307366898509
281,BRT,0.735,213.0,3.4681516458948565
310,BRT,0.735,213.0,3.4681516458948565
732,BRT,0.735,213.0,3.4681516458948565
740,BRT,0.735,213.0,3.4681516458948565
302,BRT,0.734,217.0,3.463433072226972
1778,BRT,0.734,217.0,3.463433072226972
1954,BRT,0.734,217.0,3.463433072226972
377,BRT,0.733,220.0,3.4587144985590883
96,BRT,0.732,221.0,3.453995924891204
1922,BRT,0.731,222.0,3.4492773512233197
1453,BRT,0.73,223.0,3.444558777555436
2089,BRT,0.73,223.0,3.444558777555436
402,BRT,0.729,225.0,3.4398402038875515
2085,BRT,0.728,226.0,3.435121630219667
2183,BRT,0.728,226.0,3.435121630219667
529,BRT,0.727,228.0,3.4304030565517833
885,BRT,0.727,228.0,3.4304030565517833
1758,BRT,0.725,230.0,3.4209659092160147
2005,BRT,0.725,230.0,3.4209659092160147
844,BRT,0.716,232.0,3.3784987462050573
1356,BRT,0.716,232.0,3.3784987462050573
1431,BRT,0.715,234.0,3.3737801725371734
1549,BRT,0.715,234.0,3.3737801725371734
2538,BRT,0.715,234.0,3.3737801725371734
1484,BRT,0.714,237.0,3.369061598869289
2117,BRT,0.714,237.0,3.369061598869289
1746,BRT,0.713,239.0,3.364343025201405
1185,BRT,0.711,240.0,3.3549058778656367
1532,BRT,0.71,241.0,3.3501873041977523
2054,BRT,0.71,241.0,3.3501873041977523
1088,BRT,0.709,243.0,3.345468730529868
552,BRT,0.708,244.0,3.340750156861984
2224,BRT,0.708,244.0,3.340750156861984
1355,BRT,0.707,246.0,3.3360315831941
2705,BRT,0.705,247.0,3.3265944358583317
194,BRT,0.704,248.0,3.3218758621904474
2430,BRT,0.704,248.0,3.3218758621904474
1122,BRT,0.702,250.0,3.3124387148546792
1165,BRT,0.702,250.0,3.3124387148546792
1009,BRT,0.701,252.0,3.307720141186795
1980,BRT,0.701,252.0,3.307720141186795
2610,BRT,0.701,252.0,3.307720141186795
2261,BRT,0.696,255.0,3.2841272728473743
837,BRT,0.695,256.0,3.27940869917949
1073,BRT,0.694,257.0,3.2746901255116057
180,BRT,0.693,258.0,3.269971551843722
210,BRT,0.693,258.0,3.269971551843722
1096,BRT,0.691,260.0,3.260534404507953
2274,BRT,0.689,261.0,3.251097257172185
672,BRT,0.688,262.0,3.2463786835043007
2541,BRT,0.687,263.0,3.2416601098364173
244,BRT,0.686,264.0,3.236941536168533
1841,BRT,0.684,265.0,3.227504388832765
424,BRT,0.683,266.0,3.2227858151648805
850,BRT,0.682,267.0,3.218067241496996
899,BRT,0.681,268.0,3.2133486678291123
2199,BRT,0.68,269.0,3.208630094161228
937,BRT,0.679,270.0,3.2039115204933437
1126,BRT,0.679,270.0,3.2039115204933437
1371,BRT,0.679,270.0,3.2039115204933437
1390,BRT,0.679,270.0,3.2039115204933437
2436,BRT,0.679,270.0,3.2039115204933437
1756,BRT,0.678,275.0,3.19919294682546
1501,BRT,0.677,276.0,3.1944743731575755
1861,BRT,0.676,277.0,3.1897557994896912
2318,BRT,0.676,277.0,3.1897557994896912
320,BRT,0.675,279.0,3.1850372258218074
1697,BRT,0.675,279.0,3.1850372258218074
2455,BRT,0.675,279.0,3.1850372258218074
452,BRT,0.674,282.0,3.180318652153923
1291,BRT,0.674,282.0,3.180318652153923
2509,BRT,0.674,282.0,3.180318652153923
2584,BRT,0.674,282.0,3.180318652153923
925,BRT,0.673,286.0,3.1756000784860388
1044,BRT,0.672,287.0,3.170881504818155
1808,BRT,0.672,287.0,3.170881504818155
2200,BRT,0.672,287.0,3.170881504818155
587,BRT,0.671,290.0,3.1661629311502706
1476,BRT,0.671,290.0,3.1661629311502706
2132,BRT,0.671,290.0,3.1661629311502706
1212,BRT,0.669,293.0,3.1567257838145024
1360,BRT,0.669,293.0,3.1567257838145024
2019,BRT,0.669,293.0,3.1567257838145024
127,BRT,0.668,296.0,3.152007210146618
325,BRT,0.668,296.0,3.152007210146618
2443,BRT,0.668,296.0,3.152007210146618
84,BRT,0.666,299.0,3.14257006281085
2497,BRT,0.666,299.0,3.14257006281085
606,BRT,0.665,301.0,3.1378514891429656
1608,BRT,0.665,301.0,3.1378514891429656
265,BRT,0.663,303.0,3.1284143418071975
392,BRT,0.663,303.0,3.1284143418071975
538,BRT,0.662,305.0,3.123695768139313
1169,BRT,0.66,306.0,3.114258620803545
1321,BRT,0.66,306.0,3.114258620803545
1715,BRT,0.659,308.0,3.1095400471356607
1296,BRT,0.658,309.0,3.1048214734677764
1933,BRT,0.656,310.0,3.095384326132008
1940,BRT,0.656,310.0,3.095384326132008
110,BRT,0.654,312.0,3.08594717879624
1749,BRT,0.654,312.0,3.08594717879624
664,BRT,0.653,314.0,3.0812286051283557
1026,BRT,0.653,314.0,3.0812286051283557
2073,BRT,0.652,316.0,3.0765100314604714
2490,BRT,0.651,317.0,3.071791457792587
483,BRT,0.65,318.0,3.0670728841247032
307,BRT,0.649,319.0,3.062354310456819
122,BRT,0.646,320.0,3.0481985894531665
2444,BRT,0.646,320.0,3.0481985894531665
958,BRT,0.645,322.0,3.043480015785282
2567,BRT,0.645,322.0,3.043480015785282
156,BRT,0.644,324.0,3.0387614421173983
695,BRT,0.644,324.0,3.0387614421173983
2122,BRT,0.644,324.0,3.0387614421173983
2149,BRT,0.644,324.0,3.0387614421173983
2506,BRT,0.643,328.0,3.034042868449514
457,BRT,0.642,329.0,3.0293242947816297
1171,BRT,0.641,330.0,3.024605721113746
1739,BRT,0.641,330.0,3.024605721113746
2517,BRT,0.641,330.0,3.024605721113746
130,BRT,0.64,333.0,3.0198871474458615
2422,BRT,0.639,334.0,3.015168573777977
2727,BRT,0.639,334.0,3.015168573777977
2525,BRT,0.638,336.0,3.0104500001100933
2644,BRT,0.638,336.0,3.0104500001100933
944,BRT,0.637,338.0,3.005731426442209
1524,BRT,0.636,339.0,3.0010128527743247
2359,BRT,0.636,339.0,3.0010128527743247
1263,BRT,0.635,341.0,2.996294279106441
1543,BRT,0.635,341.0,2.996294279106441
2313,BRT,0.635,341.0,2.996294279106441
2394,BRT,0.635,341.0,2.996294279106441
2746,BRT,0.635,341.0,2.996294279106441
2057,BRT,0.633,346.0,2.9868571317706722
2411,BRT,0.633,346.0,2.9868571317706722
1258,BRT,0.631,348.0,2.977419984434904
1423,BRT,0.631,348.0,2.977419984434904
131,BRT,0.63,350.0,2.9727014107670198
753,BRT,0.63,350.0,2.9727014107670198
814,BRT,0.63,350.0,2.9727014107670198
2368,BRT,0.63,350.0,2.9727014107670198
1606,BRT,0.629,354.0,2.967982837099136
2055,BRT,0.628,355.0,2.9632642634312516
2252,BRT,0.627,356.0,2.9585456897633673
1499,BRT,0.626,357.0,2.9538271160954834
1534,BRT,0.626,357.0,2.9538271160954834
2442,BRT,0.626,357.0,2.9538271160954834
588,BRT,0.625,360.0,2.949108542427599
1625,BRT,0.625,360.0,2.949108542427599
2128,BRT,0.625,360.0,2.949108542427599
1349,BRT,0.624,363.0,2.944389968759715
300,BRT,0.623,364.0,2.939671395091831
1304,BRT,0.623,364.0,2.939671395091831
1601,BRT,0.622,366.0,2.9349528214239466
1693,BRT,0.622,366.0,2.9349528214239466
1017,BRT,0.621,368.0,2.9302342477560623
1048,BRT,0.621,368.0,2.9302342477560623
1080,BRT,0.621,368.0,2.9302342477560623
2561,BRT,0.621,368.0,2.9302342477560623
1640,BRT,0.62,372.0,2.9255156740881785
2287,BRT,0.62,372.0,2.9255156740881785
546,BRT,0.619,374.0,2.920797100420294
1682,BRT,0.618,375.0,2.91607852675241
61,BRT,0.617,376.0,2.911359953084526
602,BRT,0.617,376.0,2.911359953084526
2505,BRT,0.617,376.0,2.911359953084526
1443,BRT,0.616,379.0,2.9066413794166417
212,BRT,0.613,380.0,2.892485658412989
1647,BRT,0.613,380.0,2.892485658412989
280,BRT,0.612,382.0,2.887767084745105
467,BRT,0.612,382.0,2.887767084745105
1500,BRT,0.612,382.0,2.887767084745105
1883,BRT,0.612,382.0,2.887767084745105
1953,BRT,0.612,382.0,2.887767084745105
2022,BRT,0.612,382.0,2.887767084745105
1764,BRT,0.611,388.0,2.8830485110772206
2114,BRT,0.611,388.0,2.8830485110772206
373,BRT,0.609,390.0,2.8736113637414524
1062,BRT,0.609,390.0,2.8736113637414524
1819,BRT,0.608,392.0,2.868892790073568
259,BRT,0.606,393.0,2.8594556427378
1427,BRT,0.606,393.0,2.8594556427378
1957,BRT,0.606,393.0,2.8594556427378
1979,BRT,0.606,393.0,2.8594556427378
872,BRT,0.605,397.0,2.8547370690699156
874,BRT,0.605,397.0,2.8547370690699156
1112,BRT,0.605,397.0,2.8547370690699156
2179,BRT,0.605,397.0,2.8547370690699156
2717,BRT,0.605,397.0,2.8547370690699156
369,BRT,0.604,402.0,2.850018495402032
2163,BRT,0.604,402.0,2.850018495402032
2309,BRT,0.604,402.0,2.850018495402032
444,BRT,0.603,405.0,2.8452999217341475
511,BRT,0.603,405.0,2.8452999217341475
708,BRT,0.602,407.0,2.840581348066263
1189,BRT,0.602,407.0,2.840581348066263
1412,BRT,0.602,407.0,2.840581348066263
2544,BRT,0.602,407.0,2.840581348066263
1669,BRT,0.601,411.0,2.8358627743983793
249,BRT,0.6,412.0,2.831144200730495
826,BRT,0.6,412.0,2.831144200730495
1406,BRT,0.6,412.0,2.831144200730495
1172,BRT,0.599,415.0,2.8264256270626107
1539,BRT,0.599,415.0,2.8264256270626107
1948,BRT,0.599,415.0,2.8264256270626107
11,BRT,0.598,418.0,2.821707053394727
991,BRT,0.598,418.0,2.821707053394727
1702,BRT,0.598,418.0,2.821707053394727
2334,BRT,0.598,418.0,2.821707053394727
1019,BRT,0.597,422.0,2.8169884797268425
1041,BRT,0.596,423.0,2.812269906058958
2723,BRT,0.595,424.0,2.8075513323910744
943,BRT,0.594,425.0,2.80283275872319
1010,BRT,0.594,425.0,2.80283275872319
1167,BRT,0.594,425.0,2.80283275872319
1919,BRT,0.594,425.0,2.80283275872319
1943,BRT,0.594,425.0,2.80283275872319
2480,BRT,0.594,425.0,2.80283275872319
2607,BRT,0.594,425.0,2.80283275872319
2119,BRT,0.593,432.0,2.7981141850553057
97,BRT,0.592,433.0,2.793395611387422
2260,BRT,0.592,433.0,2.793395611387422
86,BRT,0.591,435.0,2.7886770377195376
264,BRT,0.591,435.0,2.7886770377195376
749,BRT,0.591,435.0,2.7886770377195376
2030,BRT,0.591,435.0,2.7886770377195376
599,BRT,0.59,439.0,2.7839584640516533
1121,BRT,0.59,439.0,2.7839584640516533
1404,BRT,0.59,439.0,2.7839584640516533
2464,BRT,0.59,439.0,2.7839584640516533
2622,BRT,0.59,439.0,2.7839584640516533
998,BRT,0.589,444.0,2.7792398903837694
2486,BRT,0.589,444.0,2.7792398903837694
196,BRT,0.588,446.0,2.774521316715885
1885,BRT,0.588,446.0,2.774521316715885
1909,BRT,0.588,446.0,2.774521316715885
2104,BRT,0.588,446.0,2.774521316715885
1729,BRT,0.587,450.0,2.769802743048001
69,BRT,0.586,451.0,2.765084169380117
160,BRT,0.586,451.0,2.765084169380117
192,BRT,0.586,451.0,2.765084169380117
1221,BRT,0.585,454.0,2.7603655957122326
2466,BRT,0.585,454.0,2.7603655957122326
159,BRT,0.584,456.0,2.7556470220443483
1184,BRT,0.584,456.0,2.7556470220443483
2759,BRT,0.584,456.0,2.7556470220443483
2762,BRT,0.584,456.0,2.7556470220443483
960,BRT,0.583,460.0,2.7509284483764644
2656,BRT,0.583,460.0,2.7509284483764644
1382,BRT,0.581,462.0,2.741491301040696
2665,BRT,0.581,462.0,2.741491301040696
2419,BRT,0.58,464.0,2.736772727372812
74,BRT,0.579,465.0,2.7320541537049277
1248,BRT,0.579,465.0,2.7320541537049277
1522,BRT,0.576,467.0,2.717898432701275
2742,BRT,0.576,467.0,2.717898432701275
729,BRT,0.575,469.0,2.713179859033391
917,BRT,0.575,469.0,2.713179859033391
1690,BRT,0.574,471.0,2.708461285365507
2204,BRT,0.574,471.0,2.708461285365507
920,BRT,0.573,473.0,2.7037427116976227
2140,BRT,0.573,473.0,2.7037427116976227
286,BRT,0.572,475.0,2.6990241380297384
528,BRT,0.572,475.0,2.6990241380297384
1568,BRT,0.572,475.0,2.6990241380297384
1929,BRT,0.572,475.0,2.6990241380297384
2078,BRT,0.572,475.0,2.6990241380297384
350,BRT,0.571,480.0,2.694305564361854
482,BRT,0.571,480.0,2.694305564361854
1942,BRT,0.571,480.0,2.694305564361854
99,BRT,0.57,483.0,2.6895869906939702
713,BRT,0.57,483.0,2.6895869906939702
816,BRT,0.57,483.0,2.6895869906939702
1678,BRT,0.57,483.0,2.6895869906939702
427,BRT,0.569,487.0,2.684868417026086
776,BRT,0.569,487.0,2.684868417026086
1413,BRT,0.569,487.0,2.684868417026086
1873,BRT,0.569,487.0,2.684868417026086
405,BRT,0.567,491.0,2.6754312696903177
1952,BRT,0.566,492.0,2.6707126960224334
2001,BRT,0.566,492.0,2.6707126960224334
1353,BRT,0.565,494.0,2.665994122354549
2157,BRT,0.564,495.0,2.6612755486866653
2418,BRT,0.564,495.0,2.6612755486866653
34,BRT,0.563,497.0,2.656556975018781
1320,BRT,0.563,497.0,2.656556975018781
1226,BRT,0.562,499.0,2.6518384013508975
567,BRT,0.561,500.0,2.6471198276830132
2401,BRT,0.561,500.0,2.6471198276830132
164,BRT,0.56,502.0,2.642401254015129
1135,BRT,0.56,502.0,2.642401254015129
1302,BRT,0.56,502.0,2.642401254015129
1194,BRT,0.559,505.0,2.637682680347245
1807,BRT,0.559,505.0,2.637682680347245
1858,BRT,0.559,505.0,2.637682680347245
2347,BRT,0.559,505.0,2.637682680347245
2369,BRT,0.559,505.0,2.637682680347245
177,BRT,0.557,510.0,2.6282455330114765
189,BRT,0.557,510.0,2.6282455330114765
2608,BRT,0.557,510.0,2.6282455330114765
557,BRT,0.555,513.0,2.6188083856757083
60,BRT,0.554,514.0,2.614089812007824
2372,BRT,0.554,514.0,2.614089812007824
1436,BRT,0.553,516.0,2.60937123833994
2026,BRT,0.553,516.0,2.60937123833994
2160,BRT,0.553,516.0,2.60937123833994
141,BRT,0.551,519.0,2.5999340910041715
339,BRT,0.551,519.0,2.5999340910041715
382,BRT,0.551,519.0,2.5999340910041715
2546,BRT,0.551,519.0,2.5999340910041715
1923,BRT,0.55,523.0,2.5952155173362876
2704,BRT,0.55,523.0,2.5952155173362876
321,BRT,0.549,525.0,2.5904969436684033
2103,BRT,0.549,525.0,2.5904969436684033
1655,BRT,0.548,527.0,2.585778370000519
1681,BRT,0.548,527.0,2.585778370000519
2091,BRT,0.548,527.0,2.585778370000519
1286,BRT,0.546,530.0,2.576341222664751
1609,BRT,0.546,530.0,2.576341222664751
562,BRT,0.545,532.0,2.5716226489968665
1305,BRT,0.545,532.0,2.5716226489968665
1890,BRT,0.545,532.0,2.5716226489968665
2074,BRT,0.545,532.0,2.5716226489968665
623,BRT,0.544,536.0,2.5669040753289822
981,BRT,0.544,536.0,2.5669040753289822
1377,BRT,0.544,536.0,2.5669040753289822
1565,BRT,0.544,536.0,2.5669040753289822
2475,BRT,0.543,540.0,2.5621855016610984
863,BRT,0.542,541.0,2.557466927993214
1018,BRT,0.542,541.0,2.557466927993214
1125,BRT,0.542,541.0,2.557466927993214
1853,BRT,0.542,541.0,2.557466927993214
230,BRT,0.54,545.0,2.548029780657446
2232,BRT,0.54,545.0,2.548029780657446
2515,BRT,0.54,545.0,2.548029780657446
400,BRT,0.539,548.0,2.5433112069895616
1772,BRT,0.539,548.0,2.5433112069895616
371,BRT,0.538,550.0,2.5385926333216773
636,BRT,0.538,550.0,2.5385926333216773
763,BRT,0.538,550.0,2.5385926333216773
1100,BRT,0.538,550.0,2.5385926333216773
2679,BRT,0.538,550.0,2.5385926333216773
404,BRT,0.537,555.0,2.5338740596537934
1688,BRT,0.537,555.0,2.5338740596537934
2247,BRT,0.537,555.0,2.5338740596537934
997,BRT,0.536,558.0,2.529155485985909
1674,BRT,0.536,558.0,2.529155485985909
2437,BRT,0.536,558.0,2.529155485985909
420,BRT,0.535,561.0,2.524436912318025
637,BRT,0.535,561.0,2.524436912318025
922,BRT,0.535,561.0,2.524436912318025
2281,BRT,0.535,561.0,2.524436912318025
17,BRT,0.534,565.0,2.519718338650141
53,BRT,0.534,565.0,2.519718338650141
2191,BRT,0.534,565.0,2.519718338650141
7,BRT,0.533,568.0,2.5149997649822566
403,BRT,0.533,568.0,2.5149997649822566
1238,BRT,0.532,570.0,2.5102811913143723
1935,BRT,0.532,570.0,2.5102811913143723
2175,BRT,0.531,572.0,2.5055626176464885
2540,BRT,0.531,572.0,2.5055626176464885
2741,BRT,0.531,572.0,2.5055626176464885
1829,BRT,0.53,575.0,2.500844043978604
2269,BRT,0.53,575.0,2.500844043978604
862,BRT,0.529,577.0,2.49612547031072
2222,BRT,0.529,577.0,2.49612547031072
2657,BRT,0.529,577.0,2.49612547031072
1163,BRT,0.528,580.0,2.491406896642836
2053,BRT,0.528,580.0,2.491406896642836
81,BRT,0.527,582.0,2.4866883229749517
1905,BRT,0.527,582.0,2.4866883229749517
2684,BRT,0.527,582.0,2.4866883229749517
502,BRT,0.526,585.0,2.4819697493070674
1192,BRT,0.526,585.0,2.4819697493070674
1815,BRT,0.526,585.0,2.4819697493070674
2242,BRT,0.526,585.0,2.4819697493070674
2703,BRT,0.526,585.0,2.4819697493070674
303,BRT,0.525,590.0,2.4772511756391835
1397,BRT,0.525,590.0,2.4772511756391835
2106,BRT,0.525,590.0,2.4772511756391835
2522,BRT,0.525,590.0,2.4772511756391835
2630,BRT,0.525,590.0,2.4772511756391835
827,BRT,0.524,595.0,2.472532601971299
2241,BRT,0.524,595.0,2.472532601971299
2677,BRT,0.524,595.0,2.472532601971299
2698,BRT,0.524,595.0,2.472532601971299
104,BRT,0.523,599.0,2.467814028303415
367,BRT,0.523,599.0,2.467814028303415
927,BRT,0.523,599.0,2.467814028303415
976,BRT,0.523,599.0,2.467814028303415
1254,BRT,0.522,603.0,2.463095454635531
1418,BRT,0.522,603.0,2.463095454635531
2680,BRT,0.522,603.0,2.463095454635531
2739,BRT,0.522,603.0,2.463095454635531
630,BRT,0.521,607.0,2.4583768809676467
655,BRT,0.521,607.0,2.4583768809676467
1460,BRT,0.521,607.0,2.4583768809676467
2511,BRT,0.521,607.0,2.4583768809676467
225,BRT,0.52,611.0,2.4536583072997624
335,BRT,0.52,611.0,2.4536583072997624
613,BRT,0.52,611.0,2.4536583072997624
1986,BRT,0.52,611.0,2.4536583072997624
2213,BRT,0.519,615.0,2.4489397336318786
815,BRT,0.518,616.0,2.4442211599639942
909,BRT,0.518,616.0,2.4442211599639942
845,BRT,0.517,618.0,2.43950258629611
1084,BRT,0.517,618.0,2.43950258629611
1199,BRT,0.517,618.0,2.43950258629611
1438,BRT,0.517,618.0,2.43950258629611
2528,BRT,0.517,618.0,2.43950258629611
391,BRT,0.516,623.0,2.434784012628226
649,BRT,0.516,623.0,2.434784012628226
2547,BRT,0.516,623.0,2.434784012628226
2594,BRT,0.516,623.0,2.434784012628226
2667,BRT,0.516,623.0,2.434784012628226
2719,BRT,0.515,628.0,2.4300654389603418
250,BRT,0.514,629.0,2.4253468652924575
2034,BRT,0.514,629.0,2.4253468652924575
2275,BRT,0.514,629.0,2.4253468652924575
2373,BRT,0.514,629.0,2.4253468652924575
1646,BRT,0.513,633.0,2.4206282916245736
187,BRT,0.511,634.0,2.411191144288805
204,BRT,0.511,634.0,2.411191144288805
324,BRT,0.511,634.0,2.411191144288805
1281,BRT,0.511,634.0,2.411191144288805
2736,BRT,0.51,638.0,2.406472570620921
1544,BRT,0.509,639.0,2.401753996953037
1930,BRT,0.509,639.0,2.401753996953037
2384,BRT,0.509,639.0,2.401753996953037
705,BRT,0.508,642.0,2.3970354232851525
856,BRT,0.508,642.0,2.3970354232851525
1106,BRT,0.508,642.0,2.3970354232851525
1489,BRT,0.508,642.0,2.3970354232851525
1662,BRT,0.508,642.0,2.3970354232851525
1686,BRT,0.508,642.0,2.3970354232851525
2067,BRT,0.508,642.0,2.3970354232851525
12,BRT,0.507,649.0,2.392316849617268
1314,BRT,0.507,649.0,2.392316849617268
769,BRT,0.506,651.0,2.3875982759493843
1798,BRT,0.506,651.0,2.3875982759493843
2170,BRT,0.506,651.0,2.3875982759493843
2450,BRT,0.506,651.0,2.3875982759493843
1285,BRT,0.505,655.0,2.3828797022815
1510,BRT,0.505,655.0,2.3828797022815
1932,BRT,0.505,655.0,2.3828797022815
394,BRT,0.504,658.0,2.3781611286136157
1109,BRT,0.504,658.0,2.3781611286136157
1711,BRT,0.504,658.0,2.3781611286136157
2315,BRT,0.504,658.0,2.3781611286136157
2489,BRT,0.504,658.0,2.3781611286136157
306,BRT,0.503,663.0,2.373442554945732
365,BRT,0.503,663.0,2.373442554945732
962,BRT,0.503,663.0,2.373442554945732
1295,BRT,0.503,663.0,2.373442554945732
2108,BRT,0.503,663.0,2.373442554945732
2638,BRT,0.503,663.0,2.373442554945732
349,BRT,0.502,669.0,2.3687239812778476
566,BRT,0.502,669.0,2.3687239812778476
1445,BRT,0.502,669.0,2.3687239812778476
2220,BRT,0.502,669.0,2.3687239812778476
2332,BRT,0.502,669.0,2.3687239812778476
199,BRT,0.501,674.0,2.3640054076099632
898,BRT,0.501,674.0,2.3640054076099632
1762,BRT,0.501,674.0,2.3640054076099632
2045,BRT,0.501,674.0,2.3640054076099632
2080,BRT,0.501,674.0,2.3640054076099632
2488,BRT,0.501,674.0,2.3640054076099632
469,BRT,0.5,680.0,2.3592868339420794
1144,BRT,0.5,680.0,2.3592868339420794
2612,BRT,0.5,680.0,2.3592868339420794
506,BRT,0.499,683.0,2.354568260274195
1408,BRT,0.499,683.0,2.354568260274195
1892,BRT,0.499,683.0,2.354568260274195
2529,BRT,0.499,683.0,2.354568260274195
2593,BRT,0.498,687.0,2.3498496866063108
1270,BRT,0.497,688.0,2.345131112938427
1775,BRT,0.497,688.0,2.345131112938427
1802,BRT,0.497,688.0,2.345131112938427
202,BRT,0.496,691.0,2.3404125392705426
348,BRT,0.496,691.0,2.3404125392705426
1473,BRT,0.496,691.0,2.3404125392705426
1604,BRT,0.496,691.0,2.3404125392705426
1736,BRT,0.496,691.0,2.3404125392705426
2063,BRT,0.496,691.0,2.3404125392705426
2323,BRT,0.496,691.0,2.3404125392705426
2566,BRT,0.496,691.0,2.3404125392705426
1120,BRT,0.495,699.0,2.3356939656026583
1267,BRT,0.495,699.0,2.3356939656026583
162,BRT,0.494,701.0,2.3309753919347744
253,BRT,0.494,701.0,2.3309753919347744
547,BRT,0.494,701.0,2.3309753919347744
1491,BRT,0.494,701.0,2.3309753919347744
2367,BRT,0.494,701.0,2.3309753919347744
297,BRT,0.493,706.0,2.32625681826689
1146,BRT,0.493,706.0,2.32625681826689
1214,BRT,0.493,706.0,2.32625681826689
1538,BRT,0.493,706.0,2.32625681826689
1914,BRT,0.493,706.0,2.32625681826689
422,BRT,0.492,711.0,2.321538244599006
656,BRT,0.492,711.0,2.321538244599006
1151,BRT,0.492,711.0,2.321538244599006
2616,BRT,0.492,711.0,2.321538244599006
654,BRT,0.491,715.0,2.316819670931122
2164,BRT,0.491,715.0,2.316819670931122
2361,BRT,0.49,717.0,2.3121010972632376
676,BRT,0.489,718.0,2.3073825235953533
876,BRT,0.489,718.0,2.3073825235953533
897,BRT,0.489,718.0,2.3073825235953533
1240,BRT,0.489,718.0,2.3073825235953533
1472,BRT,0.489,718.0,2.3073825235953533
137,BRT,0.488,723.0,2.3026639499274695
851,BRT,0.488,723.0,2.3026639499274695
853,BRT,0.488,723.0,2.3026639499274695
973,BRT,0.488,723.0,2.3026639499274695
1488,BRT,0.488,723.0,2.3026639499274695
1828,BRT,0.488,723.0,2.3026639499274695
1955,BRT,0.488,723.0,2.3026639499274695
2351,BRT,0.488,723.0,2.3026639499274695
414,BRT,0.487,731.0,2.297945376259585
1806,BRT,0.487,731.0,2.297945376259585
2564,BRT,0.487,731.0,2.297945376259585
548,BRT,0.486,734.0,2.293226802591701
883,BRT,0.486,734.0,2.293226802591701
1450,BRT,0.486,734.0,2.293226802591701
1672,BRT,0.486,734.0,2.293226802591701
2238,BRT,0.486,734.0,2.293226802591701
1152,BRT,0.485,739.0,2.288508228923817
1835,BRT,0.485,739.0,2.288508228923817
409,BRT,0.484,741.0,2.2837896552559327
1468,BRT,0.484,741.0,2.2837896552559327
308,BRT,0.483,743.0,2.2790710815880484
352,BRT,0.483,743.0,2.2790710815880484
389,BRT,0.483,743.0,2.2790710815880484
523,BRT,0.483,743.0,2.2790710815880484
768,BRT,0.483,743.0,2.2790710815880484
1279,BRT,0.483,743.0,2.2790710815880484
1989,BRT,0.482,749.0,2.2743525079201645
2100,BRT,0.482,749.0,2.2743525079201645
1203,BRT,0.481,751.0,2.26963393425228
1268,BRT,0.481,751.0,2.26963393425228
1912,BRT,0.481,751.0,2.26963393425228
559,BRT,0.48,754.0,2.264915360584396
697,BRT,0.48,754.0,2.264915360584396
1158,BRT,0.48,754.0,2.264915360584396
1394,BRT,0.48,754.0,2.264915360584396
1558,BRT,0.48,754.0,2.264915360584396
2211,BRT,0.48,754.0,2.264915360584396
2225,BRT,0.48,754.0,2.264915360584396
735,BRT,0.479,761.0,2.260196786916512
2251,BRT,0.479,761.0,2.260196786916512
2441,BRT,0.479,761.0,2.260196786916512
425,BRT,0.478,764.0,2.2554782132486277
1215,BRT,0.478,764.0,2.2554782132486277
2294,BRT,0.478,764.0,2.2554782132486277
995,BRT,0.477,767.0,2.2507596395807434
1796,BRT,0.477,767.0,2.2507596395807434
865,BRT,0.476,769.0,2.2460410659128596
64,BRT,0.475,770.0,2.2413224922449753
1583,BRT,0.475,770.0,2.2413224922449753
2495,BRT,0.475,770.0,2.2413224922449753
1153,BRT,0.474,773.0,2.236603918577091
1649,BRT,0.474,773.0,2.236603918577091
481,BRT,0.473,775.0,2.231885344909207
832,BRT,0.473,775.0,2.231885344909207
1093,BRT,0.473,775.0,2.231885344909207
2571,BRT,0.473,775.0,2.231885344909207
228,BRT,0.472,779.0,2.227166771241323
1142,BRT,0.472,779.0,2.227166771241323
1415,BRT,0.472,779.0,2.227166771241323
1584,BRT,0.472,779.0,2.227166771241323
1978,BRT,0.472,779.0,2.227166771241323
2195,BRT,0.472,779.0,2.227166771241323
1976,BRT,0.471,785.0,2.2224481975734385
2302,BRT,0.471,785.0,2.2224481975734385
32,BRT,0.47,787.0,2.2177296239055546
288,BRT,0.47,787.0,2.2177296239055546
650,BRT,0.47,787.0,2.2177296239055546
583,BRT,0.469,790.0,2.2130110502376703
847,BRT,0.469,790.0,2.2130110502376703
1081,BRT,0.469,790.0,2.2130110502376703
1343,BRT,0.469,790.0,2.2130110502376703
1347,BRT,0.469,790.0,2.2130110502376703
1384,BRT,0.469,790.0,2.2130110502376703
1469,BRT,0.469,790.0,2.2130110502376703
2512,BRT,0.469,790.0,2.2130110502376703
1031,BRT,0.468,798.0,2.2082924765697864
1579,BRT,0.468,798.0,2.2082924765697864
1875,BRT,0.468,798.0,2.2082924765697864
1939,BRT,0.468,798.0,2.2082924765697864
101,BRT,0.467,802.0,2.203573902901902
143,BRT,0.467,802.0,2.203573902901902
1155,BRT,0.467,802.0,2.203573902901902
1513,BRT,0.467,802.0,2.203573902901902
1704,BRT,0.467,802.0,2.203573902901902
1846,BRT,0.467,802.0,2.203573902901902
2708,BRT,0.467,802.0,2.203573902901902
1814,BRT,0.466,809.0,2.198855329234018
2716,BRT,0.466,809.0,2.198855329234018
219,BRT,0.465,811.0,2.194136755566134
277,BRT,0.465,811.0,2.194136755566134
988,BRT,0.465,811.0,2.194136755566134
2635,BRT,0.465,811.0,2.194136755566134
549,BRT,0.464,815.0,2.1894181818982497
2770,BRT,0.464,815.0,2.1894181818982497
4,BRT,0.463,817.0,2.1846996082303654
222,BRT,0.463,817.0,2.1846996082303654
942,BRT,0.463,817.0,2.1846996082303654
1872,BRT,0.463,817.0,2.1846996082303654
437,BRT,0.462,821.0,2.1799810345624815
696,BRT,0.462,821.0,2.1799810345624815
746,BRT,0.462,821.0,2.1799810345624815
794,BRT,0.462,821.0,2.1799810345624815
2293,BRT,0.462,821.0,2.1799810345624815
1108,BRT,0.461,826.0,2.175262460894597
1119,BRT,0.461,826.0,2.175262460894597
1480,BRT,0.461,826.0,2.175262460894597
9,BRT,0.46,829.0,2.170543887226713
43,BRT,0.46,829.0,2.170543887226713
2049,BRT,0.46,829.0,2.170543887226713
2766,BRT,0.46,829.0,2.170543887226713
745,BRT,0.459,833.0,2.165825313558829
2249,BRT,0.459,833.0,2.165825313558829
2462,BRT,0.459,833.0,2.165825313558829
337,BRT,0.458,836.0,2.1611067398909447
496,BRT,0.458,836.0,2.1611067398909447
1097,BRT,0.458,836.0,2.1611067398909447
1945,BRT,0.458,836.0,2.1611067398909447
2226,BRT,0.458,836.0,2.1611067398909447
2257,BRT,0.458,836.0,2.1611067398909447
743,BRT,0.457,842.0,2.1563881662230604
1483,BRT,0.457,842.0,2.1563881662230604
1700,BRT,0.457,842.0,2.1563881662230604
1900,BRT,0.457,842.0,2.1563881662230604
24,BRT,0.456,846.0,2.1516695925551765
221,BRT,0.455,847.0,2.1469510188872922
860,BRT,0.455,847.0,2.1469510188872922
1459,BRT,0.455,847.0,2.1469510188872922
1594,BRT,0.455,847.0,2.1469510188872922
755,BRT,0.454,851.0,2.142232445219408
1482,BRT,0.454,851.0,2.142232445219408
1776,BRT,0.454,851.0,2.142232445219408
2485,BRT,0.454,851.0,2.142232445219408
2765,BRT,0.454,851.0,2.142232445219408
260,BRT,0.453,856.0,2.137513871551524
2371,BRT,0.453,856.0,2.137513871551524
2756,BRT,0.453,856.0,2.137513871551524
151,BRT,0.452,859.0,2.1327952978836398
565,BRT,0.452,859.0,2.1327952978836398
2250,BRT,0.452,859.0,2.1327952978836398
2393,BRT,0.452,859.0,2.1327952978836398
364,BRT,0.451,863.0,2.1280767242157554
767,BRT,0.451,863.0,2.1280767242157554
1417,BRT,0.451,863.0,2.1280767242157554
2044,BRT,0.451,863.0,2.1280767242157554
2562,BRT,0.451,863.0,2.1280767242157554
2660,BRT,0.451,863.0,2.1280767242157554
2672,BRT,0.451,863.0,2.1280767242157554
176,BRT,0.45,870.0,2.1233581505478716
714,BRT,0.45,870.0,2.1233581505478716
1334,BRT,0.45,870.0,2.1233581505478716
2627,BRT,0.45,870.0,2.1233581505478716
15,BRT,0.448,874.0,2.113921003212103
1166,BRT,0.448,874.0,2.113921003212103
1966,BRT,0.448,874.0,2.113921003212103
2392,BRT,0.448,874.0,2.113921003212103
886,BRT,0.447,878.0,2.109202429544219
893,BRT,0.447,878.0,2.109202429544219
1849,BRT,0.447,878.0,2.109202429544219
1962,BRT,0.447,878.0,2.109202429544219
70,BRT,0.446,882.0,2.104483855876335
282,BRT,0.446,882.0,2.104483855876335
1863,BRT,0.446,882.0,2.104483855876335
2752,BRT,0.446,882.0,2.104483855876335
2337,BRT,0.445,886.0,2.0997652822084505
2531,BRT,0.445,886.0,2.0997652822084505
342,BRT,0.444,888.0,2.0950467085405666
1045,BRT,0.444,888.0,2.0950467085405666
1826,BRT,0.444,888.0,2.0950467085405666
2135,BRT,0.444,888.0,2.0950467085405666
372,BRT,0.443,892.0,2.0903281348726823
1537,BRT,0.443,892.0,2.0903281348726823
1610,BRT,0.443,892.0,2.0903281348726823
914,BRT,0.442,895.0,2.085609561204798
1388,BRT,0.442,895.0,2.085609561204798
1492,BRT,0.442,895.0,2.085609561204798
1506,BRT,0.442,895.0,2.085609561204798
2403,BRT,0.442,895.0,2.085609561204798
10,BRT,0.441,900.0,2.080890987536914
986,BRT,0.441,900.0,2.080890987536914
2405,BRT,0.441,900.0,2.080890987536914
22,BRT,0.44,903.0,2.07617241386903
455,BRT,0.44,903.0,2.07617241386903
491,BRT,0.44,903.0,2.07617241386903
2065,BRT,0.44,903.0,2.07617241386903
2737,BRT,0.44,903.0,2.07617241386903
438,BRT,0.439,908.0,2.0714538402011455
1622,BRT,0.439,908.0,2.0714538402011455
1747,BRT,0.439,908.0,2.0714538402011455
2210,BRT,0.439,908.0,2.0714538402011455
46,BRT,0.438,912.0,2.0667352665332612
913,BRT,0.438,912.0,2.0667352665332612
458,BRT,0.437,914.0,2.0620166928653774
1448,BRT,0.437,914.0,2.0620166928653774
2148,BRT,0.437,914.0,2.0620166928653774
1,BRT,0.436,917.0,2.057298119197493
65,BRT,0.436,917.0,2.057298119197493
488,BRT,0.436,917.0,2.057298119197493
803,BRT,0.436,917.0,2.057298119197493
1551,BRT,0.436,917.0,2.057298119197493
1581,BRT,0.436,917.0,2.057298119197493
1793,BRT,0.436,917.0,2.057298119197493
1993,BRT,0.436,917.0,2.057298119197493
2678,BRT,0.436,917.0,2.057298119197493
333,BRT,0.435,926.0,2.0525795455296088
1843,BRT,0.435,926.0,2.0525795455296088
1998,BRT,0.435,926.0,2.0525795455296088
2187,BRT,0.435,926.0,2.0525795455296088
2634,BRT,0.435,926.0,2.0525795455296088
236,BRT,0.434,931.0,2.047860971861725
1562,BRT,0.434,931.0,2.047860971861725
2243,BRT,0.434,931.0,2.047860971861725
2576,BRT,0.434,931.0,2.047860971861725
1428,BRT,0.433,935.0,2.0431423981938406
1920,BRT,0.433,935.0,2.0431423981938406
2321,BRT,0.433,935.0,2.0431423981938406
2390,BRT,0.433,935.0,2.0431423981938406
173,BRT,0.432,939.0,2.0384238245259563
1591,BRT,0.432,939.0,2.0384238245259563
1893,BRT,0.432,939.0,2.0384238245259563
2457,BRT,0.432,939.0,2.0384238245259563
1004,BRT,0.431,943.0,2.0337052508580724
1708,BRT,0.431,943.0,2.0337052508580724
1958,BRT,0.431,943.0,2.0337052508580724
1999,BRT,0.431,943.0,2.0337052508580724
2105,BRT,0.431,943.0,2.0337052508580724
2245,BRT,0.431,943.0,2.0337052508580724
486,BRT,0.43,949.0,2.028986677190188
966,BRT,0.43,949.0,2.028986677190188
1560,BRT,0.43,949.0,2.028986677190188
2025,BRT,0.43,949.0,2.028986677190188
2038,BRT,0.43,949.0,2.028986677190188
2760,BRT,0.43,949.0,2.028986677190188
388,BRT,0.429,955.0,2.024268103522304
450,BRT,0.429,955.0,2.024268103522304
1554,BRT,0.429,955.0,2.024268103522304
1699,BRT,0.429,955.0,2.024268103522304
1971,BRT,0.429,955.0,2.024268103522304
2079,BRT,0.429,955.0,2.024268103522304
679,BRT,0.428,961.0,2.01954952985442
1329,BRT,0.428,961.0,2.01954952985442
2020,BRT,0.428,961.0,2.01954952985442
478,BRT,0.427,964.0,2.0148309561865356
766,BRT,0.427,964.0,2.0148309561865356
1629,BRT,0.427,964.0,2.0148309561865356
1871,BRT,0.427,964.0,2.0148309561865356
426,BRT,0.426,968.0,2.0101123825186513
967,BRT,0.426,968.0,2.0101123825186513
1577,BRT,0.426,968.0,2.0101123825186513
1782,BRT,0.426,968.0,2.0101123825186513
2254,BRT,0.426,968.0,2.0101123825186513
45,BRT,0.425,973.0,2.0053938088507675
891,BRT,0.425,973.0,2.0053938088507675
1339,BRT,0.425,973.0,2.0053938088507675
2131,BRT,0.425,973.0,2.0053938088507675
2778,BRT,0.425,973.0,2.0053938088507675
23,BRT,0.424,978.0,2.000675235182883
26,BRT,0.424,978.0,2.000675235182883
241,BRT,0.424,978.0,2.000675235182883
800,BRT,0.424,978.0,2.000675235182883
1956,BRT,0.424,978.0,2.000675235182883
564,BRT,0.423,983.0,1.995956661514999
1938,BRT,0.423,983.0,1.995956661514999
2415,BRT,0.423,983.0,1.995956661514999
2453,BRT,0.423,983.0,1.995956661514999
464,BRT,0.422,987.0,1.9912380878471148
1328,BRT,0.422,987.0,1.9912380878471148
2014,BRT,0.422,987.0,1.9912380878471148
2590,BRT,0.422,987.0,1.9912380878471148
2639,BRT,0.422,987.0,1.9912380878471148
961,BRT,0.421,992.0,1.9865195141792307
1311,BRT,0.421,992.0,1.9865195141792307
1657,BRT,0.421,992.0,1.9865195141792307
2434,BRT,0.421,992.0,1.9865195141792307
2539,BRT,0.421,992.0,1.9865195141792307
2658,BRT,0.421,992.0,1.9865195141792307
2670,BRT,0.421,992.0,1.9865195141792307
2758,BRT,0.421,992.0,1.9865195141792307
29,BRT,0.42,1000.0,1.9818009405113466
33,BRT,0.42,1000.0,1.9818009405113466
413,BRT,0.42,1000.0,1.9818009405113466
873,BRT,0.42,1000.0,1.9818009405113466
1023,BRT,0.42,1000.0,1.9818009405113466
1574,BRT,0.42,1000.0,1.9818009405113466
2439,BRT,0.42,1000.0,1.9818009405113466
2710,BRT,0.42,1000.0,1.9818009405113466
2757,BRT,0.42,1000.0,1.9818009405113466
183,BRT,0.419,1009.0,1.9770823668434623
459,BRT,0.419,1009.0,1.9770823668434623
774,BRT,0.419,1009.0,1.9770823668434623
935,BRT,0.419,1009.0,1.9770823668434623
1691,BRT,0.419,1009.0,1.9770823668434623
2043,BRT,0.419,1009.0,1.9770823668434623
2278,BRT,0.419,1009.0,1.9770823668434623
1035,BRT,0.418,1016.0,1.9723637931755782
1545,BRT,0.418,1016.0,1.9723637931755782
1783,BRT,0.418,1016.0,1.9723637931755782
201,BRT,0.417,1019.0,1.967645219507694
381,BRT,0.417,1019.0,1.967645219507694
1378,BRT,0.417,1019.0,1.967645219507694
1511,BRT,0.417,1019.0,1.967645219507694
1663,BRT,0.417,1019.0,1.967645219507694
2237,BRT,0.417,1019.0,1.967645219507694
184,BRT,0.416,1025.0,1.9629266458398098
1001,BRT,0.416,1025.0,1.9629266458398098
1635,BRT,0.416,1025.0,1.9629266458398098
1728,BRT,0.416,1025.0,1.9629266458398098
2699,BRT,0.416,1025.0,1.9629266458398098
556,BRT,0.415,1030.0,1.9582080721719257
660,BRT,0.415,1030.0,1.9582080721719257
1400,BRT,0.415,1030.0,1.9582080721719257
1985,BRT,0.415,1030.0,1.9582080721719257
2021,BRT,0.415,1030.0,1.9582080721719257
27,BRT,0.414,1035.0,1.9534894985040416
580,BRT,0.414,1035.0,1.9534894985040416
1032,BRT,0.414,1035.0,1.9534894985040416
1261,BRT,0.414,1035.0,1.9534894985040416
2391,BRT,0.414,1035.0,1.9534894985040416
2676,BRT,0.414,1035.0,1.9534894985040416
257,BRT,0.413,1041.0,1.9487709248361573
316,BRT,0.413,1041.0,1.9487709248361573
379,BRT,0.413,1041.0,1.9487709248361573
1994,BRT,0.413,1041.0,1.9487709248361573
2431,BRT,0.413,1041.0,1.9487709248361573
223,BRT,0.412,1046.0,1.9440523511682732
1563,BRT,0.412,1046.0,1.9440523511682732
266,BRT,0.411,1048.0,1.9393337775003892
344,BRT,0.411,1048.0,1.9393337775003892
1098,BRT,0.411,1048.0,1.9393337775003892
1111,BRT,0.411,1048.0,1.9393337775003892
2246,BRT,0.411,1048.0,1.9393337775003892
625,BRT,0.41,1053.0,1.9346152038325048
1200,BRT,0.41,1053.0,1.9346152038325048
1292,BRT,0.41,1053.0,1.9346152038325048
1341,BRT,0.41,1053.0,1.9346152038325048
1569,BRT,0.41,1053.0,1.9346152038325048
1789,BRT,0.41,1053.0,1.9346152038325048
2487,BRT,0.41,1053.0,1.9346152038325048
2526,BRT,0.41,1053.0,1.9346152038325048
2582,BRT,0.41,1053.0,1.9346152038325048
454,BRT,0.409,1062.0,1.9298966301646208
741,BRT,0.409,1062.0,1.9298966301646208
1068,BRT,0.409,1062.0,1.9298966301646208
1720,BRT,0.409,1062.0,1.9298966301646208
1753,BRT,0.409,1062.0,1.9298966301646208
2354,BRT,0.409,1062.0,1.9298966301646208
2416,BRT,0.409,1062.0,1.9298966301646208
41,BRT,0.408,1069.0,1.9251780564967365
555,BRT,0.408,1069.0,1.9251780564967365
1205,BRT,0.408,1069.0,1.9251780564967365
1721,BRT,0.408,1069.0,1.9251780564967365
2640,BRT,0.408,1069.0,1.9251780564967365
1659,BRT,0.407,1074.0,1.9204594828288524
1877,BRT,0.407,1074.0,1.9204594828288524
208,BRT,0.406,1076.0,1.9157409091609685
516,BRT,0.406,1076.0,1.9157409091609685
633,BRT,0.406,1076.0,1.9157409091609685
2298,BRT,0.406,1076.0,1.9157409091609685
2279,BRT,0.405,1080.0,1.9110223354930844
270,BRT,0.404,1081.0,1.9063037618252001
608,BRT,0.404,1081.0,1.9063037618252001
721,BRT,0.404,1081.0,1.9063037618252001
1780,BRT,0.404,1081.0,1.9063037618252001
2003,BRT,0.404,1081.0,1.9063037618252001
2598,BRT,0.404,1081.0,1.9063037618252001
314,BRT,0.403,1087.0,1.901585188157316
553,BRT,0.403,1087.0,1.901585188157316
618,BRT,0.403,1087.0,1.901585188157316
901,BRT,0.403,1087.0,1.901585188157316
2069,BRT,0.403,1087.0,1.901585188157316
2333,BRT,0.403,1087.0,1.901585188157316
2346,BRT,0.403,1087.0,1.901585188157316
2471,BRT,0.403,1087.0,1.901585188157316
91,BRT,0.402,1095.0,1.896866614489432
370,BRT,0.402,1095.0,1.896866614489432
1297,BRT,0.402,1095.0,1.896866614489432
1759,BRT,0.402,1095.0,1.896866614489432
174,BRT,0.401,1099.0,1.8921480408215476
2090,BRT,0.401,1099.0,1.8921480408215476
2185,BRT,0.401,1099.0,1.8921480408215476
2646,BRT,0.401,1099.0,1.8921480408215476
463,BRT,0.4,1103.0,1.8874294671536636
573,BRT,0.4,1103.0,1.8874294671536636
1089,BRT,0.4,1103.0,1.8874294671536636
1447,BRT,0.4,1103.0,1.8874294671536636
66,BRT,0.399,1107.0,1.8827108934857795
835,BRT,0.399,1107.0,1.8827108934857795
1183,BRT,0.399,1107.0,1.8827108934857795
1407,BRT,0.399,1107.0,1.8827108934857795
2474,BRT,0.399,1107.0,1.8827108934857795
58,BRT,0.398,1112.0,1.8779923198178952
272,BRT,0.398,1112.0,1.8779923198178952
341,BRT,0.398,1112.0,1.8779923198178952
428,BRT,0.398,1112.0,1.8779923198178952
1224,BRT,0.398,1112.0,1.8779923198178952
1363,BRT,0.398,1112.0,1.8779923198178952
1531,BRT,0.398,1112.0,1.8779923198178952
2614,BRT,0.398,1112.0,1.8779923198178952
112,BRT,0.397,1120.0,1.873273746150011
169,BRT,0.397,1120.0,1.873273746150011
560,BRT,0.397,1120.0,1.873273746150011
1582,BRT,0.397,1120.0,1.873273746150011
1733,BRT,0.397,1120.0,1.873273746150011
2039,BRT,0.397,1120.0,1.873273746150011
2102,BRT,0.397,1120.0,1.873273746150011
2153,BRT,0.397,1120.0,1.873273746150011
263,BRT,0.396,1128.0,1.8685551724821268
759,BRT,0.396,1128.0,1.8685551724821268
1566,BRT,0.396,1128.0,1.8685551724821268
2037,BRT,0.396,1128.0,1.8685551724821268
2481,BRT,0.396,1128.0,1.8685551724821268
2530,BRT,0.396,1128.0,1.8685551724821268
2621,BRT,0.396,1128.0,1.8685551724821268
905,BRT,0.395,1135.0,1.8638365988142427
1219,BRT,0.395,1135.0,1.8638365988142427
1344,BRT,0.395,1135.0,1.8638365988142427
2524,BRT,0.395,1135.0,1.8638365988142427
205,BRT,0.394,1139.0,1.8591180251463586
806,BRT,0.394,1139.0,1.8591180251463586
890,BRT,0.394,1139.0,1.8591180251463586
1239,BRT,0.394,1139.0,1.8591180251463586
1323,BRT,0.394,1139.0,1.8591180251463586
1648,BRT,0.394,1139.0,1.8591180251463586
1767,BRT,0.394,1139.0,1.8591180251463586
2223,BRT,0.394,1139.0,1.8591180251463586
2523,BRT,0.394,1139.0,1.8591180251463586
442,BRT,0.393,1148.0,1.8543994514784743
661,BRT,0.393,1148.0,1.8543994514784743
954,BRT,0.393,1148.0,1.8543994514784743
1621,BRT,0.393,1148.0,1.8543994514784743
1937,BRT,0.393,1148.0,1.8543994514784743
2291,BRT,0.393,1148.0,1.8543994514784743
246,BRT,0.392,1154.0,1.8496808778105902
398,BRT,0.392,1154.0,1.8496808778105902
416,BRT,0.392,1154.0,1.8496808778105902
718,BRT,0.392,1154.0,1.8496808778105902
744,BRT,0.392,1154.0,1.8496808778105902
1124,BRT,0.392,1154.0,1.8496808778105902
1811,BRT,0.392,1154.0,1.8496808778105902
1818,BRT,0.392,1154.0,1.8496808778105902
18,BRT,0.391,1162.0,1.8449623041427061
534,BRT,0.391,1162.0,1.8449623041427061
593,BRT,0.391,1162.0,1.8449623041427061
734,BRT,0.391,1162.0,1.8449623041427061
918,BRT,0.391,1162.0,1.8449623041427061
1409,BRT,0.391,1162.0,1.8449623041427061
1894,BRT,0.391,1162.0,1.8449623041427061
1969,BRT,0.391,1162.0,1.8449623041427061
2601,BRT,0.391,1162.0,1.8449623041427061
2767,BRT,0.391,1162.0,1.8449623041427061
2774,BRT,0.391,1162.0,1.8449623041427061
1440,BRT,0.39,1173.0,1.8402437304748218
1876,BRT,0.39,1173.0,1.8402437304748218
1884,BRT,0.39,1173.0,1.8402437304748218
1992,BRT,0.39,1173.0,1.8402437304748218
2435,BRT,0.39,1173.0,1.8402437304748218
2697,BRT,0.39,1173.0,1.8402437304748218
357,BRT,0.389,1179.0,1.8355251568069377
445,BRT,0.389,1179.0,1.8355251568069377
780,BRT,0.389,1179.0,1.8355251568069377
1246,BRT,0.389,1179.0,1.8355251568069377
1611,BRT,0.389,1179.0,1.8355251568069377
1964,BRT,0.389,1179.0,1.8355251568069377
2763,BRT,0.389,1179.0,1.8355251568069377
178,BRT,0.388,1186.0,1.8308065831390536
251,BRT,0.388,1186.0,1.8308065831390536
474,BRT,0.388,1186.0,1.8308065831390536
521,BRT,0.388,1186.0,1.8308065831390536
545,BRT,0.388,1186.0,1.8308065831390536
1391,BRT,0.388,1186.0,1.8308065831390536
1651,BRT,0.388,1186.0,1.8308065831390536
2189,BRT,0.388,1186.0,1.8308065831390536
2327,BRT,0.388,1186.0,1.8308065831390536
237,BRT,0.387,1195.0,1.8260880094711693
90,BRT,0.386,1196.0,1.8213694358032853
698,BRT,0.386,1196.0,1.8213694358032853
2537,BRT,0.386,1196.0,1.8213694358032853
2755,BRT,0.386,1196.0,1.8213694358032853
433,BRT,0.385,1200.0,1.8166508621354012
950,BRT,0.385,1200.0,1.8166508621354012
1079,BRT,0.385,1200.0,1.8166508621354012
1951,BRT,0.385,1200.0,1.8166508621354012
2075,BRT,0.385,1200.0,1.8166508621354012
211,BRT,0.384,1205.0,1.8119322884675169
596,BRT,0.384,1205.0,1.8119322884675169
908,BRT,0.384,1205.0,1.8119322884675169
1575,BRT,0.384,1205.0,1.8119322884675169
2338,BRT,0.384,1205.0,1.8119322884675169
55,BRT,0.383,1210.0,1.8072137147996328
289,BRT,0.383,1210.0,1.8072137147996328
978,BRT,0.383,1210.0,1.8072137147996328
1012,BRT,0.383,1210.0,1.8072137147996328
1280,BRT,0.383,1210.0,1.8072137147996328
1380,BRT,0.383,1210.0,1.8072137147996328
95,BRT,0.382,1216.0,1.8024951411317487
145,BRT,0.382,1216.0,1.8024951411317487
157,BRT,0.382,1216.0,1.8024951411317487
792,BRT,0.382,1216.0,1.8024951411317487
1229,BRT,0.382,1216.0,1.8024951411317487
1337,BRT,0.382,1216.0,1.8024951411317487
2201,BRT,0.382,1216.0,1.8024951411317487
2613,BRT,0.382,1216.0,1.8024951411317487
2662,BRT,0.382,1216.0,1.8024951411317487
2764,BRT,0.382,1216.0,1.8024951411317487
952,BRT,0.381,1226.0,1.7977765674638644
1069,BRT,0.381,1226.0,1.7977765674638644
1855,BRT,0.381,1226.0,1.7977765674638644
2365,BRT,0.381,1226.0,1.7977765674638644
2448,BRT,0.381,1226.0,1.7977765674638644
2556,BRT,0.381,1226.0,1.7977765674638644
441,BRT,0.38,1232.0,1.7930579937959803
582,BRT,0.38,1232.0,1.7930579937959803
665,BRT,0.38,1232.0,1.7930579937959803
830,BRT,0.38,1232.0,1.7930579937959803
1147,BRT,0.38,1232.0,1.7930579937959803
1430,BRT,0.38,1232.0,1.7930579937959803
1773,BRT,0.38,1232.0,1.7930579937959803
2355,BRT,0.38,1232.0,1.7930579937959803
2769,BRT,0.38,1232.0,1.7930579937959803
526,BRT,0.379,1241.0,1.7883394201280962
2048,BRT,0.379,1241.0,1.7883394201280962
2137,BRT,0.379,1241.0,1.7883394201280962
2156,BRT,0.379,1241.0,1.7883394201280962
956,BRT,0.378,1245.0,1.783620846460212
1039,BRT,0.378,1245.0,1.783620846460212
1367,BRT,0.378,1245.0,1.783620846460212
1441,BRT,0.378,1245.0,1.783620846460212
1866,BRT,0.378,1245.0,1.783620846460212
2397,BRT,0.378,1245.0,1.783620846460212
37,BRT,0.377,1251.0,1.7789022727923278
135,BRT,0.377,1251.0,1.7789022727923278
245,BRT,0.377,1251.0,1.7789022727923278
490,BRT,0.377,1251.0,1.7789022727923278
2147,BRT,0.377,1251.0,1.7789022727923278
2206,BRT,0.377,1251.0,1.7789022727923278
443,BRT,0.376,1257.0,1.7741836991244435
640,BRT,0.376,1257.0,1.7741836991244435
1680,BRT,0.376,1257.0,1.7741836991244435
1719,BRT,0.376,1257.0,1.7741836991244435
2358,BRT,0.376,1257.0,1.7741836991244435
2643,BRT,0.376,1257.0,1.7741836991244435
146,BRT,0.375,1263.0,1.7694651254565594
533,BRT,0.375,1263.0,1.7694651254565594
688,BRT,0.375,1263.0,1.7694651254565594
773,BRT,0.375,1263.0,1.7694651254565594
1067,BRT,0.375,1263.0,1.7694651254565594
1137,BRT,0.375,1263.0,1.7694651254565594
1389,BRT,0.375,1263.0,1.7694651254565594
1442,BRT,0.375,1263.0,1.7694651254565594
1665,BRT,0.375,1263.0,1.7694651254565594
1990,BRT,0.375,1263.0,1.7694651254565594
2203,BRT,0.375,1263.0,1.7694651254565594
105,BRT,0.374,1274.0,1.7647465517886753
179,BRT,0.374,1274.0,1.7647465517886753
635,BRT,0.374,1274.0,1.7647465517886753
1535,BRT,0.374,1274.0,1.7647465517886753
2151,BRT,0.374,1274.0,1.7647465517886753
2341,BRT,0.374,1274.0,1.7647465517886753
505,BRT,0.373,1280.0,1.760027978120791
728,BRT,0.373,1280.0,1.760027978120791
1021,BRT,0.373,1280.0,1.760027978120791
1257,BRT,0.373,1280.0,1.760027978120791
2150,BRT,0.373,1280.0,1.760027978120791
2473,BRT,0.373,1280.0,1.760027978120791
2651,BRT,0.373,1280.0,1.760027978120791
168,BRT,0.372,1287.0,1.755309404452907
343,BRT,0.372,1287.0,1.755309404452907
706,BRT,0.372,1287.0,1.755309404452907
756,BRT,0.372,1287.0,1.755309404452907
1333,BRT,0.372,1287.0,1.755309404452907
2007,BRT,0.372,1287.0,1.755309404452907
2688,BRT,0.372,1287.0,1.755309404452907
276,BRT,0.371,1294.0,1.7505908307850229
497,BRT,0.371,1294.0,1.7505908307850229
684,BRT,0.371,1294.0,1.7505908307850229
750,BRT,0.371,1294.0,1.7505908307850229
786,BRT,0.371,1294.0,1.7505908307850229
1567,BRT,0.371,1294.0,1.7505908307850229
1630,BRT,0.371,1294.0,1.7505908307850229
1650,BRT,0.371,1294.0,1.7505908307850229
2136,BRT,0.371,1294.0,1.7505908307850229
2615,BRT,0.371,1294.0,1.7505908307850229
2775,BRT,0.371,1294.0,1.7505908307850229
25,BRT,0.37,1305.0,1.7458722571171386
725,BRT,0.37,1305.0,1.7458722571171386
1359,BRT,0.37,1305.0,1.7458722571171386
1949,BRT,0.37,1305.0,1.7458722571171386
2282,BRT,0.37,1305.0,1.7458722571171386
2330,BRT,0.37,1305.0,1.7458722571171386
2483,BRT,0.37,1305.0,1.7458722571171386
397,BRT,0.369,1312.0,1.7411536834492545
622,BRT,0.369,1312.0,1.7411536834492545
1274,BRT,0.369,1312.0,1.7411536834492545
2173,BRT,0.369,1312.0,1.7411536834492545
2458,BRT,0.369,1312.0,1.7411536834492545
355,BRT,0.368,1317.0,1.7364351097813704
2059,BRT,0.368,1317.0,1.7364351097813704
279,BRT,0.367,1319.0,1.731716536113486
658,BRT,0.367,1319.0,1.731716536113486
659,BRT,0.367,1319.0,1.731716536113486
1128,BRT,0.367,1319.0,1.731716536113486
1150,BRT,0.367,1319.0,1.731716536113486
1792,BRT,0.367,1319.0,1.731716536113486
2233,BRT,0.367,1319.0,1.731716536113486
2301,BRT,0.367,1319.0,1.731716536113486
2597,BRT,0.367,1319.0,1.731716536113486
213,BRT,0.366,1328.0,1.726997962445602
536,BRT,0.366,1328.0,1.726997962445602
867,BRT,0.366,1328.0,1.726997962445602
1056,BRT,0.366,1328.0,1.726997962445602
1201,BRT,0.366,1328.0,1.726997962445602
2262,BRT,0.366,1328.0,1.726997962445602
1275,BRT,0.365,1334.0,1.722279388777718
1548,BRT,0.365,1334.0,1.722279388777718
2326,BRT,0.365,1334.0,1.722279388777718
2649,BRT,0.365,1334.0,1.722279388777718
126,BRT,0.364,1338.0,1.7175608151098336
710,BRT,0.364,1338.0,1.7175608151098336
1618,BRT,0.364,1338.0,1.7175608151098336
340,BRT,0.363,1341.0,1.7128422414419495
509,BRT,0.363,1341.0,1.7128422414419495
778,BRT,0.363,1341.0,1.7128422414419495
834,BRT,0.363,1341.0,1.7128422414419495
1160,BRT,0.363,1341.0,1.7128422414419495
1722,BRT,0.363,1341.0,1.7128422414419495
1946,BRT,0.363,1341.0,1.7128422414419495
2467,BRT,0.363,1341.0,1.7128422414419495
1342,BRT,0.362,1349.0,1.7081236677740654
2264,BRT,0.362,1349.0,1.7081236677740654
338,BRT,0.361,1351.0,1.7034050941061811
824,BRT,0.361,1351.0,1.7034050941061811
1008,BRT,0.361,1351.0,1.7034050941061811
1070,BRT,0.361,1351.0,1.7034050941061811
1794,BRT,0.361,1351.0,1.7034050941061811
19,BRT,0.36,1356.0,1.698686520438297
493,BRT,0.36,1356.0,1.698686520438297
568,BRT,0.36,1356.0,1.698686520438297
1076,BRT,0.36,1356.0,1.698686520438297
2386,BRT,0.36,1356.0,1.698686520438297
124,BRT,0.359,1361.0,1.693967946770413
598,BRT,0.359,1361.0,1.693967946770413
624,BRT,0.359,1361.0,1.693967946770413
924,BRT,0.359,1361.0,1.693967946770413
1231,BRT,0.359,1361.0,1.693967946770413
1486,BRT,0.359,1361.0,1.693967946770413
1519,BRT,0.359,1361.0,1.693967946770413
2216,BRT,0.359,1361.0,1.693967946770413
945,BRT,0.358,1369.0,1.6892493731025287
2214,BRT,0.358,1369.0,1.6892493731025287
114,BRT,0.357,1371.0,1.6845307994346446
311,BRT,0.357,1371.0,1.6845307994346446
376,BRT,0.357,1371.0,1.6845307994346446
575,BRT,0.357,1371.0,1.6845307994346446
812,BRT,0.357,1371.0,1.6845307994346446
1141,BRT,0.357,1371.0,1.6845307994346446
2311,BRT,0.357,1371.0,1.6845307994346446
407,BRT,0.356,1378.0,1.6798122257667603
611,BRT,0.356,1378.0,1.6798122257667603
1143,BRT,0.356,1378.0,1.6798122257667603
1788,BRT,0.356,1378.0,1.6798122257667603
2178,BRT,0.356,1378.0,1.6798122257667603
2553,BRT,0.356,1378.0,1.6798122257667603
125,BRT,0.355,1384.0,1.6750936520988762
142,BRT,0.355,1384.0,1.6750936520988762
1550,BRT,0.355,1384.0,1.6750936520988762
2172,BRT,0.355,1384.0,1.6750936520988762
525,BRT,0.354,1388.0,1.670375078430992
647,BRT,0.354,1388.0,1.670375078430992
1014,BRT,0.354,1388.0,1.670375078430992
1176,BRT,0.354,1388.0,1.670375078430992
1208,BRT,0.354,1388.0,1.670375078430992
1576,BRT,0.354,1388.0,1.670375078430992
1416,BRT,0.353,1394.0,1.6656565047631078
1874,BRT,0.353,1394.0,1.6656565047631078
2228,BRT,0.353,1394.0,1.6656565047631078
2425,BRT,0.353,1394.0,1.6656565047631078
56,BRT,0.352,1398.0,1.6609379310952237
671,BRT,0.352,1398.0,1.6609379310952237
846,BRT,0.352,1398.0,1.6609379310952237
1193,BRT,0.352,1398.0,1.6609379310952237
1968,BRT,0.352,1398.0,1.6609379310952237
2012,BRT,0.352,1398.0,1.6609379310952237
418,BRT,0.351,1404.0,1.6562193574273396
1385,BRT,0.351,1404.0,1.6562193574273396
1907,BRT,0.351,1404.0,1.6562193574273396
2476,BRT,0.351,1404.0,1.6562193574273396
298,BRT,0.35,1408.0,1.6515007837594553
782,BRT,0.35,1408.0,1.6515007837594553
1094,BRT,0.35,1408.0,1.6515007837594553
1352,BRT,0.35,1408.0,1.6515007837594553
1613,BRT,0.35,1408.0,1.6515007837594553
1924,BRT,0.35,1408.0,1.6515007837594553
2006,BRT,0.35,1408.0,1.6515007837594553
2348,BRT,0.35,1408.0,1.6515007837594553
283,BRT,0.349,1416.0,1.6467822100915712
795,BRT,0.349,1416.0,1.6467822100915712
1315,BRT,0.349,1416.0,1.6467822100915712
1743,BRT,0.349,1416.0,1.6467822100915712
2028,BRT,0.349,1416.0,1.6467822100915712
2519,BRT,0.349,1416.0,1.6467822100915712
574,BRT,0.348,1422.0,1.6420636364236871
849,BRT,0.348,1422.0,1.6420636364236871
508,BRT,0.347,1424.0,1.6373450627558028
896,BRT,0.347,1424.0,1.6373450627558028
1977,BRT,0.347,1424.0,1.6373450627558028
2702,BRT,0.347,1424.0,1.6373450627558028
2735,BRT,0.347,1424.0,1.6373450627558028
2740,BRT,0.347,1424.0,1.6373450627558028
666,BRT,0.346,1430.0,1.6326264890879187
990,BRT,0.346,1430.0,1.6326264890879187
1059,BRT,0.346,1430.0,1.6326264890879187
1181,BRT,0.346,1430.0,1.6326264890879187
1514,BRT,0.346,1430.0,1.6326264890879187
1593,BRT,0.346,1430.0,1.6326264890879187
1950,BRT,0.346,1430.0,1.6326264890879187
2374,BRT,0.346,1430.0,1.6326264890879187
2380,BRT,0.346,1430.0,1.6326264890879187
2632,BRT,0.346,1430.0,1.6326264890879187
1078,BRT,0.345,1440.0,1.6279079154200347
1599,BRT,0.345,1440.0,1.6279079154200347
2650,BRT,0.345,1440.0,1.6279079154200347
78,BRT,0.344,1443.0,1.6231893417521503
185,BRT,0.344,1443.0,1.6231893417521503
690,BRT,0.344,1443.0,1.6231893417521503
1546,BRT,0.344,1443.0,1.6231893417521503
2018,BRT,0.344,1443.0,1.6231893417521503
2115,BRT,0.344,1443.0,1.6231893417521503
2690,BRT,0.344,1443.0,1.6231893417521503
206,BRT,0.343,1450.0,1.6184707680842665
839,BRT,0.343,1450.0,1.6184707680842665
1478,BRT,0.343,1450.0,1.6184707680842665
1616,BRT,0.343,1450.0,1.6184707680842665
2162,BRT,0.343,1450.0,1.6184707680842665
2629,BRT,0.343,1450.0,1.6184707680842665
304,BRT,0.342,1456.0,1.6137521944163824
345,BRT,0.342,1456.0,1.6137521944163824
1860,BRT,0.342,1456.0,1.6137521944163824
2234,BRT,0.342,1456.0,1.6137521944163824
2451,BRT,0.342,1456.0,1.6137521944163824
2588,BRT,0.342,1456.0,1.6137521944163824
115,BRT,0.341,1462.0,1.609033620748498
319,BRT,0.341,1462.0,1.609033620748498
747,BRT,0.341,1462.0,1.609033620748498
822,BRT,0.341,1462.0,1.609033620748498
1521,BRT,0.341,1462.0,1.609033620748498
1571,BRT,0.341,1462.0,1.609033620748498
171,BRT,0.34,1468.0,1.604315047080614
1051,BRT,0.34,1468.0,1.604315047080614
1316,BRT,0.34,1468.0,1.604315047080614
1895,BRT,0.34,1468.0,1.604315047080614
2258,BRT,0.34,1468.0,1.604315047080614
42,BRT,0.339,1473.0,1.59959647341273
1317,BRT,0.339,1473.0,1.59959647341273
1456,BRT,0.339,1473.0,1.59959647341273
1607,BRT,0.339,1473.0,1.59959647341273
1959,BRT,0.339,1473.0,1.59959647341273
809,BRT,0.338,1478.0,1.5948778997448456
1301,BRT,0.338,1478.0,1.5948778997448456
1392,BRT,0.338,1478.0,1.5948778997448456
1422,BRT,0.338,1478.0,1.5948778997448456
1705,BRT,0.338,1478.0,1.5948778997448456
1730,BRT,0.338,1478.0,1.5948778997448456
1838,BRT,0.338,1478.0,1.5948778997448456
2568,BRT,0.338,1478.0,1.5948778997448456
451,BRT,0.337,1486.0,1.5901593260769615
1706,BRT,0.337,1486.0,1.5901593260769615
1845,BRT,0.337,1486.0,1.5901593260769615
590,BRT,0.336,1489.0,1.5854407524090774
1913,BRT,0.336,1489.0,1.5854407524090774
2504,BRT,0.336,1489.0,1.5854407524090774
541,BRT,0.335,1492.0,1.5807221787411931
1202,BRT,0.335,1492.0,1.5807221787411931
1242,BRT,0.335,1492.0,1.5807221787411931
1266,BRT,0.335,1492.0,1.5807221787411931
1570,BRT,0.335,1492.0,1.5807221787411931
31,BRT,0.334,1497.0,1.576003605073309
258,BRT,0.334,1497.0,1.576003605073309
1182,BRT,0.334,1497.0,1.576003605073309
471,BRT,0.333,1500.0,1.571285031405425
895,BRT,0.333,1500.0,1.571285031405425
1395,BRT,0.333,1500.0,1.571285031405425
1744,BRT,0.333,1500.0,1.571285031405425
2060,BRT,0.333,1500.0,1.571285031405425
2452,BRT,0.333,1500.0,1.571285031405425
57,BRT,0.332,1506.0,1.5665664577375407
722,BRT,0.332,1506.0,1.5665664577375407
1612,BRT,0.332,1506.0,1.5665664577375407
1707,BRT,0.332,1506.0,1.5665664577375407
2168,BRT,0.332,1506.0,1.5665664577375407
2695,BRT,0.332,1506.0,1.5665664577375407
946,BRT,0.331,1512.0,1.5618478840696566
1402,BRT,0.331,1512.0,1.5618478840696566
1766,BRT,0.331,1512.0,1.5618478840696566
1925,BRT,0.331,1512.0,1.5618478840696566
2205,BRT,0.331,1512.0,1.5618478840696566
2277,BRT,0.331,1512.0,1.5618478840696566
234,BRT,0.33,1518.0,1.5571293104017725
503,BRT,0.33,1518.0,1.5571293104017725
543,BRT,0.33,1518.0,1.5571293104017725
810,BRT,0.33,1518.0,1.5571293104017725
857,BRT,0.33,1518.0,1.5571293104017725
1237,BRT,0.33,1518.0,1.5571293104017725
1454,BRT,0.33,1518.0,1.5571293104017725
6,BRT,0.329,1525.0,1.5524107367338882
603,BRT,0.329,1525.0,1.5524107367338882
1517,BRT,0.329,1525.0,1.5524107367338882
1738,BRT,0.329,1525.0,1.5524107367338882
401,BRT,0.328,1529.0,1.547692163066004
719,BRT,0.328,1529.0,1.547692163066004
1596,BRT,0.328,1529.0,1.547692163066004
1996,BRT,0.328,1529.0,1.547692163066004
153,BRT,0.327,1533.0,1.54297358939812
514,BRT,0.327,1533.0,1.54297358939812
709,BRT,0.327,1533.0,1.54297358939812
805,BRT,0.327,1533.0,1.54297358939812
911,BRT,0.327,1533.0,1.54297358939812
2366,BRT,0.327,1533.0,1.54297358939812
2533,BRT,0.327,1533.0,1.54297358939812
2628,BRT,0.327,1533.0,1.54297358939812
609,BRT,0.326,1541.0,1.5382550157302357
716,BRT,0.326,1541.0,1.5382550157302357
833,BRT,0.326,1541.0,1.5382550157302357
1643,BRT,0.326,1541.0,1.5382550157302357
362,BRT,0.325,1545.0,1.5335364420623516
1157,BRT,0.325,1545.0,1.5335364420623516
1325,BRT,0.325,1545.0,1.5335364420623516
1330,BRT,0.325,1545.0,1.5335364420623516
1834,BRT,0.325,1545.0,1.5335364420623516
1897,BRT,0.325,1545.0,1.5335364420623516
2194,BRT,0.325,1545.0,1.5335364420623516
2306,BRT,0.325,1545.0,1.5335364420623516
2400,BRT,0.325,1545.0,1.5335364420623516
2750,BRT,0.325,1545.0,1.5335364420623516
226,BRT,0.324,1555.0,1.5288178683944673
1654,BRT,0.324,1555.0,1.5288178683944673
578,BRT,0.323,1557.0,1.5240992947265832
670,BRT,0.323,1557.0,1.5240992947265832
2141,BRT,0.323,1557.0,1.5240992947265832
2229,BRT,0.323,1557.0,1.5240992947265832
512,BRT,0.322,1561.0,1.5193807210586991
730,BRT,0.322,1561.0,1.5193807210586991
963,BRT,0.322,1561.0,1.5193807210586991
1740,BRT,0.322,1561.0,1.5193807210586991
2016,BRT,0.322,1561.0,1.5193807210586991
2068,BRT,0.322,1561.0,1.5193807210586991
2325,BRT,0.322,1561.0,1.5193807210586991
2743,BRT,0.322,1561.0,1.5193807210586991
255,BRT,0.321,1569.0,1.5146621473908148
974,BRT,0.321,1569.0,1.5146621473908148
1047,BRT,0.321,1569.0,1.5146621473908148
1115,BRT,0.321,1569.0,1.5146621473908148
1283,BRT,0.321,1569.0,1.5146621473908148
1763,BRT,0.321,1569.0,1.5146621473908148
2661,BRT,0.321,1569.0,1.5146621473908148
1361,BRT,0.32,1576.0,1.5099435737229308
1891,BRT,0.32,1576.0,1.5099435737229308
2286,BRT,0.32,1576.0,1.5099435737229308
1631,BRT,0.319,1579.0,1.5052250000550467
2718,BRT,0.319,1579.0,1.5052250000550467
840,BRT,0.318,1581.0,1.5005064263871624
1053,BRT,0.318,1581.0,1.5005064263871624
1627,BRT,0.318,1581.0,1.5005064263871624
1660,BRT,0.318,1581.0,1.5005064263871624
138,BRT,0.317,1585.0,1.4957878527192783
739,BRT,0.317,1585.0,1.4957878527192783
1043,BRT,0.317,1585.0,1.4957878527192783
1148,BRT,0.317,1585.0,1.4957878527192783
1188,BRT,0.317,1585.0,1.4957878527192783
2000,BRT,0.317,1585.0,1.4957878527192783
2748,BRT,0.317,1585.0,1.4957878527192783
701,BRT,0.316,1592.0,1.4910692790513942
798,BRT,0.316,1592.0,1.4910692790513942
1101,BRT,0.316,1592.0,1.4910692790513942
1251,BRT,0.316,1592.0,1.4910692790513942
1666,BRT,0.316,1592.0,1.4910692790513942
1752,BRT,0.316,1592.0,1.4910692790513942
1784,BRT,0.316,1592.0,1.4910692790513942
1973,BRT,0.316,1592.0,1.4910692790513942
2008,BRT,0.316,1592.0,1.4910692790513942
2058,BRT,0.316,1592.0,1.4910692790513942
2714,BRT,0.316,1592.0,1.4910692790513942
492,BRT,0.315,1603.0,1.4863507053835099
1117,BRT,0.315,1603.0,1.4863507053835099
1673,BRT,0.315,1603.0,1.4863507053835099
1898,BRT,0.315,1603.0,1.4863507053835099
2093,BRT,0.315,1603.0,1.4863507053835099
2289,BRT,0.315,1603.0,1.4863507053835099
447,BRT,0.314,1609.0,1.4816321317156258
772,BRT,0.314,1609.0,1.4816321317156258
892,BRT,0.314,1609.0,1.4816321317156258
1533,BRT,0.314,1609.0,1.4816321317156258
1854,BRT,0.314,1609.0,1.4816321317156258
1944,BRT,0.314,1609.0,1.4816321317156258
2167,BRT,0.314,1609.0,1.4816321317156258
530,BRT,0.313,1616.0,1.4769135580477417
858,BRT,0.313,1616.0,1.4769135580477417
2098,BRT,0.313,1616.0,1.4769135580477417
2580,BRT,0.313,1616.0,1.4769135580477417
62,BRT,0.312,1620.0,1.4721949843798574
1768,BRT,0.312,1620.0,1.4721949843798574
2388,BRT,0.312,1620.0,1.4721949843798574
2460,BRT,0.312,1620.0,1.4721949843798574
683,BRT,0.311,1624.0,1.4674764107119733
1375,BRT,0.311,1624.0,1.4674764107119733
1528,BRT,0.311,1624.0,1.4674764107119733
1803,BRT,0.311,1624.0,1.4674764107119733
2595,BRT,0.311,1624.0,1.4674764107119733
554,BRT,0.31,1629.0,1.4627578370440892
645,BRT,0.31,1629.0,1.4627578370440892
811,BRT,0.31,1629.0,1.4627578370440892
907,BRT,0.31,1629.0,1.4627578370440892
1260,BRT,0.31,1629.0,1.4627578370440892
1303,BRT,0.31,1629.0,1.4627578370440892
1685,BRT,0.31,1629.0,1.4627578370440892
1725,BRT,0.31,1629.0,1.4627578370440892
1862,BRT,0.31,1629.0,1.4627578370440892
818,BRT,0.309,1638.0,1.458039263376205
819,BRT,0.309,1638.0,1.458039263376205
494,BRT,0.308,1640.0,1.4533206897083208
1164,BRT,0.308,1640.0,1.4533206897083208
1455,BRT,0.308,1640.0,1.4533206897083208
1734,BRT,0.308,1640.0,1.4533206897083208
1839,BRT,0.308,1640.0,1.4533206897083208
2406,BRT,0.308,1640.0,1.4533206897083208
2420,BRT,0.308,1640.0,1.4533206897083208
2514,BRT,0.308,1640.0,1.4533206897083208
167,BRT,0.307,1648.0,1.4486021160404368
1173,BRT,0.307,1648.0,1.4486021160404368
1313,BRT,0.307,1648.0,1.4486021160404368
2479,BRT,0.307,1648.0,1.4486021160404368
40,BRT,0.306,1652.0,1.4438835423725525
346,BRT,0.306,1652.0,1.4438835423725525
563,BRT,0.306,1652.0,1.4438835423725525
1970,BRT,0.306,1652.0,1.4438835423725525
2299,BRT,0.306,1652.0,1.4438835423725525
77,BRT,0.305,1657.0,1.4391649687046684
89,BRT,0.305,1657.0,1.4391649687046684
256,BRT,0.305,1657.0,1.4391649687046684
360,BRT,0.305,1657.0,1.4391649687046684
2316,BRT,0.305,1657.0,1.4391649687046684
2674,BRT,0.305,1657.0,1.4391649687046684
224,BRT,0.304,1663.0,1.434446395036784
738,BRT,0.304,1663.0,1.434446395036784
1698,BRT,0.304,1663.0,1.434446395036784
1786,BRT,0.304,1663.0,1.434446395036784
1787,BRT,0.304,1663.0,1.434446395036784
2527,BRT,0.304,1663.0,1.434446395036784
1013,BRT,0.303,1669.0,1.4297278213689
1684,BRT,0.303,1669.0,1.4297278213689
2118,BRT,0.303,1669.0,1.4297278213689
712,BRT,0.302,1672.0,1.425009247701016
855,BRT,0.302,1672.0,1.425009247701016
1888,BRT,0.302,1672.0,1.425009247701016
2033,BRT,0.302,1672.0,1.425009247701016
2314,BRT,0.302,1672.0,1.425009247701016
240,BRT,0.301,1677.0,1.4202906740331316
1218,BRT,0.301,1677.0,1.4202906740331316
1981,BRT,0.301,1677.0,1.4202906740331316
2543,BRT,0.301,1677.0,1.4202906740331316
460,BRT,0.3,1681.0,1.4155721003652475
489,BRT,0.3,1681.0,1.4155721003652475
535,BRT,0.3,1681.0,1.4155721003652475
629,BRT,0.3,1681.0,1.4155721003652475
685,BRT,0.3,1681.0,1.4155721003652475
765,BRT,0.3,1681.0,1.4155721003652475
1113,BRT,0.3,1681.0,1.4155721003652475
2691,BRT,0.3,1681.0,1.4155721003652475
2745,BRT,0.3,1681.0,1.4155721003652475
417,BRT,0.299,1690.0,1.4108535266973634
1368,BRT,0.299,1690.0,1.4108535266973634
2120,BRT,0.299,1690.0,1.4108535266973634
2773,BRT,0.299,1690.0,1.4108535266973634
501,BRT,0.298,1694.0,1.406134953029479
628,BRT,0.298,1694.0,1.406134953029479
1209,BRT,0.298,1694.0,1.406134953029479
1677,BRT,0.298,1694.0,1.406134953029479
2218,BRT,0.298,1694.0,1.406134953029479
2682,BRT,0.298,1694.0,1.406134953029479
1645,BRT,0.297,1700.0,1.401416379361595
2292,BRT,0.297,1700.0,1.401416379361595
2605,BRT,0.297,1700.0,1.401416379361595
1123,BRT,0.296,1703.0,1.396697805693711
1761,BRT,0.296,1703.0,1.396697805693711
1965,BRT,0.296,1703.0,1.396697805693711
2133,BRT,0.296,1703.0,1.396697805693711
2575,BRT,0.296,1703.0,1.396697805693711
2709,BRT,0.296,1703.0,1.396697805693711
2024,BRT,0.295,1709.0,1.3919792320258266
2376,BRT,0.295,1709.0,1.3919792320258266
2722,BRT,0.295,1709.0,1.3919792320258266
2611,BRT,0.294,1712.0,1.3872606583579425
947,BRT,0.293,1713.0,1.3825420846900585
1383,BRT,0.293,1713.0,1.3825420846900585
2116,BRT,0.293,1713.0,1.3825420846900585
2617,BRT,0.293,1713.0,1.3825420846900585
707,BRT,0.292,1717.0,1.3778235110221742
1272,BRT,0.292,1717.0,1.3778235110221742
396,BRT,0.291,1719.0,1.37310493735429
1477,BRT,0.291,1719.0,1.37310493735429
594,BRT,0.29,1721.0,1.368386363686406
1770,BRT,0.29,1721.0,1.368386363686406
1982,BRT,0.29,1721.0,1.368386363686406
2624,BRT,0.29,1721.0,1.368386363686406
859,BRT,0.289,1725.0,1.3636677900185217
902,BRT,0.289,1725.0,1.3636677900185217
1005,BRT,0.289,1725.0,1.3636677900185217
1425,BRT,0.289,1725.0,1.3636677900185217
1731,BRT,0.289,1725.0,1.3636677900185217
1864,BRT,0.289,1725.0,1.3636677900185217
1869,BRT,0.289,1725.0,1.3636677900185217
2082,BRT,0.289,1725.0,1.3636677900185217
2720,BRT,0.289,1725.0,1.3636677900185217
98,BRT,0.288,1734.0,1.3589492163506376
267,BRT,0.288,1734.0,1.3589492163506376
957,BRT,0.288,1734.0,1.3589492163506376
1179,BRT,0.288,1734.0,1.3589492163506376
1481,BRT,0.288,1734.0,1.3589492163506376
1540,BRT,0.288,1734.0,1.3589492163506376
128,BRT,0.287,1740.0,1.3542306426827535
449,BRT,0.287,1740.0,1.3542306426827535
531,BRT,0.287,1740.0,1.3542306426827535
540,BRT,0.287,1740.0,1.3542306426827535
616,BRT,0.287,1740.0,1.3542306426827535
1253,BRT,0.287,1740.0,1.3542306426827535
2335,BRT,0.287,1740.0,1.3542306426827535
353,BRT,0.286,1747.0,1.3495120690148692
456,BRT,0.286,1747.0,1.3495120690148692
544,BRT,0.286,1747.0,1.3495120690148692
1372,BRT,0.286,1747.0,1.3495120690148692
1405,BRT,0.286,1747.0,1.3495120690148692
1541,BRT,0.286,1747.0,1.3495120690148692
2087,BRT,0.286,1747.0,1.3495120690148692
2623,BRT,0.286,1747.0,1.3495120690148692
468,BRT,0.285,1755.0,1.3447934953469851
691,BRT,0.285,1755.0,1.3447934953469851
916,BRT,0.285,1755.0,1.3447934953469851
1658,BRT,0.285,1755.0,1.3447934953469851
1852,BRT,0.285,1755.0,1.3447934953469851
2096,BRT,0.285,1755.0,1.3447934953469851
2381,BRT,0.285,1755.0,1.3447934953469851
1358,BRT,0.284,1762.0,1.3400749216791008
2036,BRT,0.284,1762.0,1.3400749216791008
2169,BRT,0.284,1762.0,1.3400749216791008
2265,BRT,0.284,1762.0,1.3400749216791008
209,BRT,0.283,1766.0,1.3353563480112167
305,BRT,0.283,1766.0,1.3353563480112167
500,BRT,0.283,1766.0,1.3353563480112167
653,BRT,0.283,1766.0,1.3353563480112167
675,BRT,0.282,1770.0,1.3306377743433326
1204,BRT,0.282,1770.0,1.3306377743433326
1921,BRT,0.282,1770.0,1.3306377743433326
2370,BRT,0.282,1770.0,1.3306377743433326
2459,BRT,0.282,1770.0,1.3306377743433326
378,BRT,0.281,1775.0,1.3259192006754488
742,BRT,0.281,1775.0,1.3259192006754488
1298,BRT,0.281,1775.0,1.3259192006754488
1421,BRT,0.281,1775.0,1.3259192006754488
1458,BRT,0.281,1775.0,1.3259192006754488
1653,BRT,0.281,1775.0,1.3259192006754488
47,BRT,0.28,1781.0,1.3212006270075645
85,BRT,0.28,1781.0,1.3212006270075645
330,BRT,0.28,1781.0,1.3212006270075645
423,BRT,0.28,1781.0,1.3212006270075645
762,BRT,0.28,1781.0,1.3212006270075645
1401,BRT,0.28,1781.0,1.3212006270075645
1451,BRT,0.28,1781.0,1.3212006270075645
2056,BRT,0.28,1781.0,1.3212006270075645
2248,BRT,0.28,1781.0,1.3212006270075645
2518,BRT,0.28,1781.0,1.3212006270075645
76,BRT,0.279,1791.0,1.3164820533396804
155,BRT,0.279,1791.0,1.3164820533396804
703,BRT,0.279,1791.0,1.3164820533396804
1102,BRT,0.279,1791.0,1.3164820533396804
1995,BRT,0.279,1791.0,1.3164820533396804
2602,BRT,0.279,1791.0,1.3164820533396804
150,BRT,0.278,1797.0,1.3117634796717963
495,BRT,0.278,1797.0,1.3117634796717963
1074,BRT,0.278,1797.0,1.3117634796717963
1082,BRT,0.278,1797.0,1.3117634796717963
2410,BRT,0.278,1797.0,1.3117634796717963
784,BRT,0.277,1802.0,1.307044906003912
1467,BRT,0.277,1802.0,1.307044906003912
1805,BRT,0.277,1802.0,1.307044906003912
1904,BRT,0.277,1802.0,1.307044906003912
1908,BRT,0.277,1802.0,1.307044906003912
2070,BRT,0.277,1802.0,1.307044906003912
2654,BRT,0.277,1802.0,1.307044906003912
216,BRT,0.276,1809.0,1.302326332336028
669,BRT,0.276,1809.0,1.302326332336028
785,BRT,0.276,1809.0,1.302326332336028
1007,BRT,0.276,1809.0,1.302326332336028
1092,BRT,0.276,1809.0,1.302326332336028
1432,BRT,0.276,1809.0,1.302326332336028
2180,BRT,0.276,1809.0,1.302326332336028
2256,BRT,0.276,1809.0,1.302326332336028
2749,BRT,0.276,1809.0,1.302326332336028
972,BRT,0.275,1818.0,1.2976077586681438
975,BRT,0.275,1818.0,1.2976077586681438
1037,BRT,0.275,1818.0,1.2976077586681438
1326,BRT,0.275,1818.0,1.2976077586681438
1338,BRT,0.275,1818.0,1.2976077586681438
1881,BRT,0.275,1818.0,1.2976077586681438
2463,BRT,0.275,1818.0,1.2976077586681438
235,BRT,0.274,1825.0,1.2928891850002595
597,BRT,0.274,1825.0,1.2928891850002595
1444,BRT,0.274,1825.0,1.2928891850002595
2125,BRT,0.274,1825.0,1.2928891850002595
2174,BRT,0.274,1825.0,1.2928891850002595
2408,BRT,0.274,1825.0,1.2928891850002595
2692,BRT,0.274,1825.0,1.2928891850002595
1066,BRT,0.273,1832.0,1.2881706113323754
1145,BRT,0.273,1832.0,1.2881706113323754
1536,BRT,0.273,1832.0,1.2881706113323754
1695,BRT,0.273,1832.0,1.2881706113323754
2181,BRT,0.273,1832.0,1.2881706113323754
2454,BRT,0.273,1832.0,1.2881706113323754
113,BRT,0.272,1838.0,1.2834520376644911
615,BRT,0.272,1838.0,1.2834520376644911
733,BRT,0.272,1838.0,1.2834520376644911
934,BRT,0.272,1838.0,1.2834520376644911
969,BRT,0.272,1838.0,1.2834520376644911
1556,BRT,0.272,1838.0,1.2834520376644911
2240,BRT,0.272,1838.0,1.2834520376644911
2363,BRT,0.272,1838.0,1.2834520376644911
415,BRT,0.271,1846.0,1.278733463996607
1462,BRT,0.271,1846.0,1.278733463996607
1867,BRT,0.271,1846.0,1.278733463996607
2412,BRT,0.271,1846.0,1.278733463996607
2637,BRT,0.271,1846.0,1.278733463996607
869,BRT,0.27,1851.0,1.274014890328723
888,BRT,0.27,1851.0,1.274014890328723
2027,BRT,0.27,1851.0,1.274014890328723
2572,BRT,0.27,1851.0,1.274014890328723
2636,BRT,0.27,1851.0,1.274014890328723
513,BRT,0.269,1856.0,1.2692963166608386
686,BRT,0.269,1856.0,1.2692963166608386
752,BRT,0.269,1856.0,1.2692963166608386
864,BRT,0.269,1856.0,1.2692963166608386
2570,BRT,0.269,1856.0,1.2692963166608386
617,BRT,0.268,1861.0,1.2645777429929546
1211,BRT,0.268,1861.0,1.2645777429929546
1393,BRT,0.268,1861.0,1.2645777429929546
1694,BRT,0.268,1861.0,1.2645777429929546
1800,BRT,0.268,1861.0,1.2645777429929546
2350,BRT,0.268,1861.0,1.2645777429929546
2554,BRT,0.268,1861.0,1.2645777429929546
2586,BRT,0.268,1861.0,1.2645777429929546
2696,BRT,0.268,1861.0,1.2645777429929546
2754,BRT,0.268,1861.0,1.2645777429929546
165,BRT,0.267,1871.0,1.2598591693250705
757,BRT,0.267,1871.0,1.2598591693250705
1306,BRT,0.267,1871.0,1.2598591693250705
1717,BRT,0.267,1871.0,1.2598591693250705
2468,BRT,0.267,1871.0,1.2598591693250705
116,BRT,0.266,1876.0,1.2551405956571862
621,BRT,0.266,1876.0,1.2551405956571862
1309,BRT,0.266,1876.0,1.2551405956571862
1396,BRT,0.266,1876.0,1.2551405956571862
1710,BRT,0.266,1876.0,1.2551405956571862
172,BRT,0.265,1881.0,1.250422021989302
1217,BRT,0.265,1881.0,1.250422021989302
1308,BRT,0.265,1881.0,1.250422021989302
1457,BRT,0.265,1881.0,1.250422021989302
2307,BRT,0.265,1881.0,1.250422021989302
102,BRT,0.264,1886.0,1.245703448321418
419,BRT,0.264,1886.0,1.245703448321418
790,BRT,0.264,1886.0,1.245703448321418
1154,BRT,0.264,1886.0,1.245703448321418
2378,BRT,0.264,1886.0,1.245703448321418
2470,BRT,0.264,1886.0,1.245703448321418
2532,BRT,0.264,1886.0,1.245703448321418
607,BRT,0.263,1893.0,1.2409848746535337
1195,BRT,0.263,1893.0,1.2409848746535337
1712,BRT,0.263,1893.0,1.2409848746535337
1967,BRT,0.263,1893.0,1.2409848746535337
2398,BRT,0.263,1893.0,1.2409848746535337
271,BRT,0.262,1898.0,1.2362663009856496
473,BRT,0.262,1898.0,1.2362663009856496
591,BRT,0.262,1898.0,1.2362663009856496
1085,BRT,0.262,1898.0,1.2362663009856496
1433,BRT,0.262,1898.0,1.2362663009856496
1934,BRT,0.262,1898.0,1.2362663009856496
2236,BRT,0.262,1898.0,1.2362663009856496
119,BRT,0.261,1905.0,1.2315477273177655
390,BRT,0.261,1905.0,1.2315477273177655
453,BRT,0.261,1905.0,1.2315477273177655
1899,BRT,0.261,1905.0,1.2315477273177655
295,BRT,0.26,1909.0,1.2268291536498812
1052,BRT,0.26,1909.0,1.2268291536498812
1178,BRT,0.26,1909.0,1.2268291536498812
1364,BRT,0.26,1909.0,1.2268291536498812
1777,BRT,0.26,1909.0,1.2268291536498812
2097,BRT,0.26,1909.0,1.2268291536498812
2360,BRT,0.26,1909.0,1.2268291536498812
1042,BRT,0.259,1916.0,1.2221105799819971
1136,BRT,0.259,1916.0,1.2221105799819971
1664,BRT,0.259,1916.0,1.2221105799819971
1790,BRT,0.259,1916.0,1.2221105799819971
2088,BRT,0.259,1916.0,1.2221105799819971
186,BRT,0.258,1921.0,1.217392006314113
197,BRT,0.258,1921.0,1.217392006314113
435,BRT,0.258,1921.0,1.217392006314113
1474,BRT,0.258,1921.0,1.217392006314113
1605,BRT,0.258,1921.0,1.217392006314113
1799,BRT,0.258,1921.0,1.217392006314113
175,BRT,0.257,1927.0,1.2126734326462287
2387,BRT,0.257,1927.0,1.2126734326462287
2491,BRT,0.257,1927.0,1.2126734326462287
2581,BRT,0.257,1927.0,1.2126734326462287
470,BRT,0.256,1931.0,1.2079548589783446
499,BRT,0.256,1931.0,1.2079548589783446
1029,BRT,0.256,1931.0,1.2079548589783446
1210,BRT,0.256,1931.0,1.2079548589783446
1466,BRT,0.256,1931.0,1.2079548589783446
2494,BRT,0.256,1931.0,1.2079548589783446
2574,BRT,0.256,1931.0,1.2079548589783446
148,BRT,0.255,1938.0,1.2032362853104606
233,BRT,0.255,1938.0,1.2032362853104606
906,BRT,0.255,1938.0,1.2032362853104606
971,BRT,0.255,1938.0,1.2032362853104606
2296,BRT,0.255,1938.0,1.2032362853104606
994,BRT,0.254,1943.0,1.1985177116425763
1174,BRT,0.254,1943.0,1.1985177116425763
1555,BRT,0.254,1943.0,1.1985177116425763
2395,BRT,0.254,1943.0,1.1985177116425763
366,BRT,0.253,1947.0,1.1937991379746922
1028,BRT,0.253,1947.0,1.1937991379746922
1180,BRT,0.253,1947.0,1.1937991379746922
2017,BRT,0.253,1947.0,1.1937991379746922
2409,BRT,0.253,1947.0,1.1937991379746922
2446,BRT,0.253,1947.0,1.1937991379746922
2484,BRT,0.253,1947.0,1.1937991379746922
2713,BRT,0.253,1947.0,1.1937991379746922
2715,BRT,0.253,1947.0,1.1937991379746922
393,BRT,0.252,1956.0,1.1890805643068079
889,BRT,0.252,1956.0,1.1890805643068079
1490,BRT,0.252,1956.0,1.1890805643068079
2496,BRT,0.252,1956.0,1.1890805643068079
626,BRT,0.251,1960.0,1.1843619906389238
694,BRT,0.251,1960.0,1.1843619906389238
1050,BRT,0.251,1960.0,1.1843619906389238
1769,BRT,0.251,1960.0,1.1843619906389238
1832,BRT,0.251,1960.0,1.1843619906389238
166,BRT,0.25,1965.0,1.1796434169710397
619,BRT,0.25,1965.0,1.1796434169710397
1332,BRT,0.25,1965.0,1.1796434169710397
1974,BRT,0.25,1965.0,1.1796434169710397
1997,BRT,0.25,1965.0,1.1796434169710397
2184,BRT,0.25,1965.0,1.1796434169710397
2725,BRT,0.25,1965.0,1.1796434169710397
781,BRT,0.249,1972.0,1.1749248433031554
2592,BRT,0.249,1972.0,1.1749248433031554
2700,BRT,0.249,1972.0,1.1749248433031554
702,BRT,0.248,1975.0,1.1702062696352713
787,BRT,0.248,1975.0,1.1702062696352713
938,BRT,0.248,1975.0,1.1702062696352713
1809,BRT,0.248,1975.0,1.1702062696352713
261,BRT,0.247,1979.0,1.1654876959673872
532,BRT,0.247,1979.0,1.1654876959673872
585,BRT,0.247,1979.0,1.1654876959673872
717,BRT,0.247,1979.0,1.1654876959673872
1696,BRT,0.247,1979.0,1.1654876959673872
2375,BRT,0.247,1979.0,1.1654876959673872
1963,BRT,0.246,1985.0,1.160769122299503
2171,BRT,0.246,1985.0,1.160769122299503
2231,BRT,0.246,1985.0,1.160769122299503
107,BRT,0.245,1988.0,1.1560505486316188
610,BRT,0.245,1988.0,1.1560505486316188
1351,BRT,0.245,1988.0,1.1560505486316188
1542,BRT,0.245,1988.0,1.1560505486316188
1633,BRT,0.245,1988.0,1.1560505486316188
1896,BRT,0.245,1988.0,1.1560505486316188
2701,BRT,0.245,1988.0,1.1560505486316188
227,BRT,0.244,1995.0,1.1513319749637347
799,BRT,0.244,1995.0,1.1513319749637347
1288,BRT,0.244,1995.0,1.1513319749637347
2077,BRT,0.244,1995.0,1.1513319749637347
612,BRT,0.243,1999.0,1.1466134012958504
667,BRT,0.243,1999.0,1.1466134012958504
1083,BRT,0.243,1999.0,1.1466134012958504
1403,BRT,0.243,1999.0,1.1466134012958504
1414,BRT,0.243,1999.0,1.1466134012958504
2618,BRT,0.243,1999.0,1.1466134012958504
1293,BRT,0.242,2005.0,1.1418948276279663
2683,BRT,0.242,2005.0,1.1418948276279663
385,BRT,0.241,2007.0,1.1371762539600823
477,BRT,0.241,2007.0,1.1371762539600823
831,BRT,0.241,2007.0,1.1371762539600823
1149,BRT,0.241,2007.0,1.1371762539600823
1701,BRT,0.241,2007.0,1.1371762539600823
111,BRT,0.24,2012.0,1.132457680292198
953,BRT,0.24,2012.0,1.132457680292198
1138,BRT,0.24,2012.0,1.132457680292198
1634,BRT,0.24,2012.0,1.132457680292198
1844,BRT,0.24,2012.0,1.132457680292198
2138,BRT,0.24,2012.0,1.132457680292198
2399,BRT,0.24,2012.0,1.132457680292198
807,BRT,0.239,2019.0,1.1277391066243139
1771,BRT,0.239,2019.0,1.1277391066243139
600,BRT,0.238,2021.0,1.1230205329564298
1027,BRT,0.238,2021.0,1.1230205329564298
1300,BRT,0.238,2021.0,1.1230205329564298
2217,BRT,0.238,2021.0,1.1230205329564298
2253,BRT,0.238,2021.0,1.1230205329564298
689,BRT,0.237,2026.0,1.1183019592885455
852,BRT,0.237,2026.0,1.1183019592885455
980,BRT,0.237,2026.0,1.1183019592885455
1668,BRT,0.237,2026.0,1.1183019592885455
2407,BRT,0.237,2026.0,1.1183019592885455
412,BRT,0.236,2031.0,1.1135833856206614
1813,BRT,0.236,2031.0,1.1135833856206614
278,BRT,0.235,2033.0,1.1088648119527773
783,BRT,0.235,2033.0,1.1088648119527773
1170,BRT,0.235,2033.0,1.1088648119527773
8,BRT,0.234,2036.0,1.1041462382848932
327,BRT,0.234,2036.0,1.1041462382848932
1340,BRT,0.234,2036.0,1.1041462382848932
2002,BRT,0.234,2036.0,1.1041462382848932
2081,BRT,0.234,2036.0,1.1041462382848932
203,BRT,0.233,2041.0,1.099427664617009
395,BRT,0.233,2041.0,1.099427664617009
871,BRT,0.233,2041.0,1.099427664617009
1927,BRT,0.233,2041.0,1.099427664617009
147,BRT,0.232,2045.0,1.0947090909491248
788,BRT,0.232,2045.0,1.0947090909491248
2066,BRT,0.232,2045.0,1.0947090909491248
2221,BRT,0.232,2045.0,1.0947090909491248
2551,BRT,0.232,2045.0,1.0947090909491248
2686,BRT,0.232,2045.0,1.0947090909491248
2744,BRT,0.232,2045.0,1.0947090909491248
163,BRT,0.231,2052.0,1.0899905172812407
1318,BRT,0.231,2052.0,1.0899905172812407
1374,BRT,0.231,2052.0,1.0899905172812407
399,BRT,0.23,2055.0,1.0852719436133564
1156,BRT,0.23,2055.0,1.0852719436133564
2364,BRT,0.23,2055.0,1.0852719436133564
577,BRT,0.229,2058.0,1.0805533699454724
1420,BRT,0.229,2058.0,1.0805533699454724
1903,BRT,0.229,2058.0,1.0805533699454724
2276,BRT,0.229,2058.0,1.0805533699454724
2761,BRT,0.229,2058.0,1.0805533699454724
195,BRT,0.228,2063.0,1.0758347962775883
1822,BRT,0.228,2063.0,1.0758347962775883
2445,BRT,0.228,2063.0,1.0758347962775883
2545,BRT,0.228,2063.0,1.0758347962775883
646,BRT,0.227,2067.0,1.071116222609704
711,BRT,0.227,2067.0,1.071116222609704
2051,BRT,0.227,2067.0,1.071116222609704
2329,BRT,0.227,2067.0,1.071116222609704
2353,BRT,0.227,2067.0,1.071116222609704
2396,BRT,0.227,2067.0,1.071116222609704
2461,BRT,0.227,2067.0,1.071116222609704
704,BRT,0.226,2074.0,1.0663976489418199
1830,BRT,0.226,2074.0,1.0663976489418199
2235,BRT,0.226,2074.0,1.0663976489418199
347,BRT,0.225,2077.0,1.0616790752739358
589,BRT,0.225,2077.0,1.0616790752739358
715,BRT,0.225,2077.0,1.0616790752739358
363,BRT,0.224,2080.0,1.0569605016060515
1276,BRT,0.224,2080.0,1.0569605016060515
2083,BRT,0.224,2080.0,1.0569605016060515
2693,BRT,0.224,2080.0,1.0569605016060515
2721,BRT,0.224,2080.0,1.0569605016060515
2771,BRT,0.224,2080.0,1.0569605016060515
1494,BRT,0.223,2086.0,1.0522419279381674
2041,BRT,0.223,2086.0,1.0522419279381674
2728,BRT,0.223,2086.0,1.0522419279381674
771,BRT,0.222,2089.0,1.0475233542702833
808,BRT,0.222,2089.0,1.0475233542702833
1988,BRT,0.222,2089.0,1.0475233542702833
2042,BRT,0.222,2089.0,1.0475233542702833
592,BRT,0.221,2093.0,1.042804780602399
1225,BRT,0.221,2093.0,1.042804780602399
1586,BRT,0.221,2093.0,1.042804780602399
1755,BRT,0.221,2093.0,1.042804780602399
2503,BRT,0.221,2093.0,1.042804780602399
2675,BRT,0.221,2093.0,1.042804780602399
487,BRT,0.22,2099.0,1.038086206934515
820,BRT,0.22,2099.0,1.038086206934515
1975,BRT,0.22,2099.0,1.038086206934515
2268,BRT,0.22,2099.0,1.038086206934515
1452,BRT,0.219,2103.0,1.0333676332666306
1587,BRT,0.219,2103.0,1.0333676332666306
1600,BRT,0.219,2103.0,1.0333676332666306
2591,BRT,0.219,2103.0,1.0333676332666306
247,BRT,0.218,2107.0,1.0286490595987465
777,BRT,0.218,2107.0,1.0286490595987465
915,BRT,0.218,2107.0,1.0286490595987465
2230,BRT,0.218,2107.0,1.0286490595987465
248,BRT,0.217,2111.0,1.0239304859308624
1628,BRT,0.217,2111.0,1.0239304859308624
2123,BRT,0.217,2111.0,1.0239304859308624
430,BRT,0.216,2114.0,1.0192119122629781
662,BRT,0.216,2114.0,1.0192119122629781
1061,BRT,0.216,2114.0,1.0192119122629781
1918,BRT,0.216,2114.0,1.0192119122629781
2166,BRT,0.216,2114.0,1.0192119122629781
2402,BRT,0.216,2114.0,1.0192119122629781
217,BRT,0.215,2120.0,1.014493338595094
296,BRT,0.215,2120.0,1.014493338595094
436,BRT,0.215,2120.0,1.014493338595094
1127,BRT,0.215,2120.0,1.014493338595094
1781,BRT,0.215,2120.0,1.014493338595094
2508,BRT,0.215,2120.0,1.014493338595094
94,BRT,0.214,2126.0,1.00977476492721
301,BRT,0.214,2126.0,1.00977476492721
524,BRT,0.214,2126.0,1.00977476492721
727,BRT,0.214,2126.0,1.00977476492721
977,BRT,0.214,2126.0,1.00977476492721
1055,BRT,0.214,2126.0,1.00977476492721
1290,BRT,0.214,2126.0,1.00977476492721
1592,BRT,0.214,2126.0,1.00977476492721
2031,BRT,0.214,2126.0,1.00977476492721
537,BRT,0.213,2135.0,1.0050561912593257
1529,BRT,0.213,2135.0,1.0050561912593257
1868,BRT,0.213,2135.0,1.0050561912593257
2424,BRT,0.213,2135.0,1.0050561912593257
770,BRT,0.212,2139.0,1.0003376175914416
817,BRT,0.212,2139.0,1.0003376175914416
1516,BRT,0.212,2139.0,1.0003376175914416
21,BRT,0.211,2142.0,0.9956190439235574
1168,BRT,0.211,2142.0,0.9956190439235574
1269,BRT,0.211,2142.0,0.9956190439235574
1820,BRT,0.211,2142.0,0.9956190439235574
2124,BRT,0.211,2142.0,0.9956190439235574
2712,BRT,0.211,2142.0,0.9956190439235574
754,BRT,0.21,2148.0,0.9909004702556733
1046,BRT,0.21,2148.0,0.9909004702556733
1497,BRT,0.21,2148.0,0.9909004702556733
2112,BRT,0.21,2148.0,0.9909004702556733
2113,BRT,0.21,2148.0,0.9909004702556733
2711,BRT,0.21,2148.0,0.9909004702556733
881,BRT,0.209,2154.0,0.9861818965877891
1022,BRT,0.209,2154.0,0.9861818965877891
2447,BRT,0.209,2154.0,0.9861818965877891
2573,BRT,0.209,2154.0,0.9861818965877891
326,BRT,0.208,2158.0,0.9814633229199049
673,BRT,0.208,2158.0,0.9814633229199049
1223,BRT,0.208,2158.0,0.9814633229199049
2440,BRT,0.208,2158.0,0.9814633229199049
421,BRT,0.207,2162.0,0.9767447492520208
866,BRT,0.207,2162.0,0.9767447492520208
1880,BRT,0.207,2162.0,0.9767447492520208
2107,BRT,0.207,2162.0,0.9767447492520208
2182,BRT,0.207,2162.0,0.9767447492520208
80,BRT,0.206,2167.0,0.9720261755841366
328,BRT,0.206,2167.0,0.9720261755841366
384,BRT,0.206,2167.0,0.9720261755841366
406,BRT,0.206,2167.0,0.9720261755841366
989,BRT,0.206,2167.0,0.9720261755841366
1230,BRT,0.206,2167.0,0.9720261755841366
1724,BRT,0.206,2167.0,0.9720261755841366
2619,BRT,0.206,2167.0,0.9720261755841366
2642,BRT,0.206,2167.0,0.9720261755841366
133,BRT,0.205,2176.0,0.9673076019162524
161,BRT,0.205,2176.0,0.9673076019162524
681,BRT,0.205,2176.0,0.9673076019162524
737,BRT,0.205,2176.0,0.9673076019162524
1207,BRT,0.205,2176.0,0.9673076019162524
1496,BRT,0.205,2176.0,0.9673076019162524
1620,BRT,0.205,2176.0,0.9673076019162524
2035,BRT,0.205,2176.0,0.9673076019162524
2421,BRT,0.205,2176.0,0.9673076019162524
1278,BRT,0.204,2185.0,0.9625890282483682
2706,BRT,0.204,2185.0,0.9625890282483682
232,BRT,0.203,2187.0,0.9578704545804843
643,BRT,0.203,2187.0,0.9578704545804843
682,BRT,0.203,2187.0,0.9578704545804843
926,BRT,0.203,2187.0,0.9578704545804843
1087,BRT,0.203,2187.0,0.9578704545804843
1241,BRT,0.203,2187.0,0.9578704545804843
1284,BRT,0.203,2187.0,0.9578704545804843
2357,BRT,0.203,2187.0,0.9578704545804843
1564,BRT,0.202,2195.0,0.9531518809126001
1589,BRT,0.202,2195.0,0.9531518809126001
2569,BRT,0.202,2195.0,0.9531518809126001
2186,BRT,0.201,2198.0,0.948433307244716
269,BRT,0.2,2199.0,0.9437147335768318
842,BRT,0.2,2199.0,0.9437147335768318
1588,BRT,0.2,2199.0,0.9437147335768318
1675,BRT,0.2,2199.0,0.9437147335768318
1683,BRT,0.2,2199.0,0.9437147335768318
1774,BRT,0.2,2199.0,0.9437147335768318
2196,BRT,0.2,2199.0,0.9437147335768318
332,BRT,0.199,2206.0,0.9389961599089476
931,BRT,0.199,2206.0,0.9389961599089476
1175,BRT,0.199,2206.0,0.9389961599089476
1552,BRT,0.199,2206.0,0.9389961599089476
1742,BRT,0.199,2206.0,0.9389961599089476
2668,BRT,0.199,2206.0,0.9389961599089476
109,BRT,0.198,2212.0,0.9342775862410634
275,BRT,0.198,2212.0,0.9342775862410634
804,BRT,0.198,2212.0,0.9342775862410634
1132,BRT,0.198,2212.0,0.9342775862410634
1590,BRT,0.198,2212.0,0.9342775862410634
2111,BRT,0.198,2212.0,0.9342775862410634
2472,BRT,0.198,2212.0,0.9342775862410634
3,BRT,0.197,2219.0,0.9295590125731793
1615,BRT,0.197,2219.0,0.9295590125731793
1626,BRT,0.197,2219.0,0.9295590125731793
1703,BRT,0.197,2219.0,0.9295590125731793
1751,BRT,0.197,2219.0,0.9295590125731793
2215,BRT,0.197,2219.0,0.9295590125731793
2427,BRT,0.197,2219.0,0.9295590125731793
677,BRT,0.196,2226.0,0.9248404389052951
801,BRT,0.196,2226.0,0.9248404389052951
1547,BRT,0.196,2226.0,0.9248404389052951
1797,BRT,0.196,2226.0,0.9248404389052951
2652,BRT,0.196,2226.0,0.9248404389052951
73,BRT,0.195,2231.0,0.9201218652374109
519,BRT,0.195,2231.0,0.9201218652374109
1504,BRT,0.195,2231.0,0.9201218652374109
1508,BRT,0.195,2231.0,0.9201218652374109
2015,BRT,0.195,2231.0,0.9201218652374109
2127,BRT,0.195,2231.0,0.9201218652374109
5,BRT,0.194,2237.0,0.9154032915695268
79,BRT,0.194,2237.0,0.9154032915695268
374,BRT,0.194,2237.0,0.9154032915695268
1495,BRT,0.194,2237.0,0.9154032915695268
71,BRT,0.193,2241.0,0.9106847179016426
432,BRT,0.193,2241.0,0.9106847179016426
118,BRT,0.192,2243.0,0.9059661442337584
268,BRT,0.192,2243.0,0.9059661442337584
1130,BRT,0.192,2243.0,0.9059661442337584
1273,BRT,0.192,2243.0,0.9059661442337584
2559,BRT,0.192,2243.0,0.9059661442337584
92,BRT,0.191,2248.0,0.9012475705658743
123,BRT,0.191,2248.0,0.9012475705658743
309,BRT,0.191,2248.0,0.9012475705658743
462,BRT,0.191,2248.0,0.9012475705658743
605,BRT,0.191,2248.0,0.9012475705658743
699,BRT,0.191,2248.0,0.9012475705658743
2331,BRT,0.191,2248.0,0.9012475705658743
2377,BRT,0.191,2248.0,0.9012475705658743
466,BRT,0.19,2256.0,0.8965289968979901
1133,BRT,0.19,2256.0,0.8965289968979901
1186,BRT,0.19,2256.0,0.8965289968979901
1512,BRT,0.19,2256.0,0.8965289968979901
2154,BRT,0.19,2256.0,0.8965289968979901
2726,BRT,0.19,2256.0,0.8965289968979901
828,BRT,0.189,2262.0,0.891810423230106
1060,BRT,0.189,2262.0,0.891810423230106
2647,BRT,0.189,2262.0,0.891810423230106
30,BRT,0.188,2265.0,0.8870918495622218
386,BRT,0.188,2265.0,0.8870918495622218
639,BRT,0.188,2265.0,0.8870918495622218
1387,BRT,0.188,2265.0,0.8870918495622218
2324,BRT,0.187,2269.0,0.8823732758943377
2482,BRT,0.187,2269.0,0.8823732758943377
1103,BRT,0.186,2271.0,0.8776547022264535
1222,BRT,0.186,2271.0,0.8776547022264535
2142,BRT,0.186,2271.0,0.8776547022264535
2655,BRT,0.186,2271.0,0.8776547022264535
1470,BRT,0.185,2275.0,0.8729361285585693
1878,BRT,0.185,2275.0,0.8729361285585693
2271,BRT,0.185,2275.0,0.8729361285585693
2707,BRT,0.185,2275.0,0.8729361285585693
2730,BRT,0.185,2275.0,0.8729361285585693
680,BRT,0.184,2280.0,0.8682175548906852
1366,BRT,0.184,2280.0,0.8682175548906852
1926,BRT,0.184,2280.0,0.8682175548906852
829,BRT,0.183,2283.0,0.863498981222801
1131,BRT,0.183,2283.0,0.863498981222801
2428,BRT,0.183,2283.0,0.863498981222801
2751,BRT,0.183,2283.0,0.863498981222801
1265,BRT,0.182,2287.0,0.8587804075549168
1882,BRT,0.182,2287.0,0.8587804075549168
2362,BRT,0.182,2287.0,0.8587804075549168
2548,BRT,0.182,2287.0,0.8587804075549168
480,BRT,0.181,2291.0,0.8540618338870327
2383,BRT,0.181,2291.0,0.8540618338870327
2777,BRT,0.181,2291.0,0.8540618338870327
231,BRT,0.18,2294.0,0.8493432602191485
446,BRT,0.18,2294.0,0.8493432602191485
813,BRT,0.18,2294.0,0.8493432602191485
724,BRT,0.179,2297.0,0.8446246865512643
999,BRT,0.179,2297.0,0.8446246865512643
1987,BRT,0.179,2297.0,0.8446246865512643
2426,BRT,0.179,2297.0,0.8446246865512643
2631,BRT,0.179,2297.0,0.8446246865512643
2729,BRT,0.179,2297.0,0.8446246865512643
1294,BRT,0.178,2303.0,0.8399061128833801
63,BRT,0.177,2304.0,0.835187539215496
356,BRT,0.177,2304.0,0.835187539215496
1236,BRT,0.177,2304.0,0.835187539215496
1887,BRT,0.177,2304.0,0.835187539215496
2312,BRT,0.177,2304.0,0.835187539215496
198,BRT,0.176,2309.0,0.8304689655476118
1319,BRT,0.176,2309.0,0.8304689655476118
1435,BRT,0.176,2309.0,0.8304689655476118
1983,BRT,0.176,2309.0,0.8304689655476118
2144,BRT,0.176,2309.0,0.8304689655476118
2349,BRT,0.176,2309.0,0.8304689655476118
2510,BRT,0.176,2309.0,0.8304689655476118
354,BRT,0.175,2316.0,0.8257503918797277
572,BRT,0.175,2316.0,0.8257503918797277
1213,BRT,0.175,2316.0,0.8257503918797277
2625,BRT,0.175,2316.0,0.8257503918797277
68,BRT,0.174,2320.0,0.8210318182118436
87,BRT,0.174,2320.0,0.8210318182118436
1034,BRT,0.174,2320.0,0.8210318182118436
1077,BRT,0.174,2320.0,0.8210318182118436
1346,BRT,0.174,2320.0,0.8210318182118436
1505,BRT,0.174,2320.0,0.8210318182118436
1836,BRT,0.174,2320.0,0.8210318182118436
1886,BRT,0.174,2320.0,0.8210318182118436
1961,BRT,0.174,2320.0,0.8210318182118436
2513,BRT,0.174,2320.0,0.8210318182118436
2549,BRT,0.174,2320.0,0.8210318182118436
1072,BRT,0.173,2331.0,0.8163132445439594
2534,BRT,0.173,2331.0,0.8163132445439594
2507,BRT,0.172,2333.0,0.8115946708760752
2565,BRT,0.172,2333.0,0.8115946708760752
2579,BRT,0.172,2333.0,0.8115946708760752
2032,BRT,0.171,2336.0,0.8068760972081912
2086,BRT,0.171,2336.0,0.8068760972081912
16,BRT,0.17,2338.0,0.802157523540307
1015,BRT,0.17,2338.0,0.802157523540307
1561,BRT,0.17,2338.0,0.802157523540307
2050,BRT,0.17,2338.0,0.802157523540307
2747,BRT,0.17,2338.0,0.802157523540307
368,BRT,0.169,2343.0,0.7974389498724228
1507,BRT,0.169,2343.0,0.7974389498724228
987,BRT,0.168,2345.0,0.7927203762045387
1461,BRT,0.168,2345.0,0.7927203762045387
1833,BRT,0.168,2345.0,0.7927203762045387
139,BRT,0.167,2348.0,0.7880018025366545
2190,BRT,0.167,2348.0,0.7880018025366545
1065,BRT,0.166,2350.0,0.7832832288687703
1110,BRT,0.166,2350.0,0.7832832288687703
1357,BRT,0.166,2350.0,0.7832832288687703
1446,BRT,0.166,2350.0,0.7832832288687703
1498,BRT,0.166,2350.0,0.7832832288687703
1509,BRT,0.166,2350.0,0.7832832288687703
1718,BRT,0.166,2350.0,0.7832832288687703
2379,BRT,0.166,2350.0,0.7832832288687703
239,BRT,0.165,2358.0,0.7785646552008862
299,BRT,0.165,2358.0,0.7785646552008862
1336,BRT,0.165,2358.0,0.7785646552008862
1434,BRT,0.165,2358.0,0.7785646552008862
1709,BRT,0.165,2358.0,0.7785646552008862
2244,BRT,0.165,2358.0,0.7785646552008862
2322,BRT,0.165,2358.0,0.7785646552008862
571,BRT,0.164,2365.0,0.773846081533002
736,BRT,0.164,2365.0,0.773846081533002
1365,BRT,0.164,2365.0,0.773846081533002
1723,BRT,0.164,2365.0,0.773846081533002
1831,BRT,0.164,2365.0,0.773846081533002
2129,BRT,0.164,2365.0,0.773846081533002
2423,BRT,0.164,2365.0,0.773846081533002
2681,BRT,0.164,2365.0,0.773846081533002
1331,BRT,0.163,2373.0,0.7691275078651179
2641,BRT,0.163,2373.0,0.7691275078651179
284,BRT,0.162,2375.0,0.7644089341972337
383,BRT,0.162,2375.0,0.7644089341972337
576,BRT,0.162,2375.0,0.7644089341972337
1426,BRT,0.162,2375.0,0.7644089341972337
1936,BRT,0.162,2375.0,0.7644089341972337
2139,BRT,0.162,2375.0,0.7644089341972337
2239,BRT,0.162,2375.0,0.7644089341972337
2342,BRT,0.162,2375.0,0.7644089341972337
14,BRT,0.161,2383.0,0.7596903605293496
1386,BRT,0.161,2383.0,0.7596903605293496
1557,BRT,0.161,2383.0,0.7596903605293496
1840,BRT,0.161,2383.0,0.7596903605293496
2303,BRT,0.161,2383.0,0.7596903605293496
2620,BRT,0.161,2383.0,0.7596903605293496
2626,BRT,0.161,2383.0,0.7596903605293496
475,BRT,0.16,2390.0,0.7549717868614654
1071,BRT,0.16,2390.0,0.7549717868614654
1464,BRT,0.16,2390.0,0.7549717868614654
1785,BRT,0.16,2390.0,0.7549717868614654
2040,BRT,0.16,2390.0,0.7549717868614654
2669,BRT,0.159,2395.0,0.7502532131935812
789,BRT,0.158,2396.0,0.7455346395256971
1687,BRT,0.158,2396.0,0.7455346395256971
1865,BRT,0.158,2396.0,0.7455346395256971
152,BRT,0.157,2399.0,0.7408160658578129
2176,BRT,0.157,2399.0,0.7408160658578129
190,BRT,0.156,2401.0,0.7360974921899287
642,BRT,0.156,2401.0,0.7360974921899287
1449,BRT,0.156,2401.0,0.7360974921899287
2414,BRT,0.156,2401.0,0.7360974921899287
359,BRT,0.155,2405.0,0.7313789185220446
517,BRT,0.155,2405.0,0.7313789185220446
731,BRT,0.155,2405.0,0.7313789185220446
1049,BRT,0.154,2408.0,0.7266603448541604
1327,BRT,0.154,2408.0,0.7266603448541604
2197,BRT,0.154,2408.0,0.7266603448541604
2207,BRT,0.154,2408.0,0.7266603448541604
644,BRT,0.153,2412.0,0.7219417711862762
678,BRT,0.153,2412.0,0.7219417711862762
1857,BRT,0.153,2412.0,0.7219417711862762
1911,BRT,0.153,2412.0,0.7219417711862762
620,BRT,0.152,2416.0,0.717223197518392
882,BRT,0.152,2416.0,0.717223197518392
910,BRT,0.152,2416.0,0.717223197518392
1870,BRT,0.152,2416.0,0.717223197518392
2009,BRT,0.152,2416.0,0.717223197518392
2288,BRT,0.152,2416.0,0.717223197518392
461,BRT,0.151,2422.0,0.712504623850508
1191,BRT,0.151,2422.0,0.712504623850508
1216,BRT,0.151,2422.0,0.712504623850508
1947,BRT,0.151,2422.0,0.712504623850508
440,BRT,0.15,2426.0,0.7077860501826237
1424,BRT,0.15,2426.0,0.7077860501826237
1086,BRT,0.149,2428.0,0.7030674765147396
1091,BRT,0.149,2428.0,0.7030674765147396
1515,BRT,0.149,2428.0,0.7030674765147396
1795,BRT,0.149,2428.0,0.7030674765147396
1801,BRT,0.149,2428.0,0.7030674765147396
1851,BRT,0.149,2428.0,0.7030674765147396
49,BRT,0.148,2434.0,0.6983489028468555
1471,BRT,0.148,2434.0,0.6983489028468555
1765,BRT,0.148,2434.0,0.6983489028468555
2317,BRT,0.148,2434.0,0.6983489028468555
2550,BRT,0.148,2434.0,0.6983489028468555
36,BRT,0.147,2439.0,0.6936303291789713
498,BRT,0.147,2439.0,0.6936303291789713
1099,BRT,0.147,2439.0,0.6936303291789713
1196,BRT,0.147,2439.0,0.6936303291789713
1228,BRT,0.147,2439.0,0.6936303291789713
1812,BRT,0.147,2439.0,0.6936303291789713
870,BRT,0.146,2445.0,0.6889117555110871
2498,BRT,0.146,2445.0,0.6889117555110871
1602,BRT,0.145,2447.0,0.684193181843203
1850,BRT,0.145,2447.0,0.684193181843203
1928,BRT,0.145,2447.0,0.684193181843203
2155,BRT,0.145,2447.0,0.684193181843203
2285,BRT,0.145,2447.0,0.684193181843203
2385,BRT,0.145,2447.0,0.684193181843203
2558,BRT,0.145,2447.0,0.684193181843203
448,BRT,0.144,2454.0,0.6794746081753188
2267,BRT,0.144,2454.0,0.6794746081753188
2465,BRT,0.144,2454.0,0.6794746081753188
48,BRT,0.143,2457.0,0.6747560345074346
50,BRT,0.143,2457.0,0.6747560345074346
136,BRT,0.143,2457.0,0.6747560345074346
875,BRT,0.143,2457.0,0.6747560345074346
880,BRT,0.143,2457.0,0.6747560345074346
182,BRT,0.142,2462.0,0.6700374608395504
651,BRT,0.142,2462.0,0.6700374608395504
1595,BRT,0.142,2462.0,0.6700374608395504
1757,BRT,0.142,2462.0,0.6700374608395504
106,BRT,0.141,2466.0,0.6653188871716663
949,BRT,0.141,2466.0,0.6653188871716663
1370,BRT,0.141,2466.0,0.6653188871716663
2328,BRT,0.141,2466.0,0.6653188871716663
550,BRT,0.14,2470.0,0.6606003135037822
760,BRT,0.14,2470.0,0.6606003135037822
2516,BRT,0.14,2470.0,0.6606003135037822
465,BRT,0.139,2473.0,0.6558817398358981
641,BRT,0.139,2473.0,0.6558817398358981
1000,BRT,0.139,2473.0,0.6558817398358981
2109,BRT,0.139,2473.0,0.6558817398358981
83,BRT,0.138,2477.0,0.651163166168014
558,BRT,0.138,2477.0,0.651163166168014
983,BRT,0.138,2477.0,0.651163166168014
1804,BRT,0.138,2477.0,0.651163166168014
510,BRT,0.137,2481.0,0.6464445925001298
982,BRT,0.137,2481.0,0.6464445925001298
1003,BRT,0.137,2481.0,0.6464445925001298
1187,BRT,0.137,2481.0,0.6464445925001298
1232,BRT,0.137,2481.0,0.6464445925001298
1991,BRT,0.137,2481.0,0.6464445925001298
2417,BRT,0.137,2481.0,0.6464445925001298
2449,BRT,0.137,2481.0,0.6464445925001298
848,BRT,0.136,2489.0,0.6417260188322456
1282,BRT,0.136,2489.0,0.6417260188322456
2071,BRT,0.136,2489.0,0.6417260188322456
2101,BRT,0.136,2489.0,0.6417260188322456
932,BRT,0.135,2493.0,0.6370074451643615
1259,BRT,0.135,2493.0,0.6370074451643615
1289,BRT,0.135,2493.0,0.6370074451643615
1376,BRT,0.135,2493.0,0.6370074451643615
2072,BRT,0.135,2493.0,0.6370074451643615
2521,BRT,0.135,2493.0,0.6370074451643615
2671,BRT,0.135,2493.0,0.6370074451643615
2694,BRT,0.135,2493.0,0.6370074451643615
1075,BRT,0.134,2501.0,0.6322888714964773
2192,BRT,0.134,2501.0,0.6322888714964773
2577,BRT,0.134,2501.0,0.6322888714964773
1235,BRT,0.133,2504.0,0.6275702978285931
1842,BRT,0.133,2504.0,0.6275702978285931
2202,BRT,0.133,2504.0,0.6275702978285931
200,BRT,0.132,2507.0,0.622851724160709
1002,BRT,0.132,2507.0,0.622851724160709
1057,BRT,0.132,2507.0,0.622851724160709
1134,BRT,0.132,2507.0,0.622851724160709
1227,BRT,0.132,2507.0,0.622851724160709
1760,BRT,0.132,2507.0,0.622851724160709
2664,BRT,0.132,2507.0,0.622851724160709
2687,BRT,0.132,2507.0,0.622851724160709
108,BRT,0.131,2515.0,0.6181331504928248
254,BRT,0.131,2515.0,0.6181331504928248
542,BRT,0.131,2515.0,0.6181331504928248
687,BRT,0.131,2515.0,0.6181331504928248
751,BRT,0.131,2515.0,0.6181331504928248
1006,BRT,0.131,2515.0,0.6181331504928248
1553,BRT,0.131,2515.0,0.6181331504928248
1632,BRT,0.131,2515.0,0.6181331504928248
1636,BRT,0.131,2515.0,0.6181331504928248
329,BRT,0.13,2524.0,0.6134145768249406
375,BRT,0.13,2524.0,0.6134145768249406
604,BRT,0.13,2524.0,0.6134145768249406
894,BRT,0.13,2524.0,0.6134145768249406
1058,BRT,0.13,2524.0,0.6134145768249406
1741,BRT,0.13,2524.0,0.6134145768249406
1816,BRT,0.13,2524.0,0.6134145768249406
2061,BRT,0.13,2524.0,0.6134145768249406
2433,BRT,0.13,2524.0,0.6134145768249406
2,BRT,0.129,2533.0,0.6086960031570565
1256,BRT,0.129,2533.0,0.6086960031570565
1287,BRT,0.129,2533.0,0.6086960031570565
1307,BRT,0.129,2533.0,0.6086960031570565
1335,BRT,0.129,2533.0,0.6086960031570565
1617,BRT,0.129,2533.0,0.6086960031570565
2738,BRT,0.129,2533.0,0.6086960031570565
88,BRT,0.128,2540.0,0.6039774294891723
579,BRT,0.128,2540.0,0.6039774294891723
648,BRT,0.128,2540.0,0.6039774294891723
1487,BRT,0.128,2540.0,0.6039774294891723
1624,BRT,0.128,2540.0,0.6039774294891723
1641,BRT,0.128,2540.0,0.6039774294891723
2046,BRT,0.128,2540.0,0.6039774294891723
2557,BRT,0.128,2540.0,0.6039774294891723
215,BRT,0.127,2548.0,0.5992588558212881
242,BRT,0.127,2548.0,0.5992588558212881
551,BRT,0.127,2548.0,0.5992588558212881
1177,BRT,0.127,2548.0,0.5992588558212881
1827,BRT,0.127,2548.0,0.5992588558212881
2094,BRT,0.127,2548.0,0.5992588558212881
2095,BRT,0.127,2548.0,0.5992588558212881
2272,BRT,0.127,2548.0,0.5992588558212881
2310,BRT,0.127,2548.0,0.5992588558212881
2382,BRT,0.127,2548.0,0.5992588558212881
2429,BRT,0.127,2548.0,0.5992588558212881
2520,BRT,0.127,2548.0,0.5992588558212881
1024,BRT,0.126,2560.0,0.5945402821534039
1941,BRT,0.126,2560.0,0.5945402821534039
2219,BRT,0.126,2560.0,0.5945402821534039
2555,BRT,0.126,2560.0,0.5945402821534039
13,BRT,0.125,2564.0,0.5898217084855198
140,BRT,0.125,2564.0,0.5898217084855198
854,BRT,0.125,2564.0,0.5898217084855198
930,BRT,0.125,2564.0,0.5898217084855198
1463,BRT,0.125,2564.0,0.5898217084855198
1671,BRT,0.125,2564.0,0.5898217084855198
2280,BRT,0.125,2564.0,0.5898217084855198
103,BRT,0.124,2571.0,0.5851031348176357
336,BRT,0.124,2571.0,0.5851031348176357
993,BRT,0.124,2571.0,0.5851031348176357
1262,BRT,0.124,2571.0,0.5851031348176357
1362,BRT,0.124,2571.0,0.5851031348176357
2343,BRT,0.124,2571.0,0.5851031348176357
120,BRT,0.123,2577.0,0.5803845611497515
764,BRT,0.123,2577.0,0.5803845611497515
1234,BRT,0.123,2577.0,0.5803845611497515
1373,BRT,0.123,2577.0,0.5803845611497515
1525,BRT,0.123,2577.0,0.5803845611497515
1735,BRT,0.123,2577.0,0.5803845611497515
2493,BRT,0.123,2577.0,0.5803845611497515
20,BRT,0.122,2584.0,0.5756659874818674
252,BRT,0.122,2584.0,0.5756659874818674
520,BRT,0.122,2584.0,0.5756659874818674
838,BRT,0.122,2584.0,0.5756659874818674
929,BRT,0.122,2584.0,0.5756659874818674
984,BRT,0.122,2584.0,0.5756659874818674
985,BRT,0.122,2584.0,0.5756659874818674
1299,BRT,0.122,2584.0,0.5756659874818674
1676,BRT,0.122,2584.0,0.5756659874818674
1823,BRT,0.122,2584.0,0.5756659874818674
2308,BRT,0.122,2584.0,0.5756659874818674
54,BRT,0.121,2595.0,0.5709474138139832
158,BRT,0.121,2595.0,0.5709474138139832
779,BRT,0.121,2595.0,0.5709474138139832
1737,BRT,0.121,2595.0,0.5709474138139832
2753,BRT,0.121,2595.0,0.5709474138139832
331,BRT,0.12,2600.0,0.566228840146099
361,BRT,0.12,2600.0,0.566228840146099
584,BRT,0.12,2600.0,0.566228840146099
793,BRT,0.12,2600.0,0.566228840146099
936,BRT,0.12,2600.0,0.566228840146099
2193,BRT,0.12,2600.0,0.566228840146099
2535,BRT,0.12,2600.0,0.566228840146099
693,BRT,0.119,2607.0,0.5615102664782149
941,BRT,0.119,2607.0,0.5615102664782149
1054,BRT,0.119,2607.0,0.5615102664782149
1603,BRT,0.119,2607.0,0.5615102664782149
1714,BRT,0.119,2607.0,0.5615102664782149
1901,BRT,0.119,2607.0,0.5615102664782149
2499,BRT,0.119,2607.0,0.5615102664782149
2606,BRT,0.119,2607.0,0.5615102664782149
191,BRT,0.118,2615.0,0.5567916928103307
1161,BRT,0.118,2615.0,0.5567916928103307
1162,BRT,0.118,2615.0,0.5567916928103307
1410,BRT,0.118,2615.0,0.5567916928103307
2208,BRT,0.118,2615.0,0.5567916928103307
2563,BRT,0.118,2615.0,0.5567916928103307
243,BRT,0.117,2621.0,0.5520731191424466
2270,BRT,0.117,2621.0,0.5520731191424466
2340,BRT,0.117,2621.0,0.5520731191424466
2492,BRT,0.117,2621.0,0.5520731191424466
652,BRT,0.116,2625.0,0.5473545454745624
1810,BRT,0.116,2625.0,0.5473545454745624
2502,BRT,0.116,2625.0,0.5473545454745624
121,BRT,0.115,2628.0,0.5426359718066782
273,BRT,0.115,2628.0,0.5426359718066782
317,BRT,0.115,2628.0,0.5426359718066782
631,BRT,0.115,2628.0,0.5426359718066782
1063,BRT,0.115,2628.0,0.5426359718066782
1573,BRT,0.115,2628.0,0.5426359718066782
1916,BRT,0.115,2628.0,0.5426359718066782
2352,BRT,0.115,2628.0,0.5426359718066782
2772,BRT,0.115,2628.0,0.5426359718066782
285,BRT,0.114,2637.0,0.5379173981387941
315,BRT,0.114,2637.0,0.5379173981387941
472,BRT,0.114,2637.0,0.5379173981387941
720,BRT,0.114,2637.0,0.5379173981387941
1527,BRT,0.114,2637.0,0.5379173981387941
2143,BRT,0.114,2637.0,0.5379173981387941
2165,BRT,0.114,2637.0,0.5379173981387941
2596,BRT,0.114,2637.0,0.5379173981387941
796,BRT,0.113,2645.0,0.5331988244709099
1679,BRT,0.113,2645.0,0.5331988244709099
1889,BRT,0.113,2645.0,0.5331988244709099
1902,BRT,0.113,2645.0,0.5331988244709099
2663,BRT,0.113,2645.0,0.5331988244709099
2768,BRT,0.113,2645.0,0.5331988244709099
595,BRT,0.112,2651.0,0.5284802508030257
841,BRT,0.112,2651.0,0.5284802508030257
1379,BRT,0.112,2651.0,0.5284802508030257
1732,BRT,0.112,2651.0,0.5284802508030257
290,BRT,0.111,2655.0,0.5237616771351417
1465,BRT,0.111,2655.0,0.5237616771351417
2645,BRT,0.111,2655.0,0.5237616771351417
887,BRT,0.11,2658.0,0.5190431034672575
1745,BRT,0.11,2658.0,0.5190431034672575
28,BRT,0.109,2660.0,0.5143245297993733
614,BRT,0.109,2660.0,0.5143245297993733
2438,BRT,0.109,2660.0,0.5143245297993733
207,BRT,0.108,2663.0,0.5096059561314891
274,BRT,0.108,2663.0,0.5096059561314891
515,BRT,0.108,2663.0,0.5096059561314891
1095,BRT,0.108,2663.0,0.5096059561314891
1485,BRT,0.108,2663.0,0.5096059561314891
1667,BRT,0.108,2663.0,0.5096059561314891
2134,BRT,0.108,2663.0,0.5096059561314891
2732,BRT,0.108,2663.0,0.5096059561314891
479,BRT,0.107,2671.0,0.504887382463605
663,BRT,0.107,2671.0,0.504887382463605
692,BRT,0.107,2671.0,0.504887382463605
912,BRT,0.107,2671.0,0.504887382463605
1727,BRT,0.107,2671.0,0.504887382463605
1821,BRT,0.107,2671.0,0.504887382463605
2064,BRT,0.107,2671.0,0.504887382463605
2603,BRT,0.107,2671.0,0.504887382463605
791,BRT,0.106,2679.0,0.5001688087957208
802,BRT,0.106,2679.0,0.5001688087957208
1245,BRT,0.106,2679.0,0.5001688087957208
1381,BRT,0.106,2679.0,0.5001688087957208
2653,BRT,0.106,2679.0,0.5001688087957208
1598,BRT,0.105,2684.0,0.49545023512783665
2304,BRT,0.105,2684.0,0.49545023512783665
2589,BRT,0.105,2684.0,0.49545023512783665
939,BRT,0.104,2687.0,0.49073166145995245
1398,BRT,0.104,2687.0,0.49073166145995245
1429,BRT,0.104,2687.0,0.49073166145995245
1750,BRT,0.104,2687.0,0.49073166145995245
313,BRT,0.103,2691.0,0.4860130877920683
380,BRT,0.103,2691.0,0.4860130877920683
723,BRT,0.103,2691.0,0.4860130877920683
1206,BRT,0.103,2691.0,0.4860130877920683
1310,BRT,0.103,2691.0,0.4860130877920683
2263,BRT,0.103,2691.0,0.4860130877920683
181,BRT,0.102,2697.0,0.4812945141241841
2560,BRT,0.102,2697.0,0.4812945141241841
1322,BRT,0.101,2699.0,0.47657594045630003
2146,BRT,0.101,2699.0,0.47657594045630003
2587,BRT,0.101,2699.0,0.47657594045630003
134,BRT,0.1,2702.0,0.4718573667884159
154,BRT,0.1,2702.0,0.4718573667884159
1038,BRT,0.1,2702.0,0.4718573667884159
2126,BRT,0.1,2702.0,0.4718573667884159
903,BRT,0.099,2706.0,0.4671387931205317
1619,BRT,0.099,2706.0,0.4671387931205317
1638,BRT,0.099,2706.0,0.4671387931205317
1817,BRT,0.099,2706.0,0.4671387931205317
1848,BRT,0.099,2706.0,0.4671387931205317
1915,BRT,0.099,2706.0,0.4671387931205317
2011,BRT,0.099,2706.0,0.4671387931205317
2283,BRT,0.098,2713.0,0.46242021945264755
2336,BRT,0.098,2713.0,0.46242021945264755
2478,BRT,0.098,2713.0,0.46242021945264755
2734,BRT,0.098,2713.0,0.46242021945264755
439,BRT,0.097,2717.0,0.4577016457847634
1030,BRT,0.097,2717.0,0.4577016457847634
627,BRT,0.096,2719.0,0.4529830721168792
1249,BRT,0.096,2719.0,0.4529830721168792
1350,BRT,0.096,2719.0,0.4529830721168792
2413,BRT,0.096,2719.0,0.4529830721168792
434,BRT,0.095,2723.0,0.4482644984489951
634,BRT,0.095,2723.0,0.4482644984489951
884,BRT,0.095,2723.0,0.4482644984489951
1104,BRT,0.095,2723.0,0.4482644984489951
1198,BRT,0.095,2723.0,0.4482644984489951
2666,BRT,0.095,2723.0,0.4482644984489951
218,BRT,0.094,2729.0,0.4435459247811109
919,BRT,0.094,2729.0,0.4435459247811109
928,BRT,0.094,2729.0,0.4435459247811109
2500,BRT,0.094,2729.0,0.4435459247811109
1036,BRT,0.093,2733.0,0.43882735111322674
1520,BRT,0.093,2733.0,0.43882735111322674
2536,BRT,0.093,2733.0,0.43882735111322674
291,BRT,0.092,2736.0,0.4341087774453426
992,BRT,0.092,2736.0,0.4341087774453426
1324,BRT,0.092,2736.0,0.4341087774453426
1642,BRT,0.092,2736.0,0.4341087774453426
1726,BRT,0.092,2736.0,0.4341087774453426
2604,BRT,0.092,2736.0,0.4341087774453426
72,BRT,0.091,2742.0,0.4293902037774584
1139,BRT,0.091,2742.0,0.4293902037774584
1479,BRT,0.091,2742.0,0.4293902037774584
2477,BRT,0.091,2742.0,0.4293902037774584
322,BRT,0.09,2746.0,0.42467163010957426
1116,BRT,0.09,2746.0,0.42467163010957426
1348,BRT,0.09,2746.0,0.42467163010957426
2198,BRT,0.09,2746.0,0.42467163010957426
632,BRT,0.089,2750.0,0.41995305644169006
726,BRT,0.089,2750.0,0.41995305644169006
921,BRT,0.089,2750.0,0.41995305644169006
1713,BRT,0.089,2750.0,0.41995305644169006
1906,BRT,0.089,2750.0,0.41995305644169006
2121,BRT,0.089,2750.0,0.41995305644169006
2345,BRT,0.089,2750.0,0.41995305644169006
67,BRT,0.088,2757.0,0.4152344827738059
1984,BRT,0.088,2757.0,0.4152344827738059
948,BRT,0.087,2759.0,0.4105159091059218
1064,BRT,0.087,2759.0,0.4105159091059218
1580,BRT,0.087,2759.0,0.4105159091059218
2297,BRT,0.087,2759.0,0.4105159091059218
1016,BRT,0.086,2763.0,0.4057973354380376
1859,BRT,0.086,2763.0,0.4057973354380376
868,BRT,0.084,2765.0,0.39636018810226936
1159,BRT,0.084,2765.0,0.39636018810226936
2685,BRT,0.084,2765.0,0.39636018810226936
1247,BRT,0.083,2768.0,0.39164161443438517
1917,BRT,0.083,2768.0,0.39164161443438517
2062,BRT,0.083,2768.0,0.39164161443438517
504,BRT,0.082,2771.0,0.386923040766501
758,BRT,0.081,2772.0,0.38220446709861683
2320,BRT,0.081,2772.0,0.38220446709861683
1399,BRT,0.08,2774.0,0.3774858934307327
1578,BRT,0.08,2774.0,0.3774858934307327
1197,BRT,0.077,2776.0,0.3633301724270802
144,BRT,0.074,2777.0,0.34917445142342773
229,BRT,0.074,2777.0,0.34917445142342773
2004,MLP,4.639,1.0,15.76379882370821
2724,MLP,4.306,2.0,14.63223059600939
2085,MLP,4.285,3.0,14.56087043750586
2318,MLP,2.908,4.0,9.881682901345867
1749,MLP,2.765,5.0,9.39575420296469
1476,MLP,2.321,6.0,7.886996566032929
117,MLP,2.308,7.0,7.842821229816457
1360,MLP,2.174,8.0,7.3874754565082235
1040,MLP,2.032,9.0,6.904944860912931
1419,MLP,1.899,10.0,6.452997190390578
1423,MLP,1.894,11.0,6.436006676461166
1611,MLP,1.851,12.0,6.289888256668226
1960,MLP,1.839,13.0,6.249111023237637
2159,MLP,1.833,14.0,6.228722406522343
593,MLP,1.781,15.0,6.052021061656461
2443,MLP,1.725,16.0,5.86172730564705
1884,MLP,1.719,17.0,5.841338688931756
2209,MLP,1.714,18.0,5.824348175002344
1406,MLP,1.694,19.0,5.756386119284697
1371,MLP,1.683,20.0,5.7190069886399915
1135,MLP,1.677,21.0,5.698618371924697
1697,MLP,1.671,22.0,5.6782297552094025
964,MLP,1.667,23.0,5.6646373440658735
1093,MLP,1.634,24.0,5.552499952131756
1345,MLP,1.561,25.0,5.304438448762344
1169,MLP,1.503,26.0,5.107348487181168
307,MLP,1.5,27.0,5.097154178823521
856,MLP,1.491,28.0,5.06657125375058
1748,MLP,1.469,29.0,4.991812992461169
955,MLP,1.404,30.0,4.770936311378816
761,MLP,1.391,31.0,4.726760975162345
1255,MLP,1.381,32.0,4.692779947303522
2765,MLP,1.363,33.0,4.63161409715764
1885,MLP,1.346,34.0,4.57384634979764
249,MLP,1.34,35.0,4.553457733082346
408,MLP,1.333,36.0,4.5296710135811695
1448,MLP,1.316,37.0,4.47190326622117
1121,MLP,1.314,38.0,4.465107060649405
586,MLP,1.311,39.0,4.454912752291757
2047,MLP,1.3,40.0,4.417533621647052
2455,MLP,1.292,41.0,4.390348799359993
2110,MLP,1.28,42.0,4.349571565929405
507,MLP,1.277,43.0,4.3393772575717575
1681,MLP,1.277,43.0,4.3393772575717575
1910,MLP,1.272,45.0,4.322386743642346
318,MLP,1.26,46.0,4.281609510211758
270,MLP,1.253,47.0,4.2578227907105815
2281,MLP,1.247,48.0,4.237434173995288
96,MLP,1.214,49.0,4.12529678206117
1025,MLP,1.209,50.0,4.108306268131758
1815,MLP,1.188,51.0,4.036946109628229
1377,MLP,1.181,52.0,4.013159390127052
522,MLP,1.178,53.0,4.002965081769405
1503,MLP,1.165,54.0,3.958789745552935
35,MLP,1.158,55.0,3.935003026051758
467,MLP,1.151,56.0,3.9112163065505823
2188,MLP,1.149,57.0,3.9044201009788173
2259,MLP,1.147,58.0,3.897623895407053
1847,MLP,1.138,59.0,3.867040970334111
2648,MLP,1.119,60.0,3.802477017402347
1729,MLP,1.116,61.0,3.7922827090447004
294,MLP,1.111,62.0,3.7752921951152882
127,MLP,1.11,63.0,3.771894092329406
1311,MLP,1.101,64.0,3.7413111672564647
1614,MLP,1.1,65.0,3.7379130644705825
539,MLP,1.095,66.0,3.7209225505411703
1009,MLP,1.093,67.0,3.7141263449694057
1837,MLP,1.087,68.0,3.6937377282541117
2633,MLP,1.082,69.0,3.6767472143247004
1530,MLP,1.08,70.0,3.6699510087529355
1972,MLP,1.078,71.0,3.663154803181171
2274,MLP,1.073,72.0,3.6461642892517587
636,MLP,1.072,73.0,3.642766186465877
1912,MLP,1.065,74.0,3.6189794669647
2177,MLP,1.064,75.0,3.615581364178818
1010,MLP,1.059,76.0,3.5985908502494057
1080,MLP,1.053,77.0,3.5782022335341117
2404,MLP,1.052,78.0,3.57480413074823
2149,MLP,1.049,79.0,3.564609822390582
1647,MLP,1.042,80.0,3.5408231028894064
1920,MLP,1.039,81.0,3.5306287945317587
297,MLP,1.036,82.0,3.5204344861741124
431,MLP,1.035,83.0,3.5170363833882297
923,MLP,1.034,84.0,3.5136382806023474
900,MLP,1.033,85.0,3.5102401778164647
2776,MLP,1.024,86.0,3.479657252743524
1656,MLP,1.021,87.0,3.4694629443858767
1354,MLP,1.017,88.0,3.455870533242347
815,MLP,1.016,89.0,3.4524724304564653
1652,MLP,1.012,90.0,3.438880019312936
100,MLP,1.011,91.0,3.435481916527053
2344,MLP,1.008,92.0,3.4252876081694064
2384,MLP,1.005,93.0,3.415093299811759
638,MLP,1.001,94.0,3.4015008886682296
410,MLP,0.999,95.0,3.394704683096465
877,MLP,0.998,96.0,3.391306580310583
2284,MLP,0.993,97.0,3.374316066381171
69,MLP,0.991,98.0,3.3675198608094066
527,MLP,0.978,99.0,3.323344524592936
2158,MLP,0.975,100.0,3.3131502162352886
2497,MLP,0.971,101.0,3.2995578050917596
1779,MLP,0.968,102.0,3.2893634967341123
821,MLP,0.967,103.0,3.28596539394823
1502,MLP,0.965,104.0,3.279169188376465
601,MLP,0.963,105.0,3.2723729828047006
312,MLP,0.962,106.0,3.2689748800188183
951,MLP,0.96,107.0,3.2621786744470533
1073,MLP,0.96,107.0,3.2621786744470533
1190,MLP,0.957,109.0,3.2519843660894066
672,MLP,0.956,110.0,3.2485862633035243
933,MLP,0.952,111.0,3.234993852159995
1142,MLP,0.949,112.0,3.2247995438023476
382,MLP,0.944,113.0,3.207809029872936
2583,MLP,0.943,114.0,3.2044109270870536
149,MLP,0.941,115.0,3.197614721515289
1754,MLP,0.94,116.0,3.1942166187294063
497,MLP,0.939,117.0,3.190818515943524
2680,MLP,0.939,117.0,3.190818515943524
2731,MLP,0.926,119.0,3.146643179727054
2290,MLP,0.923,120.0,3.136448871369407
452,MLP,0.922,121.0,3.1330507685835247
981,MLP,0.921,122.0,3.1296526657976425
1597,MLP,0.92,123.0,3.1262545630117597
1277,MLP,0.918,124.0,3.119458357439995
2474,MLP,0.918,124.0,3.119458357439995
1692,MLP,0.917,126.0,3.116060254654113
581,MLP,0.916,127.0,3.1126621518682307
220,MLP,0.915,128.0,3.109264049082348
861,MLP,0.915,128.0,3.109264049082348
528,MLP,0.912,130.0,3.099069740724701
2067,MLP,0.909,131.0,3.088875432367054
1146,MLP,0.904,132.0,3.071884918437642
1526,MLP,0.904,132.0,3.071884918437642
518,MLP,0.903,134.0,3.06848681565176
1438,MLP,0.902,135.0,3.0650887128658777
1488,MLP,0.902,135.0,3.0650887128658777
2430,MLP,0.898,137.0,3.051496301722348
1468,MLP,0.895,138.0,3.041301993364701
2373,MLP,0.895,138.0,3.041301993364701
2013,MLP,0.893,140.0,3.0345057877929364
12,MLP,0.892,141.0,3.031107685007054
775,MLP,0.892,141.0,3.031107685007054
2130,MLP,0.892,141.0,3.031107685007054
2432,MLP,0.891,144.0,3.027709582221172
1220,MLP,0.89,145.0,3.024311479435289
1746,MLP,0.883,146.0,3.000524759934113
927,MLP,0.882,147.0,2.9971266571482307
2593,MLP,0.882,147.0,2.9971266571482307
52,MLP,0.88,149.0,2.9903304515764657
1238,MLP,0.88,149.0,2.9903304515764657
1493,MLP,0.88,149.0,2.9903304515764657
476,MLP,0.877,152.0,2.980136143218819
369,MLP,0.873,153.0,2.9665437320752894
2436,MLP,0.872,154.0,2.963145629289407
959,MLP,0.868,155.0,2.9495532181458777
2257,MLP,0.866,156.0,2.942757012574113
1523,MLP,0.865,157.0,2.9393589097882304
1320,MLP,0.864,158.0,2.935960807002348
287,MLP,0.861,159.0,2.9257664986447014
193,MLP,0.86,160.0,2.9223683958588187
2300,MLP,0.86,160.0,2.9223683958588187
1914,MLP,0.857,162.0,2.912174087501172
1841,MLP,0.854,163.0,2.9019797791435247
1305,MLP,0.853,164.0,2.8985816763576424
556,MLP,0.852,165.0,2.89518357357176
1172,MLP,0.852,165.0,2.89518357357176
674,MLP,0.849,167.0,2.884989265214113
570,MLP,0.847,168.0,2.8781930596423484
1250,MLP,0.847,168.0,2.8781930596423484
511,MLP,0.846,170.0,2.874794956856466
1129,MLP,0.842,171.0,2.8612025457129366
1793,MLP,0.841,172.0,2.8578044429270544
2525,MLP,0.841,172.0,2.8578044429270544
1355,MLP,0.837,174.0,2.844212031783525
1436,MLP,0.835,175.0,2.83741582621176
2758,MLP,0.834,176.0,2.8340177234258777
2145,MLP,0.833,177.0,2.8306196206399954
2309,MLP,0.833,177.0,2.8306196206399954
427,MLP,0.83,179.0,2.820425312282348
2029,MLP,0.83,179.0,2.820425312282348
837,MLP,0.829,181.0,2.817027209496466
816,MLP,0.822,182.0,2.7932404899952896
1953,MLP,0.822,182.0,2.7932404899952896
306,MLP,0.819,184.0,2.7830461816376424
143,MLP,0.818,185.0,2.77964807885176
437,MLP,0.818,185.0,2.77964807885176
2450,MLP,0.815,187.0,2.769453770494113
2152,MLP,0.813,188.0,2.7626575649223484
650,MLP,0.81,189.0,2.7524632565647016
1484,MLP,0.81,189.0,2.7524632565647016
1758,MLP,0.808,191.0,2.745667050992937
922,MLP,0.807,192.0,2.742268948207055
2287,MLP,0.806,193.0,2.738870845421172
262,MLP,0.804,194.0,2.7320746398494076
1243,MLP,0.803,195.0,2.7286765370635253
2305,MLP,0.802,196.0,2.725278434277643
599,MLP,0.8,197.0,2.718482228705878
2030,MLP,0.799,198.0,2.715084125919996
2599,MLP,0.798,199.0,2.7116860231341136
2538,MLP,0.797,200.0,2.7082879203482313
965,MLP,0.796,201.0,2.7048898175623486
1459,MLP,0.794,202.0,2.698093611990584
1114,MLP,0.793,203.0,2.694695509204702
2316,MLP,0.792,204.0,2.6912974064188195
557,MLP,0.791,205.0,2.687899303632937
1572,MLP,0.79,206.0,2.6845012008470546
2411,MLP,0.789,207.0,2.6811030980611723
998,MLP,0.788,208.0,2.67770499527529
2356,MLP,0.785,209.0,2.667510686917643
84,MLP,0.784,210.0,2.6641125841317606
334,MLP,0.784,210.0,2.6641125841317606
748,MLP,0.783,212.0,2.6607144813458783
2689,MLP,0.781,213.0,2.6539182757741133
1879,MLP,0.778,214.0,2.6437239674164665
2249,MLP,0.774,215.0,2.630131556272937
940,MLP,0.772,216.0,2.6233353507011725
2092,MLP,0.77,217.0,2.6165391451294076
2561,MLP,0.77,217.0,2.6165391451294076
358,MLP,0.769,219.0,2.6131410423435253
696,MLP,0.769,219.0,2.6131410423435253
664,MLP,0.768,221.0,2.609742939557643
606,MLP,0.767,222.0,2.6063448367717608
844,MLP,0.765,223.0,2.599548631199996
850,MLP,0.765,223.0,2.599548631199996
2227,MLP,0.765,223.0,2.599548631199996
970,MLP,0.764,226.0,2.5961505284141135
2578,MLP,0.763,227.0,2.5927524256282313
1185,MLP,0.762,228.0,2.589354322842349
2076,MLP,0.762,228.0,2.589354322842349
1637,MLP,0.761,230.0,2.5859562200564667
2469,MLP,0.761,230.0,2.5859562200564667
2486,MLP,0.761,230.0,2.5859562200564667
325,MLP,0.76,233.0,2.582558117270584
2733,MLP,0.758,234.0,2.5757619116988195
1264,MLP,0.754,235.0,2.56216950055529
666,MLP,0.752,236.0,2.5553732949835255
2273,MLP,0.752,236.0,2.5553732949835255
230,MLP,0.75,238.0,2.5485770894117605
958,MLP,0.75,238.0,2.5485770894117605
339,MLP,0.749,240.0,2.5451789866258783
885,MLP,0.747,241.0,2.5383827810541137
1244,MLP,0.746,242.0,2.5349846782682315
189,MLP,0.743,243.0,2.5247903699105843
1919,MLP,0.743,243.0,2.5247903699105843
1271,MLP,0.739,245.0,2.5111979587670548
1690,MLP,0.739,245.0,2.5111979587670548
1775,MLP,0.739,245.0,2.5111979587670548
129,MLP,0.738,248.0,2.5077998559811725
1661,MLP,0.738,248.0,2.5077998559811725
2161,MLP,0.738,248.0,2.5077998559811725
2016,MLP,0.736,251.0,2.501003650409408
60,MLP,0.735,252.0,2.4976055476235253
1469,MLP,0.734,253.0,2.494207444837643
1715,MLP,0.734,253.0,2.494207444837643
655,MLP,0.731,255.0,2.484013136479996
2437,MLP,0.731,255.0,2.484013136479996
1898,MLP,0.73,257.0,2.4806150336941135
1107,MLP,0.729,258.0,2.4772169309082313
2609,MLP,0.729,258.0,2.4772169309082313
2037,MLP,0.723,260.0,2.4568283141929372
1644,MLP,0.722,261.0,2.453430211407055
1933,MLP,0.72,262.0,2.44663400583529
2339,MLP,0.72,262.0,2.44663400583529
485,MLP,0.718,264.0,2.4398378002635255
657,MLP,0.718,264.0,2.4398378002635255
1518,MLP,0.718,264.0,2.4398378002635255
1442,MLP,0.717,267.0,2.436439697477643
1427,MLP,0.716,268.0,2.433041594691761
700,MLP,0.715,269.0,2.4296434919058782
2052,MLP,0.715,269.0,2.4296434919058782
251,MLP,0.714,271.0,2.426245389119996
1328,MLP,0.714,271.0,2.426245389119996
2552,MLP,0.714,271.0,2.426245389119996
2679,MLP,0.714,271.0,2.426245389119996
1382,MLP,0.713,275.0,2.4228472863341137
1861,MLP,0.713,275.0,2.4228472863341137
281,MLP,0.712,277.0,2.4194491835482315
878,MLP,0.712,277.0,2.4194491835482315
1088,MLP,0.712,277.0,2.4194491835482315
1109,MLP,0.712,277.0,2.4194491835482315
132,MLP,0.711,281.0,2.416051080762349
917,MLP,0.711,281.0,2.416051080762349
1892,MLP,0.711,281.0,2.416051080762349
51,MLP,0.706,284.0,2.3990605668329374
2117,MLP,0.706,284.0,2.3990605668329374
2541,MLP,0.706,284.0,2.3990605668329374
300,MLP,0.705,287.0,2.3956624640470547
1252,MLP,0.705,287.0,2.3956624640470547
2183,MLP,0.705,287.0,2.3956624640470547
491,MLP,0.704,290.0,2.3922643612611725
740,MLP,0.704,290.0,2.3922643612611725
2295,MLP,0.703,292.0,2.38886625847529
1144,MLP,0.701,293.0,2.3820700529035257
1556,MLP,0.7,294.0,2.378671950117643
1945,MLP,0.699,295.0,2.3752738473317607
1931,MLP,0.698,296.0,2.3718757445458785
11,MLP,0.697,297.0,2.368477641759996
444,MLP,0.696,298.0,2.365079538974114
830,MLP,0.696,298.0,2.365079538974114
351,MLP,0.695,300.0,2.3616814361882312
1674,MLP,0.695,300.0,2.3616814361882312
1118,MLP,0.694,302.0,2.358283333402349
302,MLP,0.691,303.0,2.348089025044702
797,MLP,0.69,304.0,2.3446909222588195
1437,MLP,0.689,305.0,2.341292819472937
1778,MLP,0.688,306.0,2.337894716687055
1539,MLP,0.687,307.0,2.334496613901173
2023,MLP,0.687,307.0,2.334496613901173
753,MLP,0.686,309.0,2.3310985111152904
656,MLP,0.685,310.0,2.327700408329408
1151,MLP,0.685,310.0,2.327700408329408
39,MLP,0.684,312.0,2.324302305543526
1011,MLP,0.684,312.0,2.324302305543526
38,MLP,0.683,314.0,2.3209042027576436
2441,MLP,0.683,314.0,2.3209042027576436
1649,MLP,0.681,316.0,2.3141079971858787
2005,MLP,0.681,316.0,2.3141079971858787
86,MLP,0.68,318.0,2.3107098943999964
2584,MLP,0.68,318.0,2.3107098943999964
2540,MLP,0.679,320.0,2.307311791614114
425,MLP,0.678,321.0,2.303913688828232
1856,MLP,0.678,321.0,2.303913688828232
1791,MLP,0.677,323.0,2.3005155860423496
925,MLP,0.676,324.0,2.297117483256467
1772,MLP,0.676,324.0,2.297117483256467
1583,MLP,0.675,326.0,2.2937193804705847
2199,MLP,0.673,327.0,2.28692317489882
349,MLP,0.672,328.0,2.283525072112938
1314,MLP,0.672,328.0,2.283525072112938
1317,MLP,0.671,330.0,2.280126969327055
1418,MLP,0.67,331.0,2.276728866541173
1825,MLP,0.67,331.0,2.276728866541173
1558,MLP,0.669,333.0,2.2733307637552906
1826,MLP,0.669,333.0,2.2733307637552906
1295,MLP,0.667,335.0,2.266534558183526
2608,MLP,0.667,335.0,2.266534558183526
1853,MLP,0.666,337.0,2.2631364553976434
1957,MLP,0.666,337.0,2.2631364553976434
561,MLP,0.665,339.0,2.259738352611761
2401,MLP,0.665,339.0,2.259738352611761
2063,MLP,0.663,341.0,2.2529421470399966
2118,MLP,0.663,341.0,2.2529421470399966
293,MLP,0.66,343.0,2.2427478386823494
1412,MLP,0.66,343.0,2.2427478386823494
2422,MLP,0.66,343.0,2.2427478386823494
2612,MLP,0.66,343.0,2.2427478386823494
1923,MLP,0.658,347.0,2.235951633110585
2255,MLP,0.658,347.0,2.235951633110585
2611,MLP,0.658,347.0,2.235951633110585
194,MLP,0.657,350.0,2.2325535303247026
2566,MLP,0.657,350.0,2.2325535303247026
1979,MLP,0.655,352.0,2.2257573247529376
2367,MLP,0.655,352.0,2.2257573247529376
2716,MLP,0.654,354.0,2.2223592219670554
899,MLP,0.653,355.0,2.218961119181173
2511,MLP,0.653,355.0,2.218961119181173
1096,MLP,0.652,357.0,2.215563016395291
1031,MLP,0.651,358.0,2.212164913609408
1296,MLP,0.651,358.0,2.212164913609408
2106,MLP,0.651,358.0,2.212164913609408
2544,MLP,0.651,358.0,2.212164913609408
264,MLP,0.649,362.0,2.2053687080376436
321,MLP,0.648,363.0,2.2019706052517614
2515,MLP,0.648,363.0,2.2019706052517614
968,MLP,0.647,365.0,2.198572502465879
214,MLP,0.646,366.0,2.1951743996799964
2078,MLP,0.645,367.0,2.191776296894114
2456,MLP,0.645,367.0,2.191776296894114
1033,MLP,0.644,369.0,2.188378194108232
1167,MLP,0.642,370.0,2.1815819885364673
2466,MLP,0.642,370.0,2.1815819885364673
623,MLP,0.641,372.0,2.1781838857505846
1321,MLP,0.641,372.0,2.1781838857505846
612,MLP,0.64,374.0,2.1747857829647024
371,MLP,0.639,375.0,2.17138768017882
920,MLP,0.639,375.0,2.17138768017882
392,MLP,0.638,377.0,2.167989577392938
484,MLP,0.636,378.0,2.161193371821173
1090,MLP,0.636,378.0,2.161193371821173
1601,MLP,0.635,380.0,2.1577952690352906
2659,MLP,0.635,380.0,2.1577952690352906
75,MLP,0.634,382.0,2.1543971662494084
1246,MLP,0.634,382.0,2.1543971662494084
82,MLP,0.633,384.0,2.150999063463526
825,MLP,0.633,384.0,2.150999063463526
1020,MLP,0.633,384.0,2.150999063463526
1559,MLP,0.633,384.0,2.150999063463526
2022,MLP,0.633,384.0,2.150999063463526
1411,MLP,0.632,389.0,2.147600960677644
1018,MLP,0.631,390.0,2.144202857891761
2084,MLP,0.631,390.0,2.144202857891761
1585,MLP,0.63,392.0,2.140804755105879
2099,MLP,0.63,392.0,2.140804755105879
1639,MLP,0.629,394.0,2.1374066523199966
2103,MLP,0.629,394.0,2.1374066523199966
324,MLP,0.627,396.0,2.130610446748232
563,MLP,0.624,397.0,2.120416138390585
2275,MLP,0.624,397.0,2.120416138390585
1226,MLP,0.623,399.0,2.1170180356047026
2179,MLP,0.623,399.0,2.1170180356047026
2509,MLP,0.623,399.0,2.1170180356047026
2224,MLP,0.62,402.0,2.1068237272470554
1543,MLP,0.619,403.0,2.103425624461173
2542,MLP,0.619,403.0,2.103425624461173
402,MLP,0.616,405.0,2.093231316103526
429,MLP,0.615,406.0,2.0898332133176436
836,MLP,0.615,406.0,2.0898332133176436
1460,MLP,0.614,408.0,2.0864351105317613
288,MLP,0.613,409.0,2.083037007745879
1860,MLP,0.612,410.0,2.079638904959997
2010,MLP,0.612,410.0,2.079638904959997
2347,MLP,0.612,410.0,2.079638904959997
2673,MLP,0.612,410.0,2.079638904959997
2089,MLP,0.611,414.0,2.076240802174114
404,MLP,0.61,415.0,2.072842699388232
2746,MLP,0.608,416.0,2.0660464938164673
1390,MLP,0.606,417.0,2.0592502882447024
1428,MLP,0.606,417.0,2.0592502882447024
1501,MLP,0.606,417.0,2.0592502882447024
2261,MLP,0.606,417.0,2.0592502882447024
1623,MLP,0.605,421.0,2.05585218545882
2057,MLP,0.605,421.0,2.05585218545882
2319,MLP,0.605,421.0,2.05585218545882
320,MLP,0.604,424.0,2.052454082672938
1883,MLP,0.604,424.0,2.052454082672938
1929,MLP,0.604,424.0,2.052454082672938
1549,MLP,0.603,427.0,2.0490559798870556
221,MLP,0.601,428.0,2.0422597743152906
1041,MLP,0.601,428.0,2.0422597743152906
2115,MLP,0.601,428.0,2.0422597743152906
2547,MLP,0.601,428.0,2.0422597743152906
843,MLP,0.6,432.0,2.0388616715294083
937,MLP,0.6,432.0,2.0388616715294083
1165,MLP,0.599,434.0,2.035463568743526
405,MLP,0.598,435.0,2.032065465957644
2026,MLP,0.598,435.0,2.032065465957644
342,MLP,0.597,437.0,2.0286673631717616
996,MLP,0.597,437.0,2.0286673631717616
2517,MLP,0.597,437.0,2.0286673631717616
1445,MLP,0.596,440.0,2.025269260385879
1922,MLP,0.596,440.0,2.025269260385879
2677,MLP,0.596,440.0,2.025269260385879
1084,MLP,0.595,443.0,2.0218711575999966
2236,MLP,0.595,443.0,2.0218711575999966
768,MLP,0.594,445.0,2.0184730548141143
1019,MLP,0.594,445.0,2.0184730548141143
1062,MLP,0.594,445.0,2.0184730548141143
1764,MLP,0.592,448.0,2.01167684924235
1431,MLP,0.591,449.0,2.008278746456467
1994,MLP,0.59,450.0,2.004880643670585
1126,MLP,0.588,451.0,1.9980844380988203
292,MLP,0.587,452.0,1.9946863353129378
555,MLP,0.586,453.0,1.9912882325270556
1932,MLP,0.586,453.0,1.9912882325270556
569,MLP,0.585,455.0,1.9878901297411733
1702,MLP,0.585,455.0,1.9878901297411733
2752,MLP,0.585,455.0,1.9878901297411733
2054,MLP,0.584,458.0,1.9844920269552908
1824,MLP,0.583,459.0,1.9810939241694085
1930,MLP,0.583,459.0,1.9810939241694085
1212,MLP,0.582,461.0,1.977695821383526
1475,MLP,0.582,461.0,1.977695821383526
2369,MLP,0.582,461.0,1.977695821383526
391,MLP,0.58,464.0,1.9708996158117615
1192,MLP,0.58,464.0,1.9708996158117615
1312,MLP,0.58,464.0,1.9708996158117615
2053,MLP,0.58,464.0,1.9708996158117615
2501,MLP,0.579,468.0,1.967501513025879
600,MLP,0.578,469.0,1.9641034102399968
177,MLP,0.577,470.0,1.9607053074541143
979,MLP,0.577,470.0,1.9607053074541143
1439,MLP,0.577,470.0,1.9607053074541143
2630,MLP,0.577,470.0,1.9607053074541143
238,MLP,0.576,474.0,1.957307204668232
2703,MLP,0.576,474.0,1.957307204668232
566,MLP,0.575,476.0,1.9539091018823498
2160,MLP,0.575,476.0,1.9539091018823498
879,MLP,0.574,478.0,1.9505109990964673
159,MLP,0.572,479.0,1.9437147935247026
874,MLP,0.572,479.0,1.9437147935247026
904,MLP,0.572,479.0,1.9437147935247026
1021,MLP,0.572,479.0,1.9437147935247026
1594,MLP,0.572,479.0,1.9437147935247026
2667,MLP,0.571,484.0,1.9403166907388203
826,MLP,0.57,485.0,1.936918587952938
872,MLP,0.57,485.0,1.936918587952938
1807,MLP,0.57,485.0,1.936918587952938
310,MLP,0.569,488.0,1.9335204851670555
488,MLP,0.569,488.0,1.9335204851670555
2662,MLP,0.569,488.0,1.9335204851670555
538,MLP,0.565,491.0,1.9199280740235263
173,MLP,0.564,492.0,1.9165299712376438
1263,MLP,0.564,492.0,1.9165299712376438
212,MLP,0.563,494.0,1.9131318684517615
1356,MLP,0.563,494.0,1.9131318684517615
2191,MLP,0.563,494.0,1.9131318684517615
59,MLP,0.562,497.0,1.9097337656658795
70,MLP,0.562,497.0,1.9097337656658795
637,MLP,0.562,497.0,1.9097337656658795
2480,MLP,0.562,497.0,1.9097337656658795
280,MLP,0.561,501.0,1.9063356628799972
567,MLP,0.561,501.0,1.9063356628799972
529,MLP,0.56,503.0,1.9029375600941147
548,MLP,0.56,503.0,1.9029375600941147
1105,MLP,0.56,503.0,1.9029375600941147
2313,MLP,0.559,506.0,1.8995394573082325
2720,MLP,0.559,506.0,1.8995394573082325
765,MLP,0.558,508.0,1.8961413545223502
814,MLP,0.558,508.0,1.8961413545223502
1669,MLP,0.558,508.0,1.8961413545223502
277,MLP,0.557,511.0,1.8927432517364677
679,MLP,0.557,511.0,1.8927432517364677
1163,MLP,0.557,511.0,1.8927432517364677
1584,MLP,0.557,511.0,1.8927432517364677
588,MLP,0.555,515.0,1.885947046164703
1285,MLP,0.555,515.0,1.885947046164703
1291,MLP,0.555,515.0,1.885947046164703
1517,MLP,0.554,518.0,1.8825489433788207
1871,MLP,0.554,518.0,1.8825489433788207
2762,MLP,0.554,518.0,1.8825489433788207
1122,MLP,0.553,521.0,1.8791508405929385
1233,MLP,0.553,521.0,1.8791508405929385
2132,MLP,0.553,521.0,1.8791508405929385
763,MLP,0.552,524.0,1.875752737807056
2394,MLP,0.552,524.0,1.875752737807056
2665,MLP,0.552,524.0,1.875752737807056
253,MLP,0.551,527.0,1.8723546350211737
2266,MLP,0.551,527.0,1.8723546350211737
2656,MLP,0.551,527.0,1.8723546350211737
424,MLP,0.55,530.0,1.8689565322352912
1532,MLP,0.55,530.0,1.8689565322352912
1958,MLP,0.55,530.0,1.8689565322352912
2203,MLP,0.549,533.0,1.865558429449409
2222,MLP,0.549,533.0,1.865558429449409
2600,MLP,0.549,533.0,1.865558429449409
483,MLP,0.548,536.0,1.8621603266635267
534,MLP,0.548,536.0,1.8621603266635267
1125,MLP,0.548,536.0,1.8621603266635267
1304,MLP,0.548,536.0,1.8621603266635267
1522,MLP,0.548,536.0,1.8621603266635267
1534,MLP,0.547,541.0,1.8587622238776442
1845,MLP,0.547,541.0,1.8587622238776442
428,MLP,0.546,543.0,1.855364121091762
1344,MLP,0.546,543.0,1.855364121091762
1657,MLP,0.544,545.0,1.8485679155199972
1540,MLP,0.543,546.0,1.845169812734115
2220,MLP,0.543,546.0,1.845169812734115
865,MLP,0.542,548.0,1.8417717099482325
1158,MLP,0.542,548.0,1.8417717099482325
1606,MLP,0.542,548.0,1.8417717099482325
552,MLP,0.541,551.0,1.8383736071623502
1224,MLP,0.541,551.0,1.8383736071623502
1954,MLP,0.541,551.0,1.8383736071623502
2128,MLP,0.541,551.0,1.8383736071623502
97,MLP,0.54,555.0,1.8349755043764677
1794,MLP,0.54,555.0,1.8349755043764677
732,MLP,0.539,557.0,1.8315774015905855
2660,MLP,0.539,557.0,1.8315774015905855
2055,MLP,0.538,559.0,1.8281792988047032
2389,MLP,0.537,560.0,1.8247811960188207
2697,MLP,0.537,560.0,1.8247811960188207
170,MLP,0.536,562.0,1.8213830932329385
323,MLP,0.536,562.0,1.8213830932329385
1855,MLP,0.536,562.0,1.8213830932329385
381,MLP,0.534,565.0,1.8145868876611737
1677,MLP,0.534,565.0,1.8145868876611737
2505,MLP,0.534,565.0,1.8145868876611737
65,MLP,0.533,568.0,1.8111887848752914
160,MLP,0.533,568.0,1.8111887848752914
255,MLP,0.533,568.0,1.8111887848752914
457,MLP,0.533,568.0,1.8111887848752914
1453,MLP,0.533,568.0,1.8111887848752914
1688,MLP,0.533,568.0,1.8111887848752914
688,MLP,0.532,574.0,1.807790682089409
1689,MLP,0.532,574.0,1.807790682089409
53,MLP,0.531,576.0,1.8043925793035267
156,MLP,0.531,576.0,1.8043925793035267
2537,MLP,0.531,576.0,1.8043925793035267
1625,MLP,0.53,579.0,1.8009944765176442
1808,MLP,0.53,579.0,1.8009944765176442
2368,MLP,0.53,579.0,1.8009944765176442
2211,MLP,0.529,582.0,1.797596373731762
1400,MLP,0.528,583.0,1.7941982709458797
1755,MLP,0.528,583.0,1.7941982709458797
532,MLP,0.527,585.0,1.7908001681599972
719,MLP,0.527,585.0,1.7908001681599972
1610,MLP,0.527,585.0,1.7908001681599972
25,MLP,0.524,588.0,1.7806058598023502
1413,MLP,0.524,588.0,1.7806058598023502
2442,MLP,0.524,588.0,1.7806058598023502
1482,MLP,0.521,591.0,1.7704115514447032
2258,MLP,0.521,591.0,1.7704115514447032
997,MLP,0.52,593.0,1.7670134486588207
1039,MLP,0.52,593.0,1.7670134486588207
1565,MLP,0.52,593.0,1.7670134486588207
1783,MLP,0.52,593.0,1.7670134486588207
1938,MLP,0.52,593.0,1.7670134486588207
547,MLP,0.519,598.0,1.7636153458729384
1253,MLP,0.519,598.0,1.7636153458729384
1655,MLP,0.519,598.0,1.7636153458729384
2090,MLP,0.519,598.0,1.7636153458729384
2737,MLP,0.519,598.0,1.7636153458729384
2490,MLP,0.518,603.0,1.7602172430870562
22,MLP,0.517,604.0,1.7568191403011737
196,MLP,0.517,604.0,1.7568191403011737
1258,MLP,0.517,604.0,1.7568191403011737
17,MLP,0.515,607.0,1.750022934729409
228,MLP,0.515,607.0,1.750022934729409
387,MLP,0.515,607.0,1.750022934729409
1004,MLP,0.515,607.0,1.750022934729409
2195,MLP,0.515,607.0,1.750022934729409
2332,MLP,0.515,607.0,1.750022934729409
2418,MLP,0.515,607.0,1.750022934729409
344,MLP,0.514,614.0,1.7466248319435267
1492,MLP,0.514,614.0,1.7466248319435267
1999,MLP,0.514,614.0,1.7466248319435267
2173,MLP,0.514,614.0,1.7466248319435267
1646,MLP,0.513,618.0,1.7432267291576444
74,MLP,0.512,619.0,1.739828626371762
746,MLP,0.512,619.0,1.739828626371762
2119,MLP,0.512,619.0,1.739828626371762
717,MLP,0.511,622.0,1.7364305235858797
2200,MLP,0.511,622.0,1.7364305235858797
2334,MLP,0.511,622.0,1.7364305235858797
343,MLP,0.51,625.0,1.7330324207999972
509,MLP,0.51,625.0,1.7330324207999972
729,MLP,0.51,625.0,1.7330324207999972
1140,MLP,0.51,625.0,1.7330324207999972
1248,MLP,0.51,625.0,1.7330324207999972
1756,MLP,0.51,625.0,1.7330324207999972
2091,MLP,0.51,625.0,1.7330324207999972
2157,MLP,0.51,625.0,1.7330324207999972
2610,MLP,0.51,625.0,1.7330324207999972
27,MLP,0.509,634.0,1.729634318014115
157,MLP,0.509,634.0,1.729634318014115
372,MLP,0.509,634.0,1.729634318014115
587,MLP,0.509,634.0,1.729634318014115
1575,MLP,0.508,638.0,1.7262362152282327
2131,MLP,0.508,638.0,1.7262362152282327
2672,MLP,0.508,638.0,1.7262362152282327
188,MLP,0.507,641.0,1.7228381124423502
1763,MLP,0.507,641.0,1.7228381124423502
2140,MLP,0.507,641.0,1.7228381124423502
2189,MLP,0.507,641.0,1.7228381124423502
2567,MLP,0.507,641.0,1.7228381124423502
1147,MLP,0.506,646.0,1.719440009656468
1506,MLP,0.506,646.0,1.719440009656468
1662,MLP,0.506,646.0,1.719440009656468
34,MLP,0.505,649.0,1.7160419068705854
44,MLP,0.505,649.0,1.7160419068705854
1012,MLP,0.505,649.0,1.7160419068705854
1944,MLP,0.505,649.0,1.7160419068705854
2393,MLP,0.504,653.0,1.7126438040847032
2419,MLP,0.504,653.0,1.7126438040847032
110,MLP,0.503,655.0,1.709245701298821
649,MLP,0.503,655.0,1.709245701298821
1369,MLP,0.503,655.0,1.709245701298821
1384,MLP,0.503,655.0,1.709245701298821
2001,MLP,0.503,655.0,1.709245701298821
2378,MLP,0.503,655.0,1.709245701298821
630,MLP,0.502,661.0,1.7058475985129384
622,MLP,0.501,662.0,1.7024494957270562
1098,MLP,0.501,662.0,1.7024494957270562
119,MLP,0.5,664.0,1.6990513929411737
962,MLP,0.5,664.0,1.6990513929411737
2260,MLP,0.5,664.0,1.6990513929411737
367,MLP,0.499,667.0,1.6956532901552914
956,MLP,0.499,667.0,1.6956532901552914
1733,MLP,0.499,667.0,1.6956532901552914
2475,MLP,0.499,667.0,1.6956532901552914
2741,MLP,0.499,667.0,1.6956532901552914
222,MLP,0.498,672.0,1.6922551873694092
942,MLP,0.498,672.0,1.6922551873694092
2247,MLP,0.498,672.0,1.6922551873694092
276,MLP,0.497,675.0,1.6888570845835267
953,MLP,0.497,675.0,1.6888570845835267
1375,MLP,0.497,675.0,1.6888570845835267
860,MLP,0.496,678.0,1.6854589817976444
1693,MLP,0.496,678.0,1.6854589817976444
2298,MLP,0.496,678.0,1.6854589817976444
2392,MLP,0.496,678.0,1.6854589817976444
2522,MLP,0.496,678.0,1.6854589817976444
24,MLP,0.495,683.0,1.682060879011762
187,MLP,0.495,683.0,1.682060879011762
327,MLP,0.495,683.0,1.682060879011762
454,MLP,0.495,683.0,1.682060879011762
1670,MLP,0.495,683.0,1.682060879011762
2546,MLP,0.495,683.0,1.682060879011762
2670,MLP,0.495,683.0,1.682060879011762
2170,MLP,0.494,690.0,1.6786627762258797
502,MLP,0.493,691.0,1.6752646734399974
1716,MLP,0.493,691.0,1.6752646734399974
2644,MLP,0.493,691.0,1.6752646734399974
137,MLP,0.492,694.0,1.671866570654115
806,MLP,0.492,694.0,1.671866570654115
1680,MLP,0.492,694.0,1.671866570654115
823,MLP,0.491,697.0,1.6684684678682327
960,MLP,0.491,697.0,1.6684684678682327
1184,MLP,0.491,697.0,1.6684684678682327
1229,MLP,0.491,697.0,1.6684684678682327
1363,MLP,0.491,697.0,1.6684684678682327
93,MLP,0.49,702.0,1.6650703650823502
705,MLP,0.489,703.0,1.661672262296468
995,MLP,0.489,703.0,1.661672262296468
1254,MLP,0.489,703.0,1.661672262296468
2256,MLP,0.488,706.0,1.6582741595105857
546,MLP,0.487,707.0,1.6548760567247032
549,MLP,0.487,707.0,1.6548760567247032
1514,MLP,0.487,707.0,1.6548760567247032
1704,MLP,0.487,707.0,1.6548760567247032
2204,MLP,0.486,711.0,1.651477953938821
2301,MLP,0.486,711.0,1.651477953938821
2585,MLP,0.486,711.0,1.651477953938821
1189,MLP,0.485,714.0,1.6480798511529384
2717,MLP,0.485,714.0,1.6480798511529384
244,MLP,0.484,716.0,1.6446817483670562
2698,MLP,0.484,716.0,1.6446817483670562
176,MLP,0.483,718.0,1.641283645581174
1700,MLP,0.483,718.0,1.641283645581174
1909,MLP,0.483,718.0,1.641283645581174
505,MLP,0.482,721.0,1.6378855427952914
1770,MLP,0.482,721.0,1.6378855427952914
1819,MLP,0.482,721.0,1.6378855427952914
2299,MLP,0.482,721.0,1.6378855427952914
827,MLP,0.481,725.0,1.6344874400094092
1651,MLP,0.481,725.0,1.6344874400094092
377,MLP,0.48,727.0,1.6310893372235267
1483,MLP,0.48,727.0,1.6310893372235267
1893,MLP,0.48,727.0,1.6310893372235267
2723,MLP,0.48,727.0,1.6310893372235267
2767,MLP,0.48,727.0,1.6310893372235267
565,MLP,0.479,732.0,1.6276912344376444
1171,MLP,0.479,732.0,1.6276912344376444
1349,MLP,0.479,732.0,1.6276912344376444
1921,MLP,0.479,732.0,1.6276912344376444
2607,MLP,0.479,732.0,1.6276912344376444
697,MLP,0.478,737.0,1.6242931316517621
1203,MLP,0.478,737.0,1.6242931316517621
1608,MLP,0.478,737.0,1.6242931316517621
1045,MLP,0.477,740.0,1.6208950288658797
1120,MLP,0.477,740.0,1.6208950288658797
1686,MLP,0.477,740.0,1.6208950288658797
1940,MLP,0.477,740.0,1.6208950288658797
460,MLP,0.476,744.0,1.6174969260799974
2529,MLP,0.476,744.0,1.6174969260799974
146,MLP,0.475,746.0,1.614098823294115
714,MLP,0.475,746.0,1.614098823294115
944,MLP,0.475,746.0,1.614098823294115
2210,MLP,0.475,746.0,1.614098823294115
2250,MLP,0.475,746.0,1.614098823294115
2651,MLP,0.475,746.0,1.614098823294115
180,MLP,0.474,752.0,1.6107007205082327
199,MLP,0.474,752.0,1.6107007205082327
204,MLP,0.474,752.0,1.6107007205082327
909,MLP,0.474,752.0,1.6107007205082327
1044,MLP,0.474,752.0,1.6107007205082327
2323,MLP,0.474,752.0,1.6107007205082327
443,MLP,0.473,758.0,1.6073026177223504
602,MLP,0.473,758.0,1.6073026177223504
668,MLP,0.473,758.0,1.6073026177223504
734,MLP,0.473,758.0,1.6073026177223504
1035,MLP,0.472,762.0,1.603904514936468
2638,MLP,0.472,762.0,1.603904514936468
122,MLP,0.471,764.0,1.6005064121505856
591,MLP,0.471,764.0,1.6005064121505856
776,MLP,0.471,764.0,1.6005064121505856
2212,MLP,0.471,764.0,1.6005064121505856
2252,MLP,0.471,764.0,1.6005064121505856
2489,MLP,0.471,764.0,1.6005064121505856
2576,MLP,0.471,764.0,1.6005064121505856
131,MLP,0.47,771.0,1.5971083093647032
326,MLP,0.47,771.0,1.5971083093647032
486,MLP,0.47,771.0,1.5971083093647032
533,MLP,0.47,771.0,1.5971083093647032
847,MLP,0.47,771.0,1.5971083093647032
2635,MLP,0.47,771.0,1.5971083093647032
411,MLP,0.469,777.0,1.593710206578821
728,MLP,0.469,777.0,1.593710206578821
2750,MLP,0.469,777.0,1.593710206578821
66,MLP,0.468,780.0,1.5903121037929389
2473,MLP,0.468,780.0,1.5903121037929389
168,MLP,0.467,782.0,1.5869140010070564
335,MLP,0.466,783.0,1.5835158982211741
1329,MLP,0.466,783.0,1.5835158982211741
2019,MLP,0.466,783.0,1.5835158982211741
308,MLP,0.465,786.0,1.5801177954352916
1658,MLP,0.465,786.0,1.5801177954352916
1980,MLP,0.465,786.0,1.5801177954352916
2108,MLP,0.465,786.0,1.5801177954352916
973,MLP,0.463,790.0,1.573321589863527
1480,MLP,0.463,790.0,1.573321589863527
1682,MLP,0.463,790.0,1.573321589863527
794,MLP,0.462,793.0,1.5699234870776446
2759,MLP,0.462,793.0,1.5699234870776446
469,MLP,0.461,795.0,1.5665253842917624
1308,MLP,0.461,795.0,1.5665253842917624
1432,MLP,0.461,795.0,1.5665253842917624
192,MLP,0.46,798.0,1.5631272815058799
420,MLP,0.46,798.0,1.5631272815058799
780,MLP,0.46,798.0,1.5631272815058799
1849,MLP,0.46,798.0,1.5631272815058799
2277,MLP,0.46,798.0,1.5631272815058799
183,MLP,0.459,803.0,1.5597291787199976
289,MLP,0.459,803.0,1.5597291787199976
2359,MLP,0.459,803.0,1.5597291787199976
265,MLP,0.458,806.0,1.5563310759341153
805,MLP,0.457,807.0,1.5529329731482329
1579,MLP,0.457,807.0,1.5529329731482329
1622,MLP,0.457,807.0,1.5529329731482329
1846,MLP,0.457,807.0,1.5529329731482329
1221,MLP,0.456,811.0,1.5495348703623506
1604,MLP,0.456,811.0,1.5495348703623506
2506,MLP,0.456,811.0,1.5495348703623506
364,MLP,0.455,814.0,1.5461367675764681
624,MLP,0.455,814.0,1.5461367675764681
1568,MLP,0.454,816.0,1.5427386647905859
2661,MLP,0.454,816.0,1.5427386647905859
1106,MLP,0.453,818.0,1.5393405620047036
1725,MLP,0.453,818.0,1.5393405620047036
2766,MLP,0.453,818.0,1.5393405620047036
241,MLP,0.452,821.0,1.535942459218821
259,MLP,0.452,821.0,1.535942459218821
698,MLP,0.452,821.0,1.535942459218821
1491,MLP,0.452,821.0,1.535942459218821
275,MLP,0.451,825.0,1.5325443564329388
298,MLP,0.451,825.0,1.5325443564329388
897,MLP,0.451,825.0,1.5325443564329388
1663,MLP,0.451,825.0,1.5325443564329388
2080,MLP,0.451,825.0,1.5325443564329388
2269,MLP,0.451,825.0,1.5325443564329388
2708,MLP,0.451,825.0,1.5325443564329388
769,MLP,0.45,832.0,1.5291462536470564
1391,MLP,0.45,832.0,1.5291462536470564
1450,MLP,0.45,832.0,1.5291462536470564
2020,MLP,0.45,832.0,1.5291462536470564
659,MLP,0.449,836.0,1.525748150861174
2487,MLP,0.449,836.0,1.525748150861174
451,MLP,0.448,838.0,1.5223500480752918
1286,MLP,0.448,838.0,1.5223500480752918
1829,MLP,0.448,838.0,1.5223500480752918
2163,MLP,0.448,838.0,1.5223500480752918
2657,MLP,0.448,838.0,1.5223500480752918
2739,MLP,0.448,838.0,1.5223500480752918
418,MLP,0.447,844.0,1.5189519452894094
1353,MLP,0.447,844.0,1.5189519452894094
2033,MLP,0.447,844.0,1.5189519452894094
2279,MLP,0.447,844.0,1.5189519452894094
45,MLP,0.446,848.0,1.515553842503527
849,MLP,0.446,848.0,1.515553842503527
862,MLP,0.446,848.0,1.515553842503527
2495,MLP,0.446,848.0,1.515553842503527
1026,MLP,0.445,852.0,1.5121557397176446
1672,MLP,0.445,852.0,1.5121557397176446
2351,MLP,0.445,852.0,1.5121557397176446
2705,MLP,0.445,852.0,1.5121557397176446
1023,MLP,0.444,856.0,1.5087576369317623
2616,MLP,0.444,856.0,1.5087576369317623
210,MLP,0.443,858.0,1.50535953414588
1048,MLP,0.443,858.0,1.50535953414588
1939,MLP,0.443,858.0,1.50535953414588
1316,MLP,0.442,861.0,1.5019614313599976
1640,MLP,0.442,861.0,1.5019614313599976
1788,MLP,0.442,861.0,1.5019614313599976
2242,MLP,0.442,861.0,1.5019614313599976
15,MLP,0.441,865.0,1.4985633285741153
365,MLP,0.441,865.0,1.4985633285741153
613,MLP,0.441,865.0,1.4985633285741153
863,MLP,0.441,865.0,1.4985633285741153
1736,MLP,0.441,865.0,1.4985633285741153
2038,MLP,0.441,865.0,1.4985633285741153
2434,MLP,0.441,865.0,1.4985633285741153
234,MLP,0.44,872.0,1.4951652257882329
389,MLP,0.44,872.0,1.4951652257882329
1302,MLP,0.44,872.0,1.4951652257882329
603,MLP,0.439,875.0,1.4917671230023506
832,MLP,0.439,875.0,1.4917671230023506
1397,MLP,0.439,875.0,1.4917671230023506
1986,MLP,0.439,875.0,1.4917671230023506
2528,MLP,0.439,875.0,1.4917671230023506
2695,MLP,0.439,875.0,1.4917671230023506
2100,MLP,0.438,881.0,1.4883690202164683
2234,MLP,0.438,881.0,1.4883690202164683
2594,MLP,0.438,881.0,1.4883690202164683
2735,MLP,0.438,881.0,1.4883690202164683
2742,MLP,0.437,885.0,1.4849709174305858
245,MLP,0.436,886.0,1.4815728146447036
681,MLP,0.436,886.0,1.4815728146447036
892,MLP,0.436,886.0,1.4815728146447036
986,MLP,0.436,886.0,1.4815728146447036
2172,MLP,0.436,886.0,1.4815728146447036
2649,MLP,0.436,886.0,1.4815728146447036
370,MLP,0.435,892.0,1.478174711858821
422,MLP,0.435,892.0,1.478174711858821
2232,MLP,0.435,892.0,1.478174711858821
2241,MLP,0.435,892.0,1.478174711858821
153,MLP,0.434,896.0,1.4747766090729388
282,MLP,0.434,896.0,1.4747766090729388
394,MLP,0.434,896.0,1.4747766090729388
851,MLP,0.434,896.0,1.4747766090729388
1678,MLP,0.434,896.0,1.4747766090729388
81,MLP,0.433,901.0,1.4713785062870566
260,MLP,0.433,901.0,1.4713785062870566
523,MLP,0.433,901.0,1.4713785062870566
628,MLP,0.433,901.0,1.4713785062870566
1115,MLP,0.433,901.0,1.4713785062870566
1281,MLP,0.433,901.0,1.4713785062870566
2238,MLP,0.433,901.0,1.4713785062870566
1948,MLP,0.432,908.0,1.467980403501174
459,MLP,0.431,909.0,1.4645823007152918
800,MLP,0.431,909.0,1.4645823007152918
2254,MLP,0.431,909.0,1.4645823007152918
2674,MLP,0.431,909.0,1.4645823007152918
2704,MLP,0.43,913.0,1.4611841979294093
1814,MLP,0.429,914.0,1.457786095143527
2462,MLP,0.429,914.0,1.457786095143527
1215,MLP,0.428,916.0,1.4543879923576448
1454,MLP,0.428,916.0,1.4543879923576448
1538,MLP,0.428,916.0,1.4543879923576448
1989,MLP,0.428,916.0,1.4543879923576448
2722,MLP,0.428,916.0,1.4543879923576448
403,MLP,0.427,921.0,1.4509898895717623
2388,MLP,0.427,921.0,1.4509898895717623
2684,MLP,0.427,921.0,1.4509898895717623
340,MLP,0.426,924.0,1.44759178678588
1008,MLP,0.426,924.0,1.44759178678588
2676,MLP,0.426,924.0,1.44759178678588
99,MLP,0.425,927.0,1.4441936839999976
810,MLP,0.425,927.0,1.4441936839999976
991,MLP,0.425,927.0,1.4441936839999976
1828,MLP,0.425,927.0,1.4441936839999976
1935,MLP,0.425,927.0,1.4441936839999976
2719,MLP,0.425,927.0,1.4441936839999976
562,MLP,0.424,933.0,1.4407955812141153
708,MLP,0.424,933.0,1.4407955812141153
2034,MLP,0.424,933.0,1.4407955812141153
2122,MLP,0.424,933.0,1.4407955812141153
2564,MLP,0.424,933.0,1.4407955812141153
26,MLP,0.423,938.0,1.437397478428233
104,MLP,0.423,938.0,1.437397478428233
455,MLP,0.423,938.0,1.437397478428233
458,MLP,0.423,938.0,1.437397478428233
743,MLP,0.423,938.0,1.437397478428233
749,MLP,0.423,938.0,1.437397478428233
1108,MLP,0.423,938.0,1.437397478428233
1155,MLP,0.423,938.0,1.437397478428233
1279,MLP,0.423,938.0,1.437397478428233
2582,MLP,0.423,938.0,1.437397478428233
976,MLP,0.422,948.0,1.4339993756423506
1524,MLP,0.422,948.0,1.4339993756423506
1711,MLP,0.422,948.0,1.4339993756423506
2504,MLP,0.422,948.0,1.4339993756423506
2727,MLP,0.422,948.0,1.4339993756423506
745,MLP,0.421,953.0,1.4306012728564683
1100,MLP,0.421,953.0,1.4306012728564683
1416,MLP,0.421,953.0,1.4306012728564683
2346,MLP,0.421,953.0,1.4306012728564683
2682,MLP,0.421,953.0,1.4306012728564683
966,MLP,0.42,958.0,1.4272031700705858
1739,MLP,0.42,958.0,1.4272031700705858
1872,MLP,0.42,958.0,1.4272031700705858
1875,MLP,0.42,958.0,1.4272031700705858
2736,MLP,0.42,958.0,1.4272031700705858
2627,MLP,0.419,963.0,1.4238050672847036
2714,MLP,0.419,963.0,1.4238050672847036
2748,MLP,0.419,963.0,1.4238050672847036
61,MLP,0.418,966.0,1.4204069644988213
330,MLP,0.418,966.0,1.4204069644988213
1873,MLP,0.418,966.0,1.4204069644988213
151,MLP,0.417,969.0,1.4170088617129388
818,MLP,0.417,969.0,1.4170088617129388
1127,MLP,0.417,969.0,1.4170088617129388
1905,MLP,0.417,969.0,1.4170088617129388
2488,MLP,0.417,969.0,1.4170088617129388
64,MLP,0.416,974.0,1.4136107589270566
1408,MLP,0.416,974.0,1.4136107589270566
1440,MLP,0.416,974.0,1.4136107589270566
1976,MLP,0.416,974.0,1.4136107589270566
2690,MLP,0.416,974.0,1.4136107589270566
43,MLP,0.415,979.0,1.410212656141174
580,MLP,0.415,979.0,1.410212656141174
1043,MLP,0.415,979.0,1.410212656141174
1838,MLP,0.415,979.0,1.410212656141174
2213,MLP,0.415,979.0,1.410212656141174
890,MLP,0.414,984.0,1.4068145533552918
1472,MLP,0.414,984.0,1.4068145533552918
2416,MLP,0.414,984.0,1.4068145533552918
266,MLP,0.413,987.0,1.4034164505694096
286,MLP,0.413,987.0,1.4034164505694096
654,MLP,0.413,987.0,1.4034164505694096
911,MLP,0.413,987.0,1.4034164505694096
1194,MLP,0.413,987.0,1.4034164505694096
184,MLP,0.412,992.0,1.400018347783527
1141,MLP,0.412,992.0,1.400018347783527
1199,MLP,0.412,992.0,1.400018347783527
1343,MLP,0.412,992.0,1.400018347783527
1422,MLP,0.412,992.0,1.400018347783527
1891,MLP,0.412,992.0,1.400018347783527
1956,MLP,0.412,992.0,1.400018347783527
1998,MLP,0.412,992.0,1.400018347783527
2043,MLP,0.412,992.0,1.400018347783527
2181,MLP,0.412,992.0,1.400018347783527
845,MLP,0.411,1002.0,1.3966202449976448
1219,MLP,0.411,1002.0,1.3966202449976448
2049,MLP,0.411,1002.0,1.3966202449976448
2523,MLP,0.411,1002.0,1.3966202449976448
33,MLP,0.41,1006.0,1.3932221422117623
782,MLP,0.41,1006.0,1.3932221422117623
1119,MLP,0.41,1006.0,1.3932221422117623
1500,MLP,0.41,1006.0,1.3932221422117623
1533,MLP,0.41,1006.0,1.3932221422117623
1943,MLP,0.41,1006.0,1.3932221422117623
2512,MLP,0.41,1006.0,1.3932221422117623
125,MLP,0.409,1013.0,1.38982403942588
211,MLP,0.409,1013.0,1.38982403942588
1710,MLP,0.409,1013.0,1.38982403942588
2325,MLP,0.409,1013.0,1.38982403942588
2598,MLP,0.409,1013.0,1.38982403942588
2770,MLP,0.409,1013.0,1.38982403942588
130,MLP,0.408,1019.0,1.3864259366399978
338,MLP,0.408,1019.0,1.3864259366399978
1297,MLP,0.408,1019.0,1.3864259366399978
2114,MLP,0.408,1019.0,1.3864259366399978
2374,MLP,0.408,1019.0,1.3864259366399978
423,MLP,0.407,1024.0,1.3830278338541153
496,MLP,0.407,1024.0,1.3830278338541153
988,MLP,0.407,1024.0,1.3830278338541153
1890,MLP,0.407,1024.0,1.3830278338541153
2137,MLP,0.407,1024.0,1.3830278338541153
2243,MLP,0.407,1024.0,1.3830278338541153
2444,MLP,0.407,1024.0,1.3830278338541153
350,MLP,0.406,1031.0,1.3796297310682333
360,MLP,0.406,1031.0,1.3796297310682333
1858,MLP,0.406,1031.0,1.3796297310682333
2073,MLP,0.406,1031.0,1.3796297310682333
2533,MLP,0.406,1031.0,1.3796297310682333
2605,MLP,0.406,1031.0,1.3796297310682333
625,MLP,0.405,1037.0,1.3762316282823508
1513,MLP,0.405,1037.0,1.3762316282823508
1969,MLP,0.405,1037.0,1.3762316282823508
2000,MLP,0.405,1037.0,1.3762316282823508
2293,MLP,0.405,1037.0,1.3762316282823508
2361,MLP,0.405,1037.0,1.3762316282823508
141,MLP,0.404,1043.0,1.3728335254964685
798,MLP,0.404,1043.0,1.3728335254964685
1272,MLP,0.404,1043.0,1.3728335254964685
1942,MLP,0.404,1043.0,1.3728335254964685
2278,MLP,0.404,1043.0,1.3728335254964685
2643,MLP,0.404,1043.0,1.3728335254964685
463,MLP,0.403,1049.0,1.369435422710586
1404,MLP,0.403,1049.0,1.369435422710586
1862,MLP,0.403,1049.0,1.369435422710586
2354,MLP,0.403,1049.0,1.369435422710586
2464,MLP,0.403,1049.0,1.369435422710586
2756,MLP,0.403,1049.0,1.369435422710586
414,MLP,0.402,1055.0,1.3660373199247038
831,MLP,0.402,1055.0,1.3660373199247038
1070,MLP,0.402,1055.0,1.3660373199247038
1521,MLP,0.402,1055.0,1.3660373199247038
2175,MLP,0.402,1055.0,1.3660373199247038
2622,MLP,0.402,1055.0,1.3660373199247038
608,MLP,0.401,1061.0,1.3626392171388215
950,MLP,0.401,1061.0,1.3626392171388215
1569,MLP,0.401,1061.0,1.3626392171388215
2104,MLP,0.401,1061.0,1.3626392171388215
2396,MLP,0.401,1061.0,1.3626392171388215
388,MLP,0.4,1066.0,1.359241114352939
616,MLP,0.4,1066.0,1.359241114352939
1818,MLP,0.4,1066.0,1.359241114352939
2105,MLP,0.4,1066.0,1.359241114352939
2372,MLP,0.4,1066.0,1.359241114352939
400,MLP,0.399,1071.0,1.3558430115670568
735,MLP,0.399,1071.0,1.3558430115670568
914,MLP,0.399,1071.0,1.3558430115670568
506,MLP,0.398,1074.0,1.3524449087811743
695,MLP,0.398,1074.0,1.3524449087811743
2406,MLP,0.398,1074.0,1.3524449087811743
1473,MLP,0.397,1077.0,1.349046805995292
1869,MLP,0.397,1077.0,1.349046805995292
1895,MLP,0.397,1077.0,1.349046805995292
2185,MLP,0.397,1077.0,1.349046805995292
598,MLP,0.396,1081.0,1.3456487032094098
1499,MLP,0.396,1081.0,1.3456487032094098
2045,MLP,0.396,1081.0,1.3456487032094098
2571,MLP,0.396,1081.0,1.3456487032094098
2757,MLP,0.396,1081.0,1.3456487032094098
445,MLP,0.395,1086.0,1.3422506004235273
876,MLP,0.395,1086.0,1.3422506004235273
1182,MLP,0.395,1086.0,1.3422506004235273
303,MLP,0.394,1089.0,1.338852497637645
559,MLP,0.394,1089.0,1.338852497637645
1380,MLP,0.394,1089.0,1.338852497637645
1660,MLP,0.394,1089.0,1.338852497637645
1796,MLP,0.394,1089.0,1.338852497637645
2060,MLP,0.394,1089.0,1.338852497637645
766,MLP,0.393,1095.0,1.3354543948517625
1017,MLP,0.393,1095.0,1.3354543948517625
1863,MLP,0.393,1095.0,1.3354543948517625
2326,MLP,0.393,1095.0,1.3354543948517625
164,MLP,0.392,1099.0,1.3320562920658803
1621,MLP,0.392,1099.0,1.3320562920658803
482,MLP,0.391,1101.0,1.328658189279998
536,MLP,0.391,1101.0,1.328658189279998
1834,MLP,0.391,1101.0,1.328658189279998
1864,MLP,0.391,1101.0,1.328658189279998
2225,MLP,0.391,1101.0,1.328658189279998
2774,MLP,0.391,1101.0,1.328658189279998
126,MLP,0.39,1107.0,1.3252600864941155
1078,MLP,0.39,1107.0,1.3252600864941155
1112,MLP,0.39,1107.0,1.3252600864941155
1270,MLP,0.39,1107.0,1.3252600864941155
1443,MLP,0.39,1107.0,1.3252600864941155
1762,MLP,0.39,1107.0,1.3252600864941155
373,MLP,0.389,1113.0,1.3218619837082333
1951,MLP,0.389,1113.0,1.3218619837082333
582,MLP,0.388,1115.0,1.3184638809223508
1780,MLP,0.388,1115.0,1.3184638809223508
2371,MLP,0.388,1115.0,1.3184638809223508
471,MLP,0.387,1118.0,1.3150657781364685
635,MLP,0.387,1118.0,1.3150657781364685
891,MLP,0.387,1118.0,1.3150657781364685
1609,MLP,0.387,1118.0,1.3150657781364685
2237,MLP,0.387,1118.0,1.3150657781364685
216,MLP,0.386,1123.0,1.3116676753505863
7,MLP,0.385,1124.0,1.3082695725647038
1153,MLP,0.385,1124.0,1.3082695725647038
1211,MLP,0.384,1126.0,1.3048714697788215
1535,MLP,0.384,1126.0,1.3048714697788215
1776,MLP,0.384,1126.0,1.3048714697788215
1798,MLP,0.384,1126.0,1.3048714697788215
2228,MLP,0.384,1126.0,1.3048714697788215
2292,MLP,0.384,1126.0,1.3048714697788215
398,MLP,0.383,1132.0,1.3014733669929393
1183,MLP,0.383,1132.0,1.3014733669929393
1551,MLP,0.383,1132.0,1.3014733669929393
1811,MLP,0.383,1132.0,1.3014733669929393
609,MLP,0.382,1136.0,1.2980752642070568
913,MLP,0.382,1136.0,1.2980752642070568
1537,MLP,0.382,1136.0,1.2980752642070568
2699,MLP,0.382,1136.0,1.2980752642070568
55,MLP,0.381,1140.0,1.2946771614211745
345,MLP,0.38,1141.0,1.291279058635292
967,MLP,0.38,1141.0,1.291279058635292
1032,MLP,0.38,1141.0,1.291279058635292
1214,MLP,0.38,1141.0,1.291279058635292
853,MLP,0.379,1145.0,1.2878809558494098
1394,MLP,0.379,1145.0,1.2878809558494098
2136,MLP,0.379,1145.0,1.2878809558494098
46,MLP,0.378,1148.0,1.2844828530635275
2246,MLP,0.378,1148.0,1.2844828530635275
2294,MLP,0.378,1148.0,1.2844828530635275
512,MLP,0.377,1151.0,1.281084750277645
2481,MLP,0.377,1151.0,1.281084750277645
2628,MLP,0.377,1151.0,1.281084750277645
943,MLP,0.376,1154.0,1.2776866474917628
1266,MLP,0.376,1154.0,1.2776866474917628
1566,MLP,0.376,1154.0,1.2776866474917628
2306,MLP,0.376,1154.0,1.2776866474917628
2327,MLP,0.376,1154.0,1.2776866474917628
409,MLP,0.375,1159.0,1.2742885447058803
1166,MLP,0.375,1159.0,1.2742885447058803
1242,MLP,0.375,1159.0,1.2742885447058803
1648,MLP,0.375,1159.0,1.2742885447058803
1789,MLP,0.375,1159.0,1.2742885447058803
2074,MLP,0.375,1159.0,1.2742885447058803
2079,MLP,0.375,1159.0,1.2742885447058803
2602,MLP,0.375,1159.0,1.2742885447058803
521,MLP,0.374,1167.0,1.270890441919998
1239,MLP,0.374,1167.0,1.270890441919998
1799,MLP,0.374,1167.0,1.270890441919998
2302,MLP,0.374,1167.0,1.270890441919998
574,MLP,0.373,1171.0,1.2674923391341157
873,MLP,0.373,1171.0,1.2674923391341157
1268,MLP,0.373,1171.0,1.2674923391341157
2151,MLP,0.373,1171.0,1.2674923391341157
2314,MLP,0.373,1171.0,1.2674923391341157
2435,MLP,0.373,1171.0,1.2674923391341157
774,MLP,0.372,1177.0,1.2640942363482333
1157,MLP,0.372,1177.0,1.2640942363482333
531,MLP,0.371,1179.0,1.260696133562351
990,MLP,0.371,1179.0,1.260696133562351
1806,MLP,0.371,1179.0,1.260696133562351
2068,MLP,0.371,1179.0,1.260696133562351
2164,MLP,0.371,1179.0,1.260696133562351
2640,MLP,0.371,1179.0,1.260696133562351
115,MLP,0.37,1185.0,1.2572980307764685
1150,MLP,0.37,1185.0,1.2572980307764685
1339,MLP,0.37,1185.0,1.2572980307764685
1599,MLP,0.37,1185.0,1.2572980307764685
18,MLP,0.369,1189.0,1.2538999279905862
412,MLP,0.369,1189.0,1.2538999279905862
438,MLP,0.369,1189.0,1.2538999279905862
501,MLP,0.369,1189.0,1.2538999279905862
1267,MLP,0.369,1189.0,1.2538999279905862
1659,MLP,0.369,1189.0,1.2538999279905862
2036,MLP,0.369,1189.0,1.2538999279905862
2156,MLP,0.369,1189.0,1.2538999279905862
503,MLP,0.368,1197.0,1.250501825204704
706,MLP,0.368,1197.0,1.250501825204704
1347,MLP,0.368,1197.0,1.250501825204704
1415,MLP,0.368,1197.0,1.250501825204704
1708,MLP,0.368,1197.0,1.250501825204704
362,MLP,0.367,1202.0,1.2471037224188215
855,MLP,0.367,1202.0,1.2471037224188215
952,MLP,0.367,1202.0,1.2471037224188215
1137,MLP,0.367,1202.0,1.2471037224188215
1180,MLP,0.367,1202.0,1.2471037224188215
1511,MLP,0.367,1202.0,1.2471037224188215
2087,MLP,0.367,1202.0,1.2471037224188215
2531,MLP,0.367,1202.0,1.2471037224188215
237,MLP,0.366,1210.0,1.2437056196329392
1950,MLP,0.366,1210.0,1.2437056196329392
2218,MLP,0.366,1210.0,1.2437056196329392
32,MLP,0.365,1213.0,1.2403075168470568
174,MLP,0.365,1213.0,1.2403075168470568
225,MLP,0.365,1213.0,1.2403075168470568
430,MLP,0.365,1213.0,1.2403075168470568
1337,MLP,0.365,1213.0,1.2403075168470568
2141,MLP,0.365,1213.0,1.2403075168470568
2315,MLP,0.365,1213.0,1.2403075168470568
399,MLP,0.364,1220.0,1.2369094140611745
1744,MLP,0.364,1220.0,1.2369094140611745
1946,MLP,0.364,1220.0,1.2369094140611745
2588,MLP,0.364,1220.0,1.2369094140611745
2597,MLP,0.364,1220.0,1.2369094140611745
2678,MLP,0.364,1220.0,1.2369094140611745
701,MLP,0.363,1226.0,1.2335113112752922
721,MLP,0.363,1226.0,1.2335113112752922
2096,MLP,0.363,1226.0,1.2335113112752922
2390,MLP,0.363,1226.0,1.2335113112752922
918,MLP,0.362,1230.0,1.2301132084894097
1056,MLP,0.362,1230.0,1.2301132084894097
1067,MLP,0.362,1230.0,1.2301132084894097
2044,MLP,0.362,1230.0,1.2301132084894097
2178,MLP,0.362,1230.0,1.2301132084894097
2400,MLP,0.362,1230.0,1.2301132084894097
162,MLP,0.361,1236.0,1.2267151057035275
178,MLP,0.361,1236.0,1.2267151057035275
352,MLP,0.361,1236.0,1.2267151057035275
530,MLP,0.361,1236.0,1.2267151057035275
713,MLP,0.361,1236.0,1.2267151057035275
1097,MLP,0.361,1236.0,1.2267151057035275
1388,MLP,0.361,1236.0,1.2267151057035275
1433,MLP,0.361,1236.0,1.2267151057035275
1544,MLP,0.361,1236.0,1.2267151057035275
1699,MLP,0.361,1236.0,1.2267151057035275
1952,MLP,0.361,1236.0,1.2267151057035275
1973,MLP,0.361,1236.0,1.2267151057035275
2014,MLP,0.361,1236.0,1.2267151057035275
2262,MLP,0.361,1236.0,1.2267151057035275
31,MLP,0.36,1250.0,1.223317002917645
407,MLP,0.36,1250.0,1.223317002917645
667,MLP,0.36,1250.0,1.223317002917645
710,MLP,0.36,1250.0,1.223317002917645
1854,MLP,0.36,1250.0,1.223317002917645
2226,MLP,0.36,1250.0,1.223317002917645
91,MLP,0.359,1256.0,1.2199189001317627
101,MLP,0.359,1256.0,1.2199189001317627
545,MLP,0.359,1256.0,1.2199189001317627
590,MLP,0.359,1256.0,1.2199189001317627
596,MLP,0.359,1256.0,1.2199189001317627
1240,MLP,0.359,1256.0,1.2199189001317627
1275,MLP,0.359,1256.0,1.2199189001317627
1607,MLP,0.359,1256.0,1.2199189001317627
1720,MLP,0.359,1256.0,1.2199189001317627
1888,MLP,0.359,1256.0,1.2199189001317627
2112,MLP,0.359,1256.0,1.2199189001317627
2147,MLP,0.359,1256.0,1.2199189001317627
2321,MLP,0.359,1256.0,1.2199189001317627
2391,MLP,0.359,1256.0,1.2199189001317627
250,MLP,0.358,1270.0,1.2165207973458805
752,MLP,0.358,1270.0,1.2165207973458805
945,MLP,0.358,1270.0,1.2165207973458805
1874,MLP,0.358,1270.0,1.2165207973458805
2330,MLP,0.358,1270.0,1.2165207973458805
2348,MLP,0.358,1270.0,1.2165207973458805
2452,MLP,0.358,1270.0,1.2165207973458805
2763,MLP,0.358,1270.0,1.2165207973458805
37,MLP,0.357,1278.0,1.213122694559998
179,MLP,0.357,1278.0,1.213122694559998
1456,MLP,0.357,1278.0,1.213122694559998
1738,MLP,0.357,1278.0,1.213122694559998
1924,MLP,0.357,1278.0,1.213122694559998
71,MLP,0.355,1283.0,1.2063264889882332
171,MLP,0.355,1283.0,1.2063264889882332
2248,MLP,0.355,1283.0,1.2063264889882332
2634,MLP,0.355,1283.0,1.2063264889882332
426,MLP,0.354,1287.0,1.202928386202351
834,MLP,0.354,1287.0,1.202928386202351
1978,MLP,0.354,1287.0,1.202928386202351
47,MLP,0.353,1290.0,1.1995302834164687
219,MLP,0.353,1290.0,1.1995302834164687
513,MLP,0.353,1290.0,1.1995302834164687
980,MLP,0.353,1290.0,1.1995302834164687
1705,MLP,0.353,1290.0,1.1995302834164687
2012,MLP,0.353,1290.0,1.1995302834164687
124,MLP,0.352,1296.0,1.1961321806305862
516,MLP,0.352,1296.0,1.1961321806305862
716,MLP,0.352,1296.0,1.1961321806305862
1323,MLP,0.352,1296.0,1.1961321806305862
1650,MLP,0.352,1296.0,1.1961321806305862
1747,MLP,0.352,1296.0,1.1961321806305862
2039,MLP,0.352,1296.0,1.1961321806305862
333,MLP,0.351,1303.0,1.192734077844704
924,MLP,0.351,1303.0,1.192734077844704
1896,MLP,0.351,1303.0,1.192734077844704
2425,MLP,0.351,1303.0,1.192734077844704
2621,MLP,0.351,1303.0,1.192734077844704
1478,MLP,0.35,1308.0,1.1893359750588215
1728,MLP,0.35,1308.0,1.1893359750588215
2710,MLP,0.35,1308.0,1.1893359750588215
202,MLP,0.349,1311.0,1.1859378722729392
213,MLP,0.349,1311.0,1.1859378722729392
741,MLP,0.349,1311.0,1.1859378722729392
935,MLP,0.349,1311.0,1.1859378722729392
1260,MLP,0.349,1311.0,1.1859378722729392
1802,MLP,0.349,1311.0,1.1859378722729392
2715,MLP,0.349,1311.0,1.1859378722729392
98,MLP,0.348,1318.0,1.182539769487057
493,MLP,0.348,1318.0,1.182539769487057
846,MLP,0.348,1318.0,1.182539769487057
1257,MLP,0.348,1318.0,1.182539769487057
1330,MLP,0.348,1318.0,1.182539769487057
1567,MLP,0.348,1318.0,1.182539769487057
1934,MLP,0.348,1318.0,1.182539769487057
2514,MLP,0.348,1318.0,1.182539769487057
2712,MLP,0.348,1318.0,1.182539769487057
4,MLP,0.347,1327.0,1.1791416667011745
660,MLP,0.347,1327.0,1.1791416667011745
898,MLP,0.347,1327.0,1.1791416667011745
957,MLP,0.347,1327.0,1.1791416667011745
1734,MLP,0.347,1327.0,1.1791416667011745
1971,MLP,0.347,1327.0,1.1791416667011745
2386,MLP,0.347,1327.0,1.1791416667011745
2403,MLP,0.347,1327.0,1.1791416667011745
2451,MLP,0.347,1327.0,1.1791416667011745
2467,MLP,0.347,1327.0,1.1791416667011745
2532,MLP,0.347,1327.0,1.1791416667011745
283,MLP,0.346,1338.0,1.1757435639152922
341,MLP,0.346,1338.0,1.1757435639152922
709,MLP,0.346,1338.0,1.1757435639152922
725,MLP,0.346,1338.0,1.1757435639152922
792,MLP,0.346,1338.0,1.1757435639152922
1152,MLP,0.346,1338.0,1.1757435639152922
2380,MLP,0.346,1338.0,1.1757435639152922
2405,MLP,0.346,1338.0,1.1757435639152922
2562,MLP,0.346,1338.0,1.1757435639152922
257,MLP,0.345,1347.0,1.1723454611294097
1111,MLP,0.345,1347.0,1.1723454611294097
1200,MLP,0.345,1347.0,1.1723454611294097
1966,MLP,0.345,1347.0,1.1723454611294097
2162,MLP,0.345,1347.0,1.1723454611294097
2291,MLP,0.345,1347.0,1.1723454611294097
57,MLP,0.344,1353.0,1.1689473583435275
224,MLP,0.344,1353.0,1.1689473583435275
1768,MLP,0.344,1353.0,1.1689473583435275
2524,MLP,0.344,1353.0,1.1689473583435275
23,MLP,0.343,1357.0,1.1655492555576452
223,MLP,0.343,1357.0,1.1655492555576452
442,MLP,0.343,1357.0,1.1655492555576452
473,MLP,0.343,1357.0,1.1655492555576452
1089,MLP,0.343,1357.0,1.1655492555576452
1407,MLP,0.343,1357.0,1.1655492555576452
1528,MLP,0.343,1357.0,1.1655492555576452
1560,MLP,0.343,1357.0,1.1655492555576452
1835,MLP,0.343,1357.0,1.1655492555576452
29,MLP,0.342,1366.0,1.162151152771763
112,MLP,0.342,1366.0,1.162151152771763
169,MLP,0.342,1366.0,1.162151152771763
474,MLP,0.342,1366.0,1.162151152771763
554,MLP,0.342,1366.0,1.162151152771763
573,MLP,0.342,1366.0,1.162151152771763
963,MLP,0.342,1366.0,1.162151152771763
1333,MLP,0.342,1366.0,1.162151152771763
1962,MLP,0.342,1366.0,1.162151152771763
2187,MLP,0.342,1366.0,1.162151152771763
2335,MLP,0.342,1366.0,1.162151152771763
2519,MLP,0.342,1366.0,1.162151152771763
348,MLP,0.341,1378.0,1.1587530499858807
353,MLP,0.341,1378.0,1.1587530499858807
833,MLP,0.341,1378.0,1.1587530499858807
1051,MLP,0.341,1378.0,1.1587530499858807
1160,MLP,0.341,1378.0,1.1587530499858807
1385,MLP,0.341,1378.0,1.1587530499858807
1489,MLP,0.341,1378.0,1.1587530499858807
2333,MLP,0.341,1378.0,1.1587530499858807
2479,MLP,0.341,1378.0,1.1587530499858807
311,MLP,0.34,1387.0,1.1553549471999982
433,MLP,0.34,1387.0,1.1553549471999982
436,MLP,0.34,1387.0,1.1553549471999982
1877,MLP,0.34,1387.0,1.1553549471999982
1955,MLP,0.34,1387.0,1.1553549471999982
2420,MLP,0.34,1387.0,1.1553549471999982
2460,MLP,0.34,1387.0,1.1553549471999982
2718,MLP,0.34,1387.0,1.1553549471999982
379,MLP,0.339,1395.0,1.151956844414116
416,MLP,0.339,1395.0,1.151956844414116
676,MLP,0.339,1395.0,1.151956844414116
1378,MLP,0.339,1395.0,1.151956844414116
1510,MLP,0.339,1395.0,1.151956844414116
1615,MLP,0.339,1395.0,1.151956844414116
2148,MLP,0.339,1395.0,1.151956844414116
2650,MLP,0.339,1395.0,1.151956844414116
9,MLP,0.338,1403.0,1.1485587416282335
767,MLP,0.338,1403.0,1.1485587416282335
961,MLP,0.338,1403.0,1.1485587416282335
1154,MLP,0.338,1403.0,1.1485587416282335
1218,MLP,0.338,1403.0,1.1485587416282335
1341,MLP,0.338,1403.0,1.1485587416282335
1769,MLP,0.338,1403.0,1.1485587416282335
1868,MLP,0.338,1403.0,1.1485587416282335
2639,MLP,0.338,1403.0,1.1485587416282335
10,MLP,0.337,1412.0,1.1451606388423512
840,MLP,0.337,1412.0,1.1451606388423512
901,MLP,0.337,1412.0,1.1451606388423512
1193,MLP,0.337,1412.0,1.1451606388423512
1571,MLP,0.337,1412.0,1.1451606388423512
1981,MLP,0.337,1412.0,1.1451606388423512
2025,MLP,0.337,1412.0,1.1451606388423512
744,MLP,0.336,1419.0,1.141762536056469
795,MLP,0.336,1419.0,1.141762536056469
808,MLP,0.336,1419.0,1.141762536056469
883,MLP,0.336,1419.0,1.141762536056469
1570,MLP,0.336,1419.0,1.141762536056469
1581,MLP,0.336,1419.0,1.141762536056469
1809,MLP,0.336,1419.0,1.141762536056469
2282,MLP,0.336,1419.0,1.141762536056469
2296,MLP,0.336,1419.0,1.141762536056469
464,MLP,0.335,1428.0,1.1383644332705865
661,MLP,0.335,1428.0,1.1383644332705865
2135,MLP,0.335,1428.0,1.1383644332705865
809,MLP,0.334,1431.0,1.1349663304847042
864,MLP,0.334,1431.0,1.1349663304847042
1179,MLP,0.334,1431.0,1.1349663304847042
1261,MLP,0.334,1431.0,1.1349663304847042
1968,MLP,0.334,1431.0,1.1349663304847042
2007,MLP,0.334,1431.0,1.1349663304847042
2058,MLP,0.334,1431.0,1.1349663304847042
2286,MLP,0.334,1431.0,1.1349663304847042
2683,MLP,0.334,1431.0,1.1349663304847042
2693,MLP,0.334,1431.0,1.1349663304847042
1013,MLP,0.333,1441.0,1.1315682276988217
1574,MLP,0.333,1441.0,1.1315682276988217
1675,MLP,0.333,1441.0,1.1315682276988217
1740,MLP,0.333,1441.0,1.1315682276988217
1993,MLP,0.333,1441.0,1.1315682276988217
2251,MLP,0.333,1441.0,1.1315682276988217
2453,MLP,0.333,1441.0,1.1315682276988217
2590,MLP,0.333,1441.0,1.1315682276988217
2778,MLP,0.333,1441.0,1.1315682276988217
508,MLP,0.332,1450.0,1.1281701249129394
583,MLP,0.332,1450.0,1.1281701249129394
718,MLP,0.332,1450.0,1.1281701249129394
803,MLP,0.332,1450.0,1.1281701249129394
974,MLP,0.332,1450.0,1.1281701249129394
1334,MLP,0.332,1450.0,1.1281701249129394
2431,MLP,0.332,1450.0,1.1281701249129394
90,MLP,0.331,1457.0,1.1247720221270572
337,MLP,0.331,1457.0,1.1247720221270572
495,MLP,0.331,1457.0,1.1247720221270572
690,MLP,0.331,1457.0,1.1247720221270572
812,MLP,0.331,1457.0,1.1247720221270572
1001,MLP,0.331,1457.0,1.1247720221270572
1133,MLP,0.331,1457.0,1.1247720221270572
1618,MLP,0.331,1457.0,1.1247720221270572
1925,MLP,0.331,1457.0,1.1247720221270572
2484,MLP,0.331,1457.0,1.1247720221270572
2485,MLP,0.331,1457.0,1.1247720221270572
2688,MLP,0.331,1457.0,1.1247720221270572
2692,MLP,0.331,1457.0,1.1247720221270572
205,MLP,0.33,1470.0,1.1213739193411747
354,MLP,0.33,1470.0,1.1213739193411747
669,MLP,0.33,1470.0,1.1213739193411747
1081,MLP,0.33,1470.0,1.1213739193411747
1458,MLP,0.33,1470.0,1.1213739193411747
1613,MLP,0.33,1470.0,1.1213739193411747
2229,MLP,0.33,1470.0,1.1213739193411747
2556,MLP,0.33,1470.0,1.1213739193411747
95,MLP,0.329,1478.0,1.1179758165552924
450,MLP,0.329,1478.0,1.1179758165552924
786,MLP,0.329,1478.0,1.1179758165552924
871,MLP,0.329,1478.0,1.1179758165552924
969,MLP,0.329,1478.0,1.1179758165552924
1132,MLP,0.329,1478.0,1.1179758165552924
1292,MLP,0.329,1478.0,1.1179758165552924
1589,MLP,0.329,1478.0,1.1179758165552924
1635,MLP,0.329,1478.0,1.1179758165552924
1787,MLP,0.329,1478.0,1.1179758165552924
1797,MLP,0.329,1478.0,1.1179758165552924
2017,MLP,0.329,1478.0,1.1179758165552924
2245,MLP,0.329,1478.0,1.1179758165552924
2457,MLP,0.329,1478.0,1.1179758165552924
2760,MLP,0.329,1478.0,1.1179758165552924
272,MLP,0.328,1493.0,1.11457771376941
893,MLP,0.328,1493.0,1.11457771376941
1361,MLP,0.328,1493.0,1.11457771376941
2338,MLP,0.328,1493.0,1.11457771376941
2439,MLP,0.328,1493.0,1.11457771376941
494,MLP,0.327,1498.0,1.1111796109835277
611,MLP,0.327,1498.0,1.1111796109835277
756,MLP,0.327,1498.0,1.1111796109835277
1531,MLP,0.327,1498.0,1.1111796109835277
1582,MLP,0.327,1498.0,1.1111796109835277
1767,MLP,0.327,1498.0,1.1111796109835277
2614,MLP,0.327,1498.0,1.1111796109835277
629,MLP,0.326,1505.0,1.1077815081976454
783,MLP,0.326,1505.0,1.1077815081976454
896,MLP,0.326,1505.0,1.1077815081976454
1562,MLP,0.326,1505.0,1.1077815081976454
1631,MLP,0.326,1505.0,1.1077815081976454
1773,MLP,0.326,1505.0,1.1077815081976454
1866,MLP,0.326,1505.0,1.1077815081976454
738,MLP,0.325,1512.0,1.104383405411763
757,MLP,0.325,1512.0,1.104383405411763
886,MLP,0.325,1512.0,1.104383405411763
1007,MLP,0.325,1512.0,1.104383405411763
1752,MLP,0.325,1512.0,1.104383405411763
1985,MLP,0.325,1512.0,1.104383405411763
2065,MLP,0.325,1512.0,1.104383405411763
2075,MLP,0.325,1512.0,1.104383405411763
2764,MLP,0.325,1512.0,1.104383405411763
413,MLP,0.324,1521.0,1.1009853026258807
560,MLP,0.324,1521.0,1.1009853026258807
618,MLP,0.324,1521.0,1.1009853026258807
722,MLP,0.324,1521.0,1.1009853026258807
1666,MLP,0.324,1521.0,1.1009853026258807
1805,MLP,0.324,1521.0,1.1009853026258807
1881,MLP,0.324,1521.0,1.1009853026258807
1900,MLP,0.324,1521.0,1.1009853026258807
1959,MLP,0.324,1521.0,1.1009853026258807
208,MLP,0.323,1530.0,1.0975871998399982
978,MLP,0.323,1530.0,1.0975871998399982
1068,MLP,0.323,1530.0,1.0975871998399982
1237,MLP,0.323,1530.0,1.0975871998399982
1280,MLP,0.323,1530.0,1.0975871998399982
2168,MLP,0.323,1530.0,1.0975871998399982
2307,MLP,0.323,1530.0,1.0975871998399982
2415,MLP,0.323,1530.0,1.0975871998399982
56,MLP,0.322,1538.0,1.094189097054116
185,MLP,0.322,1538.0,1.094189097054116
543,MLP,0.322,1538.0,1.094189097054116
1383,MLP,0.322,1538.0,1.094189097054116
1653,MLP,0.322,1538.0,1.094189097054116
1698,MLP,0.322,1538.0,1.094189097054116
2021,MLP,0.322,1538.0,1.094189097054116
2205,MLP,0.322,1538.0,1.094189097054116
76,MLP,0.321,1546.0,1.0907909942682337
135,MLP,0.321,1546.0,1.0907909942682337
376,MLP,0.321,1546.0,1.0907909942682337
480,MLP,0.321,1546.0,1.0907909942682337
592,MLP,0.321,1546.0,1.0907909942682337
773,MLP,0.321,1546.0,1.0907909942682337
1205,MLP,0.321,1546.0,1.0907909942682337
1409,MLP,0.321,1546.0,1.0907909942682337
1577,MLP,0.321,1546.0,1.0907909942682337
1629,MLP,0.321,1546.0,1.0907909942682337
1792,MLP,0.321,1546.0,1.0907909942682337
2069,MLP,0.321,1546.0,1.0907909942682337
2629,MLP,0.321,1546.0,1.0907909942682337
2691,MLP,0.321,1546.0,1.0907909942682337
397,MLP,0.32,1560.0,1.0873928914823512
447,MLP,0.32,1560.0,1.0873928914823512
684,MLP,0.32,1560.0,1.0873928914823512
902,MLP,0.32,1560.0,1.0873928914823512
1124,MLP,0.32,1560.0,1.0873928914823512
1591,MLP,0.32,1560.0,1.0873928914823512
1612,MLP,0.32,1560.0,1.0873928914823512
1691,MLP,0.32,1560.0,1.0873928914823512
1759,MLP,0.32,1560.0,1.0873928914823512
1894,MLP,0.32,1560.0,1.0873928914823512
2468,MLP,0.32,1560.0,1.0873928914823512
2570,MLP,0.32,1560.0,1.0873928914823512
597,MLP,0.319,1572.0,1.083994788696469
822,MLP,0.319,1572.0,1.083994788696469
1545,MLP,0.319,1572.0,1.083994788696469
1706,MLP,0.319,1572.0,1.083994788696469
2008,MLP,0.319,1572.0,1.083994788696469
2702,MLP,0.319,1572.0,1.083994788696469
279,MLP,0.318,1578.0,1.0805966859105864
478,MLP,0.318,1578.0,1.0805966859105864
733,MLP,0.318,1578.0,1.0805966859105864
755,MLP,0.318,1578.0,1.0805966859105864
819,MLP,0.318,1578.0,1.0805966859105864
859,MLP,0.318,1578.0,1.0805966859105864
1208,MLP,0.318,1578.0,1.0805966859105864
1392,MLP,0.318,1578.0,1.0805966859105864
1417,MLP,0.318,1578.0,1.0805966859105864
1977,MLP,0.318,1578.0,1.0805966859105864
2337,MLP,0.318,1578.0,1.0805966859105864
236,MLP,0.317,1589.0,1.0771985831247042
670,MLP,0.317,1589.0,1.0771985831247042
1148,MLP,0.317,1589.0,1.0771985831247042
1195,MLP,0.317,1589.0,1.0771985831247042
1395,MLP,0.317,1589.0,1.0771985831247042
1396,MLP,0.317,1589.0,1.0771985831247042
2539,MLP,0.317,1589.0,1.0771985831247042
316,MLP,0.316,1596.0,1.073800480338822
578,MLP,0.316,1596.0,1.073800480338822
671,MLP,0.316,1596.0,1.073800480338822
750,MLP,0.316,1596.0,1.073800480338822
1563,MLP,0.316,1596.0,1.073800480338822
1790,MLP,0.316,1596.0,1.073800480338822
2341,MLP,0.316,1596.0,1.073800480338822
2632,MLP,0.316,1596.0,1.073800480338822
2637,MLP,0.316,1596.0,1.073800480338822
167,MLP,0.315,1605.0,1.0704023775529394
449,MLP,0.315,1605.0,1.0704023775529394
481,MLP,0.315,1605.0,1.0704023775529394
537,MLP,0.315,1605.0,1.0704023775529394
564,MLP,0.315,1605.0,1.0704023775529394
1265,MLP,0.315,1605.0,1.0704023775529394
1730,MLP,0.315,1605.0,1.0704023775529394
1843,MLP,0.315,1605.0,1.0704023775529394
1897,MLP,0.315,1605.0,1.0704023775529394
2623,MLP,0.315,1605.0,1.0704023775529394
568,MLP,0.314,1615.0,1.0670042747670572
730,MLP,0.314,1615.0,1.0670042747670572
1358,MLP,0.314,1615.0,1.0670042747670572
1554,MLP,0.314,1615.0,1.0670042747670572
1782,MLP,0.314,1615.0,1.0670042747670572
2133,MLP,0.314,1615.0,1.0670042747670572
2526,MLP,0.314,1615.0,1.0670042747670572
535,MLP,0.313,1622.0,1.0636061719811747
541,MLP,0.313,1622.0,1.0636061719811747
916,MLP,0.313,1622.0,1.0636061719811747
1113,MLP,0.313,1622.0,1.0636061719811747
1210,MLP,0.313,1622.0,1.0636061719811747
1441,MLP,0.313,1622.0,1.0636061719811747
1913,MLP,0.313,1622.0,1.0636061719811747
1,MLP,0.312,1629.0,1.0602080691952924
355,MLP,0.312,1629.0,1.0602080691952924
707,MLP,0.312,1629.0,1.0602080691952924
778,MLP,0.312,1629.0,1.0602080691952924
790,MLP,0.312,1629.0,1.0602080691952924
1315,MLP,0.312,1629.0,1.0602080691952924
1325,MLP,0.312,1629.0,1.0602080691952924
2264,MLP,0.312,1629.0,1.0602080691952924
514,MLP,0.311,1637.0,1.0568099664094102
824,MLP,0.311,1637.0,1.0568099664094102
888,MLP,0.311,1637.0,1.0568099664094102
1079,MLP,0.311,1637.0,1.0568099664094102
1201,MLP,0.311,1637.0,1.0568099664094102
1430,MLP,0.311,1637.0,1.0568099664094102
1627,MLP,0.311,1637.0,1.0568099664094102
2180,MLP,0.311,1637.0,1.0568099664094102
2471,MLP,0.311,1637.0,1.0568099664094102
2658,MLP,0.311,1637.0,1.0568099664094102
1474,MLP,0.31,1647.0,1.0534118636235277
2098,MLP,0.31,1647.0,1.0534118636235277
2289,MLP,0.31,1647.0,1.0534118636235277
2363,MLP,0.31,1647.0,1.0534118636235277
683,MLP,0.309,1651.0,1.0500137608376454
1092,MLP,0.309,1651.0,1.0500137608376454
1175,MLP,0.309,1651.0,1.0500137608376454
1451,MLP,0.309,1651.0,1.0500137608376454
1548,MLP,0.309,1651.0,1.0500137608376454
1626,MLP,0.309,1651.0,1.0500137608376454
1743,MLP,0.309,1651.0,1.0500137608376454
1766,MLP,0.309,1651.0,1.0500137608376454
1967,MLP,0.309,1651.0,1.0500137608376454
2088,MLP,0.309,1651.0,1.0500137608376454
2206,MLP,0.309,1651.0,1.0500137608376454
42,MLP,0.308,1662.0,1.046615658051763
417,MLP,0.308,1662.0,1.046615658051763
526,MLP,0.308,1662.0,1.046615658051763
1231,MLP,0.308,1662.0,1.046615658051763
1990,MLP,0.308,1662.0,1.046615658051763
2102,MLP,0.308,1662.0,1.046615658051763
2355,MLP,0.308,1662.0,1.046615658051763
2448,MLP,0.308,1662.0,1.046615658051763
2553,MLP,0.308,1662.0,1.046615658051763
2646,MLP,0.308,1662.0,1.046615658051763
395,MLP,0.307,1672.0,1.0432175552658807
908,MLP,0.307,1672.0,1.0432175552658807
1128,MLP,0.307,1672.0,1.0432175552658807
1447,MLP,0.307,1672.0,1.0432175552658807
2150,MLP,0.307,1672.0,1.0432175552658807
2398,MLP,0.307,1672.0,1.0432175552658807
2494,MLP,0.307,1672.0,1.0432175552658807
2530,MLP,0.307,1672.0,1.0432175552658807
2568,MLP,0.307,1672.0,1.0432175552658807
2775,MLP,0.307,1672.0,1.0432175552658807
258,MLP,0.306,1682.0,1.0398194524799984
271,MLP,0.306,1682.0,1.0398194524799984
393,MLP,0.306,1682.0,1.0398194524799984
615,MLP,0.306,1682.0,1.0398194524799984
686,MLP,0.306,1682.0,1.0398194524799984
1176,MLP,0.306,1682.0,1.0398194524799984
1342,MLP,0.306,1682.0,1.0398194524799984
1550,MLP,0.306,1682.0,1.0398194524799984
1722,MLP,0.306,1682.0,1.0398194524799984
2153,MLP,0.306,1682.0,1.0398194524799984
2518,MLP,0.306,1682.0,1.0398194524799984
2572,MLP,0.306,1682.0,1.0398194524799984
246,MLP,0.305,1694.0,1.036421349694116
314,MLP,0.305,1694.0,1.036421349694116
401,MLP,0.305,1694.0,1.036421349694116
1014,MLP,0.305,1694.0,1.036421349694116
1059,MLP,0.305,1694.0,1.036421349694116
1467,MLP,0.305,1694.0,1.036421349694116
1596,MLP,0.305,1694.0,1.036421349694116
2399,MLP,0.305,1694.0,1.036421349694116
2744,MLP,0.305,1694.0,1.036421349694116
296,MLP,0.304,1703.0,1.0330232469082337
1053,MLP,0.304,1703.0,1.0330232469082337
2360,MLP,0.304,1703.0,1.0330232469082337
2365,MLP,0.304,1703.0,1.0330232469082337
2496,MLP,0.304,1703.0,1.0330232469082337
2527,MLP,0.304,1703.0,1.0330232469082337
2624,MLP,0.304,1703.0,1.0330232469082337
346,MLP,0.303,1710.0,1.0296251441223512
712,MLP,0.303,1710.0,1.0296251441223512
1181,MLP,0.303,1710.0,1.0296251441223512
1389,MLP,0.303,1710.0,1.0296251441223512
1643,MLP,0.303,1710.0,1.0296251441223512
1964,MLP,0.303,1710.0,1.0296251441223512
2018,MLP,0.303,1710.0,1.0296251441223512
2082,MLP,0.303,1710.0,1.0296251441223512
41,MLP,0.302,1718.0,1.026227041336469
58,MLP,0.302,1718.0,1.026227041336469
133,MLP,0.302,1718.0,1.026227041336469
468,MLP,0.302,1718.0,1.026227041336469
2265,MLP,0.302,1718.0,1.026227041336469
77,MLP,0.301,1723.0,1.0228289385505867
138,MLP,0.301,1723.0,1.0228289385505867
163,MLP,0.301,1723.0,1.0228289385505867
165,MLP,0.301,1723.0,1.0228289385505867
633,MLP,0.301,1723.0,1.0228289385505867
867,MLP,0.301,1723.0,1.0228289385505867
905,MLP,0.301,1723.0,1.0228289385505867
1076,MLP,0.301,1723.0,1.0228289385505867
1202,MLP,0.301,1723.0,1.0228289385505867
1405,MLP,0.301,1723.0,1.0228289385505867
1616,MLP,0.301,1723.0,1.0228289385505867
1803,MLP,0.301,1723.0,1.0228289385505867
2194,MLP,0.301,1723.0,1.0228289385505867
2408,MLP,0.301,1723.0,1.0228289385505867
2446,MLP,0.301,1723.0,1.0228289385505867
2725,MLP,0.301,1723.0,1.0228289385505867
62,MLP,0.3,1739.0,1.0194308357647042
116,MLP,0.3,1739.0,1.0194308357647042
525,MLP,0.3,1739.0,1.0194308357647042
665,MLP,0.3,1739.0,1.0194308357647042
1393,MLP,0.3,1739.0,1.0194308357647042
1867,MLP,0.3,1739.0,1.0194308357647042
1937,MLP,0.3,1739.0,1.0194308357647042
2618,MLP,0.3,1739.0,1.0194308357647042
2730,MLP,0.3,1739.0,1.0194308357647042
6,MLP,0.299,1748.0,1.016032732978822
248,MLP,0.299,1748.0,1.016032732978822
1707,MLP,0.299,1748.0,1.016032732978822
2003,MLP,0.299,1748.0,1.016032732978822
2028,MLP,0.299,1748.0,1.016032732978822
19,MLP,0.298,1753.0,1.0126346301929394
1309,MLP,0.298,1753.0,1.0126346301929394
1402,MLP,0.298,1753.0,1.0126346301929394
1446,MLP,0.298,1753.0,1.0126346301929394
2381,MLP,0.298,1753.0,1.0126346301929394
142,MLP,0.297,1758.0,1.0092365274070572
217,MLP,0.297,1758.0,1.0092365274070572
835,MLP,0.297,1758.0,1.0092365274070572
954,MLP,0.297,1758.0,1.0092365274070572
1083,MLP,0.297,1758.0,1.0092365274070572
1101,MLP,0.297,1758.0,1.0092365274070572
1703,MLP,0.297,1758.0,1.0092365274070572
2214,MLP,0.297,1758.0,1.0092365274070572
2216,MLP,0.297,1758.0,1.0092365274070572
419,MLP,0.296,1767.0,1.005838424621175
739,MLP,0.296,1767.0,1.005838424621175
857,MLP,0.296,1767.0,1.005838424621175
1283,MLP,0.296,1767.0,1.005838424621175
1338,MLP,0.296,1767.0,1.005838424621175
1685,MLP,0.296,1767.0,1.005838424621175
2615,MLP,0.296,1767.0,1.005838424621175
263,MLP,0.295,1774.0,1.0024403218352924
357,MLP,0.295,1774.0,1.0024403218352924
396,MLP,0.295,1774.0,1.0024403218352924
453,MLP,0.295,1774.0,1.0024403218352924
989,MLP,0.295,1774.0,1.0024403218352924
1664,MLP,0.295,1774.0,1.0024403218352924
2642,MLP,0.295,1774.0,1.0024403218352924
2654,MLP,0.295,1774.0,1.0024403218352924
490,MLP,0.294,1782.0,0.9990422190494102
647,MLP,0.294,1782.0,0.9990422190494102
1970,MLP,0.294,1782.0,0.9990422190494102
1982,MLP,0.294,1782.0,0.9990422190494102
2093,MLP,0.294,1782.0,0.9990422190494102
2125,MLP,0.294,1782.0,0.9990422190494102
2233,MLP,0.294,1782.0,0.9990422190494102
2483,MLP,0.294,1782.0,0.9990422190494102
759,MLP,0.293,1790.0,0.9956441162635278
2491,MLP,0.293,1790.0,0.9956441162635278
2613,MLP,0.293,1790.0,0.9956441162635278
645,MLP,0.292,1793.0,0.9922460134776454
1654,MLP,0.292,1793.0,0.9922460134776454
1753,MLP,0.292,1793.0,0.9922460134776454
1876,MLP,0.292,1793.0,0.9922460134776454
2397,MLP,0.292,1793.0,0.9922460134776454
2581,MLP,0.292,1793.0,0.9922460134776454
441,MLP,0.291,1799.0,0.988847910691763
811,MLP,0.291,1799.0,0.988847910691763
839,MLP,0.291,1799.0,0.988847910691763
1123,MLP,0.291,1799.0,0.988847910691763
1290,MLP,0.291,1799.0,0.988847910691763
1298,MLP,0.291,1799.0,0.988847910691763
1665,MLP,0.291,1799.0,0.988847910691763
1694,MLP,0.291,1799.0,0.988847910691763
1695,MLP,0.291,1799.0,0.988847910691763
1781,MLP,0.291,1799.0,0.988847910691763
2358,MLP,0.291,1799.0,0.988847910691763
2721,MLP,0.291,1799.0,0.988847910691763
145,MLP,0.29,1811.0,0.9854498079058808
1313,MLP,0.29,1811.0,0.9854498079058808
1965,MLP,0.29,1811.0,0.9854498079058808
105,MLP,0.289,1814.0,0.9820517051199984
175,MLP,0.289,1814.0,0.9820517051199984
201,MLP,0.289,1814.0,0.9820517051199984
1466,MLP,0.289,1814.0,0.9820517051199984
1536,MLP,0.289,1814.0,0.9820517051199984
1963,MLP,0.289,1814.0,0.9820517051199984
114,MLP,0.288,1820.0,0.978653602334116
148,MLP,0.288,1820.0,0.978653602334116
235,MLP,0.288,1820.0,0.978653602334116
415,MLP,0.288,1820.0,0.978653602334116
895,MLP,0.288,1820.0,0.978653602334116
946,MLP,0.288,1820.0,0.978653602334116
1069,MLP,0.288,1820.0,0.978653602334116
1352,MLP,0.288,1820.0,0.978653602334116
1546,MLP,0.288,1820.0,0.978653602334116
2311,MLP,0.288,1820.0,0.978653602334116
2573,MLP,0.288,1820.0,0.978653602334116
575,MLP,0.287,1831.0,0.9752554995482337
610,MLP,0.287,1831.0,0.9752554995482337
1173,MLP,0.287,1831.0,0.9752554995482337
1301,MLP,0.287,1831.0,0.9752554995482337
1907,MLP,0.287,1831.0,0.9752554995482337
2749,MLP,0.287,1831.0,0.9752554995482337
2755,MLP,0.287,1831.0,0.9752554995482337
643,MLP,0.286,1838.0,0.9718573967623513
658,MLP,0.286,1838.0,0.9718573967623513
799,MLP,0.286,1838.0,0.9718573967623513
1066,MLP,0.286,1838.0,0.9718573967623513
1593,MLP,0.286,1838.0,0.9718573967623513
1992,MLP,0.286,1838.0,0.9718573967623513
1997,MLP,0.286,1838.0,0.9718573967623513
2476,MLP,0.286,1838.0,0.9718573967623513
2751,MLP,0.286,1838.0,0.9718573967623513
2769,MLP,0.286,1838.0,0.9718573967623513
128,MLP,0.285,1848.0,0.968459293976469
711,MLP,0.285,1848.0,0.968459293976469
772,MLP,0.285,1848.0,0.968459293976469
907,MLP,0.285,1848.0,0.968459293976469
1481,MLP,0.285,1848.0,0.968459293976469
2070,MLP,0.285,1848.0,0.968459293976469
2370,MLP,0.285,1848.0,0.968459293976469
2458,MLP,0.285,1848.0,0.968459293976469
102,MLP,0.284,1856.0,0.9650611911905866
233,MLP,0.284,1856.0,0.9650611911905866
691,MLP,0.284,1856.0,0.9650611911905866
1367,MLP,0.284,1856.0,0.9650611911905866
1444,MLP,0.284,1856.0,0.9650611911905866
1630,MLP,0.284,1856.0,0.9650611911905866
1996,MLP,0.284,1856.0,0.9650611911905866
2184,MLP,0.284,1856.0,0.9650611911905866
2186,MLP,0.284,1856.0,0.9650611911905866
2412,MLP,0.284,1856.0,0.9650611911905866
2447,MLP,0.284,1856.0,0.9650611911905866
626,MLP,0.283,1867.0,0.9616630884047043
1050,MLP,0.283,1867.0,0.9616630884047043
1251,MLP,0.283,1867.0,0.9616630884047043
2056,MLP,0.283,1867.0,0.9616630884047043
2174,MLP,0.283,1867.0,0.9616630884047043
2454,MLP,0.283,1867.0,0.9616630884047043
2601,MLP,0.283,1867.0,0.9616630884047043
240,MLP,0.282,1874.0,0.9582649856188219
553,MLP,0.282,1874.0,0.9582649856188219
1102,MLP,0.282,1874.0,0.9582649856188219
1721,MLP,0.282,1874.0,0.9582649856188219
1731,MLP,0.282,1874.0,0.9582649856188219
2201,MLP,0.282,1874.0,0.9582649856188219
2223,MLP,0.282,1874.0,0.9582649856188219
2575,MLP,0.282,1874.0,0.9582649856188219
2743,MLP,0.282,1874.0,0.9582649856188219
617,MLP,0.281,1883.0,0.9548668828329397
640,MLP,0.281,1883.0,0.9548668828329397
702,MLP,0.281,1883.0,0.9548668828329397
1771,MLP,0.281,1883.0,0.9548668828329397
2166,MLP,0.281,1883.0,0.9548668828329397
2580,MLP,0.281,1883.0,0.9548668828329397
2595,MLP,0.281,1883.0,0.9548668828329397
2617,MLP,0.281,1883.0,0.9548668828329397
231,MLP,0.28,1891.0,0.9514687800470574
971,MLP,0.28,1891.0,0.9514687800470574
1188,MLP,0.28,1891.0,0.9514687800470574
1209,MLP,0.28,1891.0,0.9514687800470574
1719,MLP,0.28,1891.0,0.9514687800470574
1839,MLP,0.28,1891.0,0.9514687800470574
2276,MLP,0.28,1891.0,0.9514687800470574
2387,MLP,0.28,1891.0,0.9514687800470574
2407,MLP,0.28,1891.0,0.9514687800470574
2574,MLP,0.28,1891.0,0.9514687800470574
113,MLP,0.279,1901.0,0.9480706772611751
198,MLP,0.279,1901.0,0.9480706772611751
477,MLP,0.279,1901.0,0.9480706772611751
619,MLP,0.279,1901.0,0.9480706772611751
646,MLP,0.279,1901.0,0.9480706772611751
703,MLP,0.279,1901.0,0.9480706772611751
869,MLP,0.279,1901.0,0.9480706772611751
1164,MLP,0.279,1901.0,0.9480706772611751
1274,MLP,0.279,1901.0,0.9480706772611751
1368,MLP,0.279,1901.0,0.9480706772611751
1949,MLP,0.279,1901.0,0.9480706772611751
2169,MLP,0.279,1901.0,0.9480706772611751
2395,MLP,0.279,1901.0,0.9480706772611751
256,MLP,0.278,1914.0,0.9446725744752927
785,MLP,0.278,1914.0,0.9446725744752927
1486,MLP,0.278,1914.0,0.9446725744752927
2035,MLP,0.278,1914.0,0.9446725744752927
2059,MLP,0.278,1914.0,0.9446725744752927
267,MLP,0.277,1919.0,0.9412744716894104
309,MLP,0.277,1919.0,0.9412744716894104
432,MLP,0.277,1919.0,0.9412744716894104
499,MLP,0.277,1919.0,0.9412744716894104
915,MLP,0.277,1919.0,0.9412744716894104
1359,MLP,0.277,1919.0,0.9412744716894104
2006,MLP,0.277,1919.0,0.9412744716894104
1138,MLP,0.276,1926.0,0.937876368903528
1300,MLP,0.276,1926.0,0.937876368903528
1498,MLP,0.276,1926.0,0.937876368903528
1605,MLP,0.276,1926.0,0.937876368903528
1673,MLP,0.276,1926.0,0.937876368903528
2554,MLP,0.276,1926.0,0.937876368903528
2569,MLP,0.276,1926.0,0.937876368903528
685,MLP,0.275,1933.0,0.9344782661176456
1094,MLP,0.275,1933.0,0.9344782661176456
1332,MLP,0.275,1933.0,0.9344782661176456
2048,MLP,0.275,1933.0,0.9344782661176456
577,MLP,0.274,1937.0,0.9310801633317634
605,MLP,0.274,1937.0,0.9310801633317634
653,MLP,0.274,1937.0,0.9310801633317634
1052,MLP,0.274,1937.0,0.9310801633317634
1822,MLP,0.274,1937.0,0.9310801633317634
2331,MLP,0.274,1937.0,0.9310801633317634
787,MLP,0.273,1943.0,0.927682060545881
1541,MLP,0.273,1943.0,0.927682060545881
89,MLP,0.272,1945.0,0.9242839577599986
206,MLP,0.272,1945.0,0.9242839577599986
675,MLP,0.272,1945.0,0.9242839577599986
1047,MLP,0.272,1945.0,0.9242839577599986
1494,MLP,0.272,1945.0,0.9242839577599986
1516,MLP,0.272,1945.0,0.9242839577599986
2120,MLP,0.272,1945.0,0.9242839577599986
500,MLP,0.271,1952.0,0.9208858549741162
1519,MLP,0.271,1952.0,0.9208858549741162
1684,MLP,0.271,1952.0,0.9208858549741162
2138,MLP,0.271,1952.0,0.9208858549741162
347,MLP,0.27,1956.0,0.9174877521882339
1490,MLP,0.27,1956.0,0.9174877521882339
1508,MLP,0.27,1956.0,0.9174877521882339
1904,MLP,0.27,1956.0,0.9174877521882339
2182,MLP,0.27,1956.0,0.9174877521882339
2636,MLP,0.27,1956.0,0.9174877521882339
2707,MLP,0.27,1956.0,0.9174877521882339
544,MLP,0.269,1963.0,0.9140896494023516
1143,MLP,0.269,1963.0,0.9140896494023516
1786,MLP,0.269,1963.0,0.9140896494023516
2592,MLP,0.269,1963.0,0.9140896494023516
2709,MLP,0.269,1963.0,0.9140896494023516
2773,MLP,0.269,1963.0,0.9140896494023516
209,MLP,0.268,1969.0,0.9106915466164692
842,MLP,0.268,1969.0,0.9106915466164692
972,MLP,0.268,1969.0,0.9106915466164692
1022,MLP,0.268,1969.0,0.9106915466164692
1477,MLP,0.268,1969.0,0.9106915466164692
2127,MLP,0.268,1969.0,0.9106915466164692
2463,MLP,0.268,1969.0,0.9106915466164692
2543,MLP,0.268,1969.0,0.9106915466164692
2745,MLP,0.268,1969.0,0.9106915466164692
1401,MLP,0.267,1978.0,0.9072934438305869
1576,MLP,0.267,1978.0,0.9072934438305869
1634,MLP,0.267,1978.0,0.9072934438305869
1974,MLP,0.267,1978.0,0.9072934438305869
155,MLP,0.266,1982.0,0.9038953410447045
594,MLP,0.266,1982.0,0.9038953410447045
747,MLP,0.266,1982.0,0.9038953410447045
947,MLP,0.266,1982.0,0.9038953410447045
1055,MLP,0.266,1982.0,0.9038953410447045
1170,MLP,0.266,1982.0,0.9038953410447045
2240,MLP,0.266,1982.0,0.9038953410447045
40,MLP,0.265,1989.0,0.9004972382588221
374,MLP,0.265,1989.0,0.9004972382588221
694,MLP,0.265,1989.0,0.9004972382588221
1496,MLP,0.265,1989.0,0.9004972382588221
2024,MLP,0.265,1989.0,0.9004972382588221
172,MLP,0.264,1994.0,0.8970991354729398
540,MLP,0.264,1994.0,0.8970991354729398
817,MLP,0.264,1994.0,0.8970991354729398
889,MLP,0.264,1994.0,0.8970991354729398
906,MLP,0.264,1994.0,0.8970991354729398
1455,MLP,0.264,1994.0,0.8970991354729398
1586,MLP,0.264,1994.0,0.8970991354729398
1683,MLP,0.264,1994.0,0.8970991354729398
1761,MLP,0.264,1994.0,0.8970991354729398
1813,MLP,0.264,1994.0,0.8970991354729398
1995,MLP,0.264,1994.0,0.8970991354729398
2647,MLP,0.264,1994.0,0.8970991354729398
3,MLP,0.263,2006.0,0.8937010326870575
319,MLP,0.263,2006.0,0.8937010326870575
492,MLP,0.263,2006.0,0.8937010326870575
742,MLP,0.263,2006.0,0.8937010326870575
1082,MLP,0.263,2006.0,0.8937010326870575
1278,MLP,0.263,2006.0,0.8937010326870575
1452,MLP,0.263,2006.0,0.8937010326870575
1696,MLP,0.263,2006.0,0.8937010326870575
2042,MLP,0.263,2006.0,0.8937010326870575
2366,MLP,0.263,2006.0,0.8937010326870575
2472,MLP,0.263,2006.0,0.8937010326870575
689,MLP,0.262,2017.0,0.8903029299011751
1204,MLP,0.262,2017.0,0.8903029299011751
1832,MLP,0.262,2017.0,0.8903029299011751
111,MLP,0.261,2020.0,0.8869048271152927
186,MLP,0.261,2020.0,0.8869048271152927
1037,MLP,0.261,2020.0,0.8869048271152927
1042,MLP,0.261,2020.0,0.8869048271152927
1303,MLP,0.261,2020.0,0.8869048271152927
1988,MLP,0.261,2020.0,0.8869048271152927
2097,MLP,0.261,2020.0,0.8869048271152927
2771,MLP,0.261,2020.0,0.8869048271152927
1186,MLP,0.26,2028.0,0.8835067243294104
2167,MLP,0.26,2028.0,0.8835067243294104
78,MLP,0.259,2030.0,0.8801086215435281
226,MLP,0.259,2030.0,0.8801086215435281
881,MLP,0.259,2030.0,0.8801086215435281
1074,MLP,0.259,2030.0,0.8801086215435281
1645,MLP,0.259,2030.0,0.8801086215435281
1852,MLP,0.259,2030.0,0.8801086215435281
2116,MLP,0.259,2030.0,0.8801086215435281
2740,MLP,0.259,2030.0,0.8801086215435281
1236,MLP,0.258,2038.0,0.8767105187576457
1712,MLP,0.258,2038.0,0.8767105187576457
2271,MLP,0.258,2038.0,0.8767105187576457
197,MLP,0.257,2041.0,0.8733124159717633
715,MLP,0.257,2041.0,0.8733124159717633
1457,MLP,0.257,2041.0,0.8733124159717633
1462,MLP,0.257,2041.0,0.8733124159717633
1820,MLP,0.257,2041.0,0.8733124159717633
2027,MLP,0.257,2041.0,0.8733124159717633
2196,MLP,0.257,2041.0,0.8733124159717633
2409,MLP,0.257,2041.0,0.8733124159717633
304,MLP,0.256,2049.0,0.869914313185881
607,MLP,0.256,2049.0,0.869914313185881
784,MLP,0.256,2049.0,0.869914313185881
1028,MLP,0.256,2049.0,0.869914313185881
1145,MLP,0.256,2049.0,0.869914313185881
1284,MLP,0.256,2049.0,0.869914313185881
1306,MLP,0.256,2049.0,0.869914313185881
1784,MLP,0.256,2049.0,0.869914313185881
2221,MLP,0.256,2049.0,0.869914313185881
1975,MLP,0.255,2058.0,0.8665162103999986
2231,MLP,0.255,2058.0,0.8665162103999986
2375,MLP,0.255,2058.0,0.8665162103999986
2376,MLP,0.255,2058.0,0.8665162103999986
299,MLP,0.254,2062.0,0.8631181076141163
934,MLP,0.254,2062.0,0.8631181076141163
1005,MLP,0.254,2062.0,0.8631181076141163
1136,MLP,0.254,2062.0,0.8631181076141163
1555,MLP,0.254,2062.0,0.8631181076141163
2230,MLP,0.254,2062.0,0.8631181076141163
147,MLP,0.253,2068.0,0.859720004828234
2754,MLP,0.253,2068.0,0.859720004828234
378,MLP,0.252,2070.0,0.8563219020423516
1085,MLP,0.252,2070.0,0.8563219020423516
1178,MLP,0.251,2072.0,0.8529237992564692
1421,MLP,0.251,2072.0,0.8529237992564692
1880,MLP,0.251,2072.0,0.8529237992564692
107,MLP,0.25,2075.0,0.8495256964705868
1800,MLP,0.25,2075.0,0.8495256964705868
2107,MLP,0.25,2075.0,0.8495256964705868
2171,MLP,0.25,2075.0,0.8495256964705868
2353,MLP,0.25,2075.0,0.8495256964705868
1207,MLP,0.249,2080.0,0.8461275936847046
1751,MLP,0.249,2080.0,0.8461275936847046
2350,MLP,0.249,2080.0,0.8461275936847046
2445,MLP,0.249,2080.0,0.8461275936847046
489,MLP,0.248,2084.0,0.8427294908988222
807,MLP,0.248,2084.0,0.8427294908988222
2459,MLP,0.248,2084.0,0.8427294908988222
435,MLP,0.247,2087.0,0.8393313881129398
470,MLP,0.247,2087.0,0.8393313881129398
621,MLP,0.247,2087.0,0.8393313881129398
931,MLP,0.247,2087.0,0.8393313881129398
2655,MLP,0.247,2087.0,0.8393313881129398
519,MLP,0.246,2092.0,0.8359332853270575
1318,MLP,0.246,2092.0,0.8359332853270575
2268,MLP,0.246,2092.0,0.8359332853270575
2761,MLP,0.246,2092.0,0.8359332853270575
301,MLP,0.245,2096.0,0.8325351825411751
994,MLP,0.245,2096.0,0.8325351825411751
1364,MLP,0.245,2096.0,0.8325351825411751
1529,MLP,0.245,2096.0,0.8325351825411751
2470,MLP,0.245,2096.0,0.8325351825411751
305,MLP,0.244,2101.0,0.8291370797552928
585,MLP,0.244,2101.0,0.8291370797552928
1633,MLP,0.244,2101.0,0.8291370797552928
2123,MLP,0.244,2101.0,0.8291370797552928
2410,MLP,0.244,2101.0,0.8291370797552928
828,MLP,0.243,2106.0,0.8257389769694105
1117,MLP,0.243,2106.0,0.8257389769694105
2217,MLP,0.243,2106.0,0.8257389769694105
2545,MLP,0.243,2106.0,0.8257389769694105
8,MLP,0.242,2110.0,0.8223408741835281
589,MLP,0.242,2110.0,0.8223408741835281
704,MLP,0.242,2110.0,0.8223408741835281
975,MLP,0.242,2110.0,0.8223408741835281
1351,MLP,0.242,2110.0,0.8223408741835281
390,MLP,0.241,2115.0,0.8189427713976457
682,MLP,0.241,2115.0,0.8189427713976457
1222,MLP,0.241,2115.0,0.8189427713976457
1374,MLP,0.241,2115.0,0.8189427713976457
1425,MLP,0.241,2115.0,0.8189427713976457
1600,MLP,0.241,2115.0,0.8189427713976457
1701,MLP,0.241,2115.0,0.8189427713976457
1908,MLP,0.241,2115.0,0.8189427713976457
2077,MLP,0.241,2115.0,0.8189427713976457
770,MLP,0.24,2124.0,0.8155446686117633
1288,MLP,0.24,2124.0,0.8155446686117633
1628,MLP,0.24,2124.0,0.8155446686117633
2083,MLP,0.24,2124.0,0.8155446686117633
2701,MLP,0.24,2124.0,0.8155446686117633
2713,MLP,0.24,2124.0,0.8155446686117633
724,MLP,0.239,2130.0,0.8121465658258811
858,MLP,0.239,2130.0,0.8121465658258811
926,MLP,0.239,2130.0,0.8121465658258811
1899,MLP,0.239,2130.0,0.8121465658258811
1668,MLP,0.238,2134.0,0.8087484630399987
2144,MLP,0.238,2134.0,0.8087484630399987
5,MLP,0.237,2136.0,0.8053503602541163
247,MLP,0.237,2136.0,0.8053503602541163
475,MLP,0.237,2136.0,0.8053503602541163
1029,MLP,0.237,2136.0,0.8053503602541163
1273,MLP,0.236,2140.0,0.801952257468234
1587,MLP,0.236,2140.0,0.801952257468234
1844,MLP,0.236,2140.0,0.801952257468234
36,MLP,0.235,2143.0,0.7985541546823516
762,MLP,0.235,2143.0,0.7985541546823516
1149,MLP,0.235,2143.0,0.7985541546823516
1717,MLP,0.235,2143.0,0.7985541546823516
2235,MLP,0.235,2143.0,0.7985541546823516
366,MLP,0.234,2148.0,0.7951560518964694
673,MLP,0.234,2148.0,0.7951560518964694
852,MLP,0.234,2148.0,0.7951560518964694
1414,MLP,0.234,2148.0,0.7951560518964694
1592,MLP,0.234,2148.0,0.7951560518964694
2591,MLP,0.234,2148.0,0.7951560518964694
2619,MLP,0.234,2148.0,0.7951560518964694
1504,MLP,0.233,2155.0,0.7917579491105871
2031,MLP,0.233,2155.0,0.7917579491105871
2081,MLP,0.233,2155.0,0.7917579491105871
2625,MLP,0.233,2155.0,0.7917579491105871
2711,MLP,0.233,2155.0,0.7917579491105871
642,MLP,0.232,2160.0,0.7883598463247047
1372,MLP,0.232,2160.0,0.7883598463247047
1926,MLP,0.232,2160.0,0.7883598463247047
2349,MLP,0.232,2160.0,0.7883598463247047
2377,MLP,0.232,2160.0,0.7883598463247047
2426,MLP,0.232,2160.0,0.7883598463247047
166,MLP,0.231,2166.0,0.7849617435388223
295,MLP,0.231,2166.0,0.7849617435388223
1340,MLP,0.231,2166.0,0.7849617435388223
2111,MLP,0.231,2166.0,0.7849617435388223
2559,MLP,0.231,2166.0,0.7849617435388223
1777,MLP,0.23,2171.0,0.7815636407529399
456,MLP,0.229,2172.0,0.7781655379670577
2465,MLP,0.229,2172.0,0.7781655379670577
2696,MLP,0.229,2172.0,0.7781655379670577
80,MLP,0.228,2175.0,0.7747674351811753
92,MLP,0.228,2175.0,0.7747674351811753
406,MLP,0.228,2175.0,0.7747674351811753
771,MLP,0.228,2175.0,0.7747674351811753
938,MLP,0.228,2175.0,0.7747674351811753
1840,MLP,0.228,2175.0,0.7747674351811753
2329,MLP,0.228,2175.0,0.7747674351811753
2364,MLP,0.228,2175.0,0.7747674351811753
85,MLP,0.227,2183.0,0.7713693323952929
1060,MLP,0.227,2183.0,0.7713693323952929
1588,MLP,0.227,2183.0,0.7713693323952929
1620,MLP,0.227,2183.0,0.7713693323952929
2066,MLP,0.227,2183.0,0.7713693323952929
2534,MLP,0.227,2183.0,0.7713693323952929
2728,MLP,0.227,2183.0,0.7713693323952929
136,MLP,0.226,2190.0,0.7679712296094106
1156,MLP,0.226,2190.0,0.7679712296094106
1774,MLP,0.226,2190.0,0.7679712296094106
1887,MLP,0.226,2190.0,0.7679712296094106
2461,MLP,0.226,2190.0,0.7679712296094106
150,MLP,0.225,2195.0,0.7645731268235282
203,MLP,0.225,2195.0,0.7645731268235282
1326,MLP,0.225,2195.0,0.7645731268235282
1801,MLP,0.225,2195.0,0.7645731268235282
1168,MLP,0.224,2199.0,0.7611750240376459
1282,MLP,0.224,2199.0,0.7611750240376459
1564,MLP,0.224,2199.0,0.7611750240376459
2706,MLP,0.224,2199.0,0.7611750240376459
195,MLP,0.223,2203.0,0.7577769212517635
1276,MLP,0.223,2203.0,0.7577769212517635
1830,MLP,0.223,2203.0,0.7577769212517635
2357,MLP,0.223,2203.0,0.7577769212517635
2700,MLP,0.223,2203.0,0.7577769212517635
63,MLP,0.222,2208.0,0.7543788184658812
94,MLP,0.222,2208.0,0.7543788184658812
232,MLP,0.222,2208.0,0.7543788184658812
261,MLP,0.222,2208.0,0.7543788184658812
1426,MLP,0.222,2208.0,0.7543788184658812
1542,MLP,0.222,2208.0,0.7543788184658812
368,MLP,0.221,2214.0,0.7509807156799988
421,MLP,0.221,2214.0,0.7509807156799988
1590,MLP,0.221,2214.0,0.7509807156799988
363,MLP,0.22,2217.0,0.7475826128941164
680,MLP,0.22,2217.0,0.7475826128941164
1742,MLP,0.22,2217.0,0.7475826128941164
699,MLP,0.219,2220.0,0.7441845101082342
1241,MLP,0.219,2220.0,0.7441845101082342
2579,MLP,0.219,2220.0,0.7441845101082342
2586,MLP,0.218,2223.0,0.7407864073223518
910,MLP,0.217,2224.0,0.7373883045364694
2402,MLP,0.217,2224.0,0.7373883045364694
820,MLP,0.216,2226.0,0.733990201750587
1071,MLP,0.216,2226.0,0.733990201750587
1217,MLP,0.216,2226.0,0.733990201750587
1918,MLP,0.216,2226.0,0.733990201750587
2503,MLP,0.216,2226.0,0.733990201750587
2675,MLP,0.216,2226.0,0.733990201750587
227,MLP,0.215,2232.0,0.7305920989647047
446,MLP,0.215,2232.0,0.7305920989647047
524,MLP,0.215,2232.0,0.7305920989647047
1191,MLP,0.215,2232.0,0.7305920989647047
1327,MLP,0.215,2232.0,0.7305920989647047
487,MLP,0.214,2237.0,0.7271939961788224
737,MLP,0.214,2237.0,0.7271939961788224
1547,MLP,0.214,2237.0,0.7271939961788224
2253,MLP,0.214,2237.0,0.7271939961788224
2440,MLP,0.214,2237.0,0.7271939961788224
1131,MLP,0.213,2242.0,0.72379589339294
1225,MLP,0.213,2242.0,0.72379589339294
1293,MLP,0.213,2242.0,0.72379589339294
161,MLP,0.212,2245.0,0.7203977906070577
1420,MLP,0.212,2245.0,0.7203977906070577
1632,MLP,0.212,2245.0,0.7203977906070577
2424,MLP,0.212,2245.0,0.7203977906070577
385,MLP,0.211,2249.0,0.7169996878211753
662,MLP,0.211,2249.0,0.7169996878211753
1552,MLP,0.211,2249.0,0.7169996878211753
16,MLP,0.21,2252.0,0.7136015850352929
813,MLP,0.21,2252.0,0.7136015850352929
1027,MLP,0.21,2252.0,0.7136015850352929
1741,MLP,0.21,2252.0,0.7136015850352929
1903,MLP,0.21,2252.0,0.7136015850352929
2113,MLP,0.21,2252.0,0.7136015850352929
2427,MLP,0.21,2252.0,0.7136015850352929
558,MLP,0.209,2259.0,0.7102034822494107
727,MLP,0.209,2259.0,0.7102034822494107
1495,MLP,0.209,2259.0,0.7102034822494107
87,MLP,0.208,2262.0,0.7068053794635283
118,MLP,0.208,2262.0,0.7068053794635283
1461,MLP,0.208,2262.0,0.7068053794635283
1718,MLP,0.208,2262.0,0.7068053794635283
2002,MLP,0.208,2262.0,0.7068053794635283
2668,MLP,0.208,2262.0,0.7068053794635283
2777,MLP,0.208,2262.0,0.7068053794635283
14,MLP,0.207,2269.0,0.7034072766776459
2050,MLP,0.207,2269.0,0.7034072766776459
2428,MLP,0.207,2269.0,0.7034072766776459
2551,MLP,0.207,2269.0,0.7034072766776459
466,MLP,0.206,2273.0,0.7000091738917635
777,MLP,0.206,2273.0,0.7000091738917635
1087,MLP,0.206,2273.0,0.7000091738917635
1709,MLP,0.206,2273.0,0.7000091738917635
2015,MLP,0.206,2273.0,0.7000091738917635
2190,MLP,0.206,2273.0,0.7000091738917635
269,MLP,0.205,2279.0,0.6966110711058812
278,MLP,0.205,2279.0,0.6966110711058812
284,MLP,0.205,2279.0,0.6966110711058812
641,MLP,0.205,2279.0,0.6966110711058812
781,MLP,0.205,2279.0,0.6966110711058812
1174,MLP,0.205,2279.0,0.6966110711058812
1230,MLP,0.205,2279.0,0.6966110711058812
1983,MLP,0.205,2279.0,0.6966110711058812
1269,MLP,0.204,2287.0,0.6932129683199989
1497,MLP,0.204,2287.0,0.6932129683199989
977,MLP,0.203,2289.0,0.6898148655341166
1046,MLP,0.203,2289.0,0.6898148655341166
1223,MLP,0.203,2289.0,0.6898148655341166
1307,MLP,0.203,2289.0,0.6898148655341166
2051,MLP,0.203,2289.0,0.6898148655341166
2244,MLP,0.203,2289.0,0.6898148655341166
2342,MLP,0.203,2289.0,0.6898148655341166
2421,MLP,0.203,2289.0,0.6898148655341166
866,MLP,0.201,2297.0,0.6830186599623519
1505,MLP,0.201,2297.0,0.6830186599623519
1886,MLP,0.201,2297.0,0.6830186599623519
1901,MLP,0.201,2297.0,0.6830186599623519
2041,MLP,0.201,2297.0,0.6830186599623519
2176,MLP,0.201,2297.0,0.6830186599623519
2202,MLP,0.201,2297.0,0.6830186599623519
2267,MLP,0.201,2297.0,0.6830186599623519
2686,MLP,0.201,2297.0,0.6830186599623519
328,MLP,0.2,2306.0,0.6796205571764695
789,MLP,0.2,2306.0,0.6796205571764695
1927,MLP,0.2,2306.0,0.6796205571764695
2508,MLP,0.2,2306.0,0.6796205571764695
788,MLP,0.199,2310.0,0.6762224543905871
1061,MLP,0.199,2310.0,0.6762224543905871
1331,MLP,0.199,2310.0,0.6762224543905871
1512,MLP,0.199,2310.0,0.6762224543905871
1561,MLP,0.199,2310.0,0.6762224543905871
2124,MLP,0.199,2310.0,0.6762224543905871
1216,MLP,0.198,2316.0,0.6728243516047049
1434,MLP,0.198,2316.0,0.6728243516047049
1836,MLP,0.198,2316.0,0.6728243516047049
1936,MLP,0.198,2316.0,0.6728243516047049
1403,MLP,0.197,2320.0,0.6694262488188225
1987,MLP,0.197,2320.0,0.6694262488188225
2626,MLP,0.197,2320.0,0.6694262488188225
68,MLP,0.196,2323.0,0.6660281460329401
736,MLP,0.196,2323.0,0.6660281460329401
1865,MLP,0.196,2323.0,0.6660281460329401
2303,MLP,0.196,2323.0,0.6660281460329401
21,MLP,0.195,2327.0,0.6626300432470578
332,MLP,0.195,2327.0,0.6626300432470578
384,MLP,0.195,2327.0,0.6626300432470578
386,MLP,0.195,2327.0,0.6626300432470578
2239,MLP,0.195,2327.0,0.6626300432470578
2343,MLP,0.195,2327.0,0.6626300432470578
2652,MLP,0.195,2327.0,0.6626300432470578
571,MLP,0.194,2334.0,0.6592319404611754
1509,MLP,0.194,2334.0,0.6592319404611754
2747,MLP,0.194,2334.0,0.6592319404611754
754,MLP,0.193,2337.0,0.6558338376752931
1387,MLP,0.193,2337.0,0.6558338376752931
1617,MLP,0.193,2337.0,0.6558338376752931
1470,MLP,0.192,2340.0,0.6524357348894108
1724,MLP,0.192,2340.0,0.6524357348894108
2109,MLP,0.192,2340.0,0.6524357348894108
2139,MLP,0.192,2340.0,0.6524357348894108
2142,MLP,0.192,2340.0,0.6524357348894108
2207,MLP,0.192,2340.0,0.6524357348894108
2328,MLP,0.192,2340.0,0.6524357348894108
2482,MLP,0.192,2340.0,0.6524357348894108
268,MLP,0.191,2348.0,0.6490376321035284
620,MLP,0.191,2348.0,0.6490376321035284
1831,MLP,0.191,2348.0,0.6490376321035284
2197,MLP,0.191,2348.0,0.6490376321035284
677,MLP,0.189,2352.0,0.6422414265317637
2040,MLP,0.189,2352.0,0.6422414265317637
1294,MLP,0.188,2354.0,0.6388433237458814
1366,MLP,0.188,2354.0,0.6388433237458814
190,MLP,0.187,2356.0,0.635445220959999
448,MLP,0.187,2356.0,0.635445220959999
804,MLP,0.187,2356.0,0.635445220959999
1077,MLP,0.187,2356.0,0.635445220959999
1679,MLP,0.187,2356.0,0.635445220959999
1103,MLP,0.186,2361.0,0.6320471181741166
2312,MLP,0.186,2361.0,0.6320471181741166
2558,MLP,0.186,2361.0,0.6320471181741166
73,MLP,0.185,2364.0,0.6286490153882343
2417,MLP,0.185,2364.0,0.6286490153882343
123,MLP,0.184,2366.0,0.625250912602352
1785,MLP,0.184,2366.0,0.625250912602352
2322,MLP,0.184,2366.0,0.625250912602352
2681,MLP,0.184,2366.0,0.625250912602352
79,MLP,0.183,2370.0,0.6218528098164696
462,MLP,0.183,2370.0,0.6218528098164696
1058,MLP,0.183,2370.0,0.6218528098164696
1319,MLP,0.183,2370.0,0.6218528098164696
2362,MLP,0.183,2370.0,0.6218528098164696
1842,MLP,0.182,2375.0,0.6184547070305872
2086,MLP,0.182,2375.0,0.6184547070305872
2154,MLP,0.182,2375.0,0.6184547070305872
2550,MLP,0.182,2375.0,0.6184547070305872
109,MLP,0.181,2379.0,0.6150566042447049
239,MLP,0.181,2379.0,0.6150566042447049
517,MLP,0.181,2379.0,0.6150566042447049
1130,MLP,0.181,2379.0,0.6150566042447049
1213,MLP,0.181,2379.0,0.6150566042447049
1812,MLP,0.181,2379.0,0.6150566042447049
1911,MLP,0.181,2379.0,0.6150566042447049
2071,MLP,0.181,2379.0,0.6150566042447049
2215,MLP,0.181,2379.0,0.6150566042447049
2726,MLP,0.181,2379.0,0.6150566042447049
639,MLP,0.18,2389.0,0.6116585014588225
932,MLP,0.18,2389.0,0.6116585014588225
2565,MLP,0.18,2389.0,0.6116585014588225
678,MLP,0.179,2392.0,0.6082603986729402
731,MLP,0.179,2392.0,0.6082603986729402
801,MLP,0.179,2392.0,0.6082603986729402
1878,MLP,0.179,2392.0,0.6082603986729402
2032,MLP,0.179,2392.0,0.6082603986729402
383,MLP,0.178,2397.0,0.6048622958870579
572,MLP,0.178,2397.0,0.6048622958870579
999,MLP,0.178,2397.0,0.6048622958870579
1336,MLP,0.178,2397.0,0.6048622958870579
1376,MLP,0.178,2397.0,0.6048622958870579
1636,MLP,0.178,2397.0,0.6048622958870579
2513,MLP,0.178,2397.0,0.6048622958870579
791,MLP,0.177,2404.0,0.6014641931011755
829,MLP,0.177,2404.0,0.6014641931011755
870,MLP,0.177,2404.0,0.6014641931011755
1015,MLP,0.177,2404.0,0.6014641931011755
1099,MLP,0.177,2404.0,0.6014641931011755
1357,MLP,0.177,2404.0,0.6014641931011755
2072,MLP,0.177,2404.0,0.6014641931011755
2631,MLP,0.177,2404.0,0.6014641931011755
1065,MLP,0.176,2412.0,0.5980660903152931
1833,MLP,0.176,2412.0,0.5980660903152931
1882,MLP,0.176,2412.0,0.5980660903152931
2155,MLP,0.176,2412.0,0.5980660903152931
2324,MLP,0.176,2412.0,0.5980660903152931
2383,MLP,0.176,2412.0,0.5980660903152931
2510,MLP,0.176,2412.0,0.5980660903152931
1049,MLP,0.175,2419.0,0.5946679875294107
1256,MLP,0.175,2419.0,0.5946679875294107
1991,MLP,0.175,2419.0,0.5946679875294107
2379,MLP,0.175,2419.0,0.5946679875294107
2507,MLP,0.175,2419.0,0.5946679875294107
1003,MLP,0.174,2424.0,0.5912698847435285
1072,MLP,0.174,2424.0,0.5912698847435285
1110,MLP,0.174,2424.0,0.5912698847435285
2549,MLP,0.174,2424.0,0.5912698847435285
30,MLP,0.173,2428.0,0.5878717819576461
1196,MLP,0.173,2428.0,0.5878717819576461
1449,MLP,0.173,2428.0,0.5878717819576461
993,MLP,0.172,2431.0,0.5844736791717637
1002,MLP,0.172,2431.0,0.5844736791717637
1507,MLP,0.172,2431.0,0.5844736791717637
2288,MLP,0.172,2431.0,0.5844736791717637
1034,MLP,0.171,2435.0,0.5810755763858815
1961,MLP,0.171,2435.0,0.5810755763858815
2548,MLP,0.171,2435.0,0.5810755763858815
254,MLP,0.17,2438.0,0.5776774735999991
465,MLP,0.17,2438.0,0.5776774735999991
1471,MLP,0.17,2438.0,0.5776774735999991
1485,MLP,0.17,2438.0,0.5776774735999991
1525,MLP,0.17,2438.0,0.5776774735999991
1870,MLP,0.17,2438.0,0.5776774735999991
2620,MLP,0.17,2438.0,0.5776774735999991
2669,MLP,0.17,2438.0,0.5776774735999991
551,MLP,0.169,2446.0,0.5742793708141167
651,MLP,0.169,2446.0,0.5742793708141167
1232,MLP,0.169,2446.0,0.5742793708141167
1287,MLP,0.169,2446.0,0.5742793708141167
1857,MLP,0.169,2446.0,0.5742793708141167
1624,MLP,0.168,2451.0,0.5708812680282345
2285,MLP,0.168,2451.0,0.5708812680282345
2577,MLP,0.168,2451.0,0.5708812680282345
359,MLP,0.167,2454.0,0.5674831652423521
1000,MLP,0.167,2454.0,0.5674831652423521
1227,MLP,0.167,2454.0,0.5674831652423521
1687,MLP,0.167,2454.0,0.5674831652423521
1760,MLP,0.167,2454.0,0.5674831652423521
2094,MLP,0.167,2454.0,0.5674831652423521
2193,MLP,0.167,2454.0,0.5674831652423521
120,MLP,0.166,2461.0,0.5640850624564697
644,MLP,0.166,2461.0,0.5640850624564697
2009,MLP,0.166,2461.0,0.5640850624564697
200,MLP,0.165,2464.0,0.5606869596705873
1723,MLP,0.165,2464.0,0.5606869596705873
1757,MLP,0.165,2464.0,0.5606869596705873
498,MLP,0.164,2467.0,0.557288856884705
1365,MLP,0.164,2467.0,0.557288856884705
1424,MLP,0.164,2467.0,0.557288856884705
1603,MLP,0.164,2467.0,0.557288856884705
1795,MLP,0.164,2467.0,0.557288856884705
20,MLP,0.163,2472.0,0.5538907540988227
882,MLP,0.163,2472.0,0.5538907540988227
1464,MLP,0.163,2472.0,0.5538907540988227
1602,MLP,0.163,2472.0,0.5538907540988227
1765,MLP,0.163,2472.0,0.5538907540988227
2385,MLP,0.163,2472.0,0.5538907540988227
652,MLP,0.162,2478.0,0.5504926513129403
751,MLP,0.162,2478.0,0.5504926513129403
936,MLP,0.162,2478.0,0.5504926513129403
982,MLP,0.162,2478.0,0.5504926513129403
1727,MLP,0.162,2478.0,0.5504926513129403
2129,MLP,0.162,2478.0,0.5504926513129403
49,MLP,0.161,2484.0,0.547094548527058
152,MLP,0.161,2484.0,0.547094548527058
720,MLP,0.161,2484.0,0.547094548527058
848,MLP,0.161,2484.0,0.547094548527058
987,MLP,0.161,2484.0,0.547094548527058
1435,MLP,0.161,2484.0,0.547094548527058
1557,MLP,0.161,2484.0,0.547094548527058
2101,MLP,0.161,2484.0,0.547094548527058
2270,MLP,0.161,2484.0,0.547094548527058
106,MLP,0.16,2493.0,0.5436964457411756
1063,MLP,0.16,2493.0,0.5436964457411756
1465,MLP,0.16,2493.0,0.5436964457411756
1928,MLP,0.16,2493.0,0.5436964457411756
2557,MLP,0.16,2493.0,0.5436964457411756
461,MLP,0.159,2498.0,0.5402983429552932
1515,MLP,0.159,2498.0,0.5402983429552932
2317,MLP,0.159,2498.0,0.5402983429552932
356,MLP,0.158,2501.0,0.536900240169411
550,MLP,0.158,2501.0,0.536900240169411
576,MLP,0.158,2501.0,0.536900240169411
604,MLP,0.158,2501.0,0.536900240169411
1346,MLP,0.158,2501.0,0.536900240169411
1373,MLP,0.158,2501.0,0.536900240169411
2641,MLP,0.158,2501.0,0.536900240169411
2729,MLP,0.158,2501.0,0.536900240169411
50,MLP,0.157,2509.0,0.5335021373835286
1851,MLP,0.157,2509.0,0.5335021373835286
2516,MLP,0.157,2509.0,0.5335021373835286
83,MLP,0.156,2512.0,0.5301040345976462
1054,MLP,0.156,2512.0,0.5301040345976462
139,MLP,0.155,2514.0,0.5267059318117638
140,MLP,0.155,2514.0,0.5267059318117638
375,MLP,0.155,2514.0,0.5267059318117638
542,MLP,0.155,2514.0,0.5267059318117638
793,MLP,0.155,2514.0,0.5267059318117638
1091,MLP,0.155,2514.0,0.5267059318117638
1804,MLP,0.155,2514.0,0.5267059318117638
329,MLP,0.154,2521.0,0.5233078290258815
1850,MLP,0.154,2521.0,0.5233078290258815
1947,MLP,0.154,2521.0,0.5233078290258815
854,MLP,0.153,2524.0,0.5199097262399992
1902,MLP,0.153,2524.0,0.5199097262399992
2414,MLP,0.153,2524.0,0.5199097262399992
108,MLP,0.152,2527.0,0.5165116234541168
510,MLP,0.152,2527.0,0.5165116234541168
760,MLP,0.152,2527.0,0.5165116234541168
2382,MLP,0.152,2527.0,0.5165116234541168
2423,MLP,0.152,2527.0,0.5165116234541168
2753,MLP,0.152,2527.0,0.5165116234541168
1057,MLP,0.151,2533.0,0.5131135206682345
1410,MLP,0.151,2533.0,0.5131135206682345
1817,MLP,0.151,2533.0,0.5131135206682345
2645,MLP,0.151,2533.0,0.5131135206682345
2687,MLP,0.151,2533.0,0.5131135206682345
336,MLP,0.15,2538.0,0.5097154178823521
1335,MLP,0.15,2538.0,0.5097154178823521
2563,MLP,0.15,2538.0,0.5097154178823521
2664,MLP,0.15,2538.0,0.5097154178823521
1086,MLP,0.149,2542.0,0.5063173150964697
1289,MLP,0.149,2542.0,0.5063173150964697
1386,MLP,0.149,2542.0,0.5063173150964697
1714,MLP,0.149,2542.0,0.5063173150964697
1162,MLP,0.148,2546.0,0.5029192123105874
1370,MLP,0.148,2546.0,0.5029192123105874
1487,MLP,0.148,2546.0,0.5029192123105874
1915,MLP,0.148,2546.0,0.5029192123105874
2310,MLP,0.148,2546.0,0.5029192123105874
930,MLP,0.147,2551.0,0.4995211095247051
1235,MLP,0.147,2551.0,0.4995211095247051
1245,MLP,0.147,2551.0,0.4995211095247051
2061,MLP,0.147,2551.0,0.4995211095247051
440,MLP,0.146,2555.0,0.4961230067388227
949,MLP,0.146,2555.0,0.4961230067388227
1810,MLP,0.146,2555.0,0.4961230067388227
2520,MLP,0.146,2555.0,0.4961230067388227
2772,MLP,0.146,2555.0,0.4961230067388227
983,MLP,0.145,2560.0,0.4927249039529404
1134,MLP,0.145,2560.0,0.4927249039529404
1259,MLP,0.145,2560.0,0.4927249039529404
1667,MLP,0.145,2560.0,0.4927249039529404
1732,MLP,0.145,2560.0,0.4927249039529404
2095,MLP,0.145,2560.0,0.4927249039529404
2555,MLP,0.145,2560.0,0.4927249039529404
903,MLP,0.144,2567.0,0.489326801167058
1379,MLP,0.144,2567.0,0.489326801167058
1638,MLP,0.144,2567.0,0.489326801167058
2560,MLP,0.144,2567.0,0.489326801167058
2768,MLP,0.144,2567.0,0.489326801167058
838,MLP,0.143,2572.0,0.48592869838117564
875,MLP,0.143,2572.0,0.48592869838117564
880,MLP,0.143,2572.0,0.48592869838117564
1595,MLP,0.143,2572.0,0.48592869838117564
2336,MLP,0.143,2572.0,0.48592869838117564
2449,MLP,0.143,2572.0,0.48592869838117564
154,MLP,0.142,2578.0,0.4825305955952933
796,MLP,0.142,2578.0,0.4825305955952933
1206,MLP,0.142,2578.0,0.4825305955952933
1234,MLP,0.142,2578.0,0.4825305955952933
1821,MLP,0.142,2578.0,0.4825305955952933
181,MLP,0.141,2583.0,0.47913249280941095
1228,MLP,0.141,2583.0,0.47913249280941095
191,MLP,0.14,2585.0,0.4757343900235287
479,MLP,0.14,2585.0,0.4757343900235287
1006,MLP,0.14,2585.0,0.4757343900235287
841,MLP,0.139,2588.0,0.47233628723764637
48,MLP,0.138,2589.0,0.468938184451764
158,MLP,0.138,2589.0,0.468938184451764
273,MLP,0.138,2589.0,0.468938184451764
1641,MLP,0.138,2589.0,0.468938184451764
2,MLP,0.137,2593.0,0.4655400816658817
274,MLP,0.137,2593.0,0.4655400816658817
2272,MLP,0.137,2593.0,0.4655400816658817
2304,MLP,0.137,2593.0,0.4655400816658817
648,MLP,0.136,2597.0,0.4621419788799993
929,MLP,0.136,2597.0,0.4621419788799993
1713,MLP,0.136,2597.0,0.4621419788799993
54,MLP,0.135,2600.0,0.45874387609411693
182,MLP,0.135,2600.0,0.45874387609411693
215,MLP,0.135,2600.0,0.45874387609411693
692,MLP,0.135,2600.0,0.45874387609411693
779,MLP,0.135,2600.0,0.45874387609411693
1036,MLP,0.135,2600.0,0.45874387609411693
1381,MLP,0.135,2600.0,0.45874387609411693
2413,MLP,0.135,2600.0,0.45874387609411693
2521,MLP,0.135,2600.0,0.45874387609411693
434,MLP,0.134,2609.0,0.4553457733082346
472,MLP,0.134,2609.0,0.4553457733082346
1024,MLP,0.134,2609.0,0.4553457733082346
1262,MLP,0.134,2609.0,0.4553457733082346
1671,MLP,0.134,2609.0,0.4553457733082346
2165,MLP,0.134,2609.0,0.4553457733082346
2219,MLP,0.134,2609.0,0.4553457733082346
103,MLP,0.133,2616.0,0.45194767052235224
317,MLP,0.133,2616.0,0.45194767052235224
984,MLP,0.133,2616.0,0.45194767052235224
1750,MLP,0.133,2616.0,0.45194767052235224
2671,MLP,0.133,2616.0,0.45194767052235224
207,MLP,0.132,2621.0,0.4485495677364699
380,MLP,0.132,2621.0,0.4485495677364699
764,MLP,0.132,2621.0,0.4485495677364699
1573,MLP,0.132,2621.0,0.4485495677364699
1735,MLP,0.132,2621.0,0.4485495677364699
2308,MLP,0.132,2621.0,0.4485495677364699
2666,MLP,0.132,2621.0,0.4485495677364699
584,MLP,0.131,2628.0,0.44515146495058755
1104,MLP,0.131,2628.0,0.44515146495058755
1520,MLP,0.131,2628.0,0.44515146495058755
2192,MLP,0.131,2628.0,0.44515146495058755
88,MLP,0.13,2632.0,0.4417533621647052
579,MLP,0.13,2632.0,0.4417533621647052
687,MLP,0.13,2632.0,0.4417533621647052
802,MLP,0.13,2632.0,0.4417533621647052
912,MLP,0.13,2632.0,0.4417533621647052
1310,MLP,0.13,2632.0,0.4417533621647052
1527,MLP,0.13,2632.0,0.4417533621647052
2535,MLP,0.13,2632.0,0.4417533621647052
28,MLP,0.129,2640.0,0.43835525937882286
361,MLP,0.129,2640.0,0.43835525937882286
1827,MLP,0.129,2640.0,0.43835525937882286
2263,MLP,0.129,2640.0,0.43835525937882286
2280,MLP,0.129,2640.0,0.43835525937882286
894,MLP,0.128,2645.0,0.4349571565929405
1075,MLP,0.128,2645.0,0.4349571565929405
1737,MLP,0.128,2645.0,0.4349571565929405
2587,MLP,0.128,2645.0,0.4349571565929405
2589,MLP,0.128,2645.0,0.4349571565929405
290,MLP,0.127,2650.0,0.43155905380705817
1177,MLP,0.127,2650.0,0.43155905380705817
1348,MLP,0.127,2650.0,0.43155905380705817
1553,MLP,0.127,2650.0,0.43155905380705817
2146,MLP,0.127,2650.0,0.43155905380705817
2498,MLP,0.127,2650.0,0.43155905380705817
2604,MLP,0.127,2650.0,0.43155905380705817
2732,MLP,0.127,2650.0,0.43155905380705817
1187,MLP,0.126,2658.0,0.4281609510211758
1823,MLP,0.126,2658.0,0.4281609510211758
1941,MLP,0.126,2658.0,0.4281609510211758
13,MLP,0.125,2661.0,0.4247628482352934
322,MLP,0.125,2661.0,0.4247628482352934
2143,MLP,0.125,2661.0,0.4247628482352934
2694,MLP,0.125,2661.0,0.4247628482352934
242,MLP,0.124,2665.0,0.4213647454494111
252,MLP,0.124,2665.0,0.4213647454494111
1362,MLP,0.124,2665.0,0.4213647454494111
1463,MLP,0.124,2665.0,0.4213647454494111
1619,MLP,0.124,2665.0,0.4213647454494111
2477,MLP,0.124,2665.0,0.4213647454494111
331,MLP,0.123,2671.0,0.41796664266352873
1598,MLP,0.123,2671.0,0.41796664266352873
1816,MLP,0.123,2671.0,0.41796664266352873
1889,MLP,0.123,2671.0,0.41796664266352873
2046,MLP,0.123,2671.0,0.41796664266352873
2438,MLP,0.123,2671.0,0.41796664266352873
2734,MLP,0.123,2671.0,0.41796664266352873
2738,MLP,0.123,2671.0,0.41796664266352873
2433,MLP,0.122,2679.0,0.4145685398776464
1299,MLP,0.121,2680.0,0.41117043709176404
2429,MLP,0.121,2680.0,0.41117043709176404
595,MLP,0.12,2682.0,0.40777233430588167
663,MLP,0.12,2682.0,0.40777233430588167
693,MLP,0.12,2682.0,0.40777233430588167
1095,MLP,0.12,2682.0,0.40777233430588167
2011,MLP,0.12,2682.0,0.40777233430588167
2478,MLP,0.12,2682.0,0.40777233430588167
439,MLP,0.119,2688.0,0.40437423151999935
627,MLP,0.119,2688.0,0.40437423151999935
921,MLP,0.119,2688.0,0.40437423151999935
1398,MLP,0.119,2688.0,0.40437423151999935
1859,MLP,0.119,2688.0,0.40437423151999935
2283,MLP,0.119,2688.0,0.40437423151999935
2493,MLP,0.119,2688.0,0.40437423151999935
2502,MLP,0.119,2688.0,0.40437423151999935
2596,MLP,0.119,2688.0,0.40437423151999935
2603,MLP,0.119,2688.0,0.40437423151999935
121,MLP,0.118,2698.0,0.400976128734117
313,MLP,0.117,2699.0,0.3975780259482347
520,MLP,0.116,2700.0,0.39417992316235234
887,MLP,0.116,2700.0,0.39417992316235234
941,MLP,0.116,2700.0,0.39417992316235234
2320,MLP,0.116,2700.0,0.39417992316235234
218,MLP,0.115,2704.0,0.39078182037646997
1064,MLP,0.115,2704.0,0.39078182037646997
1916,MLP,0.115,2704.0,0.39078182037646997
67,MLP,0.114,2707.0,0.38738371759058765
291,MLP,0.114,2707.0,0.38738371759058765
884,MLP,0.114,2707.0,0.38738371759058765
1676,MLP,0.114,2707.0,0.38738371759058765
2208,MLP,0.114,2707.0,0.38738371759058765
2340,MLP,0.114,2707.0,0.38738371759058765
948,MLP,0.113,2713.0,0.3839856148047053
1161,MLP,0.113,2713.0,0.3839856148047053
1580,MLP,0.113,2713.0,0.3839856148047053
2606,MLP,0.113,2713.0,0.3839856148047053
2663,MLP,0.113,2713.0,0.3839856148047053
229,MLP,0.112,2718.0,0.38058751201882296
632,MLP,0.112,2718.0,0.38058751201882296
1159,MLP,0.112,2718.0,0.38058751201882296
1399,MLP,0.112,2718.0,0.38058751201882296
1848,MLP,0.112,2718.0,0.38058751201882296
2134,MLP,0.112,2718.0,0.38058751201882296
2499,MLP,0.112,2718.0,0.38058751201882296
285,MLP,0.111,2725.0,0.3771894092329406
985,MLP,0.111,2725.0,0.3771894092329406
243,MLP,0.11,2727.0,0.3737913064470582
631,MLP,0.11,2727.0,0.3737913064470582
868,MLP,0.11,2727.0,0.3737913064470582
614,MLP,0.109,2730.0,0.3703932036611759
1198,MLP,0.109,2730.0,0.3703932036611759
1642,MLP,0.109,2730.0,0.3703932036611759
2536,MLP,0.109,2730.0,0.3703932036611759
515,MLP,0.108,2734.0,0.3669951008752935
1030,MLP,0.108,2734.0,0.3669951008752935
2653,MLP,0.108,2734.0,0.3669951008752935
1038,MLP,0.107,2737.0,0.3635969980894112
1249,MLP,0.106,2738.0,0.36019889530352883
1429,MLP,0.106,2738.0,0.36019889530352883
315,MLP,0.105,2740.0,0.35680079251764646
1116,MLP,0.105,2740.0,0.35680079251764646
1984,MLP,0.105,2740.0,0.35680079251764646
2345,MLP,0.105,2740.0,0.35680079251764646
144,MLP,0.104,2744.0,0.35340268973176414
72,MLP,0.103,2745.0,0.35000458694588177
723,MLP,0.103,2745.0,0.35000458694588177
939,MLP,0.103,2745.0,0.35000458694588177
1350,MLP,0.103,2745.0,0.35000458694588177
134,MLP,0.102,2749.0,0.34660648415999945
1917,MLP,0.102,2749.0,0.34660648415999945
2126,MLP,0.102,2749.0,0.34660648415999945
2492,MLP,0.102,2749.0,0.34660648415999945
634,MLP,0.101,2753.0,0.34320838137411713
1247,MLP,0.101,2753.0,0.34320838137411713
1322,MLP,0.101,2753.0,0.34320838137411713
2064,MLP,0.101,2753.0,0.34320838137411713
2352,MLP,0.101,2753.0,0.34320838137411713
1016,MLP,0.1,2758.0,0.33981027858823476
1324,MLP,0.1,2758.0,0.33981027858823476
1479,MLP,0.1,2758.0,0.33981027858823476
1745,MLP,0.1,2758.0,0.33981027858823476
2685,MLP,0.1,2758.0,0.33981027858823476
758,MLP,0.099,2763.0,0.33641217580235244
992,MLP,0.099,2763.0,0.33641217580235244
2297,MLP,0.099,2763.0,0.33641217580235244
1197,MLP,0.098,2766.0,0.33301407301647007
2500,MLP,0.098,2766.0,0.33301407301647007
919,MLP,0.096,2768.0,0.3262178674447054
2198,MLP,0.096,2768.0,0.3262178674447054
504,MLP,0.095,2770.0,0.322819764658823
726,MLP,0.095,2770.0,0.322819764658823
1139,MLP,0.095,2770.0,0.322819764658823
1726,MLP,0.095,2770.0,0.322819764658823
1906,MLP,0.095,2770.0,0.322819764658823
1578,MLP,0.093,2775.0,0.3160235590870583
2062,MLP,0.091,2776.0,0.3092273535152936
928,MLP,0.089,2777.0,0.30243114794352893
2121,MLP,0.081,2778.0,0.27524632565647017
