Site,Reference_Model,Average_Relative_Error,Rank,Mean_over_SDofMean
900,GAM,1.853,1.0,8.700299261259133
1530,GAM,1.844,2.0,8.658042006347458
2404,GAM,1.731,3.0,8.127478694678661
522,GAM,1.616,4.0,7.58752488191838
1910,GAM,1.597,5.0,7.49831512154929
2300,GAM,1.546,6.0,7.25885734371647
2318,GAM,1.493,7.0,7.010009064792167
1749,GAM,1.465,8.0,6.8785420495114025
2085,GAM,1.465,8.0,6.8785420495114025
2004,GAM,1.444,10.0,6.779941788050829
2724,GAM,1.44,11.0,6.761160785867863
294,GAM,1.415,12.0,6.643779522224324
96,GAM,1.41,13.0,6.620303269495616
885,GAM,1.409,14.0,6.6156080189498745
1476,GAM,1.404,15.0,6.592131766221166
1360,GAM,1.381,16.0,6.4841410036691105
1423,GAM,1.352,17.0,6.347978737842605
1169,GAM,1.348,18.0,6.329197735659639
2188,GAM,1.328,19.0,6.235292724744808
1837,GAM,1.323,20.0,6.211816472016099
1697,GAM,1.309,21.0,6.146082964375717
1371,GAM,1.302,22.0,6.113216210555526
748,GAM,1.256,23.0,5.897234685451414
2436,GAM,1.237,24.0,5.808024925082324
527,GAM,1.21,25.0,5.6812531603473015
2209,GAM,1.2,26.0,5.634300654889886
1129,GAM,1.196,27.0,5.6155196527069196
2584,GAM,1.191,28.0,5.592043399978212
307,GAM,1.165,29.0,5.469966885788931
539,GAM,1.165,29.0,5.469966885788931
1040,GAM,1.165,29.0,5.469966885788931
1185,GAM,1.165,29.0,5.469966885788931
318,GAM,1.124,33.0,5.277461613413527
2275,GAM,1.115,34.0,5.235204358501853
1681,GAM,1.111,35.0,5.216423356318886
476,GAM,1.109,36.0,5.207032855227403
2158,GAM,1.106,37.0,5.192947103590178
951,GAM,1.1,38.0,5.164775600315729
193,GAM,1.086,39.0,5.099042092675347
2422,GAM,1.075,40.0,5.047394336672189
1758,GAM,1.066,41.0,5.005137081760515
1853,GAM,1.066,41.0,5.005137081760515
2110,GAM,1.062,43.0,4.98635607957755
1972,GAM,1.057,44.0,4.962879826848841
149,GAM,1.054,45.0,4.948794075211617
2290,GAM,1.046,46.0,4.911232070845684
1412,GAM,1.044,47.0,4.901841569754201
2443,GAM,1.044,47.0,4.901841569754201
556,GAM,1.043,49.0,4.897146319208459
1010,GAM,1.043,49.0,4.897146319208459
100,GAM,1.04,51.0,4.883060567571235
1009,GAM,1.034,52.0,4.854889064296785
570,GAM,1.029,53.0,4.831412811568077
1406,GAM,1.027,54.0,4.822022310476593
2758,GAM,1.024,55.0,4.807936558839369
2047,GAM,1.021,56.0,4.793850807202144
2130,GAM,1.02,57.0,4.789155556656403
581,GAM,1.019,58.0,4.784460306110661
2177,GAM,1.017,59.0,4.775069805019178
2344,GAM,1.007,60.0,4.728117299561762
1377,GAM,1.005,61.0,4.7187267984702785
2274,GAM,1.0,62.0,4.695250545741572
815,GAM,0.995,63.0,4.671774293012864
410,GAM,0.988,64.0,4.638907539192672
69,GAM,0.985,65.0,4.624821787555448
636,GAM,0.984,66.0,4.620126537009706
2583,GAM,0.983,67.0,4.615431286463965
1652,GAM,0.978,68.0,4.591955033735257
1885,GAM,0.971,69.0,4.559088279915066
249,GAM,0.969,70.0,4.549697778823583
1354,GAM,0.968,71.0,4.545002528277841
287,GAM,0.966,72.0,4.5356120271863585
844,GAM,0.963,73.0,4.5215262755491334
306,GAM,0.958,74.0,4.498050022820426
2309,GAM,0.953,75.0,4.474573770091718
1469,GAM,0.949,76.0,4.4557927679087515
1793,GAM,0.949,76.0,4.4557927679087515
2689,GAM,0.944,78.0,4.432316515180044
2731,GAM,0.944,78.0,4.432316515180044
2432,GAM,0.943,80.0,4.427621264634301
437,GAM,0.935,81.0,4.3900592602683695
2541,GAM,0.932,82.0,4.375973508631145
1729,GAM,0.93,83.0,4.366583007539662
1142,GAM,0.927,84.0,4.3524972559024375
1484,GAM,0.927,84.0,4.3524972559024375
1025,GAM,0.92,86.0,4.319630502082246
2612,GAM,0.915,87.0,4.296154249353538
2486,GAM,0.913,88.0,4.286763748262055
1518,GAM,0.91,89.0,4.2726779966248305
740,GAM,0.907,90.0,4.2585922449876055
2149,GAM,0.904,91.0,4.24450649335038
1121,GAM,0.902,92.0,4.235115992258898
2566,GAM,0.892,93.0,4.188163486801482
1011,GAM,0.891,94.0,4.183468236255741
2538,GAM,0.882,95.0,4.1412109813440665
761,GAM,0.881,96.0,4.136515730798324
1649,GAM,0.872,97.0,4.09425847588665
2295,GAM,0.862,98.0,4.0473059704292345
2063,GAM,0.86,99.0,4.037915469337752
1825,GAM,0.854,100.0,4.0097439660633025
1255,GAM,0.852,101.0,4.000353464971819
955,GAM,0.85,102.0,3.9909629638803357
2609,GAM,0.848,103.0,3.9815724627888525
1746,GAM,0.846,104.0,3.9721819616973693
1151,GAM,0.845,105.0,3.967486711151628
561,GAM,0.844,106.0,3.9627914606058865
2022,GAM,0.844,106.0,3.9627914606058865
2029,GAM,0.843,108.0,3.9580962100601447
1468,GAM,0.842,109.0,3.9534009595144033
1994,GAM,0.84,110.0,3.94401045842292
1945,GAM,0.839,111.0,3.9393152078771783
35,GAM,0.837,112.0,3.9299247067856955
1597,GAM,0.837,112.0,3.9299247067856955
2076,GAM,0.837,112.0,3.9299247067856955
297,GAM,0.835,115.0,3.9205342056942123
1892,GAM,0.835,115.0,3.9205342056942123
1311,GAM,0.833,117.0,3.911143704602729
2259,GAM,0.833,117.0,3.911143704602729
425,GAM,0.831,119.0,3.901753203511246
856,GAM,0.828,120.0,3.8876674518740213
2648,GAM,0.828,120.0,3.8876674518740213
877,GAM,0.826,122.0,3.878276950782538
1601,GAM,0.826,122.0,3.878276950782538
1264,GAM,0.825,124.0,3.8735817002367963
2509,GAM,0.821,125.0,3.8548006980538303
1238,GAM,0.819,126.0,3.845410196962347
1614,GAM,0.818,127.0,3.8407149464166053
2284,GAM,0.817,128.0,3.836019695870864
2690,GAM,0.812,129.0,3.8125434431421565
606,GAM,0.806,130.0,3.784371939867707
143,GAM,0.805,131.0,3.7796766893219655
878,GAM,0.805,131.0,3.7796766893219655
84,GAM,0.804,133.0,3.7749814387762237
775,GAM,0.804,133.0,3.7749814387762237
1172,GAM,0.804,133.0,3.7749814387762237
2189,GAM,0.801,136.0,3.760895687138999
2257,GAM,0.801,136.0,3.760895687138999
75,GAM,0.8,138.0,3.7562004365932573
1700,GAM,0.796,139.0,3.7374194344102913
2227,GAM,0.794,140.0,3.728028933318808
220,GAM,0.793,141.0,3.7233336827730663
369,GAM,0.792,142.0,3.718638432227325
511,GAM,0.792,142.0,3.718638432227325
1549,GAM,0.792,142.0,3.718638432227325
214,GAM,0.791,145.0,3.713943181681583
70,GAM,0.788,146.0,3.6998574300443585
1879,GAM,0.788,146.0,3.6998574300443585
714,GAM,0.785,148.0,3.685771678407134
2261,GAM,0.782,149.0,3.6716859267699093
1114,GAM,0.781,150.0,3.6669906762241675
371,GAM,0.78,151.0,3.662295425678426
970,GAM,0.778,152.0,3.652904924586943
679,GAM,0.776,153.0,3.6435144234954597
2392,GAM,0.774,154.0,3.6341239224039765
467,GAM,0.771,155.0,3.620038170766752
1070,GAM,0.771,155.0,3.620038170766752
2497,GAM,0.771,155.0,3.620038170766752
664,GAM,0.768,158.0,3.605952419129527
405,GAM,0.765,159.0,3.5918666674923023
1922,GAM,0.763,160.0,3.582476166400819
2199,GAM,0.762,161.0,3.5777809158550777
129,GAM,0.76,162.0,3.5683904147635945
146,GAM,0.76,162.0,3.5683904147635945
1192,GAM,0.759,164.0,3.5636951642178527
241,GAM,0.758,165.0,3.5589999136721113
1428,GAM,0.758,165.0,3.5589999136721113
1572,GAM,0.756,167.0,3.549609412580628
1012,GAM,0.754,168.0,3.540218911489145
1871,GAM,0.752,169.0,3.5308284103976617
1692,GAM,0.751,170.0,3.5261331598519203
2708,GAM,0.747,171.0,3.507352157668954
160,GAM,0.746,172.0,3.5026569071232125
320,GAM,0.744,173.0,3.4932664060317293
2339,GAM,0.743,174.0,3.4885711554859875
2160,GAM,0.741,175.0,3.4791806543945047
127,GAM,0.74,176.0,3.474485403848763
1243,GAM,0.74,176.0,3.474485403848763
1355,GAM,0.74,176.0,3.474485403848763
2651,GAM,0.74,176.0,3.474485403848763
2677,GAM,0.74,176.0,3.474485403848763
339,GAM,0.733,181.0,3.441618650028572
638,GAM,0.733,181.0,3.441618650028572
874,GAM,0.733,181.0,3.441618650028572
1680,GAM,0.732,184.0,3.4369233994828305
2090,GAM,0.729,185.0,3.4228376478456055
1285,GAM,0.728,186.0,3.418142397299864
2542,GAM,0.728,186.0,3.418142397299864
1277,GAM,0.726,188.0,3.408751896208381
1305,GAM,0.726,188.0,3.408751896208381
484,GAM,0.725,190.0,3.404056645662639
923,GAM,0.724,191.0,3.3993613951168977
2145,GAM,0.723,192.0,3.3946661445711563
1084,GAM,0.72,193.0,3.3805803929339313
1772,GAM,0.72,193.0,3.3805803929339313
861,GAM,0.719,195.0,3.37588514238819
865,GAM,0.719,195.0,3.37588514238819
2632,GAM,0.719,195.0,3.37588514238819
1503,GAM,0.718,198.0,3.371189891842448
2224,GAM,0.718,198.0,3.371189891842448
1488,GAM,0.717,200.0,3.3664946412967067
183,GAM,0.716,201.0,3.3617993907509653
1559,GAM,0.716,201.0,3.3617993907509653
1413,GAM,0.715,203.0,3.3571041402052235
1523,GAM,0.714,204.0,3.352408889659482
1779,GAM,0.714,204.0,3.352408889659482
1502,GAM,0.713,206.0,3.3477136391137403
1920,GAM,0.713,206.0,3.3477136391137403
1924,GAM,0.708,208.0,3.3242373863850325
601,GAM,0.705,209.0,3.310151634747808
288,GAM,0.704,210.0,3.305456384202066
1019,GAM,0.704,210.0,3.305456384202066
1663,GAM,0.704,210.0,3.305456384202066
39,GAM,0.702,213.0,3.296065883110583
176,GAM,0.702,213.0,3.296065883110583
1791,GAM,0.699,215.0,3.2819801314733583
2030,GAM,0.699,215.0,3.2819801314733583
2430,GAM,0.699,215.0,3.2819801314733583
1062,GAM,0.698,218.0,3.277284880927617
1931,GAM,0.697,219.0,3.272589630381875
850,GAM,0.696,220.0,3.2678943798361337
1390,GAM,0.696,220.0,3.2678943798361337
837,GAM,0.695,222.0,3.263199129290392
1345,GAM,0.694,223.0,3.2585038787446505
255,GAM,0.692,224.0,3.2491133776531673
569,GAM,0.692,224.0,3.2491133776531673
2255,GAM,0.692,224.0,3.2491133776531673
2281,GAM,0.691,227.0,3.244418127107426
1754,GAM,0.69,228.0,3.239722876561684
696,GAM,0.688,229.0,3.230332375470201
1314,GAM,0.688,229.0,3.230332375470201
1436,GAM,0.688,229.0,3.230332375470201
1862,GAM,0.688,229.0,3.230332375470201
293,GAM,0.686,233.0,3.2209418743787186
351,GAM,0.686,233.0,3.2209418743787186
650,GAM,0.685,235.0,3.2162466238329768
688,GAM,0.685,235.0,3.2162466238329768
937,GAM,0.685,235.0,3.2162466238329768
959,GAM,0.685,235.0,3.2162466238329768
1437,GAM,0.685,235.0,3.2162466238329768
488,GAM,0.684,240.0,3.2115513732872354
1815,GAM,0.683,241.0,3.2068561227414936
1923,GAM,0.683,241.0,3.2068561227414936
2037,GAM,0.683,241.0,3.2068561227414936
1419,GAM,0.682,244.0,3.202160872195752
2517,GAM,0.682,244.0,3.202160872195752
2593,GAM,0.681,246.0,3.1974656216500104
655,GAM,0.68,247.0,3.192770371104269
1849,GAM,0.68,247.0,3.192770371104269
2161,GAM,0.68,247.0,3.192770371104269
2249,GAM,0.68,247.0,3.192770371104269
1004,GAM,0.679,251.0,3.188075120558527
2356,GAM,0.679,251.0,3.188075120558527
1212,GAM,0.678,253.0,3.1833798700127858
334,GAM,0.677,254.0,3.1786846194670444
2662,GAM,0.677,254.0,3.1786846194670444
505,GAM,0.676,256.0,3.1739893689213026
2298,GAM,0.675,257.0,3.169294118375561
427,GAM,0.673,258.0,3.159903617284078
1459,GAM,0.673,258.0,3.159903617284078
382,GAM,0.672,260.0,3.155208366738336
2026,GAM,0.67,261.0,3.1458178656468534
2504,GAM,0.67,261.0,3.1458178656468534
746,GAM,0.669,263.0,3.1411226151011116
168,GAM,0.668,264.0,3.13642736455537
586,GAM,0.668,264.0,3.13642736455537
940,GAM,0.668,264.0,3.13642736455537
1958,GAM,0.668,264.0,3.13642736455537
276,GAM,0.664,268.0,3.117646362372404
1033,GAM,0.664,268.0,3.117646362372404
1250,GAM,0.663,270.0,3.112951111826662
1847,GAM,0.663,270.0,3.112951111826662
82,GAM,0.662,272.0,3.1082558612809206
920,GAM,0.66,273.0,3.0988653601894374
2210,GAM,0.657,274.0,3.084779608552213
798,GAM,0.656,275.0,3.080084358006471
1639,GAM,0.656,275.0,3.080084358006471
2456,GAM,0.656,275.0,3.080084358006471
996,GAM,0.655,278.0,3.0753891074607296
1778,GAM,0.655,278.0,3.0753891074607296
302,GAM,0.654,280.0,3.0706938569149878
1445,GAM,0.653,281.0,3.0659986063692464
402,GAM,0.651,282.0,3.056608105277763
753,GAM,0.651,282.0,3.056608105277763
325,GAM,0.649,284.0,3.04721760418628
429,GAM,0.646,285.0,3.0331318525490554
2455,GAM,0.646,285.0,3.0331318525490554
1107,GAM,0.645,287.0,3.028436602003314
2600,GAM,0.645,287.0,3.028436602003314
1526,GAM,0.644,289.0,3.023741351457572
1644,GAM,0.644,289.0,3.023741351457572
1690,GAM,0.644,289.0,3.023741351457572
1493,GAM,0.643,292.0,3.019046100911831
2010,GAM,0.643,292.0,3.019046100911831
2299,GAM,0.642,294.0,3.014350850366089
518,GAM,0.641,295.0,3.0096555998203476
1861,GAM,0.641,295.0,3.0096555998203476
1637,GAM,0.64,297.0,3.0049603492746058
2380,GAM,0.639,298.0,3.0002650987288644
454,GAM,0.638,299.0,2.9955698481831226
818,GAM,0.638,299.0,2.9955698481831226
1096,GAM,0.636,301.0,2.98617934709164
170,GAM,0.635,302.0,2.981484096545898
964,GAM,0.635,302.0,2.981484096545898
1715,GAM,0.633,304.0,2.9720935954544148
262,GAM,0.632,305.0,2.9673983449086734
2067,GAM,0.632,305.0,2.9673983449086734
1344,GAM,0.631,307.0,2.9627030943629316
2164,GAM,0.631,307.0,2.9627030943629316
2203,GAM,0.631,307.0,2.9627030943629316
547,GAM,0.628,310.0,2.948617342725707
1764,GAM,0.627,311.0,2.9439220921799656
2450,GAM,0.627,311.0,2.9439220921799656
1385,GAM,0.626,313.0,2.9392268416342238
814,GAM,0.625,314.0,2.9345315910884824
1144,GAM,0.624,315.0,2.9298363405427406
25,GAM,0.623,316.0,2.925141089996999
1226,GAM,0.623,316.0,2.925141089996999
552,GAM,0.622,318.0,2.9204458394512574
816,GAM,0.622,318.0,2.9204458394512574
1233,GAM,0.622,318.0,2.9204458394512574
1220,GAM,0.621,321.0,2.915750588905516
1448,GAM,0.621,321.0,2.915750588905516
1610,GAM,0.621,321.0,2.915750588905516
1647,GAM,0.621,321.0,2.915750588905516
1688,GAM,0.621,321.0,2.915750588905516
2084,GAM,0.621,321.0,2.915750588905516
2225,GAM,0.621,321.0,2.915750588905516
843,GAM,0.62,328.0,2.9110553383597746
2515,GAM,0.62,328.0,2.9110553383597746
2273,GAM,0.619,330.0,2.9063600878140328
529,GAM,0.618,331.0,2.9016648372682914
2474,GAM,0.618,331.0,2.9016648372682914
431,GAM,0.617,333.0,2.8969695867225496
2152,GAM,0.617,333.0,2.8969695867225496
2117,GAM,0.616,335.0,2.892274336176808
74,GAM,0.615,336.0,2.8875790856310664
1913,GAM,0.614,337.0,2.882883835085325
2266,GAM,0.613,338.0,2.878188584539583
486,GAM,0.612,339.0,2.8734933339938418
2475,GAM,0.611,340.0,2.8687980834481004
1656,GAM,0.61,341.0,2.8641028329023586
2659,GAM,0.61,341.0,2.8641028329023586
194,GAM,0.609,343.0,2.859407582356617
2211,GAM,0.609,343.0,2.859407582356617
1109,GAM,0.608,345.0,2.8547123318108754
1118,GAM,0.608,345.0,2.8547123318108754
52,GAM,0.607,347.0,2.850017081265134
979,GAM,0.605,348.0,2.8406265801736508
1856,GAM,0.605,348.0,2.8406265801736508
38,GAM,0.604,350.0,2.8359313296279094
452,GAM,0.604,350.0,2.8359313296279094
925,GAM,0.604,350.0,2.8359313296279094
463,GAM,0.603,353.0,2.8312360790821676
2717,GAM,0.601,354.0,2.8218455779906844
137,GAM,0.6,355.0,2.817150327444943
904,GAM,0.6,355.0,2.817150327444943
2012,GAM,0.599,357.0,2.812455076899201
2723,GAM,0.599,357.0,2.812455076899201
965,GAM,0.598,359.0,2.8077598263534598
1321,GAM,0.598,359.0,2.8077598263534598
1583,GAM,0.598,359.0,2.8077598263534598
825,GAM,0.597,362.0,2.803064575807718
358,GAM,0.596,363.0,2.7983693252619766
2411,GAM,0.596,363.0,2.7983693252619766
1361,GAM,0.595,365.0,2.793674074716235
2469,GAM,0.595,365.0,2.793674074716235
1627,GAM,0.593,367.0,2.784283573624752
2389,GAM,0.593,367.0,2.784283573624752
1748,GAM,0.589,369.0,2.7655025714417856
2092,GAM,0.589,369.0,2.7655025714417856
933,GAM,0.588,371.0,2.7608073208960437
1190,GAM,0.588,371.0,2.7608073208960437
2106,GAM,0.588,371.0,2.7608073208960437
2495,GAM,0.587,374.0,2.7561120703503024
2660,GAM,0.587,374.0,2.7561120703503024
2305,GAM,0.586,376.0,2.751416819804561
1135,GAM,0.585,377.0,2.746721569258819
1979,GAM,0.583,378.0,2.737331068167336
1999,GAM,0.583,378.0,2.737331068167336
312,GAM,0.582,380.0,2.7326358176215946
264,GAM,0.581,381.0,2.7279405670758528
1080,GAM,0.581,381.0,2.7279405670758528
2013,GAM,0.581,381.0,2.7279405670758528
1158,GAM,0.579,384.0,2.71855006598437
491,GAM,0.578,385.0,2.713854815438628
1543,GAM,0.578,385.0,2.713854815438628
2054,GAM,0.578,385.0,2.713854815438628
2679,GAM,0.578,385.0,2.713854815438628
117,GAM,0.577,389.0,2.709159564892887
635,GAM,0.577,389.0,2.709159564892887
1271,GAM,0.577,389.0,2.709159564892887
2384,GAM,0.577,389.0,2.709159564892887
1661,GAM,0.575,393.0,2.6997690638014036
2576,GAM,0.575,393.0,2.6997690638014036
277,GAM,0.573,395.0,2.6903785627099204
1814,GAM,0.573,395.0,2.6903785627099204
485,GAM,0.572,397.0,2.6856833121641785
1648,GAM,0.572,397.0,2.6856833121641785
2627,GAM,0.572,397.0,2.6856833121641785
60,GAM,0.571,400.0,2.680988061618437
1189,GAM,0.571,400.0,2.680988061618437
1460,GAM,0.571,400.0,2.680988061618437
1090,GAM,0.57,403.0,2.676292811072696
1674,GAM,0.569,404.0,2.671597560526954
1623,GAM,0.568,405.0,2.6669023099812126
2703,GAM,0.568,405.0,2.6669023099812126
1122,GAM,0.567,407.0,2.6622070594354708
1607,GAM,0.567,407.0,2.6622070594354708
1295,GAM,0.566,409.0,2.6575118088897294
2023,GAM,0.566,409.0,2.6575118088897294
2599,GAM,0.566,409.0,2.6575118088897294
321,GAM,0.563,412.0,2.6434260572525043
1678,GAM,0.563,412.0,2.6434260572525043
1824,GAM,0.563,412.0,2.6434260572525043
404,GAM,0.562,415.0,2.6387308067067634
2179,GAM,0.561,416.0,2.634035556161022
230,GAM,0.56,417.0,2.62934030561528
2501,GAM,0.56,417.0,2.62934030561528
1105,GAM,0.559,419.0,2.624645055069539
2630,GAM,0.559,419.0,2.624645055069539
260,GAM,0.558,421.0,2.619949804523797
2319,GAM,0.558,421.0,2.619949804523797
797,GAM,0.557,423.0,2.6152545539780556
1312,GAM,0.557,423.0,2.6152545539780556
672,GAM,0.556,425.0,2.6105593034323142
1501,GAM,0.556,425.0,2.6105593034323142
2089,GAM,0.556,425.0,2.6105593034323142
2673,GAM,0.556,425.0,2.6105593034323142
151,GAM,0.555,429.0,2.6058640528865724
2159,GAM,0.555,429.0,2.6058640528865724
879,GAM,0.554,431.0,2.601168802340831
836,GAM,0.553,432.0,2.596473551795089
1203,GAM,0.553,432.0,2.596473551795089
2487,GAM,0.553,432.0,2.596473551795089
2635,GAM,0.553,432.0,2.596473551795089
1041,GAM,0.552,436.0,2.591778301249348
2633,GAM,0.552,436.0,2.591778301249348
1291,GAM,0.551,438.0,2.587083050703606
212,GAM,0.55,439.0,2.5823878001578646
280,GAM,0.55,439.0,2.5823878001578646
1841,GAM,0.549,441.0,2.5776925496121232
1439,GAM,0.548,442.0,2.5729972990663814
132,GAM,0.547,443.0,2.56830204852064
189,GAM,0.547,443.0,2.56830204852064
1165,GAM,0.547,443.0,2.56830204852064
1296,GAM,0.547,443.0,2.56830204852064
2656,GAM,0.547,443.0,2.56830204852064
292,GAM,0.546,448.0,2.563606797974898
2552,GAM,0.546,448.0,2.563606797974898
76,GAM,0.545,450.0,2.558911547429157
780,GAM,0.545,450.0,2.558911547429157
1073,GAM,0.545,450.0,2.558911547429157
2434,GAM,0.545,450.0,2.558911547429157
2739,GAM,0.545,450.0,2.558911547429157
323,GAM,0.544,455.0,2.554216296883415
420,GAM,0.544,455.0,2.554216296883415
997,GAM,0.544,455.0,2.554216296883415
1775,GAM,0.543,458.0,2.5495210463376736
1356,GAM,0.542,459.0,2.544825795791932
1933,GAM,0.542,459.0,2.544825795791932
2347,GAM,0.542,459.0,2.544825795791932
2480,GAM,0.542,459.0,2.544825795791932
244,GAM,0.541,463.0,2.5401305452461904
1453,GAM,0.541,463.0,2.5401305452461904
2719,GAM,0.541,463.0,2.5401305452461904
1020,GAM,0.54,466.0,2.535435294700449
1252,GAM,0.54,466.0,2.535435294700449
1558,GAM,0.539,468.0,2.530740044154707
2776,GAM,0.539,468.0,2.530740044154707
509,GAM,0.538,470.0,2.526044793608966
732,GAM,0.538,470.0,2.526044793608966
1475,GAM,0.538,470.0,2.526044793608966
891,GAM,0.537,473.0,2.521349543063224
381,GAM,0.536,474.0,2.5166542925174826
2313,GAM,0.536,474.0,2.5166542925174826
131,GAM,0.535,476.0,2.511959041971741
1954,GAM,0.535,476.0,2.511959041971741
588,GAM,0.534,478.0,2.5072637914259994
1826,GAM,0.534,478.0,2.5072637914259994
59,GAM,0.533,480.0,2.5025685408802576
674,GAM,0.533,480.0,2.5025685408802576
821,GAM,0.533,480.0,2.5025685408802576
1391,GAM,0.533,480.0,2.5025685408802576
2099,GAM,0.533,480.0,2.5025685408802576
2394,GAM,0.533,480.0,2.5025685408802576
2540,GAM,0.533,480.0,2.5025685408802576
24,GAM,0.532,487.0,2.497873290334516
1184,GAM,0.532,487.0,2.497873290334516
1396,GAM,0.532,487.0,2.497873290334516
1909,GAM,0.532,487.0,2.497873290334516
1930,GAM,0.532,487.0,2.497873290334516
2103,GAM,0.532,487.0,2.497873290334516
2195,GAM,0.532,487.0,2.497873290334516
22,GAM,0.531,494.0,2.493178039788775
507,GAM,0.531,494.0,2.493178039788775
599,GAM,0.531,494.0,2.493178039788775
567,GAM,0.53,497.0,2.488482789243033
2529,GAM,0.53,497.0,2.488482789243033
2746,GAM,0.53,497.0,2.488482789243033
408,GAM,0.529,500.0,2.4837875386972916
1960,GAM,0.529,500.0,2.4837875386972916
2038,GAM,0.529,500.0,2.4837875386972916
566,GAM,0.528,503.0,2.47909228815155
1482,GAM,0.527,504.0,2.4743970376058084
1565,GAM,0.527,504.0,2.4743970376058084
2183,GAM,0.527,504.0,2.4743970376058084
2733,GAM,0.527,504.0,2.4743970376058084
2736,GAM,0.527,504.0,2.4743970376058084
995,GAM,0.526,509.0,2.4697017870600666
1921,GAM,0.526,509.0,2.4697017870600666
774,GAM,0.525,511.0,2.465006536514325
1007,GAM,0.525,511.0,2.465006536514325
1147,GAM,0.525,511.0,2.465006536514325
1872,GAM,0.525,511.0,2.465006536514325
370,GAM,0.524,515.0,2.460311285968584
847,GAM,0.524,515.0,2.460311285968584
377,GAM,0.523,517.0,2.455616035422842
1662,GAM,0.523,517.0,2.455616035422842
1244,GAM,0.522,519.0,2.4509207848771006
2408,GAM,0.522,519.0,2.4509207848771006
391,GAM,0.52,521.0,2.4415302837856174
2323,GAM,0.52,521.0,2.4415302837856174
623,GAM,0.519,523.0,2.4368350332398756
927,GAM,0.519,523.0,2.4368350332398756
1043,GAM,0.519,523.0,2.4368350332398756
2401,GAM,0.519,523.0,2.4368350332398756
2665,GAM,0.519,523.0,2.4368350332398756
2704,GAM,0.519,523.0,2.4368350332398756
968,GAM,0.518,529.0,2.4321397826941342
2770,GAM,0.518,529.0,2.4321397826941342
557,GAM,0.517,531.0,2.4274445321483924
721,GAM,0.517,531.0,2.4274445321483924
1343,GAM,0.517,531.0,2.4274445321483924
1584,GAM,0.517,531.0,2.4274445321483924
2672,GAM,0.517,531.0,2.4274445321483924
93,GAM,0.516,536.0,2.422749281602651
1018,GAM,0.516,536.0,2.422749281602651
1794,GAM,0.516,536.0,2.422749281602651
2368,GAM,0.516,536.0,2.422749281602651
211,GAM,0.515,540.0,2.4180540310569096
1093,GAM,0.515,540.0,2.4180540310569096
1538,GAM,0.515,540.0,2.4180540310569096
1689,GAM,0.515,540.0,2.4180540310569096
1935,GAM,0.515,540.0,2.4180540310569096
2132,GAM,0.515,540.0,2.4180540310569096
104,GAM,0.514,546.0,2.413358780511168
1480,GAM,0.514,546.0,2.413358780511168
2393,GAM,0.514,546.0,2.413358780511168
1100,GAM,0.513,549.0,2.4086635299654264
238,GAM,0.512,550.0,2.4039682794196846
1438,GAM,0.512,550.0,2.4039682794196846
1514,GAM,0.512,550.0,2.4039682794196846
1253,GAM,0.511,553.0,2.3992730288739432
2157,GAM,0.511,553.0,2.3992730288739432
2607,GAM,0.511,553.0,2.3992730288739432
266,GAM,0.51,556.0,2.3945777783282014
528,GAM,0.51,556.0,2.3945777783282014
1163,GAM,0.51,556.0,2.3945777783282014
2705,GAM,0.51,556.0,2.3945777783282014
392,GAM,0.509,560.0,2.38988252778246
27,GAM,0.508,561.0,2.3851872772367186
763,GAM,0.508,561.0,2.3851872772367186
1756,GAM,0.508,561.0,2.3851872772367186
1905,GAM,0.508,561.0,2.3851872772367186
2213,GAM,0.508,561.0,2.3851872772367186
2287,GAM,0.508,561.0,2.3851872772367186
2757,GAM,0.508,561.0,2.3851872772367186
810,GAM,0.507,568.0,2.380492026690977
1828,GAM,0.507,568.0,2.380492026690977
2080,GAM,0.507,568.0,2.380492026690977
2608,GAM,0.507,568.0,2.380492026690977
2091,GAM,0.506,572.0,2.3757967761452354
2496,GAM,0.506,572.0,2.3757967761452354
459,GAM,0.505,574.0,2.3711015255994936
1224,GAM,0.505,574.0,2.3711015255994936
1125,GAM,0.504,576.0,2.3664062750537522
1492,GAM,0.504,576.0,2.3664062750537522
300,GAM,0.503,578.0,2.3617110245080104
794,GAM,0.503,578.0,2.3617110245080104
1677,GAM,0.503,578.0,2.3617110245080104
1919,GAM,0.503,578.0,2.3617110245080104
2204,GAM,0.503,578.0,2.3617110245080104
2748,GAM,0.503,578.0,2.3617110245080104
1263,GAM,0.502,584.0,2.357015773962269
1450,GAM,0.502,584.0,2.357015773962269
1522,GAM,0.502,584.0,2.357015773962269
2416,GAM,0.502,584.0,2.357015773962269
2774,GAM,0.502,584.0,2.357015773962269
1183,GAM,0.501,589.0,2.352320523416527
1693,GAM,0.501,589.0,2.352320523416527
2005,GAM,0.501,589.0,2.352320523416527
270,GAM,0.5,592.0,2.347625272870786
2505,GAM,0.5,592.0,2.347625272870786
2544,GAM,0.5,592.0,2.347625272870786
657,GAM,0.499,595.0,2.3429300223250444
110,GAM,0.498,596.0,2.3382347717793026
700,GAM,0.498,596.0,2.3382347717793026
1404,GAM,0.498,596.0,2.3382347717793026
2052,GAM,0.498,596.0,2.3382347717793026
2057,GAM,0.498,596.0,2.3382347717793026
2388,GAM,0.498,596.0,2.3382347717793026
2531,GAM,0.498,596.0,2.3382347717793026
1893,GAM,0.497,603.0,2.3335395212335612
2359,GAM,0.497,603.0,2.3335395212335612
659,GAM,0.496,605.0,2.3288442706878194
1023,GAM,0.496,605.0,2.3288442706878194
729,GAM,0.495,607.0,2.324149020142078
1106,GAM,0.494,608.0,2.319453769596336
2277,GAM,0.494,608.0,2.319453769596336
2714,GAM,0.494,608.0,2.319453769596336
86,GAM,0.493,611.0,2.314758519050595
1669,GAM,0.493,611.0,2.314758519050595
343,GAM,0.492,613.0,2.310063268504853
424,GAM,0.492,613.0,2.310063268504853
769,GAM,0.492,613.0,2.310063268504853
228,GAM,0.491,616.0,2.3053680179591116
444,GAM,0.491,616.0,2.3053680179591116
765,GAM,0.491,616.0,2.3053680179591116
863,GAM,0.491,616.0,2.3053680179591116
1594,GAM,0.491,616.0,2.3053680179591116
2260,GAM,0.491,616.0,2.3053680179591116
34,GAM,0.49,622.0,2.3006727674133702
913,GAM,0.49,622.0,2.3006727674133702
2533,GAM,0.49,622.0,2.3006727674133702
335,GAM,0.489,625.0,2.2959775168676284
2036,GAM,0.489,625.0,2.2959775168676284
538,GAM,0.488,627.0,2.291282266321887
960,GAM,0.488,627.0,2.291282266321887
991,GAM,0.488,627.0,2.291282266321887
1539,GAM,0.488,627.0,2.291282266321887
1845,GAM,0.488,627.0,2.291282266321887
1625,GAM,0.487,632.0,2.286587015776145
1783,GAM,0.487,632.0,2.286587015776145
2373,GAM,0.487,632.0,2.286587015776145
2390,GAM,0.487,632.0,2.286587015776145
2667,GAM,0.487,632.0,2.286587015776145
11,GAM,0.486,637.0,2.281891765230404
45,GAM,0.486,637.0,2.281891765230404
1418,GAM,0.486,637.0,2.281891765230404
2564,GAM,0.486,637.0,2.281891765230404
1035,GAM,0.485,641.0,2.277196514684662
1221,GAM,0.485,641.0,2.277196514684662
1286,GAM,0.485,641.0,2.277196514684662
1513,GAM,0.485,641.0,2.277196514684662
1968,GAM,0.485,641.0,2.277196514684662
888,GAM,0.484,646.0,2.2725012641389206
958,GAM,0.484,646.0,2.2725012641389206
1891,GAM,0.484,646.0,2.2725012641389206
1912,GAM,0.484,646.0,2.2725012641389206
2578,GAM,0.484,646.0,2.2725012641389206
411,GAM,0.482,651.0,2.2631107630474374
1098,GAM,0.482,651.0,2.2631107630474374
1329,GAM,0.482,651.0,2.2631107630474374
1540,GAM,0.482,651.0,2.2631107630474374
2581,GAM,0.482,651.0,2.2631107630474374
81,GAM,0.48,656.0,2.253720261955954
697,GAM,0.48,656.0,2.253720261955954
2710,GAM,0.48,656.0,2.253720261955954
826,GAM,0.479,659.0,2.249025011410213
922,GAM,0.479,659.0,2.249025011410213
2466,GAM,0.479,659.0,2.249025011410213
548,GAM,0.478,662.0,2.244329760864471
1270,GAM,0.478,662.0,2.244329760864471
2163,GAM,0.478,662.0,2.244329760864471
2226,GAM,0.478,662.0,2.244329760864471
2292,GAM,0.478,662.0,2.244329760864471
2511,GAM,0.478,662.0,2.244329760864471
2602,GAM,0.478,662.0,2.244329760864471
438,GAM,0.477,669.0,2.2396345103187296
776,GAM,0.477,669.0,2.2396345103187296
902,GAM,0.477,669.0,2.2396345103187296
637,GAM,0.476,672.0,2.234939259772988
1320,GAM,0.476,672.0,2.234939259772988
1431,GAM,0.476,672.0,2.234939259772988
555,GAM,0.475,675.0,2.2302440092272464
1566,GAM,0.475,675.0,2.2302440092272464
1951,GAM,0.475,675.0,2.2302440092272464
2078,GAM,0.475,675.0,2.2302440092272464
2369,GAM,0.475,675.0,2.2302440092272464
2547,GAM,0.475,675.0,2.2302440092272464
44,GAM,0.474,681.0,2.225548758681505
159,GAM,0.474,681.0,2.225548758681505
860,GAM,0.474,681.0,2.225548758681505
2250,GAM,0.474,681.0,2.225548758681505
2691,GAM,0.474,681.0,2.225548758681505
222,GAM,0.473,686.0,2.220853508135763
559,GAM,0.473,686.0,2.220853508135763
2053,GAM,0.473,686.0,2.220853508135763
495,GAM,0.472,689.0,2.216158257590022
1140,GAM,0.472,689.0,2.216158257590022
1369,GAM,0.472,689.0,2.216158257590022
2762,GAM,0.472,689.0,2.216158257590022
376,GAM,0.471,693.0,2.21146300704428
998,GAM,0.471,693.0,2.21146300704428
1888,GAM,0.471,693.0,2.21146300704428
596,GAM,0.47,696.0,2.2067677564985386
1819,GAM,0.47,696.0,2.2067677564985386
2314,GAM,0.47,696.0,2.2067677564985386
1863,GAM,0.469,699.0,2.202072505952797
901,GAM,0.468,700.0,2.197377255407056
1551,GAM,0.468,700.0,2.197377255407056
1932,GAM,0.468,700.0,2.197377255407056
2571,GAM,0.468,700.0,2.197377255407056
64,GAM,0.467,704.0,2.192682004861314
409,GAM,0.467,704.0,2.192682004861314
1660,GAM,0.467,704.0,2.192682004861314
2765,GAM,0.467,704.0,2.192682004861314
2437,GAM,0.466,708.0,2.1879867543155727
624,GAM,0.465,709.0,2.183291503769831
942,GAM,0.465,709.0,2.183291503769831
988,GAM,0.465,709.0,2.183291503769831
2079,GAM,0.465,709.0,2.183291503769831
281,GAM,0.464,713.0,2.1785962532240895
282,GAM,0.464,713.0,2.1785962532240895
379,GAM,0.464,713.0,2.1785962532240895
387,GAM,0.464,713.0,2.1785962532240895
1126,GAM,0.464,713.0,2.1785962532240895
2537,GAM,0.464,713.0,2.1785962532240895
442,GAM,0.463,719.0,2.1739010026783476
1416,GAM,0.463,719.0,2.1739010026783476
192,GAM,0.462,721.0,2.1692057521326062
501,GAM,0.462,721.0,2.1692057521326062
873,GAM,0.462,721.0,2.1692057521326062
1272,GAM,0.462,721.0,2.1692057521326062
587,GAM,0.461,725.0,2.1645105015868644
649,GAM,0.461,725.0,2.1645105015868644
2610,GAM,0.461,725.0,2.1645105015868644
1008,GAM,0.46,728.0,2.159815251041123
1473,GAM,0.46,728.0,2.159815251041123
1532,GAM,0.46,728.0,2.159815251041123
1568,GAM,0.46,728.0,2.159815251041123
1883,GAM,0.46,728.0,2.159815251041123
53,GAM,0.459,733.0,2.1551200004953817
428,GAM,0.459,733.0,2.1551200004953817
457,GAM,0.459,733.0,2.1551200004953817
534,GAM,0.459,733.0,2.1551200004953817
1304,GAM,0.459,733.0,2.1551200004953817
981,GAM,0.458,738.0,2.15042474994964
2332,GAM,0.458,738.0,2.15042474994964
2568,GAM,0.458,738.0,2.15042474994964
125,GAM,0.457,741.0,2.1457294994038985
188,GAM,0.457,741.0,2.1457294994038985
414,GAM,0.457,741.0,2.1457294994038985
806,GAM,0.457,741.0,2.1457294994038985
876,GAM,0.457,741.0,2.1457294994038985
1702,GAM,0.457,741.0,2.1457294994038985
468,GAM,0.456,747.0,2.1410342488581566
1672,GAM,0.456,747.0,2.1410342488581566
2200,GAM,0.456,747.0,2.1410342488581566
2351,GAM,0.456,747.0,2.1410342488581566
2605,GAM,0.456,747.0,2.1410342488581566
2742,GAM,0.456,747.0,2.1410342488581566
116,GAM,0.455,753.0,2.1363389983124152
1001,GAM,0.455,753.0,2.1363389983124152
2001,GAM,0.455,753.0,2.1363389983124152
2481,GAM,0.455,753.0,2.1363389983124152
1427,GAM,0.454,757.0,2.1316437477666734
1472,GAM,0.454,757.0,2.1316437477666734
2044,GAM,0.454,757.0,2.1316437477666734
344,GAM,0.453,760.0,2.126948497220932
917,GAM,0.453,760.0,2.126948497220932
1855,GAM,0.453,760.0,2.126948497220932
2232,GAM,0.453,760.0,2.126948497220932
2419,GAM,0.453,760.0,2.126948497220932
2442,GAM,0.453,760.0,2.126948497220932
2644,GAM,0.453,760.0,2.126948497220932
1811,GAM,0.452,767.0,2.12225324667519
17,GAM,0.451,768.0,2.117557996129449
1194,GAM,0.451,768.0,2.117557996129449
1382,GAM,0.451,768.0,2.117557996129449
1467,GAM,0.451,768.0,2.117557996129449
324,GAM,0.45,772.0,2.1128627455837075
899,GAM,0.45,772.0,2.1128627455837075
1400,GAM,0.45,772.0,2.1128627455837075
1585,GAM,0.45,772.0,2.1128627455837075
1611,GAM,0.45,772.0,2.1128627455837075
2588,GAM,0.45,772.0,2.1128627455837075
1651,GAM,0.449,778.0,2.1081674950379656
2034,GAM,0.449,778.0,2.1081674950379656
77,GAM,0.448,780.0,2.1034722444922243
914,GAM,0.448,780.0,2.1034722444922243
1788,GAM,0.448,780.0,2.1034722444922243
1807,GAM,0.448,780.0,2.1034722444922243
2234,GAM,0.448,780.0,2.1034722444922243
2567,GAM,0.448,780.0,2.1034722444922243
298,GAM,0.447,786.0,2.0987769939464824
708,GAM,0.447,786.0,2.0987769939464824
1454,GAM,0.447,786.0,2.0987769939464824
1622,GAM,0.447,786.0,2.0987769939464824
460,GAM,0.446,790.0,2.094081743400741
1088,GAM,0.446,790.0,2.094081743400741
516,GAM,0.445,792.0,2.0893864928549992
1606,GAM,0.445,792.0,2.0893864928549992
1943,GAM,0.445,792.0,2.0893864928549992
735,GAM,0.444,795.0,2.084691242309258
845,GAM,0.444,795.0,2.084691242309258
2140,GAM,0.444,795.0,2.084691242309258
2741,GAM,0.444,795.0,2.084691242309258
1957,GAM,0.443,799.0,2.0799959917635165
15,GAM,0.442,800.0,2.0753007412177746
389,GAM,0.442,800.0,2.0753007412177746
2294,GAM,0.442,800.0,2.0753007412177746
496,GAM,0.441,803.0,2.0706054906720333
546,GAM,0.441,803.0,2.0706054906720333
654,GAM,0.441,803.0,2.0706054906720333
1654,GAM,0.441,803.0,2.0706054906720333
1929,GAM,0.441,803.0,2.0706054906720333
1980,GAM,0.441,803.0,2.0706054906720333
593,GAM,0.44,809.0,2.0659102401262914
830,GAM,0.44,809.0,2.0659102401262914
1500,GAM,0.44,809.0,2.0659102401262914
1517,GAM,0.44,809.0,2.0659102401262914
1869,GAM,0.44,809.0,2.0659102401262914
1877,GAM,0.44,809.0,2.0659102401262914
1728,GAM,0.439,815.0,2.06121498958055
1776,GAM,0.439,815.0,2.06121498958055
1874,GAM,0.438,817.0,2.0565197390348082
1914,GAM,0.438,817.0,2.0565197390348082
1940,GAM,0.438,817.0,2.0565197390348082
2045,GAM,0.438,817.0,2.0565197390348082
2525,GAM,0.438,817.0,2.0565197390348082
1048,GAM,0.437,822.0,2.051824488489067
1119,GAM,0.437,822.0,2.051824488489067
1167,GAM,0.437,822.0,2.051824488489067
2680,GAM,0.437,822.0,2.051824488489067
177,GAM,0.436,826.0,2.047129237943325
710,GAM,0.436,826.0,2.047129237943325
1102,GAM,0.436,826.0,2.047129237943325
2128,GAM,0.436,826.0,2.047129237943325
51,GAM,0.435,830.0,2.0424339873975836
1160,GAM,0.435,830.0,2.0424339873975836
1884,GAM,0.435,830.0,2.0424339873975836
2096,GAM,0.435,830.0,2.0424339873975836
656,GAM,0.434,834.0,2.0377387368518423
944,GAM,0.434,834.0,2.0377387368518423
2238,GAM,0.434,834.0,2.0377387368518423
2372,GAM,0.434,834.0,2.0377387368518423
2391,GAM,0.434,834.0,2.0377387368518423
2418,GAM,0.434,834.0,2.0377387368518423
2453,GAM,0.434,834.0,2.0377387368518423
2634,GAM,0.434,834.0,2.0377387368518423
602,GAM,0.433,842.0,2.0330434863061004
741,GAM,0.433,842.0,2.0330434863061004
961,GAM,0.433,842.0,2.0330434863061004
1044,GAM,0.433,842.0,2.0330434863061004
1248,GAM,0.433,842.0,2.0330434863061004
1808,GAM,0.433,842.0,2.0330434863061004
2114,GAM,0.433,842.0,2.0330434863061004
2191,GAM,0.433,842.0,2.0330434863061004
2722,GAM,0.433,842.0,2.0330434863061004
578,GAM,0.432,851.0,2.028348235760359
1279,GAM,0.432,851.0,2.028348235760359
1363,GAM,0.432,851.0,2.028348235760359
1608,GAM,0.432,851.0,2.028348235760359
2133,GAM,0.432,851.0,2.028348235760359
1166,GAM,0.431,856.0,2.0236529852146172
1762,GAM,0.431,856.0,2.0236529852146172
156,GAM,0.43,858.0,2.018957734668876
210,GAM,0.43,858.0,2.018957734668876
1655,GAM,0.43,858.0,2.018957734668876
2170,GAM,0.43,858.0,2.018957734668876
101,GAM,0.429,862.0,2.014262484123134
187,GAM,0.429,862.0,2.014262484123134
1026,GAM,0.429,862.0,2.014262484123134
1349,GAM,0.429,862.0,2.014262484123134
2585,GAM,0.429,862.0,2.014262484123134
1798,GAM,0.428,867.0,2.0095672335773926
2212,GAM,0.428,867.0,2.0095672335773926
918,GAM,0.427,869.0,2.0048719830316513
1670,GAM,0.427,869.0,2.0048719830316513
2220,GAM,0.427,869.0,2.0048719830316513
2400,GAM,0.427,869.0,2.0048719830316513
7,GAM,0.426,873.0,2.0001767324859094
967,GAM,0.426,873.0,2.0001767324859094
1838,GAM,0.426,873.0,2.0001767324859094
1021,GAM,0.425,876.0,1.9954814819401678
1171,GAM,0.425,876.0,1.9954814819401678
1281,GAM,0.425,876.0,1.9954814819401678
2484,GAM,0.425,876.0,1.9954814819401678
1146,GAM,0.424,880.0,1.9907862313944262
1408,GAM,0.424,880.0,1.9907862313944262
119,GAM,0.423,882.0,1.9860909808486846
653,GAM,0.423,882.0,1.9860909808486846
823,GAM,0.423,882.0,1.9860909808486846
1315,GAM,0.423,882.0,1.9860909808486846
310,GAM,0.422,886.0,1.9813957303029432
1432,GAM,0.422,886.0,1.9813957303029432
2055,GAM,0.422,886.0,1.9813957303029432
338,GAM,0.421,889.0,1.9767004797572016
403,GAM,0.421,889.0,1.9767004797572016
734,GAM,0.421,889.0,1.9767004797572016
199,GAM,0.42,892.0,1.97200522921146
1858,GAM,0.42,892.0,1.97200522921146
2594,GAM,0.42,892.0,1.97200522921146
2622,GAM,0.42,892.0,1.97200522921146
10,GAM,0.419,896.0,1.9673099786657184
533,GAM,0.419,896.0,1.9673099786657184
1045,GAM,0.419,896.0,1.9673099786657184
1397,GAM,0.419,896.0,1.9673099786657184
1533,GAM,0.419,896.0,1.9673099786657184
412,GAM,0.418,901.0,1.9626147281199768
449,GAM,0.418,901.0,1.9626147281199768
1716,GAM,0.418,901.0,1.9626147281199768
1780,GAM,0.418,901.0,1.9626147281199768
2252,GAM,0.418,901.0,1.9626147281199768
2661,GAM,0.418,901.0,1.9626147281199768
506,GAM,0.417,907.0,1.9579194775742352
1394,GAM,0.417,907.0,1.9579194775742352
2490,GAM,0.417,907.0,1.9579194775742352
1544,GAM,0.416,910.0,1.9532242270284936
1686,GAM,0.416,910.0,1.9532242270284936
2333,GAM,0.416,910.0,1.9532242270284936
303,GAM,0.415,913.0,1.948528976482752
743,GAM,0.415,913.0,1.948528976482752
1384,GAM,0.415,913.0,1.948528976482752
1768,GAM,0.415,913.0,1.948528976482752
1846,GAM,0.415,913.0,1.948528976482752
394,GAM,0.414,918.0,1.9438337259370106
2162,GAM,0.414,918.0,1.9438337259370106
2326,GAM,0.414,918.0,1.9438337259370106
2327,GAM,0.414,918.0,1.9438337259370106
216,GAM,0.413,922.0,1.939138475391269
221,GAM,0.413,922.0,1.939138475391269
245,GAM,0.413,922.0,1.939138475391269
719,GAM,0.413,922.0,1.939138475391269
909,GAM,0.413,922.0,1.939138475391269
2735,GAM,0.413,922.0,1.939138475391269
749,GAM,0.412,928.0,1.9344432248455274
1995,GAM,0.412,928.0,1.9344432248455274
43,GAM,0.411,930.0,1.9297479742997858
122,GAM,0.411,930.0,1.9297479742997858
966,GAM,0.411,930.0,1.9297479742997858
1781,GAM,0.411,930.0,1.9297479742997858
111,GAM,0.41,934.0,1.9250527237540442
962,GAM,0.41,934.0,1.9250527237540442
1806,GAM,0.41,934.0,1.9250527237540442
2175,GAM,0.41,934.0,1.9250527237540442
2522,GAM,0.41,934.0,1.9250527237540442
2616,GAM,0.41,934.0,1.9250527237540442
316,GAM,0.409,940.0,1.9203574732083026
786,GAM,0.409,940.0,1.9203574732083026
931,GAM,0.409,940.0,1.9203574732083026
1347,GAM,0.409,940.0,1.9203574732083026
1383,GAM,0.409,940.0,1.9203574732083026
1596,GAM,0.409,940.0,1.9203574732083026
2136,GAM,0.409,940.0,1.9203574732083026
608,GAM,0.408,947.0,1.915662222662561
745,GAM,0.408,947.0,1.915662222662561
905,GAM,0.408,947.0,1.915662222662561
2020,GAM,0.408,947.0,1.915662222662561
2033,GAM,0.408,947.0,1.915662222662561
138,GAM,0.407,952.0,1.9109669721168194
367,GAM,0.407,952.0,1.9109669721168194
805,GAM,0.407,952.0,1.9109669721168194
1258,GAM,0.407,952.0,1.9109669721168194
204,GAM,0.406,956.0,1.9062717215710783
443,GAM,0.406,956.0,1.9062717215710783
1499,GAM,0.406,956.0,1.9062717215710783
1510,GAM,0.406,956.0,1.9062717215710783
1534,GAM,0.406,956.0,1.9062717215710783
342,GAM,0.405,961.0,1.9015764710253367
1380,GAM,0.405,961.0,1.9015764710253367
2617,GAM,0.405,961.0,1.9015764710253367
283,GAM,0.404,964.0,1.896881220479595
835,GAM,0.404,964.0,1.896881220479595
952,GAM,0.404,964.0,1.896881220479595
1682,GAM,0.404,964.0,1.896881220479595
2406,GAM,0.404,964.0,1.896881220479595
314,GAM,0.403,969.0,1.8921859699338535
833,GAM,0.403,969.0,1.8921859699338535
1948,GAM,0.403,969.0,1.8921859699338535
2100,GAM,0.403,969.0,1.8921859699338535
2107,GAM,0.403,969.0,1.8921859699338535
2519,GAM,0.403,969.0,1.8921859699338535
286,GAM,0.402,975.0,1.8874907193881119
1873,GAM,0.402,975.0,1.8874907193881119
32,GAM,0.401,977.0,1.8827954688423703
924,GAM,0.401,977.0,1.8827954688423703
65,GAM,0.4,979.0,1.8781002182966287
257,GAM,0.4,979.0,1.8781002182966287
455,GAM,0.4,979.0,1.8781002182966287
954,GAM,0.4,979.0,1.8781002182966287
1150,GAM,0.4,979.0,1.8781002182966287
2258,GAM,0.4,979.0,1.8781002182966287
1111,GAM,0.399,985.0,1.8734049677508873
1640,GAM,0.399,985.0,1.8734049677508873
250,GAM,0.398,987.0,1.8687097172051457
340,GAM,0.398,987.0,1.8687097172051457
630,GAM,0.398,987.0,1.8687097172051457
1839,GAM,0.398,987.0,1.8687097172051457
2695,GAM,0.398,987.0,1.8687097172051457
224,GAM,0.397,992.0,1.864014466659404
1711,GAM,0.397,992.0,1.864014466659404
1890,GAM,0.397,992.0,1.864014466659404
130,GAM,0.396,995.0,1.8593192161136625
141,GAM,0.396,995.0,1.8593192161136625
418,GAM,0.396,995.0,1.8593192161136625
1207,GAM,0.396,995.0,1.8593192161136625
1708,GAM,0.396,995.0,1.8593192161136625
2381,GAM,0.396,995.0,1.8593192161136625
2506,GAM,0.396,995.0,1.8593192161136625
12,GAM,0.395,1002.0,1.8546239655679209
513,GAM,0.395,1002.0,1.8546239655679209
851,GAM,0.395,1002.0,1.8546239655679209
1199,GAM,0.395,1002.0,1.8546239655679209
1489,GAM,0.395,1002.0,1.8546239655679209
2334,GAM,0.395,1002.0,1.8546239655679209
2386,GAM,0.395,1002.0,1.8546239655679209
2441,GAM,0.395,1002.0,1.8546239655679209
2682,GAM,0.395,1002.0,1.8546239655679209
196,GAM,0.394,1011.0,1.8499287150221793
1875,GAM,0.394,1011.0,1.8499287150221793
16,GAM,0.393,1013.0,1.8452334644764377
935,GAM,0.393,1013.0,1.8452334644764377
1219,GAM,0.393,1013.0,1.8452334644764377
1411,GAM,0.393,1013.0,1.8452334644764377
1554,GAM,0.393,1013.0,1.8452334644764377
1706,GAM,0.393,1013.0,1.8452334644764377
2108,GAM,0.393,1013.0,1.8452334644764377
259,GAM,0.392,1020.0,1.840538213930696
1081,GAM,0.392,1020.0,1.840538213930696
1275,GAM,0.392,1020.0,1.840538213930696
1733,GAM,0.392,1020.0,1.840538213930696
1969,GAM,0.392,1020.0,1.840538213930696
2176,GAM,0.392,1020.0,1.840538213930696
2279,GAM,0.392,1020.0,1.840538213930696
2467,GAM,0.392,1020.0,1.840538213930696
575,GAM,0.391,1028.0,1.8358429633849547
1108,GAM,0.391,1028.0,1.8358429633849547
2131,GAM,0.391,1028.0,1.8358429633849547
2248,GAM,0.391,1028.0,1.8358429633849547
812,GAM,0.39,1032.0,1.831147712839213
822,GAM,0.39,1032.0,1.831147712839213
1422,GAM,0.39,1032.0,1.831147712839213
1451,GAM,0.39,1032.0,1.831147712839213
2205,GAM,0.39,1032.0,1.831147712839213
2242,GAM,0.39,1032.0,1.831147712839213
2269,GAM,0.39,1032.0,1.831147712839213
174,GAM,0.389,1039.0,1.8264524622934715
694,GAM,0.389,1039.0,1.8264524622934715
883,GAM,0.389,1039.0,1.8264524622934715
1802,GAM,0.389,1039.0,1.8264524622934715
1938,GAM,0.389,1039.0,1.8264524622934715
2122,GAM,0.389,1039.0,1.8264524622934715
2546,GAM,0.389,1039.0,1.8264524622934715
2598,GAM,0.389,1039.0,1.8264524622934715
126,GAM,0.388,1047.0,1.8217572117477299
1031,GAM,0.388,1047.0,1.8217572117477299
2354,GAM,0.388,1047.0,1.8217572117477299
2615,GAM,0.388,1047.0,1.8217572117477299
3,GAM,0.387,1051.0,1.8170619612019883
469,GAM,0.387,1051.0,1.8170619612019883
978,GAM,0.387,1051.0,1.8170619612019883
1242,GAM,0.387,1051.0,1.8170619612019883
1337,GAM,0.387,1051.0,1.8170619612019883
2514,GAM,0.387,1051.0,1.8170619612019883
2643,GAM,0.387,1051.0,1.8170619612019883
676,GAM,0.386,1058.0,1.8123667106562467
819,GAM,0.386,1058.0,1.8123667106562467
1658,GAM,0.386,1058.0,1.8123667106562467
1966,GAM,0.386,1058.0,1.8123667106562467
29,GAM,0.385,1062.0,1.807671460110505
668,GAM,0.385,1062.0,1.807671460110505
1974,GAM,0.385,1062.0,1.807671460110505
2119,GAM,0.385,1062.0,1.807671460110505
2435,GAM,0.385,1062.0,1.807671460110505
2447,GAM,0.385,1062.0,1.807671460110505
265,GAM,0.384,1068.0,1.8029762095647635
373,GAM,0.384,1068.0,1.8029762095647635
603,GAM,0.384,1068.0,1.8029762095647635
1443,GAM,0.384,1068.0,1.8029762095647635
1604,GAM,0.384,1068.0,1.8029762095647635
1646,GAM,0.384,1068.0,1.8029762095647635
2464,GAM,0.384,1068.0,1.8029762095647635
296,GAM,0.383,1075.0,1.798280959019022
1328,GAM,0.383,1075.0,1.798280959019022
1417,GAM,0.383,1075.0,1.798280959019022
1643,GAM,0.383,1075.0,1.798280959019022
1989,GAM,0.383,1075.0,1.798280959019022
464,GAM,0.382,1080.0,1.7935857084732805
1898,GAM,0.382,1080.0,1.7935857084732805
2151,GAM,0.382,1080.0,1.7935857084732805
2452,GAM,0.382,1080.0,1.7935857084732805
2532,GAM,0.382,1080.0,1.7935857084732805
2629,GAM,0.382,1080.0,1.7935857084732805
8,GAM,0.381,1086.0,1.7888904579275389
251,GAM,0.381,1086.0,1.7888904579275389
1508,GAM,0.381,1086.0,1.7888904579275389
1541,GAM,0.381,1086.0,1.7888904579275389
1953,GAM,0.381,1086.0,1.7888904579275389
2060,GAM,0.381,1086.0,1.7888904579275389
2561,GAM,0.381,1086.0,1.7888904579275389
1405,GAM,0.38,1093.0,1.7841952073817973
1657,GAM,0.38,1093.0,1.7841952073817973
1683,GAM,0.38,1093.0,1.7841952073817973
1997,GAM,0.38,1093.0,1.7841952073817973
2684,GAM,0.38,1093.0,1.7841952073817973
46,GAM,0.379,1098.0,1.7794999568360557
362,GAM,0.379,1098.0,1.7794999568360557
448,GAM,0.379,1098.0,1.7794999568360557
849,GAM,0.379,1098.0,1.7794999568360557
1685,GAM,0.379,1098.0,1.7794999568360557
1993,GAM,0.379,1098.0,1.7794999568360557
2019,GAM,0.379,1098.0,1.7794999568360557
752,GAM,0.378,1105.0,1.774804706290314
2642,GAM,0.378,1105.0,1.774804706290314
536,GAM,0.377,1107.0,1.7701094557445725
898,GAM,0.377,1107.0,1.7701094557445725
1650,GAM,0.377,1107.0,1.7701094557445725
1695,GAM,0.377,1107.0,1.7701094557445725
2412,GAM,0.377,1107.0,1.7701094557445725
2573,GAM,0.377,1107.0,1.7701094557445725
55,GAM,0.376,1113.0,1.7654142051988309
289,GAM,0.376,1113.0,1.7654142051988309
950,GAM,0.376,1113.0,1.7654142051988309
1039,GAM,0.376,1113.0,1.7654142051988309
1302,GAM,0.376,1113.0,1.7654142051988309
1524,GAM,0.376,1113.0,1.7654142051988309
1796,GAM,0.376,1113.0,1.7654142051988309
2737,GAM,0.376,1113.0,1.7654142051988309
97,GAM,0.375,1121.0,1.7607189546530893
180,GAM,0.375,1121.0,1.7607189546530893
474,GAM,0.375,1121.0,1.7607189546530893
803,GAM,0.375,1121.0,1.7607189546530893
956,GAM,0.375,1121.0,1.7607189546530893
1266,GAM,0.375,1121.0,1.7607189546530893
1511,GAM,0.375,1121.0,1.7607189546530893
1496,GAM,0.374,1128.0,1.7560237041073479
1962,GAM,0.374,1128.0,1.7560237041073479
2582,GAM,0.374,1128.0,1.7560237041073479
99,GAM,0.373,1131.0,1.7513284535616063
1378,GAM,0.373,1131.0,1.7513284535616063
2251,GAM,0.373,1131.0,1.7513284535616063
175,GAM,0.371,1134.0,1.741937952470123
205,GAM,0.371,1134.0,1.741937952470123
530,GAM,0.371,1134.0,1.741937952470123
800,GAM,0.371,1134.0,1.741937952470123
989,GAM,0.371,1134.0,1.741937952470123
1926,GAM,0.371,1134.0,1.741937952470123
1978,GAM,0.371,1134.0,1.741937952470123
2178,GAM,0.371,1134.0,1.741937952470123
2676,GAM,0.371,1134.0,1.741937952470123
2683,GAM,0.371,1134.0,1.741937952470123
400,GAM,0.37,1144.0,1.7372427019243815
889,GAM,0.37,1144.0,1.7372427019243815
1352,GAM,0.37,1144.0,1.7372427019243815
1442,GAM,0.37,1144.0,1.7372427019243815
1803,GAM,0.37,1144.0,1.7372427019243815
2716,GAM,0.37,1144.0,1.7372427019243815
2728,GAM,0.37,1144.0,1.7372427019243815
37,GAM,0.369,1151.0,1.7325474513786399
562,GAM,0.369,1151.0,1.7325474513786399
831,GAM,0.369,1151.0,1.7325474513786399
1609,GAM,0.369,1151.0,1.7325474513786399
2073,GAM,0.369,1151.0,1.7325474513786399
2118,GAM,0.369,1151.0,1.7325474513786399
2439,GAM,0.369,1151.0,1.7325474513786399
164,GAM,0.368,1158.0,1.7278522008328983
574,GAM,0.368,1158.0,1.7278522008328983
890,GAM,0.368,1158.0,1.7278522008328983
1222,GAM,0.368,1158.0,1.7278522008328983
1506,GAM,0.368,1158.0,1.7278522008328983
1691,GAM,0.368,1158.0,1.7278522008328983
2000,GAM,0.368,1158.0,1.7278522008328983
2562,GAM,0.368,1158.0,1.7278522008328983
348,GAM,0.367,1166.0,1.7231569502871567
701,GAM,0.367,1166.0,1.7231569502871567
957,GAM,0.367,1166.0,1.7231569502871567
1085,GAM,0.367,1166.0,1.7231569502871567
1120,GAM,0.367,1166.0,1.7231569502871567
1178,GAM,0.367,1166.0,1.7231569502871567
1942,GAM,0.367,1166.0,1.7231569502871567
2246,GAM,0.367,1166.0,1.7231569502871567
435,GAM,0.366,1174.0,1.7184616997414153
767,GAM,0.366,1174.0,1.7184616997414153
1699,GAM,0.366,1174.0,1.7184616997414153
2338,GAM,0.366,1174.0,1.7184616997414153
173,GAM,0.365,1178.0,1.7137664491956737
219,GAM,0.365,1178.0,1.7137664491956737
597,GAM,0.365,1178.0,1.7137664491956737
1309,GAM,0.365,1178.0,1.7137664491956737
1818,GAM,0.365,1178.0,1.7137664491956737
2156,GAM,0.365,1178.0,1.7137664491956737
2325,GAM,0.365,1178.0,1.7137664491956737
625,GAM,0.364,1185.0,1.709071198649932
1200,GAM,0.364,1185.0,1.709071198649932
973,GAM,0.363,1187.0,1.7043759481041905
1017,GAM,0.363,1187.0,1.7043759481041905
2444,GAM,0.363,1187.0,1.7043759481041905
234,GAM,0.362,1190.0,1.6996806975584489
478,GAM,0.362,1190.0,1.6996806975584489
497,GAM,0.362,1190.0,1.6996806975584489
1214,GAM,0.362,1190.0,1.6996806975584489
2302,GAM,0.362,1190.0,1.6996806975584489
2315,GAM,0.362,1190.0,1.6996806975584489
2759,GAM,0.362,1190.0,1.6996806975584489
445,GAM,0.361,1197.0,1.6949854470127073
768,GAM,0.361,1197.0,1.6949854470127073
1254,GAM,0.361,1197.0,1.6949854470127073
1986,GAM,0.361,1197.0,1.6949854470127073
2316,GAM,0.361,1197.0,1.6949854470127073
23,GAM,0.36,1202.0,1.6902901964669657
330,GAM,0.36,1202.0,1.6902901964669657
616,GAM,0.36,1202.0,1.6902901964669657
689,GAM,0.36,1202.0,1.6902901964669657
705,GAM,0.36,1202.0,1.6902901964669657
862,GAM,0.36,1202.0,1.6902901964669657
892,GAM,0.36,1202.0,1.6902901964669657
1153,GAM,0.36,1202.0,1.6902901964669657
1959,GAM,0.36,1202.0,1.6902901964669657
26,GAM,0.359,1211.0,1.685594945921224
61,GAM,0.359,1211.0,1.685594945921224
628,GAM,0.359,1211.0,1.685594945921224
886,GAM,0.359,1211.0,1.685594945921224
1069,GAM,0.359,1211.0,1.685594945921224
2321,GAM,0.359,1211.0,1.685594945921224
2639,GAM,0.359,1211.0,1.685594945921224
502,GAM,0.358,1218.0,1.6808996953754827
1577,GAM,0.358,1218.0,1.6808996953754827
2489,GAM,0.358,1218.0,1.6808996953754827
2727,GAM,0.358,1218.0,1.6808996953754827
169,GAM,0.357,1222.0,1.676204444829741
364,GAM,0.357,1222.0,1.676204444829741
691,GAM,0.357,1222.0,1.676204444829741
1267,GAM,0.357,1222.0,1.676204444829741
1407,GAM,0.357,1222.0,1.676204444829741
1705,GAM,0.357,1222.0,1.676204444829741
2524,GAM,0.357,1222.0,1.676204444829741
855,GAM,0.356,1229.0,1.6715091942839995
1546,GAM,0.356,1229.0,1.6715091942839995
2104,GAM,0.356,1229.0,1.6715091942839995
171,GAM,0.355,1232.0,1.6668139437382579
253,GAM,0.355,1232.0,1.6668139437382579
258,GAM,0.355,1232.0,1.6668139437382579
722,GAM,0.355,1232.0,1.6668139437382579
853,GAM,0.355,1232.0,1.6668139437382579
895,GAM,0.355,1232.0,1.6668139437382579
911,GAM,0.355,1232.0,1.6668139437382579
1535,GAM,0.355,1232.0,1.6668139437382579
186,GAM,0.354,1240.0,1.6621186931925163
1137,GAM,0.354,1240.0,1.6621186931925163
1579,GAM,0.354,1240.0,1.6621186931925163
1949,GAM,0.354,1240.0,1.6621186931925163
2025,GAM,0.354,1240.0,1.6621186931925163
2457,GAM,0.354,1240.0,1.6621186931925163
2751,GAM,0.354,1240.0,1.6621186931925163
407,GAM,0.353,1247.0,1.6574234426467747
807,GAM,0.353,1247.0,1.6574234426467747
1415,GAM,0.353,1247.0,1.6574234426467747
2135,GAM,0.353,1247.0,1.6574234426467747
2278,GAM,0.353,1247.0,1.6574234426467747
2697,GAM,0.353,1247.0,1.6574234426467747
2752,GAM,0.353,1247.0,1.6574234426467747
333,GAM,0.352,1254.0,1.652728192101033
690,GAM,0.352,1254.0,1.652728192101033
728,GAM,0.352,1254.0,1.652728192101033
872,GAM,0.352,1254.0,1.652728192101033
986,GAM,0.352,1254.0,1.652728192101033
1211,GAM,0.352,1254.0,1.652728192101033
1240,GAM,0.352,1254.0,1.652728192101033
2021,GAM,0.352,1254.0,1.652728192101033
2282,GAM,0.352,1254.0,1.652728192101033
235,GAM,0.351,1263.0,1.6480329415552915
357,GAM,0.351,1263.0,1.6480329415552915
360,GAM,0.351,1263.0,1.6480329415552915
396,GAM,0.351,1263.0,1.6480329415552915
441,GAM,0.351,1263.0,1.6480329415552915
458,GAM,0.351,1263.0,1.6480329415552915
582,GAM,0.351,1263.0,1.6480329415552915
1900,GAM,0.351,1263.0,1.6480329415552915
2217,GAM,0.351,1263.0,1.6480329415552915
2222,GAM,0.351,1263.0,1.6480329415552915
2291,GAM,0.351,1263.0,1.6480329415552915
2597,GAM,0.351,1263.0,1.6480329415552915
350,GAM,0.35,1275.0,1.64333769100955
413,GAM,0.35,1275.0,1.64333769100955
415,GAM,0.35,1275.0,1.64333769100955
482,GAM,0.35,1275.0,1.64333769100955
976,GAM,0.35,1275.0,1.64333769100955
1115,GAM,0.35,1275.0,1.64333769100955
1316,GAM,0.35,1275.0,1.64333769100955
1739,GAM,0.35,1275.0,1.64333769100955
2628,GAM,0.35,1275.0,1.64333769100955
2771,GAM,0.35,1275.0,1.64333769100955
365,GAM,0.349,1285.0,1.6386424404638085
483,GAM,0.349,1285.0,1.6386424404638085
490,GAM,0.349,1285.0,1.6386424404638085
666,GAM,0.349,1285.0,1.6386424404638085
766,GAM,0.349,1285.0,1.6386424404638085
1032,GAM,0.349,1285.0,1.6386424404638085
2488,GAM,0.349,1285.0,1.6386424404638085
2621,GAM,0.349,1285.0,1.6386424404638085
4,GAM,0.348,1293.0,1.6339471899180669
1155,GAM,0.348,1293.0,1.6339471899180669
1268,GAM,0.348,1293.0,1.6339471899180669
1673,GAM,0.348,1293.0,1.6339471899180669
1710,GAM,0.348,1293.0,1.6339471899180669
2003,GAM,0.348,1293.0,1.6339471899180669
2262,GAM,0.348,1293.0,1.6339471899180669
2375,GAM,0.348,1293.0,1.6339471899180669
91,GAM,0.347,1301.0,1.6292519393723253
755,GAM,0.347,1301.0,1.6292519393723253
1112,GAM,0.347,1301.0,1.6292519393723253
1218,GAM,0.347,1301.0,1.6292519393723253
1575,GAM,0.347,1301.0,1.6292519393723253
1629,GAM,0.347,1301.0,1.6292519393723253
1809,GAM,0.347,1301.0,1.6292519393723253
2371,GAM,0.347,1301.0,1.6292519393723253
2471,GAM,0.347,1301.0,1.6292519393723253
9,GAM,0.346,1310.0,1.6245566888265837
157,GAM,0.346,1310.0,1.6245566888265837
195,GAM,0.346,1310.0,1.6245566888265837
450,GAM,0.346,1310.0,1.6245566888265837
573,GAM,0.346,1310.0,1.6245566888265837
703,GAM,0.346,1310.0,1.6245566888265837
713,GAM,0.346,1310.0,1.6245566888265837
1537,GAM,0.346,1310.0,1.6245566888265837
1895,GAM,0.346,1310.0,1.6245566888265837
2201,GAM,0.346,1310.0,1.6245566888265837
2766,GAM,0.346,1310.0,1.6245566888265837
759,GAM,0.345,1321.0,1.619861438280842
1323,GAM,0.345,1321.0,1.619861438280842
1725,GAM,0.345,1321.0,1.619861438280842
1751,GAM,0.345,1321.0,1.619861438280842
2066,GAM,0.345,1321.0,1.619861438280842
2172,GAM,0.345,1321.0,1.619861438280842
2415,GAM,0.345,1321.0,1.619861438280842
2528,GAM,0.345,1321.0,1.619861438280842
580,GAM,0.344,1329.0,1.6151661877351005
782,GAM,0.344,1329.0,1.6151661877351005
1952,GAM,0.344,1329.0,1.6151661877351005
2367,GAM,0.344,1329.0,1.6151661877351005
2590,GAM,0.344,1329.0,1.6151661877351005
2638,GAM,0.344,1329.0,1.6151661877351005
31,GAM,0.343,1335.0,1.6104709371893593
711,GAM,0.343,1335.0,1.6104709371893593
827,GAM,0.343,1335.0,1.6104709371893593
1149,GAM,0.343,1335.0,1.6104709371893593
1894,GAM,0.343,1335.0,1.6104709371893593
2760,GAM,0.343,1335.0,1.6104709371893593
352,GAM,0.342,1341.0,1.6057756866436177
1414,GAM,0.342,1341.0,1.6057756866436177
1521,GAM,0.342,1341.0,1.6057756866436177
1591,GAM,0.342,1341.0,1.6057756866436177
2039,GAM,0.342,1341.0,1.6057756866436177
2636,GAM,0.342,1341.0,1.6057756866436177
2750,GAM,0.342,1341.0,1.6057756866436177
422,GAM,0.341,1348.0,1.601080436097876
622,GAM,0.341,1348.0,1.601080436097876
943,GAM,0.341,1348.0,1.601080436097876
2065,GAM,0.341,1348.0,1.601080436097876
2148,GAM,0.341,1348.0,1.601080436097876
2173,GAM,0.341,1348.0,1.601080436097876
2420,GAM,0.341,1348.0,1.601080436097876
2773,GAM,0.341,1348.0,1.601080436097876
237,GAM,0.34,1356.0,1.5963851855521345
709,GAM,0.34,1356.0,1.5963851855521345
1179,GAM,0.34,1356.0,1.5963851855521345
1229,GAM,0.34,1356.0,1.5963851855521345
1458,GAM,0.34,1356.0,1.5963851855521345
1562,GAM,0.34,1356.0,1.5963851855521345
1904,GAM,0.34,1356.0,1.5963851855521345
2031,GAM,0.34,1356.0,1.5963851855521345
2640,GAM,0.34,1356.0,1.5963851855521345
545,GAM,0.339,1365.0,1.5916899350063929
1563,GAM,0.339,1365.0,1.5916899350063929
2153,GAM,0.339,1365.0,1.5916899350063929
2526,GAM,0.339,1365.0,1.5916899350063929
2575,GAM,0.339,1365.0,1.5916899350063929
308,GAM,0.338,1370.0,1.5869946844606513
633,GAM,0.338,1370.0,1.5869946844606513
809,GAM,0.338,1370.0,1.5869946844606513
994,GAM,0.338,1370.0,1.5869946844606513
1388,GAM,0.338,1370.0,1.5869946844606513
1570,GAM,0.338,1370.0,1.5869946844606513
2137,GAM,0.338,1370.0,1.5869946844606513
2245,GAM,0.338,1370.0,1.5869946844606513
2650,GAM,0.338,1370.0,1.5869946844606513
115,GAM,0.337,1379.0,1.5822994339149097
372,GAM,0.337,1379.0,1.5822994339149097
514,GAM,0.337,1379.0,1.5822994339149097
1124,GAM,0.337,1379.0,1.5822994339149097
1440,GAM,0.337,1379.0,1.5822994339149097
1545,GAM,0.337,1379.0,1.5822994339149097
1569,GAM,0.337,1379.0,1.5822994339149097
1982,GAM,0.337,1379.0,1.5822994339149097
2216,GAM,0.337,1379.0,1.5822994339149097
2231,GAM,0.337,1379.0,1.5822994339149097
2241,GAM,0.337,1379.0,1.5822994339149097
41,GAM,0.336,1390.0,1.577604183369168
471,GAM,0.336,1390.0,1.577604183369168
671,GAM,0.336,1390.0,1.577604183369168
1353,GAM,0.336,1390.0,1.577604183369168
1834,GAM,0.336,1390.0,1.577604183369168
1955,GAM,0.336,1390.0,1.577604183369168
2105,GAM,0.336,1390.0,1.577604183369168
2233,GAM,0.336,1390.0,1.577604183369168
2554,GAM,0.336,1390.0,1.577604183369168
248,GAM,0.335,1399.0,1.5729089328234267
704,GAM,0.335,1399.0,1.5729089328234267
1055,GAM,0.335,1399.0,1.5729089328234267
1215,GAM,0.335,1399.0,1.5729089328234267
1317,GAM,0.335,1399.0,1.5729089328234267
1937,GAM,0.335,1399.0,1.5729089328234267
433,GAM,0.334,1405.0,1.568213682277685
646,GAM,0.334,1405.0,1.568213682277685
869,GAM,0.334,1405.0,1.568213682277685
1067,GAM,0.334,1405.0,1.568213682277685
1273,GAM,0.334,1405.0,1.568213682277685
1342,GAM,0.334,1405.0,1.568213682277685
1981,GAM,0.334,1405.0,1.568213682277685
2293,GAM,0.334,1405.0,1.568213682277685
2306,GAM,0.334,1405.0,1.568213682277685
2657,GAM,0.334,1405.0,1.568213682277685
675,GAM,0.333,1415.0,1.5635184317319435
897,GAM,0.333,1415.0,1.5635184317319435
1261,GAM,0.333,1415.0,1.5635184317319435
1389,GAM,0.333,1415.0,1.5635184317319435
1876,GAM,0.333,1415.0,1.5635184317319435
2181,GAM,0.333,1415.0,1.5635184317319435
2264,GAM,0.333,1415.0,1.5635184317319435
2462,GAM,0.333,1415.0,1.5635184317319435
2658,GAM,0.333,1415.0,1.5635184317319435
18,GAM,0.332,1424.0,1.558823181186202
145,GAM,0.332,1424.0,1.558823181186202
161,GAM,0.332,1424.0,1.558823181186202
225,GAM,0.332,1424.0,1.558823181186202
432,GAM,0.332,1424.0,1.558823181186202
867,GAM,0.332,1424.0,1.558823181186202
1246,GAM,0.332,1424.0,1.558823181186202
1659,GAM,0.332,1424.0,1.558823181186202
1950,GAM,0.332,1424.0,1.558823181186202
1973,GAM,0.332,1424.0,1.558823181186202
2247,GAM,0.332,1424.0,1.558823181186202
2276,GAM,0.332,1424.0,1.558823181186202
2348,GAM,0.332,1424.0,1.558823181186202
95,GAM,0.331,1437.0,1.5541279306404603
208,GAM,0.331,1437.0,1.5541279306404603
565,GAM,0.331,1437.0,1.5541279306404603
598,GAM,0.331,1437.0,1.5541279306404603
613,GAM,0.331,1437.0,1.5541279306404603
1574,GAM,0.331,1437.0,1.5541279306404603
1939,GAM,0.331,1437.0,1.5541279306404603
2014,GAM,0.331,1437.0,1.5541279306404603
2755,GAM,0.331,1437.0,1.5541279306404603
2767,GAM,0.331,1437.0,1.5541279306404603
609,GAM,0.33,1447.0,1.5494326800947187
1297,GAM,0.33,1447.0,1.5494326800947187
2042,GAM,0.33,1447.0,1.5494326800947187
2237,GAM,0.33,1447.0,1.5494326800947187
2403,GAM,0.33,1447.0,1.5494326800947187
1341,GAM,0.329,1452.0,1.544737429548977
2185,GAM,0.329,1452.0,1.544737429548977
2374,GAM,0.329,1452.0,1.544737429548977
2613,GAM,0.329,1452.0,1.544737429548977
184,GAM,0.328,1456.0,1.5400421790032355
605,GAM,0.328,1456.0,1.5400421790032355
640,GAM,0.328,1456.0,1.5400421790032355
682,GAM,0.328,1456.0,1.5400421790032355
1290,GAM,0.328,1456.0,1.5400421790032355
1956,GAM,0.328,1456.0,1.5400421790032355
2102,GAM,0.328,1456.0,1.5400421790032355
2530,GAM,0.328,1456.0,1.5400421790032355
66,GAM,0.327,1464.0,1.5353469284574939
133,GAM,0.327,1464.0,1.5353469284574939
236,GAM,0.327,1464.0,1.5353469284574939
426,GAM,0.327,1464.0,1.5353469284574939
684,GAM,0.327,1464.0,1.5353469284574939
718,GAM,0.327,1464.0,1.5353469284574939
1078,GAM,0.327,1464.0,1.5353469284574939
1528,GAM,0.327,1464.0,1.5353469284574939
1704,GAM,0.327,1464.0,1.5353469284574939
1907,GAM,0.327,1464.0,1.5353469284574939
2218,GAM,0.327,1464.0,1.5353469284574939
2458,GAM,0.327,1464.0,1.5353469284574939
568,GAM,0.326,1476.0,1.5306516779117525
1175,GAM,0.326,1476.0,1.5306516779117525
2093,GAM,0.326,1476.0,1.5306516779117525
2296,GAM,0.326,1476.0,1.5306516779117525
2756,GAM,0.326,1476.0,1.5306516779117525
162,GAM,0.325,1481.0,1.525956427366011
857,GAM,0.325,1481.0,1.525956427366011
1782,GAM,0.325,1481.0,1.525956427366011
2364,GAM,0.325,1481.0,1.525956427366011
2491,GAM,0.325,1481.0,1.525956427366011
2527,GAM,0.325,1481.0,1.525956427366011
2698,GAM,0.325,1481.0,1.525956427366011
2701,GAM,0.325,1481.0,1.525956427366011
87,GAM,0.324,1489.0,1.5212611768202693
279,GAM,0.324,1489.0,1.5212611768202693
416,GAM,0.324,1489.0,1.5212611768202693
549,GAM,0.324,1489.0,1.5212611768202693
583,GAM,0.324,1489.0,1.5212611768202693
783,GAM,0.324,1489.0,1.5212611768202693
787,GAM,0.324,1489.0,1.5212611768202693
906,GAM,0.324,1489.0,1.5212611768202693
1333,GAM,0.324,1489.0,1.5212611768202693
1491,GAM,0.324,1489.0,1.5212611768202693
1582,GAM,0.324,1489.0,1.5212611768202693
1621,GAM,0.324,1489.0,1.5212611768202693
1829,GAM,0.324,1489.0,1.5212611768202693
1854,GAM,0.324,1489.0,1.5212611768202693
2346,GAM,0.324,1489.0,1.5212611768202693
272,GAM,0.323,1504.0,1.5165659262745277
337,GAM,0.323,1504.0,1.5165659262745277
1082,GAM,0.323,1504.0,1.5165659262745277
2082,GAM,0.323,1504.0,1.5165659262745277
2301,GAM,0.323,1504.0,1.5165659262745277
2312,GAM,0.323,1504.0,1.5165659262745277
2426,GAM,0.323,1504.0,1.5165659262745277
2591,GAM,0.323,1504.0,1.5165659262745277
2601,GAM,0.323,1504.0,1.5165659262745277
102,GAM,0.322,1513.0,1.511870675728786
686,GAM,0.322,1513.0,1.511870675728786
712,GAM,0.322,1513.0,1.511870675728786
1047,GAM,0.322,1513.0,1.511870675728786
1188,GAM,0.322,1513.0,1.511870675728786
1359,GAM,0.322,1513.0,1.511870675728786
1456,GAM,0.322,1513.0,1.511870675728786
2098,GAM,0.322,1513.0,1.511870675728786
2715,GAM,0.322,1513.0,1.511870675728786
98,GAM,0.321,1522.0,1.5071754251830445
615,GAM,0.321,1522.0,1.5071754251830445
1113,GAM,0.321,1522.0,1.5071754251830445
1340,GAM,0.321,1522.0,1.5071754251830445
1581,GAM,0.321,1522.0,1.5071754251830445
1736,GAM,0.321,1522.0,1.5071754251830445
1971,GAM,0.321,1522.0,1.5071754251830445
2623,GAM,0.321,1522.0,1.5071754251830445
473,GAM,0.32,1530.0,1.5024801746373029
1182,GAM,0.32,1530.0,1.5024801746373029
1241,GAM,0.32,1530.0,1.5024801746373029
1393,GAM,0.32,1530.0,1.5024801746373029
1433,GAM,0.32,1530.0,1.5024801746373029
2169,GAM,0.32,1530.0,1.5024801746373029
2473,GAM,0.32,1530.0,1.5024801746373029
2769,GAM,0.32,1530.0,1.5024801746373029
612,GAM,0.319,1538.0,1.4977849240915613
738,GAM,0.319,1538.0,1.4977849240915613
832,GAM,0.319,1538.0,1.4977849240915613
1157,GAM,0.319,1538.0,1.4977849240915613
1860,GAM,0.319,1538.0,1.4977849240915613
2243,GAM,0.319,1538.0,1.4977849240915613
345,GAM,0.318,1544.0,1.49308967354582
611,GAM,0.318,1544.0,1.49308967354582
667,GAM,0.318,1544.0,1.49308967354582
725,GAM,0.318,1544.0,1.49308967354582
1367,GAM,0.318,1544.0,1.49308967354582
1665,GAM,0.318,1544.0,1.49308967354582
1719,GAM,0.318,1544.0,1.49308967354582
1843,GAM,0.318,1544.0,1.49308967354582
2068,GAM,0.318,1544.0,1.49308967354582
2674,GAM,0.318,1544.0,1.49308967354582
299,GAM,0.317,1554.0,1.4883944230000783
349,GAM,0.317,1554.0,1.4883944230000783
481,GAM,0.317,1554.0,1.4883944230000783
521,GAM,0.317,1554.0,1.4883944230000783
564,GAM,0.317,1554.0,1.4883944230000783
1141,GAM,0.317,1554.0,1.4883944230000783
1231,GAM,0.317,1554.0,1.4883944230000783
1618,GAM,0.317,1554.0,1.4883944230000783
1721,GAM,0.317,1554.0,1.4883944230000783
1753,GAM,0.317,1554.0,1.4883944230000783
1965,GAM,0.317,1554.0,1.4883944230000783
2081,GAM,0.317,1554.0,1.4883944230000783
2286,GAM,0.317,1554.0,1.4883944230000783
2405,GAM,0.317,1554.0,1.4883944230000783
2461,GAM,0.317,1554.0,1.4883944230000783
2479,GAM,0.317,1554.0,1.4883944230000783
2570,GAM,0.317,1554.0,1.4883944230000783
2580,GAM,0.317,1554.0,1.4883944230000783
795,GAM,0.316,1572.0,1.4836991724543367
1486,GAM,0.316,1572.0,1.4836991724543367
1620,GAM,0.316,1572.0,1.4836991724543367
2254,GAM,0.316,1572.0,1.4836991724543367
2361,GAM,0.316,1572.0,1.4836991724543367
2637,GAM,0.316,1572.0,1.4836991724543367
80,GAM,0.315,1578.0,1.479003921908595
147,GAM,0.315,1578.0,1.479003921908595
263,GAM,0.315,1578.0,1.479003921908595
629,GAM,0.315,1578.0,1.479003921908595
893,GAM,0.315,1578.0,1.479003921908595
1531,GAM,0.315,1578.0,1.479003921908595
1840,GAM,0.315,1578.0,1.479003921908595
2337,GAM,0.315,1578.0,1.479003921908595
2409,GAM,0.315,1578.0,1.479003921908595
2445,GAM,0.315,1578.0,1.479003921908595
2523,GAM,0.315,1578.0,1.479003921908595
2646,GAM,0.315,1578.0,1.479003921908595
2702,GAM,0.315,1578.0,1.479003921908595
451,GAM,0.314,1591.0,1.4743086713628535
707,GAM,0.314,1591.0,1.4743086713628535
1154,GAM,0.314,1591.0,1.4743086713628535
1635,GAM,0.314,1591.0,1.4743086713628535
1773,GAM,0.314,1591.0,1.4743086713628535
1897,GAM,0.314,1591.0,1.4743086713628535
1946,GAM,0.314,1591.0,1.4743086713628535
1998,GAM,0.314,1591.0,1.4743086713628535
2614,GAM,0.314,1591.0,1.4743086713628535
172,GAM,0.313,1600.0,1.4696134208171119
503,GAM,0.313,1600.0,1.4696134208171119
540,GAM,0.313,1600.0,1.4696134208171119
541,GAM,0.313,1600.0,1.4696134208171119
799,GAM,0.313,1600.0,1.4696134208171119
846,GAM,0.313,1600.0,1.4696134208171119
871,GAM,0.313,1600.0,1.4696134208171119
1101,GAM,0.313,1600.0,1.4696134208171119
1152,GAM,0.313,1600.0,1.4696134208171119
1260,GAM,0.313,1600.0,1.4696134208171119
1441,GAM,0.313,1600.0,1.4696134208171119
2115,GAM,0.313,1600.0,1.4696134208171119
2240,GAM,0.313,1600.0,1.4696134208171119
2611,GAM,0.313,1600.0,1.4696134208171119
2655,GAM,0.313,1600.0,1.4696134208171119
2718,GAM,0.313,1600.0,1.4696134208171119
311,GAM,0.312,1616.0,1.4649181702713703
512,GAM,0.312,1616.0,1.4649181702713703
585,GAM,0.312,1616.0,1.4649181702713703
820,GAM,0.312,1616.0,1.4649181702713703
1127,GAM,0.312,1616.0,1.4649181702713703
1330,GAM,0.312,1616.0,1.4649181702713703
1455,GAM,0.312,1616.0,1.4649181702713703
1720,GAM,0.312,1616.0,1.4649181702713703
1835,GAM,0.312,1616.0,1.4649181702713703
1934,GAM,0.312,1616.0,1.4649181702713703
2595,GAM,0.312,1616.0,1.4649181702713703
202,GAM,0.311,1627.0,1.4602229197256287
213,GAM,0.311,1627.0,1.4602229197256287
319,GAM,0.311,1627.0,1.4602229197256287
390,GAM,0.311,1627.0,1.4602229197256287
1056,GAM,0.311,1627.0,1.4602229197256287
1079,GAM,0.311,1627.0,1.4602229197256287
1164,GAM,0.311,1627.0,1.4602229197256287
1375,GAM,0.311,1627.0,1.4602229197256287
1483,GAM,0.311,1627.0,1.4602229197256287
2285,GAM,0.311,1627.0,1.4602229197256287
1130,GAM,0.31,1637.0,1.4555276691798873
1761,GAM,0.31,1637.0,1.4555276691798873
2127,GAM,0.31,1637.0,1.4555276691798873
2355,GAM,0.31,1637.0,1.4555276691798873
40,GAM,0.309,1641.0,1.4508324186341457
89,GAM,0.309,1641.0,1.4508324186341457
368,GAM,0.309,1641.0,1.4508324186341457
747,GAM,0.309,1641.0,1.4508324186341457
792,GAM,0.309,1641.0,1.4508324186341457
1430,GAM,0.309,1641.0,1.4508324186341457
1564,GAM,0.309,1641.0,1.4508324186341457
1599,GAM,0.309,1641.0,1.4508324186341457
1964,GAM,0.309,1641.0,1.4508324186341457
2087,GAM,0.309,1641.0,1.4508324186341457
2141,GAM,0.309,1641.0,1.4508324186341457
2485,GAM,0.309,1641.0,1.4508324186341457
2512,GAM,0.309,1641.0,1.4508324186341457
63,GAM,0.308,1654.0,1.446137168088404
201,GAM,0.308,1654.0,1.446137168088404
419,GAM,0.308,1654.0,1.446137168088404
1447,GAM,0.308,1654.0,1.446137168088404
1666,GAM,0.308,1654.0,1.446137168088404
1747,GAM,0.308,1654.0,1.446137168088404
1944,GAM,0.308,1654.0,1.446137168088404
2016,GAM,0.308,1654.0,1.446137168088404
2032,GAM,0.308,1654.0,1.446137168088404
2043,GAM,0.308,1654.0,1.446137168088404
2649,GAM,0.308,1654.0,1.446137168088404
388,GAM,0.307,1665.0,1.4414419175426625
493,GAM,0.307,1665.0,1.4414419175426625
590,GAM,0.307,1665.0,1.4414419175426625
594,GAM,0.307,1665.0,1.4414419175426625
971,GAM,0.307,1665.0,1.4414419175426625
1094,GAM,0.307,1665.0,1.4414419175426625
1110,GAM,0.307,1665.0,1.4414419175426625
1274,GAM,0.307,1665.0,1.4414419175426625
1283,GAM,0.307,1665.0,1.4414419175426625
1631,GAM,0.307,1665.0,1.4414419175426625
1787,GAM,0.307,1665.0,1.4414419175426625
2059,GAM,0.307,1665.0,1.4414419175426625
58,GAM,0.306,1677.0,1.4367466669969209
203,GAM,0.306,1677.0,1.4367466669969209
526,GAM,0.306,1677.0,1.4367466669969209
1052,GAM,0.306,1677.0,1.4367466669969209
1490,GAM,0.306,1677.0,1.4367466669969209
1556,GAM,0.306,1677.0,1.4367466669969209
1763,GAM,0.306,1677.0,1.4367466669969209
1766,GAM,0.306,1677.0,1.4367466669969209
2008,GAM,0.306,1677.0,1.4367466669969209
2147,GAM,0.306,1677.0,1.4367466669969209
2670,GAM,0.306,1677.0,1.4367466669969209
2699,GAM,0.306,1677.0,1.4367466669969209
784,GAM,0.305,1689.0,1.4320514164511793
1128,GAM,0.305,1689.0,1.4320514164511793
1334,GAM,0.305,1689.0,1.4320514164511793
2056,GAM,0.305,1689.0,1.4320514164511793
2186,GAM,0.305,1689.0,1.4320514164511793
2778,GAM,0.305,1689.0,1.4320514164511793
1097,GAM,0.304,1695.0,1.4273561659054377
1313,GAM,0.304,1695.0,1.4273561659054377
1494,GAM,0.304,1695.0,1.4273561659054377
1701,GAM,0.304,1695.0,1.4273561659054377
14,GAM,0.303,1699.0,1.422660915359696
246,GAM,0.303,1699.0,1.422660915359696
363,GAM,0.303,1699.0,1.422660915359696
525,GAM,0.303,1699.0,1.422660915359696
698,GAM,0.303,1699.0,1.422660915359696
870,GAM,0.303,1699.0,1.422660915359696
990,GAM,0.303,1699.0,1.422660915359696
1181,GAM,0.303,1699.0,1.422660915359696
1586,GAM,0.303,1699.0,1.422660915359696
1696,GAM,0.303,1699.0,1.422660915359696
2206,GAM,0.303,1699.0,1.422660915359696
2256,GAM,0.303,1699.0,1.422660915359696
2692,GAM,0.303,1699.0,1.422660915359696
2713,GAM,0.303,1699.0,1.422660915359696
824,GAM,0.302,1713.0,1.4179656648139547
1634,GAM,0.302,1713.0,1.4179656648139547
1738,GAM,0.302,1713.0,1.4179656648139547
1744,GAM,0.302,1713.0,1.4179656648139547
1797,GAM,0.302,1713.0,1.4179656648139547
1864,GAM,0.302,1713.0,1.4179656648139547
2335,GAM,0.302,1713.0,1.4179656648139547
2553,GAM,0.302,1713.0,1.4179656648139547
179,GAM,0.301,1721.0,1.413270414268213
347,GAM,0.301,1721.0,1.413270414268213
374,GAM,0.301,1721.0,1.413270414268213
589,GAM,0.301,1721.0,1.413270414268213
963,GAM,0.301,1721.0,1.413270414268213
1186,GAM,0.301,1721.0,1.413270414268213
1257,GAM,0.301,1721.0,1.413270414268213
1612,GAM,0.301,1721.0,1.413270414268213
1985,GAM,0.301,1721.0,1.413270414268213
2070,GAM,0.301,1721.0,1.413270414268213
2228,GAM,0.301,1721.0,1.413270414268213
354,GAM,0.3,1732.0,1.4085751637224715
2049,GAM,0.3,1732.0,1.4085751637224715
543,GAM,0.299,1734.0,1.4038799131767299
717,GAM,0.299,1734.0,1.4038799131767299
813,GAM,0.299,1734.0,1.4038799131767299
1280,GAM,0.299,1734.0,1.4038799131767299
1613,GAM,0.299,1734.0,1.4038799131767299
2006,GAM,0.299,1734.0,1.4038799131767299
226,GAM,0.298,1740.0,1.3991846626309883
531,GAM,0.298,1740.0,1.3991846626309883
1148,GAM,0.298,1740.0,1.3991846626309883
1308,GAM,0.298,1740.0,1.3991846626309883
2268,GAM,0.298,1740.0,1.3991846626309883
492,GAM,0.297,1745.0,1.3944894120852467
1131,GAM,0.297,1745.0,1.3944894120852467
1210,GAM,0.297,1745.0,1.3944894120852467
1977,GAM,0.297,1745.0,1.3944894120852467
142,GAM,0.296,1749.0,1.389794161539505
563,GAM,0.296,1749.0,1.389794161539505
829,GAM,0.296,1749.0,1.389794161539505
1519,GAM,0.296,1749.0,1.389794161539505
2235,GAM,0.296,1749.0,1.389794161539505
980,GAM,0.295,1754.0,1.3850989109937635
1068,GAM,0.295,1754.0,1.3850989109937635
1896,GAM,0.295,1754.0,1.3850989109937635
1976,GAM,0.295,1754.0,1.3850989109937635
2289,GAM,0.295,1754.0,1.3850989109937635
2678,GAM,0.295,1754.0,1.3850989109937635
124,GAM,0.294,1760.0,1.3804036604480219
1051,GAM,0.294,1760.0,1.3804036604480219
1053,GAM,0.294,1760.0,1.3804036604480219
1143,GAM,0.294,1760.0,1.3804036604480219
2069,GAM,0.294,1760.0,1.3804036604480219
2539,GAM,0.294,1760.0,1.3804036604480219
2569,GAM,0.294,1760.0,1.3804036604480219
56,GAM,0.293,1767.0,1.3757084099022805
423,GAM,0.293,1767.0,1.3757084099022805
466,GAM,0.293,1767.0,1.3757084099022805
610,GAM,0.293,1767.0,1.3757084099022805
756,GAM,0.293,1767.0,1.3757084099022805
1014,GAM,0.293,1767.0,1.3757084099022805
1561,GAM,0.293,1767.0,1.3757084099022805
2168,GAM,0.293,1767.0,1.3757084099022805
2171,GAM,0.293,1767.0,1.3757084099022805
62,GAM,0.292,1776.0,1.371013159356539
560,GAM,0.292,1776.0,1.371013159356539
1193,GAM,0.292,1776.0,1.371013159356539
1425,GAM,0.292,1776.0,1.371013159356539
2307,GAM,0.292,1776.0,1.371013159356539
2700,GAM,0.292,1776.0,1.371013159356539
532,GAM,0.291,1782.0,1.3663179088107973
639,GAM,0.291,1782.0,1.3663179088107973
670,GAM,0.291,1782.0,1.3663179088107973
730,GAM,0.291,1782.0,1.3663179088107973
762,GAM,0.291,1782.0,1.3663179088107973
945,GAM,0.291,1782.0,1.3663179088107973
1005,GAM,0.291,1782.0,1.3663179088107973
1089,GAM,0.291,1782.0,1.3663179088107973
1208,GAM,0.291,1782.0,1.3663179088107973
1547,GAM,0.291,1782.0,1.3663179088107973
1722,GAM,0.291,1782.0,1.3663179088107973
1881,GAM,0.291,1782.0,1.3663179088107973
1967,GAM,0.291,1782.0,1.3663179088107973
1990,GAM,0.291,1782.0,1.3663179088107973
2007,GAM,0.291,1782.0,1.3663179088107973
2101,GAM,0.291,1782.0,1.3663179088107973
2182,GAM,0.291,1782.0,1.3663179088107973
2396,GAM,0.291,1782.0,1.3663179088107973
71,GAM,0.29,1800.0,1.3616226582650557
508,GAM,0.29,1800.0,1.3616226582650557
1374,GAM,0.29,1800.0,1.3616226582650557
1478,GAM,0.29,1800.0,1.3616226582650557
1542,GAM,0.29,1800.0,1.3616226582650557
1548,GAM,0.29,1800.0,1.3616226582650557
1571,GAM,0.29,1800.0,1.3616226582650557
1866,GAM,0.29,1800.0,1.3616226582650557
2095,GAM,0.29,1800.0,1.3616226582650557
2365,GAM,0.29,1800.0,1.3616226582650557
2459,GAM,0.29,1800.0,1.3616226582650557
2709,GAM,0.29,1800.0,1.3616226582650557
78,GAM,0.289,1812.0,1.356927407719314
1201,GAM,0.289,1812.0,1.356927407719314
1567,GAM,0.289,1812.0,1.356927407719314
1615,GAM,0.289,1812.0,1.356927407719314
1616,GAM,0.289,1812.0,1.356927407719314
1698,GAM,0.289,1812.0,1.356927407719314
1759,GAM,0.289,1812.0,1.356927407719314
2398,GAM,0.289,1812.0,1.356927407719314
852,GAM,0.288,1820.0,1.3522321571735725
1409,GAM,0.288,1820.0,1.3522321571735725
1789,GAM,0.288,1820.0,1.3522321571735725
2077,GAM,0.288,1820.0,1.3522321571735725
2150,GAM,0.288,1820.0,1.3522321571735725
2448,GAM,0.288,1820.0,1.3522321571735725
2740,GAM,0.288,1820.0,1.3522321571735725
304,GAM,0.287,1827.0,1.3475369066278309
1013,GAM,0.287,1827.0,1.3475369066278309
1074,GAM,0.287,1827.0,1.3475369066278309
1204,GAM,0.287,1827.0,1.3475369066278309
1740,GAM,0.287,1827.0,1.3475369066278309
1784,GAM,0.287,1827.0,1.3475369066278309
1925,GAM,0.287,1827.0,1.3475369066278309
2112,GAM,0.287,1827.0,1.3475369066278309
2187,GAM,0.287,1827.0,1.3475369066278309
2330,GAM,0.287,1827.0,1.3475369066278309
2341,GAM,0.287,1827.0,1.3475369066278309
2425,GAM,0.287,1827.0,1.3475369066278309
2555,GAM,0.287,1827.0,1.3475369066278309
2572,GAM,0.287,1827.0,1.3475369066278309
90,GAM,0.286,1841.0,1.3428416560820893
327,GAM,0.286,1841.0,1.3428416560820893
662,GAM,0.286,1841.0,1.3428416560820893
781,GAM,0.286,1841.0,1.3428416560820893
840,GAM,0.286,1841.0,1.3428416560820893
932,GAM,0.286,1841.0,1.3428416560820893
974,GAM,0.286,1841.0,1.3428416560820893
1059,GAM,0.286,1841.0,1.3428416560820893
1230,GAM,0.286,1841.0,1.3428416560820893
1675,GAM,0.286,1841.0,1.3428416560820893
1684,GAM,0.286,1841.0,1.3428416560820893
1724,GAM,0.286,1841.0,1.3428416560820893
1731,GAM,0.286,1841.0,1.3428416560820893
1767,GAM,0.286,1841.0,1.3428416560820893
2138,GAM,0.286,1841.0,1.3428416560820893
2229,GAM,0.286,1841.0,1.3428416560820893
2265,GAM,0.286,1841.0,1.3428416560820893
2431,GAM,0.286,1841.0,1.3428416560820893
2625,GAM,0.286,1841.0,1.3428416560820893
92,GAM,0.285,1860.0,1.338146405536348
165,GAM,0.285,1860.0,1.338146405536348
206,GAM,0.285,1860.0,1.338146405536348
269,GAM,0.285,1860.0,1.338146405536348
519,GAM,0.285,1860.0,1.338146405536348
908,GAM,0.285,1860.0,1.338146405536348
969,GAM,0.285,1860.0,1.338146405536348
1292,GAM,0.285,1860.0,1.338146405536348
1664,GAM,0.285,1860.0,1.338146405536348
544,GAM,0.284,1869.0,1.3334511549906063
1645,GAM,0.284,1869.0,1.3334511549906063
1769,GAM,0.284,1869.0,1.3334511549906063
33,GAM,0.283,1872.0,1.3287559044448647
341,GAM,0.283,1872.0,1.3287559044448647
398,GAM,0.283,1872.0,1.3287559044448647
523,GAM,0.283,1872.0,1.3287559044448647
660,GAM,0.283,1872.0,1.3287559044448647
1180,GAM,0.283,1872.0,1.3287559044448647
1213,GAM,0.283,1872.0,1.3287559044448647
1474,GAM,0.283,1872.0,1.3287559044448647
2048,GAM,0.283,1872.0,1.3287559044448647
1,GAM,0.282,1881.0,1.324060653899123
112,GAM,0.282,1881.0,1.324060653899123
153,GAM,0.282,1881.0,1.324060653899123
185,GAM,0.282,1881.0,1.324060653899123
848,GAM,0.282,1881.0,1.324060653899123
1392,GAM,0.282,1881.0,1.324060653899123
1550,GAM,0.282,1881.0,1.324060653899123
2350,GAM,0.282,1881.0,1.324060653899123
2764,GAM,0.282,1881.0,1.324060653899123
2775,GAM,0.282,1881.0,1.324060653899123
617,GAM,0.281,1891.0,1.3193654033533817
618,GAM,0.281,1891.0,1.3193654033533817
982,GAM,0.281,1891.0,1.3193654033533817
1066,GAM,0.281,1891.0,1.3193654033533817
1992,GAM,0.281,1891.0,1.3193654033533817
2154,GAM,0.281,1891.0,1.3193654033533817
2543,GAM,0.281,1891.0,1.3193654033533817
393,GAM,0.28,1898.0,1.31467015280764
397,GAM,0.28,1898.0,1.31467015280764
785,GAM,0.28,1898.0,1.31467015280764
1358,GAM,0.28,1898.0,1.31467015280764
1507,GAM,0.28,1898.0,1.31467015280764
1630,GAM,0.28,1898.0,1.31467015280764
2358,GAM,0.28,1898.0,1.31467015280764
2366,GAM,0.28,1898.0,1.31467015280764
2451,GAM,0.28,1898.0,1.31467015280764
167,GAM,0.279,1907.0,1.3099749022618985
227,GAM,0.279,1907.0,1.3099749022618985
480,GAM,0.279,1907.0,1.3099749022618985
647,GAM,0.279,1907.0,1.3099749022618985
744,GAM,0.279,1907.0,1.3099749022618985
750,GAM,0.279,1907.0,1.3099749022618985
773,GAM,0.279,1907.0,1.3099749022618985
1477,GAM,0.279,1907.0,1.3099749022618985
2028,GAM,0.279,1907.0,1.3099749022618985
2624,GAM,0.279,1907.0,1.3099749022618985
135,GAM,0.278,1917.0,1.3052796517161571
233,GAM,0.278,1917.0,1.3052796517161571
386,GAM,0.278,1917.0,1.3052796517161571
1050,GAM,0.278,1917.0,1.3052796517161571
1421,GAM,0.278,1917.0,1.3052796517161571
1536,GAM,0.278,1917.0,1.3052796517161571
2088,GAM,0.278,1917.0,1.3052796517161571
2503,GAM,0.278,1917.0,1.3052796517161571
57,GAM,0.277,1925.0,1.3005844011704155
626,GAM,0.277,1925.0,1.3005844011704155
669,GAM,0.277,1925.0,1.3005844011704155
733,GAM,0.277,1925.0,1.3005844011704155
811,GAM,0.277,1925.0,1.3005844011704155
834,GAM,0.277,1925.0,1.3005844011704155
1195,GAM,0.277,1925.0,1.3005844011704155
1395,GAM,0.277,1925.0,1.3005844011704155
1771,GAM,0.277,1925.0,1.3005844011704155
2075,GAM,0.277,1925.0,1.3005844011704155
2761,GAM,0.277,1925.0,1.3005844011704155
1132,GAM,0.276,1936.0,1.295889150624674
1734,GAM,0.276,1936.0,1.295889150624674
2223,GAM,0.276,1936.0,1.295889150624674
2253,GAM,0.276,1936.0,1.295889150624674
2395,GAM,0.276,1936.0,1.295889150624674
284,GAM,0.275,1941.0,1.2911939000789323
500,GAM,0.275,1941.0,1.2911939000789323
537,GAM,0.275,1941.0,1.2911939000789323
553,GAM,0.275,1941.0,1.2911939000789323
661,GAM,0.275,1941.0,1.2911939000789323
1060,GAM,0.275,1941.0,1.2911939000789323
1205,GAM,0.275,1941.0,1.2911939000789323
1239,GAM,0.275,1941.0,1.2911939000789323
1325,GAM,0.275,1941.0,1.2911939000789323
1790,GAM,0.275,1941.0,1.2911939000789323
2579,GAM,0.275,1941.0,1.2911939000789323
447,GAM,0.274,1952.0,1.2864986495331907
896,GAM,0.274,1952.0,1.2864986495331907
1387,GAM,0.274,1952.0,1.2864986495331907
1605,GAM,0.274,1952.0,1.2864986495331907
2058,GAM,0.274,1952.0,1.2864986495331907
2387,GAM,0.274,1952.0,1.2864986495331907
2397,GAM,0.274,1952.0,1.2864986495331907
2410,GAM,0.274,1952.0,1.2864986495331907
2483,GAM,0.274,1952.0,1.2864986495331907
326,GAM,0.273,1961.0,1.281803398987449
1452,GAM,0.273,1961.0,1.281803398987449
1516,GAM,0.273,1961.0,1.281803398987449
1816,GAM,0.273,1961.0,1.281803398987449
2472,GAM,0.273,1961.0,1.281803398987449
278,GAM,0.272,1966.0,1.2771081484417075
778,GAM,0.272,1966.0,1.2771081484417075
1027,GAM,0.272,1966.0,1.2771081484417075
2018,GAM,0.272,1966.0,1.2771081484417075
2116,GAM,0.272,1966.0,1.2771081484417075
2556,GAM,0.272,1966.0,1.2771081484417075
2631,GAM,0.272,1966.0,1.2771081484417075
73,GAM,0.271,1973.0,1.272412897895966
197,GAM,0.271,1973.0,1.272412897895966
232,GAM,0.271,1973.0,1.272412897895966
305,GAM,0.271,1973.0,1.272412897895966
406,GAM,0.271,1973.0,1.272412897895966
683,GAM,0.271,1973.0,1.272412897895966
1426,GAM,0.271,1973.0,1.272412897895966
1813,GAM,0.271,1973.0,1.272412897895966
2618,GAM,0.271,1973.0,1.272412897895966
83,GAM,0.27,1982.0,1.2677176473502245
489,GAM,0.27,1982.0,1.2677176473502245
494,GAM,0.27,1982.0,1.2677176473502245
975,GAM,0.27,1982.0,1.2677176473502245
1136,GAM,0.27,1982.0,1.2677176473502245
1799,GAM,0.27,1982.0,1.2677176473502245
2120,GAM,0.27,1982.0,1.2677176473502245
2167,GAM,0.27,1982.0,1.2677176473502245
2545,GAM,0.27,1982.0,1.2677176473502245
2763,GAM,0.27,1982.0,1.2677176473502245
114,GAM,0.269,1992.0,1.263022396804483
417,GAM,0.269,1992.0,1.263022396804483
706,GAM,0.269,1992.0,1.263022396804483
716,GAM,0.269,1992.0,1.263022396804483
772,GAM,0.269,1992.0,1.263022396804483
859,GAM,0.269,1992.0,1.263022396804483
1022,GAM,0.269,1992.0,1.263022396804483
1083,GAM,0.269,1992.0,1.263022396804483
1743,GAM,0.269,1992.0,1.263022396804483
1755,GAM,0.269,1992.0,1.263022396804483
2027,GAM,0.269,1992.0,1.263022396804483
2040,GAM,0.269,1992.0,1.263022396804483
2745,GAM,0.269,1992.0,1.263022396804483
685,GAM,0.268,2005.0,1.2583271462587413
1176,GAM,0.268,2005.0,1.2583271462587413
1288,GAM,0.268,2005.0,1.2583271462587413
2744,GAM,0.268,2005.0,1.2583271462587413
1444,GAM,0.267,2009.0,1.2536318957129997
1552,GAM,0.267,2009.0,1.2536318957129997
1786,GAM,0.267,2009.0,1.2536318957129997
1880,GAM,0.267,2009.0,1.2536318957129997
2468,GAM,0.267,2009.0,1.2536318957129997
2720,GAM,0.267,2009.0,1.2536318957129997
42,GAM,0.266,2015.0,1.248936645167258
178,GAM,0.266,2015.0,1.248936645167258
209,GAM,0.266,2015.0,1.248936645167258
268,GAM,0.266,2015.0,1.248936645167258
332,GAM,0.266,2015.0,1.248936645167258
1576,GAM,0.266,2015.0,1.248936645167258
1752,GAM,0.266,2015.0,1.248936645167258
1928,GAM,0.266,2015.0,1.248936645167258
2518,GAM,0.266,2015.0,1.248936645167258
223,GAM,0.265,2024.0,1.2442413946215165
446,GAM,0.265,2024.0,1.2442413946215165
1202,GAM,0.265,2024.0,1.2442413946215165
1730,GAM,0.265,2024.0,1.2442413946215165
1792,GAM,0.265,2024.0,1.2442413946215165
2427,GAM,0.265,2024.0,1.2442413946215165
2726,GAM,0.265,2024.0,1.2442413946215165
105,GAM,0.264,2031.0,1.239546144075775
271,GAM,0.264,2031.0,1.239546144075775
1103,GAM,0.264,2031.0,1.239546144075775
1466,GAM,0.264,2031.0,1.239546144075775
1963,GAM,0.264,2031.0,1.239546144075775
1987,GAM,0.264,2031.0,1.239546144075775
2142,GAM,0.264,2031.0,1.239546144075775
2271,GAM,0.264,2031.0,1.239546144075775
2549,GAM,0.264,2031.0,1.239546144075775
2668,GAM,0.264,2031.0,1.239546144075775
2688,GAM,0.264,2031.0,1.239546144075775
2777,GAM,0.264,2031.0,1.239546144075775
47,GAM,0.263,2043.0,1.2348508935300333
384,GAM,0.263,2043.0,1.2348508935300333
658,GAM,0.263,2043.0,1.2348508935300333
1076,GAM,0.263,2043.0,1.2348508935300333
1504,GAM,0.263,2043.0,1.2348508935300333
2024,GAM,0.263,2043.0,1.2348508935300333
2311,GAM,0.263,2043.0,1.2348508935300333
150,GAM,0.262,2050.0,1.230155642984292
355,GAM,0.262,2050.0,1.230155642984292
421,GAM,0.262,2050.0,1.230155642984292
607,GAM,0.262,2050.0,1.230155642984292
1593,GAM,0.262,2050.0,1.230155642984292
1822,GAM,0.262,2050.0,1.230155642984292
2072,GAM,0.262,2050.0,1.230155642984292
2196,GAM,0.262,2050.0,1.230155642984292
2696,GAM,0.262,2050.0,1.230155642984292
19,GAM,0.261,2059.0,1.2254603924385503
109,GAM,0.261,2059.0,1.2254603924385503
456,GAM,0.261,2059.0,1.2254603924385503
535,GAM,0.261,2059.0,1.2254603924385503
677,GAM,0.261,2059.0,1.2254603924385503
680,GAM,0.261,2059.0,1.2254603924385503
1145,GAM,0.261,2059.0,1.2254603924385503
1306,GAM,0.261,2059.0,1.2254603924385503
1339,GAM,0.261,2059.0,1.2254603924385503
2215,GAM,0.261,2059.0,1.2254603924385503
2230,GAM,0.261,2059.0,1.2254603924385503
2236,GAM,0.261,2059.0,1.2254603924385503
2647,GAM,0.261,2059.0,1.2254603924385503
155,GAM,0.26,2072.0,1.2207651418928087
346,GAM,0.26,2072.0,1.2207651418928087
977,GAM,0.26,2072.0,1.2207651418928087
1237,GAM,0.26,2072.0,1.2207651418928087
1457,GAM,0.26,2072.0,1.2207651418928087
1800,GAM,0.26,2072.0,1.2207651418928087
1882,GAM,0.26,2072.0,1.2207651418928087
2214,GAM,0.26,2072.0,1.2207651418928087
328,GAM,0.259,2080.0,1.2160698913470671
592,GAM,0.259,2080.0,1.2160698913470671
1117,GAM,0.259,2080.0,1.2160698913470671
2574,GAM,0.259,2080.0,1.2160698913470671
577,GAM,0.258,2084.0,1.2113746408013255
1028,GAM,0.258,2084.0,1.2113746408013255
1058,GAM,0.258,2084.0,1.2113746408013255
1372,GAM,0.258,2084.0,1.2113746408013255
1401,GAM,0.258,2084.0,1.2113746408013255
1626,GAM,0.258,2084.0,1.2113746408013255
1687,GAM,0.258,2084.0,1.2113746408013255
1694,GAM,0.258,2084.0,1.2113746408013255
1717,GAM,0.258,2084.0,1.2113746408013255
1865,GAM,0.258,2084.0,1.2113746408013255
1867,GAM,0.258,2084.0,1.2113746408013255
2360,GAM,0.258,2084.0,1.2113746408013255
2534,GAM,0.258,2084.0,1.2113746408013255
2619,GAM,0.258,2084.0,1.2113746408013255
2654,GAM,0.258,2084.0,1.2113746408013255
2711,GAM,0.258,2084.0,1.2113746408013255
113,GAM,0.257,2100.0,1.206679390255584
256,GAM,0.257,2100.0,1.206679390255584
436,GAM,0.257,2100.0,1.206679390255584
470,GAM,0.257,2100.0,1.206679390255584
724,GAM,0.257,2100.0,1.206679390255584
999,GAM,0.257,2100.0,1.206679390255584
1303,GAM,0.257,2100.0,1.206679390255584
1402,GAM,0.257,2100.0,1.206679390255584
1590,GAM,0.257,2100.0,1.206679390255584
1970,GAM,0.257,2100.0,1.206679390255584
295,GAM,0.256,2110.0,1.2019841397098423
554,GAM,0.256,2110.0,1.2019841397098423
864,GAM,0.256,2110.0,1.2019841397098423
1223,GAM,0.256,2110.0,1.2019841397098423
1298,GAM,0.256,2110.0,1.2019841397098423
1338,GAM,0.256,2110.0,1.2019841397098423
1560,GAM,0.256,2110.0,1.2019841397098423
1712,GAM,0.256,2110.0,1.2019841397098423
1805,GAM,0.256,2110.0,1.2019841397098423
2035,GAM,0.256,2110.0,1.2019841397098423
2454,GAM,0.256,2110.0,1.2019841397098423
621,GAM,0.255,2121.0,1.1972888891641007
1336,GAM,0.255,2121.0,1.1972888891641007
1357,GAM,0.255,2121.0,1.1972888891641007
1707,GAM,0.255,2121.0,1.1972888891641007
1852,GAM,0.255,2121.0,1.1972888891641007
2377,GAM,0.255,2121.0,1.1972888891641007
2417,GAM,0.255,2121.0,1.1972888891641007
2725,GAM,0.255,2121.0,1.1972888891641007
695,GAM,0.254,2129.0,1.1925936386183593
972,GAM,0.254,2129.0,1.1925936386183593
1301,GAM,0.254,2129.0,1.1925936386183593
1351,GAM,0.254,2129.0,1.1925936386183593
1628,GAM,0.254,2129.0,1.1925936386183593
1868,GAM,0.254,2129.0,1.1925936386183593
2721,GAM,0.254,2129.0,1.1925936386183593
600,GAM,0.253,2136.0,1.1878983880726177
702,GAM,0.253,2136.0,1.1878983880726177
1138,GAM,0.253,2136.0,1.1878983880726177
1887,GAM,0.253,2136.0,1.1878983880726177
1996,GAM,0.253,2136.0,1.1878983880726177
2194,GAM,0.253,2136.0,1.1878983880726177
21,GAM,0.252,2142.0,1.1832031375268761
85,GAM,0.252,2142.0,1.1832031375268761
946,GAM,0.252,2142.0,1.1832031375268761
1269,GAM,0.252,2142.0,1.1832031375268761
1332,GAM,0.252,2142.0,1.1832031375268761
1587,GAM,0.252,2142.0,1.1832031375268761
1588,GAM,0.252,2142.0,1.1832031375268761
2399,GAM,0.252,2142.0,1.1832031375268761
2463,GAM,0.252,2142.0,1.1832031375268761
2706,GAM,0.252,2142.0,1.1832031375268761
5,GAM,0.251,2152.0,1.1785078869811345
378,GAM,0.251,2152.0,1.1785078869811345
1173,GAM,0.251,2152.0,1.1785078869811345
1462,GAM,0.251,2152.0,1.1785078869811345
1557,GAM,0.251,2152.0,1.1785078869811345
1742,GAM,0.251,2152.0,1.1785078869811345
2184,GAM,0.251,2152.0,1.1785078869811345
2349,GAM,0.251,2152.0,1.1785078869811345
2754,GAM,0.251,2152.0,1.1785078869811345
128,GAM,0.25,2161.0,1.173812636435393
261,GAM,0.25,2161.0,1.173812636435393
839,GAM,0.25,2161.0,1.173812636435393
2109,GAM,0.25,2161.0,1.173812636435393
2113,GAM,0.25,2161.0,1.173812636435393
2180,GAM,0.25,2161.0,1.173812636435393
123,GAM,0.249,2167.0,1.1691173858896513
301,GAM,0.249,2167.0,1.1691173858896513
366,GAM,0.249,2167.0,1.1691173858896513
1123,GAM,0.249,2167.0,1.1691173858896513
1326,GAM,0.249,2167.0,1.1691173858896513
1364,GAM,0.249,2167.0,1.1691173858896513
1812,GAM,0.249,2167.0,1.1691173858896513
2476,GAM,0.249,2167.0,1.1691173858896513
6,GAM,0.248,2175.0,1.1644221353439097
401,GAM,0.248,2175.0,1.1644221353439097
1046,GAM,0.248,2175.0,1.1644221353439097
2129,GAM,0.248,2175.0,1.1644221353439097
2370,GAM,0.248,2175.0,1.1644221353439097
2592,GAM,0.248,2175.0,1.1644221353439097
2712,GAM,0.248,2175.0,1.1644221353439097
620,GAM,0.247,2182.0,1.159726884798168
1092,GAM,0.247,2182.0,1.159726884798168
1770,GAM,0.247,2182.0,1.159726884798168
2050,GAM,0.247,2182.0,1.159726884798168
842,GAM,0.246,2186.0,1.1550316342524265
1461,GAM,0.246,2186.0,1.1550316342524265
2097,GAM,0.246,2186.0,1.1550316342524265
619,GAM,0.245,2189.0,1.1503363837066851
880,GAM,0.245,2189.0,1.1503363837066851
1251,GAM,0.245,2189.0,1.1503363837066851
1529,GAM,0.245,2189.0,1.1503363837066851
2155,GAM,0.245,2189.0,1.1503363837066851
2267,GAM,0.245,2189.0,1.1503363837066851
2460,GAM,0.245,2189.0,1.1503363837066851
2747,GAM,0.245,2189.0,1.1503363837066851
163,GAM,0.244,2197.0,1.1456411331609435
770,GAM,0.244,2197.0,1.1456411331609435
916,GAM,0.244,2197.0,1.1456411331609435
1600,GAM,0.244,2197.0,1.1456411331609435
2002,GAM,0.244,2197.0,1.1456411331609435
499,GAM,0.243,2202.0,1.140945882615202
651,GAM,0.243,2202.0,1.140945882615202
777,GAM,0.243,2202.0,1.140945882615202
2743,GAM,0.243,2202.0,1.140945882615202
736,GAM,0.242,2206.0,1.1362506320694603
907,GAM,0.242,2206.0,1.1362506320694603
1209,GAM,0.242,2206.0,1.1362506320694603
1217,GAM,0.242,2206.0,1.1362506320694603
2586,GAM,0.242,2206.0,1.1362506320694603
2749,GAM,0.242,2206.0,1.1362506320694603
804,GAM,0.241,2212.0,1.1315553815237187
858,GAM,0.241,2212.0,1.1315553815237187
1908,GAM,0.241,2212.0,1.1315553815237187
2303,GAM,0.241,2212.0,1.1315553815237187
385,GAM,0.24,2216.0,1.126860130977977
866,GAM,0.24,2216.0,1.126860130977977
1042,GAM,0.24,2216.0,1.126860130977977
1774,GAM,0.24,2216.0,1.126860130977977
1832,GAM,0.24,2216.0,1.126860130977977
1936,GAM,0.24,2216.0,1.126860130977977
1988,GAM,0.24,2216.0,1.126860130977977
665,GAM,0.239,2223.0,1.1221648804322355
737,GAM,0.239,2223.0,1.1221648804322355
1300,GAM,0.239,2223.0,1.1221648804322355
1911,GAM,0.239,2223.0,1.1221648804322355
2402,GAM,0.239,2223.0,1.1221648804322355
166,GAM,0.238,2228.0,1.117469629886494
399,GAM,0.238,2228.0,1.117469629886494
757,GAM,0.238,2228.0,1.117469629886494
771,GAM,0.238,2228.0,1.117469629886494
947,GAM,0.238,2228.0,1.117469629886494
1087,GAM,0.238,2228.0,1.117469629886494
2174,GAM,0.238,2228.0,1.117469629886494
2324,GAM,0.238,2228.0,1.117469629886494
2494,GAM,0.238,2228.0,1.117469629886494
739,GAM,0.237,2237.0,1.1127743793407525
1276,GAM,0.237,2237.0,1.1127743793407525
1327,GAM,0.237,2237.0,1.1127743793407525
1434,GAM,0.237,2237.0,1.1127743793407525
1512,GAM,0.237,2237.0,1.1127743793407525
1633,GAM,0.237,2237.0,1.1127743793407525
2017,GAM,0.237,2237.0,1.1127743793407525
2083,GAM,0.237,2237.0,1.1127743793407525
2675,GAM,0.237,2237.0,1.1127743793407525
2730,GAM,0.237,2237.0,1.1127743793407525
1216,GAM,0.236,2247.0,1.108079128795011
1481,GAM,0.236,2247.0,1.108079128795011
2244,GAM,0.236,2247.0,1.108079128795011
2424,GAM,0.236,2247.0,1.108079128795011
678,GAM,0.235,2251.0,1.1033838782492693
754,GAM,0.235,2251.0,1.1033838782492693
1228,GAM,0.235,2251.0,1.1033838782492693
1403,GAM,0.235,2251.0,1.1033838782492693
2123,GAM,0.235,2251.0,1.1033838782492693
2317,GAM,0.235,2251.0,1.1033838782492693
2565,GAM,0.235,2251.0,1.1033838782492693
2686,GAM,0.235,2251.0,1.1033838782492693
453,GAM,0.234,2259.0,1.098688627703528
673,GAM,0.234,2259.0,1.098688627703528
727,GAM,0.234,2259.0,1.098688627703528
2074,GAM,0.234,2259.0,1.098688627703528
2221,GAM,0.234,2259.0,1.098688627703528
2357,GAM,0.234,2259.0,1.098688627703528
462,GAM,0.233,2265.0,1.0939933771577863
517,GAM,0.233,2265.0,1.0939933771577863
645,GAM,0.233,2265.0,1.0939933771577863
790,GAM,0.233,2265.0,1.0939933771577863
1037,GAM,0.233,2265.0,1.0939933771577863
1099,GAM,0.233,2265.0,1.0939933771577863
1366,GAM,0.233,2265.0,1.0939933771577863
1777,GAM,0.233,2265.0,1.0939933771577863
1830,GAM,0.233,2265.0,1.0939933771577863
2111,GAM,0.233,2265.0,1.0939933771577863
2363,GAM,0.233,2265.0,1.0939933771577863
94,GAM,0.232,2276.0,1.0892981266120447
215,GAM,0.232,2276.0,1.0892981266120447
524,GAM,0.232,2276.0,1.0892981266120447
882,GAM,0.232,2276.0,1.0892981266120447
1061,GAM,0.232,2276.0,1.0892981266120447
1156,GAM,0.232,2276.0,1.0892981266120447
1196,GAM,0.232,2276.0,1.0892981266120447
1278,GAM,0.232,2276.0,1.0892981266120447
1331,GAM,0.232,2276.0,1.0892981266120447
1903,GAM,0.232,2276.0,1.0892981266120447
2550,GAM,0.232,2276.0,1.0892981266120447
1293,GAM,0.231,2287.0,1.0846028760663031
1318,GAM,0.231,2287.0,1.0846028760663031
1497,GAM,0.231,2287.0,1.0846028760663031
2322,GAM,0.231,2287.0,1.0846028760663031
2446,GAM,0.231,2287.0,1.0846028760663031
2548,GAM,0.231,2287.0,1.0846028760663031
2694,GAM,0.231,2287.0,1.0846028760663031
240,GAM,0.23,2294.0,1.0799076255205615
247,GAM,0.23,2294.0,1.0799076255205615
267,GAM,0.23,2294.0,1.0799076255205615
1029,GAM,0.23,2294.0,1.0799076255205615
1170,GAM,0.23,2294.0,1.0799076255205615
1376,GAM,0.23,2294.0,1.0799076255205615
1927,GAM,0.23,2294.0,1.0799076255205615
699,GAM,0.229,2301.0,1.07521237497482
788,GAM,0.229,2301.0,1.07521237497482
926,GAM,0.229,2301.0,1.07521237497482
1168,GAM,0.229,2301.0,1.07521237497482
1174,GAM,0.229,2301.0,1.07521237497482
1262,GAM,0.229,2301.0,1.07521237497482
1668,GAM,0.229,2301.0,1.07521237497482
2577,GAM,0.229,2301.0,1.07521237497482
715,GAM,0.228,2309.0,1.0705171244290783
949,GAM,0.228,2309.0,1.0705171244290783
2551,GAM,0.228,2309.0,1.0705171244290783
1299,GAM,0.227,2312.0,1.0658218738833367
2288,GAM,0.227,2312.0,1.0658218738833367
2352,GAM,0.227,2312.0,1.0658218738833367
2376,GAM,0.227,2312.0,1.0658218738833367
572,GAM,0.226,2316.0,1.061126623337595
1368,GAM,0.226,2316.0,1.061126623337595
1525,GAM,0.226,2316.0,1.061126623337595
1709,GAM,0.226,2316.0,1.061126623337595
2061,GAM,0.226,2316.0,1.061126623337595
2125,GAM,0.226,2316.0,1.061126623337595
2470,GAM,0.226,2316.0,1.061126623337595
239,GAM,0.225,2323.0,1.0564313727918537
742,GAM,0.225,2323.0,1.0564313727918537
1015,GAM,0.225,2323.0,1.0564313727918537
1065,GAM,0.225,2323.0,1.0564313727918537
1446,GAM,0.225,2323.0,1.0564313727918537
2144,GAM,0.225,2323.0,1.0564313727918537
1833,GAM,0.224,2329.0,1.0517361222461121
2329,GAM,0.224,2329.0,1.0517361222461121
118,GAM,0.223,2331.0,1.0470408717003705
1072,GAM,0.223,2331.0,1.0470408717003705
1592,GAM,0.223,2331.0,1.0470408717003705
1899,GAM,0.223,2331.0,1.0470408717003705
2051,GAM,0.223,2331.0,1.0470408717003705
2421,GAM,0.223,2331.0,1.0470408717003705
356,GAM,0.222,2337.0,1.042345621154629
643,GAM,0.222,2337.0,1.042345621154629
938,GAM,0.222,2337.0,1.042345621154629
2041,GAM,0.222,2337.0,1.042345621154629
2482,GAM,0.222,2337.0,1.042345621154629
2492,GAM,0.222,2337.0,1.042345621154629
2559,GAM,0.222,2337.0,1.042345621154629
329,GAM,0.221,2344.0,1.0376503706088873
1844,GAM,0.221,2344.0,1.0376503706088873
576,GAM,0.22,2346.0,1.0329551200631457
1319,GAM,0.22,2346.0,1.0329551200631457
1435,GAM,0.22,2346.0,1.0329551200631457
1057,GAM,0.219,2349.0,1.0282598695174041
1236,GAM,0.219,2349.0,1.0282598695174041
1589,GAM,0.219,2349.0,1.0282598695174041
217,GAM,0.218,2352.0,1.0235646189716625
2508,GAM,0.218,2352.0,1.0235646189716625
2681,GAM,0.218,2352.0,1.0235646189716625
2687,GAM,0.218,2352.0,1.0235646189716625
107,GAM,0.217,2356.0,1.0188693684259211
1256,GAM,0.217,2356.0,1.0188693684259211
2620,GAM,0.217,2356.0,1.0188693684259211
2729,GAM,0.217,2356.0,1.0188693684259211
604,GAM,0.216,2360.0,1.0141741178801795
648,GAM,0.216,2360.0,1.0141741178801795
1034,GAM,0.216,2360.0,1.0141741178801795
2015,GAM,0.216,2360.0,1.0141741178801795
2219,GAM,0.216,2360.0,1.0141741178801795
487,GAM,0.214,2365.0,1.0047836167886963
1133,GAM,0.214,2365.0,1.0047836167886963
1265,GAM,0.214,2365.0,1.0047836167886963
1365,GAM,0.214,2365.0,1.0047836167886963
1723,GAM,0.214,2365.0,1.0047836167886963
1785,GAM,0.214,2365.0,1.0047836167886963
2239,GAM,0.214,2365.0,1.0047836167886963
139,GAM,0.213,2372.0,1.0000883662429547
591,GAM,0.213,2372.0,1.0000883662429547
1653,GAM,0.213,2372.0,1.0000883662429547
1795,GAM,0.213,2372.0,1.0000883662429547
1804,GAM,0.213,2372.0,1.0000883662429547
1836,GAM,0.213,2372.0,1.0000883662429547
1842,GAM,0.213,2372.0,1.0000883662429547
2641,GAM,0.213,2372.0,1.0000883662429547
152,GAM,0.212,2380.0,0.9953931156972131
231,GAM,0.212,2380.0,0.9953931156972131
2308,GAM,0.212,2380.0,0.9953931156972131
2507,GAM,0.212,2380.0,0.9953931156972131
2772,GAM,0.212,2380.0,0.9953931156972131
375,GAM,0.211,2385.0,0.9906978651514716
498,GAM,0.211,2385.0,0.9906978651514716
1386,GAM,0.211,2385.0,0.9906978651514716
2378,GAM,0.211,2385.0,0.9906978651514716
148,GAM,0.21,2389.0,0.98600261460573
275,GAM,0.21,2389.0,0.98600261460573
353,GAM,0.21,2389.0,0.98600261460573
875,GAM,0.21,2389.0,0.98600261460573
934,GAM,0.21,2389.0,0.98600261460573
1555,GAM,0.21,2389.0,0.98600261460573
2353,GAM,0.21,2389.0,0.98600261460573
2407,GAM,0.21,2389.0,0.98600261460573
2428,GAM,0.21,2389.0,0.98600261460573
681,GAM,0.209,2398.0,0.9813073640599884
808,GAM,0.209,2398.0,0.9813073640599884
1636,GAM,0.209,2398.0,0.9813073640599884
477,GAM,0.208,2401.0,0.9766121135142468
915,GAM,0.208,2401.0,0.9766121135142468
440,GAM,0.207,2403.0,0.9719168629685053
1464,GAM,0.207,2403.0,0.9719168629685053
731,GAM,0.206,2405.0,0.9672216124227637
1284,GAM,0.205,2406.0,0.9625263618770221
1918,GAM,0.205,2406.0,0.9625263618770221
2208,GAM,0.205,2406.0,0.9625263618770221
2693,GAM,0.205,2406.0,0.9625263618770221
190,GAM,0.204,2410.0,0.9578311113312805
198,GAM,0.203,2411.0,0.9531358607855391
395,GAM,0.203,2411.0,0.9531358607855391
984,GAM,0.203,2411.0,0.9531358607855391
1161,GAM,0.202,2414.0,0.9484406102397975
2,GAM,0.201,2415.0,0.9437453596940559
953,GAM,0.201,2415.0,0.9437453596940559
1831,GAM,0.201,2415.0,0.9437453596940559
1495,GAM,0.2,2418.0,0.9390501091483143
2440,GAM,0.2,2418.0,0.9390501091483143
2652,GAM,0.2,2418.0,0.9390501091483143
48,GAM,0.199,2421.0,0.9343548586025728
182,GAM,0.199,2421.0,0.9343548586025728
510,GAM,0.199,2421.0,0.9343548586025728
828,GAM,0.199,2421.0,0.9343548586025728
1134,GAM,0.199,2421.0,0.9343548586025728
1602,GAM,0.199,2421.0,0.9343548586025728
2342,GAM,0.199,2421.0,0.9343548586025728
50,GAM,0.198,2428.0,0.9296596080568312
1294,GAM,0.198,2428.0,0.9296596080568312
1624,GAM,0.198,2428.0,0.9296596080568312
315,GAM,0.197,2431.0,0.9249643575110896
359,GAM,0.196,2432.0,0.920269106965348
881,GAM,0.196,2432.0,0.920269106965348
1870,GAM,0.196,2432.0,0.920269106965348
2190,GAM,0.196,2432.0,0.920269106965348
1471,GAM,0.195,2436.0,0.9155738564196065
1857,GAM,0.195,2436.0,0.9155738564196065
2193,GAM,0.194,2438.0,0.9108786058738649
430,GAM,0.193,2439.0,0.9061833553281233
1714,GAM,0.193,2439.0,0.9061833553281233
2046,GAM,0.193,2439.0,0.9061833553281233
2166,GAM,0.193,2439.0,0.9061833553281233
2521,GAM,0.193,2439.0,0.9061833553281233
30,GAM,0.192,2444.0,0.9014881047823817
1049,GAM,0.192,2444.0,0.9014881047823817
1370,GAM,0.192,2444.0,0.9014881047823817
1983,GAM,0.192,2444.0,0.9014881047823817
2192,GAM,0.192,2444.0,0.9014881047823817
644,GAM,0.191,2449.0,0.8967928542366402
68,GAM,0.19,2450.0,0.8920976036908986
439,GAM,0.19,2450.0,0.8920976036908986
1346,GAM,0.19,2450.0,0.8920976036908986
1498,GAM,0.19,2450.0,0.8920976036908986
1878,GAM,0.19,2450.0,0.8920976036908986
2146,GAM,0.19,2450.0,0.8920976036908986
2272,GAM,0.19,2450.0,0.8920976036908986
2513,GAM,0.19,2450.0,0.8920976036908986
1177,GAM,0.189,2458.0,0.887402353145157
1757,GAM,0.188,2459.0,0.8827071025994154
13,GAM,0.187,2460.0,0.8780118520536739
252,GAM,0.187,2460.0,0.8780118520536739
1703,GAM,0.187,2460.0,0.8780118520536739
1827,GAM,0.187,2460.0,0.8780118520536739
1975,GAM,0.187,2460.0,0.8780118520536739
1941,GAM,0.186,2465.0,0.8733166015079323
1726,GAM,0.185,2466.0,0.8686213509621907
331,GAM,0.184,2467.0,0.8639261004164491
1038,GAM,0.184,2467.0,0.8639261004164491
2383,GAM,0.184,2467.0,0.8639261004164491
1235,GAM,0.183,2470.0,0.8592308498707076
1676,GAM,0.183,2470.0,0.8592308498707076
1851,GAM,0.183,2470.0,0.8592308498707076
2414,GAM,0.183,2470.0,0.8592308498707076
2499,GAM,0.183,2470.0,0.8592308498707076
817,GAM,0.182,2475.0,0.854535599324966
987,GAM,0.182,2475.0,0.854535599324966
1470,GAM,0.182,2475.0,0.854535599324966
1765,GAM,0.182,2475.0,0.854535599324966
2557,GAM,0.182,2475.0,0.854535599324966
2587,GAM,0.182,2475.0,0.854535599324966
1006,GAM,0.181,2481.0,0.8498403487792244
1086,GAM,0.181,2481.0,0.8498403487792244
1206,GAM,0.181,2481.0,0.8498403487792244
1595,GAM,0.181,2481.0,0.8498403487792244
2124,GAM,0.181,2481.0,0.8498403487792244
2379,GAM,0.181,2481.0,0.8498403487792244
49,GAM,0.18,2487.0,0.8451450982334828
558,GAM,0.18,2487.0,0.8451450982334828
758,GAM,0.18,2487.0,0.8451450982334828
1671,GAM,0.18,2487.0,0.8451450982334828
2280,GAM,0.18,2487.0,0.8451450982334828
2465,GAM,0.18,2487.0,0.8451450982334828
20,GAM,0.179,2493.0,0.8404498476877413
108,GAM,0.179,2493.0,0.8404498476877413
336,GAM,0.179,2493.0,0.8404498476877413
2385,GAM,0.179,2493.0,0.8404498476877413
103,GAM,0.178,2497.0,0.8357545971419997
207,GAM,0.178,2497.0,0.8357545971419997
465,GAM,0.178,2497.0,0.8357545971419997
910,GAM,0.178,2497.0,0.8357545971419997
1071,GAM,0.178,2497.0,0.8357545971419997
1225,GAM,0.178,2497.0,0.8357545971419997
1737,GAM,0.178,2497.0,0.8357545971419997
2558,GAM,0.178,2497.0,0.8357545971419997
191,GAM,0.177,2505.0,0.8310593465962581
919,GAM,0.177,2505.0,0.8310593465962581
2589,GAM,0.177,2505.0,0.8310593465962581
309,GAM,0.176,2508.0,0.8263640960505165
551,GAM,0.176,2508.0,0.8263640960505165
941,GAM,0.176,2508.0,0.8263640960505165
1362,GAM,0.176,2508.0,0.8263640960505165
2516,GAM,0.176,2508.0,0.8263640960505165
88,GAM,0.175,2513.0,0.821668845504775
1553,GAM,0.175,2513.0,0.821668845504775
2197,GAM,0.175,2513.0,0.821668845504775
475,GAM,0.174,2516.0,0.8169735949590334
595,GAM,0.174,2516.0,0.8169735949590334
687,GAM,0.174,2516.0,0.8169735949590334
985,GAM,0.174,2516.0,0.8169735949590334
1287,GAM,0.174,2516.0,0.8169735949590334
2202,GAM,0.174,2516.0,0.8169735949590334
2606,GAM,0.174,2516.0,0.8169735949590334
1000,GAM,0.173,2523.0,0.8122783444132918
2362,GAM,0.173,2523.0,0.8122783444132918
1598,GAM,0.172,2525.0,0.8075830938675502
2433,GAM,0.172,2525.0,0.8075830938675502
2669,GAM,0.172,2525.0,0.8075830938675502
584,GAM,0.171,2528.0,0.8028878433218088
760,GAM,0.171,2528.0,0.8028878433218088
1420,GAM,0.171,2528.0,0.8028878433218088
1947,GAM,0.171,2528.0,0.8028878433218088
2263,GAM,0.171,2528.0,0.8028878433218088
887,GAM,0.17,2533.0,0.7981925927760672
930,GAM,0.17,2533.0,0.7981925927760672
1259,GAM,0.17,2533.0,0.7981925927760672
1307,GAM,0.17,2533.0,0.7981925927760672
1487,GAM,0.17,2533.0,0.7981925927760672
1632,GAM,0.17,2533.0,0.7981925927760672
2500,GAM,0.17,2533.0,0.7981925927760672
218,GAM,0.168,2540.0,0.788802091684584
801,GAM,0.168,2540.0,0.788802091684584
1234,GAM,0.168,2540.0,0.788802091684584
1801,GAM,0.168,2540.0,0.788802091684584
2207,GAM,0.168,2540.0,0.788802091684584
2560,GAM,0.168,2540.0,0.788802091684584
764,GAM,0.167,2546.0,0.7841068411388425
1667,GAM,0.167,2546.0,0.7841068411388425
2009,GAM,0.167,2546.0,0.7841068411388425
2086,GAM,0.167,2546.0,0.7841068411388425
79,GAM,0.166,2550.0,0.779411590593101
140,GAM,0.166,2550.0,0.779411590593101
641,GAM,0.166,2550.0,0.779411590593101
1741,GAM,0.166,2550.0,0.779411590593101
1961,GAM,0.166,2550.0,0.779411590593101
2310,GAM,0.166,2550.0,0.779411590593101
2502,GAM,0.166,2550.0,0.779411590593101
136,GAM,0.165,2557.0,0.7747163400473593
631,GAM,0.165,2557.0,0.7747163400473593
838,GAM,0.165,2557.0,0.7747163400473593
1024,GAM,0.165,2557.0,0.7747163400473593
2707,GAM,0.165,2557.0,0.7747163400473593
579,GAM,0.164,2562.0,0.7700210895016177
796,GAM,0.163,2563.0,0.7653258389558762
1091,GAM,0.163,2563.0,0.7653258389558762
1760,GAM,0.163,2563.0,0.7653258389558762
2596,GAM,0.163,2563.0,0.7653258389558762
1191,GAM,0.162,2567.0,0.7606305884101346
1463,GAM,0.162,2567.0,0.7606305884101346
1820,GAM,0.162,2567.0,0.7606305884101346
1823,GAM,0.162,2567.0,0.7606305884101346
854,GAM,0.161,2571.0,0.755935337864393
1054,GAM,0.161,2571.0,0.755935337864393
1187,GAM,0.161,2571.0,0.755935337864393
1227,GAM,0.161,2571.0,0.755935337864393
1282,GAM,0.161,2571.0,0.755935337864393
1573,GAM,0.161,2571.0,0.755935337864393
36,GAM,0.16,2577.0,0.7512400873186514
720,GAM,0.16,2577.0,0.7512400873186514
894,GAM,0.16,2577.0,0.7512400873186514
983,GAM,0.16,2577.0,0.7512400873186514
1063,GAM,0.16,2577.0,0.7512400873186514
1520,GAM,0.16,2577.0,0.7512400873186514
2666,GAM,0.16,2577.0,0.7512400873186514
54,GAM,0.159,2584.0,0.74654483677291
472,GAM,0.159,2584.0,0.74654483677291
1197,GAM,0.159,2584.0,0.74654483677291
1718,GAM,0.159,2584.0,0.74654483677291
1821,GAM,0.159,2584.0,0.74654483677291
2121,GAM,0.159,2584.0,0.74654483677291
2603,GAM,0.159,2584.0,0.74654483677291
2143,GAM,0.158,2591.0,0.7418495862271683
2331,GAM,0.158,2591.0,0.7418495862271683
550,GAM,0.157,2593.0,0.7371543356814267
2071,GAM,0.157,2593.0,0.7371543356814267
2382,GAM,0.157,2593.0,0.7371543356814267
939,GAM,0.156,2596.0,0.7324590851356851
1515,GAM,0.156,2596.0,0.7324590851356851
2328,GAM,0.156,2596.0,0.7324590851356851
106,GAM,0.155,2599.0,0.7277638345899436
652,GAM,0.155,2599.0,0.7277638345899436
1003,GAM,0.155,2599.0,0.7277638345899436
1379,GAM,0.155,2599.0,0.7277638345899436
1424,GAM,0.155,2599.0,0.7277638345899436
1449,GAM,0.155,2599.0,0.7277638345899436
1850,GAM,0.155,2599.0,0.7277638345899436
2165,GAM,0.155,2599.0,0.7277638345899436
154,GAM,0.154,2607.0,0.723068584044202
642,GAM,0.154,2607.0,0.723068584044202
1350,GAM,0.154,2607.0,0.723068584044202
1603,GAM,0.154,2607.0,0.723068584044202
1713,GAM,0.154,2607.0,0.723068584044202
542,GAM,0.153,2612.0,0.7183733334984604
726,GAM,0.153,2612.0,0.7183733334984604
614,GAM,0.152,2614.0,0.7136780829527188
1162,GAM,0.152,2614.0,0.7136780829527188
1527,GAM,0.152,2614.0,0.7136780829527188
1889,GAM,0.152,2614.0,0.7136780829527188
1991,GAM,0.152,2614.0,0.7136780829527188
2340,GAM,0.152,2614.0,0.7136780829527188
2653,GAM,0.152,2614.0,0.7136780829527188
1745,GAM,0.151,2621.0,0.7089828324069773
2493,GAM,0.151,2621.0,0.7089828324069773
929,GAM,0.15,2623.0,0.7042875818612357
1002,GAM,0.15,2623.0,0.7042875818612357
1727,GAM,0.15,2623.0,0.7042875818612357
121,GAM,0.149,2626.0,0.6995923313154941
243,GAM,0.149,2626.0,0.6995923313154941
1104,GAM,0.149,2626.0,0.6995923313154941
1335,GAM,0.149,2626.0,0.6995923313154941
1348,GAM,0.149,2626.0,0.6995923313154941
1817,GAM,0.149,2626.0,0.6995923313154941
1915,GAM,0.149,2626.0,0.6995923313154941
2734,GAM,0.149,2626.0,0.6995923313154941
254,GAM,0.148,2634.0,0.6948970807697525
285,GAM,0.148,2634.0,0.6948970807697525
992,GAM,0.148,2634.0,0.6948970807697525
1465,GAM,0.148,2634.0,0.6948970807697525
779,GAM,0.147,2638.0,0.6902018302240109
912,GAM,0.147,2638.0,0.6902018302240109
1398,GAM,0.147,2638.0,0.6902018302240109
1848,GAM,0.147,2638.0,0.6902018302240109
1902,GAM,0.147,2638.0,0.6902018302240109
2283,GAM,0.147,2638.0,0.6902018302240109
1075,GAM,0.146,2644.0,0.6855065796782694
1116,GAM,0.146,2644.0,0.6855065796782694
2478,GAM,0.146,2644.0,0.6855065796782694
242,GAM,0.145,2647.0,0.6808113291325278
936,GAM,0.145,2647.0,0.6808113291325278
1429,GAM,0.145,2647.0,0.6808113291325278
290,GAM,0.144,2650.0,0.6761160785867862
2134,GAM,0.144,2650.0,0.6761160785867862
1232,GAM,0.143,2652.0,0.6714208280410446
1324,GAM,0.143,2652.0,0.6714208280410446
2062,GAM,0.143,2652.0,0.6714208280410446
2423,GAM,0.143,2652.0,0.6714208280410446
2438,GAM,0.143,2652.0,0.6714208280410446
2510,GAM,0.143,2652.0,0.6714208280410446
2663,GAM,0.143,2652.0,0.6714208280410446
2738,GAM,0.143,2652.0,0.6714208280410446
28,GAM,0.142,2660.0,0.6667255774953031
317,GAM,0.142,2660.0,0.6667255774953031
948,GAM,0.142,2660.0,0.6667255774953031
2320,GAM,0.142,2660.0,0.6667255774953031
2429,GAM,0.142,2660.0,0.6667255774953031
181,GAM,0.141,2665.0,0.6620303269495615
789,GAM,0.141,2665.0,0.6620303269495615
1289,GAM,0.141,2665.0,0.6620303269495615
921,GAM,0.14,2668.0,0.65733507640382
1810,GAM,0.14,2668.0,0.65733507640382
2626,GAM,0.14,2668.0,0.65733507640382
515,GAM,0.139,2671.0,0.6526398258580786
1886,GAM,0.139,2671.0,0.6526398258580786
504,GAM,0.138,2673.0,0.647944575312337
1322,GAM,0.138,2673.0,0.647944575312337
1479,GAM,0.138,2673.0,0.647944575312337
1641,GAM,0.138,2673.0,0.647944575312337
1735,GAM,0.138,2673.0,0.647944575312337
1859,GAM,0.138,2673.0,0.647944575312337
2413,GAM,0.138,2673.0,0.647944575312337
72,GAM,0.137,2680.0,0.6432493247665954
693,GAM,0.137,2680.0,0.6432493247665954
1077,GAM,0.137,2680.0,0.6432493247665954
1906,GAM,0.137,2680.0,0.6432493247665954
2094,GAM,0.137,2680.0,0.6432493247665954
2198,GAM,0.137,2680.0,0.6432493247665954
2449,GAM,0.137,2680.0,0.6432493247665954
2536,GAM,0.137,2680.0,0.6432493247665954
1505,GAM,0.136,2688.0,0.6385540742208538
1509,GAM,0.136,2688.0,0.6385540742208538
2011,GAM,0.136,2688.0,0.6385540742208538
2345,GAM,0.136,2688.0,0.6385540742208538
322,GAM,0.135,2692.0,0.6338588236751123
751,GAM,0.135,2692.0,0.6338588236751123
1732,GAM,0.135,2692.0,0.6338588236751123
1984,GAM,0.135,2692.0,0.6338588236751123
2304,GAM,0.135,2692.0,0.6338588236751123
2498,GAM,0.135,2692.0,0.6338588236751123
2671,GAM,0.135,2692.0,0.6338588236751123
434,GAM,0.134,2699.0,0.6291635731293707
479,GAM,0.134,2699.0,0.6291635731293707
1485,GAM,0.134,2699.0,0.6291635731293707
2126,GAM,0.134,2699.0,0.6291635731293707
2139,GAM,0.134,2699.0,0.6291635731293707
2732,GAM,0.134,2699.0,0.6291635731293707
200,GAM,0.133,2705.0,0.624468322583629
380,GAM,0.133,2705.0,0.624468322583629
1916,GAM,0.133,2705.0,0.624468322583629
383,GAM,0.132,2708.0,0.6197730720378875
571,GAM,0.132,2708.0,0.6197730720378875
1410,GAM,0.132,2708.0,0.6197730720378875
158,GAM,0.131,2711.0,0.615077821492146
291,GAM,0.131,2711.0,0.615077821492146
634,GAM,0.131,2711.0,0.615077821492146
802,GAM,0.131,2711.0,0.615077821492146
1679,GAM,0.131,2711.0,0.615077821492146
1750,GAM,0.131,2711.0,0.615077821492146
313,GAM,0.13,2717.0,0.6103825709464044
1016,GAM,0.13,2717.0,0.6103825709464044
1381,GAM,0.13,2717.0,0.6103825709464044
134,GAM,0.129,2720.0,0.6056873204006628
1095,GAM,0.129,2720.0,0.6056873204006628
1198,GAM,0.129,2720.0,0.6056873204006628
791,GAM,0.128,2723.0,0.6009920698549212
2343,GAM,0.128,2723.0,0.6009920698549212
2604,GAM,0.128,2723.0,0.6009920698549212
273,GAM,0.127,2726.0,0.5962968193091797
1901,GAM,0.127,2726.0,0.5962968193091797
868,GAM,0.126,2728.0,0.5916015687634381
1249,GAM,0.126,2728.0,0.5916015687634381
2270,GAM,0.126,2728.0,0.5916015687634381
2563,GAM,0.126,2728.0,0.5916015687634381
461,GAM,0.125,2732.0,0.5869063182176965
627,GAM,0.125,2732.0,0.5869063182176965
928,GAM,0.125,2732.0,0.5869063182176965
1310,GAM,0.125,2732.0,0.5869063182176965
120,GAM,0.124,2736.0,0.5822110676719549
520,GAM,0.124,2736.0,0.5822110676719549
884,GAM,0.124,2736.0,0.5822110676719549
1638,GAM,0.124,2736.0,0.5822110676719549
2297,GAM,0.123,2740.0,0.5775158171262132
723,GAM,0.122,2741.0,0.5728205665804718
1139,GAM,0.122,2741.0,0.5728205665804718
1580,GAM,0.122,2741.0,0.5728205665804718
1617,GAM,0.122,2741.0,0.5728205665804718
2064,GAM,0.122,2741.0,0.5728205665804718
361,GAM,0.121,2746.0,0.5681253160347302
1917,GAM,0.121,2746.0,0.5681253160347302
274,GAM,0.12,2748.0,0.5634300654889886
2336,GAM,0.12,2748.0,0.5634300654889886
632,GAM,0.119,2750.0,0.558734814943247
2477,GAM,0.119,2750.0,0.558734814943247
903,GAM,0.118,2752.0,0.5540395643975055
1036,GAM,0.118,2752.0,0.5540395643975055
2768,GAM,0.118,2752.0,0.5540395643975055
2535,GAM,0.117,2755.0,0.549344313851764
229,GAM,0.116,2756.0,0.5446490633060224
2685,GAM,0.116,2756.0,0.5446490633060224
1030,GAM,0.115,2758.0,0.5399538127602808
1399,GAM,0.115,2758.0,0.5399538127602808
67,GAM,0.114,2760.0,0.5352585622145392
793,GAM,0.114,2760.0,0.5352585622145392
2645,GAM,0.114,2760.0,0.5352585622145392
692,GAM,0.113,2763.0,0.5305633116687976
841,GAM,0.113,2763.0,0.5305633116687976
1064,GAM,0.113,2763.0,0.5305633116687976
663,GAM,0.111,2766.0,0.5211728105773145
1245,GAM,0.111,2766.0,0.5211728105773145
1578,GAM,0.111,2766.0,0.5211728105773145
1373,GAM,0.11,2769.0,0.5164775600315729
144,GAM,0.109,2770.0,0.5117823094858313
2753,GAM,0.108,2771.0,0.5070870589400898
1247,GAM,0.104,2772.0,0.4883060567571234
2664,GAM,0.104,2772.0,0.4883060567571234
993,GAM,0.1,2774.0,0.46952505457415716
1619,GAM,0.096,2775.0,0.45074405239119086
1159,GAM,0.093,2776.0,0.43665830075396617
2520,GAM,0.087,2777.0,0.4084867974795167
1642,GAM,0.07,2778.0,0.32866753820191
2266,RF,1.805,1.0,7.811831048914449
979,RF,1.707,2.0,7.387698393627128
904,RF,1.65,3.0,7.14100899208246
2284,RF,1.634,4.0,7.071762844280448
2583,RF,1.522,5.0,6.587039809666367
1255,RF,1.516,6.0,6.561072504240612
923,RF,1.448,7.0,6.266776376082062
2609,RF,1.438,8.0,6.223497533705805
2084,RF,1.411,9.0,6.10664465928991
878,RF,1.35,10.0,5.842643720794741
476,RF,1.338,11.0,5.790709109943232
951,RF,1.332,12.0,5.764741804517477
1439,RF,1.275,13.0,5.51805240297281
405,RF,1.27,14.0,5.496412981784681
570,RF,1.264,15.0,5.470445676358927
351,RF,1.252,16.0,5.418511065507419
1931,RF,1.243,17.0,5.379560107368787
1437,RF,1.241,18.0,5.370904338893536
220,RF,1.238,19.0,5.357920686180658
2290,RF,1.23,20.0,5.323297612279652
561,RF,1.229,21.0,5.318969728042027
292,RF,1.213,22.0,5.2497235802400155
1020,RF,1.208,23.0,5.228084159051886
1475,RF,1.205,24.0,5.2151005063390095
1250,RF,1.203,25.0,5.206444737863758
1549,RF,1.19,26.0,5.150182242774623
129,RF,1.182,27.0,5.115559168873617
2076,RF,1.177,28.0,5.093919747685488
1090,RF,1.167,29.0,5.050640905309232
2023,RF,1.165,30.0,5.04198513683398
2673,RF,1.159,31.0,5.0160178314082255
1692,RF,1.158,32.0,5.011689947170599
996,RF,1.156,33.0,5.003034178695348
1647,RF,1.152,34.0,4.985722641744845
2037,RF,1.144,35.0,4.951099567843839
650,RF,1.137,36.0,4.920804378180459
527,RF,1.126,37.0,4.873197651566575
968,RF,1.123,38.0,4.860213998853698
1488,RF,1.106,39.0,4.786639966814062
1824,RF,1.101,40.0,4.765000545625933
1754,RF,1.099,41.0,4.756344777150681
2029,RF,1.098,42.0,4.752016892913056
1459,RF,1.094,43.0,4.734705355962553
1025,RF,1.081,44.0,4.678442860873417
2659,RF,1.071,45.0,4.635164018497161
2542,RF,1.065,46.0,4.609196713071406
1105,RF,1.063,47.0,4.600540944596155
2469,RF,1.061,48.0,4.591885176120903
2152,RF,1.06,49.0,4.587557291883278
2010,RF,1.059,50.0,4.583229407645652
1271,RF,1.056,51.0,4.570245754932775
1825,RF,1.051,52.0,4.548606333744646
2145,RF,1.051,52.0,4.548606333744646
2177,RF,1.048,54.0,4.535622681031769
485,RF,1.035,55.0,4.4793601859426335
2501,RF,1.033,56.0,4.470704417467382
2552,RF,1.032,57.0,4.466376533229757
2063,RF,1.028,58.0,4.449064996279255
2566,RF,1.026,59.0,4.440409227804003
1837,RF,1.023,60.0,4.427425575091125
1597,RF,1.021,61.0,4.418769806615874
1945,RF,1.016,62.0,4.3971303854277455
2612,RF,1.011,63.0,4.375490964239616
874,RF,1.008,64.0,4.362507311526739
1220,RF,1.008,64.0,4.362507311526739
601,RF,1.006,66.0,4.353851543051488
2599,RF,1.005,67.0,4.349523658813862
429,RF,1.004,68.0,4.345195774576236
959,RF,1.002,69.0,4.336540006100985
294,RF,0.992,70.0,4.293261163724727
970,RF,0.99,71.0,4.284605395249476
825,RF,0.986,72.0,4.267293858298973
2538,RF,0.984,73.0,4.258638089823721
262,RF,0.983,74.0,4.254310205586096
377,RF,0.982,75.0,4.249982321348471
93,RF,0.98,76.0,4.241326552873219
2047,RF,0.98,76.0,4.241326552873219
2225,RF,0.973,78.0,4.211031363209838
2305,RF,0.973,78.0,4.211031363209838
965,RF,0.969,80.0,4.193719826259335
2164,RF,0.968,81.0,4.18939194202171
900,RF,0.962,82.0,4.1634246365959555
2275,RF,0.959,83.0,4.150440983883079
1922,RF,0.957,84.0,4.141785215407827
1814,RF,0.955,85.0,4.133129446932576
244,RF,0.953,86.0,4.124473678457324
358,RF,0.951,87.0,4.115817909982073
1502,RF,0.951,87.0,4.115817909982073
2705,RF,0.948,89.0,4.102834257269195
1312,RF,0.944,90.0,4.085522720318692
2319,RF,0.938,91.0,4.059555414892937
879,RF,0.937,92.0,4.055227530655313
991,RF,0.934,93.0,4.042243877942435
1678,RF,0.934,93.0,4.042243877942435
1779,RF,0.934,93.0,4.042243877942435
937,RF,0.929,96.0,4.020604456754307
1158,RF,0.929,96.0,4.020604456754307
214,RF,0.927,98.0,4.011948688279055
1623,RF,0.925,99.0,4.003292919803804
1118,RF,0.924,100.0,3.998965035566178
2434,RF,0.924,100.0,3.998965035566178
1661,RF,0.921,102.0,3.985981382853301
1856,RF,0.92,103.0,3.981653498615675
1954,RF,0.92,103.0,3.981653498615675
75,RF,0.914,105.0,3.9556861931899205
2092,RF,0.912,106.0,3.947030424714669
2161,RF,0.909,107.0,3.9340467720017918
2183,RF,0.909,107.0,3.9340467720017918
2110,RF,0.906,109.0,3.9210631192889145
1080,RF,0.905,110.0,3.9167352350512887
463,RF,0.903,111.0,3.9080794665760377
1252,RF,0.903,111.0,3.9080794665760377
1243,RF,0.901,113.0,3.899423698100786
293,RF,0.9,114.0,3.8950958138631604
664,RF,0.9,114.0,3.8950958138631604
2456,RF,0.898,116.0,3.886440045387909
1011,RF,0.897,117.0,3.882112161150283
132,RF,0.895,118.0,3.8734563926750316
2281,RF,0.895,118.0,3.8734563926750316
732,RF,0.894,120.0,3.869128508437406
170,RF,0.893,121.0,3.86480062419978
748,RF,0.89,122.0,3.851816971486903
1114,RF,0.89,122.0,3.851816971486903
774,RF,0.889,124.0,3.847489087249277
1518,RF,0.888,125.0,3.8431612030116513
2600,RF,0.888,125.0,3.8431612030116513
2731,RF,0.887,127.0,3.8388333187740256
323,RF,0.886,128.0,3.8345054345364
1390,RF,0.882,129.0,3.817193897585897
187,RF,0.88,130.0,3.8085381291106457
1165,RF,0.879,131.0,3.80421024487302
1637,RF,0.879,131.0,3.80421024487302
1815,RF,0.875,133.0,3.786898707922517
318,RF,0.874,134.0,3.782570823684891
1453,RF,0.871,135.0,3.769587170972014
1345,RF,0.869,136.0,3.7609314024967624
2089,RF,0.869,136.0,3.7609314024967624
2404,RF,0.869,136.0,3.7609314024967624
2689,RF,0.867,139.0,3.752275634021511
539,RF,0.866,140.0,3.747947749783885
850,RF,0.865,141.0,3.7436198655462594
2273,RF,0.864,142.0,3.7392919813086336
775,RF,0.857,143.0,3.7089967916452538
2158,RF,0.857,143.0,3.7089967916452538
836,RF,0.855,145.0,3.7003410231700022
2505,RF,0.855,145.0,3.7003410231700022
635,RF,0.854,147.0,3.6960131389323765
1910,RF,0.854,147.0,3.6960131389323765
998,RF,0.853,149.0,3.6916852546947507
1493,RF,0.851,150.0,3.683029486219499
2741,RF,0.85,151.0,3.6787016019818735
2170,RF,0.846,152.0,3.6613900650313704
39,RF,0.845,153.0,3.6570621807937447
2432,RF,0.844,154.0,3.652734296556119
569,RF,0.843,155.0,3.648406412318493
696,RF,0.842,156.0,3.6440785280808674
586,RF,0.84,157.0,3.635422759605616
552,RF,0.839,158.0,3.63109487536799
1354,RF,0.838,159.0,3.6267669911303644
2541,RF,0.838,159.0,3.6267669911303644
1033,RF,0.835,161.0,3.613783338417487
52,RF,0.831,162.0,3.5964718014669845
1572,RF,0.83,163.0,3.5921439172293588
2249,RF,0.828,164.0,3.5834881487541073
1264,RF,0.827,165.0,3.5791602645164815
1756,RF,0.827,165.0,3.5791602645164815
2054,RF,0.822,167.0,3.5575208433283527
1559,RF,0.821,168.0,3.553192959090727
2389,RF,0.819,169.0,3.5445371906154755
371,RF,0.818,170.0,3.5402093063778497
1233,RF,0.816,171.0,3.531553537902598
1530,RF,0.816,171.0,3.531553537902598
1791,RF,0.816,171.0,3.531553537902598
2344,RF,0.816,171.0,3.531553537902598
82,RF,0.814,175.0,3.5228977694273467
410,RF,0.81,176.0,3.5055862324768445
59,RF,0.808,177.0,3.496930464001593
925,RF,0.807,178.0,3.4926025797639673
1879,RF,0.807,178.0,3.4926025797639673
729,RF,0.804,180.0,3.47961892705109
1419,RF,0.803,181.0,3.4752910428134642
2584,RF,0.802,182.0,3.4709631585758385
847,RF,0.8,183.0,3.462307390100587
484,RF,0.799,184.0,3.457979505862961
1107,RF,0.795,185.0,3.440667968912458
2607,RF,0.795,185.0,3.440667968912458
1644,RF,0.794,187.0,3.4363400846748324
761,RF,0.792,188.0,3.427684316199581
2224,RF,0.792,188.0,3.427684316199581
2564,RF,0.792,188.0,3.427684316199581
1356,RF,0.788,191.0,3.4103727792490783
2544,RF,0.788,191.0,3.4103727792490783
1277,RF,0.786,193.0,3.401717010773827
264,RF,0.783,194.0,3.3887333580609496
1484,RF,0.783,194.0,3.3887333580609496
516,RF,0.782,196.0,3.384405473823324
64,RF,0.781,197.0,3.380077589585698
1244,RF,0.781,197.0,3.380077589585698
1096,RF,0.78,199.0,3.3757497053480723
885,RF,0.779,200.0,3.3714218211104465
2742,RF,0.779,200.0,3.3714218211104465
1129,RF,0.776,202.0,3.3584381683975693
2130,RF,0.776,202.0,3.3584381683975693
1979,RF,0.775,204.0,3.3541102841599435
2255,RF,0.775,204.0,3.3541102841599435
176,RF,0.774,206.0,3.3497823999223177
387,RF,0.772,207.0,3.3411266314470662
1746,RF,0.772,207.0,3.3411266314470662
1652,RF,0.771,209.0,3.3367987472094405
2391,RF,0.77,210.0,3.3324708629718147
955,RF,0.769,211.0,3.328142978734189
843,RF,0.768,212.0,3.323815094496563
1608,RF,0.768,212.0,3.323815094496563
529,RF,0.766,214.0,3.315159326021312
997,RF,0.764,215.0,3.3065035575460606
2179,RF,0.764,215.0,3.3065035575460606
250,RF,0.763,217.0,3.302175673308435
38,RF,0.762,218.0,3.297847789070809
193,RF,0.762,218.0,3.297847789070809
210,RF,0.762,218.0,3.297847789070809
69,RF,0.761,221.0,3.2935199048331834
1539,RF,0.759,222.0,3.284864136357932
2260,RF,0.759,222.0,3.284864136357932
24,RF,0.758,224.0,3.280536252120306
149,RF,0.758,224.0,3.280536252120306
1048,RF,0.758,224.0,3.280536252120306
1192,RF,0.758,224.0,3.280536252120306
1482,RF,0.758,224.0,3.280536252120306
1140,RF,0.757,229.0,3.2762083678826803
1909,RF,0.756,230.0,3.2718804836450546
816,RF,0.755,231.0,3.267552599407429
1291,RF,0.755,231.0,3.267552599407429
84,RF,0.754,233.0,3.263224715169803
606,RF,0.753,234.0,3.2588968309321773
2422,RF,0.753,234.0,3.2588968309321773
1526,RF,0.752,236.0,3.2545689466945515
538,RF,0.748,237.0,3.2372574097440485
1772,RF,0.748,237.0,3.2372574097440485
2211,RF,0.748,237.0,3.2372574097440485
325,RF,0.747,240.0,3.2329295255064228
1511,RF,0.747,240.0,3.2329295255064228
2509,RF,0.747,240.0,3.2329295255064228
1847,RF,0.744,243.0,3.2199458727935455
2232,RF,0.744,243.0,3.2199458727935455
320,RF,0.743,245.0,3.21561798855592
1355,RF,0.742,246.0,3.2112901043182944
53,RF,0.741,247.0,3.2069622200806687
2525,RF,0.74,248.0,3.202634335843043
960,RF,0.739,249.0,3.198306451605417
2436,RF,0.739,249.0,3.198306451605417
1640,RF,0.738,251.0,3.1939785673677914
2261,RF,0.737,252.0,3.1896506831301656
238,RF,0.736,253.0,3.18532279889254
1221,RF,0.736,253.0,3.18532279889254
2204,RF,0.736,253.0,3.18532279889254
2227,RF,0.736,253.0,3.18532279889254
100,RF,0.734,257.0,3.1766670304172884
940,RF,0.734,257.0,3.1766670304172884
2103,RF,0.733,259.0,3.1723391461796626
518,RF,0.732,260.0,3.168011261942037
110,RF,0.729,261.0,3.1550276092291596
877,RF,0.729,261.0,3.1550276092291596
1026,RF,0.729,261.0,3.1550276092291596
1190,RF,0.727,264.0,3.146371840753908
44,RF,0.725,265.0,3.1377160722786566
2210,RF,0.725,265.0,3.1377160722786566
1689,RF,0.724,267.0,3.133388188041031
608,RF,0.723,268.0,3.129060303803405
2411,RF,0.723,268.0,3.129060303803405
2004,RF,0.722,270.0,3.1247324195657793
2648,RF,0.722,270.0,3.1247324195657793
2660,RF,0.721,272.0,3.1204045353281535
1919,RF,0.72,273.0,3.1160766510905282
1639,RF,0.718,274.0,3.1074208826152767
287,RF,0.717,275.0,3.103092998377651
861,RF,0.717,275.0,3.103092998377651
1693,RF,0.717,275.0,3.103092998377651
35,RF,0.715,278.0,3.0944372299023994
403,RF,0.714,279.0,3.0901093456647737
411,RF,0.714,279.0,3.0901093456647737
2212,RF,0.714,279.0,3.0901093456647737
797,RF,0.713,282.0,3.085781461427148
995,RF,0.712,283.0,3.081453577189522
1601,RF,0.712,283.0,3.081453577189522
2338,RF,0.712,283.0,3.081453577189522
212,RF,0.711,286.0,3.0771256929518964
402,RF,0.711,286.0,3.0771256929518964
286,RF,0.71,288.0,3.0727978087142707
749,RF,0.71,288.0,3.0727978087142707
1739,RF,0.71,288.0,3.0727978087142707
131,RF,0.709,291.0,3.068469924476645
192,RF,0.708,292.0,3.064142040239019
431,RF,0.708,292.0,3.064142040239019
1568,RF,0.708,292.0,3.064142040239019
1930,RF,0.708,292.0,3.064142040239019
2309,RF,0.706,296.0,3.0554862717637676
2356,RF,0.705,297.0,3.051158387526142
104,RF,0.704,298.0,3.046830503288516
978,RF,0.703,299.0,3.0425026190508904
1122,RF,0.703,299.0,3.0425026190508904
1656,RF,0.703,299.0,3.0425026190508904
474,RF,0.702,302.0,3.0381747348132646
1566,RF,0.702,302.0,3.0381747348132646
964,RF,0.7,304.0,3.029518966338013
2199,RF,0.699,305.0,3.0251910821003873
2394,RF,0.699,305.0,3.0251910821003873
1040,RF,0.698,307.0,3.0208631978627616
1329,RF,0.698,307.0,3.0208631978627616
914,RF,0.697,309.0,3.016535313625136
1935,RF,0.697,309.0,3.016535313625136
312,RF,0.696,311.0,3.0122074293875105
1019,RF,0.696,311.0,3.0122074293875105
280,RF,0.695,313.0,3.0078795451498848
567,RF,0.695,313.0,3.0078795451498848
656,RF,0.694,315.0,3.003551660912259
1948,RF,0.694,315.0,3.003551660912259
2517,RF,0.694,315.0,3.003551660912259
300,RF,0.692,318.0,2.9948958924370075
334,RF,0.692,318.0,2.9948958924370075
1286,RF,0.692,318.0,2.9948958924370075
486,RF,0.691,321.0,2.9905680081993817
672,RF,0.691,321.0,2.9905680081993817
740,RF,0.69,323.0,2.986240123961756
2347,RF,0.69,323.0,2.986240123961756
2733,RF,0.69,323.0,2.986240123961756
1841,RF,0.689,326.0,2.98191223972413
196,RF,0.688,327.0,2.9775843554865045
2486,RF,0.688,327.0,2.9775843554865045
753,RF,0.687,329.0,2.973256471248879
2334,RF,0.687,329.0,2.973256471248879
776,RF,0.685,331.0,2.9646007027736276
1185,RF,0.684,332.0,2.960272818536002
2052,RF,0.684,332.0,2.960272818536002
944,RF,0.683,334.0,2.955944934298376
1035,RF,0.683,334.0,2.955944934298376
1360,RF,0.683,334.0,2.955944934298376
2351,RF,0.683,334.0,2.955944934298376
2418,RF,0.683,334.0,2.955944934298376
159,RF,0.681,339.0,2.9472891658231246
844,RF,0.681,339.0,2.9472891658231246
1062,RF,0.681,339.0,2.9472891658231246
826,RF,0.68,342.0,2.942961281585499
1369,RF,0.68,342.0,2.942961281585499
2251,RF,0.68,342.0,2.942961281585499
1672,RF,0.679,345.0,2.938633397347873
1811,RF,0.679,345.0,2.938633397347873
2466,RF,0.679,345.0,2.938633397347873
2585,RF,0.679,345.0,2.938633397347873
1893,RF,0.677,349.0,2.9299776288726216
522,RF,0.675,350.0,2.9213218603973705
721,RF,0.675,350.0,2.9213218603973705
2099,RF,0.675,350.0,2.9213218603973705
1764,RF,0.674,353.0,2.9169939761597448
2656,RF,0.674,353.0,2.9169939761597448
1476,RF,0.673,355.0,2.912666091922119
1688,RF,0.673,355.0,2.912666091922119
2704,RF,0.673,355.0,2.912666091922119
2300,RF,0.672,358.0,2.9083382076844932
1436,RF,0.671,359.0,2.9040103234468675
2724,RF,0.671,359.0,2.9040103234468675
2359,RF,0.67,361.0,2.8996824392092417
45,RF,0.669,362.0,2.895354554971616
1538,RF,0.668,363.0,2.8910266707339902
1023,RF,0.667,364.0,2.8866987864963645
2119,RF,0.667,364.0,2.8866987864963645
2677,RF,0.667,364.0,2.8866987864963645
74,RF,0.666,367.0,2.8823709022587387
1828,RF,0.666,367.0,2.8823709022587387
2441,RF,0.666,367.0,2.8823709022587387
2667,RF,0.666,367.0,2.8823709022587387
188,RF,0.665,371.0,2.878043018021113
117,RF,0.663,372.0,2.8693872495458614
700,RF,0.663,372.0,2.8693872495458614
1503,RF,0.663,372.0,2.8693872495458614
1226,RF,0.662,375.0,2.8650593653082357
2388,RF,0.662,375.0,2.8650593653082357
1349,RF,0.661,377.0,2.86073148107061
1523,RF,0.661,377.0,2.86073148107061
420,RF,0.66,379.0,2.856403596832984
1361,RF,0.66,379.0,2.856403596832984
1758,RF,0.66,379.0,2.856403596832984
1892,RF,0.66,379.0,2.856403596832984
2085,RF,0.66,379.0,2.856403596832984
2315,RF,0.66,379.0,2.856403596832984
2369,RF,0.66,379.0,2.856403596832984
1184,RF,0.659,386.0,2.8520757125953584
2495,RF,0.659,386.0,2.8520757125953584
2644,RF,0.659,386.0,2.8520757125953584
424,RF,0.658,389.0,2.8477478283577327
2238,RF,0.658,389.0,2.8477478283577327
2327,RF,0.658,389.0,2.8477478283577327
1270,RF,0.656,392.0,2.839092059882481
2013,RF,0.656,392.0,2.839092059882481
2634,RF,0.656,392.0,2.839092059882481
409,RF,0.655,395.0,2.8347641756448554
863,RF,0.655,395.0,2.8347641756448554
1044,RF,0.654,397.0,2.8304362914072296
2736,RF,0.654,397.0,2.8304362914072296
1194,RF,0.653,399.0,2.826108407169604
2149,RF,0.653,399.0,2.826108407169604
2178,RF,0.653,399.0,2.826108407169604
2475,RF,0.653,399.0,2.826108407169604
1305,RF,0.652,403.0,2.8217805229319786
2443,RF,0.652,403.0,2.8217805229319786
657,RF,0.65,405.0,2.813124754456727
1670,RF,0.65,405.0,2.813124754456727
1716,RF,0.65,405.0,2.813124754456727
2287,RF,0.65,405.0,2.813124754456727
130,RF,0.649,409.0,2.8087968702191013
2151,RF,0.649,409.0,2.8087968702191013
1431,RF,0.645,411.0,2.7914853332685983
2132,RF,0.645,411.0,2.7914853332685983
97,RF,0.644,413.0,2.7871574490309725
2714,RF,0.644,413.0,2.7871574490309725
654,RF,0.643,415.0,2.7828295647933468
1819,RF,0.643,415.0,2.7828295647933468
444,RF,0.642,417.0,2.778501680555721
1674,RF,0.641,418.0,2.7741737963180952
1999,RF,0.64,419.0,2.7698459120804695
2318,RF,0.64,419.0,2.7698459120804695
2723,RF,0.64,419.0,2.7698459120804695
81,RF,0.639,422.0,2.7655180278428437
454,RF,0.639,422.0,2.7655180278428437
638,RF,0.639,422.0,2.7655180278428437
1406,RF,0.639,422.0,2.7655180278428437
1905,RF,0.637,426.0,2.756862259367592
2213,RF,0.637,426.0,2.756862259367592
548,RF,0.636,428.0,2.7525343751299665
1861,RF,0.636,428.0,2.7525343751299665
1980,RF,0.636,428.0,2.7525343751299665
2419,RF,0.636,428.0,2.7525343751299665
2576,RF,0.636,428.0,2.7525343751299665
1960,RF,0.635,433.0,2.7482064908923407
2776,RF,0.635,433.0,2.7482064908923407
1565,RF,0.634,435.0,2.743878606654715
2326,RF,0.634,435.0,2.743878606654715
1100,RF,0.633,437.0,2.739550722417089
2295,RF,0.633,437.0,2.739550722417089
507,RF,0.632,439.0,2.7352228381794634
581,RF,0.631,440.0,2.7308949539418377
823,RF,0.631,440.0,2.7308949539418377
1126,RF,0.631,440.0,2.7308949539418377
1315,RF,0.631,440.0,2.7308949539418377
11,RF,0.63,444.0,2.726567069704212
865,RF,0.63,444.0,2.726567069704212
2022,RF,0.63,444.0,2.726567069704212
2159,RF,0.628,447.0,2.717911301228961
2163,RF,0.628,447.0,2.717911301228961
162,RF,0.627,449.0,2.713583416991335
599,RF,0.627,449.0,2.713583416991335
1697,RF,0.627,449.0,2.713583416991335
369,RF,0.626,452.0,2.7092555327537093
933,RF,0.626,452.0,2.7092555327537093
389,RF,0.624,454.0,2.700599764278458
2680,RF,0.623,455.0,2.696271880040832
427,RF,0.621,456.0,2.6876161115655806
918,RF,0.621,456.0,2.6876161115655806
2719,RF,0.621,456.0,2.6876161115655806
99,RF,0.62,459.0,2.683288227327955
1010,RF,0.62,459.0,2.683288227327955
1513,RF,0.62,459.0,2.683288227327955
1749,RF,0.62,459.0,2.683288227327955
2160,RF,0.62,459.0,2.683288227327955
376,RF,0.619,464.0,2.678960343090329
958,RF,0.619,464.0,2.678960343090329
1500,RF,0.619,464.0,2.678960343090329
1473,RF,0.618,467.0,2.6746324588527033
1510,RF,0.618,467.0,2.6746324588527033
674,RF,0.617,469.0,2.6703045746150775
1492,RF,0.617,469.0,2.6703045746150775
2464,RF,0.617,469.0,2.6703045746150775
1031,RF,0.616,472.0,2.6659766903774518
1532,RF,0.616,472.0,2.6659766903774518
2019,RF,0.615,474.0,2.661648806139826
1951,RF,0.614,475.0,2.6573209219022003
1872,RF,0.613,476.0,2.6529930376645745
722,RF,0.612,477.0,2.6486651534269487
845,RF,0.612,477.0,2.6486651534269487
1212,RF,0.612,477.0,2.6486651534269487
2114,RF,0.612,477.0,2.6486651534269487
2188,RF,0.612,477.0,2.6486651534269487
86,RF,0.611,482.0,2.644337269189323
408,RF,0.611,482.0,2.644337269189323
1296,RF,0.611,482.0,2.644337269189323
1958,RF,0.611,482.0,2.644337269189323
546,RF,0.61,486.0,2.6400093849516972
1189,RF,0.61,486.0,2.6400093849516972
1240,RF,0.61,486.0,2.6400093849516972
2038,RF,0.61,486.0,2.6400093849516972
151,RF,0.609,490.0,2.6356815007140715
1084,RF,0.608,491.0,2.6313536164764457
1863,RF,0.608,491.0,2.6313536164764457
96,RF,0.607,493.0,2.62702573223882
1423,RF,0.607,493.0,2.62702573223882
1806,RF,0.607,493.0,2.62702573223882
1933,RF,0.607,493.0,2.62702573223882
488,RF,0.606,497.0,2.622697848001194
1347,RF,0.606,497.0,2.622697848001194
127,RF,0.605,499.0,2.618369963763569
496,RF,0.605,499.0,2.618369963763569
743,RF,0.605,499.0,2.618369963763569
1544,RF,0.605,499.0,2.618369963763569
2026,RF,0.605,499.0,2.618369963763569
2209,RF,0.605,499.0,2.618369963763569
557,RF,0.604,505.0,2.614042079525943
1018,RF,0.604,505.0,2.614042079525943
1681,RF,0.604,505.0,2.614042079525943
2401,RF,0.604,505.0,2.614042079525943
876,RF,0.603,509.0,2.6097141952883174
1702,RF,0.603,509.0,2.6097141952883174
1798,RF,0.603,509.0,2.6097141952883174
1858,RF,0.603,509.0,2.6097141952883174
2339,RF,0.603,509.0,2.6097141952883174
2430,RF,0.603,509.0,2.6097141952883174
2511,RF,0.603,509.0,2.6097141952883174
1412,RF,0.602,516.0,2.6053863110506916
2455,RF,0.602,516.0,2.6053863110506916
547,RF,0.601,518.0,2.601058426813066
1404,RF,0.6,519.0,2.59673054257544
1651,RF,0.6,519.0,2.59673054257544
623,RF,0.599,521.0,2.5924026583378144
122,RF,0.598,522.0,2.5880747741001886
491,RF,0.598,522.0,2.5880747741001886
913,RF,0.598,522.0,2.5880747741001886
1427,RF,0.598,522.0,2.5880747741001886
2703,RF,0.598,522.0,2.5880747741001886
2122,RF,0.597,527.0,2.583746889862563
428,RF,0.596,528.0,2.579419005624937
2717,RF,0.596,528.0,2.579419005624937
260,RF,0.595,530.0,2.5750911213873113
414,RF,0.595,530.0,2.5750911213873113
528,RF,0.595,530.0,2.5750911213873113
1669,RF,0.595,530.0,2.5750911213873113
2480,RF,0.595,530.0,2.5750911213873113
2610,RF,0.595,530.0,2.5750911213873113
2630,RF,0.595,530.0,2.5750911213873113
1655,RF,0.594,537.0,2.5707632371496856
806,RF,0.593,538.0,2.56643535291206
856,RF,0.593,538.0,2.56643535291206
1522,RF,0.593,538.0,2.56643535291206
1873,RF,0.593,538.0,2.56643535291206
1955,RF,0.593,538.0,2.56643535291206
2368,RF,0.593,538.0,2.56643535291206
981,RF,0.592,544.0,2.562107468674434
1715,RF,0.592,544.0,2.562107468674434
697,RF,0.591,546.0,2.5577795844368083
1972,RF,0.591,546.0,2.5577795844368083
2259,RF,0.591,546.0,2.5577795844368083
2547,RF,0.591,546.0,2.5577795844368083
2622,RF,0.591,546.0,2.5577795844368083
1302,RF,0.59,551.0,2.5534517001991826
2067,RF,0.59,551.0,2.5534517001991826
2643,RF,0.59,551.0,2.5534517001991826
2045,RF,0.588,554.0,2.544795931723931
2200,RF,0.588,554.0,2.544795931723931
2497,RF,0.588,554.0,2.544795931723931
2633,RF,0.588,554.0,2.544795931723931
1940,RF,0.587,558.0,2.5404680474863053
2537,RF,0.587,558.0,2.5404680474863053
2567,RF,0.587,558.0,2.5404680474863053
1686,RF,0.586,561.0,2.5361401632486795
1989,RF,0.586,561.0,2.5361401632486795
735,RF,0.584,563.0,2.527484394773428
1747,RF,0.584,563.0,2.527484394773428
2578,RF,0.584,563.0,2.527484394773428
302,RF,0.583,566.0,2.5231565105358023
708,RF,0.583,566.0,2.5231565105358023
1662,RF,0.583,566.0,2.5231565105358023
1986,RF,0.583,566.0,2.5231565105358023
2247,RF,0.583,566.0,2.5231565105358023
442,RF,0.582,571.0,2.518828626298177
2078,RF,0.582,571.0,2.518828626298177
2313,RF,0.582,571.0,2.518828626298177
2323,RF,0.582,571.0,2.518828626298177
2770,RF,0.582,571.0,2.518828626298177
1320,RF,0.581,576.0,2.514500742060551
2529,RF,0.581,576.0,2.514500742060551
2698,RF,0.581,576.0,2.514500742060551
101,RF,0.58,579.0,2.5101728578229254
1594,RF,0.58,579.0,2.5101728578229254
2437,RF,0.58,579.0,2.5101728578229254
821,RF,0.579,582.0,2.5058449735852997
1875,RF,0.579,582.0,2.5058449735852997
467,RF,0.578,584.0,2.501517089347674
1009,RF,0.578,584.0,2.501517089347674
734,RF,0.577,586.0,2.497189205110048
986,RF,0.577,586.0,2.497189205110048
1762,RF,0.577,586.0,2.497189205110048
2722,RF,0.577,586.0,2.497189205110048
12,RF,0.576,590.0,2.4928613208724224
2106,RF,0.576,590.0,2.4928613208724224
714,RF,0.575,592.0,2.4885334366347966
755,RF,0.575,592.0,2.4885334366347966
1596,RF,0.575,592.0,2.4885334366347966
249,RF,0.574,595.0,2.484205552397171
2274,RF,0.574,595.0,2.484205552397171
2679,RF,0.574,595.0,2.484205552397171
32,RF,0.573,598.0,2.479877668159545
307,RF,0.573,598.0,2.479877668159545
587,RF,0.573,598.0,2.479877668159545
1199,RF,0.573,598.0,2.479877668159545
1363,RF,0.573,598.0,2.479877668159545
1783,RF,0.573,598.0,2.479877668159545
2372,RF,0.573,598.0,2.479877668159545
478,RF,0.572,605.0,2.4755497839219194
1008,RF,0.572,605.0,2.4755497839219194
2453,RF,0.571,607.0,2.4712218996842936
2546,RF,0.571,607.0,2.4712218996842936
43,RF,0.57,609.0,2.466894015446668
1501,RF,0.57,609.0,2.466894015446668
1534,RF,0.57,609.0,2.466894015446668
1890,RF,0.57,609.0,2.466894015446668
2140,RF,0.57,609.0,2.466894015446668
15,RF,0.569,614.0,2.462566131209042
199,RF,0.569,614.0,2.462566131209042
1499,RF,0.569,614.0,2.462566131209042
1943,RF,0.569,614.0,2.462566131209042
2250,RF,0.569,614.0,2.462566131209042
2568,RF,0.569,614.0,2.462566131209042
413,RF,0.568,620.0,2.4582382469714164
141,RF,0.567,621.0,2.4539103627337906
2333,RF,0.567,621.0,2.4539103627337906
2735,RF,0.567,621.0,2.4539103627337906
282,RF,0.566,624.0,2.449582478496165
1778,RF,0.566,624.0,2.449582478496165
562,RF,0.565,626.0,2.445254594258539
818,RF,0.565,626.0,2.445254594258539
961,RF,0.565,626.0,2.445254594258539
1648,RF,0.565,626.0,2.445254594258539
1768,RF,0.565,626.0,2.445254594258539
2234,RF,0.565,626.0,2.445254594258539
230,RF,0.564,632.0,2.4409267100209133
303,RF,0.564,632.0,2.4409267100209133
1371,RF,0.563,634.0,2.4365988257832876
2739,RF,0.562,635.0,2.4322709415456623
10,RF,0.561,636.0,2.427943057308037
814,RF,0.56,637.0,2.423615173070411
1219,RF,0.56,637.0,2.423615173070411
2175,RF,0.56,637.0,2.423615173070411
55,RF,0.559,640.0,2.4192872888327854
637,RF,0.559,640.0,2.4192872888327854
909,RF,0.559,640.0,2.4192872888327854
862,RF,0.558,643.0,2.4149594045951597
1093,RF,0.558,643.0,2.4149594045951597
308,RF,0.557,645.0,2.410631520357534
1625,RF,0.557,645.0,2.410631520357534
1957,RF,0.557,645.0,2.410631520357534
2005,RF,0.557,645.0,2.410631520357534
335,RF,0.556,649.0,2.406303636119908
1155,RF,0.556,649.0,2.406303636119908
2269,RF,0.556,649.0,2.406303636119908
143,RF,0.555,652.0,2.4019757518822824
160,RF,0.555,652.0,2.4019757518822824
2012,RF,0.555,652.0,2.4019757518822824
2490,RF,0.555,652.0,2.4019757518822824
266,RF,0.554,656.0,2.3976478676446566
459,RF,0.554,656.0,2.3976478676446566
180,RF,0.553,658.0,2.393319983407031
194,RF,0.553,658.0,2.393319983407031
837,RF,0.553,658.0,2.393319983407031
860,RF,0.553,658.0,2.393319983407031
1614,RF,0.553,658.0,2.393319983407031
2242,RF,0.553,658.0,2.393319983407031
2321,RF,0.553,658.0,2.393319983407031
2639,RF,0.553,658.0,2.393319983407031
2759,RF,0.553,658.0,2.393319983407031
1172,RF,0.552,667.0,2.388992099169405
1480,RF,0.552,667.0,2.388992099169405
2392,RF,0.552,667.0,2.388992099169405
1604,RF,0.551,670.0,2.3846642149317794
1728,RF,0.551,670.0,2.3846642149317794
283,RF,0.55,672.0,2.3803363306941536
1167,RF,0.55,672.0,2.3803363306941536
1263,RF,0.55,672.0,2.3803363306941536
1472,RF,0.55,672.0,2.3803363306941536
1584,RF,0.55,672.0,2.3803363306941536
1607,RF,0.55,672.0,2.3803363306941536
1748,RF,0.549,678.0,2.376008446456528
2136,RF,0.549,678.0,2.376008446456528
2522,RF,0.549,678.0,2.376008446456528
2594,RF,0.549,678.0,2.376008446456528
2684,RF,0.549,678.0,2.376008446456528
1877,RF,0.548,683.0,2.371680562218902
2034,RF,0.548,683.0,2.371680562218902
927,RF,0.547,685.0,2.3673526779812764
1224,RF,0.547,685.0,2.3673526779812764
1802,RF,0.547,685.0,2.3673526779812764
7,RF,0.546,688.0,2.3630247937436506
438,RF,0.546,688.0,2.3630247937436506
511,RF,0.546,688.0,2.3630247937436506
886,RF,0.546,688.0,2.3630247937436506
891,RF,0.546,688.0,2.3630247937436506
2531,RF,0.546,688.0,2.3630247937436506
710,RF,0.545,694.0,2.358696909506025
741,RF,0.545,694.0,2.358696909506025
1711,RF,0.545,694.0,2.358696909506025
2515,RF,0.545,694.0,2.358696909506025
1942,RF,0.544,698.0,2.354369025268399
2361,RF,0.544,698.0,2.354369025268399
815,RF,0.543,700.0,2.3500411410307733
1069,RF,0.543,700.0,2.3500411410307733
1248,RF,0.543,700.0,2.3500411410307733
2104,RF,0.543,700.0,2.3500411410307733
1413,RF,0.542,704.0,2.3457132567931476
2073,RF,0.542,704.0,2.3457132567931476
745,RF,0.541,706.0,2.341385372555522
976,RF,0.541,706.0,2.341385372555522
1438,RF,0.541,706.0,2.341385372555522
1885,RF,0.541,706.0,2.341385372555522
2487,RF,0.541,706.0,2.341385372555522
17,RF,0.54,711.0,2.337057488317896
204,RF,0.54,711.0,2.337057488317896
1920,RF,0.54,711.0,2.337057488317896
2021,RF,0.54,711.0,2.337057488317896
2080,RF,0.54,711.0,2.337057488317896
2117,RF,0.54,711.0,2.337057488317896
1125,RF,0.539,717.0,2.3327296040802703
1418,RF,0.539,717.0,2.3327296040802703
156,RF,0.538,719.0,2.328401719842645
769,RF,0.538,719.0,2.328401719842645
1279,RF,0.538,719.0,2.328401719842645
1883,RF,0.538,719.0,2.328401719842645
2393,RF,0.538,719.0,2.328401719842645
922,RF,0.537,724.0,2.3240738356050192
51,RF,0.536,725.0,2.3197459513673935
452,RF,0.536,725.0,2.3197459513673935
1377,RF,0.536,725.0,2.3197459513673935
2044,RF,0.536,725.0,2.3197459513673935
2727,RF,0.536,725.0,2.3197459513673935
310,RF,0.535,730.0,2.3154180671297677
2373,RF,0.535,730.0,2.3154180671297677
2390,RF,0.535,730.0,2.3154180671297677
400,RF,0.534,733.0,2.311090182892142
457,RF,0.534,733.0,2.311090182892142
481,RF,0.534,733.0,2.311090182892142
795,RF,0.534,733.0,2.311090182892142
1445,RF,0.534,733.0,2.311090182892142
2020,RF,0.534,733.0,2.311090182892142
2384,RF,0.534,733.0,2.311090182892142
60,RF,0.533,740.0,2.306762298654516
455,RF,0.533,740.0,2.306762298654516
613,RF,0.533,740.0,2.306762298654516
851,RF,0.533,740.0,2.306762298654516
917,RF,0.533,740.0,2.306762298654516
1146,RF,0.533,740.0,2.306762298654516
1643,RF,0.533,740.0,2.306762298654516
2128,RF,0.533,740.0,2.306762298654516
365,RF,0.532,748.0,2.3024344144168905
394,RF,0.532,748.0,2.3024344144168905
988,RF,0.532,748.0,2.3024344144168905
1108,RF,0.532,748.0,2.3024344144168905
1448,RF,0.532,748.0,2.3024344144168905
1729,RF,0.532,748.0,2.3024344144168905
2108,RF,0.532,748.0,2.3024344144168905
458,RF,0.531,755.0,2.2981065301792647
1394,RF,0.531,755.0,2.2981065301792647
1826,RF,0.531,755.0,2.2981065301792647
1088,RF,0.53,758.0,2.293778645941639
1450,RF,0.53,758.0,2.293778645941639
2672,RF,0.53,758.0,2.293778645941639
549,RF,0.529,761.0,2.289450761704013
1166,RF,0.529,761.0,2.289450761704013
482,RF,0.528,763.0,2.2851228774663874
1106,RF,0.528,763.0,2.2851228774663874
1382,RF,0.528,763.0,2.2851228774663874
2246,RF,0.528,763.0,2.2851228774663874
350,RF,0.527,767.0,2.2807949932287617
316,RF,0.526,768.0,2.276467108991136
1119,RF,0.526,768.0,2.276467108991136
1285,RF,0.526,768.0,2.276467108991136
1690,RF,0.526,768.0,2.276467108991136
2065,RF,0.526,768.0,2.276467108991136
2090,RF,0.526,768.0,2.276467108991136
2416,RF,0.526,768.0,2.276467108991136
2608,RF,0.526,768.0,2.276467108991136
126,RF,0.525,776.0,2.27213922475351
1321,RF,0.525,776.0,2.27213922475351
1411,RF,0.525,776.0,2.27213922475351
1995,RF,0.525,776.0,2.27213922475351
2001,RF,0.525,776.0,2.27213922475351
780,RF,0.524,781.0,2.2678113405158844
898,RF,0.524,781.0,2.2678113405158844
1649,RF,0.524,781.0,2.2678113405158844
1171,RF,0.523,784.0,2.2634834562782586
2100,RF,0.523,784.0,2.2634834562782586
1124,RF,0.522,786.0,2.259155572040633
1343,RF,0.522,786.0,2.259155572040633
1585,RF,0.522,786.0,2.259155572040633
2157,RF,0.522,786.0,2.259155572040633
2400,RF,0.522,786.0,2.259155572040633
443,RF,0.521,791.0,2.254827687803007
1682,RF,0.521,791.0,2.254827687803007
333,RF,0.52,793.0,2.2504998035653814
602,RF,0.52,793.0,2.2504998035653814
1853,RF,0.52,793.0,2.2504998035653814
2252,RF,0.52,793.0,2.2504998035653814
2774,RF,0.52,793.0,2.2504998035653814
177,RF,0.519,798.0,2.2461719193277556
763,RF,0.519,798.0,2.2461719193277556
1808,RF,0.519,798.0,2.2461719193277556
441,RF,0.518,801.0,2.24184403509013
636,RF,0.518,801.0,2.24184403509013
2710,RF,0.518,801.0,2.24184403509013
2757,RF,0.518,801.0,2.24184403509013
338,RF,0.517,805.0,2.237516150852504
2489,RF,0.516,806.0,2.2331882666148783
655,RF,0.515,807.0,2.2288603823772526
766,RF,0.515,807.0,2.2288603823772526
899,RF,0.515,807.0,2.2288603823772526
2332,RF,0.515,807.0,2.2288603823772526
2444,RF,0.515,807.0,2.2288603823772526
339,RF,0.514,812.0,2.2245324981396273
348,RF,0.514,812.0,2.2245324981396273
624,RF,0.514,812.0,2.2245324981396273
630,RF,0.514,812.0,2.2245324981396273
1137,RF,0.514,812.0,2.2245324981396273
1169,RF,0.514,812.0,2.2245324981396273
1183,RF,0.514,812.0,2.2245324981396273
1304,RF,0.514,812.0,2.2245324981396273
1629,RF,0.514,812.0,2.2245324981396273
1914,RF,0.514,812.0,2.2245324981396273
803,RF,0.513,822.0,2.2202046139020015
973,RF,0.513,822.0,2.2202046139020015
1978,RF,0.513,822.0,2.2202046139020015
2191,RF,0.513,822.0,2.2202046139020015
464,RF,0.512,826.0,2.2158767296643758
1142,RF,0.512,826.0,2.2158767296643758
259,RF,0.511,828.0,2.21154884542675
1524,RF,0.511,828.0,2.21154884542675
9,RF,0.51,830.0,2.2072209611891243
425,RF,0.51,830.0,2.2072209611891243
1829,RF,0.51,830.0,2.2072209611891243
2237,RF,0.51,830.0,2.2072209611891243
2471,RF,0.51,830.0,2.2072209611891243
422,RF,0.509,835.0,2.2028930769514985
2488,RF,0.509,835.0,2.2028930769514985
2756,RF,0.509,835.0,2.2028930769514985
265,RF,0.508,838.0,2.1985651927138727
1793,RF,0.508,838.0,2.1985651927138727
2222,RF,0.508,838.0,2.1985651927138727
357,RF,0.507,841.0,2.194237308476247
901,RF,0.507,841.0,2.194237308476247
1267,RF,0.507,841.0,2.194237308476247
1966,RF,0.507,841.0,2.194237308476247
1045,RF,0.506,845.0,2.1899094242386212
1551,RF,0.506,845.0,2.1899094242386212
1891,RF,0.506,845.0,2.1899094242386212
2561,RF,0.506,845.0,2.1899094242386212
668,RF,0.505,849.0,2.1855815400009955
897,RF,0.505,849.0,2.1855815400009955
967,RF,0.505,849.0,2.1855815400009955
1776,RF,0.505,849.0,2.1855815400009955
1807,RF,0.505,849.0,2.1855815400009955
1953,RF,0.505,849.0,2.1855815400009955
1706,RF,0.504,855.0,2.1812536557633697
1004,RF,0.503,856.0,2.176925771525744
1258,RF,0.503,856.0,2.176925771525744
1353,RF,0.503,856.0,2.176925771525744
1591,RF,0.502,859.0,2.172597887288118
1677,RF,0.502,859.0,2.172597887288118
1796,RF,0.502,859.0,2.172597887288118
1830,RF,0.502,859.0,2.172597887288118
2278,RF,0.502,859.0,2.172597887288118
2298,RF,0.502,859.0,2.172597887288118
2415,RF,0.502,859.0,2.172597887288118
694,RF,0.501,866.0,2.1682700030504924
2403,RF,0.501,866.0,2.1682700030504924
2506,RF,0.501,866.0,2.1682700030504924
2758,RF,0.501,866.0,2.1682700030504924
556,RF,0.5,870.0,2.1639421188128667
559,RF,0.5,870.0,2.1639421188128667
2293,RF,0.5,870.0,2.1639421188128667
2528,RF,0.5,870.0,2.1639421188128667
211,RF,0.499,874.0,2.159614234575241
833,RF,0.499,874.0,2.159614234575241
2220,RF,0.499,874.0,2.159614234575241
2442,RF,0.499,874.0,2.159614234575241
58,RF,0.498,878.0,2.155286350337615
137,RF,0.498,878.0,2.155286350337615
1214,RF,0.498,878.0,2.155286350337615
483,RF,0.497,881.0,2.1509584660999894
746,RF,0.497,881.0,2.1509584660999894
1341,RF,0.497,881.0,2.1509584660999894
1489,RF,0.497,881.0,2.1509584660999894
433,RF,0.496,885.0,2.1466305818623637
1385,RF,0.496,885.0,2.1466305818623637
1417,RF,0.496,885.0,2.1466305818623637
2571,RF,0.496,885.0,2.1466305818623637
314,RF,0.495,889.0,2.142302697624738
1660,RF,0.495,889.0,2.142302697624738
2003,RF,0.495,889.0,2.142302697624738
324,RF,0.494,892.0,2.137974813387112
1993,RF,0.494,892.0,2.137974813387112
506,RF,0.493,894.0,2.1336469291494864
640,RF,0.493,894.0,2.1336469291494864
1081,RF,0.493,894.0,2.1336469291494864
1680,RF,0.493,894.0,2.1336469291494864
2205,RF,0.493,894.0,2.1336469291494864
219,RF,0.492,899.0,2.1293190449118606
1569,RF,0.492,899.0,2.1293190449118606
2562,RF,0.492,899.0,2.1293190449118606
449,RF,0.491,902.0,2.1249911606742353
1098,RF,0.491,902.0,2.1249911606742353
1483,RF,0.491,902.0,2.1249911606742353
1491,RF,0.491,902.0,2.1249911606742353
2226,RF,0.491,902.0,2.1249911606742353
2665,RF,0.491,902.0,2.1249911606742353
189,RF,0.49,908.0,2.1206632764366096
759,RF,0.49,908.0,2.1206632764366096
765,RF,0.49,908.0,2.1206632764366096
950,RF,0.49,908.0,2.1206632764366096
1937,RF,0.49,908.0,2.1206632764366096
370,RF,0.489,913.0,2.116335392198984
1397,RF,0.489,913.0,2.116335392198984
1956,RF,0.489,913.0,2.116335392198984
2380,RF,0.488,916.0,2.112007507961358
138,RF,0.487,917.0,2.1076796237237323
164,RF,0.487,917.0,2.1076796237237323
297,RF,0.487,917.0,2.1076796237237323
469,RF,0.487,917.0,2.1076796237237323
649,RF,0.487,917.0,2.1076796237237323
1215,RF,0.487,917.0,2.1076796237237323
1443,RF,0.487,917.0,2.1076796237237323
2474,RF,0.487,917.0,2.1076796237237323
2678,RF,0.487,917.0,2.1076796237237323
545,RF,0.486,926.0,2.1033517394861065
890,RF,0.486,926.0,2.1033517394861065
1388,RF,0.486,926.0,2.1033517394861065
1460,RF,0.486,926.0,2.1033517394861065
2632,RF,0.486,926.0,2.1033517394861065
625,RF,0.485,931.0,2.099023855248481
1089,RF,0.485,931.0,2.099023855248481
2524,RF,0.485,931.0,2.099023855248481
1001,RF,0.484,934.0,2.094695971010855
1200,RF,0.484,934.0,2.094695971010855
1782,RF,0.484,934.0,2.094695971010855
2091,RF,0.484,934.0,2.094695971010855
2760,RF,0.484,934.0,2.094695971010855
4,RF,0.483,939.0,2.0903680867732293
1659,RF,0.483,939.0,2.0903680867732293
281,RF,0.482,941.0,2.0860402025356035
603,RF,0.482,941.0,2.0860402025356035
853,RF,0.482,941.0,2.0860402025356035
1408,RF,0.482,941.0,2.0860402025356035
2467,RF,0.482,941.0,2.0860402025356035
2616,RF,0.482,941.0,2.0860402025356035
1153,RF,0.481,947.0,2.0817123182979778
1203,RF,0.481,947.0,2.0817123182979778
2746,RF,0.481,947.0,2.0817123182979778
184,RF,0.48,950.0,2.077384434060352
321,RF,0.48,950.0,2.077384434060352
954,RF,0.48,950.0,2.077384434060352
1540,RF,0.48,950.0,2.077384434060352
2105,RF,0.48,950.0,2.077384434060352
2241,RF,0.48,950.0,2.077384434060352
2354,RF,0.48,950.0,2.077384434060352
18,RF,0.479,957.0,2.0730565498227262
340,RF,0.479,957.0,2.0730565498227262
367,RF,0.479,957.0,2.0730565498227262
962,RF,0.479,957.0,2.0730565498227262
1514,RF,0.479,957.0,2.0730565498227262
1609,RF,0.479,957.0,2.0730565498227262
1775,RF,0.479,957.0,2.0730565498227262
1780,RF,0.478,964.0,2.0687286655851005
2053,RF,0.478,964.0,2.0687286655851005
883,RF,0.477,966.0,2.0644007813474747
1582,RF,0.477,966.0,2.0644007813474747
128,RF,0.476,968.0,2.060072897109849
257,RF,0.476,968.0,2.060072897109849
832,RF,0.476,968.0,2.060072897109849
2153,RF,0.475,971.0,2.055745012872223
2294,RF,0.475,971.0,2.055745012872223
2450,RF,0.475,971.0,2.055745012872223
437,RF,0.474,974.0,2.0514171286345975
676,RF,0.474,974.0,2.0514171286345975
1337,RF,0.474,974.0,2.0514171286345975
1606,RF,0.474,974.0,2.0514171286345975
2102,RF,0.474,974.0,2.0514171286345975
2337,RF,0.474,974.0,2.0514171286345975
2657,RF,0.474,974.0,2.0514171286345975
34,RF,0.473,981.0,2.0470892443969717
373,RF,0.473,981.0,2.0470892443969717
905,RF,0.473,981.0,2.0470892443969717
1111,RF,0.473,981.0,2.0470892443969717
1281,RF,0.473,981.0,2.0470892443969717
2137,RF,0.473,981.0,2.0470892443969717
2254,RF,0.473,981.0,2.0470892443969717
2431,RF,0.473,981.0,2.0470892443969717
362,RF,0.472,989.0,2.042761360159346
565,RF,0.472,989.0,2.042761360159346
812,RF,0.472,989.0,2.042761360159346
1451,RF,0.472,989.0,2.042761360159346
1976,RF,0.472,989.0,2.042761360159346
2055,RF,0.472,989.0,2.042761360159346
2530,RF,0.472,989.0,2.042761360159346
952,RF,0.471,996.0,2.03843347592172
1699,RF,0.471,996.0,2.03843347592172
2079,RF,0.471,996.0,2.03843347592172
2245,RF,0.471,996.0,2.03843347592172
574,RF,0.47,1000.0,2.0341055916840944
675,RF,0.47,1000.0,2.0341055916840944
1012,RF,0.47,1000.0,2.0341055916840944
1120,RF,0.47,1000.0,2.0341055916840944
1151,RF,0.47,1000.0,2.0341055916840944
1275,RF,0.47,1000.0,2.0341055916840944
1311,RF,0.47,1000.0,2.0341055916840944
1440,RF,0.47,1000.0,2.0341055916840944
1486,RF,0.47,1000.0,2.0341055916840944
1574,RF,0.47,1000.0,2.0341055916840944
1977,RF,0.47,1000.0,2.0341055916840944
2512,RF,0.47,1000.0,2.0341055916840944
1579,RF,0.469,1012.0,2.0297777074464687
1964,RF,0.469,1012.0,2.0297777074464687
2658,RF,0.469,1012.0,2.0297777074464687
450,RF,0.468,1015.0,2.0254498232088434
582,RF,0.468,1015.0,2.0254498232088434
659,RF,0.468,1015.0,2.0254498232088434
1554,RF,0.468,1015.0,2.0254498232088434
573,RF,0.467,1019.0,2.0211219389712176
706,RF,0.467,1019.0,2.0211219389712176
1017,RF,0.467,1019.0,2.0211219389712176
1181,RF,0.467,1019.0,2.0211219389712176
1268,RF,0.467,1019.0,2.0211219389712176
222,RF,0.466,1024.0,2.016794054733592
794,RF,0.466,1024.0,2.016794054733592
1428,RF,0.466,1024.0,2.016794054733592
416,RF,0.465,1027.0,2.012466170495966
2551,RF,0.465,1027.0,2.012466170495966
41,RF,0.464,1029.0,2.0081382862583403
404,RF,0.464,1029.0,2.0081382862583403
490,RF,0.464,1029.0,2.0081382862583403
596,RF,0.464,1029.0,2.0081382862583403
1041,RF,0.464,1029.0,2.0081382862583403
1073,RF,0.464,1029.0,2.0081382862583403
2185,RF,0.464,1029.0,2.0081382862583403
2598,RF,0.464,1029.0,2.0081382862583403
352,RF,0.463,1037.0,2.0038104020207146
1545,RF,0.463,1037.0,2.0038104020207146
2405,RF,0.463,1037.0,2.0038104020207146
2627,RF,0.463,1037.0,2.0038104020207146
61,RF,0.462,1041.0,1.999482517783089
835,RF,0.462,1041.0,1.999482517783089
1292,RF,0.462,1041.0,1.999482517783089
1562,RF,0.462,1041.0,1.999482517783089
1949,RF,0.462,1041.0,1.999482517783089
2302,RF,0.462,1041.0,1.999482517783089
298,RF,0.461,1047.0,1.9951546335454633
1266,RF,0.461,1047.0,1.9951546335454633
1328,RF,0.461,1047.0,1.9951546335454633
272,RF,0.46,1050.0,1.9908267493078375
1056,RF,0.46,1050.0,1.9908267493078375
1839,RF,0.46,1050.0,1.9908267493078375
1888,RF,0.46,1050.0,1.9908267493078375
1939,RF,0.46,1050.0,1.9908267493078375
1959,RF,0.46,1050.0,1.9908267493078375
157,RF,0.459,1056.0,1.9864988650702118
1121,RF,0.459,1056.0,1.9864988650702118
2452,RF,0.459,1056.0,1.9864988650702118
2593,RF,0.459,1056.0,1.9864988650702118
564,RF,0.458,1060.0,1.982170980832586
588,RF,0.458,1060.0,1.982170980832586
598,RF,0.458,1060.0,1.982170980832586
1646,RF,0.458,1060.0,1.982170980832586
1924,RF,0.458,1060.0,1.982170980832586
2439,RF,0.458,1060.0,1.982170980832586
23,RF,0.457,1066.0,1.9778430965949603
125,RF,0.457,1066.0,1.9778430965949603
337,RF,0.457,1066.0,1.9778430965949603
1204,RF,0.457,1066.0,1.9778430965949603
1650,RF,0.457,1066.0,1.9778430965949603
2135,RF,0.457,1066.0,1.9778430965949603
364,RF,0.456,1072.0,1.9735152123573345
382,RF,0.456,1072.0,1.9735152123573345
536,RF,0.456,1072.0,1.9735152123573345
728,RF,0.456,1072.0,1.9735152123573345
1720,RF,0.456,1072.0,1.9735152123573345
2057,RF,0.456,1072.0,1.9735152123573345
2651,RF,0.456,1072.0,1.9735152123573345
744,RF,0.455,1079.0,1.9691873281197088
1581,RF,0.455,1079.0,1.9691873281197088
1657,RF,0.455,1079.0,1.9691873281197088
1097,RF,0.454,1082.0,1.964859443882083
1700,RF,0.454,1082.0,1.964859443882083
1843,RF,0.454,1082.0,1.964859443882083
2755,RF,0.454,1082.0,1.964859443882083
575,RF,0.453,1086.0,1.9605315596444572
633,RF,0.453,1086.0,1.9605315596444572
1708,RF,0.453,1086.0,1.9605315596444572
29,RF,0.452,1089.0,1.9562036754068315
70,RF,0.452,1089.0,1.9562036754068315
202,RF,0.452,1089.0,1.9562036754068315
2069,RF,0.452,1089.0,1.9562036754068315
530,RF,0.451,1093.0,1.951875791169206
1537,RF,0.451,1093.0,1.951875791169206
1546,RF,0.451,1093.0,1.951875791169206
1846,RF,0.451,1093.0,1.951875791169206
1871,RF,0.451,1093.0,1.951875791169206
1938,RF,0.451,1093.0,1.951875791169206
62,RF,0.45,1099.0,1.9475479069315802
379,RF,0.45,1099.0,1.9475479069315802
583,RF,0.45,1099.0,1.9475479069315802
752,RF,0.45,1099.0,1.9475479069315802
768,RF,0.45,1099.0,1.9475479069315802
1621,RF,0.45,1099.0,1.9475479069315802
2201,RF,0.45,1099.0,1.9475479069315802
2588,RF,0.45,1099.0,1.9475479069315802
698,RF,0.449,1107.0,1.9432200226939544
1295,RF,0.449,1107.0,1.9432200226939544
1733,RF,0.449,1107.0,1.9432200226939544
112,RF,0.448,1110.0,1.9388921384563287
343,RF,0.448,1110.0,1.9388921384563287
1415,RF,0.448,1110.0,1.9388921384563287
1616,RF,0.448,1110.0,1.9388921384563287
237,RF,0.447,1114.0,1.934564254218703
388,RF,0.447,1114.0,1.934564254218703
1160,RF,0.447,1114.0,1.934564254218703
1359,RF,0.447,1114.0,1.934564254218703
1721,RF,0.447,1114.0,1.934564254218703
2049,RF,0.447,1114.0,1.934564254218703
2371,RF,0.447,1114.0,1.934564254218703
206,RF,0.446,1121.0,1.9302363699810772
445,RF,0.446,1121.0,1.9302363699810772
679,RF,0.446,1121.0,1.9302363699810772
809,RF,0.446,1121.0,1.9302363699810772
1109,RF,0.446,1121.0,1.9302363699810772
426,RF,0.445,1126.0,1.9259084857434514
705,RF,0.445,1126.0,1.9259084857434514
767,RF,0.445,1126.0,1.9259084857434514
2264,RF,0.445,1126.0,1.9259084857434514
2330,RF,0.445,1126.0,1.9259084857434514
762,RF,0.444,1131.0,1.9215806015058257
2025,RF,0.444,1131.0,1.9215806015058257
46,RF,0.443,1133.0,1.9172527172682
246,RF,0.443,1133.0,1.9172527172682
935,RF,0.443,1133.0,1.9172527172682
1135,RF,0.443,1133.0,1.9172527172682
1645,RF,0.443,1133.0,1.9172527172682
95,RF,0.442,1138.0,1.9129248330305741
124,RF,0.442,1138.0,1.9129248330305741
849,RF,0.442,1138.0,1.9129248330305741
872,RF,0.442,1138.0,1.9129248330305741
580,RF,0.441,1142.0,1.9085969487929484
1314,RF,0.441,1142.0,1.9085969487929484
2446,RF,0.441,1142.0,1.9085969487929484
174,RF,0.44,1145.0,1.9042690645553229
1323,RF,0.44,1145.0,1.9042690645553229
91,RF,0.439,1147.0,1.899941180317697
1454,RF,0.439,1147.0,1.899941180317697
1923,RF,0.439,1147.0,1.899941180317697
2180,RF,0.439,1147.0,1.899941180317697
2649,RF,0.439,1147.0,1.899941180317697
22,RF,0.438,1152.0,1.8956132960800713
1395,RF,0.438,1152.0,1.8956132960800713
1447,RF,0.438,1152.0,1.8956132960800713
1468,RF,0.438,1152.0,1.8956132960800713
2765,RF,0.438,1152.0,1.8956132960800713
277,RF,0.437,1157.0,1.8912854118424456
349,RF,0.437,1157.0,1.8912854118424456
1432,RF,0.437,1157.0,1.8912854118424456
1531,RF,0.437,1157.0,1.8912854118424456
1560,RF,0.437,1157.0,1.8912854118424456
1583,RF,0.437,1157.0,1.8912854118424456
1932,RF,0.437,1157.0,1.8912854118424456
2148,RF,0.437,1157.0,1.8912854118424456
2243,RF,0.437,1157.0,1.8912854118424456
2435,RF,0.437,1157.0,1.8912854118424456
2766,RF,0.437,1157.0,1.8912854118424456
690,RF,0.436,1168.0,1.8869575276048198
2614,RF,0.436,1168.0,1.8869575276048198
119,RF,0.435,1170.0,1.882629643367194
786,RF,0.435,1170.0,1.882629643367194
1144,RF,0.435,1170.0,1.882629643367194
1635,RF,0.435,1170.0,1.882629643367194
1691,RF,0.435,1170.0,1.882629643367194
2156,RF,0.435,1170.0,1.882629643367194
236,RF,0.434,1176.0,1.8783017591295683
725,RF,0.434,1176.0,1.8783017591295683
805,RF,0.434,1176.0,1.8783017591295683
2540,RF,0.434,1176.0,1.8783017591295683
1333,RF,0.433,1180.0,1.8739738748919426
1570,RF,0.433,1180.0,1.8739738748919426
1666,RF,0.433,1180.0,1.8739738748919426
1971,RF,0.433,1180.0,1.8739738748919426
2367,RF,0.432,1184.0,1.8696459906543168
2761,RF,0.432,1184.0,1.8696459906543168
228,RF,0.431,1186.0,1.865318106416691
258,RF,0.431,1186.0,1.865318106416691
1627,RF,0.431,1186.0,1.865318106416691
1695,RF,0.431,1186.0,1.865318106416691
1876,RF,0.431,1186.0,1.865318106416691
2074,RF,0.431,1186.0,1.865318106416691
2412,RF,0.431,1186.0,1.865318106416691
2462,RF,0.431,1186.0,1.865318106416691
225,RF,0.43,1194.0,1.8609902221790653
319,RF,0.43,1194.0,1.8609902221790653
418,RF,0.43,1194.0,1.8609902221790653
911,RF,0.43,1194.0,1.8609902221790653
1334,RF,0.43,1194.0,1.8609902221790653
1611,RF,0.43,1194.0,1.8609902221790653
2043,RF,0.43,1194.0,1.8609902221790653
2762,RF,0.43,1194.0,1.8609902221790653
355,RF,0.429,1202.0,1.8566623379414395
391,RF,0.429,1202.0,1.8566623379414395
396,RF,0.429,1202.0,1.8566623379414395
521,RF,0.429,1202.0,1.8566623379414395
1163,RF,0.429,1202.0,1.8566623379414395
1759,RF,0.429,1202.0,1.8566623379414395
1962,RF,0.429,1202.0,1.8566623379414395
1969,RF,0.429,1202.0,1.8566623379414395
966,RF,0.428,1210.0,1.852334453703814
1543,RF,0.428,1210.0,1.852334453703814
1665,RF,0.428,1210.0,1.852334453703814
1803,RF,0.428,1210.0,1.852334453703814
2346,RF,0.428,1210.0,1.852334453703814
98,RF,0.427,1215.0,1.8480065694661882
975,RF,0.427,1215.0,1.8480065694661882
1238,RF,0.427,1215.0,1.8480065694661882
1242,RF,0.427,1215.0,1.8480065694661882
1384,RF,0.427,1215.0,1.8480065694661882
311,RF,0.426,1220.0,1.8436786852285625
1141,RF,0.426,1220.0,1.8436786852285625
2514,RF,0.426,1220.0,1.8436786852285625
703,RF,0.425,1223.0,1.8393508009909367
713,RF,0.425,1223.0,1.8393508009909367
822,RF,0.425,1223.0,1.8393508009909367
1261,RF,0.425,1223.0,1.8393508009909367
1425,RF,0.425,1223.0,1.8393508009909367
2014,RF,0.425,1223.0,1.8393508009909367
2695,RF,0.425,1223.0,1.8393508009909367
235,RF,0.424,1230.0,1.835022916753311
1182,RF,0.424,1230.0,1.835022916753311
1738,RF,0.424,1230.0,1.835022916753311
1834,RF,0.424,1230.0,1.835022916753311
1998,RF,0.424,1230.0,1.835022916753311
288,RF,0.423,1235.0,1.8306950325156852
628,RF,0.423,1235.0,1.8306950325156852
747,RF,0.423,1235.0,1.8306950325156852
943,RF,0.423,1235.0,1.8306950325156852
1231,RF,0.422,1239.0,1.8263671482780595
1685,RF,0.422,1239.0,1.8263671482780595
2036,RF,0.422,1239.0,1.8263671482780595
2575,RF,0.422,1239.0,1.8263671482780595
2602,RF,0.422,1239.0,1.8263671482780595
2629,RF,0.422,1239.0,1.8263671482780595
1112,RF,0.421,1245.0,1.8220392640404337
1673,RF,0.421,1245.0,1.8220392640404337
1818,RF,0.421,1245.0,1.8220392640404337
1929,RF,0.421,1245.0,1.8220392640404337
2519,RF,0.421,1245.0,1.8220392640404337
2699,RF,0.421,1245.0,1.8220392640404337
611,RF,0.42,1251.0,1.817711379802808
924,RF,0.42,1251.0,1.817711379802808
2116,RF,0.42,1251.0,1.817711379802808
205,RF,0.419,1254.0,1.8133834955651822
279,RF,0.419,1254.0,1.8133834955651822
500,RF,0.419,1254.0,1.8133834955651822
1280,RF,0.419,1254.0,1.8133834955651822
1952,RF,0.419,1254.0,1.8133834955651822
2008,RF,0.419,1254.0,1.8133834955651822
2386,RF,0.419,1254.0,1.8133834955651822
2539,RF,0.419,1254.0,1.8133834955651822
76,RF,0.418,1262.0,1.8090556113275564
1458,RF,0.418,1262.0,1.8090556113275564
2039,RF,0.418,1262.0,1.8090556113275564
2240,RF,0.418,1262.0,1.8090556113275564
2458,RF,0.418,1262.0,1.8090556113275564
492,RF,0.417,1267.0,1.804727727089931
782,RF,0.417,1267.0,1.804727727089931
1618,RF,0.417,1267.0,1.804727727089931
1895,RF,0.417,1267.0,1.804727727089931
2518,RF,0.417,1267.0,1.804727727089931
1068,RF,0.416,1272.0,1.8003998428523051
1409,RF,0.416,1272.0,1.8003998428523051
1725,RF,0.416,1272.0,1.8003998428523051
2006,RF,0.416,1272.0,1.8003998428523051
2030,RF,0.416,1272.0,1.8003998428523051
2033,RF,0.416,1272.0,1.8003998428523051
2082,RF,0.416,1272.0,1.8003998428523051
2291,RF,0.416,1272.0,1.8003998428523051
2553,RF,0.416,1272.0,1.8003998428523051
2554,RF,0.416,1272.0,1.8003998428523051
345,RF,0.415,1282.0,1.7960719586146794
1047,RF,0.415,1282.0,1.7960719586146794
1854,RF,0.415,1282.0,1.7960719586146794
2697,RF,0.415,1282.0,1.7960719586146794
512,RF,0.414,1286.0,1.7917440743770536
709,RF,0.414,1286.0,1.7917440743770536
857,RF,0.414,1286.0,1.7917440743770536
1367,RF,0.414,1286.0,1.7917440743770536
1405,RF,0.414,1286.0,1.7917440743770536
695,RF,0.413,1291.0,1.7874161901394279
893,RF,0.413,1291.0,1.7874161901394279
1021,RF,0.413,1291.0,1.7874161901394279
1577,RF,0.413,1291.0,1.7874161901394279
2087,RF,0.413,1291.0,1.7874161901394279
2133,RF,0.413,1291.0,1.7874161901394279
2709,RF,0.413,1291.0,1.7874161901394279
381,RF,0.412,1298.0,1.7830883059018021
756,RF,0.412,1298.0,1.7830883059018021
1274,RF,0.412,1298.0,1.7830883059018021
1421,RF,0.412,1298.0,1.7830883059018021
2093,RF,0.412,1298.0,1.7830883059018021
2262,RF,0.412,1298.0,1.7830883059018021
2640,RF,0.412,1298.0,1.7830883059018021
89,RF,0.411,1305.0,1.7787604216641764
253,RF,0.411,1305.0,1.7787604216641764
712,RF,0.411,1305.0,1.7787604216641764
1007,RF,0.411,1305.0,1.7787604216641764
1740,RF,0.411,1305.0,1.7787604216641764
2410,RF,0.411,1305.0,1.7787604216641764
618,RF,0.41,1311.0,1.7744325374265506
1145,RF,0.41,1311.0,1.7744325374265506
1330,RF,0.41,1311.0,1.7744325374265506
1378,RF,0.41,1311.0,1.7744325374265506
2348,RF,0.41,1311.0,1.7744325374265506
2597,RF,0.41,1311.0,1.7744325374265506
2767,RF,0.41,1311.0,1.7744325374265506
305,RF,0.409,1318.0,1.7701046531889248
1297,RF,0.409,1318.0,1.7701046531889248
1982,RF,0.409,1318.0,1.7701046531889248
2075,RF,0.409,1318.0,1.7701046531889248
568,RF,0.408,1322.0,1.765776768951299
819,RF,0.408,1322.0,1.765776768951299
1313,RF,0.408,1322.0,1.765776768951299
1455,RF,0.408,1322.0,1.765776768951299
1730,RF,0.408,1322.0,1.765776768951299
2601,RF,0.408,1322.0,1.765776768951299
2769,RF,0.408,1322.0,1.765776768951299
560,RF,0.407,1329.0,1.7614488847136733
661,RF,0.407,1329.0,1.7614488847136733
684,RF,0.407,1329.0,1.7614488847136733
892,RF,0.407,1329.0,1.7614488847136733
2257,RF,0.407,1329.0,1.7614488847136733
37,RF,0.406,1334.0,1.757121000476048
306,RF,0.406,1334.0,1.757121000476048
593,RF,0.406,1334.0,1.757121000476048
689,RF,0.406,1334.0,1.757121000476048
1391,RF,0.406,1334.0,1.757121000476048
2000,RF,0.406,1334.0,1.757121000476048
2279,RF,0.406,1334.0,1.757121000476048
2628,RF,0.406,1334.0,1.757121000476048
1079,RF,0.405,1342.0,1.7527931162384223
1719,RF,0.405,1342.0,1.7527931162384223
2773,RF,0.405,1342.0,1.7527931162384223
523,RF,0.404,1345.0,1.7484652320007965
1254,RF,0.404,1345.0,1.7484652320007965
1884,RF,0.404,1345.0,1.7484652320007965
1913,RF,0.404,1345.0,1.7484652320007965
2292,RF,0.404,1345.0,1.7484652320007965
2355,RF,0.404,1345.0,1.7484652320007965
2613,RF,0.404,1345.0,1.7484652320007965
2778,RF,0.404,1345.0,1.7484652320007965
167,RF,0.403,1353.0,1.7441373477631708
800,RF,0.403,1353.0,1.7441373477631708
945,RF,0.403,1353.0,1.7441373477631708
2059,RF,0.403,1353.0,1.7441373477631708
2216,RF,0.403,1353.0,1.7441373477631708
90,RF,0.402,1358.0,1.739809463525545
707,RF,0.402,1358.0,1.739809463525545
846,RF,0.402,1358.0,1.739809463525545
920,RF,0.402,1358.0,1.739809463525545
2048,RF,0.402,1358.0,1.739809463525545
2582,RF,0.402,1358.0,1.739809463525545
2650,RF,0.402,1358.0,1.739809463525545
2676,RF,0.402,1358.0,1.739809463525545
201,RF,0.401,1366.0,1.7354815792879192
1101,RF,0.401,1366.0,1.7354815792879192
1179,RF,0.401,1366.0,1.7354815792879192
1201,RF,0.401,1366.0,1.7354815792879192
2662,RF,0.401,1366.0,1.7354815792879192
145,RF,0.4,1371.0,1.7311536950502935
616,RF,0.4,1371.0,1.7311536950502935
1115,RF,0.4,1371.0,1.7311536950502935
1152,RF,0.4,1371.0,1.7311536950502935
2420,RF,0.4,1371.0,1.7311536950502935
2580,RF,0.4,1371.0,1.7311536950502935
1157,RF,0.399,1377.0,1.7268258108126677
1316,RF,0.399,1377.0,1.7268258108126677
1722,RF,0.399,1377.0,1.7268258108126677
1866,RF,0.399,1377.0,1.7268258108126677
1907,RF,0.399,1377.0,1.7268258108126677
502,RF,0.398,1382.0,1.722497926575042
957,RF,0.398,1382.0,1.722497926575042
2131,RF,0.398,1382.0,1.722497926575042
2258,RF,0.398,1382.0,1.722497926575042
2282,RF,0.398,1382.0,1.722497926575042
168,RF,0.397,1387.0,1.7181700423374162
263,RF,0.397,1387.0,1.7181700423374162
372,RF,0.397,1387.0,1.7181700423374162
417,RF,0.397,1387.0,1.7181700423374162
790,RF,0.397,1387.0,1.7181700423374162
1188,RF,0.397,1387.0,1.7181700423374162
1208,RF,0.397,1387.0,1.7181700423374162
1456,RF,0.397,1387.0,1.7181700423374162
241,RF,0.396,1395.0,1.7138421580997905
827,RF,0.396,1395.0,1.7138421580997905
1766,RF,0.396,1395.0,1.7138421580997905
1835,RF,0.396,1395.0,1.7138421580997905
621,RF,0.395,1399.0,1.7095142738621647
942,RF,0.395,1399.0,1.7095142738621647
1053,RF,0.395,1399.0,1.7095142738621647
1407,RF,0.395,1399.0,1.7095142738621647
1767,RF,0.395,1399.0,1.7095142738621647
1784,RF,0.395,1399.0,1.7095142738621647
1845,RF,0.395,1399.0,1.7095142738621647
1990,RF,0.395,1399.0,1.7095142738621647
2325,RF,0.395,1399.0,1.7095142738621647
2624,RF,0.395,1399.0,1.7095142738621647
169,RF,0.394,1409.0,1.7051863896245392
553,RF,0.394,1409.0,1.7051863896245392
1150,RF,0.394,1409.0,1.7051863896245392
1550,RF,0.394,1409.0,1.7051863896245392
1912,RF,0.394,1409.0,1.7051863896245392
2068,RF,0.394,1409.0,1.7051863896245392
2277,RF,0.394,1409.0,1.7051863896245392
2508,RF,0.394,1409.0,1.7051863896245392
2595,RF,0.394,1409.0,1.7051863896245392
40,RF,0.393,1418.0,1.7008585053869134
146,RF,0.393,1418.0,1.7008585053869134
2306,RF,0.393,1418.0,1.7008585053869134
392,RF,0.392,1421.0,1.6965306211492877
718,RF,0.392,1421.0,1.6965306211492877
869,RF,0.392,1421.0,1.6965306211492877
1364,RF,0.392,1421.0,1.6965306211492877
1717,RF,0.392,1421.0,1.6965306211492877
1855,RF,0.392,1421.0,1.6965306211492877
1994,RF,0.392,1421.0,1.6965306211492877
2233,RF,0.392,1421.0,1.6965306211492877
2363,RF,0.392,1421.0,1.6965306211492877
2581,RF,0.392,1421.0,1.6965306211492877
2708,RF,0.392,1421.0,1.6965306211492877
1,RF,0.391,1432.0,1.692202736911662
289,RF,0.391,1432.0,1.692202736911662
531,RF,0.391,1432.0,1.692202736911662
1752,RF,0.391,1432.0,1.692202736911662
1032,RF,0.39,1436.0,1.6878748526740361
1164,RF,0.39,1436.0,1.6878748526740361
1874,RF,0.39,1436.0,1.6878748526740361
2366,RF,0.39,1436.0,1.6878748526740361
2688,RF,0.39,1436.0,1.6878748526740361
566,RF,0.389,1441.0,1.6835469684364104
1067,RF,0.389,1441.0,1.6835469684364104
1113,RF,0.389,1441.0,1.6835469684364104
1246,RF,0.389,1441.0,1.6835469684364104
1761,RF,0.389,1441.0,1.6835469684364104
1788,RF,0.389,1441.0,1.6835469684364104
2365,RF,0.389,1441.0,1.6835469684364104
2448,RF,0.389,1441.0,1.6835469684364104
2696,RF,0.389,1441.0,1.6835469684364104
1469,RF,0.388,1450.0,1.6792190841987846
25,RF,0.387,1451.0,1.6748911999611589
223,RF,0.387,1451.0,1.6748911999611589
609,RF,0.387,1451.0,1.6748911999611589
1094,RF,0.387,1451.0,1.6748911999611589
1306,RF,0.387,1451.0,1.6748911999611589
1344,RF,0.387,1451.0,1.6748911999611589
1372,RF,0.387,1451.0,1.6748911999611589
1430,RF,0.387,1451.0,1.6748911999611589
2457,RF,0.387,1451.0,1.6748911999611589
341,RF,0.386,1460.0,1.6705633157235331
473,RF,0.386,1460.0,1.6705633157235331
888,RF,0.386,1460.0,1.6705633157235331
896,RF,0.386,1460.0,1.6705633157235331
908,RF,0.386,1460.0,1.6705633157235331
1380,RF,0.386,1460.0,1.6705633157235331
2203,RF,0.386,1460.0,1.6705633157235331
2716,RF,0.386,1460.0,1.6705633157235331
304,RF,0.385,1468.0,1.6662354314859074
451,RF,0.385,1468.0,1.6662354314859074
871,RF,0.385,1468.0,1.6662354314859074
2223,RF,0.385,1468.0,1.6662354314859074
2479,RF,0.385,1468.0,1.6662354314859074
2485,RF,0.385,1468.0,1.6662354314859074
2586,RF,0.385,1468.0,1.6662354314859074
494,RF,0.384,1475.0,1.6619075472482816
671,RF,0.384,1475.0,1.6619075472482816
730,RF,0.384,1475.0,1.6619075472482816
1900,RF,0.384,1475.0,1.6619075472482816
2590,RF,0.384,1475.0,1.6619075472482816
251,RF,0.383,1480.0,1.657579663010656
456,RF,0.383,1480.0,1.657579663010656
773,RF,0.383,1480.0,1.657579663010656
799,RF,0.383,1480.0,1.657579663010656
1548,RF,0.383,1480.0,1.657579663010656
1992,RF,0.383,1480.0,1.657579663010656
2605,RF,0.383,1480.0,1.657579663010656
2752,RF,0.383,1480.0,1.657579663010656
56,RF,0.382,1488.0,1.6532517787730303
407,RF,0.382,1488.0,1.6532517787730303
447,RF,0.382,1488.0,1.6532517787730303
660,RF,0.382,1488.0,1.6532517787730303
1400,RF,0.382,1488.0,1.6532517787730303
1894,RF,0.382,1488.0,1.6532517787730303
1967,RF,0.382,1488.0,1.6532517787730303
142,RF,0.381,1495.0,1.6489238945354046
256,RF,0.381,1495.0,1.6489238945354046
777,RF,0.381,1495.0,1.6489238945354046
1117,RF,0.381,1495.0,1.6489238945354046
1342,RF,0.381,1495.0,1.6489238945354046
1612,RF,0.381,1495.0,1.6489238945354046
1753,RF,0.381,1495.0,1.6489238945354046
2150,RF,0.381,1495.0,1.6489238945354046
2162,RF,0.381,1495.0,1.6489238945354046
26,RF,0.38,1504.0,1.6445960102977788
78,RF,0.38,1504.0,1.6445960102977788
150,RF,0.38,1504.0,1.6445960102977788
533,RF,0.38,1504.0,1.6445960102977788
646,RF,0.38,1504.0,1.6445960102977788
1441,RF,0.38,1504.0,1.6445960102977788
2646,RF,0.38,1504.0,1.6445960102977788
171,RF,0.379,1511.0,1.640268126060153
1078,RF,0.379,1511.0,1.640268126060153
1389,RF,0.379,1511.0,1.640268126060153
1452,RF,0.379,1511.0,1.640268126060153
2168,RF,0.379,1511.0,1.640268126060153
344,RF,0.378,1516.0,1.6359402418225273
493,RF,0.378,1516.0,1.6359402418225273
1442,RF,0.378,1516.0,1.6359402418225273
1712,RF,0.378,1516.0,1.6359402418225273
1787,RF,0.378,1516.0,1.6359402418225273
1789,RF,0.378,1516.0,1.6359402418225273
1869,RF,0.378,1516.0,1.6359402418225273
2056,RF,0.378,1516.0,1.6359402418225273
2481,RF,0.378,1516.0,1.6359402418225273
2591,RF,0.378,1516.0,1.6359402418225273
513,RF,0.377,1526.0,1.6316123575849015
1704,RF,0.377,1526.0,1.6316123575849015
2740,RF,0.377,1526.0,1.6316123575849015
415,RF,0.376,1529.0,1.6272844733472758
972,RF,0.376,1529.0,1.6272844733472758
990,RF,0.376,1529.0,1.6272844733472758
1205,RF,0.376,1529.0,1.6272844733472758
1786,RF,0.376,1529.0,1.6272844733472758
2147,RF,0.376,1529.0,1.6272844733472758
2189,RF,0.376,1529.0,1.6272844733472758
2491,RF,0.376,1529.0,1.6272844733472758
824,RF,0.375,1537.0,1.62295658910965
1128,RF,0.375,1537.0,1.62295658910965
1444,RF,0.375,1537.0,1.62295658910965
1736,RF,0.375,1537.0,1.62295658910965
2187,RF,0.375,1537.0,1.62295658910965
2691,RF,0.375,1537.0,1.62295658910965
8,RF,0.374,1543.0,1.6186287048720243
135,RF,0.374,1543.0,1.6186287048720243
540,RF,0.374,1543.0,1.6186287048720243
772,RF,0.374,1543.0,1.6186287048720243
934,RF,0.374,1543.0,1.6186287048720243
1028,RF,0.374,1543.0,1.6186287048720243
2700,RF,0.374,1543.0,1.6186287048720243
525,RF,0.373,1550.0,1.6143008206343985
750,RF,0.373,1550.0,1.6143008206343985
971,RF,0.373,1550.0,1.6143008206343985
1506,RF,0.373,1550.0,1.6143008206343985
80,RF,0.372,1554.0,1.6099729363967727
85,RF,0.372,1554.0,1.6099729363967727
107,RF,0.372,1554.0,1.6099729363967727
173,RF,0.372,1554.0,1.6099729363967727
183,RF,0.372,1554.0,1.6099729363967727
544,RF,0.372,1554.0,1.6099729363967727
739,RF,0.372,1554.0,1.6099729363967727
1217,RF,0.372,1554.0,1.6099729363967727
1973,RF,0.372,1554.0,1.6099729363967727
2341,RF,0.372,1554.0,1.6099729363967727
2615,RF,0.372,1554.0,1.6099729363967727
2623,RF,0.372,1554.0,1.6099729363967727
471,RF,0.371,1566.0,1.6056450521591472
810,RF,0.371,1566.0,1.6056450521591472
902,RF,0.371,1566.0,1.6056450521591472
2775,RF,0.371,1566.0,1.6056450521591472
270,RF,0.37,1570.0,1.6013171679215215
534,RF,0.37,1570.0,1.6013171679215215
578,RF,0.37,1570.0,1.6013171679215215
667,RF,0.37,1570.0,1.6013171679215215
858,RF,0.37,1570.0,1.6013171679215215
1260,RF,0.37,1570.0,1.6013171679215215
1535,RF,0.37,1570.0,1.6013171679215215
2494,RF,0.37,1570.0,1.6013171679215215
115,RF,0.369,1578.0,1.5969892836838957
1383,RF,0.369,1578.0,1.5969892836838957
1542,RF,0.369,1578.0,1.5969892836838957
1710,RF,0.369,1578.0,1.5969892836838957
1899,RF,0.369,1578.0,1.5969892836838957
2218,RF,0.369,1578.0,1.5969892836838957
2621,RF,0.369,1578.0,1.5969892836838957
178,RF,0.368,1585.0,1.59266139944627
683,RF,0.368,1585.0,1.59266139944627
1326,RF,0.368,1585.0,1.59266139944627
1392,RF,0.368,1585.0,1.59266139944627
2526,RF,0.368,1585.0,1.59266139944627
2618,RF,0.368,1585.0,1.59266139944627
2702,RF,0.368,1585.0,1.59266139944627
208,RF,0.367,1592.0,1.5883335152086442
1082,RF,0.367,1592.0,1.5883335152086442
2115,RF,0.367,1592.0,1.5883335152086442
2470,RF,0.367,1592.0,1.5883335152086442
166,RF,0.366,1596.0,1.5840056309710184
221,RF,0.366,1596.0,1.5840056309710184
353,RF,0.366,1596.0,1.5840056309710184
757,RF,0.366,1596.0,1.5840056309710184
781,RF,0.366,1596.0,1.5840056309710184
1622,RF,0.366,1596.0,1.5840056309710184
1773,RF,0.366,1596.0,1.5840056309710184
1965,RF,0.366,1596.0,1.5840056309710184
185,RF,0.365,1604.0,1.5796777467333927
1610,RF,0.365,1604.0,1.5796777467333927
2737,RF,0.365,1604.0,1.5796777467333927
245,RF,0.364,1607.0,1.575349862495767
1403,RF,0.364,1607.0,1.575349862495767
1634,RF,0.364,1607.0,1.575349862495767
1743,RF,0.364,1607.0,1.575349862495767
2018,RF,0.364,1607.0,1.575349862495767
2654,RF,0.364,1607.0,1.575349862495767
867,RF,0.363,1613.0,1.5710219782581412
2638,RF,0.363,1613.0,1.5710219782581412
435,RF,0.362,1615.0,1.5666940940205154
541,RF,0.362,1615.0,1.5666940940205154
801,RF,0.362,1615.0,1.5666940940205154
956,RF,0.362,1615.0,1.5666940940205154
27,RF,0.361,1619.0,1.5623662097828896
647,RF,0.361,1619.0,1.5623662097828896
2750,RF,0.361,1619.0,1.5623662097828896
2764,RF,0.361,1619.0,1.5623662097828896
1014,RF,0.36,1623.0,1.5580383255452641
1563,RF,0.36,1623.0,1.5580383255452641
1576,RF,0.36,1623.0,1.5580383255452641
2265,RF,0.36,1623.0,1.5580383255452641
460,RF,0.359,1627.0,1.5537104413076384
1211,RF,0.359,1627.0,1.5537104413076384
1663,RF,0.359,1627.0,1.5537104413076384
1860,RF,0.359,1627.0,1.5537104413076384
2484,RF,0.359,1627.0,1.5537104413076384
33,RF,0.358,1632.0,1.5493825570700126
2028,RF,0.358,1632.0,1.5493825570700126
2635,RF,0.358,1632.0,1.5493825570700126
508,RF,0.357,1635.0,1.5450546728323868
719,RF,0.357,1635.0,1.5450546728323868
1059,RF,0.357,1635.0,1.5450546728323868
1272,RF,0.357,1635.0,1.5450546728323868
1290,RF,0.357,1635.0,1.5450546728323868
2070,RF,0.357,1635.0,1.5450546728323868
397,RF,0.356,1641.0,1.540726788594761
685,RF,0.356,1641.0,1.540726788594761
1218,RF,0.356,1641.0,1.540726788594761
1401,RF,0.356,1641.0,1.540726788594761
2360,RF,0.356,1641.0,1.540726788594761
2376,RF,0.356,1641.0,1.540726788594761
2718,RF,0.356,1641.0,1.540726788594761
42,RF,0.355,1648.0,1.5363989043571353
555,RF,0.355,1648.0,1.5363989043571353
895,RF,0.355,1648.0,1.5363989043571353
1174,RF,0.355,1648.0,1.5363989043571353
1176,RF,0.355,1648.0,1.5363989043571353
2141,RF,0.355,1648.0,1.5363989043571353
1590,RF,0.354,1654.0,1.5320710201195096
1880,RF,0.354,1654.0,1.5320710201195096
2120,RF,0.354,1654.0,1.5320710201195096
2451,RF,0.354,1654.0,1.5320710201195096
2763,RF,0.354,1654.0,1.5320710201195096
495,RF,0.353,1659.0,1.5277431358818838
938,RF,0.353,1659.0,1.5277431358818838
1393,RF,0.353,1659.0,1.5277431358818838
1849,RF,0.353,1659.0,1.5277431358818838
2381,RF,0.353,1659.0,1.5277431358818838
617,RF,0.352,1664.0,1.523415251644258
855,RF,0.352,1664.0,1.523415251644258
1339,RF,0.352,1664.0,1.523415251644258
2097,RF,0.352,1664.0,1.523415251644258
2556,RF,0.352,1664.0,1.523415251644258
113,RF,0.351,1669.0,1.5190873674066323
792,RF,0.351,1669.0,1.5190873674066323
1352,RF,0.351,1669.0,1.5190873674066323
1658,RF,0.351,1669.0,1.5190873674066323
47,RF,0.35,1673.0,1.5147594831690065
1494,RF,0.35,1673.0,1.5147594831690065
1731,RF,0.35,1673.0,1.5147594831690065
1744,RF,0.35,1673.0,1.5147594831690065
153,RF,0.349,1677.0,1.5104315989313808
216,RF,0.349,1677.0,1.5104315989313808
597,RF,0.349,1677.0,1.5104315989313808
610,RF,0.349,1677.0,1.5104315989313808
1102,RF,0.349,1677.0,1.5104315989313808
1564,RF,0.349,1677.0,1.5104315989313808
66,RF,0.348,1683.0,1.5061037146937553
261,RF,0.348,1683.0,1.5061037146937553
594,RF,0.348,1683.0,1.5061037146937553
1037,RF,0.348,1683.0,1.5061037146937553
1051,RF,0.348,1683.0,1.5061037146937553
1805,RF,0.348,1683.0,1.5061037146937553
1944,RF,0.348,1683.0,1.5061037146937553
1961,RF,0.348,1683.0,1.5061037146937553
2670,RF,0.348,1683.0,1.5061037146937553
65,RF,0.347,1692.0,1.5017758304561295
179,RF,0.347,1692.0,1.5017758304561295
347,RF,0.347,1692.0,1.5017758304561295
590,RF,0.347,1692.0,1.5017758304561295
1193,RF,0.347,1692.0,1.5017758304561295
2532,RF,0.347,1692.0,1.5017758304561295
682,RF,0.346,1698.0,1.4974479462185037
1210,RF,0.346,1698.0,1.4974479462185037
1519,RF,0.346,1698.0,1.4974479462185037
2543,RF,0.346,1698.0,1.4974479462185037
385,RF,0.345,1702.0,1.493120061980878
907,RF,0.345,1702.0,1.493120061980878
1143,RF,0.345,1702.0,1.493120061980878
1154,RF,0.345,1702.0,1.493120061980878
1257,RF,0.345,1702.0,1.493120061980878
1375,RF,0.345,1702.0,1.493120061980878
2289,RF,0.345,1702.0,1.493120061980878
505,RF,0.344,1709.0,1.4887921777432522
1029,RF,0.344,1709.0,1.4887921777432522
1555,RF,0.344,1709.0,1.4887921777432522
165,RF,0.343,1712.0,1.4844642935056267
1005,RF,0.343,1712.0,1.4844642935056267
2523,RF,0.343,1712.0,1.4844642935056267
1340,RF,0.342,1715.0,1.480136409268001
2440,RF,0.342,1715.0,1.480136409268001
2461,RF,0.342,1715.0,1.480136409268001
2570,RF,0.342,1715.0,1.480136409268001
701,RF,0.341,1719.0,1.4758085250303752
787,RF,0.341,1719.0,1.4758085250303752
1209,RF,0.341,1719.0,1.4758085250303752
1517,RF,0.341,1719.0,1.4758085250303752
1908,RF,0.341,1719.0,1.4758085250303752
2007,RF,0.341,1719.0,1.4758085250303752
2195,RF,0.341,1719.0,1.4758085250303752
172,RF,0.34,1726.0,1.4714806407927494
989,RF,0.34,1726.0,1.4714806407927494
1013,RF,0.34,1726.0,1.4714806407927494
1985,RF,0.34,1726.0,1.4714806407927494
2169,RF,0.34,1726.0,1.4714806407927494
2311,RF,0.34,1726.0,1.4714806407927494
2683,RF,0.34,1726.0,1.4714806407927494
366,RF,0.339,1733.0,1.4671527565551237
688,RF,0.339,1733.0,1.4671527565551237
1541,RF,0.339,1733.0,1.4671527565551237
1630,RF,0.339,1733.0,1.4671527565551237
1792,RF,0.339,1733.0,1.4671527565551237
2138,RF,0.339,1733.0,1.4671527565551237
79,RF,0.338,1739.0,1.462824872317498
784,RF,0.338,1739.0,1.462824872317498
785,RF,0.338,1739.0,1.462824872317498
1558,RF,0.338,1739.0,1.462824872317498
1654,RF,0.338,1739.0,1.462824872317498
1781,RF,0.338,1739.0,1.462824872317498
2181,RF,0.338,1739.0,1.462824872317498
2358,RF,0.338,1739.0,1.462824872317498
2713,RF,0.338,1739.0,1.462824872317498
278,RF,0.337,1748.0,1.4584969880798724
526,RF,0.337,1748.0,1.4584969880798724
1055,RF,0.337,1748.0,1.4584969880798724
1202,RF,0.337,1748.0,1.4584969880798724
1684,RF,0.337,1748.0,1.4584969880798724
1763,RF,0.337,1748.0,1.4584969880798724
1896,RF,0.337,1748.0,1.4584969880798724
2483,RF,0.337,1748.0,1.4584969880798724
398,RF,0.336,1756.0,1.4541691038422466
1470,RF,0.336,1756.0,1.4541691038422466
1705,RF,0.336,1756.0,1.4541691038422466
2098,RF,0.336,1756.0,1.4541691038422466
2459,RF,0.336,1756.0,1.4541691038422466
686,RF,0.335,1761.0,1.4498412196046209
1239,RF,0.335,1761.0,1.4498412196046209
2314,RF,0.335,1761.0,1.4498412196046209
2637,RF,0.335,1761.0,1.4498412196046209
342,RF,0.334,1765.0,1.4455133353669951
585,RF,0.334,1765.0,1.4455133353669951
1241,RF,0.334,1765.0,1.4455133353669951
2058,RF,0.334,1765.0,1.4455133353669951
2060,RF,0.334,1765.0,1.4455133353669951
2248,RF,0.334,1765.0,1.4455133353669951
2692,RF,0.334,1765.0,1.4455133353669951
234,RF,0.333,1772.0,1.4411854511293694
554,RF,0.333,1772.0,1.4411854511293694
1039,RF,0.333,1772.0,1.4411854511293694
1148,RF,0.333,1772.0,1.4411854511293694
226,RF,0.332,1776.0,1.4368575668917436
240,RF,0.332,1776.0,1.4368575668917436
607,RF,0.332,1776.0,1.4368575668917436
811,RF,0.332,1776.0,1.4368575668917436
1076,RF,0.332,1776.0,1.4368575668917436
1571,RF,0.332,1776.0,1.4368575668917436
2398,RF,0.332,1776.0,1.4368575668917436
1420,RF,0.331,1783.0,1.4325296826541178
1620,RF,0.331,1783.0,1.4325296826541178
1698,RF,0.331,1783.0,1.4325296826541178
1963,RF,0.331,1783.0,1.4325296826541178
770,RF,0.33,1787.0,1.428201798416492
1575,RF,0.33,1787.0,1.428201798416492
1777,RF,0.33,1787.0,1.428201798416492
1864,RF,0.33,1787.0,1.428201798416492
1974,RF,0.33,1787.0,1.428201798416492
1997,RF,0.33,1787.0,1.428201798416492
2476,RF,0.33,1787.0,1.428201798416492
2527,RF,0.33,1787.0,1.428201798416492
629,RF,0.329,1795.0,1.4238739141788663
834,RF,0.329,1795.0,1.4238739141788663
1283,RF,0.329,1795.0,1.4238739141788663
1925,RF,0.328,1798.0,1.4195460299412406
2167,RF,0.328,1798.0,1.4195460299412406
248,RF,0.327,1800.0,1.4152181457036148
295,RF,0.327,1800.0,1.4152181457036148
615,RF,0.327,1800.0,1.4152181457036148
947,RF,0.327,1800.0,1.4152181457036148
1027,RF,0.327,1800.0,1.4152181457036148
1173,RF,0.327,1800.0,1.4152181457036148
1898,RF,0.327,1800.0,1.4152181457036148
2206,RF,0.327,1800.0,1.4152181457036148
2397,RF,0.327,1800.0,1.4152181457036148
227,RF,0.326,1809.0,1.4108902614659893
2617,RF,0.326,1809.0,1.4108902614659893
2745,RF,0.326,1809.0,1.4108902614659893
390,RF,0.325,1812.0,1.4065623772283635
1881,RF,0.325,1812.0,1.4065623772283635
2228,RF,0.325,1812.0,1.4065623772283635
691,RF,0.324,1815.0,1.4022344929907378
1309,RF,0.324,1815.0,1.4022344929907378
1599,RF,0.324,1815.0,1.4022344929907378
1852,RF,0.324,1815.0,1.4022344929907378
2545,RF,0.324,1815.0,1.4022344929907378
468,RF,0.323,1820.0,1.397906608753112
1402,RF,0.323,1820.0,1.397906608753112
2375,RF,0.323,1820.0,1.397906608753112
2447,RF,0.323,1820.0,1.397906608753112
102,RF,0.322,1824.0,1.3935787245154863
1066,RF,0.322,1824.0,1.3935787245154863
1225,RF,0.322,1824.0,1.3935787245154863
1613,RF,0.322,1824.0,1.3935787245154863
2468,RF,0.322,1824.0,1.3935787245154863
1338,RF,0.321,1829.0,1.3892508402778605
1422,RF,0.321,1829.0,1.3892508402778605
1921,RF,0.321,1829.0,1.3892508402778605
2350,RF,0.321,1829.0,1.3892508402778605
57,RF,0.32,1833.0,1.3849229560402347
1178,RF,0.32,1833.0,1.3849229560402347
1567,RF,0.32,1833.0,1.3849229560402347
1950,RF,0.32,1833.0,1.3849229560402347
2027,RF,0.32,1833.0,1.3849229560402347
19,RF,0.319,1838.0,1.380595071802609
276,RF,0.319,1838.0,1.380595071802609
670,RF,0.319,1838.0,1.380595071802609
738,RF,0.319,1838.0,1.380595071802609
1946,RF,0.319,1838.0,1.380595071802609
1996,RF,0.319,1838.0,1.380595071802609
2214,RF,0.319,1838.0,1.380595071802609
2253,RF,0.319,1838.0,1.380595071802609
2229,RF,0.318,1846.0,1.3762671875649832
105,RF,0.317,1847.0,1.3719393033273575
255,RF,0.317,1847.0,1.3719393033273575
378,RF,0.317,1847.0,1.3719393033273575
716,RF,0.317,1847.0,1.3719393033273575
830,RF,0.317,1847.0,1.3719393033273575
1301,RF,0.317,1847.0,1.3719393033273575
1800,RF,0.317,1847.0,1.3719393033273575
658,RF,0.316,1854.0,1.3676114190897317
1253,RF,0.316,1854.0,1.3676114190897317
2299,RF,0.316,1854.0,1.3676114190897317
111,RF,0.315,1857.0,1.363283534852106
161,RF,0.315,1857.0,1.363283534852106
1085,RF,0.315,1857.0,1.363283534852106
1170,RF,0.315,1857.0,1.363283534852106
1533,RF,0.315,1857.0,1.363283534852106
1707,RF,0.315,1857.0,1.363283534852106
514,RF,0.314,1863.0,1.3589556506144804
1903,RF,0.314,1863.0,1.3589556506144804
1934,RF,0.314,1863.0,1.3589556506144804
2081,RF,0.314,1863.0,1.3589556506144804
2286,RF,0.314,1863.0,1.3589556506144804
2690,RF,0.314,1863.0,1.3589556506144804
224,RF,0.313,1869.0,1.3546277663768547
301,RF,0.313,1869.0,1.3546277663768547
727,RF,0.313,1869.0,1.3546277663768547
831,RF,0.313,1869.0,1.3546277663768547
1734,RF,0.313,1869.0,1.3546277663768547
2118,RF,0.313,1869.0,1.3546277663768547
2230,RF,0.313,1869.0,1.3546277663768547
1536,RF,0.312,1876.0,1.350299882139229
114,RF,0.311,1877.0,1.3459719979016032
859,RF,0.311,1877.0,1.3459719979016032
906,RF,0.311,1877.0,1.3459719979016032
2194,RF,0.311,1877.0,1.3459719979016032
466,RF,0.31,1881.0,1.3416441136639774
622,RF,0.31,1881.0,1.3416441136639774
778,RF,0.31,1881.0,1.3416441136639774
2088,RF,0.31,1881.0,1.3416441136639774
363,RF,0.309,1885.0,1.3373162294263516
393,RF,0.309,1885.0,1.3373162294263516
419,RF,0.309,1885.0,1.3373162294263516
1701,RF,0.309,1885.0,1.3373162294263516
2674,RF,0.309,1885.0,1.3373162294263516
866,RF,0.308,1890.0,1.3329883451887259
1303,RF,0.308,1890.0,1.3329883451887259
2406,RF,0.308,1890.0,1.3329883451887259
31,RF,0.307,1893.0,1.3286604609511001
197,RF,0.307,1893.0,1.3286604609511001
1123,RF,0.307,1893.0,1.3286604609511001
1467,RF,0.307,1893.0,1.3286604609511001
6,RF,0.306,1897.0,1.3243325767134744
77,RF,0.306,1897.0,1.3243325767134744
653,RF,0.306,1897.0,1.3243325767134744
733,RF,0.306,1897.0,1.3243325767134744
1358,RF,0.306,1897.0,1.3243325767134744
1474,RF,0.306,1897.0,1.3243325767134744
1631,RF,0.306,1897.0,1.3243325767134744
2682,RF,0.306,1897.0,1.3243325767134744
203,RF,0.305,1905.0,1.3200046924758486
535,RF,0.305,1905.0,1.3200046924758486
589,RF,0.305,1905.0,1.3200046924758486
754,RF,0.305,1905.0,1.3200046924758486
1136,RF,0.305,1905.0,1.3200046924758486
1593,RF,0.305,1905.0,1.3200046924758486
2460,RF,0.305,1905.0,1.3200046924758486
2473,RF,0.305,1905.0,1.3200046924758486
2725,RF,0.305,1905.0,1.3200046924758486
247,RF,0.304,1914.0,1.3156768082382229
406,RF,0.304,1914.0,1.3156768082382229
813,RF,0.304,1914.0,1.3156768082382229
839,RF,0.304,1914.0,1.3156768082382229
994,RF,0.304,1914.0,1.3156768082382229
1087,RF,0.304,1914.0,1.3156768082382229
1528,RF,0.304,1914.0,1.3156768082382229
1904,RF,0.304,1914.0,1.3156768082382229
2217,RF,0.304,1914.0,1.3156768082382229
2425,RF,0.304,1914.0,1.3156768082382229
2701,RF,0.304,1914.0,1.3156768082382229
186,RF,0.303,1925.0,1.311348924000597
489,RF,0.303,1925.0,1.311348924000597
946,RF,0.303,1925.0,1.311348924000597
1664,RF,0.303,1925.0,1.311348924000597
2445,RF,0.303,1925.0,1.311348924000597
503,RF,0.302,1930.0,1.3070210397629716
1131,RF,0.302,1930.0,1.3070210397629716
2296,RF,0.302,1930.0,1.3070210397629716
2301,RF,0.302,1930.0,1.3070210397629716
401,RF,0.301,1934.0,1.3026931555253458
1237,RF,0.301,1934.0,1.3026931555253458
1521,RF,0.301,1934.0,1.3026931555253458
2307,RF,0.301,1934.0,1.3026931555253458
2675,RF,0.301,1934.0,1.3026931555253458
1070,RF,0.3,1939.0,1.29836527128772
1724,RF,0.3,1939.0,1.29836527128772
1799,RF,0.3,1939.0,1.29836527128772
1832,RF,0.3,1939.0,1.29836527128772
155,RF,0.299,1943.0,1.2940373870500943
497,RF,0.299,1943.0,1.2940373870500943
820,RF,0.299,1943.0,1.2940373870500943
1742,RF,0.299,1943.0,1.2940373870500943
1897,RF,0.299,1943.0,1.2940373870500943
1970,RF,0.299,1943.0,1.2940373870500943
2374,RF,0.299,1943.0,1.2940373870500943
665,RF,0.298,1950.0,1.2897095028124685
807,RF,0.298,1950.0,1.2897095028124685
969,RF,0.298,1950.0,1.2897095028124685
1074,RF,0.298,1950.0,1.2897095028124685
147,RF,0.297,1954.0,1.2853816185748428
1477,RF,0.297,1954.0,1.2853816185748428
2172,RF,0.297,1954.0,1.2853816185748428
2611,RF,0.297,1954.0,1.2853816185748428
1507,RF,0.296,1958.0,1.281053734337217
1592,RF,0.296,1958.0,1.281053734337217
2728,RF,0.296,1958.0,1.281053734337217
840,RF,0.295,1961.0,1.2767258500995913
889,RF,0.295,1961.0,1.2767258500995913
2235,RF,0.295,1961.0,1.2767258500995913
2395,RF,0.295,1961.0,1.2767258500995913
2002,RF,0.294,1965.0,1.2723979658619655
612,RF,0.293,1966.0,1.2680700816243398
2113,RF,0.293,1966.0,1.2680700816243398
330,RF,0.292,1968.0,1.263742197386714
662,RF,0.292,1968.0,1.263742197386714
2686,RF,0.292,1968.0,1.263742197386714
1696,RF,0.291,1971.0,1.2594143131490885
175,RF,0.29,1972.0,1.2550864289114627
1813,RF,0.29,1972.0,1.2550864289114627
2715,RF,0.29,1972.0,1.2550864289114627
346,RF,0.289,1975.0,1.250758544673837
1147,RF,0.289,1975.0,1.250758544673837
2042,RF,0.289,1975.0,1.250758544673837
1052,RF,0.288,1978.0,1.2464306604362112
1251,RF,0.288,1978.0,1.2464306604362112
1276,RF,0.287,1980.0,1.2421027761985854
1414,RF,0.287,1980.0,1.2421027761985854
1838,RF,0.287,1980.0,1.2421027761985854
2268,RF,0.287,1980.0,1.2421027761985854
2661,RF,0.287,1980.0,1.2421027761985854
1332,RF,0.286,1985.0,1.2377748919609597
1547,RF,0.286,1985.0,1.2377748919609597
1867,RF,0.286,1985.0,1.2377748919609597
2066,RF,0.286,1985.0,1.2377748919609597
1230,RF,0.285,1989.0,1.233447007723334
1374,RF,0.285,1989.0,1.233447007723334
1433,RF,0.285,1989.0,1.233447007723334
1490,RF,0.285,1989.0,1.233447007723334
487,RF,0.284,1993.0,1.2291191234857082
501,RF,0.284,1993.0,1.2291191234857082
1195,RF,0.284,1993.0,1.2291191234857082
2017,RF,0.284,1993.0,1.2291191234857082
360,RF,0.283,1997.0,1.2247912392480824
915,RF,0.283,1997.0,1.2247912392480824
916,RF,0.283,1997.0,1.2247912392480824
1478,RF,0.283,1997.0,1.2247912392480824
2144,RF,0.283,1997.0,1.2247912392480824
195,RF,0.282,2002.0,1.2204633550104567
519,RF,0.282,2002.0,1.2204633550104567
563,RF,0.282,2002.0,1.2204633550104567
1308,RF,0.282,2002.0,1.2204633550104567
1600,RF,0.282,2002.0,1.2204633550104567
1605,RF,0.282,2002.0,1.2204633550104567
1769,RF,0.282,2002.0,1.2204633550104567
2173,RF,0.282,2002.0,1.2204633550104567
2335,RF,0.282,2002.0,1.2204633550104567
1927,RF,0.281,2011.0,1.2161354707728311
2231,RF,0.281,2011.0,1.2161354707728311
2256,RF,0.281,2011.0,1.2161354707728311
213,RF,0.28,2014.0,1.2118075865352056
1130,RF,0.28,2014.0,1.2118075865352056
374,RF,0.279,2016.0,1.2074797022975798
432,RF,0.279,2016.0,1.2074797022975798
605,RF,0.279,2016.0,1.2074797022975798
963,RF,0.279,2016.0,1.2074797022975798
974,RF,0.279,2016.0,1.2074797022975798
1457,RF,0.279,2016.0,1.2074797022975798
209,RF,0.278,2022.0,1.203151818059954
423,RF,0.277,2023.0,1.1988239338223283
864,RF,0.277,2023.0,1.1988239338223283
1466,RF,0.277,2023.0,1.1988239338223283
1587,RF,0.277,2023.0,1.1988239338223283
2083,RF,0.277,2023.0,1.1988239338223283
1790,RF,0.276,2028.0,1.1944960495847026
1229,RF,0.275,2029.0,1.1901681653470768
1794,RF,0.275,2029.0,1.1901681653470768
2743,RF,0.275,2029.0,1.1901681653470768
269,RF,0.274,2032.0,1.185840281109451
543,RF,0.274,2032.0,1.185840281109451
873,RF,0.274,2032.0,1.185840281109451
1771,RF,0.274,2032.0,1.185840281109451
1862,RF,0.274,2032.0,1.185840281109451
717,RF,0.272,2037.0,1.1771845126341995
2024,RF,0.272,2037.0,1.1771845126341995
2370,RF,0.272,2037.0,1.1771845126341995
499,RF,0.271,2040.0,1.1728566283965738
509,RF,0.271,2040.0,1.1728566283965738
1175,RF,0.271,2040.0,1.1728566283965738
21,RF,0.27,2043.0,1.168528744158948
1127,RF,0.27,2043.0,1.168528744158948
2171,RF,0.27,2043.0,1.168528744158948
532,RF,0.269,2046.0,1.1642008599213225
788,RF,0.269,2046.0,1.1642008599213225
2123,RF,0.269,2046.0,1.1642008599213225
2399,RF,0.269,2046.0,1.1642008599213225
2424,RF,0.269,2046.0,1.1642008599213225
2504,RF,0.269,2046.0,1.1642008599213225
2636,RF,0.269,2046.0,1.1642008599213225
470,RF,0.268,2053.0,1.1598729756836967
699,RF,0.268,2053.0,1.1598729756836967
1918,RF,0.268,2053.0,1.1598729756836967
2463,RF,0.268,2053.0,1.1598729756836967
1269,RF,0.267,2057.0,1.155545091446071
1298,RF,0.267,2057.0,1.155545091446071
1653,RF,0.267,2057.0,1.155545091446071
232,RF,0.266,2060.0,1.1512172072084452
267,RF,0.266,2060.0,1.1512172072084452
1046,RF,0.266,2060.0,1.1512172072084452
1103,RF,0.266,2060.0,1.1512172072084452
1318,RF,0.266,2060.0,1.1512172072084452
1755,RF,0.266,2060.0,1.1512172072084452
2748,RF,0.266,2060.0,1.1512172072084452
1278,RF,0.265,2067.0,1.1468893229708195
1325,RF,0.265,2067.0,1.1468893229708195
2316,RF,0.265,2067.0,1.1468893229708195
1675,RF,0.264,2070.0,1.1425614387331937
328,RF,0.263,2071.0,1.138233554495568
798,RF,0.263,2071.0,1.138233554495568
1293,RF,0.263,2071.0,1.138233554495568
1416,RF,0.263,2071.0,1.138233554495568
2142,RF,0.263,2071.0,1.138233554495568
2771,RF,0.263,2071.0,1.138233554495568
2215,RF,0.262,2077.0,1.1339056702579422
296,RF,0.261,2078.0,1.1295777860203164
384,RF,0.26,2079.0,1.1252499017826907
1043,RF,0.26,2079.0,1.1252499017826907
1061,RF,0.26,2079.0,1.1252499017826907
2040,RF,0.26,2079.0,1.1252499017826907
702,RF,0.259,2083.0,1.120922017545065
1481,RF,0.259,2083.0,1.120922017545065
2312,RF,0.259,2083.0,1.120922017545065
326,RF,0.258,2086.0,1.1165941333074392
626,RF,0.258,2086.0,1.1165941333074392
1222,RF,0.258,2086.0,1.1165941333074392
1926,RF,0.258,2086.0,1.1165941333074392
2744,RF,0.258,2086.0,1.1165941333074392
980,RF,0.257,2091.0,1.1122662490698136
1050,RF,0.257,2091.0,1.1122662490698136
1981,RF,0.257,2091.0,1.1122662490698136
2533,RF,0.257,2091.0,1.1122662490698136
2706,RF,0.257,2091.0,1.1122662490698136
233,RF,0.256,2096.0,1.1079383648321879
421,RF,0.256,2096.0,1.1079383648321879
1351,RF,0.256,2096.0,1.1079383648321879
1797,RF,0.256,2096.0,1.1079383648321879
2409,RF,0.256,2096.0,1.1079383648321879
332,RF,0.255,2101.0,1.1036104805945621
1149,RF,0.255,2101.0,1.1036104805945621
2184,RF,0.255,2101.0,1.1036104805945621
412,RF,0.254,2104.0,1.0992825963569364
669,RF,0.254,2104.0,1.0992825963569364
704,RF,0.254,2104.0,1.0992825963569364
742,RF,0.254,2104.0,1.0992825963569364
1042,RF,0.254,2104.0,1.0992825963569364
2041,RF,0.254,2104.0,1.0992825963569364
2549,RF,0.254,2104.0,1.0992825963569364
1968,RF,0.253,2111.0,1.0949547121193106
2364,RF,0.253,2111.0,1.0949547121193106
2655,RF,0.253,2111.0,1.0949547121193106
163,RF,0.252,2114.0,1.0906268278816849
1138,RF,0.252,2114.0,1.0906268278816849
2353,RF,0.252,2114.0,1.0906268278816849
116,RF,0.251,2117.0,1.086298943644059
453,RF,0.251,2117.0,1.086298943644059
2051,RF,0.251,2117.0,1.086298943644059
926,RF,0.25,2120.0,1.0819710594064333
1223,RF,0.25,2120.0,1.0819710594064333
2754,RF,0.249,2122.0,1.0776431751688076
1156,RF,0.248,2123.0,1.0733152909311818
1512,RF,0.248,2123.0,1.0733152909311818
2572,RF,0.248,2123.0,1.0733152909311818
1462,RF,0.247,2126.0,1.068987406693556
92,RF,0.246,2127.0,1.0646595224559303
1288,RF,0.246,2127.0,1.0646595224559303
1556,RF,0.246,2127.0,1.0646595224559303
2669,RF,0.246,2127.0,1.0646595224559303
880,RF,0.245,2131.0,1.0603316382183048
977,RF,0.245,2131.0,1.0603316382183048
1557,RF,0.245,2131.0,1.0603316382183048
2407,RF,0.245,2131.0,1.0603316382183048
2454,RF,0.245,2131.0,1.0603316382183048
71,RF,0.244,2136.0,1.056003753980679
537,RF,0.244,2136.0,1.056003753980679
1426,RF,0.244,2136.0,1.056003753980679
2111,RF,0.244,2136.0,1.056003753980679
2387,RF,0.244,2136.0,1.056003753980679
2421,RF,0.244,2136.0,1.056003753980679
217,RF,0.243,2142.0,1.0516758697430533
462,RF,0.243,2142.0,1.0516758697430533
1300,RF,0.243,2142.0,1.0516758697430533
2077,RF,0.243,2142.0,1.0516758697430533
2402,RF,0.243,2142.0,1.0516758697430533
2408,RF,0.243,2142.0,1.0516758697430533
2548,RF,0.243,2142.0,1.0516758697430533
577,RF,0.242,2149.0,1.0473479855054275
2573,RF,0.242,2149.0,1.0473479855054275
852,RF,0.241,2151.0,1.0430201012678018
1983,RF,0.241,2151.0,1.0430201012678018
477,RF,0.24,2153.0,1.038692217030176
600,RF,0.24,2153.0,1.038692217030176
619,RF,0.24,2153.0,1.038692217030176
737,RF,0.24,2153.0,1.038692217030176
783,RF,0.24,2153.0,1.038692217030176
1586,RF,0.239,2158.0,1.0343643327925502
2574,RF,0.239,2158.0,1.0343643327925502
1496,RF,0.238,2160.0,1.0300364485549245
327,RF,0.237,2161.0,1.0257085643172987
666,RF,0.237,2161.0,1.0257085643172987
1083,RF,0.237,2161.0,1.0257085643172987
1668,RF,0.237,2161.0,1.0257085643172987
2031,RF,0.237,2161.0,1.0257085643172987
2642,RF,0.237,2161.0,1.0257085643172987
524,RF,0.236,2167.0,1.021380680079673
999,RF,0.236,2167.0,1.021380680079673
1368,RF,0.236,2167.0,1.021380680079673
1694,RF,0.236,2167.0,1.021380680079673
2096,RF,0.236,2167.0,1.021380680079673
2244,RF,0.236,2167.0,1.021380680079673
2592,RF,0.236,2167.0,1.021380680079673
1132,RF,0.235,2174.0,1.0170527958420472
1396,RF,0.235,2174.0,1.0170527958420472
1822,RF,0.235,2174.0,1.0170527958420472
2396,RF,0.235,2174.0,1.0170527958420472
2721,RF,0.235,2174.0,1.0170527958420472
620,RF,0.234,2179.0,1.0127249116044217
715,RF,0.234,2179.0,1.0127249116044217
771,RF,0.234,2179.0,1.0127249116044217
1110,RF,0.234,2179.0,1.0127249116044217
1774,RF,0.234,2179.0,1.0127249116044217
2496,RF,0.234,2179.0,1.0127249116044217
148,RF,0.233,2185.0,1.008397027366796
677,RF,0.233,2185.0,1.008397027366796
882,RF,0.233,2185.0,1.008397027366796
1015,RF,0.233,2185.0,1.008397027366796
1180,RF,0.233,2185.0,1.008397027366796
1633,RF,0.233,2185.0,1.008397027366796
645,RF,0.232,2191.0,1.0040691431291702
1319,RF,0.232,2191.0,1.0040691431291702
2619,RF,0.232,2191.0,1.0040691431291702
118,RF,0.231,2194.0,0.9997412588915445
881,RF,0.231,2194.0,0.9997412588915445
931,RF,0.231,2194.0,0.9997412588915445
2032,RF,0.231,2194.0,0.9997412588915445
572,RF,0.23,2198.0,0.9954133746539188
829,RF,0.23,2198.0,0.9954133746539188
2267,RF,0.23,2198.0,0.9954133746539188
711,RF,0.229,2201.0,0.991085490416293
1207,RF,0.229,2201.0,0.991085490416293
1317,RF,0.229,2201.0,0.991085490416293
2711,RF,0.229,2201.0,0.991085490416293
94,RF,0.228,2205.0,0.9867576061786673
133,RF,0.228,2205.0,0.9867576061786673
356,RF,0.228,2205.0,0.9867576061786673
2276,RF,0.228,2205.0,0.9867576061786673
2016,RF,0.227,2209.0,0.9824297219410415
2303,RF,0.227,2209.0,0.9824297219410415
2749,RF,0.227,2209.0,0.9824297219410415
639,RF,0.226,2212.0,0.9781018377034157
1228,RF,0.226,2212.0,0.9781018377034157
1751,RF,0.226,2212.0,0.9781018377034157
1809,RF,0.226,2212.0,0.9781018377034157
2107,RF,0.226,2212.0,0.9781018377034157
2221,RF,0.226,2212.0,0.9781018377034157
1552,RF,0.224,2218.0,0.9694460692281643
1588,RF,0.224,2218.0,0.9694460692281643
2427,RF,0.224,2218.0,0.9694460692281643
2668,RF,0.224,2218.0,0.9694460692281643
5,RF,0.223,2222.0,0.9651181849905386
1336,RF,0.222,2223.0,0.9607903007529128
2125,RF,0.222,2223.0,0.9607903007529128
2729,RF,0.222,2223.0,0.9607903007529128
446,RF,0.221,2226.0,0.9564624165152871
1060,RF,0.221,2226.0,0.9564624165152871
1273,RF,0.221,2226.0,0.9564624165152871
1449,RF,0.221,2226.0,0.9564624165152871
1833,RF,0.221,2226.0,0.9564624165152871
2050,RF,0.221,2226.0,0.9564624165152871
3,RF,0.22,2232.0,0.9521345322776614
239,RF,0.22,2232.0,0.9521345322776614
354,RF,0.22,2232.0,0.9521345322776614
1387,RF,0.22,2232.0,0.9521345322776614
139,RF,0.219,2236.0,0.9478066480400357
480,RF,0.219,2236.0,0.9478066480400357
680,RF,0.219,2236.0,0.9478066480400357
1262,RF,0.219,2236.0,0.9478066480400357
2035,RF,0.219,2236.0,0.9478066480400357
2186,RF,0.219,2236.0,0.9478066480400357
2620,RF,0.219,2236.0,0.9478066480400357
2726,RF,0.219,2236.0,0.9478066480400357
2154,RF,0.218,2244.0,0.9434787638024099
109,RF,0.217,2245.0,0.9391508795647842
842,RF,0.217,2245.0,0.9391508795647842
1504,RF,0.217,2245.0,0.9391508795647842
1868,RF,0.217,2245.0,0.9391508795647842
1882,RF,0.217,2245.0,0.9391508795647842
2174,RF,0.217,2245.0,0.9391508795647842
2308,RF,0.217,2245.0,0.9391508795647842
123,RF,0.216,2252.0,0.9348229953271584
436,RF,0.216,2252.0,0.9348229953271584
1065,RF,0.216,2252.0,0.9348229953271584
1844,RF,0.216,2252.0,0.9348229953271584
1865,RF,0.216,2252.0,0.9348229953271584
2112,RF,0.216,2252.0,0.9348229953271584
1034,RF,0.215,2258.0,0.9304951110895326
1213,RF,0.215,2258.0,0.9304951110895326
2751,RF,0.215,2258.0,0.9304951110895326
1186,RF,0.214,2261.0,0.926167226851907
1284,RF,0.214,2261.0,0.926167226851907
1529,RF,0.214,2261.0,0.926167226851907
2503,RF,0.214,2261.0,0.926167226851907
1092,RF,0.213,2265.0,0.9218393426142812
1615,RF,0.213,2265.0,0.9218393426142812
1831,RF,0.212,2267.0,0.9175114583766555
1987,RF,0.212,2267.0,0.9175114583766555
2513,RF,0.212,2267.0,0.9175114583766555
2625,RF,0.212,2267.0,0.9175114583766555
73,RF,0.211,2271.0,0.9131835741390297
268,RF,0.211,2271.0,0.9131835741390297
399,RF,0.211,2271.0,0.9131835741390297
681,RF,0.211,2271.0,0.9131835741390297
1461,RF,0.211,2271.0,0.9131835741390297
2329,RF,0.211,2271.0,0.9131835741390297
2565,RF,0.211,2271.0,0.9131835741390297
817,RF,0.21,2278.0,0.908855689901404
1376,RF,0.21,2278.0,0.908855689901404
1497,RF,0.21,2278.0,0.908855689901404
386,RF,0.209,2281.0,0.9045278056637782
1975,RF,0.209,2281.0,0.9045278056637782
2712,RF,0.209,2281.0,0.9045278056637782
804,RF,0.208,2284.0,0.9001999214261526
1446,RF,0.208,2284.0,0.9001999214261526
1628,RF,0.208,2284.0,0.9001999214261526
2426,RF,0.208,2284.0,0.9001999214261526
2239,RF,0.207,2288.0,0.8958720371885268
2516,RF,0.207,2288.0,0.8958720371885268
542,RF,0.206,2290.0,0.8915441529509011
1259,RF,0.206,2290.0,0.8915441529509011
1435,RF,0.206,2290.0,0.8915441529509011
731,RF,0.205,2293.0,0.8872162687132753
1294,RF,0.205,2293.0,0.8872162687132753
2362,RF,0.205,2293.0,0.8872162687132753
2577,RF,0.205,2293.0,0.8872162687132753
2631,RF,0.205,2293.0,0.8872162687132753
648,RF,0.204,2298.0,0.8828883844756495
1434,RF,0.204,2298.0,0.8828883844756495
1851,RF,0.204,2298.0,0.8828883844756495
1887,RF,0.204,2298.0,0.8828883844756495
2127,RF,0.204,2298.0,0.8828883844756495
2236,RF,0.204,2298.0,0.8828883844756495
1508,RF,0.203,2304.0,0.878560500238024
2271,RF,0.203,2304.0,0.878560500238024
2482,RF,0.203,2304.0,0.878560500238024
48,RF,0.202,2307.0,0.8742326160003983
475,RF,0.202,2307.0,0.8742326160003983
1911,RF,0.202,2307.0,0.8742326160003983
2569,RF,0.202,2307.0,0.8742326160003983
2377,RF,0.201,2311.0,0.8699047317627725
2472,RF,0.201,2311.0,0.8699047317627725
2747,RF,0.201,2311.0,0.8699047317627725
2129,RF,0.2,2314.0,0.8655768475251467
2428,RF,0.2,2314.0,0.8655768475251467
1256,RF,0.199,2316.0,0.861248963287521
2061,RF,0.199,2316.0,0.861248963287521
395,RF,0.198,2318.0,0.8569210790498952
517,RF,0.198,2318.0,0.8569210790498952
760,RF,0.198,2318.0,0.8569210790498952
1168,RF,0.198,2318.0,0.8569210790498952
1386,RF,0.198,2318.0,0.8569210790498952
1709,RF,0.198,2318.0,0.8569210790498952
1820,RF,0.198,2318.0,0.8569210790498952
1936,RF,0.198,2318.0,0.8569210790498952
2324,RF,0.198,2318.0,0.8569210790498952
68,RF,0.197,2327.0,0.8525931948122696
275,RF,0.197,2327.0,0.8525931948122696
592,RF,0.197,2327.0,0.8525931948122696
673,RF,0.197,2327.0,0.8525931948122696
932,RF,0.197,2327.0,0.8525931948122696
1683,RF,0.197,2327.0,0.8525931948122696
2322,RF,0.197,2327.0,0.8525931948122696
49,RF,0.196,2334.0,0.8482653105746438
63,RF,0.196,2334.0,0.8482653105746438
1265,RF,0.196,2334.0,0.8482653105746438
1785,RF,0.196,2334.0,0.8482653105746438
2101,RF,0.196,2334.0,0.8482653105746438
2166,RF,0.196,2334.0,0.8482653105746438
2357,RF,0.196,2334.0,0.8482653105746438
678,RF,0.195,2341.0,0.8439374263370181
1464,RF,0.195,2341.0,0.8439374263370181
2652,RF,0.195,2341.0,0.8439374263370181
2772,RF,0.195,2341.0,0.8439374263370181
299,RF,0.194,2345.0,0.8396095420993923
764,RF,0.194,2345.0,0.8396095420993923
1366,RF,0.194,2345.0,0.8396095420993923
1589,RF,0.193,2348.0,0.8352816578617666
2182,RF,0.193,2348.0,0.8352816578617666
2342,RF,0.193,2348.0,0.8352816578617666
1626,RF,0.192,2351.0,0.8309537736241408
2378,RF,0.192,2351.0,0.8309537736241408
271,RF,0.191,2353.0,0.8266258893865152
461,RF,0.191,2353.0,0.8266258893865152
1133,RF,0.191,2353.0,0.8266258893865152
1235,RF,0.191,2353.0,0.8266258893865152
1988,RF,0.191,2353.0,0.8266258893865152
2176,RF,0.191,2353.0,0.8266258893865152
2647,RF,0.191,2353.0,0.8266258893865152
1072,RF,0.19,2360.0,0.8222980051488894
2687,RF,0.19,2360.0,0.8222980051488894
50,RF,0.189,2362.0,0.8179701209112636
736,RF,0.189,2362.0,0.8179701209112636
1057,RF,0.189,2362.0,0.8179701209112636
2777,RF,0.189,2362.0,0.8179701209112636
576,RF,0.188,2366.0,0.8136422366736379
1196,RF,0.188,2366.0,0.8136422366736379
1471,RF,0.188,2366.0,0.8136422366736379
2379,RF,0.188,2366.0,0.8136422366736379
2521,RF,0.188,2366.0,0.8136422366736379
2534,RF,0.188,2366.0,0.8136422366736379
2720,RF,0.188,2366.0,0.8136422366736379
87,RF,0.187,2373.0,0.8093143524360121
182,RF,0.187,2373.0,0.8093143524360121
591,RF,0.187,2373.0,0.8093143524360121
1498,RF,0.187,2373.0,0.8093143524360121
1757,RF,0.187,2373.0,0.8093143524360121
1801,RF,0.187,2373.0,0.8093143524360121
2288,RF,0.187,2373.0,0.8093143524360121
724,RF,0.186,2380.0,0.8049864681983864
1928,RF,0.186,2380.0,0.8049864681983864
2730,RF,0.186,2380.0,0.8049864681983864
16,RF,0.185,2383.0,0.8006585839607607
1216,RF,0.185,2383.0,0.8006585839607607
1327,RF,0.185,2383.0,0.8006585839607607
2015,RF,0.185,2383.0,0.8006585839607607
440,RF,0.184,2387.0,0.796330699723135
953,RF,0.184,2387.0,0.796330699723135
1331,RF,0.184,2387.0,0.796330699723135
2072,RF,0.184,2387.0,0.796330699723135
2349,RF,0.184,2387.0,0.796330699723135
2579,RF,0.184,2387.0,0.796330699723135
2641,RF,0.184,2387.0,0.796330699723135
875,RF,0.182,2394.0,0.7876749312478835
1099,RF,0.182,2394.0,0.7876749312478835
1703,RF,0.181,2396.0,0.7833470470102577
1878,RF,0.181,2396.0,0.7833470470102577
2285,RF,0.181,2396.0,0.7833470470102577
1714,RF,0.18,2399.0,0.7790191627726321
2124,RF,0.18,2399.0,0.7790191627726321
2219,RF,0.18,2399.0,0.7790191627726321
2507,RF,0.18,2399.0,0.7790191627726321
1495,RF,0.179,2403.0,0.7746912785350063
190,RF,0.178,2404.0,0.7703633942973805
1870,RF,0.178,2404.0,0.7703633942973805
2681,RF,0.178,2404.0,0.7703633942973805
1365,RF,0.177,2407.0,0.7660355100597548
1723,RF,0.177,2407.0,0.7660355100597548
2086,RF,0.177,2407.0,0.7660355100597548
1049,RF,0.176,2410.0,0.761707625822129
1058,RF,0.176,2410.0,0.761707625822129
2317,RF,0.176,2410.0,0.761707625822129
152,RF,0.175,2413.0,0.7573797415845033
329,RF,0.175,2413.0,0.7573797415845033
1370,RF,0.175,2413.0,0.7573797415845033
1516,RF,0.175,2413.0,0.7573797415845033
644,RF,0.174,2417.0,0.7530518573468776
1561,RF,0.174,2417.0,0.7530518573468776
30,RF,0.173,2419.0,0.7487239731092519
1177,RF,0.173,2419.0,0.7487239731092519
1770,RF,0.173,2419.0,0.7487239731092519
2196,RF,0.173,2419.0,0.7487239731092519
2352,RF,0.173,2419.0,0.7487239731092519
198,RF,0.172,2424.0,0.7443960888716261
359,RF,0.172,2424.0,0.7443960888716261
1022,RF,0.172,2424.0,0.7443960888716261
1765,RF,0.172,2424.0,0.7443960888716261
448,RF,0.171,2428.0,0.7400682046340005
848,RF,0.171,2428.0,0.7400682046340005
870,RF,0.171,2428.0,0.7400682046340005
982,RF,0.171,2428.0,0.7400682046340005
1795,RF,0.171,2428.0,0.7400682046340005
1812,RF,0.171,2428.0,0.7400682046340005
1357,RF,0.17,2434.0,0.7357403203963747
1827,RF,0.17,2434.0,0.7357403203963747
13,RF,0.169,2436.0,0.731412436158749
984,RF,0.169,2436.0,0.731412436158749
1836,RF,0.169,2436.0,0.731412436158749
1857,RF,0.169,2436.0,0.731412436158749
309,RF,0.168,2440.0,0.7270845519211233
375,RF,0.168,2440.0,0.7270845519211233
651,RF,0.168,2440.0,0.7270845519211233
1134,RF,0.168,2440.0,0.7270845519211233
1206,RF,0.168,2440.0,0.7270845519211233
2383,RF,0.168,2440.0,0.7270845519211233
2694,RF,0.168,2440.0,0.7270845519211233
1346,RF,0.167,2447.0,0.7227566676834976
2109,RF,0.167,2447.0,0.7227566676834976
2155,RF,0.167,2447.0,0.7227566676834976
2385,RF,0.167,2447.0,0.7227566676834976
2417,RF,0.167,2447.0,0.7227566676834976
2492,RF,0.167,2447.0,0.7227566676834976
2498,RF,0.167,2447.0,0.7227566676834976
2558,RF,0.167,2447.0,0.7227566676834976
498,RF,0.166,2455.0,0.7184287834458718
949,RF,0.166,2455.0,0.7184287834458718
2095,RF,0.166,2455.0,0.7184287834458718
2555,RF,0.166,2455.0,0.7184287834458718
643,RF,0.165,2459.0,0.714100899208246
1595,RF,0.165,2459.0,0.714100899208246
106,RF,0.164,2461.0,0.7097730149706203
604,RF,0.164,2461.0,0.7097730149706203
2550,RF,0.164,2461.0,0.7097730149706203
987,RF,0.163,2464.0,0.7054451307329946
1525,RF,0.163,2464.0,0.7054451307329946
83,RF,0.162,2466.0,0.7011172464953689
1602,RF,0.161,2467.0,0.6967893622577431
2449,RF,0.161,2467.0,0.6967893622577431
510,RF,0.16,2469.0,0.6924614780201174
1091,RF,0.16,2469.0,0.6924614780201174
1236,RF,0.16,2469.0,0.6924614780201174
1553,RF,0.16,2469.0,0.6924614780201174
1687,RF,0.16,2469.0,0.6924614780201174
1947,RF,0.16,2469.0,0.6924614780201174
808,RF,0.159,2475.0,0.6881335937824916
983,RF,0.159,2475.0,0.6881335937824916
2510,RF,0.159,2475.0,0.6881335937824916
14,RF,0.158,2478.0,0.6838057095448659
939,RF,0.158,2478.0,0.6838057095448659
88,RF,0.157,2480.0,0.6794778253072402
284,RF,0.157,2480.0,0.6794778253072402
652,RF,0.157,2480.0,0.6794778253072402
1086,RF,0.157,2480.0,0.6794778253072402
1287,RF,0.157,2480.0,0.6794778253072402
1816,RF,0.157,2480.0,0.6794778253072402
231,RF,0.156,2486.0,0.6751499410696145
315,RF,0.156,2486.0,0.6751499410696145
642,RF,0.156,2486.0,0.6751499410696145
2190,RF,0.156,2486.0,0.6751499410696145
215,RF,0.155,2490.0,0.6708220568319887
218,RF,0.155,2490.0,0.6708220568319887
1289,RF,0.155,2490.0,0.6708220568319887
1842,RF,0.155,2490.0,0.6708220568319887
2046,RF,0.155,2490.0,0.6708220568319887
317,RF,0.154,2495.0,0.6664941725943629
1362,RF,0.154,2495.0,0.6664941725943629
2693,RF,0.154,2495.0,0.6664941725943629
828,RF,0.153,2498.0,0.6621662883567372
1424,RF,0.153,2498.0,0.6621662883567372
2121,RF,0.153,2498.0,0.6621662883567372
2414,RF,0.153,2498.0,0.6621662883567372
465,RF,0.152,2502.0,0.6578384041191114
1003,RF,0.152,2502.0,0.6578384041191114
1006,RF,0.152,2502.0,0.6578384041191114
1071,RF,0.152,2502.0,0.6578384041191114
1823,RF,0.152,2502.0,0.6578384041191114
2328,RF,0.152,2502.0,0.6578384041191114
2559,RF,0.152,2502.0,0.6578384041191114
687,RF,0.151,2509.0,0.6535105198814858
1299,RF,0.151,2509.0,0.6535105198814858
1636,RF,0.151,2509.0,0.6535105198814858
2596,RF,0.151,2509.0,0.6535105198814858
252,RF,0.15,2513.0,0.64918263564386
430,RF,0.15,2513.0,0.64918263564386
1161,RF,0.15,2513.0,0.64918263564386
1024,RF,0.149,2516.0,0.6448547514062343
2071,RF,0.149,2516.0,0.6448547514062343
720,RF,0.148,2518.0,0.6405268671686085
887,RF,0.148,2518.0,0.6405268671686085
894,RF,0.148,2518.0,0.6405268671686085
290,RF,0.147,2521.0,0.6361989829309828
1234,RF,0.146,2522.0,0.631871098693357
1335,RF,0.146,2522.0,0.631871098693357
1465,RF,0.146,2522.0,0.631871098693357
1624,RF,0.146,2522.0,0.631871098693357
1804,RF,0.146,2522.0,0.631871098693357
838,RF,0.145,2527.0,0.6275432144557314
1000,RF,0.145,2527.0,0.6275432144557314
1197,RF,0.145,2527.0,0.6275432144557314
1840,RF,0.145,2527.0,0.6275432144557314
2502,RF,0.145,2527.0,0.6275432144557314
207,RF,0.144,2532.0,0.6232153302181056
584,RF,0.144,2532.0,0.6232153302181056
912,RF,0.144,2532.0,0.6232153302181056
1463,RF,0.144,2532.0,0.6232153302181056
1671,RF,0.144,2532.0,0.6232153302181056
2272,RF,0.144,2532.0,0.6232153302181056
2310,RF,0.144,2532.0,0.6232153302181056
2493,RF,0.144,2532.0,0.6232153302181056
439,RF,0.143,2540.0,0.6188874459804798
472,RF,0.143,2540.0,0.6188874459804798
789,RF,0.143,2540.0,0.6188874459804798
930,RF,0.143,2540.0,0.6188874459804798
1509,RF,0.143,2540.0,0.6188874459804798
1850,RF,0.143,2540.0,0.6188874459804798
2589,RF,0.143,2540.0,0.6188874459804798
103,RF,0.142,2547.0,0.6145595617428541
242,RF,0.142,2547.0,0.6145595617428541
368,RF,0.142,2547.0,0.6145595617428541
1398,RF,0.142,2547.0,0.6145595617428541
1487,RF,0.142,2547.0,0.6145595617428541
2193,RF,0.142,2547.0,0.6145595617428541
191,RF,0.141,2553.0,0.6102316775052283
331,RF,0.141,2553.0,0.6102316775052283
1726,RF,0.141,2553.0,0.6102316775052283
1817,RF,0.141,2553.0,0.6102316775052283
181,RF,0.14,2557.0,0.6059037932676028
1737,RF,0.14,2557.0,0.6059037932676028
2438,RF,0.14,2557.0,0.6059037932676028
1713,RF,0.139,2560.0,0.601575909029977
1941,RF,0.139,2560.0,0.601575909029977
2,RF,0.138,2562.0,0.5972480247923513
1191,RF,0.138,2562.0,0.5972480247923513
1603,RF,0.138,2562.0,0.5972480247923513
1886,RF,0.138,2562.0,0.5972480247923513
1889,RF,0.138,2562.0,0.5972480247923513
1902,RF,0.138,2562.0,0.5972480247923513
1915,RF,0.138,2562.0,0.5972480247923513
2139,RF,0.138,2562.0,0.5972480247923513
2433,RF,0.138,2562.0,0.5972480247923513
28,RF,0.137,2571.0,0.5929201405547255
54,RF,0.137,2571.0,0.5929201405547255
550,RF,0.137,2571.0,0.5929201405547255
2192,RF,0.137,2571.0,0.5929201405547255
2320,RF,0.137,2571.0,0.5929201405547255
108,RF,0.136,2576.0,0.5885922563170998
558,RF,0.136,2576.0,0.5885922563170998
2499,RF,0.136,2576.0,0.5885922563170998
336,RF,0.135,2579.0,0.584264372079474
571,RF,0.135,2579.0,0.584264372079474
1991,RF,0.135,2579.0,0.584264372079474
2263,RF,0.135,2579.0,0.584264372079474
2557,RF,0.135,2579.0,0.584264372079474
2626,RF,0.135,2579.0,0.584264372079474
854,RF,0.134,2585.0,0.5799364878418484
1505,RF,0.134,2585.0,0.5799364878418484
1527,RF,0.133,2587.0,0.5756086036042226
1667,RF,0.133,2587.0,0.5756086036042226
992,RF,0.132,2589.0,0.5712807193665969
2666,RF,0.132,2589.0,0.5712807193665969
20,RF,0.131,2591.0,0.5669528351289711
1038,RF,0.131,2591.0,0.5669528351289711
1520,RF,0.131,2591.0,0.5669528351289711
2009,RF,0.131,2591.0,0.5669528351289711
2208,RF,0.131,2591.0,0.5669528351289711
551,RF,0.13,2596.0,0.5626249508913453
631,RF,0.13,2596.0,0.5626249508913453
2165,RF,0.13,2596.0,0.5626249508913453
2603,RF,0.13,2596.0,0.5626249508913453
434,RF,0.129,2600.0,0.5582970666537196
1515,RF,0.129,2600.0,0.5582970666537196
2143,RF,0.129,2600.0,0.5582970666537196
2280,RF,0.129,2600.0,0.5582970666537196
2560,RF,0.129,2600.0,0.5582970666537196
140,RF,0.128,2605.0,0.5539691824160939
802,RF,0.128,2605.0,0.5539691824160939
910,RF,0.128,2605.0,0.5539691824160939
1063,RF,0.128,2605.0,0.5539691824160939
1232,RF,0.128,2605.0,0.5539691824160939
1307,RF,0.128,2605.0,0.5539691824160939
1573,RF,0.128,2605.0,0.5539691824160939
1760,RF,0.128,2605.0,0.5539691824160939
2340,RF,0.128,2605.0,0.5539691824160939
2707,RF,0.128,2605.0,0.5539691824160939
72,RF,0.127,2615.0,0.5496412981784682
928,RF,0.127,2615.0,0.5496412981784682
2382,RF,0.127,2615.0,0.5496412981784682
2663,RF,0.127,2615.0,0.5496412981784682
579,RF,0.126,2619.0,0.5453134139408424
751,RF,0.126,2619.0,0.5453134139408424
1410,RF,0.126,2619.0,0.5453134139408424
1598,RF,0.126,2619.0,0.5453134139408424
1741,RF,0.126,2619.0,0.5453134139408424
2331,RF,0.126,2619.0,0.5453134139408424
2465,RF,0.126,2619.0,0.5453134139408424
2478,RF,0.126,2619.0,0.5453134139408424
322,RF,0.125,2627.0,0.5409855297032167
758,RF,0.125,2627.0,0.5409855297032167
2197,RF,0.125,2627.0,0.5409855297032167
2413,RF,0.125,2627.0,0.5409855297032167
2734,RF,0.125,2627.0,0.5409855297032167
936,RF,0.124,2632.0,0.5366576454655909
1322,RF,0.124,2632.0,0.5366576454655909
1381,RF,0.124,2632.0,0.5366576454655909
1727,RF,0.124,2632.0,0.5366576454655909
595,RF,0.123,2636.0,0.5323297612279652
929,RF,0.123,2636.0,0.5323297612279652
1580,RF,0.123,2636.0,0.5323297612279652
1632,RF,0.123,2636.0,0.5323297612279652
1821,RF,0.123,2636.0,0.5323297612279652
1859,RF,0.123,2636.0,0.5323297612279652
2202,RF,0.123,2636.0,0.5323297612279652
2423,RF,0.123,2636.0,0.5323297612279652
154,RF,0.122,2644.0,0.5280018769903395
200,RF,0.122,2644.0,0.5280018769903395
948,RF,0.122,2644.0,0.5280018769903395
2207,RF,0.122,2644.0,0.5280018769903395
121,RF,0.121,2648.0,0.5236739927527138
693,RF,0.121,2648.0,0.5236739927527138
796,RF,0.121,2648.0,0.5236739927527138
921,RF,0.121,2648.0,0.5236739927527138
941,RF,0.121,2648.0,0.5236739927527138
1676,RF,0.121,2648.0,0.5236739927527138
1718,RF,0.121,2648.0,0.5236739927527138
2146,RF,0.121,2648.0,0.5236739927527138
1227,RF,0.12,2656.0,0.519346108515088
1906,RF,0.12,2656.0,0.519346108515088
2732,RF,0.12,2656.0,0.519346108515088
2738,RF,0.119,2659.0,0.5150182242774622
158,RF,0.118,2660.0,0.5106903400398365
361,RF,0.118,2660.0,0.5106903400398365
632,RF,0.118,2660.0,0.5106903400398365
779,RF,0.118,2660.0,0.5106903400398365
1984,RF,0.118,2660.0,0.5106903400398365
136,RF,0.117,2665.0,0.5063624558022108
1054,RF,0.117,2665.0,0.5063624558022108
1187,RF,0.117,2665.0,0.5063624558022108
1310,RF,0.117,2665.0,0.5063624558022108
1485,RF,0.117,2665.0,0.5063624558022108
1638,RF,0.117,2665.0,0.5063624558022108
2500,RF,0.117,2665.0,0.5063624558022108
285,RF,0.116,2672.0,0.5020345715645851
504,RF,0.116,2672.0,0.5020345715645851
791,RF,0.116,2672.0,0.5020345715645851
2126,RF,0.116,2672.0,0.5020345715645851
2283,RF,0.116,2672.0,0.5020345715645851
2606,RF,0.116,2672.0,0.5020345715645851
273,RF,0.115,2678.0,0.4977066873269594
985,RF,0.115,2678.0,0.4977066873269594
1002,RF,0.115,2678.0,0.4977066873269594
1348,RF,0.115,2678.0,0.4977066873269594
254,RF,0.114,2682.0,0.49337880308933363
2671,RF,0.114,2682.0,0.49337880308933363
723,RF,0.113,2684.0,0.48905091885170787
1104,RF,0.113,2684.0,0.48905091885170787
1162,RF,0.113,2684.0,0.48905091885170787
1282,RF,0.113,2684.0,0.48905091885170787
1350,RF,0.113,2684.0,0.48905091885170787
2536,RF,0.113,2684.0,0.48905091885170787
36,RF,0.112,2690.0,0.48472303461408217
229,RF,0.112,2690.0,0.48472303461408217
313,RF,0.112,2690.0,0.48472303461408217
1732,RF,0.112,2690.0,0.48472303461408217
2011,RF,0.112,2690.0,0.48472303461408217
641,RF,0.111,2695.0,0.4803951503764564
692,RF,0.111,2695.0,0.4803951503764564
1075,RF,0.111,2695.0,0.4803951503764564
1617,RF,0.111,2695.0,0.4803951503764564
1848,RF,0.111,2695.0,0.4803951503764564
2134,RF,0.111,2695.0,0.4803951503764564
2587,RF,0.111,2695.0,0.4803951503764564
274,RF,0.11,2702.0,0.4760672661388307
919,RF,0.11,2702.0,0.4760672661388307
1139,RF,0.11,2702.0,0.4760672661388307
2304,RF,0.11,2702.0,0.4760672661388307
2345,RF,0.11,2702.0,0.4760672661388307
1641,RF,0.109,2707.0,0.47173938190120496
1735,RF,0.109,2707.0,0.47173938190120496
243,RF,0.108,2709.0,0.4674114976635792
868,RF,0.108,2709.0,0.4674114976635792
1159,RF,0.108,2709.0,0.4674114976635792
2336,RF,0.108,2709.0,0.4674114976635792
841,RF,0.107,2713.0,0.4630836134259535
1036,RF,0.107,2713.0,0.4630836134259535
1116,RF,0.107,2713.0,0.4630836134259535
1198,RF,0.107,2713.0,0.4630836134259535
1479,RF,0.107,2713.0,0.4630836134259535
1916,RF,0.107,2713.0,0.4630836134259535
2429,RF,0.107,2713.0,0.4630836134259535
120,RF,0.106,2720.0,0.45875572918832774
291,RF,0.106,2720.0,0.45875572918832774
380,RF,0.106,2720.0,0.45875572918832774
614,RF,0.106,2720.0,0.45875572918832774
1030,RF,0.106,2720.0,0.45875572918832774
134,RF,0.105,2725.0,0.454427844950702
479,RF,0.105,2725.0,0.454427844950702
1745,RF,0.105,2725.0,0.454427844950702
2094,RF,0.105,2725.0,0.454427844950702
2477,RF,0.105,2725.0,0.454427844950702
520,RF,0.104,2730.0,0.4500999607130763
903,RF,0.104,2730.0,0.4500999607130763
1249,RF,0.104,2730.0,0.4500999607130763
1429,RF,0.104,2730.0,0.4500999607130763
1750,RF,0.104,2730.0,0.4500999607130763
144,RF,0.103,2735.0,0.44577207647545053
634,RF,0.103,2735.0,0.44577207647545053
1077,RF,0.103,2735.0,0.44577207647545053
1679,RF,0.103,2735.0,0.44577207647545053
2064,RF,0.103,2735.0,0.44577207647545053
1095,RF,0.102,2740.0,0.4414441922378248
1901,RF,0.102,2740.0,0.4414441922378248
2270,RF,0.102,2740.0,0.4414441922378248
2563,RF,0.102,2740.0,0.4414441922378248
726,RF,0.101,2744.0,0.4371163080001991
1016,RF,0.101,2744.0,0.4371163080001991
1810,RF,0.101,2744.0,0.4371163080001991
2062,RF,0.101,2744.0,0.4371163080001991
2535,RF,0.101,2744.0,0.4371163080001991
1373,RF,0.1,2749.0,0.43278842376257337
1379,RF,0.1,2749.0,0.43278842376257337
2653,RF,0.1,2749.0,0.43278842376257337
2297,RF,0.099,2752.0,0.4284605395249476
2604,RF,0.099,2752.0,0.4284605395249476
2685,RF,0.099,2752.0,0.4284605395249476
515,RF,0.098,2755.0,0.4241326552873219
2343,RF,0.098,2755.0,0.4241326552873219
67,RF,0.097,2757.0,0.41980477104969616
663,RF,0.097,2757.0,0.41980477104969616
1064,RF,0.097,2757.0,0.41980477104969616
1245,RF,0.097,2757.0,0.41980477104969616
1619,RF,0.097,2757.0,0.41980477104969616
2664,RF,0.097,2757.0,0.41980477104969616
2753,RF,0.096,2763.0,0.4154768868120704
793,RF,0.095,2764.0,0.4111490025744447
1399,RF,0.094,2765.0,0.40682111833681894
1578,RF,0.094,2765.0,0.40682111833681894
1917,RF,0.094,2765.0,0.40682111833681894
2198,RF,0.093,2768.0,0.4024932340991932
1324,RF,0.092,2769.0,0.3981653498615675
627,RF,0.091,2770.0,0.39383746562394173
2520,RF,0.091,2770.0,0.39383746562394173
2768,RF,0.09,2772.0,0.38950958138631603
993,RF,0.088,2773.0,0.3808538129110645
1247,RF,0.088,2773.0,0.3808538129110645
2645,RF,0.086,2775.0,0.37219804443581306
383,RF,0.085,2776.0,0.36787016019818736
884,RF,0.085,2776.0,0.36787016019818736
1642,RF,0.069,2778.0,0.29862401239617564
923,BRT,1.289,1.0,6.545709070289509
2084,BRT,1.289,1.0,6.545709070289509
2266,BRT,1.285,3.0,6.525396551840201
2284,BRT,1.281,4.0,6.505084033390893
2609,BRT,1.28,5.0,6.5000059037785665
904,BRT,1.269,6.0,6.444146478042969
570,BRT,1.209,7.0,6.139458701303349
1931,BRT,1.179,8.0,5.987114812933539
979,BRT,1.172,9.0,5.9515679056472495
2583,BRT,1.172,9.0,5.9515679056472495
878,BRT,1.157,11.0,5.8753959614623446
351,BRT,1.148,12.0,5.829692794951401
1255,BRT,1.133,13.0,5.753520850766496
1437,BRT,1.13,14.0,5.738286461929515
476,BRT,1.126,15.0,5.717973943480207
561,BRT,1.091,16.0,5.540239407048762
1250,BRT,1.089,17.0,5.530083147824108
129,BRT,1.087,18.0,5.519926888599454
527,BRT,1.083,19.0,5.499614370150146
996,BRT,1.083,19.0,5.499614370150146
1549,BRT,1.055,21.0,5.35742674100499
1354,BRT,1.022,22.0,5.1898484637981985
2076,BRT,1.017,23.0,5.164457815736563
220,BRT,1.006,24.0,5.108598390000966
1837,BRT,0.996,25.0,5.057817093877697
951,BRT,0.97,26.0,4.925785723957194
1025,BRT,0.966,27.0,4.905473205507886
2010,BRT,0.96,28.0,4.875004427833924
2029,BRT,0.959,29.0,4.869926298221597
1692,BRT,0.953,30.0,4.839457520547636
2177,BRT,0.944,31.0,4.793754354036692
244,BRT,0.938,32.0,4.76328557636273
1825,BRT,0.938,32.0,4.76328557636273
900,BRT,0.937,34.0,4.758207446750403
294,BRT,0.934,35.0,4.742973057913423
877,BRT,0.933,36.0,4.737894928301095
59,BRT,0.932,37.0,4.732816798688769
1922,BRT,0.924,38.0,4.692191761790153
429,BRT,0.923,39.0,4.687113632177826
2047,BRT,0.92,40.0,4.671879243340845
2161,BRT,0.917,41.0,4.656644854503863
2542,BRT,0.911,42.0,4.626176076829902
2469,BRT,0.909,43.0,4.616019817605247
1020,BRT,0.906,44.0,4.600785428768266
2659,BRT,0.9,45.0,4.570316651094305
601,BRT,0.895,46.0,4.5449260030326695
1754,BRT,0.894,47.0,4.539847873420342
358,BRT,0.889,48.0,4.514457225358707
569,BRT,0.882,49.0,4.478910318072418
405,BRT,0.879,50.0,4.463675929235437
1439,BRT,0.876,51.0,4.4484415403984565
1475,BRT,0.87,52.0,4.417972762724494
2152,BRT,0.868,53.0,4.40781650349984
1040,BRT,0.865,54.0,4.392582114662859
959,BRT,0.864,55.0,4.387503985050532
1689,BRT,0.86,56.0,4.367191466601224
377,BRT,0.858,57.0,4.35703520737657
2305,BRT,0.857,58.0,4.351957077764243
1220,BRT,0.856,59.0,4.346878948151916
825,BRT,0.855,60.0,4.341800818539589
965,BRT,0.855,60.0,4.341800818539589
1271,BRT,0.855,60.0,4.341800818539589
293,BRT,0.853,63.0,4.331644559314935
1502,BRT,0.851,64.0,4.321488300090281
2389,BRT,0.848,65.0,4.3062539112533
485,BRT,0.847,66.0,4.301175781640973
262,BRT,0.838,67.0,4.25547261513003
1910,BRT,0.836,68.0,4.245316355905376
93,BRT,0.834,69.0,4.235160096680722
539,BRT,0.834,69.0,4.235160096680722
2275,BRT,0.831,71.0,4.219925707843741
1118,BRT,0.83,72.0,4.214847578231414
2110,BRT,0.829,73.0,4.209769448619086
2164,BRT,0.828,74.0,4.20469131900676
2225,BRT,0.827,75.0,4.199613189394433
1243,BRT,0.826,76.0,4.194535059782106
2599,BRT,0.825,77.0,4.189456930169778
1779,BRT,0.822,78.0,4.174222541332798
1945,BRT,0.822,78.0,4.174222541332798
1559,BRT,0.821,80.0,4.16914441172047
318,BRT,0.82,81.0,4.164066282108144
1661,BRT,0.82,81.0,4.164066282108144
700,BRT,0.819,83.0,4.158988152495817
2290,BRT,0.818,84.0,4.1539100228834895
484,BRT,0.814,85.0,4.1335975044341815
1233,BRT,0.814,85.0,4.1335975044341815
2456,BRT,0.814,85.0,4.1335975044341815
970,BRT,0.813,88.0,4.128519374821854
214,BRT,0.811,89.0,4.118363115597201
1140,BRT,0.807,90.0,4.098050597147893
748,BRT,0.804,91.0,4.082816208310912
1518,BRT,0.801,92.0,4.067581819473931
874,BRT,0.797,93.0,4.047269301024623
44,BRT,0.796,94.0,4.042191171412296
2673,BRT,0.795,95.0,4.0371130417999685
968,BRT,0.794,96.0,4.032034912187642
1824,BRT,0.794,96.0,4.032034912187642
2004,BRT,0.792,98.0,4.021878652962988
2404,BRT,0.791,99.0,4.0168005233506605
2552,BRT,0.791,99.0,4.0168005233506605
850,BRT,0.79,101.0,4.011722393738334
1090,BRT,0.79,101.0,4.011722393738334
2566,BRT,0.789,103.0,4.006644264126007
2705,BRT,0.788,104.0,4.00156613451368
292,BRT,0.787,105.0,3.996488004901353
1011,BRT,0.787,105.0,3.996488004901353
1369,BRT,0.787,105.0,3.996488004901353
1597,BRT,0.785,108.0,3.986331745676699
2209,BRT,0.784,109.0,3.9812536160643717
75,BRT,0.782,110.0,3.9710973568397177
2063,BRT,0.782,110.0,3.9710973568397177
2612,BRT,0.78,112.0,3.9609410976150636
39,BRT,0.777,113.0,3.945706708778083
1572,BRT,0.777,113.0,3.945706708778083
1623,BRT,0.777,113.0,3.945706708778083
2037,BRT,0.777,113.0,3.945706708778083
238,BRT,0.775,117.0,3.935550449553429
387,BRT,0.773,118.0,3.925394190328775
1114,BRT,0.772,119.0,3.9203160607164476
2689,BRT,0.771,120.0,3.9152379311041208
2742,BRT,0.771,120.0,3.9152379311041208
2023,BRT,0.768,122.0,3.9000035422671395
411,BRT,0.767,123.0,3.8949254126548127
529,BRT,0.767,123.0,3.8949254126548127
1530,BRT,0.766,125.0,3.8898472830424855
132,BRT,0.765,126.0,3.8847691534301587
2731,BRT,0.764,127.0,3.8796910238178315
2158,BRT,0.76,128.0,3.8593785053685234
38,BRT,0.758,129.0,3.8492222461438694
650,BRT,0.758,129.0,3.8492222461438694
879,BRT,0.755,131.0,3.8339878573068886
1312,BRT,0.755,131.0,3.8339878573068886
1488,BRT,0.754,133.0,3.8289097276945614
775,BRT,0.753,134.0,3.8238315980822346
1252,BRT,0.753,134.0,3.8238315980822346
843,BRT,0.752,136.0,3.8187534684699074
1192,BRT,0.752,136.0,3.8187534684699074
2648,BRT,0.75,138.0,3.8085972092452534
761,BRT,0.748,139.0,3.7984409500205993
1105,BRT,0.744,140.0,3.7781284315712913
1345,BRT,0.744,140.0,3.7781284315712913
131,BRT,0.743,142.0,3.7730503019589645
1459,BRT,0.743,142.0,3.7730503019589645
1879,BRT,0.743,142.0,3.7730503019589645
2584,BRT,0.743,142.0,3.7730503019589645
2232,BRT,0.742,146.0,3.7679721723466373
371,BRT,0.739,147.0,3.7527377835096565
836,BRT,0.739,147.0,3.7527377835096565
797,BRT,0.738,149.0,3.7476596538973292
925,BRT,0.737,150.0,3.7425815242850025
1048,BRT,0.736,151.0,3.7375033946726752
885,BRT,0.734,152.0,3.727347135448021
1122,BRT,0.733,153.0,3.7222690058356944
463,BRT,0.732,154.0,3.717190876223367
1096,BRT,0.732,154.0,3.717190876223367
1221,BRT,0.73,156.0,3.707034616998713
1791,BRT,0.729,157.0,3.7019564873863864
1954,BRT,0.728,158.0,3.696878357774059
2319,BRT,0.727,159.0,3.6918002281617324
2432,BRT,0.724,160.0,3.676565839324751
1979,BRT,0.723,161.0,3.6714877097124243
2145,BRT,0.723,161.0,3.6714877097124243
940,BRT,0.722,163.0,3.666409580100097
955,BRT,0.722,163.0,3.666409580100097
264,BRT,0.721,165.0,3.6613314504877703
2005,BRT,0.719,166.0,3.6511751912631163
2644,BRT,0.719,166.0,3.6511751912631163
1277,BRT,0.716,168.0,3.635940802426135
2261,BRT,0.715,169.0,3.6308626728138083
2501,BRT,0.715,169.0,3.6308626728138083
69,BRT,0.714,171.0,3.625784543201481
1026,BRT,0.714,171.0,3.625784543201481
2183,BRT,0.712,173.0,3.615628283976827
2422,BRT,0.712,173.0,3.615628283976827
212,BRT,0.71,175.0,3.605472024752173
1532,BRT,0.71,175.0,3.605472024752173
1746,BRT,0.709,177.0,3.600393895139846
2538,BRT,0.708,178.0,3.595315765527519
2607,BRT,0.708,178.0,3.595315765527519
2509,BRT,0.706,180.0,3.585159506302865
732,BRT,0.705,181.0,3.580081376690538
1419,BRT,0.705,181.0,3.580081376690538
1390,BRT,0.704,183.0,3.575003247078211
74,BRT,0.702,184.0,3.564846987853557
323,BRT,0.699,185.0,3.549612599016576
1484,BRT,0.695,186.0,3.529300080567268
2436,BRT,0.695,186.0,3.529300080567268
937,BRT,0.694,188.0,3.524221950954941
1756,BRT,0.693,189.0,3.519143821342614
2356,BRT,0.691,190.0,3.50898756211796
2130,BRT,0.688,191.0,3.493753173280979
2211,BRT,0.688,191.0,3.493753173280979
2255,BRT,0.688,191.0,3.493753173280979
2281,BRT,0.688,191.0,3.493753173280979
2475,BRT,0.688,191.0,3.493753173280979
188,BRT,0.687,196.0,3.4886750436686524
1526,BRT,0.687,196.0,3.4886750436686524
210,BRT,0.686,198.0,3.4835969140563257
280,BRT,0.686,198.0,3.4835969140563257
1453,BRT,0.686,198.0,3.4835969140563257
1678,BRT,0.686,198.0,3.4835969140563257
2199,BRT,0.686,198.0,3.4835969140563257
149,BRT,0.685,203.0,3.4785187844439984
2179,BRT,0.685,203.0,3.4785187844439984
1601,BRT,0.684,205.0,3.4734406548316716
320,BRT,0.683,206.0,3.4683625252193444
1158,BRT,0.681,207.0,3.4582062659946904
729,BRT,0.68,208.0,3.4531281363823636
2600,BRT,0.68,208.0,3.4531281363823636
2089,BRT,0.679,210.0,3.4480500067700364
170,BRT,0.678,211.0,3.4429718771577096
1815,BRT,0.678,211.0,3.4429718771577096
82,BRT,0.676,213.0,3.4328156179330556
1264,BRT,0.676,213.0,3.4328156179330556
1688,BRT,0.675,215.0,3.4277374883207283
2443,BRT,0.675,215.0,3.4277374883207283
1033,BRT,0.674,217.0,3.4226593587084015
52,BRT,0.673,218.0,3.4175812290960743
1856,BRT,0.672,219.0,3.4125030994837475
1940,BRT,0.672,219.0,3.4125030994837475
998,BRT,0.671,221.0,3.4074249698714203
1129,BRT,0.67,222.0,3.4023468402590935
1165,BRT,0.669,223.0,3.3972687106467663
1493,BRT,0.669,223.0,3.3972687106467663
1693,BRT,0.669,223.0,3.3972687106467663
2224,BRT,0.669,223.0,3.3972687106467663
861,BRT,0.668,227.0,3.3921905810344395
1286,BRT,0.668,227.0,3.3921905810344395
1909,BRT,0.668,227.0,3.3921905810344395
2585,BRT,0.668,227.0,3.3921905810344395
991,BRT,0.667,231.0,3.3871124514221123
1406,BRT,0.667,231.0,3.3871124514221123
1639,BRT,0.667,231.0,3.3871124514221123
84,BRT,0.666,234.0,3.3820343218097855
635,BRT,0.666,234.0,3.3820343218097855
657,BRT,0.666,234.0,3.3820343218097855
334,BRT,0.664,237.0,3.3718780625851315
1355,BRT,0.664,237.0,3.3718780625851315
2656,BRT,0.664,237.0,3.3718780625851315
110,BRT,0.661,240.0,3.35664367374815
424,BRT,0.661,240.0,3.35664367374815
863,BRT,0.661,240.0,3.35664367374815
1644,BRT,0.661,240.0,3.35664367374815
1107,BRT,0.66,244.0,3.3515655441358234
1980,BRT,0.66,244.0,3.3515655441358234
2660,BRT,0.659,246.0,3.346487414523496
2344,BRT,0.658,247.0,3.3414092849111694
823,BRT,0.657,248.0,3.336331155298842
193,BRT,0.656,249.0,3.3312530256865154
586,BRT,0.656,249.0,3.3312530256865154
696,BRT,0.656,249.0,3.3312530256865154
100,BRT,0.655,252.0,3.326174896074188
325,BRT,0.653,253.0,3.316018636849534
606,BRT,0.652,254.0,3.3109405072372073
1772,BRT,0.652,254.0,3.3109405072372073
1321,BRT,0.651,256.0,3.30586237762488
2359,BRT,0.65,257.0,3.3007842480125533
546,BRT,0.649,258.0,3.295706118400226
1670,BRT,0.649,258.0,3.295706118400226
552,BRT,0.648,260.0,3.2906279887878993
410,BRT,0.647,261.0,3.285549859175572
2249,BRT,0.647,261.0,3.285549859175572
1010,BRT,0.644,263.0,3.2703154703385913
1930,BRT,0.644,263.0,3.2703154703385913
2434,BRT,0.644,263.0,3.2703154703385913
1716,BRT,0.643,266.0,3.265237340726264
2634,BRT,0.643,266.0,3.265237340726264
2724,BRT,0.642,268.0,3.2601592111139372
2054,BRT,0.641,269.0,3.25508108150161
2103,BRT,0.641,269.0,3.25508108150161
567,BRT,0.64,271.0,3.2500029518892832
1608,BRT,0.64,271.0,3.2500029518892832
2723,BRT,0.64,271.0,3.2500029518892832
2736,BRT,0.639,274.0,3.244924822276956
369,BRT,0.638,275.0,3.239846692664629
774,BRT,0.638,275.0,3.239846692664629
1404,BRT,0.638,275.0,3.239846692664629
1958,BRT,0.638,275.0,3.239846692664629
2085,BRT,0.638,275.0,3.239846692664629
664,BRT,0.637,280.0,3.234768563052302
997,BRT,0.636,281.0,3.229690433439975
2226,BRT,0.635,282.0,3.224612303827648
518,BRT,0.633,283.0,3.214456044602994
2610,BRT,0.633,283.0,3.214456044602994
1291,BRT,0.632,285.0,3.209377914990667
740,BRT,0.63,286.0,3.199221655766013
1892,BRT,0.63,286.0,3.199221655766013
431,BRT,0.629,288.0,3.194143526153686
1674,BRT,0.629,288.0,3.194143526153686
1697,BRT,0.628,290.0,3.189065396541359
35,BRT,0.627,291.0,3.183987266929032
250,BRT,0.627,291.0,3.183987266929032
2544,BRT,0.626,293.0,3.178909137316705
2578,BRT,0.626,293.0,3.178909137316705
2486,BRT,0.625,295.0,3.173831007704378
403,BRT,0.624,296.0,3.168752878092051
581,BRT,0.624,296.0,3.168752878092051
1212,BRT,0.624,296.0,3.168752878092051
1656,BRT,0.624,296.0,3.168752878092051
2160,BRT,0.624,296.0,3.168752878092051
776,BRT,0.622,301.0,3.158596618867397
844,BRT,0.621,302.0,3.15351848925507
1044,BRT,0.621,302.0,3.15351848925507
1637,BRT,0.621,302.0,3.15351848925507
2541,BRT,0.621,302.0,3.15351848925507
81,BRT,0.62,306.0,3.148440359642743
1935,BRT,0.62,306.0,3.148440359642743
2227,BRT,0.62,306.0,3.148440359642743
104,BRT,0.618,309.0,3.138284100418089
826,BRT,0.618,309.0,3.138284100418089
944,BRT,0.618,309.0,3.138284100418089
1566,BRT,0.618,309.0,3.138284100418089
1652,BRT,0.618,309.0,3.138284100418089
2092,BRT,0.618,309.0,3.138284100418089
2411,BRT,0.618,309.0,3.138284100418089
420,BRT,0.617,316.0,3.133205970805762
1019,BRT,0.617,316.0,3.133205970805762
2733,BRT,0.617,316.0,3.133205970805762
1361,BRT,0.616,319.0,3.128127841193435
2052,BRT,0.616,319.0,3.128127841193435
2200,BRT,0.616,319.0,3.128127841193435
2351,BRT,0.615,322.0,3.123049711581108
522,BRT,0.614,323.0,3.117971581968781
1672,BRT,0.614,323.0,3.117971581968781
1758,BRT,0.614,323.0,3.117971581968781
1999,BRT,0.614,323.0,3.117971581968781
1814,BRT,0.613,327.0,3.1128934523564538
2260,BRT,0.613,327.0,3.1128934523564538
2300,BRT,0.613,327.0,3.1128934523564538
587,BRT,0.612,330.0,3.107815322744127
816,BRT,0.612,330.0,3.107815322744127
2273,BRT,0.612,330.0,3.107815322744127
2517,BRT,0.612,330.0,3.107815322744127
1244,BRT,0.611,334.0,3.1027371931317997
2132,BRT,0.611,334.0,3.1027371931317997
1431,BRT,0.61,336.0,3.097659063519473
1893,BRT,0.61,336.0,3.097659063519473
2318,BRT,0.61,336.0,3.097659063519473
454,BRT,0.609,339.0,3.0925809339071457
753,BRT,0.609,339.0,3.0925809339071457
1185,BRT,0.609,339.0,3.0925809339071457
176,BRT,0.608,342.0,3.087502804294819
964,BRT,0.607,343.0,3.0824246746824917
2309,BRT,0.607,343.0,3.0824246746824917
249,BRT,0.606,345.0,3.077346545070165
721,BRT,0.606,345.0,3.077346545070165
1413,BRT,0.606,345.0,3.077346545070165
1749,BRT,0.606,345.0,3.077346545070165
2204,BRT,0.606,345.0,3.077346545070165
1189,BRT,0.605,350.0,3.0722684154578377
749,BRT,0.603,351.0,3.0621121562331837
960,BRT,0.603,351.0,3.0621121562331837
1847,BRT,0.603,351.0,3.0621121562331837
2717,BRT,0.603,351.0,3.0621121562331837
287,BRT,0.601,355.0,3.0519558970085297
496,BRT,0.601,355.0,3.0519558970085297
1972,BRT,0.601,355.0,3.0519558970085297
1647,BRT,0.6,358.0,3.046877767396203
516,BRT,0.599,359.0,3.0417996377838756
1184,BRT,0.599,359.0,3.0417996377838756
1473,BRT,0.598,361.0,3.036721508171549
1861,BRT,0.598,361.0,3.036721508171549
159,BRT,0.597,363.0,3.0316433785592216
427,BRT,0.597,363.0,3.0316433785592216
1062,BRT,0.597,363.0,3.0316433785592216
1226,BRT,0.597,363.0,3.0316433785592216
2719,BRT,0.597,363.0,3.0316433785592216
151,BRT,0.596,368.0,3.026565248946895
511,BRT,0.595,369.0,3.0214871193345676
1411,BRT,0.595,369.0,3.0214871193345676
2333,BRT,0.595,369.0,3.0214871193345676
1360,BRT,0.594,372.0,3.016408989722241
1503,BRT,0.593,373.0,3.0113308601099136
1539,BRT,0.593,373.0,3.0113308601099136
2295,BRT,0.593,373.0,3.0113308601099136
24,BRT,0.592,376.0,3.006252730497587
53,BRT,0.592,376.0,3.006252730497587
474,BRT,0.592,376.0,3.006252730497587
2019,BRT,0.592,376.0,3.006252730497587
2388,BRT,0.592,376.0,3.006252730497587
286,BRT,0.591,381.0,3.0011746008852596
2250,BRT,0.59,382.0,2.9960964712729328
1172,BRT,0.589,383.0,2.9910183416606055
1476,BRT,0.589,383.0,2.9910183416606055
995,BRT,0.588,385.0,2.9859402120482788
1523,BRT,0.588,385.0,2.9859402120482788
2339,BRT,0.588,385.0,2.9859402120482788
2505,BRT,0.588,385.0,2.9859402120482788
1356,BRT,0.587,389.0,2.9808620824359515
1883,BRT,0.587,389.0,2.9808620824359515
1919,BRT,0.587,389.0,2.9808620824359515
2238,BRT,0.587,389.0,2.9808620824359515
654,BRT,0.586,393.0,2.9757839528236247
2188,BRT,0.586,393.0,2.9757839528236247
2368,BRT,0.585,395.0,2.9707058232112975
307,BRT,0.583,396.0,2.9605495639866435
876,BRT,0.583,396.0,2.9605495639866435
2122,BRT,0.583,396.0,2.9605495639866435
2564,BRT,0.583,396.0,2.9605495639866435
402,BRT,0.582,400.0,2.9554714343743167
1023,BRT,0.582,400.0,2.9554714343743167
1190,BRT,0.581,402.0,2.9503933047619895
1681,BRT,0.581,402.0,2.9503933047619895
2704,BRT,0.581,402.0,2.9503933047619895
814,BRT,0.58,405.0,2.9453151751496627
1568,BRT,0.58,405.0,2.9453151751496627
302,BRT,0.579,407.0,2.9402370455373354
389,BRT,0.579,407.0,2.9402370455373354
856,BRT,0.579,407.0,2.9402370455373354
933,BRT,0.579,407.0,2.9402370455373354
1565,BRT,0.579,407.0,2.9402370455373354
96,BRT,0.578,412.0,2.9351589159250087
2437,BRT,0.578,412.0,2.9351589159250087
847,BRT,0.577,414.0,2.9300807863126814
2090,BRT,0.577,414.0,2.9300807863126814
2714,BRT,0.577,414.0,2.9300807863126814
623,BRT,0.576,417.0,2.9250026567003546
1270,BRT,0.576,417.0,2.9250026567003546
1905,BRT,0.576,417.0,2.9250026567003546
127,BRT,0.575,420.0,2.9199245270880274
192,BRT,0.575,420.0,2.9199245270880274
260,BRT,0.575,420.0,2.9199245270880274
486,BRT,0.575,420.0,2.9199245270880274
2401,BRT,0.575,420.0,2.9199245270880274
1018,BRT,0.574,425.0,2.9148463974757006
2430,BRT,0.574,425.0,2.9148463974757006
180,BRT,0.573,427.0,2.9097682678633734
1482,BRT,0.573,427.0,2.9097682678633734
1819,BRT,0.573,427.0,2.9097682678633734
2213,BRT,0.573,427.0,2.9097682678633734
638,BRT,0.572,431.0,2.9046901382510466
1258,BRT,0.572,431.0,2.9046901382510466
2242,BRT,0.572,431.0,2.9046901382510466
2667,BRT,0.572,431.0,2.9046901382510466
978,BRT,0.57,435.0,2.8945338790263926
2677,BRT,0.57,435.0,2.8945338790263926
1492,BRT,0.569,437.0,2.8894557494140654
538,BRT,0.568,438.0,2.8843776198017386
1100,BRT,0.567,439.0,2.8792994901894113
2022,BRT,0.567,439.0,2.8792994901894113
2287,BRT,0.567,439.0,2.8792994901894113
2525,BRT,0.567,439.0,2.8792994901894113
194,BRT,0.566,443.0,2.8742213605770845
865,BRT,0.566,443.0,2.8742213605770845
2149,BRT,0.566,443.0,2.8742213605770845
1500,BRT,0.565,446.0,2.8691432309647573
2418,BRT,0.565,446.0,2.8691432309647573
117,BRT,0.564,448.0,2.8640651013524305
1126,BRT,0.564,448.0,2.8640651013524305
2391,BRT,0.564,448.0,2.8640651013524305
2466,BRT,0.564,448.0,2.8640651013524305
64,BRT,0.56,452.0,2.843752582903123
1501,BRT,0.56,452.0,2.843752582903123
409,BRT,0.558,454.0,2.833596323678469
156,BRT,0.557,455.0,2.8285181940661417
2114,BRT,0.557,455.0,2.8285181940661417
2251,BRT,0.557,455.0,2.8285181940661417
2529,BRT,0.557,455.0,2.8285181940661417
672,BRT,0.556,459.0,2.823440064453815
860,BRT,0.556,459.0,2.823440064453815
1808,BRT,0.556,459.0,2.823440064453815
818,BRT,0.555,462.0,2.8183619348414877
1739,BRT,0.555,462.0,2.8183619348414877
2159,BRT,0.555,462.0,2.8183619348414877
2490,BRT,0.555,462.0,2.8183619348414877
1436,BRT,0.552,466.0,2.803127546004507
1499,BRT,0.552,466.0,2.803127546004507
668,BRT,0.551,468.0,2.7980494163921796
2099,BRT,0.551,468.0,2.7980494163921796
1009,BRT,0.55,470.0,2.792971286779853
1183,BRT,0.55,470.0,2.792971286779853
1296,BRT,0.55,470.0,2.792971286779853
1305,BRT,0.55,470.0,2.792971286779853
130,BRT,0.549,474.0,2.7878931571675256
312,BRT,0.549,474.0,2.7878931571675256
2770,BRT,0.549,474.0,2.7878931571675256
837,BRT,0.548,477.0,2.782815027555199
160,BRT,0.546,478.0,2.772658768330545
444,BRT,0.546,478.0,2.772658768330545
1960,BRT,0.546,478.0,2.772658768330545
2117,BRT,0.546,478.0,2.772658768330545
845,BRT,0.545,482.0,2.7675806387182176
1315,BRT,0.545,482.0,2.7675806387182176
1412,BRT,0.545,482.0,2.7675806387182176
1584,BRT,0.545,482.0,2.7675806387182176
339,BRT,0.544,486.0,2.762502509105891
1524,BRT,0.544,486.0,2.762502509105891
2394,BRT,0.544,486.0,2.762502509105891
2727,BRT,0.544,486.0,2.762502509105891
507,BRT,0.543,490.0,2.7574243794935636
1875,BRT,0.543,490.0,2.7574243794935636
2323,BRT,0.543,490.0,2.7574243794935636
2633,BRT,0.543,490.0,2.7574243794935636
1349,BRT,0.542,494.0,2.7523462498812368
1748,BRT,0.542,494.0,2.7523462498812368
2210,BRT,0.542,494.0,2.7523462498812368
2347,BRT,0.542,494.0,2.7523462498812368
2546,BRT,0.542,494.0,2.7523462498812368
414,BRT,0.541,499.0,2.7472681202689095
428,BRT,0.541,499.0,2.7472681202689095
708,BRT,0.54,501.0,2.7421899906565828
1662,BRT,0.54,501.0,2.7421899906565828
1841,BRT,0.54,501.0,2.7421899906565828
1951,BRT,0.54,501.0,2.7421899906565828
143,BRT,0.539,505.0,2.7371118610442555
2497,BRT,0.539,505.0,2.7371118610442555
2274,BRT,0.538,507.0,2.7320337314319287
2369,BRT,0.538,507.0,2.7320337314319287
2464,BRT,0.538,507.0,2.7320337314319287
408,BRT,0.537,510.0,2.7269556018196015
452,BRT,0.537,510.0,2.7269556018196015
488,BRT,0.537,510.0,2.7269556018196015
2776,BRT,0.537,510.0,2.7269556018196015
187,BRT,0.536,514.0,2.7218774722072747
335,BRT,0.536,514.0,2.7218774722072747
914,BRT,0.536,514.0,2.7218774722072747
1194,BRT,0.536,514.0,2.7218774722072747
1729,BRT,0.536,514.0,2.7218774722072747
1783,BRT,0.536,514.0,2.7218774722072747
2163,BRT,0.536,514.0,2.7218774722072747
913,BRT,0.535,521.0,2.7167993425949475
1423,BRT,0.535,521.0,2.7167993425949475
1511,BRT,0.535,521.0,2.7167993425949475
1614,BRT,0.535,521.0,2.7167993425949475
2013,BRT,0.535,521.0,2.7167993425949475
2259,BRT,0.535,521.0,2.7167993425949475
2576,BRT,0.535,521.0,2.7167993425949475
1004,BRT,0.534,528.0,2.7117212129826207
2212,BRT,0.534,528.0,2.7117212129826207
547,BRT,0.533,530.0,2.7066430833702935
1585,BRT,0.533,530.0,2.7066430833702935
2269,BRT,0.533,530.0,2.7066430833702935
199,BRT,0.532,533.0,2.7015649537579667
1084,BRT,0.532,533.0,2.7015649537579667
2622,BRT,0.532,533.0,2.7015649537579667
655,BRT,0.531,536.0,2.6964868241456394
1347,BRT,0.531,536.0,2.6964868241456394
1448,BRT,0.531,536.0,2.6964868241456394
1655,BRT,0.53,539.0,2.6914086945333127
2038,BRT,0.53,539.0,2.6914086945333127
2495,BRT,0.53,539.0,2.6914086945333127
122,BRT,0.529,542.0,2.6863305649209854
1811,BRT,0.529,542.0,2.6863305649209854
2455,BRT,0.529,542.0,2.6863305649209854
34,BRT,0.528,545.0,2.6812524353086586
300,BRT,0.528,545.0,2.6812524353086586
674,BRT,0.527,547.0,2.6761743056963314
755,BRT,0.527,547.0,2.6761743056963314
1080,BRT,0.527,547.0,2.6761743056963314
1649,BRT,0.527,547.0,2.6761743056963314
1702,BRT,0.527,547.0,2.6761743056963314
425,BRT,0.526,552.0,2.6710961760840046
602,BRT,0.526,552.0,2.6710961760840046
2170,BRT,0.526,552.0,2.6710961760840046
2338,BRT,0.526,552.0,2.6710961760840046
303,BRT,0.525,556.0,2.6660180464716774
442,BRT,0.525,556.0,2.6660180464716774
735,BRT,0.525,556.0,2.6660180464716774
1008,BRT,0.525,556.0,2.6660180464716774
2298,BRT,0.525,556.0,2.6660180464716774
259,BRT,0.523,561.0,2.6558617872470234
265,BRT,0.523,561.0,2.6558617872470234
765,BRT,0.523,561.0,2.6558617872470234
2487,BRT,0.523,561.0,2.6558617872470234
548,BRT,0.522,565.0,2.6507836576346966
1686,BRT,0.522,565.0,2.6507836576346966
2453,BRT,0.522,565.0,2.6507836576346966
2537,BRT,0.522,565.0,2.6507836576346966
310,BRT,0.521,569.0,2.6457055280223694
528,BRT,0.521,569.0,2.6457055280223694
1943,BRT,0.521,569.0,2.6457055280223694
2419,BRT,0.521,569.0,2.6457055280223694
373,BRT,0.52,573.0,2.6406273984100426
588,BRT,0.52,573.0,2.6406273984100426
637,BRT,0.52,573.0,2.6406273984100426
1715,BRT,0.52,573.0,2.6406273984100426
1806,BRT,0.52,573.0,2.6406273984100426
32,BRT,0.519,578.0,2.6355492687977153
636,BRT,0.519,578.0,2.6355492687977153
2515,BRT,0.519,578.0,2.6355492687977153
457,BRT,0.518,581.0,2.6304711391853886
459,BRT,0.518,581.0,2.6304711391853886
815,BRT,0.518,581.0,2.6304711391853886
1778,BRT,0.518,581.0,2.6304711391853886
10,BRT,0.517,585.0,2.6253930095730613
1989,BRT,0.517,585.0,2.6253930095730613
51,BRT,0.516,587.0,2.6203148799607345
1443,BRT,0.516,587.0,2.6203148799607345
1540,BRT,0.516,587.0,2.6203148799607345
1677,BRT,0.516,587.0,2.6203148799607345
2012,BRT,0.516,587.0,2.6203148799607345
2078,BRT,0.516,587.0,2.6203148799607345
2104,BRT,0.516,587.0,2.6203148799607345
2108,BRT,0.516,587.0,2.6203148799607345
11,BRT,0.515,595.0,2.6152367503484073
55,BRT,0.515,595.0,2.6152367503484073
1872,BRT,0.515,595.0,2.6152367503484073
125,BRT,0.514,598.0,2.6101586207360805
2313,BRT,0.514,598.0,2.6101586207360805
177,BRT,0.513,600.0,2.6050804911237533
821,BRT,0.513,600.0,2.6050804911237533
2026,BRT,0.513,600.0,2.6050804911237533
2511,BRT,0.513,600.0,2.6050804911237533
2741,BRT,0.513,600.0,2.6050804911237533
1377,BRT,0.512,605.0,2.6000023615114265
1445,BRT,0.512,605.0,2.6000023615114265
1480,BRT,0.512,605.0,2.6000023615114265
1764,BRT,0.512,605.0,2.6000023615114265
2392,BRT,0.512,605.0,2.6000023615114265
1680,BRT,0.511,610.0,2.5949242318990993
2053,BRT,0.511,610.0,2.5949242318990993
2547,BRT,0.511,610.0,2.5949242318990993
697,BRT,0.51,613.0,2.5898461022867725
714,BRT,0.51,613.0,2.5898461022867725
1596,BRT,0.51,613.0,2.5898461022867725
1371,BRT,0.509,616.0,2.5847679726744452
1625,BRT,0.509,616.0,2.5847679726744452
2506,BRT,0.509,616.0,2.5847679726744452
1920,BRT,0.508,619.0,2.5796898430621185
99,BRT,0.507,620.0,2.5746117134497912
1510,BRT,0.506,621.0,2.5695335838374644
1923,BRT,0.506,621.0,2.5695335838374644
2444,BRT,0.506,621.0,2.5695335838374644
43,BRT,0.505,624.0,2.564455454225137
467,BRT,0.505,624.0,2.564455454225137
961,BRT,0.505,624.0,2.564455454225137
1802,BRT,0.505,624.0,2.564455454225137
2073,BRT,0.505,624.0,2.564455454225137
2128,BRT,0.505,624.0,2.564455454225137
478,BRT,0.504,630.0,2.5593773246128104
1073,BRT,0.504,630.0,2.5593773246128104
1093,BRT,0.504,630.0,2.5593773246128104
1109,BRT,0.504,630.0,2.5593773246128104
1167,BRT,0.504,630.0,2.5593773246128104
101,BRT,0.503,635.0,2.554299195000483
230,BRT,0.503,635.0,2.554299195000483
898,BRT,0.503,635.0,2.554299195000483
1607,BRT,0.503,635.0,2.554299195000483
2091,BRT,0.503,635.0,2.554299195000483
2175,BRT,0.503,635.0,2.554299195000483
2315,BRT,0.503,635.0,2.554299195000483
2627,BRT,0.503,635.0,2.554299195000483
2632,BRT,0.503,635.0,2.554299195000483
382,BRT,0.502,644.0,2.5492210653881564
1933,BRT,0.502,644.0,2.5492210653881564
2034,BRT,0.502,644.0,2.5492210653881564
734,BRT,0.501,647.0,2.544142935775829
266,BRT,0.5,648.0,2.5390648061635024
1169,BRT,0.5,648.0,2.5390648061635024
1472,BRT,0.5,648.0,2.5390648061635024
1873,BRT,0.5,648.0,2.5390648061635024
482,BRT,0.499,652.0,2.533986676551175
886,BRT,0.499,652.0,2.533986676551175
958,BRT,0.499,652.0,2.533986676551175
1544,BRT,0.499,652.0,2.533986676551175
2703,BRT,0.499,652.0,2.533986676551175
15,BRT,0.498,657.0,2.5289085469388484
1534,BRT,0.498,657.0,2.5289085469388484
86,BRT,0.497,659.0,2.523830417326521
743,BRT,0.497,659.0,2.523830417326521
2133,BRT,0.497,659.0,2.523830417326521
703,BRT,0.496,662.0,2.5187522877141943
1382,BRT,0.496,662.0,2.5187522877141943
1450,BRT,0.496,662.0,2.5187522877141943
1700,BRT,0.496,662.0,2.5187522877141943
2157,BRT,0.496,662.0,2.5187522877141943
253,BRT,0.495,667.0,2.513674158101867
2679,BRT,0.495,667.0,2.513674158101867
722,BRT,0.494,669.0,2.5085960284895403
1279,BRT,0.494,669.0,2.5085960284895403
1285,BRT,0.494,669.0,2.5085960284895403
1807,BRT,0.494,669.0,2.5085960284895403
1885,BRT,0.494,669.0,2.5085960284895403
2191,BRT,0.494,669.0,2.5085960284895403
2630,BRT,0.494,669.0,2.5085960284895403
483,BRT,0.493,676.0,2.503517898877213
2416,BRT,0.493,676.0,2.503517898877213
2665,BRT,0.493,676.0,2.503517898877213
204,BRT,0.492,679.0,2.4984397692648863
1513,BRT,0.492,679.0,2.4984397692648863
1669,BRT,0.492,679.0,2.4984397692648863
2045,BRT,0.492,679.0,2.4984397692648863
2065,BRT,0.492,679.0,2.4984397692648863
2106,BRT,0.492,679.0,2.4984397692648863
2480,BRT,0.492,679.0,2.4984397692648863
806,BRT,0.491,686.0,2.493361639652559
917,BRT,0.49,687.0,2.4882835100402323
1858,BRT,0.49,687.0,2.4882835100402323
2746,BRT,0.49,687.0,2.4882835100402323
162,BRT,0.489,690.0,2.483205380427905
282,BRT,0.489,690.0,2.483205380427905
1583,BRT,0.489,690.0,2.483205380427905
2672,BRT,0.489,690.0,2.483205380427905
769,BRT,0.488,694.0,2.4781272508155783
1119,BRT,0.488,694.0,2.4781272508155783
1314,BRT,0.488,694.0,2.4781272508155783
1320,BRT,0.488,694.0,2.4781272508155783
1353,BRT,0.488,694.0,2.4781272508155783
1986,BRT,0.488,694.0,2.4781272508155783
2372,BRT,0.488,694.0,2.4781272508155783
2759,BRT,0.487,701.0,2.473049121203251
7,BRT,0.486,702.0,2.4679709915909243
780,BRT,0.486,702.0,2.4679709915909243
1538,BRT,0.486,702.0,2.4679709915909243
1863,BRT,0.486,702.0,2.4679709915909243
599,BRT,0.485,706.0,2.462892861978597
803,BRT,0.485,706.0,2.462892861978597
981,BRT,0.485,706.0,2.462892861978597
1329,BRT,0.485,706.0,2.462892861978597
1594,BRT,0.485,706.0,2.462892861978597
70,BRT,0.484,711.0,2.4578147323662702
491,BRT,0.484,711.0,2.4578147323662702
1871,BRT,0.484,711.0,2.4578147323662702
1995,BRT,0.484,711.0,2.4578147323662702
679,BRT,0.483,715.0,2.452736602753943
1263,BRT,0.483,715.0,2.452736602753943
1728,BRT,0.483,715.0,2.452736602753943
1828,BRT,0.483,715.0,2.452736602753943
2080,BRT,0.483,715.0,2.452736602753943
365,BRT,0.482,720.0,2.447658473141616
1877,BRT,0.482,720.0,2.447658473141616
580,BRT,0.481,722.0,2.442580343529289
1302,BRT,0.481,722.0,2.442580343529289
1427,BRT,0.481,722.0,2.442580343529289
321,BRT,0.48,725.0,2.437502213916962
1651,BRT,0.48,725.0,2.437502213916962
2334,BRT,0.48,725.0,2.437502213916962
316,BRT,0.479,728.0,2.432424084304635
367,BRT,0.479,728.0,2.432424084304635
376,BRT,0.479,728.0,2.432424084304635
976,BRT,0.479,728.0,2.432424084304635
1394,BRT,0.479,728.0,2.432424084304635
1762,BRT,0.479,728.0,2.432424084304635
1966,BRT,0.479,728.0,2.432424084304635
2371,BRT,0.479,728.0,2.432424084304635
2474,BRT,0.479,728.0,2.432424084304635
97,BRT,0.478,737.0,2.427345954692308
1035,BRT,0.478,737.0,2.427345954692308
1640,BRT,0.478,737.0,2.427345954692308
2554,BRT,0.478,737.0,2.427345954692308
370,BRT,0.477,741.0,2.422267825079981
741,BRT,0.477,741.0,2.422267825079981
1240,BRT,0.477,741.0,2.422267825079981
1955,BRT,0.476,744.0,2.417189695467654
464,BRT,0.475,745.0,2.412111565855327
656,BRT,0.475,745.0,2.412111565855327
1125,BRT,0.475,745.0,2.412111565855327
1166,BRT,0.475,745.0,2.412111565855327
1385,BRT,0.475,745.0,2.412111565855327
1798,BRT,0.475,745.0,2.412111565855327
1942,BRT,0.475,745.0,2.412111565855327
2327,BRT,0.475,745.0,2.412111565855327
350,BRT,0.474,753.0,2.407033436243
918,BRT,0.474,753.0,2.407033436243
1604,BRT,0.474,753.0,2.407033436243
2710,BRT,0.474,753.0,2.407033436243
17,BRT,0.473,757.0,2.401955306630673
404,BRT,0.473,757.0,2.401955306630673
1017,BRT,0.473,757.0,2.401955306630673
1890,BRT,0.473,757.0,2.401955306630673
2758,BRT,0.473,757.0,2.401955306630673
443,BRT,0.472,762.0,2.396877177018346
922,BRT,0.472,762.0,2.396877177018346
1069,BRT,0.472,762.0,2.396877177018346
1248,BRT,0.472,762.0,2.396877177018346
1711,BRT,0.472,762.0,2.396877177018346
1839,BRT,0.472,762.0,2.396877177018346
1853,BRT,0.472,762.0,2.396877177018346
2567,BRT,0.472,762.0,2.396877177018346
196,BRT,0.471,770.0,2.391799047406019
862,BRT,0.471,770.0,2.391799047406019
927,BRT,0.471,770.0,2.391799047406019
1432,BRT,0.471,770.0,2.391799047406019
138,BRT,0.47,774.0,2.386720917793692
211,BRT,0.47,774.0,2.386720917793692
506,BRT,0.47,774.0,2.386720917793692
1826,BRT,0.47,774.0,2.386720917793692
2415,BRT,0.47,774.0,2.386720917793692
1106,BRT,0.469,779.0,2.381642788181365
1171,BRT,0.469,779.0,2.381642788181365
1888,BRT,0.469,779.0,2.381642788181365
333,BRT,0.468,782.0,2.3765646585690385
348,BRT,0.468,782.0,2.3765646585690385
556,BRT,0.468,782.0,2.3765646585690385
1551,BRT,0.468,782.0,2.3765646585690385
1690,BRT,0.468,782.0,2.3765646585690385
1993,BRT,0.468,782.0,2.3765646585690385
2001,BRT,0.468,782.0,2.3765646585690385
562,BRT,0.467,789.0,2.3714865289567113
1460,BRT,0.467,789.0,2.3714865289567113
314,BRT,0.466,791.0,2.3664083993443845
901,BRT,0.466,791.0,2.3664083993443845
1199,BRT,0.466,791.0,2.3664083993443845
1438,BRT,0.466,791.0,2.3664083993443845
1489,BRT,0.466,791.0,2.3664083993443845
1522,BRT,0.466,791.0,2.3664083993443845
1648,BRT,0.465,797.0,2.3613302697320573
1682,BRT,0.465,797.0,2.3613302697320573
2489,BRT,0.465,797.0,2.3613302697320573
986,BRT,0.464,800.0,2.3562521401197305
1894,BRT,0.464,800.0,2.3562521401197305
2057,BRT,0.464,800.0,2.3562521401197305
2119,BRT,0.464,800.0,2.3562521401197305
2252,BRT,0.464,800.0,2.3562521401197305
61,BRT,0.463,805.0,2.3511740105074033
1363,BRT,0.463,805.0,2.3511740105074033
1408,BRT,0.463,805.0,2.3511740105074033
141,BRT,0.462,808.0,2.3460958808950765
1108,BRT,0.462,808.0,2.3460958808950765
1924,BRT,0.462,808.0,2.3460958808950765
2471,BRT,0.462,808.0,2.3460958808950765
25,BRT,0.461,812.0,2.3410177512827492
225,BRT,0.461,812.0,2.3410177512827492
438,BRT,0.461,812.0,2.3410177512827492
1343,BRT,0.461,812.0,2.3410177512827492
2593,BRT,0.461,812.0,2.3410177512827492
557,BRT,0.46,817.0,2.3359396216704225
2522,BRT,0.46,817.0,2.3359396216704225
413,BRT,0.459,819.0,2.3308614920580952
1344,BRT,0.459,819.0,2.3308614920580952
1451,BRT,0.459,819.0,2.3308614920580952
1579,BRT,0.459,819.0,2.3308614920580952
2380,BRT,0.459,819.0,2.3308614920580952
2774,BRT,0.459,819.0,2.3308614920580952
851,BRT,0.458,825.0,2.3257833624457684
2178,BRT,0.458,825.0,2.3257833624457684
2373,BRT,0.458,825.0,2.3257833624457684
45,BRT,0.457,828.0,2.320705232833441
297,BRT,0.457,828.0,2.320705232833441
746,BRT,0.457,828.0,2.320705232833441
1041,BRT,0.457,828.0,2.320705232833441
1142,BRT,0.457,828.0,2.320705232833441
1978,BRT,0.457,828.0,2.320705232833441
164,BRT,0.456,834.0,2.3156271032211144
437,BRT,0.456,834.0,2.3156271032211144
763,BRT,0.456,834.0,2.3156271032211144
1120,BRT,0.456,834.0,2.3156271032211144
2136,BRT,0.456,834.0,2.3156271032211144
2594,BRT,0.456,834.0,2.3156271032211144
2680,BRT,0.456,834.0,2.3156271032211144
768,BRT,0.455,841.0,2.310548973608787
1267,BRT,0.455,841.0,2.310548973608787
1388,BRT,0.455,841.0,2.310548973608787
1646,BRT,0.455,841.0,2.310548973608787
2326,BRT,0.455,841.0,2.310548973608787
2442,BRT,0.455,841.0,2.310548973608787
22,BRT,0.454,847.0,2.3054708439964604
283,BRT,0.454,847.0,2.3054708439964604
1001,BRT,0.454,847.0,2.3054708439964604
1428,BRT,0.454,847.0,2.3054708439964604
1609,BRT,0.454,847.0,2.3054708439964604
1953,BRT,0.454,847.0,2.3054708439964604
2757,BRT,0.454,847.0,2.3054708439964604
574,BRT,0.453,854.0,2.300392714384133
624,BRT,0.453,854.0,2.300392714384133
920,BRT,0.453,854.0,2.300392714384133
2616,BRT,0.453,854.0,2.300392714384133
2651,BRT,0.453,854.0,2.300392714384133
9,BRT,0.452,859.0,2.2953145847718064
324,BRT,0.452,859.0,2.2953145847718064
593,BRT,0.452,859.0,2.2953145847718064
1203,BRT,0.452,859.0,2.2953145847718064
1266,BRT,0.452,859.0,2.2953145847718064
1468,BRT,0.452,859.0,2.2953145847718064
2234,BRT,0.452,859.0,2.2953145847718064
2524,BRT,0.452,859.0,2.2953145847718064
2562,BRT,0.452,859.0,2.2953145847718064
640,BRT,0.451,868.0,2.290236455159479
1012,BRT,0.451,868.0,2.290236455159479
2441,BRT,0.451,868.0,2.290236455159479
257,BRT,0.45,871.0,2.2851583255471524
676,BRT,0.45,871.0,2.2851583255471524
1111,BRT,0.45,871.0,2.2851583255471524
1415,BRT,0.45,871.0,2.2851583255471524
1929,BRT,0.45,871.0,2.2851583255471524
2021,BRT,0.45,871.0,2.2851583255471524
391,BRT,0.449,877.0,2.280080195934825
608,BRT,0.449,877.0,2.280080195934825
943,BRT,0.449,877.0,2.280080195934825
1200,BRT,0.449,877.0,2.280080195934825
1611,BRT,0.449,877.0,2.280080195934825
1782,BRT,0.449,877.0,2.280080195934825
1932,BRT,0.449,877.0,2.280080195934825
2670,BRT,0.449,877.0,2.280080195934825
481,BRT,0.448,885.0,2.2750020663224984
710,BRT,0.448,885.0,2.2750020663224984
909,BRT,0.448,885.0,2.2750020663224984
973,BRT,0.448,885.0,2.2750020663224984
394,BRT,0.447,889.0,2.269923936710171
899,BRT,0.447,889.0,2.269923936710171
1948,BRT,0.447,889.0,2.269923936710171
2467,BRT,0.447,889.0,2.269923936710171
2708,BRT,0.447,889.0,2.269923936710171
189,BRT,0.446,894.0,2.2648458070978443
905,BRT,0.446,894.0,2.2648458070978443
1543,BRT,0.446,894.0,2.2648458070978443
1224,BRT,0.445,897.0,2.259767677485517
1708,BRT,0.445,897.0,2.259767677485517
1793,BRT,0.445,897.0,2.259767677485517
2561,BRT,0.445,897.0,2.259767677485517
713,BRT,0.444,901.0,2.2546895478731903
1135,BRT,0.444,901.0,2.2546895478731903
1514,BRT,0.444,901.0,2.2546895478731903
1768,BRT,0.444,901.0,2.2546895478731903
2067,BRT,0.444,901.0,2.2546895478731903
2684,BRT,0.444,901.0,2.2546895478731903
2739,BRT,0.444,901.0,2.2546895478731903
1846,BRT,0.443,908.0,2.249611418260863
2030,BRT,0.443,908.0,2.249611418260863
2481,BRT,0.443,908.0,2.249611418260863
2608,BRT,0.443,908.0,2.249611418260863
29,BRT,0.442,912.0,2.2445332886485363
966,BRT,0.442,912.0,2.2445332886485363
1121,BRT,0.442,912.0,2.2445332886485363
1304,BRT,0.442,912.0,2.2445332886485363
1311,BRT,0.442,912.0,2.2445332886485363
1776,BRT,0.442,912.0,2.2445332886485363
2393,BRT,0.442,912.0,2.2445332886485363
2403,BRT,0.442,912.0,2.2445332886485363
967,BRT,0.441,920.0,2.239455159036209
1098,BRT,0.441,920.0,2.239455159036209
400,BRT,0.44,922.0,2.2343770294238823
1081,BRT,0.44,922.0,2.2343770294238823
1952,BRT,0.44,922.0,2.2343770294238823
458,BRT,0.439,925.0,2.229298899811555
883,BRT,0.439,925.0,2.229298899811555
952,BRT,0.439,925.0,2.229298899811555
1238,BRT,0.439,925.0,2.229298899811555
1486,BRT,0.439,925.0,2.229298899811555
2639,BRT,0.439,925.0,2.229298899811555
2698,BRT,0.439,925.0,2.229298899811555
288,BRT,0.438,932.0,2.2242207701992283
822,BRT,0.438,932.0,2.2242207701992283
1163,BRT,0.438,932.0,2.2242207701992283
1537,BRT,0.438,932.0,2.2242207701992283
2462,BRT,0.438,932.0,2.2242207701992283
449,BRT,0.437,937.0,2.219142640586901
1884,BRT,0.437,937.0,2.219142640586901
2245,BRT,0.437,937.0,2.219142640586901
2528,BRT,0.437,937.0,2.219142640586901
530,BRT,0.436,941.0,2.2140645109745742
812,BRT,0.436,941.0,2.2140645109745742
1031,BRT,0.436,941.0,2.2140645109745742
1337,BRT,0.436,941.0,2.2140645109745742
2003,BRT,0.436,941.0,2.2140645109745742
2247,BRT,0.436,941.0,2.2140645109745742
2568,BRT,0.436,941.0,2.2140645109745742
891,BRT,0.435,948.0,2.208986381362247
2105,BRT,0.435,948.0,2.208986381362247
137,BRT,0.434,950.0,2.20390825174992
1275,BRT,0.434,950.0,2.20390825174992
1629,BRT,0.434,950.0,2.20390825174992
2450,BRT,0.434,950.0,2.20390825174992
2765,BRT,0.434,950.0,2.20390825174992
564,BRT,0.433,955.0,2.198830122137593
583,BRT,0.433,955.0,2.198830122137593
1112,BRT,0.433,955.0,2.198830122137593
1545,BRT,0.433,955.0,2.198830122137593
613,BRT,0.432,959.0,2.193751992525266
1146,BRT,0.432,959.0,2.193751992525266
1606,BRT,0.432,959.0,2.193751992525266
2100,BRT,0.432,959.0,2.193751992525266
2140,BRT,0.432,959.0,2.193751992525266
469,BRT,0.431,964.0,2.188673862912939
298,BRT,0.43,965.0,2.183595733300612
392,BRT,0.43,965.0,2.183595733300612
422,BRT,0.43,965.0,2.183595733300612
747,BRT,0.43,965.0,2.183595733300612
962,BRT,0.43,965.0,2.183595733300612
1088,BRT,0.43,965.0,2.183595733300612
1215,BRT,0.43,965.0,2.183595733300612
1397,BRT,0.43,965.0,2.183595733300612
1591,BRT,0.43,965.0,2.183595733300612
2220,BRT,0.43,965.0,2.183595733300612
2258,BRT,0.43,965.0,2.183595733300612
2321,BRT,0.43,965.0,2.183595733300612
2435,BRT,0.43,965.0,2.183595733300612
41,BRT,0.429,978.0,2.178517603688285
337,BRT,0.429,978.0,2.178517603688285
343,BRT,0.429,978.0,2.178517603688285
795,BRT,0.429,978.0,2.178517603688285
1937,BRT,0.429,978.0,2.178517603688285
2153,BRT,0.429,978.0,2.178517603688285
2488,BRT,0.429,978.0,2.178517603688285
4,BRT,0.428,985.0,2.173439474075958
228,BRT,0.428,985.0,2.173439474075958
357,BRT,0.428,985.0,2.173439474075958
379,BRT,0.428,985.0,2.173439474075958
659,BRT,0.428,985.0,2.173439474075958
728,BRT,0.428,985.0,2.173439474075958
752,BRT,0.428,985.0,2.173439474075958
2044,BRT,0.428,985.0,2.173439474075958
2237,BRT,0.428,985.0,2.173439474075958
2257,BRT,0.428,985.0,2.173439474075958
12,BRT,0.427,995.0,2.168361344463631
433,BRT,0.427,995.0,2.168361344463631
827,BRT,0.427,995.0,2.168361344463631
1261,BRT,0.427,995.0,2.168361344463631
2278,BRT,0.427,995.0,2.168361344463631
2531,BRT,0.427,995.0,2.168361344463631
573,BRT,0.426,1001.0,2.163283214851304
954,BRT,0.426,1001.0,2.163283214851304
2621,BRT,0.426,1001.0,2.163283214851304
319,BRT,0.425,1004.0,2.158205085238977
1097,BRT,0.425,1004.0,2.158205085238977
1155,BRT,0.425,1004.0,2.158205085238977
1359,BRT,0.425,1004.0,2.158205085238977
1384,BRT,0.425,1004.0,2.158205085238977
1627,BRT,0.425,1004.0,2.158205085238977
2400,BRT,0.425,1004.0,2.158205085238977
2657,BRT,0.425,1004.0,2.158205085238977
441,BRT,0.424,1012.0,2.15312695562665
1281,BRT,0.424,1012.0,2.15312695562665
2241,BRT,0.424,1012.0,2.15312695562665
2678,BRT,0.424,1012.0,2.15312695562665
819,BRT,0.423,1016.0,2.148048826014323
1341,BRT,0.423,1016.0,2.148048826014323
1962,BRT,0.423,1016.0,2.148048826014323
2185,BRT,0.423,1016.0,2.148048826014323
2384,BRT,0.423,1016.0,2.148048826014323
633,BRT,0.422,1021.0,2.142970696401996
1124,BRT,0.422,1021.0,2.142970696401996
1650,BRT,0.422,1021.0,2.142970696401996
1829,BRT,0.422,1021.0,2.142970696401996
1939,BRT,0.422,1021.0,2.142970696401996
2033,BRT,0.422,1021.0,2.142970696401996
2151,BRT,0.422,1021.0,2.142970696401996
559,BRT,0.421,1028.0,2.137892566789669
759,BRT,0.421,1028.0,2.137892566789669
1089,BRT,0.421,1028.0,2.137892566789669
1454,BRT,0.421,1028.0,2.137892566789669
1569,BRT,0.421,1028.0,2.137892566789669
1780,BRT,0.421,1028.0,2.137892566789669
2390,BRT,0.421,1028.0,2.137892566789669
119,BRT,0.42,1035.0,2.132814437177342
1581,BRT,0.42,1035.0,2.132814437177342
1914,BRT,0.42,1035.0,2.132814437177342
2614,BRT,0.42,1035.0,2.132814437177342
60,BRT,0.419,1039.0,2.127736307565015
272,BRT,0.419,1039.0,2.127736307565015
1900,BRT,0.419,1039.0,2.127736307565015
281,BRT,0.418,1042.0,2.122658177952688
1151,BRT,0.418,1042.0,2.122658177952688
1152,BRT,0.418,1042.0,2.122658177952688
1297,BRT,0.418,1042.0,2.122658177952688
1531,BRT,0.418,1042.0,2.122658177952688
1582,BRT,0.418,1042.0,2.122658177952688
2000,BRT,0.418,1042.0,2.122658177952688
2658,BRT,0.417,1049.0,2.117580048340361
168,BRT,0.416,1050.0,2.112501918728034
805,BRT,0.416,1050.0,2.112501918728034
1378,BRT,0.416,1050.0,2.112501918728034
1562,BRT,0.416,1050.0,2.112501918728034
2277,BRT,0.416,1050.0,2.112501918728034
219,BRT,0.415,1055.0,2.107423789115707
306,BRT,0.415,1055.0,2.107423789115707
911,BRT,0.415,1055.0,2.107423789115707
1957,BRT,0.415,1055.0,2.107423789115707
2361,BRT,0.415,1055.0,2.107423789115707
2598,BRT,0.415,1055.0,2.107423789115707
2762,BRT,0.415,1055.0,2.107423789115707
502,BRT,0.414,1062.0,2.10234565950338
1417,BRT,0.414,1062.0,2.10234565950338
1845,BRT,0.414,1062.0,2.10234565950338
1959,BRT,0.414,1062.0,2.10234565950338
2020,BRT,0.414,1062.0,2.10234565950338
2102,BRT,0.414,1062.0,2.10234565950338
2514,BRT,0.414,1062.0,2.10234565950338
521,BRT,0.413,1069.0,2.097267529891053
942,BRT,0.413,1069.0,2.097267529891053
1699,BRT,0.413,1069.0,2.097267529891053
2354,BRT,0.413,1069.0,2.097267529891053
2405,BRT,0.413,1069.0,2.097267529891053
455,BRT,0.412,1074.0,2.092189400278726
1621,BRT,0.412,1074.0,2.092189400278726
1913,BRT,0.412,1074.0,2.092189400278726
2243,BRT,0.412,1074.0,2.092189400278726
246,BRT,0.411,1078.0,2.087111270666399
2332,BRT,0.411,1078.0,2.087111270666399
184,BRT,0.41,1080.0,2.082033141054072
398,BRT,0.41,1080.0,2.082033141054072
1835,BRT,0.41,1080.0,2.082033141054072
2036,BRT,0.41,1080.0,2.082033141054072
2582,BRT,0.41,1080.0,2.082033141054072
222,BRT,0.409,1085.0,2.0769550114417448
416,BRT,0.409,1085.0,2.0769550114417448
988,BRT,0.409,1085.0,2.0769550114417448
2006,BRT,0.409,1085.0,2.0769550114417448
2571,BRT,0.409,1085.0,2.0769550114417448
279,BRT,0.408,1090.0,2.071876881829418
338,BRT,0.407,1091.0,2.0667987522170908
426,BRT,0.407,1091.0,2.0667987522170908
625,BRT,0.407,1091.0,2.0667987522170908
630,BRT,0.407,1091.0,2.0667987522170908
718,BRT,0.407,1091.0,2.0667987522170908
794,BRT,0.407,1091.0,2.0667987522170908
833,BRT,0.407,1091.0,2.0667987522170908
1469,BRT,0.407,1091.0,2.0667987522170908
2156,BRT,0.407,1091.0,2.0667987522170908
2201,BRT,0.407,1091.0,2.0667987522170908
2540,BRT,0.407,1091.0,2.0667987522170908
549,BRT,0.406,1102.0,2.061720622604764
649,BRT,0.406,1102.0,2.061720622604764
2530,BRT,0.406,1102.0,2.061720622604764
2691,BRT,0.406,1102.0,2.061720622604764
834,BRT,0.405,1106.0,2.056642492992437
835,BRT,0.405,1106.0,2.056642492992437
1254,BRT,0.405,1106.0,2.056642492992437
2055,BRT,0.405,1106.0,2.056642492992437
2222,BRT,0.405,1106.0,2.056642492992437
2294,BRT,0.405,1106.0,2.056642492992437
91,BRT,0.404,1112.0,2.05156436338011
237,BRT,0.404,1112.0,2.05156436338011
694,BRT,0.404,1112.0,2.05156436338011
1720,BRT,0.404,1112.0,2.05156436338011
2337,BRT,0.404,1112.0,2.05156436338011
146,BRT,0.403,1117.0,2.046486233767783
407,BRT,0.403,1117.0,2.046486233767783
575,BRT,0.403,1117.0,2.046486233767783
1214,BRT,0.403,1117.0,2.046486233767783
58,BRT,0.402,1121.0,2.041408104155456
112,BRT,0.402,1121.0,2.041408104155456
308,BRT,0.402,1121.0,2.041408104155456
1971,BRT,0.402,1121.0,2.041408104155456
2512,BRT,0.402,1121.0,2.041408104155456
2755,BRT,0.402,1121.0,2.041408104155456
202,BRT,0.401,1127.0,2.036329974543129
388,BRT,0.401,1127.0,2.036329974543129
1949,BRT,0.401,1127.0,2.036329974543129
1691,BRT,0.4,1130.0,2.031251844930802
1706,BRT,0.4,1130.0,2.031251844930802
2292,BRT,0.4,1130.0,2.031251844930802
1056,BRT,0.399,1133.0,2.026173715318475
1554,BRT,0.399,1133.0,2.026173715318475
1736,BRT,0.399,1133.0,2.026173715318475
2767,BRT,0.399,1133.0,2.026173715318475
169,BRT,0.398,1137.0,2.021095585706148
415,BRT,0.398,1137.0,2.021095585706148
582,BRT,0.398,1137.0,2.021095585706148
2773,BRT,0.398,1137.0,2.021095585706148
536,BRT,0.397,1141.0,2.016017456093821
1964,BRT,0.397,1141.0,2.016017456093821
2246,BRT,0.397,1141.0,2.016017456093821
236,BRT,0.396,1144.0,2.010939326481494
352,BRT,0.396,1144.0,2.010939326481494
800,BRT,0.396,1144.0,2.010939326481494
1153,BRT,0.396,1144.0,2.010939326481494
1295,BRT,0.396,1144.0,2.010939326481494
1407,BRT,0.396,1144.0,2.010939326481494
1818,BRT,0.396,1144.0,2.010939326481494
2205,BRT,0.396,1144.0,2.010939326481494
2588,BRT,0.396,1144.0,2.010939326481494
2662,BRT,0.396,1144.0,2.010939326481494
2722,BRT,0.396,1144.0,2.010939326481494
897,BRT,0.395,1155.0,2.005861196869167
1181,BRT,0.395,1155.0,2.005861196869167
1242,BRT,0.395,1155.0,2.005861196869167
1721,BRT,0.395,1155.0,2.005861196869167
2640,BRT,0.395,1155.0,2.005861196869167
2695,BRT,0.395,1155.0,2.005861196869167
2699,BRT,0.395,1155.0,2.005861196869167
1796,BRT,0.394,1162.0,2.00078306725684
1843,BRT,0.394,1162.0,2.00078306725684
2431,BRT,0.394,1162.0,2.00078306725684
2452,BRT,0.394,1162.0,2.00078306725684
661,BRT,0.393,1166.0,1.9957049376445128
1292,BRT,0.393,1166.0,1.9957049376445128
2302,BRT,0.393,1166.0,1.9957049376445128
745,BRT,0.392,1169.0,1.9906268080321858
853,BRT,0.392,1169.0,1.9906268080321858
1483,BRT,0.392,1169.0,1.9906268080321858
1998,BRT,0.392,1169.0,1.9906268080321858
2075,BRT,0.392,1169.0,1.9906268080321858
2676,BRT,0.392,1169.0,1.9906268080321858
892,BRT,0.391,1175.0,1.9855486784198588
1440,BRT,0.391,1175.0,1.9855486784198588
1976,BRT,0.391,1175.0,1.9855486784198588
2485,BRT,0.391,1175.0,1.9855486784198588
2629,BRT,0.391,1175.0,1.9855486784198588
171,BRT,0.39,1180.0,1.9804705488075318
1866,BRT,0.39,1180.0,1.9804705488075318
2049,BRT,0.39,1180.0,1.9804705488075318
1447,BRT,0.389,1183.0,1.9753924191952048
1775,BRT,0.389,1183.0,1.9753924191952048
2539,BRT,0.389,1183.0,1.9753924191952048
545,BRT,0.388,1186.0,1.9703142895828778
810,BRT,0.388,1186.0,1.9703142895828778
1969,BRT,0.388,1186.0,1.9703142895828778
2059,BRT,0.388,1186.0,1.9703142895828778
2291,BRT,0.388,1186.0,1.9703142895828778
490,BRT,0.387,1191.0,1.9652361599705508
695,BRT,0.387,1191.0,1.9652361599705508
893,BRT,0.387,1191.0,1.9652361599705508
1045,BRT,0.387,1191.0,1.9652361599705508
1179,BRT,0.387,1191.0,1.9652361599705508
1268,BRT,0.387,1191.0,1.9652361599705508
1328,BRT,0.387,1191.0,1.9652361599705508
1994,BRT,0.387,1191.0,1.9652361599705508
2135,BRT,0.387,1191.0,1.9652361599705508
705,BRT,0.386,1200.0,1.9601580303582238
744,BRT,0.386,1200.0,1.9601580303582238
1458,BRT,0.386,1200.0,1.9601580303582238
1773,BRT,0.386,1200.0,1.9601580303582238
2264,BRT,0.386,1200.0,1.9601580303582238
2643,BRT,0.386,1200.0,1.9601580303582238
2735,BRT,0.386,1200.0,1.9601580303582238
1032,BRT,0.385,1207.0,1.9550799007458968
1334,BRT,0.385,1207.0,1.9550799007458968
950,BRT,0.384,1209.0,1.9500017711335698
1418,BRT,0.384,1209.0,1.9500017711335698
1849,BRT,0.384,1209.0,1.9500017711335698
2189,BRT,0.384,1209.0,1.9500017711335698
2526,BRT,0.384,1209.0,1.9500017711335698
37,BRT,0.383,1214.0,1.9449236415212428
492,BRT,0.383,1214.0,1.9449236415212428
514,BRT,0.383,1214.0,1.9449236415212428
1491,BRT,0.383,1214.0,1.9449236415212428
2325,BRT,0.383,1214.0,1.9449236415212428
2346,BRT,0.383,1214.0,1.9449236415212428
142,BRT,0.382,1220.0,1.9398455119089157
221,BRT,0.382,1220.0,1.9398455119089157
786,BRT,0.382,1220.0,1.9398455119089157
1274,BRT,0.382,1220.0,1.9398455119089157
1635,BRT,0.382,1220.0,1.9398455119089157
2079,BRT,0.382,1220.0,1.9398455119089157
2203,BRT,0.382,1220.0,1.9398455119089157
2519,BRT,0.382,1220.0,1.9398455119089157
46,BRT,0.381,1228.0,1.9347673822965887
596,BRT,0.381,1228.0,1.9347673822965887
1316,BRT,0.381,1228.0,1.9347673822965887
1665,BRT,0.381,1228.0,1.9347673822965887
76,BRT,0.38,1232.0,1.9296892526842617
690,BRT,0.38,1232.0,1.9296892526842617
719,BRT,0.38,1232.0,1.9296892526842617
1409,BRT,0.38,1232.0,1.9296892526842617
2137,BRT,0.38,1232.0,1.9296892526842617
2760,BRT,0.38,1232.0,1.9296892526842617
396,BRT,0.379,1238.0,1.9246111230719347
616,BRT,0.379,1238.0,1.9246111230719347
924,BRT,0.379,1238.0,1.9246111230719347
1144,BRT,0.379,1238.0,1.9246111230719347
1506,BRT,0.379,1238.0,1.9246111230719347
2082,BRT,0.379,1238.0,1.9246111230719347
2386,BRT,0.379,1238.0,1.9246111230719347
2590,BRT,0.379,1238.0,1.9246111230719347
2650,BRT,0.379,1238.0,1.9246111230719347
289,BRT,0.378,1247.0,1.9195329934596077
362,BRT,0.378,1247.0,1.9195329934596077
1068,BRT,0.378,1247.0,1.9195329934596077
1574,BRT,0.378,1247.0,1.9195329934596077
2043,BRT,0.378,1247.0,1.9195329934596077
2187,BRT,0.378,1247.0,1.9195329934596077
2597,BRT,0.378,1247.0,1.9195329934596077
23,BRT,0.377,1254.0,1.9144548638472807
56,BRT,0.377,1254.0,1.9144548638472807
258,BRT,0.377,1254.0,1.9144548638472807
1204,BRT,0.377,1254.0,1.9144548638472807
1455,BRT,0.377,1254.0,1.9144548638472807
1659,BRT,0.377,1254.0,1.9144548638472807
1738,BRT,0.377,1254.0,1.9144548638472807
2048,BRT,0.377,1254.0,1.9144548638472807
2737,BRT,0.377,1254.0,1.9144548638472807
263,BRT,0.376,1263.0,1.9093767342349537
364,BRT,0.376,1263.0,1.9093767342349537
513,BRT,0.376,1263.0,1.9093767342349537
832,BRT,0.376,1263.0,1.9093767342349537
1330,BRT,0.376,1263.0,1.9093767342349537
1912,BRT,0.376,1263.0,1.9093767342349537
2638,BRT,0.376,1263.0,1.9093767342349537
418,BRT,0.375,1270.0,1.9042986046226267
450,BRT,0.375,1270.0,1.9042986046226267
684,BRT,0.375,1270.0,1.9042986046226267
766,BRT,0.375,1270.0,1.9042986046226267
956,BRT,0.375,1270.0,1.9042986046226267
1891,BRT,0.375,1270.0,1.9042986046226267
2457,BRT,0.375,1270.0,1.9042986046226267
2458,BRT,0.375,1270.0,1.9042986046226267
560,BRT,0.374,1278.0,1.8992204750102997
1067,BRT,0.374,1278.0,1.8992204750102997
1115,BRT,0.374,1278.0,1.8992204750102997
1128,BRT,0.374,1278.0,1.8992204750102997
1767,BRT,0.374,1278.0,1.8992204750102997
1788,BRT,0.374,1278.0,1.8992204750102997
1956,BRT,0.374,1278.0,1.8992204750102997
2069,BRT,0.374,1278.0,1.8992204750102997
208,BRT,0.373,1286.0,1.8941423453979727
565,BRT,0.373,1286.0,1.8941423453979727
1007,BRT,0.373,1286.0,1.8941423453979727
1219,BRT,0.373,1286.0,1.8941423453979727
1766,BRT,0.373,1286.0,1.8941423453979727
598,BRT,0.372,1291.0,1.8890642157856457
701,BRT,0.372,1291.0,1.8890642157856457
756,BRT,0.372,1291.0,1.8890642157856457
1563,BRT,0.372,1291.0,1.8890642157856457
1657,BRT,0.372,1291.0,1.8890642157856457
1789,BRT,0.372,1291.0,1.8890642157856457
2014,BRT,0.372,1291.0,1.8890642157856457
2131,BRT,0.372,1291.0,1.8890642157856457
2601,BRT,0.372,1291.0,1.8890642157856457
340,BRT,0.371,1300.0,1.8839860861733186
344,BRT,0.371,1300.0,1.8839860861733186
618,BRT,0.371,1300.0,1.8839860861733186
1550,BRT,0.371,1300.0,1.8839860861733186
1719,BRT,0.371,1300.0,1.8839860861733186
2262,BRT,0.371,1300.0,1.8839860861733186
135,BRT,0.37,1306.0,1.8789079565609916
304,BRT,0.37,1306.0,1.8789079565609916
526,BRT,0.37,1306.0,1.8789079565609916
773,BRT,0.37,1306.0,1.8789079565609916
1102,BRT,0.37,1306.0,1.8789079565609916
1367,BRT,0.37,1306.0,1.8789079565609916
2491,BRT,0.37,1306.0,1.8789079565609916
2769,BRT,0.37,1306.0,1.8789079565609916
1,BRT,0.369,1314.0,1.8738298269486646
78,BRT,0.369,1314.0,1.8738298269486646
381,BRT,0.369,1314.0,1.8738298269486646
1874,BRT,0.369,1314.0,1.8738298269486646
2381,BRT,0.369,1314.0,1.8738298269486646
750,BRT,0.368,1319.0,1.8687516973363376
1548,BRT,0.368,1319.0,1.8687516973363376
2216,BRT,0.368,1319.0,1.8687516973363376
2365,BRT,0.368,1319.0,1.8687516973363376
62,BRT,0.367,1323.0,1.8636735677240106
145,BRT,0.367,1323.0,1.8636735677240106
206,BRT,0.367,1323.0,1.8636735677240106
245,BRT,0.367,1323.0,1.8636735677240106
277,BRT,0.367,1323.0,1.8636735677240106
553,BRT,0.367,1323.0,1.8636735677240106
660,BRT,0.367,1323.0,1.8636735677240106
698,BRT,0.367,1323.0,1.8636735677240106
849,BRT,0.367,1323.0,1.8636735677240106
908,BRT,0.367,1323.0,1.8636735677240106
1094,BRT,0.367,1323.0,1.8636735677240106
1280,BRT,0.367,1323.0,1.8636735677240106
1759,BRT,0.367,1323.0,1.8636735677240106
2148,BRT,0.367,1323.0,1.8636735677240106
2223,BRT,0.367,1323.0,1.8636735677240106
2581,BRT,0.367,1323.0,1.8636735677240106
2613,BRT,0.367,1323.0,1.8636735677240106
2766,BRT,0.367,1323.0,1.8636735677240106
1323,BRT,0.366,1341.0,1.8585954381116836
1610,BRT,0.366,1341.0,1.8585954381116836
2330,BRT,0.366,1341.0,1.8585954381116836
2702,BRT,0.366,1341.0,1.8585954381116836
2740,BRT,0.366,1341.0,1.8585954381116836
27,BRT,0.365,1346.0,1.8535173084993566
342,BRT,0.365,1346.0,1.8535173084993566
541,BRT,0.365,1346.0,1.8535173084993566
1205,BRT,0.365,1346.0,1.8535173084993566
1208,BRT,0.365,1346.0,1.8535173084993566
1577,BRT,0.365,1346.0,1.8535173084993566
1660,BRT,0.365,1346.0,1.8535173084993566
2556,BRT,0.365,1346.0,1.8535173084993566
18,BRT,0.364,1354.0,1.8484391788870296
689,BRT,0.364,1354.0,1.8484391788870296
1160,BRT,0.364,1354.0,1.8484391788870296
1342,BRT,0.364,1354.0,1.8484391788870296
1895,BRT,0.364,1354.0,1.8484391788870296
2233,BRT,0.364,1354.0,1.8484391788870296
2778,BRT,0.364,1354.0,1.8484391788870296
251,BRT,0.363,1361.0,1.8433610492747026
1654,BRT,0.363,1361.0,1.8433610492747026
2750,BRT,0.363,1361.0,1.8433610492747026
124,BRT,0.362,1364.0,1.8382829196623756
341,BRT,0.362,1364.0,1.8382829196623756
445,BRT,0.362,1364.0,1.8382829196623756
2439,BRT,0.362,1364.0,1.8382829196623756
115,BRT,0.361,1368.0,1.8332047900500485
505,BRT,0.361,1368.0,1.8332047900500485
1430,BRT,0.361,1368.0,1.8332047900500485
1666,BRT,0.361,1368.0,1.8332047900500485
2206,BRT,0.361,1368.0,1.8332047900500485
2448,BRT,0.361,1368.0,1.8332047900500485
33,BRT,0.36,1374.0,1.8281266604377215
767,BRT,0.36,1374.0,1.8281266604377215
888,BRT,0.36,1374.0,1.8281266604377215
2025,BRT,0.36,1374.0,1.8281266604377215
270,BRT,0.359,1378.0,1.8230485308253945
533,BRT,0.359,1378.0,1.8230485308253945
1079,BRT,0.359,1378.0,1.8230485308253945
2195,BRT,0.359,1378.0,1.8230485308253945
2532,BRT,0.359,1378.0,1.8230485308253945
95,BRT,0.358,1383.0,1.8179704012130675
1747,BRT,0.358,1383.0,1.8179704012130675
2635,BRT,0.358,1383.0,1.8179704012130675
174,BRT,0.357,1386.0,1.8128922716007405
500,BRT,0.357,1386.0,1.8128922716007405
675,BRT,0.357,1386.0,1.8128922716007405
890,BRT,0.357,1386.0,1.8128922716007405
1612,BRT,0.357,1386.0,1.8128922716007405
2039,BRT,0.357,1386.0,1.8128922716007405
2615,BRT,0.357,1386.0,1.8128922716007405
473,BRT,0.356,1393.0,1.8078141419884135
824,BRT,0.356,1393.0,1.8078141419884135
1391,BRT,0.356,1393.0,1.8078141419884135
1441,BRT,0.356,1393.0,1.8078141419884135
1990,BRT,0.356,1393.0,1.8078141419884135
2484,BRT,0.356,1393.0,1.8078141419884135
2553,BRT,0.356,1393.0,1.8078141419884135
216,BRT,0.355,1400.0,1.8027360123760865
782,BRT,0.355,1400.0,1.8027360123760865
1137,BRT,0.355,1400.0,1.8027360123760865
1456,BRT,0.355,1400.0,1.8027360123760865
1753,BRT,0.355,1400.0,1.8027360123760865
2008,BRT,0.355,1400.0,1.8027360123760865
597,BRT,0.354,1406.0,1.7976578827637595
615,BRT,0.354,1406.0,1.7976578827637595
1333,BRT,0.354,1406.0,1.7976578827637595
1395,BRT,0.354,1406.0,1.7976578827637595
1973,BRT,0.354,1406.0,1.7976578827637595
709,BRT,0.353,1411.0,1.7925797531514325
725,BRT,0.353,1411.0,1.7925797531514325
799,BRT,0.353,1411.0,1.7925797531514325
1101,BRT,0.353,1411.0,1.7925797531514325
1188,BRT,0.353,1411.0,1.7925797531514325
2709,BRT,0.353,1411.0,1.7925797531514325
40,BRT,0.352,1417.0,1.7875016235391055
126,BRT,0.352,1417.0,1.7875016235391055
1393,BRT,0.352,1417.0,1.7875016235391055
1725,BRT,0.352,1417.0,1.7875016235391055
1834,BRT,0.352,1417.0,1.7875016235391055
1876,BRT,0.352,1417.0,1.7875016235391055
2591,BRT,0.352,1417.0,1.7875016235391055
2605,BRT,0.352,1417.0,1.7875016235391055
223,BRT,0.351,1425.0,1.7824234939267785
792,BRT,0.351,1425.0,1.7824234939267785
945,BRT,0.351,1425.0,1.7824234939267785
1618,BRT,0.351,1425.0,1.7824234939267785
1985,BRT,0.351,1425.0,1.7824234939267785
2093,BRT,0.351,1425.0,1.7824234939267785
2617,BRT,0.351,1425.0,1.7824234939267785
201,BRT,0.35,1432.0,1.7773453643144514
435,BRT,0.35,1432.0,1.7773453643144514
1705,BRT,0.35,1432.0,1.7773453643144514
1907,BRT,0.35,1432.0,1.7773453643144514
2279,BRT,0.35,1432.0,1.7773453643144514
2355,BRT,0.35,1432.0,1.7773453643144514
525,BRT,0.349,1438.0,1.7722672347021244
1051,BRT,0.349,1438.0,1.7722672347021244
1211,BRT,0.349,1438.0,1.7722672347021244
1392,BRT,0.349,1438.0,1.7722672347021244
1792,BRT,0.349,1438.0,1.7722672347021244
2293,BRT,0.349,1438.0,1.7722672347021244
2575,BRT,0.349,1438.0,1.7722672347021244
493,BRT,0.348,1445.0,1.7671891050897974
809,BRT,0.348,1445.0,1.7671891050897974
2289,BRT,0.348,1445.0,1.7671891050897974
2523,BRT,0.348,1445.0,1.7671891050897974
1014,BRT,0.347,1449.0,1.7621109754774704
1380,BRT,0.347,1449.0,1.7621109754774704
2147,BRT,0.347,1449.0,1.7621109754774704
2602,BRT,0.347,1449.0,1.7621109754774704
157,BRT,0.346,1453.0,1.7570328458651434
167,BRT,0.346,1453.0,1.7570328458651434
311,BRT,0.346,1453.0,1.7570328458651434
495,BRT,0.346,1453.0,1.7570328458651434
895,BRT,0.346,1453.0,1.7570328458651434
1422,BRT,0.346,1453.0,1.7570328458651434
1533,BRT,0.346,1453.0,1.7570328458651434
1685,BRT,0.346,1453.0,1.7570328458651434
1992,BRT,0.346,1453.0,1.7570328458651434
241,BRT,0.345,1462.0,1.7519547162528164
1154,BRT,0.345,1462.0,1.7519547162528164
1231,BRT,0.345,1462.0,1.7519547162528164
1405,BRT,0.345,1462.0,1.7519547162528164
1673,BRT,0.345,1462.0,1.7519547162528164
2348,BRT,0.345,1462.0,1.7519547162528164
2366,BRT,0.345,1462.0,1.7519547162528164
688,BRT,0.344,1469.0,1.7468765866404894
691,BRT,0.344,1469.0,1.7468765866404894
1546,BRT,0.344,1469.0,1.7468765866404894
2060,BRT,0.344,1469.0,1.7468765866404894
2314,BRT,0.344,1469.0,1.7468765866404894
2764,BRT,0.344,1469.0,1.7468765866404894
276,BRT,0.343,1475.0,1.7417984570281628
963,BRT,0.343,1475.0,1.7417984570281628
523,BRT,0.342,1477.0,1.7367203274158358
957,BRT,0.342,1477.0,1.7367203274158358
1570,BRT,0.342,1477.0,1.7367203274158358
1784,BRT,0.342,1477.0,1.7367203274158358
1854,BRT,0.342,1477.0,1.7367203274158358
2141,BRT,0.342,1477.0,1.7367203274158358
2570,BRT,0.342,1477.0,1.7367203274158358
2624,BRT,0.342,1477.0,1.7367203274158358
178,BRT,0.341,1485.0,1.7316421978035088
224,BRT,0.341,1485.0,1.7316421978035088
397,BRT,0.341,1485.0,1.7316421978035088
468,BRT,0.341,1485.0,1.7316421978035088
871,BRT,0.341,1485.0,1.7316421978035088
990,BRT,0.341,1485.0,1.7316421978035088
1257,BRT,0.341,1485.0,1.7316421978035088
1352,BRT,0.341,1485.0,1.7316421978035088
1400,BRT,0.341,1485.0,1.7316421978035088
1442,BRT,0.341,1485.0,1.7316421978035088
2168,BRT,0.341,1485.0,1.7316421978035088
2406,BRT,0.341,1485.0,1.7316421978035088
2412,BRT,0.341,1485.0,1.7316421978035088
2646,BRT,0.341,1485.0,1.7316421978035088
2756,BRT,0.341,1485.0,1.7316421978035088
566,BRT,0.34,1500.0,1.7265640681911818
1193,BRT,0.34,1500.0,1.7265640681911818
1309,BRT,0.34,1500.0,1.7265640681911818
730,BRT,0.339,1503.0,1.7214859385788548
1272,BRT,0.339,1503.0,1.7214859385788548
1967,BRT,0.339,1503.0,1.7214859385788548
2007,BRT,0.339,1503.0,1.7214859385788548
8,BRT,0.338,1507.0,1.7164078089665278
183,BRT,0.338,1507.0,1.7164078089665278
501,BRT,0.338,1507.0,1.7164078089665278
555,BRT,0.338,1507.0,1.7164078089665278
603,BRT,0.338,1507.0,1.7164078089665278
831,BRT,0.338,1507.0,1.7164078089665278
2763,BRT,0.338,1507.0,1.7164078089665278
65,BRT,0.337,1514.0,1.7113296793542008
1710,BRT,0.337,1514.0,1.7113296793542008
1869,BRT,0.337,1514.0,1.7113296793542008
2218,BRT,0.337,1514.0,1.7113296793542008
2367,BRT,0.337,1514.0,1.7113296793542008
2420,BRT,0.337,1514.0,1.7113296793542008
179,BRT,0.336,1520.0,1.7062515497418738
896,BRT,0.336,1520.0,1.7062515497418738
1663,BRT,0.335,1522.0,1.7011734201295468
2150,BRT,0.335,1522.0,1.7011734201295468
2162,BRT,0.335,1522.0,1.7011734201295468
2690,BRT,0.335,1522.0,1.7011734201295468
2697,BRT,0.335,1522.0,1.7011734201295468
2718,BRT,0.335,1522.0,1.7011734201295468
590,BRT,0.334,1528.0,1.6960952905172197
647,BRT,0.334,1528.0,1.6960952905172197
1021,BRT,0.334,1528.0,1.6960952905172197
1733,BRT,0.334,1528.0,1.6960952905172197
1855,BRT,0.334,1528.0,1.6960952905172197
1938,BRT,0.334,1528.0,1.6960952905172197
372,BRT,0.333,1534.0,1.6910171609048927
578,BRT,0.333,1534.0,1.6910171609048927
935,BRT,0.333,1534.0,1.6910171609048927
1542,BRT,0.333,1534.0,1.6910171609048927
2623,BRT,0.333,1534.0,1.6910171609048927
2637,BRT,0.333,1534.0,1.6910171609048927
2692,BRT,0.333,1534.0,1.6910171609048927
1313,BRT,0.332,1541.0,1.6859390312925657
1558,BRT,0.332,1541.0,1.6859390312925657
1695,BRT,0.332,1541.0,1.6859390312925657
1740,BRT,0.332,1541.0,1.6859390312925657
2282,BRT,0.332,1541.0,1.6859390312925657
80,BRT,0.331,1546.0,1.6808609016802387
1039,BRT,0.331,1546.0,1.6808609016802387
1444,BRT,0.331,1546.0,1.6808609016802387
1517,BRT,0.331,1546.0,1.6808609016802387
1898,BRT,0.331,1546.0,1.6808609016802387
1925,BRT,0.331,1546.0,1.6808609016802387
2116,BRT,0.331,1546.0,1.6808609016802387
2518,BRT,0.331,1546.0,1.6808609016802387
235,BRT,0.33,1554.0,1.6757827720679117
534,BRT,0.33,1554.0,1.6757827720679117
1383,BRT,0.33,1554.0,1.6757827720679117
1722,BRT,0.33,1554.0,1.6757827720679117
2688,BRT,0.33,1554.0,1.6757827720679117
2775,BRT,0.33,1554.0,1.6757827720679117
460,BRT,0.329,1560.0,1.6707046424555847
872,BRT,0.329,1560.0,1.6707046424555847
902,BRT,0.329,1560.0,1.6707046424555847
1150,BRT,0.329,1560.0,1.6707046424555847
1571,BRT,0.329,1560.0,1.6707046424555847
1704,BRT,0.329,1560.0,1.6707046424555847
2375,BRT,0.329,1560.0,1.6707046424555847
609,BRT,0.328,1567.0,1.6656265128432577
1053,BRT,0.328,1567.0,1.6656265128432577
1201,BRT,0.328,1567.0,1.6656265128432577
1308,BRT,0.328,1567.0,1.6656265128432577
1339,BRT,0.328,1567.0,1.6656265128432577
1977,BRT,0.328,1567.0,1.6656265128432577
2341,BRT,0.328,1567.0,1.6656265128432577
2700,BRT,0.328,1567.0,1.6656265128432577
685,BRT,0.327,1575.0,1.6605483832309307
1047,BRT,0.327,1575.0,1.6605483832309307
1761,BRT,0.327,1575.0,1.6605483832309307
1974,BRT,0.327,1575.0,1.6605483832309307
1982,BRT,0.327,1575.0,1.6605483832309307
2120,BRT,0.327,1575.0,1.6605483832309307
2580,BRT,0.327,1575.0,1.6605483832309307
2595,BRT,0.327,1575.0,1.6605483832309307
1164,BRT,0.326,1583.0,1.6554702536186037
1218,BRT,0.326,1583.0,1.6554702536186037
1921,BRT,0.326,1583.0,1.6554702536186037
2397,BRT,0.326,1583.0,1.6554702536186037
2451,BRT,0.326,1583.0,1.6554702536186037
2649,BRT,0.326,1583.0,1.6554702536186037
670,BRT,0.325,1589.0,1.6503921240062767
855,BRT,0.325,1589.0,1.6503921240062767
1616,BRT,0.325,1589.0,1.6503921240062767
2068,BRT,0.325,1589.0,1.6503921240062767
2696,BRT,0.325,1589.0,1.6503921240062767
19,BRT,0.324,1594.0,1.6453139943939497
1070,BRT,0.324,1594.0,1.6453139943939497
2311,BRT,0.324,1594.0,1.6453139943939497
77,BRT,0.323,1597.0,1.6402358647816226
111,BRT,0.323,1597.0,1.6402358647816226
1567,BRT,0.323,1597.0,1.6402358647816226
1643,BRT,0.323,1597.0,1.6402358647816226
2410,BRT,0.323,1597.0,1.6402358647816226
255,BRT,0.322,1602.0,1.6351577351692956
738,BRT,0.322,1602.0,1.6351577351692956
1176,BRT,0.322,1602.0,1.6351577351692956
2240,BRT,0.322,1602.0,1.6351577351692956
47,BRT,0.321,1606.0,1.6300796055569686
471,BRT,0.321,1606.0,1.6300796055569686
653,BRT,0.321,1606.0,1.6300796055569686
1535,BRT,0.321,1606.0,1.6300796055569686
2087,BRT,0.321,1606.0,1.6300796055569686
2214,BRT,0.321,1606.0,1.6300796055569686
1787,BRT,0.32,1612.0,1.6250014759446416
2118,BRT,0.32,1612.0,1.6250014759446416
629,BRT,0.319,1614.0,1.6199233463323146
1078,BRT,0.319,1614.0,1.6199233463323146
1290,BRT,0.319,1614.0,1.6199233463323146
1564,BRT,0.319,1614.0,1.6199233463323146
1575,BRT,0.319,1614.0,1.6199233463323146
1744,BRT,0.319,1614.0,1.6199233463323146
1965,BRT,0.319,1614.0,1.6199233463323146
305,BRT,0.318,1621.0,1.6148452167199876
349,BRT,0.318,1621.0,1.6148452167199876
497,BRT,0.318,1621.0,1.6148452167199876
594,BRT,0.318,1621.0,1.6148452167199876
671,BRT,0.318,1621.0,1.6148452167199876
830,BRT,0.318,1621.0,1.6148452167199876
1803,BRT,0.318,1621.0,1.6148452167199876
2229,BRT,0.318,1621.0,1.6148452167199876
1622,BRT,0.317,1629.0,1.6097670871076606
26,BRT,0.316,1630.0,1.6046889574953336
419,BRT,0.316,1630.0,1.6046889574953336
540,BRT,0.316,1630.0,1.6046889574953336
682,BRT,0.316,1630.0,1.6046889574953336
1066,BRT,0.316,1630.0,1.6046889574953336
1576,BRT,0.316,1630.0,1.6046889574953336
1743,BRT,0.316,1630.0,1.6046889574953336
1946,BRT,0.316,1630.0,1.6046889574953336
1082,BRT,0.315,1638.0,1.5996108278830066
1541,BRT,0.315,1638.0,1.5996108278830066
1630,BRT,0.315,1638.0,1.5996108278830066
568,BRT,0.314,1641.0,1.5945326982706796
585,BRT,0.314,1641.0,1.5945326982706796
1059,BRT,0.314,1641.0,1.5945326982706796
1209,BRT,0.314,1641.0,1.5945326982706796
2683,BRT,0.314,1641.0,1.5945326982706796
57,BRT,0.313,1646.0,1.5894545686583526
66,BRT,0.313,1646.0,1.5894545686583526
390,BRT,0.313,1646.0,1.5894545686583526
686,BRT,0.313,1646.0,1.5894545686583526
994,BRT,0.313,1646.0,1.5894545686583526
1005,BRT,0.313,1646.0,1.5894545686583526
1253,BRT,0.313,1646.0,1.5894545686583526
1452,BRT,0.313,1646.0,1.5894545686583526
1536,BRT,0.313,1646.0,1.5894545686583526
1950,BRT,0.313,1646.0,1.5894545686583526
2425,BRT,0.313,1646.0,1.5894545686583526
355,BRT,0.312,1657.0,1.5843764390460255
706,BRT,0.312,1657.0,1.5843764390460255
778,BRT,0.312,1657.0,1.5843764390460255
1239,BRT,0.312,1657.0,1.5843764390460255
2360,BRT,0.312,1657.0,1.5843764390460255
531,BRT,0.311,1662.0,1.5792983094336985
622,BRT,0.311,1662.0,1.5792983094336985
1478,BRT,0.311,1662.0,1.5792983094336985
114,BRT,0.31,1665.0,1.5742201798213715
205,BRT,0.31,1665.0,1.5742201798213715
610,BRT,0.31,1665.0,1.5742201798213715
762,BRT,0.31,1665.0,1.5742201798213715
2042,BRT,0.31,1665.0,1.5742201798213715
173,BRT,0.309,1670.0,1.5691420502090445
846,BRT,0.309,1670.0,1.5691420502090445
889,BRT,0.309,1670.0,1.5691420502090445
2138,BRT,0.309,1670.0,1.5691420502090445
89,BRT,0.308,1674.0,1.5640639205967175
544,BRT,0.308,1674.0,1.5640639205967175
1477,BRT,0.308,1674.0,1.5640639205967175
2018,BRT,0.308,1674.0,1.5640639205967175
2028,BRT,0.308,1674.0,1.5640639205967175
2752,BRT,0.308,1674.0,1.5640639205967175
186,BRT,0.307,1680.0,1.5589857909843905
508,BRT,0.307,1680.0,1.5589857909843905
1599,BRT,0.307,1680.0,1.5589857909843905
2654,BRT,0.307,1680.0,1.5589857909843905
172,BRT,0.306,1684.0,1.5539076613720635
857,BRT,0.306,1684.0,1.5539076613720635
989,BRT,0.306,1684.0,1.5539076613720635
1182,BRT,0.306,1684.0,1.5539076613720635
1519,BRT,0.306,1684.0,1.5539076613720635
2070,BRT,0.306,1684.0,1.5539076613720635
2299,BRT,0.306,1684.0,1.5539076613720635
2358,BRT,0.306,1684.0,1.5539076613720635
98,BRT,0.305,1692.0,1.5488295317597365
105,BRT,0.305,1692.0,1.5488295317597365
456,BRT,0.305,1692.0,1.5488295317597365
811,BRT,0.305,1692.0,1.5488295317597365
1631,BRT,0.305,1692.0,1.5488295317597365
1143,BRT,0.304,1697.0,1.5437514021474095
1620,BRT,0.304,1697.0,1.5437514021474095
1896,BRT,0.304,1697.0,1.5437514021474095
42,BRT,0.303,1700.0,1.5386732725350825
658,BRT,0.303,1700.0,1.5386732725350825
1117,BRT,0.303,1700.0,1.5386732725350825
1241,BRT,0.303,1700.0,1.5386732725350825
2628,BRT,0.303,1700.0,1.5386732725350825
2761,BRT,0.303,1700.0,1.5386732725350825
512,BRT,0.302,1706.0,1.5335951429227554
873,BRT,0.302,1706.0,1.5335951429227554
1145,BRT,0.302,1706.0,1.5335951429227554
1701,BRT,0.302,1706.0,1.5335951429227554
1717,BRT,0.302,1706.0,1.5335951429227554
161,BRT,0.301,1711.0,1.5285170133104284
345,BRT,0.301,1711.0,1.5285170133104284
947,BRT,0.301,1711.0,1.5285170133104284
234,BRT,0.3,1714.0,1.5234388836981014
165,BRT,0.299,1715.0,1.5183607540857744
611,BRT,0.299,1715.0,1.5183607540857744
1389,BRT,0.299,1715.0,1.5183607540857744
2074,BRT,0.299,1715.0,1.5183607540857744
2728,BRT,0.299,1715.0,1.5183607540857744
432,BRT,0.298,1720.0,1.5132826244734474
1141,BRT,0.298,1720.0,1.5132826244734474
1372,BRT,0.298,1720.0,1.5132826244734474
2473,BRT,0.298,1720.0,1.5132826244734474
2527,BRT,0.298,1720.0,1.5132826244734474
226,BRT,0.297,1725.0,1.5082044948611204
256,BRT,0.297,1725.0,1.5082044948611204
489,BRT,0.297,1725.0,1.5082044948611204
605,BRT,0.297,1725.0,1.5082044948611204
617,BRT,0.297,1725.0,1.5082044948611204
1786,BRT,0.297,1725.0,1.5082044948611204
2301,BRT,0.297,1725.0,1.5082044948611204
1613,BRT,0.296,1732.0,1.5031263652487934
2181,BRT,0.296,1732.0,1.5031263652487934
2265,BRT,0.296,1732.0,1.5031263652487934
1794,BRT,0.295,1735.0,1.4980482356364664
1897,BRT,0.295,1735.0,1.4980482356364664
1838,BRT,0.294,1737.0,1.4929701060241394
2461,BRT,0.294,1737.0,1.4929701060241394
712,BRT,0.293,1739.0,1.4878919764118124
784,BRT,0.293,1739.0,1.4878919764118124
1076,BRT,0.293,1739.0,1.4878919764118124
1402,BRT,0.293,1739.0,1.4878919764118124
1474,BRT,0.293,1739.0,1.4878919764118124
1797,BRT,0.293,1739.0,1.4878919764118124
1862,BRT,0.293,1739.0,1.4878919764118124
466,BRT,0.292,1746.0,1.4828138467994854
509,BRT,0.292,1746.0,1.4828138467994854
858,BRT,0.292,1746.0,1.4828138467994854
1340,BRT,0.292,1746.0,1.4828138467994854
2504,BRT,0.292,1746.0,1.4828138467994854
2543,BRT,0.292,1746.0,1.4828138467994854
113,BRT,0.291,1752.0,1.4777357171871583
867,BRT,0.291,1752.0,1.4777357171871583
1178,BRT,0.291,1752.0,1.4777357171871583
1425,BRT,0.291,1752.0,1.4777357171871583
1730,BRT,0.291,1752.0,1.4777357171871583
1731,BRT,0.291,1752.0,1.4777357171871583
2286,BRT,0.291,1752.0,1.4777357171871583
2306,BRT,0.291,1752.0,1.4777357171871583
2445,BRT,0.291,1752.0,1.4777357171871583
85,BRT,0.29,1761.0,1.4726575875748313
621,BRT,0.29,1761.0,1.4726575875748313
972,BRT,0.29,1761.0,1.4726575875748313
1085,BRT,0.29,1761.0,1.4726575875748313
1414,BRT,0.29,1761.0,1.4726575875748313
1593,BRT,0.29,1761.0,1.4726575875748313
1813,BRT,0.29,1761.0,1.4726575875748313
2097,BRT,0.29,1761.0,1.4726575875748313
147,BRT,0.289,1769.0,1.4675794579625043
1326,BRT,0.289,1769.0,1.4675794579625043
1724,BRT,0.289,1769.0,1.4675794579625043
1864,BRT,0.289,1769.0,1.4675794579625043
2682,BRT,0.289,1769.0,1.4675794579625043
203,BRT,0.288,1774.0,1.4625013283501773
785,BRT,0.288,1774.0,1.4625013283501773
916,BRT,0.288,1774.0,1.4625013283501773
1157,BRT,0.288,1774.0,1.4625013283501773
717,BRT,0.287,1778.0,1.4574231987378503
975,BRT,0.287,1778.0,1.4574231987378503
1173,BRT,0.287,1778.0,1.4574231987378503
1645,BRT,0.287,1778.0,1.4574231987378503
1707,BRT,0.287,1778.0,1.4574231987378503
1997,BRT,0.287,1778.0,1.4574231987378503
2476,BRT,0.287,1778.0,1.4574231987378503
116,BRT,0.286,1785.0,1.4523450691255233
150,BRT,0.286,1785.0,1.4523450691255233
153,BRT,0.286,1785.0,1.4523450691255233
707,BRT,0.286,1785.0,1.4523450691255233
1521,BRT,0.286,1785.0,1.4523450691255233
2254,BRT,0.286,1785.0,1.4523450691255233
2586,BRT,0.286,1785.0,1.4523450691255233
417,BRT,0.285,1792.0,1.4472669395131963
1074,BRT,0.285,1792.0,1.4472669395131963
1175,BRT,0.285,1792.0,1.4472669395131963
1421,BRT,0.285,1792.0,1.4472669395131963
1433,BRT,0.285,1792.0,1.4472669395131963
2058,BRT,0.285,1792.0,1.4472669395131963
2479,BRT,0.285,1792.0,1.4472669395131963
346,BRT,0.284,1799.0,1.4421888099008693
503,BRT,0.284,1799.0,1.4421888099008693
777,BRT,0.284,1799.0,1.4421888099008693
971,BRT,0.284,1799.0,1.4421888099008693
1147,BRT,0.284,1799.0,1.4421888099008693
1148,BRT,0.284,1799.0,1.4421888099008693
1202,BRT,0.284,1799.0,1.4421888099008693
1283,BRT,0.284,1799.0,1.4421888099008693
1457,BRT,0.284,1799.0,1.4421888099008693
1781,BRT,0.284,1799.0,1.4421888099008693
1970,BRT,0.284,1799.0,1.4421888099008693
2374,BRT,0.284,1799.0,1.4421888099008693
175,BRT,0.283,1811.0,1.4371106802885423
1996,BRT,0.283,1811.0,1.4371106802885423
2017,BRT,0.283,1811.0,1.4371106802885423
2088,BRT,0.283,1811.0,1.4371106802885423
2098,BRT,0.283,1811.0,1.4371106802885423
2398,BRT,0.283,1811.0,1.4371106802885423
2611,BRT,0.283,1811.0,1.4371106802885423
2661,BRT,0.283,1811.0,1.4371106802885423
1113,BRT,0.282,1819.0,1.4320325506762153
1298,BRT,0.282,1819.0,1.4320325506762153
1301,BRT,0.282,1819.0,1.4320325506762153
1698,BRT,0.282,1819.0,1.4320325506762153
1769,BRT,0.282,1819.0,1.4320325506762153
1799,BRT,0.282,1819.0,1.4320325506762153
2459,BRT,0.282,1819.0,1.4320325506762153
2468,BRT,0.282,1819.0,1.4320325506762153
247,BRT,0.281,1827.0,1.4269544210638885
330,BRT,0.281,1827.0,1.4269544210638885
665,BRT,0.281,1827.0,1.4269544210638885
1246,BRT,0.281,1827.0,1.4269544210638885
406,BRT,0.28,1831.0,1.4218762914515615
628,BRT,0.28,1831.0,1.4218762914515615
839,BRT,0.28,1831.0,1.4218762914515615
906,BRT,0.28,1831.0,1.4218762914515615
974,BRT,0.28,1831.0,1.4218762914515615
1170,BRT,0.28,1831.0,1.4218762914515615
1217,BRT,0.28,1831.0,1.4218762914515615
1403,BRT,0.28,1831.0,1.4218762914515615
2217,BRT,0.28,1831.0,1.4218762914515615
2701,BRT,0.28,1831.0,1.4218762914515615
532,BRT,0.279,1841.0,1.4167981618392345
820,BRT,0.279,1841.0,1.4167981618392345
980,BRT,0.279,1841.0,1.4167981618392345
1560,BRT,0.279,1841.0,1.4167981618392345
2056,BRT,0.279,1841.0,1.4167981618392345
2335,BRT,0.279,1841.0,1.4167981618392345
781,BRT,0.278,1847.0,1.4117200322269075
1364,BRT,0.278,1847.0,1.4117200322269075
2172,BRT,0.278,1847.0,1.4117200322269075
2228,BRT,0.278,1847.0,1.4117200322269075
393,BRT,0.277,1851.0,1.4066419026145804
1237,BRT,0.277,1851.0,1.4066419026145804
1934,BRT,0.277,1851.0,1.4066419026145804
2713,BRT,0.277,1851.0,1.4066419026145804
2745,BRT,0.277,1851.0,1.4066419026145804
31,BRT,0.276,1856.0,1.4015637730022534
1013,BRT,0.276,1856.0,1.4015637730022534
1037,BRT,0.276,1856.0,1.4015637730022534
1130,BRT,0.276,1856.0,1.4015637730022534
1325,BRT,0.276,1856.0,1.4015637730022534
1467,BRT,0.276,1856.0,1.4015637730022534
128,BRT,0.275,1862.0,1.3964856433899264
554,BRT,0.275,1862.0,1.3964856433899264
563,BRT,0.275,1862.0,1.3964856433899264
813,BRT,0.275,1862.0,1.3964856433899264
1880,BRT,0.275,1862.0,1.3964856433899264
2483,BRT,0.275,1862.0,1.3964856433899264
2674,BRT,0.275,1862.0,1.3964856433899264
2716,BRT,0.275,1862.0,1.3964856433899264
301,BRT,0.274,1870.0,1.3914075137775994
946,BRT,0.274,1870.0,1.3914075137775994
1210,BRT,0.274,1870.0,1.3914075137775994
1507,BRT,0.274,1870.0,1.3914075137775994
1684,BRT,0.274,1870.0,1.3914075137775994
2248,BRT,0.274,1870.0,1.3914075137775994
2407,BRT,0.274,1870.0,1.3914075137775994
6,BRT,0.273,1877.0,1.3863293841652724
90,BRT,0.273,1877.0,1.3863293841652724
363,BRT,0.273,1877.0,1.3863293841652724
589,BRT,0.273,1877.0,1.3863293841652724
1374,BRT,0.273,1877.0,1.3863293841652724
1556,BRT,0.273,1877.0,1.3863293841652724
1600,BRT,0.273,1877.0,1.3863293841652724
1605,BRT,0.273,1877.0,1.3863293841652724
1634,BRT,0.273,1877.0,1.3863293841652724
1658,BRT,0.273,1877.0,1.3863293841652724
1800,BRT,0.273,1877.0,1.3863293841652724
2447,BRT,0.273,1877.0,1.3863293841652724
2545,BRT,0.273,1877.0,1.3863293841652724
197,BRT,0.272,1890.0,1.3812512545529454
807,BRT,0.272,1890.0,1.3812512545529454
1131,BRT,0.272,1890.0,1.3812512545529454
1260,BRT,0.272,1890.0,1.3812512545529454
1547,BRT,0.272,1890.0,1.3812512545529454
1867,BRT,0.272,1890.0,1.3812512545529454
2395,BRT,0.272,1890.0,1.3812512545529454
347,BRT,0.271,1897.0,1.3761731249406184
1127,BRT,0.271,1897.0,1.3761731249406184
1136,BRT,0.271,1897.0,1.3761731249406184
1528,BRT,0.271,1897.0,1.3761731249406184
1712,BRT,0.271,1897.0,1.3761731249406184
1968,BRT,0.271,1897.0,1.3761731249406184
2024,BRT,0.271,1897.0,1.3761731249406184
2167,BRT,0.271,1897.0,1.3761731249406184
2470,BRT,0.271,1897.0,1.3761731249406184
2748,BRT,0.271,1897.0,1.3761731249406184
232,BRT,0.27,1907.0,1.3710949953282914
1043,BRT,0.27,1907.0,1.3710949953282914
2081,BRT,0.27,1907.0,1.3710949953282914
2268,BRT,0.27,1907.0,1.3710949953282914
2194,BRT,0.269,1911.0,1.3660168657159644
2376,BRT,0.269,1911.0,1.3660168657159644
733,BRT,0.268,1913.0,1.3609387361036374
770,BRT,0.268,1913.0,1.3609387361036374
1752,BRT,0.268,1913.0,1.3609387361036374
1926,BRT,0.268,1913.0,1.3609387361036374
2296,BRT,0.268,1913.0,1.3609387361036374
2312,BRT,0.268,1913.0,1.3609387361036374
2636,BRT,0.268,1913.0,1.3609387361036374
662,BRT,0.267,1920.0,1.3558606064913103
699,BRT,0.267,1920.0,1.3558606064913103
1174,BRT,0.267,1920.0,1.3558606064913103
1881,BRT,0.267,1920.0,1.3558606064913103
2350,BRT,0.267,1920.0,1.3558606064913103
185,BRT,0.266,1925.0,1.3507824768789833
2409,BRT,0.266,1925.0,1.3507824768789833
296,BRT,0.265,1927.0,1.3457043472666563
1028,BRT,0.265,1927.0,1.3457043472666563
1306,BRT,0.265,1927.0,1.3457043472666563
1664,BRT,0.265,1927.0,1.3457043472666563
2169,BRT,0.265,1927.0,1.3457043472666563
2235,BRT,0.265,1927.0,1.3457043472666563
798,BRT,0.264,1933.0,1.3406262176543293
869,BRT,0.264,1933.0,1.3406262176543293
1149,BRT,0.264,1933.0,1.3406262176543293
1809,BRT,0.264,1933.0,1.3406262176543293
209,BRT,0.263,1937.0,1.3355480880420023
535,BRT,0.263,1937.0,1.3355480880420023
612,BRT,0.263,1937.0,1.3355480880420023
1230,BRT,0.263,1937.0,1.3355480880420023
1269,BRT,0.263,1937.0,1.3355480880420023
1401,BRT,0.263,1937.0,1.3355480880420023
1592,BRT,0.263,1937.0,1.3355480880420023
2231,BRT,0.263,1937.0,1.3355480880420023
2574,BRT,0.263,1937.0,1.3355480880420023
716,BRT,0.262,1946.0,1.3304699584296753
1103,BRT,0.262,1946.0,1.3304699584296753
2180,BRT,0.262,1946.0,1.3304699584296753
2533,BRT,0.262,1946.0,1.3304699584296753
166,BRT,0.261,1950.0,1.3253918288173483
421,BRT,0.261,1950.0,1.3253918288173483
451,BRT,0.261,1950.0,1.3253918288173483
543,BRT,0.261,1950.0,1.3253918288173483
667,BRT,0.261,1950.0,1.3253918288173483
1396,BRT,0.261,1950.0,1.3253918288173483
385,BRT,0.26,1956.0,1.3203136992050213
646,BRT,0.26,1956.0,1.3203136992050213
1123,BRT,0.26,1956.0,1.3203136992050213
1222,BRT,0.26,1956.0,1.3203136992050213
2066,BRT,0.26,1956.0,1.3203136992050213
2460,BRT,0.26,1956.0,1.3203136992050213
2463,BRT,0.26,1956.0,1.3203136992050213
374,BRT,0.259,1963.0,1.3152355695926943
401,BRT,0.259,1963.0,1.3152355695926943
1055,BRT,0.259,1963.0,1.3152355695926943
1303,BRT,0.259,1963.0,1.3152355695926943
1490,BRT,0.259,1963.0,1.3152355695926943
1805,BRT,0.259,1963.0,1.3152355695926943
1899,BRT,0.259,1963.0,1.3152355695926943
2364,BRT,0.259,1963.0,1.3152355695926943
2655,BRT,0.259,1963.0,1.3152355695926943
213,BRT,0.258,1972.0,1.3101574399803673
269,BRT,0.258,1972.0,1.3101574399803673
1029,BRT,0.258,1972.0,1.3101574399803673
1052,BRT,0.258,1972.0,1.3101574399803673
2096,BRT,0.257,1976.0,1.3050793103680403
195,BRT,0.256,1977.0,1.3000011807557132
619,BRT,0.256,1977.0,1.3000011807557132
1060,BRT,0.256,1977.0,1.3000011807557132
2215,BRT,0.256,1977.0,1.3000011807557132
2494,BRT,0.256,1977.0,1.3000011807557132
2743,BRT,0.256,1977.0,1.3000011807557132
295,BRT,0.255,1983.0,1.2949230511433862
840,BRT,0.255,1983.0,1.2949230511433862
1046,BRT,0.255,1983.0,1.2949230511433862
1288,BRT,0.255,1983.0,1.2949230511433862
1466,BRT,0.255,1983.0,1.2949230511433862
2171,BRT,0.255,1983.0,1.2949230511433862
2408,BRT,0.255,1983.0,1.2949230511433862
757,BRT,0.254,1990.0,1.2898449215310592
1734,BRT,0.254,1990.0,1.2898449215310592
1852,BRT,0.254,1990.0,1.2898449215310592
2027,BRT,0.254,1990.0,1.2898449215310592
2230,BRT,0.254,1990.0,1.2898449215310592
2256,BRT,0.254,1990.0,1.2898449215310592
2618,BRT,0.254,1990.0,1.2898449215310592
702,BRT,0.253,1997.0,1.2847667919187322
1251,BRT,0.253,1997.0,1.2847667919187322
1338,BRT,0.253,1997.0,1.2847667919187322
2144,BRT,0.253,1997.0,1.2847667919187322
2316,BRT,0.253,1997.0,1.2847667919187322
2370,BRT,0.253,1997.0,1.2847667919187322
2744,BRT,0.253,1997.0,1.2847667919187322
1332,BRT,0.252,2004.0,1.2796886623064052
2592,BRT,0.252,2004.0,1.2796886623064052
107,BRT,0.251,2006.0,1.2746105326940782
607,BRT,0.251,2006.0,1.2746105326940782
938,BRT,0.251,2006.0,1.2746105326940782
2307,BRT,0.251,2006.0,1.2746105326940782
71,BRT,0.25,2010.0,1.2695324030817512
248,BRT,0.25,2010.0,1.2695324030817512
360,BRT,0.25,2010.0,1.2695324030817512
423,BRT,0.25,2010.0,1.2695324030817512
1087,BRT,0.25,2010.0,1.2695324030817512
1496,BRT,0.25,2010.0,1.2695324030817512
1832,BRT,0.25,2010.0,1.2695324030817512
494,BRT,0.249,2017.0,1.2644542734694242
577,BRT,0.249,2017.0,1.2644542734694242
859,BRT,0.249,2017.0,1.2644542734694242
866,BRT,0.249,2017.0,1.2644542734694242
1830,BRT,0.249,2017.0,1.2644542734694242
155,BRT,0.248,2022.0,1.2593761438570972
772,BRT,0.248,2022.0,1.2593761438570972
1555,BRT,0.248,2022.0,1.2593761438570972
1904,BRT,0.248,2022.0,1.2593761438570972
2115,BRT,0.248,2022.0,1.2593761438570972
2715,BRT,0.248,2022.0,1.2593761438570972
2721,BRT,0.248,2022.0,1.2593761438570972
969,BRT,0.247,2029.0,1.2542980142447702
1860,BRT,0.247,2029.0,1.2542980142447702
1138,BRT,0.246,2031.0,1.2492198846324432
1368,BRT,0.246,2031.0,1.2492198846324432
2184,BRT,0.246,2031.0,1.2492198846324432
5,BRT,0.245,2034.0,1.2441417550201161
327,BRT,0.245,2034.0,1.2441417550201161
412,BRT,0.245,2034.0,1.2441417550201161
783,BRT,0.245,2034.0,1.2441417550201161
233,BRT,0.244,2038.0,1.2390636254077891
1822,BRT,0.244,2038.0,1.2390636254077891
2446,BRT,0.244,2038.0,1.2390636254077891
2508,BRT,0.244,2038.0,1.2390636254077891
907,BRT,0.243,2042.0,1.2339854957954621
1050,BRT,0.243,2042.0,1.2339854957954621
366,BRT,0.242,2044.0,1.2289073661831351
378,BRT,0.242,2044.0,1.2289073661831351
537,BRT,0.242,2044.0,1.2289073661831351
1110,BRT,0.242,2044.0,1.2289073661831351
1416,BRT,0.242,2044.0,1.2289073661831351
2016,BRT,0.242,2044.0,1.2289073661831351
2032,BRT,0.242,2044.0,1.2289073661831351
2040,BRT,0.242,2044.0,1.2289073661831351
2711,BRT,0.242,2044.0,1.2289073661831351
626,BRT,0.241,2053.0,1.223829236570808
711,BRT,0.241,2053.0,1.223829236570808
790,BRT,0.241,2053.0,1.223829236570808
1061,BRT,0.241,2053.0,1.223829236570808
2083,BRT,0.241,2053.0,1.223829236570808
2142,BRT,0.241,2053.0,1.223829236570808
2496,BRT,0.241,2053.0,1.223829236570808
2725,BRT,0.241,2053.0,1.223829236570808
1180,BRT,0.24,2061.0,1.218751106958481
1588,BRT,0.24,2061.0,1.218751106958481
102,BRT,0.239,2063.0,1.213672977346154
499,BRT,0.239,2063.0,1.213672977346154
934,BRT,0.239,2063.0,1.213672977346154
2572,BRT,0.239,2063.0,1.213672977346154
2573,BRT,0.239,2063.0,1.213672977346154
787,BRT,0.238,2068.0,1.208594847733827
931,BRT,0.238,2068.0,1.208594847733827
2123,BRT,0.238,2068.0,1.208594847733827
1132,BRT,0.237,2071.0,1.2035167181215
1981,BRT,0.237,2071.0,1.2035167181215
2353,BRT,0.237,2071.0,1.2035167181215
2551,BRT,0.237,2071.0,1.2035167181215
92,BRT,0.236,2075.0,1.198438588509173
278,BRT,0.236,2075.0,1.198438588509173
842,BRT,0.236,2075.0,1.198438588509173
1358,BRT,0.236,2075.0,1.198438588509173
2107,BRT,0.236,2075.0,1.198438588509173
2549,BRT,0.236,2075.0,1.198438588509173
353,BRT,0.235,2081.0,1.193360458896846
666,BRT,0.235,2081.0,1.193360458896846
1186,BRT,0.235,2081.0,1.193360458896846
1207,BRT,0.235,2081.0,1.193360458896846
1653,BRT,0.235,2081.0,1.193360458896846
1908,BRT,0.235,2081.0,1.193360458896846
2686,BRT,0.235,2081.0,1.193360458896846
645,BRT,0.234,2088.0,1.1882823292845193
754,BRT,0.234,2088.0,1.1882823292845193
1675,BRT,0.234,2088.0,1.1882823292845193
1696,BRT,0.234,2088.0,1.1882823292845193
680,BRT,0.233,2092.0,1.1832041996721923
1318,BRT,0.233,2092.0,1.1832041996721923
2002,BRT,0.233,2092.0,1.1832041996721923
2221,BRT,0.233,2092.0,1.1832041996721923
2363,BRT,0.233,2092.0,1.1832041996721923
2127,BRT,0.232,2097.0,1.1781260700598652
1481,BRT,0.231,2098.0,1.1730479404475382
1494,BRT,0.231,2098.0,1.1730479404475382
1944,BRT,0.231,2098.0,1.1730479404475382
2387,BRT,0.231,2098.0,1.1730479404475382
2396,BRT,0.231,2098.0,1.1730479404475382
261,BRT,0.23,2103.0,1.1679698108352112
852,BRT,0.23,2103.0,1.1679698108352112
2276,BRT,0.23,2103.0,1.1679698108352112
227,BRT,0.229,2106.0,1.1628916812228842
399,BRT,0.229,2106.0,1.1628916812228842
739,BRT,0.229,2106.0,1.1628916812228842
1042,BRT,0.229,2106.0,1.1628916812228842
1446,BRT,0.229,2106.0,1.1628916812228842
1927,BRT,0.229,2106.0,1.1628916812228842
2642,BRT,0.229,2106.0,1.1628916812228842
326,BRT,0.228,2113.0,1.1578135516105572
332,BRT,0.228,2113.0,1.1578135516105572
446,BRT,0.228,2113.0,1.1578135516105572
447,BRT,0.228,2113.0,1.1578135516105572
1375,BRT,0.228,2113.0,1.1578135516105572
3,BRT,0.227,2118.0,1.1527354219982302
677,BRT,0.227,2118.0,1.1527354219982302
1317,BRT,0.227,2118.0,1.1527354219982302
1336,BRT,0.227,2118.0,1.1527354219982302
1590,BRT,0.227,2118.0,1.1527354219982302
2472,BRT,0.227,2118.0,1.1527354219982302
704,BRT,0.226,2124.0,1.1476572923859032
1755,BRT,0.226,2124.0,1.1476572923859032
1963,BRT,0.226,2124.0,1.1476572923859032
487,BRT,0.225,2127.0,1.1425791627735762
600,BRT,0.225,2127.0,1.1425791627735762
683,BRT,0.225,2127.0,1.1425791627735762
788,BRT,0.225,2127.0,1.1425791627735762
999,BRT,0.225,2127.0,1.1425791627735762
1763,BRT,0.225,2127.0,1.1425791627735762
1774,BRT,0.225,2127.0,1.1425791627735762
1777,BRT,0.225,2127.0,1.1425791627735762
2077,BRT,0.225,2127.0,1.1425791627735762
2174,BRT,0.225,2127.0,1.1425791627735762
2454,BRT,0.225,2127.0,1.1425791627735762
1027,BRT,0.224,2138.0,1.1375010331612492
1278,BRT,0.224,2138.0,1.1375010331612492
1751,BRT,0.224,2138.0,1.1375010331612492
2182,BRT,0.224,2138.0,1.1375010331612492
2482,BRT,0.224,2138.0,1.1375010331612492
2772,BRT,0.224,2138.0,1.1375010331612492
829,BRT,0.223,2144.0,1.1324229035489222
880,BRT,0.223,2144.0,1.1324229035489222
2625,BRT,0.223,2144.0,1.1324229035489222
2253,BRT,0.222,2147.0,1.1273447739365952
864,BRT,0.221,2148.0,1.1222666443242681
1987,BRT,0.221,2148.0,1.1222666443242681
2569,BRT,0.221,2148.0,1.1222666443242681
240,BRT,0.22,2151.0,1.1171885147119411
470,BRT,0.22,2151.0,1.1171885147119411
620,BRT,0.22,2151.0,1.1171885147119411
1195,BRT,0.22,2151.0,1.1171885147119411
1294,BRT,0.22,2151.0,1.1171885147119411
2236,BRT,0.22,2151.0,1.1171885147119411
2675,BRT,0.22,2151.0,1.1171885147119411
1504,BRT,0.219,2158.0,1.1121103850996141
1918,BRT,0.219,2158.0,1.1121103850996141
2771,BRT,0.219,2158.0,1.1121103850996141
639,BRT,0.218,2161.0,1.1070322554872871
1508,BRT,0.218,2161.0,1.1070322554872871
2777,BRT,0.218,2161.0,1.1070322554872871
267,BRT,0.217,2164.0,1.10195412587496
354,BRT,0.217,2164.0,1.10195412587496
592,BRT,0.217,2164.0,1.10195412587496
727,BRT,0.217,2164.0,1.10195412587496
742,BRT,0.217,2164.0,1.10195412587496
1694,BRT,0.217,2164.0,1.10195412587496
217,BRT,0.216,2170.0,1.096875996262633
1273,BRT,0.216,2170.0,1.096875996262633
1557,BRT,0.216,2170.0,1.096875996262633
1615,BRT,0.216,2170.0,1.096875996262633
1742,BRT,0.216,2170.0,1.096875996262633
2424,BRT,0.216,2170.0,1.096875996262633
1351,BRT,0.215,2176.0,1.091797866650306
2031,BRT,0.215,2176.0,1.091797866650306
2267,BRT,0.215,2176.0,1.091797866650306
2534,BRT,0.215,2176.0,1.091797866650306
163,BRT,0.214,2180.0,1.086719737037979
715,BRT,0.214,2180.0,1.086719737037979
1262,BRT,0.214,2180.0,1.086719737037979
2112,BRT,0.214,2180.0,1.086719737037979
2113,BRT,0.214,2180.0,1.086719737037979
2399,BRT,0.214,2180.0,1.086719737037979
21,BRT,0.213,2186.0,1.081641607425652
1228,BRT,0.213,2186.0,1.081641607425652
477,BRT,0.211,2188.0,1.071485348200998
724,BRT,0.211,2188.0,1.071485348200998
1552,BRT,0.211,2188.0,1.071485348200998
2720,BRT,0.211,2188.0,1.071485348200998
2751,BRT,0.211,2188.0,1.071485348200998
881,BRT,0.21,2193.0,1.066407218588671
2349,BRT,0.21,2193.0,1.066407218588671
2427,BRT,0.21,2193.0,1.066407218588671
2440,BRT,0.21,2193.0,1.066407218588671
133,BRT,0.209,2197.0,1.061329088976344
1790,BRT,0.209,2197.0,1.061329088976344
1868,BRT,0.209,2197.0,1.061329088976344
2647,BRT,0.209,2197.0,1.061329088976344
2668,BRT,0.209,2197.0,1.061329088976344
915,BRT,0.208,2202.0,1.056250959364017
1300,BRT,0.208,2202.0,1.056250959364017
1426,BRT,0.208,2202.0,1.056250959364017
1587,BRT,0.208,2202.0,1.056250959364017
2101,BRT,0.208,2202.0,1.056250959364017
2426,BRT,0.208,2202.0,1.056250959364017
2565,BRT,0.208,2202.0,1.056250959364017
436,BRT,0.207,2209.0,1.05117282975169
1461,BRT,0.207,2209.0,1.05117282975169
1589,BRT,0.207,2209.0,1.05117282975169
384,BRT,0.206,2212.0,1.046094700139363
480,BRT,0.206,2212.0,1.046094700139363
2125,BRT,0.206,2212.0,1.046094700139363
2513,BRT,0.206,2212.0,1.046094700139363
73,BRT,0.205,2216.0,1.041016570527036
648,BRT,0.205,2216.0,1.041016570527036
932,BRT,0.205,2216.0,1.041016570527036
1903,BRT,0.205,2216.0,1.041016570527036
2652,BRT,0.205,2216.0,1.041016570527036
239,BRT,0.204,2221.0,1.035938440914709
1387,BRT,0.204,2221.0,1.035938440914709
1462,BRT,0.204,2221.0,1.035938440914709
1470,BRT,0.204,2221.0,1.035938440914709
2244,BRT,0.204,2221.0,1.035938440914709
2754,BRT,0.204,2221.0,1.035938440914709
519,BRT,0.203,2227.0,1.030860311302382
1498,BRT,0.203,2227.0,1.030860311302382
2186,BRT,0.203,2227.0,1.030860311302382
2579,BRT,0.203,2227.0,1.030860311302382
1376,BRT,0.202,2231.0,1.025782181690055
1865,BRT,0.202,2231.0,1.025782181690055
1276,BRT,0.201,2233.0,1.020704052077728
1703,BRT,0.201,2233.0,1.020704052077728
2219,BRT,0.201,2233.0,1.020704052077728
2503,BRT,0.201,2233.0,1.020704052077728
1168,BRT,0.2,2237.0,1.015625922465401
1771,BRT,0.2,2237.0,1.015625922465401
2111,BRT,0.2,2237.0,1.015625922465401
123,BRT,0.199,2240.0,1.010547792853074
453,BRT,0.199,2240.0,1.010547792853074
2712,BRT,0.199,2240.0,1.010547792853074
16,BRT,0.198,2243.0,1.005469663240747
148,BRT,0.198,2243.0,1.005469663240747
386,BRT,0.198,2243.0,1.005469663240747
1225,BRT,0.198,2243.0,1.005469663240747
2271,BRT,0.198,2243.0,1.005469663240747
309,BRT,0.197,2248.0,1.00039153362842
1092,BRT,0.197,2248.0,1.00039153362842
1709,BRT,0.197,2248.0,1.00039153362842
1936,BRT,0.197,2248.0,1.00039153362842
190,BRT,0.196,2252.0,0.9953134040160929
299,BRT,0.196,2252.0,0.9953134040160929
2577,BRT,0.196,2252.0,0.9953134040160929
268,BRT,0.195,2255.0,0.9902352744037659
669,BRT,0.195,2255.0,0.9902352744037659
1293,BRT,0.195,2255.0,0.9902352744037659
1529,BRT,0.195,2255.0,0.9902352744037659
328,BRT,0.194,2259.0,0.9851571447914389
1229,BRT,0.194,2259.0,0.9851571447914389
2173,BRT,0.194,2259.0,0.9851571447914389
2402,BRT,0.194,2259.0,0.9851571447914389
271,BRT,0.193,2263.0,0.9800790151791119
1420,BRT,0.193,2263.0,0.9800790151791119
1928,BRT,0.193,2263.0,0.9800790151791119
2706,BRT,0.193,2263.0,0.9800790151791119
2749,BRT,0.193,2263.0,0.9800790151791119
79,BRT,0.192,2268.0,0.9750008855667849
462,BRT,0.192,2268.0,0.9750008855667849
737,BRT,0.192,2268.0,0.9750008855667849
801,BRT,0.192,2268.0,0.9750008855667849
1714,BRT,0.192,2268.0,0.9750008855667849
2109,BRT,0.192,2268.0,0.9750008855667849
2421,BRT,0.192,2268.0,0.9750008855667849
681,BRT,0.191,2275.0,0.9699227559544579
1213,BRT,0.191,2275.0,0.9699227559544579
2035,BRT,0.191,2275.0,0.9699227559544579
2176,BRT,0.191,2275.0,0.9699227559544579
2377,BRT,0.191,2275.0,0.9699227559544579
2417,BRT,0.191,2275.0,0.9699227559544579
926,BRT,0.19,2281.0,0.9648446263421309
984,BRT,0.19,2281.0,0.9648446263421309
1988,BRT,0.19,2281.0,0.9648446263421309
977,BRT,0.189,2284.0,0.9597664967298039
1099,BRT,0.189,2284.0,0.9597664967298039
1683,BRT,0.189,2284.0,0.9597664967298039
1975,BRT,0.189,2284.0,0.9597664967298039
2154,BRT,0.189,2284.0,0.9597664967298039
2747,BRT,0.189,2284.0,0.9597664967298039
375,BRT,0.188,2290.0,0.9546883671174768
1497,BRT,0.188,2290.0,0.9546883671174768
1633,BRT,0.188,2290.0,0.9546883671174768
2379,BRT,0.188,2290.0,0.9546883671174768
63,BRT,0.187,2294.0,0.9496102375051498
576,BRT,0.187,2294.0,0.9496102375051498
804,BRT,0.187,2294.0,0.9496102375051498
1216,BRT,0.187,2294.0,0.9496102375051498
1256,BRT,0.187,2294.0,0.9496102375051498
1586,BRT,0.187,2294.0,0.9496102375051498
1820,BRT,0.187,2294.0,0.9496102375051498
2015,BRT,0.187,2294.0,0.9496102375051498
2072,BRT,0.187,2294.0,0.9496102375051498
2303,BRT,0.187,2294.0,0.9496102375051498
2352,BRT,0.187,2294.0,0.9496102375051498
14,BRT,0.186,2305.0,0.9445321078928228
118,BRT,0.186,2305.0,0.9445321078928228
448,BRT,0.186,2305.0,0.9445321078928228
1223,BRT,0.186,2305.0,0.9445321078928228
1887,BRT,0.186,2305.0,0.9445321078928228
2129,BRT,0.186,2305.0,0.9445321078928228
87,BRT,0.185,2311.0,0.9394539782804958
1331,BRT,0.185,2311.0,0.9394539782804958
2631,BRT,0.185,2311.0,0.9394539782804958
524,BRT,0.184,2314.0,0.9343758486681688
736,BRT,0.184,2314.0,0.9343758486681688
2669,BRT,0.184,2314.0,0.9343758486681688
673,BRT,0.183,2317.0,0.9292977190558418
1831,BRT,0.183,2317.0,0.9292977190558418
1961,BRT,0.183,2317.0,0.9292977190558418
2317,BRT,0.183,2317.0,0.9292977190558418
2492,BRT,0.183,2317.0,0.9292977190558418
2548,BRT,0.183,2317.0,0.9292977190558418
1058,BRT,0.182,2323.0,0.9242195894435148
1668,BRT,0.182,2323.0,0.9242195894435148
2050,BRT,0.182,2323.0,0.9242195894435148
2285,BRT,0.182,2323.0,0.9242195894435148
1083,BRT,0.181,2327.0,0.9191414598311878
1628,BRT,0.181,2327.0,0.9191414598311878
2619,BRT,0.181,2327.0,0.9191414598311878
2641,BRT,0.181,2327.0,0.9191414598311878
2694,BRT,0.181,2327.0,0.9191414598311878
731,BRT,0.18,2332.0,0.9140633302188608
771,BRT,0.18,2332.0,0.9140633302188608
1882,BRT,0.18,2332.0,0.9140633302188608
2324,BRT,0.18,2332.0,0.9140633302188608
2726,BRT,0.18,2332.0,0.9140633302188608
109,BRT,0.179,2337.0,0.9089852006065338
356,BRT,0.179,2337.0,0.9089852006065338
882,BRT,0.179,2337.0,0.9089852006065338
1525,BRT,0.179,2337.0,0.9089852006065338
1687,BRT,0.179,2337.0,0.9089852006065338
275,BRT,0.178,2342.0,0.9039070709942068
1156,BRT,0.178,2342.0,0.9039070709942068
1512,BRT,0.178,2342.0,0.9039070709942068
1561,BRT,0.178,2342.0,0.9039070709942068
1785,BRT,0.178,2342.0,0.9039070709942068
572,BRT,0.177,2347.0,0.8988289413818797
2196,BRT,0.177,2347.0,0.8988289413818797
2730,BRT,0.177,2347.0,0.8988289413818797
284,BRT,0.176,2350.0,0.8937508117695527
1134,BRT,0.176,2350.0,0.8937508117695527
1812,BRT,0.176,2350.0,0.8937508117695527
1836,BRT,0.176,2350.0,0.8937508117695527
2357,BRT,0.176,2350.0,0.8937508117695527
2693,BRT,0.176,2350.0,0.8937508117695527
329,BRT,0.175,2356.0,0.8886726821572257
591,BRT,0.175,2356.0,0.8886726821572257
817,BRT,0.175,2356.0,0.8886726821572257
1434,BRT,0.175,2356.0,0.8886726821572257
1770,BRT,0.175,2356.0,0.8886726821572257
2166,BRT,0.175,2356.0,0.8886726821572257
2362,BRT,0.175,2356.0,0.8886726821572257
1357,BRT,0.174,2363.0,0.8835945525448987
1911,BRT,0.174,2363.0,0.8835945525448987
2095,BRT,0.174,2363.0,0.8835945525448987
2550,BRT,0.174,2363.0,0.8835945525448987
2555,BRT,0.174,2363.0,0.8835945525448987
2729,BRT,0.174,2363.0,0.8835945525448987
1287,BRT,0.173,2369.0,0.8785164229325717
1844,BRT,0.173,2369.0,0.8785164229325717
848,BRT,0.172,2371.0,0.8734382933202447
1516,BRT,0.172,2371.0,0.8734382933202447
2051,BRT,0.172,2371.0,0.8734382933202447
2155,BRT,0.172,2371.0,0.8734382933202447
2308,BRT,0.172,2371.0,0.8734382933202447
982,BRT,0.171,2376.0,0.8683601637079179
1015,BRT,0.171,2376.0,0.8683601637079179
1022,BRT,0.171,2376.0,0.8683601637079179
1319,BRT,0.171,2376.0,0.8683601637079179
870,BRT,0.17,2380.0,0.8632820340955909
875,BRT,0.17,2380.0,0.8632820340955909
1133,BRT,0.17,2380.0,0.8632820340955909
1327,BRT,0.17,2380.0,0.8632820340955909
1626,BRT,0.17,2380.0,0.8632820340955909
2041,BRT,0.17,2380.0,0.8632820340955909
2378,BRT,0.17,2380.0,0.8632820340955909
83,BRT,0.169,2387.0,0.8582039044832639
517,BRT,0.169,2387.0,0.8582039044832639
604,BRT,0.169,2387.0,0.8582039044832639
139,BRT,0.168,2390.0,0.8531257748709369
315,BRT,0.168,2390.0,0.8531257748709369
678,BRT,0.168,2390.0,0.8531257748709369
1065,BRT,0.168,2390.0,0.8531257748709369
1435,BRT,0.168,2390.0,0.8531257748709369
1206,BRT,0.167,2395.0,0.8480476452586099
1265,BRT,0.167,2395.0,0.8480476452586099
2190,BRT,0.167,2395.0,0.8480476452586099
652,BRT,0.166,2398.0,0.8429695156462829
2061,BRT,0.166,2398.0,0.8429695156462829
953,BRT,0.165,2400.0,0.8378913860339559
1983,BRT,0.165,2400.0,0.8378913860339559
215,BRT,0.164,2402.0,0.8328132564216288
1196,BRT,0.164,2402.0,0.8328132564216288
1284,BRT,0.164,2402.0,0.8328132564216288
1816,BRT,0.164,2402.0,0.8328132564216288
2322,BRT,0.164,2402.0,0.8328132564216288
440,BRT,0.163,2407.0,0.8277351268093018
949,BRT,0.163,2407.0,0.8277351268093018
1236,BRT,0.163,2407.0,0.8277351268093018
1366,BRT,0.163,2407.0,0.8277351268093018
1840,BRT,0.163,2407.0,0.8277351268093018
1870,BRT,0.163,2407.0,0.8277351268093018
2239,BRT,0.163,2407.0,0.8277351268093018
48,BRT,0.162,2414.0,0.8226569971969748
94,BRT,0.162,2414.0,0.8226569971969748
152,BRT,0.162,2414.0,0.8226569971969748
430,BRT,0.162,2414.0,0.8226569971969748
542,BRT,0.162,2414.0,0.8226569971969748
1833,BRT,0.162,2414.0,0.8226569971969748
1386,BRT,0.161,2420.0,0.8175788675846478
1757,BRT,0.161,2420.0,0.8175788675846478
510,BRT,0.16,2422.0,0.8125007379723208
88,BRT,0.159,2423.0,0.8074226083599938
198,BRT,0.159,2423.0,0.8074226083599938
651,BRT,0.159,2423.0,0.8074226083599938
1049,BRT,0.159,2423.0,0.8074226083599938
1057,BRT,0.159,2423.0,0.8074226083599938
1072,BRT,0.159,2423.0,0.8074226083599938
1235,BRT,0.159,2423.0,0.8074226083599938
2086,BRT,0.159,2423.0,0.8074226083599938
2288,BRT,0.159,2423.0,0.8074226083599938
2329,BRT,0.159,2423.0,0.8074226083599938
2559,BRT,0.159,2423.0,0.8074226083599938
2687,BRT,0.159,2423.0,0.8074226083599938
181,BRT,0.158,2435.0,0.8023444787476668
368,BRT,0.158,2435.0,0.8023444787476668
643,BRT,0.158,2435.0,0.8023444787476668
1365,BRT,0.158,2435.0,0.8023444787476668
1465,BRT,0.158,2435.0,0.8023444787476668
395,BRT,0.157,2440.0,0.7972663491353398
1636,BRT,0.157,2440.0,0.7972663491353398
1842,BRT,0.157,2440.0,0.7972663491353398
828,BRT,0.156,2443.0,0.7921882195230128
1464,BRT,0.156,2443.0,0.7921882195230128
1370,BRT,0.155,2445.0,0.7871100899106858
1723,BRT,0.155,2445.0,0.7871100899106858
1878,BRT,0.155,2445.0,0.7871100899106858
465,BRT,0.154,2448.0,0.7820319602983588
2193,BRT,0.154,2448.0,0.7820319602983588
108,BRT,0.152,2450.0,0.7718757010737047
2342,BRT,0.152,2450.0,0.7718757010737047
2428,BRT,0.152,2450.0,0.7718757010737047
2620,BRT,0.152,2450.0,0.7718757010737047
1161,BRT,0.15,2454.0,0.7617194418490507
2383,BRT,0.15,2454.0,0.7617194418490507
808,BRT,0.149,2456.0,0.7566413122367237
1667,BRT,0.149,2456.0,0.7566413122367237
2498,BRT,0.149,2456.0,0.7566413122367237
50,BRT,0.148,2459.0,0.7515631826243967
68,BRT,0.148,2459.0,0.7515631826243967
1299,BRT,0.148,2459.0,0.7515631826243967
1727,BRT,0.148,2459.0,0.7515631826243967
2521,BRT,0.148,2459.0,0.7515631826243967
191,BRT,0.147,2464.0,0.7464850530120697
1071,BRT,0.147,2464.0,0.7464850530120697
1449,BRT,0.147,2464.0,0.7464850530120697
1857,BRT,0.147,2464.0,0.7464850530120697
2263,BRT,0.147,2464.0,0.7464850530120697
2121,BRT,0.146,2469.0,0.7414069233997427
252,BRT,0.145,2470.0,0.7363287937874157
1471,BRT,0.145,2470.0,0.7363287937874157
2707,BRT,0.145,2470.0,0.7363287937874157
359,BRT,0.144,2473.0,0.7312506641750887
720,BRT,0.144,2473.0,0.7312506641750887
1346,BRT,0.144,2473.0,0.7312506641750887
1804,BRT,0.144,2473.0,0.7312506641750887
182,BRT,0.143,2477.0,0.7261725345627617
218,BRT,0.143,2477.0,0.7261725345627617
644,BRT,0.143,2477.0,0.7261725345627617
1624,BRT,0.143,2477.0,0.7261725345627617
1991,BRT,0.143,2477.0,0.7261725345627617
1495,BRT,0.142,2482.0,0.7210944049504346
1760,BRT,0.142,2482.0,0.7210944049504346
2320,BRT,0.142,2482.0,0.7210944049504346
2331,BRT,0.142,2482.0,0.7210944049504346
2681,BRT,0.142,2482.0,0.7210944049504346
475,BRT,0.141,2487.0,0.7160162753381076
2499,BRT,0.141,2487.0,0.7160162753381076
2516,BRT,0.141,2487.0,0.7160162753381076
49,BRT,0.14,2490.0,0.7109381457257807
136,BRT,0.14,2490.0,0.7109381457257807
461,BRT,0.14,2490.0,0.7109381457257807
1632,BRT,0.14,2490.0,0.7109381457257807
1741,BRT,0.14,2490.0,0.7109381457257807
1795,BRT,0.14,2490.0,0.7109381457257807
2202,BRT,0.14,2490.0,0.7109381457257807
551,BRT,0.139,2497.0,0.7058600161134537
1034,BRT,0.139,2497.0,0.7058600161134537
1038,BRT,0.139,2497.0,0.7058600161134537
1851,BRT,0.139,2497.0,0.7058600161134537
1915,BRT,0.139,2497.0,0.7058600161134537
20,BRT,0.138,2502.0,0.7007818865011267
231,BRT,0.138,2502.0,0.7007818865011267
439,BRT,0.138,2502.0,0.7007818865011267
1259,BRT,0.138,2502.0,0.7007818865011267
1817,BRT,0.138,2502.0,0.7007818865011267
2192,BRT,0.138,2502.0,0.7007818865011267
498,BRT,0.137,2508.0,0.6957037568887997
1063,BRT,0.137,2508.0,0.6957037568887997
1197,BRT,0.137,2508.0,0.6957037568887997
2465,BRT,0.137,2508.0,0.6957037568887997
2558,BRT,0.137,2508.0,0.6957037568887997
1410,BRT,0.135,2513.0,0.6855474976641457
30,BRT,0.134,2514.0,0.6804693680518187
910,BRT,0.134,2514.0,0.6804693680518187
1091,BRT,0.134,2514.0,0.6804693680518187
1350,BRT,0.134,2514.0,0.6804693680518187
1902,BRT,0.134,2514.0,0.6804693680518187
1947,BRT,0.134,2514.0,0.6804693680518187
2510,BRT,0.134,2514.0,0.6804693680518187
2,BRT,0.133,2521.0,0.6753912384394917
434,BRT,0.133,2521.0,0.6753912384394917
912,BRT,0.133,2521.0,0.6753912384394917
1177,BRT,0.133,2521.0,0.6753912384394917
558,BRT,0.132,2525.0,0.6703131088271647
760,BRT,0.132,2525.0,0.6703131088271647
987,BRT,0.132,2525.0,0.6703131088271647
1713,BRT,0.132,2525.0,0.6703131088271647
1765,BRT,0.132,2525.0,0.6703131088271647
1801,BRT,0.132,2525.0,0.6703131088271647
1850,BRT,0.132,2525.0,0.6703131088271647
2146,BRT,0.132,2525.0,0.6703131088271647
2557,BRT,0.132,2525.0,0.6703131088271647
13,BRT,0.131,2534.0,0.6652349792148377
1003,BRT,0.131,2534.0,0.6652349792148377
1602,BRT,0.131,2534.0,0.6652349792148377
1827,BRT,0.131,2534.0,0.6652349792148377
2413,BRT,0.131,2534.0,0.6652349792148377
36,BRT,0.13,2539.0,0.6601568496025106
1191,BRT,0.13,2539.0,0.6601568496025106
2385,BRT,0.13,2539.0,0.6601568496025106
1024,BRT,0.129,2542.0,0.6550787199901836
1187,BRT,0.129,2542.0,0.6550787199901836
1282,BRT,0.129,2542.0,0.6550787199901836
2009,BRT,0.129,2542.0,0.6550787199901836
2124,BRT,0.129,2542.0,0.6550787199901836
2208,BRT,0.129,2542.0,0.6550787199901836
2507,BRT,0.129,2542.0,0.6550787199901836
854,BRT,0.128,2549.0,0.6500005903778566
1000,BRT,0.128,2549.0,0.6500005903778566
1086,BRT,0.128,2549.0,0.6500005903778566
2560,BRT,0.128,2549.0,0.6500005903778566
154,BRT,0.127,2553.0,0.6449224607655296
983,BRT,0.127,2553.0,0.6449224607655296
1006,BRT,0.127,2553.0,0.6449224607655296
1232,BRT,0.127,2553.0,0.6449224607655296
2272,BRT,0.127,2553.0,0.6449224607655296
2310,BRT,0.127,2553.0,0.6449224607655296
2414,BRT,0.127,2553.0,0.6449224607655296
838,BRT,0.126,2560.0,0.6398443311532026
1307,BRT,0.126,2560.0,0.6398443311532026
1335,BRT,0.126,2560.0,0.6398443311532026
1726,BRT,0.126,2560.0,0.6398443311532026
2596,BRT,0.126,2560.0,0.6398443311532026
2734,BRT,0.126,2560.0,0.6398443311532026
472,BRT,0.125,2566.0,0.6347662015408756
1289,BRT,0.125,2566.0,0.6347662015408756
1595,BRT,0.125,2566.0,0.6347662015408756
1603,BRT,0.125,2566.0,0.6347662015408756
1906,BRT,0.125,2566.0,0.6347662015408756
887,BRT,0.124,2571.0,0.6296880719285486
1002,BRT,0.124,2571.0,0.6296880719285486
1075,BRT,0.124,2571.0,0.6296880719285486
2587,BRT,0.124,2571.0,0.6296880719285486
54,BRT,0.123,2575.0,0.6246099423162216
207,BRT,0.123,2575.0,0.6246099423162216
331,BRT,0.123,2575.0,0.6246099423162216
336,BRT,0.123,2575.0,0.6246099423162216
642,BRT,0.123,2575.0,0.6246099423162216
930,BRT,0.123,2575.0,0.6246099423162216
1553,BRT,0.123,2575.0,0.6246099423162216
2062,BRT,0.123,2575.0,0.6246099423162216
584,BRT,0.122,2583.0,0.6195318127038946
641,BRT,0.122,2583.0,0.6195318127038946
758,BRT,0.122,2583.0,0.6195318127038946
1487,BRT,0.122,2583.0,0.6195318127038946
1515,BRT,0.122,2583.0,0.6195318127038946
1941,BRT,0.122,2583.0,0.6195318127038946
2046,BRT,0.122,2583.0,0.6195318127038946
2382,BRT,0.122,2583.0,0.6195318127038946
2589,BRT,0.122,2583.0,0.6195318127038946
254,BRT,0.121,2592.0,0.6144536830915676
1234,BRT,0.121,2592.0,0.6144536830915676
1362,BRT,0.121,2592.0,0.6144536830915676
1580,BRT,0.121,2592.0,0.6144536830915676
2438,BRT,0.121,2592.0,0.6144536830915676
802,BRT,0.12,2597.0,0.6093755534792406
936,BRT,0.12,2597.0,0.6093755534792406
992,BRT,0.12,2597.0,0.6093755534792406
1520,BRT,0.12,2597.0,0.6093755534792406
1527,BRT,0.12,2597.0,0.6093755534792406
2304,BRT,0.12,2597.0,0.6093755534792406
2449,BRT,0.12,2597.0,0.6093755534792406
764,BRT,0.119,2604.0,0.6042974238669135
1348,BRT,0.119,2604.0,0.6042974238669135
28,BRT,0.118,2606.0,0.5992192942545865
72,BRT,0.118,2606.0,0.5992192942545865
928,BRT,0.118,2606.0,0.5992192942545865
1485,BRT,0.118,2606.0,0.5992192942545865
1598,BRT,0.118,2606.0,0.5992192942545865
2280,BRT,0.118,2606.0,0.5992192942545865
2666,BRT,0.118,2606.0,0.5992192942545865
595,BRT,0.117,2613.0,0.5941411646422596
687,BRT,0.117,2613.0,0.5941411646422596
779,BRT,0.117,2613.0,0.5941411646422596
1617,BRT,0.117,2613.0,0.5941411646422596
1671,BRT,0.117,2613.0,0.5941411646422596
2197,BRT,0.117,2613.0,0.5941411646422596
632,BRT,0.116,2619.0,0.5890630350299326
1889,BRT,0.116,2619.0,0.5890630350299326
2165,BRT,0.116,2619.0,0.5890630350299326
2502,BRT,0.116,2619.0,0.5890630350299326
322,BRT,0.115,2623.0,0.5839849054176056
1104,BRT,0.115,2623.0,0.5839849054176056
103,BRT,0.114,2625.0,0.5789067758052786
1310,BRT,0.114,2625.0,0.5789067758052786
1463,BRT,0.114,2625.0,0.5789067758052786
1737,BRT,0.114,2625.0,0.5789067758052786
1823,BRT,0.114,2625.0,0.5789067758052786
1901,BRT,0.114,2625.0,0.5789067758052786
2143,BRT,0.114,2625.0,0.5789067758052786
579,BRT,0.113,2632.0,0.5738286461929516
894,BRT,0.113,2632.0,0.5738286461929516
1162,BRT,0.113,2632.0,0.5738286461929516
1821,BRT,0.113,2632.0,0.5738286461929516
2071,BRT,0.113,2632.0,0.5738286461929516
2478,BRT,0.113,2632.0,0.5738286461929516
2626,BRT,0.113,2632.0,0.5738286461929516
120,BRT,0.112,2639.0,0.5687505165806246
140,BRT,0.112,2639.0,0.5687505165806246
634,BRT,0.112,2639.0,0.5687505165806246
796,BRT,0.112,2639.0,0.5687505165806246
1509,BRT,0.112,2639.0,0.5687505165806246
2328,BRT,0.112,2639.0,0.5687505165806246
2536,BRT,0.112,2639.0,0.5687505165806246
614,BRT,0.111,2646.0,0.5636723869682976
1116,BRT,0.111,2646.0,0.5636723869682976
1679,BRT,0.111,2646.0,0.5636723869682976
2207,BRT,0.111,2646.0,0.5636723869682976
504,BRT,0.11,2650.0,0.5585942573559706
751,BRT,0.11,2650.0,0.5585942573559706
919,BRT,0.11,2650.0,0.5585942573559706
1054,BRT,0.11,2650.0,0.5585942573559706
1424,BRT,0.11,2650.0,0.5585942573559706
2603,BRT,0.11,2650.0,0.5585942573559706
791,BRT,0.109,2656.0,0.5535161277436436
1139,BRT,0.109,2656.0,0.5535161277436436
1641,BRT,0.109,2656.0,0.5535161277436436
1718,BRT,0.109,2656.0,0.5535161277436436
2011,BRT,0.109,2656.0,0.5535161277436436
2340,BRT,0.109,2656.0,0.5535161277436436
2477,BRT,0.109,2656.0,0.5535161277436436
106,BRT,0.108,2663.0,0.5484379981313166
229,BRT,0.108,2663.0,0.5484379981313166
1398,BRT,0.108,2663.0,0.5484379981313166
1676,BRT,0.108,2663.0,0.5484379981313166
1735,BRT,0.108,2663.0,0.5484379981313166
2139,BRT,0.108,2663.0,0.5484379981313166
2493,BRT,0.108,2663.0,0.5484379981313166
200,BRT,0.107,2670.0,0.5433598685189895
313,BRT,0.107,2670.0,0.5433598685189895
550,BRT,0.107,2670.0,0.5433598685189895
985,BRT,0.107,2670.0,0.5433598685189895
1573,BRT,0.107,2670.0,0.5433598685189895
1984,BRT,0.107,2670.0,0.5433598685189895
2343,BRT,0.107,2670.0,0.5433598685189895
2500,BRT,0.107,2670.0,0.5433598685189895
2663,BRT,0.107,2670.0,0.5433598685189895
121,BRT,0.106,2679.0,0.5382817389066625
158,BRT,0.106,2679.0,0.5382817389066625
290,BRT,0.106,2679.0,0.5382817389066625
317,BRT,0.106,2679.0,0.5382817389066625
789,BRT,0.106,2679.0,0.5382817389066625
841,BRT,0.106,2679.0,0.5382817389066625
941,BRT,0.106,2679.0,0.5382817389066625
1381,BRT,0.106,2679.0,0.5382817389066625
1638,BRT,0.106,2679.0,0.5382817389066625
1810,BRT,0.106,2679.0,0.5382817389066625
2604,BRT,0.106,2679.0,0.5382817389066625
2645,BRT,0.106,2679.0,0.5382817389066625
243,BRT,0.105,2691.0,0.5332036092943355
273,BRT,0.105,2691.0,0.5332036092943355
520,BRT,0.105,2691.0,0.5332036092943355
693,BRT,0.105,2691.0,0.5332036092943355
1227,BRT,0.105,2691.0,0.5332036092943355
1859,BRT,0.105,2691.0,0.5332036092943355
1886,BRT,0.105,2691.0,0.5332036092943355
2433,BRT,0.105,2691.0,0.5332036092943355
868,BRT,0.104,2699.0,0.5281254796820085
939,BRT,0.104,2699.0,0.5281254796820085
948,BRT,0.104,2699.0,0.5281254796820085
2429,BRT,0.104,2699.0,0.5281254796820085
242,BRT,0.103,2703.0,0.5230473500696815
571,BRT,0.103,2703.0,0.5230473500696815
921,BRT,0.103,2703.0,0.5230473500696815
1619,BRT,0.103,2703.0,0.5230473500696815
2064,BRT,0.103,2703.0,0.5230473500696815
2283,BRT,0.103,2703.0,0.5230473500696815
2345,BRT,0.103,2703.0,0.5230473500696815
2732,BRT,0.103,2703.0,0.5230473500696815
479,BRT,0.102,2711.0,0.5179692204573545
692,BRT,0.102,2711.0,0.5179692204573545
1505,BRT,0.102,2711.0,0.5179692204573545
2094,BRT,0.102,2711.0,0.5179692204573545
2423,BRT,0.102,2711.0,0.5179692204573545
2606,BRT,0.102,2711.0,0.5179692204573545
2738,BRT,0.102,2711.0,0.5179692204573545
67,BRT,0.101,2718.0,0.5128910908450275
274,BRT,0.101,2718.0,0.5128910908450275
929,BRT,0.101,2718.0,0.5128910908450275
1429,BRT,0.101,2718.0,0.5128910908450275
1745,BRT,0.101,2718.0,0.5128910908450275
1750,BRT,0.101,2718.0,0.5128910908450275
2563,BRT,0.101,2718.0,0.5128910908450275
793,BRT,0.1,2725.0,0.5078129612327005
1077,BRT,0.1,2725.0,0.5078129612327005
1198,BRT,0.1,2725.0,0.5078129612327005
1373,BRT,0.1,2725.0,0.5078129612327005
1732,BRT,0.1,2725.0,0.5078129612327005
361,BRT,0.099,2730.0,0.5027348316203735
380,BRT,0.099,2730.0,0.5027348316203735
631,BRT,0.099,2730.0,0.5027348316203735
1064,BRT,0.099,2730.0,0.5027348316203735
1245,BRT,0.099,2730.0,0.5027348316203735
1322,BRT,0.099,2730.0,0.5027348316203735
2126,BRT,0.099,2730.0,0.5027348316203735
2336,BRT,0.099,2730.0,0.5027348316203735
291,BRT,0.098,2738.0,0.49765670200804646
1036,BRT,0.098,2738.0,0.49765670200804646
1249,BRT,0.098,2738.0,0.49765670200804646
1379,BRT,0.098,2738.0,0.49765670200804646
1578,BRT,0.098,2738.0,0.49765670200804646
2297,BRT,0.098,2738.0,0.49765670200804646
134,BRT,0.097,2744.0,0.49257857239571945
2671,BRT,0.097,2744.0,0.49257857239571945
2753,BRT,0.097,2744.0,0.49257857239571945
144,BRT,0.096,2747.0,0.48750044278339244
903,BRT,0.096,2747.0,0.48750044278339244
1399,BRT,0.096,2747.0,0.48750044278339244
1916,BRT,0.096,2747.0,0.48750044278339244
1030,BRT,0.095,2751.0,0.48242231317106543
663,BRT,0.094,2752.0,0.4773441835587384
726,BRT,0.094,2752.0,0.4773441835587384
1247,BRT,0.094,2752.0,0.4773441835587384
1848,BRT,0.094,2752.0,0.4773441835587384
285,BRT,0.093,2756.0,0.4722660539464114
515,BRT,0.093,2756.0,0.4722660539464114
2198,BRT,0.093,2756.0,0.4722660539464114
1159,BRT,0.092,2759.0,0.4671879243340844
2535,BRT,0.092,2759.0,0.4671879243340844
2653,BRT,0.092,2759.0,0.4671879243340844
2768,BRT,0.092,2759.0,0.4671879243340844
2685,BRT,0.091,2763.0,0.4621097947217574
627,BRT,0.09,2764.0,0.4570316651094304
723,BRT,0.09,2764.0,0.4570316651094304
2134,BRT,0.09,2764.0,0.4570316651094304
2664,BRT,0.09,2764.0,0.4570316651094304
1642,BRT,0.089,2768.0,0.4519535354971034
1917,BRT,0.089,2768.0,0.4519535354971034
1016,BRT,0.087,2770.0,0.44179727627244936
1095,BRT,0.087,2770.0,0.44179727627244936
1324,BRT,0.085,2772.0,0.43164101704779545
1479,BRT,0.084,2773.0,0.42656288743546844
2270,BRT,0.084,2773.0,0.42656288743546844
993,BRT,0.081,2775.0,0.4113284985984874
383,BRT,0.073,2776.0,0.37070346169987134
884,BRT,0.072,2777.0,0.36562533208754433
2520,BRT,0.071,2778.0,0.3605472024752173
2724,MLP,2.134,1.0,8.823219857792356
2085,MLP,2.066,2.0,8.5420675849105
2004,MLP,2.04,3.0,8.434568186455675
249,MLP,1.925,4.0,7.9590900779054765
1406,MLP,1.918,5.0,7.930147932167638
307,MLP,1.912,6.0,7.905340378678063
2443,MLP,1.831,7.0,7.570438406568794
1697,MLP,1.763,8.0,7.289286133686938
856,MLP,1.724,9.0,7.128037036004697
1729,MLP,1.686,10.0,6.970922530570719
955,MLP,1.57,11.0,6.491309829772259
1681,MLP,1.556,12.0,6.433425538296583
2318,MLP,1.548,13.0,6.400348800310482
1749,MLP,1.544,14.0,6.383810431317432
1419,MLP,1.518,15.0,6.276311032862605
1448,MLP,1.484,16.0,6.135734896421677
1530,MLP,1.46,17.0,6.036504682463375
815,MLP,1.445,18.0,5.974485798739436
761,MLP,1.436,19.0,5.9372744685050725
2404,MLP,1.373,20.0,5.67679515686453
636,MLP,1.358,21.0,5.614776273140591
2110,MLP,1.358,21.0,5.614776273140591
1488,MLP,1.351,23.0,5.5858341274027525
35,MLP,1.35,24.0,5.581699535154491
1135,MLP,1.338,25.0,5.53208442817534
1377,MLP,1.323,26.0,5.4700655444514
1920,MLP,1.314,27.0,5.432854214217038
2063,MLP,1.3,28.0,5.374969922741361
2566,MLP,1.294,29.0,5.350162369251786
650,MLP,1.287,30.0,5.321220223513947
1459,MLP,1.283,31.0,5.304681854520896
1772,MLP,1.277,32.0,5.279874301031321
2047,MLP,1.275,33.0,5.271605116534796
1748,MLP,1.251,34.0,5.172374902576494
1611,MLP,1.245,35.0,5.147567349086919
2612,MLP,1.243,36.0,5.139298164590394
1093,MLP,1.236,37.0,5.110356018852555
885,MLP,1.231,38.0,5.089683057611243
117,MLP,1.224,39.0,5.060740911873404
2281,MLP,1.219,40.0,5.040067950632092
1910,MLP,1.21,41.0,5.002856620397728
2037,MLP,1.21,41.0,5.002856620397728
1614,MLP,1.203,43.0,4.973914474659891
593,MLP,1.195,44.0,4.94083773667379
1815,MLP,1.191,45.0,4.92429936768074
2633,MLP,1.183,46.0,4.891222629694639
143,MLP,1.173,47.0,4.849876707212013
1884,MLP,1.158,48.0,4.787857823488073
1746,MLP,1.155,49.0,4.775454046743286
2474,MLP,1.151,50.0,4.7589156777502355
369,MLP,1.142,51.0,4.721704347515872
581,MLP,1.133,52.0,4.684493017281509
586,MLP,1.131,53.0,4.676223832784984
2159,MLP,1.115,54.0,4.610070356812782
1503,MLP,1.095,55.0,4.527378511847531
2130,MLP,1.093,56.0,4.519109327351005
1010,MLP,1.09,57.0,4.506705550606219
1945,MLP,1.079,58.0,4.461225035875329
1923,MLP,1.075,59.0,4.444686666882279
325,MLP,1.064,60.0,4.399206152151391
1255,MLP,1.063,61.0,4.395071559903128
900,MLP,1.058,62.0,4.3743985986618155
2765,MLP,1.053,63.0,4.353725637420502
318,MLP,1.052,64.0,4.34959104517224
1847,MLP,1.051,65.0,4.345456452923977
149,MLP,1.048,66.0,4.333052676179189
2436,MLP,1.047,67.0,4.328918083930927
821,MLP,1.044,68.0,4.316514307186139
193,MLP,1.032,69.0,4.266899200206988
69,MLP,1.027,70.0,4.246226238965675
127,MLP,1.014,71.0,4.192476539738261
2497,MLP,1.013,72.0,4.188341947489999
287,MLP,1.011,73.0,4.180072762993474
2593,MLP,1.005,74.0,4.155265209503898
2275,MLP,1.002,75.0,4.14286143275911
1912,MLP,0.995,76.0,4.113919287021273
696,MLP,0.993,77.0,4.105650102524748
1025,MLP,0.992,78.0,4.101515510276484
2249,MLP,0.984,79.0,4.068438772290384
1345,MLP,0.983,80.0,4.064304180042122
2422,MLP,0.976,81.0,4.035362034304283
810,MLP,0.975,82.0,4.031227442056021
638,MLP,0.969,83.0,4.0064198885664455
452,MLP,0.963,84.0,3.9816123350768695
431,MLP,0.962,85.0,3.977477742828607
405,MLP,0.957,86.0,3.956804781587294
1285,MLP,0.956,87.0,3.9526701893390315
2284,MLP,0.95,88.0,3.927862635849456
1073,MLP,0.948,89.0,3.9195934513529305
1656,MLP,0.947,90.0,3.915458859104668
1885,MLP,0.942,91.0,3.894785897863355
382,MLP,0.938,92.0,3.878247528870305
920,MLP,0.938,92.0,3.878247528870305
951,MLP,0.93,94.0,3.8451707908842043
100,MLP,0.924,95.0,3.820363237394629
1226,MLP,0.924,95.0,3.820363237394629
1107,MLP,0.922,97.0,3.8120940528981038
2158,MLP,0.92,98.0,3.8038248684015787
2611,MLP,0.917,99.0,3.7914210916567908
1523,MLP,0.91,100.0,3.7624789459189527
1468,MLP,0.908,101.0,3.7542097614224277
1644,MLP,0.908,101.0,3.7542097614224277
2257,MLP,0.907,103.0,3.750075169174165
2026,MLP,0.901,104.0,3.7252676156845896
1238,MLP,0.9,105.0,3.7211330234363267
408,MLP,0.897,106.0,3.708729246691539
1958,MLP,0.894,107.0,3.696325469946751
878,MLP,0.89,108.0,3.679787100953701
1190,MLP,0.887,109.0,3.667383324208913
507,MLP,0.885,110.0,3.659114139712388
294,MLP,0.882,111.0,3.6467103629676
476,MLP,0.879,112.0,3.6343065862228126
2290,MLP,0.877,113.0,3.6260374017262875
674,MLP,0.875,114.0,3.617768217229762
2177,MLP,0.873,115.0,3.609499032733237
2106,MLP,0.87,116.0,3.597095255988449
312,MLP,0.868,117.0,3.588826071491924
1837,MLP,0.864,118.0,3.5722877024988735
679,MLP,0.86,119.0,3.5557493335058235
1224,MLP,0.859,120.0,3.551614741257561
1011,MLP,0.858,121.0,3.547480149009298
1476,MLP,0.857,122.0,3.5433455567610355
1898,MLP,0.856,123.0,3.539210964512773
70,MLP,0.846,124.0,3.497865042030147
746,MLP,0.846,124.0,3.497865042030147
1129,MLP,0.846,124.0,3.497865042030147
1601,MLP,0.846,124.0,3.497865042030147
1700,MLP,0.846,124.0,3.497865042030147
1758,MLP,0.846,124.0,3.497865042030147
2013,MLP,0.846,124.0,3.497865042030147
2583,MLP,0.846,124.0,3.497865042030147
1518,MLP,0.843,132.0,3.4854612652853594
522,MLP,0.842,133.0,3.481326673037097
1871,MLP,0.842,133.0,3.481326673037097
874,MLP,0.841,135.0,3.477192080788834
1291,MLP,0.841,135.0,3.477192080788834
1158,MLP,0.837,137.0,3.460653711795784
1597,MLP,0.837,137.0,3.460653711795784
497,MLP,0.836,139.0,3.4565191195475213
1192,MLP,0.834,140.0,3.448249935050996
2648,MLP,0.834,140.0,3.448249935050996
1360,MLP,0.829,142.0,3.427576973809683
1960,MLP,0.828,143.0,3.4234423815614203
2030,MLP,0.828,143.0,3.4234423815614203
563,MLP,0.827,145.0,3.419307789313158
1677,MLP,0.827,145.0,3.419307789313158
1314,MLP,0.823,147.0,3.4027694203201073
2486,MLP,0.822,148.0,3.398634828071845
2731,MLP,0.821,149.0,3.3945002358235823
556,MLP,0.82,150.0,3.3903656435753198
970,MLP,0.819,151.0,3.3862310513270573
2076,MLP,0.818,152.0,3.3820964590787947
216,MLP,0.816,153.0,3.3738272745822693
672,MLP,0.815,154.0,3.3696926823340068
1354,MLP,0.814,155.0,3.3655580900857442
1825,MLP,0.814,155.0,3.3655580900857442
2432,MLP,0.814,155.0,3.3655580900857442
2703,MLP,0.814,155.0,3.3655580900857442
371,MLP,0.812,159.0,3.3572889055892197
1172,MLP,0.809,160.0,3.3448851288444317
2188,MLP,0.807,161.0,3.3366159443479066
850,MLP,0.805,162.0,3.328346759851381
1526,MLP,0.805,162.0,3.328346759851381
2309,MLP,0.805,162.0,3.328346759851381
2434,MLP,0.805,162.0,3.328346759851381
518,MLP,0.804,166.0,3.3242121676031187
570,MLP,0.804,166.0,3.3242121676031187
2300,MLP,0.804,166.0,3.3242121676031187
2630,MLP,0.803,169.0,3.320077575354856
2118,MLP,0.802,170.0,3.3159429831065936
220,MLP,0.801,171.0,3.311808390858331
1493,MLP,0.801,171.0,3.311808390858331
288,MLP,0.799,173.0,3.3035392063618056
2758,MLP,0.798,174.0,3.299404614113543
297,MLP,0.796,175.0,3.291135429617018
964,MLP,0.795,176.0,3.2870008373687556
2149,MLP,0.795,176.0,3.2870008373687556
96,MLP,0.794,178.0,3.282866245120493
527,MLP,0.794,178.0,3.282866245120493
2089,MLP,0.794,178.0,3.282866245120493
561,MLP,0.793,181.0,3.27873165287223
1305,MLP,0.793,181.0,3.27873165287223
2145,MLP,0.793,181.0,3.27873165287223
1779,MLP,0.791,184.0,3.270462468375705
2227,MLP,0.788,185.0,3.2580586916309175
2609,MLP,0.788,185.0,3.2580586916309175
748,MLP,0.787,187.0,3.2539240993826546
52,MLP,0.786,188.0,3.249789507134392
511,MLP,0.786,188.0,3.249789507134392
1040,MLP,0.785,190.0,3.2456549148861296
2538,MLP,0.781,191.0,3.229116545893079
1484,MLP,0.779,192.0,3.220847361396554
1754,MLP,0.779,192.0,3.220847361396554
1277,MLP,0.778,194.0,3.2167127691482915
2225,MLP,0.778,194.0,3.2167127691482915
1828,MLP,0.776,196.0,3.2084435846517665
2344,MLP,0.776,196.0,3.2084435846517665
539,MLP,0.773,198.0,3.1960398079069785
1538,MLP,0.773,198.0,3.1960398079069785
775,MLP,0.772,200.0,3.191905215658716
1436,MLP,0.771,201.0,3.1877706234104535
599,MLP,0.77,202.0,3.183636031162191
528,MLP,0.769,203.0,3.179501438913928
601,MLP,0.769,203.0,3.179501438913928
1264,MLP,0.769,203.0,3.179501438913928
1502,MLP,0.769,203.0,3.179501438913928
281,MLP,0.768,207.0,3.1753668466656655
410,MLP,0.768,207.0,3.1753668466656655
861,MLP,0.766,209.0,3.1670976621691405
2164,MLP,0.766,209.0,3.1670976621691405
1999,MLP,0.765,211.0,3.162963069920878
2509,MLP,0.764,212.0,3.1588284776726154
334,MLP,0.763,213.0,3.1546938854243525
765,MLP,0.763,213.0,3.1546938854243525
1648,MLP,0.763,213.0,3.1546938854243525
463,MLP,0.762,216.0,3.15055929317609
1109,MLP,0.762,216.0,3.15055929317609
1311,MLP,0.762,216.0,3.15055929317609
2450,MLP,0.762,216.0,3.15055929317609
1033,MLP,0.761,220.0,3.1464247009278274
1165,MLP,0.761,220.0,3.1464247009278274
1445,MLP,0.761,220.0,3.1464247009278274
1549,MLP,0.758,223.0,3.13402092418304
774,MLP,0.757,224.0,3.129886331934777
1692,MLP,0.757,224.0,3.129886331934777
2029,MLP,0.756,226.0,3.1257517396865144
664,MLP,0.755,227.0,3.121617147438252
2287,MLP,0.755,227.0,3.121617147438252
2356,MLP,0.755,227.0,3.121617147438252
84,MLP,0.754,230.0,3.1174825551899894
1250,MLP,0.754,230.0,3.1174825551899894
1922,MLP,0.754,230.0,3.1174825551899894
2542,MLP,0.754,230.0,3.1174825551899894
877,MLP,0.753,234.0,3.113347962941727
1540,MLP,0.751,235.0,3.1050787784452014
1652,MLP,0.751,235.0,3.1050787784452014
925,MLP,0.75,237.0,3.100944186196939
1185,MLP,0.75,237.0,3.100944186196939
1972,MLP,0.75,237.0,3.100944186196939
2195,MLP,0.749,240.0,3.0968095939486764
557,MLP,0.747,241.0,3.0885404094521514
891,MLP,0.747,241.0,3.0885404094521514
927,MLP,0.747,241.0,3.0885404094521514
981,MLP,0.747,241.0,3.0885404094521514
1438,MLP,0.747,241.0,3.0885404094521514
1320,MLP,0.744,246.0,3.0761366327073634
1572,MLP,0.744,246.0,3.0761366327073634
940,MLP,0.743,248.0,3.072002040459101
1879,MLP,0.742,249.0,3.0678674482108383
1979,MLP,0.742,249.0,3.0678674482108383
2373,MLP,0.742,249.0,3.0678674482108383
2259,MLP,0.741,252.0,3.063732855962576
323,MLP,0.74,253.0,3.059598263714313
635,MLP,0.74,253.0,3.059598263714313
1453,MLP,0.74,253.0,3.059598263714313
264,MLP,0.739,256.0,3.0554636714660504
831,MLP,0.738,257.0,3.051329079217788
844,MLP,0.738,257.0,3.051329079217788
923,MLP,0.738,257.0,3.051329079217788
1674,MLP,0.738,257.0,3.051329079217788
1583,MLP,0.737,261.0,3.0471944869695253
1892,MLP,0.737,261.0,3.0471944869695253
1009,MLP,0.734,263.0,3.0347907102247373
1517,MLP,0.734,263.0,3.0347907102247373
2234,MLP,0.734,263.0,3.0347907102247373
82,MLP,0.732,266.0,3.0265215257282123
1432,MLP,0.731,267.0,3.02238693347995
1423,MLP,0.73,268.0,3.0182523412316873
606,MLP,0.729,269.0,3.0141177489834248
1371,MLP,0.725,270.0,2.9975793799903743
2584,MLP,0.725,270.0,2.9975793799903743
816,MLP,0.724,272.0,2.9934447877421118
2393,MLP,0.724,272.0,2.9934447877421118
342,MLP,0.721,274.0,2.9810410109973238
221,MLP,0.72,275.0,2.9769064187490613
837,MLP,0.72,275.0,2.9769064187490613
119,MLP,0.719,277.0,2.9727718265007987
1169,MLP,0.715,278.0,2.9562334575077482
1146,MLP,0.711,279.0,2.939695088514698
374,MLP,0.709,280.0,2.9314259040181727
1127,MLP,0.709,280.0,2.9314259040181727
2600,MLP,0.709,280.0,2.9314259040181727
1243,MLP,0.708,283.0,2.92729131176991
2179,MLP,0.708,283.0,2.92729131176991
836,MLP,0.707,285.0,2.9231567195216477
1271,MLP,0.707,285.0,2.9231567195216477
293,MLP,0.706,287.0,2.919022127273385
2274,MLP,0.705,288.0,2.9148875350251227
2677,MLP,0.705,288.0,2.9148875350251227
959,MLP,0.704,290.0,2.9107529427768597
965,MLP,0.704,290.0,2.9107529427768597
1220,MLP,0.704,290.0,2.9107529427768597
170,MLP,0.703,293.0,2.906618350528597
2209,MLP,0.701,294.0,2.898349166032072
2680,MLP,0.701,294.0,2.898349166032072
2469,MLP,0.7,296.0,2.8942145737838096
1084,MLP,0.699,297.0,2.890079981535547
1919,MLP,0.699,297.0,2.890079981535547
2211,MLP,0.699,297.0,2.890079981535547
2689,MLP,0.698,300.0,2.885945389287284
2388,MLP,0.697,301.0,2.8818107970390217
468,MLP,0.696,302.0,2.877676204790759
532,MLP,0.696,302.0,2.877676204790759
1004,MLP,0.696,302.0,2.877676204790759
1584,MLP,0.696,302.0,2.877676204790759
1861,MLP,0.696,302.0,2.877676204790759
1930,MLP,0.696,302.0,2.877676204790759
717,MLP,0.695,308.0,2.8735416125424966
1460,MLP,0.695,308.0,2.8735416125424966
2103,MLP,0.695,308.0,2.8735416125424966
485,MLP,0.694,311.0,2.869407020294234
1637,MLP,0.693,312.0,2.8652724280459716
2455,MLP,0.693,312.0,2.8652724280459716
732,MLP,0.692,314.0,2.8611378357977086
1661,MLP,0.692,314.0,2.8611378357977086
467,MLP,0.69,316.0,2.8528686513011836
623,MLP,0.69,316.0,2.8528686513011836
1623,MLP,0.689,318.0,2.848734059052921
1492,MLP,0.688,319.0,2.8445994668046586
753,MLP,0.687,320.0,2.8404648745563965
129,MLP,0.686,321.0,2.8363302823081336
2298,MLP,0.686,321.0,2.8363302823081336
2660,MLP,0.686,321.0,2.8363302823081336
2599,MLP,0.685,324.0,2.832195690059871
1932,MLP,0.684,325.0,2.8280610978116085
2273,MLP,0.684,325.0,2.8280610978116085
270,MLP,0.683,327.0,2.823926505563346
624,MLP,0.682,328.0,2.8197919133150835
1783,MLP,0.682,328.0,2.8197919133150835
486,MLP,0.681,330.0,2.815657321066821
1363,MLP,0.681,330.0,2.815657321066821
2199,MLP,0.681,330.0,2.815657321066821
488,MLP,0.68,333.0,2.811522728818558
2152,MLP,0.679,334.0,2.8073881365702955
2261,MLP,0.676,335.0,2.794984359825508
1662,MLP,0.675,336.0,2.7908497675772455
2161,MLP,0.675,336.0,2.7908497675772455
2401,MLP,0.675,336.0,2.7908497675772455
2714,MLP,0.674,339.0,2.7867151753289825
1791,MLP,0.673,340.0,2.78258058308072
2437,MLP,0.673,340.0,2.78258058308072
1954,MLP,0.672,342.0,2.7784459908324575
2541,MLP,0.672,342.0,2.7784459908324575
77,MLP,0.671,344.0,2.774311398584195
1018,MLP,0.671,344.0,2.774311398584195
612,MLP,0.67,346.0,2.7701768063359324
2576,MLP,0.67,346.0,2.7701768063359324
132,MLP,0.669,348.0,2.76604221408767
444,MLP,0.668,349.0,2.761907621839407
2319,MLP,0.668,349.0,2.761907621839407
567,MLP,0.667,351.0,2.7577730295911445
427,MLP,0.666,352.0,2.753638437342882
2258,MLP,0.666,352.0,2.753638437342882
1565,MLP,0.665,354.0,2.7495038450946194
262,MLP,0.663,355.0,2.7412346605980944
1252,MLP,0.663,355.0,2.7412346605980944
740,MLP,0.662,357.0,2.7371000683498314
214,MLP,0.661,358.0,2.732965476101569
1856,MLP,0.661,358.0,2.732965476101569
2537,MLP,0.661,358.0,2.732965476101569
1841,MLP,0.66,361.0,2.7288308838533064
552,MLP,0.659,362.0,2.724696291605044
600,MLP,0.659,362.0,2.724696291605044
1931,MLP,0.659,362.0,2.724696291605044
75,MLP,0.657,365.0,2.716427107108519
320,MLP,0.657,365.0,2.716427107108519
2255,MLP,0.657,365.0,2.716427107108519
251,MLP,0.656,368.0,2.712292514860256
428,MLP,0.655,369.0,2.7081579226119934
1328,MLP,0.654,370.0,2.704023330363731
1539,MLP,0.654,370.0,2.704023330363731
1023,MLP,0.652,372.0,2.695754145867206
1566,MLP,0.651,373.0,2.6916195536189433
2099,MLP,0.65,374.0,2.6874849613706804
2183,MLP,0.65,374.0,2.6874849613706804
168,MLP,0.649,376.0,2.683350369122418
1175,MLP,0.649,376.0,2.683350369122418
2430,MLP,0.649,376.0,2.683350369122418
922,MLP,0.648,379.0,2.6792157768741554
1312,MLP,0.647,380.0,2.675081184625893
351,MLP,0.646,381.0,2.6709465923776303
381,MLP,0.646,381.0,2.6709465923776303
596,MLP,0.645,383.0,2.666812000129368
818,MLP,0.645,383.0,2.666812000129368
339,MLP,0.644,385.0,2.662677407881105
230,MLP,0.643,386.0,2.6585428156328423
2544,MLP,0.642,387.0,2.65440822338458
45,MLP,0.641,388.0,2.6502736311363173
879,MLP,0.64,389.0,2.646139038888055
1437,MLP,0.64,389.0,2.646139038888055
1649,MLP,0.637,391.0,2.633735262143267
2466,MLP,0.637,391.0,2.633735262143267
655,MLP,0.636,393.0,2.6296006698950043
306,MLP,0.634,394.0,2.6213314853984793
1390,MLP,0.633,395.0,2.6171968931502163
1412,MLP,0.633,395.0,2.6171968931502163
1442,MLP,0.632,397.0,2.613062300901954
825,MLP,0.631,398.0,2.6089277086536913
1951,MLP,0.631,398.0,2.6089277086536913
2295,MLP,0.631,398.0,2.6089277086536913
2411,MLP,0.631,398.0,2.6089277086536913
2552,MLP,0.63,402.0,2.6047931164054288
1469,MLP,0.629,403.0,2.6006585241571663
1558,MLP,0.629,403.0,2.6006585241571663
2092,MLP,0.629,403.0,2.6006585241571663
2084,MLP,0.628,406.0,2.5965239319089037
1957,MLP,0.625,407.0,2.5841201551641158
1929,MLP,0.624,408.0,2.5799855629158532
25,MLP,0.623,409.0,2.5758509706675907
1556,MLP,0.623,409.0,2.5758509706675907
2501,MLP,0.623,409.0,2.5758509706675907
937,MLP,0.622,412.0,2.571716378419328
995,MLP,0.622,412.0,2.571716378419328
997,MLP,0.622,412.0,2.571716378419328
2133,MLP,0.622,412.0,2.571716378419328
2226,MLP,0.622,412.0,2.571716378419328
2266,MLP,0.622,412.0,2.571716378419328
1639,MLP,0.621,418.0,2.5675817861710653
1839,MLP,0.621,418.0,2.5675817861710653
1418,MLP,0.62,420.0,2.5634471939228027
2667,MLP,0.62,420.0,2.5634471939228027
1914,MLP,0.619,422.0,2.55931260167454
2339,MLP,0.618,423.0,2.5551780094262777
1647,MLP,0.617,424.0,2.551043417178015
1824,MLP,0.617,424.0,2.551043417178015
12,MLP,0.616,426.0,2.5469088249297527
904,MLP,0.616,426.0,2.5469088249297527
255,MLP,0.615,428.0,2.5427742326814897
1105,MLP,0.614,429.0,2.538639640433227
2659,MLP,0.614,429.0,2.538639640433227
358,MLP,0.613,431.0,2.5345050481849647
1098,MLP,0.613,431.0,2.5345050481849647
1764,MLP,0.613,431.0,2.5345050481849647
1845,MLP,0.613,431.0,2.5345050481849647
138,MLP,0.611,435.0,2.5262358636884397
958,MLP,0.611,435.0,2.5262358636884397
1594,MLP,0.611,435.0,2.5262358636884397
2022,MLP,0.611,435.0,2.5262358636884397
1019,MLP,0.61,439.0,2.522101271440177
402,MLP,0.609,440.0,2.517966679191914
1853,MLP,0.609,440.0,2.517966679191914
2305,MLP,0.609,440.0,2.517966679191914
2581,MLP,0.609,440.0,2.517966679191914
979,MLP,0.608,444.0,2.5138320869436517
1344,MLP,0.608,444.0,2.5138320869436517
1361,MLP,0.608,444.0,2.5138320869436517
484,MLP,0.607,447.0,2.509697494695389
1482,MLP,0.607,447.0,2.509697494695389
1807,MLP,0.607,447.0,2.509697494695389
865,MLP,0.606,450.0,2.5055629024471266
2023,MLP,0.606,450.0,2.5055629024471266
847,MLP,0.605,452.0,2.501428310198864
2224,MLP,0.605,452.0,2.501428310198864
2277,MLP,0.605,452.0,2.501428310198864
1559,MLP,0.604,455.0,2.4972937179506016
24,MLP,0.603,456.0,2.4931591257023387
425,MLP,0.603,456.0,2.4931591257023387
2256,MLP,0.603,456.0,2.4931591257023387
1451,MLP,0.601,459.0,2.4848899412058136
176,MLP,0.599,460.0,2.4766207567092886
917,MLP,0.599,460.0,2.4766207567092886
1080,MLP,0.599,460.0,2.4766207567092886
1793,MLP,0.598,463.0,2.472486164461026
1114,MLP,0.597,464.0,2.468351572212763
2708,MLP,0.597,464.0,2.468351572212763
1062,MLP,0.596,466.0,2.4642169799645006
1678,MLP,0.596,466.0,2.4642169799645006
933,MLP,0.594,468.0,2.4559477954679756
1151,MLP,0.594,468.0,2.4559477954679756
1427,MLP,0.594,468.0,2.4559477954679756
1088,MLP,0.593,471.0,2.451813203219713
1118,MLP,0.593,471.0,2.451813203219713
1244,MLP,0.593,471.0,2.451813203219713
1321,MLP,0.593,471.0,2.451813203219713
1935,MLP,0.592,475.0,2.4476786109714506
2547,MLP,0.592,475.0,2.4476786109714506
38,MLP,0.591,477.0,2.4435440187231876
952,MLP,0.591,477.0,2.4435440187231876
2347,MLP,0.591,477.0,2.4435440187231876
2679,MLP,0.591,477.0,2.4435440187231876
104,MLP,0.59,481.0,2.439409426474925
2160,MLP,0.59,481.0,2.439409426474925
2733,MLP,0.589,483.0,2.4352748342266626
721,MLP,0.587,484.0,2.4270056497301375
1296,MLP,0.587,484.0,2.4270056497301375
1090,MLP,0.585,486.0,2.418736465233612
1382,MLP,0.585,486.0,2.418736465233612
2517,MLP,0.584,488.0,2.4146018729853496
212,MLP,0.583,489.0,2.410467280737087
1142,MLP,0.583,489.0,2.410467280737087
2656,MLP,0.582,491.0,2.4063326884888245
2672,MLP,0.582,491.0,2.4063326884888245
980,MLP,0.58,493.0,2.3980635039922995
1121,MLP,0.58,493.0,2.3980635039922995
1596,MLP,0.579,495.0,2.3939289117440365
1315,MLP,0.578,496.0,2.389794319495774
1924,MLP,0.578,496.0,2.389794319495774
2299,MLP,0.578,496.0,2.389794319495774
2369,MLP,0.578,496.0,2.389794319495774
280,MLP,0.577,500.0,2.3856597272475115
302,MLP,0.577,500.0,2.3856597272475115
443,MLP,0.577,500.0,2.3856597272475115
548,MLP,0.577,500.0,2.3856597272475115
1797,MLP,0.577,500.0,2.3856597272475115
437,MLP,0.576,505.0,2.381525134999249
2467,MLP,0.576,505.0,2.381525134999249
300,MLP,0.575,507.0,2.3773905427509865
996,MLP,0.575,507.0,2.3773905427509865
454,MLP,0.574,509.0,2.373255950502724
806,MLP,0.574,509.0,2.373255950502724
1439,MLP,0.574,509.0,2.373255950502724
1778,MLP,0.574,509.0,2.373255950502724
244,MLP,0.573,513.0,2.369121358254461
1184,MLP,0.572,514.0,2.3649867660061985
2117,MLP,0.572,514.0,2.3649867660061985
2529,MLP,0.572,514.0,2.3649867660061985
956,MLP,0.571,517.0,2.360852173757936
1391,MLP,0.571,517.0,2.360852173757936
2511,MLP,0.571,517.0,2.360852173757936
292,MLP,0.57,520.0,2.3567175815096735
1688,MLP,0.57,520.0,2.3567175815096735
697,MLP,0.569,522.0,2.352582989261411
1454,MLP,0.569,522.0,2.352582989261411
1814,MLP,0.569,522.0,2.352582989261411
2323,MLP,0.569,522.0,2.352582989261411
826,MLP,0.568,526.0,2.3484483970131484
1893,MLP,0.568,526.0,2.3484483970131484
657,MLP,0.567,528.0,2.3443138047648855
2156,MLP,0.567,528.0,2.3443138047648855
298,MLP,0.565,530.0,2.3360446202683605
968,MLP,0.565,530.0,2.3360446202683605
2210,MLP,0.564,532.0,2.331910028020098
2456,MLP,0.564,532.0,2.331910028020098
1020,MLP,0.563,534.0,2.3277754357718354
1221,MLP,0.563,534.0,2.3277754357718354
1690,MLP,0.563,534.0,2.3277754357718354
15,MLP,0.562,537.0,2.3236408435235734
159,MLP,0.562,537.0,2.3236408435235734
1874,MLP,0.562,537.0,2.3236408435235734
2010,MLP,0.562,537.0,2.3236408435235734
752,MLP,0.561,541.0,2.3195062512753104
1355,MLP,0.561,541.0,2.3195062512753104
1974,MLP,0.561,541.0,2.3195062512753104
2181,MLP,0.561,541.0,2.3195062512753104
2673,MLP,0.561,541.0,2.3195062512753104
74,MLP,0.56,546.0,2.315371659027048
656,MLP,0.558,547.0,2.307102474530523
1480,MLP,0.558,547.0,2.307102474530523
2054,MLP,0.558,547.0,2.307102474530523
53,MLP,0.557,550.0,2.3029678822822603
415,MLP,0.557,550.0,2.3029678822822603
2053,MLP,0.556,552.0,2.298833290033998
321,MLP,0.555,553.0,2.294698697785735
569,MLP,0.555,553.0,2.294698697785735
1286,MLP,0.555,553.0,2.294698697785735
1704,MLP,0.555,553.0,2.294698697785735
2475,MLP,0.555,553.0,2.294698697785735
407,MLP,0.554,558.0,2.2905641055374724
1308,MLP,0.554,558.0,2.2905641055374724
1755,MLP,0.554,558.0,2.2905641055374724
282,MLP,0.553,561.0,2.28642951328921
700,MLP,0.553,561.0,2.28642951328921
962,MLP,0.553,561.0,2.28642951328921
2392,MLP,0.552,564.0,2.2822949210409473
194,MLP,0.551,565.0,2.278160328792685
376,MLP,0.551,565.0,2.278160328792685
2757,MLP,0.551,565.0,2.278160328792685
2776,MLP,0.551,565.0,2.278160328792685
533,MLP,0.55,569.0,2.2740257365444223
429,MLP,0.549,570.0,2.2698911442961593
899,MLP,0.548,571.0,2.265756552047897
1253,MLP,0.548,571.0,2.265756552047897
1715,MLP,0.547,573.0,2.2616219597996343
714,MLP,0.546,574.0,2.257487367551372
1921,MLP,0.546,574.0,2.257487367551372
2746,MLP,0.546,574.0,2.257487367551372
719,MLP,0.544,577.0,2.2492181830548468
913,MLP,0.544,577.0,2.2492181830548468
171,MLP,0.543,579.0,2.245083590806584
734,MLP,0.543,579.0,2.245083590806584
1475,MLP,0.543,579.0,2.245083590806584
1909,MLP,0.543,579.0,2.245083590806584
39,MLP,0.541,583.0,2.236814406310059
546,MLP,0.541,583.0,2.236814406310059
2568,MLP,0.541,583.0,2.236814406310059
92,MLP,0.539,586.0,2.2285452218135338
547,MLP,0.539,586.0,2.2285452218135338
2514,MLP,0.539,586.0,2.2285452218135338
71,MLP,0.538,589.0,2.2244106295652712
260,MLP,0.538,589.0,2.2244106295652712
2644,MLP,0.538,589.0,2.2244106295652712
1144,MLP,0.537,592.0,2.2202760373170083
1233,MLP,0.537,592.0,2.2202760373170083
1413,MLP,0.537,592.0,2.2202760373170083
1651,MLP,0.537,592.0,2.2202760373170083
151,MLP,0.536,596.0,2.2161414450687458
529,MLP,0.536,596.0,2.2161414450687458
1119,MLP,0.536,596.0,2.2161414450687458
2705,MLP,0.536,596.0,2.2161414450687458
2132,MLP,0.535,600.0,2.2120068528204833
11,MLP,0.534,601.0,2.2078722605722207
64,MLP,0.534,601.0,2.2078722605722207
392,MLP,0.534,601.0,2.2078722605722207
1356,MLP,0.534,601.0,2.2078722605722207
2033,MLP,0.534,601.0,2.2078722605722207
2236,MLP,0.534,601.0,2.2078722605722207
2719,MLP,0.533,607.0,2.2037376683239582
763,MLP,0.532,608.0,2.1996030760756957
1041,MLP,0.532,608.0,2.1996030760756957
2057,MLP,0.532,608.0,2.1996030760756957
238,MLP,0.531,611.0,2.1954684838274328
377,MLP,0.531,611.0,2.1954684838274328
805,MLP,0.531,611.0,2.1954684838274328
1270,MLP,0.531,611.0,2.1954684838274328
1551,MLP,0.531,611.0,2.1954684838274328
860,MLP,0.53,616.0,2.1913338915791702
1055,MLP,0.53,616.0,2.1913338915791702
1212,MLP,0.53,616.0,2.1913338915791702
1031,MLP,0.528,619.0,2.183064707082645
189,MLP,0.527,620.0,2.1789301148343827
1279,MLP,0.527,620.0,2.1789301148343827
1383,MLP,0.527,620.0,2.1789301148343827
2090,MLP,0.527,620.0,2.1789301148343827
2564,MLP,0.527,620.0,2.1789301148343827
2313,MLP,0.526,625.0,2.17479552258612
2736,MLP,0.526,625.0,2.17479552258612
1888,MLP,0.525,627.0,2.1706609303378572
2441,MLP,0.525,627.0,2.1706609303378572
659,MLP,0.524,629.0,2.1665263380895947
701,MLP,0.524,629.0,2.1665263380895947
914,MLP,0.524,629.0,2.1665263380895947
2232,MLP,0.524,629.0,2.1665263380895947
2418,MLP,0.524,629.0,2.1665263380895947
991,MLP,0.523,634.0,2.162391745841332
1008,MLP,0.523,634.0,2.162391745841332
2250,MLP,0.523,634.0,2.162391745841332
86,MLP,0.522,637.0,2.1582571535930697
160,MLP,0.522,637.0,2.1582571535930697
432,MLP,0.522,637.0,2.1582571535930697
435,MLP,0.522,637.0,2.1582571535930697
513,MLP,0.522,637.0,2.1582571535930697
1994,MLP,0.522,637.0,2.1582571535930697
2012,MLP,0.522,637.0,2.1582571535930697
2394,MLP,0.522,637.0,2.1582571535930697
1431,MLP,0.521,645.0,2.154122561344807
1514,MLP,0.521,645.0,2.154122561344807
411,MLP,0.52,647.0,2.149987969096544
93,MLP,0.519,648.0,2.1458533768482817
1126,MLP,0.518,649.0,2.141718784600019
2632,MLP,0.518,649.0,2.141718784600019
404,MLP,0.517,651.0,2.1375841923517567
797,MLP,0.517,651.0,2.1375841923517567
2052,MLP,0.517,651.0,2.1375841923517567
2742,MLP,0.517,651.0,2.1375841923517567
60,MLP,0.516,655.0,2.133449600103494
605,MLP,0.516,655.0,2.133449600103494
1883,MLP,0.516,655.0,2.133449600103494
2067,MLP,0.516,655.0,2.133449600103494
2636,MLP,0.516,655.0,2.133449600103494
1167,MLP,0.515,660.0,2.1293150078552316
1702,MLP,0.515,660.0,2.1293150078552316
2578,MLP,0.515,660.0,2.1293150078552316
1543,MLP,0.514,663.0,2.1251804156069687
2532,MLP,0.514,663.0,2.1251804156069687
1933,MLP,0.513,665.0,2.121045823358706
2495,MLP,0.513,665.0,2.121045823358706
8,MLP,0.512,667.0,2.1169112311104437
131,MLP,0.512,667.0,2.1169112311104437
175,MLP,0.511,669.0,2.112776638862181
1096,MLP,0.511,669.0,2.112776638862181
2487,MLP,0.511,669.0,2.112776638862181
277,MLP,0.51,672.0,2.1086420466139186
367,MLP,0.51,672.0,2.1086420466139186
729,MLP,0.51,672.0,2.1086420466139186
1385,MLP,0.51,672.0,2.1086420466139186
776,MLP,0.509,676.0,2.104507454365656
2389,MLP,0.508,677.0,2.100372862117393
2662,MLP,0.508,677.0,2.100372862117393
637,MLP,0.507,679.0,2.0962382698691306
1183,MLP,0.507,679.0,2.0962382698691306
1428,MLP,0.507,679.0,2.0962382698691306
830,MLP,0.506,682.0,2.092103677620868
343,MLP,0.505,683.0,2.0879690853726056
1450,MLP,0.505,683.0,2.0879690853726056
2380,MLP,0.504,685.0,2.083834493124343
1725,MLP,0.503,686.0,2.0796999008760806
2038,MLP,0.502,687.0,2.0755653086278176
2695,MLP,0.502,687.0,2.0755653086278176
460,MLP,0.501,689.0,2.071430716379555
843,MLP,0.501,689.0,2.071430716379555
1680,MLP,0.501,689.0,2.071430716379555
1775,MLP,0.501,689.0,2.071430716379555
1953,MLP,0.501,689.0,2.071430716379555
2770,MLP,0.501,689.0,2.071430716379555
327,MLP,0.5,695.0,2.0672961241312926
2005,MLP,0.5,695.0,2.0672961241312926
2505,MLP,0.5,695.0,2.0672961241312926
137,MLP,0.499,698.0,2.06316153188303
442,MLP,0.499,698.0,2.06316153188303
654,MLP,0.499,698.0,2.06316153188303
2515,MLP,0.499,698.0,2.06316153188303
22,MLP,0.498,702.0,2.0590269396347676
780,MLP,0.498,702.0,2.0590269396347676
863,MLP,0.498,702.0,2.0590269396347676
872,MLP,0.498,702.0,2.0590269396347676
420,MLP,0.497,706.0,2.054892347386505
491,MLP,0.497,706.0,2.054892347386505
1337,MLP,0.497,706.0,2.054892347386505
2627,MLP,0.497,706.0,2.054892347386505
146,MLP,0.496,710.0,2.050757755138242
372,MLP,0.496,710.0,2.050757755138242
555,MLP,0.496,710.0,2.050757755138242
1913,MLP,0.496,710.0,2.050757755138242
2326,MLP,0.496,710.0,2.050757755138242
409,MLP,0.494,715.0,2.042488570641717
814,MLP,0.494,715.0,2.042488570641717
222,MLP,0.493,717.0,2.0383539783934546
2351,MLP,0.493,717.0,2.0383539783934546
2384,MLP,0.493,717.0,2.0383539783934546
326,MLP,0.492,720.0,2.034219386145192
1672,MLP,0.492,720.0,2.034219386145192
1532,MLP,0.491,722.0,2.0300847938969295
743,MLP,0.49,723.0,2.0259502016486666
1122,MLP,0.49,723.0,2.0259502016486666
1160,MLP,0.49,723.0,2.0259502016486666
2704,MLP,0.49,723.0,2.0259502016486666
2741,MLP,0.49,723.0,2.0259502016486666
423,MLP,0.489,728.0,2.021815609400404
1048,MLP,0.489,728.0,2.021815609400404
81,MLP,0.488,730.0,2.0176810171521415
296,MLP,0.488,730.0,2.0176810171521415
1100,MLP,0.488,730.0,2.0176810171521415
2042,MLP,0.488,730.0,2.0176810171521415
2189,MLP,0.488,730.0,2.0176810171521415
2213,MLP,0.488,730.0,2.0176810171521415
266,MLP,0.487,736.0,2.013546424903879
1905,MLP,0.487,736.0,2.013546424903879
2267,MLP,0.487,736.0,2.013546424903879
538,MLP,0.486,739.0,2.0094118326556165
2607,MLP,0.486,739.0,2.0094118326556165
389,MLP,0.485,741.0,2.005277240407354
876,MLP,0.485,741.0,2.005277240407354
944,MLP,0.485,741.0,2.005277240407354
1329,MLP,0.485,741.0,2.005277240407354
1627,MLP,0.485,741.0,2.005277240407354
1756,MLP,0.485,741.0,2.005277240407354
2651,MLP,0.485,741.0,2.005277240407354
110,MLP,0.484,748.0,2.001142648159091
710,MLP,0.484,748.0,2.001142648159091
1768,MLP,0.484,748.0,2.001142648159091
2674,MLP,0.484,748.0,2.001142648159091
496,MLP,0.483,752.0,1.9970080559108287
1035,MLP,0.483,752.0,1.9970080559108287
902,MLP,0.482,754.0,1.992873463662566
1798,MLP,0.482,754.0,1.992873463662566
1846,MLP,0.482,754.0,1.992873463662566
2203,MLP,0.482,754.0,1.992873463662566
2204,MLP,0.482,754.0,1.992873463662566
2260,MLP,0.482,754.0,1.992873463662566
2480,MLP,0.482,754.0,1.992873463662566
211,MLP,0.481,761.0,1.9887388714143035
2561,MLP,0.481,761.0,1.9887388714143035
59,MLP,0.48,763.0,1.984604279166041
174,MLP,0.48,763.0,1.984604279166041
210,MLP,0.48,763.0,1.984604279166041
459,MLP,0.48,763.0,1.984604279166041
786,MLP,0.48,763.0,1.984604279166041
1473,MLP,0.48,763.0,1.984604279166041
1585,MLP,0.48,763.0,1.984604279166041
1026,MLP,0.479,770.0,1.9804696869177782
2608,MLP,0.479,770.0,1.9804696869177782
2634,MLP,0.479,770.0,1.9804696869177782
391,MLP,0.478,773.0,1.9763350946695157
1242,MLP,0.478,773.0,1.9763350946695157
1501,MLP,0.478,773.0,1.9763350946695157
1776,MLP,0.478,773.0,1.9763350946695157
1163,MLP,0.477,777.0,1.972200502421253
2000,MLP,0.477,777.0,1.972200502421253
2036,MLP,0.477,777.0,1.972200502421253
2717,MLP,0.477,777.0,1.972200502421253
1189,MLP,0.476,781.0,1.9680659101729905
2162,MLP,0.476,781.0,1.9680659101729905
1826,MLP,0.475,783.0,1.963931317924728
1872,MLP,0.475,783.0,1.963931317924728
812,MLP,0.474,785.0,1.9597967256764652
2238,MLP,0.474,785.0,1.9597967256764652
125,MLP,0.473,787.0,1.9556621334282027
177,MLP,0.473,787.0,1.9556621334282027
379,MLP,0.473,787.0,1.9556621334282027
909,MLP,0.472,790.0,1.9515275411799402
1849,MLP,0.472,790.0,1.9515275411799402
1980,MLP,0.472,790.0,1.9515275411799402
2170,MLP,0.472,790.0,1.9515275411799402
1926,MLP,0.471,794.0,1.9473929489316775
2723,MLP,0.471,794.0,1.9473929489316775
27,MLP,0.47,796.0,1.943258356683415
960,MLP,0.47,796.0,1.943258356683415
1811,MLP,0.47,796.0,1.943258356683415
688,MLP,0.469,799.0,1.9391237644351524
1012,MLP,0.469,799.0,1.9391237644351524
1522,MLP,0.469,799.0,1.9391237644351524
1669,MLP,0.469,799.0,1.9391237644351524
2191,MLP,0.469,799.0,1.9391237644351524
534,MLP,0.468,804.0,1.93498917218689
597,MLP,0.468,804.0,1.93498917218689
649,MLP,0.468,804.0,1.93498917218689
1115,MLP,0.468,804.0,1.93498917218689
1316,MLP,0.468,804.0,1.93498917218689
1650,MLP,0.468,804.0,1.93498917218689
2128,MLP,0.468,804.0,1.93498917218689
2333,MLP,0.468,804.0,1.93498917218689
2354,MLP,0.468,804.0,1.93498917218689
324,MLP,0.467,813.0,1.9308545799386274
1504,MLP,0.467,813.0,1.9308545799386274
2078,MLP,0.467,813.0,1.9308545799386274
2540,MLP,0.467,813.0,1.9308545799386274
2582,MLP,0.467,813.0,1.9308545799386274
187,MLP,0.466,818.0,1.926719987690365
370,MLP,0.466,818.0,1.926719987690365
1309,MLP,0.466,818.0,1.926719987690365
2016,MLP,0.466,818.0,1.926719987690365
967,MLP,0.465,822.0,1.9225853954421022
1150,MLP,0.465,822.0,1.9225853954421022
1655,MLP,0.465,822.0,1.9225853954421022
1858,MLP,0.465,822.0,1.9225853954421022
749,MLP,0.464,826.0,1.9184508031938396
892,MLP,0.464,826.0,1.9184508031938396
1222,MLP,0.464,826.0,1.9184508031938396
289,MLP,0.463,829.0,1.9143162109455771
1608,MLP,0.463,829.0,1.9143162109455771
1685,MLP,0.463,829.0,1.9143162109455771
2710,MLP,0.463,829.0,1.9143162109455771
2774,MLP,0.463,829.0,1.9143162109455771
228,MLP,0.462,834.0,1.9101816186973144
1044,MLP,0.462,834.0,1.9101816186973144
1166,MLP,0.462,834.0,1.9101816186973144
10,MLP,0.461,837.0,1.9060470264490519
196,MLP,0.461,837.0,1.9060470264490519
901,MLP,0.461,837.0,1.9060470264490519
1125,MLP,0.461,837.0,1.9060470264490519
2334,MLP,0.461,837.0,1.9060470264490519
2359,MLP,0.461,837.0,1.9060470264490519
2722,MLP,0.461,837.0,1.9060470264490519
625,MLP,0.459,844.0,1.8977778419525266
1855,MLP,0.459,844.0,1.8977778419525266
1940,MLP,0.459,844.0,1.8977778419525266
5,MLP,0.458,847.0,1.8936432497042641
1263,MLP,0.458,847.0,1.8936432497042641
1689,MLP,0.458,847.0,1.8936432497042641
1780,MLP,0.458,847.0,1.8936432497042641
2416,MLP,0.458,847.0,1.8936432497042641
845,MLP,0.457,852.0,1.8895086574560016
76,MLP,0.456,853.0,1.8853740652077389
1819,MLP,0.456,853.0,1.8853740652077389
2292,MLP,0.456,853.0,1.8853740652077389
338,MLP,0.455,856.0,1.8812394729594764
1781,MLP,0.455,856.0,1.8812394729594764
1891,MLP,0.455,856.0,1.8812394729594764
2711,MLP,0.455,856.0,1.8812394729594764
536,MLP,0.454,860.0,1.8771048807112138
1446,MLP,0.453,861.0,1.872970288462951
1533,MLP,0.453,861.0,1.872970288462951
2316,MLP,0.453,861.0,1.872970288462951
1693,MLP,0.452,864.0,1.8688356962146886
1788,MLP,0.452,864.0,1.8688356962146886
51,MLP,0.451,866.0,1.864701103966426
616,MLP,0.451,866.0,1.864701103966426
2141,MLP,0.451,866.0,1.864701103966426
1021,MLP,0.45,869.0,1.8605665117181633
1803,MLP,0.45,869.0,1.8605665117181633
2453,MLP,0.45,869.0,1.8605665117181633
1203,MLP,0.449,872.0,1.8564319194699008
1384,MLP,0.448,873.0,1.8522973272216383
998,MLP,0.447,874.0,1.8481627349733756
1895,MLP,0.447,874.0,1.8481627349733756
2368,MLP,0.447,874.0,1.8481627349733756
691,MLP,0.446,877.0,1.844028142725113
1588,MLP,0.446,877.0,1.844028142725113
2665,MLP,0.446,877.0,1.844028142725113
495,MLP,0.445,880.0,1.8398935504768505
950,MLP,0.445,880.0,1.8398935504768505
1607,MLP,0.445,880.0,1.8398935504768505
424,MLP,0.444,883.0,1.8357589582285878
445,MLP,0.444,883.0,1.8357589582285878
530,MLP,0.444,883.0,1.8357589582285878
819,MLP,0.444,883.0,1.8357589582285878
2080,MLP,0.444,883.0,1.8357589582285878
2091,MLP,0.444,883.0,1.8357589582285878
43,MLP,0.443,889.0,1.8316243659803253
393,MLP,0.443,889.0,1.8316243659803253
794,MLP,0.443,889.0,1.8316243659803253
2406,MLP,0.443,889.0,1.8316243659803253
335,MLP,0.442,893.0,1.8274897737320628
769,MLP,0.442,893.0,1.8274897737320628
1258,MLP,0.442,893.0,1.8274897737320628
2119,MLP,0.442,893.0,1.8274897737320628
890,MLP,0.441,897.0,1.8233551814838
1266,MLP,0.441,897.0,1.8233551814838
602,MLP,0.44,899.0,1.8192205892355375
1007,MLP,0.44,899.0,1.8192205892355375
2400,MLP,0.44,899.0,1.8192205892355375
34,MLP,0.439,902.0,1.815085996987275
122,MLP,0.439,902.0,1.815085996987275
966,MLP,0.439,902.0,1.815085996987275
1001,MLP,0.439,902.0,1.815085996987275
1343,MLP,0.439,902.0,1.815085996987275
1710,MLP,0.439,902.0,1.815085996987275
2314,MLP,0.439,902.0,1.815085996987275
449,MLP,0.438,909.0,1.8109514047390123
608,MLP,0.438,909.0,1.8109514047390123
961,MLP,0.438,909.0,1.8109514047390123
1606,MLP,0.438,909.0,1.8109514047390123
1995,MLP,0.438,909.0,1.8109514047390123
344,MLP,0.437,914.0,1.8068168124907498
1275,MLP,0.437,914.0,1.8068168124907498
2588,MLP,0.437,914.0,1.8068168124907498
2605,MLP,0.437,914.0,1.8068168124907498
2655,MLP,0.437,914.0,1.8068168124907498
286,MLP,0.436,919.0,1.8026822202424873
574,MLP,0.436,919.0,1.8026822202424873
1106,MLP,0.436,919.0,1.8026822202424873
1404,MLP,0.436,919.0,1.8026822202424873
1513,MLP,0.436,919.0,1.8026822202424873
44,MLP,0.435,924.0,1.7985476279942245
192,MLP,0.435,924.0,1.7985476279942245
316,MLP,0.435,924.0,1.7985476279942245
1660,MLP,0.435,924.0,1.7985476279942245
681,MLP,0.434,928.0,1.794413035745962
2157,MLP,0.434,928.0,1.794413035745962
2375,MLP,0.434,928.0,1.794413035745962
2739,MLP,0.434,928.0,1.794413035745962
689,MLP,0.433,932.0,1.7902784434976995
1411,MLP,0.433,932.0,1.7902784434976995
2220,MLP,0.433,932.0,1.7902784434976995
2690,MLP,0.433,932.0,1.7902784434976995
705,MLP,0.432,936.0,1.7861438512494368
1140,MLP,0.432,936.0,1.7861438512494368
1369,MLP,0.432,936.0,1.7861438512494368
2435,MLP,0.432,936.0,1.7861438512494368
2481,MLP,0.432,936.0,1.7861438512494368
1032,MLP,0.431,941.0,1.7820092590011742
1610,MLP,0.431,941.0,1.7820092590011742
2484,MLP,0.431,941.0,1.7820092590011742
7,MLP,0.43,944.0,1.7778746667529117
199,MLP,0.43,944.0,1.7778746667529117
418,MLP,0.43,944.0,1.7778746667529117
1295,MLP,0.43,944.0,1.7778746667529117
1568,MLP,0.43,944.0,1.7778746667529117
2594,MLP,0.43,944.0,1.7778746667529117
2691,MLP,0.43,944.0,1.7778746667529117
172,MLP,0.429,951.0,1.773740074504649
768,MLP,0.428,952.0,1.7696054822563865
156,MLP,0.427,953.0,1.765470890008124
340,MLP,0.427,953.0,1.765470890008124
387,MLP,0.427,953.0,1.765470890008124
1863,MLP,0.427,953.0,1.765470890008124
2762,MLP,0.427,953.0,1.765470890008124
738,MLP,0.426,958.0,1.7613362977598612
516,MLP,0.425,959.0,1.7572017055115987
994,MLP,0.425,959.0,1.7572017055115987
1199,MLP,0.425,959.0,1.7572017055115987
1625,MLP,0.425,959.0,1.7572017055115987
354,MLP,0.424,963.0,1.7530671132633362
728,MLP,0.424,963.0,1.7530671132633362
1272,MLP,0.424,963.0,1.7530671132633362
1546,MLP,0.424,963.0,1.7530671132633362
2447,MLP,0.424,963.0,1.7530671132633362
165,MLP,0.423,968.0,1.7489325210150735
629,MLP,0.423,968.0,1.7489325210150735
2131,MLP,0.423,968.0,1.7489325210150735
394,MLP,0.422,971.0,1.744797928766811
888,MLP,0.422,971.0,1.744797928766811
101,MLP,0.421,973.0,1.7406633365185484
1500,MLP,0.421,973.0,1.7406633365185484
1869,MLP,0.421,973.0,1.7406633365185484
957,MLP,0.42,976.0,1.7365287442702857
2163,MLP,0.42,976.0,1.7365287442702857
2279,MLP,0.42,976.0,1.7365287442702857
403,MLP,0.419,979.0,1.7323941520220232
587,MLP,0.419,979.0,1.7323941520220232
1711,MLP,0.419,979.0,1.7323941520220232
1969,MLP,0.419,979.0,1.7323941520220232
2482,MLP,0.419,979.0,1.7323941520220232
2490,MLP,0.419,979.0,1.7323941520220232
17,MLP,0.418,985.0,1.7282595597737607
474,MLP,0.418,985.0,1.7282595597737607
911,MLP,0.418,985.0,1.7282595597737607
1579,MLP,0.418,985.0,1.7282595597737607
1808,MLP,0.418,985.0,1.7282595597737607
2610,MLP,0.418,985.0,1.7282595597737607
2100,MLP,0.417,991.0,1.724124967525498
2585,MLP,0.417,991.0,1.724124967525498
694,MLP,0.415,993.0,1.715855783028973
1211,MLP,0.415,993.0,1.715855783028973
2391,MLP,0.415,993.0,1.715855783028973
2519,MLP,0.415,993.0,1.715855783028973
2525,MLP,0.415,993.0,1.715855783028973
1194,MLP,0.414,998.0,1.7117211907807102
1304,MLP,0.414,998.0,1.7117211907807102
32,MLP,0.413,1000.0,1.7075865985324477
469,MLP,0.413,1000.0,1.7075865985324477
502,MLP,0.413,1000.0,1.7075865985324477
1045,MLP,0.413,1000.0,1.7075865985324477
1535,MLP,0.413,1000.0,1.7075865985324477
1875,MLP,0.413,1000.0,1.7075865985324477
2020,MLP,0.413,1000.0,1.7075865985324477
2200,MLP,0.413,1000.0,1.7075865985324477
2242,MLP,0.413,1000.0,1.7075865985324477
2282,MLP,0.413,1000.0,1.7075865985324477
188,MLP,0.412,1010.0,1.7034520062841851
1405,MLP,0.412,1010.0,1.7034520062841851
1973,MLP,0.412,1010.0,1.7034520062841851
2248,MLP,0.412,1010.0,1.7034520062841851
314,MLP,0.411,1014.0,1.6993174140359224
682,MLP,0.411,1014.0,1.6993174140359224
849,MLP,0.411,1014.0,1.6993174140359224
851,MLP,0.411,1014.0,1.6993174140359224
924,MLP,0.411,1014.0,1.6993174140359224
1347,MLP,0.411,1014.0,1.6993174140359224
1631,MLP,0.411,1014.0,1.6993174140359224
1646,MLP,0.411,1014.0,1.6993174140359224
161,MLP,0.41,1022.0,1.6951828217876599
588,MLP,0.41,1022.0,1.6951828217876599
2114,MLP,0.41,1022.0,1.6951828217876599
241,MLP,0.409,1025.0,1.6910482295393974
703,MLP,0.409,1025.0,1.6910482295393974
722,MLP,0.409,1025.0,1.6910482295393974
2325,MLP,0.409,1025.0,1.6910482295393974
2332,MLP,0.409,1025.0,1.6910482295393974
822,MLP,0.408,1030.0,1.6869136372911346
833,MLP,0.408,1030.0,1.6869136372911346
2554,MLP,0.408,1030.0,1.6869136372911346
1806,MLP,0.407,1033.0,1.6827790450428721
2372,MLP,0.407,1033.0,1.6827790450428721
2597,MLP,0.407,1033.0,1.6827790450428721
414,MLP,0.406,1036.0,1.6786444527946098
2269,MLP,0.406,1036.0,1.6786444527946098
2386,MLP,0.406,1036.0,1.6786444527946098
1877,MLP,0.405,1039.0,1.674509860546347
905,MLP,0.404,1040.0,1.6703752682980846
1186,MLP,0.404,1040.0,1.6703752682980846
1422,MLP,0.404,1040.0,1.6703752682980846
2622,MLP,0.404,1040.0,1.6703752682980846
183,MLP,0.403,1044.0,1.666240676049822
438,MLP,0.403,1044.0,1.666240676049822
973,MLP,0.402,1046.0,1.6621060838015593
1622,MLP,0.402,1046.0,1.6621060838015593
1686,MLP,0.402,1046.0,1.6621060838015593
1993,MLP,0.402,1046.0,1.6621060838015593
505,MLP,0.401,1050.0,1.6579714915532968
1349,MLP,0.401,1050.0,1.6579714915532968
1620,MLP,0.401,1050.0,1.6579714915532968
1728,MLP,0.401,1050.0,1.6579714915532968
2312,MLP,0.401,1050.0,1.6579714915532968
396,MLP,0.4,1055.0,1.6538368993050343
1070,MLP,0.4,1055.0,1.6538368993050343
1959,MLP,0.4,1055.0,1.6538368993050343
2055,MLP,0.4,1055.0,1.6538368993050343
2396,MLP,0.4,1055.0,1.6538368993050343
800,MLP,0.399,1060.0,1.6497023070567716
1695,MLP,0.399,1060.0,1.6497023070567716
1794,MLP,0.399,1060.0,1.6497023070567716
1834,MLP,0.399,1060.0,1.6497023070567716
1989,MLP,0.399,1060.0,1.6497023070567716
2001,MLP,0.399,1060.0,1.6497023070567716
2212,MLP,0.399,1060.0,1.6497023070567716
2602,MLP,0.399,1060.0,1.6497023070567716
2735,MLP,0.399,1060.0,1.6497023070567716
745,MLP,0.398,1069.0,1.645567714808509
1506,MLP,0.398,1069.0,1.645567714808509
1663,MLP,0.398,1069.0,1.645567714808509
1966,MLP,0.398,1069.0,1.645567714808509
2045,MLP,0.398,1069.0,1.645567714808509
2531,MLP,0.398,1069.0,1.645567714808509
2419,MLP,0.397,1075.0,1.6414331225602465
741,MLP,0.396,1076.0,1.6372985303119838
2442,MLP,0.396,1076.0,1.6372985303119838
2598,MLP,0.396,1076.0,1.6372985303119838
2748,MLP,0.396,1076.0,1.6372985303119838
566,MLP,0.395,1080.0,1.6331639380637213
2661,MLP,0.395,1080.0,1.6331639380637213
1472,MLP,0.394,1082.0,1.6290293458154588
2108,MLP,0.394,1082.0,1.6290293458154588
37,MLP,0.393,1084.0,1.624894753567196
115,MLP,0.393,1084.0,1.624894753567196
147,MLP,0.393,1084.0,1.624894753567196
735,MLP,0.393,1084.0,1.624894753567196
978,MLP,0.393,1084.0,1.624894753567196
1218,MLP,0.393,1084.0,1.624894753567196
1248,MLP,0.393,1084.0,1.624894753567196
2616,MLP,0.393,1084.0,1.624894753567196
257,MLP,0.392,1092.0,1.6207601613189335
509,MLP,0.392,1092.0,1.6207601613189335
690,MLP,0.392,1092.0,1.6207601613189335
862,MLP,0.392,1092.0,1.6207601613189335
1111,MLP,0.392,1092.0,1.6207601613189335
1297,MLP,0.392,1092.0,1.6207601613189335
1658,MLP,0.392,1092.0,1.6207601613189335
1673,MLP,0.392,1092.0,1.6207601613189335
224,MLP,0.391,1100.0,1.616625569070671
310,MLP,0.391,1100.0,1.616625569070671
1589,MLP,0.391,1100.0,1.616625569070671
1708,MLP,0.391,1100.0,1.616625569070671
2390,MLP,0.391,1100.0,1.616625569070671
2676,MLP,0.391,1100.0,1.616625569070671
1102,MLP,0.39,1106.0,1.6124909768224083
2082,MLP,0.39,1106.0,1.6124909768224083
2218,MLP,0.39,1106.0,1.6124909768224083
2445,MLP,0.389,1109.0,1.6083563845741458
2697,MLP,0.389,1109.0,1.6083563845741458
464,MLP,0.388,1111.0,1.6042217923258832
521,MLP,0.388,1111.0,1.6042217923258832
942,MLP,0.388,1111.0,1.6042217923258832
1762,MLP,0.388,1111.0,1.6042217923258832
1799,MLP,0.388,1111.0,1.6042217923258832
2112,MLP,0.388,1111.0,1.6042217923258832
2684,MLP,0.388,1111.0,1.6042217923258832
457,MLP,0.387,1118.0,1.6000872000776205
1496,MLP,0.387,1118.0,1.6000872000776205
1896,MLP,0.387,1118.0,1.6000872000776205
2489,MLP,0.387,1118.0,1.6000872000776205
275,MLP,0.386,1122.0,1.595952607829358
666,MLP,0.386,1122.0,1.595952607829358
1043,MLP,0.386,1122.0,1.595952607829358
2522,MLP,0.386,1122.0,1.595952607829358
2767,MLP,0.386,1122.0,1.595952607829358
603,MLP,0.385,1127.0,1.5918180155810955
1290,MLP,0.385,1127.0,1.5918180155810955
1621,MLP,0.385,1127.0,1.5918180155810955
2034,MLP,0.385,1127.0,1.5918180155810955
2185,MLP,0.385,1127.0,1.5918180155810955
55,MLP,0.384,1132.0,1.5876834233328327
1147,MLP,0.384,1132.0,1.5876834233328327
1838,MLP,0.384,1132.0,1.5876834233328327
2635,MLP,0.384,1132.0,1.5876834233328327
2737,MLP,0.384,1132.0,1.5876834233328327
157,MLP,0.383,1137.0,1.5835488310845702
954,MLP,0.383,1137.0,1.5835488310845702
1336,MLP,0.383,1137.0,1.5835488310845702
1534,MLP,0.383,1137.0,1.5835488310845702
1670,MLP,0.383,1137.0,1.5835488310845702
1288,MLP,0.382,1142.0,1.5794142388363077
1615,MLP,0.382,1142.0,1.5794142388363077
1733,MLP,0.382,1142.0,1.5794142388363077
2151,MLP,0.382,1142.0,1.5794142388363077
365,MLP,0.381,1146.0,1.575279646588045
422,MLP,0.381,1146.0,1.575279646588045
986,MLP,0.381,1146.0,1.575279646588045
1537,MLP,0.381,1146.0,1.575279646588045
1943,MLP,0.381,1146.0,1.575279646588045
2264,MLP,0.381,1146.0,1.575279646588045
671,MLP,0.38,1152.0,1.5711450543397825
823,MLP,0.38,1152.0,1.5711450543397825
2262,MLP,0.38,1152.0,1.5711450543397825
184,MLP,0.379,1155.0,1.56701046209152
276,MLP,0.379,1155.0,1.56701046209152
809,MLP,0.379,1155.0,1.56701046209152
976,MLP,0.379,1155.0,1.56701046209152
1219,MLP,0.379,1155.0,1.56701046209152
2044,MLP,0.379,1155.0,1.56701046209152
2105,MLP,0.379,1155.0,1.56701046209152
2338,MLP,0.379,1155.0,1.56701046209152
2567,MLP,0.379,1155.0,1.56701046209152
501,MLP,0.378,1164.0,1.5628758698432572
1511,MLP,0.378,1164.0,1.5628758698432572
1716,MLP,0.378,1164.0,1.5628758698432572
2278,MLP,0.378,1164.0,1.5628758698432572
2683,MLP,0.378,1164.0,1.5628758698432572
250,MLP,0.377,1169.0,1.5587412775949947
471,MLP,0.377,1169.0,1.5587412775949947
578,MLP,0.377,1169.0,1.5587412775949947
708,MLP,0.377,1169.0,1.5587412775949947
988,MLP,0.377,1169.0,1.5587412775949947
1498,MLP,0.377,1169.0,1.5587412775949947
1569,MLP,0.377,1169.0,1.5587412775949947
1640,MLP,0.377,1169.0,1.5587412775949947
1938,MLP,0.377,1169.0,1.5587412775949947
1986,MLP,0.377,1169.0,1.5587412775949947
2019,MLP,0.377,1169.0,1.5587412775949947
2412,MLP,0.377,1169.0,1.5587412775949947
2650,MLP,0.377,1169.0,1.5587412775949947
835,MLP,0.376,1182.0,1.5546066853467322
1818,MLP,0.376,1182.0,1.5546066853467322
303,MLP,0.375,1184.0,1.5504720930984695
686,MLP,0.375,1184.0,1.5504720930984695
1069,MLP,0.375,1184.0,1.5504720930984695
1078,MLP,0.375,1184.0,1.5504720930984695
1570,MLP,0.375,1184.0,1.5504720930984695
2268,MLP,0.375,1184.0,1.5504720930984695
29,MLP,0.374,1190.0,1.546337500850207
235,MLP,0.374,1190.0,1.546337500850207
855,MLP,0.374,1190.0,1.546337500850207
1180,MLP,0.374,1190.0,1.546337500850207
1380,MLP,0.374,1190.0,1.546337500850207
2175,MLP,0.374,1190.0,1.546337500850207
473,MLP,0.373,1196.0,1.5422029086019444
559,MLP,0.373,1196.0,1.5422029086019444
733,MLP,0.373,1196.0,1.5422029086019444
1466,MLP,0.373,1196.0,1.5422029086019444
1948,MLP,0.373,1196.0,1.5422029086019444
2744,MLP,0.373,1196.0,1.5422029086019444
65,MLP,0.372,1202.0,1.5380683163536817
126,MLP,0.372,1202.0,1.5380683163536817
803,MLP,0.372,1202.0,1.5380683163536817
1179,MLP,0.372,1202.0,1.5380683163536817
1706,MLP,0.372,1202.0,1.5380683163536817
1936,MLP,0.372,1202.0,1.5380683163536817
2079,MLP,0.372,1202.0,1.5380683163536817
2523,MLP,0.372,1202.0,1.5380683163536817
615,MLP,0.371,1210.0,1.5339337241054192
799,MLP,0.371,1210.0,1.5339337241054192
871,MLP,0.371,1210.0,1.5339337241054192
935,MLP,0.371,1210.0,1.5339337241054192
1153,MLP,0.371,1210.0,1.5339337241054192
1547,MLP,0.371,1210.0,1.5339337241054192
1873,MLP,0.371,1210.0,1.5339337241054192
433,MLP,0.37,1217.0,1.5297991318571564
1039,MLP,0.37,1217.0,1.5297991318571564
1400,MLP,0.37,1217.0,1.5297991318571564
1956,MLP,0.37,1217.0,1.5297991318571564
2524,MLP,0.37,1217.0,1.5297991318571564
2773,MLP,0.37,1217.0,1.5297991318571564
1241,MLP,0.369,1223.0,1.525664539608894
1458,MLP,0.369,1223.0,1.525664539608894
1604,MLP,0.369,1223.0,1.525664539608894
1612,MLP,0.369,1223.0,1.525664539608894
2289,MLP,0.369,1223.0,1.525664539608894
333,MLP,0.368,1228.0,1.5215299473606314
412,MLP,0.368,1228.0,1.5215299473606314
646,MLP,0.368,1228.0,1.5215299473606314
675,MLP,0.368,1228.0,1.5215299473606314
1047,MLP,0.368,1228.0,1.5215299473606314
1976,MLP,0.368,1228.0,1.5215299473606314
180,MLP,0.367,1234.0,1.5173953551123687
989,MLP,0.367,1234.0,1.5173953551123687
1155,MLP,0.367,1234.0,1.5173953551123687
2452,MLP,0.367,1234.0,1.5173953551123687
2491,MLP,0.367,1234.0,1.5173953551123687
2643,MLP,0.367,1234.0,1.5173953551123687
248,MLP,0.366,1240.0,1.5132607628641062
1394,MLP,0.366,1240.0,1.5132607628641062
1769,MLP,0.366,1240.0,1.5132607628641062
1802,MLP,0.366,1240.0,1.5132607628641062
1962,MLP,0.366,1240.0,1.5132607628641062
458,MLP,0.365,1245.0,1.5091261706158436
506,MLP,0.365,1245.0,1.5091261706158436
575,MLP,0.365,1245.0,1.5091261706158436
1890,MLP,0.365,1245.0,1.5091261706158436
2546,MLP,0.365,1245.0,1.5091261706158436
2571,MLP,0.365,1245.0,1.5091261706158436
111,MLP,0.364,1251.0,1.504991578367581
258,MLP,0.364,1251.0,1.504991578367581
1154,MLP,0.364,1251.0,1.504991578367581
1171,MLP,0.364,1251.0,1.504991578367581
1544,MLP,0.364,1251.0,1.504991578367581
2751,MLP,0.364,1251.0,1.504991578367581
1408,MLP,0.363,1257.0,1.5008569861193184
2464,MLP,0.363,1257.0,1.5008569861193184
1141,MLP,0.362,1259.0,1.4967223938710559
1182,MLP,0.362,1259.0,1.4967223938710559
2327,MLP,0.362,1259.0,1.4967223938710559
709,MLP,0.361,1262.0,1.4925878016227931
1739,MLP,0.361,1262.0,1.4925878016227931
2122,MLP,0.361,1262.0,1.4925878016227931
2205,MLP,0.361,1262.0,1.4925878016227931
2237,MLP,0.361,1262.0,1.4925878016227931
2315,MLP,0.361,1262.0,1.4925878016227931
2420,MLP,0.361,1262.0,1.4925878016227931
330,MLP,0.36,1269.0,1.4884532093745306
582,MLP,0.36,1269.0,1.4884532093745306
653,MLP,0.36,1269.0,1.4884532093745306
1353,MLP,0.36,1269.0,1.4884532093745306
2533,MLP,0.36,1269.0,1.4884532093745306
2629,MLP,0.36,1269.0,1.4884532093745306
2657,MLP,0.36,1269.0,1.4884532093745306
130,MLP,0.359,1276.0,1.4843186171262681
141,MLP,0.359,1276.0,1.4843186171262681
419,MLP,0.359,1276.0,1.4843186171262681
480,MLP,0.359,1276.0,1.4843186171262681
918,MLP,0.359,1276.0,1.4843186171262681
2241,MLP,0.359,1276.0,1.4843186171262681
2570,MLP,0.359,1276.0,1.4843186171262681
2637,MLP,0.359,1276.0,1.4843186171262681
204,MLP,0.358,1284.0,1.4801840248780054
630,MLP,0.358,1284.0,1.4801840248780054
886,MLP,0.358,1284.0,1.4801840248780054
898,MLP,0.358,1284.0,1.4801840248780054
1657,MLP,0.358,1284.0,1.4801840248780054
413,MLP,0.357,1289.0,1.4760494326297429
478,MLP,0.357,1289.0,1.4760494326297429
1813,MLP,0.357,1289.0,1.4760494326297429
2240,MLP,0.357,1289.0,1.4760494326297429
2252,MLP,0.357,1289.0,1.4760494326297429
2294,MLP,0.357,1289.0,1.4760494326297429
18,MLP,0.356,1295.0,1.4719148403814803
259,MLP,0.356,1295.0,1.4719148403814803
308,MLP,0.356,1295.0,1.4719148403814803
613,MLP,0.356,1295.0,1.4719148403814803
676,MLP,0.356,1295.0,1.4719148403814803
1302,MLP,0.356,1295.0,1.4719148403814803
1378,MLP,0.355,1301.0,1.4677802481332176
1510,MLP,0.355,1301.0,1.4677802481332176
2003,MLP,0.355,1301.0,1.4677802481332176
2137,MLP,0.355,1301.0,1.4677802481332176
99,MLP,0.354,1305.0,1.463645655884955
490,MLP,0.354,1305.0,1.463645655884955
1333,MLP,0.354,1305.0,1.463645655884955
1643,MLP,0.354,1305.0,1.463645655884955
1654,MLP,0.354,1305.0,1.463645655884955
2251,MLP,0.354,1305.0,1.463645655884955
2692,MLP,0.354,1305.0,1.463645655884955
153,MLP,0.353,1312.0,1.4595110636366926
253,MLP,0.353,1312.0,1.4595110636366926
1051,MLP,0.353,1312.0,1.4595110636366926
1499,MLP,0.353,1312.0,1.4595110636366926
2367,MLP,0.353,1312.0,1.4595110636366926
2727,MLP,0.353,1312.0,1.4595110636366926
562,MLP,0.352,1318.0,1.4553764713884298
565,MLP,0.352,1318.0,1.4553764713884298
1393,MLP,0.352,1318.0,1.4553764713884298
1524,MLP,0.352,1318.0,1.4553764713884298
2178,MLP,0.352,1318.0,1.4553764713884298
2591,MLP,0.352,1318.0,1.4553764713884298
2713,MLP,0.352,1318.0,1.4553764713884298
46,MLP,0.351,1325.0,1.4512418791401673
755,MLP,0.351,1325.0,1.4512418791401673
1132,MLP,0.351,1325.0,1.4512418791401673
1261,MLP,0.351,1325.0,1.4512418791401673
2021,MLP,0.351,1325.0,1.4512418791401673
2140,MLP,0.351,1325.0,1.4512418791401673
26,MLP,0.35,1331.0,1.4471072868919048
97,MLP,0.35,1331.0,1.4471072868919048
455,MLP,0.35,1331.0,1.4471072868919048
668,MLP,0.35,1331.0,1.4471072868919048
725,MLP,0.35,1331.0,1.4471072868919048
1108,MLP,0.35,1331.0,1.4471072868919048
1440,MLP,0.35,1331.0,1.4471072868919048
2247,MLP,0.35,1331.0,1.4471072868919048
2506,MLP,0.35,1331.0,1.4471072868919048
2639,MLP,0.35,1331.0,1.4471072868919048
95,MLP,0.349,1341.0,1.442972694643642
301,MLP,0.349,1341.0,1.442972694643642
580,MLP,0.349,1341.0,1.442972694643642
1254,MLP,0.349,1341.0,1.442972694643642
1317,MLP,0.349,1341.0,1.442972694643642
1388,MLP,0.349,1341.0,1.442972694643642
1457,MLP,0.349,1341.0,1.442972694643642
1862,MLP,0.349,1341.0,1.442972694643642
2088,MLP,0.349,1341.0,1.442972694643642
2138,MLP,0.349,1341.0,1.442972694643642
2444,MLP,0.349,1341.0,1.442972694643642
2649,MLP,0.349,1341.0,1.442972694643642
2698,MLP,0.349,1341.0,1.442972694643642
813,MLP,0.348,1354.0,1.4388381023953796
1056,MLP,0.348,1354.0,1.4388381023953796
1131,MLP,0.348,1354.0,1.4388381023953796
1188,MLP,0.348,1354.0,1.4388381023953796
1489,MLP,0.348,1354.0,1.4388381023953796
1736,MLP,0.348,1354.0,1.4388381023953796
2271,MLP,0.348,1354.0,1.4388381023953796
2488,MLP,0.348,1354.0,1.4388381023953796
345,MLP,0.347,1362.0,1.434703510147117
544,MLP,0.347,1362.0,1.434703510147117
598,MLP,0.347,1362.0,1.434703510147117
1215,MLP,0.347,1362.0,1.434703510147117
1682,MLP,0.347,1362.0,1.434703510147117
1997,MLP,0.347,1362.0,1.434703510147117
2348,MLP,0.347,1362.0,1.434703510147117
2371,MLP,0.347,1362.0,1.434703510147117
265,MLP,0.346,1370.0,1.4305689178988543
348,MLP,0.346,1370.0,1.4305689178988543
416,MLP,0.346,1370.0,1.4305689178988543
1181,MLP,0.346,1370.0,1.4305689178988543
1691,MLP,0.346,1370.0,1.4305689178988543
1829,MLP,0.346,1370.0,1.4305689178988543
2346,MLP,0.346,1370.0,1.4305689178988543
245,MLP,0.345,1377.0,1.4264343256505918
399,MLP,0.345,1377.0,1.4264343256505918
2136,MLP,0.345,1377.0,1.4264343256505918
2528,MLP,0.345,1377.0,1.4264343256505918
2682,MLP,0.345,1377.0,1.4264343256505918
80,MLP,0.344,1382.0,1.4222997334023293
362,MLP,0.344,1382.0,1.4222997334023293
718,MLP,0.344,1382.0,1.4222997334023293
1474,MLP,0.344,1382.0,1.4222997334023293
2222,MLP,0.344,1382.0,1.4222997334023293
2623,MLP,0.344,1382.0,1.4222997334023293
2702,MLP,0.344,1382.0,1.4222997334023293
47,MLP,0.343,1389.0,1.4181651411540668
299,MLP,0.343,1389.0,1.4181651411540668
441,MLP,0.343,1389.0,1.4181651411540668
483,MLP,0.343,1389.0,1.4181651411540668
667,MLP,0.343,1389.0,1.4181651411540668
770,MLP,0.343,1389.0,1.4181651411540668
1130,MLP,0.343,1389.0,1.4181651411540668
1751,MLP,0.343,1389.0,1.4181651411540668
1761,MLP,0.343,1389.0,1.4181651411540668
2381,MLP,0.343,1389.0,1.4181651411540668
2415,MLP,0.343,1389.0,1.4181651411540668
2504,MLP,0.343,1389.0,1.4181651411540668
1949,MLP,0.342,1401.0,1.4140305489058043
2243,MLP,0.342,1401.0,1.4140305489058043
2246,MLP,0.342,1401.0,1.4140305489058043
573,MLP,0.341,1404.0,1.4098959566575417
767,MLP,0.341,1404.0,1.4098959566575417
820,MLP,0.341,1404.0,1.4098959566575417
1081,MLP,0.341,1404.0,1.4098959566575417
1564,MLP,0.341,1404.0,1.4098959566575417
1567,MLP,0.341,1404.0,1.4098959566575417
2065,MLP,0.341,1404.0,1.4098959566575417
2073,MLP,0.341,1404.0,1.4098959566575417
2093,MLP,0.341,1404.0,1.4098959566575417
549,MLP,0.34,1413.0,1.405761364409279
795,MLP,0.34,1413.0,1.405761364409279
1148,MLP,0.34,1413.0,1.405761364409279
1200,MLP,0.34,1413.0,1.405761364409279
1455,MLP,0.34,1413.0,1.405761364409279
1854,MLP,0.34,1413.0,1.405761364409279
1894,MLP,0.34,1413.0,1.405761364409279
2096,MLP,0.34,1413.0,1.405761364409279
2142,MLP,0.34,1413.0,1.405761364409279
2276,MLP,0.34,1413.0,1.405761364409279
2321,MLP,0.34,1413.0,1.405761364409279
61,MLP,0.339,1424.0,1.4016267721610165
350,MLP,0.339,1424.0,1.4016267721610165
357,MLP,0.339,1424.0,1.4016267721610165
798,MLP,0.339,1424.0,1.4016267721610165
883,MLP,0.339,1424.0,1.4016267721610165
1416,MLP,0.339,1424.0,1.4016267721610165
283,MLP,0.338,1430.0,1.397492179912754
1124,MLP,0.338,1430.0,1.397492179912754
1240,MLP,0.338,1430.0,1.397492179912754
1415,MLP,0.338,1430.0,1.397492179912754
2060,MLP,0.338,1430.0,1.397492179912754
373,MLP,0.337,1435.0,1.3933575876644912
1443,MLP,0.337,1435.0,1.3933575876644912
2216,MLP,0.337,1435.0,1.3933575876644912
2439,MLP,0.337,1435.0,1.3933575876644912
2621,MLP,0.337,1435.0,1.3933575876644912
205,MLP,0.336,1440.0,1.3892229954162287
272,MLP,0.336,1440.0,1.3892229954162287
541,MLP,0.336,1440.0,1.3892229954162287
846,MLP,0.336,1440.0,1.3892229954162287
1137,MLP,0.336,1440.0,1.3892229954162287
1267,MLP,0.336,1440.0,1.3892229954162287
1281,MLP,0.336,1440.0,1.3892229954162287
1582,MLP,0.336,1440.0,1.3892229954162287
1634,MLP,0.336,1440.0,1.3892229954162287
1950,MLP,0.336,1440.0,1.3892229954162287
2104,MLP,0.336,1440.0,1.3892229954162287
2229,MLP,0.336,1440.0,1.3892229954162287
540,MLP,0.335,1452.0,1.3850884031679662
592,MLP,0.335,1452.0,1.3850884031679662
1017,MLP,0.335,1452.0,1.3850884031679662
1082,MLP,0.335,1452.0,1.3850884031679662
1110,MLP,0.335,1452.0,1.3850884031679662
1699,MLP,0.335,1452.0,1.3850884031679662
1939,MLP,0.335,1452.0,1.3850884031679662
2043,MLP,0.335,1452.0,1.3850884031679662
2617,MLP,0.335,1452.0,1.3850884031679662
2638,MLP,0.335,1452.0,1.3850884031679662
40,MLP,0.334,1462.0,1.3809538109197035
388,MLP,0.334,1462.0,1.3809538109197035
610,MLP,0.334,1462.0,1.3809538109197035
784,MLP,0.334,1462.0,1.3809538109197035
1230,MLP,0.334,1462.0,1.3809538109197035
1341,MLP,0.334,1462.0,1.3809538109197035
1456,MLP,0.334,1462.0,1.3809538109197035
2201,MLP,0.334,1462.0,1.3809538109197035
2575,MLP,0.334,1462.0,1.3809538109197035
2759,MLP,0.334,1462.0,1.3809538109197035
164,MLP,0.333,1472.0,1.376819218671441
347,MLP,0.333,1472.0,1.376819218671441
543,MLP,0.333,1472.0,1.376819218671441
611,MLP,0.333,1472.0,1.376819218671441
1101,MLP,0.333,1472.0,1.376819218671441
1231,MLP,0.333,1472.0,1.376819218671441
1359,MLP,0.333,1472.0,1.376819218671441
1600,MLP,0.333,1472.0,1.376819218671441
2245,MLP,0.333,1472.0,1.376819218671441
2285,MLP,0.333,1472.0,1.376819218671441
2766,MLP,0.333,1472.0,1.376819218671441
684,MLP,0.332,1483.0,1.3726846264231785
759,MLP,0.332,1483.0,1.3726846264231785
971,MLP,0.332,1483.0,1.3726846264231785
1417,MLP,0.332,1483.0,1.3726846264231785
33,MLP,0.331,1487.0,1.3685500341749157
98,MLP,0.331,1487.0,1.3685500341749157
525,MLP,0.331,1487.0,1.3685500341749157
1313,MLP,0.331,1487.0,1.3685500341749157
1977,MLP,0.331,1487.0,1.3685500341749157
2032,MLP,0.331,1487.0,1.3685500341749157
2230,MLP,0.331,1487.0,1.3685500341749157
2595,MLP,0.331,1487.0,1.3685500341749157
436,MLP,0.33,1495.0,1.3644154419266532
628,MLP,0.33,1495.0,1.3644154419266532
782,MLP,0.33,1495.0,1.3644154419266532
1433,MLP,0.33,1495.0,1.3644154419266532
1483,MLP,0.33,1495.0,1.3644154419266532
1554,MLP,0.33,1495.0,1.3644154419266532
1609,MLP,0.33,1495.0,1.3644154419266532
2471,MLP,0.33,1495.0,1.3644154419266532
400,MLP,0.329,1503.0,1.3602808496783907
1397,MLP,0.329,1503.0,1.3602808496783907
1942,MLP,0.329,1503.0,1.3602808496783907
2135,MLP,0.329,1503.0,1.3602808496783907
169,MLP,0.328,1507.0,1.356146257430128
482,MLP,0.328,1507.0,1.356146257430128
545,MLP,0.328,1507.0,1.356146257430128
756,MLP,0.328,1507.0,1.356146257430128
827,MLP,0.328,1507.0,1.356146257430128
897,MLP,0.328,1507.0,1.356146257430128
1128,MLP,0.328,1507.0,1.356146257430128
1164,MLP,0.328,1507.0,1.356146257430128
1342,MLP,0.328,1507.0,1.356146257430128
1407,MLP,0.328,1507.0,1.356146257430128
1766,MLP,0.328,1507.0,1.356146257430128
2233,MLP,0.328,1507.0,1.356146257430128
162,MLP,0.327,1519.0,1.3520116651818654
698,MLP,0.327,1519.0,1.3520116651818654
931,MLP,0.327,1519.0,1.3520116651818654
2219,MLP,0.327,1519.0,1.3520116651818654
2462,MLP,0.327,1519.0,1.3520116651818654
757,MLP,0.326,1524.0,1.347877072933603
945,MLP,0.326,1524.0,1.347877072933603
1207,MLP,0.326,1524.0,1.347877072933603
1868,MLP,0.326,1524.0,1.347877072933603
1998,MLP,0.326,1524.0,1.347877072933603
23,MLP,0.325,1529.0,1.3437424806853402
91,MLP,0.325,1529.0,1.3437424806853402
364,MLP,0.325,1529.0,1.3437424806853402
446,MLP,0.325,1529.0,1.3437424806853402
594,MLP,0.325,1529.0,1.3437424806853402
640,MLP,0.325,1529.0,1.3437424806853402
1452,MLP,0.325,1529.0,1.3437424806853402
1782,MLP,0.325,1529.0,1.3437424806853402
1981,MLP,0.325,1529.0,1.3437424806853402
2107,MLP,0.325,1529.0,1.3437424806853402
2360,MLP,0.325,1529.0,1.3437424806853402
2454,MLP,0.325,1529.0,1.3437424806853402
2527,MLP,0.325,1529.0,1.3437424806853402
116,MLP,0.324,1542.0,1.3396078884370777
349,MLP,0.324,1542.0,1.3396078884370777
953,MLP,0.324,1542.0,1.3396078884370777
1866,MLP,0.324,1542.0,1.3396078884370777
1955,MLP,0.324,1542.0,1.3396078884370777
2642,MLP,0.324,1542.0,1.3396078884370777
62,MLP,0.323,1548.0,1.3354732961888152
319,MLP,0.323,1548.0,1.3354732961888152
1967,MLP,0.323,1548.0,1.3354732961888152
1978,MLP,0.323,1548.0,1.3354732961888152
2068,MLP,0.323,1548.0,1.3354732961888152
2403,MLP,0.323,1548.0,1.3354732961888152
2553,MLP,0.323,1548.0,1.3354732961888152
2670,MLP,0.323,1548.0,1.3354732961888152
2718,MLP,0.323,1548.0,1.3354732961888152
2755,MLP,0.323,1548.0,1.3354732961888152
466,MLP,0.322,1558.0,1.3313387039405524
514,MLP,0.322,1558.0,1.3313387039405524
609,MLP,0.322,1558.0,1.3313387039405524
706,MLP,0.322,1558.0,1.3313387039405524
747,MLP,0.322,1558.0,1.3313387039405524
1491,MLP,0.322,1558.0,1.3313387039405524
1616,MLP,0.322,1558.0,1.3313387039405524
2147,MLP,0.322,1558.0,1.3313387039405524
2254,MLP,0.322,1558.0,1.3313387039405524
66,MLP,0.321,1567.0,1.32720411169229
1097,MLP,0.321,1567.0,1.32720411169229
1444,MLP,0.321,1567.0,1.32720411169229
1703,MLP,0.321,1567.0,1.32720411169229
1720,MLP,0.321,1567.0,1.32720411169229
2025,MLP,0.321,1567.0,1.32720411169229
2293,MLP,0.321,1567.0,1.32720411169229
2296,MLP,0.321,1567.0,1.32720411169229
2573,MLP,0.321,1567.0,1.32720411169229
179,MLP,0.32,1576.0,1.3230695194440274
832,MLP,0.32,1576.0,1.3230695194440274
1120,MLP,0.32,1576.0,1.3230695194440274
1486,MLP,0.32,1576.0,1.3230695194440274
450,MLP,0.319,1580.0,1.3189349271957647
493,MLP,0.319,1580.0,1.3189349271957647
677,MLP,0.319,1580.0,1.3189349271957647
984,MLP,0.319,1580.0,1.3189349271957647
1367,MLP,0.319,1580.0,1.3189349271957647
2102,MLP,0.319,1580.0,1.3189349271957647
2153,MLP,0.319,1580.0,1.3189349271957647
2361,MLP,0.319,1580.0,1.3189349271957647
2658,MLP,0.319,1580.0,1.3189349271957647
2720,MLP,0.319,1580.0,1.3189349271957647
2771,MLP,0.319,1580.0,1.3189349271957647
219,MLP,0.318,1591.0,1.3148003349475021
234,MLP,0.318,1591.0,1.3148003349475021
247,MLP,0.318,1591.0,1.3148003349475021
622,MLP,0.318,1591.0,1.3148003349475021
766,MLP,0.318,1591.0,1.3148003349475021
1014,MLP,0.318,1591.0,1.3148003349475021
1208,MLP,0.318,1591.0,1.3148003349475021
1273,MLP,0.318,1591.0,1.3148003349475021
1541,MLP,0.318,1591.0,1.3148003349475021
1575,MLP,0.318,1591.0,1.3148003349475021
1577,MLP,0.318,1591.0,1.3148003349475021
1796,MLP,0.318,1591.0,1.3148003349475021
2017,MLP,0.318,1591.0,1.3148003349475021
2097,MLP,0.318,1591.0,1.3148003349475021
2458,MLP,0.318,1591.0,1.3148003349475021
2562,MLP,0.318,1591.0,1.3148003349475021
2760,MLP,0.318,1591.0,1.3148003349475021
232,MLP,0.317,1608.0,1.3106657426992396
564,MLP,0.317,1608.0,1.3106657426992396
590,MLP,0.317,1608.0,1.3106657426992396
870,MLP,0.317,1608.0,1.3106657426992396
1805,MLP,0.317,1608.0,1.3106657426992396
2378,MLP,0.317,1608.0,1.3106657426992396
2530,MLP,0.317,1608.0,1.3106657426992396
670,MLP,0.316,1615.0,1.306531150450977
1323,MLP,0.316,1615.0,1.306531150450977
2291,MLP,0.316,1615.0,1.306531150450977
2426,MLP,0.316,1615.0,1.306531150450977
2494,MLP,0.316,1615.0,1.306531150450977
2712,MLP,0.316,1615.0,1.306531150450977
352,MLP,0.315,1621.0,1.3023965582027144
1396,MLP,0.315,1621.0,1.3023965582027144
1659,MLP,0.315,1621.0,1.3023965582027144
2580,MLP,0.315,1621.0,1.3023965582027144
2715,MLP,0.315,1621.0,1.3023965582027144
2756,MLP,0.315,1621.0,1.3023965582027144
332,MLP,0.314,1627.0,1.2982619659544519
704,MLP,0.314,1627.0,1.2982619659544519
1618,MLP,0.314,1627.0,1.2982619659544519
2148,MLP,0.314,1627.0,1.2982619659544519
2408,MLP,0.314,1627.0,1.2982619659544519
9,MLP,0.313,1632.0,1.2941273737061891
1214,MLP,0.313,1632.0,1.2941273737061891
1574,MLP,0.313,1632.0,1.2941273737061891
1701,MLP,0.313,1632.0,1.2941273737061891
2014,MLP,0.313,1632.0,1.2941273737061891
2335,MLP,0.313,1632.0,1.2941273737061891
2579,MLP,0.313,1632.0,1.2941273737061891
426,MLP,0.312,1639.0,1.2899927814579266
481,MLP,0.312,1639.0,1.2899927814579266
1581,MLP,0.312,1639.0,1.2899927814579266
2006,MLP,0.312,1639.0,1.2899927814579266
2007,MLP,0.312,1639.0,1.2899927814579266
2614,MLP,0.312,1639.0,1.2899927814579266
2709,MLP,0.312,1639.0,1.2899927814579266
178,MLP,0.311,1646.0,1.285858189209664
213,MLP,0.311,1646.0,1.285858189209664
236,MLP,0.311,1646.0,1.285858189209664
492,MLP,0.311,1646.0,1.285858189209664
1170,MLP,0.311,1646.0,1.285858189209664
1193,MLP,0.311,1646.0,1.285858189209664
1306,MLP,0.311,1646.0,1.285858189209664
1531,MLP,0.311,1646.0,1.285858189209664
1724,MLP,0.31,1654.0,1.2817235969614014
2049,MLP,0.31,1654.0,1.2817235969614014
2265,MLP,0.31,1654.0,1.2817235969614014
2374,MLP,0.31,1654.0,1.2817235969614014
2728,MLP,0.31,1654.0,1.2817235969614014
41,MLP,0.309,1659.0,1.2775890047131389
57,MLP,0.309,1659.0,1.2775890047131389
225,MLP,0.309,1659.0,1.2775890047131389
279,MLP,0.309,1659.0,1.2775890047131389
633,MLP,0.309,1659.0,1.2775890047131389
1467,MLP,0.309,1659.0,1.2775890047131389
1744,MLP,0.309,1659.0,1.2775890047131389
1965,MLP,0.309,1659.0,1.2775890047131389
2039,MLP,0.309,1659.0,1.2775890047131389
2574,MLP,0.309,1659.0,1.2775890047131389
256,MLP,0.308,1669.0,1.2734544124648763
711,MLP,0.308,1669.0,1.2734544124648763
1079,MLP,0.308,1669.0,1.2734544124648763
1447,MLP,0.308,1669.0,1.2734544124648763
1521,MLP,0.308,1669.0,1.2734544124648763
1592,MLP,0.308,1669.0,1.2734544124648763
1897,MLP,0.308,1669.0,1.2734544124648763
2457,MLP,0.308,1669.0,1.2734544124648763
2496,MLP,0.308,1669.0,1.2734544124648763
3,MLP,0.307,1678.0,1.2693198202166136
31,MLP,0.307,1678.0,1.2693198202166136
853,MLP,0.307,1678.0,1.2693198202166136
932,MLP,0.307,1678.0,1.2693198202166136
1201,MLP,0.307,1678.0,1.2693198202166136
1712,MLP,0.307,1678.0,1.2693198202166136
2098,MLP,0.307,1678.0,1.2693198202166136
2355,MLP,0.307,1678.0,1.2693198202166136
2572,MLP,0.307,1678.0,1.2693198202166136
2752,MLP,0.307,1678.0,1.2693198202166136
2763,MLP,0.307,1678.0,1.2693198202166136
311,MLP,0.306,1689.0,1.265185227968351
762,MLP,0.306,1689.0,1.265185227968351
873,MLP,0.306,1689.0,1.265185227968351
1204,MLP,0.306,1689.0,1.265185227968351
1389,MLP,0.306,1689.0,1.265185227968351
1507,MLP,0.306,1689.0,1.265185227968351
1545,MLP,0.306,1689.0,1.265185227968351
1675,MLP,0.306,1689.0,1.265185227968351
1937,MLP,0.306,1689.0,1.265185227968351
2040,MLP,0.306,1689.0,1.265185227968351
2716,MLP,0.306,1689.0,1.265185227968351
781,MLP,0.305,1700.0,1.2610506357200886
834,MLP,0.305,1700.0,1.2610506357200886
896,MLP,0.305,1700.0,1.2610506357200886
1426,MLP,0.305,1700.0,1.2610506357200886
1721,MLP,0.305,1700.0,1.2610506357200886
1722,MLP,0.305,1700.0,1.2610506357200886
1822,MLP,0.305,1700.0,1.2610506357200886
112,MLP,0.304,1707.0,1.2569160434718258
398,MLP,0.304,1707.0,1.2569160434718258
421,MLP,0.304,1707.0,1.2569160434718258
783,MLP,0.304,1707.0,1.2569160434718258
1665,MLP,0.304,1707.0,1.2569160434718258
1774,MLP,0.304,1707.0,1.2569160434718258
2398,MLP,0.304,1707.0,1.2569160434718258
2512,MLP,0.304,1707.0,1.2569160434718258
2590,MLP,0.304,1707.0,1.2569160434718258
124,MLP,0.303,1716.0,1.2527814512235633
434,MLP,0.303,1716.0,1.2527814512235633
699,MLP,0.303,1716.0,1.2527814512235633
1112,MLP,0.303,1716.0,1.2527814512235633
1268,MLP,0.303,1716.0,1.2527814512235633
1330,MLP,0.303,1716.0,1.2527814512235633
1441,MLP,0.303,1716.0,1.2527814512235633
1747,MLP,0.303,1716.0,1.2527814512235633
2015,MLP,0.303,1716.0,1.2527814512235633
2301,MLP,0.303,1716.0,1.2527814512235633
237,MLP,0.302,1726.0,1.2486468589753008
1085,MLP,0.302,1726.0,1.2486468589753008
1599,MLP,0.302,1726.0,1.2486468589753008
1629,MLP,0.302,1726.0,1.2486468589753008
1867,MLP,0.302,1726.0,1.2486468589753008
1876,MLP,0.302,1726.0,1.2486468589753008
2601,MLP,0.302,1726.0,1.2486468589753008
2750,MLP,0.302,1726.0,1.2486468589753008
2769,MLP,0.302,1726.0,1.2486468589753008
406,MLP,0.301,1735.0,1.244512266727038
577,MLP,0.301,1735.0,1.244512266727038
867,MLP,0.301,1735.0,1.244512266727038
2700,MLP,0.301,1735.0,1.244512266727038
202,MLP,0.3,1739.0,1.2403776744787756
591,MLP,0.3,1739.0,1.2403776744787756
829,MLP,0.3,1739.0,1.2403776744787756
1246,MLP,0.3,1739.0,1.2403776744787756
1392,MLP,0.3,1739.0,1.2403776744787756
1694,MLP,0.3,1739.0,1.2403776744787756
2180,MLP,0.3,1739.0,1.2403776744787756
2405,MLP,0.3,1739.0,1.2403776744787756
2678,MLP,0.3,1739.0,1.2403776744787756
2730,MLP,0.3,1739.0,1.2403776744787756
4,MLP,0.299,1749.0,1.236243082230513
713,MLP,0.299,1749.0,1.236243082230513
1089,MLP,0.299,1749.0,1.236243082230513
1591,MLP,0.299,1749.0,1.236243082230513
1784,MLP,0.299,1749.0,1.236243082230513
1900,MLP,0.299,1749.0,1.236243082230513
2235,MLP,0.299,1749.0,1.236243082230513
2473,MLP,0.299,1749.0,1.236243082230513
2699,MLP,0.299,1749.0,1.236243082230513
523,MLP,0.298,1758.0,1.2321084899822503
712,MLP,0.298,1758.0,1.2321084899822503
811,MLP,0.298,1758.0,1.2321084899822503
889,MLP,0.298,1758.0,1.2321084899822503
943,MLP,0.298,1758.0,1.2321084899822503
1409,MLP,0.298,1758.0,1.2321084899822503
1542,MLP,0.298,1758.0,1.2321084899822503
1928,MLP,0.298,1758.0,1.2321084899822503
2615,MLP,0.298,1758.0,1.2321084899822503
145,MLP,0.297,1767.0,1.2279738977339878
337,MLP,0.297,1767.0,1.2279738977339878
537,MLP,0.297,1767.0,1.2279738977339878
583,MLP,0.297,1767.0,1.2279738977339878
1178,MLP,0.297,1767.0,1.2279738977339878
1705,MLP,0.297,1767.0,1.2279738977339878
1952,MLP,0.297,1767.0,1.2279738977339878
2116,MLP,0.297,1767.0,1.2279738977339878
360,MLP,0.296,1775.0,1.2238393054857253
744,MLP,0.296,1775.0,1.2238393054857253
1278,MLP,0.296,1775.0,1.2238393054857253
1562,MLP,0.296,1775.0,1.2238393054857253
1571,MLP,0.296,1775.0,1.2238393054857253
1635,MLP,0.296,1775.0,1.2238393054857253
2640,MLP,0.296,1775.0,1.2238393054857253
2778,MLP,0.296,1775.0,1.2238393054857253
589,MLP,0.295,1783.0,1.2197047132374625
1152,MLP,0.295,1783.0,1.2197047132374625
2101,MLP,0.295,1783.0,1.2197047132374625
2431,MLP,0.295,1783.0,1.2197047132374625
58,MLP,0.294,1787.0,1.2155701209892
309,MLP,0.294,1787.0,1.2155701209892
1292,MLP,0.294,1787.0,1.2155701209892
1430,MLP,0.294,1787.0,1.2155701209892
1738,MLP,0.294,1787.0,1.2155701209892
2031,MLP,0.294,1787.0,1.2155701209892
2048,MLP,0.294,1787.0,1.2155701209892
2109,MLP,0.294,1787.0,1.2155701209892
2187,MLP,0.294,1787.0,1.2155701209892
2341,MLP,0.294,1787.0,1.2155701209892
618,MLP,0.293,1797.0,1.2114355287409375
715,MLP,0.293,1797.0,1.2114355287409375
974,MLP,0.293,1797.0,1.2114355287409375
1005,MLP,0.293,1797.0,1.2114355287409375
1300,MLP,0.293,1797.0,1.2114355287409375
1508,MLP,0.293,1797.0,1.2114355287409375
2613,MLP,0.293,1797.0,1.2114355287409375
206,MLP,0.292,1804.0,1.2073009364926748
246,MLP,0.292,1804.0,1.2073009364926748
662,MLP,0.292,1804.0,1.2073009364926748
777,MLP,0.292,1804.0,1.2073009364926748
963,MLP,0.292,1804.0,1.2073009364926748
1719,MLP,0.292,1804.0,1.2073009364926748
1992,MLP,0.292,1804.0,1.2073009364926748
2302,MLP,0.292,1804.0,1.2073009364926748
2365,MLP,0.292,1804.0,1.2073009364926748
2543,MLP,0.292,1804.0,1.2073009364926748
173,MLP,0.291,1814.0,1.2031663442444123
680,MLP,0.291,1814.0,1.2031663442444123
1103,MLP,0.291,1814.0,1.2031663442444123
1352,MLP,0.291,1814.0,1.2031663442444123
1698,MLP,0.291,1814.0,1.2031663442444123
1753,MLP,0.291,1814.0,1.2031663442444123
1835,MLP,0.291,1814.0,1.2031663442444123
1925,MLP,0.291,1814.0,1.2031663442444123
1964,MLP,0.291,1814.0,1.2031663442444123
2115,MLP,0.291,1814.0,1.2031663442444123
2144,MLP,0.291,1814.0,1.2031663442444123
2526,MLP,0.291,1814.0,1.2031663442444123
2618,MLP,0.291,1814.0,1.2031663442444123
78,MLP,0.29,1827.0,1.1990317519961498
620,MLP,0.29,1827.0,1.1990317519961498
990,MLP,0.29,1827.0,1.1990317519961498
999,MLP,0.29,1827.0,1.1990317519961498
1028,MLP,0.29,1827.0,1.1990317519961498
1067,MLP,0.29,1827.0,1.1990317519961498
1280,MLP,0.29,1827.0,1.1990317519961498
1563,MLP,0.29,1827.0,1.1990317519961498
2446,MLP,0.29,1827.0,1.1990317519961498
453,MLP,0.289,1836.0,1.194897159747887
1087,MLP,0.289,1836.0,1.194897159747887
1123,MLP,0.289,1836.0,1.194897159747887
1332,MLP,0.289,1836.0,1.194897159747887
1334,MLP,0.289,1836.0,1.194897159747887
1550,MLP,0.289,1836.0,1.194897159747887
1576,MLP,0.289,1836.0,1.194897159747887
2410,MLP,0.289,1836.0,1.194897159747887
2417,MLP,0.289,1836.0,1.194897159747887
2539,MLP,0.289,1836.0,1.194897159747887
2696,MLP,0.289,1836.0,1.194897159747887
2740,MLP,0.289,1836.0,1.194897159747887
560,MLP,0.288,1848.0,1.1907625674996245
824,MLP,0.288,1848.0,1.1907625674996245
859,MLP,0.288,1848.0,1.1907625674996245
1068,MLP,0.288,1848.0,1.1907625674996245
1138,MLP,0.288,1848.0,1.1907625674996245
1145,MLP,0.288,1848.0,1.1907625674996245
1340,MLP,0.288,1848.0,1.1907625674996245
1528,MLP,0.288,1848.0,1.1907625674996245
1880,MLP,0.288,1848.0,1.1907625674996245
1881,MLP,0.288,1848.0,1.1907625674996245
2223,MLP,0.288,1848.0,1.1907625674996245
2461,MLP,0.288,1848.0,1.1907625674996245
2569,MLP,0.288,1848.0,1.1907625674996245
2775,MLP,0.288,1848.0,1.1907625674996245
304,MLP,0.287,1862.0,1.186627975251362
669,MLP,0.287,1862.0,1.186627975251362
685,MLP,0.287,1862.0,1.186627975251362
702,MLP,0.287,1862.0,1.186627975251362
707,MLP,0.287,1862.0,1.186627975251362
869,MLP,0.287,1862.0,1.186627975251362
1946,MLP,0.287,1862.0,1.186627975251362
2120,MLP,0.287,1862.0,1.186627975251362
2174,MLP,0.287,1862.0,1.186627975251362
2330,MLP,0.287,1862.0,1.186627975251362
341,MLP,0.286,1872.0,1.1824933830030993
451,MLP,0.286,1872.0,1.1824933830030993
508,MLP,0.286,1872.0,1.1824933830030993
1843,MLP,0.286,1872.0,1.1824933830030993
1907,MLP,0.286,1872.0,1.1824933830030993
2059,MLP,0.286,1872.0,1.1824933830030993
2425,MLP,0.286,1872.0,1.1824933830030993
2472,MLP,0.286,1872.0,1.1824933830030993
2549,MLP,0.286,1872.0,1.1824933830030993
2647,MLP,0.286,1872.0,1.1824933830030993
133,MLP,0.285,1882.0,1.1783587907548367
645,MLP,0.285,1882.0,1.1783587907548367
1133,MLP,0.285,1882.0,1.1783587907548367
1274,MLP,0.285,1882.0,1.1783587907548367
1982,MLP,0.285,1882.0,1.1783587907548367
2074,MLP,0.285,1882.0,1.1783587907548367
2337,MLP,0.285,1882.0,1.1783587907548367
2725,MLP,0.285,1882.0,1.1783587907548367
208,MLP,0.284,1890.0,1.1742241985065742
553,MLP,0.284,1890.0,1.1742241985065742
621,MLP,0.284,1890.0,1.1742241985065742
660,MLP,0.284,1890.0,1.1742241985065742
730,MLP,0.284,1890.0,1.1742241985065742
908,MLP,0.284,1890.0,1.1742241985065742
1013,MLP,0.284,1890.0,1.1742241985065742
1113,MLP,0.284,1890.0,1.1742241985065742
128,MLP,0.283,1898.0,1.1700896062583115
155,MLP,0.283,1898.0,1.1700896062583115
500,MLP,0.283,1898.0,1.1700896062583115
503,MLP,0.283,1898.0,1.1700896062583115
510,MLP,0.283,1898.0,1.1700896062583115
512,MLP,0.283,1898.0,1.1700896062583115
661,MLP,0.283,1898.0,1.1700896062583115
750,MLP,0.283,1898.0,1.1700896062583115
773,MLP,0.283,1898.0,1.1700896062583115
2150,MLP,0.283,1898.0,1.1700896062583115
2366,MLP,0.283,1898.0,1.1700896062583115
2628,MLP,0.283,1898.0,1.1700896062583115
56,MLP,0.282,1910.0,1.165955014010049
135,MLP,0.282,1910.0,1.165955014010049
1060,MLP,0.282,1910.0,1.165955014010049
1414,MLP,0.282,1910.0,1.165955014010049
1421,MLP,0.282,1910.0,1.165955014010049
1767,MLP,0.282,1910.0,1.165955014010049
2008,MLP,0.282,1910.0,1.165955014010049
2075,MLP,0.282,1910.0,1.165955014010049
2087,MLP,0.282,1910.0,1.165955014010049
2485,MLP,0.282,1910.0,1.165955014010049
2745,MLP,0.282,1910.0,1.165955014010049
2764,MLP,0.282,1910.0,1.165955014010049
142,MLP,0.281,1922.0,1.1618204217617867
305,MLP,0.281,1922.0,1.1618204217617867
585,MLP,0.281,1922.0,1.1618204217617867
866,MLP,0.281,1922.0,1.1618204217617867
895,MLP,0.281,1922.0,1.1618204217617867
1094,MLP,0.281,1922.0,1.1618204217617867
1216,MLP,0.281,1922.0,1.1618204217617867
1364,MLP,0.281,1922.0,1.1618204217617867
1548,MLP,0.281,1922.0,1.1618204217617867
1666,MLP,0.281,1922.0,1.1618204217617867
1717,MLP,0.281,1922.0,1.1618204217617867
223,MLP,0.28,1933.0,1.157685829513524
397,MLP,0.28,1933.0,1.157685829513524
1787,MLP,0.28,1933.0,1.157685829513524
1971,MLP,0.28,1933.0,1.157685829513524
2172,MLP,0.28,1933.0,1.157685829513524
2182,MLP,0.28,1933.0,1.157685829513524
2184,MLP,0.28,1933.0,1.157685829513524
2215,MLP,0.28,1933.0,1.157685829513524
2451,MLP,0.28,1933.0,1.157685829513524
2749,MLP,0.28,1933.0,1.157685829513524
617,MLP,0.279,1943.0,1.1535512372652614
695,MLP,0.279,1943.0,1.1535512372652614
969,MLP,0.279,1943.0,1.1535512372652614
1059,MLP,0.279,1943.0,1.1535512372652614
1092,MLP,0.279,1943.0,1.1535512372652614
1368,MLP,0.279,1943.0,1.1535512372652614
1773,MLP,0.279,1943.0,1.1535512372652614
1860,MLP,0.279,1943.0,1.1535512372652614
2056,MLP,0.279,1943.0,1.1535512372652614
2168,MLP,0.279,1943.0,1.1535512372652614
906,MLP,0.278,1953.0,1.149416645016999
1968,MLP,0.278,1953.0,1.149416645016999
2307,MLP,0.278,1953.0,1.149416645016999
607,MLP,0.277,1956.0,1.1452820527687362
792,MLP,0.277,1956.0,1.1452820527687362
893,MLP,0.277,1956.0,1.1452820527687362
1066,MLP,0.277,1956.0,1.1452820527687362
1168,MLP,0.277,1956.0,1.1452820527687362
1257,MLP,0.277,1956.0,1.1452820527687362
1786,MLP,0.277,1956.0,1.1452820527687362
1852,MLP,0.277,1956.0,1.1452820527687362
2286,MLP,0.277,1956.0,1.1452820527687362
2395,MLP,0.277,1956.0,1.1452820527687362
150,MLP,0.276,1966.0,1.1411474605204737
163,MLP,0.276,1966.0,1.1411474605204737
186,MLP,0.276,1966.0,1.1411474605204737
217,MLP,0.276,1966.0,1.1411474605204737
1478,MLP,0.276,1966.0,1.1411474605204737
1536,MLP,0.276,1966.0,1.1411474605204737
2035,MLP,0.276,1966.0,1.1411474605204737
2556,MLP,0.276,1966.0,1.1411474605204737
639,MLP,0.275,1974.0,1.1370128682722112
1149,MLP,0.275,1974.0,1.1370128682722112
1613,MLP,0.275,1974.0,1.1370128682722112
2083,MLP,0.275,1974.0,1.1370128682722112
2534,MLP,0.275,1974.0,1.1370128682722112
2761,MLP,0.275,1974.0,1.1370128682722112
456,MLP,0.274,1980.0,1.1328782760239484
619,MLP,0.274,1980.0,1.1328782760239484
880,MLP,0.274,1980.0,1.1328782760239484
1789,MLP,0.274,1980.0,1.1328782760239484
2069,MLP,0.274,1980.0,1.1328782760239484
2111,MLP,0.274,1980.0,1.1328782760239484
2186,MLP,0.274,1980.0,1.1328782760239484
2363,MLP,0.274,1980.0,1.1328782760239484
2625,MLP,0.274,1980.0,1.1328782760239484
2646,MLP,0.274,1980.0,1.1328782760239484
329,MLP,0.273,1990.0,1.128743683775686
568,MLP,0.273,1990.0,1.128743683775686
724,MLP,0.273,1990.0,1.128743683775686
807,MLP,0.273,1990.0,1.128743683775686
840,MLP,0.273,1990.0,1.128743683775686
972,MLP,0.273,1990.0,1.128743683775686
2028,MLP,0.273,1990.0,1.128743683775686
2349,MLP,0.273,1990.0,1.128743683775686
535,MLP,0.272,1998.0,1.1246090915274234
926,MLP,0.272,1998.0,1.1246090915274234
1228,MLP,0.272,1998.0,1.1246090915274234
1374,MLP,0.272,1998.0,1.1246090915274234
1494,MLP,0.272,1998.0,1.1246090915274234
1605,MLP,0.272,1998.0,1.1246090915274234
2027,MLP,0.272,1998.0,1.1246090915274234
2306,MLP,0.272,1998.0,1.1246090915274234
916,MLP,0.271,2006.0,1.1204744992791607
1593,MLP,0.271,2006.0,1.1204744992791607
1985,MLP,0.271,2006.0,1.1204744992791607
2169,MLP,0.271,2006.0,1.1204744992791607
2721,MLP,0.271,2006.0,1.1204744992791607
190,MLP,0.27,2011.0,1.1163399070308981
1331,MLP,0.27,2011.0,1.1163399070308981
1395,MLP,0.27,2011.0,1.1163399070308981
2058,MLP,0.27,2011.0,1.1163399070308981
2317,MLP,0.27,2011.0,1.1163399070308981
2399,MLP,0.27,2011.0,1.1163399070308981
385,MLP,0.269,2017.0,1.1122053147826356
390,MLP,0.269,2017.0,1.1122053147826356
758,MLP,0.269,2017.0,1.1122053147826356
1519,MLP,0.269,2017.0,1.1122053147826356
1557,MLP,0.269,2017.0,1.1122053147826356
1561,MLP,0.269,2017.0,1.1122053147826356
1743,MLP,0.269,2017.0,1.1122053147826356
1759,MLP,0.269,2017.0,1.1122053147826356
2518,MLP,0.269,2017.0,1.1122053147826356
531,MLP,0.268,2026.0,1.1080707225343729
857,MLP,0.268,2026.0,1.1080707225343729
1157,MLP,0.268,2026.0,1.1080707225343729
1372,MLP,0.268,2026.0,1.1080707225343729
1664,MLP,0.268,2026.0,1.1080707225343729
1988,MLP,0.268,2026.0,1.1080707225343729
1990,MLP,0.268,2026.0,1.1080707225343729
2565,MLP,0.268,2026.0,1.1080707225343729
1,MLP,0.267,2034.0,1.1039361302861104
63,MLP,0.267,2034.0,1.1039361302861104
209,MLP,0.267,2034.0,1.1039361302861104
226,MLP,0.267,2034.0,1.1039361302861104
263,MLP,0.267,2034.0,1.1039361302861104
1143,MLP,0.267,2034.0,1.1039361302861104
1265,MLP,0.267,2034.0,1.1039361302861104
1740,MLP,0.267,2034.0,1.1039361302861104
2448,MLP,0.267,2034.0,1.1039361302861104
2654,MLP,0.267,2034.0,1.1039361302861104
87,MLP,0.266,2044.0,1.0998015380378479
88,MLP,0.266,2044.0,1.0998015380378479
366,MLP,0.266,2044.0,1.0998015380378479
1205,MLP,0.266,2044.0,1.0998015380378479
1730,MLP,0.266,2044.0,1.0998015380378479
1792,MLP,0.266,2044.0,1.0998015380378479
2190,MLP,0.266,2044.0,1.0998015380378479
355,MLP,0.265,2051.0,1.0956669457895851
526,MLP,0.265,2051.0,1.0956669457895851
1357,MLP,0.265,2051.0,1.0956669457895851
1358,MLP,0.265,2051.0,1.0956669457895851
1653,MLP,0.265,2051.0,1.0956669457895851
1734,MLP,0.265,2051.0,1.0956669457895851
2217,MLP,0.265,2051.0,1.0956669457895851
2228,MLP,0.265,2051.0,1.0956669457895851
2479,MLP,0.265,2051.0,1.0956669457895851
417,MLP,0.264,2060.0,1.0915323535413226
720,MLP,0.264,2060.0,1.0915323535413226
790,MLP,0.264,2060.0,1.0915323535413226
982,MLP,0.264,2060.0,1.0915323535413226
1239,MLP,0.264,2060.0,1.0915323535413226
2364,MLP,0.264,2060.0,1.0915323535413226
430,MLP,0.263,2066.0,1.08739776129306
785,MLP,0.263,2066.0,1.08739776129306
787,MLP,0.263,2066.0,1.08739776129306
848,MLP,0.263,2066.0,1.08739776129306
1053,MLP,0.263,2066.0,1.08739776129306
1117,MLP,0.263,2066.0,1.08739776129306
1134,MLP,0.263,2066.0,1.08739776129306
1339,MLP,0.263,2066.0,1.08739776129306
1477,MLP,0.263,2066.0,1.08739776129306
2624,MLP,0.263,2066.0,1.08739776129306
2688,MLP,0.263,2066.0,1.08739776129306
2772,MLP,0.263,2066.0,1.08739776129306
716,MLP,0.262,2078.0,1.0832631690447974
1052,MLP,0.262,2078.0,1.0832631690447974
1210,MLP,0.262,2078.0,1.0832631690447974
1338,MLP,0.262,2078.0,1.0832631690447974
1376,MLP,0.262,2078.0,1.0832631690447974
1410,MLP,0.262,2078.0,1.0832631690447974
1461,MLP,0.262,2078.0,1.0832631690447974
1490,MLP,0.262,2078.0,1.0832631690447974
2206,MLP,0.262,2078.0,1.0832631690447974
2311,MLP,0.262,2078.0,1.0832631690447974
85,MLP,0.261,2088.0,1.0791285767965348
167,MLP,0.261,2088.0,1.0791285767965348
195,MLP,0.261,2088.0,1.0791285767965348
1283,MLP,0.261,2088.0,1.0791285767965348
2221,MLP,0.261,2088.0,1.0791285767965348
2777,MLP,0.261,2088.0,1.0791285767965348
42,MLP,0.26,2094.0,1.074993984548272
197,MLP,0.26,2094.0,1.074993984548272
353,MLP,0.26,2094.0,1.074993984548272
842,MLP,0.26,2094.0,1.074993984548272
864,MLP,0.26,2094.0,1.074993984548272
2066,MLP,0.26,2094.0,1.074993984548272
2407,MLP,0.26,2094.0,1.074993984548272
89,MLP,0.259,2101.0,1.0708593923000096
201,MLP,0.259,2101.0,1.0708593923000096
1136,MLP,0.259,2101.0,1.0708593923000096
1425,MLP,0.259,2101.0,1.0708593923000096
1731,MLP,0.259,2101.0,1.0708593923000096
2545,MLP,0.259,2101.0,1.0708593923000096
1864,MLP,0.258,2107.0,1.066724800051747
1934,MLP,0.258,2107.0,1.066724800051747
83,MLP,0.257,2109.0,1.0625902078034843
647,MLP,0.257,2109.0,1.0625902078034843
778,MLP,0.257,2109.0,1.0625902078034843
1058,MLP,0.257,2109.0,1.0625902078034843
1074,MLP,0.257,2109.0,1.0625902078034843
1099,MLP,0.257,2109.0,1.0625902078034843
1260,MLP,0.257,2109.0,1.0625902078034843
1770,MLP,0.257,2109.0,1.0625902078034843
1944,MLP,0.257,2109.0,1.0625902078034843
2018,MLP,0.257,2109.0,1.0625902078034843
113,MLP,0.256,2119.0,1.0584556155552218
233,MLP,0.256,2119.0,1.0584556155552218
1037,MLP,0.256,2119.0,1.0584556155552218
1237,MLP,0.256,2119.0,1.0584556155552218
1590,MLP,0.256,2119.0,1.0584556155552218
2072,MLP,0.256,2119.0,1.0584556155552218
2320,MLP,0.256,2119.0,1.0584556155552218
2413,MLP,0.256,2119.0,1.0584556155552218
203,MLP,0.255,2127.0,1.0543210233069593
1176,MLP,0.255,2127.0,1.0543210233069593
1209,MLP,0.255,2127.0,1.0543210233069593
102,MLP,0.254,2130.0,1.0501864310586966
626,MLP,0.254,2130.0,1.0501864310586966
1050,MLP,0.254,2130.0,1.0501864310586966
1262,MLP,0.254,2130.0,1.0501864310586966
1375,MLP,0.254,2130.0,1.0501864310586966
2024,MLP,0.254,2130.0,1.0501864310586966
19,MLP,0.253,2136.0,1.046051838810434
73,MLP,0.253,2136.0,1.046051838810434
185,MLP,0.253,2136.0,1.046051838810434
576,MLP,0.253,2136.0,1.046051838810434
1287,MLP,0.253,2136.0,1.046051838810434
1800,MLP,0.253,2136.0,1.046051838810434
2123,MLP,0.253,2136.0,1.046051838810434
2701,MLP,0.253,2136.0,1.046051838810434
1830,MLP,0.252,2144.0,1.0419172465621716
1904,MLP,0.252,2144.0,1.0419172465621716
2081,MLP,0.252,2144.0,1.0419172465621716
2171,MLP,0.252,2144.0,1.0419172465621716
2214,MLP,0.252,2144.0,1.0419172465621716
2468,MLP,0.252,2144.0,1.0419172465621716
1256,MLP,0.251,2150.0,1.0377826543139088
2244,MLP,0.251,2150.0,1.0377826543139088
2577,MLP,0.251,2150.0,1.0377826543139088
858,MLP,0.25,2153.0,1.0336480620656463
1195,MLP,0.25,2153.0,1.0336480620656463
1318,MLP,0.25,2153.0,1.0336480620656463
1326,MLP,0.25,2153.0,1.0336480620656463
1763,MLP,0.25,2153.0,1.0336480620656463
1809,MLP,0.25,2153.0,1.0336480620656463
1970,MLP,0.25,2153.0,1.0336480620656463
2377,MLP,0.25,2153.0,1.0336480620656463
519,MLP,0.249,2161.0,1.0295134698173838
554,MLP,0.249,2161.0,1.0295134698173838
1076,MLP,0.249,2161.0,1.0295134698173838
1327,MLP,0.249,2161.0,1.0295134698173838
1687,MLP,0.249,2161.0,1.0295134698173838
2070,MLP,0.249,2161.0,1.0295134698173838
2127,MLP,0.249,2161.0,1.0295134698173838
2409,MLP,0.249,2161.0,1.0295134698173838
2641,MLP,0.249,2161.0,1.0295134698173838
166,MLP,0.248,2170.0,1.025378877569121
1560,MLP,0.248,2170.0,1.025378877569121
363,MLP,0.247,2172.0,1.0212442853208585
875,MLP,0.247,2172.0,1.0212442853208585
947,MLP,0.247,2172.0,1.0212442853208585
2463,MLP,0.247,2172.0,1.0212442853208585
652,MLP,0.246,2176.0,1.017109693072596
1902,MLP,0.246,2176.0,1.017109693072596
736,MLP,0.245,2178.0,1.0129751008243333
791,MLP,0.245,2178.0,1.0129751008243333
1202,MLP,0.245,2178.0,1.0129751008243333
1709,MLP,0.245,2178.0,1.0129751008243333
2231,MLP,0.245,2178.0,1.0129751008243333
2353,MLP,0.245,2178.0,1.0129751008243333
1173,MLP,0.244,2184.0,1.0088405085760708
1465,MLP,0.244,2184.0,1.0088405085760708
1771,MLP,0.244,2184.0,1.0088405085760708
975,MLP,0.243,2187.0,1.0047059163278083
1217,MLP,0.243,2187.0,1.0047059163278083
2095,MLP,0.243,2187.0,1.0047059163278083
2460,MLP,0.243,2187.0,1.0047059163278083
2555,MLP,0.243,2187.0,1.0047059163278083
648,MLP,0.242,2192.0,1.0005713240795455
1752,MLP,0.242,2192.0,1.0005713240795455
239,MLP,0.241,2194.0,0.996436731831283
487,MLP,0.241,2194.0,0.996436731831283
949,MLP,0.241,2194.0,0.996436731831283
1696,MLP,0.241,2194.0,0.996436731831283
1790,MLP,0.241,2194.0,0.996436731831283
2586,MLP,0.241,2194.0,0.996436731831283
2693,MLP,0.241,2194.0,0.996436731831283
683,MLP,0.24,2201.0,0.9923021395830205
1887,MLP,0.24,2201.0,0.9923021395830205
2397,MLP,0.24,2201.0,0.9923021395830205
839,MLP,0.239,2204.0,0.9881675473347579
2193,MLP,0.239,2204.0,0.9881675473347579
604,MLP,0.238,2206.0,0.9840329550864952
946,MLP,0.238,2206.0,0.9840329550864952
1645,MLP,0.238,2206.0,0.9840329550864952
2194,MLP,0.238,2206.0,0.9840329550864952
346,MLP,0.237,2210.0,0.9798983628382326
665,MLP,0.237,2210.0,0.9798983628382326
907,MLP,0.237,2210.0,0.9798983628382326
1402,MLP,0.237,2210.0,0.9798983628382326
1630,MLP,0.237,2210.0,0.9798983628382326
1684,MLP,0.237,2210.0,0.9798983628382326
2358,MLP,0.237,2210.0,0.9798983628382326
2508,MLP,0.237,2210.0,0.9798983628382326
2559,MLP,0.237,2210.0,0.9798983628382326
378,MLP,0.236,2219.0,0.9757637705899701
915,MLP,0.236,2219.0,0.9757637705899701
114,MLP,0.235,2221.0,0.9716291783417075
447,MLP,0.235,2221.0,0.9716291783417075
477,MLP,0.235,2221.0,0.9716291783417075
1403,MLP,0.235,2221.0,0.9716291783417075
2370,MLP,0.235,2221.0,0.9716291783417075
2483,MLP,0.235,2221.0,0.9716291783417075
261,MLP,0.234,2227.0,0.967494586093445
1325,MLP,0.234,2227.0,0.967494586093445
2166,MLP,0.234,2227.0,0.967494586093445
2476,MLP,0.234,2227.0,0.967494586093445
2551,MLP,0.234,2227.0,0.967494586093445
90,MLP,0.233,2232.0,0.9633599938451824
123,MLP,0.233,2232.0,0.9633599938451824
401,MLP,0.233,2232.0,0.9633599938451824
494,MLP,0.233,2232.0,0.9633599938451824
1174,MLP,0.233,2232.0,0.9633599938451824
1225,MLP,0.233,2232.0,0.9633599938451824
1865,MLP,0.233,2232.0,0.9633599938451824
2459,MLP,0.233,2232.0,0.9633599938451824
731,MLP,0.232,2240.0,0.9592254015969198
1298,MLP,0.232,2240.0,0.9592254015969198
1707,MLP,0.232,2240.0,0.9592254015969198
2743,MLP,0.232,2240.0,0.9592254015969198
181,MLP,0.231,2244.0,0.9550908093486572
375,MLP,0.231,2244.0,0.9550908093486572
2196,MLP,0.231,2244.0,0.9550908093486572
2675,MLP,0.231,2244.0,0.9550908093486572
1586,MLP,0.23,2248.0,0.9509562171003947
1832,MLP,0.23,2248.0,0.9509562171003947
1918,MLP,0.229,2250.0,0.9468216248521321
1963,MLP,0.229,2250.0,0.9468216248521321
1996,MLP,0.229,2250.0,0.9468216248521321
152,MLP,0.228,2253.0,0.9426870326038694
1042,MLP,0.228,2253.0,0.9426870326038694
1229,MLP,0.228,2253.0,0.9426870326038694
1301,MLP,0.228,2253.0,0.9426870326038694
1303,MLP,0.228,2253.0,0.9426870326038694
1401,MLP,0.228,2253.0,0.9426870326038694
1714,MLP,0.228,2253.0,0.9426870326038694
1987,MLP,0.228,2253.0,0.9426870326038694
2167,MLP,0.228,2253.0,0.9426870326038694
271,MLP,0.227,2262.0,0.9385524403556069
727,MLP,0.227,2262.0,0.9385524403556069
1116,MLP,0.227,2262.0,0.9385524403556069
1197,MLP,0.227,2262.0,0.9385524403556069
1516,MLP,0.227,2262.0,0.9385524403556069
1816,MLP,0.227,2262.0,0.9385524403556069
2129,MLP,0.227,2262.0,0.9385524403556069
6,MLP,0.226,2269.0,0.9344178481073443
105,MLP,0.226,2269.0,0.9344178481073443
218,MLP,0.226,2269.0,0.9344178481073443
658,MLP,0.226,2269.0,0.9344178481073443
1061,MLP,0.226,2269.0,0.9344178481073443
240,MLP,0.225,2274.0,0.9302832558590817
1251,MLP,0.225,2274.0,0.9302832558590817
1481,MLP,0.225,2274.0,0.9302832558590817
1804,MLP,0.225,2274.0,0.9302832558590817
2350,MLP,0.225,2274.0,0.9302832558590817
2440,MLP,0.225,2274.0,0.9302832558590817
118,MLP,0.224,2280.0,0.9261486636108192
295,MLP,0.224,2280.0,0.9261486636108192
1022,MLP,0.224,2280.0,0.9261486636108192
2707,MLP,0.224,2280.0,0.9261486636108192
1206,MLP,0.223,2284.0,0.9220140713625565
1626,MLP,0.223,2284.0,0.9220140713625565
2173,MLP,0.223,2284.0,0.9220140713625565
2747,MLP,0.223,2284.0,0.9220140713625565
1903,MLP,0.222,2288.0,0.9178794791142939
2470,MLP,0.222,2288.0,0.9178794791142939
148,MLP,0.221,2290.0,0.9137448868660314
269,MLP,0.221,2290.0,0.9137448868660314
489,MLP,0.221,2290.0,0.9137448868660314
1831,MLP,0.221,2290.0,0.9137448868660314
1269,MLP,0.22,2294.0,0.9096102946177688
499,MLP,0.219,2295.0,0.9054757023695061
1046,MLP,0.219,2295.0,0.9054757023695061
1727,MLP,0.219,2295.0,0.9054757023695061
2592,MLP,0.219,2295.0,0.9054757023695061
651,MLP,0.218,2299.0,0.9013411101212436
1161,MLP,0.218,2299.0,0.9013411101212436
107,MLP,0.217,2301.0,0.897206517872981
772,MLP,0.217,2301.0,0.897206517872981
934,MLP,0.217,2301.0,0.897206517872981
2121,MLP,0.217,2301.0,0.897206517872981
191,MLP,0.216,2305.0,0.8930719256247184
284,MLP,0.216,2305.0,0.8930719256247184
2308,MLP,0.216,2305.0,0.8930719256247184
2387,MLP,0.216,2305.0,0.8930719256247184
472,MLP,0.215,2309.0,0.8889373333764559
804,MLP,0.215,2309.0,0.8889373333764559
1083,MLP,0.215,2309.0,0.8889373333764559
1908,MLP,0.215,2309.0,0.8889373333764559
2324,MLP,0.215,2309.0,0.8889373333764559
2376,MLP,0.215,2309.0,0.8889373333764559
1520,MLP,0.214,2315.0,0.8848027411281932
2352,MLP,0.214,2315.0,0.8848027411281932
1029,MLP,0.213,2317.0,0.8806681488799306
1470,MLP,0.213,2317.0,0.8806681488799306
1525,MLP,0.213,2317.0,0.8806681488799306
470,MLP,0.212,2320.0,0.8765335566316681
742,MLP,0.212,2320.0,0.8765335566316681
231,MLP,0.211,2322.0,0.8723989643834055
1310,MLP,0.211,2322.0,0.8723989643834055
1555,MLP,0.211,2322.0,0.8723989643834055
1812,MLP,0.211,2322.0,0.8723989643834055
2192,MLP,0.211,2322.0,0.8723989643834055
1683,MLP,0.21,2327.0,0.8682643721351428
2619,MLP,0.21,2327.0,0.8682643721351428
2666,MLP,0.21,2327.0,0.8682643721351428
852,MLP,0.209,2330.0,0.8641297798868803
1757,MLP,0.209,2330.0,0.8641297798868803
1777,MLP,0.209,2330.0,0.8641297798868803
2125,MLP,0.209,2330.0,0.8641297798868803
2155,MLP,0.209,2330.0,0.8641297798868803
1899,MLP,0.208,2335.0,0.8599951876386177
2331,MLP,0.208,2335.0,0.8599951876386177
14,MLP,0.207,2337.0,0.8558605953903551
278,MLP,0.207,2337.0,0.8558605953903551
882,MLP,0.207,2337.0,0.8558605953903551
1351,MLP,0.207,2337.0,0.8558605953903551
215,MLP,0.206,2341.0,0.8517260031420926
252,MLP,0.206,2341.0,0.8517260031420926
938,MLP,0.206,2341.0,0.8517260031420926
2077,MLP,0.206,2341.0,0.8517260031420926
2303,MLP,0.206,2341.0,0.8517260031420926
2550,MLP,0.206,2341.0,0.8517260031420926
2,MLP,0.205,2347.0,0.8475914108938299
108,MLP,0.205,2347.0,0.8475914108938299
227,MLP,0.205,2347.0,0.8475914108938299
1836,MLP,0.205,2347.0,0.8475914108938299
2113,MLP,0.205,2347.0,0.8475914108938299
2492,MLP,0.205,2347.0,0.8475914108938299
2754,MLP,0.205,2347.0,0.8475914108938299
465,MLP,0.204,2354.0,0.8434568186455673
802,MLP,0.204,2354.0,0.8434568186455673
2694,MLP,0.204,2354.0,0.8434568186455673
267,MLP,0.203,2357.0,0.8393222263973049
754,MLP,0.203,2357.0,0.8393222263973049
1817,MLP,0.203,2357.0,0.8393222263973049
1299,MLP,0.202,2360.0,0.8351876341490423
1462,MLP,0.202,2360.0,0.8351876341490423
1624,MLP,0.202,2360.0,0.8351876341490423
1842,MLP,0.201,2363.0,0.8310530419007797
2253,MLP,0.201,2363.0,0.8310530419007797
1213,MLP,0.2,2365.0,0.8269184496525172
1552,MLP,0.2,2365.0,0.8269184496525172
2050,MLP,0.2,2365.0,0.8269184496525172
2427,MLP,0.2,2365.0,0.8269184496525172
1027,MLP,0.199,2369.0,0.8227838574042545
1420,MLP,0.199,2369.0,0.8227838574042545
1911,MLP,0.199,2369.0,0.8227838574042545
1915,MLP,0.199,2369.0,0.8227838574042545
2176,MLP,0.199,2369.0,0.8227838574042545
2503,MLP,0.199,2369.0,0.8227838574042545
16,MLP,0.198,2375.0,0.8186492651559919
1636,MLP,0.198,2375.0,0.8186492651559919
1961,MLP,0.198,2375.0,0.8186492651559919
2499,MLP,0.198,2375.0,0.8186492651559919
20,MLP,0.197,2379.0,0.8145146729077294
643,MLP,0.197,2379.0,0.8145146729077294
801,MLP,0.197,2379.0,0.8145146729077294
2342,MLP,0.197,2379.0,0.8145146729077294
268,MLP,0.196,2383.0,0.8103800806594668
678,MLP,0.196,2383.0,0.8103800806594668
1387,MLP,0.196,2383.0,0.8103800806594668
2263,MLP,0.196,2383.0,0.8103800806594668
2668,MLP,0.196,2383.0,0.8103800806594668
79,MLP,0.195,2388.0,0.8062454884112041
1077,MLP,0.194,2389.0,0.8021108961629416
1742,MLP,0.194,2389.0,0.8021108961629416
2154,MLP,0.194,2389.0,0.8021108961629416
2631,MLP,0.194,2389.0,0.8021108961629416
21,MLP,0.193,2393.0,0.797976303914679
517,MLP,0.193,2393.0,0.797976303914679
739,MLP,0.193,2393.0,0.797976303914679
1235,MLP,0.193,2393.0,0.797976303914679
1236,MLP,0.193,2393.0,0.797976303914679
2002,MLP,0.193,2393.0,0.797976303914679
2208,MLP,0.193,2393.0,0.797976303914679
386,MLP,0.192,2400.0,0.7938417116664164
551,MLP,0.192,2400.0,0.7938417116664164
1667,MLP,0.192,2400.0,0.7938417116664164
1668,MLP,0.192,2400.0,0.7938417116664164
1713,MLP,0.192,2400.0,0.7938417116664164
1633,MLP,0.191,2405.0,0.7897071194181539
1859,MLP,0.191,2405.0,0.7897071194181539
2202,MLP,0.191,2405.0,0.7897071194181539
2424,MLP,0.191,2405.0,0.7897071194181539
2686,MLP,0.191,2405.0,0.7897071194181539
1587,MLP,0.19,2410.0,0.7855725271698912
439,MLP,0.189,2411.0,0.7814379349216286
2322,MLP,0.188,2412.0,0.7773033426733661
384,MLP,0.187,2413.0,0.7731687504251035
928,MLP,0.187,2413.0,0.7731687504251035
1434,MLP,0.187,2413.0,0.7731687504251035
1927,MLP,0.187,2413.0,0.7731687504251035
1844,MLP,0.186,2417.0,0.7690341581768408
614,MLP,0.185,2418.0,0.7648995659285782
788,MLP,0.185,2418.0,0.7648995659285782
881,MLP,0.185,2418.0,0.7648995659285782
1276,MLP,0.185,2418.0,0.7648995659285782
1529,MLP,0.185,2418.0,0.7648995659285782
1991,MLP,0.185,2418.0,0.7648995659285782
2288,MLP,0.185,2418.0,0.7648995659285782
2706,MLP,0.185,2418.0,0.7648995659285782
395,MLP,0.184,2426.0,0.7607649736803157
558,MLP,0.184,2426.0,0.7607649736803157
808,MLP,0.184,2426.0,0.7607649736803157
828,MLP,0.184,2426.0,0.7607649736803157
1497,MLP,0.184,2426.0,0.7607649736803157
1810,MLP,0.184,2426.0,0.7607649736803157
2465,MLP,0.184,2426.0,0.7607649736803157
595,MLP,0.183,2433.0,0.7566303814320531
1187,MLP,0.183,2433.0,0.7566303814320531
1196,MLP,0.183,2433.0,0.7566303814320531
315,MLP,0.182,2436.0,0.7524957891837905
921,MLP,0.182,2436.0,0.7524957891837905
948,MLP,0.182,2436.0,0.7524957891837905
1379,MLP,0.182,2436.0,0.7524957891837905
1580,MLP,0.182,2436.0,0.7524957891837905
1785,MLP,0.182,2436.0,0.7524957891837905
328,MLP,0.181,2442.0,0.7483611969355279
771,MLP,0.181,2442.0,0.7483611969355279
1223,MLP,0.181,2442.0,0.7483611969355279
2272,MLP,0.181,2442.0,0.7483611969355279
207,MLP,0.18,2446.0,0.7442266046872653
1370,MLP,0.18,2446.0,0.7442266046872653
1760,MLP,0.18,2446.0,0.7442266046872653
2477,MLP,0.18,2446.0,0.7442266046872653
448,MLP,0.179,2450.0,0.7400920124390027
977,MLP,0.179,2450.0,0.7400920124390027
1628,MLP,0.179,2450.0,0.7400920124390027
1307,MLP,0.178,2453.0,0.7359574201907402
1882,MLP,0.178,2453.0,0.7359574201907402
2239,MLP,0.178,2453.0,0.7359574201907402
2726,MLP,0.178,2453.0,0.7359574201907402
2734,MLP,0.178,2453.0,0.7359574201907402
109,MLP,0.177,2458.0,0.7318228279424775
229,MLP,0.177,2458.0,0.7318228279424775
462,MLP,0.177,2458.0,0.7318228279424775
919,MLP,0.177,2458.0,0.7318228279424775
2513,MLP,0.177,2458.0,0.7318228279424775
992,MLP,0.176,2463.0,0.7276882356942149
1071,MLP,0.176,2463.0,0.7276882356942149
1284,MLP,0.176,2463.0,0.7276882356942149
1294,MLP,0.176,2463.0,0.7276882356942149
1366,MLP,0.175,2467.0,0.7235536434459524
2402,MLP,0.175,2467.0,0.7235536434459524
2589,MLP,0.175,2467.0,0.7235536434459524
2681,MLP,0.175,2467.0,0.7235536434459524
737,MLP,0.174,2471.0,0.7194190511976898
1038,MLP,0.174,2471.0,0.7194190511976898
1821,MLP,0.174,2471.0,0.7194190511976898
2421,MLP,0.174,2471.0,0.7194190511976898
2428,MLP,0.174,2471.0,0.7194190511976898
2669,MLP,0.174,2471.0,0.7194190511976898
440,MLP,0.173,2477.0,0.7152844589494272
572,MLP,0.173,2477.0,0.7152844589494272
632,MLP,0.173,2477.0,0.7152844589494272
673,MLP,0.173,2477.0,0.7152844589494272
1293,MLP,0.173,2477.0,0.7152844589494272
1632,MLP,0.173,2477.0,0.7152844589494272
1726,MLP,0.173,2477.0,0.7152844589494272
1906,MLP,0.173,2477.0,0.7152844589494272
1975,MLP,0.173,2477.0,0.7152844589494272
198,MLP,0.172,2486.0,0.7111498667011646
322,MLP,0.172,2486.0,0.7111498667011646
910,MLP,0.172,2486.0,0.7111498667011646
1512,MLP,0.171,2489.0,0.7070152744529021
2548,MLP,0.171,2489.0,0.7070152744529021
524,MLP,0.17,2491.0,0.7028806822046395
1104,MLP,0.17,2491.0,0.7028806822046395
2652,MLP,0.17,2491.0,0.7028806822046395
579,MLP,0.169,2494.0,0.698746089956377
817,MLP,0.169,2494.0,0.698746089956377
838,MLP,0.169,2494.0,0.698746089956377
1015,MLP,0.169,2494.0,0.698746089956377
1156,MLP,0.169,2494.0,0.698746089956377
1348,MLP,0.169,2494.0,0.698746089956377
2500,MLP,0.169,2494.0,0.698746089956377
2560,MLP,0.169,2494.0,0.698746089956377
2280,MLP,0.167,2502.0,0.6904769054598517
243,MLP,0.166,2503.0,0.6863423132115892
1000,MLP,0.166,2503.0,0.6863423132115892
1840,MLP,0.166,2503.0,0.6863423132115892
1857,MLP,0.166,2503.0,0.6863423132115892
2357,MLP,0.166,2503.0,0.6863423132115892
2604,MLP,0.166,2503.0,0.6863423132115892
359,MLP,0.165,2509.0,0.6822077209633266
542,MLP,0.165,2509.0,0.6822077209633266
1232,MLP,0.165,2509.0,0.6822077209633266
1741,MLP,0.165,2509.0,0.6822077209633266
2558,MLP,0.165,2509.0,0.6822077209633266
356,MLP,0.164,2514.0,0.678073128715064
1191,MLP,0.164,2514.0,0.678073128715064
1234,MLP,0.164,2514.0,0.678073128715064
2438,MLP,0.164,2514.0,0.678073128715064
2729,MLP,0.164,2514.0,0.678073128715064
1495,MLP,0.163,2519.0,0.6739385364668015
1870,MLP,0.163,2519.0,0.6739385364668015
1049,MLP,0.162,2521.0,0.6698039442185388
1735,MLP,0.162,2521.0,0.6698039442185388
2061,MLP,0.162,2521.0,0.6698039442185388
2362,MLP,0.162,2521.0,0.6698039442185388
54,MLP,0.161,2525.0,0.6656693519702762
868,MLP,0.161,2525.0,0.6656693519702762
1075,MLP,0.161,2525.0,0.6656693519702762
1435,MLP,0.161,2525.0,0.6656693519702762
1485,MLP,0.161,2525.0,0.6656693519702762
1602,MLP,0.161,2525.0,0.6656693519702762
1820,MLP,0.161,2525.0,0.6656693519702762
1941,MLP,0.161,2525.0,0.6656693519702762
2304,MLP,0.161,2525.0,0.6656693519702762
331,MLP,0.16,2534.0,0.6615347597220137
368,MLP,0.16,2534.0,0.6615347597220137
1057,MLP,0.16,2534.0,0.6615347597220137
1319,MLP,0.16,2534.0,0.6615347597220137
1984,MLP,0.16,2534.0,0.6615347597220137
2198,MLP,0.16,2534.0,0.6615347597220137
2687,MLP,0.16,2534.0,0.6615347597220137
1002,MLP,0.159,2541.0,0.6574001674737511
1350,MLP,0.159,2541.0,0.6574001674737511
1471,MLP,0.159,2541.0,0.6574001674737511
2146,MLP,0.159,2541.0,0.6574001674737511
2329,MLP,0.159,2541.0,0.6574001674737511
2379,MLP,0.159,2541.0,0.6574001674737511
2385,MLP,0.159,2541.0,0.6574001674737511
2557,MLP,0.159,2541.0,0.6574001674737511
94,MLP,0.158,2549.0,0.6532655752254884
154,MLP,0.158,2549.0,0.6532655752254884
254,MLP,0.158,2549.0,0.6532655752254884
644,MLP,0.158,2549.0,0.6532655752254884
1833,MLP,0.158,2549.0,0.6532655752254884
2051,MLP,0.158,2549.0,0.6532655752254884
273,MLP,0.157,2555.0,0.6491309829772259
641,MLP,0.157,2555.0,0.6491309829772259
887,MLP,0.157,2555.0,0.6491309829772259
1065,MLP,0.157,2555.0,0.6491309829772259
1765,MLP,0.157,2555.0,0.6491309829772259
2041,MLP,0.157,2555.0,0.6491309829772259
1282,MLP,0.155,2561.0,0.6408617984807007
1365,MLP,0.155,2561.0,0.6408617984807007
1429,MLP,0.155,2561.0,0.6408617984807007
2197,MLP,0.155,2561.0,0.6408617984807007
2498,MLP,0.155,2561.0,0.6408617984807007
50,MLP,0.154,2566.0,0.6367272062324382
336,MLP,0.154,2566.0,0.6367272062324382
1072,MLP,0.154,2566.0,0.6367272062324382
1527,MLP,0.154,2566.0,0.6367272062324382
1983,MLP,0.154,2566.0,0.6367272062324382
67,MLP,0.153,2571.0,0.6325926139841755
68,MLP,0.153,2571.0,0.6325926139841755
72,MLP,0.153,2571.0,0.6325926139841755
139,MLP,0.153,2571.0,0.6325926139841755
1598,MLP,0.153,2571.0,0.6325926139841755
1679,MLP,0.153,2571.0,0.6325926139841755
2283,MLP,0.153,2571.0,0.6325926139841755
504,MLP,0.152,2578.0,0.6284580217359129
796,MLP,0.152,2578.0,0.6284580217359129
2009,MLP,0.152,2578.0,0.6284580217359129
2064,MLP,0.152,2578.0,0.6284580217359129
48,MLP,0.151,2582.0,0.6243234294876504
475,MLP,0.151,2582.0,0.6243234294876504
854,MLP,0.151,2582.0,0.6243234294876504
1064,MLP,0.151,2582.0,0.6243234294876504
1398,MLP,0.151,2582.0,0.6243234294876504
1464,MLP,0.151,2582.0,0.6243234294876504
2732,MLP,0.151,2582.0,0.6243234294876504
136,MLP,0.15,2589.0,0.6201888372393878
1603,MLP,0.15,2589.0,0.6201888372393878
1723,MLP,0.15,2589.0,0.6201888372393878
2165,MLP,0.15,2589.0,0.6201888372393878
2478,MLP,0.15,2589.0,0.6201888372393878
779,MLP,0.149,2594.0,0.6160542449911252
1386,MLP,0.149,2594.0,0.6160542449911252
2768,MLP,0.149,2594.0,0.6160542449911252
2310,MLP,0.148,2597.0,0.6119196527428626
2345,MLP,0.148,2597.0,0.6119196527428626
2596,MLP,0.148,2597.0,0.6119196527428626
182,MLP,0.147,2600.0,0.6077850604946
1003,MLP,0.147,2600.0,0.6077850604946
2062,MLP,0.147,2600.0,0.6077850604946
2207,MLP,0.147,2600.0,0.6077850604946
2343,MLP,0.147,2600.0,0.6077850604946
2429,MLP,0.147,2600.0,0.6077850604946
36,MLP,0.146,2606.0,0.6036504682463374
498,MLP,0.146,2606.0,0.6036504682463374
1745,MLP,0.146,2606.0,0.6036504682463374
1795,MLP,0.146,2606.0,0.6036504682463374
930,MLP,0.145,2610.0,0.5995158759980749
1054,MLP,0.145,2610.0,0.5995158759980749
2086,MLP,0.145,2610.0,0.5995158759980749
1177,MLP,0.144,2613.0,0.5953812837498123
1335,MLP,0.144,2613.0,0.5953812837498123
1346,MLP,0.144,2613.0,0.5953812837498123
1827,MLP,0.144,2613.0,0.5953812837498123
120,MLP,0.143,2617.0,0.5912466915015496
663,MLP,0.143,2617.0,0.5912466915015496
726,MLP,0.143,2617.0,0.5912466915015496
1487,MLP,0.143,2617.0,0.5912466915015496
2620,MLP,0.143,2617.0,0.5912466915015496
140,MLP,0.142,2622.0,0.5871120992532871
2521,MLP,0.142,2622.0,0.5871120992532871
13,MLP,0.141,2624.0,0.5829775070050245
520,MLP,0.141,2624.0,0.5829775070050245
936,MLP,0.141,2624.0,0.5829775070050245
1006,MLP,0.141,2624.0,0.5829775070050245
2382,MLP,0.141,2624.0,0.5829775070050245
1801,MLP,0.14,2629.0,0.578842914756762
2011,MLP,0.14,2629.0,0.578842914756762
2046,MLP,0.14,2629.0,0.578842914756762
2587,MLP,0.14,2629.0,0.578842914756762
1063,MLP,0.139,2633.0,0.5747083225084995
1671,MLP,0.139,2633.0,0.5747083225084995
2071,MLP,0.139,2633.0,0.5747083225084995
2535,MLP,0.139,2633.0,0.5747083225084995
28,MLP,0.138,2637.0,0.5705737302602368
49,MLP,0.138,2637.0,0.5705737302602368
1878,MLP,0.138,2637.0,0.5705737302602368
2603,MLP,0.138,2637.0,0.5705737302602368
642,MLP,0.137,2641.0,0.5664391380119742
793,MLP,0.137,2641.0,0.5664391380119742
1718,MLP,0.137,2641.0,0.5664391380119742
987,MLP,0.136,2644.0,0.5623045457637117
2536,MLP,0.136,2644.0,0.5623045457637117
1034,MLP,0.135,2646.0,0.5581699535154491
2328,MLP,0.135,2646.0,0.5581699535154491
2383,MLP,0.135,2646.0,0.5581699535154491
2510,MLP,0.134,2649.0,0.5540353612671864
103,MLP,0.133,2650.0,0.5499007690189239
144,MLP,0.133,2650.0,0.5499007690189239
121,MLP,0.132,2652.0,0.5457661767706613
461,MLP,0.132,2652.0,0.5457661767706613
1245,MLP,0.132,2652.0,0.5457661767706613
1578,MLP,0.132,2652.0,0.5457661767706613
1737,MLP,0.132,2652.0,0.5457661767706613
1851,MLP,0.132,2652.0,0.5457661767706613
2516,MLP,0.132,2652.0,0.5457661767706613
584,MLP,0.131,2659.0,0.5416315845223987
1024,MLP,0.131,2659.0,0.5416315845223987
1139,MLP,0.13,2661.0,0.537496992274136
1259,MLP,0.13,2661.0,0.537496992274136
2297,MLP,0.13,2661.0,0.537496992274136
634,MLP,0.129,2664.0,0.5333624000258735
912,MLP,0.129,2664.0,0.5333624000258735
941,MLP,0.129,2664.0,0.5333624000258735
1381,MLP,0.129,2664.0,0.5333624000258735
1947,MLP,0.129,2664.0,0.5333624000258735
2507,MLP,0.129,2664.0,0.5333624000258735
2653,MLP,0.129,2664.0,0.5333624000258735
30,MLP,0.128,2671.0,0.5292278077776109
983,MLP,0.128,2671.0,0.5292278077776109
1086,MLP,0.128,2671.0,0.5292278077776109
2414,MLP,0.128,2671.0,0.5292278077776109
2685,MLP,0.128,2671.0,0.5292278077776109
515,MLP,0.127,2676.0,0.5250932155293483
760,MLP,0.127,2676.0,0.5250932155293483
1449,MLP,0.127,2676.0,0.5250932155293483
2143,MLP,0.127,2676.0,0.5250932155293483
1091,MLP,0.126,2680.0,0.5209586232810858
1247,MLP,0.126,2680.0,0.5209586232810858
1573,MLP,0.126,2680.0,0.5209586232810858
1595,MLP,0.125,2683.0,0.5168240310328232
1676,MLP,0.125,2683.0,0.5168240310328232
2738,MLP,0.125,2683.0,0.5168240310328232
550,MLP,0.124,2686.0,0.5126894387845605
1227,MLP,0.124,2686.0,0.5126894387845605
2449,MLP,0.124,2686.0,0.5126894387845605
894,MLP,0.123,2689.0,0.508554846536298
985,MLP,0.123,2689.0,0.508554846536298
1641,MLP,0.123,2689.0,0.508554846536298
1850,MLP,0.123,2689.0,0.508554846536298
1162,MLP,0.122,2693.0,0.5044202542880354
1617,MLP,0.122,2693.0,0.5044202542880354
1917,MLP,0.122,2693.0,0.5044202542880354
1322,MLP,0.121,2696.0,0.5002856620397728
1889,MLP,0.121,2696.0,0.5002856620397728
2340,MLP,0.121,2696.0,0.5002856620397728
2606,MLP,0.121,2696.0,0.5002856620397728
692,MLP,0.12,2700.0,0.49615106979151025
693,MLP,0.12,2700.0,0.49615106979151025
1289,MLP,0.119,2702.0,0.4920164775432476
1373,MLP,0.119,2702.0,0.4920164775432476
1399,MLP,0.119,2702.0,0.4920164775432476
1515,MLP,0.119,2702.0,0.4920164775432476
1553,MLP,0.119,2702.0,0.4920164775432476
1901,MLP,0.119,2702.0,0.4920164775432476
134,MLP,0.118,2708.0,0.48788188529498505
841,MLP,0.118,2708.0,0.48788188529498505
1016,MLP,0.118,2708.0,0.48788188529498505
1823,MLP,0.118,2708.0,0.48788188529498505
1916,MLP,0.118,2708.0,0.48788188529498505
2124,MLP,0.118,2708.0,0.48788188529498505
751,MLP,0.117,2714.0,0.4837472930467225
158,MLP,0.116,2715.0,0.4796127007984599
200,MLP,0.116,2715.0,0.4796127007984599
274,MLP,0.116,2715.0,0.4796127007984599
2626,MLP,0.116,2715.0,0.4796127007984599
2663,MLP,0.116,2715.0,0.4796127007984599
313,MLP,0.115,2720.0,0.47547810855019734
1362,MLP,0.115,2720.0,0.47547810855019734
2126,MLP,0.115,2720.0,0.47547810855019734
2433,MLP,0.115,2720.0,0.47547810855019734
2502,MLP,0.115,2720.0,0.47547810855019734
2753,MLP,0.115,2720.0,0.47547810855019734
687,MLP,0.114,2726.0,0.4713435163019347
1030,MLP,0.114,2726.0,0.4713435163019347
1509,MLP,0.114,2726.0,0.4713435163019347
2563,MLP,0.114,2726.0,0.4713435163019347
291,MLP,0.113,2730.0,0.46720892405367215
1463,MLP,0.113,2730.0,0.46720892405367215
764,MLP,0.112,2732.0,0.4630743318054096
1638,MLP,0.112,2732.0,0.4630743318054096
1750,MLP,0.112,2732.0,0.4630743318054096
2134,MLP,0.112,2732.0,0.4630743318054096
290,MLP,0.111,2736.0,0.45893973955714695
929,MLP,0.111,2736.0,0.45893973955714695
285,MLP,0.11,2738.0,0.4548051473088844
380,MLP,0.11,2738.0,0.4548051473088844
479,MLP,0.11,2738.0,0.4548051473088844
631,MLP,0.11,2738.0,0.4548051473088844
2139,MLP,0.11,2738.0,0.4548051473088844
1036,MLP,0.109,2743.0,0.4506705550606218
2336,MLP,0.109,2743.0,0.4506705550606218
903,MLP,0.108,2745.0,0.4465359628123592
361,MLP,0.107,2746.0,0.4424013705640966
1095,MLP,0.107,2746.0,0.4424013705640966
1732,MLP,0.107,2746.0,0.4424013705640966
2423,MLP,0.107,2746.0,0.4424013705640966
2493,MLP,0.107,2746.0,0.4424013705640966
2664,MLP,0.107,2746.0,0.4424013705640966
317,MLP,0.106,2752.0,0.43826677831583405
789,MLP,0.106,2752.0,0.43826677831583405
1886,MLP,0.105,2754.0,0.4341321860675714
242,MLP,0.104,2755.0,0.42999759381930885
1249,MLP,0.104,2755.0,0.42999759381930885
1424,MLP,0.103,2757.0,0.4258630015710463
571,MLP,0.102,2758.0,0.42172840932278366
627,MLP,0.102,2758.0,0.42172840932278366
939,MLP,0.102,2758.0,0.42172840932278366
1159,MLP,0.102,2758.0,0.42172840932278366
1505,MLP,0.102,2758.0,0.42172840932278366
106,MLP,0.101,2763.0,0.41759381707452115
1198,MLP,0.101,2763.0,0.41759381707452115
2671,MLP,0.101,2763.0,0.41759381707452115
2094,MLP,0.1,2766.0,0.4134592248262586
1619,MLP,0.099,2767.0,0.40932463257799595
723,MLP,0.097,2768.0,0.4010554480814708
2645,MLP,0.096,2769.0,0.3969208558332082
1848,MLP,0.095,2770.0,0.3927862635849456
1324,MLP,0.094,2771.0,0.38865167133668305
1479,MLP,0.093,2772.0,0.3845170790884204
993,MLP,0.092,2773.0,0.38038248684015785
884,MLP,0.09,2774.0,0.37211330234363266
383,MLP,0.088,2775.0,0.36384411784710746
2520,MLP,0.088,2775.0,0.36384411784710746
2270,MLP,0.084,2777.0,0.3473057488540572
1642,MLP,0.081,2778.0,0.3349019721092694
