Site,Reference_Model,Average_Relative_Error,Rank,Mean_over_SDofMean
900,GAM,2.0,1.0,9.269832918556418
1129,GAM,1.939,2.0,8.987103014540448
522,GAM,1.757,3.0,8.143548218951812
96,GAM,1.739,4.0,8.060119722684806
2188,GAM,1.686,5.0,7.8144691503430606
2300,GAM,1.66,6.0,7.693961322401827
193,GAM,1.591,7.0,7.37415208671163
1697,GAM,1.585,8.0,7.346342587955961
2318,GAM,1.489,9.0,6.901390607865253
307,GAM,1.447,10.0,6.706724116575569
1910,GAM,1.42,11.0,6.581581372175057
2085,GAM,1.386,12.0,6.423994212559597
2004,GAM,1.371,13.0,6.354470465670425
1972,GAM,1.369,14.0,6.345200632751868
1681,GAM,1.357,15.0,6.28958163524053
2724,GAM,1.348,16.0,6.247867387107026
1009,GAM,1.335,17.0,6.187613473136409
2259,GAM,1.325,18.0,6.141264308543627
581,GAM,1.324,19.0,6.136629392084349
2130,GAM,1.317,20.0,6.104184976869401
1749,GAM,1.3,21.0,6.025391397061672
2274,GAM,1.276,22.0,5.914153402038995
1377,GAM,1.256,23.0,5.82145507285343
220,GAM,1.214,24.0,5.626788581563746
1010,GAM,1.192,25.0,5.524820419459625
1692,GAM,1.183,26.0,5.4831061713261215
748,GAM,1.179,27.0,5.4645665054890085
287,GAM,1.145,28.0,5.3069793458735495
636,GAM,1.143,29.0,5.297709512954993
606,GAM,1.138,30.0,5.274534930658602
2486,GAM,1.137,31.0,5.269900014199324
1885,GAM,1.135,32.0,5.260630181280767
2158,GAM,1.135,32.0,5.260630181280767
2110,GAM,1.132,34.0,5.246725431902933
1597,GAM,1.127,35.0,5.223550849606542
1853,GAM,1.126,36.0,5.2189159331472625
1476,GAM,1.125,37.0,5.214281016687985
1169,GAM,1.11,38.0,5.144757269798813
306,GAM,1.102,39.0,5.107677938124587
815,GAM,1.09,40.0,5.052058940613248
2583,GAM,1.088,41.0,5.042789107694692
2584,GAM,1.088,41.0,5.042789107694692
1360,GAM,1.082,43.0,5.014979608939022
84,GAM,1.08,44.0,5.005709776020466
1649,GAM,1.077,45.0,4.991805026642631
1469,GAM,1.076,46.0,4.987170110183353
1729,GAM,1.072,47.0,4.968630444346241
2199,GAM,1.071,48.0,4.963995527886961
2541,GAM,1.07,49.0,4.959360611427684
100,GAM,1.064,50.0,4.931551112672015
425,GAM,1.062,51.0,4.9222812797534585
1121,GAM,1.042,52.0,4.829582950567894
1423,GAM,1.042,52.0,4.829582950567894
951,GAM,1.038,54.0,4.811043284730781
1371,GAM,1.028,55.0,4.764694120137999
1412,GAM,1.028,55.0,4.764694120137999
1040,GAM,1.027,57.0,4.76005920367872
1185,GAM,1.011,58.0,4.685900540330269
149,GAM,1.01,59.0,4.681265623870991
297,GAM,1.005,60.0,4.6580910415745995
2209,GAM,0.993,61.0,4.602472044063261
294,GAM,0.989,62.0,4.583932378226149
476,GAM,0.985,63.0,4.565392712389036
1151,GAM,0.974,64.0,4.514408631336975
1758,GAM,0.967,65.0,4.481964216122028
539,GAM,0.962,66.0,4.458789633825637
1837,GAM,0.962,66.0,4.458789633825637
2290,GAM,0.96,68.0,4.449519800907081
369,GAM,0.953,69.0,4.417075385692133
1025,GAM,0.953,69.0,4.417075385692133
410,GAM,0.95,71.0,4.403170636314298
2344,GAM,0.95,71.0,4.403170636314298
2690,GAM,0.95,71.0,4.403170636314298
2689,GAM,0.942,74.0,4.366091304640073
1255,GAM,0.938,75.0,4.34755163880296
2443,GAM,0.936,76.0,4.338281805884404
885,GAM,0.934,77.0,4.329011972965848
2422,GAM,0.932,78.0,4.319742140047291
761,GAM,0.928,79.0,4.301202474210179
955,GAM,0.927,80.0,4.2965675577509
35,GAM,0.924,81.0,4.282662808373066
1484,GAM,0.919,82.0,4.259488226076674
527,GAM,0.916,83.0,4.245583476698839
2538,GAM,0.916,83.0,4.245583476698839
143,GAM,0.914,85.0,4.236313643780283
1871,GAM,0.912,86.0,4.227043810861727
2593,GAM,0.912,86.0,4.227043810861727
1011,GAM,0.91,88.0,4.21777397794317
2047,GAM,0.905,89.0,4.1945993956467795
2022,GAM,0.904,90.0,4.189964479187501
2030,GAM,0.901,91.0,4.176059729809666
1518,GAM,0.9,92.0,4.171424813350388
740,GAM,0.897,93.0,4.157520063972553
1354,GAM,0.896,94.0,4.152885147513276
288,GAM,0.895,95.0,4.148250231053997
1406,GAM,0.892,96.0,4.134345481676163
1652,GAM,0.892,96.0,4.134345481676163
1314,GAM,0.885,98.0,4.101901066461215
679,GAM,0.884,99.0,4.0972661500019365
511,GAM,0.882,100.0,4.08799631708338
1428,GAM,0.882,100.0,4.08799631708338
1355,GAM,0.881,102.0,4.083361400624102
1614,GAM,0.879,103.0,4.074091567705546
1892,GAM,0.878,104.0,4.069456651246267
1070,GAM,0.873,105.0,4.046282068949877
70,GAM,0.872,106.0,4.041647152490598
2436,GAM,0.868,107.0,4.023107486653485
970,GAM,0.864,108.0,4.004567820816373
655,GAM,0.861,109.0,3.990663071438538
844,GAM,0.857,110.0,3.972123405601425
1572,GAM,0.855,111.0,3.9628535726828686
2149,GAM,0.855,111.0,3.9628535726828686
1778,GAM,0.853,113.0,3.953583739764312
2404,GAM,0.852,114.0,3.948948823305034
168,GAM,0.849,115.0,3.9350440739271995
1530,GAM,0.849,115.0,3.9350440739271995
318,GAM,0.848,117.0,3.930409157467921
1172,GAM,0.845,118.0,3.9165044080900864
1114,GAM,0.843,119.0,3.9072345751715303
664,GAM,0.836,120.0,3.8747901599565826
1746,GAM,0.834,121.0,3.865520327038026
865,GAM,0.833,122.0,3.860885410578748
1748,GAM,0.832,123.0,3.85625049411947
249,GAM,0.831,124.0,3.8516155776601915
570,GAM,0.83,125.0,3.8469806612009134
2177,GAM,0.827,126.0,3.833075911823079
69,GAM,0.826,127.0,3.8284409953638003
1601,GAM,0.825,128.0,3.8238060789045223
2275,GAM,0.821,129.0,3.8052664130674096
2455,GAM,0.819,130.0,3.795996580148853
1345,GAM,0.818,131.0,3.7913616636895746
714,GAM,0.817,132.0,3.7867267472302966
1012,GAM,0.816,133.0,3.7820918307710185
176,GAM,0.815,134.0,3.77745691431174
302,GAM,0.814,135.0,3.772821997852462
2612,GAM,0.804,136.0,3.72647283325968
382,GAM,0.802,137.0,3.717203000341124
1142,GAM,0.802,137.0,3.717203000341124
339,GAM,0.801,139.0,3.7125680838818456
117,GAM,0.798,140.0,3.698663334504011
1503,GAM,0.798,140.0,3.698663334504011
1994,GAM,0.792,142.0,3.670853835748342
2029,GAM,0.792,142.0,3.670853835748342
2497,GAM,0.792,142.0,3.670853835748342
467,GAM,0.787,145.0,3.6476792534519507
1419,GAM,0.786,146.0,3.6430443369926726
856,GAM,0.785,147.0,3.638409420533394
371,GAM,0.781,148.0,3.6198697546962815
877,GAM,0.781,148.0,3.6198697546962815
2432,GAM,0.78,150.0,3.615234838237003
437,GAM,0.779,151.0,3.610599921777725
2295,GAM,0.779,151.0,3.610599921777725
1879,GAM,0.776,153.0,3.5966951723998903
2076,GAM,0.773,154.0,3.5827904230220557
2566,GAM,0.773,154.0,3.5827904230220557
241,GAM,0.769,156.0,3.5642507571849427
547,GAM,0.769,156.0,3.5642507571849427
1558,GAM,0.767,158.0,3.5549809242663866
2609,GAM,0.767,158.0,3.5549809242663866
1663,GAM,0.766,160.0,3.550346007807108
775,GAM,0.765,161.0,3.54571109134783
2651,GAM,0.763,162.0,3.5364412584292735
183,GAM,0.762,163.0,3.5318063419699954
556,GAM,0.762,163.0,3.5318063419699954
2063,GAM,0.761,165.0,3.527171425510717
129,GAM,0.76,166.0,3.522536509051439
1793,GAM,0.76,166.0,3.522536509051439
2648,GAM,0.76,166.0,3.522536509051439
39,GAM,0.758,169.0,3.5132666761328823
2509,GAM,0.757,170.0,3.5086317596736043
2261,GAM,0.752,171.0,3.485457177377213
818,GAM,0.747,172.0,3.462282595080822
2662,GAM,0.746,173.0,3.457647678621544
1243,GAM,0.744,174.0,3.4483778457029874
2210,GAM,0.739,175.0,3.4252032634065963
2758,GAM,0.736,176.0,3.4112985140287617
2161,GAM,0.735,177.0,3.4066635975694837
1523,GAM,0.733,178.0,3.397393764650927
561,GAM,0.731,179.0,3.3881239317323706
1019,GAM,0.731,179.0,3.3881239317323706
2731,GAM,0.731,179.0,3.3881239317323706
2159,GAM,0.73,182.0,3.3834890152730925
2339,GAM,0.73,182.0,3.3834890152730925
509,GAM,0.729,184.0,3.3788540988138145
964,GAM,0.728,185.0,3.374219182354536
1488,GAM,0.728,185.0,3.374219182354536
1794,GAM,0.728,185.0,3.374219182354536
1680,GAM,0.726,188.0,3.36494934943598
1847,GAM,0.726,188.0,3.36494934943598
320,GAM,0.725,190.0,3.3603144329767014
2309,GAM,0.725,190.0,3.3603144329767014
1791,GAM,0.723,192.0,3.351044600058145
837,GAM,0.719,193.0,3.3325049342210322
1639,GAM,0.718,194.0,3.327870017761754
1096,GAM,0.717,195.0,3.3232351013024757
1192,GAM,0.715,196.0,3.313965268383919
1700,GAM,0.715,196.0,3.313965268383919
2255,GAM,0.715,196.0,3.313965268383919
75,GAM,0.714,199.0,3.309330351924641
405,GAM,0.713,200.0,3.304695435465363
2542,GAM,0.711,201.0,3.2954256025468065
2224,GAM,0.709,202.0,3.28615576962825
2189,GAM,0.708,203.0,3.281520853168972
2227,GAM,0.708,203.0,3.281520853168972
1062,GAM,0.707,205.0,3.276885936709694
1361,GAM,0.703,206.0,3.2583462708725808
2456,GAM,0.703,206.0,3.2583462708725808
1264,GAM,0.702,208.0,3.2537113544133027
1285,GAM,0.702,208.0,3.2537113544133027
1945,GAM,0.701,210.0,3.2490764379540242
214,GAM,0.699,211.0,3.239806605035468
874,GAM,0.696,212.0,3.225901855657633
1912,GAM,0.695,213.0,3.221266939198355
688,GAM,0.69,214.0,3.198092356901964
2517,GAM,0.689,215.0,3.193457440442686
1715,GAM,0.682,216.0,3.1610130252277386
402,GAM,0.681,217.0,3.1563781087684606
1135,GAM,0.681,217.0,3.1563781087684606
850,GAM,0.679,219.0,3.147108275849904
2090,GAM,0.679,219.0,3.147108275849904
38,GAM,0.678,221.0,3.142473359390626
127,GAM,0.675,222.0,3.1285686100127914
1920,GAM,0.675,222.0,3.1285686100127914
484,GAM,0.674,224.0,3.123933693553513
2392,GAM,0.674,224.0,3.123933693553513
293,GAM,0.673,226.0,3.119298777094235
1238,GAM,0.671,227.0,3.1100289441756783
146,GAM,0.67,228.0,3.1053940277164003
488,GAM,0.67,228.0,3.1053940277164003
300,GAM,0.669,230.0,3.1007591112571222
2284,GAM,0.669,230.0,3.1007591112571222
2411,GAM,0.668,232.0,3.0961241947978437
1583,GAM,0.667,233.0,3.0914892783385657
1764,GAM,0.666,234.0,3.086854361879287
2257,GAM,0.666,234.0,3.086854361879287
923,GAM,0.665,236.0,3.082219445420009
1212,GAM,0.664,237.0,3.077584528960731
2677,GAM,0.664,237.0,3.077584528960731
1549,GAM,0.659,239.0,3.05440994666434
861,GAM,0.658,240.0,3.049775030205062
959,GAM,0.658,240.0,3.049775030205062
1277,GAM,0.657,242.0,3.0451401137457834
1779,GAM,0.657,242.0,3.0451401137457834
1931,GAM,0.657,242.0,3.0451401137457834
1559,GAM,0.656,245.0,3.0405051972865054
1311,GAM,0.654,246.0,3.031235364367949
2092,GAM,0.654,246.0,3.031235364367949
1825,GAM,0.653,248.0,3.0266004479086708
1958,GAM,0.653,248.0,3.0266004479086708
2026,GAM,0.653,248.0,3.0266004479086708
431,GAM,0.652,251.0,3.0219655314493923
1468,GAM,0.651,252.0,3.0173306149901142
1607,GAM,0.651,252.0,3.0173306149901142
2117,GAM,0.651,252.0,3.0173306149901142
797,GAM,0.65,255.0,3.012695698530836
814,GAM,0.648,256.0,3.0034258656122796
1502,GAM,0.648,256.0,3.0034258656122796
569,GAM,0.647,258.0,2.998790949153001
1109,GAM,0.647,258.0,2.998790949153001
351,GAM,0.646,260.0,2.994156032693723
638,GAM,0.646,260.0,2.994156032693723
1144,GAM,0.646,260.0,2.994156032693723
2708,GAM,0.646,260.0,2.994156032693723
586,GAM,0.645,264.0,2.989521116234445
601,GAM,0.645,264.0,2.989521116234445
2145,GAM,0.644,266.0,2.9848861997751666
1437,GAM,0.643,267.0,2.9802512833158885
1305,GAM,0.642,268.0,2.9756163668566105
1321,GAM,0.642,268.0,2.9756163668566105
1754,GAM,0.638,270.0,2.9570767010194974
2633,GAM,0.638,270.0,2.9570767010194974
2474,GAM,0.637,272.0,2.9524417845602193
334,GAM,0.636,273.0,2.947806868100941
429,GAM,0.635,274.0,2.943171951641663
1656,GAM,0.635,274.0,2.943171951641663
650,GAM,0.633,276.0,2.9339021187231062
2281,GAM,0.632,277.0,2.929267202263828
843,GAM,0.63,278.0,2.9199973693452717
1815,GAM,0.63,278.0,2.9199973693452717
507,GAM,0.628,280.0,2.910727536426715
2356,GAM,0.628,280.0,2.910727536426715
1459,GAM,0.627,282.0,2.906092619967437
2430,GAM,0.626,283.0,2.901457703508159
277,GAM,0.625,284.0,2.8968227870488805
137,GAM,0.624,285.0,2.8921878705896025
940,GAM,0.624,285.0,2.8921878705896025
2052,GAM,0.624,285.0,2.8921878705896025
1084,GAM,0.623,288.0,2.8875529541303244
1493,GAM,0.623,288.0,2.8875529541303244
1413,GAM,0.621,290.0,2.878283121211768
408,GAM,0.62,291.0,2.8736482047524894
2450,GAM,0.62,291.0,2.8736482047524894
1296,GAM,0.619,293.0,2.8690132882932113
2037,GAM,0.619,293.0,2.8690132882932113
2332,GAM,0.619,293.0,2.8690132882932113
518,GAM,0.618,296.0,2.8643783718339333
1772,GAM,0.615,297.0,2.8504736224560987
1923,GAM,0.615,297.0,2.8504736224560987
1960,GAM,0.615,297.0,2.8504736224560987
2203,GAM,0.615,297.0,2.8504736224560987
2495,GAM,0.615,297.0,2.8504736224560987
696,GAM,0.614,302.0,2.84583870599682
878,GAM,0.613,303.0,2.841203789537542
746,GAM,0.612,304.0,2.836568873078264
1445,GAM,0.612,304.0,2.836568873078264
1690,GAM,0.612,304.0,2.836568873078264
1861,GAM,0.611,307.0,2.8319339566189856
194,GAM,0.61,308.0,2.8272990401597076
2010,GAM,0.61,308.0,2.8272990401597076
255,GAM,0.609,310.0,2.822664123700429
529,GAM,0.609,310.0,2.822664123700429
2608,GAM,0.609,310.0,2.822664123700429
82,GAM,0.607,313.0,2.813394290781873
1501,GAM,0.607,313.0,2.813394290781873
2299,GAM,0.607,313.0,2.813394290781873
262,GAM,0.605,316.0,2.8041244578633164
2249,GAM,0.605,316.0,2.8041244578633164
2013,GAM,0.603,318.0,2.79485462494476
2389,GAM,0.603,318.0,2.79485462494476
1004,GAM,0.602,320.0,2.790219708485482
2160,GAM,0.602,320.0,2.790219708485482
1233,GAM,0.601,322.0,2.7855847920262033
2384,GAM,0.601,322.0,2.7855847920262033
2273,GAM,0.6,324.0,2.7809498755669253
2298,GAM,0.6,324.0,2.7809498755669253
1841,GAM,0.599,326.0,2.7763149591076473
452,GAM,0.598,327.0,2.7716800426483688
920,GAM,0.598,327.0,2.7716800426483688
1073,GAM,0.598,327.0,2.7716800426483688
1122,GAM,0.597,330.0,2.7670451261890907
1436,GAM,0.596,331.0,2.7624102097298127
2067,GAM,0.595,332.0,2.757775293270534
2632,GAM,0.595,332.0,2.757775293270534
996,GAM,0.594,334.0,2.753140376811256
1849,GAM,0.594,334.0,2.753140376811256
588,GAM,0.592,336.0,2.7438705438926996
1909,GAM,0.591,337.0,2.7392356274334215
1933,GAM,0.591,337.0,2.7392356274334215
1033,GAM,0.59,339.0,2.734600710974143
2152,GAM,0.589,340.0,2.729965794514865
1385,GAM,0.585,341.0,2.7114261286777523
1922,GAM,0.585,341.0,2.7114261286777523
2380,GAM,0.585,341.0,2.7114261286777523
160,GAM,0.584,344.0,2.706791212218474
1220,GAM,0.584,344.0,2.706791212218474
2368,GAM,0.583,346.0,2.702156295759196
52,GAM,0.582,347.0,2.6975213792999173
1107,GAM,0.582,347.0,2.6975213792999173
1448,GAM,0.582,347.0,2.6975213792999173
1644,GAM,0.581,350.0,2.6928864628406393
1921,GAM,0.581,350.0,2.6928864628406393
1995,GAM,0.581,350.0,2.6928864628406393
325,GAM,0.579,353.0,2.6836166299220827
2578,GAM,0.579,353.0,2.6836166299220827
427,GAM,0.578,355.0,2.6789817134628047
694,GAM,0.578,355.0,2.6789817134628047
1043,GAM,0.578,355.0,2.6789817134628047
1203,GAM,0.578,355.0,2.6789817134628047
1080,GAM,0.576,359.0,2.669711880544248
24,GAM,0.575,360.0,2.66507696408497
505,GAM,0.574,361.0,2.6604420476256916
1244,GAM,0.574,361.0,2.6604420476256916
2659,GAM,0.574,361.0,2.6604420476256916
1295,GAM,0.573,364.0,2.6558071311664135
1647,GAM,0.573,364.0,2.6558071311664135
131,GAM,0.572,366.0,2.6511722147071355
420,GAM,0.572,366.0,2.6511722147071355
2084,GAM,0.572,366.0,2.6511722147071355
2739,GAM,0.572,366.0,2.6511722147071355
2515,GAM,0.571,370.0,2.646537298247857
1147,GAM,0.569,371.0,2.637267465329301
1184,GAM,0.569,371.0,2.637267465329301
1688,GAM,0.569,371.0,2.637267465329301
666,GAM,0.567,374.0,2.6279976324107444
1482,GAM,0.567,374.0,2.6279976324107444
358,GAM,0.566,376.0,2.6233627159514663
1924,GAM,0.566,376.0,2.6233627159514663
2078,GAM,0.566,376.0,2.6233627159514663
552,GAM,0.565,379.0,2.618727799492188
1253,GAM,0.565,379.0,2.618727799492188
424,GAM,0.564,381.0,2.6140928830329098
925,GAM,0.564,381.0,2.6140928830329098
2266,GAM,0.564,381.0,2.6140928830329098
60,GAM,0.561,384.0,2.6001881336550756
998,GAM,0.561,384.0,2.6001881336550756
1118,GAM,0.56,386.0,2.595553217195797
2600,GAM,0.56,386.0,2.595553217195797
51,GAM,0.558,388.0,2.586283384277241
825,GAM,0.557,389.0,2.5816484678179625
86,GAM,0.556,390.0,2.5770135513586845
170,GAM,0.556,390.0,2.5770135513586845
2305,GAM,0.556,390.0,2.5770135513586845
979,GAM,0.555,393.0,2.5723786348994064
1637,GAM,0.555,393.0,2.5723786348994064
230,GAM,0.553,395.0,2.56310880198085
566,GAM,0.553,395.0,2.56310880198085
821,GAM,0.553,395.0,2.56310880198085
1872,GAM,0.553,395.0,2.56310880198085
2533,GAM,0.553,395.0,2.56310880198085
2748,GAM,0.553,395.0,2.56310880198085
2012,GAM,0.55,401.0,2.5492040526030153
2140,GAM,0.55,401.0,2.5492040526030153
321,GAM,0.549,403.0,2.544569136143737
2475,GAM,0.549,403.0,2.544569136143737
74,GAM,0.548,405.0,2.5399342196844588
1250,GAM,0.548,405.0,2.5399342196844588
1845,GAM,0.548,405.0,2.5399342196844588
2157,GAM,0.548,405.0,2.5399342196844588
276,GAM,0.547,409.0,2.5352993032251807
404,GAM,0.547,409.0,2.5352993032251807
1344,GAM,0.547,409.0,2.5352993032251807
1610,GAM,0.547,409.0,2.5352993032251807
1914,GAM,0.547,409.0,2.5352993032251807
2505,GAM,0.547,409.0,2.5352993032251807
847,GAM,0.545,415.0,2.526029470306624
1460,GAM,0.545,415.0,2.526029470306624
700,GAM,0.544,417.0,2.521394553847346
753,GAM,0.543,418.0,2.5167596373880676
904,GAM,0.543,418.0,2.5167596373880676
2179,GAM,0.543,418.0,2.5167596373880676
1317,GAM,0.542,421.0,2.5121247209287896
1543,GAM,0.542,421.0,2.5121247209287896
116,GAM,0.54,423.0,2.502854888010233
189,GAM,0.539,424.0,2.498219971550955
270,GAM,0.539,424.0,2.498219971550955
1775,GAM,0.539,424.0,2.498219971550955
2005,GAM,0.539,424.0,2.498219971550955
2347,GAM,0.536,428.0,2.4843152221731204
1856,GAM,0.534,429.0,2.475045389254564
2540,GAM,0.534,429.0,2.475045389254564
2635,GAM,0.534,429.0,2.475045389254564
11,GAM,0.533,432.0,2.4704104727952854
1526,GAM,0.533,432.0,2.4704104727952854
1623,GAM,0.533,432.0,2.4704104727952854
455,GAM,0.532,435.0,2.4657755563360073
528,GAM,0.532,435.0,2.4657755563360073
1090,GAM,0.532,435.0,2.4657755563360073
2627,GAM,0.532,435.0,2.4657755563360073
567,GAM,0.529,439.0,2.4518708069581727
1221,GAM,0.529,439.0,2.4518708069581727
1438,GAM,0.529,439.0,2.4518708069581727
1514,GAM,0.529,439.0,2.4518708069581727
1625,GAM,0.529,439.0,2.4518708069581727
2680,GAM,0.529,439.0,2.4518708069581727
324,GAM,0.528,445.0,2.4472358904988947
657,GAM,0.527,446.0,2.442600974039616
1304,GAM,0.527,446.0,2.442600974039616
1913,GAM,0.527,446.0,2.442600974039616
2096,GAM,0.527,446.0,2.442600974039616
981,GAM,0.526,450.0,2.437966057580338
965,GAM,0.525,451.0,2.43333114112106
2287,GAM,0.525,451.0,2.43333114112106
1183,GAM,0.524,453.0,2.4286962246617816
1513,GAM,0.524,453.0,2.4286962246617816
2469,GAM,0.524,453.0,2.4286962246617816
22,GAM,0.523,456.0,2.4240613082025035
2319,GAM,0.523,456.0,2.4240613082025035
2501,GAM,0.523,456.0,2.4240613082025035
2673,GAM,0.523,456.0,2.4240613082025035
2373,GAM,0.522,460.0,2.419426391743225
391,GAM,0.521,461.0,2.414791475283947
927,GAM,0.521,461.0,2.414791475283947
1400,GAM,0.521,461.0,2.414791475283947
1450,GAM,0.521,461.0,2.414791475283947
1824,GAM,0.521,461.0,2.414791475283947
491,GAM,0.519,466.0,2.4055216423653905
879,GAM,0.519,466.0,2.4055216423653905
1312,GAM,0.519,466.0,2.4055216423653905
1320,GAM,0.519,466.0,2.4055216423653905
1953,GAM,0.519,466.0,2.4055216423653905
1226,GAM,0.518,471.0,2.4008867259061124
1271,GAM,0.518,471.0,2.4008867259061124
1286,GAM,0.518,471.0,2.4008867259061124
2023,GAM,0.518,471.0,2.4008867259061124
2525,GAM,0.518,471.0,2.4008867259061124
1165,GAM,0.517,476.0,2.3962518094468344
2089,GAM,0.517,476.0,2.3962518094468344
17,GAM,0.516,478.0,2.391616892987556
280,GAM,0.515,479.0,2.386981976528278
1158,GAM,0.515,479.0,2.386981976528278
2277,GAM,0.515,479.0,2.386981976528278
2710,GAM,0.514,482.0,2.3823470600689993
2733,GAM,0.514,482.0,2.3823470600689993
933,GAM,0.513,484.0,2.3777121436097213
988,GAM,0.513,484.0,2.3777121436097213
497,GAM,0.512,486.0,2.3730772271504432
674,GAM,0.512,486.0,2.3730772271504432
2607,GAM,0.512,486.0,2.3730772271504432
1661,GAM,0.51,489.0,2.3638073942318867
2656,GAM,0.51,489.0,2.3638073942318867
414,GAM,0.509,491.0,2.3591724777726086
1146,GAM,0.509,491.0,2.3591724777726086
1163,GAM,0.509,491.0,2.3591724777726086
212,GAM,0.508,494.0,2.35453756131333
323,GAM,0.508,494.0,2.35453756131333
463,GAM,0.508,494.0,2.35453756131333
1105,GAM,0.508,494.0,2.35453756131333
59,GAM,0.507,498.0,2.349902644854052
1627,GAM,0.507,498.0,2.349902644854052
454,GAM,0.506,500.0,2.3452677283947736
485,GAM,0.505,501.0,2.3406328119354955
1190,GAM,0.505,501.0,2.3406328119354955
1532,GAM,0.505,501.0,2.3406328119354955
2511,GAM,0.505,501.0,2.3406328119354955
2564,GAM,0.505,501.0,2.3406328119354955
1453,GAM,0.504,506.0,2.3359978954762175
292,GAM,0.502,507.0,2.326728062557661
922,GAM,0.502,507.0,2.326728062557661
1475,GAM,0.502,507.0,2.326728062557661
1954,GAM,0.502,507.0,2.326728062557661
2106,GAM,0.502,507.0,2.326728062557661
732,GAM,0.501,512.0,2.322093146098383
1020,GAM,0.501,512.0,2.322093146098383
2442,GAM,0.501,512.0,2.322093146098383
901,GAM,0.5,515.0,2.3174582296391044
958,GAM,0.5,515.0,2.3174582296391044
25,GAM,0.499,517.0,2.3128233131798264
1862,GAM,0.499,517.0,2.3128233131798264
1883,GAM,0.499,517.0,2.3128233131798264
2703,GAM,0.499,517.0,2.3128233131798264
1863,GAM,0.498,521.0,2.3081883967205483
2164,GAM,0.498,521.0,2.3081883967205483
2599,GAM,0.498,521.0,2.3081883967205483
735,GAM,0.497,524.0,2.30355348026127
12,GAM,0.496,525.0,2.2989185638019918
132,GAM,0.496,525.0,2.2989185638019918
672,GAM,0.496,525.0,2.2989185638019918
836,GAM,0.496,525.0,2.2989185638019918
1826,GAM,0.496,525.0,2.2989185638019918
2672,GAM,0.496,525.0,2.2989185638019918
177,GAM,0.495,531.0,2.2942836473427133
312,GAM,0.495,531.0,2.2942836473427133
1606,GAM,0.495,531.0,2.2942836473427133
1291,GAM,0.494,534.0,2.2896487308834352
2504,GAM,0.494,534.0,2.2896487308834352
2630,GAM,0.494,534.0,2.2896487308834352
27,GAM,0.493,537.0,2.285013814424157
2225,GAM,0.493,537.0,2.285013814424157
1252,GAM,0.492,539.0,2.2803788979648787
1439,GAM,0.492,539.0,2.2803788979648787
587,GAM,0.491,541.0,2.2757439815056006
635,GAM,0.491,541.0,2.2757439815056006
1356,GAM,0.491,541.0,2.2757439815056006
863,GAM,0.49,544.0,2.2711090650463226
942,GAM,0.49,544.0,2.2711090650463226
1999,GAM,0.49,544.0,2.2711090650463226
1689,GAM,0.489,547.0,2.266474148587044
2183,GAM,0.489,547.0,2.266474148587044
2552,GAM,0.489,547.0,2.266474148587044
798,GAM,0.488,550.0,2.261839232127766
1382,GAM,0.488,550.0,2.261839232127766
1756,GAM,0.488,550.0,2.261839232127766
2679,GAM,0.488,550.0,2.261839232127766
1001,GAM,0.487,554.0,2.2572043156684876
2419,GAM,0.487,554.0,2.2572043156684876
2487,GAM,0.487,554.0,2.2572043156684876
81,GAM,0.486,557.0,2.2525693992092095
780,GAM,0.486,557.0,2.2525693992092095
888,GAM,0.486,557.0,2.2525693992092095
1575,GAM,0.485,560.0,2.2479344827499315
2191,GAM,0.485,560.0,2.2479344827499315
238,GAM,0.484,562.0,2.243299566290653
624,GAM,0.484,562.0,2.243299566290653
1678,GAM,0.484,562.0,2.243299566290653
2099,GAM,0.484,562.0,2.243299566290653
2211,GAM,0.484,562.0,2.243299566290653
1007,GAM,0.483,567.0,2.238664649831375
1814,GAM,0.483,567.0,2.238664649831375
2260,GAM,0.483,567.0,2.238664649831375
2660,GAM,0.483,567.0,2.238664649831375
110,GAM,0.482,571.0,2.234029733372097
917,GAM,0.482,571.0,2.234029733372097
343,GAM,0.481,573.0,2.2293948169128184
370,GAM,0.481,573.0,2.2293948169128184
486,GAM,0.481,573.0,2.2293948169128184
1167,GAM,0.481,573.0,2.2293948169128184
1662,GAM,0.481,573.0,2.2293948169128184
2055,GAM,0.481,573.0,2.2293948169128184
534,GAM,0.48,579.0,2.2247599004535403
1391,GAM,0.48,579.0,2.2247599004535403
1565,GAM,0.48,579.0,2.2247599004535403
1919,GAM,0.48,579.0,2.2247599004535403
2057,GAM,0.48,579.0,2.2247599004535403
2434,GAM,0.48,579.0,2.2247599004535403
228,GAM,0.479,585.0,2.2201249839942623
810,GAM,0.479,585.0,2.2201249839942623
997,GAM,0.479,585.0,2.2201249839942623
2610,GAM,0.479,585.0,2.2201249839942623
1224,GAM,0.478,589.0,2.215490067534984
260,GAM,0.477,590.0,2.2108551510757057
392,GAM,0.477,590.0,2.2108551510757057
457,GAM,0.477,590.0,2.2108551510757057
555,GAM,0.476,593.0,2.2062202346164272
2200,GAM,0.476,593.0,2.2062202346164272
763,GAM,0.475,595.0,2.201585318157149
968,GAM,0.475,595.0,2.201585318157149
2091,GAM,0.475,595.0,2.201585318157149
2195,GAM,0.475,595.0,2.201585318157149
2204,GAM,0.475,595.0,2.201585318157149
2264,GAM,0.475,595.0,2.201585318157149
538,GAM,0.473,601.0,2.1923154852385927
656,GAM,0.472,602.0,2.1876805687793146
2719,GAM,0.472,602.0,2.1876805687793146
53,GAM,0.471,604.0,2.1830456523200366
244,GAM,0.471,604.0,2.1830456523200366
765,GAM,0.471,604.0,2.1830456523200366
826,GAM,0.471,604.0,2.1830456523200366
845,GAM,0.471,604.0,2.1830456523200366
387,GAM,0.47,609.0,2.178410735860758
1343,GAM,0.47,609.0,2.178410735860758
1669,GAM,0.47,609.0,2.178410735860758
1781,GAM,0.47,609.0,2.178410735860758
2248,GAM,0.47,609.0,2.178410735860758
377,GAM,0.469,614.0,2.17377581940148
816,GAM,0.469,614.0,2.17377581940148
1655,GAM,0.469,614.0,2.17377581940148
2567,GAM,0.469,614.0,2.17377581940148
960,GAM,0.468,618.0,2.169140902942202
2369,GAM,0.468,618.0,2.169140902942202
2466,GAM,0.468,618.0,2.169140902942202
2529,GAM,0.468,618.0,2.169140902942202
151,GAM,0.467,622.0,2.164505986482924
264,GAM,0.467,622.0,2.164505986482924
1427,GAM,0.467,622.0,2.164505986482924
1538,GAM,0.467,622.0,2.164505986482924
2776,GAM,0.467,622.0,2.164505986482924
93,GAM,0.466,627.0,2.1598710700236454
1411,GAM,0.466,627.0,2.1598710700236454
2408,GAM,0.466,627.0,2.1598710700236454
222,GAM,0.465,630.0,2.1552361535643674
697,GAM,0.465,630.0,2.1552361535643674
1979,GAM,0.465,630.0,2.1552361535643674
2132,GAM,0.465,630.0,2.1552361535643674
2323,GAM,0.465,630.0,2.1552361535643674
830,GAM,0.464,635.0,2.1506012371050893
1404,GAM,0.464,635.0,2.1506012371050893
1540,GAM,0.464,635.0,2.1506012371050893
1940,GAM,0.464,635.0,2.1506012371050893
2746,GAM,0.464,635.0,2.1506012371050893
637,GAM,0.463,640.0,2.145966320645811
729,GAM,0.463,640.0,2.145966320645811
774,GAM,0.463,640.0,2.145966320645811
902,GAM,0.463,640.0,2.145966320645811
913,GAM,0.463,640.0,2.145966320645811
2234,GAM,0.463,640.0,2.145966320645811
2561,GAM,0.463,640.0,2.145966320645811
159,GAM,0.462,647.0,2.141331404186533
1539,GAM,0.462,647.0,2.141331404186533
1693,GAM,0.462,647.0,2.141331404186533
444,GAM,0.461,650.0,2.1366964877272543
32,GAM,0.46,651.0,2.1320615712679762
77,GAM,0.46,651.0,2.1320615712679762
1100,GAM,0.46,651.0,2.1320615712679762
2576,GAM,0.46,651.0,2.1320615712679762
2441,GAM,0.459,655.0,2.127426654808698
310,GAM,0.457,656.0,2.1181568218901417
557,GAM,0.457,656.0,2.1181568218901417
602,GAM,0.457,656.0,2.1181568218901417
2496,GAM,0.457,656.0,2.1181568218901417
2531,GAM,0.457,656.0,2.1181568218901417
192,GAM,0.456,661.0,2.1135219054308636
630,GAM,0.456,661.0,2.1135219054308636
44,GAM,0.455,663.0,2.108886988971585
412,GAM,0.455,663.0,2.108886988971585
2522,GAM,0.455,663.0,2.108886988971585
16,GAM,0.454,666.0,2.104252072512307
1041,GAM,0.454,666.0,2.104252072512307
1369,GAM,0.454,666.0,2.104252072512307
1431,GAM,0.454,666.0,2.104252072512307
1828,GAM,0.454,666.0,2.104252072512307
2544,GAM,0.454,666.0,2.104252072512307
2736,GAM,0.454,666.0,2.104252072512307
1811,GAM,0.453,673.0,2.0996171560530286
43,GAM,0.452,674.0,2.0949822395937505
1126,GAM,0.452,674.0,2.0949822395937505
1568,GAM,0.452,674.0,2.0949822395937505
1584,GAM,0.452,674.0,2.0949822395937505
2276,GAM,0.452,674.0,2.0949822395937505
599,GAM,0.451,679.0,2.0903473231344725
1093,GAM,0.451,679.0,2.0903473231344725
1394,GAM,0.451,679.0,2.0903473231344725
2447,GAM,0.451,679.0,2.0903473231344725
2359,GAM,0.45,683.0,2.085712406675194
1125,GAM,0.449,684.0,2.081077490215916
1935,GAM,0.449,684.0,2.081077490215916
2390,GAM,0.449,684.0,2.081077490215916
418,GAM,0.448,687.0,2.076442573756638
1702,GAM,0.448,687.0,2.076442573756638
104,GAM,0.447,689.0,2.0718076572973594
1008,GAM,0.447,689.0,2.0718076572973594
1031,GAM,0.447,689.0,2.0718076572973594
1140,GAM,0.447,689.0,2.0718076572973594
1473,GAM,0.447,689.0,2.0718076572973594
1522,GAM,0.447,689.0,2.0718076572973594
1855,GAM,0.447,689.0,2.0718076572973594
2394,GAM,0.447,689.0,2.0718076572973594
1788,GAM,0.446,697.0,2.0671727408380813
188,GAM,0.445,698.0,2.0625378243788033
914,GAM,0.445,698.0,2.0625378243788033
2741,GAM,0.445,698.0,2.0625378243788033
282,GAM,0.444,701.0,2.057902907919525
2053,GAM,0.444,701.0,2.057902907919525
1098,GAM,0.443,703.0,2.0532679914602467
1480,GAM,0.443,703.0,2.0532679914602467
1677,GAM,0.443,703.0,2.0532679914602467
2178,GAM,0.443,703.0,2.0532679914602467
411,GAM,0.442,707.0,2.0486330750009683
1611,GAM,0.441,708.0,2.04399815854169
2418,GAM,0.441,708.0,2.04399815854169
2705,GAM,0.441,708.0,2.04399815854169
995,GAM,0.44,711.0,2.039363242082412
1648,GAM,0.44,711.0,2.039363242082412
2016,GAM,0.44,711.0,2.039363242082412
2665,GAM,0.44,711.0,2.039363242082412
1384,GAM,0.439,715.0,2.0347283256231337
438,GAM,0.438,716.0,2.0300934091638556
708,GAM,0.438,716.0,2.0300934091638556
1363,GAM,0.438,716.0,2.0300934091638556
2107,GAM,0.438,716.0,2.0300934091638556
2437,GAM,0.438,716.0,2.0300934091638556
442,GAM,0.437,721.0,2.0254584927045776
459,GAM,0.437,721.0,2.0254584927045776
654,GAM,0.437,721.0,2.0254584927045776
924,GAM,0.437,721.0,2.0254584927045776
991,GAM,0.437,721.0,2.0254584927045776
1686,GAM,0.437,721.0,2.0254584927045776
2386,GAM,0.437,721.0,2.0254584927045776
245,GAM,0.436,728.0,2.020823576245299
211,GAM,0.435,729.0,2.016188659786021
876,GAM,0.435,729.0,2.016188659786021
1533,GAM,0.435,729.0,2.016188659786021
1683,GAM,0.435,729.0,2.016188659786021
2170,GAM,0.435,729.0,2.016188659786021
125,GAM,0.434,734.0,2.0115537433267425
2717,GAM,0.434,734.0,2.0115537433267425
340,GAM,0.433,736.0,2.0069188268674645
2054,GAM,0.433,736.0,2.0069188268674645
2416,GAM,0.433,736.0,2.0069188268674645
34,GAM,0.432,739.0,2.0022839104081864
381,GAM,0.432,739.0,2.0022839104081864
1893,GAM,0.432,739.0,2.0022839104081864
2080,GAM,0.432,739.0,2.0022839104081864
2020,GAM,0.431,743.0,1.9976489939489082
2661,GAM,0.431,743.0,1.9976489939489082
2667,GAM,0.431,743.0,1.9976489939489082
2691,GAM,0.431,743.0,1.9976489939489082
2704,GAM,0.431,743.0,1.9976489939489082
316,GAM,0.43,748.0,1.9930140774896299
2602,GAM,0.43,748.0,1.9930140774896299
1270,GAM,0.429,750.0,1.9883791610303516
1281,GAM,0.429,750.0,1.9883791610303516
2034,GAM,0.429,750.0,1.9883791610303516
2514,GAM,0.429,750.0,1.9883791610303516
2757,GAM,0.429,750.0,1.9883791610303516
367,GAM,0.428,755.0,1.9837442445710733
548,GAM,0.428,755.0,1.9837442445710733
849,GAM,0.428,755.0,1.9837442445710733
905,GAM,0.428,755.0,1.9837442445710733
2537,GAM,0.428,755.0,1.9837442445710733
173,GAM,0.427,760.0,1.9791093281117953
1021,GAM,0.427,760.0,1.9791093281117953
1189,GAM,0.427,760.0,1.9791093281117953
1248,GAM,0.427,760.0,1.9791093281117953
1263,GAM,0.427,760.0,1.9791093281117953
1397,GAM,0.427,760.0,1.9791093281117953
1943,GAM,0.427,760.0,1.9791093281117953
2001,GAM,0.427,760.0,1.9791093281117953
1808,GAM,0.426,768.0,1.974474411652517
2044,GAM,0.426,768.0,1.974474411652517
2163,GAM,0.426,768.0,1.974474411652517
187,GAM,0.425,771.0,1.9698394951932388
628,GAM,0.425,771.0,1.9698394951932388
314,GAM,0.424,773.0,1.9652045787339605
1980,GAM,0.424,773.0,1.9652045787339605
1171,GAM,0.423,775.0,1.9605696622746824
2246,GAM,0.423,775.0,1.9605696622746824
2401,GAM,0.423,775.0,1.9605696622746824
1119,GAM,0.422,778.0,1.9559347458154042
1472,GAM,0.422,778.0,1.9559347458154042
1858,GAM,0.422,778.0,1.9559347458154042
2490,GAM,0.422,778.0,1.9559347458154042
2571,GAM,0.422,778.0,1.9559347458154042
2644,GAM,0.422,778.0,1.9559347458154042
10,GAM,0.421,784.0,1.951299829356126
156,GAM,0.421,784.0,1.951299829356126
248,GAM,0.421,784.0,1.951299829356126
623,GAM,0.421,784.0,1.951299829356126
1166,GAM,0.421,784.0,1.951299829356126
1585,GAM,0.421,784.0,1.951299829356126
1846,GAM,0.421,784.0,1.951299829356126
2103,GAM,0.421,784.0,1.951299829356126
2252,GAM,0.421,784.0,1.951299829356126
409,GAM,0.42,793.0,1.9466649128968478
961,GAM,0.42,793.0,1.9466649128968478
1279,GAM,0.42,793.0,1.9466649128968478
1517,GAM,0.42,793.0,1.9466649128968478
1551,GAM,0.42,793.0,1.9466649128968478
1604,GAM,0.42,793.0,1.9466649128968478
2220,GAM,0.42,793.0,1.9466649128968478
2453,GAM,0.42,793.0,1.9466649128968478
2547,GAM,0.42,793.0,1.9466649128968478
15,GAM,0.419,802.0,1.9420299964375696
506,GAM,0.419,802.0,1.9420299964375696
1018,GAM,0.419,802.0,1.9420299964375696
1496,GAM,0.419,802.0,1.9420299964375696
1682,GAM,0.419,802.0,1.9420299964375696
2038,GAM,0.419,802.0,1.9420299964375696
2770,GAM,0.419,802.0,1.9420299964375696
891,GAM,0.418,809.0,1.9373950799782913
1869,GAM,0.418,809.0,1.9373950799782913
2393,GAM,0.418,809.0,1.9373950799782913
2585,GAM,0.418,809.0,1.9373950799782913
2642,GAM,0.418,809.0,1.9373950799782913
64,GAM,0.417,814.0,1.932760163519013
335,GAM,0.417,814.0,1.932760163519013
711,GAM,0.417,814.0,1.932760163519013
719,GAM,0.417,814.0,1.932760163519013
1674,GAM,0.417,814.0,1.932760163519013
403,GAM,0.416,819.0,1.928125247059735
1408,GAM,0.416,819.0,1.928125247059735
1807,GAM,0.416,819.0,1.928125247059735
1930,GAM,0.416,819.0,1.928125247059735
559,GAM,0.415,823.0,1.9234903306004567
935,GAM,0.415,823.0,1.9234903306004567
1905,GAM,0.415,823.0,1.9234903306004567
2128,GAM,0.415,823.0,1.9234903306004567
2213,GAM,0.415,823.0,1.9234903306004567
2617,GAM,0.415,823.0,1.9234903306004567
303,GAM,0.414,829.0,1.9188554141411784
769,GAM,0.414,829.0,1.9188554141411784
1929,GAM,0.414,829.0,1.9188554141411784
2186,GAM,0.414,829.0,1.9188554141411784
174,GAM,0.413,833.0,1.9142204976819002
1500,GAM,0.413,833.0,1.9142204976819002
1891,GAM,0.413,833.0,1.9142204976819002
2594,GAM,0.413,833.0,1.9142204976819002
221,GAM,0.412,837.0,1.9095855812226221
330,GAM,0.412,837.0,1.9095855812226221
653,GAM,0.412,837.0,1.9095855812226221
1106,GAM,0.412,837.0,1.9095855812226221
1416,GAM,0.412,837.0,1.9095855812226221
298,GAM,0.411,842.0,1.9049506647633438
918,GAM,0.411,842.0,1.9049506647633438
944,GAM,0.411,842.0,1.9049506647633438
966,GAM,0.411,842.0,1.9049506647633438
1396,GAM,0.411,842.0,1.9049506647633438
1566,GAM,0.411,842.0,1.9049506647633438
2136,GAM,0.411,842.0,1.9049506647633438
2573,GAM,0.411,842.0,1.9049506647633438
7,GAM,0.41,850.0,1.9003157483040656
101,GAM,0.41,850.0,1.9003157483040656
860,GAM,0.41,850.0,1.9003157483040656
1654,GAM,0.41,850.0,1.9003157483040656
2546,GAM,0.41,850.0,1.9003157483040656
2762,GAM,0.41,850.0,1.9003157483040656
2019,GAM,0.409,856.0,1.8956808318447873
2452,GAM,0.409,856.0,1.8956808318447873
180,GAM,0.408,858.0,1.8910459153855093
428,GAM,0.408,858.0,1.8910459153855093
1422,GAM,0.408,858.0,1.8910459153855093
1454,GAM,0.408,858.0,1.8910459153855093
1798,GAM,0.408,858.0,1.8910459153855093
266,GAM,0.407,863.0,1.886410998926231
659,GAM,0.407,863.0,1.886410998926231
1704,GAM,0.407,863.0,1.886410998926231
1838,GAM,0.407,863.0,1.886410998926231
2372,GAM,0.407,863.0,1.886410998926231
2506,GAM,0.407,863.0,1.886410998926231
76,GAM,0.406,869.0,1.881776082466953
133,GAM,0.406,869.0,1.881776082466953
2406,GAM,0.406,869.0,1.881776082466953
2722,GAM,0.406,869.0,1.881776082466953
251,GAM,0.405,873.0,1.8771411660076749
978,GAM,0.405,873.0,1.8771411660076749
1776,GAM,0.405,873.0,1.8771411660076749
2114,GAM,0.405,873.0,1.8771411660076749
2175,GAM,0.405,873.0,1.8771411660076749
2774,GAM,0.405,873.0,1.8771411660076749
372,GAM,0.404,879.0,1.8725062495483966
2327,GAM,0.404,879.0,1.8725062495483966
130,GAM,0.403,881.0,1.8678713330891183
698,GAM,0.403,881.0,1.8678713330891183
1660,GAM,0.403,881.0,1.8678713330891183
1711,GAM,0.403,881.0,1.8678713330891183
2519,GAM,0.403,881.0,1.8678713330891183
776,GAM,0.402,886.0,1.86323641662984
1026,GAM,0.402,886.0,1.86323641662984
1819,GAM,0.402,886.0,1.86323641662984
342,GAM,0.401,889.0,1.858601500170562
831,GAM,0.401,889.0,1.858601500170562
1818,GAM,0.401,889.0,1.858601500170562
2060,GAM,0.401,889.0,1.858601500170562
2222,GAM,0.401,889.0,1.858601500170562
2388,GAM,0.401,889.0,1.858601500170562
97,GAM,0.4,895.0,1.8539665837112838
216,GAM,0.4,895.0,1.8539665837112838
379,GAM,0.4,895.0,1.8539665837112838
394,GAM,0.4,895.0,1.8539665837112838
451,GAM,0.4,895.0,1.8539665837112838
1467,GAM,0.4,895.0,1.8539665837112838
2250,GAM,0.4,895.0,1.8539665837112838
931,GAM,0.399,902.0,1.8493316672520055
1349,GAM,0.399,902.0,1.8493316672520055
1716,GAM,0.399,902.0,1.8493316672520055
2212,GAM,0.399,902.0,1.8493316672520055
2464,GAM,0.399,902.0,1.8493316672520055
546,GAM,0.398,907.0,1.8446967507927272
2100,GAM,0.398,907.0,1.8446967507927272
1048,GAM,0.397,909.0,1.8400618343334492
1492,GAM,0.397,909.0,1.8400618343334492
1968,GAM,0.397,909.0,1.8400618343334492
2338,GAM,0.397,909.0,1.8400618343334492
2616,GAM,0.397,909.0,1.8400618343334492
2723,GAM,0.397,909.0,1.8400618343334492
2598,GAM,0.396,915.0,1.835426917874171
695,GAM,0.395,916.0,1.8307920014148926
805,GAM,0.395,916.0,1.8307920014148926
957,GAM,0.395,916.0,1.8307920014148926
1150,GAM,0.395,916.0,1.8307920014148926
1670,GAM,0.395,916.0,1.8307920014148926
368,GAM,0.394,921.0,1.8261570849556144
967,GAM,0.394,921.0,1.8261570849556144
1511,GAM,0.394,921.0,1.8261570849556144
205,GAM,0.393,924.0,1.8215221684963363
376,GAM,0.393,924.0,1.8215221684963363
1328,GAM,0.393,924.0,1.8215221684963363
2605,GAM,0.393,924.0,1.8215221684963363
2765,GAM,0.393,924.0,1.8215221684963363
1044,GAM,0.392,929.0,1.816887252037058
1932,GAM,0.392,929.0,1.816887252037058
1942,GAM,0.392,929.0,1.816887252037058
2108,GAM,0.392,929.0,1.816887252037058
2127,GAM,0.392,929.0,1.816887252037058
2481,GAM,0.392,929.0,1.816887252037058
2568,GAM,0.392,929.0,1.816887252037058
283,GAM,0.391,936.0,1.8122523355777798
1442,GAM,0.391,936.0,1.8122523355777798
1877,GAM,0.391,936.0,1.8122523355777798
2581,GAM,0.391,936.0,1.8122523355777798
2742,GAM,0.391,936.0,1.8122523355777798
530,GAM,0.39,941.0,1.8076174191185015
533,GAM,0.39,941.0,1.8076174191185015
1199,GAM,0.39,941.0,1.8076174191185015
2172,GAM,0.39,941.0,1.8076174191185015
2176,GAM,0.39,941.0,1.8076174191185015
2232,GAM,0.39,941.0,1.8076174191185015
1102,GAM,0.389,947.0,1.8029825026592234
2351,GAM,0.389,947.0,1.8029825026592234
3,GAM,0.388,949.0,1.7983475861999452
1783,GAM,0.388,949.0,1.7983475861999452
2695,GAM,0.388,949.0,1.7983475861999452
468,GAM,0.387,952.0,1.793712669740667
873,GAM,0.387,952.0,1.793712669740667
1347,GAM,0.387,952.0,1.793712669740667
1728,GAM,0.387,952.0,1.793712669740667
1768,GAM,0.387,952.0,1.793712669740667
2622,GAM,0.387,952.0,1.793712669740667
2759,GAM,0.387,952.0,1.793712669740667
474,GAM,0.386,959.0,1.7890777532813888
668,GAM,0.386,959.0,1.7890777532813888
823,GAM,0.386,959.0,1.7890777532813888
851,GAM,0.386,959.0,1.7890777532813888
1672,GAM,0.386,959.0,1.7890777532813888
1873,GAM,0.386,959.0,1.7890777532813888
2367,GAM,0.386,959.0,1.7890777532813888
259,GAM,0.385,966.0,1.7844428368221106
822,GAM,0.385,966.0,1.7844428368221106
1608,GAM,0.385,966.0,1.7844428368221106
141,GAM,0.384,969.0,1.7798079203628323
199,GAM,0.384,969.0,1.7798079203628323
976,GAM,0.384,969.0,1.7798079203628323
1658,GAM,0.384,969.0,1.7798079203628323
2684,GAM,0.384,969.0,1.7798079203628323
46,GAM,0.383,974.0,1.775173003903554
889,GAM,0.383,974.0,1.775173003903554
980,GAM,0.383,974.0,1.775173003903554
1272,GAM,0.383,974.0,1.775173003903554
1705,GAM,0.383,974.0,1.775173003903554
2036,GAM,0.383,974.0,1.775173003903554
210,GAM,0.382,980.0,1.770538087444276
1045,GAM,0.382,980.0,1.770538087444276
1884,GAM,0.382,980.0,1.770538087444276
2588,GAM,0.382,980.0,1.770538087444276
2737,GAM,0.382,980.0,1.770538087444276
26,GAM,0.381,985.0,1.7659031709849977
265,GAM,0.381,985.0,1.7659031709849977
721,GAM,0.38,987.0,1.7612682545257194
803,GAM,0.38,987.0,1.7612682545257194
1258,GAM,0.38,987.0,1.7612682545257194
1267,GAM,0.38,987.0,1.7612682545257194
1739,GAM,0.38,987.0,1.7612682545257194
1890,GAM,0.38,987.0,1.7612682545257194
389,GAM,0.379,993.0,1.7566333380664412
800,GAM,0.379,993.0,1.7566333380664412
883,GAM,0.379,993.0,1.7566333380664412
1888,GAM,0.379,993.0,1.7566333380664412
2279,GAM,0.379,993.0,1.7566333380664412
111,GAM,0.378,998.0,1.7519984216071631
1229,GAM,0.378,998.0,1.7519984216071631
1489,GAM,0.378,998.0,1.7519984216071631
1699,GAM,0.378,998.0,1.7519984216071631
1780,GAM,0.378,998.0,1.7519984216071631
2226,GAM,0.378,998.0,1.7519984216071631
2269,GAM,0.378,998.0,1.7519984216071631
400,GAM,0.377,1005.0,1.7473635051478849
496,GAM,0.377,1005.0,1.7473635051478849
1969,GAM,0.377,1005.0,1.7473635051478849
593,GAM,0.376,1008.0,1.7427285886886066
710,GAM,0.376,1008.0,1.7427285886886066
1207,GAM,0.376,1008.0,1.7427285886886066
1451,GAM,0.376,1008.0,1.7427285886886066
1646,GAM,0.376,1008.0,1.7427285886886066
1966,GAM,0.376,1008.0,1.7427285886886066
464,GAM,0.375,1014.0,1.7380936722293283
596,GAM,0.375,1014.0,1.7380936722293283
819,GAM,0.375,1014.0,1.7380936722293283
1510,GAM,0.375,1014.0,1.7380936722293283
1544,GAM,0.375,1014.0,1.7380936722293283
1806,GAM,0.375,1014.0,1.7380936722293283
1875,GAM,0.375,1014.0,1.7380936722293283
2676,GAM,0.375,1014.0,1.7380936722293283
2714,GAM,0.375,1014.0,1.7380936722293283
281,GAM,0.374,1023.0,1.7334587557700503
676,GAM,0.374,1023.0,1.7334587557700503
749,GAM,0.374,1023.0,1.7334587557700503
1254,GAM,0.374,1023.0,1.7334587557700503
1415,GAM,0.373,1027.0,1.728823839310772
1609,GAM,0.373,1027.0,1.728823839310772
2173,GAM,0.373,1027.0,1.728823839310772
2238,GAM,0.373,1027.0,1.728823839310772
443,GAM,0.372,1031.0,1.7241889228514937
1111,GAM,0.372,1031.0,1.7241889228514937
1418,GAM,0.372,1031.0,1.7241889228514937
2766,GAM,0.372,1031.0,1.7241889228514937
257,GAM,0.371,1035.0,1.7195540063922155
722,GAM,0.371,1035.0,1.7195540063922155
741,GAM,0.371,1035.0,1.7195540063922155
1405,GAM,0.371,1035.0,1.7195540063922155
2316,GAM,0.371,1035.0,1.7195540063922155
752,GAM,0.37,1040.0,1.7149190899329374
1194,GAM,0.37,1040.0,1.7149190899329374
2292,GAM,0.37,1040.0,1.7149190899329374
186,GAM,0.369,1043.0,1.7102841734736591
962,GAM,0.369,1043.0,1.7102841734736591
1337,GAM,0.369,1043.0,1.7102841734736591
1640,GAM,0.369,1043.0,1.7102841734736591
1948,GAM,0.369,1043.0,1.7102841734736591
2636,GAM,0.369,1043.0,1.7102841734736591
65,GAM,0.368,1049.0,1.7056492570143809
91,GAM,0.368,1049.0,1.7056492570143809
812,GAM,0.368,1049.0,1.7056492570143809
937,GAM,0.368,1049.0,1.7056492570143809
1508,GAM,0.368,1049.0,1.7056492570143809
1657,GAM,0.368,1049.0,1.7056492570143809
1733,GAM,0.368,1049.0,1.7056492570143809
2079,GAM,0.368,1049.0,1.7056492570143809
2151,GAM,0.368,1049.0,1.7056492570143809
2381,GAM,0.368,1049.0,1.7056492570143809
2480,GAM,0.368,1049.0,1.7056492570143809
2697,GAM,0.368,1049.0,1.7056492570143809
1708,GAM,0.367,1061.0,1.7010143405551026
327,GAM,0.366,1062.0,1.6963794240958245
1246,GAM,0.366,1062.0,1.6963794240958245
1390,GAM,0.366,1062.0,1.6963794240958245
122,GAM,0.365,1065.0,1.6917445076365463
164,GAM,0.365,1065.0,1.6917445076365463
835,GAM,0.365,1065.0,1.6917445076365463
1534,GAM,0.365,1065.0,1.6917445076365463
2412,GAM,0.365,1065.0,1.6917445076365463
45,GAM,0.364,1070.0,1.687109591177268
349,GAM,0.364,1070.0,1.687109591177268
360,GAM,0.364,1070.0,1.687109591177268
1747,GAM,0.364,1070.0,1.687109591177268
2131,GAM,0.364,1070.0,1.687109591177268
29,GAM,0.363,1075.0,1.68247467471799
2294,GAM,0.363,1075.0,1.68247467471799
549,GAM,0.362,1077.0,1.6778397582587117
799,GAM,0.362,1077.0,1.6778397582587117
1432,GAM,0.362,1077.0,1.6778397582587117
1989,GAM,0.362,1077.0,1.6778397582587117
2315,GAM,0.362,1077.0,1.6778397582587117
237,GAM,0.361,1082.0,1.6732048417994334
667,GAM,0.361,1082.0,1.6732048417994334
705,GAM,0.361,1082.0,1.6732048417994334
909,GAM,0.361,1082.0,1.6732048417994334
1834,GAM,0.361,1082.0,1.6732048417994334
2014,GAM,0.361,1082.0,1.6732048417994334
2752,GAM,0.361,1082.0,1.6732048417994334
308,GAM,0.36,1089.0,1.6685699253401551
364,GAM,0.36,1089.0,1.6685699253401551
365,GAM,0.36,1089.0,1.6685699253401551
460,GAM,0.36,1089.0,1.6685699253401551
502,GAM,0.36,1089.0,1.6685699253401551
2640,GAM,0.36,1089.0,1.6685699253401551
2720,GAM,0.36,1089.0,1.6685699253401551
2727,GAM,0.36,1089.0,1.6685699253401551
872,GAM,0.359,1097.0,1.663935008880877
1067,GAM,0.359,1097.0,1.663935008880877
2258,GAM,0.359,1097.0,1.663935008880877
514,GAM,0.358,1100.0,1.6593000924215988
562,GAM,0.358,1100.0,1.6593000924215988
1499,GAM,0.358,1100.0,1.6593000924215988
1537,GAM,0.358,1100.0,1.6593000924215988
1986,GAM,0.358,1100.0,1.6593000924215988
2278,GAM,0.358,1100.0,1.6593000924215988
2628,GAM,0.358,1100.0,1.6593000924215988
2716,GAM,0.358,1100.0,1.6593000924215988
61,GAM,0.357,1108.0,1.6546651759623205
355,GAM,0.357,1108.0,1.6546651759623205
373,GAM,0.357,1108.0,1.6546651759623205
1622,GAM,0.357,1108.0,1.6546651759623205
1650,GAM,0.357,1108.0,1.6546651759623205
204,GAM,0.356,1113.0,1.6500302595030423
1380,GAM,0.356,1113.0,1.6500302595030423
1962,GAM,0.356,1113.0,1.6500302595030423
2045,GAM,0.356,1113.0,1.6500302595030423
2241,GAM,0.356,1113.0,1.6500302595030423
235,GAM,0.355,1118.0,1.6453953430437642
350,GAM,0.355,1118.0,1.6453953430437642
1353,GAM,0.355,1118.0,1.6453953430437642
1443,GAM,0.355,1118.0,1.6453953430437642
1483,GAM,0.355,1118.0,1.6453953430437642
1796,GAM,0.355,1118.0,1.6453953430437642
1802,GAM,0.355,1118.0,1.6453953430437642
2611,GAM,0.355,1118.0,1.6453953430437642
286,GAM,0.354,1126.0,1.640760426584486
578,GAM,0.354,1126.0,1.640760426584486
1160,GAM,0.354,1126.0,1.640760426584486
1762,GAM,0.354,1126.0,1.640760426584486
1939,GAM,0.354,1126.0,1.640760426584486
2335,GAM,0.354,1126.0,1.640760426584486
224,GAM,0.353,1132.0,1.6361255101252077
568,GAM,0.353,1132.0,1.6361255101252077
1378,GAM,0.353,1132.0,1.6361255101252077
1596,GAM,0.353,1132.0,1.6361255101252077
2374,GAM,0.353,1132.0,1.6361255101252077
2638,GAM,0.353,1132.0,1.6361255101252077
9,GAM,0.352,1138.0,1.6314905936659294
157,GAM,0.352,1138.0,1.6314905936659294
469,GAM,0.352,1138.0,1.6314905936659294
718,GAM,0.352,1138.0,1.6314905936659294
745,GAM,0.352,1138.0,1.6314905936659294
911,GAM,0.352,1138.0,1.6314905936659294
1261,GAM,0.352,1138.0,1.6314905936659294
1302,GAM,0.352,1138.0,1.6314905936659294
1521,GAM,0.352,1138.0,1.6314905936659294
1840,GAM,0.352,1138.0,1.6314905936659294
1956,GAM,0.352,1138.0,1.6314905936659294
1981,GAM,0.352,1138.0,1.6314905936659294
2104,GAM,0.352,1138.0,1.6314905936659294
2462,GAM,0.352,1138.0,1.6314905936659294
2756,GAM,0.352,1138.0,1.6314905936659294
473,GAM,0.351,1153.0,1.6268556772066514
1023,GAM,0.351,1153.0,1.6268556772066514
1383,GAM,0.351,1153.0,1.6268556772066514
1546,GAM,0.351,1153.0,1.6268556772066514
2306,GAM,0.351,1153.0,1.6268556772066514
253,GAM,0.35,1158.0,1.622220760747373
482,GAM,0.35,1158.0,1.622220760747373
575,GAM,0.35,1158.0,1.622220760747373
806,GAM,0.35,1158.0,1.622220760747373
2728,GAM,0.35,1158.0,1.622220760747373
495,GAM,0.349,1163.0,1.6175858442880948
2444,GAM,0.349,1163.0,1.6175858442880948
2615,GAM,0.349,1163.0,1.6175858442880948
234,GAM,0.348,1166.0,1.6129509278288165
483,GAM,0.348,1166.0,1.6129509278288165
862,GAM,0.348,1166.0,1.6129509278288165
1153,GAM,0.348,1166.0,1.6129509278288165
1556,GAM,0.348,1166.0,1.6129509278288165
2488,GAM,0.348,1166.0,1.6129509278288165
63,GAM,0.347,1172.0,1.6083160113695385
153,GAM,0.347,1172.0,1.6083160113695385
1108,GAM,0.347,1172.0,1.6083160113695385
600,GAM,0.346,1175.0,1.6036810949102602
734,GAM,0.346,1175.0,1.6036810949102602
786,GAM,0.346,1175.0,1.6036810949102602
1315,GAM,0.346,1175.0,1.6036810949102602
2293,GAM,0.346,1175.0,1.6036810949102602
162,GAM,0.345,1180.0,1.599046178450982
219,GAM,0.345,1180.0,1.599046178450982
352,GAM,0.345,1180.0,1.599046178450982
712,GAM,0.345,1180.0,1.599046178450982
768,GAM,0.345,1180.0,1.599046178450982
857,GAM,0.345,1180.0,1.599046178450982
1175,GAM,0.345,1180.0,1.599046178450982
1215,GAM,0.345,1180.0,1.599046178450982
1951,GAM,0.345,1180.0,1.599046178450982
2115,GAM,0.345,1180.0,1.599046178450982
2242,GAM,0.345,1180.0,1.599046178450982
2333,GAM,0.345,1180.0,1.599046178450982
1128,GAM,0.344,1192.0,1.5944112619917037
1506,GAM,0.344,1192.0,1.5944112619917037
2073,GAM,0.344,1192.0,1.5944112619917037
2119,GAM,0.344,1192.0,1.5944112619917037
2162,GAM,0.344,1192.0,1.5944112619917037
55,GAM,0.343,1197.0,1.5897763455324259
175,GAM,0.343,1197.0,1.5897763455324259
296,GAM,0.343,1197.0,1.5897763455324259
608,GAM,0.343,1197.0,1.5897763455324259
898,GAM,0.343,1197.0,1.5897763455324259
1554,GAM,0.343,1197.0,1.5897763455324259
1594,GAM,0.343,1197.0,1.5897763455324259
1710,GAM,0.343,1197.0,1.5897763455324259
1725,GAM,0.343,1197.0,1.5897763455324259
1974,GAM,0.343,1197.0,1.5897763455324259
2321,GAM,0.343,1197.0,1.5897763455324259
2457,GAM,0.343,1197.0,1.5897763455324259
2590,GAM,0.343,1197.0,1.5897763455324259
441,GAM,0.342,1210.0,1.5851414290731476
563,GAM,0.342,1210.0,1.5851414290731476
713,GAM,0.342,1210.0,1.5851414290731476
954,GAM,0.342,1210.0,1.5851414290731476
1149,GAM,0.342,1210.0,1.5851414290731476
1316,GAM,0.342,1210.0,1.5851414290731476
1389,GAM,0.342,1210.0,1.5851414290731476
1952,GAM,0.342,1210.0,1.5851414290731476
2313,GAM,0.342,1210.0,1.5851414290731476
2467,GAM,0.342,1210.0,1.5851414290731476
2750,GAM,0.342,1210.0,1.5851414290731476
651,GAM,0.341,1221.0,1.5805065126138693
1978,GAM,0.341,1221.0,1.5805065126138693
2133,GAM,0.341,1221.0,1.5805065126138693
2403,GAM,0.341,1221.0,1.5805065126138693
126,GAM,0.34,1225.0,1.5758715961545913
867,GAM,0.34,1225.0,1.5758715961545913
943,GAM,0.34,1225.0,1.5758715961545913
1736,GAM,0.34,1225.0,1.5758715961545913
2122,GAM,0.34,1225.0,1.5758715961545913
2702,GAM,0.34,1225.0,1.5758715961545913
811,GAM,0.339,1231.0,1.571236679695313
855,GAM,0.339,1231.0,1.571236679695313
1456,GAM,0.339,1231.0,1.571236679695313
871,GAM,0.338,1234.0,1.5666017632360347
1120,GAM,0.338,1234.0,1.5666017632360347
1222,GAM,0.338,1234.0,1.5666017632360347
1352,GAM,0.338,1234.0,1.5666017632360347
1417,GAM,0.338,1234.0,1.5666017632360347
1938,GAM,0.338,1234.0,1.5666017632360347
99,GAM,0.337,1240.0,1.5619668467767565
357,GAM,0.337,1240.0,1.5619668467767565
755,GAM,0.337,1240.0,1.5619668467767565
963,GAM,0.337,1240.0,1.5619668467767565
1014,GAM,0.337,1240.0,1.5619668467767565
1037,GAM,0.337,1240.0,1.5619668467767565
1651,GAM,0.337,1240.0,1.5619668467767565
2396,GAM,0.337,1240.0,1.5619668467767565
2562,GAM,0.337,1240.0,1.5619668467767565
23,GAM,0.336,1249.0,1.5573319303174784
348,GAM,0.336,1249.0,1.5573319303174784
582,GAM,0.336,1249.0,1.5573319303174784
1017,GAM,0.336,1249.0,1.5573319303174784
1081,GAM,0.336,1249.0,1.5573319303174784
1112,GAM,0.336,1249.0,1.5573319303174784
1944,GAM,0.336,1249.0,1.5573319303174784
250,GAM,0.335,1256.0,1.5526970138582001
743,GAM,0.335,1256.0,1.5526970138582001
767,GAM,0.335,1256.0,1.5526970138582001
1524,GAM,0.335,1256.0,1.5526970138582001
1593,GAM,0.335,1256.0,1.5526970138582001
1763,GAM,0.335,1256.0,1.5526970138582001
2033,GAM,0.335,1256.0,1.5526970138582001
2251,GAM,0.335,1256.0,1.5526970138582001
2582,GAM,0.335,1256.0,1.5526970138582001
2634,GAM,0.335,1256.0,1.5526970138582001
2649,GAM,0.335,1256.0,1.5526970138582001
541,GAM,0.334,1267.0,1.5480620973989219
973,GAM,0.334,1267.0,1.5480620973989219
1407,GAM,0.334,1267.0,1.5480620973989219
1414,GAM,0.334,1267.0,1.5480620973989219
2491,GAM,0.334,1267.0,1.5480620973989219
87,GAM,0.333,1272.0,1.5434271809396436
119,GAM,0.333,1272.0,1.5434271809396436
169,GAM,0.333,1272.0,1.5434271809396436
344,GAM,0.333,1272.0,1.5434271809396436
827,GAM,0.333,1272.0,1.5434271809396436
1965,GAM,0.333,1272.0,1.5434271809396436
1998,GAM,0.333,1272.0,1.5434271809396436
2302,GAM,0.333,1272.0,1.5434271809396436
2625,GAM,0.333,1272.0,1.5434271809396436
2657,GAM,0.333,1272.0,1.5434271809396436
2751,GAM,0.333,1272.0,1.5434271809396436
90,GAM,0.332,1283.0,1.5387922644803655
213,GAM,0.332,1283.0,1.5387922644803655
215,GAM,0.332,1283.0,1.5387922644803655
279,GAM,0.332,1283.0,1.5387922644803655
580,GAM,0.332,1283.0,1.5387922644803655
794,GAM,0.332,1283.0,1.5387922644803655
869,GAM,0.332,1283.0,1.5387922644803655
1599,GAM,0.332,1283.0,1.5387922644803655
1860,GAM,0.332,1283.0,1.5387922644803655
2025,GAM,0.332,1283.0,1.5387922644803655
2528,GAM,0.332,1283.0,1.5387922644803655
138,GAM,0.331,1294.0,1.5341573480210873
972,GAM,0.331,1294.0,1.5341573480210873
1874,GAM,0.331,1294.0,1.5341573480210873
196,GAM,0.33,1297.0,1.529522431561809
236,GAM,0.33,1297.0,1.529522431561809
792,GAM,0.33,1297.0,1.529522431561809
1214,GAM,0.33,1297.0,1.529522431561809
1720,GAM,0.33,1297.0,1.529522431561809
2354,GAM,0.33,1297.0,1.529522431561809
523,GAM,0.329,1303.0,1.524887515102531
689,GAM,0.329,1303.0,1.524887515102531
782,GAM,0.329,1303.0,1.524887515102531
853,GAM,0.329,1303.0,1.524887515102531
1200,GAM,0.329,1303.0,1.524887515102531
1645,GAM,0.329,1303.0,1.524887515102531
1976,GAM,0.329,1303.0,1.524887515102531
2153,GAM,0.329,1303.0,1.524887515102531
449,GAM,0.328,1311.0,1.5202525986432527
1993,GAM,0.328,1311.0,1.5202525986432527
2364,GAM,0.328,1311.0,1.5202525986432527
2512,GAM,0.328,1311.0,1.5202525986432527
2658,GAM,0.328,1311.0,1.5202525986432527
471,GAM,0.327,1316.0,1.5156176821839744
501,GAM,0.327,1316.0,1.5156176821839744
513,GAM,0.327,1316.0,1.5156176821839744
1240,GAM,0.327,1316.0,1.5156176821839744
1268,GAM,0.327,1316.0,1.5156176821839744
1358,GAM,0.327,1316.0,1.5156176821839744
1494,GAM,0.327,1316.0,1.5156176821839744
1579,GAM,0.327,1316.0,1.5156176821839744
1839,GAM,0.327,1316.0,1.5156176821839744
2135,GAM,0.327,1316.0,1.5156176821839744
2337,GAM,0.327,1316.0,1.5156176821839744
2743,GAM,0.327,1316.0,1.5156176821839744
892,GAM,0.326,1328.0,1.5109827657246961
2282,GAM,0.326,1328.0,1.5109827657246961
2415,GAM,0.326,1328.0,1.5109827657246961
31,GAM,0.325,1331.0,1.506347849265418
333,GAM,0.325,1331.0,1.506347849265418
478,GAM,0.325,1331.0,1.506347849265418
622,GAM,0.325,1331.0,1.506347849265418
1055,GAM,0.325,1331.0,1.506347849265418
2334,GAM,0.325,1331.0,1.506347849265418
2699,GAM,0.325,1331.0,1.506347849265418
4,GAM,0.324,1338.0,1.5017129328061398
284,GAM,0.324,1338.0,1.5017129328061398
1155,GAM,0.324,1338.0,1.5017129328061398
1341,GAM,0.324,1338.0,1.5017129328061398
1843,GAM,0.324,1338.0,1.5017129328061398
1900,GAM,0.324,1338.0,1.5017129328061398
1955,GAM,0.324,1338.0,1.5017129328061398
2049,GAM,0.324,1338.0,1.5017129328061398
2231,GAM,0.324,1338.0,1.5017129328061398
2243,GAM,0.324,1338.0,1.5017129328061398
2346,GAM,0.324,1338.0,1.5017129328061398
2371,GAM,0.324,1338.0,1.5017129328061398
2439,GAM,0.324,1338.0,1.5017129328061398
2489,GAM,0.324,1338.0,1.5017129328061398
184,GAM,0.323,1352.0,1.4970780163468616
448,GAM,0.323,1352.0,1.4970780163468616
450,GAM,0.323,1352.0,1.4970780163468616
525,GAM,0.323,1352.0,1.4970780163468616
613,GAM,0.323,1352.0,1.4970780163468616
886,GAM,0.323,1352.0,1.4970780163468616
950,GAM,0.323,1352.0,1.4970780163468616
1375,GAM,0.323,1352.0,1.4970780163468616
1829,GAM,0.323,1352.0,1.4970780163468616
2391,GAM,0.323,1352.0,1.4970780163468616
2409,GAM,0.323,1352.0,1.4970780163468616
2484,GAM,0.323,1352.0,1.4970780163468616
2532,GAM,0.323,1352.0,1.4970780163468616
445,GAM,0.322,1365.0,1.4924430998875833
1600,GAM,0.322,1365.0,1.4924430998875833
2144,GAM,0.322,1365.0,1.4924430998875833
2205,GAM,0.322,1365.0,1.4924430998875833
2245,GAM,0.322,1365.0,1.4924430998875833
2291,GAM,0.322,1365.0,1.4924430998875833
2629,GAM,0.322,1365.0,1.4924430998875833
289,GAM,0.321,1372.0,1.4878081834283052
684,GAM,0.321,1372.0,1.4878081834283052
1115,GAM,0.321,1372.0,1.4878081834283052
1695,GAM,0.321,1372.0,1.4878081834283052
1706,GAM,0.321,1372.0,1.4878081834283052
2000,GAM,0.321,1372.0,1.4878081834283052
2471,GAM,0.321,1372.0,1.4878081834283052
2674,GAM,0.321,1372.0,1.4878081834283052
2698,GAM,0.321,1372.0,1.4878081834283052
574,GAM,0.32,1381.0,1.483173266969027
952,GAM,0.32,1381.0,1.483173266969027
1124,GAM,0.32,1381.0,1.483173266969027
1266,GAM,0.32,1381.0,1.483173266969027
1744,GAM,0.32,1381.0,1.483173266969027
742,GAM,0.319,1386.0,1.4785383505097487
2247,GAM,0.319,1386.0,1.4785383505097487
616,GAM,0.318,1388.0,1.4739034340504704
1257,GAM,0.318,1388.0,1.4739034340504704
759,GAM,0.317,1390.0,1.4692685175911924
766,GAM,0.317,1390.0,1.4692685175911924
2065,GAM,0.317,1390.0,1.4692685175911924
2218,GAM,0.317,1390.0,1.4692685175911924
2325,GAM,0.317,1390.0,1.4692685175911924
2760,GAM,0.317,1390.0,1.4692685175911924
14,GAM,0.316,1396.0,1.464633601131914
299,GAM,0.316,1396.0,1.464633601131914
337,GAM,0.316,1396.0,1.464633601131914
536,GAM,0.316,1396.0,1.464633601131914
591,GAM,0.316,1396.0,1.464633601131914
1219,GAM,0.316,1396.0,1.464633601131914
2530,GAM,0.316,1396.0,1.464633601131914
2639,GAM,0.316,1396.0,1.464633601131914
41,GAM,0.315,1404.0,1.4599986846726358
388,GAM,0.315,1404.0,1.4599986846726358
516,GAM,0.315,1404.0,1.4599986846726358
583,GAM,0.315,1404.0,1.4599986846726358
890,GAM,0.315,1404.0,1.4599986846726358
1211,GAM,0.315,1404.0,1.4599986846726358
1239,GAM,0.315,1404.0,1.4599986846726358
1643,GAM,0.315,1404.0,1.4599986846726358
1789,GAM,0.315,1404.0,1.4599986846726358
1937,GAM,0.315,1404.0,1.4599986846726358
2102,GAM,0.315,1404.0,1.4599986846726358
2670,GAM,0.315,1404.0,1.4599986846726358
2777,GAM,0.315,1404.0,1.4599986846726358
208,GAM,0.314,1417.0,1.4553637682133576
362,GAM,0.314,1417.0,1.4553637682133576
625,GAM,0.314,1417.0,1.4553637682133576
1359,GAM,0.314,1417.0,1.4553637682133576
1562,GAM,0.314,1417.0,1.4553637682133576
1904,GAM,0.314,1417.0,1.4553637682133576
1949,GAM,0.314,1417.0,1.4553637682133576
2031,GAM,0.314,1417.0,1.4553637682133576
2682,GAM,0.314,1417.0,1.4553637682133576
95,GAM,0.313,1426.0,1.4507288517540795
585,GAM,0.313,1426.0,1.4507288517540795
1586,GAM,0.313,1426.0,1.4507288517540795
1629,GAM,0.313,1426.0,1.4507288517540795
1946,GAM,0.313,1426.0,1.4507288517540795
2021,GAM,0.313,1426.0,1.4507288517540795
2087,GAM,0.313,1426.0,1.4507288517540795
2361,GAM,0.313,1426.0,1.4507288517540795
2569,GAM,0.313,1426.0,1.4507288517540795
89,GAM,0.312,1435.0,1.4460939352948012
225,GAM,0.312,1435.0,1.4460939352948012
519,GAM,0.312,1435.0,1.4460939352948012
573,GAM,0.312,1435.0,1.4460939352948012
787,GAM,0.312,1435.0,1.4460939352948012
790,GAM,0.312,1435.0,1.4460939352948012
795,GAM,0.312,1435.0,1.4460939352948012
895,GAM,0.312,1435.0,1.4460939352948012
1005,GAM,0.312,1435.0,1.4460939352948012
1039,GAM,0.312,1435.0,1.4460939352948012
1591,GAM,0.312,1435.0,1.4460939352948012
2068,GAM,0.312,1435.0,1.4460939352948012
2105,GAM,0.312,1435.0,1.4460939352948012
2237,GAM,0.312,1435.0,1.4460939352948012
2378,GAM,0.312,1435.0,1.4460939352948012
5,GAM,0.311,1450.0,1.441459018835523
66,GAM,0.311,1450.0,1.441459018835523
436,GAM,0.311,1450.0,1.441459018835523
633,GAM,0.311,1450.0,1.441459018835523
832,GAM,0.311,1450.0,1.441459018835523
1665,GAM,0.311,1450.0,1.441459018835523
1673,GAM,0.311,1450.0,1.441459018835523
2043,GAM,0.311,1450.0,1.441459018835523
2647,GAM,0.311,1450.0,1.441459018835523
145,GAM,0.31,1459.0,1.4368241023762447
413,GAM,0.31,1459.0,1.4368241023762447
1323,GAM,0.31,1459.0,1.4368241023762447
2236,GAM,0.31,1459.0,1.4368241023762447
2326,GAM,0.31,1459.0,1.4368241023762447
2472,GAM,0.31,1459.0,1.4368241023762447
701,GAM,0.309,1465.0,1.4321891859169666
1283,GAM,0.309,1465.0,1.4321891859169666
1563,GAM,0.309,1465.0,1.4321891859169666
1569,GAM,0.309,1465.0,1.4321891859169666
1626,GAM,0.309,1465.0,1.4321891859169666
1950,GAM,0.309,1465.0,1.4321891859169666
2050,GAM,0.309,1465.0,1.4321891859169666
2201,GAM,0.309,1465.0,1.4321891859169666
2621,GAM,0.309,1465.0,1.4321891859169666
338,GAM,0.308,1474.0,1.4275542694576884
490,GAM,0.308,1474.0,1.4275542694576884
512,GAM,0.308,1474.0,1.4275542694576884
1078,GAM,0.308,1474.0,1.4275542694576884
1441,GAM,0.308,1474.0,1.4275542694576884
1528,GAM,0.308,1474.0,1.4275542694576884
1545,GAM,0.308,1474.0,1.4275542694576884
1616,GAM,0.308,1474.0,1.4275542694576884
2217,GAM,0.308,1474.0,1.4275542694576884
2526,GAM,0.308,1474.0,1.4275542694576884
2613,GAM,0.308,1474.0,1.4275542694576884
609,GAM,0.307,1485.0,1.42291935299841
640,GAM,0.307,1485.0,1.42291935299841
704,GAM,0.307,1485.0,1.42291935299841
1157,GAM,0.307,1485.0,1.42291935299841
1193,GAM,0.307,1485.0,1.42291935299841
1333,GAM,0.307,1485.0,1.42291935299841
1491,GAM,0.307,1485.0,1.42291935299841
1612,GAM,0.307,1485.0,1.42291935299841
2425,GAM,0.307,1485.0,1.42291935299841
2591,GAM,0.307,1485.0,1.42291935299841
2769,GAM,0.307,1485.0,1.42291935299841
258,GAM,0.306,1496.0,1.418284436539132
422,GAM,0.306,1496.0,1.418284436539132
426,GAM,0.306,1496.0,1.418284436539132
481,GAM,0.306,1496.0,1.418284436539132
934,GAM,0.306,1496.0,1.418284436539132
1504,GAM,0.306,1496.0,1.418284436539132
2289,GAM,0.306,1496.0,1.418284436539132
2445,GAM,0.306,1496.0,1.418284436539132
18,GAM,0.305,1504.0,1.4136495200798538
171,GAM,0.305,1504.0,1.4136495200798538
846,GAM,0.305,1504.0,1.4136495200798538
986,GAM,0.305,1504.0,1.4136495200798538
1577,GAM,0.305,1504.0,1.4136495200798538
1790,GAM,0.305,1504.0,1.4136495200798538
2039,GAM,0.305,1504.0,1.4136495200798538
2182,GAM,0.305,1504.0,1.4136495200798538
2233,GAM,0.305,1504.0,1.4136495200798538
147,GAM,0.304,1513.0,1.4090146036205755
407,GAM,0.304,1513.0,1.4090146036205755
416,GAM,0.304,1513.0,1.4090146036205755
1123,GAM,0.304,1513.0,1.4090146036205755
1430,GAM,0.304,1513.0,1.4090146036205755
1867,GAM,0.304,1513.0,1.4090146036205755
1876,GAM,0.304,1513.0,1.4090146036205755
1898,GAM,0.304,1513.0,1.4090146036205755
1977,GAM,0.304,1513.0,1.4090146036205755
102,GAM,0.303,1522.0,1.4043796871612972
142,GAM,0.303,1522.0,1.4043796871612972
615,GAM,0.303,1522.0,1.4043796871612972
1216,GAM,0.303,1522.0,1.4043796871612972
1478,GAM,0.303,1522.0,1.4043796871612972
2461,GAM,0.303,1522.0,1.4043796871612972
98,GAM,0.302,1528.0,1.3997447707020192
725,GAM,0.302,1528.0,1.3997447707020192
897,GAM,0.302,1528.0,1.3997447707020192
1152,GAM,0.302,1528.0,1.3997447707020192
1275,GAM,0.302,1528.0,1.3997447707020192
1340,GAM,0.302,1528.0,1.3997447707020192
1440,GAM,0.302,1528.0,1.3997447707020192
1541,GAM,0.302,1528.0,1.3997447707020192
1675,GAM,0.302,1528.0,1.3997447707020192
1691,GAM,0.302,1528.0,1.3997447707020192
1787,GAM,0.302,1528.0,1.3997447707020192
1797,GAM,0.302,1528.0,1.3997447707020192
1894,GAM,0.302,1528.0,1.3997447707020192
2137,GAM,0.302,1528.0,1.3997447707020192
2216,GAM,0.302,1528.0,1.3997447707020192
2431,GAM,0.302,1528.0,1.3997447707020192
2435,GAM,0.302,1528.0,1.3997447707020192
2479,GAM,0.302,1528.0,1.3997447707020192
2524,GAM,0.302,1528.0,1.3997447707020192
2527,GAM,0.302,1528.0,1.3997447707020192
202,GAM,0.301,1548.0,1.395109854242741
545,GAM,0.301,1548.0,1.395109854242741
598,GAM,0.301,1548.0,1.395109854242741
649,GAM,0.301,1548.0,1.395109854242741
1085,GAM,0.301,1548.0,1.395109854242741
1236,GAM,0.301,1548.0,1.395109854242741
1696,GAM,0.301,1548.0,1.395109854242741
1835,GAM,0.301,1548.0,1.395109854242741
2148,GAM,0.301,1548.0,1.395109854242741
2156,GAM,0.301,1548.0,1.395109854242741
2181,GAM,0.301,1548.0,1.395109854242741
893,GAM,0.3,1559.0,1.3904749377834627
990,GAM,0.3,1559.0,1.3904749377834627
1548,GAM,0.3,1559.0,1.3904749377834627
71,GAM,0.299,1562.0,1.3858400213241844
195,GAM,0.299,1562.0,1.3858400213241844
246,GAM,0.299,1562.0,1.3858400213241844
493,GAM,0.299,1562.0,1.3858400213241844
1186,GAM,0.299,1562.0,1.3858400213241844
1195,GAM,0.299,1562.0,1.3858400213241844
1260,GAM,0.299,1562.0,1.3858400213241844
1342,GAM,0.299,1562.0,1.3858400213241844
2066,GAM,0.299,1562.0,1.3858400213241844
2168,GAM,0.299,1562.0,1.3858400213241844
2355,GAM,0.299,1562.0,1.3858400213241844
531,GAM,0.298,1573.0,1.3812051048649063
807,GAM,0.298,1573.0,1.3812051048649063
932,GAM,0.298,1573.0,1.3812051048649063
1079,GAM,0.298,1573.0,1.3812051048649063
1178,GAM,0.298,1573.0,1.3812051048649063
1719,GAM,0.298,1573.0,1.3812051048649063
1926,GAM,0.298,1573.0,1.3812051048649063
2003,GAM,0.298,1573.0,1.3812051048649063
2185,GAM,0.298,1573.0,1.3812051048649063
2771,GAM,0.298,1573.0,1.3812051048649063
544,GAM,0.297,1583.0,1.376570188405628
612,GAM,0.297,1583.0,1.376570188405628
646,GAM,0.297,1583.0,1.376570188405628
682,GAM,0.297,1583.0,1.376570188405628
1069,GAM,0.297,1583.0,1.376570188405628
1868,GAM,0.297,1583.0,1.376570188405628
2147,GAM,0.297,1583.0,1.376570188405628
2458,GAM,0.297,1583.0,1.376570188405628
2755,GAM,0.297,1583.0,1.376570188405628
37,GAM,0.296,1592.0,1.3719352719463498
271,GAM,0.296,1592.0,1.3719352719463498
543,GAM,0.296,1592.0,1.3719352719463498
671,GAM,0.296,1592.0,1.3719352719463498
730,GAM,0.296,1592.0,1.3719352719463498
1053,GAM,0.296,1592.0,1.3719352719463498
1292,GAM,0.296,1592.0,1.3719352719463498
1751,GAM,0.296,1592.0,1.3719352719463498
2646,GAM,0.296,1592.0,1.3719352719463498
2701,GAM,0.296,1592.0,1.3719352719463498
301,GAM,0.295,1602.0,1.3673003554870715
423,GAM,0.295,1602.0,1.3673003554870715
772,GAM,0.295,1602.0,1.3673003554870715
833,GAM,0.295,1602.0,1.3673003554870715
1309,GAM,0.295,1602.0,1.3673003554870715
1564,GAM,0.295,1602.0,1.3673003554870715
1771,GAM,0.295,1602.0,1.3673003554870715
1782,GAM,0.295,1602.0,1.3673003554870715
1959,GAM,0.295,1602.0,1.3673003554870715
2597,GAM,0.295,1602.0,1.3673003554870715
2773,GAM,0.295,1602.0,1.3673003554870715
1367,GAM,0.294,1613.0,1.3626654390277935
1425,GAM,0.294,1613.0,1.3626654390277935
1864,GAM,0.294,1613.0,1.3626654390277935
2286,GAM,0.294,1613.0,1.3626654390277935
2400,GAM,0.294,1613.0,1.3626654390277935
80,GAM,0.293,1618.0,1.3580305225685152
390,GAM,0.293,1618.0,1.3580305225685152
1088,GAM,0.293,1618.0,1.3580305225685152
1334,GAM,0.293,1618.0,1.3580305225685152
1388,GAM,0.293,1618.0,1.3580305225685152
1581,GAM,0.293,1618.0,1.3580305225685152
1659,GAM,0.293,1618.0,1.3580305225685152
2007,GAM,0.293,1618.0,1.3580305225685152
2167,GAM,0.293,1618.0,1.3580305225685152
564,GAM,0.292,1627.0,1.353395606109237
597,GAM,0.292,1627.0,1.353395606109237
989,GAM,0.292,1627.0,1.353395606109237
1330,GAM,0.292,1627.0,1.353395606109237
1684,GAM,0.292,1627.0,1.353395606109237
2018,GAM,0.292,1627.0,1.353395606109237
2098,GAM,0.292,1627.0,1.353395606109237
2405,GAM,0.292,1627.0,1.353395606109237
2614,GAM,0.292,1627.0,1.353395606109237
2767,GAM,0.292,1627.0,1.353395606109237
882,GAM,0.291,1637.0,1.3487606896499587
1202,GAM,0.291,1637.0,1.3487606896499587
1447,GAM,0.291,1637.0,1.3487606896499587
1516,GAM,0.291,1637.0,1.3487606896499587
1653,GAM,0.291,1637.0,1.3487606896499587
1753,GAM,0.291,1637.0,1.3487606896499587
1903,GAM,0.291,1637.0,1.3487606896499587
2101,GAM,0.291,1637.0,1.3487606896499587
2485,GAM,0.291,1637.0,1.3487606896499587
2539,GAM,0.291,1637.0,1.3487606896499587
2543,GAM,0.291,1637.0,1.3487606896499587
565,GAM,0.29,1648.0,1.3441257731906806
703,GAM,0.29,1648.0,1.3441257731906806
1056,GAM,0.29,1648.0,1.3441257731906806
1179,GAM,0.29,1648.0,1.3441257731906806
1188,GAM,0.29,1648.0,1.3441257731906806
1731,GAM,0.29,1648.0,1.3441257731906806
1957,GAM,0.29,1648.0,1.3441257731906806
2268,GAM,0.29,1648.0,1.3441257731906806
396,GAM,0.289,1656.0,1.3394908567314023
532,GAM,0.289,1656.0,1.3394908567314023
728,GAM,0.289,1656.0,1.3394908567314023
1113,GAM,0.289,1656.0,1.3394908567314023
1421,GAM,0.289,1656.0,1.3394908567314023
1531,GAM,0.289,1656.0,1.3394908567314023
1589,GAM,0.289,1656.0,1.3394908567314023
1590,GAM,0.289,1656.0,1.3394908567314023
1621,GAM,0.289,1656.0,1.3394908567314023
1907,GAM,0.289,1656.0,1.3394908567314023
2081,GAM,0.289,1656.0,1.3394908567314023
2314,GAM,0.289,1656.0,1.3394908567314023
2744,GAM,0.289,1656.0,1.3394908567314023
2778,GAM,0.289,1656.0,1.3394908567314023
1,GAM,0.288,1670.0,1.334855940272124
56,GAM,0.288,1670.0,1.334855940272124
311,GAM,0.288,1670.0,1.334855940272124
661,GAM,0.288,1670.0,1.334855940272124
690,GAM,0.288,1670.0,1.334855940272124
1458,GAM,0.288,1670.0,1.334855940272124
1486,GAM,0.288,1670.0,1.334855940272124
1897,GAM,0.288,1670.0,1.334855940272124
2712,GAM,0.288,1670.0,1.334855940272124
58,GAM,0.287,1679.0,1.3302210238128458
272,GAM,0.287,1679.0,1.3302210238128458
526,GAM,0.287,1679.0,1.3302210238128458
1132,GAM,0.287,1679.0,1.3302210238128458
1231,GAM,0.287,1679.0,1.3302210238128458
1269,GAM,0.287,1679.0,1.3302210238128458
1331,GAM,0.287,1679.0,1.3302210238128458
1574,GAM,0.287,1679.0,1.3302210238128458
2118,GAM,0.287,1679.0,1.3302210238128458
2745,GAM,0.287,1679.0,1.3302210238128458
256,GAM,0.286,1689.0,1.3255861073535677
319,GAM,0.286,1689.0,1.3255861073535677
706,GAM,0.286,1689.0,1.3255861073535677
1618,GAM,0.286,1689.0,1.3255861073535677
1852,GAM,0.286,1689.0,1.3255861073535677
1964,GAM,0.286,1689.0,1.3255861073535677
2262,GAM,0.286,1689.0,1.3255861073535677
165,GAM,0.285,1696.0,1.3209511908942895
263,GAM,0.285,1696.0,1.3209511908942895
374,GAM,0.285,1696.0,1.3209511908942895
770,GAM,0.285,1696.0,1.3209511908942895
809,GAM,0.285,1696.0,1.3209511908942895
1141,GAM,0.285,1696.0,1.3209511908942895
1290,GAM,0.285,1696.0,1.3209511908942895
1332,GAM,0.285,1696.0,1.3209511908942895
1582,GAM,0.285,1696.0,1.3209511908942895
1685,GAM,0.285,1696.0,1.3209511908942895
1738,GAM,0.285,1696.0,1.3209511908942895
1934,GAM,0.285,1696.0,1.3209511908942895
2206,GAM,0.285,1696.0,1.3209511908942895
233,GAM,0.284,1709.0,1.3163162744350112
1089,GAM,0.284,1709.0,1.3163162744350112
1721,GAM,0.284,1709.0,1.3163162744350112
2082,GAM,0.284,1709.0,1.3163162744350112
57,GAM,0.283,1713.0,1.3116813579757332
783,GAM,0.283,1713.0,1.3116813579757332
1068,GAM,0.283,1713.0,1.3116813579757332
1097,GAM,0.283,1713.0,1.3116813579757332
1148,GAM,0.283,1713.0,1.3116813579757332
1570,GAM,0.283,1713.0,1.3116813579757332
1613,GAM,0.283,1713.0,1.3116813579757332
1761,GAM,0.283,1713.0,1.3116813579757332
1770,GAM,0.283,1713.0,1.3116813579757332
1773,GAM,0.283,1713.0,1.3116813579757332
1854,GAM,0.283,1713.0,1.3116813579757332
1985,GAM,0.283,1713.0,1.3116813579757332
2059,GAM,0.283,1713.0,1.3116813579757332
2187,GAM,0.283,1713.0,1.3116813579757332
2303,GAM,0.283,1713.0,1.3116813579757332
2580,GAM,0.283,1713.0,1.3116813579757332
203,GAM,0.282,1729.0,1.3070464415164549
626,GAM,0.282,1729.0,1.3070464415164549
691,GAM,0.282,1729.0,1.3070464415164549
707,GAM,0.282,1729.0,1.3070464415164549
739,GAM,0.282,1729.0,1.3070464415164549
1536,GAM,0.282,1729.0,1.3070464415164549
1971,GAM,0.282,1729.0,1.3070464415164549
2069,GAM,0.282,1729.0,1.3070464415164549
2075,GAM,0.282,1729.0,1.3070464415164549
2420,GAM,0.282,1729.0,1.3070464415164549
247,GAM,0.281,1739.0,1.3024115250571768
594,GAM,0.281,1739.0,1.3024115250571768
629,GAM,0.281,1739.0,1.3024115250571768
773,GAM,0.281,1739.0,1.3024115250571768
1182,GAM,0.281,1739.0,1.3024115250571768
1242,GAM,0.281,1739.0,1.3024115250571768
1274,GAM,0.281,1739.0,1.3024115250571768
1297,GAM,0.281,1739.0,1.3024115250571768
2254,GAM,0.281,1739.0,1.3024115250571768
2296,GAM,0.281,1739.0,1.3024115250571768
135,GAM,0.28,1749.0,1.2977766085978986
179,GAM,0.28,1749.0,1.2977766085978986
503,GAM,0.28,1749.0,1.2977766085978986
717,GAM,0.28,1749.0,1.2977766085978986
738,GAM,0.28,1749.0,1.2977766085978986
840,GAM,0.28,1749.0,1.2977766085978986
906,GAM,0.28,1749.0,1.2977766085978986
908,GAM,0.28,1749.0,1.2977766085978986
974,GAM,0.28,1749.0,1.2977766085978986
1046,GAM,0.28,1749.0,1.2977766085978986
1094,GAM,0.28,1749.0,1.2977766085978986
1990,GAM,0.28,1749.0,1.2977766085978986
2330,GAM,0.28,1749.0,1.2977766085978986
2483,GAM,0.28,1749.0,1.2977766085978986
2678,GAM,0.28,1749.0,1.2977766085978986
560,GAM,0.279,1764.0,1.2931416921386205
750,GAM,0.279,1764.0,1.2931416921386205
784,GAM,0.279,1764.0,1.2931416921386205
1022,GAM,0.279,1764.0,1.2931416921386205
1050,GAM,0.279,1764.0,1.2931416921386205
1127,GAM,0.279,1764.0,1.2931416921386205
1631,GAM,0.279,1764.0,1.2931416921386205
2138,GAM,0.279,1764.0,1.2931416921386205
2365,GAM,0.279,1764.0,1.2931416921386205
2448,GAM,0.279,1764.0,1.2931416921386205
2761,GAM,0.279,1764.0,1.2931416921386205
8,GAM,0.278,1775.0,1.2885067756793422
415,GAM,0.278,1775.0,1.2885067756793422
709,GAM,0.278,1775.0,1.2885067756793422
1066,GAM,0.278,1775.0,1.2885067756793422
1205,GAM,0.278,1775.0,1.2885067756793422
1218,GAM,0.278,1775.0,1.2885067756793422
1759,GAM,0.278,1775.0,1.2885067756793422
2077,GAM,0.278,1775.0,1.2885067756793422
124,GAM,0.277,1783.0,1.283871859220064
363,GAM,0.277,1783.0,1.283871859220064
397,GAM,0.277,1783.0,1.283871859220064
540,GAM,0.277,1783.0,1.283871859220064
670,GAM,0.277,1783.0,1.283871859220064
1164,GAM,0.277,1783.0,1.283871859220064
1176,GAM,0.277,1783.0,1.283871859220064
1280,GAM,0.277,1783.0,1.283871859220064
1325,GAM,0.277,1783.0,1.283871859220064
1592,GAM,0.277,1783.0,1.283871859220064
2024,GAM,0.277,1783.0,1.283871859220064
2575,GAM,0.277,1783.0,1.283871859220064
2595,GAM,0.277,1783.0,1.283871859220064
2650,GAM,0.277,1783.0,1.283871859220064
2718,GAM,0.277,1783.0,1.283871859220064
2725,GAM,0.277,1783.0,1.283871859220064
2764,GAM,0.277,1783.0,1.283871859220064
347,GAM,0.276,1800.0,1.2792369427607857
433,GAM,0.276,1800.0,1.2792369427607857
521,GAM,0.276,1800.0,1.2792369427607857
660,GAM,0.276,1800.0,1.2792369427607857
899,GAM,0.276,1800.0,1.2792369427607857
1306,GAM,0.276,1800.0,1.2792369427607857
1433,GAM,0.276,1800.0,1.2792369427607857
1767,GAM,0.276,1800.0,1.2792369427607857
1803,GAM,0.276,1800.0,1.2792369427607857
2169,GAM,0.276,1800.0,1.2792369427607857
2239,GAM,0.276,1800.0,1.2792369427607857
2503,GAM,0.276,1800.0,1.2792369427607857
2556,GAM,0.276,1800.0,1.2792369427607857
2570,GAM,0.276,1800.0,1.2792369427607857
47,GAM,0.275,1814.0,1.2746020263015077
62,GAM,0.275,1814.0,1.2746020263015077
393,GAM,0.275,1814.0,1.2746020263015077
747,GAM,0.275,1814.0,1.2746020263015077
975,GAM,0.275,1814.0,1.2746020263015077
1047,GAM,0.275,1814.0,1.2746020263015077
1273,GAM,0.275,1814.0,1.2746020263015077
1477,GAM,0.275,1814.0,1.2746020263015077
2072,GAM,0.275,1814.0,1.2746020263015077
2097,GAM,0.275,1814.0,1.2746020263015077
2150,GAM,0.275,1814.0,1.2746020263015077
2301,GAM,0.275,1814.0,1.2746020263015077
2387,GAM,0.275,1814.0,1.2746020263015077
2523,GAM,0.275,1814.0,1.2746020263015077
2554,GAM,0.275,1814.0,1.2746020263015077
2601,GAM,0.275,1814.0,1.2746020263015077
2721,GAM,0.275,1814.0,1.2746020263015077
341,GAM,0.274,1831.0,1.2699671098422294
458,GAM,0.274,1831.0,1.2699671098422294
590,GAM,0.274,1831.0,1.2699671098422294
842,GAM,0.274,1831.0,1.2699671098422294
1035,GAM,0.274,1831.0,1.2699671098422294
1180,GAM,0.274,1831.0,1.2699671098422294
1329,GAM,0.274,1831.0,1.2699671098422294
1887,GAM,0.274,1831.0,1.2699671098422294
2230,GAM,0.274,1831.0,1.2699671098422294
2341,GAM,0.274,1831.0,1.2699671098422294
2398,GAM,0.274,1831.0,1.2699671098422294
2473,GAM,0.274,1831.0,1.2699671098422294
2551,GAM,0.274,1831.0,1.2699671098422294
2623,GAM,0.274,1831.0,1.2699671098422294
112,GAM,0.273,1845.0,1.265332193382951
466,GAM,0.273,1845.0,1.265332193382951
643,GAM,0.273,1845.0,1.265332193382951
834,GAM,0.273,1845.0,1.265332193382951
1059,GAM,0.273,1845.0,1.265332193382951
1133,GAM,0.273,1845.0,1.265332193382951
1895,GAM,0.273,1845.0,1.265332193382951
2042,GAM,0.273,1845.0,1.265332193382951
2775,GAM,0.273,1845.0,1.265332193382951
675,GAM,0.272,1854.0,1.260697276923673
1032,GAM,0.272,1854.0,1.260697276923673
1052,GAM,0.272,1854.0,1.260697276923673
1490,GAM,0.272,1854.0,1.260697276923673
2426,GAM,0.272,1854.0,1.260697276923673
42,GAM,0.271,1859.0,1.2560623604643948
78,GAM,0.271,1859.0,1.2560623604643948
201,GAM,0.271,1859.0,1.2560623604643948
366,GAM,0.271,1859.0,1.2560623604643948
386,GAM,0.271,1859.0,1.2560623604643948
399,GAM,0.271,1859.0,1.2560623604643948
1561,GAM,0.271,1859.0,1.2560623604643948
1712,GAM,0.271,1859.0,1.2560623604643948
1724,GAM,0.271,1859.0,1.2560623604643948
1792,GAM,0.271,1859.0,1.2560623604643948
2093,GAM,0.271,1859.0,1.2560623604643948
345,GAM,0.27,1870.0,1.2514274440051165
537,GAM,0.27,1870.0,1.2514274440051165
1074,GAM,0.27,1870.0,1.2514274440051165
1278,GAM,0.27,1870.0,1.2514274440051165
1550,GAM,0.27,1870.0,1.2514274440051165
1571,GAM,0.27,1870.0,1.2514274440051165
1620,GAM,0.27,1870.0,1.2514274440051165
2360,GAM,0.27,1870.0,1.2514274440051165
2451,GAM,0.27,1870.0,1.2514274440051165
346,GAM,0.269,1879.0,1.2467925275458382
353,GAM,0.269,1879.0,1.2467925275458382
686,GAM,0.269,1879.0,1.2467925275458382
762,GAM,0.269,1879.0,1.2467925275458382
852,GAM,0.269,1879.0,1.2467925275458382
1092,GAM,0.269,1879.0,1.2467925275458382
1298,GAM,0.269,1879.0,1.2467925275458382
1339,GAM,0.269,1879.0,1.2467925275458382
1455,GAM,0.269,1879.0,1.2467925275458382
1743,GAM,0.269,1879.0,1.2467925275458382
1997,GAM,0.269,1879.0,1.2467925275458382
2618,GAM,0.269,1879.0,1.2467925275458382
2688,GAM,0.269,1879.0,1.2467925275458382
2740,GAM,0.269,1879.0,1.2467925275458382
40,GAM,0.268,1893.0,1.2421576110865602
155,GAM,0.268,1893.0,1.2421576110865602
432,GAM,0.268,1893.0,1.2421576110865602
499,GAM,0.268,1893.0,1.2421576110865602
607,GAM,0.268,1893.0,1.2421576110865602
744,GAM,0.268,1893.0,1.2421576110865602
945,GAM,0.268,1893.0,1.2421576110865602
2572,GAM,0.268,1893.0,1.2421576110865602
494,GAM,0.267,1901.0,1.237522694627282
618,GAM,0.267,1901.0,1.237522694627282
971,GAM,0.267,1901.0,1.237522694627282
994,GAM,0.267,1901.0,1.237522694627282
1444,GAM,0.267,1901.0,1.237522694627282
1816,GAM,0.267,1901.0,1.237522694627282
1982,GAM,0.267,1901.0,1.237522694627282
2006,GAM,0.267,1901.0,1.237522694627282
2240,GAM,0.267,1901.0,1.237522694627282
2545,GAM,0.267,1901.0,1.237522694627282
2637,GAM,0.267,1901.0,1.237522694627282
2693,GAM,0.267,1901.0,1.237522694627282
2707,GAM,0.267,1901.0,1.237522694627282
304,GAM,0.266,1914.0,1.2328877781680037
419,GAM,0.266,1914.0,1.2328877781680037
492,GAM,0.266,1914.0,1.2328877781680037
619,GAM,0.266,1914.0,1.2328877781680037
1082,GAM,0.266,1914.0,1.2328877781680037
1519,GAM,0.266,1914.0,1.2328877781680037
1740,GAM,0.266,1914.0,1.2328877781680037
1830,GAM,0.266,1914.0,1.2328877781680037
2056,GAM,0.266,1914.0,1.2328877781680037
2534,GAM,0.266,1914.0,1.2328877781680037
2715,GAM,0.266,1914.0,1.2328877781680037
167,GAM,0.265,1925.0,1.2282528617087254
269,GAM,0.265,1925.0,1.2282528617087254
398,GAM,0.265,1925.0,1.2282528617087254
669,GAM,0.265,1925.0,1.2282528617087254
824,GAM,0.265,1925.0,1.2282528617087254
1143,GAM,0.265,1925.0,1.2282528617087254
1409,GAM,0.265,1925.0,1.2282528617087254
1634,GAM,0.265,1925.0,1.2282528617087254
1635,GAM,0.265,1925.0,1.2282528617087254
1832,GAM,0.265,1925.0,1.2282528617087254
2028,GAM,0.265,1925.0,1.2282528617087254
2221,GAM,0.265,1925.0,1.2282528617087254
2592,GAM,0.265,1925.0,1.2282528617087254
2683,GAM,0.265,1925.0,1.2282528617087254
2713,GAM,0.265,1925.0,1.2282528617087254
406,GAM,0.264,1940.0,1.2236179452494473
605,GAM,0.264,1940.0,1.2236179452494473
778,GAM,0.264,1940.0,1.2236179452494473
808,GAM,0.264,1940.0,1.2236179452494473
1076,GAM,0.264,1940.0,1.2236179452494473
1170,GAM,0.264,1940.0,1.2236179452494473
1755,GAM,0.264,1940.0,1.2236179452494473
2048,GAM,0.264,1940.0,1.2236179452494473
2228,GAM,0.264,1940.0,1.2236179452494473
2265,GAM,0.264,1940.0,1.2236179452494473
508,GAM,0.263,1950.0,1.218983028790169
681,GAM,0.263,1950.0,1.218983028790169
1117,GAM,0.263,1950.0,1.218983028790169
1154,GAM,0.263,1950.0,1.218983028790169
1784,GAM,0.263,1950.0,1.218983028790169
1925,GAM,0.263,1950.0,1.218983028790169
2027,GAM,0.263,1950.0,1.218983028790169
2058,GAM,0.263,1950.0,1.218983028790169
2256,GAM,0.263,1950.0,1.218983028790169
2317,GAM,0.263,1950.0,1.218983028790169
2375,GAM,0.263,1950.0,1.218983028790169
275,GAM,0.262,1961.0,1.2143481123308908
1896,GAM,0.262,1961.0,1.2143481123308908
2074,GAM,0.262,1961.0,1.2143481123308908
2348,GAM,0.262,1961.0,1.2143481123308908
223,GAM,0.261,1965.0,1.2097131958716125
1507,GAM,0.261,1965.0,1.2097131958716125
1552,GAM,0.261,1965.0,1.2097131958716125
1973,GAM,0.261,1965.0,1.2097131958716125
2116,GAM,0.261,1965.0,1.2097131958716125
2555,GAM,0.261,1965.0,1.2097131958716125
33,GAM,0.26,1971.0,1.2050782794123345
206,GAM,0.26,1971.0,1.2050782794123345
754,GAM,0.26,1971.0,1.2050782794123345
1058,GAM,0.26,1971.0,1.2050782794123345
1752,GAM,0.26,1971.0,1.2050782794123345
2123,GAM,0.26,1971.0,1.2050782794123345
2643,GAM,0.26,1971.0,1.2050782794123345
19,GAM,0.259,1978.0,1.2004433629530562
227,GAM,0.259,1978.0,1.2004433629530562
611,GAM,0.259,1978.0,1.2004433629530562
1967,GAM,0.259,1978.0,1.2004433629530562
2331,GAM,0.259,1978.0,1.2004433629530562
2624,GAM,0.259,1978.0,1.2004433629530562
2654,GAM,0.259,1978.0,1.2004433629530562
487,GAM,0.258,1985.0,1.195808446493778
647,GAM,0.258,1985.0,1.195808446493778
665,GAM,0.258,1985.0,1.195808446493778
1013,GAM,0.258,1985.0,1.195808446493778
1401,GAM,0.258,1985.0,1.195808446493778
1664,GAM,0.258,1985.0,1.195808446493778
1694,GAM,0.258,1985.0,1.195808446493778
2088,GAM,0.258,1985.0,1.195808446493778
2095,GAM,0.258,1985.0,1.195808446493778
2463,GAM,0.258,1985.0,1.195808446493778
2655,GAM,0.258,1985.0,1.195808446493778
2709,GAM,0.258,1985.0,1.195808446493778
115,GAM,0.257,1997.0,1.1911735300344997
226,GAM,0.257,1997.0,1.1911735300344997
375,GAM,0.257,1997.0,1.1911735300344997
1338,GAM,0.257,1997.0,1.1911735300344997
1547,GAM,0.257,1997.0,1.1911735300344997
1769,GAM,0.257,1997.0,1.1911735300344997
1928,GAM,0.257,1997.0,1.1911735300344997
2214,GAM,0.257,1997.0,1.1911735300344997
2312,GAM,0.257,1997.0,1.1911735300344997
2377,GAM,0.257,1997.0,1.1911735300344997
2763,GAM,0.257,1997.0,1.1911735300344997
161,GAM,0.256,2008.0,1.1865386135752216
577,GAM,0.256,2008.0,1.1865386135752216
916,GAM,0.256,2008.0,1.1865386135752216
1241,GAM,0.256,2008.0,1.1865386135752216
1799,GAM,0.256,2008.0,1.1865386135752216
1805,GAM,0.256,2008.0,1.1865386135752216
1918,GAM,0.256,2008.0,1.1865386135752216
2070,GAM,0.256,2008.0,1.1865386135752216
2311,GAM,0.256,2008.0,1.1865386135752216
2427,GAM,0.256,2008.0,1.1865386135752216
2518,GAM,0.256,2008.0,1.1865386135752216
2668,GAM,0.256,2008.0,1.1865386135752216
716,GAM,0.255,2020.0,1.1819036971159433
736,GAM,0.255,2020.0,1.1819036971159433
785,GAM,0.255,2020.0,1.1819036971159433
956,GAM,0.255,2020.0,1.1819036971159433
1210,GAM,0.255,2020.0,1.1819036971159433
1395,GAM,0.255,2020.0,1.1819036971159433
1474,GAM,0.255,2020.0,1.1819036971159433
2376,GAM,0.255,2020.0,1.1819036971159433
2553,GAM,0.255,2020.0,1.1819036971159433
2747,GAM,0.255,2020.0,1.1819036971159433
128,GAM,0.254,2030.0,1.177268780656665
278,GAM,0.254,2030.0,1.177268780656665
1303,GAM,0.254,2030.0,1.177268780656665
2366,GAM,0.254,2030.0,1.177268780656665
326,GAM,0.253,2034.0,1.1726338641973868
839,GAM,0.253,2034.0,1.1726338641973868
1027,GAM,0.253,2034.0,1.1726338641973868
1103,GAM,0.253,2034.0,1.1726338641973868
1318,GAM,0.253,2034.0,1.1726338641973868
1462,GAM,0.253,2034.0,1.1726338641973868
1698,GAM,0.253,2034.0,1.1726338641973868
1734,GAM,0.253,2034.0,1.1726338641973868
2008,GAM,0.253,2034.0,1.1726338641973868
2223,GAM,0.253,2034.0,1.1726338641973868
2253,GAM,0.253,2034.0,1.1726338641973868
2397,GAM,0.253,2034.0,1.1726338641973868
2470,GAM,0.253,2034.0,1.1726338641973868
2692,GAM,0.253,2034.0,1.1726338641973868
2754,GAM,0.253,2034.0,1.1726338641973868
535,GAM,0.252,2049.0,1.1679989477381088
621,GAM,0.252,2049.0,1.1679989477381088
1230,GAM,0.252,2049.0,1.1679989477381088
1284,GAM,0.252,2049.0,1.1679989477381088
1301,GAM,0.252,2049.0,1.1679989477381088
1372,GAM,0.252,2049.0,1.1679989477381088
1393,GAM,0.252,2049.0,1.1679989477381088
1730,GAM,0.252,2049.0,1.1679989477381088
2141,GAM,0.252,2049.0,1.1679989477381088
178,GAM,0.251,2058.0,1.1633640312788305
470,GAM,0.251,2058.0,1.1633640312788305
589,GAM,0.251,2058.0,1.1633640312788305
617,GAM,0.251,2058.0,1.1633640312788305
820,GAM,0.251,2058.0,1.1633640312788305
859,GAM,0.251,2058.0,1.1633640312788305
910,GAM,0.251,2058.0,1.1633640312788305
953,GAM,0.251,2058.0,1.1633640312788305
2358,GAM,0.251,2058.0,1.1633640312788305
2399,GAM,0.251,2058.0,1.1633640312788305
2579,GAM,0.251,2058.0,1.1633640312788305
114,GAM,0.25,2069.0,1.1587291148195522
456,GAM,0.25,2069.0,1.1587291148195522
864,GAM,0.25,2069.0,1.1587291148195522
1351,GAM,0.25,2069.0,1.1587291148195522
1357,GAM,0.25,2069.0,1.1587291148195522
1364,GAM,0.25,2069.0,1.1587291148195522
1535,GAM,0.25,2069.0,1.1587291148195522
1666,GAM,0.25,2069.0,1.1587291148195522
1996,GAM,0.25,2069.0,1.1587291148195522
2410,GAM,0.25,2069.0,1.1587291148195522
1265,GAM,0.249,2079.0,1.1540941983602742
1387,GAM,0.249,2079.0,1.1540941983602742
1766,GAM,0.249,2079.0,1.1540941983602742
1865,GAM,0.249,2079.0,1.1540941983602742
1992,GAM,0.249,2079.0,1.1540941983602742
2171,GAM,0.249,2079.0,1.1540941983602742
2235,GAM,0.249,2079.0,1.1540941983602742
553,GAM,0.248,2086.0,1.1494592819009959
680,GAM,0.248,2086.0,1.1494592819009959
724,GAM,0.248,2086.0,1.1494592819009959
1029,GAM,0.248,2086.0,1.1494592819009959
1042,GAM,0.248,2086.0,1.1494592819009959
1402,GAM,0.248,2086.0,1.1494592819009959
1529,GAM,0.248,2086.0,1.1494592819009959
2142,GAM,0.248,2086.0,1.1494592819009959
2353,GAM,0.248,2086.0,1.1494592819009959
2395,GAM,0.248,2086.0,1.1494592819009959
2459,GAM,0.248,2086.0,1.1494592819009959
2749,GAM,0.248,2086.0,1.1494592819009959
685,GAM,0.247,2098.0,1.1448243654417176
907,GAM,0.247,2098.0,1.1448243654417176
1060,GAM,0.247,2098.0,1.1448243654417176
1191,GAM,0.247,2098.0,1.1448243654417176
1630,GAM,0.247,2098.0,1.1448243654417176
1822,GAM,0.247,2098.0,1.1448243654417176
2120,GAM,0.247,2098.0,1.1448243654417176
2460,GAM,0.247,2098.0,1.1448243654417176
209,GAM,0.246,2106.0,1.1401894489824393
733,GAM,0.246,2106.0,1.1401894489824393
947,GAM,0.246,2106.0,1.1401894489824393
1204,GAM,0.246,2106.0,1.1401894489824393
1213,GAM,0.246,2106.0,1.1401894489824393
1605,GAM,0.246,2106.0,1.1401894489824393
1701,GAM,0.246,2106.0,1.1401894489824393
1842,GAM,0.246,2106.0,1.1401894489824393
1899,GAM,0.246,2106.0,1.1401894489824393
1970,GAM,0.246,2106.0,1.1401894489824393
2349,GAM,0.246,2106.0,1.1401894489824393
2350,GAM,0.246,2106.0,1.1401894489824393
2468,GAM,0.246,2106.0,1.1401894489824393
332,GAM,0.245,2119.0,1.1355545325231613
1101,GAM,0.245,2119.0,1.1355545325231613
1374,GAM,0.245,2119.0,1.1355545325231613
1576,GAM,0.245,2119.0,1.1355545325231613
2370,GAM,0.245,2119.0,1.1355545325231613
2696,GAM,0.245,2119.0,1.1355545325231613
2700,GAM,0.245,2119.0,1.1355545325231613
150,GAM,0.244,2126.0,1.130919616063883
268,GAM,0.244,2126.0,1.130919616063883
572,GAM,0.244,2126.0,1.130919616063883
677,GAM,0.244,2126.0,1.130919616063883
881,GAM,0.244,2126.0,1.130919616063883
946,GAM,0.244,2126.0,1.130919616063883
2051,GAM,0.244,2126.0,1.130919616063883
2194,GAM,0.244,2126.0,1.130919616063883
295,GAM,0.243,2134.0,1.1262846996046048
401,GAM,0.243,2134.0,1.1262846996046048
430,GAM,0.243,2134.0,1.1262846996046048
489,GAM,0.243,2134.0,1.1262846996046048
1237,GAM,0.243,2134.0,1.1262846996046048
1636,GAM,0.243,2134.0,1.1262846996046048
1668,GAM,0.243,2134.0,1.1262846996046048
1707,GAM,0.243,2134.0,1.1262846996046048
2035,GAM,0.243,2134.0,1.1262846996046048
2041,GAM,0.243,2134.0,1.1262846996046048
2154,GAM,0.243,2134.0,1.1262846996046048
2476,GAM,0.243,2134.0,1.1262846996046048
85,GAM,0.242,2146.0,1.1216497831453265
305,GAM,0.242,2146.0,1.1216497831453265
446,GAM,0.242,2146.0,1.1216497831453265
558,GAM,0.242,2146.0,1.1216497831453265
813,GAM,0.242,2146.0,1.1216497831453265
1015,GAM,0.242,2146.0,1.1216497831453265
1028,GAM,0.242,2146.0,1.1216497831453265
1326,GAM,0.242,2146.0,1.1216497831453265
1525,GAM,0.242,2146.0,1.1216497831453265
1633,GAM,0.242,2146.0,1.1216497831453265
1880,GAM,0.242,2146.0,1.1216497831453265
2125,GAM,0.242,2146.0,1.1216497831453265
148,GAM,0.241,2158.0,1.1170148666860484
267,GAM,0.241,2158.0,1.1170148666860484
417,GAM,0.241,2158.0,1.1170148666860484
610,GAM,0.241,2158.0,1.1170148666860484
1131,GAM,0.241,2158.0,1.1170148666860484
1145,GAM,0.241,2158.0,1.1170148666860484
1251,GAM,0.241,2158.0,1.1170148666860484
1300,GAM,0.241,2158.0,1.1170148666860484
1313,GAM,0.241,2158.0,1.1170148666860484
1542,GAM,0.241,2158.0,1.1170148666860484
240,GAM,0.24,2168.0,1.1123799502267702
435,GAM,0.24,2168.0,1.1123799502267702
500,GAM,0.24,2168.0,1.1123799502267702
858,GAM,0.24,2168.0,1.1123799502267702
1481,GAM,0.24,2168.0,1.1123799502267702
2202,GAM,0.24,2168.0,1.1123799502267702
477,GAM,0.239,2174.0,1.107745033767492
603,GAM,0.239,2174.0,1.107745033767492
817,GAM,0.239,2174.0,1.107745033767492
828,GAM,0.239,2174.0,1.107745033767492
1722,GAM,0.239,2174.0,1.107745033767492
2407,GAM,0.239,2174.0,1.107745033767492
2586,GAM,0.239,2174.0,1.107745033767492
6,GAM,0.238,2181.0,1.1031101173082136
1038,GAM,0.238,2181.0,1.1031101173082136
1051,GAM,0.238,2181.0,1.1031101173082136
1288,GAM,0.238,2181.0,1.1031101173082136
662,GAM,0.237,2185.0,1.0984752008489356
673,GAM,0.237,2185.0,1.0984752008489356
938,GAM,0.237,2185.0,1.0984752008489356
1136,GAM,0.237,2185.0,1.0984752008489356
1201,GAM,0.237,2185.0,1.0984752008489356
1336,GAM,0.237,2185.0,1.0984752008489356
1555,GAM,0.237,2185.0,1.0984752008489356
2574,GAM,0.237,2185.0,1.0984752008489356
554,GAM,0.236,2193.0,1.0938402843896573
1307,GAM,0.236,2193.0,1.0938402843896573
2229,GAM,0.236,2193.0,1.0938402843896573
83,GAM,0.235,2196.0,1.089205367930379
113,GAM,0.235,2196.0,1.089205367930379
756,GAM,0.235,2196.0,1.089205367930379
771,GAM,0.235,2196.0,1.089205367930379
1628,GAM,0.235,2196.0,1.089205367930379
1813,GAM,0.235,2196.0,1.089205367930379
2155,GAM,0.235,2196.0,1.089205367930379
2357,GAM,0.235,2196.0,1.089205367930379
197,GAM,0.234,2204.0,1.084570451471101
385,GAM,0.234,2204.0,1.084570451471101
658,GAM,0.234,2204.0,1.084570451471101
683,GAM,0.234,2204.0,1.084570451471101
866,GAM,0.234,2204.0,1.084570451471101
1560,GAM,0.234,2204.0,1.084570451471101
1717,GAM,0.234,2204.0,1.084570451471101
2215,GAM,0.234,2204.0,1.084570451471101
166,GAM,0.233,2212.0,1.0799355350118227
447,GAM,0.233,2212.0,1.0799355350118227
592,GAM,0.233,2212.0,1.0799355350118227
604,GAM,0.233,2212.0,1.0799355350118227
1208,GAM,0.233,2212.0,1.0799355350118227
1209,GAM,0.233,2212.0,1.0799355350118227
1567,GAM,0.233,2212.0,1.0799355350118227
1844,GAM,0.233,2212.0,1.0799355350118227
2454,GAM,0.233,2212.0,1.0799355350118227
105,GAM,0.232,2221.0,1.0753006185525447
185,GAM,0.232,2221.0,1.0753006185525447
1071,GAM,0.232,2221.0,1.0753006185525447
1308,GAM,0.232,2221.0,1.0753006185525447
1987,GAM,0.232,2221.0,1.0753006185525447
848,GAM,0.231,2226.0,1.0706657020932664
1403,GAM,0.231,2226.0,1.0706657020932664
1466,GAM,0.231,2226.0,1.0706657020932664
2267,GAM,0.231,2226.0,1.0706657020932664
2307,GAM,0.231,2226.0,1.0706657020932664
2706,GAM,0.231,2226.0,1.0706657020932664
1168,GAM,0.23,2232.0,1.0660307856339881
1181,GAM,0.23,2232.0,1.0660307856339881
1217,GAM,0.23,2232.0,1.0660307856339881
1742,GAM,0.23,2232.0,1.0660307856339881
1881,GAM,0.23,2232.0,1.0660307856339881
2548,GAM,0.23,2232.0,1.0660307856339881
2631,GAM,0.23,2232.0,1.0660307856339881
92,GAM,0.229,2239.0,1.0613958691747098
1083,GAM,0.229,2239.0,1.0613958691747098
1276,GAM,0.229,2239.0,1.0613958691747098
261,GAM,0.228,2242.0,1.0567609527154318
1174,GAM,0.228,2242.0,1.0567609527154318
1774,GAM,0.228,2242.0,1.0567609527154318
1809,GAM,0.228,2242.0,1.0567609527154318
107,GAM,0.227,2246.0,1.0521260362561535
378,GAM,0.227,2246.0,1.0521260362561535
1130,GAM,0.227,2246.0,1.0521260362561535
1327,GAM,0.227,2246.0,1.0521260362561535
1587,GAM,0.227,2246.0,1.0521260362561535
1687,GAM,0.227,2246.0,1.0521260362561535
2726,GAM,0.227,2246.0,1.0521260362561535
94,GAM,0.226,2253.0,1.0474911197968753
715,GAM,0.226,2253.0,1.0474911197968753
969,GAM,0.226,2253.0,1.0474911197968753
1110,GAM,0.226,2253.0,1.0474911197968753
1866,GAM,0.226,2253.0,1.0474911197968753
1975,GAM,0.226,2253.0,1.0474911197968753
2113,GAM,0.226,2253.0,1.0474911197968753
232,GAM,0.225,2260.0,1.042856203337597
421,GAM,0.225,2260.0,1.042856203337597
982,GAM,0.225,2260.0,1.042856203337597
1512,GAM,0.225,2260.0,1.042856203337597
2675,GAM,0.225,2260.0,1.042856203337597
109,GAM,0.224,2265.0,1.038221286878319
172,GAM,0.224,2265.0,1.038221286878319
1173,GAM,0.224,2265.0,1.038221286878319
1452,GAM,0.224,2265.0,1.038221286878319
1963,GAM,0.224,2265.0,1.038221286878319
2032,GAM,0.224,2265.0,1.038221286878319
395,GAM,0.223,2271.0,1.0335863704190407
1615,GAM,0.223,2271.0,1.0335863704190407
1812,GAM,0.223,2271.0,1.0335863704190407
2197,GAM,0.223,2271.0,1.0335863704190407
1293,GAM,0.222,2275.0,1.0289514539597624
1882,GAM,0.222,2275.0,1.0289514539597624
2196,GAM,0.222,2275.0,1.0289514539597624
21,GAM,0.221,2278.0,1.0243165375004841
354,GAM,0.221,2278.0,1.0243165375004841
453,GAM,0.221,2278.0,1.0243165375004841
462,GAM,0.221,2278.0,1.0243165375004841
777,GAM,0.221,2278.0,1.0243165375004841
1457,GAM,0.221,2278.0,1.0243165375004841
2329,GAM,0.221,2278.0,1.0243165375004841
2424,GAM,0.221,2278.0,1.0243165375004841
163,GAM,0.22,2286.0,1.019681621041206
231,GAM,0.22,2286.0,1.019681621041206
510,GAM,0.22,2286.0,1.019681621041206
2207,GAM,0.22,2286.0,1.019681621041206
2619,GAM,0.22,2286.0,1.019681621041206
2711,GAM,0.22,2286.0,1.019681621041206
2735,GAM,0.22,2286.0,1.019681621041206
977,GAM,0.219,2293.0,1.0150467045819278
1366,GAM,0.219,2293.0,1.0150467045819278
1426,GAM,0.219,2293.0,1.0150467045819278
1703,GAM,0.219,2293.0,1.0150467045819278
2180,GAM,0.219,2293.0,1.0150467045819278
524,GAM,0.218,2298.0,1.0104117881226495
1156,GAM,0.218,2298.0,1.0104117881226495
2112,GAM,0.218,2298.0,1.0104117881226495
2494,GAM,0.218,2298.0,1.0104117881226495
2549,GAM,0.218,2298.0,1.0104117881226495
2550,GAM,0.218,2298.0,1.0104117881226495
309,GAM,0.217,2304.0,1.0057768716633713
1223,GAM,0.217,2304.0,1.0057768716633713
1392,GAM,0.217,2304.0,1.0057768716633713
1727,GAM,0.217,2304.0,1.0057768716633713
1988,GAM,0.217,2304.0,1.0057768716633713
2017,GAM,0.217,2304.0,1.0057768716633713
2402,GAM,0.217,2304.0,1.0057768716633713
2421,GAM,0.217,2304.0,1.0057768716633713
639,GAM,0.216,2312.0,1.0011419552040932
727,GAM,0.216,2312.0,1.0011419552040932
829,GAM,0.216,2312.0,1.0011419552040932
1138,GAM,0.216,2312.0,1.0011419552040932
1786,GAM,0.216,2312.0,1.0011419552040932
1800,GAM,0.216,2312.0,1.0011419552040932
737,GAM,0.215,2318.0,0.9965070387448149
781,GAM,0.215,2318.0,0.9965070387448149
896,GAM,0.215,2318.0,0.9965070387448149
1061,GAM,0.215,2318.0,0.9965070387448149
1087,GAM,0.215,2318.0,0.9965070387448149
2285,GAM,0.215,2318.0,0.9965070387448149
2382,GAM,0.215,2318.0,0.9965070387448149
2587,GAM,0.215,2318.0,0.9965070387448149
384,GAM,0.214,2326.0,0.9918721222855367
999,GAM,0.214,2326.0,0.9918721222855367
1368,GAM,0.214,2326.0,0.9918721222855367
1820,GAM,0.214,2326.0,0.9918721222855367
2002,GAM,0.214,2326.0,0.9918721222855367
2111,GAM,0.214,2326.0,0.9918721222855367
2620,GAM,0.214,2326.0,0.9918721222855367
328,GAM,0.213,2333.0,0.9872372058262585
1908,GAM,0.213,2333.0,0.9872372058262585
1072,GAM,0.212,2335.0,0.9826022893669802
1833,GAM,0.212,2335.0,0.9826022893669802
2040,GAM,0.212,2335.0,0.9826022893669802
2694,GAM,0.212,2335.0,0.9826022893669802
1065,GAM,0.211,2339.0,0.9779673729077021
1461,GAM,0.21,2340.0,0.9733324564484239
2015,GAM,0.21,2340.0,0.9733324564484239
1034,GAM,0.209,2342.0,0.9686975399891457
2174,GAM,0.209,2342.0,0.9686975399891457
2219,GAM,0.209,2342.0,0.9686975399891457
2244,GAM,0.209,2342.0,0.9686975399891457
702,GAM,0.208,2346.0,0.9640626235298675
757,GAM,0.208,2346.0,0.9640626235298675
926,GAM,0.208,2346.0,0.9640626235298675
1299,GAM,0.208,2346.0,0.9640626235298675
1588,GAM,0.208,2346.0,0.9640626235298675
2508,GAM,0.208,2346.0,0.9640626235298675
984,GAM,0.207,2352.0,0.9594277070705892
1557,GAM,0.207,2352.0,0.9594277070705892
2559,GAM,0.207,2352.0,0.9594277070705892
2686,GAM,0.207,2352.0,0.9594277070705892
731,GAM,0.206,2356.0,0.9547927906113111
1497,GAM,0.206,2356.0,0.9547927906113111
2146,GAM,0.206,2356.0,0.9547927906113111
788,GAM,0.205,2359.0,0.9501578741520328
1365,GAM,0.205,2359.0,0.9501578741520328
1465,GAM,0.205,2359.0,0.9501578741520328
1927,GAM,0.205,2359.0,0.9501578741520328
2129,GAM,0.205,2359.0,0.9501578741520328
2184,GAM,0.205,2359.0,0.9501578741520328
2417,GAM,0.205,2359.0,0.9501578741520328
1137,GAM,0.204,2366.0,0.9455229576927546
1723,GAM,0.204,2366.0,0.9455229576927546
620,GAM,0.203,2368.0,0.9408880412334765
1435,GAM,0.203,2368.0,0.9408880412334765
2083,GAM,0.203,2368.0,0.9408880412334765
2271,GAM,0.203,2368.0,0.9408880412334765
2652,GAM,0.203,2368.0,0.9408880412334765
1294,GAM,0.202,2373.0,0.9362531247741983
1785,GAM,0.202,2373.0,0.9362531247741983
2324,GAM,0.202,2373.0,0.9362531247741983
2363,GAM,0.202,2373.0,0.9362531247741983
779,GAM,0.201,2377.0,0.93161820831492
1006,GAM,0.201,2377.0,0.93161820831492
2109,GAM,0.201,2377.0,0.93161820831492
1370,GAM,0.2,2380.0,0.9269832918556419
1471,GAM,0.2,2380.0,0.9269832918556419
1936,GAM,0.2,2380.0,0.9269832918556419
73,GAM,0.199,2383.0,0.9223483753963636
1350,GAM,0.199,2383.0,0.9223483753963636
1420,GAM,0.199,2383.0,0.9223483753963636
1235,GAM,0.198,2386.0,0.9177134589370854
1777,GAM,0.198,2386.0,0.9177134589370854
139,GAM,0.197,2388.0,0.9130785424778072
1049,GAM,0.197,2388.0,0.9130785424778072
2193,GAM,0.197,2388.0,0.9130785424778072
108,GAM,0.196,2391.0,0.908443626018529
356,GAM,0.196,2391.0,0.908443626018529
2507,GAM,0.196,2391.0,0.908443626018529
118,GAM,0.195,2394.0,0.9038087095592507
915,GAM,0.195,2394.0,0.9038087095592507
1162,GAM,0.195,2394.0,0.9038087095592507
1709,GAM,0.195,2394.0,0.9038087095592507
2322,GAM,0.194,2398.0,0.8991737930999726
2729,GAM,0.194,2398.0,0.8991737930999726
123,GAM,0.193,2400.0,0.8945388766406944
239,GAM,0.193,2400.0,0.8945388766406944
804,GAM,0.193,2400.0,0.8945388766406944
1386,GAM,0.193,2400.0,0.8945388766406944
1410,GAM,0.193,2400.0,0.8945388766406944
2446,GAM,0.193,2400.0,0.8945388766406944
2379,GAM,0.192,2406.0,0.8899039601814162
1757,GAM,0.191,2407.0,0.885269043722138
2192,GAM,0.191,2407.0,0.885269043722138
217,GAM,0.19,2409.0,0.8806341272628597
2385,GAM,0.19,2409.0,0.8806341272628597
2428,GAM,0.19,2409.0,0.8806341272628597
2482,GAM,0.19,2409.0,0.8806341272628597
1765,GAM,0.189,2413.0,0.8759992108035816
2166,GAM,0.189,2413.0,0.8759992108035816
2492,GAM,0.189,2413.0,0.8759992108035816
48,GAM,0.188,2416.0,0.8713642943443033
1434,GAM,0.187,2417.0,0.8667293778850251
870,GAM,0.186,2418.0,0.8620944614257469
1063,GAM,0.186,2418.0,0.8620944614257469
2062,GAM,0.186,2418.0,0.8620944614257469
2440,GAM,0.186,2418.0,0.8620944614257469
480,GAM,0.185,2422.0,0.8574595449664687
2498,GAM,0.185,2422.0,0.8574595449664687
2730,GAM,0.185,2422.0,0.8574595449664687
317,GAM,0.184,2425.0,0.8528246285071904
912,GAM,0.184,2425.0,0.8528246285071904
1099,GAM,0.184,2425.0,0.8528246285071904
1446,GAM,0.184,2425.0,0.8528246285071904
2352,GAM,0.184,2425.0,0.8528246285071904
182,GAM,0.183,2430.0,0.8481897120479123
645,GAM,0.183,2430.0,0.8481897120479123
1139,GAM,0.183,2430.0,0.8481897120479123
2681,GAM,0.183,2430.0,0.8481897120479123
315,GAM,0.182,2434.0,0.843554795588634
1495,GAM,0.182,2434.0,0.843554795588634
1515,GAM,0.182,2434.0,0.843554795588634
2521,GAM,0.182,2434.0,0.843554795588634
517,GAM,0.181,2438.0,0.8389198791293558
1187,GAM,0.181,2438.0,0.8389198791293558
1851,GAM,0.181,2438.0,0.8389198791293558
1911,GAM,0.181,2438.0,0.8389198791293558
2263,GAM,0.181,2438.0,0.8389198791293558
440,GAM,0.18,2443.0,0.8342849626700776
678,GAM,0.18,2443.0,0.8342849626700776
2208,GAM,0.18,2443.0,0.8342849626700776
290,GAM,0.179,2446.0,0.8296500462107994
1289,GAM,0.179,2446.0,0.8296500462107994
2513,GAM,0.179,2446.0,0.8296500462107994
551,GAM,0.178,2449.0,0.8250151297515211
699,GAM,0.178,2449.0,0.8250151297515211
1718,GAM,0.178,2449.0,0.8250151297515211
1831,GAM,0.178,2449.0,0.8250151297515211
336,GAM,0.177,2453.0,0.820380213292243
880,GAM,0.177,2453.0,0.820380213292243
983,GAM,0.177,2453.0,0.820380213292243
634,GAM,0.176,2456.0,0.8157452968329647
801,GAM,0.176,2456.0,0.8157452968329647
1000,GAM,0.176,2456.0,0.8157452968329647
1225,GAM,0.176,2456.0,0.8157452968329647
1234,GAM,0.176,2456.0,0.8157452968329647
2086,GAM,0.175,2461.0,0.8111103803736865
20,GAM,0.174,2462.0,0.8064754639144083
190,GAM,0.174,2462.0,0.8064754639144083
720,GAM,0.174,2462.0,0.8064754639144083
949,GAM,0.174,2462.0,0.8064754639144083
1870,GAM,0.174,2462.0,0.8064754639144083
2342,GAM,0.174,2462.0,0.8064754639144083
2465,GAM,0.174,2462.0,0.8064754639144083
789,GAM,0.173,2469.0,0.8018405474551301
1262,GAM,0.173,2469.0,0.8018405474551301
2557,GAM,0.173,2469.0,0.8018405474551301
475,GAM,0.172,2472.0,0.7972056309958518
652,GAM,0.172,2472.0,0.7972056309958518
1795,GAM,0.172,2472.0,0.7972056309958518
1850,GAM,0.172,2472.0,0.7972056309958518
2565,GAM,0.172,2472.0,0.7972056309958518
198,GAM,0.171,2477.0,0.7925707145365738
498,GAM,0.171,2477.0,0.7925707145365738
542,GAM,0.171,2477.0,0.7925707145365738
1602,GAM,0.171,2477.0,0.7925707145365738
329,GAM,0.17,2481.0,0.7879357980772956
1161,GAM,0.17,2481.0,0.7879357980772956
1196,GAM,0.17,2481.0,0.7879357980772956
49,GAM,0.169,2484.0,0.7833008816180174
68,GAM,0.169,2484.0,0.7833008816180174
1878,GAM,0.169,2484.0,0.7833008816180174
2362,GAM,0.169,2484.0,0.7833008816180174
88,GAM,0.168,2488.0,0.7786659651587392
1057,GAM,0.168,2488.0,0.7786659651587392
1801,GAM,0.168,2488.0,0.7786659651587392
760,GAM,0.167,2491.0,0.7740310486994609
764,GAM,0.167,2491.0,0.7740310486994609
2046,GAM,0.167,2491.0,0.7740310486994609
2383,GAM,0.167,2491.0,0.7740310486994609
2577,GAM,0.167,2491.0,0.7740310486994609
79,GAM,0.166,2496.0,0.7693961322401828
120,GAM,0.166,2496.0,0.7693961322401828
1259,GAM,0.166,2496.0,0.7693961322401828
1470,GAM,0.165,2499.0,0.7647612157809045
2061,GAM,0.165,2499.0,0.7647612157809045
2288,GAM,0.165,2499.0,0.7647612157809045
140,GAM,0.164,2502.0,0.7601262993216263
1075,GAM,0.164,2502.0,0.7601262993216263
1177,GAM,0.164,2502.0,0.7601262993216263
1319,GAM,0.164,2502.0,0.7601262993216263
1498,GAM,0.164,2502.0,0.7601262993216263
1817,GAM,0.164,2502.0,0.7601262993216263
1827,GAM,0.164,2502.0,0.7601262993216263
2423,GAM,0.164,2502.0,0.7601262993216263
136,GAM,0.163,2510.0,0.7554913828623481
648,GAM,0.163,2510.0,0.7554913828623481
2516,GAM,0.163,2510.0,0.7554913828623481
2535,GAM,0.163,2510.0,0.7554913828623481
13,GAM,0.162,2514.0,0.7508564664030699
36,GAM,0.162,2514.0,0.7508564664030699
273,GAM,0.162,2514.0,0.7508564664030699
1287,GAM,0.162,2514.0,0.7508564664030699
1346,GAM,0.162,2514.0,0.7508564664030699
1376,GAM,0.162,2514.0,0.7508564664030699
1961,GAM,0.162,2514.0,0.7508564664030699
2536,GAM,0.162,2514.0,0.7508564664030699
191,GAM,0.161,2522.0,0.7462215499437916
331,GAM,0.161,2522.0,0.7462215499437916
361,GAM,0.161,2522.0,0.7462215499437916
1983,GAM,0.161,2522.0,0.7462215499437916
2669,GAM,0.161,2522.0,0.7462215499437916
2687,GAM,0.161,2522.0,0.7462215499437916
50,GAM,0.16,2528.0,0.7415866334845135
642,GAM,0.16,2528.0,0.7415866334845135
644,GAM,0.16,2528.0,0.7415866334845135
1228,GAM,0.16,2528.0,0.7415866334845135
461,GAM,0.159,2532.0,0.7369517170252352
1487,GAM,0.159,2532.0,0.7369517170252352
1714,GAM,0.159,2532.0,0.7369517170252352
1886,GAM,0.159,2532.0,0.7369517170252352
2143,GAM,0.159,2532.0,0.7369517170252352
2499,GAM,0.159,2532.0,0.7369517170252352
359,GAM,0.158,2538.0,0.732316800565957
854,GAM,0.158,2538.0,0.732316800565957
930,GAM,0.158,2538.0,0.732316800565957
1857,GAM,0.158,2538.0,0.732316800565957
2558,GAM,0.158,2538.0,0.732316800565957
1836,GAM,0.157,2543.0,0.7276818841066788
1947,GAM,0.157,2543.0,0.7276818841066788
941,GAM,0.155,2545.0,0.7184120511881223
1348,GAM,0.155,2545.0,0.7184120511881223
987,GAM,0.154,2547.0,0.7137771347288442
1553,GAM,0.154,2547.0,0.7137771347288442
2310,GAM,0.154,2547.0,0.7137771347288442
2732,GAM,0.154,2547.0,0.7137771347288442
796,GAM,0.153,2551.0,0.709142218269566
838,GAM,0.153,2551.0,0.709142218269566
1054,GAM,0.153,2551.0,0.709142218269566
1104,GAM,0.153,2551.0,0.709142218269566
1632,GAM,0.153,2551.0,0.709142218269566
1735,GAM,0.153,2551.0,0.709142218269566
2433,GAM,0.153,2551.0,0.709142218269566
2510,GAM,0.153,2551.0,0.709142218269566
576,GAM,0.152,2559.0,0.7045073018102878
793,GAM,0.152,2559.0,0.7045073018102878
1464,GAM,0.152,2559.0,0.7045073018102878
1573,GAM,0.152,2559.0,0.7045073018102878
2414,GAM,0.152,2559.0,0.7045073018102878
2606,GAM,0.152,2559.0,0.7045073018102878
2626,GAM,0.152,2559.0,0.7045073018102878
30,GAM,0.151,2566.0,0.6998723853510096
285,GAM,0.151,2566.0,0.6998723853510096
631,GAM,0.151,2566.0,0.6998723853510096
641,GAM,0.15,2569.0,0.6952374688917313
758,GAM,0.15,2569.0,0.6952374688917313
1505,GAM,0.15,2569.0,0.6952374688917313
1676,GAM,0.15,2569.0,0.6952374688917313
919,GAM,0.149,2573.0,0.6906025524324532
1485,GAM,0.149,2573.0,0.6906025524324532
1598,GAM,0.149,2573.0,0.6906025524324532
1804,GAM,0.149,2573.0,0.6906025524324532
1848,GAM,0.149,2573.0,0.6906025524324532
2124,GAM,0.149,2573.0,0.6906025524324532
2477,GAM,0.148,2579.0,0.6859676359731749
103,GAM,0.147,2580.0,0.6813327195138967
242,GAM,0.147,2580.0,0.6813327195138967
1227,GAM,0.147,2580.0,0.6813327195138967
1282,GAM,0.147,2580.0,0.6813327195138967
1624,GAM,0.147,2580.0,0.6813327195138967
2094,GAM,0.147,2580.0,0.6813327195138967
2478,GAM,0.147,2580.0,0.6813327195138967
2493,GAM,0.147,2580.0,0.6813327195138967
894,GAM,0.146,2588.0,0.6766978030546185
1086,GAM,0.146,2588.0,0.6766978030546185
584,GAM,0.145,2590.0,0.6720628865953403
929,GAM,0.145,2590.0,0.6720628865953403
1463,GAM,0.145,2590.0,0.6720628865953403
1902,GAM,0.145,2590.0,0.6720628865953403
2134,GAM,0.145,2590.0,0.6720628865953403
2413,GAM,0.145,2590.0,0.6720628865953403
1580,GAM,0.144,2596.0,0.667427970136062
1671,GAM,0.144,2596.0,0.667427970136062
2283,GAM,0.144,2596.0,0.667427970136062
571,GAM,0.143,2599.0,0.6627930536767839
1091,GAM,0.143,2599.0,0.6627930536767839
1737,GAM,0.143,2599.0,0.6627930536767839
2340,GAM,0.143,2599.0,0.6627930536767839
2645,GAM,0.143,2599.0,0.6627930536767839
465,GAM,0.142,2604.0,0.6581581372175056
632,GAM,0.142,2604.0,0.6581581372175056
1256,GAM,0.142,2604.0,0.6581581372175056
1595,GAM,0.142,2604.0,0.6581581372175056
2009,GAM,0.142,2604.0,0.6581581372175056
2345,GAM,0.142,2604.0,0.6581581372175056
2603,GAM,0.142,2604.0,0.6581581372175056
1509,GAM,0.141,2611.0,0.6535232207582274
1726,GAM,0.141,2611.0,0.6535232207582274
2071,GAM,0.141,2611.0,0.6535232207582274
2190,GAM,0.141,2611.0,0.6535232207582274
2449,GAM,0.141,2611.0,0.6535232207582274
992,GAM,0.14,2616.0,0.6488883042989493
2270,GAM,0.14,2616.0,0.6488883042989493
106,GAM,0.138,2618.0,0.6396184713803929
181,GAM,0.138,2618.0,0.6396184713803929
1424,GAM,0.138,2618.0,0.6396184713803929
1901,GAM,0.138,2618.0,0.6396184713803929
439,GAM,0.137,2622.0,0.6349835549211147
479,GAM,0.137,2622.0,0.6349835549211147
687,GAM,0.137,2622.0,0.6349835549211147
723,GAM,0.137,2622.0,0.6349835549211147
875,GAM,0.137,2622.0,0.6349835549211147
1116,GAM,0.137,2622.0,0.6349835549211147
2641,GAM,0.137,2622.0,0.6349835549211147
2328,GAM,0.136,2629.0,0.6303486384618365
2604,GAM,0.136,2629.0,0.6303486384618365
2671,GAM,0.136,2629.0,0.6303486384618365
67,GAM,0.135,2632.0,0.6257137220025583
152,GAM,0.135,2632.0,0.6257137220025583
380,GAM,0.135,2632.0,0.6257137220025583
1379,GAM,0.135,2632.0,0.6257137220025583
1398,GAM,0.135,2632.0,0.6257137220025583
1732,GAM,0.135,2632.0,0.6257137220025583
1745,GAM,0.135,2632.0,0.6257137220025583
2,GAM,0.134,2639.0,0.6210788055432801
939,GAM,0.134,2639.0,0.6210788055432801
1617,GAM,0.134,2639.0,0.6210788055432801
2011,GAM,0.134,2639.0,0.6210788055432801
2304,GAM,0.134,2639.0,0.6210788055432801
2753,GAM,0.134,2639.0,0.6210788055432801
985,GAM,0.133,2645.0,0.6164438890840018
1003,GAM,0.133,2645.0,0.6164438890840018
1024,GAM,0.133,2645.0,0.6164438890840018
1134,GAM,0.133,2645.0,0.6164438890840018
1362,GAM,0.133,2645.0,0.6164438890840018
1750,GAM,0.133,2645.0,0.6164438890840018
1889,GAM,0.133,2645.0,0.6164438890840018
2126,GAM,0.133,2645.0,0.6164438890840018
2772,GAM,0.133,2645.0,0.6164438890840018
207,GAM,0.132,2654.0,0.6118089726247237
291,GAM,0.132,2654.0,0.6118089726247237
2320,GAM,0.132,2654.0,0.6118089726247237
2589,GAM,0.132,2654.0,0.6118089726247237
1245,GAM,0.131,2658.0,0.6071740561654454
1373,GAM,0.131,2658.0,0.6071740561654454
1449,GAM,0.131,2658.0,0.6071740561654454
1917,GAM,0.131,2658.0,0.6071740561654454
2121,GAM,0.131,2658.0,0.6071740561654454
2139,GAM,0.131,2658.0,0.6071740561654454
2560,GAM,0.131,2658.0,0.6071740561654454
2653,GAM,0.131,2658.0,0.6071740561654454
154,GAM,0.13,2666.0,0.6025391397061672
887,GAM,0.13,2666.0,0.6025391397061672
1859,GAM,0.13,2666.0,0.6025391397061672
2500,GAM,0.13,2666.0,0.6025391397061672
2596,GAM,0.13,2666.0,0.6025391397061672
1206,GAM,0.129,2671.0,0.597904223246889
1915,GAM,0.129,2671.0,0.597904223246889
2438,GAM,0.129,2671.0,0.597904223246889
2502,GAM,0.129,2671.0,0.597904223246889
627,GAM,0.128,2675.0,0.5932693067876108
1679,GAM,0.128,2675.0,0.5932693067876108
1741,GAM,0.128,2675.0,0.5932693067876108
2520,GAM,0.128,2675.0,0.5932693067876108
472,GAM,0.127,2679.0,0.5886343903283325
802,GAM,0.127,2679.0,0.5886343903283325
921,GAM,0.127,2679.0,0.5886343903283325
1077,GAM,0.127,2679.0,0.5886343903283325
1823,GAM,0.127,2679.0,0.5886343903283325
1984,GAM,0.127,2679.0,0.5886343903283325
1991,GAM,0.127,2679.0,0.5886343903283325
2308,GAM,0.127,2679.0,0.5886343903283325
2663,GAM,0.127,2679.0,0.5886343903283325
2734,GAM,0.127,2679.0,0.5886343903283325
229,GAM,0.126,2689.0,0.5839994738690544
243,GAM,0.126,2689.0,0.5839994738690544
693,GAM,0.125,2691.0,0.5793645574097761
948,GAM,0.125,2691.0,0.5793645574097761
1821,GAM,0.125,2691.0,0.5793645574097761
2343,GAM,0.125,2691.0,0.5793645574097761
868,GAM,0.124,2695.0,0.5747296409504979
1064,GAM,0.124,2695.0,0.5747296409504979
134,GAM,0.123,2697.0,0.5700947244912197
2272,GAM,0.123,2697.0,0.5700947244912197
2685,GAM,0.123,2697.0,0.5700947244912197
383,GAM,0.122,2700.0,0.5654598080319415
1095,GAM,0.122,2700.0,0.5654598080319415
1310,GAM,0.122,2700.0,0.5654598080319415
54,GAM,0.121,2703.0,0.5608248915726632
274,GAM,0.121,2703.0,0.5608248915726632
1527,GAM,0.121,2703.0,0.5608248915726632
726,GAM,0.12,2706.0,0.5561899751133851
1916,GAM,0.12,2706.0,0.5561899751133851
614,GAM,0.119,2708.0,0.5515550586541068
2198,GAM,0.119,2708.0,0.5515550586541068
2738,GAM,0.119,2708.0,0.5515550586541068
200,GAM,0.118,2711.0,0.5469201421948287
2280,GAM,0.118,2711.0,0.5469201421948287
2664,GAM,0.118,2711.0,0.5469201421948287
2666,GAM,0.118,2711.0,0.5469201421948287
1578,GAM,0.117,2715.0,0.5422852257355505
1641,GAM,0.117,2715.0,0.5422852257355505
2165,GAM,0.117,2715.0,0.5422852257355505
2563,GAM,0.117,2715.0,0.5422852257355505
1335,GAM,0.116,2719.0,0.5376503092762723
1381,GAM,0.116,2719.0,0.5376503092762723
1810,GAM,0.116,2719.0,0.5376503092762723
751,GAM,0.115,2722.0,0.5330153928169941
1941,GAM,0.115,2722.0,0.5330153928169941
936,GAM,0.114,2724.0,0.5283804763577159
1520,GAM,0.114,2724.0,0.5283804763577159
1906,GAM,0.114,2724.0,0.5283804763577159
550,GAM,0.113,2727.0,0.5237455598984376
595,GAM,0.113,2727.0,0.5237455598984376
1232,GAM,0.113,2727.0,0.5237455598984376
1324,GAM,0.113,2727.0,0.5237455598984376
1030,GAM,0.112,2731.0,0.5191106434391595
1603,GAM,0.112,2731.0,0.5191106434391595
121,GAM,0.111,2733.0,0.5144757269798812
841,GAM,0.111,2733.0,0.5144757269798812
579,GAM,0.109,2735.0,0.5052058940613248
884,GAM,0.108,2736.0,0.5005709776020466
254,GAM,0.107,2737.0,0.49593606114276834
1002,GAM,0.107,2737.0,0.49593606114276834
1322,GAM,0.107,2737.0,0.49593606114276834
2429,GAM,0.107,2737.0,0.49593606114276834
515,GAM,0.106,2741.0,0.4913011446834901
1399,GAM,0.106,2741.0,0.4913011446834901
1638,GAM,0.106,2741.0,0.4913011446834901
1760,GAM,0.106,2741.0,0.4913011446834901
2064,GAM,0.106,2741.0,0.4913011446834901
218,GAM,0.105,2746.0,0.48666622822421196
252,GAM,0.105,2746.0,0.48666622822421196
313,GAM,0.105,2746.0,0.48666622822421196
504,GAM,0.105,2746.0,0.48666622822421196
791,GAM,0.105,2746.0,0.48666622822421196
993,GAM,0.105,2746.0,0.48666622822421196
28,GAM,0.104,2752.0,0.48203131176493375
520,GAM,0.104,2752.0,0.48203131176493375
2336,GAM,0.104,2752.0,0.48203131176493375
1713,GAM,0.103,2755.0,0.47739639530565553
158,GAM,0.102,2756.0,0.4727614788463773
1197,GAM,0.102,2756.0,0.4727614788463773
322,GAM,0.101,2758.0,0.46812656238709915
1247,GAM,0.101,2758.0,0.46812656238709915
663,GAM,0.1,2760.0,0.46349164592782094
692,GAM,0.1,2760.0,0.46349164592782094
903,GAM,0.1,2760.0,0.46349164592782094
1036,GAM,0.1,2760.0,0.46349164592782094
1159,GAM,0.099,2764.0,0.4588567294685427
72,GAM,0.097,2765.0,0.4495868965499863
928,GAM,0.096,2766.0,0.4449519800907081
1667,GAM,0.095,2767.0,0.44031706363142986
1479,GAM,0.094,2768.0,0.43568214717215165
434,GAM,0.093,2769.0,0.43104723071287343
1429,GAM,0.093,2769.0,0.43104723071287343
1198,GAM,0.091,2771.0,0.421777397794317
2297,GAM,0.091,2771.0,0.421777397794317
1619,GAM,0.09,2773.0,0.4171424813350388
1249,GAM,0.087,2774.0,0.40323773195720414
2768,GAM,0.086,2775.0,0.3986028154979259
1016,GAM,0.084,2776.0,0.3893329825793696
144,GAM,0.083,2777.0,0.3846980661200914
1642,GAM,0.08,2778.0,0.37079331674225674
220,RF,1.846,1.0,7.738842758550893
2266,RF,1.773,2.0,7.432810515119574
1255,RF,1.644,3.0,6.892013810973817
1025,RF,1.486,4.0,6.229642653958086
2583,RF,1.462,5.0,6.129029313651899
979,RF,1.451,6.0,6.0829148660115635
904,RF,1.311,7.0,5.496003714225472
129,RF,1.303,8.0,5.462465934123409
2609,RF,1.287,9.0,5.395390373919284
748,RF,1.265,10.0,5.3031614786386125
476,RF,1.247,11.0,5.227701473408973
1437,RF,1.246,12.0,5.223509250896215
351,RF,1.242,13.0,5.206740360845184
1931,RF,1.235,14.0,5.177394803255879
951,RF,1.227,15.0,5.143857023153817
923,RF,1.22,16.0,5.1145114655645125
1824,RF,1.214,17.0,5.089358130487965
1129,RF,1.2,18.0,5.030667015309356
1090,RF,1.186,19.0,4.971975900130747
2290,RF,1.186,19.0,4.971975900130747
1020,RF,1.182,21.0,4.955207010079715
318,RF,1.177,22.0,4.934245897515927
39,RF,1.175,23.0,4.925861452490412
878,RF,1.175,23.0,4.925861452490412
664,RF,1.174,25.0,4.921669229977653
1597,RF,1.172,26.0,4.913284784952138
2023,RF,1.171,27.0,4.909092562439381
2029,RF,1.164,28.0,4.879747004850075
2110,RF,1.157,29.0,4.850401447260771
1419,RF,1.156,30.0,4.846209224748013
2084,RF,1.153,31.0,4.83363255720974
1692,RF,1.15,32.0,4.821055889671466
2673,RF,1.15,32.0,4.821055889671466
1475,RF,1.148,34.0,4.81267144464595
1096,RF,1.142,35.0,4.787518109569404
1439,RF,1.137,36.0,4.766556997005615
292,RF,1.136,37.0,4.762364774492857
2538,RF,1.13,38.0,4.73721143941631
1518,RF,1.125,39.0,4.7162503268525215
797,RF,1.123,40.0,4.707865881827006
1105,RF,1.113,41.0,4.665943656699428
2501,RF,1.112,42.0,4.66175143418667
2052,RF,1.108,43.0,4.644982544135639
1114,RF,1.103,44.0,4.62402143157185
561,RF,1.088,45.0,4.5611380938804835
996,RF,1.085,46.0,4.54856142634221
2177,RF,1.077,47.0,4.515023646240147
193,RF,1.069,48.0,4.481485866138085
570,RF,1.069,48.0,4.481485866138085
2284,RF,1.067,50.0,4.4731014211125695
2689,RF,1.066,51.0,4.468909198599812
1355,RF,1.065,52.0,4.464716976087053
117,RF,1.064,53.0,4.460524753574296
2456,RF,1.061,54.0,4.447948086036022
2659,RF,1.057,55.0,4.431179195984991
900,RF,1.056,56.0,4.426986973472234
2076,RF,1.055,57.0,4.422794750959476
2047,RF,1.053,58.0,4.41441030593396
1549,RF,1.044,59.0,4.37668030331914
1754,RF,1.044,59.0,4.37668030331914
1080,RF,1.041,61.0,4.364103635780866
1502,RF,1.038,62.0,4.351526968242593
2010,RF,1.038,62.0,4.351526968242593
2161,RF,1.037,64.0,4.347334745729835
959,RF,1.035,65.0,4.33895030070432
293,RF,1.032,66.0,4.326373633166047
2130,RF,1.032,66.0,4.326373633166047
1011,RF,1.029,68.0,4.313796965627772
214,RF,1.027,69.0,4.305412520602257
522,RF,1.025,70.0,4.297028075576741
405,RF,1.019,71.0,4.271874740500195
429,RF,1.016,72.0,4.259298072961922
1910,RF,1.014,73.0,4.250913627936406
601,RF,1.013,74.0,4.2467214054236475
262,RF,1.009,75.0,4.2299525153726165
970,RF,1.007,76.0,4.221568070347101
1791,RF,1.007,76.0,4.221568070347101
1954,RF,1.001,78.0,4.1964147352705545
1271,RF,0.993,79.0,4.1628769551684925
2469,RF,0.992,80.0,4.158684732655734
485,RF,0.99,81.0,4.150300287630219
825,RF,0.99,81.0,4.150300287630219
1972,RF,0.985,83.0,4.12933917506643
149,RF,0.984,84.0,4.125146952553672
836,RF,0.984,84.0,4.125146952553672
1756,RF,0.981,86.0,4.112570285015399
1488,RF,0.978,87.0,4.099993617477125
377,RF,0.975,88.0,4.087416949938852
2319,RF,0.971,89.0,4.07064805988782
1909,RF,0.969,90.0,4.062263614862305
2305,RF,0.968,91.0,4.0580713923495475
93,RF,0.964,92.0,4.0413025022985165
2188,RF,0.963,93.0,4.037110279785758
2344,RF,0.962,94.0,4.032918057273
2542,RF,0.962,94.0,4.032918057273
732,RF,0.96,96.0,4.024533612247485
410,RF,0.958,97.0,4.016149167221969
2212,RF,0.958,97.0,4.016149167221969
2152,RF,0.957,99.0,4.011956944709212
2599,RF,0.952,100.0,3.9909958321454226
968,RF,0.951,101.0,3.986803609632665
1220,RF,0.951,101.0,3.986803609632665
1639,RF,0.951,101.0,3.986803609632665
358,RF,0.95,104.0,3.9826113871199067
170,RF,0.947,105.0,3.9700347195816335
1354,RF,0.945,106.0,3.961650274556118
1647,RF,0.944,107.0,3.95745805204336
38,RF,0.943,108.0,3.9532658295306025
1312,RF,0.943,108.0,3.9532658295306025
1825,RF,0.942,110.0,3.9490736070178443
2255,RF,0.942,110.0,3.9490736070178443
96,RF,0.941,112.0,3.9448813845050865
879,RF,0.941,112.0,3.9448813845050865
287,RF,0.94,114.0,3.9406891619923288
1661,RF,0.937,115.0,3.928112494454056
874,RF,0.936,116.0,3.923920271941298
2259,RF,0.936,116.0,3.923920271941298
2600,RF,0.936,116.0,3.923920271941298
775,RF,0.935,119.0,3.9197280494285405
1779,RF,0.933,120.0,3.9113436044030245
75,RF,0.93,121.0,3.8987669368647513
1243,RF,0.929,122.0,3.8945747143519935
402,RF,0.927,123.0,3.886190269326478
998,RF,0.926,124.0,3.8819980468137203
1493,RF,0.925,125.0,3.877805824300962
1165,RF,0.924,126.0,3.8736136017882044
2552,RF,0.922,127.0,3.865229156762689
527,RF,0.92,128.0,3.8568447117371734
761,RF,0.919,129.0,3.8526524892244156
2724,RF,0.918,130.0,3.848460266711658
2004,RF,0.917,131.0,3.8442680441989
1748,RF,0.912,132.0,3.823306931635111
650,RF,0.911,133.0,3.819114709122353
581,RF,0.91,134.0,3.8149224866095954
1009,RF,0.91,134.0,3.8149224866095954
1118,RF,0.91,134.0,3.8149224866095954
1459,RF,0.909,137.0,3.8107302640968377
1764,RF,0.908,138.0,3.8065380415840795
2085,RF,0.905,139.0,3.7939613740458062
2089,RF,0.905,139.0,3.7939613740458062
1250,RF,0.903,141.0,3.7855769290202907
2274,RF,0.903,141.0,3.7855769290202907
323,RF,0.902,143.0,3.781384706507533
965,RF,0.898,144.0,3.7646158164565016
1623,RF,0.897,145.0,3.760423593943744
955,RF,0.896,146.0,3.756231371430986
1601,RF,0.895,147.0,3.7520391489182283
2411,RF,0.895,147.0,3.7520391489182283
1453,RF,0.894,149.0,3.7478469264054706
244,RF,0.893,150.0,3.743654703892713
1572,RF,0.892,151.0,3.739462481379955
2183,RF,0.89,152.0,3.731078036354439
52,RF,0.889,153.0,3.7268858138416814
1559,RF,0.889,153.0,3.7268858138416814
2158,RF,0.886,155.0,3.714309146303408
1948,RF,0.885,156.0,3.7101169237906504
2486,RF,0.885,156.0,3.7101169237906504
2525,RF,0.882,158.0,3.6975402562523767
2389,RF,0.878,159.0,3.6807713662013457
132,RF,0.872,160.0,3.6556180311247988
552,RF,0.87,161.0,3.6472335860992833
2037,RF,0.869,162.0,3.6430413635865255
2612,RF,0.868,163.0,3.638849141073768
2224,RF,0.866,164.0,3.6304646960482523
2261,RF,0.864,165.0,3.6220802510227363
2705,RF,0.864,165.0,3.6220802510227363
1252,RF,0.862,167.0,3.613695805997221
1814,RF,0.859,168.0,3.6011191384589476
2063,RF,0.854,169.0,3.5801580258951584
1484,RF,0.853,170.0,3.5759658033824007
2159,RF,0.852,171.0,3.571773580869643
2092,RF,0.851,172.0,3.567581358356885
2566,RF,0.85,173.0,3.5633891358441274
1640,RF,0.849,174.0,3.5591969133313697
1879,RF,0.849,174.0,3.5591969133313697
484,RF,0.847,176.0,3.5508124683058537
1033,RF,0.846,177.0,3.546620245793096
82,RF,0.844,178.0,3.5382358007675805
1652,RF,0.844,178.0,3.5382358007675805
2648,RF,0.844,178.0,3.5382358007675805
35,RF,0.842,181.0,3.529851355742065
1856,RF,0.842,181.0,3.529851355742065
740,RF,0.84,183.0,3.521466910716549
991,RF,0.84,183.0,3.521466910716549
1122,RF,0.84,183.0,3.521466910716549
1837,RF,0.84,183.0,3.521466910716549
2741,RF,0.84,183.0,3.521466910716549
2170,RF,0.839,188.0,3.5172746882037913
1221,RF,0.838,189.0,3.5130824656910336
1296,RF,0.838,189.0,3.5130824656910336
1885,RF,0.837,191.0,3.508890243178276
300,RF,0.831,192.0,3.483736908101729
1345,RF,0.831,192.0,3.483736908101729
2505,RF,0.829,194.0,3.4753524630762134
1678,RF,0.828,195.0,3.4711602405634556
2578,RF,0.828,195.0,3.4711602405634556
774,RF,0.827,197.0,3.466968018050698
1411,RF,0.827,197.0,3.466968018050698
2145,RF,0.827,197.0,3.466968018050698
2434,RF,0.823,200.0,3.4501991279996664
1040,RF,0.822,201.0,3.4460069054869087
1501,RF,0.822,201.0,3.4460069054869087
695,RF,0.821,203.0,3.441814682974151
2509,RF,0.821,203.0,3.441814682974151
187,RF,0.819,205.0,3.4334302379486354
538,RF,0.818,206.0,3.4292380154358777
2607,RF,0.817,207.0,3.42504579292312
1291,RF,0.816,208.0,3.420853570410362
100,RF,0.815,209.0,3.4166613478976045
1107,RF,0.815,209.0,3.4166613478976045
1697,RF,0.815,209.0,3.4166613478976045
2275,RF,0.815,209.0,3.4166613478976045
320,RF,0.813,213.0,3.4082769028720885
569,RF,0.813,213.0,3.4082769028720885
1184,RF,0.813,213.0,3.4082769028720885
2318,RF,0.813,213.0,3.4082769028720885
1010,RF,0.811,217.0,3.3998924578465735
1286,RF,0.81,218.0,3.3957002353338157
1644,RF,0.81,218.0,3.3957002353338157
1264,RF,0.808,220.0,3.3873157903083
310,RF,0.807,221.0,3.3831235677955425
59,RF,0.806,222.0,3.3789313452827847
2204,RF,0.805,223.0,3.3747391227700265
2260,RF,0.805,223.0,3.3747391227700265
843,RF,0.804,225.0,3.3705469002572688
2517,RF,0.804,225.0,3.3705469002572688
539,RF,0.803,227.0,3.366354677744511
877,RF,0.803,227.0,3.366354677744511
1158,RF,0.803,227.0,3.366354677744511
131,RF,0.8,230.0,3.353778010206238
1476,RF,0.797,231.0,3.341201342667964
940,RF,0.796,232.0,3.3370091201552063
110,RF,0.794,233.0,3.328624675129691
1922,RF,0.794,233.0,3.328624675129691
518,RF,0.793,235.0,3.324432452616933
2149,RF,0.792,236.0,3.3202402301041753
44,RF,0.791,237.0,3.3160480075914176
294,RF,0.791,237.0,3.3160480075914176
2356,RF,0.791,237.0,3.3160480075914176
334,RF,0.79,240.0,3.31185578507866
960,RF,0.79,240.0,3.31185578507866
2300,RF,0.788,242.0,3.303471340053144
2164,RF,0.786,243.0,3.2950868950276284
1369,RF,0.785,244.0,3.2908946725148707
371,RF,0.784,245.0,3.286702450002113
1945,RF,0.784,245.0,3.286702450002113
2546,RF,0.784,245.0,3.286702450002113
1360,RF,0.783,248.0,3.282510227489355
1482,RF,0.781,249.0,3.2741257824638397
325,RF,0.778,250.0,3.261549114925566
424,RF,0.776,251.0,3.2531646699000505
1749,RF,0.773,252.0,3.2405880023617772
1607,RF,0.772,253.0,3.2363957798490195
606,RF,0.771,254.0,3.2322035573362613
2281,RF,0.771,254.0,3.2322035573362613
2455,RF,0.771,254.0,3.2322035573362613
1140,RF,0.768,257.0,3.219626889797988
1185,RF,0.768,257.0,3.219626889797988
2677,RF,0.767,259.0,3.2154346672852303
24,RF,0.766,260.0,3.2112424447724726
2225,RF,0.766,260.0,3.2112424447724726
387,RF,0.764,262.0,3.202857999746957
1693,RF,0.764,262.0,3.202857999746957
84,RF,0.763,264.0,3.198665777234199
1614,RF,0.762,265.0,3.194473554721441
1436,RF,0.761,266.0,3.1902813322086834
2054,RF,0.76,267.0,3.1860891096959256
474,RF,0.759,268.0,3.181896887183168
1815,RF,0.758,269.0,3.17770466467041
2541,RF,0.758,269.0,3.17770466467041
1681,RF,0.756,271.0,3.1693202196448946
586,RF,0.755,272.0,3.165127997132137
369,RF,0.754,273.0,3.1609357746193787
1233,RF,0.754,273.0,3.1609357746193787
1847,RF,0.754,273.0,3.1609357746193787
2432,RF,0.754,273.0,3.1609357746193787
1356,RF,0.752,277.0,3.152551329593863
2227,RF,0.751,278.0,3.1483591070811054
238,RF,0.749,279.0,3.13997466205559
1924,RF,0.749,279.0,3.13997466205559
1746,RF,0.748,281.0,3.135782439542832
463,RF,0.746,282.0,3.1273979945173163
608,RF,0.745,283.0,3.1232057720045585
2339,RF,0.745,283.0,3.1232057720045585
307,RF,0.744,285.0,3.1190135494918008
729,RF,0.744,285.0,3.1190135494918008
2733,RF,0.744,285.0,3.1190135494918008
2704,RF,0.743,288.0,3.114821326979043
1758,RF,0.742,289.0,3.1106291044662853
2273,RF,0.738,290.0,3.0938602144152543
657,RF,0.737,291.0,3.089667991902496
850,RF,0.736,292.0,3.0854757693897383
1026,RF,0.734,293.0,3.077091324364223
192,RF,0.733,294.0,3.072899101851465
210,RF,0.732,295.0,3.0687068793387073
1778,RF,0.732,295.0,3.0687068793387073
2644,RF,0.732,295.0,3.0687068793387073
2199,RF,0.731,298.0,3.0645146568259496
1568,RF,0.73,299.0,3.060322434313192
2731,RF,0.73,299.0,3.060322434313192
2392,RF,0.726,301.0,3.0435535442621604
1689,RF,0.725,302.0,3.0393613217494027
2544,RF,0.724,303.0,3.035169099236645
1841,RF,0.722,304.0,3.0267846542111294
2287,RF,0.722,304.0,3.0267846542111294
2610,RF,0.722,304.0,3.0267846542111294
826,RF,0.72,307.0,3.0184002091856135
981,RF,0.72,307.0,3.0184002091856135
2209,RF,0.72,307.0,3.0184002091856135
635,RF,0.719,310.0,3.0142079866728557
11,RF,0.718,311.0,3.010015764160098
863,RF,0.718,311.0,3.010015764160098
2680,RF,0.718,311.0,3.010015764160098
2742,RF,0.718,311.0,3.010015764160098
529,RF,0.717,315.0,3.0058235416473402
51,RF,0.715,316.0,2.9974390966218247
1192,RF,0.714,317.0,2.993246874109067
1539,RF,0.713,318.0,2.9890546515963092
81,RF,0.712,319.0,2.984862429083551
700,RF,0.712,319.0,2.984862429083551
1608,RF,0.712,319.0,2.984862429083551
1084,RF,0.71,322.0,2.9764779840580355
1530,RF,0.71,322.0,2.9764779840580355
587,RF,0.709,324.0,2.972285761545278
1371,RF,0.709,324.0,2.972285761545278
53,RF,0.708,326.0,2.96809353903252
1048,RF,0.708,326.0,2.96809353903252
722,RF,0.706,328.0,2.9597090940070045
696,RF,0.704,329.0,2.951324648981489
1244,RF,0.704,329.0,2.951324648981489
2359,RF,0.704,329.0,2.951324648981489
467,RF,0.703,332.0,2.947132426468731
2404,RF,0.703,332.0,2.947132426468731
297,RF,0.702,334.0,2.942940203955973
2200,RF,0.702,334.0,2.942940203955973
2369,RF,0.702,334.0,2.942940203955973
2564,RF,0.702,334.0,2.942940203955973
2347,RF,0.701,338.0,2.9387479814432154
1980,RF,0.7,339.0,2.9345557589304576
86,RF,0.699,340.0,2.9303635364177
1523,RF,0.699,340.0,2.9303635364177
1858,RF,0.699,340.0,2.9303635364177
302,RF,0.698,343.0,2.926171313904942
944,RF,0.698,343.0,2.926171313904942
2419,RF,0.698,343.0,2.926171313904942
2584,RF,0.697,346.0,2.9219790913921844
2585,RF,0.697,346.0,2.9219790913921844
2309,RF,0.696,348.0,2.9177868688794266
2178,RF,0.695,349.0,2.9135946463666684
2368,RF,0.694,350.0,2.9094024238539107
2249,RF,0.693,351.0,2.905210201341153
194,RF,0.692,352.0,2.901017978828395
2422,RF,0.692,352.0,2.901017978828395
1121,RF,0.691,354.0,2.8968257563156374
2490,RF,0.691,354.0,2.8968257563156374
2495,RF,0.691,354.0,2.8968257563156374
2418,RF,0.689,357.0,2.888441311290122
885,RF,0.688,358.0,2.884249088777364
1503,RF,0.688,358.0,2.884249088777364
1212,RF,0.685,360.0,2.871672421239091
69,RF,0.684,361.0,2.867480198726333
925,RF,0.684,361.0,2.867480198726333
2019,RF,0.684,361.0,2.867480198726333
2232,RF,0.684,361.0,2.867480198726333
749,RF,0.683,365.0,2.8632879762135754
43,RF,0.682,366.0,2.8590957537008177
420,RF,0.682,366.0,2.8590957537008177
847,RF,0.682,366.0,2.8590957537008177
1808,RF,0.682,366.0,2.8590957537008177
1321,RF,0.681,370.0,2.85490353118806
457,RF,0.679,371.0,2.8465190861625445
656,RF,0.679,371.0,2.8465190861625445
1538,RF,0.679,371.0,2.8465190861625445
2593,RF,0.679,371.0,2.8465190861625445
156,RF,0.678,375.0,2.8423268636497867
159,RF,0.678,375.0,2.8423268636497867
1625,RF,0.678,375.0,2.8423268636497867
1637,RF,0.678,375.0,2.8423268636497867
12,RF,0.677,379.0,2.8381346411370285
180,RF,0.677,379.0,2.8381346411370285
1169,RF,0.677,379.0,2.8381346411370285
2632,RF,0.677,379.0,2.8381346411370285
212,RF,0.676,383.0,2.8339424186242708
816,RF,0.676,383.0,2.8339424186242708
1532,RF,0.676,383.0,2.8339424186242708
2567,RF,0.676,383.0,2.8339424186242708
753,RF,0.675,387.0,2.829750196111513
1690,RF,0.675,387.0,2.829750196111513
1729,RF,0.675,387.0,2.829750196111513
1423,RF,0.674,390.0,2.8255579735987553
2443,RF,0.674,390.0,2.8255579735987553
1031,RF,0.673,392.0,2.8213657510859975
1062,RF,0.673,392.0,2.8213657510859975
1834,RF,0.673,392.0,2.8213657510859975
2373,RF,0.671,395.0,2.812981306060482
2464,RF,0.671,395.0,2.812981306060482
143,RF,0.67,397.0,2.8087890835477243
1438,RF,0.668,398.0,2.8004046385222083
1146,RF,0.667,399.0,2.7962124160094506
1655,RF,0.667,399.0,2.7962124160094506
856,RF,0.666,401.0,2.792020193496693
1798,RF,0.666,401.0,2.792020193496693
280,RF,0.665,403.0,2.787827970983935
2656,RF,0.664,404.0,2.7836357484711773
2672,RF,0.664,404.0,2.7836357484711773
927,RF,0.663,406.0,2.7794435259584196
2117,RF,0.663,406.0,2.7794435259584196
411,RF,0.661,408.0,2.771059080932904
1914,RF,0.661,408.0,2.771059080932904
599,RF,0.66,410.0,2.766866858420146
1320,RF,0.659,411.0,2.762674635907388
1406,RF,0.658,412.0,2.7584824133946304
2179,RF,0.658,412.0,2.7584824133946304
2466,RF,0.658,412.0,2.7584824133946304
431,RF,0.657,415.0,2.7542901908818727
1828,RF,0.657,415.0,2.7542901908818727
1431,RF,0.656,417.0,2.750097968369115
2163,RF,0.655,418.0,2.745905745856357
130,RF,0.653,419.0,2.7375213008308417
1919,RF,0.653,419.0,2.7375213008308417
2104,RF,0.653,419.0,2.7375213008308417
2157,RF,0.652,422.0,2.7333290783180835
2441,RF,0.652,422.0,2.7333290783180835
1126,RF,0.651,424.0,2.7291368558053257
1305,RF,0.651,424.0,2.7291368558053257
1585,RF,0.651,424.0,2.7291368558053257
557,RF,0.649,427.0,2.7207524107798102
914,RF,0.647,428.0,2.7123679657542947
630,RF,0.646,429.0,2.708175743241537
528,RF,0.645,430.0,2.7039835207287792
1412,RF,0.645,430.0,2.7039835207287792
1012,RF,0.644,432.0,2.6997912982160215
2442,RF,0.644,432.0,2.6997912982160215
2394,RF,0.643,434.0,2.6955990757032633
286,RF,0.642,435.0,2.6914068531905055
188,RF,0.641,436.0,2.687214630677748
694,RF,0.64,437.0,2.68302240816499
2667,RF,0.639,438.0,2.6788301856522323
1656,RF,0.638,439.0,2.6746379631394746
2380,RF,0.638,439.0,2.6746379631394746
1019,RF,0.635,441.0,2.662061295601201
1100,RF,0.635,441.0,2.662061295601201
1361,RF,0.635,441.0,2.662061295601201
1382,RF,0.635,441.0,2.662061295601201
1883,RF,0.635,441.0,2.662061295601201
2295,RF,0.635,441.0,2.662061295601201
177,RF,0.634,447.0,2.657869073088443
1670,RF,0.634,447.0,2.657869073088443
1716,RF,0.634,447.0,2.657869073088443
917,RF,0.633,450.0,2.6536768505756854
1167,RF,0.633,450.0,2.6536768505756854
2497,RF,0.633,450.0,2.6536768505756854
2727,RF,0.633,450.0,2.6536768505756854
486,RF,0.632,454.0,2.6494846280629276
488,RF,0.631,455.0,2.64529240555017
933,RF,0.63,456.0,2.641100183037412
1413,RF,0.63,456.0,2.641100183037412
1772,RF,0.629,458.0,2.6369079605246544
672,RF,0.628,459.0,2.6327157380118966
1044,RF,0.628,459.0,2.6327157380118966
2633,RF,0.628,459.0,2.6327157380118966
2012,RF,0.627,462.0,2.628523515499139
444,RF,0.626,463.0,2.6243312929863807
844,RF,0.626,463.0,2.6243312929863807
964,RF,0.626,463.0,2.6243312929863807
997,RF,0.626,463.0,2.6243312929863807
2022,RF,0.626,463.0,2.6243312929863807
588,RF,0.625,468.0,2.620139070473623
958,RF,0.625,468.0,2.620139070473623
2608,RF,0.625,468.0,2.620139070473623
1511,RF,0.623,471.0,2.6117546254481074
1385,RF,0.622,472.0,2.6075624029353497
708,RF,0.621,473.0,2.603370180422592
1739,RF,0.621,473.0,2.603370180422592
1872,RF,0.621,473.0,2.603370180422592
1995,RF,0.621,473.0,2.603370180422592
2776,RF,0.621,473.0,2.603370180422592
636,RF,0.62,478.0,2.599177957909834
697,RF,0.619,479.0,2.5949857353970764
978,RF,0.618,480.0,2.5907935128843183
1863,RF,0.618,480.0,2.5907935128843183
1940,RF,0.618,480.0,2.5907935128843183
74,RF,0.617,483.0,2.5866012903715605
160,RF,0.617,483.0,2.5866012903715605
1377,RF,0.617,483.0,2.5866012903715605
1702,RF,0.616,486.0,2.5824090678588028
1811,RF,0.616,486.0,2.5824090678588028
1943,RF,0.615,488.0,2.578216845346045
1958,RF,0.613,489.0,2.5698324003205295
2511,RF,0.613,489.0,2.5698324003205295
491,RF,0.612,491.0,2.5656401778077718
818,RF,0.612,491.0,2.5656401778077718
249,RF,0.61,493.0,2.5572557327822563
2020,RF,0.609,494.0,2.553063510269498
2323,RF,0.609,494.0,2.553063510269498
264,RF,0.608,496.0,2.5488712877567403
1513,RF,0.608,496.0,2.5488712877567403
1979,RF,0.608,496.0,2.5488712877567403
2338,RF,0.608,496.0,2.5488712877567403
507,RF,0.607,500.0,2.5446790652439826
511,RF,0.607,500.0,2.5446790652439826
546,RF,0.607,500.0,2.5446790652439826
2506,RF,0.607,500.0,2.5446790652439826
259,RF,0.606,504.0,2.540486842731225
823,RF,0.606,504.0,2.540486842731225
2005,RF,0.606,504.0,2.540486842731225
2430,RF,0.606,504.0,2.540486842731225
2030,RF,0.605,508.0,2.536294620218467
408,RF,0.604,509.0,2.5321023977057093
714,RF,0.603,510.0,2.5279101751929516
2191,RF,0.603,510.0,2.5279101751929516
425,RF,0.602,512.0,2.523717952680194
637,RF,0.602,512.0,2.523717952680194
815,RF,0.602,512.0,2.523717952680194
2452,RF,0.602,512.0,2.523717952680194
1543,RF,0.601,516.0,2.5195257301674356
1747,RF,0.601,516.0,2.5195257301674356
2436,RF,0.601,516.0,2.5195257301674356
1609,RF,0.599,519.0,2.51114128514192
2057,RF,0.599,519.0,2.51114128514192
2067,RF,0.599,519.0,2.51114128514192
306,RF,0.598,522.0,2.5069490626291624
1172,RF,0.598,522.0,2.5069490626291624
1669,RF,0.598,522.0,2.5069490626291624
1976,RF,0.598,522.0,2.5069490626291624
64,RF,0.597,526.0,2.5027568401164046
427,RF,0.597,526.0,2.5027568401164046
265,RF,0.596,528.0,2.498564617603647
655,RF,0.595,529.0,2.494372395090889
1853,RF,0.595,529.0,2.494372395090889
2444,RF,0.595,529.0,2.494372395090889
814,RF,0.594,532.0,2.4901801725781314
2367,RF,0.594,532.0,2.4901801725781314
567,RF,0.592,534.0,2.4817957275526155
1905,RF,0.59,535.0,2.4734112825271
2013,RF,0.59,535.0,2.4734112825271
2372,RF,0.589,537.0,2.469219060014342
2529,RF,0.589,537.0,2.469219060014342
164,RF,0.588,539.0,2.4650268375015845
2213,RF,0.588,539.0,2.4650268375015845
32,RF,0.587,541.0,2.4608346149888267
922,RF,0.587,541.0,2.4608346149888267
1649,RF,0.587,541.0,2.4608346149888267
1819,RF,0.587,541.0,2.4608346149888267
1826,RF,0.586,545.0,2.456642392476069
2475,RF,0.586,545.0,2.456642392476069
324,RF,0.585,547.0,2.452450169963311
1427,RF,0.585,547.0,2.452450169963311
2151,RF,0.585,547.0,2.452450169963311
282,RF,0.584,550.0,2.448257947450553
1510,RF,0.584,550.0,2.448257947450553
403,RF,0.583,552.0,2.4440657249377953
1248,RF,0.583,552.0,2.4440657249377953
1953,RF,0.583,552.0,2.4440657249377953
668,RF,0.582,555.0,2.4398735024250375
2540,RF,0.582,555.0,2.4398735024250375
153,RF,0.581,557.0,2.43568127991228
1171,RF,0.581,557.0,2.43568127991228
1469,RF,0.581,557.0,2.43568127991228
2515,RF,0.581,557.0,2.43568127991228
2736,RF,0.581,557.0,2.43568127991228
1499,RF,0.58,562.0,2.431489057399522
995,RF,0.578,563.0,2.4231046123740065
1428,RF,0.578,563.0,2.4231046123740065
230,RF,0.577,565.0,2.418912389861249
2160,RF,0.577,565.0,2.418912389861249
414,RF,0.576,567.0,2.414720167348491
1277,RF,0.576,567.0,2.414720167348491
1933,RF,0.576,567.0,2.414720167348491
1682,RF,0.575,570.0,2.410527944835733
1912,RF,0.575,570.0,2.410527944835733
365,RF,0.574,572.0,2.406335722322975
2090,RF,0.574,572.0,2.406335722322975
1304,RF,0.573,574.0,2.4021434998102174
1500,RF,0.573,574.0,2.4021434998102174
2651,RF,0.573,574.0,2.4021434998102174
340,RF,0.572,577.0,2.3979512772974596
2114,RF,0.572,577.0,2.3979512772974596
1226,RF,0.571,579.0,2.393759054784702
2252,RF,0.57,580.0,2.389566832271944
2576,RF,0.57,580.0,2.389566832271944
1404,RF,0.569,582.0,2.3853746097591864
1688,RF,0.569,582.0,2.3853746097591864
1920,RF,0.569,582.0,2.3853746097591864
1960,RF,0.569,582.0,2.3853746097591864
2315,RF,0.569,582.0,2.3853746097591864
2210,RF,0.568,587.0,2.3811823872464286
260,RF,0.567,588.0,2.3769901647336704
1135,RF,0.567,588.0,2.3769901647336704
1715,RF,0.567,588.0,2.3769901647336704
222,RF,0.566,591.0,2.3727979422209127
482,RF,0.566,591.0,2.3727979422209127
548,RF,0.566,591.0,2.3727979422209127
2746,RF,0.566,591.0,2.3727979422209127
2756,RF,0.566,591.0,2.3727979422209127
1151,RF,0.565,596.0,2.368605719708155
1861,RF,0.565,596.0,2.368605719708155
1267,RF,0.564,598.0,2.364413497195397
950,RF,0.563,599.0,2.3602212746826394
350,RF,0.562,600.0,2.356029052169882
861,RF,0.562,600.0,2.356029052169882
2293,RF,0.562,600.0,2.356029052169882
735,RF,0.561,603.0,2.3518368296571244
2234,RF,0.561,603.0,2.3518368296571244
698,RF,0.56,605.0,2.3476446071443666
743,RF,0.56,605.0,2.3476446071443666
1534,RF,0.56,605.0,2.3476446071443666
2073,RF,0.56,605.0,2.3476446071443666
2719,RF,0.56,605.0,2.3476446071443666
2044,RF,0.559,610.0,2.343452384631609
2450,RF,0.559,610.0,2.343452384631609
483,RF,0.558,612.0,2.3392601621188507
2106,RF,0.558,612.0,2.3392601621188507
2361,RF,0.558,612.0,2.3392601621188507
104,RF,0.557,615.0,2.335067939606093
1349,RF,0.556,616.0,2.330875717093335
176,RF,0.555,617.0,2.3266834945805774
349,RF,0.555,617.0,2.3266834945805774
1443,RF,0.555,617.0,2.3266834945805774
1892,RF,0.555,617.0,2.3266834945805774
2119,RF,0.555,617.0,2.3266834945805774
2716,RF,0.554,622.0,2.3224912720678197
1935,RF,0.553,623.0,2.318299049555062
2531,RF,0.553,623.0,2.318299049555062
277,RF,0.552,625.0,2.314106827042304
339,RF,0.552,625.0,2.314106827042304
776,RF,0.552,625.0,2.314106827042304
2547,RF,0.552,625.0,2.314106827042304
1893,RF,0.551,629.0,2.3099146045295464
2390,RF,0.551,629.0,2.3099146045295464
2684,RF,0.551,629.0,2.3099146045295464
15,RF,0.55,632.0,2.3057223820167887
2122,RF,0.55,632.0,2.3057223820167887
2140,RF,0.55,632.0,2.3057223820167887
2384,RF,0.55,632.0,2.3057223820167887
2401,RF,0.55,632.0,2.3057223820167887
2649,RF,0.55,632.0,2.3057223820167887
2752,RF,0.55,632.0,2.3057223820167887
862,RF,0.549,639.0,2.3015301595040305
2103,RF,0.549,639.0,2.3015301595040305
127,RF,0.548,641.0,2.2973379369912728
418,RF,0.548,641.0,2.2973379369912728
845,RF,0.548,641.0,2.2973379369912728
2001,RF,0.548,641.0,2.2973379369912728
61,RF,0.547,645.0,2.293145714478515
151,RF,0.547,645.0,2.293145714478515
173,RF,0.547,645.0,2.293145714478515
196,RF,0.547,645.0,2.293145714478515
373,RF,0.547,645.0,2.293145714478515
471,RF,0.547,645.0,2.293145714478515
253,RF,0.546,651.0,2.2889534919657573
1190,RF,0.546,651.0,2.2889534919657573
1263,RF,0.546,651.0,2.2889534919657573
2074,RF,0.546,651.0,2.2889534919657573
2264,RF,0.546,651.0,2.2889534919657573
2026,RF,0.545,656.0,2.2847612694529995
2334,RF,0.545,656.0,2.2847612694529995
60,RF,0.544,658.0,2.2805690469402418
303,RF,0.544,658.0,2.2805690469402418
400,RF,0.544,658.0,2.2805690469402418
1776,RF,0.544,658.0,2.2805690469402418
2561,RF,0.543,662.0,2.276376824427484
849,RF,0.542,663.0,2.2721846019147263
1768,RF,0.542,663.0,2.2721846019147263
2254,RF,0.542,663.0,2.2721846019147263
382,RF,0.541,666.0,2.267992379401968
1353,RF,0.541,666.0,2.267992379401968
1604,RF,0.541,666.0,2.267992379401968
376,RF,0.54,669.0,2.2638001568892103
1363,RF,0.539,670.0,2.2596079343764526
2332,RF,0.539,670.0,2.2596079343764526
2327,RF,0.538,672.0,2.255415711863695
2766,RF,0.538,672.0,2.255415711863695
890,RF,0.537,674.0,2.251223489350937
976,RF,0.537,674.0,2.251223489350937
1415,RF,0.536,676.0,2.2470312668381793
1873,RF,0.536,676.0,2.2470312668381793
1923,RF,0.536,676.0,2.2470312668381793
2598,RF,0.536,676.0,2.2470312668381793
2665,RF,0.536,676.0,2.2470312668381793
2770,RF,0.536,676.0,2.2470312668381793
438,RF,0.535,682.0,2.2428390443254216
1183,RF,0.534,683.0,2.238646821812664
1199,RF,0.534,683.0,2.238646821812664
1558,RF,0.534,683.0,2.238646821812664
2759,RF,0.534,683.0,2.238646821812664
638,RF,0.533,687.0,2.234454599299906
1524,RF,0.533,687.0,2.234454599299906
122,RF,0.532,689.0,2.230262376787148
312,RF,0.532,689.0,2.230262376787148
4,RF,0.531,691.0,2.22607015427439
55,RF,0.531,691.0,2.22607015427439
967,RF,0.531,691.0,2.22607015427439
1343,RF,0.531,691.0,2.22607015427439
97,RF,0.53,695.0,2.2218779317616324
837,RF,0.53,695.0,2.2218779317616324
860,RF,0.53,695.0,2.2218779317616324
1711,RF,0.53,695.0,2.2218779317616324
392,RF,0.529,699.0,2.2176857092488746
2762,RF,0.529,699.0,2.2176857092488746
602,RF,0.528,701.0,2.213493486736117
623,RF,0.528,701.0,2.213493486736117
799,RF,0.528,701.0,2.213493486736117
1966,RF,0.528,701.0,2.213493486736117
2175,RF,0.528,701.0,2.213493486736117
17,RF,0.527,706.0,2.209301264223359
1551,RF,0.527,706.0,2.209301264223359
1565,RF,0.527,706.0,2.209301264223359
1807,RF,0.527,706.0,2.209301264223359
1978,RF,0.527,706.0,2.209301264223359
2622,RF,0.527,706.0,2.209301264223359
556,RF,0.526,712.0,2.2051090417106014
1018,RF,0.526,712.0,2.2051090417106014
1285,RF,0.525,714.0,2.2009168191978437
1400,RF,0.525,714.0,2.2009168191978437
2220,RF,0.525,714.0,2.2009168191978437
2717,RF,0.525,714.0,2.2009168191978437
464,RF,0.524,718.0,2.1967245966850855
795,RF,0.524,718.0,2.1967245966850855
1144,RF,0.524,718.0,2.1967245966850855
1311,RF,0.524,718.0,2.1967245966850855
1347,RF,0.524,718.0,2.1967245966850855
1526,RF,0.524,718.0,2.1967245966850855
1942,RF,0.524,718.0,2.1967245966850855
2034,RF,0.524,718.0,2.1967245966850855
920,RF,0.523,726.0,2.1925323741723277
1142,RF,0.523,726.0,2.1925323741723277
1606,RF,0.523,726.0,2.1925323741723277
99,RF,0.522,729.0,2.18834015165957
1956,RF,0.522,729.0,2.18834015165957
2238,RF,0.522,729.0,2.18834015165957
2630,RF,0.522,729.0,2.18834015165957
1041,RF,0.521,733.0,2.184147929146812
1680,RF,0.521,733.0,2.184147929146812
1890,RF,0.521,733.0,2.184147929146812
1450,RF,0.52,736.0,2.1799557066340545
1610,RF,0.52,736.0,2.1799557066340545
2474,RF,0.52,736.0,2.1799557066340545
988,RF,0.519,739.0,2.1757634841212967
41,RF,0.518,740.0,2.171571261608539
189,RF,0.518,740.0,2.171571261608539
1106,RF,0.518,740.0,2.171571261608539
1189,RF,0.518,740.0,2.171571261608539
1875,RF,0.518,740.0,2.171571261608539
2351,RF,0.518,740.0,2.171571261608539
2703,RF,0.518,740.0,2.171571261608539
654,RF,0.517,747.0,2.1673790390957812
1017,RF,0.517,747.0,2.1673790390957812
1544,RF,0.517,747.0,2.1673790390957812
1672,RF,0.517,747.0,2.1673790390957812
1913,RF,0.517,747.0,2.1673790390957812
769,RF,0.516,752.0,2.1631868165830235
1270,RF,0.516,752.0,2.1631868165830235
1522,RF,0.516,752.0,2.1631868165830235
2571,RF,0.516,752.0,2.1631868165830235
2758,RF,0.516,752.0,2.1631868165830235
891,RF,0.515,757.0,2.1589945940702653
909,RF,0.515,757.0,2.1589945940702653
1125,RF,0.515,757.0,2.1589945940702653
1999,RF,0.515,757.0,2.1589945940702653
2132,RF,0.515,757.0,2.1589945940702653
2723,RF,0.515,757.0,2.1589945940702653
141,RF,0.514,763.0,2.1548023715575075
204,RF,0.514,763.0,2.1548023715575075
428,RF,0.514,763.0,2.1548023715575075
1166,RF,0.514,763.0,2.1548023715575075
1937,RF,0.514,763.0,2.1548023715575075
2080,RF,0.514,763.0,2.1548023715575075
7,RF,0.513,769.0,2.15061014904475
45,RF,0.513,769.0,2.15061014904475
452,RF,0.513,769.0,2.15061014904475
559,RF,0.513,769.0,2.15061014904475
1546,RF,0.513,769.0,2.15061014904475
1579,RF,0.513,769.0,2.15061014904475
2055,RF,0.513,769.0,2.15061014904475
2065,RF,0.513,769.0,2.15061014904475
1214,RF,0.512,777.0,2.146417926531992
1445,RF,0.512,777.0,2.146417926531992
1686,RF,0.512,777.0,2.146417926531992
2568,RF,0.512,777.0,2.146417926531992
2722,RF,0.512,777.0,2.146417926531992
90,RF,0.51,782.0,2.1380334815064765
803,RF,0.509,783.0,2.133841258993719
1830,RF,0.509,783.0,2.133841258993719
2294,RF,0.509,783.0,2.133841258993719
886,RF,0.508,786.0,2.129649036480961
2250,RF,0.508,786.0,2.129649036480961
2437,RF,0.508,786.0,2.129649036480961
755,RF,0.507,789.0,2.125456813968203
853,RF,0.507,789.0,2.125456813968203
1200,RF,0.507,789.0,2.125456813968203
1802,RF,0.507,789.0,2.125456813968203
2415,RF,0.507,789.0,2.125456813968203
2522,RF,0.507,789.0,2.125456813968203
34,RF,0.506,795.0,2.121264591455445
308,RF,0.506,795.0,2.121264591455445
352,RF,0.506,795.0,2.121264591455445
918,RF,0.506,795.0,2.121264591455445
1240,RF,0.506,795.0,2.121264591455445
1394,RF,0.506,795.0,2.121264591455445
1775,RF,0.506,795.0,2.121264591455445
1829,RF,0.506,795.0,2.121264591455445
1930,RF,0.506,795.0,2.121264591455445
613,RF,0.505,804.0,2.1170723689426874
2211,RF,0.505,804.0,2.1170723689426874
506,RF,0.504,806.0,2.1128801464299296
961,RF,0.504,806.0,2.1128801464299296
1078,RF,0.504,806.0,2.1128801464299296
1155,RF,0.504,806.0,2.1128801464299296
1700,RF,0.504,806.0,2.1128801464299296
2739,RF,0.504,806.0,2.1128801464299296
547,RF,0.503,812.0,2.108687923917172
1081,RF,0.503,812.0,2.108687923917172
1108,RF,0.503,812.0,2.108687923917172
1258,RF,0.503,812.0,2.108687923917172
1480,RF,0.503,812.0,2.108687923917172
1733,RF,0.503,812.0,2.108687923917172
2128,RF,0.503,812.0,2.108687923917172
2562,RF,0.503,812.0,2.108687923917172
943,RF,0.502,820.0,2.104495701404414
1627,RF,0.502,820.0,2.104495701404414
2099,RF,0.501,822.0,2.1003034788916564
2241,RF,0.501,822.0,2.1003034788916564
367,RF,0.499,824.0,2.091919033866141
730,RF,0.499,824.0,2.091919033866141
1780,RF,0.499,824.0,2.091919033866141
1989,RF,0.499,824.0,2.091919033866141
437,RF,0.498,828.0,2.0877268113533827
705,RF,0.498,828.0,2.0877268113533827
1390,RF,0.498,828.0,2.0877268113533827
2302,RF,0.498,828.0,2.0877268113533827
250,RF,0.497,832.0,2.083534588840625
624,RF,0.497,832.0,2.083534588840625
1939,RF,0.497,832.0,2.083534588840625
2053,RF,0.497,832.0,2.083534588840625
2662,RF,0.497,832.0,2.083534588840625
236,RF,0.496,837.0,2.079342366327867
270,RF,0.496,837.0,2.079342366327867
348,RF,0.496,837.0,2.079342366327867
478,RF,0.496,837.0,2.079342366327867
821,RF,0.496,837.0,2.079342366327867
1112,RF,0.496,837.0,2.079342366327867
1268,RF,0.496,837.0,2.079342366327867
1986,RF,0.496,837.0,2.079342366327867
1109,RF,0.495,845.0,2.0751501438151094
1246,RF,0.495,845.0,2.0751501438151094
2269,RF,0.495,845.0,2.0751501438151094
935,RF,0.494,848.0,2.0709579213023517
1408,RF,0.494,848.0,2.0709579213023517
1793,RF,0.494,848.0,2.0709579213023517
1796,RF,0.494,848.0,2.0709579213023517
1952,RF,0.494,848.0,2.0709579213023517
1955,RF,0.494,848.0,2.0709579213023517
2537,RF,0.494,848.0,2.0709579213023517
713,RF,0.493,855.0,2.066765698789594
1224,RF,0.493,855.0,2.066765698789594
2710,RF,0.493,855.0,2.066765698789594
898,RF,0.492,858.0,2.062573476276836
1279,RF,0.492,858.0,2.062573476276836
1575,RF,0.492,858.0,2.062573476276836
2078,RF,0.491,861.0,2.0583812537640784
2660,RF,0.491,861.0,2.0583812537640784
389,RF,0.49,863.0,2.0541890312513202
1119,RF,0.49,863.0,2.0541890312513202
1877,RF,0.49,863.0,2.0541890312513202
1302,RF,0.489,866.0,2.0499968087385625
1460,RF,0.489,866.0,2.0499968087385625
1489,RF,0.489,866.0,2.0499968087385625
865,RF,0.488,869.0,2.0458045862258047
973,RF,0.488,869.0,2.0458045862258047
986,RF,0.488,869.0,2.0458045862258047
1073,RF,0.488,869.0,2.0458045862258047
2278,RF,0.488,869.0,2.0458045862258047
2471,RF,0.488,869.0,2.0458045862258047
1472,RF,0.487,875.0,2.041612363713047
1662,RF,0.487,875.0,2.041612363713047
1818,RF,0.487,875.0,2.041612363713047
2346,RF,0.487,875.0,2.041612363713047
2391,RF,0.487,875.0,2.041612363713047
219,RF,0.486,880.0,2.0374201412002892
706,RF,0.486,880.0,2.0374201412002892
846,RF,0.486,880.0,2.0374201412002892
1699,RF,0.486,880.0,2.0374201412002892
2108,RF,0.486,880.0,2.0374201412002892
2333,RF,0.486,880.0,2.0374201412002892
174,RF,0.485,886.0,2.0332279186875315
2247,RF,0.485,886.0,2.0332279186875315
137,RF,0.484,888.0,2.0290356961747738
362,RF,0.484,888.0,2.0290356961747738
1728,RF,0.484,888.0,2.0290356961747738
2218,RF,0.484,888.0,2.0290356961747738
409,RF,0.483,892.0,2.024843473662016
523,RF,0.483,892.0,2.024843473662016
583,RF,0.483,892.0,2.024843473662016
794,RF,0.483,892.0,2.024843473662016
2079,RF,0.483,892.0,2.024843473662016
2038,RF,0.482,897.0,2.0206512511492583
2091,RF,0.482,897.0,2.0206512511492583
2251,RF,0.482,897.0,2.0206512511492583
2679,RF,0.482,897.0,2.0206512511492583
205,RF,0.481,901.0,2.0164590286365
516,RF,0.481,901.0,2.0164590286365
1328,RF,0.481,901.0,2.0164590286365
1583,RF,0.481,901.0,2.0164590286365
1806,RF,0.481,901.0,2.0164590286365
2237,RF,0.48,906.0,2.0122668061237423
2698,RF,0.48,906.0,2.0122668061237423
1295,RF,0.479,908.0,2.0080745836109846
1969,RF,0.479,908.0,2.0080745836109846
496,RF,0.478,910.0,2.003882361098227
746,RF,0.478,910.0,2.003882361098227
806,RF,0.478,910.0,2.003882361098227
937,RF,0.478,910.0,2.003882361098227
1005,RF,0.478,910.0,2.003882361098227
1281,RF,0.478,910.0,2.003882361098227
2708,RF,0.477,916.0,1.999690138585469
2737,RF,0.477,916.0,1.999690138585469
10,RF,0.475,918.0,1.9913056935599533
883,RF,0.475,918.0,1.9913056935599533
1971,RF,0.475,918.0,1.9913056935599533
2168,RF,0.475,918.0,1.9913056935599533
379,RF,0.474,922.0,1.9871134710471956
451,RF,0.474,922.0,1.9871134710471956
633,RF,0.474,922.0,1.9871134710471956
674,RF,0.474,922.0,1.9871134710471956
2551,RF,0.474,922.0,1.9871134710471956
901,RF,0.473,927.0,1.9829212485344379
1629,RF,0.473,927.0,1.9829212485344379
566,RF,0.472,929.0,1.97872902602168
1194,RF,0.472,929.0,1.97872902602168
2594,RF,0.472,929.0,1.97872902602168
18,RF,0.471,932.0,1.9745368035089221
321,RF,0.471,932.0,1.9745368035089221
1314,RF,0.471,932.0,1.9745368035089221
1418,RF,0.471,932.0,1.9745368035089221
162,RF,0.47,936.0,1.9703445809961644
288,RF,0.47,936.0,1.9703445809961644
679,RF,0.47,936.0,1.9703445809961644
763,RF,0.47,936.0,1.9703445809961644
772,RF,0.47,936.0,1.9703445809961644
1397,RF,0.47,936.0,1.9703445809961644
1871,RF,0.47,936.0,1.9703445809961644
157,RF,0.469,943.0,1.9661523584834066
739,RF,0.469,943.0,1.9661523584834066
2480,RF,0.469,943.0,1.9661523584834066
2657,RF,0.469,943.0,1.9661523584834066
225,RF,0.468,947.0,1.961960135970649
676,RF,0.468,947.0,1.961960135970649
1566,RF,0.468,947.0,1.961960135970649
2043,RF,0.468,947.0,1.961960135970649
2135,RF,0.468,947.0,1.961960135970649
2453,RF,0.468,947.0,1.961960135970649
125,RF,0.466,953.0,1.9535756909451334
1323,RF,0.466,953.0,1.9535756909451334
1473,RF,0.466,953.0,1.9535756909451334
2462,RF,0.466,953.0,1.9535756909451334
2658,RF,0.466,953.0,1.9535756909451334
450,RF,0.465,958.0,1.9493834684323756
640,RF,0.465,958.0,1.9493834684323756
1616,RF,0.465,958.0,1.9493834684323756
1849,RF,0.465,958.0,1.9493834684323756
202,RF,0.464,962.0,1.945191245919618
266,RF,0.464,962.0,1.945191245919618
333,RF,0.464,962.0,1.945191245919618
335,RF,0.464,962.0,1.945191245919618
913,RF,0.464,962.0,1.945191245919618
1643,RF,0.464,962.0,1.945191245919618
2014,RF,0.464,962.0,1.945191245919618
2195,RF,0.464,962.0,1.945191245919618
2760,RF,0.464,962.0,1.945191245919618
625,RF,0.463,971.0,1.9409990234068601
1545,RF,0.463,971.0,1.9409990234068601
1562,RF,0.463,971.0,1.9409990234068601
1998,RF,0.463,971.0,1.9409990234068601
2514,RF,0.463,971.0,1.9409990234068601
70,RF,0.462,976.0,1.9368068008941022
1007,RF,0.462,976.0,1.9368068008941022
23,RF,0.461,978.0,1.9326145783813444
741,RF,0.461,978.0,1.9326145783813444
1261,RF,0.461,978.0,1.9326145783813444
1417,RF,0.461,978.0,1.9326145783813444
2144,RF,0.461,978.0,1.9326145783813444
2405,RF,0.461,978.0,1.9326145783813444
832,RF,0.46,984.0,1.9284223558685867
1651,RF,0.46,984.0,1.9284223558685867
2699,RF,0.46,984.0,1.9284223558685867
1380,RF,0.459,987.0,1.924230133355829
1491,RF,0.459,987.0,1.924230133355829
2245,RF,0.459,987.0,1.924230133355829
2489,RF,0.459,987.0,1.924230133355829
1001,RF,0.458,991.0,1.920037910843071
1494,RF,0.458,991.0,1.920037910843071
1554,RF,0.458,991.0,1.920037910843071
2403,RF,0.458,991.0,1.920037910843071
2634,RF,0.458,991.0,1.920037910843071
46,RF,0.457,996.0,1.9158456883303132
562,RF,0.457,996.0,1.9158456883303132
1514,RF,0.457,996.0,1.9158456883303132
1846,RF,0.456,999.0,1.9116534658175555
1021,RF,0.455,1000.0,1.9074612433047977
1591,RF,0.455,1000.0,1.9074612433047977
1691,RF,0.455,1000.0,1.9074612433047977
126,RF,0.454,1003.0,1.9032690207920397
962,RF,0.454,1003.0,1.9032690207920397
357,RF,0.453,1005.0,1.899076798279282
455,RF,0.453,1005.0,1.899076798279282
876,RF,0.453,1005.0,1.899076798279282
1008,RF,0.453,1005.0,1.899076798279282
2298,RF,0.453,1005.0,1.899076798279282
343,RF,0.452,1010.0,1.8948845757665242
805,RF,0.452,1010.0,1.8948845757665242
1203,RF,0.452,1010.0,1.8948845757665242
1891,RF,0.452,1010.0,1.8948845757665242
2388,RF,0.452,1010.0,1.8948845757665242
1004,RF,0.451,1015.0,1.8906923532537665
1014,RF,0.451,1015.0,1.8906923532537665
1584,RF,0.451,1015.0,1.8906923532537665
1648,RF,0.451,1015.0,1.8906923532537665
1789,RF,0.451,1015.0,1.8906923532537665
2491,RF,0.451,1015.0,1.8906923532537665
101,RF,0.45,1021.0,1.8865001307410088
168,RF,0.45,1021.0,1.8865001307410088
718,RF,0.45,1021.0,1.8865001307410088
827,RF,0.45,1021.0,1.8865001307410088
1163,RF,0.45,1021.0,1.8865001307410088
1929,RF,0.45,1021.0,1.8865001307410088
2233,RF,0.45,1021.0,1.8865001307410088
98,RF,0.449,1028.0,1.8823079082282508
337,RF,0.449,1028.0,1.8823079082282508
364,RF,0.449,1028.0,1.8823079082282508
811,RF,0.449,1028.0,1.8823079082282508
1128,RF,0.449,1028.0,1.8823079082282508
1993,RF,0.449,1028.0,1.8823079082282508
2025,RF,0.449,1028.0,1.8823079082282508
199,RF,0.448,1035.0,1.878115685715493
404,RF,0.448,1035.0,1.878115685715493
441,RF,0.448,1035.0,1.878115685715493
1275,RF,0.448,1035.0,1.878115685715493
1440,RF,0.448,1035.0,1.878115685715493
1736,RF,0.448,1035.0,1.878115685715493
391,RF,0.447,1041.0,1.8739234632027353
2321,RF,0.447,1041.0,1.8739234632027353
2330,RF,0.447,1041.0,1.8739234632027353
2354,RF,0.447,1041.0,1.8739234632027353
2714,RF,0.447,1041.0,1.8739234632027353
316,RF,0.446,1046.0,1.8697312406899775
445,RF,0.446,1046.0,1.8697312406899775
568,RF,0.446,1046.0,1.8697312406899775
851,RF,0.446,1046.0,1.8697312406899775
888,RF,0.446,1046.0,1.8697312406899775
1045,RF,0.446,1046.0,1.8697312406899775
1254,RF,0.445,1052.0,1.8655390181772196
1685,RF,0.445,1052.0,1.8655390181772196
9,RF,0.444,1054.0,1.8613467956644618
442,RF,0.444,1054.0,1.8613467956644618
1238,RF,0.444,1054.0,1.8613467956644618
1835,RF,0.444,1054.0,1.8613467956644618
1965,RF,0.444,1054.0,1.8613467956644618
2045,RF,0.444,1054.0,1.8613467956644618
2381,RF,0.444,1054.0,1.8613467956644618
2393,RF,0.444,1054.0,1.8613467956644618
394,RF,0.443,1062.0,1.857154573151704
469,RF,0.443,1062.0,1.857154573151704
1269,RF,0.443,1062.0,1.857154573151704
1803,RF,0.443,1062.0,1.857154573151704
2039,RF,0.443,1062.0,1.857154573151704
1674,RF,0.442,1067.0,1.8529623506389463
2488,RF,0.442,1067.0,1.8529623506389463
1120,RF,0.441,1069.0,1.8487701281261884
1141,RF,0.441,1069.0,1.8487701281261884
1337,RF,0.441,1069.0,1.8487701281261884
1659,RF,0.441,1069.0,1.8487701281261884
2203,RF,0.441,1069.0,1.8487701281261884
2616,RF,0.441,1069.0,1.8487701281261884
353,RF,0.44,1075.0,1.8445779056134306
366,RF,0.44,1075.0,1.8445779056134306
809,RF,0.44,1075.0,1.8445779056134306
897,RF,0.44,1075.0,1.8445779056134306
1391,RF,0.44,1075.0,1.8445779056134306
413,RF,0.439,1080.0,1.8403856831006729
426,RF,0.439,1080.0,1.8403856831006729
582,RF,0.439,1080.0,1.8403856831006729
1359,RF,0.439,1080.0,1.8403856831006729
37,RF,0.438,1084.0,1.836193460587915
1124,RF,0.438,1084.0,1.836193460587915
2695,RF,0.438,1084.0,1.836193460587915
314,RF,0.437,1087.0,1.8320012380751571
1706,RF,0.436,1088.0,1.8278090155623994
1665,RF,0.435,1089.0,1.8236167930496416
1787,RF,0.435,1089.0,1.8236167930496416
2153,RF,0.435,1089.0,1.8236167930496416
2242,RF,0.435,1089.0,1.8236167930496416
2646,RF,0.435,1089.0,1.8236167930496416
2774,RF,0.435,1089.0,1.8236167930496416
1152,RF,0.434,1095.0,1.819424570536884
1570,RF,0.434,1095.0,1.819424570536884
2100,RF,0.434,1095.0,1.819424570536884
2745,RF,0.434,1095.0,1.819424570536884
319,RF,0.433,1099.0,1.8152323480241261
345,RF,0.433,1099.0,1.8152323480241261
505,RF,0.433,1099.0,1.8152323480241261
822,RF,0.433,1099.0,1.8152323480241261
1660,RF,0.433,1099.0,1.8152323480241261
2115,RF,0.433,1099.0,1.8152323480241261
2257,RF,0.433,1099.0,1.8152323480241261
2291,RF,0.433,1099.0,1.8152323480241261
29,RF,0.432,1107.0,1.8110401255113682
211,RF,0.432,1107.0,1.8110401255113682
272,RF,0.432,1107.0,1.8110401255113682
544,RF,0.432,1107.0,1.8110401255113682
573,RF,0.432,1107.0,1.8110401255113682
954,RF,0.432,1107.0,1.8110401255113682
1334,RF,0.432,1107.0,1.8110401255113682
1341,RF,0.432,1107.0,1.8110401255113682
1492,RF,0.432,1107.0,1.8110401255113682
1782,RF,0.432,1107.0,1.8110401255113682
1852,RF,0.432,1107.0,1.8110401255113682
2087,RF,0.432,1107.0,1.8110401255113682
2435,RF,0.432,1107.0,1.8110401255113682
2543,RF,0.432,1107.0,1.8110401255113682
2639,RF,0.432,1107.0,1.8110401255113682
2725,RF,0.432,1107.0,1.8110401255113682
184,RF,0.431,1123.0,1.8068479029986104
443,RF,0.431,1123.0,1.8068479029986104
1342,RF,0.431,1123.0,1.8068479029986104
256,RF,0.43,1126.0,1.8026556804858527
782,RF,0.43,1126.0,1.8026556804858527
1023,RF,0.43,1126.0,1.8026556804858527
1046,RF,0.43,1126.0,1.8026556804858527
2702,RF,0.43,1126.0,1.8026556804858527
65,RF,0.429,1131.0,1.798463457973095
671,RF,0.429,1131.0,1.798463457973095
762,RF,0.429,1131.0,1.798463457973095
857,RF,0.429,1131.0,1.798463457973095
2201,RF,0.429,1131.0,1.798463457973095
257,RF,0.428,1136.0,1.794271235460337
867,RF,0.428,1136.0,1.794271235460337
1056,RF,0.428,1136.0,1.794271235460337
1111,RF,0.428,1136.0,1.794271235460337
1468,RF,0.428,1136.0,1.794271235460337
2337,RF,0.428,1136.0,1.794271235460337
835,RF,0.427,1142.0,1.7900790129475792
1389,RF,0.427,1142.0,1.7900790129475792
1447,RF,0.427,1142.0,1.7900790129475792
1949,RF,0.427,1142.0,1.7900790129475792
2216,RF,0.427,1142.0,1.7900790129475792
530,RF,0.426,1147.0,1.7858867904348215
1069,RF,0.426,1147.0,1.7858867904348215
1344,RF,0.426,1147.0,1.7858867904348215
1442,RF,0.426,1147.0,1.7858867904348215
1582,RF,0.426,1147.0,1.7858867904348215
1657,RF,0.426,1147.0,1.7858867904348215
1938,RF,0.426,1147.0,1.7858867904348215
2021,RF,0.426,1147.0,1.7858867904348215
659,RF,0.425,1155.0,1.7816945679220637
1888,RF,0.425,1155.0,1.7816945679220637
2246,RF,0.425,1155.0,1.7816945679220637
2431,RF,0.425,1155.0,1.7816945679220637
564,RF,0.424,1159.0,1.7775023454093057
666,RF,0.423,1160.0,1.773310122896548
800,RF,0.423,1160.0,1.773310122896548
124,RF,0.422,1162.0,1.7691179003837902
251,RF,0.422,1162.0,1.7691179003837902
502,RF,0.422,1162.0,1.7691179003837902
734,RF,0.422,1162.0,1.7691179003837902
1845,RF,0.422,1162.0,1.7691179003837902
812,RF,0.421,1167.0,1.7649256778710325
1098,RF,0.421,1167.0,1.7649256778710325
1451,RF,0.421,1167.0,1.7649256778710325
1762,RF,0.421,1167.0,1.7649256778710325
246,RF,0.42,1171.0,1.7607334553582745
494,RF,0.42,1171.0,1.7607334553582745
1569,RF,0.42,1171.0,1.7607334553582745
2102,RF,0.42,1171.0,1.7607334553582745
966,RF,0.419,1175.0,1.7565412328455168
1977,RF,0.419,1175.0,1.7565412328455168
2137,RF,0.419,1175.0,1.7565412328455168
2412,RF,0.419,1175.0,1.7565412328455168
514,RF,0.418,1179.0,1.752349010332759
1182,RF,0.418,1179.0,1.752349010332759
2116,RF,0.418,1179.0,1.752349010332759
2205,RF,0.418,1179.0,1.752349010332759
2222,RF,0.418,1179.0,1.752349010332759
745,RF,0.417,1184.0,1.7481567878200013
765,RF,0.417,1184.0,1.7481567878200013
893,RF,0.417,1184.0,1.7481567878200013
1448,RF,0.417,1184.0,1.7481567878200013
1574,RF,0.417,1184.0,1.7481567878200013
1860,RF,0.417,1184.0,1.7481567878200013
2528,RF,0.417,1184.0,1.7481567878200013
1783,RF,0.416,1191.0,1.7439645653072435
1982,RF,0.416,1191.0,1.7439645653072435
2496,RF,0.416,1191.0,1.7439645653072435
2627,RF,0.416,1191.0,1.7439645653072435
2676,RF,0.416,1191.0,1.7439645653072435
228,RF,0.415,1196.0,1.7397723427944856
459,RF,0.415,1196.0,1.7397723427944856
497,RF,0.415,1196.0,1.7397723427944856
1730,RF,0.415,1196.0,1.7397723427944856
2410,RF,0.415,1196.0,1.7397723427944856
2769,RF,0.415,1196.0,1.7397723427944856
1540,RF,0.414,1202.0,1.7355801202817278
1650,RF,0.414,1202.0,1.7355801202817278
1719,RF,0.414,1202.0,1.7355801202817278
2635,RF,0.414,1202.0,1.7355801202817278
338,RF,0.413,1206.0,1.73138789776897
481,RF,0.413,1206.0,1.73138789776897
1900,RF,0.413,1206.0,1.73138789776897
2148,RF,0.413,1206.0,1.73138789776897
2690,RF,0.413,1206.0,1.73138789776897
263,RF,0.412,1211.0,1.7271956752562123
719,RF,0.412,1211.0,1.7271956752562123
905,RF,0.412,1211.0,1.7271956752562123
1070,RF,0.412,1211.0,1.7271956752562123
1645,RF,0.412,1211.0,1.7271956752562123
1959,RF,0.412,1211.0,1.7271956752562123
2539,RF,0.412,1211.0,1.7271956752562123
298,RF,0.411,1218.0,1.7230034527434543
433,RF,0.411,1218.0,1.7230034527434543
609,RF,0.411,1218.0,1.7230034527434543
710,RF,0.411,1218.0,1.7230034527434543
1594,RF,0.411,1218.0,1.7230034527434543
2386,RF,0.411,1218.0,1.7230034527434543
2481,RF,0.411,1218.0,1.7230034527434543
2530,RF,0.411,1218.0,1.7230034527434543
2618,RF,0.411,1218.0,1.7230034527434543
2755,RF,0.411,1218.0,1.7230034527434543
22,RF,0.41,1228.0,1.7188112302306966
454,RF,0.41,1228.0,1.7188112302306966
598,RF,0.41,1228.0,1.7188112302306966
721,RF,0.41,1228.0,1.7188112302306966
1229,RF,0.41,1228.0,1.7188112302306966
1721,RF,0.41,1228.0,1.7188112302306966
519,RF,0.409,1234.0,1.7146190077179388
2326,RF,0.409,1234.0,1.7146190077179388
62,RF,0.408,1236.0,1.710426785205181
2614,RF,0.408,1236.0,1.710426785205181
2638,RF,0.408,1236.0,1.710426785205181
281,RF,0.407,1239.0,1.7062345626924231
458,RF,0.407,1239.0,1.7062345626924231
1215,RF,0.407,1239.0,1.7062345626924231
2277,RF,0.407,1239.0,1.7062345626924231
1378,RF,0.406,1243.0,1.7020423401796656
555,RF,0.405,1244.0,1.6978501176669079
766,RF,0.405,1244.0,1.6978501176669079
790,RF,0.405,1244.0,1.6978501176669079
907,RF,0.405,1244.0,1.6978501176669079
1068,RF,0.405,1244.0,1.6978501176669079
1577,RF,0.405,1244.0,1.6978501176669079
942,RF,0.404,1250.0,1.69365789515415
1292,RF,0.404,1250.0,1.69365789515415
1962,RF,0.404,1250.0,1.69365789515415
2173,RF,0.404,1250.0,1.69365789515415
2485,RF,0.404,1250.0,1.69365789515415
25,RF,0.403,1255.0,1.6894656726413924
541,RF,0.403,1255.0,1.6894656726413924
1097,RF,0.403,1255.0,1.6894656726413924
1219,RF,0.403,1255.0,1.6894656726413924
1752,RF,0.403,1255.0,1.6894656726413924
1963,RF,0.403,1255.0,1.6894656726413924
1994,RF,0.403,1255.0,1.6894656726413924
752,RF,0.402,1262.0,1.6852734501286344
2265,RF,0.402,1262.0,1.6852734501286344
2479,RF,0.402,1262.0,1.6852734501286344
2590,RF,0.402,1262.0,1.6852734501286344
208,RF,0.401,1266.0,1.6810812276158766
1315,RF,0.401,1266.0,1.6810812276158766
2408,RF,0.401,1266.0,1.6810812276158766
536,RF,0.4,1269.0,1.676889005103119
1367,RF,0.4,1269.0,1.676889005103119
1677,RF,0.4,1269.0,1.676889005103119
2460,RF,0.4,1269.0,1.676889005103119
2512,RF,0.4,1269.0,1.676889005103119
1160,RF,0.399,1274.0,1.6726967825903611
1805,RF,0.399,1274.0,1.6726967825903611
2059,RF,0.399,1274.0,1.6726967825903611
2282,RF,0.399,1274.0,1.6726967825903611
2588,RF,0.399,1274.0,1.6726967825903611
2678,RF,0.399,1274.0,1.6726967825903611
128,RF,0.398,1280.0,1.6685045600776032
235,RF,0.398,1280.0,1.6685045600776032
370,RF,0.398,1280.0,1.6685045600776032
1444,RF,0.398,1280.0,1.6685045600776032
1486,RF,0.398,1280.0,1.6685045600776032
1646,RF,0.398,1280.0,1.6685045600776032
138,RF,0.397,1286.0,1.6643123375648454
183,RF,0.397,1286.0,1.6643123375648454
1053,RF,0.397,1286.0,1.6643123375648454
1537,RF,0.397,1286.0,1.6643123375648454
1596,RF,0.397,1286.0,1.6643123375648454
2189,RF,0.397,1286.0,1.6643123375648454
2487,RF,0.397,1286.0,1.6643123375648454
221,RF,0.396,1293.0,1.6601201150520877
223,RF,0.396,1293.0,1.6601201150520877
305,RF,0.396,1293.0,1.6601201150520877
596,RF,0.396,1293.0,1.6601201150520877
747,RF,0.396,1293.0,1.6601201150520877
1317,RF,0.396,1293.0,1.6601201150520877
1932,RF,0.396,1293.0,1.6601201150520877
2416,RF,0.396,1293.0,1.6601201150520877
460,RF,0.395,1301.0,1.65592789253933
1089,RF,0.395,1301.0,1.65592789253933
1195,RF,0.395,1301.0,1.65592789253933
1421,RF,0.395,1301.0,1.65592789253933
1673,RF,0.395,1301.0,1.65592789253933
2068,RF,0.395,1301.0,1.65592789253933
759,RF,0.394,1307.0,1.651735670026572
1708,RF,0.394,1307.0,1.651735670026572
1753,RF,0.394,1307.0,1.651735670026572
2371,RF,0.394,1307.0,1.651735670026572
786,RF,0.393,1311.0,1.6475434475138142
924,RF,0.393,1311.0,1.6475434475138142
963,RF,0.393,1311.0,1.6475434475138142
1731,RF,0.393,1311.0,1.6475434475138142
1781,RF,0.393,1311.0,1.6475434475138142
2167,RF,0.393,1311.0,1.6475434475138142
416,RF,0.392,1317.0,1.6433512250010565
709,RF,0.392,1317.0,1.6433512250010565
1079,RF,0.392,1317.0,1.6433512250010565
1725,RF,0.392,1317.0,1.6433512250010565
2313,RF,0.392,1317.0,1.6433512250010565
2697,RF,0.392,1317.0,1.6433512250010565
2757,RF,0.392,1317.0,1.6433512250010565
241,RF,0.391,1324.0,1.6391590024882987
283,RF,0.391,1324.0,1.6391590024882987
575,RF,0.391,1324.0,1.6391590024882987
911,RF,0.391,1324.0,1.6391590024882987
1710,RF,0.391,1324.0,1.6391590024882987
2226,RF,0.391,1324.0,1.6391590024882987
2526,RF,0.391,1324.0,1.6391590024882987
1093,RF,0.39,1331.0,1.6349667799755407
1205,RF,0.39,1331.0,1.6349667799755407
1266,RF,0.39,1331.0,1.6349667799755407
1843,RF,0.39,1331.0,1.6349667799755407
2355,RF,0.39,1331.0,1.6349667799755407
2601,RF,0.39,1331.0,1.6349667799755407
787,RF,0.389,1337.0,1.630774557462783
957,RF,0.389,1337.0,1.630774557462783
1076,RF,0.389,1337.0,1.630774557462783
1790,RF,0.389,1337.0,1.630774557462783
145,RF,0.388,1341.0,1.6265823349500252
621,RF,0.388,1341.0,1.6265823349500252
1388,RF,0.388,1341.0,1.6265823349500252
1593,RF,0.388,1341.0,1.6265823349500252
2365,RF,0.388,1341.0,1.6265823349500252
2457,RF,0.388,1341.0,1.6265823349500252
146,RF,0.387,1347.0,1.6223901124372675
565,RF,0.387,1347.0,1.6223901124372675
1384,RF,0.387,1347.0,1.6223901124372675
2049,RF,0.387,1347.0,1.6223901124372675
2420,RF,0.387,1347.0,1.6223901124372675
712,RF,0.386,1352.0,1.6181978899245097
2036,RF,0.386,1352.0,1.6181978899245097
2187,RF,0.386,1352.0,1.6181978899245097
279,RF,0.385,1355.0,1.6140056674117518
661,RF,0.385,1355.0,1.6140056674117518
688,RF,0.385,1355.0,1.6140056674117518
908,RF,0.385,1355.0,1.6140056674117518
1364,RF,0.385,1355.0,1.6140056674117518
1663,RF,0.385,1355.0,1.6140056674117518
2003,RF,0.385,1355.0,1.6140056674117518
2136,RF,0.385,1355.0,1.6140056674117518
234,RF,0.384,1363.0,1.609813444898994
240,RF,0.384,1363.0,1.609813444898994
1563,RF,0.384,1363.0,1.609813444898994
1695,RF,0.384,1363.0,1.609813444898994
2468,RF,0.384,1363.0,1.609813444898994
2504,RF,0.384,1363.0,1.609813444898994
2613,RF,0.384,1363.0,1.609813444898994
89,RF,0.383,1370.0,1.6056212223862363
276,RF,0.383,1370.0,1.6056212223862363
381,RF,0.383,1370.0,1.6056212223862363
684,RF,0.383,1370.0,1.6056212223862363
1157,RF,0.383,1370.0,1.6056212223862363
2623,RF,0.383,1370.0,1.6056212223862363
2743,RF,0.383,1370.0,1.6056212223862363
2248,RF,0.382,1377.0,1.6014289998734785
2643,RF,0.382,1377.0,1.6014289998734785
2696,RF,0.382,1377.0,1.6014289998734785
407,RF,0.381,1380.0,1.5972367773607206
619,RF,0.381,1380.0,1.5972367773607206
622,RF,0.381,1380.0,1.5972367773607206
1148,RF,0.381,1380.0,1.5972367773607206
1274,RF,0.381,1380.0,1.5972367773607206
1306,RF,0.381,1380.0,1.5972367773607206
1405,RF,0.381,1380.0,1.5972367773607206
2360,RF,0.381,1380.0,1.5972367773607206
2602,RF,0.381,1380.0,1.5972367773607206
289,RF,0.38,1389.0,1.5930445548479628
780,RF,0.38,1389.0,1.5930445548479628
1771,RF,0.38,1389.0,1.5930445548479628
2682,RF,0.38,1389.0,1.5930445548479628
47,RF,0.379,1393.0,1.588852332335205
76,RF,0.379,1393.0,1.588852332335205
533,RF,0.379,1393.0,1.588852332335205
754,RF,0.379,1393.0,1.588852332335205
830,RF,0.379,1393.0,1.588852332335205
1094,RF,0.379,1393.0,1.588852332335205
1239,RF,0.379,1393.0,1.588852332335205
1740,RF,0.379,1393.0,1.588852332335205
1951,RF,0.379,1393.0,1.588852332335205
2075,RF,0.379,1393.0,1.588852332335205
2508,RF,0.379,1393.0,1.588852332335205
2778,RF,0.379,1393.0,1.588852332335205
185,RF,0.378,1405.0,1.5846601098224473
447,RF,0.378,1405.0,1.5846601098224473
534,RF,0.378,1405.0,1.5846601098224473
683,RF,0.378,1405.0,1.5846601098224473
768,RF,0.378,1405.0,1.5846601098224473
1055,RF,0.378,1405.0,1.5846601098224473
1712,RF,0.378,1405.0,1.5846601098224473
2069,RF,0.378,1405.0,1.5846601098224473
525,RF,0.377,1413.0,1.5804678873096893
785,RF,0.377,1413.0,1.5804678873096893
798,RF,0.377,1413.0,1.5804678873096893
1123,RF,0.377,1413.0,1.5804678873096893
1483,RF,0.377,1413.0,1.5804678873096893
1720,RF,0.377,1413.0,1.5804678873096893
1862,RF,0.377,1413.0,1.5804678873096893
2097,RF,0.377,1413.0,1.5804678873096893
2279,RF,0.377,1413.0,1.5804678873096893
171,RF,0.376,1422.0,1.5762756647969316
554,RF,0.376,1422.0,1.5762756647969316
819,RF,0.376,1422.0,1.5762756647969316
902,RF,0.376,1422.0,1.5762756647969316
1225,RF,0.376,1422.0,1.5762756647969316
1260,RF,0.376,1422.0,1.5762756647969316
1454,RF,0.376,1422.0,1.5762756647969316
1698,RF,0.376,1422.0,1.5762756647969316
1794,RF,0.375,1430.0,1.5720834422841738
2058,RF,0.375,1430.0,1.5720834422841738
2519,RF,0.375,1430.0,1.5720834422841738
355,RF,0.374,1433.0,1.567891219771416
574,RF,0.374,1433.0,1.567891219771416
945,RF,0.374,1433.0,1.567891219771416
1876,RF,0.374,1433.0,1.567891219771416
1,RF,0.373,1437.0,1.5636989972586581
58,RF,0.373,1437.0,1.5636989972586581
449,RF,0.373,1437.0,1.5636989972586581
473,RF,0.373,1437.0,1.5636989972586581
549,RF,0.373,1437.0,1.5636989972586581
742,RF,0.373,1437.0,1.5636989972586581
1208,RF,0.373,1437.0,1.5636989972586581
1283,RF,0.373,1437.0,1.5636989972586581
1581,RF,0.373,1437.0,1.5636989972586581
2597,RF,0.373,1437.0,1.5636989972586581
255,RF,0.372,1447.0,1.5595067747459004
667,RF,0.372,1447.0,1.5595067747459004
690,RF,0.372,1447.0,1.5595067747459004
767,RF,0.372,1447.0,1.5595067747459004
1153,RF,0.372,1447.0,1.5595067747459004
1612,RF,0.372,1447.0,1.5595067747459004
2650,RF,0.372,1447.0,1.5595067747459004
1430,RF,0.371,1454.0,1.5553145522331426
1734,RF,0.371,1454.0,1.5553145522331426
2670,RF,0.371,1454.0,1.5553145522331426
492,RF,0.37,1457.0,1.5511223297203849
792,RF,0.37,1457.0,1.5511223297203849
1218,RF,0.37,1457.0,1.5511223297203849
1854,RF,0.37,1457.0,1.5511223297203849
2582,RF,0.37,1457.0,1.5511223297203849
2750,RF,0.37,1457.0,1.5511223297203849
1395,RF,0.369,1463.0,1.5469301072076271
2027,RF,0.369,1463.0,1.5469301072076271
2070,RF,0.369,1463.0,1.5469301072076271
2484,RF,0.369,1463.0,1.5469301072076271
311,RF,0.368,1467.0,1.5427378846948692
1193,RF,0.368,1467.0,1.5427378846948692
1784,RF,0.368,1467.0,1.5427378846948692
1839,RF,0.368,1467.0,1.5427378846948692
2289,RF,0.368,1467.0,1.5427378846948692
2447,RF,0.368,1467.0,1.5427378846948692
112,RF,0.367,1473.0,1.5385456621821114
2262,RF,0.367,1473.0,1.5385456621821114
2458,RF,0.367,1473.0,1.5385456621821114
155,RF,0.366,1476.0,1.5343534396693537
346,RF,0.366,1476.0,1.5343534396693537
607,RF,0.366,1476.0,1.5343534396693537
1425,RF,0.366,1476.0,1.5343534396693537
545,RF,0.365,1480.0,1.530161217156596
580,RF,0.365,1480.0,1.530161217156596
646,RF,0.365,1480.0,1.530161217156596
703,RF,0.365,1480.0,1.530161217156596
855,RF,0.365,1480.0,1.530161217156596
1013,RF,0.365,1480.0,1.530161217156596
2048,RF,0.365,1480.0,1.530161217156596
2440,RF,0.365,1480.0,1.530161217156596
201,RF,0.364,1488.0,1.525968994643838
509,RF,0.364,1488.0,1.525968994643838
716,RF,0.364,1488.0,1.525968994643838
892,RF,0.364,1488.0,1.525968994643838
1904,RF,0.364,1488.0,1.525968994643838
1968,RF,0.364,1488.0,1.525968994643838
2000,RF,0.364,1488.0,1.525968994643838
2162,RF,0.364,1488.0,1.525968994643838
27,RF,0.363,1496.0,1.5217767721310802
248,RF,0.363,1496.0,1.5217767721310802
1531,RF,0.363,1496.0,1.5217767721310802
1611,RF,0.363,1496.0,1.5217767721310802
1759,RF,0.363,1496.0,1.5217767721310802
1832,RF,0.363,1496.0,1.5217767721310802
26,RF,0.362,1502.0,1.5175845496183225
95,RF,0.362,1502.0,1.5175845496183225
206,RF,0.362,1502.0,1.5175845496183225
618,RF,0.362,1502.0,1.5175845496183225
689,RF,0.362,1502.0,1.5175845496183225
756,RF,0.362,1502.0,1.5175845496183225
1653,RF,0.362,1502.0,1.5175845496183225
2230,RF,0.362,1502.0,1.5175845496183225
2761,RF,0.362,1502.0,1.5175845496183225
344,RF,0.361,1511.0,1.5133923271055647
1441,RF,0.361,1511.0,1.5133923271055647
1635,RF,0.361,1511.0,1.5133923271055647
2150,RF,0.361,1511.0,1.5133923271055647
2180,RF,0.361,1511.0,1.5133923271055647
2448,RF,0.361,1511.0,1.5133923271055647
2605,RF,0.361,1511.0,1.5133923271055647
2700,RF,0.361,1511.0,1.5133923271055647
91,RF,0.36,1519.0,1.5092001045928067
388,RF,0.36,1519.0,1.5092001045928067
468,RF,0.36,1519.0,1.5092001045928067
773,RF,0.36,1519.0,1.5092001045928067
1985,RF,0.36,1519.0,1.5092001045928067
2221,RF,0.36,1519.0,1.5092001045928067
2228,RF,0.36,1519.0,1.5092001045928067
2775,RF,0.36,1519.0,1.5092001045928067
707,RF,0.359,1527.0,1.505007882080049
871,RF,0.359,1527.0,1.505007882080049
1204,RF,0.359,1527.0,1.505007882080049
1358,RF,0.359,1527.0,1.505007882080049
1401,RF,0.359,1527.0,1.505007882080049
1961,RF,0.359,1527.0,1.505007882080049
1981,RF,0.359,1527.0,1.505007882080049
2131,RF,0.359,1527.0,1.505007882080049
2581,RF,0.359,1527.0,1.505007882080049
167,RF,0.358,1536.0,1.5008156595672912
1242,RF,0.358,1536.0,1.5008156595672912
1470,RF,0.358,1536.0,1.5008156595672912
2083,RF,0.358,1536.0,1.5008156595672912
56,RF,0.357,1540.0,1.4966234370545335
150,RF,0.357,1540.0,1.4966234370545335
670,RF,0.357,1540.0,1.4966234370545335
744,RF,0.357,1540.0,1.4966234370545335
1548,RF,0.357,1540.0,1.4966234370545335
1869,RF,0.357,1540.0,1.4966234370545335
2348,RF,0.357,1540.0,1.4966234370545335
417,RF,0.356,1547.0,1.4924312145417755
499,RF,0.356,1547.0,1.4924312145417755
500,RF,0.356,1547.0,1.4924312145417755
535,RF,0.356,1547.0,1.4924312145417755
2006,RF,0.356,1547.0,1.4924312145417755
2439,RF,0.356,1547.0,1.4924312145417755
2640,RF,0.356,1547.0,1.4924312145417755
142,RF,0.355,1554.0,1.4882389920290178
1113,RF,0.355,1554.0,1.4882389920290178
1278,RF,0.355,1554.0,1.4882389920290178
1766,RF,0.355,1554.0,1.4882389920290178
102,RF,0.354,1558.0,1.48404676951626
1257,RF,0.354,1558.0,1.48404676951626
1298,RF,0.354,1558.0,1.48404676951626
1407,RF,0.354,1558.0,1.48404676951626
1666,RF,0.354,1558.0,1.48404676951626
1704,RF,0.354,1558.0,1.48404676951626
1744,RF,0.354,1558.0,1.48404676951626
1773,RF,0.354,1558.0,1.48404676951626
2363,RF,0.354,1558.0,1.48404676951626
2467,RF,0.354,1558.0,1.48404676951626
2532,RF,0.354,1558.0,1.48404676951626
385,RF,0.353,1569.0,1.4798545470035023
617,RF,0.353,1569.0,1.4798545470035023
873,RF,0.353,1569.0,1.4798545470035023
952,RF,0.353,1569.0,1.4798545470035023
1899,RF,0.353,1569.0,1.4798545470035023
2007,RF,0.353,1569.0,1.4798545470035023
2223,RF,0.353,1569.0,1.4798545470035023
2325,RF,0.353,1569.0,1.4798545470035023
2624,RF,0.353,1569.0,1.4798545470035023
169,RF,0.352,1578.0,1.4756623244907445
342,RF,0.352,1578.0,1.4756623244907445
513,RF,0.352,1578.0,1.4756623244907445
649,RF,0.352,1578.0,1.4756623244907445
1181,RF,0.352,1578.0,1.4756623244907445
1964,RF,0.352,1578.0,1.4756623244907445
2258,RF,0.352,1578.0,1.4756623244907445
135,RF,0.351,1585.0,1.4714701019779866
1880,RF,0.351,1585.0,1.4714701019779866
2008,RF,0.351,1585.0,1.4714701019779866
594,RF,0.35,1588.0,1.4672778794652288
859,RF,0.35,1588.0,1.4672778794652288
237,RF,0.349,1590.0,1.463085656952471
245,RF,0.349,1590.0,1.463085656952471
1188,RF,0.349,1590.0,1.463085656952471
2292,RF,0.349,1590.0,1.463085656952471
616,RF,0.348,1594.0,1.4588934344397133
1067,RF,0.348,1594.0,1.4588934344397133
1338,RF,0.348,1594.0,1.4588934344397133
1339,RF,0.348,1594.0,1.4588934344397133
1536,RF,0.348,1594.0,1.4588934344397133
1542,RF,0.348,1594.0,1.4588934344397133
1550,RF,0.348,1594.0,1.4588934344397133
2688,RF,0.348,1594.0,1.4588934344397133
2709,RF,0.348,1594.0,1.4588934344397133
660,RF,0.347,1603.0,1.4547012119269553
810,RF,0.347,1603.0,1.4547012119269553
1272,RF,0.347,1603.0,1.4547012119269553
1316,RF,0.347,1603.0,1.4547012119269553
1409,RF,0.347,1603.0,1.4547012119269553
1506,RF,0.347,1603.0,1.4547012119269553
1855,RF,0.347,1603.0,1.4547012119269553
57,RF,0.346,1610.0,1.4505089894141976
1599,RF,0.346,1610.0,1.4505089894141976
1618,RF,0.346,1610.0,1.4505089894141976
2206,RF,0.346,1610.0,1.4505089894141976
2586,RF,0.346,1610.0,1.4505089894141976
78,RF,0.345,1615.0,1.4463167669014398
422,RF,0.345,1615.0,1.4463167669014398
801,RF,0.345,1615.0,1.4463167669014398
1600,RF,0.345,1615.0,1.4463167669014398
1684,RF,0.345,1615.0,1.4463167669014398
1944,RF,0.345,1615.0,1.4463167669014398
2341,RF,0.345,1615.0,1.4463167669014398
2773,RF,0.345,1615.0,1.4463167669014398
398,RF,0.344,1623.0,1.442124544388682
526,RF,0.344,1623.0,1.442124544388682
770,RF,0.344,1623.0,1.442124544388682
1301,RF,0.344,1623.0,1.442124544388682
2311,RF,0.344,1623.0,1.442124544388682
2661,RF,0.344,1623.0,1.442124544388682
490,RF,0.343,1629.0,1.4379323218759243
834,RF,0.343,1629.0,1.4379323218759243
840,RF,0.343,1629.0,1.4379323218759243
934,RF,0.343,1629.0,1.4379323218759243
1211,RF,0.343,1629.0,1.4379323218759243
1884,RF,0.343,1629.0,1.4379323218759243
1990,RF,0.343,1629.0,1.4379323218759243
2740,RF,0.343,1629.0,1.4379323218759243
175,RF,0.342,1637.0,1.4337400993631666
341,RF,0.342,1637.0,1.4337400993631666
531,RF,0.342,1637.0,1.4337400993631666
869,RF,0.342,1637.0,1.4337400993631666
1420,RF,0.342,1637.0,1.4337400993631666
1535,RF,0.342,1637.0,1.4337400993631666
2524,RF,0.342,1637.0,1.4337400993631666
2765,RF,0.342,1637.0,1.4337400993631666
972,RF,0.341,1645.0,1.4295478768504088
1974,RF,0.341,1645.0,1.4295478768504088
2172,RF,0.341,1645.0,1.4295478768504088
415,RF,0.34,1648.0,1.425355654337651
593,RF,0.34,1648.0,1.425355654337651
669,RF,0.34,1648.0,1.425355654337651
781,RF,0.34,1648.0,1.425355654337651
1059,RF,0.34,1648.0,1.425355654337651
1375,RF,0.34,1648.0,1.425355654337651
553,RF,0.339,1654.0,1.4211634318248934
2156,RF,0.339,1654.0,1.4211634318248934
2376,RF,0.339,1654.0,1.4211634318248934
512,RF,0.338,1657.0,1.4169712093121354
750,RF,0.338,1657.0,1.4169712093121354
1136,RF,0.338,1657.0,1.4169712093121354
1280,RF,0.338,1657.0,1.4169712093121354
1763,RF,0.338,1657.0,1.4169712093121354
2243,RF,0.338,1657.0,1.4169712093121354
2494,RF,0.338,1657.0,1.4169712093121354
197,RF,0.337,1664.0,1.4127789867993776
1326,RF,0.337,1664.0,1.4127789867993776
1456,RF,0.337,1664.0,1.4127789867993776
1533,RF,0.337,1664.0,1.4127789867993776
1586,RF,0.337,1664.0,1.4127789867993776
347,RF,0.336,1669.0,1.4085867642866199
372,RF,0.336,1669.0,1.4085867642866199
615,RF,0.336,1669.0,1.4085867642866199
1066,RF,0.336,1669.0,1.4085867642866199
1117,RF,0.336,1669.0,1.4085867642866199
1333,RF,0.336,1669.0,1.4085867642866199
1897,RF,0.336,1669.0,1.4085867642866199
2554,RF,0.336,1669.0,1.4085867642866199
2575,RF,0.336,1669.0,1.4085867642866199
1231,RF,0.335,1678.0,1.4043945417738621
1325,RF,0.335,1678.0,1.4043945417738621
2105,RF,0.335,1678.0,1.4043945417738621
19,RF,0.334,1681.0,1.4002023192611042
40,RF,0.334,1681.0,1.4002023192611042
304,RF,0.334,1681.0,1.4002023192611042
896,RF,0.334,1681.0,1.4002023192611042
1039,RF,0.334,1681.0,1.4002023192611042
1761,RF,0.334,1681.0,1.4002023192611042
1903,RF,0.334,1681.0,1.4002023192611042
2028,RF,0.334,1681.0,1.4002023192611042
2400,RF,0.334,1681.0,1.4002023192611042
2621,RF,0.334,1681.0,1.4002023192611042
578,RF,0.333,1691.0,1.3960100967483464
1432,RF,0.333,1691.0,1.3960100967483464
2082,RF,0.333,1691.0,1.3960100967483464
1590,RF,0.332,1694.0,1.3918178742355887
1743,RF,0.332,1694.0,1.3918178742355887
560,RF,0.331,1696.0,1.387625651722831
628,RF,0.331,1696.0,1.387625651722831
647,RF,0.331,1696.0,1.387625651722831
833,RF,0.331,1696.0,1.387625651722831
916,RF,0.331,1696.0,1.387625651722831
1654,RF,0.331,1696.0,1.387625651722831
1894,RF,0.331,1696.0,1.387625651722831
1895,RF,0.331,1696.0,1.387625651722831
1921,RF,0.331,1696.0,1.387625651722831
2133,RF,0.331,1696.0,1.387625651722831
2358,RF,0.331,1696.0,1.387625651722831
2591,RF,0.331,1696.0,1.387625651722831
872,RF,0.33,1708.0,1.383433429210073
1996,RF,0.33,1708.0,1.383433429210073
2217,RF,0.33,1708.0,1.383433429210073
2629,RF,0.33,1708.0,1.383433429210073
258,RF,0.329,1712.0,1.3792412066973152
503,RF,0.329,1712.0,1.3792412066973152
757,RF,0.329,1712.0,1.3792412066973152
1029,RF,0.329,1712.0,1.3792412066973152
1253,RF,0.329,1712.0,1.3792412066973152
1372,RF,0.329,1712.0,1.3792412066973152
1517,RF,0.329,1712.0,1.3792412066973152
2483,RF,0.329,1712.0,1.3792412066973152
2615,RF,0.329,1712.0,1.3792412066973152
396,RF,0.328,1721.0,1.3750489841845575
831,RF,0.328,1721.0,1.3750489841845575
938,RF,0.328,1721.0,1.3750489841845575
1210,RF,0.328,1721.0,1.3750489841845575
1455,RF,0.328,1721.0,1.3750489841845575
1788,RF,0.328,1721.0,1.3750489841845575
1792,RF,0.328,1721.0,1.3750489841845575
2018,RF,0.328,1721.0,1.3750489841845575
2147,RF,0.328,1721.0,1.3750489841845575
2476,RF,0.328,1721.0,1.3750489841845575
77,RF,0.327,1731.0,1.3708567616717997
301,RF,0.327,1731.0,1.3708567616717997
777,RF,0.327,1731.0,1.3708567616717997
1115,RF,0.327,1731.0,1.3708567616717997
1392,RF,0.327,1731.0,1.3708567616717997
1402,RF,0.327,1731.0,1.3708567616717997
1705,RF,0.327,1731.0,1.3708567616717997
1957,RF,0.327,1731.0,1.3708567616717997
2214,RF,0.327,1731.0,1.3708567616717997
2397,RF,0.327,1731.0,1.3708567616717997
2406,RF,0.327,1731.0,1.3708567616717997
165,RF,0.326,1742.0,1.3666645391590417
1622,RF,0.326,1742.0,1.3666645391590417
1908,RF,0.326,1742.0,1.3666645391590417
2316,RF,0.326,1742.0,1.3666645391590417
2374,RF,0.326,1742.0,1.3666645391590417
2446,RF,0.326,1742.0,1.3666645391590417
114,RF,0.325,1748.0,1.362472316646284
629,RF,0.325,1748.0,1.362472316646284
971,RF,0.325,1748.0,1.362472316646284
1088,RF,0.325,1748.0,1.362472316646284
1946,RF,0.325,1748.0,1.362472316646284
2473,RF,0.325,1748.0,1.362472316646284
493,RF,0.324,1754.0,1.3582800941335262
1101,RF,0.324,1754.0,1.3582800941335262
1138,RF,0.324,1754.0,1.3582800941335262
1694,RF,0.324,1754.0,1.3582800941335262
1950,RF,0.324,1754.0,1.3582800941335262
2120,RF,0.324,1754.0,1.3582800941335262
42,RF,0.323,1760.0,1.3540878716207685
685,RF,0.323,1760.0,1.3540878716207685
1202,RF,0.323,1760.0,1.3540878716207685
2056,RF,0.323,1760.0,1.3540878716207685
2556,RF,0.323,1760.0,1.3540878716207685
2764,RF,0.323,1760.0,1.3540878716207685
178,RF,0.322,1766.0,1.3498956491080107
501,RF,0.322,1766.0,1.3498956491080107
1037,RF,0.322,1766.0,1.3498956491080107
1352,RF,0.322,1766.0,1.3498956491080107
1630,RF,0.322,1766.0,1.3498956491080107
1934,RF,0.322,1766.0,1.3498956491080107
2617,RF,0.322,1766.0,1.3498956491080107
665,RF,0.321,1773.0,1.3457034265952528
1176,RF,0.321,1773.0,1.3457034265952528
1907,RF,0.321,1773.0,1.3457034265952528
2592,RF,0.321,1773.0,1.3457034265952528
33,RF,0.32,1777.0,1.341511204082495
675,RF,0.32,1777.0,1.341511204082495
975,RF,0.32,1777.0,1.341511204082495
1634,RF,0.32,1777.0,1.341511204082495
1658,RF,0.32,1777.0,1.341511204082495
1767,RF,0.32,1777.0,1.341511204082495
2301,RF,0.32,1777.0,1.341511204082495
295,RF,0.319,1784.0,1.3373189815697373
1613,RF,0.319,1784.0,1.3373189815697373
2366,RF,0.319,1784.0,1.3373189815697373
2580,RF,0.319,1784.0,1.3373189815697373
79,RF,0.318,1788.0,1.3331267590569795
1313,RF,0.318,1788.0,1.3331267590569795
1383,RF,0.318,1788.0,1.3331267590569795
2060,RF,0.318,1788.0,1.3331267590569795
2767,RF,0.318,1788.0,1.3331267590569795
728,RF,0.317,1793.0,1.3289345365442216
738,RF,0.317,1793.0,1.3289345365442216
1164,RF,0.317,1793.0,1.3289345365442216
1738,RF,0.317,1793.0,1.3289345365442216
1992,RF,0.317,1793.0,1.3289345365442216
2595,RF,0.317,1793.0,1.3289345365442216
397,RF,0.316,1799.0,1.3247423140314638
487,RF,0.316,1799.0,1.3247423140314638
1571,RF,0.316,1799.0,1.3247423140314638
1707,RF,0.316,1799.0,1.3247423140314638
1881,RF,0.316,1799.0,1.3247423140314638
2016,RF,0.316,1799.0,1.3247423140314638
2093,RF,0.316,1799.0,1.3247423140314638
540,RF,0.315,1806.0,1.320550091518706
1303,RF,0.315,1806.0,1.320550091518706
1521,RF,0.315,1806.0,1.320550091518706
1786,RF,0.315,1806.0,1.320550091518706
2286,RF,0.315,1806.0,1.320550091518706
2470,RF,0.315,1806.0,1.320550091518706
2691,RF,0.315,1806.0,1.320550091518706
2763,RF,0.315,1806.0,1.320550091518706
179,RF,0.314,1814.0,1.3163578690059483
725,RF,0.314,1814.0,1.3163578690059483
839,RF,0.314,1814.0,1.3163578690059483
2553,RF,0.314,1814.0,1.3163578690059483
858,RF,0.313,1818.0,1.3121656464931903
864,RF,0.313,1818.0,1.3121656464931903
1032,RF,0.313,1818.0,1.3121656464931903
1217,RF,0.313,1818.0,1.3121656464931903
1864,RF,0.313,1818.0,1.3121656464931903
115,RF,0.312,1823.0,1.3079734239804326
701,RF,0.312,1823.0,1.3079734239804326
1276,RF,0.312,1823.0,1.3079734239804326
2033,RF,0.312,1823.0,1.3079734239804326
2051,RF,0.312,1823.0,1.3079734239804326
2299,RF,0.312,1823.0,1.3079734239804326
2307,RF,0.312,1823.0,1.3079734239804326
378,RF,0.311,1830.0,1.3037812014676748
456,RF,0.311,1830.0,1.3037812014676748
1867,RF,0.311,1830.0,1.3037812014676748
2424,RF,0.311,1830.0,1.3037812014676748
227,RF,0.31,1834.0,1.299588978954917
247,RF,0.31,1834.0,1.299588978954917
2445,RF,0.31,1834.0,1.299588978954917
1777,RF,0.309,1837.0,1.2953967564421591
2138,RF,0.309,1837.0,1.2953967564421591
2240,RF,0.309,1837.0,1.2953967564421591
2749,RF,0.309,1837.0,1.2953967564421591
8,RF,0.308,1841.0,1.2912045339294014
1330,RF,0.308,1841.0,1.2912045339294014
1918,RF,0.308,1841.0,1.2912045339294014
2306,RF,0.308,1841.0,1.2912045339294014
1154,RF,0.307,1845.0,1.2870123114166436
1174,RF,0.307,1845.0,1.2870123114166436
1477,RF,0.307,1845.0,1.2870123114166436
1576,RF,0.307,1845.0,1.2870123114166436
1973,RF,0.307,1845.0,1.2870123114166436
412,RF,0.306,1850.0,1.2828200889038859
866,RF,0.306,1850.0,1.2828200889038859
1452,RF,0.306,1850.0,1.2828200889038859
1474,RF,0.306,1850.0,1.2828200889038859
1564,RF,0.306,1850.0,1.2828200889038859
2041,RF,0.306,1850.0,1.2828200889038859
2141,RF,0.306,1850.0,1.2828200889038859
2185,RF,0.306,1850.0,1.2828200889038859
2545,RF,0.306,1850.0,1.2828200889038859
119,RF,0.305,1859.0,1.2786278663911281
360,RF,0.305,1859.0,1.2786278663911281
899,RF,0.305,1859.0,1.2786278663911281
1555,RF,0.304,1862.0,1.2744356438783702
80,RF,0.303,1863.0,1.2702434213656124
947,RF,0.303,1863.0,1.2702434213656124
980,RF,0.303,1863.0,1.2702434213656124
1422,RF,0.303,1863.0,1.2702434213656124
1838,RF,0.303,1863.0,1.2702434213656124
2231,RF,0.303,1863.0,1.2702434213656124
2748,RF,0.303,1863.0,1.2702434213656124
216,RF,0.302,1870.0,1.2660511988528547
226,RF,0.302,1870.0,1.2660511988528547
278,RF,0.302,1870.0,1.2660511988528547
610,RF,0.302,1870.0,1.2660511988528547
653,RF,0.302,1870.0,1.2660511988528547
895,RF,0.302,1870.0,1.2660511988528547
1147,RF,0.302,1870.0,1.2660511988528547
1403,RF,0.302,1870.0,1.2660511988528547
2398,RF,0.302,1870.0,1.2660511988528547
186,RF,0.301,1879.0,1.261858976340097
974,RF,0.301,1879.0,1.261858976340097
1035,RF,0.301,1879.0,1.261858976340097
1416,RF,0.301,1879.0,1.261858976340097
1519,RF,0.301,1879.0,1.261858976340097
2425,RF,0.301,1879.0,1.261858976340097
2533,RF,0.301,1879.0,1.261858976340097
147,RF,0.3,1886.0,1.257666753827339
778,RF,0.3,1886.0,1.257666753827339
969,RF,0.3,1886.0,1.257666753827339
1179,RF,0.3,1886.0,1.257666753827339
1309,RF,0.3,1886.0,1.257666753827339
1621,RF,0.3,1886.0,1.257666753827339
2771,RF,0.3,1886.0,1.257666753827339
401,RF,0.299,1893.0,1.2534745313145812
1150,RF,0.299,1893.0,1.2534745313145812
1675,RF,0.299,1893.0,1.2534745313145812
2636,RF,0.299,1893.0,1.2534745313145812
330,RF,0.298,1897.0,1.2492823088018234
1043,RF,0.298,1897.0,1.2492823088018234
1329,RF,0.298,1897.0,1.2492823088018234
2088,RF,0.298,1897.0,1.2492823088018234
1458,RF,0.297,1901.0,1.2450900862890657
1866,RF,0.297,1901.0,1.2450900862890657
2268,RF,0.297,1901.0,1.2450900862890657
1143,RF,0.296,1904.0,1.2408978637763077
682,RF,0.295,1905.0,1.23670564126355
1332,RF,0.295,1905.0,1.23670564126355
1631,RF,0.295,1905.0,1.23670564126355
2253,RF,0.295,1905.0,1.23670564126355
2628,RF,0.295,1905.0,1.23670564126355
2718,RF,0.295,1905.0,1.23670564126355
6,RF,0.294,1911.0,1.2325134187507922
85,RF,0.294,1911.0,1.2325134187507922
107,RF,0.294,1911.0,1.2325134187507922
261,RF,0.294,1911.0,1.2325134187507922
1592,RF,0.294,1911.0,1.2325134187507922
704,RF,0.293,1916.0,1.2283211962380345
1925,RF,0.293,1916.0,1.2283211962380345
686,RF,0.292,1918.0,1.2241289737252765
113,RF,0.291,1919.0,1.2199367512125188
889,RF,0.291,1919.0,1.2199367512125188
2194,RF,0.291,1919.0,1.2199367512125188
267,RF,0.29,1922.0,1.215744528699761
824,RF,0.29,1922.0,1.215744528699761
1082,RF,0.29,1922.0,1.215744528699761
1300,RF,0.29,1922.0,1.215744528699761
1340,RF,0.29,1922.0,1.215744528699761
2713,RF,0.29,1922.0,1.215744528699761
66,RF,0.289,1928.0,1.2115523061870033
224,RF,0.289,1928.0,1.2115523061870033
658,RF,0.289,1928.0,1.2115523061870033
990,RF,0.289,1928.0,1.2115523061870033
1047,RF,0.289,1928.0,1.2115523061870033
1061,RF,0.289,1928.0,1.2115523061870033
2296,RF,0.289,1928.0,1.2115523061870033
702,RF,0.288,1935.0,1.2073600836742455
2692,RF,0.288,1935.0,1.2073600836742455
209,RF,0.287,1937.0,1.2031678611614876
597,RF,0.287,1937.0,1.2031678611614876
1027,RF,0.287,1937.0,1.2031678611614876
1874,RF,0.287,1937.0,1.2031678611614876
2169,RF,0.287,1937.0,1.2031678611614876
435,RF,0.286,1942.0,1.1989756386487298
466,RF,0.286,1942.0,1.1989756386487298
600,RF,0.286,1942.0,1.1989756386487298
1478,RF,0.286,1942.0,1.1989756386487298
1481,RF,0.286,1942.0,1.1989756386487298
2570,RF,0.286,1942.0,1.1989756386487298
195,RF,0.285,1948.0,1.194783416135972
521,RF,0.285,1948.0,1.194783416135972
590,RF,0.285,1948.0,1.194783416135972
784,RF,0.285,1948.0,1.194783416135972
2066,RF,0.285,1948.0,1.194783416135972
2421,RF,0.285,1948.0,1.194783416135972
727,RF,0.284,1954.0,1.1905911936232143
1145,RF,0.284,1954.0,1.1905911936232143
2184,RF,0.284,1954.0,1.1905911936232143
477,RF,0.283,1957.0,1.1863989711104563
1074,RF,0.283,1957.0,1.1863989711104563
1209,RF,0.283,1957.0,1.1863989711104563
1970,RF,0.283,1957.0,1.1863989711104563
2276,RF,0.283,1957.0,1.1863989711104563
2123,RF,0.282,1962.0,1.1822067485976986
31,RF,0.281,1963.0,1.178014526084941
327,RF,0.281,1963.0,1.178014526084941
691,RF,0.281,1963.0,1.178014526084941
1318,RF,0.281,1963.0,1.178014526084941
2125,RF,0.281,1963.0,1.178014526084941
105,RF,0.28,1968.0,1.1738223035721833
820,RF,0.28,1968.0,1.1738223035721833
1028,RF,0.28,1968.0,1.1738223035721833
2096,RF,0.28,1968.0,1.1738223035721833
2335,RF,0.28,1968.0,1.1738223035721833
2451,RF,0.28,1968.0,1.1738223035721833
166,RF,0.279,1974.0,1.1696300810594253
1087,RF,0.279,1974.0,1.1696300810594253
1467,RF,0.279,1974.0,1.1696300810594253
2314,RF,0.279,1974.0,1.1696300810594253
2463,RF,0.279,1974.0,1.1696300810594253
915,RF,0.278,1979.0,1.1654378585466676
1102,RF,0.278,1979.0,1.1654378585466676
148,RF,0.277,1981.0,1.1612456360339098
453,RF,0.277,1981.0,1.1612456360339098
612,RF,0.277,1981.0,1.1612456360339098
1297,RF,0.277,1981.0,1.1612456360339098
1528,RF,0.277,1981.0,1.1612456360339098
2181,RF,0.277,1981.0,1.1612456360339098
1170,RF,0.276,1987.0,1.157053413521152
2353,RF,0.276,1987.0,1.157053413521152
2675,RF,0.276,1987.0,1.157053413521152
1800,RF,0.275,1990.0,1.1528611910083943
2235,RF,0.275,1990.0,1.1528611910083943
2370,RF,0.275,1990.0,1.1528611910083943
2735,RF,0.275,1990.0,1.1528611910083943
172,RF,0.274,1994.0,1.1486689684956364
537,RF,0.274,1994.0,1.1486689684956364
2461,RF,0.274,1994.0,1.1486689684956364
2527,RF,0.274,1994.0,1.1486689684956364
406,RF,0.273,1998.0,1.1444767459828786
1556,RF,0.273,1998.0,1.1444767459828786
2303,RF,0.273,1998.0,1.1444767459828786
2637,RF,0.273,1998.0,1.1444767459828786
2683,RF,0.273,1998.0,1.1444767459828786
1034,RF,0.272,2003.0,1.1402845234701209
1237,RF,0.272,2003.0,1.1402845234701209
1587,RF,0.272,2003.0,1.1402845234701209
2098,RF,0.272,2003.0,1.1402845234701209
2720,RF,0.272,2003.0,1.1402845234701209
489,RF,0.271,2008.0,1.1360923009573631
2024,RF,0.271,2008.0,1.1360923009573631
2523,RF,0.271,2008.0,1.1360923009573631
2715,RF,0.271,2008.0,1.1360923009573631
807,RF,0.27,2012.0,1.1319000784446052
1433,RF,0.27,2012.0,1.1319000784446052
1173,RF,0.269,2014.0,1.1277078559318474
2031,RF,0.269,2014.0,1.1277078559318474
2548,RF,0.269,2014.0,1.1277078559318474
495,RF,0.268,2017.0,1.1235156334190897
946,RF,0.268,2017.0,1.1235156334190897
783,RF,0.267,2019.0,1.119323410906332
1293,RF,0.267,2019.0,1.119323410906332
1724,RF,0.267,2019.0,1.119323410906332
2113,RF,0.267,2019.0,1.119323410906332
271,RF,0.266,2023.0,1.115131188393574
2454,RF,0.266,2023.0,1.115131188393574
213,RF,0.265,2025.0,1.1109389658808162
217,RF,0.265,2025.0,1.1109389658808162
989,RF,0.265,2025.0,1.1109389658808162
1085,RF,0.265,2025.0,1.1109389658808162
1813,RF,0.265,2025.0,1.1109389658808162
2407,RF,0.265,2025.0,1.1109389658808162
1512,RF,0.264,2031.0,1.1067467433680584
1717,RF,0.264,2031.0,1.1067467433680584
2518,RF,0.264,2031.0,1.1067467433680584
2611,RF,0.264,2031.0,1.1067467433680584
977,RF,0.263,2035.0,1.1025545208553007
1742,RF,0.263,2035.0,1.1025545208553007
1797,RF,0.263,2035.0,1.1025545208553007
328,RF,0.262,2038.0,1.0983622983425427
419,RF,0.262,2038.0,1.0983622983425427
462,RF,0.262,2038.0,1.0983622983425427
882,RF,0.262,2038.0,1.0983622983425427
1251,RF,0.262,2038.0,1.0983622983425427
2654,RF,0.262,2038.0,1.0983622983425427
585,RF,0.261,2044.0,1.094170075829785
771,RF,0.261,2044.0,1.094170075829785
1414,RF,0.261,2044.0,1.094170075829785
384,RF,0.26,2047.0,1.0899778533170272
956,RF,0.26,2047.0,1.0899778533170272
1290,RF,0.26,2047.0,1.0899778533170272
1560,RF,0.26,2047.0,1.0899778533170272
163,RF,0.259,2051.0,1.0857856308042695
390,RF,0.259,2051.0,1.0857856308042695
1241,RF,0.259,2051.0,1.0857856308042695
2350,RF,0.259,2051.0,1.0857856308042695
2399,RF,0.259,2051.0,1.0857856308042695
5,RF,0.258,2056.0,1.0815934082915117
393,RF,0.258,2056.0,1.0815934082915117
508,RF,0.258,2056.0,1.0815934082915117
1507,RF,0.258,2056.0,1.0815934082915117
1288,RF,0.257,2060.0,1.0774011857787538
1083,RF,0.256,2061.0,1.073208963265996
1103,RF,0.256,2061.0,1.073208963265996
1132,RF,0.256,2061.0,1.073208963265996
1201,RF,0.256,2061.0,1.073208963265996
1393,RF,0.256,2061.0,1.073208963265996
111,RF,0.255,2066.0,1.0690167407532383
1178,RF,0.255,2066.0,1.0690167407532383
1223,RF,0.255,2066.0,1.0690167407532383
2050,RF,0.255,2066.0,1.0690167407532383
2329,RF,0.255,2066.0,1.0690167407532383
2744,RF,0.255,2066.0,1.0690167407532383
395,RF,0.254,2072.0,1.0648245182404805
611,RF,0.254,2072.0,1.0648245182404805
2459,RF,0.254,2072.0,1.0648245182404805
203,RF,0.253,2075.0,1.0606322957277226
1490,RF,0.253,2075.0,1.0606322957277226
1722,RF,0.253,2075.0,1.0606322957277226
2375,RF,0.253,2075.0,1.0606322957277226
1168,RF,0.251,2079.0,1.052247850702207
1466,RF,0.251,2079.0,1.052247850702207
1620,RF,0.251,2079.0,1.052247850702207
1755,RF,0.251,2079.0,1.052247850702207
1967,RF,0.251,2079.0,1.052247850702207
2396,RF,0.251,2079.0,1.052247850702207
363,RF,0.25,2085.0,1.0480556281894493
589,RF,0.25,2085.0,1.0480556281894493
1626,RF,0.25,2085.0,1.0480556281894493
1809,RF,0.25,2085.0,1.0480556281894493
2002,RF,0.25,2085.0,1.0480556281894493
116,RF,0.249,2090.0,1.0438634056766913
1180,RF,0.249,2090.0,1.0438634056766913
715,RF,0.248,2092.0,1.0396711831639336
994,RF,0.248,2092.0,1.0396711831639336
1015,RF,0.248,2092.0,1.0396711831639336
1497,RF,0.248,2092.0,1.0396711831639336
1567,RF,0.248,2092.0,1.0396711831639336
603,RF,0.247,2097.0,1.0354789606511758
1042,RF,0.247,2097.0,1.0354789606511758
1833,RF,0.247,2097.0,1.0354789606511758
2239,RF,0.247,2097.0,1.0354789606511758
1149,RF,0.246,2101.0,1.031286738138418
1175,RF,0.246,2101.0,1.031286738138418
2256,RF,0.246,2101.0,1.031286738138418
1457,RF,0.245,2104.0,1.0270945156256601
1541,RF,0.245,2104.0,1.0270945156256601
2107,RF,0.245,2104.0,1.0270945156256601
269,RF,0.244,2107.0,1.0229022931129024
432,RF,0.244,2107.0,1.0229022931129024
563,RF,0.244,2107.0,1.0229022931129024
733,RF,0.244,2107.0,1.0229022931129024
1396,RF,0.244,2107.0,1.0229022931129024
1495,RF,0.244,2107.0,1.0229022931129024
1770,RF,0.244,2107.0,1.0229022931129024
1896,RF,0.244,2107.0,1.0229022931129024
1983,RF,0.244,2107.0,1.0229022931129024
572,RF,0.243,2116.0,1.0187100706001446
1052,RF,0.243,2116.0,1.0187100706001446
2642,RF,0.243,2116.0,1.0187100706001446
399,RF,0.242,2119.0,1.0145178480873869
605,RF,0.242,2119.0,1.0145178480873869
1664,RF,0.242,2119.0,1.0145178480873869
2244,RF,0.242,2119.0,1.0145178480873869
2655,RF,0.242,2119.0,1.0145178480873869
296,RF,0.241,2124.0,1.0103256255746291
436,RF,0.241,2124.0,1.0103256255746291
2409,RF,0.241,2124.0,1.0103256255746291
2686,RF,0.241,2124.0,1.0103256255746291
161,RF,0.24,2128.0,1.0061334030618712
2620,RF,0.24,2128.0,1.0061334030618712
1799,RF,0.239,2130.0,1.0019411805491134
1868,RF,0.239,2130.0,1.0019411805491134
2042,RF,0.239,2130.0,1.0019411805491134
2118,RF,0.239,2130.0,1.0019411805491134
21,RF,0.238,2134.0,0.9977489580363557
1751,RF,0.238,2134.0,0.9977489580363557
1898,RF,0.238,2134.0,0.9977489580363557
2364,RF,0.238,2134.0,0.9977489580363557
326,RF,0.237,2138.0,0.9935567355235978
1230,RF,0.237,2138.0,0.9935567355235978
1547,RF,0.237,2138.0,0.9935567355235978
1696,RF,0.237,2138.0,0.9935567355235978
2395,RF,0.237,2138.0,0.9935567355235978
2573,RF,0.237,2138.0,0.9935567355235978
2619,RF,0.237,2138.0,0.9935567355235978
788,RF,0.236,2145.0,0.98936451301084
1927,RF,0.236,2145.0,0.98936451301084
2017,RF,0.236,2145.0,0.98936451301084
16,RF,0.235,2148.0,0.9851722904980822
1683,RF,0.235,2148.0,0.9851722904980822
2236,RF,0.235,2148.0,0.9851722904980822
71,RF,0.234,2151.0,0.9809800679853246
1065,RF,0.234,2151.0,0.9809800679853246
1351,RF,0.234,2151.0,0.9809800679853246
1368,RF,0.234,2151.0,0.9809800679853246
1496,RF,0.234,2151.0,0.9809800679853246
2127,RF,0.234,2151.0,0.9809800679853246
677,RF,0.233,2157.0,0.9767878454725667
681,RF,0.233,2157.0,0.9767878454725667
906,RF,0.233,2157.0,0.9767878454725667
1374,RF,0.233,2157.0,0.9767878454725667
931,RF,0.232,2161.0,0.972595622959809
1051,RF,0.232,2161.0,0.972595622959809
1092,RF,0.232,2161.0,0.972595622959809
1589,RF,0.232,2161.0,0.972595622959809
1769,RF,0.232,2161.0,0.972595622959809
2751,RF,0.232,2161.0,0.972595622959809
94,RF,0.231,2167.0,0.9684034004470511
543,RF,0.231,2167.0,0.9684034004470511
813,RF,0.231,2167.0,0.9684034004470511
1216,RF,0.231,2167.0,0.9684034004470511
1273,RF,0.231,2167.0,0.9684034004470511
1774,RF,0.231,2167.0,0.9684034004470511
332,RF,0.23,2173.0,0.9642111779342933
470,RF,0.23,2173.0,0.9642111779342933
1127,RF,0.23,2173.0,0.9642111779342933
1131,RF,0.23,2173.0,0.9642111779342933
1235,RF,0.23,2173.0,0.9642111779342933
2035,RF,0.23,2173.0,0.9642111779342933
2081,RF,0.23,2173.0,0.9642111779342933
2142,RF,0.23,2173.0,0.9642111779342933
926,RF,0.229,2181.0,0.9600189554215355
1331,RF,0.229,2181.0,0.9600189554215355
1701,RF,0.229,2181.0,0.9600189554215355
2728,RF,0.228,2184.0,0.9558267329087777
2111,RF,0.227,2185.0,0.9516345103960199
2701,RF,0.227,2185.0,0.9516345103960199
1236,RF,0.226,2187.0,0.9474422878832621
1605,RF,0.226,2187.0,0.9474422878832621
374,RF,0.225,2189.0,0.9432500653705044
2229,RF,0.225,2189.0,0.9432500653705044
2726,RF,0.225,2189.0,0.9432500653705044
591,RF,0.224,2192.0,0.9390578428577465
231,RF,0.223,2193.0,0.9348656203449888
1137,RF,0.223,2193.0,0.9348656203449888
2171,RF,0.223,2193.0,0.9348656203449888
2215,RF,0.223,2193.0,0.9348656203449888
2312,RF,0.223,2193.0,0.9348656203449888
2712,RF,0.223,2193.0,0.9348656203449888
109,RF,0.222,2199.0,0.9306733978322309
368,RF,0.221,2200.0,0.9264811753194732
1130,RF,0.221,2200.0,0.9264811753194732
1133,RF,0.221,2200.0,0.9264811753194732
1222,RF,0.221,2200.0,0.9264811753194732
1434,RF,0.221,2200.0,0.9264811753194732
2015,RF,0.221,2200.0,0.9264811753194732
817,RF,0.22,2206.0,0.9222889528067153
1882,RF,0.22,2206.0,0.9222889528067153
2426,RF,0.22,2206.0,0.9222889528067153
2428,RF,0.22,2206.0,0.9222889528067153
87,RF,0.219,2210.0,0.9180967302939576
532,RF,0.219,2210.0,0.9180967302939576
1504,RF,0.219,2210.0,0.9180967302939576
2498,RF,0.219,2210.0,0.9180967302939576
2572,RF,0.219,2210.0,0.9180967302939576
275,RF,0.218,2215.0,0.9139045077811997
717,RF,0.218,2215.0,0.9139045077811997
1207,RF,0.218,2215.0,0.9139045077811997
2507,RF,0.218,2215.0,0.9139045077811997
983,RF,0.217,2219.0,0.909712285268442
1265,RF,0.217,2219.0,0.909712285268442
2754,RF,0.217,2219.0,0.909712285268442
63,RF,0.216,2222.0,0.9055200627556841
232,RF,0.216,2222.0,0.9055200627556841
233,RF,0.216,2222.0,0.9055200627556841
626,RF,0.216,2222.0,0.9055200627556841
2378,RF,0.216,2222.0,0.9055200627556841
2674,RF,0.216,2222.0,0.9055200627556841
139,RF,0.215,2228.0,0.9013278402429263
1435,RF,0.215,2228.0,0.9013278402429263
1552,RF,0.215,2228.0,0.9013278402429263
1785,RF,0.215,2228.0,0.9013278402429263
2077,RF,0.215,2228.0,0.9013278402429263
2154,RF,0.215,2228.0,0.9013278402429263
421,RF,0.213,2234.0,0.8929433952174107
1308,RF,0.213,2234.0,0.8929433952174107
1462,RF,0.213,2234.0,0.8929433952174107
662,RF,0.212,2237.0,0.8887511727046529
678,RF,0.212,2237.0,0.8887511727046529
1050,RF,0.212,2237.0,0.8887511727046529
1426,RF,0.212,2237.0,0.8887511727046529
2186,RF,0.212,2237.0,0.8887511727046529
1259,RF,0.211,2242.0,0.8845589501918951
2387,RF,0.211,2242.0,0.8845589501918951
133,RF,0.21,2244.0,0.8803667276791373
2503,RF,0.21,2244.0,0.8803667276791373
2516,RF,0.21,2244.0,0.8803667276791373
2706,RF,0.21,2244.0,0.8803667276791373
92,RF,0.209,2248.0,0.8761745051663795
953,RF,0.209,2248.0,0.8761745051663795
2427,RF,0.209,2248.0,0.8761745051663795
2668,RF,0.209,2248.0,0.8761745051663795
423,RF,0.208,2252.0,0.8719822826536218
1461,RF,0.208,2252.0,0.8719822826536218
356,RF,0.207,2254.0,0.8677900601408639
1336,RF,0.207,2254.0,0.8677900601408639
1668,RF,0.207,2254.0,0.8677900601408639
2176,RF,0.206,2257.0,0.8635978376281062
2625,RF,0.206,2257.0,0.8635978376281062
49,RF,0.205,2259.0,0.8594056151153483
517,RF,0.205,2259.0,0.8594056151153483
1049,RF,0.205,2259.0,0.8594056151153483
1386,RF,0.205,2259.0,0.8594056151153483
2086,RF,0.205,2259.0,0.8594056151153483
118,RF,0.204,2264.0,0.8552133926025905
1213,RF,0.204,2264.0,0.8552133926025905
731,RF,0.203,2266.0,0.8510211700898328
852,RF,0.203,2266.0,0.8510211700898328
1926,RF,0.203,2266.0,0.8510211700898328
2267,RF,0.203,2266.0,0.8510211700898328
2322,RF,0.203,2266.0,0.8510211700898328
2729,RF,0.203,2266.0,0.8510211700898328
284,RF,0.202,2272.0,0.846828947577075
317,RF,0.202,2272.0,0.846828947577075
711,RF,0.202,2272.0,0.846828947577075
1284,RF,0.202,2272.0,0.846828947577075
2379,RF,0.202,2272.0,0.846828947577075
1196,RF,0.201,2277.0,0.8426367250643172
1365,RF,0.201,2277.0,0.8426367250643172
680,RF,0.2,2279.0,0.8384445025515594
239,RF,0.199,2280.0,0.8342522800388016
268,RF,0.199,2280.0,0.8342522800388016
1633,RF,0.199,2280.0,0.8342522800388016
1911,RF,0.199,2280.0,0.8342522800388016
1327,RF,0.198,2284.0,0.8300600575260438
1508,RF,0.198,2284.0,0.8300600575260438
1561,RF,0.198,2284.0,0.8300600575260438
2166,RF,0.198,2284.0,0.8300600575260438
1346,RF,0.197,2288.0,0.825867835013286
2174,RF,0.197,2288.0,0.825867835013286
299,RF,0.196,2290.0,0.8216756125005282
386,RF,0.196,2290.0,0.8216756125005282
881,RF,0.196,2290.0,0.8216756125005282
1387,RF,0.196,2290.0,0.8216756125005282
1757,RF,0.196,2290.0,0.8216756125005282
2707,RF,0.196,2290.0,0.8216756125005282
2711,RF,0.196,2290.0,0.8216756125005282
1997,RF,0.195,2297.0,0.8174833899877704
2377,RF,0.195,2297.0,0.8174833899877704
1156,RF,0.194,2299.0,0.8132911674750126
1294,RF,0.194,2299.0,0.8132911674750126
1370,RF,0.194,2299.0,0.8132911674750126
1887,RF,0.194,2299.0,0.8132911674750126
2288,RF,0.194,2299.0,0.8132911674750126
2549,RF,0.194,2299.0,0.8132911674750126
542,RF,0.193,2305.0,0.8090989449622549
804,RF,0.193,2305.0,0.8090989449622549
1060,RF,0.193,2305.0,0.8090989449622549
1723,RF,0.193,2305.0,0.8090989449622549
1840,RF,0.193,2305.0,0.8090989449622549
2631,RF,0.193,2305.0,0.8090989449622549
3,RF,0.192,2311.0,0.804906722449497
1191,RF,0.192,2311.0,0.804906722449497
2402,RF,0.192,2311.0,0.804906722449497
2513,RF,0.192,2311.0,0.804906722449497
2331,RF,0.191,2315.0,0.8007144999367393
2747,RF,0.191,2315.0,0.8007144999367393
524,RF,0.19,2317.0,0.7965222774239814
592,RF,0.19,2317.0,0.7965222774239814
737,RF,0.19,2317.0,0.7965222774239814
808,RF,0.19,2317.0,0.7965222774239814
1022,RF,0.19,2317.0,0.7965222774239814
1071,RF,0.19,2317.0,0.7965222774239814
1516,RF,0.19,2317.0,0.7965222774239814
1936,RF,0.19,2317.0,0.7965222774239814
2040,RF,0.19,2317.0,0.7965222774239814
14,RF,0.188,2326.0,0.7881378323984658
736,RF,0.188,2326.0,0.7881378323984658
1186,RF,0.188,2326.0,0.7881378323984658
1449,RF,0.188,2326.0,0.7881378323984658
1709,RF,0.188,2326.0,0.7881378323984658
1831,RF,0.188,2326.0,0.7881378323984658
2693,RF,0.188,2326.0,0.7881378323984658
430,RF,0.187,2333.0,0.783945609885708
1557,RF,0.187,2333.0,0.783945609885708
1795,RF,0.187,2333.0,0.783945609885708
2317,RF,0.187,2333.0,0.783945609885708
123,RF,0.186,2337.0,0.7797533873729502
290,RF,0.186,2337.0,0.7797533873729502
999,RF,0.186,2337.0,0.7797533873729502
1072,RF,0.186,2337.0,0.7797533873729502
2472,RF,0.186,2337.0,0.7797533873729502
2721,RF,0.186,2337.0,0.7797533873729502
643,RF,0.185,2343.0,0.7755611648601924
1366,RF,0.185,2343.0,0.7755611648601924
1588,RF,0.185,2343.0,0.7755611648601924
1928,RF,0.185,2343.0,0.7755611648601924
2362,RF,0.185,2343.0,0.7755611648601924
2652,RF,0.185,2343.0,0.7755611648601924
446,RF,0.184,2349.0,0.7713689423474346
912,RF,0.184,2349.0,0.7713689423474346
1844,RF,0.184,2349.0,0.7713689423474346
2182,RF,0.184,2349.0,0.7713689423474346
1615,RF,0.183,2353.0,0.7671767198346768
1851,RF,0.183,2353.0,0.7671767198346768
2324,RF,0.183,2353.0,0.7671767198346768
182,RF,0.182,2356.0,0.762984497321919
215,RF,0.182,2356.0,0.762984497321919
309,RF,0.182,2356.0,0.762984497321919
354,RF,0.182,2356.0,0.762984497321919
448,RF,0.182,2356.0,0.762984497321919
498,RF,0.182,2356.0,0.762984497321919
1289,RF,0.182,2356.0,0.762984497321919
461,RF,0.181,2363.0,0.7587922748091612
987,RF,0.181,2363.0,0.7587922748091612
2032,RF,0.181,2363.0,0.7587922748091612
2101,RF,0.181,2363.0,0.7587922748091612
2569,RF,0.181,2363.0,0.7587922748091612
68,RF,0.18,2368.0,0.7546000522964034
1006,RF,0.18,2368.0,0.7546000522964034
1975,RF,0.18,2368.0,0.7546000522964034
2112,RF,0.18,2368.0,0.7546000522964034
2352,RF,0.18,2368.0,0.7546000522964034
2574,RF,0.18,2368.0,0.7546000522964034
73,RF,0.179,2374.0,0.7504078297836456
1529,RF,0.179,2374.0,0.7504078297836456
1822,RF,0.179,2374.0,0.7504078297836456
2647,RF,0.179,2374.0,0.7504078297836456
510,RF,0.178,2378.0,0.7462156072708878
1110,RF,0.178,2378.0,0.7462156072708878
651,RF,0.177,2380.0,0.74202338475813
1703,RF,0.177,2380.0,0.74202338475813
440,RF,0.176,2382.0,0.7378311622453723
577,RF,0.176,2382.0,0.7378311622453723
842,RF,0.176,2382.0,0.7378311622453723
2129,RF,0.176,2382.0,0.7378311622453723
699,RF,0.175,2386.0,0.7336389397326144
910,RF,0.175,2386.0,0.7336389397326144
1446,RF,0.175,2386.0,0.7336389397326144
1878,RF,0.175,2386.0,0.7336389397326144
2124,RF,0.175,2386.0,0.7336389397326144
2342,RF,0.175,2386.0,0.7336389397326144
2681,RF,0.175,2386.0,0.7336389397326144
764,RF,0.174,2393.0,0.7294467172198567
644,RF,0.173,2394.0,0.7252544947070988
1099,RF,0.173,2394.0,0.7252544947070988
2193,RF,0.173,2394.0,0.7252544947070988
2271,RF,0.173,2394.0,0.7252544947070988
2492,RF,0.173,2394.0,0.7252544947070988
558,RF,0.172,2399.0,0.721062272194341
828,RF,0.172,2399.0,0.721062272194341
1262,RF,0.172,2399.0,0.721062272194341
1319,RF,0.172,2399.0,0.721062272194341
1628,RF,0.172,2399.0,0.721062272194341
1857,RF,0.172,2399.0,0.721062272194341
48,RF,0.171,2405.0,0.7168700496815833
1424,RF,0.171,2405.0,0.7168700496815833
315,RF,0.17,2407.0,0.7126778271688256
673,RF,0.17,2407.0,0.7126778271688256
760,RF,0.17,2407.0,0.7126778271688256
932,RF,0.17,2407.0,0.7126778271688256
1870,RF,0.17,2407.0,0.7126778271688256
2357,RF,0.17,2407.0,0.7126778271688256
639,RF,0.169,2413.0,0.7084856046560677
648,RF,0.169,2413.0,0.7084856046560677
1865,RF,0.169,2413.0,0.7084856046560677
106,RF,0.168,2416.0,0.7042933821433099
620,RF,0.168,2416.0,0.7042933821433099
2383,RF,0.168,2416.0,0.7042933821433099
2694,RF,0.168,2416.0,0.7042933821433099
2777,RF,0.168,2416.0,0.7042933821433099
359,RF,0.167,2421.0,0.7001011596305521
1820,RF,0.167,2421.0,0.7001011596305521
880,RF,0.166,2423.0,0.6959089371177943
1357,RF,0.166,2423.0,0.6959089371177943
2202,RF,0.166,2423.0,0.6959089371177943
829,RF,0.165,2426.0,0.6917167146050365
1307,RF,0.165,2426.0,0.6917167146050365
1602,RF,0.165,2426.0,0.6917167146050365
2197,RF,0.165,2426.0,0.6917167146050365
604,RF,0.164,2430.0,0.6875244920922787
1816,RF,0.164,2430.0,0.6875244920922787
1947,RF,0.164,2430.0,0.6875244920922787
2207,RF,0.164,2430.0,0.6875244920922787
50,RF,0.163,2434.0,0.6833322695795209
875,RF,0.163,2434.0,0.6833322695795209
2095,RF,0.163,2434.0,0.6833322695795209
2482,RF,0.163,2434.0,0.6833322695795209
2559,RF,0.163,2434.0,0.6833322695795209
2521,RF,0.161,2439.0,0.6749478245540054
1573,RF,0.16,2440.0,0.6707556020412475
2196,RF,0.16,2440.0,0.6707556020412475
2669,RF,0.16,2440.0,0.6707556020412475
1057,RF,0.159,2443.0,0.6665633795284898
1553,RF,0.159,2443.0,0.6665633795284898
2072,RF,0.159,2443.0,0.6665633795284898
2534,RF,0.159,2443.0,0.6665633795284898
2555,RF,0.159,2443.0,0.6665633795284898
1177,RF,0.158,2448.0,0.6623711570157319
1827,RF,0.158,2448.0,0.6623711570157319
2143,RF,0.158,2448.0,0.6623711570157319
2219,RF,0.158,2448.0,0.6623711570157319
2349,RF,0.158,2448.0,0.6623711570157319
2423,RF,0.158,2448.0,0.6623711570157319
83,RF,0.157,2454.0,0.6581789345029742
984,RF,0.156,2455.0,0.6539867119902163
1228,RF,0.156,2455.0,0.6539867119902163
2579,RF,0.156,2455.0,0.6539867119902163
13,RF,0.155,2458.0,0.6497944894774585
88,RF,0.155,2458.0,0.6497944894774585
480,RF,0.155,2458.0,0.6497944894774585
687,RF,0.155,2458.0,0.6497944894774585
724,RF,0.155,2458.0,0.6497944894774585
1465,RF,0.155,2458.0,0.6497944894774585
2046,RF,0.155,2458.0,0.6497944894774585
2438,RF,0.155,2458.0,0.6497944894774585
2510,RF,0.155,2458.0,0.6497944894774585
2558,RF,0.155,2458.0,0.6497944894774585
2730,RF,0.155,2458.0,0.6497944894774585
848,RF,0.154,2469.0,0.6456022669647007
1727,RF,0.154,2469.0,0.6456022669647007
1988,RF,0.154,2469.0,0.6456022669647007
2382,RF,0.154,2469.0,0.6456022669647007
375,RF,0.153,2473.0,0.6414100444519429
551,RF,0.153,2473.0,0.6414100444519429
2061,RF,0.153,2473.0,0.6414100444519429
2687,RF,0.153,2473.0,0.6414100444519429
982,RF,0.152,2477.0,0.6372178219391851
1362,RF,0.152,2477.0,0.6372178219391851
1463,RF,0.152,2477.0,0.6372178219391851
1984,RF,0.152,2477.0,0.6372178219391851
2285,RF,0.152,2477.0,0.6372178219391851
198,RF,0.151,2482.0,0.6330255994264273
1091,RF,0.151,2482.0,0.6330255994264273
20,RF,0.15,2484.0,0.6288333769136695
329,RF,0.15,2484.0,0.6288333769136695
645,RF,0.15,2484.0,0.6288333769136695
1024,RF,0.15,2484.0,0.6288333769136695
1987,RF,0.15,2484.0,0.6288333769136695
796,RF,0.149,2489.0,0.6246411544009117
1464,RF,0.149,2489.0,0.6246411544009117
2493,RF,0.149,2489.0,0.6246411544009117
2603,RF,0.149,2489.0,0.6246411544009117
181,RF,0.148,2493.0,0.6204489318881539
191,RF,0.148,2493.0,0.6204489318881539
779,RF,0.148,2493.0,0.6204489318881539
929,RF,0.148,2493.0,0.6204489318881539
992,RF,0.148,2493.0,0.6204489318881539
1471,RF,0.148,2493.0,0.6204489318881539
2433,RF,0.148,2493.0,0.6204489318881539
2502,RF,0.148,2493.0,0.6204489318881539
242,RF,0.147,2501.0,0.6162567093753961
361,RF,0.147,2501.0,0.6162567093753961
1038,RF,0.147,2501.0,0.6162567093753961
1162,RF,0.147,2501.0,0.6162567093753961
1410,RF,0.147,2501.0,0.6162567093753961
190,RF,0.146,2506.0,0.6120644868626383
576,RF,0.146,2506.0,0.6120644868626383
2449,RF,0.146,2506.0,0.6120644868626383
2565,RF,0.146,2506.0,0.6120644868626383
2587,RF,0.146,2506.0,0.6120644868626383
1299,RF,0.145,2511.0,0.6078722643498805
1525,RF,0.145,2511.0,0.6078722643498805
1842,RF,0.145,2511.0,0.6078722643498805
2146,RF,0.145,2511.0,0.6078722643498805
2385,RF,0.144,2515.0,0.6036800418371228
1058,RF,0.143,2516.0,0.5994878193243649
1498,RF,0.143,2516.0,0.5994878193243649
1636,RF,0.143,2516.0,0.5994878193243649
1889,RF,0.143,2516.0,0.5994878193243649
152,RF,0.142,2520.0,0.5952955968116072
720,RF,0.142,2520.0,0.5952955968116072
870,RF,0.142,2520.0,0.5952955968116072
949,RF,0.142,2520.0,0.5952955968116072
1003,RF,0.142,2520.0,0.5952955968116072
1765,RF,0.142,2520.0,0.5952955968116072
631,RF,0.141,2526.0,0.5911033742988493
652,RF,0.141,2526.0,0.5911033742988493
1718,RF,0.141,2526.0,0.5911033742988493
1812,RF,0.141,2526.0,0.5911033742988493
1850,RF,0.141,2526.0,0.5911033742988493
2550,RF,0.141,2526.0,0.5911033742988493
2155,RF,0.14,2532.0,0.5869111517860917
2478,RF,0.14,2532.0,0.5869111517860917
2071,RF,0.139,2534.0,0.5827189292733338
2328,RF,0.139,2534.0,0.5827189292733338
1598,RF,0.138,2536.0,0.578526706760576
30,RF,0.137,2537.0,0.5743344842478182
331,RF,0.137,2537.0,0.5743344842478182
939,RF,0.137,2537.0,0.5743344842478182
1750,RF,0.137,2537.0,0.5743344842478182
103,RF,0.136,2541.0,0.5701422617350604
941,RF,0.136,2541.0,0.5701422617350604
1485,RF,0.136,2541.0,0.5701422617350604
1848,RF,0.136,2541.0,0.5701422617350604
1515,RF,0.135,2545.0,0.5659500392223026
1687,RF,0.135,2545.0,0.5659500392223026
2190,RF,0.135,2545.0,0.5659500392223026
2577,RF,0.135,2545.0,0.5659500392223026
120,RF,0.134,2549.0,0.5617578167095448
1836,RF,0.134,2549.0,0.5617578167095448
1886,RF,0.134,2549.0,0.5617578167095448
1671,RF,0.133,2552.0,0.557565594196787
2345,RF,0.133,2552.0,0.557565594196787
200,RF,0.132,2554.0,0.5533733716840292
584,RF,0.132,2554.0,0.5533733716840292
723,RF,0.132,2554.0,0.5533733716840292
1234,RF,0.132,2554.0,0.5533733716840292
2192,RF,0.132,2554.0,0.5533733716840292
2283,RF,0.132,2554.0,0.5533733716840292
2606,RF,0.132,2554.0,0.5533733716840292
140,RF,0.131,2561.0,0.5491811491712714
1161,RF,0.131,2561.0,0.5491811491712714
1287,RF,0.131,2561.0,0.5491811491712714
1595,RF,0.131,2561.0,0.5491811491712714
274,RF,0.13,2565.0,0.5449889266585136
1676,RF,0.13,2565.0,0.5449889266585136
1732,RF,0.13,2565.0,0.5449889266585136
2732,RF,0.13,2565.0,0.5449889266585136
2772,RF,0.13,2565.0,0.5449889266585136
1737,RF,0.129,2570.0,0.5407967041457559
1804,RF,0.129,2570.0,0.5407967041457559
2417,RF,0.129,2570.0,0.5407967041457559
2589,RF,0.129,2570.0,0.5407967041457559
2641,RF,0.129,2570.0,0.5407967041457559
207,RF,0.128,2575.0,0.536604481632998
641,RF,0.128,2575.0,0.536604481632998
1187,RF,0.128,2575.0,0.536604481632998
2109,RF,0.128,2575.0,0.536604481632998
1063,RF,0.127,2579.0,0.5324122591202403
1624,RF,0.127,2579.0,0.5324122591202403
1902,RF,0.127,2579.0,0.5324122591202403
2270,RF,0.127,2579.0,0.5324122591202403
67,RF,0.126,2583.0,0.5282200366074824
475,RF,0.126,2583.0,0.5282200366074824
2626,RF,0.126,2583.0,0.5282200366074824
789,RF,0.125,2586.0,0.5240278140947247
1350,RF,0.125,2586.0,0.5240278140947247
2011,RF,0.125,2586.0,0.5240278140947247
2535,RF,0.125,2586.0,0.5240278140947247
2557,RF,0.125,2586.0,0.5240278140947247
2,RF,0.124,2591.0,0.5198355915819668
154,RF,0.124,2591.0,0.5198355915819668
313,RF,0.124,2591.0,0.5198355915819668
571,RF,0.124,2591.0,0.5198355915819668
1000,RF,0.124,2591.0,0.5198355915819668
1714,RF,0.124,2591.0,0.5198355915819668
1801,RF,0.124,2591.0,0.5198355915819668
2062,RF,0.124,2591.0,0.5198355915819668
2414,RF,0.124,2591.0,0.5198355915819668
1030,RF,0.123,2600.0,0.515643369069209
1509,RF,0.123,2600.0,0.515643369069209
336,RF,0.122,2602.0,0.5114511465564512
632,RF,0.122,2602.0,0.5114511465564512
1075,RF,0.122,2602.0,0.5114511465564512
1134,RF,0.122,2602.0,0.5114511465564512
1398,RF,0.122,2602.0,0.5114511465564512
1580,RF,0.122,2602.0,0.5114511465564512
273,RF,0.121,2608.0,0.5072589240436934
1054,RF,0.121,2608.0,0.5072589240436934
1086,RF,0.121,2608.0,0.5072589240436934
1095,RF,0.121,2608.0,0.5072589240436934
1821,RF,0.121,2608.0,0.5072589240436934
2208,RF,0.121,2608.0,0.5072589240436934
2560,RF,0.121,2608.0,0.5072589240436934
158,RF,0.12,2615.0,0.5030667015309356
479,RF,0.12,2615.0,0.5030667015309356
793,RF,0.12,2615.0,0.5030667015309356
854,RF,0.12,2615.0,0.5030667015309356
1227,RF,0.12,2615.0,0.5030667015309356
1376,RF,0.12,2615.0,0.5030667015309356
1735,RF,0.12,2615.0,0.5030667015309356
1817,RF,0.12,2615.0,0.5030667015309356
2094,RF,0.12,2615.0,0.5030667015309356
2272,RF,0.12,2615.0,0.5030667015309356
2308,RF,0.12,2615.0,0.5030667015309356
380,RF,0.119,2626.0,0.49887447901817783
550,RF,0.119,2626.0,0.49887447901817783
841,RF,0.119,2626.0,0.49887447901817783
2753,RF,0.119,2626.0,0.49887447901817783
285,RF,0.118,2630.0,0.49468225650542
465,RF,0.118,2630.0,0.49468225650542
751,RF,0.118,2630.0,0.49468225650542
887,RF,0.118,2630.0,0.49468225650542
1505,RF,0.118,2630.0,0.49468225650542
1632,RF,0.118,2630.0,0.49468225650542
2121,RF,0.118,2630.0,0.49468225650542
2499,RF,0.118,2630.0,0.49468225650542
2596,RF,0.118,2630.0,0.49468225650542
642,RF,0.117,2639.0,0.4904900339926623
693,RF,0.117,2639.0,0.4904900339926623
1324,RF,0.117,2639.0,0.4904900339926623
1348,RF,0.117,2639.0,0.4904900339926623
1373,RF,0.117,2639.0,0.4904900339926623
1381,RF,0.117,2639.0,0.4904900339926623
2340,RF,0.117,2639.0,0.4904900339926623
802,RF,0.116,2646.0,0.4862978114799045
1641,RF,0.116,2646.0,0.4862978114799045
1991,RF,0.116,2646.0,0.4862978114799045
383,RF,0.115,2649.0,0.48210558896714667
692,RF,0.115,2649.0,0.48210558896714667
894,RF,0.115,2649.0,0.48210558896714667
930,RF,0.115,2649.0,0.48210558896714667
985,RF,0.115,2649.0,0.48210558896714667
1104,RF,0.115,2649.0,0.48210558896714667
1139,RF,0.115,2649.0,0.48210558896714667
1487,RF,0.115,2649.0,0.48210558896714667
1520,RF,0.115,2649.0,0.48210558896714667
1859,RF,0.115,2649.0,0.48210558896714667
2666,RF,0.115,2649.0,0.48210558896714667
634,RF,0.114,2660.0,0.47791336645438887
1310,RF,0.114,2660.0,0.47791336645438887
1823,RF,0.114,2660.0,0.47791336645438887
28,RF,0.113,2663.0,0.47372114394163106
579,RF,0.113,2663.0,0.47372114394163106
838,RF,0.113,2663.0,0.47372114394163106
1256,RF,0.113,2663.0,0.47372114394163106
2280,RF,0.113,2663.0,0.47372114394163106
2297,RF,0.113,2663.0,0.47372114394163106
2310,RF,0.113,2663.0,0.47372114394163106
2465,RF,0.113,2663.0,0.47372114394163106
2500,RF,0.113,2663.0,0.47372114394163106
1245,RF,0.112,2672.0,0.46952892142887326
2671,RF,0.112,2672.0,0.46952892142887326
1578,RF,0.111,2674.0,0.46533669891611545
1617,RF,0.111,2674.0,0.46533669891611545
2126,RF,0.111,2674.0,0.46533669891611545
2134,RF,0.111,2674.0,0.46533669891611545
1249,RF,0.11,2678.0,0.46114447640335765
1916,RF,0.11,2678.0,0.46114447640335765
1941,RF,0.11,2678.0,0.46114447640335765
2139,RF,0.11,2678.0,0.46114447640335765
108,RF,0.109,2682.0,0.45695225389059985
134,RF,0.109,2682.0,0.45695225389059985
758,RF,0.109,2682.0,0.45695225389059985
884,RF,0.109,2682.0,0.45695225389059985
936,RF,0.109,2682.0,0.45695225389059985
1198,RF,0.109,2682.0,0.45695225389059985
1206,RF,0.109,2682.0,0.45695225389059985
1527,RF,0.109,2682.0,0.45695225389059985
2413,RF,0.109,2682.0,0.45695225389059985
2685,RF,0.109,2682.0,0.45695225389059985
136,RF,0.108,2692.0,0.45276003137784204
229,RF,0.108,2692.0,0.45276003137784204
627,RF,0.108,2692.0,0.45276003137784204
1116,RF,0.108,2692.0,0.45276003137784204
2304,RF,0.108,2692.0,0.45276003137784204
2738,RF,0.108,2692.0,0.45276003137784204
291,RF,0.107,2698.0,0.44856780886508424
472,RF,0.107,2698.0,0.44856780886508424
868,RF,0.107,2698.0,0.44856780886508424
921,RF,0.107,2698.0,0.44856780886508424
1064,RF,0.107,2698.0,0.44856780886508424
1901,RF,0.107,2698.0,0.44856780886508424
1906,RF,0.107,2698.0,0.44856780886508424
2320,RF,0.107,2698.0,0.44856780886508424
36,RF,0.106,2706.0,0.44437558635232643
948,RF,0.106,2706.0,0.44437558635232643
1745,RF,0.106,2706.0,0.44437558635232643
2536,RF,0.106,2706.0,0.44437558635232643
1282,RF,0.105,2710.0,0.44018336383956863
2734,RF,0.105,2710.0,0.44018336383956863
595,RF,0.104,2712.0,0.4359911413268109
726,RF,0.104,2712.0,0.4359911413268109
1077,RF,0.104,2712.0,0.4359911413268109
1603,RF,0.104,2712.0,0.4359911413268109
2653,RF,0.104,2712.0,0.4359911413268109
1197,RF,0.103,2717.0,0.4317989188140531
1232,RF,0.103,2717.0,0.4317989188140531
1479,RF,0.103,2717.0,0.4317989188140531
1726,RF,0.103,2717.0,0.4317989188140531
2263,RF,0.103,2717.0,0.4317989188140531
2664,RF,0.103,2717.0,0.4317989188140531
791,RF,0.102,2723.0,0.4276066963012953
2165,RF,0.102,2723.0,0.4276066963012953
2198,RF,0.102,2723.0,0.4276066963012953
243,RF,0.101,2726.0,0.4234144737885375
1741,RF,0.101,2726.0,0.4234144737885375
1810,RF,0.101,2726.0,0.4234144737885375
2645,RF,0.101,2726.0,0.4234144737885375
1379,RF,0.1,2730.0,0.4192222512757797
2477,RF,0.1,2730.0,0.4192222512757797
2663,RF,0.1,2730.0,0.4192222512757797
218,RF,0.099,2733.0,0.4150300287630219
252,RF,0.099,2733.0,0.4150300287630219
439,RF,0.099,2733.0,0.4150300287630219
2009,RF,0.099,2733.0,0.4150300287630219
2563,RF,0.098,2737.0,0.4108378062502641
1335,RF,0.097,2738.0,0.4066455837375063
520,RF,0.096,2739.0,0.4024533612247485
614,RF,0.096,2739.0,0.4024533612247485
1679,RF,0.096,2739.0,0.4024533612247485
1915,RF,0.096,2739.0,0.4024533612247485
121,RF,0.095,2743.0,0.3982611387119907
504,RF,0.095,2743.0,0.3982611387119907
1429,RF,0.095,2743.0,0.3982611387119907
1917,RF,0.095,2743.0,0.3982611387119907
72,RF,0.094,2747.0,0.3940689161992329
2064,RF,0.093,2748.0,0.3898766936864751
2604,RF,0.093,2748.0,0.3898766936864751
663,RF,0.092,2750.0,0.3856844711737173
1619,RF,0.092,2750.0,0.3856844711737173
434,RF,0.091,2752.0,0.3814922486609595
919,RF,0.091,2752.0,0.3814922486609595
515,RF,0.09,2754.0,0.3773000261482017
2343,RF,0.09,2754.0,0.3773000261482017
2520,RF,0.09,2754.0,0.3773000261482017
322,RF,0.089,2757.0,0.3731078036354439
254,RF,0.085,2758.0,0.3563389135844128
1016,RF,0.085,2758.0,0.3563389135844128
2429,RF,0.085,2758.0,0.3563389135844128
993,RF,0.084,2761.0,0.35214669107165497
1399,RF,0.084,2761.0,0.35214669107165497
1002,RF,0.083,2763.0,0.34795446855889717
1322,RF,0.083,2763.0,0.34795446855889717
1713,RF,0.083,2763.0,0.34795446855889717
1159,RF,0.082,2766.0,0.34376224604613936
928,RF,0.081,2767.0,0.33957002353338156
1667,RF,0.081,2767.0,0.33957002353338156
1760,RF,0.081,2767.0,0.33957002353338156
54,RF,0.08,2770.0,0.33537780102062376
1247,RF,0.079,2771.0,0.33118557850786595
2336,RF,0.079,2771.0,0.33118557850786595
1638,RF,0.078,2773.0,0.32699335599510815
144,RF,0.076,2774.0,0.31860891096959254
903,RF,0.076,2774.0,0.31860891096959254
2768,RF,0.076,2774.0,0.31860891096959254
1642,RF,0.073,2777.0,0.30603224343131913
1036,RF,0.07,2778.0,0.29345557589304583
220,BRT,1.499,1.0,7.34627359374716
318,BRT,1.348,2.0,6.606255373162889
2266,BRT,1.258,3.0,6.165184910562993
1025,BRT,1.204,4.0,5.900542633003055
2609,BRT,1.177,5.0,5.768221494223087
923,BRT,1.155,6.0,5.660404270032001
878,BRT,1.154,7.0,5.655503487114223
129,BRT,1.144,8.0,5.606495657936457
2110,BRT,1.144,8.0,5.606495657936457
522,BRT,1.13,10.0,5.537884697087584
2583,BRT,1.128,11.0,5.528083131252031
748,BRT,1.115,12.0,5.464372953320936
1692,BRT,1.101,13.0,5.395761992472063
1255,BRT,1.095,14.0,5.366357294965403
979,BRT,1.093,15.0,5.35655572912985
2047,BRT,1.077,16.0,5.278143202445424
476,BRT,1.065,17.0,5.219333807432104
2084,BRT,1.037,18.0,5.082111885734359
2259,BRT,1.036,19.0,5.077211102816583
904,BRT,1.035,20.0,5.072310319898805
1972,BRT,1.024,21.0,5.018401707803263
2029,BRT,1.023,22.0,5.013500924885486
951,BRT,1.019,23.0,4.993897793214379
1096,BRT,1.019,23.0,4.993897793214379
900,BRT,1.008,25.0,4.939989181118837
1910,BRT,1.003,26.0,4.915485266529953
1355,BRT,1.002,27.0,4.910584483612177
570,BRT,0.997,28.0,4.886080569023294
2052,BRT,0.993,29.0,4.866477437352187
1597,BRT,0.992,30.0,4.861576654434411
1931,BRT,0.982,31.0,4.812568825256645
39,BRT,0.977,32.0,4.788064910667761
1129,BRT,0.977,32.0,4.788064910667761
2456,BRT,0.974,34.0,4.773362561914432
193,BRT,0.973,35.0,4.768461778996655
351,BRT,0.973,35.0,4.768461778996655
1437,BRT,0.973,35.0,4.768461778996655
1354,BRT,0.969,38.0,4.748858647325548
561,BRT,0.968,39.0,4.743957864407772
2188,BRT,0.966,40.0,4.734156298572218
1518,BRT,0.965,41.0,4.729255515654442
2004,BRT,0.964,42.0,4.724354732736665
1011,BRT,0.961,43.0,4.709652383983335
2076,BRT,0.957,44.0,4.690049252312229
2161,BRT,0.948,45.0,4.645942206052239
1114,BRT,0.939,46.0,4.60183515979225
96,BRT,0.937,47.0,4.592033593956697
1040,BRT,0.933,48.0,4.57243046228559
2659,BRT,0.93,49.0,4.55772811353226
797,BRT,0.927,50.0,4.543025764778931
955,BRT,0.924,51.0,4.528323416025601
38,BRT,0.911,52.0,4.464613238094505
2290,BRT,0.906,53.0,4.440109323505621
1549,BRT,0.9,54.0,4.410704625998962
1825,BRT,0.9,54.0,4.410704625998962
1243,BRT,0.899,56.0,4.405803843081185
761,BRT,0.898,57.0,4.400903060163408
2284,BRT,0.897,58.0,4.396002277245632
2010,BRT,0.892,59.0,4.371498362656749
996,BRT,0.891,60.0,4.366597579738972
1419,BRT,0.891,60.0,4.366597579738972
1009,BRT,0.887,62.0,4.346994448067865
429,BRT,0.886,63.0,4.342093665150089
2305,BRT,0.881,64.0,4.317589750561206
2724,BRT,0.88,65.0,4.312688967643429
117,BRT,0.878,66.0,4.302887401807876
2085,BRT,0.878,66.0,4.302887401807876
2130,BRT,0.876,68.0,4.293085835972323
2274,BRT,0.874,69.0,4.283284270136769
2158,BRT,0.872,70.0,4.273482704301216
358,BRT,0.869,71.0,4.258780355547886
1791,BRT,0.869,71.0,4.258780355547886
1010,BRT,0.867,73.0,4.248978789712333
262,BRT,0.863,74.0,4.229375658041226
293,BRT,0.863,74.0,4.229375658041226
1824,BRT,0.86,76.0,4.214673309287896
1748,BRT,0.859,77.0,4.20977252637012
527,BRT,0.857,78.0,4.199970960534567
877,BRT,0.852,79.0,4.175467045945683
1697,BRT,0.852,79.0,4.175467045945683
601,BRT,0.85,81.0,4.16566548011013
369,BRT,0.847,82.0,4.1509631313568
1954,BRT,0.846,83.0,4.146062348439024
1296,BRT,0.844,84.0,4.13626078260347
149,BRT,0.839,85.0,4.111756868014587
1502,BRT,0.839,85.0,4.111756868014587
2486,BRT,0.838,87.0,4.106856085096811
825,BRT,0.833,88.0,4.082352170507927
2538,BRT,0.831,89.0,4.072550604672374
2689,BRT,0.831,89.0,4.072550604672374
1122,BRT,0.828,91.0,4.057848255919044
2455,BRT,0.828,91.0,4.057848255919044
1601,BRT,0.826,93.0,4.048046690083491
1754,BRT,0.825,94.0,4.043145907165714
2542,BRT,0.825,94.0,4.043145907165714
843,BRT,0.824,96.0,4.038245124247938
2389,BRT,0.821,97.0,4.023542775494608
1475,BRT,0.819,98.0,4.013741209659055
214,BRT,0.818,99.0,4.008840426741278
970,BRT,0.817,100.0,4.003939643823501
2501,BRT,0.816,101.0,3.999038860905725
2673,BRT,0.811,102.0,3.9745349463168425
2209,BRT,0.81,103.0,3.9696341633990655
732,BRT,0.807,104.0,3.9549318146457355
836,BRT,0.807,104.0,3.9549318146457355
1090,BRT,0.806,106.0,3.950031031727959
1639,BRT,0.803,107.0,3.935328682974629
405,BRT,0.802,108.0,3.9304279000568525
1165,BRT,0.801,109.0,3.925527117139076
2177,BRT,0.8,110.0,3.9206263342212995
1501,BRT,0.799,111.0,3.9157255513035225
2319,BRT,0.799,111.0,3.9157255513035225
44,BRT,0.797,113.0,3.9059239854679695
664,BRT,0.796,114.0,3.901023202550193
1572,BRT,0.796,114.0,3.901023202550193
2255,BRT,0.794,116.0,3.8912216367146395
1020,BRT,0.793,117.0,3.886320853796863
539,BRT,0.792,118.0,3.8814200708790865
2318,BRT,0.792,118.0,3.8814200708790865
100,BRT,0.791,120.0,3.8765192879613095
879,BRT,0.791,120.0,3.8765192879613095
1221,BRT,0.791,120.0,3.8765192879613095
1484,BRT,0.79,123.0,3.871618505043533
1779,BRT,0.79,123.0,3.871618505043533
1749,BRT,0.788,125.0,3.86181693920798
2152,BRT,0.787,126.0,3.856916156290203
1140,BRT,0.786,127.0,3.8520153733724265
1885,BRT,0.786,127.0,3.8520153733724265
1118,BRT,0.785,129.0,3.84711459045465
307,BRT,0.783,130.0,3.8373130246190965
1488,BRT,0.783,130.0,3.8373130246190965
1105,BRT,0.782,132.0,3.83241224170132
2089,BRT,0.782,132.0,3.83241224170132
1312,BRT,0.781,134.0,3.8275114587835435
1623,BRT,0.781,134.0,3.8275114587835435
35,BRT,0.78,136.0,3.822610675865767
1439,BRT,0.78,136.0,3.822610675865767
581,BRT,0.777,138.0,3.807908327112437
287,BRT,0.776,139.0,3.80300754419466
1220,BRT,0.774,140.0,3.793205978359107
1345,BRT,0.774,140.0,3.793205978359107
1369,BRT,0.774,140.0,3.793205978359107
323,BRT,0.772,143.0,3.7834044125235535
940,BRT,0.77,144.0,3.7736028466880005
1250,BRT,0.77,144.0,3.7736028466880005
1756,BRT,0.77,144.0,3.7736028466880005
2578,BRT,0.765,147.0,3.7490989320991175
110,BRT,0.764,148.0,3.7441981491813405
1837,BRT,0.762,149.0,3.7343965833457875
1121,BRT,0.761,150.0,3.729495800428011
1411,BRT,0.76,151.0,3.724595017510234
1453,BRT,0.76,151.0,3.724595017510234
1909,BRT,0.76,151.0,3.724595017510234
292,BRT,0.759,154.0,3.7196942345924575
424,BRT,0.757,155.0,3.7098926687569045
2023,BRT,0.757,155.0,3.7098926687569045
2356,BRT,0.756,157.0,3.7049918858391275
75,BRT,0.754,158.0,3.6951903200035745
334,BRT,0.751,159.0,3.6804879712502445
2159,BRT,0.751,159.0,3.6804879712502445
2212,BRT,0.751,159.0,3.6804879712502445
371,BRT,0.75,162.0,3.675587188332468
874,BRT,0.75,162.0,3.675587188332468
1922,BRT,0.749,164.0,3.6706864054146915
1080,BRT,0.747,165.0,3.660884839579138
238,BRT,0.746,166.0,3.6559840566613615
775,BRT,0.744,167.0,3.646182490825808
2261,BRT,0.743,168.0,3.6412817079080315
2469,BRT,0.742,169.0,3.636380924990255
2224,BRT,0.74,170.0,3.6265793591547015
1286,BRT,0.739,171.0,3.621678576236925
2612,BRT,0.738,172.0,3.6167777933191485
131,BRT,0.736,173.0,3.606976227483595
700,BRT,0.733,174.0,3.592273878730265
1681,BRT,0.733,174.0,3.592273878730265
2275,BRT,0.733,174.0,3.592273878730265
410,BRT,0.729,177.0,3.5726707470591585
965,BRT,0.729,177.0,3.5726707470591585
59,BRT,0.728,179.0,3.567769964141382
1503,BRT,0.728,179.0,3.567769964141382
2344,BRT,0.728,179.0,3.567769964141382
485,BRT,0.727,182.0,3.5628691812236055
1856,BRT,0.726,183.0,3.557968398305829
1271,BRT,0.725,184.0,3.553067615388052
2566,BRT,0.725,184.0,3.553067615388052
2607,BRT,0.724,186.0,3.5481668324702755
294,BRT,0.723,187.0,3.543266049552499
587,BRT,0.721,188.0,3.5334644837169455
297,BRT,0.719,189.0,3.5236629178813925
1532,BRT,0.719,189.0,3.5236629178813925
1360,BRT,0.714,191.0,3.4991590032925095
1476,BRT,0.714,191.0,3.4991590032925095
2063,BRT,0.714,191.0,3.4991590032925095
387,BRT,0.713,194.0,3.4942582203747325
2443,BRT,0.713,194.0,3.4942582203747325
402,BRT,0.711,196.0,3.4844566545391795
2599,BRT,0.711,196.0,3.4844566545391795
2610,BRT,0.711,196.0,3.4844566545391795
2300,BRT,0.709,199.0,3.474655088703626
69,BRT,0.707,200.0,3.464853522868073
377,BRT,0.707,200.0,3.464853522868073
1647,BRT,0.705,202.0,3.4550519570325195
1661,BRT,0.704,203.0,3.450151174114743
1530,BRT,0.703,204.0,3.4452503911969665
1729,BRT,0.702,205.0,3.4403496082791896
2404,BRT,0.701,206.0,3.435448825361413
850,BRT,0.7,207.0,3.4305480424436365
320,BRT,0.699,208.0,3.42564725952586
959,BRT,0.699,208.0,3.42564725952586
2517,BRT,0.698,210.0,3.420746476608083
93,BRT,0.697,211.0,3.4158456936903066
1614,BRT,0.697,211.0,3.4158456936903066
606,BRT,0.696,213.0,3.41094491077253
1192,BRT,0.696,213.0,3.41094491077253
52,BRT,0.695,215.0,3.4060441278547535
310,BRT,0.695,215.0,3.4060441278547535
1559,BRT,0.695,215.0,3.4060441278547535
1808,BRT,0.695,215.0,3.4060441278547535
2368,BRT,0.695,215.0,3.4060441278547535
2359,BRT,0.694,220.0,3.4011433449369766
1493,BRT,0.693,221.0,3.3962425620192
1264,BRT,0.691,222.0,3.386440996183647
1291,BRT,0.691,222.0,3.386440996183647
1764,BRT,0.691,222.0,3.386440996183647
2552,BRT,0.691,222.0,3.386440996183647
1406,BRT,0.689,226.0,3.3766394303480936
1847,BRT,0.687,227.0,3.366837864512541
2200,BRT,0.687,227.0,3.366837864512541
657,BRT,0.686,229.0,3.3619370815947645
2541,BRT,0.686,229.0,3.3619370815947645
1169,BRT,0.684,231.0,3.352135515759211
2677,BRT,0.684,231.0,3.352135515759211
84,BRT,0.683,233.0,3.3472347328414345
740,BRT,0.683,233.0,3.3472347328414345
1746,BRT,0.683,233.0,3.3472347328414345
650,BRT,0.682,236.0,3.342333949923658
1607,BRT,0.682,236.0,3.342333949923658
1879,BRT,0.682,236.0,3.342333949923658
51,BRT,0.681,239.0,3.337433167005881
968,BRT,0.681,239.0,3.337433167005881
1371,BRT,0.681,239.0,3.337433167005881
2509,BRT,0.679,242.0,3.327631601170328
2593,BRT,0.679,242.0,3.327631601170328
2490,BRT,0.678,244.0,3.322730818252551
2600,BRT,0.676,245.0,3.312929252416998
1107,BRT,0.674,246.0,3.3031276865814445
1459,BRT,0.674,246.0,3.3031276865814445
1945,BRT,0.674,246.0,3.3031276865814445
143,BRT,0.673,249.0,3.298226903663668
1212,BRT,0.673,249.0,3.298226903663668
484,BRT,0.672,251.0,3.2933261207458915
1644,BRT,0.671,252.0,3.288425337828115
2030,BRT,0.671,252.0,3.288425337828115
132,BRT,0.67,254.0,3.283524554910338
188,BRT,0.669,255.0,3.2786237719925615
420,BRT,0.669,255.0,3.2786237719925615
1184,BRT,0.669,255.0,3.2786237719925615
1321,BRT,0.669,255.0,3.2786237719925615
170,BRT,0.668,259.0,3.273722989074785
1656,BRT,0.668,259.0,3.273722989074785
1758,BRT,0.667,261.0,3.2688222061570085
2584,BRT,0.667,261.0,3.2688222061570085
431,BRT,0.666,263.0,3.2639214232392315
1693,BRT,0.666,263.0,3.2639214232392315
2183,BRT,0.666,263.0,3.2639214232392315
1033,BRT,0.665,266.0,3.259020640321455
2149,BRT,0.665,266.0,3.259020640321455
2199,BRT,0.664,268.0,3.2541198574036785
82,BRT,0.663,269.0,3.249219074485902
1883,BRT,0.663,269.0,3.249219074485902
2145,BRT,0.663,269.0,3.249219074485902
156,BRT,0.662,272.0,3.244318291568125
43,BRT,0.661,273.0,3.2394175086503485
2648,BRT,0.661,273.0,3.2394175086503485
569,BRT,0.66,275.0,3.234516725732572
1252,BRT,0.66,275.0,3.234516725732572
1233,BRT,0.659,277.0,3.2296159428147955
2339,BRT,0.658,278.0,3.2247151598970185
1689,BRT,0.657,279.0,3.219814376979242
244,BRT,0.656,280.0,3.2149135940614655
552,BRT,0.656,280.0,3.2149135940614655
1861,BRT,0.656,280.0,3.2149135940614655
2204,BRT,0.656,280.0,3.2149135940614655
2260,BRT,0.656,280.0,3.2149135940614655
2422,BRT,0.655,285.0,3.210012811143689
1940,BRT,0.654,286.0,3.205112028225912
2411,BRT,0.654,286.0,3.205112028225912
2705,BRT,0.654,286.0,3.205112028225912
518,BRT,0.653,289.0,3.2002112453081355
2037,BRT,0.652,290.0,3.195310462390359
586,BRT,0.651,291.0,3.1904096794725825
1185,BRT,0.651,291.0,3.1904096794725825
2092,BRT,0.651,291.0,3.1904096794725825
249,BRT,0.649,294.0,3.180608113637029
2273,BRT,0.649,294.0,3.180608113637029
2546,BRT,0.649,294.0,3.180608113637029
2005,BRT,0.648,297.0,3.1757073307192525
302,BRT,0.647,298.0,3.1708065478014755
2281,BRT,0.647,298.0,3.1708065478014755
457,BRT,0.645,300.0,3.1610049819659225
1585,BRT,0.644,301.0,3.156104199048146
1652,BRT,0.643,302.0,3.151203416130369
630,BRT,0.641,303.0,3.141401850294816
194,BRT,0.639,304.0,3.1316002844592625
1523,BRT,0.639,304.0,3.1316002844592625
325,BRT,0.638,306.0,3.126699501541486
1815,BRT,0.638,306.0,3.126699501541486
2019,BRT,0.638,306.0,3.126699501541486
1778,BRT,0.636,309.0,3.116897935705933
2227,BRT,0.636,309.0,3.116897935705933
2633,BRT,0.636,309.0,3.116897935705933
529,BRT,0.635,312.0,3.111997152788156
588,BRT,0.635,312.0,3.111997152788156
2672,BRT,0.633,314.0,3.102195586952603
2731,BRT,0.633,314.0,3.102195586952603
960,BRT,0.632,316.0,3.0972948040348265
1958,BRT,0.632,316.0,3.0972948040348265
826,BRT,0.627,318.0,3.072790889445943
863,BRT,0.627,318.0,3.072790889445943
885,BRT,0.627,318.0,3.072790889445943
998,BRT,0.627,318.0,3.072790889445943
2432,BRT,0.627,318.0,3.072790889445943
1244,BRT,0.624,323.0,3.0580885406926135
925,BRT,0.622,324.0,3.04828697485706
280,BRT,0.62,325.0,3.038485409021507
991,BRT,0.619,326.0,3.03358462610373
2733,BRT,0.618,327.0,3.0286838431859535
180,BRT,0.617,328.0,3.023783060268177
81,BRT,0.614,329.0,3.009080711514847
212,BRT,0.613,330.0,3.0041799285970705
210,BRT,0.612,331.0,2.9992791456792935
1640,BRT,0.612,331.0,2.9992791456792935
2054,BRT,0.612,331.0,2.9992791456792935
696,BRT,0.61,334.0,2.9894775798437405
2117,BRT,0.61,334.0,2.9894775798437405
729,BRT,0.609,336.0,2.984576796925964
1678,BRT,0.609,336.0,2.984576796925964
1423,BRT,0.608,338.0,2.979676014008187
2225,BRT,0.607,339.0,2.9747752310904105
2585,BRT,0.607,339.0,2.9747752310904105
856,BRT,0.606,341.0,2.969874448172634
2164,BRT,0.606,341.0,2.969874448172634
192,BRT,0.605,343.0,2.9649736652548575
2392,BRT,0.605,343.0,2.9649736652548575
1026,BRT,0.604,345.0,2.9600728823370805
1948,BRT,0.604,345.0,2.9600728823370805
2249,BRT,0.604,345.0,2.9600728823370805
2419,BRT,0.604,345.0,2.9600728823370805
507,BRT,0.603,349.0,2.955172099419304
672,BRT,0.603,349.0,2.955172099419304
1356,BRT,0.603,349.0,2.955172099419304
1980,BRT,0.603,349.0,2.955172099419304
2567,BRT,0.602,353.0,2.9502713165015275
1568,BRT,0.6,354.0,2.940469750665974
463,BRT,0.599,355.0,2.9355689677481975
1858,BRT,0.599,355.0,2.9355689677481975
1716,BRT,0.598,357.0,2.930668184830421
2436,BRT,0.597,358.0,2.9257674019126445
636,BRT,0.596,359.0,2.9208666189948675
1361,BRT,0.594,360.0,2.9110650531593145
2295,BRT,0.593,361.0,2.906164270241538
408,BRT,0.592,362.0,2.901263487323761
467,BRT,0.592,362.0,2.901263487323761
814,BRT,0.591,364.0,2.8963627044059845
1377,BRT,0.591,364.0,2.8963627044059845
1625,BRT,0.591,364.0,2.8963627044059845
306,BRT,0.59,367.0,2.891461921488208
425,BRT,0.59,367.0,2.891461921488208
1048,BRT,0.59,367.0,2.891461921488208
2287,BRT,0.59,367.0,2.891461921488208
844,BRT,0.589,371.0,2.8865611385704315
1436,BRT,0.589,371.0,2.8865611385704315
130,BRT,0.588,373.0,2.8816603556526545
1084,BRT,0.588,373.0,2.8816603556526545
1841,BRT,0.588,373.0,2.8816603556526545
2309,BRT,0.588,373.0,2.8816603556526545
964,BRT,0.587,377.0,2.876759572734878
1670,BRT,0.587,377.0,2.876759572734878
2179,BRT,0.586,379.0,2.8718587898171015
427,BRT,0.585,380.0,2.866958006899325
474,BRT,0.584,381.0,2.862057223981548
2742,BRT,0.583,382.0,2.8571564410637715
1158,BRT,0.582,383.0,2.852255658145995
2656,BRT,0.582,383.0,2.852255658145995
488,BRT,0.581,385.0,2.8473548752282185
1412,BRT,0.581,385.0,2.8473548752282185
538,BRT,0.58,387.0,2.8424540923104415
2525,BRT,0.58,387.0,2.8424540923104415
1912,BRT,0.579,389.0,2.837553309392665
695,BRT,0.578,390.0,2.8326525264748885
818,BRT,0.578,390.0,2.8326525264748885
1469,BRT,0.578,390.0,2.8326525264748885
1172,BRT,0.577,393.0,2.8277517435571116
177,BRT,0.576,394.0,2.822850960639335
511,BRT,0.576,394.0,2.822850960639335
815,BRT,0.576,394.0,2.822850960639335
1404,BRT,0.576,394.0,2.822850960639335
749,BRT,0.575,398.0,2.8179501777215585
1923,BRT,0.575,398.0,2.8179501777215585
300,BRT,0.574,400.0,2.813049394803782
722,BRT,0.574,400.0,2.813049394803782
1772,BRT,0.574,400.0,2.813049394803782
159,BRT,0.572,403.0,2.8032478289682285
1649,BRT,0.572,403.0,2.8032478289682285
2505,BRT,0.572,403.0,2.8032478289682285
2157,BRT,0.571,406.0,2.798347046050452
708,BRT,0.57,407.0,2.7934462631326755
1995,BRT,0.57,407.0,2.7934462631326755
2013,BRT,0.57,407.0,2.7934462631326755
382,BRT,0.569,410.0,2.7885454802148986
823,BRT,0.569,410.0,2.7885454802148986
2442,BRT,0.569,410.0,2.7885454802148986
2140,BRT,0.568,413.0,2.783644697297122
32,BRT,0.567,414.0,2.7787439143793455
74,BRT,0.567,414.0,2.7787439143793455
127,BRT,0.567,414.0,2.7787439143793455
2163,BRT,0.567,414.0,2.7787439143793455
635,BRT,0.566,418.0,2.773843131461569
753,BRT,0.566,418.0,2.773843131461569
1062,BRT,0.566,418.0,2.773843131461569
1012,BRT,0.565,421.0,2.768942348543792
1543,BRT,0.565,421.0,2.768942348543792
411,BRT,0.564,423.0,2.7640415656260156
1019,BRT,0.563,424.0,2.759140782708239
1135,BRT,0.563,424.0,2.759140782708239
1413,BRT,0.563,424.0,2.759140782708239
2497,BRT,0.563,424.0,2.759140782708239
53,BRT,0.559,428.0,2.739537651037133
933,BRT,0.559,428.0,2.739537651037133
2727,BRT,0.559,428.0,2.739537651037133
981,BRT,0.558,431.0,2.7346368681193565
2506,BRT,0.558,431.0,2.7346368681193565
414,BRT,0.557,433.0,2.72973608520158
944,BRT,0.556,434.0,2.724835302283803
1277,BRT,0.556,434.0,2.724835302283803
694,BRT,0.555,436.0,2.7199345193660265
2347,BRT,0.555,436.0,2.7199345193660265
2369,BRT,0.555,436.0,2.7199345193660265
2418,BRT,0.555,436.0,2.7199345193660265
2464,BRT,0.555,436.0,2.7199345193660265
2644,BRT,0.555,436.0,2.7199345193660265
997,BRT,0.554,442.0,2.71503373644825
1637,BRT,0.554,442.0,2.71503373644825
714,BRT,0.552,444.0,2.7052321706126965
2475,BRT,0.552,444.0,2.7052321706126965
816,BRT,0.551,446.0,2.70033138769492
1431,BRT,0.551,446.0,2.70033138769492
2232,BRT,0.551,446.0,2.70033138769492
2022,BRT,0.55,449.0,2.6954306047771435
2430,BRT,0.55,449.0,2.6954306047771435
2495,BRT,0.55,449.0,2.6954306047771435
2680,BRT,0.55,449.0,2.6954306047771435
1428,BRT,0.549,453.0,2.6905298218593665
1655,BRT,0.549,453.0,2.6905298218593665
735,BRT,0.547,455.0,2.6807282560238135
1608,BRT,0.547,455.0,2.6807282560238135
2191,BRT,0.547,455.0,2.6807282560238135
2434,BRT,0.547,455.0,2.6807282560238135
1167,BRT,0.546,459.0,2.675827473106037
1305,BRT,0.546,459.0,2.675827473106037
1690,BRT,0.546,459.0,2.675827473106037
1892,BRT,0.546,459.0,2.675827473106037
2704,BRT,0.546,459.0,2.675827473106037
1126,BRT,0.545,464.0,2.67092669018826
222,BRT,0.544,465.0,2.6660259072704835
1609,BRT,0.544,465.0,2.6660259072704835
1943,BRT,0.544,465.0,2.6660259072704835
2104,BRT,0.544,465.0,2.6660259072704835
668,BRT,0.543,469.0,2.661125124352707
774,BRT,0.543,469.0,2.661125124352707
861,BRT,0.543,469.0,2.661125124352707
1933,BRT,0.543,469.0,2.661125124352707
2099,BRT,0.543,469.0,2.661125124352707
920,BRT,0.542,474.0,2.6562243414349305
1558,BRT,0.542,474.0,2.6562243414349305
1953,BRT,0.542,474.0,2.6562243414349305
482,BRT,0.541,477.0,2.6513235585171535
1304,BRT,0.541,477.0,2.6513235585171535
2632,BRT,0.54,479.0,2.646422775599377
837,BRT,0.538,480.0,2.636621209763824
1100,BRT,0.538,480.0,2.636621209763824
655,BRT,0.537,482.0,2.631720426846047
845,BRT,0.537,482.0,2.631720426846047
638,BRT,0.536,484.0,2.6268196439282705
978,BRT,0.536,484.0,2.6268196439282705
1460,BRT,0.536,484.0,2.6268196439282705
1924,BRT,0.536,484.0,2.6268196439282705
1979,BRT,0.536,484.0,2.6268196439282705
1044,BRT,0.535,489.0,2.621918861010494
2474,BRT,0.535,489.0,2.621918861010494
264,BRT,0.534,491.0,2.6170180780927175
1565,BRT,0.534,491.0,2.6170180780927175
1688,BRT,0.534,491.0,2.6170180780927175
1700,BRT,0.534,491.0,2.6170180780927175
1798,BRT,0.534,491.0,2.6170180780927175
1960,BRT,0.534,491.0,2.6170180780927175
2708,BRT,0.534,491.0,2.6170180780927175
164,BRT,0.533,498.0,2.6121172951749405
303,BRT,0.533,498.0,2.6121172951749405
2057,BRT,0.533,498.0,2.6121172951749405
1914,BRT,0.532,501.0,2.607216512257164
2544,BRT,0.532,501.0,2.607216512257164
12,BRT,0.531,503.0,2.6023157293393875
2776,BRT,0.531,503.0,2.6023157293393875
567,BRT,0.53,505.0,2.597414946421611
528,BRT,0.529,506.0,2.592514163503834
1715,BRT,0.528,507.0,2.5876133805860575
2466,BRT,0.528,507.0,2.5876133805860575
2736,BRT,0.528,507.0,2.5876133805860575
24,BRT,0.527,510.0,2.582712597668281
259,BRT,0.527,510.0,2.582712597668281
286,BRT,0.527,510.0,2.582712597668281
486,BRT,0.527,510.0,2.582712597668281
160,BRT,0.526,514.0,2.5778118147505045
1146,BRT,0.526,514.0,2.5778118147505045
1500,BRT,0.526,514.0,2.5778118147505045
2394,BRT,0.526,514.0,2.5778118147505045
2719,BRT,0.525,518.0,2.5729110318327275
265,BRT,0.524,519.0,2.568010248914951
1482,BRT,0.523,520.0,2.5631094659971745
1819,BRT,0.523,520.0,2.5631094659971745
2114,BRT,0.523,520.0,2.5631094659971745
1539,BRT,0.522,523.0,2.558208683079398
61,BRT,0.521,524.0,2.553307900161621
914,BRT,0.521,524.0,2.553307900161621
1872,BRT,0.52,526.0,2.5484071172438445
339,BRT,0.519,527.0,2.543506334326068
1183,BRT,0.519,527.0,2.543506334326068
1320,BRT,0.519,527.0,2.543506334326068
1702,BRT,0.519,527.0,2.543506334326068
2178,BRT,0.519,527.0,2.543506334326068
2332,BRT,0.519,527.0,2.543506334326068
1385,BRT,0.518,533.0,2.5386055514082915
1966,BRT,0.518,533.0,2.5386055514082915
2175,BRT,0.518,533.0,2.5386055514082915
2323,BRT,0.518,533.0,2.5386055514082915
2380,BRT,0.518,533.0,2.5386055514082915
2529,BRT,0.518,533.0,2.5386055514082915
288,BRT,0.517,539.0,2.5337047684905145
637,BRT,0.517,539.0,2.5337047684905145
847,BRT,0.517,539.0,2.5337047684905145
1171,BRT,0.517,539.0,2.5337047684905145
1499,BRT,0.517,539.0,2.5337047684905145
556,BRT,0.516,544.0,2.528803985572738
697,BRT,0.516,544.0,2.528803985572738
1920,BRT,0.516,544.0,2.528803985572738
2053,BRT,0.516,544.0,2.528803985572738
452,BRT,0.515,548.0,2.5239032026549615
958,BRT,0.515,548.0,2.5239032026549615
1163,BRT,0.514,550.0,2.5190024197371845
1311,BRT,0.514,550.0,2.5190024197371845
1314,BRT,0.514,550.0,2.5190024197371845
1919,BRT,0.514,550.0,2.5190024197371845
2373,BRT,0.513,554.0,2.514101636819408
2564,BRT,0.513,554.0,2.514101636819408
11,BRT,0.512,556.0,2.5092008539016315
86,BRT,0.512,556.0,2.5092008539016315
1073,BRT,0.512,556.0,2.5092008539016315
1438,BRT,0.512,556.0,2.5092008539016315
2034,BRT,0.512,556.0,2.5092008539016315
464,BRT,0.511,561.0,2.504300070983855
927,BRT,0.511,561.0,2.504300070983855
1443,BRT,0.511,561.0,2.504300070983855
2252,BRT,0.511,561.0,2.504300070983855
2444,BRT,0.511,561.0,2.504300070983855
2514,BRT,0.511,561.0,2.504300070983855
1281,BRT,0.51,567.0,2.499399288066078
2338,BRT,0.51,567.0,2.499399288066078
2561,BRT,0.51,567.0,2.499399288066078
444,BRT,0.509,570.0,2.4944985051483015
546,BRT,0.509,570.0,2.4944985051483015
1382,BRT,0.509,570.0,2.4944985051483015
1682,BRT,0.509,570.0,2.4944985051483015
2108,BRT,0.509,570.0,2.4944985051483015
1853,BRT,0.507,575.0,2.4846969393127485
1935,BRT,0.507,575.0,2.4846969393127485
2651,BRT,0.507,575.0,2.4846969393127485
104,BRT,0.506,578.0,2.4797961563949715
350,BRT,0.506,578.0,2.4797961563949715
656,BRT,0.506,578.0,2.4797961563949715
2170,BRT,0.506,578.0,2.4797961563949715
2758,BRT,0.506,578.0,2.4797961563949715
917,BRT,0.505,583.0,2.474895373477195
2160,BRT,0.505,583.0,2.474895373477195
1151,BRT,0.504,585.0,2.4699945905594185
2576,BRT,0.504,585.0,2.4699945905594185
2741,BRT,0.503,587.0,2.465093807641642
1978,BRT,0.502,588.0,2.460193024723865
2073,BRT,0.502,588.0,2.460193024723865
373,BRT,0.501,590.0,2.4552922418060885
755,BRT,0.501,590.0,2.4552922418060885
1397,BRT,0.501,590.0,2.4552922418060885
1871,BRT,0.501,590.0,2.4552922418060885
1875,BRT,0.5,594.0,2.450391458888312
679,BRT,0.499,595.0,2.4454906759705355
1248,BRT,0.499,595.0,2.4454906759705355
1526,BRT,0.499,595.0,2.4454906759705355
1534,BRT,0.499,595.0,2.4454906759705355
151,BRT,0.498,599.0,2.4405898930527585
1226,BRT,0.498,599.0,2.4405898930527585
1662,BRT,0.498,599.0,2.4405898930527585
1905,BRT,0.498,599.0,2.4405898930527585
1999,BRT,0.498,599.0,2.4405898930527585
64,BRT,0.497,604.0,2.435689110134982
282,BRT,0.497,604.0,2.435689110134982
1109,BRT,0.497,604.0,2.435689110134982
1279,BRT,0.497,604.0,2.435689110134982
1583,BRT,0.497,604.0,2.435689110134982
1669,BRT,0.497,604.0,2.435689110134982
2515,BRT,0.497,604.0,2.435689110134982
2766,BRT,0.497,604.0,2.435689110134982
260,BRT,0.496,612.0,2.4307883272172055
2210,BRT,0.496,612.0,2.4307883272172055
2667,BRT,0.496,612.0,2.4307883272172055
1349,BRT,0.495,615.0,2.425887544299429
1511,BRT,0.495,615.0,2.425887544299429
1814,BRT,0.495,615.0,2.425887544299429
2213,BRT,0.495,615.0,2.425887544299429
176,BRT,0.494,619.0,2.420986761381652
1142,BRT,0.494,619.0,2.420986761381652
1680,BRT,0.494,619.0,2.420986761381652
483,BRT,0.493,622.0,2.4160859784638755
1408,BRT,0.493,622.0,2.4160859784638755
1989,BRT,0.493,622.0,2.4160859784638755
321,BRT,0.492,625.0,2.411185195546099
803,BRT,0.492,625.0,2.411185195546099
2132,BRT,0.492,625.0,2.411185195546099
2737,BRT,0.492,625.0,2.411185195546099
70,BRT,0.491,629.0,2.4062844126283225
270,BRT,0.491,629.0,2.4062844126283225
1606,BRT,0.491,629.0,2.4062844126283225
2226,BRT,0.491,629.0,2.4062844126283225
55,BRT,0.49,633.0,2.4013836297105455
506,BRT,0.49,633.0,2.4013836297105455
1394,BRT,0.49,633.0,2.4013836297105455
1807,BRT,0.49,633.0,2.4013836297105455
1849,BRT,0.49,633.0,2.4013836297105455
698,BRT,0.489,638.0,2.396482846792769
1353,BRT,0.489,638.0,2.396482846792769
1513,BRT,0.489,638.0,2.396482846792769
2372,BRT,0.489,638.0,2.396482846792769
277,BRT,0.488,642.0,2.3915820638749925
599,BRT,0.488,642.0,2.3915820638749925
392,BRT,0.487,644.0,2.386681280957216
1344,BRT,0.487,644.0,2.386681280957216
1942,BRT,0.487,644.0,2.386681280957216
1986,BRT,0.487,644.0,2.386681280957216
2562,BRT,0.487,644.0,2.386681280957216
437,BRT,0.486,649.0,2.381780498039439
2012,BRT,0.486,649.0,2.381780498039439
2078,BRT,0.486,649.0,2.381780498039439
654,BRT,0.485,652.0,2.3768797151216625
1017,BRT,0.485,652.0,2.3768797151216625
1119,BRT,0.485,652.0,2.3768797151216625
1263,BRT,0.485,652.0,2.3768797151216625
1445,BRT,0.485,652.0,2.3768797151216625
2122,BRT,0.485,652.0,2.3768797151216625
2717,BRT,0.485,652.0,2.3768797151216625
2622,BRT,0.484,659.0,2.371978932203886
418,BRT,0.483,660.0,2.367078149286109
827,BRT,0.483,660.0,2.367078149286109
2264,BRT,0.483,660.0,2.367078149286109
367,BRT,0.482,663.0,2.3621773663683325
2608,BRT,0.482,663.0,2.3621773663683325
1863,BRT,0.481,665.0,2.357276583450556
2298,BRT,0.481,665.0,2.357276583450556
2437,BRT,0.481,665.0,2.357276583450556
168,BRT,0.48,668.0,2.3523758005327795
1189,BRT,0.48,668.0,2.3523758005327795
125,BRT,0.479,670.0,2.3474750176150025
230,BRT,0.479,670.0,2.3474750176150025
122,BRT,0.478,672.0,2.342574234697226
976,BRT,0.478,672.0,2.342574234697226
1190,BRT,0.478,672.0,2.342574234697226
2001,BRT,0.478,672.0,2.342574234697226
17,BRT,0.477,676.0,2.3376734517794495
1427,BRT,0.477,676.0,2.3376734517794495
1524,BRT,0.477,676.0,2.3376734517794495
2770,BRT,0.477,676.0,2.3376734517794495
1270,BRT,0.476,680.0,2.332772668861673
2665,BRT,0.476,680.0,2.332772668861673
2746,BRT,0.476,680.0,2.332772668861673
2759,BRT,0.476,680.0,2.332772668861673
7,BRT,0.475,684.0,2.327871885943896
97,BRT,0.475,684.0,2.327871885943896
557,BRT,0.475,684.0,2.327871885943896
922,BRT,0.475,684.0,2.327871885943896
943,BRT,0.475,684.0,2.327871885943896
1285,BRT,0.475,684.0,2.327871885943896
2090,BRT,0.475,684.0,2.327871885943896
2211,BRT,0.475,684.0,2.327871885943896
2450,BRT,0.475,684.0,2.327871885943896
365,BRT,0.474,693.0,2.3229711030261195
1480,BRT,0.474,693.0,2.3229711030261195
1793,BRT,0.474,693.0,2.3229711030261195
340,BRT,0.473,696.0,2.318070320108343
821,BRT,0.473,696.0,2.318070320108343
1004,BRT,0.473,696.0,2.318070320108343
1400,BRT,0.473,696.0,2.318070320108343
391,BRT,0.472,700.0,2.3131695371905665
865,BRT,0.471,701.0,2.3082687542727895
228,BRT,0.47,702.0,2.303367971355013
547,BRT,0.47,702.0,2.303367971355013
236,BRT,0.469,704.0,2.2984671884372365
516,BRT,0.469,704.0,2.2984671884372365
1510,BRT,0.469,704.0,2.2984671884372365
1834,BRT,0.469,704.0,2.2984671884372365
253,BRT,0.468,708.0,2.29356640551946
404,BRT,0.468,708.0,2.29356640551946
995,BRT,0.468,708.0,2.29356640551946
1473,BRT,0.468,708.0,2.29356640551946
1811,BRT,0.467,712.0,2.2886656226016835
1828,BRT,0.467,712.0,2.2886656226016835
1913,BRT,0.467,712.0,2.2886656226016835
187,BRT,0.466,715.0,2.283764839683907
1579,BRT,0.466,715.0,2.283764839683907
1739,BRT,0.466,715.0,2.283764839683907
2441,BRT,0.466,715.0,2.283764839683907
1873,BRT,0.465,719.0,2.27886405676613
1877,BRT,0.465,719.0,2.27886405676613
2091,BRT,0.465,719.0,2.27886405676613
15,BRT,0.464,722.0,2.2739632738483535
1267,BRT,0.464,722.0,2.2739632738483535
1538,BRT,0.464,722.0,2.2739632738483535
1728,BRT,0.464,722.0,2.2739632738483535
2662,BRT,0.464,722.0,2.2739632738483535
1347,BRT,0.463,727.0,2.269062490930577
1359,BRT,0.463,727.0,2.269062490930577
324,BRT,0.462,729.0,2.2641617080128005
602,BRT,0.462,729.0,2.2641617080128005
666,BRT,0.462,729.0,2.2641617080128005
1041,BRT,0.462,729.0,2.2641617080128005
1081,BRT,0.462,729.0,2.2641617080128005
1472,BRT,0.462,729.0,2.2641617080128005
1952,BRT,0.462,729.0,2.2641617080128005
2103,BRT,0.462,729.0,2.2641617080128005
2547,BRT,0.462,729.0,2.2641617080128005
34,BRT,0.461,738.0,2.2592609250950235
2403,BRT,0.461,738.0,2.2592609250950235
2684,BRT,0.461,738.0,2.2592609250950235
2762,BRT,0.461,738.0,2.2592609250950235
99,BRT,0.46,742.0,2.254360142177247
1112,BRT,0.46,742.0,2.254360142177247
1144,BRT,0.46,742.0,2.254360142177247
2026,BRT,0.46,742.0,2.254360142177247
312,BRT,0.459,746.0,2.2494593592594705
1031,BRT,0.459,746.0,2.2494593592594705
2055,BRT,0.459,746.0,2.2494593592594705
2660,BRT,0.459,746.0,2.2494593592594705
776,BRT,0.458,750.0,2.244558576341694
1993,BRT,0.458,750.0,2.244558576341694
2067,BRT,0.458,750.0,2.244558576341694
2250,BRT,0.458,750.0,2.244558576341694
2361,BRT,0.458,750.0,2.244558576341694
25,BRT,0.457,755.0,2.239657793423917
713,BRT,0.457,755.0,2.239657793423917
1343,BRT,0.457,755.0,2.239657793423917
2269,BRT,0.457,755.0,2.239657793423917
2679,BRT,0.457,755.0,2.239657793423917
409,BRT,0.456,760.0,2.2347570105061405
438,BRT,0.456,760.0,2.2347570105061405
502,BRT,0.456,760.0,2.2347570105061405
1522,BRT,0.456,760.0,2.2347570105061405
2234,BRT,0.456,760.0,2.2347570105061405
876,BRT,0.455,765.0,2.229856227588364
961,BRT,0.455,765.0,2.229856227588364
2241,BRT,0.455,765.0,2.229856227588364
2511,BRT,0.455,765.0,2.229856227588364
2522,BRT,0.455,765.0,2.229856227588364
2658,BRT,0.454,770.0,2.2249554446705875
22,BRT,0.453,771.0,2.2200546617528105
1238,BRT,0.453,771.0,2.2200546617528105
250,BRT,0.451,773.0,2.2102530959172575
1551,BRT,0.451,773.0,2.2102530959172575
1930,BRT,0.451,773.0,2.2102530959172575
623,BRT,0.45,776.0,2.205352312999481
1018,BRT,0.45,776.0,2.205352312999481
1120,BRT,0.45,776.0,2.205352312999481
2106,BRT,0.45,776.0,2.205352312999481
2657,BRT,0.45,776.0,2.205352312999481
2710,BRT,0.45,776.0,2.205352312999481
1363,BRT,0.449,782.0,2.200451530081704
1566,BRT,0.449,782.0,2.200451530081704
1939,BRT,0.449,782.0,2.200451530081704
2302,BRT,0.449,782.0,2.200451530081704
2401,BRT,0.449,782.0,2.200451530081704
942,BRT,0.448,787.0,2.1955507471639275
1450,BRT,0.448,787.0,2.1955507471639275
1890,BRT,0.448,787.0,2.1955507471639275
2044,BRT,0.448,787.0,2.1955507471639275
2258,BRT,0.448,787.0,2.1955507471639275
2723,BRT,0.448,787.0,2.1955507471639275
2739,BRT,0.448,787.0,2.1955507471639275
2756,BRT,0.448,787.0,2.1955507471639275
141,BRT,0.447,795.0,2.190649964246151
202,BRT,0.447,795.0,2.190649964246151
1584,BRT,0.447,795.0,2.190649964246151
2699,BRT,0.447,795.0,2.190649964246151
860,BRT,0.446,799.0,2.1857491813283745
2065,BRT,0.446,799.0,2.1857491813283745
2391,BRT,0.446,799.0,2.1857491813283745
101,BRT,0.445,802.0,2.1808483984105975
403,BRT,0.445,802.0,2.1808483984105975
478,BRT,0.445,802.0,2.1808483984105975
624,BRT,0.445,802.0,2.1808483984105975
1544,BRT,0.445,802.0,2.1808483984105975
1768,BRT,0.445,802.0,2.1808483984105975
2020,BRT,0.445,802.0,2.1808483984105975
2462,BRT,0.445,802.0,2.1808483984105975
2540,BRT,0.445,802.0,2.1808483984105975
548,BRT,0.444,811.0,2.175947615492821
886,BRT,0.444,811.0,2.175947615492821
1302,BRT,0.444,811.0,2.175947615492821
2415,BRT,0.444,811.0,2.175947615492821
769,BRT,0.443,815.0,2.1710468325750445
1627,BRT,0.443,815.0,2.1710468325750445
496,BRT,0.442,817.0,2.166146049657268
674,BRT,0.442,817.0,2.166146049657268
862,BRT,0.442,817.0,2.166146049657268
901,BRT,0.442,817.0,2.166146049657268
1106,BRT,0.442,817.0,2.166146049657268
1125,BRT,0.442,817.0,2.166146049657268
1802,BRT,0.442,817.0,2.166146049657268
2293,BRT,0.442,817.0,2.166146049657268
2351,BRT,0.442,817.0,2.166146049657268
849,BRT,0.441,826.0,2.161245266739491
1415,BRT,0.441,826.0,2.161245266739491
1789,BRT,0.441,826.0,2.161245266739491
2080,BRT,0.441,826.0,2.161245266739491
2257,BRT,0.441,826.0,2.161245266739491
2381,BRT,0.441,826.0,2.161245266739491
1108,BRT,0.44,832.0,2.1563444838217145
2119,BRT,0.44,832.0,2.1563444838217145
2384,BRT,0.44,832.0,2.1563444838217145
204,BRT,0.439,835.0,2.151443700903938
514,BRT,0.439,835.0,2.151443700903938
1258,BRT,0.439,835.0,2.151443700903938
1776,BRT,0.439,835.0,2.151443700903938
1199,BRT,0.438,839.0,2.1465429179861615
1240,BRT,0.438,839.0,2.1465429179861615
1468,BRT,0.438,839.0,2.1465429179861615
2245,BRT,0.438,839.0,2.1465429179861615
1166,BRT,0.437,843.0,2.1416421350683845
1200,BRT,0.437,843.0,2.1416421350683845
1672,BRT,0.437,843.0,2.1416421350683845
2128,BRT,0.437,843.0,2.1416421350683845
2481,BRT,0.437,843.0,2.1416421350683845
822,BRT,0.436,848.0,2.136741352150608
1686,BRT,0.436,848.0,2.136741352150608
1699,BRT,0.436,848.0,2.136741352150608
1893,BRT,0.436,848.0,2.136741352150608
1976,BRT,0.436,848.0,2.136741352150608
1998,BRT,0.436,848.0,2.136741352150608
2531,BRT,0.436,848.0,2.136741352150608
2594,BRT,0.436,848.0,2.136741352150608
741,BRT,0.435,856.0,2.1318405692328315
1955,BRT,0.435,856.0,2.1318405692328315
2571,BRT,0.435,856.0,2.1318405692328315
241,BRT,0.434,859.0,2.1269397863150545
608,BRT,0.434,859.0,2.1269397863150545
967,BRT,0.434,859.0,2.1269397863150545
988,BRT,0.434,859.0,2.1269397863150545
1929,BRT,0.434,859.0,2.1269397863150545
2251,BRT,0.434,859.0,2.1269397863150545
2333,BRT,0.434,859.0,2.1269397863150545
183,BRT,0.433,866.0,2.122039003397278
1575,BRT,0.433,866.0,2.122039003397278
1736,BRT,0.433,866.0,2.122039003397278
1711,BRT,0.432,869.0,2.1171382204795015
469,BRT,0.431,870.0,2.112237437561725
580,BRT,0.431,870.0,2.112237437561725
898,BRT,0.431,870.0,2.112237437561725
909,BRT,0.431,870.0,2.112237437561725
962,BRT,0.431,870.0,2.112237437561725
1806,BRT,0.431,870.0,2.112237437561725
2390,BRT,0.431,870.0,2.112237437561725
60,BRT,0.43,877.0,2.107336654643948
400,BRT,0.43,877.0,2.107336654643948
2453,BRT,0.43,877.0,2.107336654643948
2630,BRT,0.43,877.0,2.107336654643948
497,BRT,0.429,881.0,2.1024358717261715
389,BRT,0.428,882.0,2.097535088808395
491,BRT,0.428,882.0,2.097535088808395
721,BRT,0.428,882.0,2.097535088808395
1826,BRT,0.428,882.0,2.097535088808395
2703,BRT,0.428,882.0,2.097535088808395
9,BRT,0.427,887.0,2.0926343058906185
1001,BRT,0.427,887.0,2.0926343058906185
1224,BRT,0.427,887.0,2.0926343058906185
2294,BRT,0.427,887.0,2.0926343058906185
225,BRT,0.426,891.0,2.0877335229728415
530,BRT,0.426,891.0,2.0877335229728415
935,BRT,0.426,891.0,2.0877335229728415
1691,BRT,0.426,891.0,2.0877335229728415
471,BRT,0.425,895.0,2.082832740055065
719,BRT,0.425,895.0,2.082832740055065
799,BRT,0.425,895.0,2.082832740055065
1663,BRT,0.425,895.0,2.082832740055065
2488,BRT,0.425,895.0,2.082832740055065
562,BRT,0.424,900.0,2.0779319571372885
973,BRT,0.424,900.0,2.0779319571372885
1214,BRT,0.424,900.0,2.0779319571372885
1317,BRT,0.424,900.0,2.0779319571372885
174,BRT,0.423,904.0,2.073031174219512
333,BRT,0.423,904.0,2.073031174219512
763,BRT,0.423,904.0,2.073031174219512
1275,BRT,0.423,904.0,2.073031174219512
1665,BRT,0.423,904.0,2.073031174219512
559,BRT,0.422,909.0,2.068130391301735
853,BRT,0.422,909.0,2.068130391301735
1070,BRT,0.422,909.0,2.068130391301735
1489,BRT,0.422,909.0,2.068130391301735
2220,BRT,0.422,909.0,2.068130391301735
2238,BRT,0.422,909.0,2.068130391301735
2367,BRT,0.422,909.0,2.068130391301735
2690,BRT,0.422,909.0,2.068130391301735
746,BRT,0.42,917.0,2.058328825466182
1203,BRT,0.42,917.0,2.058328825466182
1323,BRT,0.42,917.0,2.058328825466182
1674,BRT,0.42,917.0,2.058328825466182
1390,BRT,0.419,921.0,2.0534280425484055
1610,BRT,0.419,921.0,2.0534280425484055
2278,BRT,0.419,921.0,2.0534280425484055
2371,BRT,0.419,921.0,2.0534280425484055
2627,BRT,0.419,921.0,2.0534280425484055
703,BRT,0.418,926.0,2.0485272596306285
805,BRT,0.418,926.0,2.0485272596306285
913,BRT,0.418,926.0,2.0485272596306285
2218,BRT,0.418,926.0,2.0485272596306285
2714,BRT,0.418,926.0,2.0485272596306285
1780,BRT,0.417,931.0,2.043626476712852
1956,BRT,0.417,931.0,2.043626476712852
428,BRT,0.416,933.0,2.0387256937950755
37,BRT,0.415,934.0,2.033824910877299
137,BRT,0.415,934.0,2.033824910877299
455,BRT,0.415,934.0,2.033824910877299
2471,BRT,0.415,934.0,2.033824910877299
41,BRT,0.414,938.0,2.028924127959522
349,BRT,0.414,938.0,2.028924127959522
851,BRT,0.414,938.0,2.028924127959522
1268,BRT,0.414,938.0,2.028924127959522
2195,BRT,0.414,938.0,2.028924127959522
2242,BRT,0.414,938.0,2.028924127959522
2388,BRT,0.414,938.0,2.028924127959522
2598,BRT,0.414,938.0,2.028924127959522
348,BRT,0.413,946.0,2.0240233450417455
394,BRT,0.413,946.0,2.0240233450417455
705,BRT,0.413,946.0,2.0240233450417455
1546,BRT,0.412,949.0,2.019122562123969
1937,BRT,0.412,949.0,2.019122562123969
10,BRT,0.411,951.0,2.0142217792061925
819,BRT,0.411,951.0,2.0142217792061925
1846,BRT,0.411,951.0,2.0142217792061925
189,BRT,0.41,954.0,2.0093209962884155
1152,BRT,0.41,954.0,2.0093209962884155
1261,BRT,0.41,954.0,2.0093209962884155
1341,BRT,0.41,954.0,2.0093209962884155
1554,BRT,0.41,954.0,2.0093209962884155
2537,BRT,0.41,954.0,2.0093209962884155
46,BRT,0.409,960.0,2.004420213370639
196,BRT,0.409,960.0,2.004420213370639
266,BRT,0.409,960.0,2.004420213370639
966,BRT,0.409,960.0,2.004420213370639
1545,BRT,0.409,960.0,2.004420213370639
2695,BRT,0.409,960.0,2.004420213370639
2203,BRT,0.408,966.0,1.9995194304528625
2337,BRT,0.408,966.0,1.9995194304528625
1932,BRT,0.407,968.0,1.9946186475350858
2014,BRT,0.407,968.0,1.9946186475350858
362,BRT,0.406,970.0,1.9897178646173095
379,BRT,0.406,970.0,1.9897178646173095
442,BRT,0.406,970.0,1.9897178646173095
613,BRT,0.406,970.0,1.9897178646173095
688,BRT,0.406,970.0,1.9897178646173095
2153,BRT,0.406,970.0,1.9897178646173095
2435,BRT,0.406,970.0,1.9897178646173095
2480,BRT,0.406,970.0,1.9897178646173095
2489,BRT,0.406,970.0,1.9897178646173095
18,BRT,0.405,979.0,1.9848170816995327
314,BRT,0.405,979.0,1.9848170816995327
316,BRT,0.405,979.0,1.9848170816995327
1448,BRT,0.405,979.0,1.9848170816995327
1994,BRT,0.405,979.0,1.9848170816995327
2038,BRT,0.405,979.0,1.9848170816995327
743,BRT,0.404,985.0,1.9799162987817562
1007,BRT,0.404,985.0,1.9799162987817562
1266,BRT,0.404,985.0,1.9799162987817562
1775,BRT,0.404,985.0,1.9799162987817562
1835,BRT,0.404,985.0,1.9799162987817562
205,BRT,0.403,990.0,1.9750155158639795
343,BRT,0.403,990.0,1.9750155158639795
352,BRT,0.403,990.0,1.9750155158639795
661,BRT,0.403,990.0,1.9750155158639795
795,BRT,0.403,990.0,1.9750155158639795
1128,BRT,0.403,990.0,1.9750155158639795
153,BRT,0.402,996.0,1.970114732946203
272,BRT,0.402,996.0,1.970114732946203
481,BRT,0.402,996.0,1.970114732946203
891,BRT,0.402,996.0,1.970114732946203
1417,BRT,0.402,996.0,1.970114732946203
2102,BRT,0.402,996.0,1.970114732946203
2315,BRT,0.402,996.0,1.970114732946203
2327,BRT,0.402,996.0,1.970114732946203
2334,BRT,0.402,996.0,1.970114732946203
523,BRT,0.401,1005.0,1.9652139500284262
566,BRT,0.401,1005.0,1.9652139500284262
718,BRT,0.401,1005.0,1.9652139500284262
883,BRT,0.401,1005.0,1.9652139500284262
1794,BRT,0.401,1005.0,1.9652139500284262
2144,BRT,0.401,1005.0,1.9652139500284262
888,BRT,0.4,1011.0,1.9603131671106497
2646,BRT,0.4,1011.0,1.9603131671106497
937,BRT,0.399,1013.0,1.955412384192873
1254,BRT,0.399,1013.0,1.955412384192873
1782,BRT,0.399,1013.0,1.955412384192873
1818,BRT,0.399,1013.0,1.955412384192873
1845,BRT,0.399,1013.0,1.955412384192873
2100,BRT,0.399,1013.0,1.955412384192873
2530,BRT,0.399,1013.0,1.955412384192873
633,BRT,0.398,1020.0,1.9505116012750965
905,BRT,0.398,1020.0,1.9505116012750965
1328,BRT,0.398,1020.0,1.9505116012750965
1334,BRT,0.398,1020.0,1.9505116012750965
1514,BRT,0.398,1020.0,1.9505116012750965
1648,BRT,0.398,1020.0,1.9505116012750965
1747,BRT,0.398,1020.0,1.9505116012750965
1829,BRT,0.398,1020.0,1.9505116012750965
583,BRT,0.397,1028.0,1.9456108183573197
846,BRT,0.397,1028.0,1.9456108183573197
1078,BRT,0.397,1028.0,1.9456108183573197
1093,BRT,0.397,1028.0,1.9456108183573197
1194,BRT,0.397,1028.0,1.9456108183573197
246,BRT,0.396,1033.0,1.9407100354395432
950,BRT,0.396,1033.0,1.9407100354395432
1582,BRT,0.396,1033.0,1.9407100354395432
1969,BRT,0.396,1033.0,1.9407100354395432
211,BRT,0.395,1037.0,1.9358092525217665
509,BRT,0.395,1037.0,1.9358092525217665
640,BRT,0.395,1037.0,1.9358092525217665
768,BRT,0.394,1040.0,1.93090846960399
2539,BRT,0.394,1040.0,1.93090846960399
157,BRT,0.393,1042.0,1.9260076866862132
138,BRT,0.392,1043.0,1.9211069037684367
1451,BRT,0.392,1043.0,1.9211069037684367
2528,BRT,0.392,1043.0,1.9211069037684367
2722,BRT,0.392,1043.0,1.9211069037684367
1604,BRT,0.391,1047.0,1.91620612085066
1959,BRT,0.391,1047.0,1.91620612085066
2405,BRT,0.391,1047.0,1.91620612085066
2491,BRT,0.391,1047.0,1.91620612085066
2649,BRT,0.391,1047.0,1.91620612085066
564,BRT,0.39,1052.0,1.9113053379328835
792,BRT,0.39,1052.0,1.9113053379328835
1492,BRT,0.39,1052.0,1.9113053379328835
2079,BRT,0.39,1052.0,1.9113053379328835
2291,BRT,0.39,1052.0,1.9113053379328835
2504,BRT,0.39,1052.0,1.9113053379328835
4,BRT,0.389,1058.0,1.9064045550151067
765,BRT,0.389,1058.0,1.9064045550151067
173,BRT,0.388,1060.0,1.90150377209733
335,BRT,0.388,1060.0,1.90150377209733
1069,BRT,0.388,1060.0,1.90150377209733
1440,BRT,0.388,1060.0,1.90150377209733
1483,BRT,0.388,1060.0,1.90150377209733
1540,BRT,0.388,1060.0,1.90150377209733
1796,BRT,0.388,1060.0,1.90150377209733
2189,BRT,0.388,1060.0,1.90150377209733
2635,BRT,0.388,1060.0,1.90150377209733
337,BRT,0.387,1069.0,1.8966029891795535
811,BRT,0.387,1069.0,1.8966029891795535
1014,BRT,0.387,1069.0,1.8966029891795535
1068,BRT,0.387,1069.0,1.8966029891795535
1124,BRT,0.387,1069.0,1.8966029891795535
1629,BRT,0.387,1069.0,1.8966029891795535
1894,BRT,0.387,1069.0,1.8966029891795535
2277,BRT,0.387,1069.0,1.8966029891795535
676,BRT,0.386,1077.0,1.8917022062617768
810,BRT,0.386,1077.0,1.8917022062617768
1008,BRT,0.386,1077.0,1.8917022062617768
1155,BRT,0.386,1077.0,1.8917022062617768
1596,BRT,0.386,1077.0,1.8917022062617768
1646,BRT,0.386,1077.0,1.8917022062617768
2039,BRT,0.386,1077.0,1.8917022062617768
2431,BRT,0.386,1077.0,1.8917022062617768
308,BRT,0.385,1085.0,1.8868014233440003
1843,BRT,0.385,1085.0,1.8868014233440003
2774,BRT,0.385,1085.0,1.8868014233440003
376,BRT,0.384,1088.0,1.8819006404262235
555,BRT,0.384,1088.0,1.8819006404262235
426,BRT,0.383,1090.0,1.876999857508447
450,BRT,0.383,1090.0,1.876999857508447
505,BRT,0.383,1090.0,1.876999857508447
513,BRT,0.383,1090.0,1.876999857508447
568,BRT,0.383,1090.0,1.876999857508447
986,BRT,0.383,1090.0,1.876999857508447
1591,BRT,0.383,1090.0,1.876999857508447
1706,BRT,0.383,1090.0,1.876999857508447
2313,BRT,0.383,1090.0,1.876999857508447
2678,BRT,0.383,1090.0,1.876999857508447
27,BRT,0.382,1100.0,1.8720990745906703
162,BRT,0.382,1100.0,1.8720990745906703
574,BRT,0.382,1100.0,1.8720990745906703
918,BRT,0.382,1100.0,1.8720990745906703
1447,BRT,0.382,1100.0,1.8720990745906703
2321,BRT,0.382,1100.0,1.8720990745906703
2634,BRT,0.382,1100.0,1.8720990745906703
413,BRT,0.381,1107.0,1.8671982916728938
890,BRT,0.381,1107.0,1.8671982916728938
963,BRT,0.381,1107.0,1.8671982916728938
1442,BRT,0.381,1107.0,1.8671982916728938
2059,BRT,0.381,1107.0,1.8671982916728938
2135,BRT,0.381,1107.0,1.8671982916728938
2237,BRT,0.381,1107.0,1.8671982916728938
219,BRT,0.38,1114.0,1.862297508755117
251,BRT,0.38,1114.0,1.862297508755117
1622,BRT,0.38,1114.0,1.862297508755117
1971,BRT,0.38,1114.0,1.862297508755117
2233,BRT,0.38,1114.0,1.862297508755117
1295,BRT,0.379,1119.0,1.8573967258373405
1391,BRT,0.379,1119.0,1.8573967258373405
1430,BRT,0.379,1119.0,1.8573967258373405
2222,BRT,0.379,1119.0,1.8573967258373405
2452,BRT,0.379,1119.0,1.8573967258373405
2702,BRT,0.379,1119.0,1.8573967258373405
2716,BRT,0.379,1119.0,1.8573967258373405
65,BRT,0.378,1126.0,1.8524959429195638
255,BRT,0.378,1126.0,1.8524959429195638
1089,BRT,0.378,1126.0,1.8524959429195638
1215,BRT,0.378,1126.0,1.8524959429195638
1315,BRT,0.378,1126.0,1.8524959429195638
2205,BRT,0.378,1126.0,1.8524959429195638
2614,BRT,0.378,1126.0,1.8524959429195638
298,BRT,0.377,1133.0,1.8475951600017873
319,BRT,0.377,1133.0,1.8475951600017873
794,BRT,0.377,1133.0,1.8475951600017873
798,BRT,0.377,1133.0,1.8475951600017873
911,BRT,0.377,1133.0,1.8475951600017873
1023,BRT,0.377,1133.0,1.8475951600017873
199,BRT,0.376,1139.0,1.8426943770840105
752,BRT,0.376,1139.0,1.8426943770840105
1562,BRT,0.376,1139.0,1.8426943770840105
2346,BRT,0.376,1139.0,1.8426943770840105
2760,BRT,0.376,1139.0,1.8426943770840105
279,BRT,0.375,1144.0,1.837793594166234
443,BRT,0.375,1144.0,1.837793594166234
1098,BRT,0.375,1144.0,1.837793594166234
2021,BRT,0.375,1144.0,1.837793594166234
2043,BRT,0.375,1144.0,1.837793594166234
2568,BRT,0.375,1144.0,1.837793594166234
2616,BRT,0.375,1144.0,1.837793594166234
2752,BRT,0.375,1144.0,1.837793594166234
364,BRT,0.374,1152.0,1.8328928112484573
2581,BRT,0.374,1152.0,1.8328928112484573
2670,BRT,0.374,1152.0,1.8328928112484573
23,BRT,0.373,1155.0,1.8279920283306808
441,BRT,0.373,1155.0,1.8279920283306808
1205,BRT,0.373,1155.0,1.8279920283306808
1292,BRT,0.373,1155.0,1.8279920283306808
1380,BRT,0.373,1155.0,1.8279920283306808
1783,BRT,0.373,1155.0,1.8279920283306808
1968,BRT,0.373,1155.0,1.8279920283306808
2049,BRT,0.373,1155.0,1.8279920283306808
2365,BRT,0.373,1155.0,1.8279920283306808
2512,BRT,0.373,1155.0,1.8279920283306808
184,BRT,0.372,1165.0,1.823091245412904
451,BRT,0.372,1165.0,1.823091245412904
1257,BRT,0.372,1165.0,1.823091245412904
1274,BRT,0.372,1165.0,1.823091245412904
1862,BRT,0.372,1165.0,1.823091245412904
2640,BRT,0.372,1165.0,1.823091245412904
2775,BRT,0.372,1165.0,1.823091245412904
357,BRT,0.371,1172.0,1.8181904624951275
1659,BRT,0.371,1172.0,1.8181904624951275
2246,BRT,0.371,1172.0,1.8181904624951275
2487,BRT,0.371,1172.0,1.8181904624951275
2639,BRT,0.371,1172.0,1.8181904624951275
245,BRT,0.37,1177.0,1.8132896795773508
454,BRT,0.37,1177.0,1.8132896795773508
709,BRT,0.37,1177.0,1.8132896795773508
734,BRT,0.37,1177.0,1.8132896795773508
873,BRT,0.37,1177.0,1.8132896795773508
1160,BRT,0.37,1177.0,1.8132896795773508
2597,BRT,0.37,1177.0,1.8132896795773508
289,BRT,0.369,1184.0,1.8083888966595743
615,BRT,0.369,1184.0,1.8083888966595743
830,BRT,0.369,1184.0,1.8083888966595743
1537,BRT,0.369,1184.0,1.8083888966595743
1593,BRT,0.369,1184.0,1.8083888966595743
1720,BRT,0.369,1184.0,1.8083888966595743
2330,BRT,0.369,1184.0,1.8083888966595743
2532,BRT,0.369,1184.0,1.8083888966595743
670,BRT,0.368,1192.0,1.8034881137417975
908,BRT,0.368,1192.0,1.8034881137417975
1900,BRT,0.368,1192.0,1.8034881137417975
2075,BRT,0.368,1192.0,1.8034881137417975
544,BRT,0.367,1196.0,1.798587330824021
2003,BRT,0.367,1196.0,1.798587330824021
2216,BRT,0.367,1196.0,1.798587330824021
2354,BRT,0.367,1196.0,1.798587330824021
2416,BRT,0.367,1196.0,1.798587330824021
90,BRT,0.366,1201.0,1.7936865479062443
146,BRT,0.366,1201.0,1.7936865479062443
549,BRT,0.366,1201.0,1.7936865479062443
2150,BRT,0.366,1201.0,1.7936865479062443
91,BRT,0.365,1205.0,1.7887857649884678
459,BRT,0.365,1205.0,1.7887857649884678
690,BRT,0.365,1205.0,1.7887857649884678
1079,BRT,0.365,1205.0,1.7887857649884678
1888,BRT,0.365,1205.0,1.7887857649884678
2621,BRT,0.365,1205.0,1.7887857649884678
2757,BRT,0.365,1205.0,1.7887857649884678
1094,BRT,0.364,1212.0,1.783884982070691
1111,BRT,0.364,1212.0,1.783884982070691
1418,BRT,0.364,1212.0,1.783884982070691
2000,BRT,0.364,1212.0,1.783884982070691
2698,BRT,0.364,1212.0,1.783884982070691
1,BRT,0.363,1217.0,1.7789841991529145
1677,BRT,0.363,1217.0,1.7789841991529145
2408,BRT,0.363,1217.0,1.7789841991529145
2590,BRT,0.363,1217.0,1.7789841991529145
573,BRT,0.362,1221.0,1.7740834162351378
834,BRT,0.362,1221.0,1.7740834162351378
1616,BRT,0.362,1221.0,1.7740834162351378
2025,BRT,0.362,1221.0,1.7740834162351378
2496,BRT,0.362,1221.0,1.7740834162351378
29,BRT,0.361,1226.0,1.7691826333173613
730,BRT,0.361,1226.0,1.7691826333173613
832,BRT,0.361,1226.0,1.7691826333173613
957,BRT,0.361,1226.0,1.7691826333173613
1342,BRT,0.361,1226.0,1.7691826333173613
1577,BRT,0.361,1226.0,1.7691826333173613
1611,BRT,0.361,1226.0,1.7691826333173613
2045,BRT,0.361,1226.0,1.7691826333173613
281,BRT,0.36,1234.0,1.7642818503995845
473,BRT,0.36,1234.0,1.7642818503995845
582,BRT,0.36,1234.0,1.7642818503995845
1337,BRT,0.36,1234.0,1.7642818503995845
1962,BRT,0.36,1234.0,1.7642818503995845
2133,BRT,0.36,1234.0,1.7642818503995845
2151,BRT,0.36,1234.0,1.7642818503995845
2393,BRT,0.36,1234.0,1.7642818503995845
2638,BRT,0.36,1234.0,1.7642818503995845
257,BRT,0.359,1243.0,1.759381067481808
468,BRT,0.359,1243.0,1.759381067481808
835,BRT,0.359,1243.0,1.759381067481808
893,BRT,0.359,1243.0,1.759381067481808
2458,BRT,0.359,1243.0,1.759381067481808
2485,BRT,0.359,1243.0,1.759381067481808
237,BRT,0.358,1249.0,1.7544802845640313
618,BRT,0.358,1249.0,1.7544802845640313
1486,BRT,0.358,1249.0,1.7544802845640313
2262,BRT,0.358,1249.0,1.7544802845640313
701,BRT,0.357,1253.0,1.7495795016462548
1569,BRT,0.357,1253.0,1.7495795016462548
2069,BRT,0.357,1253.0,1.7495795016462548
2355,BRT,0.357,1253.0,1.7495795016462548
58,BRT,0.356,1257.0,1.744678718728478
76,BRT,0.356,1257.0,1.744678718728478
344,BRT,0.356,1257.0,1.744678718728478
370,BRT,0.356,1257.0,1.744678718728478
780,BRT,0.356,1257.0,1.744678718728478
782,BRT,0.356,1257.0,1.744678718728478
407,BRT,0.355,1263.0,1.7397779358107013
534,BRT,0.355,1263.0,1.7397779358107013
541,BRT,0.355,1263.0,1.7397779358107013
706,BRT,0.355,1263.0,1.7397779358107013
855,BRT,0.355,1263.0,1.7397779358107013
1531,BRT,0.355,1263.0,1.7397779358107013
1762,BRT,0.355,1263.0,1.7397779358107013
1951,BRT,0.355,1263.0,1.7397779358107013
2615,BRT,0.355,1263.0,1.7397779358107013
57,BRT,0.354,1272.0,1.7348771528929248
208,BRT,0.354,1272.0,1.7348771528929248
812,BRT,0.354,1272.0,1.7348771528929248
1005,BRT,0.354,1272.0,1.7348771528929248
1441,BRT,0.354,1272.0,1.7348771528929248
1721,BRT,0.354,1272.0,1.7348771528929248
1839,BRT,0.354,1272.0,1.7348771528929248
2168,BRT,0.354,1272.0,1.7348771528929248
2247,BRT,0.354,1272.0,1.7348771528929248
56,BRT,0.353,1281.0,1.729976369975148
660,BRT,0.353,1281.0,1.729976369975148
1193,BRT,0.353,1281.0,1.729976369975148
1705,BRT,0.353,1281.0,1.729976369975148
2386,BRT,0.353,1281.0,1.729976369975148
2420,BRT,0.353,1281.0,1.729976369975148
338,BRT,0.352,1287.0,1.7250755870573715
416,BRT,0.352,1287.0,1.7250755870573715
1491,BRT,0.352,1287.0,1.7250755870573715
1891,BRT,0.352,1287.0,1.7250755870573715
2341,BRT,0.352,1287.0,1.7250755870573715
2778,BRT,0.352,1287.0,1.7250755870573715
171,BRT,0.351,1293.0,1.7201748041395948
398,BRT,0.351,1293.0,1.7201748041395948
533,BRT,0.351,1293.0,1.7201748041395948
659,BRT,0.351,1293.0,1.7201748041395948
806,BRT,0.351,1293.0,1.7201748041395948
892,BRT,0.351,1293.0,1.7201748041395948
1974,BRT,0.351,1293.0,1.7201748041395948
2325,BRT,0.351,1293.0,1.7201748041395948
77,BRT,0.35,1301.0,1.7152740212218183
124,BRT,0.35,1301.0,1.7152740212218183
276,BRT,0.35,1301.0,1.7152740212218183
800,BRT,0.35,1301.0,1.7152740212218183
924,BRT,0.35,1301.0,1.7152740212218183
1056,BRT,0.35,1301.0,1.7152740212218183
1088,BRT,0.35,1301.0,1.7152740212218183
1581,BRT,0.35,1301.0,1.7152740212218183
1708,BRT,0.35,1301.0,1.7152740212218183
1719,BRT,0.35,1301.0,1.7152740212218183
1977,BRT,0.35,1301.0,1.7152740212218183
2282,BRT,0.35,1301.0,1.7152740212218183
221,BRT,0.349,1313.0,1.7103732383040415
747,BRT,0.349,1313.0,1.7103732383040415
831,BRT,0.349,1313.0,1.7103732383040415
857,BRT,0.349,1313.0,1.7103732383040415
1352,BRT,0.349,1313.0,1.7103732383040415
1384,BRT,0.349,1313.0,1.7103732383040415
1550,BRT,0.349,1313.0,1.7103732383040415
2116,BRT,0.349,1313.0,1.7103732383040415
2131,BRT,0.349,1313.0,1.7103732383040415
341,BRT,0.348,1322.0,1.705472455386265
671,BRT,0.348,1322.0,1.705472455386265
1517,BRT,0.348,1322.0,1.705472455386265
1594,BRT,0.348,1322.0,1.705472455386265
1635,BRT,0.348,1322.0,1.705472455386265
1990,BRT,0.348,1322.0,1.705472455386265
2201,BRT,0.348,1322.0,1.705472455386265
2582,BRT,0.348,1322.0,1.705472455386265
786,BRT,0.347,1330.0,1.7005716724684883
1651,BRT,0.347,1330.0,1.7005716724684883
1733,BRT,0.347,1330.0,1.7005716724684883
1759,BRT,0.347,1330.0,1.7005716724684883
1982,BRT,0.347,1330.0,1.7005716724684883
2187,BRT,0.347,1330.0,1.7005716724684883
2457,BRT,0.347,1330.0,1.7005716724684883
2650,BRT,0.347,1330.0,1.7005716724684883
2743,BRT,0.347,1330.0,1.7005716724684883
112,BRT,0.346,1339.0,1.6956708895507118
625,BRT,0.346,1339.0,1.6956708895507118
902,BRT,0.346,1339.0,1.6956708895507118
1378,BRT,0.346,1339.0,1.6956708895507118
2601,BRT,0.346,1339.0,1.6956708895507118
2769,BRT,0.346,1339.0,1.6956708895507118
710,BRT,0.345,1345.0,1.690770106632935
745,BRT,0.345,1345.0,1.690770106632935
1246,BRT,0.345,1345.0,1.690770106632935
2137,BRT,0.345,1345.0,1.690770106632935
759,BRT,0.344,1349.0,1.6858693237151585
1045,BRT,0.344,1349.0,1.6858693237151585
1416,BRT,0.344,1349.0,1.6858693237151585
1454,BRT,0.344,1349.0,1.6858693237151585
2018,BRT,0.344,1349.0,1.6858693237151585
2136,BRT,0.344,1349.0,1.6858693237151585
2448,BRT,0.344,1349.0,1.6858693237151585
2623,BRT,0.344,1349.0,1.6858693237151585
263,BRT,0.343,1357.0,1.6809685407973822
954,BRT,0.343,1357.0,1.6809685407973822
1067,BRT,0.343,1357.0,1.6809685407973822
1097,BRT,0.343,1357.0,1.6809685407973822
1253,BRT,0.343,1357.0,1.6809685407973822
1650,BRT,0.343,1357.0,1.6809685407973822
1788,BRT,0.343,1357.0,1.6809685407973822
2007,BRT,0.343,1357.0,1.6809685407973822
2755,BRT,0.343,1357.0,1.6809685407973822
388,BRT,0.342,1366.0,1.6760677578796055
1907,BRT,0.342,1366.0,1.6760677578796055
2060,BRT,0.342,1366.0,1.6760677578796055
2243,BRT,0.342,1366.0,1.6760677578796055
283,BRT,0.341,1370.0,1.671166974961829
773,BRT,0.341,1370.0,1.671166974961829
897,BRT,0.341,1370.0,1.671166974961829
1269,BRT,0.341,1370.0,1.671166974961829
1563,BRT,0.341,1370.0,1.671166974961829
1921,BRT,0.341,1370.0,1.671166974961829
2519,BRT,0.341,1370.0,1.671166974961829
2554,BRT,0.341,1370.0,1.671166974961829
256,BRT,0.34,1378.0,1.6662661920440522
1239,BRT,0.34,1378.0,1.6662661920440522
2526,BRT,0.34,1378.0,1.6662661920440522
135,BRT,0.339,1381.0,1.6613654091262755
560,BRT,0.339,1381.0,1.6613654091262755
1176,BRT,0.339,1381.0,1.6613654091262755
1660,BRT,0.339,1381.0,1.6613654091262755
1740,BRT,0.339,1381.0,1.6613654091262755
1949,BRT,0.339,1381.0,1.6613654091262755
2016,BRT,0.339,1381.0,1.6613654091262755
2588,BRT,0.339,1381.0,1.6613654091262755
1188,BRT,0.338,1389.0,1.656464626208499
1202,BRT,0.338,1389.0,1.656464626208499
1784,BRT,0.338,1389.0,1.656464626208499
445,BRT,0.337,1392.0,1.6515638432907223
1964,BRT,0.337,1392.0,1.6515638432907223
2074,BRT,0.337,1392.0,1.6515638432907223
2676,BRT,0.337,1392.0,1.6515638432907223
2773,BRT,0.337,1392.0,1.6515638432907223
89,BRT,0.336,1397.0,1.6466630603729457
575,BRT,0.336,1397.0,1.6466630603729457
622,BRT,0.336,1397.0,1.6466630603729457
750,BRT,0.336,1397.0,1.6466630603729457
1021,BRT,0.336,1397.0,1.6466630603729457
98,BRT,0.335,1402.0,1.641762277455169
899,BRT,0.335,1402.0,1.641762277455169
1409,BRT,0.335,1402.0,1.641762277455169
1653,BRT,0.335,1402.0,1.641762277455169
2709,BRT,0.335,1402.0,1.641762277455169
649,BRT,0.334,1407.0,1.6368614945373925
809,BRT,0.334,1407.0,1.6368614945373925
952,BRT,0.334,1407.0,1.6368614945373925
1612,BRT,0.334,1407.0,1.6368614945373925
1657,BRT,0.334,1407.0,1.6368614945373925
381,BRT,0.333,1412.0,1.6319607116196158
433,BRT,0.333,1412.0,1.6319607116196158
742,BRT,0.333,1412.0,1.6319607116196158
766,BRT,0.333,1412.0,1.6319607116196158
895,BRT,0.333,1412.0,1.6319607116196158
1316,BRT,0.333,1412.0,1.6319607116196158
1339,BRT,0.333,1412.0,1.6319607116196158
1600,BRT,0.333,1412.0,1.6319607116196158
2167,BRT,0.333,1412.0,1.6319607116196158
598,BRT,0.332,1421.0,1.6270599287018392
621,BRT,0.332,1421.0,1.6270599287018392
744,BRT,0.332,1421.0,1.6270599287018392
785,BRT,0.332,1421.0,1.6270599287018392
1405,BRT,0.332,1421.0,1.6270599287018392
2148,BRT,0.332,1421.0,1.6270599287018392
1046,BRT,0.331,1427.0,1.6221591457840625
1283,BRT,0.331,1427.0,1.6221591457840625
2265,BRT,0.331,1427.0,1.6221591457840625
223,BRT,0.33,1430.0,1.617258362866286
396,BRT,0.33,1430.0,1.617258362866286
596,BRT,0.33,1430.0,1.617258362866286
1876,BRT,0.33,1430.0,1.617258362866286
2289,BRT,0.33,1430.0,1.617258362866286
2311,BRT,0.33,1430.0,1.617258362866286
2556,BRT,0.33,1430.0,1.617258362866286
372,BRT,0.329,1437.0,1.6123575799485093
1039,BRT,0.329,1437.0,1.6123575799485093
1389,BRT,0.329,1437.0,1.6123575799485093
1407,BRT,0.329,1437.0,1.6123575799485093
1574,BRT,0.329,1437.0,1.6123575799485093
2764,BRT,0.329,1437.0,1.6123575799485093
1153,BRT,0.328,1443.0,1.6074567970307327
1570,BRT,0.328,1443.0,1.6074567970307327
2048,BRT,0.328,1443.0,1.6074567970307327
2750,BRT,0.328,1443.0,1.6074567970307327
216,BRT,0.327,1447.0,1.602556014112956
458,BRT,0.327,1447.0,1.602556014112956
684,BRT,0.327,1447.0,1.602556014112956
1229,BRT,0.327,1447.0,1.602556014112956
1753,BRT,0.327,1447.0,1.602556014112956
2348,BRT,0.327,1447.0,1.602556014112956
2460,BRT,0.327,1447.0,1.602556014112956
2467,BRT,0.327,1447.0,1.602556014112956
2765,BRT,0.327,1447.0,1.602556014112956
45,BRT,0.326,1456.0,1.5976552311951795
415,BRT,0.326,1456.0,1.5976552311951795
871,BRT,0.326,1456.0,1.5976552311951795
1032,BRT,0.326,1456.0,1.5976552311951795
1280,BRT,0.326,1456.0,1.5976552311951795
1938,BRT,0.326,1456.0,1.5976552311951795
2206,BRT,0.326,1456.0,1.5976552311951795
2316,BRT,0.326,1456.0,1.5976552311951795
342,BRT,0.325,1464.0,1.5927544482774028
767,BRT,0.325,1464.0,1.5927544482774028
1076,BRT,0.325,1464.0,1.5927544482774028
1204,BRT,0.325,1464.0,1.5927544482774028
1211,BRT,0.325,1464.0,1.5927544482774028
1388,BRT,0.325,1464.0,1.5927544482774028
2070,BRT,0.325,1464.0,1.5927544482774028
2162,BRT,0.325,1464.0,1.5927544482774028
2412,BRT,0.325,1464.0,1.5927544482774028
2605,BRT,0.325,1464.0,1.5927544482774028
235,BRT,0.324,1474.0,1.5878536653596262
397,BRT,0.324,1474.0,1.5878536653596262
536,BRT,0.324,1474.0,1.5878536653596262
616,BRT,0.324,1474.0,1.5878536653596262
867,BRT,0.324,1474.0,1.5878536653596262
1364,BRT,0.324,1474.0,1.5878536653596262
1761,BRT,0.324,1474.0,1.5878536653596262
1996,BRT,0.324,1474.0,1.5878536653596262
2173,BRT,0.324,1474.0,1.5878536653596262
19,BRT,0.323,1483.0,1.5829528824418495
169,BRT,0.323,1483.0,1.5829528824418495
526,BRT,0.323,1483.0,1.5829528824418495
1123,BRT,0.323,1483.0,1.5829528824418495
1432,BRT,0.323,1483.0,1.5829528824418495
1685,BRT,0.323,1483.0,1.5829528824418495
449,BRT,0.322,1489.0,1.578052099524073
1218,BRT,0.322,1489.0,1.578052099524073
1301,BRT,0.322,1489.0,1.578052099524073
1367,BRT,0.322,1489.0,1.578052099524073
1548,BRT,0.322,1489.0,1.578052099524073
1618,BRT,0.322,1489.0,1.578052099524073
1965,BRT,0.322,1489.0,1.578052099524073
2006,BRT,0.322,1489.0,1.578052099524073
2299,BRT,0.322,1489.0,1.578052099524073
142,BRT,0.321,1498.0,1.5731513166062963
500,BRT,0.321,1498.0,1.5731513166062963
1673,BRT,0.321,1498.0,1.5731513166062963
1725,BRT,0.321,1498.0,1.5731513166062963
2008,BRT,0.321,1498.0,1.5731513166062963
492,BRT,0.32,1503.0,1.5682505336885197
593,BRT,0.32,1503.0,1.5682505336885197
1242,BRT,0.32,1503.0,1.5682505336885197
1278,BRT,0.32,1503.0,1.5682505336885197
1666,BRT,0.32,1503.0,1.5682505336885197
1710,BRT,0.32,1503.0,1.5682505336885197
1869,BRT,0.32,1503.0,1.5682505336885197
1884,BRT,0.32,1503.0,1.5682505336885197
78,BRT,0.319,1511.0,1.563349750770743
201,BRT,0.319,1511.0,1.563349750770743
490,BRT,0.319,1511.0,1.563349750770743
956,BRT,0.319,1511.0,1.563349750770743
1773,BRT,0.319,1511.0,1.563349750770743
1985,BRT,0.319,1511.0,1.563349750770743
2279,BRT,0.319,1511.0,1.563349750770743
47,BRT,0.318,1518.0,1.5584489678529665
553,BRT,0.318,1518.0,1.5584489678529665
1272,BRT,0.318,1518.0,1.5584489678529665
1309,BRT,0.318,1518.0,1.5584489678529665
1456,BRT,0.318,1518.0,1.5584489678529665
1767,BRT,0.318,1518.0,1.5584489678529665
1950,BRT,0.318,1518.0,1.5584489678529665
2326,BRT,0.318,1518.0,1.5584489678529665
2725,BRT,0.318,1518.0,1.5584489678529665
1743,BRT,0.317,1527.0,1.5535481849351898
2036,BRT,0.317,1527.0,1.5535481849351898
2214,BRT,0.317,1527.0,1.5535481849351898
2691,BRT,0.317,1527.0,1.5535481849351898
2700,BRT,0.317,1527.0,1.5535481849351898
311,BRT,0.316,1532.0,1.5486474020174132
617,BRT,0.316,1532.0,1.5486474020174132
665,BRT,0.316,1532.0,1.5486474020174132
2068,BRT,0.316,1532.0,1.5486474020174132
2688,BRT,0.316,1532.0,1.5486474020174132
1506,BRT,0.315,1537.0,1.5437466190996365
2602,BRT,0.315,1537.0,1.5437466190996365
594,BRT,0.314,1539.0,1.53884583618186
916,BRT,0.314,1539.0,1.53884583618186
1147,BRT,0.314,1539.0,1.53884583618186
1684,BRT,0.314,1539.0,1.53884583618186
2058,BRT,0.314,1539.0,1.53884583618186
2221,BRT,0.314,1539.0,1.53884583618186
2613,BRT,0.314,1539.0,1.53884583618186
2624,BRT,0.314,1539.0,1.53884583618186
2740,BRT,0.314,1539.0,1.53884583618186
167,BRT,0.313,1548.0,1.5339450532640833
525,BRT,0.313,1548.0,1.5339450532640833
1422,BRT,0.313,1548.0,1.5339450532640833
2223,BRT,0.313,1548.0,1.5339450532640833
2358,BRT,0.313,1548.0,1.5339450532640833
145,BRT,0.312,1553.0,1.5290442703463067
175,BRT,0.312,1553.0,1.5290442703463067
501,BRT,0.312,1553.0,1.5290442703463067
716,BRT,0.312,1553.0,1.5290442703463067
1053,BRT,0.312,1553.0,1.5290442703463067
1654,BRT,0.312,1553.0,1.5290442703463067
1730,BRT,0.312,1553.0,1.5290442703463067
1792,BRT,0.312,1553.0,1.5290442703463067
1897,BRT,0.312,1553.0,1.5290442703463067
1059,BRT,0.311,1562.0,1.52414348742853
1698,BRT,0.311,1562.0,1.52414348742853
2105,BRT,0.311,1562.0,1.52414348742853
126,BRT,0.31,1565.0,1.5192427045107535
206,BRT,0.31,1565.0,1.5192427045107535
234,BRT,0.31,1565.0,1.5192427045107535
597,BRT,0.31,1565.0,1.5192427045107535
945,BRT,0.31,1565.0,1.5192427045107535
1787,BRT,0.31,1565.0,1.5192427045107535
2087,BRT,0.31,1565.0,1.5192427045107535
2156,BRT,0.31,1565.0,1.5192427045107535
2476,BRT,0.31,1565.0,1.5192427045107535
2696,BRT,0.31,1565.0,1.5192427045107535
1115,BRT,0.309,1575.0,1.5143419215929768
1734,BRT,0.309,1575.0,1.5143419215929768
1855,BRT,0.309,1575.0,1.5143419215929768
1904,BRT,0.309,1575.0,1.5143419215929768
2097,BRT,0.309,1575.0,1.5143419215929768
619,BRT,0.308,1580.0,1.5094411386752002
675,BRT,0.308,1580.0,1.5094411386752002
839,BRT,0.308,1580.0,1.5094411386752002
1101,BRT,0.308,1580.0,1.5094411386752002
1148,BRT,0.308,1580.0,1.5094411386752002
1533,BRT,0.308,1580.0,1.5094411386752002
1599,BRT,0.308,1580.0,1.5094411386752002
1981,BRT,0.308,1580.0,1.5094411386752002
42,BRT,0.307,1588.0,1.5045403557574235
165,BRT,0.307,1588.0,1.5045403557574235
578,BRT,0.307,1588.0,1.5045403557574235
787,BRT,0.307,1588.0,1.5045403557574235
1630,BRT,0.307,1588.0,1.5045403557574235
1744,BRT,0.307,1588.0,1.5045403557574235
26,BRT,0.306,1594.0,1.4996395728396468
62,BRT,0.306,1594.0,1.4996395728396468
301,BRT,0.306,1594.0,1.4996395728396468
304,BRT,0.306,1594.0,1.4996395728396468
1395,BRT,0.306,1594.0,1.4996395728396468
1704,BRT,0.306,1594.0,1.4996395728396468
1766,BRT,0.306,1594.0,1.4996395728396468
1803,BRT,0.306,1594.0,1.4996395728396468
2028,BRT,0.306,1594.0,1.4996395728396468
2096,BRT,0.306,1594.0,1.4996395728396468
40,BRT,0.305,1604.0,1.4947387899218703
460,BRT,0.305,1604.0,1.4947387899218703
609,BRT,0.304,1606.0,1.4898380070040935
1157,BRT,0.304,1606.0,1.4898380070040935
1455,BRT,0.304,1606.0,1.4898380070040935
1645,BRT,0.304,1606.0,1.4898380070040935
2533,BRT,0.304,1606.0,1.4898380070040935
565,BRT,0.303,1611.0,1.484937224086317
712,BRT,0.303,1611.0,1.484937224086317
872,BRT,0.303,1611.0,1.484937224086317
980,BRT,0.303,1611.0,1.484937224086317
1013,BRT,0.303,1611.0,1.484937224086317
1425,BRT,0.303,1611.0,1.484937224086317
1542,BRT,0.303,1611.0,1.484937224086317
1852,BRT,0.303,1611.0,1.484937224086317
2292,BRT,0.303,1611.0,1.484937224086317
2617,BRT,0.303,1611.0,1.484937224086317
412,BRT,0.302,1621.0,1.4800364411685403
503,BRT,0.302,1621.0,1.4800364411685403
545,BRT,0.302,1621.0,1.4800364411685403
1444,BRT,0.302,1621.0,1.4800364411685403
1731,BRT,0.302,1621.0,1.4800364411685403
1957,BRT,0.302,1621.0,1.4800364411685403
2697,BRT,0.302,1621.0,1.4800364411685403
422,BRT,0.301,1628.0,1.4751356582507638
685,BRT,0.301,1628.0,1.4751356582507638
778,BRT,0.301,1628.0,1.4751356582507638
2172,BRT,0.301,1628.0,1.4751356582507638
2240,BRT,0.301,1628.0,1.4751356582507638
2397,BRT,0.301,1628.0,1.4751356582507638
2483,BRT,0.301,1628.0,1.4751356582507638
2543,BRT,0.301,1628.0,1.4751356582507638
2745,BRT,0.301,1628.0,1.4751356582507638
2767,BRT,0.301,1628.0,1.4751356582507638
667,BRT,0.3,1638.0,1.470234875332987
1330,BRT,0.3,1638.0,1.470234875332987
1421,BRT,0.3,1638.0,1.470234875332987
1738,BRT,0.3,1638.0,1.470234875332987
540,BRT,0.299,1642.0,1.4653340924152105
1313,BRT,0.299,1642.0,1.4653340924152105
1556,BRT,0.299,1642.0,1.4653340924152105
2618,BRT,0.299,1642.0,1.4653340924152105
2629,BRT,0.299,1642.0,1.4653340924152105
2720,BRT,0.299,1642.0,1.4653340924152105
102,BRT,0.298,1648.0,1.4604333094974338
554,BRT,0.298,1648.0,1.4604333094974338
754,BRT,0.298,1648.0,1.4604333094974338
762,BRT,0.298,1648.0,1.4604333094974338
1576,BRT,0.298,1648.0,1.4604333094974338
33,BRT,0.297,1653.0,1.4555325265796573
247,BRT,0.297,1653.0,1.4555325265796573
647,BRT,0.297,1653.0,1.4555325265796573
1992,BRT,0.297,1653.0,1.4555325265796573
2468,BRT,0.297,1653.0,1.4555325265796573
512,BRT,0.296,1658.0,1.4506317436618805
1396,BRT,0.296,1658.0,1.4506317436618805
1494,BRT,0.296,1658.0,1.4506317436618805
1895,BRT,0.296,1658.0,1.4506317436618805
1946,BRT,0.296,1658.0,1.4506317436618805
2093,BRT,0.296,1658.0,1.4506317436618805
2439,BRT,0.296,1658.0,1.4506317436618805
2479,BRT,0.296,1658.0,1.4506317436618805
346,BRT,0.295,1666.0,1.445730960744104
366,BRT,0.295,1666.0,1.445730960744104
1043,BRT,0.295,1666.0,1.445730960744104
2360,BRT,0.295,1666.0,1.445730960744104
2661,BRT,0.295,1666.0,1.445730960744104
2748,BRT,0.295,1666.0,1.445730960744104
974,BRT,0.294,1672.0,1.4408301778263273
1047,BRT,0.294,1672.0,1.4408301778263273
1854,BRT,0.294,1672.0,1.4408301778263273
2120,BRT,0.294,1672.0,1.4408301778263273
2228,BRT,0.294,1672.0,1.4408301778263273
2230,BRT,0.294,1672.0,1.4408301778263273
1181,BRT,0.293,1678.0,1.4359293949085508
95,BRT,0.292,1679.0,1.431028611990774
756,BRT,0.292,1679.0,1.431028611990774
770,BRT,0.292,1679.0,1.431028611990774
946,BRT,0.292,1679.0,1.431028611990774
1141,BRT,0.292,1679.0,1.431028611990774
1208,BRT,0.292,1679.0,1.431028611990774
1613,BRT,0.292,1679.0,1.431028611990774
1832,BRT,0.292,1679.0,1.431028611990774
1866,BRT,0.292,1679.0,1.431028611990774
2147,BRT,0.292,1679.0,1.431028611990774
2276,BRT,0.292,1679.0,1.431028611990774
2335,BRT,0.292,1679.0,1.431028611990774
2636,BRT,0.292,1679.0,1.431028611990774
499,BRT,0.291,1692.0,1.4261278290729975
1164,BRT,0.291,1692.0,1.4261278290729975
1592,BRT,0.291,1692.0,1.4261278290729975
1797,BRT,0.291,1692.0,1.4261278290729975
2254,BRT,0.291,1692.0,1.4261278290729975
728,BRT,0.29,1697.0,1.4212270461552208
1325,BRT,0.29,1697.0,1.4212270461552208
1433,BRT,0.29,1697.0,1.4212270461552208
1838,BRT,0.29,1697.0,1.4212270461552208
2033,BRT,0.29,1697.0,1.4212270461552208
2524,BRT,0.29,1697.0,1.4212270461552208
2761,BRT,0.29,1697.0,1.4212270461552208
1571,BRT,0.289,1704.0,1.4163262632374443
1880,BRT,0.289,1704.0,1.4163262632374443
2366,BRT,0.289,1704.0,1.4163262632374443
2376,BRT,0.289,1704.0,1.4163262632374443
2406,BRT,0.289,1704.0,1.4163262632374443
8,BRT,0.288,1709.0,1.4114254803196675
691,BRT,0.288,1709.0,1.4114254803196675
1333,BRT,0.288,1709.0,1.4114254803196675
2115,BRT,0.288,1709.0,1.4114254803196675
2595,BRT,0.288,1709.0,1.4114254803196675
2682,BRT,0.288,1709.0,1.4114254803196675
435,BRT,0.287,1715.0,1.406524697401891
493,BRT,0.287,1715.0,1.406524697401891
629,BRT,0.287,1715.0,1.406524697401891
907,BRT,0.287,1715.0,1.406524697401891
2248,BRT,0.287,1715.0,1.406524697401891
6,BRT,0.286,1720.0,1.4016239144841143
179,BRT,0.286,1720.0,1.4016239144841143
772,BRT,0.286,1720.0,1.4016239144841143
1260,BRT,0.286,1720.0,1.4016239144841143
1781,BRT,0.286,1720.0,1.4016239144841143
2580,BRT,0.286,1720.0,1.4016239144841143
114,BRT,0.285,1726.0,1.3967231315663378
658,BRT,0.285,1726.0,1.3967231315663378
738,BRT,0.285,1726.0,1.3967231315663378
858,BRT,0.285,1726.0,1.3967231315663378
1055,BRT,0.285,1726.0,1.3967231315663378
1326,BRT,0.285,1726.0,1.3967231315663378
1402,BRT,0.285,1726.0,1.3967231315663378
1477,BRT,0.285,1726.0,1.3967231315663378
1790,BRT,0.285,1726.0,1.3967231315663378
330,BRT,0.284,1735.0,1.391822348648561
345,BRT,0.284,1735.0,1.391822348648561
689,BRT,0.284,1735.0,1.391822348648561
725,BRT,0.284,1735.0,1.391822348648561
1298,BRT,0.284,1735.0,1.391822348648561
1643,BRT,0.284,1735.0,1.391822348648561
1712,BRT,0.284,1735.0,1.391822348648561
2181,BRT,0.284,1735.0,1.391822348648561
739,BRT,0.283,1743.0,1.3869215657307845
990,BRT,0.283,1743.0,1.3869215657307845
1303,BRT,0.283,1743.0,1.3869215657307845
1536,BRT,0.283,1743.0,1.3869215657307845
1867,BRT,0.283,1743.0,1.3869215657307845
531,BRT,0.282,1748.0,1.3820207828130078
1195,BRT,0.282,1748.0,1.3820207828130078
1621,BRT,0.282,1748.0,1.3820207828130078
1830,BRT,0.282,1748.0,1.3820207828130078
2141,BRT,0.282,1748.0,1.3820207828130078
628,BRT,0.281,1753.0,1.3771199998952315
1150,BRT,0.281,1753.0,1.3771199998952315
1467,BRT,0.281,1753.0,1.3771199998952315
1770,BRT,0.281,1753.0,1.3771199998952315
2301,BRT,0.281,1753.0,1.3771199998952315
2473,BRT,0.281,1753.0,1.3771199998952315
2484,BRT,0.281,1753.0,1.3771199998952315
226,BRT,0.28,1760.0,1.3722192169774547
521,BRT,0.28,1760.0,1.3722192169774547
784,BRT,0.28,1760.0,1.3722192169774547
1251,BRT,0.28,1760.0,1.3722192169774547
1297,BRT,0.28,1760.0,1.3722192169774547
1383,BRT,0.28,1760.0,1.3722192169774547
1452,BRT,0.28,1760.0,1.3722192169774547
1707,BRT,0.28,1760.0,1.3722192169774547
1786,BRT,0.28,1760.0,1.3722192169774547
2185,BRT,0.28,1760.0,1.3722192169774547
147,BRT,0.279,1770.0,1.3673184340596782
1519,BRT,0.279,1770.0,1.3673184340596782
2042,BRT,0.279,1770.0,1.3673184340596782
2445,BRT,0.279,1770.0,1.3673184340596782
116,BRT,0.278,1774.0,1.3624176511419015
353,BRT,0.278,1774.0,1.3624176511419015
1136,BRT,0.278,1774.0,1.3624176511419015
1474,BRT,0.278,1774.0,1.3624176511419015
2286,BRT,0.278,1774.0,1.3624176511419015
2407,BRT,0.278,1774.0,1.3624176511419015
2763,BRT,0.278,1774.0,1.3624176511419015
186,BRT,0.277,1781.0,1.357516868224125
258,BRT,0.277,1781.0,1.357516868224125
653,BRT,0.277,1781.0,1.357516868224125
1143,BRT,0.277,1781.0,1.357516868224125
1860,BRT,0.277,1781.0,1.357516868224125
105,BRT,0.276,1786.0,1.3526160853063482
1066,BRT,0.276,1786.0,1.3526160853063482
1182,BRT,0.276,1786.0,1.3526160853063482
213,BRT,0.275,1789.0,1.3477153023885717
224,BRT,0.275,1789.0,1.3477153023885717
1154,BRT,0.275,1789.0,1.3477153023885717
1358,BRT,0.275,1789.0,1.3477153023885717
2306,BRT,0.275,1789.0,1.3477153023885717
2410,BRT,0.275,1789.0,1.3477153023885717
2463,BRT,0.275,1789.0,1.3477153023885717
119,BRT,0.274,1796.0,1.342814519470795
128,BRT,0.274,1796.0,1.342814519470795
240,BRT,0.274,1796.0,1.342814519470795
432,BRT,0.274,1796.0,1.342814519470795
889,BRT,0.274,1796.0,1.342814519470795
1231,BRT,0.274,1796.0,1.342814519470795
1306,BRT,0.274,1796.0,1.342814519470795
1925,BRT,0.274,1796.0,1.342814519470795
2400,BRT,0.274,1796.0,1.342814519470795
2425,BRT,0.274,1796.0,1.342814519470795
2575,BRT,0.274,1796.0,1.342814519470795
178,BRT,0.273,1807.0,1.3379137365530185
1874,BRT,0.273,1807.0,1.3379137365530185
2447,BRT,0.273,1807.0,1.3379137365530185
2713,BRT,0.273,1807.0,1.3379137365530185
824,BRT,0.272,1811.0,1.3330129536352417
989,BRT,0.272,1811.0,1.3330129536352417
2082,BRT,0.272,1811.0,1.3330129536352417
2194,BRT,0.272,1811.0,1.3330129536352417
197,BRT,0.271,1815.0,1.3281121707174652
600,BRT,0.271,1815.0,1.3281121707174652
1771,BRT,0.271,1815.0,1.3281121707174652
2268,BRT,0.271,1815.0,1.3281121707174652
2523,BRT,0.271,1815.0,1.3281121707174652
115,BRT,0.27,1820.0,1.3232113877996885
840,BRT,0.27,1820.0,1.3232113877996885
1082,BRT,0.27,1820.0,1.3232113877996885
1631,BRT,0.27,1820.0,1.3232113877996885
1970,BRT,0.27,1820.0,1.3232113877996885
2551,BRT,0.27,1820.0,1.3232113877996885
393,BRT,0.269,1826.0,1.318310604881912
401,BRT,0.269,1826.0,1.318310604881912
378,BRT,0.268,1828.0,1.3134098219641352
494,BRT,0.268,1828.0,1.3134098219641352
607,BRT,0.268,1828.0,1.3134098219641352
1329,BRT,0.268,1828.0,1.3134098219641352
1586,BRT,0.268,1828.0,1.3134098219641352
1695,BRT,0.268,1828.0,1.3134098219641352
2024,BRT,0.268,1828.0,1.3134098219641352
2628,BRT,0.268,1828.0,1.3134098219641352
2744,BRT,0.268,1828.0,1.3134098219641352
417,BRT,0.267,1837.0,1.3085090390463587
833,BRT,0.267,1837.0,1.3085090390463587
1117,BRT,0.267,1837.0,1.3085090390463587
1535,BRT,0.267,1837.0,1.3085090390463587
2692,BRT,0.267,1837.0,1.3085090390463587
347,BRT,0.266,1842.0,1.303608256128582
355,BRT,0.266,1842.0,1.303608256128582
1170,BRT,0.266,1842.0,1.303608256128582
1219,BRT,0.266,1842.0,1.303608256128582
1338,BRT,0.266,1842.0,1.303608256128582
2027,BRT,0.266,1842.0,1.303608256128582
155,BRT,0.265,1848.0,1.2987074732108055
327,BRT,0.265,1848.0,1.2987074732108055
1175,BRT,0.265,1848.0,1.2987074732108055
1973,BRT,0.265,1848.0,1.2987074732108055
66,BRT,0.264,1852.0,1.2938066902930287
1035,BRT,0.264,1852.0,1.2938066902930287
1102,BRT,0.264,1852.0,1.2938066902930287
1113,BRT,0.264,1852.0,1.2938066902930287
1401,BRT,0.264,1852.0,1.2938066902930287
1458,BRT,0.264,1852.0,1.2938066902930287
1752,BRT,0.264,1852.0,1.2938066902930287
2586,BRT,0.264,1852.0,1.2938066902930287
2591,BRT,0.264,1852.0,1.2938066902930287
209,BRT,0.263,1861.0,1.2889059073752522
267,BRT,0.263,1861.0,1.2889059073752522
305,BRT,0.263,1861.0,1.2889059073752522
1179,BRT,0.263,1861.0,1.2889059073752522
1332,BRT,0.263,1861.0,1.2889059073752522
1478,BRT,0.263,1861.0,1.2889059073752522
1481,BRT,0.263,1861.0,1.2889059073752522
2138,BRT,0.263,1861.0,1.2889059073752522
2592,BRT,0.263,1861.0,1.2889059073752522
508,BRT,0.262,1870.0,1.2840051244574755
535,BRT,0.262,1870.0,1.2840051244574755
859,BRT,0.262,1870.0,1.2840051244574755
1899,BRT,0.262,1870.0,1.2840051244574755
2307,BRT,0.262,1870.0,1.2840051244574755
2451,BRT,0.262,1870.0,1.2840051244574755
150,BRT,0.261,1876.0,1.279104341539699
360,BRT,0.261,1876.0,1.279104341539699
605,BRT,0.261,1876.0,1.279104341539699
2545,BRT,0.261,1876.0,1.279104341539699
31,BRT,0.26,1880.0,1.2742035586219222
495,BRT,0.26,1880.0,1.2742035586219222
590,BRT,0.26,1880.0,1.2742035586219222
1029,BRT,0.26,1880.0,1.2742035586219222
1237,BRT,0.26,1880.0,1.2742035586219222
2107,BRT,0.26,1880.0,1.2742035586219222
2374,BRT,0.26,1880.0,1.2742035586219222
5,BRT,0.259,1887.0,1.2693027757041457
971,BRT,0.259,1887.0,1.2693027757041457
1217,BRT,0.259,1887.0,1.2693027757041457
1174,BRT,0.258,1890.0,1.264401992786369
2470,BRT,0.258,1890.0,1.264401992786369
2643,BRT,0.258,1890.0,1.264401992786369
519,BRT,0.257,1893.0,1.2595012098685923
947,BRT,0.257,1893.0,1.2595012098685923
1944,BRT,0.257,1893.0,1.2595012098685923
172,BRT,0.256,1896.0,1.2546004269508158
248,BRT,0.256,1896.0,1.2546004269508158
390,BRT,0.256,1896.0,1.2546004269508158
585,BRT,0.256,1896.0,1.2546004269508158
975,BRT,0.256,1896.0,1.2546004269508158
994,BRT,0.256,1896.0,1.2546004269508158
1372,BRT,0.256,1896.0,1.2546004269508158
1658,BRT,0.256,1896.0,1.2546004269508158
1881,BRT,0.256,1896.0,1.2546004269508158
2370,BRT,0.256,1896.0,1.2546004269508158
2573,BRT,0.256,1896.0,1.2546004269508158
195,BRT,0.255,1907.0,1.249699644033039
489,BRT,0.255,1907.0,1.249699644033039
686,BRT,0.255,1907.0,1.249699644033039
972,BRT,0.255,1907.0,1.249699644033039
1145,BRT,0.255,1907.0,1.249699644033039
1521,BRT,0.255,1907.0,1.249699644033039
1908,BRT,0.255,1907.0,1.249699644033039
2642,BRT,0.255,1907.0,1.249699644033039
2683,BRT,0.255,1907.0,1.249699644033039
931,BRT,0.254,1916.0,1.2447988611152625
969,BRT,0.254,1916.0,1.2447988611152625
1042,BRT,0.254,1916.0,1.2447988611152625
1290,BRT,0.254,1916.0,1.2447988611152625
1528,BRT,0.254,1916.0,1.2447988611152625
1694,BRT,0.254,1916.0,1.2447988611152625
1763,BRT,0.254,1916.0,1.2447988611152625
707,BRT,0.253,1923.0,1.2398980781974858
1061,BRT,0.253,1923.0,1.2398980781974858
1496,BRT,0.253,1923.0,1.2398980781974858
1634,BRT,0.253,1923.0,1.2398980781974858
1805,BRT,0.253,1923.0,1.2398980781974858
2527,BRT,0.253,1923.0,1.2398980781974858
2718,BRT,0.253,1923.0,1.2398980781974858
113,BRT,0.252,1930.0,1.2349972952797093
1037,BRT,0.252,1930.0,1.2349972952797093
1180,BRT,0.252,1930.0,1.2349972952797093
1392,BRT,0.252,1930.0,1.2349972952797093
2088,BRT,0.252,1930.0,1.2349972952797093
2123,BRT,0.252,1930.0,1.2349972952797093
2236,BRT,0.252,1930.0,1.2349972952797093
2396,BRT,0.252,1930.0,1.2349972952797093
2674,BRT,0.252,1930.0,1.2349972952797093
487,BRT,0.251,1939.0,1.2300965123619325
1173,BRT,0.251,1939.0,1.2300965123619325
2375,BRT,0.251,1939.0,1.2300965123619325
2459,BRT,0.251,1939.0,1.2300965123619325
610,BRT,0.25,1943.0,1.225195729444156
783,BRT,0.25,1943.0,1.225195729444156
790,BRT,0.25,1943.0,1.225195729444156
1207,BRT,0.25,1943.0,1.225195729444156
1318,BRT,0.25,1943.0,1.225195729444156
2217,BRT,0.25,1943.0,1.225195729444156
2570,BRT,0.25,1943.0,1.225195729444156
456,BRT,0.249,1950.0,1.2202949465263793
869,BRT,0.249,1950.0,1.2202949465263793
1074,BRT,0.249,1950.0,1.2202949465263793
1918,BRT,0.249,1950.0,1.2202949465263793
2350,BRT,0.249,1950.0,1.2202949465263793
2353,BRT,0.249,1950.0,1.2202949465263793
2518,BRT,0.249,1950.0,1.2202949465263793
385,BRT,0.248,1957.0,1.2153941636086028
399,BRT,0.248,1957.0,1.2153941636086028
612,BRT,0.248,1957.0,1.2153941636086028
896,BRT,0.248,1957.0,1.2153941636086028
1209,BRT,0.248,1957.0,1.2153941636086028
2127,BRT,0.248,1957.0,1.2153941636086028
1800,BRT,0.247,1963.0,1.210493380690826
2066,BRT,0.247,1963.0,1.210493380690826
406,BRT,0.246,1965.0,1.2055925977730495
704,BRT,0.246,1965.0,1.2055925977730495
2553,BRT,0.246,1965.0,1.2055925977730495
2637,BRT,0.246,1965.0,1.2055925977730495
80,BRT,0.245,1969.0,1.2006918148552728
682,BRT,0.245,1969.0,1.2006918148552728
777,BRT,0.245,1969.0,1.2006918148552728
1028,BRT,0.245,1969.0,1.2006918148552728
1375,BRT,0.245,1969.0,1.2006918148552728
1724,BRT,0.245,1969.0,1.2006918148552728
2180,BRT,0.245,1969.0,1.2006918148552728
2654,BRT,0.245,1969.0,1.2006918148552728
646,BRT,0.244,1977.0,1.1957910319374963
669,BRT,0.244,1977.0,1.1957910319374963
1393,BRT,0.244,1977.0,1.1957910319374963
1564,BRT,0.244,1977.0,1.1957910319374963
1898,BRT,0.244,1977.0,1.1957910319374963
2611,BRT,0.244,1977.0,1.1957910319374963
111,BRT,0.243,1983.0,1.1908902490197195
271,BRT,0.243,1983.0,1.1908902490197195
2296,BRT,0.243,1983.0,1.1908902490197195
938,BRT,0.242,1986.0,1.185989466101943
1340,BRT,0.242,1986.0,1.185989466101943
1403,BRT,0.242,1986.0,1.185989466101943
1813,BRT,0.241,1989.0,1.1810886831841663
2056,BRT,0.241,1989.0,1.1810886831841663
2312,BRT,0.241,1989.0,1.1810886831841663
2749,BRT,0.241,1989.0,1.1810886831841663
864,BRT,0.24,1993.0,1.1761879002663898
1934,BRT,0.24,1993.0,1.1761879002663898
2031,BRT,0.24,1993.0,1.1761879002663898
563,BRT,0.239,1996.0,1.171287117348613
2098,BRT,0.239,1996.0,1.171287117348613
71,BRT,0.238,1998.0,1.1663863344308365
419,BRT,0.238,1998.0,1.1663863344308365
733,BRT,0.238,1998.0,1.1663863344308365
1683,BRT,0.238,1998.0,1.1663863344308365
1717,BRT,0.238,1998.0,1.1663863344308365
1967,BRT,0.238,1998.0,1.1663863344308365
2017,BRT,0.238,1998.0,1.1663863344308365
85,BRT,0.237,2005.0,1.1614855515130598
166,BRT,0.237,2005.0,1.1614855515130598
1127,BRT,0.237,2005.0,1.1614855515130598
1864,BRT,0.237,2005.0,1.1614855515130598
2235,BRT,0.237,2005.0,1.1614855515130598
2398,BRT,0.237,2005.0,1.1614855515130598
2715,BRT,0.237,2005.0,1.1614855515130598
1466,BRT,0.236,2012.0,1.1565847685952833
1896,BRT,0.236,2012.0,1.1565847685952833
2118,BRT,0.236,2012.0,1.1565847685952833
2771,BRT,0.236,2012.0,1.1565847685952833
296,BRT,0.235,2016.0,1.1516839856775065
1138,BRT,0.235,2016.0,1.1516839856775065
934,BRT,0.234,2018.0,1.14678320275973
1210,BRT,0.234,2018.0,1.14678320275973
1675,BRT,0.234,2018.0,1.14678320275973
2231,BRT,0.234,2018.0,1.14678320275973
2314,BRT,0.234,2018.0,1.14678320275973
2655,BRT,0.234,2018.0,1.14678320275973
185,BRT,0.233,2024.0,1.1418824198419535
683,BRT,0.233,2024.0,1.1418824198419535
1300,BRT,0.233,2024.0,1.1418824198419535
2461,BRT,0.233,2024.0,1.1418824198419535
16,BRT,0.232,2028.0,1.1369816369241768
477,BRT,0.232,2028.0,1.1369816369241768
543,BRT,0.232,2028.0,1.1369816369241768
711,BRT,0.232,2028.0,1.1369816369241768
866,BRT,0.232,2028.0,1.1369816369241768
1414,BRT,0.232,2028.0,1.1369816369241768
1555,BRT,0.232,2028.0,1.1369816369241768
436,BRT,0.231,2035.0,1.1320808540064002
1626,BRT,0.231,2035.0,1.1320808540064002
227,BRT,0.23,2037.0,1.1271800710886235
269,BRT,0.23,2037.0,1.1271800710886235
881,BRT,0.23,2037.0,1.1271800710886235
1799,BRT,0.23,2037.0,1.1271800710886235
1809,BRT,0.23,2037.0,1.1271800710886235
2256,BRT,0.23,2037.0,1.1271800710886235
611,BRT,0.229,2043.0,1.122279288170847
820,BRT,0.229,2043.0,1.122279288170847
1222,BRT,0.229,2043.0,1.122279288170847
1508,BRT,0.229,2043.0,1.122279288170847
1567,BRT,0.229,2043.0,1.122279288170847
1722,BRT,0.228,2048.0,1.1173785052530703
1777,BRT,0.228,2048.0,1.1173785052530703
1103,BRT,0.227,2050.0,1.1124777223352937
1201,BRT,0.227,2050.0,1.1124777223352937
2378,BRT,0.227,2050.0,1.1124777223352937
2409,BRT,0.227,2050.0,1.1124777223352937
161,BRT,0.226,2054.0,1.107576939417517
537,BRT,0.226,2054.0,1.107576939417517
2125,BRT,0.226,2054.0,1.107576939417517
2395,BRT,0.226,2054.0,1.107576939417517
2426,BRT,0.226,2054.0,1.107576939417517
284,BRT,0.225,2059.0,1.1026761564997405
1236,BRT,0.225,2059.0,1.1026761564997405
1589,BRT,0.225,2059.0,1.1026761564997405
2169,BRT,0.225,2059.0,1.1026761564997405
2424,BRT,0.225,2059.0,1.1026761564997405
2721,BRT,0.225,2059.0,1.1026761564997405
2728,BRT,0.225,2059.0,1.1026761564997405
466,BRT,0.224,2066.0,1.0977753735819638
603,BRT,0.224,2066.0,1.0977753735819638
1288,BRT,0.224,2066.0,1.0977753735819638
1868,BRT,0.224,2066.0,1.0977753735819638
1963,BRT,0.224,2066.0,1.0977753735819638
2675,BRT,0.224,2066.0,1.0977753735819638
3,BRT,0.223,2072.0,1.0928745906641872
447,BRT,0.223,2072.0,1.0928745906641872
702,BRT,0.223,2072.0,1.0928745906641872
1132,BRT,0.223,2072.0,1.0928745906641872
1149,BRT,0.223,2072.0,1.0928745906641872
1504,BRT,0.223,2072.0,1.0928745906641872
1751,BRT,0.223,2072.0,1.0928745906641872
2712,BRT,0.223,2072.0,1.0928745906641872
148,BRT,0.222,2080.0,1.0879738077464105
374,BRT,0.222,2080.0,1.0879738077464105
626,BRT,0.222,2080.0,1.0879738077464105
1276,BRT,0.222,2080.0,1.0879738077464105
1769,BRT,0.222,2080.0,1.0879738077464105
2051,BRT,0.222,2080.0,1.0879738077464105
2454,BRT,0.222,2080.0,1.0879738077464105
203,BRT,0.221,2087.0,1.083073024828634
278,BRT,0.221,2087.0,1.083073024828634
423,BRT,0.221,2087.0,1.083073024828634
1273,BRT,0.221,2087.0,1.083073024828634
1457,BRT,0.221,2087.0,1.083073024828634
1620,BRT,0.221,2087.0,1.083073024828634
1755,BRT,0.221,2087.0,1.083073024828634
2083,BRT,0.221,2087.0,1.083073024828634
2184,BRT,0.221,2087.0,1.083073024828634
2399,BRT,0.221,2087.0,1.083073024828634
2625,BRT,0.221,2087.0,1.083073024828634
2735,BRT,0.221,2087.0,1.083073024828634
781,BRT,0.22,2099.0,1.0781722419108573
807,BRT,0.22,2099.0,1.0781722419108573
2041,BRT,0.22,2099.0,1.0781722419108573
2253,BRT,0.22,2099.0,1.0781722419108573
107,BRT,0.219,2103.0,1.0732714589930807
589,BRT,0.219,2103.0,1.0732714589930807
1664,BRT,0.219,2103.0,1.0732714589930807
261,BRT,0.218,2106.0,1.068370676075304
591,BRT,0.218,2106.0,1.068370676075304
1027,BRT,0.218,2106.0,1.068370676075304
1050,BRT,0.218,2106.0,1.068370676075304
1507,BRT,0.218,2106.0,1.068370676075304
2751,BRT,0.218,2106.0,1.068370676075304
368,BRT,0.217,2112.0,1.0634698931575273
1051,BRT,0.217,2112.0,1.0634698931575273
1168,BRT,0.217,2112.0,1.0634698931575273
1903,BRT,0.217,2112.0,1.0634698931575273
2303,BRT,0.217,2112.0,1.0634698931575273
233,BRT,0.216,2117.0,1.0585691102397508
771,BRT,0.216,2117.0,1.0585691102397508
1230,BRT,0.216,2117.0,1.0585691102397508
1590,BRT,0.216,2117.0,1.0585691102397508
2363,BRT,0.216,2117.0,1.0585691102397508
2364,BRT,0.216,2117.0,1.0585691102397508
2707,BRT,0.216,2117.0,1.0585691102397508
275,BRT,0.215,2124.0,1.053668327321974
453,BRT,0.215,2124.0,1.053668327321974
1926,BRT,0.215,2124.0,1.053668327321974
421,BRT,0.214,2127.0,1.0487675444041975
677,BRT,0.214,2127.0,1.0487675444041975
2050,BRT,0.214,2127.0,1.0487675444041975
2472,BRT,0.214,2127.0,1.0487675444041975
295,BRT,0.213,2131.0,1.0438667614864208
332,BRT,0.213,2131.0,1.0438667614864208
681,BRT,0.213,2131.0,1.0438667614864208
1133,BRT,0.213,2131.0,1.0438667614864208
1241,BRT,0.213,2131.0,1.0438667614864208
1605,BRT,0.213,2131.0,1.0438667614864208
882,BRT,0.212,2137.0,1.0389659785686443
1092,BRT,0.212,2137.0,1.0389659785686443
1216,BRT,0.212,2137.0,1.0389659785686443
1547,BRT,0.212,2137.0,1.0389659785686443
2186,BRT,0.212,2137.0,1.0389659785686443
363,BRT,0.211,2142.0,1.0340651956508675
1615,BRT,0.21,2143.0,1.029164412733091
2229,BRT,0.21,2143.0,1.029164412733091
326,BRT,0.209,2145.0,1.0242636298153143
1087,BRT,0.209,2145.0,1.0242636298153143
2494,BRT,0.209,2145.0,1.0242636298153143
163,BRT,0.208,2148.0,1.0193628468975378
232,BRT,0.208,2148.0,1.0193628468975378
715,BRT,0.208,2148.0,1.0193628468975378
915,BRT,0.208,2148.0,1.0193628468975378
1060,BRT,0.208,2148.0,1.0193628468975378
1560,BRT,0.208,2148.0,1.0193628468975378
133,BRT,0.207,2154.0,1.014462063979761
592,BRT,0.207,2154.0,1.014462063979761
817,BRT,0.207,2154.0,1.014462063979761
2112,BRT,0.207,2154.0,1.014462063979761
2176,BRT,0.207,2154.0,1.014462063979761
2508,BRT,0.207,2154.0,1.014462063979761
2548,BRT,0.207,2154.0,1.014462063979761
727,BRT,0.206,2161.0,1.0095612810619845
1085,BRT,0.206,2161.0,1.0095612810619845
2239,BRT,0.206,2161.0,1.0095612810619845
87,BRT,0.205,2164.0,1.0046604981442078
354,BRT,0.205,2164.0,1.0046604981442078
430,BRT,0.205,2164.0,1.0046604981442078
14,BRT,0.204,2167.0,0.9997597152264313
953,BRT,0.204,2167.0,0.9997597152264313
1368,BRT,0.204,2167.0,0.9997597152264313
299,BRT,0.203,2170.0,0.9948589323086547
1331,BRT,0.203,2170.0,0.9948589323086547
2182,BRT,0.203,2170.0,0.9948589323086547
2329,BRT,0.203,2170.0,0.9948589323086547
2693,BRT,0.203,2170.0,0.9948589323086547
63,BRT,0.202,2175.0,0.9899581493908781
680,BRT,0.202,2175.0,0.9899581493908781
1186,BRT,0.202,2175.0,0.9899581493908781
2215,BRT,0.202,2175.0,0.9899581493908781
2387,BRT,0.202,2175.0,0.9899581493908781
2446,BRT,0.202,2175.0,0.9899581493908781
757,BRT,0.201,2181.0,0.9850573664731015
1178,BRT,0.201,2181.0,0.9850573664731015
1822,BRT,0.201,2181.0,0.9850573664731015
1936,BRT,0.201,2181.0,0.9850573664731015
532,BRT,0.2,2185.0,0.9801565835553249
1225,BRT,0.2,2185.0,0.9801565835553249
1336,BRT,0.2,2185.0,0.9801565835553249
2142,BRT,0.2,2185.0,0.9801565835553249
2574,BRT,0.2,2185.0,0.9801565835553249
572,BRT,0.199,2190.0,0.9752558006375482
1512,BRT,0.199,2190.0,0.9752558006375482
1840,BRT,0.199,2190.0,0.9752558006375482
2421,BRT,0.199,2190.0,0.9752558006375482
231,BRT,0.198,2194.0,0.9703550177197716
446,BRT,0.198,2194.0,0.9703550177197716
1541,BRT,0.198,2194.0,0.9703550177197716
1742,BRT,0.198,2194.0,0.9703550177197716
2331,BRT,0.198,2194.0,0.9703550177197716
813,BRT,0.197,2199.0,0.965454234801995
1131,BRT,0.197,2199.0,0.965454234801995
1997,BRT,0.197,2199.0,0.965454234801995
1015,BRT,0.196,2202.0,0.9605534518842184
1587,BRT,0.196,2202.0,0.9605534518842184
2267,BRT,0.196,2202.0,0.9605534518842184
2569,BRT,0.196,2202.0,0.9605534518842184
217,BRT,0.195,2206.0,0.9556526689664417
1293,BRT,0.195,2206.0,0.9556526689664417
1420,BRT,0.195,2206.0,0.9556526689664417
1516,BRT,0.195,2206.0,0.9556526689664417
2572,BRT,0.195,2206.0,0.9556526689664417
448,BRT,0.194,2211.0,0.950751886048665
717,BRT,0.194,2211.0,0.950751886048665
1490,BRT,0.194,2211.0,0.950751886048665
2777,BRT,0.194,2211.0,0.950751886048665
215,BRT,0.193,2215.0,0.9458511031308884
808,BRT,0.193,2215.0,0.9458511031308884
1022,BRT,0.193,2215.0,0.9458511031308884
1351,BRT,0.193,2215.0,0.9458511031308884
1497,BRT,0.193,2215.0,0.9458511031308884
1774,BRT,0.193,2215.0,0.9458511031308884
2113,BRT,0.193,2215.0,0.9458511031308884
2647,BRT,0.193,2215.0,0.9458511031308884
2711,BRT,0.193,2215.0,0.9458511031308884
92,BRT,0.192,2224.0,0.9409503202131118
462,BRT,0.192,2224.0,0.9409503202131118
577,BRT,0.192,2224.0,0.9409503202131118
724,BRT,0.192,2224.0,0.9409503202131118
1265,BRT,0.192,2224.0,0.9409503202131118
1374,BRT,0.192,2224.0,0.9409503202131118
2534,BRT,0.192,2224.0,0.9409503202131118
906,BRT,0.191,2231.0,0.9360495372953351
1052,BRT,0.191,2231.0,0.9360495372953351
470,BRT,0.19,2233.0,0.9311487543775585
842,BRT,0.19,2233.0,0.9311487543775585
1130,BRT,0.19,2233.0,0.9311487543775585
2032,BRT,0.19,2233.0,0.9311487543775585
2349,BRT,0.19,2233.0,0.9311487543775585
94,BRT,0.189,2238.0,0.9262479714597819
736,BRT,0.189,2238.0,0.9262479714597819
1137,BRT,0.189,2238.0,0.9262479714597819
1696,BRT,0.189,2238.0,0.9262479714597819
1887,BRT,0.189,2238.0,0.9262479714597819
1928,BRT,0.189,2238.0,0.9262479714597819
2081,BRT,0.189,2238.0,0.9262479714597819
2111,BRT,0.189,2238.0,0.9262479714597819
2726,BRT,0.189,2238.0,0.9262479714597819
2174,BRT,0.188,2247.0,0.9213471885420053
2377,BRT,0.188,2247.0,0.9213471885420053
2754,BRT,0.188,2247.0,0.9213471885420053
1223,BRT,0.187,2250.0,0.9164464056242286
1462,BRT,0.187,2250.0,0.9164464056242286
1701,BRT,0.187,2250.0,0.9164464056242286
2620,BRT,0.187,2250.0,0.9164464056242286
2701,BRT,0.187,2250.0,0.9164464056242286
643,BRT,0.186,2255.0,0.911545622706452
932,BRT,0.186,2255.0,0.911545622706452
1034,BRT,0.186,2255.0,0.911545622706452
1110,BRT,0.186,2255.0,0.911545622706452
1191,BRT,0.186,2255.0,0.911545622706452
1446,BRT,0.186,2255.0,0.911545622706452
109,BRT,0.185,2261.0,0.9066448397886754
395,BRT,0.184,2262.0,0.9017440568708988
1065,BRT,0.184,2262.0,0.9017440568708988
1071,BRT,0.184,2262.0,0.9017440568708988
1284,BRT,0.184,2262.0,0.9017440568708988
1426,BRT,0.184,2262.0,0.9017440568708988
2002,BRT,0.184,2262.0,0.9017440568708988
926,BRT,0.183,2268.0,0.8968432739531221
977,BRT,0.183,2268.0,0.8968432739531221
1327,BRT,0.183,2268.0,0.8968432739531221
2015,BRT,0.183,2268.0,0.8968432739531221
2317,BRT,0.183,2268.0,0.8968432739531221
1833,BRT,0.182,2273.0,0.8919424910353455
2077,BRT,0.182,2273.0,0.8919424910353455
328,BRT,0.181,2275.0,0.8870417081175689
1308,BRT,0.181,2275.0,0.8870417081175689
1703,BRT,0.181,2275.0,0.8870417081175689
1820,BRT,0.181,2275.0,0.8870417081175689
1882,BRT,0.181,2275.0,0.8870417081175689
2171,BRT,0.181,2275.0,0.8870417081175689
2271,BRT,0.181,2275.0,0.8870417081175689
2440,BRT,0.181,2275.0,0.8870417081175689
2747,BRT,0.181,2275.0,0.8870417081175689
2197,BRT,0.18,2284.0,0.8821409251997923
2503,BRT,0.18,2284.0,0.8821409251997923
2072,BRT,0.179,2286.0,0.8772401422820156
651,BRT,0.178,2287.0,0.872339359364239
999,BRT,0.178,2287.0,0.872339359364239
1461,BRT,0.178,2287.0,0.872339359364239
2559,BRT,0.178,2287.0,0.872339359364239
1049,BRT,0.177,2291.0,0.8674385764464624
1552,BRT,0.177,2291.0,0.8674385764464624
1588,BRT,0.177,2291.0,0.8674385764464624
2244,BRT,0.177,2291.0,0.8674385764464624
828,BRT,0.176,2295.0,0.8625377935286858
1213,BRT,0.176,2295.0,0.8625377935286858
1561,BRT,0.176,2295.0,0.8625377935286858
1975,BRT,0.176,2295.0,0.8625377935286858
2035,BRT,0.176,2295.0,0.8625377935286858
2154,BRT,0.176,2295.0,0.8625377935286858
2730,BRT,0.176,2295.0,0.8625377935286858
852,BRT,0.175,2302.0,0.8576370106109091
2427,BRT,0.175,2302.0,0.8576370106109091
510,BRT,0.174,2304.0,0.8527362276931325
1668,BRT,0.174,2304.0,0.8527362276931325
1785,BRT,0.174,2304.0,0.8527362276931325
1865,BRT,0.174,2304.0,0.8527362276931325
2668,BRT,0.174,2304.0,0.8527362276931325
384,BRT,0.173,2309.0,0.8478354447753559
480,BRT,0.173,2309.0,0.8478354447753559
662,BRT,0.173,2309.0,0.8478354447753559
2101,BRT,0.173,2309.0,0.8478354447753559
2196,BRT,0.173,2309.0,0.8478354447753559
2207,BRT,0.173,2309.0,0.8478354447753559
2686,BRT,0.173,2309.0,0.8478354447753559
731,BRT,0.172,2316.0,0.8429346618575793
1083,BRT,0.172,2316.0,0.8429346618575793
1633,BRT,0.172,2316.0,0.8429346618575793
2482,BRT,0.172,2316.0,0.8429346618575793
21,BRT,0.171,2320.0,0.8380338789398027
309,BRT,0.171,2320.0,0.8380338789398027
788,BRT,0.171,2320.0,0.8380338789398027
801,BRT,0.171,2320.0,0.8380338789398027
1434,BRT,0.171,2320.0,0.8380338789398027
1927,BRT,0.171,2320.0,0.8380338789398027
2428,BRT,0.171,2320.0,0.8380338789398027
2706,BRT,0.171,2320.0,0.8380338789398027
1366,BRT,0.17,2328.0,0.8331330960220261
1435,BRT,0.17,2328.0,0.8331330960220261
2166,BRT,0.17,2328.0,0.8331330960220261
386,BRT,0.169,2331.0,0.8282323131042495
2040,BRT,0.169,2331.0,0.8282323131042495
356,BRT,0.168,2333.0,0.8233315301864729
139,BRT,0.167,2334.0,0.8184307472686962
699,BRT,0.167,2334.0,0.8184307472686962
1495,BRT,0.167,2334.0,0.8184307472686962
2579,BRT,0.167,2334.0,0.8184307472686962
2619,BRT,0.167,2334.0,0.8184307472686962
2729,BRT,0.167,2334.0,0.8184307472686962
558,BRT,0.166,2340.0,0.8135299643509196
604,BRT,0.166,2340.0,0.8135299643509196
1529,BRT,0.166,2340.0,0.8135299643509196
1987,BRT,0.166,2340.0,0.8135299643509196
2631,BRT,0.166,2340.0,0.8135299643509196
375,BRT,0.165,2345.0,0.808629181433143
517,BRT,0.165,2345.0,0.808629181433143
910,BRT,0.165,2345.0,0.808629181433143
1294,BRT,0.165,2345.0,0.808629181433143
1386,BRT,0.165,2345.0,0.808629181433143
1709,BRT,0.165,2345.0,0.808629181433143
2193,BRT,0.165,2345.0,0.808629181433143
524,BRT,0.164,2352.0,0.8037283985153664
118,BRT,0.163,2353.0,0.7988276155975897
1156,BRT,0.163,2353.0,0.7988276155975897
1816,BRT,0.163,2353.0,0.7988276155975897
2379,BRT,0.163,2353.0,0.7988276155975897
678,BRT,0.162,2357.0,0.7939268326798131
1844,BRT,0.162,2357.0,0.7939268326798131
1911,BRT,0.162,2357.0,0.7939268326798131
2652,BRT,0.162,2357.0,0.7939268326798131
737,BRT,0.161,2361.0,0.7890260497620365
1470,BRT,0.161,2361.0,0.7890260497620365
2549,BRT,0.161,2361.0,0.7890260497620365
2555,BRT,0.161,2361.0,0.7890260497620365
1370,BRT,0.16,2365.0,0.7841252668442599
1387,BRT,0.16,2365.0,0.7841252668442599
2095,BRT,0.16,2365.0,0.7841252668442599
2402,BRT,0.16,2365.0,0.7841252668442599
2565,BRT,0.16,2365.0,0.7841252668442599
1099,BRT,0.158,2370.0,0.7743237010087066
1498,BRT,0.158,2370.0,0.7743237010087066
1687,BRT,0.158,2370.0,0.7743237010087066
1757,BRT,0.158,2370.0,0.7743237010087066
2146,BRT,0.158,2370.0,0.7743237010087066
239,BRT,0.157,2375.0,0.76942291809093
268,BRT,0.157,2375.0,0.76942291809093
1307,BRT,0.157,2375.0,0.76942291809093
2202,BRT,0.157,2375.0,0.76942291809093
2507,BRT,0.157,2375.0,0.76942291809093
79,BRT,0.156,2380.0,0.7645221351731534
1196,BRT,0.156,2380.0,0.7645221351731534
1357,BRT,0.156,2380.0,0.7645221351731534
2219,BRT,0.156,2380.0,0.7645221351731534
2288,BRT,0.156,2380.0,0.7645221351731534
1058,BRT,0.155,2385.0,0.7596213522553767
1525,BRT,0.155,2385.0,0.7596213522553767
2587,BRT,0.155,2385.0,0.7596213522553767
1465,BRT,0.154,2388.0,0.7547205693376001
1557,BRT,0.154,2388.0,0.7547205693376001
1628,BRT,0.154,2388.0,0.7547205693376001
1988,BRT,0.154,2388.0,0.7547205693376001
2498,BRT,0.154,2388.0,0.7547205693376001
620,BRT,0.153,2393.0,0.7498197864198234
1038,BRT,0.153,2393.0,0.7498197864198234
984,BRT,0.152,2395.0,0.7449190035020468
1410,BRT,0.152,2395.0,0.7449190035020468
1961,BRT,0.152,2395.0,0.7449190035020468
1718,BRT,0.151,2398.0,0.7400182205842701
1842,BRT,0.151,2398.0,0.7400182205842701
2155,BRT,0.151,2398.0,0.7400182205842701
804,BRT,0.15,2401.0,0.7351174376664935
1006,BRT,0.15,2401.0,0.7351174376664935
1235,BRT,0.15,2401.0,0.7351174376664935
1365,BRT,0.15,2401.0,0.7351174376664935
1636,BRT,0.15,2401.0,0.7351174376664935
88,BRT,0.149,2406.0,0.7302166547487169
1831,BRT,0.149,2406.0,0.7302166547487169
779,BRT,0.148,2408.0,0.7253158718309403
829,BRT,0.148,2408.0,0.7253158718309403
1812,BRT,0.148,2408.0,0.7253158718309403
2086,BRT,0.148,2408.0,0.7253158718309403
2550,BRT,0.148,2408.0,0.7253158718309403
83,BRT,0.147,2413.0,0.7204150889131636
639,BRT,0.147,2413.0,0.7204150889131636
673,BRT,0.147,2413.0,0.7204150889131636
2694,BRT,0.147,2413.0,0.7204150889131636
720,BRT,0.146,2417.0,0.715514305995387
1727,BRT,0.146,2417.0,0.715514305995387
2190,BRT,0.146,2417.0,0.715514305995387
49,BRT,0.145,2420.0,0.7106135230776104
68,BRT,0.145,2420.0,0.7106135230776104
123,BRT,0.145,2420.0,0.7106135230776104
190,BRT,0.145,2420.0,0.7106135230776104
645,BRT,0.145,2420.0,0.7106135230776104
848,BRT,0.145,2420.0,0.7106135230776104
1287,BRT,0.145,2420.0,0.7106135230776104
1983,BRT,0.145,2420.0,0.7106135230776104
2357,BRT,0.145,2420.0,0.7106135230776104
1075,BRT,0.144,2429.0,0.7057127401598338
1723,BRT,0.144,2429.0,0.7057127401598338
2342,BRT,0.144,2429.0,0.7057127401598338
317,BRT,0.143,2432.0,0.7008119572420571
982,BRT,0.143,2432.0,0.7008119572420571
1162,BRT,0.143,2432.0,0.7008119572420571
1870,BRT,0.143,2432.0,0.7008119572420571
2192,BRT,0.143,2432.0,0.7008119572420571
2382,BRT,0.143,2432.0,0.7008119572420571
20,BRT,0.141,2438.0,0.6910103914065039
73,BRT,0.141,2438.0,0.6910103914065039
329,BRT,0.141,2438.0,0.6910103914065039
652,BRT,0.141,2438.0,0.6910103914065039
983,BRT,0.141,2438.0,0.6910103914065039
1063,BRT,0.141,2438.0,0.6910103914065039
1573,BRT,0.141,2438.0,0.6910103914065039
2129,BRT,0.141,2438.0,0.6910103914065039
2285,BRT,0.141,2438.0,0.6910103914065039
2352,BRT,0.141,2438.0,0.6910103914065039
2492,BRT,0.141,2438.0,0.6910103914065039
2513,BRT,0.141,2438.0,0.6910103914065039
551,BRT,0.14,2450.0,0.6861096084887274
912,BRT,0.14,2450.0,0.6861096084887274
1346,BRT,0.14,2450.0,0.6861096084887274
870,BRT,0.139,2453.0,0.6812088255709507
1187,BRT,0.139,2453.0,0.6812088255709507
191,BRT,0.138,2455.0,0.6763080426531741
290,BRT,0.138,2455.0,0.6763080426531741
1289,BRT,0.138,2455.0,0.6763080426531741
2322,BRT,0.138,2455.0,0.6763080426531741
48,BRT,0.137,2459.0,0.6714072597353975
542,BRT,0.137,2459.0,0.6714072597353975
880,BRT,0.137,2459.0,0.6714072597353975
2109,BRT,0.137,2459.0,0.6714072597353975
2324,BRT,0.137,2459.0,0.6714072597353975
2417,BRT,0.137,2459.0,0.6714072597353975
465,BRT,0.135,2465.0,0.6616056938998442
1072,BRT,0.135,2465.0,0.6616056938998442
1259,BRT,0.135,2465.0,0.6616056938998442
2362,BRT,0.135,2465.0,0.6616056938998442
182,BRT,0.134,2469.0,0.6567049109820676
1161,BRT,0.134,2469.0,0.6567049109820676
1299,BRT,0.134,2469.0,0.6567049109820676
2669,BRT,0.134,2469.0,0.6567049109820676
120,BRT,0.133,2473.0,0.651804128064291
1057,BRT,0.133,2473.0,0.651804128064291
1319,BRT,0.133,2473.0,0.651804128064291
1464,BRT,0.133,2473.0,0.651804128064291
2516,BRT,0.133,2473.0,0.651804128064291
2521,BRT,0.133,2473.0,0.651804128064291
2558,BRT,0.133,2473.0,0.651804128064291
315,BRT,0.132,2480.0,0.6469033451465144
1471,BRT,0.132,2480.0,0.6469033451465144
2061,BRT,0.132,2480.0,0.6469033451465144
2499,BRT,0.132,2480.0,0.6469033451465144
2124,BRT,0.131,2484.0,0.6420025622287377
2535,BRT,0.131,2484.0,0.6420025622287377
789,BRT,0.13,2486.0,0.6371017793109611
987,BRT,0.13,2486.0,0.6371017793109611
1228,BRT,0.13,2486.0,0.6371017793109611
1485,BRT,0.13,2486.0,0.6371017793109611
1878,BRT,0.13,2486.0,0.6371017793109611
140,BRT,0.129,2491.0,0.6322009963931845
1947,BRT,0.129,2491.0,0.6322009963931845
2423,BRT,0.129,2491.0,0.6322009963931845
1851,BRT,0.128,2494.0,0.6273002134754079
2383,BRT,0.128,2494.0,0.6273002134754079
475,BRT,0.127,2496.0,0.6223994305576313
644,BRT,0.127,2496.0,0.6223994305576313
648,BRT,0.127,2496.0,0.6223994305576313
796,BRT,0.127,2496.0,0.6223994305576313
1632,BRT,0.127,2496.0,0.6223994305576313
1795,BRT,0.127,2496.0,0.6223994305576313
1857,BRT,0.127,2496.0,0.6223994305576313
2385,BRT,0.127,2496.0,0.6223994305576313
50,BRT,0.126,2504.0,0.6174986476398546
198,BRT,0.126,2504.0,0.6174986476398546
359,BRT,0.126,2504.0,0.6174986476398546
1515,BRT,0.126,2504.0,0.6174986476398546
1765,BRT,0.126,2504.0,0.6174986476398546
1827,BRT,0.126,2504.0,0.6174986476398546
2687,BRT,0.126,2504.0,0.6174986476398546
336,BRT,0.125,2511.0,0.612597864722078
440,BRT,0.125,2511.0,0.612597864722078
461,BRT,0.125,2511.0,0.612597864722078
929,BRT,0.125,2511.0,0.612597864722078
1177,BRT,0.125,2511.0,0.612597864722078
1735,BRT,0.125,2511.0,0.612597864722078
2071,BRT,0.125,2511.0,0.612597864722078
2510,BRT,0.125,2511.0,0.612597864722078
2681,BRT,0.125,2511.0,0.612597864722078
854,BRT,0.124,2520.0,0.6076970818043014
1139,BRT,0.124,2520.0,0.6076970818043014
1902,BRT,0.124,2520.0,0.6076970818043014
2577,BRT,0.124,2520.0,0.6076970818043014
2603,BRT,0.124,2520.0,0.6076970818043014
181,BRT,0.123,2525.0,0.6027962988865248
498,BRT,0.123,2525.0,0.6027962988865248
930,BRT,0.123,2525.0,0.6027962988865248
1134,BRT,0.123,2525.0,0.6027962988865248
2046,BRT,0.123,2525.0,0.6027962988865248
30,BRT,0.122,2530.0,0.5978955159687481
634,BRT,0.122,2530.0,0.5978955159687481
1054,BRT,0.122,2530.0,0.5978955159687481
1262,BRT,0.122,2530.0,0.5978955159687481
1487,BRT,0.122,2530.0,0.5978955159687481
1598,BRT,0.122,2530.0,0.5978955159687481
2009,BRT,0.122,2530.0,0.5978955159687481
2310,BRT,0.122,2530.0,0.5978955159687481
2413,BRT,0.122,2530.0,0.5978955159687481
2557,BRT,0.122,2530.0,0.5978955159687481
13,BRT,0.121,2540.0,0.5929947330509715
576,BRT,0.121,2540.0,0.5929947330509715
642,BRT,0.121,2540.0,0.5929947330509715
949,BRT,0.121,2540.0,0.5929947330509715
1801,BRT,0.121,2540.0,0.5929947330509715
2753,BRT,0.121,2540.0,0.5929947330509715
687,BRT,0.12,2546.0,0.5880939501331949
838,BRT,0.12,2546.0,0.5880939501331949
875,BRT,0.12,2546.0,0.5880939501331949
2320,BRT,0.12,2546.0,0.5880939501331949
103,BRT,0.119,2550.0,0.5831931672154183
941,BRT,0.119,2550.0,0.5831931672154183
1000,BRT,0.119,2550.0,0.5831931672154183
1350,BRT,0.119,2550.0,0.5831931672154183
1373,BRT,0.119,2550.0,0.5831931672154183
1424,BRT,0.119,2550.0,0.5831931672154183
1617,BRT,0.119,2550.0,0.5831931672154183
2062,BRT,0.119,2550.0,0.5831931672154183
2606,BRT,0.119,2550.0,0.5831931672154183
106,BRT,0.118,2559.0,0.5782923842976416
108,BRT,0.118,2559.0,0.5782923842976416
361,BRT,0.118,2559.0,0.5782923842976416
631,BRT,0.118,2559.0,0.5782923842976416
1624,BRT,0.118,2559.0,0.5782923842976416
1886,BRT,0.118,2559.0,0.5782923842976416
1991,BRT,0.118,2559.0,0.5782923842976416
2143,BRT,0.118,2559.0,0.5782923842976416
2772,BRT,0.118,2559.0,0.5782923842976416
1714,BRT,0.117,2568.0,0.573391601379865
1836,BRT,0.117,2568.0,0.573391601379865
1850,BRT,0.117,2568.0,0.573391601379865
632,BRT,0.116,2571.0,0.5684908184620884
793,BRT,0.116,2571.0,0.5684908184620884
1362,BRT,0.116,2571.0,0.5684908184620884
1553,BRT,0.116,2571.0,0.5684908184620884
1602,BRT,0.116,2571.0,0.5684908184620884
1817,BRT,0.116,2571.0,0.5684908184620884
2438,BRT,0.116,2571.0,0.5684908184620884
2465,BRT,0.116,2571.0,0.5684908184620884
584,BRT,0.115,2579.0,0.5635900355443118
1282,BRT,0.115,2579.0,0.5635900355443118
1676,BRT,0.115,2579.0,0.5635900355443118
2283,BRT,0.115,2579.0,0.5635900355443118
36,BRT,0.114,2583.0,0.5586892526265351
136,BRT,0.114,2583.0,0.5586892526265351
1227,BRT,0.114,2583.0,0.5586892526265351
1580,BRT,0.114,2583.0,0.5586892526265351
2263,BRT,0.114,2583.0,0.5586892526265351
2449,BRT,0.114,2583.0,0.5586892526265351
758,BRT,0.113,2589.0,0.5537884697087585
992,BRT,0.113,2589.0,0.5537884697087585
1234,BRT,0.113,2589.0,0.5537884697087585
1376,BRT,0.113,2589.0,0.5537884697087585
1505,BRT,0.113,2589.0,0.5537884697087585
1671,BRT,0.113,2589.0,0.5537884697087585
1679,BRT,0.113,2589.0,0.5537884697087585
2208,BRT,0.113,2589.0,0.5537884697087585
2433,BRT,0.113,2589.0,0.5537884697087585
2502,BRT,0.113,2589.0,0.5537884697087585
154,BRT,0.112,2599.0,0.5488876867909819
242,BRT,0.112,2599.0,0.5488876867909819
331,BRT,0.112,2599.0,0.5488876867909819
1091,BRT,0.112,2599.0,0.5488876867909819
1737,BRT,0.112,2599.0,0.5488876867909819
2094,BRT,0.112,2599.0,0.5488876867909819
207,BRT,0.111,2605.0,0.5439869038732053
760,BRT,0.111,2605.0,0.5439869038732053
1024,BRT,0.111,2605.0,0.5439869038732053
1104,BRT,0.111,2605.0,0.5439869038732053
1901,BRT,0.111,2605.0,0.5439869038732053
2414,BRT,0.111,2605.0,0.5439869038732053
2536,BRT,0.111,2605.0,0.5439869038732053
67,BRT,0.11,2612.0,0.5390861209554286
1348,BRT,0.11,2612.0,0.5390861209554286
1741,BRT,0.11,2612.0,0.5390861209554286
1889,BRT,0.11,2612.0,0.5390861209554286
2478,BRT,0.11,2612.0,0.5390861209554286
2493,BRT,0.11,2612.0,0.5390861209554286
2589,BRT,0.11,2612.0,0.5390861209554286
2626,BRT,0.11,2612.0,0.5390861209554286
152,BRT,0.109,2620.0,0.534185338037652
802,BRT,0.109,2620.0,0.534185338037652
1804,BRT,0.109,2620.0,0.534185338037652
2328,BRT,0.109,2620.0,0.534185338037652
2345,BRT,0.109,2620.0,0.534185338037652
2560,BRT,0.109,2620.0,0.534185338037652
764,BRT,0.108,2626.0,0.5292845551198754
894,BRT,0.108,2626.0,0.5292845551198754
1595,BRT,0.108,2626.0,0.5292845551198754
2645,BRT,0.108,2626.0,0.5292845551198754
273,BRT,0.107,2630.0,0.5243837722020988
285,BRT,0.107,2630.0,0.5243837722020988
1003,BRT,0.107,2630.0,0.5243837722020988
1232,BRT,0.107,2630.0,0.5243837722020988
2641,BRT,0.107,2630.0,0.5243837722020988
380,BRT,0.106,2635.0,0.5194829892843221
571,BRT,0.106,2635.0,0.5194829892843221
1206,BRT,0.106,2635.0,0.5194829892843221
1245,BRT,0.106,2635.0,0.5194829892843221
1732,BRT,0.106,2635.0,0.5194829892843221
1821,BRT,0.106,2635.0,0.5194829892843221
1984,BRT,0.106,2635.0,0.5194829892843221
2011,BRT,0.106,2635.0,0.5194829892843221
2270,BRT,0.106,2635.0,0.5194829892843221
218,BRT,0.105,2644.0,0.5145822063665455
641,BRT,0.105,2644.0,0.5145822063665455
1095,BRT,0.105,2644.0,0.5145822063665455
1463,BRT,0.105,2644.0,0.5145822063665455
2343,BRT,0.105,2644.0,0.5145822063665455
2664,BRT,0.105,2644.0,0.5145822063665455
985,BRT,0.104,2650.0,0.5096814234487689
1086,BRT,0.104,2650.0,0.5096814234487689
1449,BRT,0.104,2650.0,0.5096814234487689
1810,BRT,0.104,2650.0,0.5096814234487689
2134,BRT,0.104,2650.0,0.5096814234487689
229,BRT,0.103,2655.0,0.5047806405309923
751,BRT,0.103,2655.0,0.5047806405309923
1077,BRT,0.103,2655.0,0.5047806405309923
1509,BRT,0.103,2655.0,0.5047806405309923
1859,BRT,0.103,2655.0,0.5047806405309923
2304,BRT,0.103,2655.0,0.5047806405309923
2596,BRT,0.103,2655.0,0.5047806405309923
479,BRT,0.102,2662.0,0.49987985761321563
723,BRT,0.102,2662.0,0.49987985761321563
1310,BRT,0.102,2662.0,0.49987985761321563
1641,BRT,0.102,2662.0,0.49987985761321563
1726,BRT,0.102,2662.0,0.49987985761321563
2732,BRT,0.102,2662.0,0.49987985761321563
2,BRT,0.101,2668.0,0.49497907469543906
1116,BRT,0.101,2668.0,0.49497907469543906
1197,BRT,0.101,2668.0,0.49497907469543906
1398,BRT,0.101,2668.0,0.49497907469543906
2308,BRT,0.101,2668.0,0.49497907469543906
383,BRT,0.1,2673.0,0.49007829177766243
939,BRT,0.1,2673.0,0.49007829177766243
1064,BRT,0.1,2673.0,0.49007829177766243
1379,BRT,0.1,2673.0,0.49007829177766243
2340,BRT,0.1,2673.0,0.49007829177766243
791,BRT,0.099,2678.0,0.4851775088598858
887,BRT,0.099,2678.0,0.4851775088598858
921,BRT,0.099,2678.0,0.4851775088598858
1527,BRT,0.099,2678.0,0.4851775088598858
2477,BRT,0.099,2678.0,0.4851775088598858
274,BRT,0.098,2683.0,0.4802767259421092
868,BRT,0.098,2683.0,0.4802767259421092
1578,BRT,0.098,2683.0,0.4802767259421092
2121,BRT,0.098,2683.0,0.4802767259421092
472,BRT,0.097,2687.0,0.4753759430243325
1745,BRT,0.097,2687.0,0.4753759430243325
1750,BRT,0.097,2687.0,0.4753759430243325
1848,BRT,0.097,2687.0,0.4753759430243325
2666,BRT,0.097,2687.0,0.4753759430243325
1520,BRT,0.096,2692.0,0.4704751601065559
2520,BRT,0.096,2692.0,0.4704751601065559
2563,BRT,0.096,2692.0,0.4704751601065559
2671,BRT,0.096,2692.0,0.4704751601065559
2734,BRT,0.096,2692.0,0.4704751601065559
254,BRT,0.095,2697.0,0.46557437718877925
948,BRT,0.095,2697.0,0.46557437718877925
1002,BRT,0.095,2697.0,0.46557437718877925
1256,BRT,0.095,2697.0,0.46557437718877925
1915,BRT,0.095,2697.0,0.46557437718877925
2500,BRT,0.095,2697.0,0.46557437718877925
291,BRT,0.094,2703.0,0.46067359427100263
595,BRT,0.094,2703.0,0.46067359427100263
2139,BRT,0.094,2703.0,0.46067359427100263
2685,BRT,0.094,2703.0,0.46067359427100263
134,BRT,0.093,2707.0,0.455772811353226
313,BRT,0.093,2707.0,0.455772811353226
1335,BRT,0.093,2707.0,0.455772811353226
1381,BRT,0.093,2707.0,0.455772811353226
1760,BRT,0.093,2707.0,0.455772811353226
1823,BRT,0.093,2707.0,0.455772811353226
2165,BRT,0.093,2707.0,0.455772811353226
2604,BRT,0.093,2707.0,0.455772811353226
121,BRT,0.092,2715.0,0.4508720284354494
439,BRT,0.092,2715.0,0.4508720284354494
550,BRT,0.092,2715.0,0.4508720284354494
936,BRT,0.092,2715.0,0.4508720284354494
1030,BRT,0.092,2715.0,0.4508720284354494
2653,BRT,0.092,2715.0,0.4508720284354494
158,BRT,0.091,2721.0,0.44597124551767275
627,BRT,0.091,2721.0,0.44597124551767275
693,BRT,0.091,2721.0,0.44597124551767275
841,BRT,0.091,2721.0,0.44597124551767275
993,BRT,0.091,2721.0,0.44597124551767275
1159,BRT,0.091,2721.0,0.44597124551767275
1324,BRT,0.091,2721.0,0.44597124551767275
2126,BRT,0.091,2721.0,0.44597124551767275
28,BRT,0.09,2729.0,0.44107046259989613
1619,BRT,0.09,2729.0,0.44107046259989613
1638,BRT,0.09,2729.0,0.44107046259989613
1906,BRT,0.09,2729.0,0.44107046259989613
2738,BRT,0.09,2729.0,0.44107046259989613
243,BRT,0.089,2734.0,0.4361696796821195
884,BRT,0.089,2734.0,0.4361696796821195
1917,BRT,0.089,2734.0,0.4361696796821195
200,BRT,0.088,2737.0,0.4312688967643429
1603,BRT,0.088,2737.0,0.4312688967643429
1916,BRT,0.088,2737.0,0.4312688967643429
2272,BRT,0.088,2737.0,0.4312688967643429
919,BRT,0.087,2741.0,0.42636811384656625
252,BRT,0.085,2742.0,0.41656654801101306
434,BRT,0.085,2742.0,0.41656654801101306
2336,BRT,0.085,2742.0,0.41656654801101306
504,BRT,0.084,2745.0,0.41166576509323644
579,BRT,0.084,2745.0,0.41166576509323644
692,BRT,0.084,2745.0,0.41166576509323644
726,BRT,0.084,2745.0,0.41166576509323644
2064,BRT,0.084,2745.0,0.41166576509323644
72,BRT,0.083,2750.0,0.4067649821754598
515,BRT,0.083,2750.0,0.4067649821754598
614,BRT,0.083,2750.0,0.4067649821754598
1198,BRT,0.083,2750.0,0.4067649821754598
1941,BRT,0.083,2750.0,0.4067649821754598
520,BRT,0.082,2755.0,0.4018641992576832
663,BRT,0.082,2755.0,0.4018641992576832
2198,BRT,0.082,2755.0,0.4018641992576832
1429,BRT,0.081,2758.0,0.39696341633990656
2280,BRT,0.081,2758.0,0.39696341633990656
903,BRT,0.08,2760.0,0.39206263342212994
2663,BRT,0.08,2760.0,0.39206263342212994
322,BRT,0.078,2762.0,0.3822610675865767
1036,BRT,0.078,2762.0,0.3822610675865767
1249,BRT,0.078,2762.0,0.3822610675865767
1667,BRT,0.078,2762.0,0.3822610675865767
54,BRT,0.077,2766.0,0.37736028466880006
2297,BRT,0.077,2766.0,0.37736028466880006
1399,BRT,0.075,2768.0,0.36755871883324676
1247,BRT,0.074,2769.0,0.36265793591547013
1479,BRT,0.074,2769.0,0.36265793591547013
2429,BRT,0.074,2769.0,0.36265793591547013
1713,BRT,0.073,2772.0,0.3577571529976935
928,BRT,0.072,2773.0,0.3528563700799169
1016,BRT,0.07,2774.0,0.3430548042443637
2768,BRT,0.069,2775.0,0.33815402132658706
1642,BRT,0.068,2776.0,0.33325323840881044
1322,BRT,0.066,2777.0,0.3234516725732572
144,BRT,0.065,2778.0,0.31855088965548056
1419,MLP,3.693,1.0,11.96973387126595
1169,MLP,2.709,2.0,8.780397795087858
2318,MLP,2.611,3.0,8.462760665549796
1135,MLP,2.558,4.0,8.290977319983293
69,MLP,2.529,5.0,8.196982659201622
1423,MLP,2.281,6.0,7.393166249758363
1749,MLP,2.197,7.0,7.120905853011452
2443,MLP,2.177,8.0,7.056081949024093
1371,MLP,2.151,9.0,6.971810873840524
2724,MLP,2.138,10.0,6.929675336248741
2209,MLP,2.132,11.0,6.9102281650525335
1121,MLP,2.13,12.0,6.903745774653797
307,MLP,2.125,13.0,6.887539798656958
2085,MLP,2.119,14.0,6.868092627460751
1406,MLP,2.085,15.0,6.757891990682238
249,MLP,2.047,16.0,6.6347265731062555
117,MLP,1.971,17.0,6.388395737954289
2004,MLP,1.946,18.0,6.307365857970089
1960,MLP,1.922,19.0,6.229577173185257
2159,MLP,1.879,20.0,6.090205779612434
1697,MLP,1.861,21.0,6.031864266023811
856,MLP,1.81,22.0,5.866563310856044
2030,MLP,1.797,23.0,5.82442777326426
1377,MLP,1.79,24.0,5.801739406868684
1681,MLP,1.756,25.0,5.6915387700901725
1010,MLP,1.744,26.0,5.652644427697757
306,MLP,1.74,27.0,5.6396796469002854
1729,MLP,1.723,28.0,5.58457932851103
636,MLP,1.674,29.0,5.425760763741998
1910,MLP,1.67,30.0,5.412795982944527
815,MLP,1.666,31.0,5.3998312021470545
408,MLP,1.635,32.0,5.299354150966647
1614,MLP,1.625,33.0,5.266942198972967
1469,MLP,1.619,34.0,5.247495027776759
650,MLP,1.612,35.0,5.2248066613811845
382,MLP,1.6,36.0,5.185912318988768
1459,MLP,1.6,36.0,5.185912318988768
507,MLP,1.599,38.0,5.1826711237894
955,MLP,1.524,39.0,4.939581483836801
35,MLP,1.523,40.0,4.9363402886374335
1360,MLP,1.505,41.0,4.87799877504881
1611,MLP,1.499,42.0,4.858551603852602
761,MLP,1.495,43.0,4.845586823055131
1488,MLP,1.484,44.0,4.809933675862082
1476,MLP,1.472,45.0,4.771039333469666
2037,MLP,1.439,46.0,4.664079891890523
2633,MLP,1.43,47.0,4.634909135096211
1311,MLP,1.413,48.0,4.579808816706956
556,MLP,1.404,49.0,4.550638059912644
1558,MLP,1.404,49.0,4.550638059912644
297,MLP,1.398,51.0,4.531190888716436
2404,MLP,1.391,52.0,4.50850252232086
1040,MLP,1.39,53.0,4.505261327121492
2486,MLP,1.388,54.0,4.498778936722756
1748,MLP,1.387,55.0,4.495537741523388
1885,MLP,1.372,56.0,4.446919813532869
2063,MLP,1.367,57.0,4.430713837536029
539,MLP,1.366,58.0,4.427472642336661
1530,MLP,1.365,59.0,4.424231447137292
1772,MLP,1.363,60.0,4.417749056738557
1503,MLP,1.362,61.0,4.414507861539189
2566,MLP,1.348,62.0,4.369131128748037
964,MLP,1.345,63.0,4.359407543149933
2497,MLP,1.344,64.0,4.356166347950565
2758,MLP,1.339,65.0,4.339960371953725
143,MLP,1.326,66.0,4.297824834361942
127,MLP,1.316,67.0,4.2654128823682615
2436,MLP,1.312,68.0,4.25244810157079
2455,MLP,1.31,69.0,4.245965711172054
1815,MLP,1.269,70.0,4.113076707997966
1448,MLP,1.264,71.0,4.096870732001126
2281,MLP,1.262,72.0,4.090388341602391
96,MLP,1.26,73.0,4.083905951203655
369,MLP,1.259,74.0,4.080664756004286
1912,MLP,1.25,75.0,4.051493999209975
1142,MLP,1.244,76.0,4.032046828013767
149,MLP,1.241,77.0,4.022323242415664
437,MLP,1.241,77.0,4.022323242415664
581,MLP,1.237,79.0,4.009358461618191
900,MLP,1.234,80.0,3.9996348760200875
1009,MLP,1.232,81.0,3.9931524856213514
2110,MLP,1.232,81.0,3.9931524856213514
1746,MLP,1.229,83.0,3.983428900023248
2612,MLP,1.229,83.0,3.983428900023248
1345,MLP,1.227,85.0,3.976946509624512
2450,MLP,1.22,86.0,3.9542581432289357
1355,MLP,1.218,87.0,3.9477757528301995
100,MLP,1.21,88.0,3.9218461912352556
1793,MLP,1.206,89.0,3.908881410437784
2593,MLP,1.206,89.0,3.908881410437784
1972,MLP,1.2,91.0,3.889434239241576
2274,MLP,1.198,92.0,3.88295184884284
2188,MLP,1.192,93.0,3.863504677646632
522,MLP,1.183,94.0,3.8343339208523206
1847,MLP,1.181,95.0,3.8278515304535845
1945,MLP,1.181,95.0,3.8278515304535845
1920,MLP,1.174,97.0,3.8051631640580084
2474,MLP,1.169,98.0,3.7889571880611688
2259,MLP,1.16,99.0,3.7597864312668565
84,MLP,1.155,100.0,3.743580455270017
431,MLP,1.148,101.0,3.720892088874441
606,MLP,1.148,101.0,3.720892088874441
1255,MLP,1.143,103.0,3.704686112877601
1093,MLP,1.14,104.0,3.694962527279497
1656,MLP,1.136,105.0,3.681997746482025
821,MLP,1.134,106.0,3.675515356083289
638,MLP,1.132,107.0,3.669032965684553
270,MLP,1.13,108.0,3.662550575285817
1958,MLP,1.13,108.0,3.662550575285817
818,MLP,1.126,110.0,3.649585794488345
1073,MLP,1.125,111.0,3.6463445992889776
497,MLP,1.124,112.0,3.6431034040896098
1484,MLP,1.124,112.0,3.6431034040896098
2158,MLP,1.123,114.0,3.6398622088902415
527,MLP,1.12,115.0,3.630138623292138
452,MLP,1.11,116.0,3.597726671298458
2047,MLP,1.094,117.0,3.5458675481085704
2130,MLP,1.094,117.0,3.5458675481085704
287,MLP,1.091,119.0,3.536143962510466
1109,MLP,1.09,120.0,3.5329027673110986
920,MLP,1.086,121.0,3.5199379865136264
294,MLP,1.081,122.0,3.5037320105167864
1238,MLP,1.067,123.0,3.4583552777256346
1583,MLP,1.054,124.0,3.416219740133851
1601,MLP,1.052,125.0,3.4097373497351153
593,MLP,1.044,126.0,3.3838077881401714
2316,MLP,1.037,127.0,3.361119421744595
2648,MLP,1.032,128.0,3.3449134457477556
1025,MLP,1.031,129.0,3.341672250548387
1837,MLP,1.03,130.0,3.3384310553490195
1011,MLP,1.019,131.0,3.302777908155971
2275,MLP,1.019,131.0,3.302777908155971
511,MLP,1.018,133.0,3.299536712956604
1523,MLP,1.018,133.0,3.299536712956604
666,MLP,1.016,135.0,3.2930543225578677
1923,MLP,1.014,136.0,3.2865719321591316
467,MLP,1.013,137.0,3.2833307369597633
1192,MLP,1.013,137.0,3.2833307369597633
2257,MLP,1.013,137.0,3.2833307369597633
1884,MLP,1.012,140.0,3.280089541760396
1114,MLP,1.01,141.0,3.27360715136166
696,MLP,1.008,142.0,3.2671247609629237
425,MLP,1.001,143.0,3.2444363945673476
2249,MLP,0.996,144.0,3.228230418570508
664,MLP,0.99,145.0,3.2087832473743
1361,MLP,0.988,146.0,3.2023008569755644
885,MLP,0.987,147.0,3.199059661776196
193,MLP,0.981,148.0,3.1796124905799883
1172,MLP,0.98,149.0,3.1763712953806205
371,MLP,0.973,150.0,3.1536829289850443
1314,MLP,0.973,150.0,3.1536829289850443
951,MLP,0.972,152.0,3.1504417337856765
1468,MLP,0.971,153.0,3.1472005385863087
2538,MLP,0.97,154.0,3.1439593433869404
1649,MLP,0.969,155.0,3.1407181481875726
1224,MLP,0.963,156.0,3.1212709769913647
288,MLP,0.959,157.0,3.108306196193893
1518,MLP,0.959,157.0,3.108306196193893
2290,MLP,0.953,159.0,3.0888590249976846
2199,MLP,0.948,160.0,3.072653049000845
2422,MLP,0.948,160.0,3.072653049000845
1317,MLP,0.947,162.0,3.0694118538014767
2013,MLP,0.942,163.0,3.053205877804637
586,MLP,0.94,164.0,3.046723487405901
318,MLP,0.937,165.0,3.0369999018077976
2149,MLP,0.936,166.0,3.0337587066084293
570,MLP,0.933,167.0,3.0240351210103253
2177,MLP,0.933,167.0,3.0240351210103253
1758,MLP,0.93,169.0,3.0143115354122214
970,MLP,0.927,170.0,3.0045879498141175
831,MLP,0.926,171.0,3.0013467546147496
1572,MLP,0.926,171.0,3.0013467546147496
2583,MLP,0.926,171.0,3.0013467546147496
300,MLP,0.924,174.0,2.9948643642160135
2300,MLP,0.912,175.0,2.955970021823598
2680,MLP,0.911,176.0,2.95272882662423
220,MLP,0.91,177.0,2.9494876314248617
405,MLP,0.895,178.0,2.900869703434342
748,MLP,0.876,179.0,2.8392869946463506
1129,MLP,0.875,180.0,2.8360457994469823
1871,MLP,0.873,181.0,2.8295634090482467
281,MLP,0.872,182.0,2.8263222138488784
679,MLP,0.87,183.0,2.8198398234501427
1436,MLP,0.87,183.0,2.8198398234501427
1146,MLP,0.866,185.0,2.8068750426526705
1305,MLP,0.866,185.0,2.8068750426526705
2029,MLP,0.865,187.0,2.8036338474533027
2584,MLP,0.864,188.0,2.800392652253935
1190,MLP,0.86,189.0,2.7874278714564626
2689,MLP,0.853,190.0,2.764739505060887
70,MLP,0.852,191.0,2.761498309861519
2016,MLP,0.851,192.0,2.758257114662151
476,MLP,0.85,193.0,2.755015919462783
2765,MLP,0.85,193.0,2.755015919462783
312,MLP,0.848,195.0,2.748533529064047
1597,MLP,0.848,195.0,2.748533529064047
1700,MLP,0.845,197.0,2.738809943465943
1445,MLP,0.841,198.0,2.725845162668471
2373,MLP,0.839,199.0,2.719362772269735
325,MLP,0.837,200.0,2.712880381870999
39,MLP,0.836,201.0,2.709639186671631
1556,MLP,0.836,201.0,2.709639186671631
1692,MLP,0.836,201.0,2.709639186671631
2227,MLP,0.836,201.0,2.709639186671631
12,MLP,0.833,205.0,2.6999156010735272
168,MLP,0.832,206.0,2.6966744058741594
1438,MLP,0.832,206.0,2.6966744058741594
1526,MLP,0.83,208.0,2.6901920154754233
1690,MLP,0.828,209.0,2.683709625076687
850,MLP,0.825,210.0,2.6739860394785833
1791,MLP,0.824,211.0,2.6707448442792154
1914,MLP,0.817,212.0,2.6480564778836393
1243,MLP,0.815,213.0,2.6415740874849036
2076,MLP,0.815,213.0,2.6415740874849036
1144,MLP,0.809,215.0,2.622126916288696
981,MLP,0.808,216.0,2.618885721089328
1226,MLP,0.808,216.0,2.618885721089328
1354,MLP,0.807,218.0,2.61564452588996
255,MLP,0.803,219.0,2.602679745092488
1185,MLP,0.803,219.0,2.602679745092488
874,MLP,0.802,221.0,2.59943854989312
334,MLP,0.801,222.0,2.5961973546937522
2541,MLP,0.799,223.0,2.589714964295016
600,MLP,0.797,224.0,2.58323257389628
1460,MLP,0.786,225.0,2.5475794267032326
1779,MLP,0.786,225.0,2.5475794267032326
410,MLP,0.785,227.0,2.5443382315038643
1158,MLP,0.785,227.0,2.5443382315038643
1264,MLP,0.785,227.0,2.5443382315038643
927,MLP,0.783,230.0,2.5378558411051286
1428,MLP,0.781,231.0,2.5313734507063925
2309,MLP,0.78,232.0,2.5281322555070247
518,MLP,0.779,233.0,2.5248910603076564
877,MLP,0.779,233.0,2.5248910603076564
561,MLP,0.778,235.0,2.5216498651082886
2344,MLP,0.778,235.0,2.5216498651082886
2356,MLP,0.777,237.0,2.5184086699089208
1004,MLP,0.776,238.0,2.5151674747095525
2234,MLP,0.775,239.0,2.5119262795101847
1754,MLP,0.774,240.0,2.5086850843108164
2195,MLP,0.774,240.0,2.5086850843108164
1107,MLP,0.772,242.0,2.5022026939120807
1493,MLP,0.772,242.0,2.5022026939120807
674,MLP,0.771,244.0,2.4989614987127124
940,MLP,0.769,245.0,2.492479108313977
293,MLP,0.768,246.0,2.4892379131146085
129,MLP,0.767,247.0,2.4859967179152407
2298,MLP,0.766,248.0,2.482755522715873
1644,MLP,0.764,249.0,2.4762731323171367
925,MLP,0.76,250.0,2.463308351519665
528,MLP,0.759,251.0,2.4600671563202967
2609,MLP,0.757,252.0,2.453584765921561
837,MLP,0.756,253.0,2.4503435707221928
1080,MLP,0.755,254.0,2.447102375522825
2145,MLP,0.753,255.0,2.440619985124089
1096,MLP,0.751,256.0,2.434137594725353
2284,MLP,0.751,256.0,2.434137594725353
302,MLP,0.75,258.0,2.430896399525985
601,MLP,0.749,259.0,2.427655204326617
1320,MLP,0.748,260.0,2.4244140091272492
1778,MLP,0.748,260.0,2.4244140091272492
740,MLP,0.746,262.0,2.417931618728513
959,MLP,0.746,262.0,2.417931618728513
52,MLP,0.745,264.0,2.4146904235291453
1652,MLP,0.744,265.0,2.411449228329777
1845,MLP,0.743,266.0,2.408208033130409
1502,MLP,0.742,267.0,2.404966837931041
2434,MLP,0.741,268.0,2.401725642731673
1549,MLP,0.739,269.0,2.395243252332937
2720,MLP,0.739,269.0,2.395243252332937
1647,MLP,0.738,271.0,2.392002057133569
655,MLP,0.737,272.0,2.3887608619342013
2179,MLP,0.737,272.0,2.3887608619342013
2542,MLP,0.736,274.0,2.385519666734833
775,MLP,0.732,275.0,2.3725548859373613
1637,MLP,0.732,275.0,2.3725548859373613
1892,MLP,0.731,277.0,2.3693136907379935
277,MLP,0.73,278.0,2.366072495538625
488,MLP,0.729,279.0,2.3628313003392574
1344,MLP,0.724,280.0,2.3466253243424173
980,MLP,0.723,281.0,2.3433841291430495
1363,MLP,0.721,282.0,2.3369017387443134
1841,MLP,0.721,282.0,2.3369017387443134
567,MLP,0.72,284.0,2.3336605435449456
844,MLP,0.72,284.0,2.3336605435449456
2273,MLP,0.717,286.0,2.3239369579468416
2708,MLP,0.717,286.0,2.3239369579468416
1151,MLP,0.716,288.0,2.320695762747474
2339,MLP,0.716,288.0,2.320695762747474
2092,MLP,0.714,290.0,2.3142133723487377
2662,MLP,0.708,291.0,2.29476620115253
2225,MLP,0.707,292.0,2.2915250059531616
1999,MLP,0.706,293.0,2.2882838107537937
2287,MLP,0.704,294.0,2.2818014203550576
1794,MLP,0.703,295.0,2.27856022515569
588,MLP,0.702,296.0,2.275319029956322
339,MLP,0.698,297.0,2.2623542491588498
1244,MLP,0.697,298.0,2.259113053959482
2295,MLP,0.697,298.0,2.259113053959482
672,MLP,0.696,300.0,2.255871858760114
624,MLP,0.694,301.0,2.249389468361378
2509,MLP,0.691,302.0,2.239665882763274
765,MLP,0.69,303.0,2.236424687563906
1321,MLP,0.689,304.0,2.233183492364538
1995,MLP,0.686,305.0,2.2234599067664345
2392,MLP,0.686,305.0,2.2234599067664345
2677,MLP,0.686,305.0,2.2234599067664345
221,MLP,0.682,308.0,2.2104951259689627
2164,MLP,0.682,308.0,2.2104951259689627
1540,MLP,0.681,310.0,2.2072539307695944
2161,MLP,0.68,311.0,2.2040127355702266
2731,MLP,0.679,312.0,2.2007715403708588
342,MLP,0.677,313.0,2.1942891499721227
1677,MLP,0.676,314.0,2.191047954772755
694,MLP,0.675,315.0,2.1878067595733866
917,MLP,0.674,316.0,2.1845655643740187
1285,MLP,0.674,316.0,2.1845655643740187
1849,MLP,0.674,316.0,2.1845655643740187
2411,MLP,0.673,319.0,2.181324369174651
1084,MLP,0.671,320.0,2.174841978775915
865,MLP,0.67,321.0,2.171600783576547
922,MLP,0.67,321.0,2.171600783576547
1584,MLP,0.67,321.0,2.171600783576547
1184,MLP,0.668,324.0,2.165118393177811
1033,MLP,0.667,325.0,2.1618771979784426
1412,MLP,0.666,326.0,2.1586360027790747
463,MLP,0.665,327.0,2.155394807579707
746,MLP,0.664,328.0,2.1521536123803386
1012,MLP,0.664,328.0,2.1521536123803386
2277,MLP,0.664,328.0,2.1521536123803386
2432,MLP,0.664,328.0,2.1521536123803386
830,MLP,0.663,332.0,2.148912417180971
2261,MLP,0.663,332.0,2.148912417180971
82,MLP,0.661,334.0,2.1424300267822347
509,MLP,0.661,334.0,2.1424300267822347
1382,MLP,0.659,336.0,2.135947636383499
25,MLP,0.658,337.0,2.1327064411841308
1856,MLP,0.658,337.0,2.1327064411841308
714,MLP,0.657,339.0,2.129465245984763
1715,MLP,0.657,339.0,2.129465245984763
1220,MLP,0.656,341.0,2.126224050785395
1883,MLP,0.655,342.0,2.122982855586027
2690,MLP,0.654,343.0,2.119741660386659
774,MLP,0.653,344.0,2.116500465187291
2152,MLP,0.653,344.0,2.116500465187291
2117,MLP,0.652,346.0,2.113259269987923
1924,MLP,0.651,347.0,2.110018074788555
923,MLP,0.649,348.0,2.103535684389819
1442,MLP,0.648,349.0,2.100294489190451
2733,MLP,0.648,349.0,2.100294489190451
657,MLP,0.647,351.0,2.0970532939910833
1098,MLP,0.647,351.0,2.0970532939910833
2052,MLP,0.647,351.0,2.0970532939910833
797,MLP,0.645,354.0,2.090570903592347
1855,MLP,0.645,354.0,2.090570903592347
2632,MLP,0.643,356.0,2.084088513193611
1879,MLP,0.642,357.0,2.0808473179942433
635,MLP,0.641,358.0,2.0776061227948754
1853,MLP,0.641,358.0,2.0776061227948754
1933,MLP,0.641,358.0,2.0776061227948754
262,MLP,0.64,361.0,2.074364927595507
1070,MLP,0.64,361.0,2.074364927595507
320,MLP,0.639,363.0,2.0711237323961393
547,MLP,0.639,363.0,2.0711237323961393
1328,MLP,0.637,365.0,2.0646413419974032
2456,MLP,0.637,365.0,2.0646413419974032
1391,MLP,0.634,367.0,2.0549177563992993
176,MLP,0.632,368.0,2.048435366000563
1221,MLP,0.632,368.0,2.048435366000563
2578,MLP,0.631,370.0,2.0451941708011954
177,MLP,0.629,371.0,2.0387117804024593
1909,MLP,0.629,371.0,2.0387117804024593
1639,MLP,0.628,373.0,2.0354705852030914
2210,MLP,0.628,373.0,2.0354705852030914
2255,MLP,0.628,373.0,2.0354705852030914
1797,MLP,0.626,376.0,2.0289881948043553
251,MLP,0.625,377.0,2.0257469996049875
1825,MLP,0.625,377.0,2.0257469996049875
2224,MLP,0.625,377.0,2.0257469996049875
1919,MLP,0.623,380.0,2.0192646092062514
194,MLP,0.622,381.0,2.0160234140068836
958,MLP,0.622,381.0,2.0160234140068836
230,MLP,0.621,383.0,2.0127822188075157
38,MLP,0.62,384.0,2.0095410236081475
1286,MLP,0.62,384.0,2.0095410236081475
2022,MLP,0.619,386.0,2.0062998284087796
2517,MLP,0.619,386.0,2.0062998284087796
264,MLP,0.617,388.0,1.9998174380100437
2099,MLP,0.617,388.0,1.9998174380100437
2437,MLP,0.616,390.0,1.9965762428106757
1979,MLP,0.614,391.0,1.9900938524119396
2191,MLP,0.614,391.0,1.9900938524119396
2236,MLP,0.614,391.0,1.9900938524119396
1418,MLP,0.613,394.0,1.9868526572125718
1953,MLP,0.613,394.0,1.9868526572125718
2203,MLP,0.612,396.0,1.9836114620132037
566,MLP,0.611,397.0,1.9803702668138357
2380,MLP,0.611,397.0,1.9803702668138357
1019,MLP,0.61,399.0,1.9771290716144678
1253,MLP,0.609,400.0,1.9738878764150998
2089,MLP,0.609,400.0,1.9738878764150998
214,MLP,0.608,402.0,1.9706466812157317
1538,MLP,0.608,402.0,1.9706466812157317
1271,MLP,0.607,404.0,1.967405486016364
1062,MLP,0.606,405.0,1.9641642908169958
1385,MLP,0.606,405.0,1.9641642908169958
2258,MLP,0.606,405.0,1.9641642908169958
965,MLP,0.605,408.0,1.9609230956176278
1517,MLP,0.604,409.0,1.95768190041826
878,MLP,0.603,410.0,1.954440705218892
1454,MLP,0.603,410.0,1.954440705218892
1662,MLP,0.603,410.0,1.954440705218892
2441,MLP,0.603,410.0,1.954440705218892
2466,MLP,0.603,410.0,1.954440705218892
444,MLP,0.602,415.0,1.9511995100195239
1165,MLP,0.602,415.0,1.9511995100195239
298,MLP,0.601,417.0,1.947958314820156
612,MLP,0.601,417.0,1.947958314820156
1565,MLP,0.601,417.0,1.947958314820156
1931,MLP,0.601,417.0,1.947958314820156
1828,MLP,0.6,421.0,1.944717119620788
2529,MLP,0.6,421.0,1.944717119620788
1277,MLP,0.599,423.0,1.94147592442142
1432,MLP,0.599,423.0,1.94147592442142
555,MLP,0.598,425.0,1.9382347292220519
51,MLP,0.597,426.0,1.934993534022684
1167,MLP,0.597,426.0,1.934993534022684
2323,MLP,0.597,426.0,1.934993534022684
132,MLP,0.595,429.0,1.928511143623948
1770,MLP,0.595,429.0,1.928511143623948
533,MLP,0.593,431.0,1.922028753225212
75,MLP,0.592,432.0,1.918787558025844
1291,MLP,0.592,432.0,1.918787558025844
1296,MLP,0.592,432.0,1.918787558025844
1661,MLP,0.592,432.0,1.918787558025844
2469,MLP,0.592,432.0,1.918787558025844
700,MLP,0.591,437.0,1.9155463628264762
1250,MLP,0.591,437.0,1.9155463628264762
1252,MLP,0.591,437.0,1.9155463628264762
1607,MLP,0.591,437.0,1.9155463628264762
323,MLP,0.59,441.0,1.9123051676271081
137,MLP,0.589,442.0,1.90906397242774
402,MLP,0.588,443.0,1.9058227772283722
1532,MLP,0.588,443.0,1.9058227772283722
2053,MLP,0.588,443.0,1.9058227772283722
60,MLP,0.587,446.0,1.9025815820290042
351,MLP,0.587,446.0,1.9025815820290042
427,MLP,0.587,446.0,1.9025815820290042
552,MLP,0.586,449.0,1.8993403868296361
1427,MLP,0.586,449.0,1.8993403868296361
1921,MLP,0.586,449.0,1.8993403868296361
1922,MLP,0.586,449.0,1.8993403868296361
1453,MLP,0.585,453.0,1.8960991916302683
2084,MLP,0.585,453.0,1.8960991916302683
2561,MLP,0.585,453.0,1.8960991916302683
2078,MLP,0.584,456.0,1.8928579964309002
2659,MLP,0.584,456.0,1.8928579964309002
2183,MLP,0.583,458.0,1.8896168012315322
753,MLP,0.582,459.0,1.8863756060321641
1437,MLP,0.582,459.0,1.8863756060321641
358,MLP,0.581,461.0,1.8831344108327963
719,MLP,0.581,461.0,1.8831344108327963
1119,MLP,0.581,461.0,1.8831344108327963
1539,MLP,0.581,461.0,1.8831344108327963
861,MLP,0.58,465.0,1.8798932156334283
2600,MLP,0.58,465.0,1.8798932156334283
372,MLP,0.579,467.0,1.8766520204340602
1622,MLP,0.579,467.0,1.8766520204340602
1764,MLP,0.579,467.0,1.8766520204340602
2305,MLP,0.579,467.0,1.8766520204340602
2332,MLP,0.579,467.0,1.8766520204340602
327,MLP,0.578,472.0,1.8734108252346924
343,MLP,0.578,472.0,1.8734108252346924
2103,MLP,0.578,472.0,1.8734108252346924
1775,MLP,0.577,475.0,1.8701696300353243
2012,MLP,0.577,475.0,1.8701696300353243
2067,MLP,0.577,475.0,1.8701696300353243
189,MLP,0.575,478.0,1.8636872396365884
1559,MLP,0.575,478.0,1.8636872396365884
2537,MLP,0.575,478.0,1.8636872396365884
170,MLP,0.574,481.0,1.8604460444372204
732,MLP,0.574,481.0,1.8604460444372204
2133,MLP,0.574,481.0,1.8604460444372204
484,MLP,0.573,484.0,1.8572048492378523
1514,MLP,0.573,484.0,1.8572048492378523
825,MLP,0.572,486.0,1.8539636540384845
1480,MLP,0.572,486.0,1.8539636540384845
216,MLP,0.571,488.0,1.8507224588391165
656,MLP,0.571,488.0,1.8507224588391165
697,MLP,0.57,490.0,1.8474812636397484
826,MLP,0.57,490.0,1.8474812636397484
2388,MLP,0.57,490.0,1.8474812636397484
2401,MLP,0.57,490.0,1.8474812636397484
979,MLP,0.569,494.0,1.8442400684403806
2369,MLP,0.569,494.0,1.8442400684403806
11,MLP,0.568,496.0,1.8409988732410125
485,MLP,0.568,496.0,1.8409988732410125
2746,MLP,0.568,496.0,1.8409988732410125
86,MLP,0.567,499.0,1.8377576780416445
2515,MLP,0.567,499.0,1.8377576780416445
623,MLP,0.566,501.0,1.8345164828422764
904,MLP,0.566,501.0,1.8345164828422764
2384,MLP,0.566,501.0,1.8345164828422764
1861,MLP,0.565,504.0,1.8312752876429086
1954,MLP,0.565,504.0,1.8312752876429086
2057,MLP,0.565,504.0,1.8312752876429086
2299,MLP,0.565,504.0,1.8312752876429086
131,MLP,0.563,508.0,1.8247928972441725
159,MLP,0.563,508.0,1.8247928972441725
1279,MLP,0.563,508.0,1.8247928972441725
836,MLP,0.562,511.0,1.8215517020448049
1930,MLP,0.562,511.0,1.8215517020448049
2430,MLP,0.562,511.0,1.8215517020448049
2005,MLP,0.56,514.0,1.815069311646069
1688,MLP,0.559,515.0,1.811828116446701
933,MLP,0.558,516.0,1.8085869212473331
2544,MLP,0.558,516.0,1.8085869212473331
2714,MLP,0.558,516.0,1.8085869212473331
429,MLP,0.557,519.0,1.805345726047965
816,MLP,0.557,519.0,1.805345726047965
1041,MLP,0.557,519.0,1.805345726047965
1543,MLP,0.557,519.0,1.805345726047965
534,MLP,0.556,523.0,1.802104530848597
872,MLP,0.556,523.0,1.802104530848597
1674,MLP,0.556,523.0,1.802104530848597
160,MLP,0.555,526.0,1.798863335649229
1018,MLP,0.555,526.0,1.798863335649229
2266,MLP,0.555,526.0,1.798863335649229
1501,MLP,0.554,529.0,1.7956221404498611
1913,MLP,0.553,530.0,1.792380945250493
2667,MLP,0.553,530.0,1.792380945250493
1655,MLP,0.551,532.0,1.7858985548517572
53,MLP,0.55,533.0,1.7826573596523891
843,MLP,0.55,533.0,1.7826573596523891
1356,MLP,0.55,533.0,1.7826573596523891
1702,MLP,0.55,533.0,1.7826573596523891
966,MLP,0.549,537.0,1.779416164453021
1413,MLP,0.548,538.0,1.7761749692536533
2608,MLP,0.548,538.0,1.7761749692536533
428,MLP,0.547,540.0,1.7729337740542852
2739,MLP,0.547,540.0,1.7729337740542852
2140,MLP,0.546,542.0,1.7696925788549172
2211,MLP,0.545,543.0,1.7664513836555493
43,MLP,0.544,544.0,1.7632101884561813
2660,MLP,0.544,544.0,1.7632101884561813
2181,MLP,0.543,546.0,1.7599689932568132
1212,MLP,0.542,547.0,1.7567277980574454
1431,MLP,0.542,547.0,1.7567277980574454
2010,MLP,0.542,547.0,1.7567277980574454
1118,MLP,0.541,550.0,1.7534866028580773
2635,MLP,0.541,550.0,1.7534866028580773
282,MLP,0.54,552.0,1.7502454076587093
2525,MLP,0.54,552.0,1.7502454076587093
1450,MLP,0.539,554.0,1.7470042124593412
1824,MLP,0.538,555.0,1.7437630172599734
2319,MLP,0.538,555.0,1.7437630172599734
2347,MLP,0.538,555.0,1.7437630172599734
119,MLP,0.537,558.0,1.7405218220606054
805,MLP,0.537,558.0,1.7405218220606054
2475,MLP,0.537,558.0,1.7405218220606054
183,MLP,0.536,561.0,1.7372806268612373
734,MLP,0.536,561.0,1.7372806268612373
1126,MLP,0.536,561.0,1.7372806268612373
1627,MLP,0.536,561.0,1.7372806268612373
2160,MLP,0.536,561.0,1.7372806268612373
260,MLP,0.535,566.0,1.7340394316618695
392,MLP,0.535,566.0,1.7340394316618695
5,MLP,0.534,568.0,1.7307982364625014
74,MLP,0.534,568.0,1.7307982364625014
241,MLP,0.534,568.0,1.7307982364625014
280,MLP,0.534,568.0,1.7307982364625014
491,MLP,0.534,568.0,1.7307982364625014
1898,MLP,0.534,568.0,1.7307982364625014
2695,MLP,0.534,568.0,1.7307982364625014
2719,MLP,0.534,568.0,1.7307982364625014
2656,MLP,0.533,576.0,1.7275570412631334
443,MLP,0.532,577.0,1.7243158460637655
1031,MLP,0.532,577.0,1.7243158460637655
1704,MLP,0.532,577.0,1.7243158460637655
1940,MLP,0.532,577.0,1.7243158460637655
2501,MLP,0.532,577.0,1.7243158460637655
212,MLP,0.53,582.0,1.7178334556650294
1411,MLP,0.529,583.0,1.7145922604656616
1482,MLP,0.529,583.0,1.7145922604656616
1686,MLP,0.529,583.0,1.7145922604656616
1994,MLP,0.529,583.0,1.7145922604656616
2547,MLP,0.529,583.0,1.7145922604656616
420,MLP,0.528,588.0,1.7113510652662935
1623,MLP,0.528,588.0,1.7113510652662935
2394,MLP,0.527,590.0,1.7081098700669255
557,MLP,0.526,591.0,1.7048686748675577
1304,MLP,0.526,591.0,1.7048686748675577
599,MLP,0.525,593.0,1.7016274796681896
1710,MLP,0.525,593.0,1.7016274796681896
455,MLP,0.524,595.0,1.6983862844688216
637,MLP,0.524,595.0,1.6983862844688216
688,MLP,0.524,595.0,1.6983862844688216
1105,MLP,0.524,595.0,1.6983862844688216
1122,MLP,0.524,595.0,1.6983862844688216
321,MLP,0.523,600.0,1.6951450892694535
2511,MLP,0.523,600.0,1.6951450892694535
324,MLP,0.522,602.0,1.6919038940700857
569,MLP,0.522,602.0,1.6919038940700857
1663,MLP,0.522,602.0,1.6919038940700857
2495,MLP,0.522,602.0,1.6919038940700857
810,MLP,0.521,606.0,1.6886626988707176
24,MLP,0.52,607.0,1.6854215036713496
151,MLP,0.52,607.0,1.6854215036713496
404,MLP,0.52,607.0,1.6854215036713496
996,MLP,0.519,610.0,1.6821803084719817
2514,MLP,0.519,610.0,1.6821803084719817
174,MLP,0.518,612.0,1.6789391132726137
879,MLP,0.517,613.0,1.6756979180732456
2504,MLP,0.517,613.0,1.6756979180732456
1929,MLP,0.516,615.0,1.6724567228738778
15,MLP,0.515,616.0,1.6692155276745098
381,MLP,0.515,616.0,1.6692155276745098
988,MLP,0.515,616.0,1.6692155276745098
1312,MLP,0.515,616.0,1.6692155276745098
1807,MLP,0.515,616.0,1.6692155276745098
1826,MLP,0.515,616.0,1.6692155276745098
340,MLP,0.514,622.0,1.6659743324751417
814,MLP,0.514,622.0,1.6659743324751417
2226,MLP,0.514,622.0,1.6659743324751417
847,MLP,0.513,625.0,1.6627331372757739
2736,MLP,0.513,625.0,1.6627331372757739
529,MLP,0.512,627.0,1.6594919420764058
1755,MLP,0.512,627.0,1.6594919420764058
2588,MLP,0.512,627.0,1.6594919420764058
997,MLP,0.511,630.0,1.6562507468770378
1589,MLP,0.511,630.0,1.6562507468770378
1606,MLP,0.511,630.0,1.6562507468770378
125,MLP,0.51,633.0,1.65300955167767
1533,MLP,0.51,633.0,1.65300955167767
1935,MLP,0.51,633.0,1.65300955167767
104,MLP,0.509,636.0,1.649768356478302
238,MLP,0.509,636.0,1.649768356478302
1233,MLP,0.509,636.0,1.649768356478302
998,MLP,0.508,639.0,1.6465271612789338
1183,MLP,0.508,639.0,1.6465271612789338
1400,MLP,0.508,639.0,1.6465271612789338
2368,MLP,0.508,639.0,1.6465271612789338
2389,MLP,0.507,643.0,1.6432859660795658
2418,MLP,0.507,643.0,1.6432859660795658
701,MLP,0.506,645.0,1.640044770880198
1932,MLP,0.505,646.0,1.63680357568083
2026,MLP,0.505,646.0,1.63680357568083
391,MLP,0.503,648.0,1.630321185282094
2264,MLP,0.503,648.0,1.630321185282094
424,MLP,0.502,650.0,1.627079990082726
659,MLP,0.502,650.0,1.627079990082726
1862,MLP,0.502,650.0,1.627079990082726
2276,MLP,0.502,650.0,1.627079990082726
2564,MLP,0.502,650.0,1.627079990082726
546,MLP,0.501,655.0,1.623838794883358
1021,MLP,0.5,656.0,1.62059759968399
1090,MLP,0.5,656.0,1.62059759968399
1604,MLP,0.5,656.0,1.62059759968399
2776,MLP,0.5,656.0,1.62059759968399
602,MLP,0.499,660.0,1.617356404484622
1783,MLP,0.499,660.0,1.617356404484622
2581,MLP,0.498,662.0,1.614115209285254
1756,MLP,0.497,663.0,1.6108740140858862
1968,MLP,0.497,663.0,1.6108740140858862
399,MLP,0.496,665.0,1.607632818886518
798,MLP,0.496,665.0,1.607632818886518
1551,MLP,0.496,665.0,1.607632818886518
2055,MLP,0.496,665.0,1.607632818886518
2132,MLP,0.496,665.0,1.607632818886518
2599,MLP,0.496,665.0,1.607632818886518
1492,MLP,0.495,671.0,1.60439162368715
412,MLP,0.494,672.0,1.6011504284877822
2419,MLP,0.493,673.0,1.5979092332884142
2644,MLP,0.493,673.0,1.5979092332884142
32,MLP,0.492,675.0,1.5946680380890461
1416,MLP,0.492,675.0,1.5946680380890461
1625,MLP,0.492,675.0,1.5946680380890461
2406,MLP,0.492,675.0,1.5946680380890461
1566,MLP,0.491,679.0,1.591426842889678
1585,MLP,0.491,679.0,1.591426842889678
2220,MLP,0.491,679.0,1.591426842889678
34,MLP,0.49,682.0,1.5881856476903102
548,MLP,0.49,682.0,1.5881856476903102
2157,MLP,0.49,682.0,1.5881856476903102
460,MLP,0.489,685.0,1.5849444524909422
1180,MLP,0.489,685.0,1.5849444524909422
1808,MLP,0.489,685.0,1.5849444524909422
2090,MLP,0.489,685.0,1.5849444524909422
330,MLP,0.488,689.0,1.5817032572915741
1669,MLP,0.488,689.0,1.5817032572915741
2673,MLP,0.488,689.0,1.5817032572915741
156,MLP,0.487,692.0,1.5784620620922063
2490,MLP,0.487,692.0,1.5784620620922063
2540,MLP,0.487,692.0,1.5784620620922063
486,MLP,0.486,695.0,1.5752208668928382
2023,MLP,0.486,695.0,1.5752208668928382
2091,MLP,0.486,695.0,1.5752208668928382
2118,MLP,0.486,695.0,1.5752208668928382
2260,MLP,0.486,695.0,1.5752208668928382
17,MLP,0.485,700.0,1.5719796716934702
2367,MLP,0.485,700.0,1.5719796716934702
367,MLP,0.483,702.0,1.5654972812947343
411,MLP,0.483,702.0,1.5654972812947343
2033,MLP,0.483,702.0,1.5654972812947343
2672,MLP,0.482,705.0,1.5622560860953663
502,MLP,0.481,706.0,1.5590148908959984
1725,MLP,0.481,706.0,1.5590148908959984
22,MLP,0.48,708.0,1.5557736956966304
418,MLP,0.48,708.0,1.5557736956966304
863,MLP,0.48,708.0,1.5557736956966304
2054,MLP,0.48,708.0,1.5557736956966304
2442,MLP,0.48,708.0,1.5557736956966304
2630,MLP,0.48,708.0,1.5557736956966304
468,MLP,0.479,714.0,1.5525325004972623
763,MLP,0.479,714.0,1.5525325004972623
110,MLP,0.478,716.0,1.5492913052978943
513,MLP,0.478,716.0,1.5492913052978943
2703,MLP,0.478,716.0,1.5492913052978943
995,MLP,0.477,719.0,1.5460501100985264
2106,MLP,0.477,719.0,1.5460501100985264
2204,MLP,0.477,719.0,1.5460501100985264
2651,MLP,0.477,719.0,1.5460501100985264
81,MLP,0.476,723.0,1.5428089148991584
1127,MLP,0.475,724.0,1.5395677196997903
326,MLP,0.474,725.0,1.5363265245004225
1384,MLP,0.474,725.0,1.5363265245004225
1872,MLP,0.474,725.0,1.5363265245004225
2279,MLP,0.474,725.0,1.5363265245004225
244,MLP,0.473,729.0,1.5330853293010545
587,MLP,0.473,729.0,1.5330853293010545
860,MLP,0.473,729.0,1.5330853293010545
1974,MLP,0.473,729.0,1.5330853293010545
2505,MLP,0.473,729.0,1.5330853293010545
2594,MLP,0.473,729.0,1.5330853293010545
349,MLP,0.471,735.0,1.5266029389023186
430,MLP,0.471,735.0,1.5266029389023186
459,MLP,0.471,735.0,1.5266029389023186
473,MLP,0.471,735.0,1.5266029389023186
1023,MLP,0.471,735.0,1.5266029389023186
1475,MLP,0.471,735.0,1.5266029389023186
1893,MLP,0.471,735.0,1.5266029389023186
2532,MLP,0.471,735.0,1.5266029389023186
2567,MLP,0.471,735.0,1.5266029389023186
2576,MLP,0.471,735.0,1.5266029389023186
370,MLP,0.47,745.0,1.5233617437029505
721,MLP,0.47,745.0,1.5233617437029505
873,MLP,0.47,745.0,1.5233617437029505
960,MLP,0.47,745.0,1.5233617437029505
1163,MLP,0.47,745.0,1.5233617437029505
1575,MLP,0.47,745.0,1.5233617437029505
1678,MLP,0.47,745.0,1.5233617437029505
2552,MLP,0.47,745.0,1.5233617437029505
2607,MLP,0.47,745.0,1.5233617437029505
65,MLP,0.469,754.0,1.5201205485035825
1980,MLP,0.469,754.0,1.5201205485035825
377,MLP,0.468,756.0,1.5168793533042146
1020,MLP,0.468,756.0,1.5168793533042146
530,MLP,0.467,758.0,1.5136381581048468
630,MLP,0.467,758.0,1.5136381581048468
667,MLP,0.467,758.0,1.5136381581048468
957,MLP,0.467,758.0,1.5136381581048468
59,MLP,0.466,762.0,1.5103969629054788
1295,MLP,0.466,762.0,1.5103969629054788
1610,MLP,0.466,762.0,1.5103969629054788
2737,MLP,0.466,762.0,1.5103969629054788
292,MLP,0.465,766.0,1.5071557677061107
1513,MLP,0.465,766.0,1.5071557677061107
698,MLP,0.464,768.0,1.5039145725067429
942,MLP,0.464,768.0,1.5039145725067429
2610,MLP,0.464,768.0,1.5039145725067429
93,MLP,0.463,771.0,1.5006733773073748
871,MLP,0.463,771.0,1.5006733773073748
77,MLP,0.462,773.0,1.4974321821080068
222,MLP,0.462,773.0,1.4974321821080068
944,MLP,0.462,773.0,1.4974321821080068
1863,MLP,0.462,773.0,1.4974321821080068
2716,MLP,0.462,773.0,1.4974321821080068
2200,MLP,0.461,778.0,1.494190986908639
403,MLP,0.46,779.0,1.4909497917092709
978,MLP,0.46,779.0,1.4909497917092709
1044,MLP,0.46,779.0,1.4909497917092709
2250,MLP,0.46,779.0,1.4909497917092709
2522,MLP,0.46,779.0,1.4909497917092709
146,MLP,0.459,784.0,1.4877085965099028
1811,MLP,0.458,785.0,1.484467401310535
1258,MLP,0.457,786.0,1.481226206111167
1439,MLP,0.457,786.0,1.481226206111167
2128,MLP,0.457,786.0,1.481226206111167
2661,MLP,0.457,786.0,1.481226206111167
211,MLP,0.456,790.0,1.477985010911799
310,MLP,0.456,790.0,1.477985010911799
457,MLP,0.456,790.0,1.477985010911799
1263,MLP,0.456,790.0,1.477985010911799
1270,MLP,0.456,790.0,1.477985010911799
1522,MLP,0.456,790.0,1.477985010911799
1834,MLP,0.456,790.0,1.477985010911799
2770,MLP,0.456,790.0,1.477985010911799
2665,MLP,0.455,798.0,1.4747438157124308
935,MLP,0.454,799.0,1.471502620513063
1858,MLP,0.454,799.0,1.471502620513063
394,MLP,0.453,801.0,1.468261425313695
729,MLP,0.453,801.0,1.468261425313695
2693,MLP,0.453,801.0,1.468261425313695
962,MLP,0.452,804.0,1.465020230114327
1261,MLP,0.452,804.0,1.465020230114327
1846,MLP,0.452,804.0,1.465020230114327
718,MLP,0.451,807.0,1.461779034914959
876,MLP,0.451,807.0,1.461779034914959
1254,MLP,0.451,807.0,1.461779034914959
1473,MLP,0.451,807.0,1.461779034914959
2020,MLP,0.451,807.0,1.461779034914959
2096,MLP,0.45,812.0,1.458537839715591
2679,MLP,0.45,812.0,1.458537839715591
597,MLP,0.449,814.0,1.455296644516223
44,MLP,0.448,815.0,1.4520554493168552
768,MLP,0.448,815.0,1.4520554493168552
1125,MLP,0.448,815.0,1.4520554493168552
2170,MLP,0.448,815.0,1.4520554493168552
2774,MLP,0.448,815.0,1.4520554493168552
1008,MLP,0.447,820.0,1.448814254117487
1100,MLP,0.447,820.0,1.448814254117487
1680,MLP,0.447,820.0,1.448814254117487
2741,MLP,0.447,820.0,1.448814254117487
2756,MLP,0.447,820.0,1.448814254117487
387,MLP,0.446,825.0,1.445573058918119
454,MLP,0.446,825.0,1.445573058918119
1369,MLP,0.446,825.0,1.445573058918119
2100,MLP,0.446,825.0,1.445573058918119
2293,MLP,0.446,825.0,1.445573058918119
2338,MLP,0.446,825.0,1.445573058918119
911,MLP,0.445,831.0,1.4423318637187512
1026,MLP,0.445,831.0,1.4423318637187512
2702,MLP,0.445,831.0,1.4423318637187512
27,MLP,0.444,834.0,1.4390906685193832
192,MLP,0.444,834.0,1.4390906685193832
819,MLP,0.444,834.0,1.4390906685193832
1140,MLP,0.444,834.0,1.4390906685193832
1689,MLP,0.444,834.0,1.4390906685193832
2232,MLP,0.444,834.0,1.4390906685193832
2705,MLP,0.444,834.0,1.4390906685193832
1048,MLP,0.443,841.0,1.4358494733200151
1246,MLP,0.443,841.0,1.4358494733200151
1798,MLP,0.443,841.0,1.4358494733200151
2178,MLP,0.442,844.0,1.4326082781206473
2762,MLP,0.442,844.0,1.4326082781206473
122,MLP,0.441,846.0,1.4293670829212792
968,MLP,0.441,846.0,1.4293670829212792
776,MLP,0.44,848.0,1.4261258877219112
914,MLP,0.44,848.0,1.4261258877219112
1451,MLP,0.44,848.0,1.4261258877219112
1951,MLP,0.44,848.0,1.4261258877219112
2131,MLP,0.44,848.0,1.4261258877219112
2742,MLP,0.44,848.0,1.4261258877219112
228,MLP,0.439,854.0,1.4228846925225431
1390,MLP,0.439,854.0,1.4228846925225431
1568,MLP,0.439,854.0,1.4228846925225431
2189,MLP,0.439,854.0,1.4228846925225431
2481,MLP,0.439,854.0,1.4228846925225431
2611,MLP,0.439,854.0,1.4228846925225431
389,MLP,0.438,860.0,1.4196434973231753
991,MLP,0.438,860.0,1.4196434973231753
1511,MLP,0.438,860.0,1.4196434973231753
1693,MLP,0.438,860.0,1.4196434973231753
2496,MLP,0.437,864.0,1.4164023021238072
2638,MLP,0.437,864.0,1.4164023021238072
71,MLP,0.436,866.0,1.4131611069244392
541,MLP,0.436,866.0,1.4131611069244392
2408,MLP,0.436,866.0,1.4131611069244392
64,MLP,0.435,869.0,1.4099199117250714
496,MLP,0.435,869.0,1.4099199117250714
845,MLP,0.435,869.0,1.4099199117250714
1128,MLP,0.435,869.0,1.4099199117250714
1229,MLP,0.435,869.0,1.4099199117250714
1608,MLP,0.435,869.0,1.4099199117250714
2351,MLP,0.435,869.0,1.4099199117250714
379,MLP,0.434,876.0,1.4066787165257033
414,MLP,0.434,876.0,1.4066787165257033
654,MLP,0.434,876.0,1.4066787165257033
1309,MLP,0.434,876.0,1.4066787165257033
1248,MLP,0.433,880.0,1.4034375213263353
1672,MLP,0.433,880.0,1.4034375213263353
2704,MLP,0.433,880.0,1.4034375213263353
376,MLP,0.432,883.0,1.4001963261269674
1768,MLP,0.432,883.0,1.4001963261269674
2034,MLP,0.432,883.0,1.4001963261269674
2246,MLP,0.432,883.0,1.4001963261269674
913,MLP,0.431,887.0,1.3969551309275994
2396,MLP,0.431,887.0,1.3969551309275994
451,MLP,0.43,889.0,1.3937139357282313
735,MLP,0.43,889.0,1.3937139357282313
811,MLP,0.43,889.0,1.3937139357282313
849,MLP,0.43,889.0,1.3937139357282313
1014,MLP,0.43,889.0,1.3937139357282313
2144,MLP,0.43,889.0,1.3937139357282313
2213,MLP,0.43,889.0,1.3937139357282313
2546,MLP,0.43,889.0,1.3937139357282313
2710,MLP,0.43,889.0,1.3937139357282313
1147,MLP,0.429,898.0,1.3904727405288635
1905,MLP,0.429,898.0,1.3904727405288635
2289,MLP,0.429,898.0,1.3904727405288635
2416,MLP,0.429,898.0,1.3904727405288635
2627,MLP,0.429,898.0,1.3904727405288635
1007,MLP,0.428,903.0,1.3872315453294954
188,MLP,0.427,904.0,1.3839903501301274
1612,MLP,0.427,904.0,1.3839903501301274
1888,MLP,0.427,904.0,1.3839903501301274
2173,MLP,0.427,904.0,1.3839903501301274
2256,MLP,0.427,904.0,1.3839903501301274
909,MLP,0.426,909.0,1.3807491549307596
409,MLP,0.425,910.0,1.3775079597313915
2359,MLP,0.425,910.0,1.3775079597313915
2605,MLP,0.425,910.0,1.3775079597313915
710,MLP,0.424,913.0,1.3742667645320235
800,MLP,0.424,913.0,1.3742667645320235
335,MLP,0.423,915.0,1.3710255693326554
1404,MLP,0.423,915.0,1.3710255693326554
1877,MLP,0.423,915.0,1.3710255693326554
2115,MLP,0.423,915.0,1.3710255693326554
2487,MLP,0.423,915.0,1.3710255693326554
175,MLP,0.422,920.0,1.3677843741332876
210,MLP,0.422,920.0,1.3677843741332876
888,MLP,0.422,920.0,1.3677843741332876
901,MLP,0.422,920.0,1.3677843741332876
1818,MLP,0.422,920.0,1.3677843741332876
245,MLP,0.421,925.0,1.3645431789339195
266,MLP,0.421,925.0,1.3645431789339195
937,MLP,0.421,925.0,1.3645431789339195
973,MLP,0.421,925.0,1.3645431789339195
1405,MLP,0.421,925.0,1.3645431789339195
2238,MLP,0.421,925.0,1.3645431789339195
187,MLP,0.42,931.0,1.3613019837345515
505,MLP,0.42,931.0,1.3613019837345515
1166,MLP,0.42,931.0,1.3613019837345515
1175,MLP,0.42,931.0,1.3613019837345515
2001,MLP,0.42,931.0,1.3613019837345515
2533,MLP,0.42,931.0,1.3613019837345515
2568,MLP,0.42,931.0,1.3613019837345515
538,MLP,0.419,938.0,1.3580607885351836
1728,MLP,0.419,938.0,1.3580607885351836
2038,MLP,0.419,938.0,1.3580607885351836
234,MLP,0.418,941.0,1.3548195933358156
749,MLP,0.418,941.0,1.3548195933358156
902,MLP,0.418,941.0,1.3548195933358156
976,MLP,0.418,941.0,1.3548195933358156
1281,MLP,0.418,941.0,1.3548195933358156
1819,MLP,0.418,941.0,1.3548195933358156
2222,MLP,0.418,941.0,1.3548195933358156
2598,MLP,0.418,941.0,1.3548195933358156
681,MLP,0.417,949.0,1.3515783981364475
1266,MLP,0.417,949.0,1.3515783981364475
1472,MLP,0.417,949.0,1.3515783981364475
1814,MLP,0.417,949.0,1.3515783981364475
2757,MLP,0.417,949.0,1.3515783981364475
891,MLP,0.416,954.0,1.3483372029370797
1343,MLP,0.416,954.0,1.3483372029370797
1408,MLP,0.416,954.0,1.3483372029370797
2585,MLP,0.416,954.0,1.3483372029370797
2717,MLP,0.416,954.0,1.3483372029370797
253,MLP,0.415,959.0,1.3450960077377117
1397,MLP,0.415,959.0,1.3450960077377117
2480,MLP,0.415,959.0,1.3450960077377117
2506,MLP,0.415,959.0,1.3450960077377117
695,MLP,0.414,963.0,1.3418548125383436
780,MLP,0.414,963.0,1.3418548125383436
1043,MLP,0.414,963.0,1.3418548125383436
1736,MLP,0.414,963.0,1.3418548125383436
574,MLP,0.413,967.0,1.3386136173389758
705,MLP,0.413,967.0,1.3386136173389758
822,MLP,0.413,967.0,1.3386136173389758
855,MLP,0.413,967.0,1.3386136173389758
1189,MLP,0.413,967.0,1.3386136173389758
2676,MLP,0.413,967.0,1.3386136173389758
138,MLP,0.412,973.0,1.3353724221396077
1483,MLP,0.412,973.0,1.3353724221396077
1776,MLP,0.412,973.0,1.3353724221396077
1981,MLP,0.412,973.0,1.3353724221396077
2766,MLP,0.412,973.0,1.3353724221396077
173,MLP,0.411,978.0,1.3321312269402397
806,MLP,0.411,978.0,1.3321312269402397
471,MLP,0.41,980.0,1.3288900317408718
794,MLP,0.41,980.0,1.3288900317408718
1055,MLP,0.41,980.0,1.3288900317408718
1646,MLP,0.41,980.0,1.3288900317408718
2042,MLP,0.41,980.0,1.3288900317408718
2080,MLP,0.41,980.0,1.3288900317408718
2684,MLP,0.41,980.0,1.3288900317408718
2748,MLP,0.41,980.0,1.3288900317408718
563,MLP,0.409,988.0,1.3256488365415038
769,MLP,0.409,988.0,1.3256488365415038
918,MLP,0.409,988.0,1.3256488365415038
1874,MLP,0.409,988.0,1.3256488365415038
2278,MLP,0.409,988.0,1.3256488365415038
1106,MLP,0.408,993.0,1.3224076413421357
1380,MLP,0.408,993.0,1.3224076413421357
180,MLP,0.407,995.0,1.3191664461427677
1534,MLP,0.407,995.0,1.3191664461427677
2212,MLP,0.407,995.0,1.3191664461427677
2722,MLP,0.407,995.0,1.3191664461427677
1716,MLP,0.406,999.0,1.3159252509434
2752,MLP,0.406,999.0,1.3159252509434
752,MLP,0.405,1001.0,1.312684055744032
1869,MLP,0.405,1001.0,1.312684055744032
2019,MLP,0.405,1001.0,1.312684055744032
2616,MLP,0.405,1001.0,1.312684055744032
2657,MLP,0.405,1001.0,1.312684055744032
276,MLP,0.404,1006.0,1.309442860544664
344,MLP,0.404,1006.0,1.309442860544664
963,MLP,0.404,1006.0,1.309442860544664
1976,MLP,0.404,1006.0,1.309442860544664
259,MLP,0.403,1010.0,1.3062016653452961
514,MLP,0.403,1010.0,1.3062016653452961
649,MLP,0.403,1010.0,1.3062016653452961
1950,MLP,0.403,1010.0,1.3062016653452961
2723,MLP,0.403,1010.0,1.3062016653452961
442,MLP,0.402,1015.0,1.302960470145928
1078,MLP,0.402,1015.0,1.302960470145928
1272,MLP,0.402,1015.0,1.302960470145928
1337,MLP,0.402,1015.0,1.302960470145928
1670,MLP,0.402,1015.0,1.302960470145928
2218,MLP,0.402,1015.0,1.302960470145928
2582,MLP,0.402,1015.0,1.302960470145928
432,MLP,0.401,1022.0,1.29971927494656
483,MLP,0.401,1022.0,1.29971927494656
967,MLP,0.401,1022.0,1.29971927494656
1203,MLP,0.401,1022.0,1.29971927494656
2333,MLP,0.401,1022.0,1.29971927494656
55,MLP,0.4,1027.0,1.296478079747192
474,MLP,0.4,1027.0,1.296478079747192
741,MLP,0.4,1027.0,1.296478079747192
1860,MLP,0.4,1027.0,1.296478079747192
506,MLP,0.399,1031.0,1.2932368845478242
265,MLP,0.398,1032.0,1.289995689348456
622,MLP,0.398,1032.0,1.289995689348456
1506,MLP,0.398,1032.0,1.289995689348456
1546,MLP,0.398,1032.0,1.289995689348456
1829,MLP,0.398,1032.0,1.289995689348456
2531,MLP,0.398,1032.0,1.289995689348456
205,MLP,0.397,1038.0,1.286754494149088
1199,MLP,0.397,1038.0,1.286754494149088
1682,MLP,0.397,1038.0,1.286754494149088
1788,MLP,0.397,1038.0,1.286754494149088
1969,MLP,0.397,1038.0,1.286754494149088
2044,MLP,0.397,1038.0,1.286754494149088
157,MLP,0.396,1044.0,1.2835132989497202
286,MLP,0.396,1044.0,1.2835132989497202
613,MLP,0.396,1044.0,1.2835132989497202
1171,MLP,0.396,1044.0,1.2835132989497202
1648,MLP,0.396,1044.0,1.2835132989497202
2313,MLP,0.396,1044.0,1.2835132989497202
2390,MLP,0.396,1044.0,1.2835132989497202
438,MLP,0.395,1051.0,1.2802721037503522
1001,MLP,0.395,1051.0,1.2802721037503522
1653,MLP,0.395,1051.0,1.2802721037503522
2108,MLP,0.395,1051.0,1.2802721037503522
2119,MLP,0.395,1051.0,1.2802721037503522
2252,MLP,0.395,1051.0,1.2802721037503522
2670,MLP,0.395,1051.0,1.2802721037503522
668,MLP,0.394,1058.0,1.2770309085509841
823,MLP,0.394,1058.0,1.2770309085509841
1600,MLP,0.394,1058.0,1.2770309085509841
1867,MLP,0.394,1058.0,1.2770309085509841
2163,MLP,0.394,1058.0,1.2770309085509841
1150,MLP,0.392,1063.0,1.2705485181522482
1394,MLP,0.392,1063.0,1.2705485181522482
2372,MLP,0.392,1063.0,1.2705485181522482
2682,MLP,0.392,1063.0,1.2705485181522482
7,MLP,0.391,1067.0,1.2673073229528802
296,MLP,0.391,1067.0,1.2673073229528802
722,MLP,0.391,1067.0,1.2673073229528802
1631,MLP,0.391,1067.0,1.2673073229528802
1986,MLP,0.391,1067.0,1.2673073229528802
275,MLP,0.39,1072.0,1.2640661277535123
1596,MLP,0.39,1072.0,1.2640661277535123
2489,MLP,0.39,1072.0,1.2640661277535123
374,MLP,0.389,1075.0,1.2608249325541443
605,MLP,0.389,1075.0,1.2608249325541443
708,MLP,0.389,1075.0,1.2608249325541443
1699,MLP,0.389,1075.0,1.2608249325541443
1780,MLP,0.389,1075.0,1.2608249325541443
2744,MLP,0.389,1075.0,1.2608249325541443
101,MLP,0.388,1081.0,1.2575837373547762
303,MLP,0.388,1081.0,1.2575837373547762
1123,MLP,0.388,1081.0,1.2575837373547762
1651,MLP,0.388,1081.0,1.2575837373547762
2634,MLP,0.388,1081.0,1.2575837373547762
592,MLP,0.387,1086.0,1.2543425421554082
1315,MLP,0.387,1086.0,1.2543425421554082
2381,MLP,0.387,1086.0,1.2543425421554082
549,MLP,0.386,1089.0,1.2511013469560404
994,MLP,0.386,1089.0,1.2511013469560404
1211,MLP,0.386,1089.0,1.2511013469560404
1838,MLP,0.386,1089.0,1.2511013469560404
130,MLP,0.385,1093.0,1.2478601517566723
743,MLP,0.385,1093.0,1.2478601517566723
892,MLP,0.385,1093.0,1.2478601517566723
974,MLP,0.385,1093.0,1.2478601517566723
1593,MLP,0.385,1093.0,1.2478601517566723
1711,MLP,0.385,1093.0,1.2478601517566723
1839,MLP,0.385,1093.0,1.2478601517566723
1943,MLP,0.385,1093.0,1.2478601517566723
2014,MLP,0.385,1093.0,1.2478601517566723
2636,MLP,0.385,1093.0,1.2478601517566723
525,MLP,0.384,1103.0,1.2446189565573043
862,MLP,0.384,1103.0,1.2446189565573043
1045,MLP,0.384,1103.0,1.2446189565573043
2241,MLP,0.384,1103.0,1.2446189565573043
2759,MLP,0.384,1103.0,1.2446189565573043
1415,MLP,0.383,1108.0,1.2413777613579364
2036,MLP,0.383,1108.0,1.2413777613579364
2464,MLP,0.383,1108.0,1.2413777613579364
153,MLP,0.382,1111.0,1.2381365661585684
629,MLP,0.382,1111.0,1.2381365661585684
812,MLP,0.382,1111.0,1.2381365661585684
950,MLP,0.382,1111.0,1.2381365661585684
1316,MLP,0.382,1111.0,1.2381365661585684
1640,MLP,0.382,1111.0,1.2381365661585684
1739,MLP,0.382,1111.0,1.2381365661585684
2412,MLP,0.382,1111.0,1.2381365661585684
46,MLP,0.381,1119.0,1.2348953709592003
501,MLP,0.381,1119.0,1.2348953709592003
956,MLP,0.381,1119.0,1.2348953709592003
1267,MLP,0.381,1119.0,1.2348953709592003
2327,MLP,0.381,1119.0,1.2348953709592003
827,MLP,0.38,1124.0,1.2316541757598325
199,MLP,0.379,1125.0,1.2284129805604644
235,MLP,0.379,1125.0,1.2284129805604644
523,MLP,0.379,1125.0,1.2284129805604644
1650,MLP,0.379,1125.0,1.2284129805604644
1790,MLP,0.379,1125.0,1.2284129805604644
738,MLP,0.378,1130.0,1.2251717853610964
1897,MLP,0.378,1130.0,1.2251717853610964
616,MLP,0.377,1132.0,1.2219305901617286
1891,MLP,0.377,1132.0,1.2219305901617286
1939,MLP,0.377,1132.0,1.2219305901617286
1799,MLP,0.376,1135.0,1.2186893949623605
2185,MLP,0.376,1135.0,1.2186893949623605
2727,MLP,0.376,1135.0,1.2186893949623605
1222,MLP,0.375,1138.0,1.2154481997629925
2175,MLP,0.375,1138.0,1.2154481997629925
61,MLP,0.374,1140.0,1.2122070045636246
184,MLP,0.374,1140.0,1.2122070045636246
615,MLP,0.374,1140.0,1.2122070045636246
851,MLP,0.374,1140.0,1.2122070045636246
1195,MLP,0.374,1140.0,1.2122070045636246
1875,MLP,0.374,1140.0,1.2122070045636246
1948,MLP,0.374,1140.0,1.2122070045636246
2107,MLP,0.374,1140.0,1.2122070045636246
2151,MLP,0.374,1140.0,1.2122070045636246
2393,MLP,0.374,1140.0,1.2122070045636246
1132,MLP,0.373,1150.0,1.2089658093642566
1609,MLP,0.373,1150.0,1.2089658093642566
2105,MLP,0.373,1150.0,1.2089658093642566
890,MLP,0.372,1153.0,1.2057246141648885
961,MLP,0.372,1153.0,1.2057246141648885
1747,MLP,0.372,1153.0,1.2057246141648885
1936,MLP,0.372,1153.0,1.2057246141648885
2127,MLP,0.372,1153.0,1.2057246141648885
2571,MLP,0.372,1153.0,1.2057246141648885
165,MLP,0.371,1159.0,1.2024834189655205
469,MLP,0.371,1159.0,1.2024834189655205
691,MLP,0.371,1159.0,1.2024834189655205
1088,MLP,0.371,1159.0,1.2024834189655205
1332,MLP,0.371,1159.0,1.2024834189655205
2060,MLP,0.371,1159.0,1.2024834189655205
2269,MLP,0.371,1159.0,1.2024834189655205
2326,MLP,0.37,1166.0,1.1992422237661526
57,MLP,0.369,1167.0,1.1960010285667846
1353,MLP,0.369,1167.0,1.1960010285667846
1703,MLP,0.369,1167.0,1.1960010285667846
1873,MLP,0.369,1167.0,1.1960010285667846
196,MLP,0.368,1171.0,1.1927598333674165
544,MLP,0.368,1171.0,1.1927598333674165
1039,MLP,0.368,1171.0,1.1927598333674165
1496,MLP,0.368,1171.0,1.1927598333674165
1569,MLP,0.368,1171.0,1.1927598333674165
1896,MLP,0.368,1171.0,1.1927598333674165
2292,MLP,0.368,1171.0,1.1927598333674165
2602,MLP,0.368,1171.0,1.1927598333674165
2642,MLP,0.368,1171.0,1.1927598333674165
141,MLP,0.367,1180.0,1.1895186381680487
536,MLP,0.367,1180.0,1.1895186381680487
568,MLP,0.367,1180.0,1.1895186381680487
1500,MLP,0.367,1180.0,1.1895186381680487
2136,MLP,0.367,1180.0,1.1895186381680487
2361,MLP,0.367,1180.0,1.1895186381680487
76,MLP,0.366,1186.0,1.1862774429686807
445,MLP,0.366,1186.0,1.1862774429686807
799,MLP,0.366,1186.0,1.1862774429686807
1499,MLP,0.366,1186.0,1.1862774429686807
164,MLP,0.365,1190.0,1.1830362477693126
625,MLP,0.365,1190.0,1.1830362477693126
1115,MLP,0.365,1190.0,1.1830362477693126
1396,MLP,0.365,1190.0,1.1830362477693126
1706,MLP,0.365,1190.0,1.1830362477693126
2354,MLP,0.365,1190.0,1.1830362477693126
360,MLP,0.364,1196.0,1.1797950525699448
2444,MLP,0.364,1196.0,1.1797950525699448
289,MLP,0.363,1198.0,1.1765538573705767
373,MLP,0.363,1198.0,1.1765538573705767
1956,MLP,0.363,1198.0,1.1765538573705767
1998,MLP,0.363,1198.0,1.1765538573705767
2315,MLP,0.363,1198.0,1.1765538573705767
2559,MLP,0.363,1198.0,1.1765538573705767
10,MLP,0.362,1204.0,1.1733126621712087
365,MLP,0.362,1204.0,1.1733126621712087
503,MLP,0.362,1204.0,1.1733126621712087
670,MLP,0.362,1204.0,1.1733126621712087
1349,MLP,0.362,1204.0,1.1733126621712087
1594,MLP,0.362,1204.0,1.1733126621712087
2114,MLP,0.362,1204.0,1.1733126621712087
2391,MLP,0.362,1204.0,1.1733126621712087
2484,MLP,0.362,1204.0,1.1733126621712087
1297,MLP,0.361,1213.0,1.1700714669718408
1383,MLP,0.361,1213.0,1.1700714669718408
1675,MLP,0.361,1213.0,1.1700714669718408
1683,MLP,0.361,1213.0,1.1700714669718408
1966,MLP,0.361,1213.0,1.1700714669718408
2000,MLP,0.361,1213.0,1.1700714669718408
2205,MLP,0.361,1213.0,1.1700714669718408
2452,MLP,0.361,1213.0,1.1700714669718408
2691,MLP,0.361,1213.0,1.1700714669718408
97,MLP,0.36,1222.0,1.1668302717724728
171,MLP,0.36,1222.0,1.1668302717724728
1658,MLP,0.36,1222.0,1.1668302717724728
1769,MLP,0.36,1222.0,1.1668302717724728
1890,MLP,0.36,1222.0,1.1668302717724728
436,MLP,0.359,1227.0,1.1635890765731047
464,MLP,0.359,1227.0,1.1635890765731047
607,MLP,0.359,1227.0,1.1635890765731047
1579,MLP,0.359,1227.0,1.1635890765731047
2039,MLP,0.359,1227.0,1.1635890765731047
2743,MLP,0.359,1227.0,1.1635890765731047
364,MLP,0.358,1233.0,1.160347881373737
559,MLP,0.358,1233.0,1.160347881373737
931,MLP,0.358,1233.0,1.160347881373737
2104,MLP,0.358,1233.0,1.160347881373737
2294,MLP,0.358,1233.0,1.160347881373737
350,MLP,0.357,1238.0,1.1571066861743688
516,MLP,0.357,1238.0,1.1571066861743688
770,MLP,0.357,1238.0,1.1571066861743688
1443,MLP,0.357,1238.0,1.1571066861743688
1621,MLP,0.357,1238.0,1.1571066861743688
2453,MLP,0.357,1238.0,1.1571066861743688
116,MLP,0.356,1244.0,1.1538654909750008
803,MLP,0.356,1244.0,1.1538654909750008
1456,MLP,0.356,1244.0,1.1538654909750008
1660,MLP,0.356,1244.0,1.1538654909750008
1733,MLP,0.356,1244.0,1.1538654909750008
1918,MLP,0.356,1244.0,1.1538654909750008
407,MLP,0.355,1250.0,1.1506242957756327
728,MLP,0.355,1250.0,1.1506242957756327
857,MLP,0.355,1250.0,1.1506242957756327
1215,MLP,0.355,1250.0,1.1506242957756327
1422,MLP,0.355,1250.0,1.1506242957756327
1618,MLP,0.355,1250.0,1.1506242957756327
2523,MLP,0.355,1250.0,1.1506242957756327
301,MLP,0.354,1257.0,1.147383100576265
1586,MLP,0.354,1257.0,1.147383100576265
2378,MLP,0.354,1257.0,1.147383100576265
2649,MLP,0.354,1257.0,1.147383100576265
2767,MLP,0.354,1257.0,1.147383100576265
155,MLP,0.353,1262.0,1.1441419053768969
256,MLP,0.353,1262.0,1.1441419053768969
487,MLP,0.353,1262.0,1.1441419053768969
1160,MLP,0.353,1262.0,1.1441419053768969
1942,MLP,0.353,1262.0,1.1441419053768969
2073,MLP,0.353,1262.0,1.1441419053768969
2097,MLP,0.353,1262.0,1.1441419053768969
2712,MLP,0.353,1262.0,1.1441419053768969
283,MLP,0.352,1270.0,1.1409007101775288
689,MLP,0.352,1270.0,1.1409007101775288
1467,MLP,0.352,1270.0,1.1409007101775288
1771,MLP,0.352,1270.0,1.1409007101775288
2027,MLP,0.352,1270.0,1.1409007101775288
669,MLP,0.351,1275.0,1.137659514978161
1659,MLP,0.351,1275.0,1.137659514978161
1781,MLP,0.351,1275.0,1.137659514978161
2082,MLP,0.351,1275.0,1.137659514978161
2467,MLP,0.351,1275.0,1.137659514978161
2573,MLP,0.351,1275.0,1.137659514978161
338,MLP,0.349,1281.0,1.1311771245794249
1278,MLP,0.349,1281.0,1.1311771245794249
1868,MLP,0.349,1281.0,1.1311771245794249
2122,MLP,0.349,1281.0,1.1311771245794249
2237,MLP,0.349,1281.0,1.1311771245794249
2491,MLP,0.349,1281.0,1.1311771245794249
2699,MLP,0.349,1281.0,1.1311771245794249
316,MLP,0.348,1288.0,1.127935929380057
347,MLP,0.348,1288.0,1.127935929380057
449,MLP,0.348,1288.0,1.127935929380057
532,MLP,0.348,1288.0,1.127935929380057
628,MLP,0.348,1288.0,1.127935929380057
742,MLP,0.348,1288.0,1.127935929380057
1347,MLP,0.348,1288.0,1.127935929380057
1626,MLP,0.348,1288.0,1.127935929380057
1895,MLP,0.348,1288.0,1.127935929380057
1952,MLP,0.348,1288.0,1.127935929380057
2049,MLP,0.348,1288.0,1.127935929380057
2462,MLP,0.348,1288.0,1.127935929380057
482,MLP,0.347,1300.0,1.124694734180689
786,MLP,0.347,1300.0,1.124694734180689
1989,MLP,0.347,1300.0,1.124694734180689
388,MLP,0.346,1303.0,1.121453538981321
1283,MLP,0.346,1303.0,1.121453538981321
2267,MLP,0.346,1303.0,1.121453538981321
2303,MLP,0.346,1303.0,1.121453538981321
2334,MLP,0.346,1303.0,1.121453538981321
209,MLP,0.345,1308.0,1.118212343781953
311,MLP,0.345,1308.0,1.118212343781953
537,MLP,0.345,1308.0,1.118212343781953
1524,MLP,0.345,1308.0,1.118212343781953
1537,MLP,0.345,1308.0,1.118212343781953
2162,MLP,0.345,1308.0,1.118212343781953
2622,MLP,0.345,1308.0,1.118212343781953
47,MLP,0.344,1315.0,1.114971148582585
224,MLP,0.344,1315.0,1.114971148582585
713,MLP,0.344,1315.0,1.114971148582585
783,MLP,0.344,1315.0,1.114971148582585
943,MLP,0.344,1315.0,1.114971148582585
1017,MLP,0.344,1315.0,1.114971148582585
1207,MLP,0.344,1315.0,1.114971148582585
1705,MLP,0.344,1315.0,1.114971148582585
2243,MLP,0.344,1315.0,1.114971148582585
1239,MLP,0.343,1324.0,1.1117299533832172
2043,MLP,0.343,1324.0,1.1117299533832172
400,MLP,0.342,1326.0,1.1084887581838492
717,MLP,0.342,1326.0,1.1084887581838492
1056,MLP,0.342,1326.0,1.1084887581838492
1957,MLP,0.342,1326.0,1.1084887581838492
2137,MLP,0.342,1326.0,1.1084887581838492
147,MLP,0.341,1331.0,1.1052475629844813
162,MLP,0.341,1331.0,1.1052475629844813
1112,MLP,0.341,1331.0,1.1052475629844813
236,MLP,0.34,1334.0,1.1020063677851133
247,MLP,0.34,1334.0,1.1020063677851133
415,MLP,0.34,1334.0,1.1020063677851133
882,MLP,0.34,1334.0,1.1020063677851133
953,MLP,0.34,1334.0,1.1020063677851133
1323,MLP,0.34,1334.0,1.1020063677851133
1926,MLP,0.34,1334.0,1.1020063677851133
2375,MLP,0.34,1334.0,1.1020063677851133
2617,MLP,0.34,1334.0,1.1020063677851133
2658,MLP,0.34,1334.0,1.1020063677851133
787,MLP,0.339,1344.0,1.0987651725857452
916,MLP,0.339,1344.0,1.0987651725857452
2172,MLP,0.339,1344.0,1.0987651725857452
2445,MLP,0.339,1344.0,1.0987651725857452
314,MLP,0.338,1348.0,1.0955239773863774
362,MLP,0.338,1348.0,1.0955239773863774
521,MLP,0.338,1348.0,1.0955239773863774
2245,MLP,0.338,1348.0,1.0955239773863774
2655,MLP,0.338,1348.0,1.0955239773863774
578,MLP,0.337,1353.0,1.0922827821870094
591,MLP,0.337,1353.0,1.0922827821870094
952,MLP,0.337,1353.0,1.0922827821870094
1904,MLP,0.337,1353.0,1.0922827821870094
1967,MLP,0.337,1353.0,1.0922827821870094
2435,MLP,0.337,1353.0,1.0922827821870094
1720,MLP,0.336,1359.0,1.0890415869876413
1789,MLP,0.336,1359.0,1.0890415869876413
2228,MLP,0.336,1359.0,1.0890415869876413
8,MLP,0.335,1362.0,1.0858003917882735
91,MLP,0.335,1362.0,1.0858003917882735
126,MLP,0.335,1362.0,1.0858003917882735
596,MLP,0.335,1362.0,1.0858003917882735
598,MLP,0.335,1362.0,1.0858003917882735
608,MLP,0.335,1362.0,1.0858003917882735
1446,MLP,0.335,1362.0,1.0858003917882735
2447,MLP,0.335,1362.0,1.0858003917882735
45,MLP,0.334,1370.0,1.0825591965889054
102,MLP,0.334,1370.0,1.0825591965889054
308,MLP,0.334,1370.0,1.0825591965889054
1032,MLP,0.334,1370.0,1.0825591965889054
1325,MLP,0.334,1370.0,1.0825591965889054
2386,MLP,0.334,1370.0,1.0825591965889054
2512,MLP,0.334,1370.0,1.0825591965889054
161,MLP,0.333,1377.0,1.0793180013895374
225,MLP,0.333,1377.0,1.0793180013895374
1275,MLP,0.333,1377.0,1.0793180013895374
2123,MLP,0.333,1377.0,1.0793180013895374
2268,MLP,0.333,1377.0,1.0793180013895374
2346,MLP,0.333,1377.0,1.0793180013895374
2353,MLP,0.333,1377.0,1.0793180013895374
2415,MLP,0.333,1377.0,1.0793180013895374
98,MLP,0.332,1385.0,1.0760768061901693
398,MLP,0.332,1385.0,1.0760768061901693
834,MLP,0.332,1385.0,1.0760768061901693
905,MLP,0.332,1385.0,1.0760768061901693
1806,MLP,0.332,1385.0,1.0760768061901693
2325,MLP,0.331,1390.0,1.0728356109908015
2597,MLP,0.331,1390.0,1.0728356109908015
271,MLP,0.33,1392.0,1.0695944157914334
309,MLP,0.33,1392.0,1.0695944157914334
353,MLP,0.33,1392.0,1.0695944157914334
703,MLP,0.33,1392.0,1.0695944157914334
1154,MLP,0.33,1392.0,1.0695944157914334
1194,MLP,0.33,1392.0,1.0695944157914334
1592,MLP,0.33,1392.0,1.0695944157914334
2156,MLP,0.33,1392.0,1.0695944157914334
2230,MLP,0.33,1392.0,1.0695944157914334
2248,MLP,0.33,1392.0,1.0695944157914334
2360,MLP,0.33,1392.0,1.0695944157914334
279,MLP,0.329,1403.0,1.0663532205920654
582,MLP,0.329,1403.0,1.0663532205920654
682,MLP,0.329,1403.0,1.0663532205920654
755,MLP,0.329,1403.0,1.0663532205920654
1081,MLP,0.329,1403.0,1.0663532205920654
1214,MLP,0.329,1403.0,1.0663532205920654
37,MLP,0.328,1409.0,1.0631120253926976
478,MLP,0.328,1409.0,1.0631120253926976
795,MLP,0.328,1409.0,1.0631120253926976
846,MLP,0.328,1409.0,1.0631120253926976
924,MLP,0.328,1409.0,1.0631120253926976
1425,MLP,0.328,1409.0,1.0631120253926976
1695,MLP,0.328,1409.0,1.0631120253926976
2697,MLP,0.328,1409.0,1.0631120253926976
213,MLP,0.327,1417.0,1.0598708301933295
499,MLP,0.327,1417.0,1.0598708301933295
671,MLP,0.327,1417.0,1.0598708301933295
853,MLP,0.327,1417.0,1.0598708301933295
986,MLP,0.327,1417.0,1.0598708301933295
1155,MLP,0.327,1417.0,1.0598708301933295
1193,MLP,0.327,1417.0,1.0598708301933295
1993,MLP,0.327,1417.0,1.0598708301933295
346,MLP,0.326,1425.0,1.0566296349939615
477,MLP,0.326,1425.0,1.0566296349939615
646,MLP,0.326,1425.0,1.0566296349939615
1108,MLP,0.326,1425.0,1.0566296349939615
1298,MLP,0.326,1425.0,1.0566296349939615
1318,MLP,0.326,1425.0,1.0566296349939615
1329,MLP,0.326,1425.0,1.0566296349939615
1510,MLP,0.326,1425.0,1.0566296349939615
1554,MLP,0.326,1425.0,1.0566296349939615
2050,MLP,0.326,1425.0,1.0566296349939615
2330,MLP,0.326,1425.0,1.0566296349939615
2692,MLP,0.326,1425.0,1.0566296349939615
1102,MLP,0.325,1437.0,1.0533884397945936
1200,MLP,0.325,1437.0,1.0533884397945936
2291,MLP,0.325,1437.0,1.0533884397945936
2374,MLP,0.325,1437.0,1.0533884397945936
2407,MLP,0.325,1437.0,1.0533884397945936
18,MLP,0.324,1442.0,1.0501472445952256
886,MLP,0.324,1442.0,1.0501472445952256
1035,MLP,0.324,1442.0,1.0501472445952256
1152,MLP,0.324,1442.0,1.0501472445952256
1389,MLP,0.324,1442.0,1.0501472445952256
2761,MLP,0.324,1442.0,1.0501472445952256
124,MLP,0.323,1448.0,1.0469060493958575
867,MLP,0.323,1448.0,1.0469060493958575
1359,MLP,0.323,1448.0,1.0469060493958575
1433,MLP,0.323,1448.0,1.0469060493958575
1536,MLP,0.323,1448.0,1.0469060493958575
1599,MLP,0.323,1448.0,1.0469060493958575
1665,MLP,0.323,1448.0,1.0469060493958575
1744,MLP,0.323,1448.0,1.0469060493958575
1796,MLP,0.323,1448.0,1.0469060493958575
1832,MLP,0.323,1448.0,1.0469060493958575
2068,MLP,0.323,1448.0,1.0469060493958575
2519,MLP,0.323,1448.0,1.0469060493958575
792,MLP,0.322,1460.0,1.0436648541964897
899,MLP,0.322,1460.0,1.0436648541964897
1133,MLP,0.322,1460.0,1.0436648541964897
1148,MLP,0.322,1460.0,1.0436648541964897
1835,MLP,0.322,1460.0,1.0436648541964897
31,MLP,0.321,1465.0,1.0404236589971216
422,MLP,0.321,1465.0,1.0404236589971216
1268,MLP,0.321,1465.0,1.0404236589971216
1306,MLP,0.321,1465.0,1.0404236589971216
1421,MLP,0.321,1465.0,1.0404236589971216
1535,MLP,0.321,1465.0,1.0404236589971216
1544,MLP,0.321,1465.0,1.0404236589971216
1712,MLP,0.321,1465.0,1.0404236589971216
2239,MLP,0.321,1465.0,1.0404236589971216
2403,MLP,0.321,1465.0,1.0404236589971216
2698,MLP,0.321,1465.0,1.0404236589971216
2750,MLP,0.321,1465.0,1.0404236589971216
393,MLP,0.32,1477.0,1.0371824637977536
706,MLP,0.32,1477.0,1.0371824637977536
1153,MLP,0.32,1477.0,1.0371824637977536
1257,MLP,0.32,1477.0,1.0371824637977536
1444,MLP,0.32,1477.0,1.0371824637977536
1616,MLP,0.32,1477.0,1.0371824637977536
1938,MLP,0.32,1477.0,1.0371824637977536
1978,MLP,0.32,1477.0,1.0371824637977536
2007,MLP,0.32,1477.0,1.0371824637977536
2425,MLP,0.32,1477.0,1.0371824637977536
2554,MLP,0.32,1477.0,1.0371824637977536
2715,MLP,0.32,1477.0,1.0371824637977536
435,MLP,0.319,1489.0,1.0339412685983855
580,MLP,0.319,1489.0,1.0339412685983855
1111,MLP,0.319,1489.0,1.0339412685983855
1179,MLP,0.319,1489.0,1.0339412685983855
1521,MLP,0.319,1489.0,1.0339412685983855
2065,MLP,0.319,1489.0,1.0339412685983855
2592,MLP,0.319,1489.0,1.0339412685983855
9,MLP,0.318,1496.0,1.0307000733990177
148,MLP,0.318,1496.0,1.0307000733990177
333,MLP,0.318,1496.0,1.0307000733990177
1358,MLP,0.318,1496.0,1.0307000733990177
1813,MLP,0.318,1496.0,1.0307000733990177
1973,MLP,0.318,1496.0,1.0307000733990177
1977,MLP,0.318,1496.0,1.0307000733990177
2079,MLP,0.318,1496.0,1.0307000733990177
2125,MLP,0.318,1496.0,1.0307000733990177
258,MLP,0.317,1505.0,1.0274588781996497
1066,MLP,0.317,1505.0,1.0274588781996497
1417,MLP,0.317,1505.0,1.0274588781996497
2242,MLP,0.317,1505.0,1.0274588781996497
2247,MLP,0.317,1505.0,1.0274588781996497
2296,MLP,0.317,1505.0,1.0274588781996497
2312,MLP,0.317,1505.0,1.0274588781996497
2591,MLP,0.317,1505.0,1.0274588781996497
257,MLP,0.316,1513.0,1.0242176830002816
426,MLP,0.316,1513.0,1.0242176830002816
883,MLP,0.316,1513.0,1.0242176830002816
2399,MLP,0.316,1513.0,1.0242176830002816
2562,MLP,0.316,1513.0,1.0242176830002816
2621,MLP,0.316,1513.0,1.0242176830002816
179,MLP,0.315,1519.0,1.0209764878009138
354,MLP,0.315,1519.0,1.0209764878009138
1170,MLP,0.315,1519.0,1.0209764878009138
1458,MLP,0.315,1519.0,1.0209764878009138
2045,MLP,0.315,1519.0,1.0209764878009138
2262,MLP,0.315,1519.0,1.0209764878009138
2301,MLP,0.315,1519.0,1.0209764878009138
2400,MLP,0.315,1519.0,1.0209764878009138
2473,MLP,0.315,1519.0,1.0209764878009138
133,MLP,0.314,1528.0,1.0177352926015457
573,MLP,0.314,1528.0,1.0177352926015457
835,MLP,0.314,1528.0,1.0177352926015457
1440,MLP,0.314,1528.0,1.0177352926015457
1478,MLP,0.314,1528.0,1.0177352926015457
1504,MLP,0.314,1528.0,1.0177352926015457
1708,MLP,0.314,1528.0,1.0177352926015457
2371,MLP,0.314,1528.0,1.0177352926015457
2488,MLP,0.314,1528.0,1.0177352926015457
90,MLP,0.313,1537.0,1.0144940974021777
99,MLP,0.313,1537.0,1.0144940974021777
1457,MLP,0.313,1537.0,1.0144940974021777
1854,MLP,0.313,1537.0,1.0144940974021777
1955,MLP,0.313,1537.0,1.0144940974021777
1959,MLP,0.313,1537.0,1.0144940974021777
2141,MLP,0.313,1537.0,1.0144940974021777
2771,MLP,0.313,1537.0,1.0144940974021777
62,MLP,0.312,1545.0,1.0112529022028098
115,MLP,0.312,1545.0,1.0112529022028098
204,MLP,0.312,1545.0,1.0112529022028098
898,MLP,0.312,1545.0,1.0112529022028098
1236,MLP,0.312,1545.0,1.0112529022028098
1489,MLP,0.312,1545.0,1.0112529022028098
1802,MLP,0.312,1545.0,1.0112529022028098
172,MLP,0.311,1552.0,1.0080117070034418
250,MLP,0.311,1552.0,1.0080117070034418
1494,MLP,0.311,1552.0,1.0080117070034418
1645,MLP,0.311,1552.0,1.0080117070034418
661,MLP,0.31,1556.0,1.0047705118040737
745,MLP,0.31,1556.0,1.0047705118040737
889,MLP,0.31,1556.0,1.0047705118040737
1302,MLP,0.31,1556.0,1.0047705118040737
2398,MLP,0.31,1556.0,1.0047705118040737
248,MLP,0.309,1561.0,1.001529316604706
590,MLP,0.309,1561.0,1.001529316604706
712,MLP,0.309,1561.0,1.001529316604706
840,MLP,0.309,1561.0,1.001529316604706
1265,MLP,0.309,1561.0,1.001529316604706
1944,MLP,0.309,1561.0,1.001529316604706
111,MLP,0.308,1567.0,0.9982881214053378
202,MLP,0.308,1567.0,0.9982881214053378
396,MLP,0.308,1567.0,0.9982881214053378
562,MLP,0.308,1567.0,0.9982881214053378
1691,MLP,0.308,1567.0,0.9982881214053378
2193,MLP,0.308,1567.0,0.9982881214053378
2683,MLP,0.308,1567.0,0.9982881214053378
26,MLP,0.307,1574.0,0.9950469262059698
29,MLP,0.307,1574.0,0.9950469262059698
833,MLP,0.307,1574.0,0.9950469262059698
2186,MLP,0.307,1574.0,0.9950469262059698
2431,MLP,0.307,1574.0,0.9950469262059698
23,MLP,0.306,1579.0,0.9918057310066019
33,MLP,0.306,1579.0,0.9918057310066019
80,MLP,0.306,1579.0,0.9918057310066019
352,MLP,0.306,1579.0,0.9918057310066019
690,MLP,0.306,1579.0,0.9918057310066019
1089,MLP,0.306,1579.0,0.9918057310066019
1186,MLP,0.306,1579.0,0.9918057310066019
2216,MLP,0.306,1579.0,0.9918057310066019
2718,MLP,0.306,1579.0,0.9918057310066019
1620,MLP,0.305,1588.0,0.9885645358072339
1657,MLP,0.305,1588.0,0.9885645358072339
1762,MLP,0.305,1588.0,0.9885645358072339
2138,MLP,0.305,1588.0,0.9885645358072339
2528,MLP,0.305,1588.0,0.9885645358072339
676,MLP,0.304,1593.0,0.9853233406078659
1240,MLP,0.304,1593.0,0.9853233406078659
1308,MLP,0.304,1593.0,0.9853233406078659
2025,MLP,0.304,1593.0,0.9853233406078659
2251,MLP,0.304,1593.0,0.9853233406078659
92,MLP,0.303,1598.0,0.9820821454084979
246,MLP,0.303,1598.0,0.9820821454084979
337,MLP,0.303,1598.0,0.9820821454084979
575,MLP,0.303,1598.0,0.9820821454084979
1051,MLP,0.303,1598.0,0.9820821454084979
1342,MLP,0.303,1598.0,0.9820821454084979
1763,MLP,0.303,1598.0,0.9820821454084979
1946,MLP,0.303,1598.0,0.9820821454084979
2135,MLP,0.303,1598.0,0.9820821454084979
2221,MLP,0.303,1598.0,0.9820821454084979
2233,MLP,0.303,1598.0,0.9820821454084979
2337,MLP,0.303,1598.0,0.9820821454084979
2539,MLP,0.303,1598.0,0.9820821454084979
2678,MLP,0.303,1598.0,0.9820821454084979
441,MLP,0.302,1612.0,0.97884095020913
495,MLP,0.302,1612.0,0.97884095020913
1564,MLP,0.302,1612.0,0.97884095020913
1654,MLP,0.302,1612.0,0.97884095020913
2024,MLP,0.302,1612.0,0.97884095020913
348,MLP,0.301,1617.0,0.9755997550097619
357,MLP,0.301,1617.0,0.9755997550097619
493,MLP,0.301,1617.0,0.9755997550097619
583,MLP,0.301,1617.0,0.9755997550097619
1694,MLP,0.301,1617.0,0.9755997550097619
2087,MLP,0.301,1617.0,0.9755997550097619
2302,MLP,0.301,1617.0,0.9755997550097619
869,MLP,0.3,1624.0,0.972358559810394
1685,MLP,0.3,1624.0,0.972358559810394
2074,MLP,0.3,1624.0,0.972358559810394
2153,MLP,0.3,1624.0,0.972358559810394
2640,MLP,0.3,1624.0,0.972358559810394
2751,MLP,0.3,1624.0,0.972358559810394
89,MLP,0.299,1630.0,0.9691173646110259
219,MLP,0.299,1630.0,0.9691173646110259
767,MLP,0.299,1630.0,0.9691173646110259
809,MLP,0.299,1630.0,0.9691173646110259
954,MLP,0.299,1630.0,0.9691173646110259
972,MLP,0.299,1630.0,0.9691173646110259
1120,MLP,0.299,1630.0,0.9691173646110259
1216,MLP,0.299,1630.0,0.9691173646110259
1292,MLP,0.299,1630.0,0.9691173646110259
1388,MLP,0.299,1630.0,0.9691173646110259
2075,MLP,0.299,1630.0,0.9691173646110259
2282,MLP,0.299,1630.0,0.9691173646110259
2405,MLP,0.299,1630.0,0.9691173646110259
686,MLP,0.298,1643.0,0.965876169411658
1059,MLP,0.298,1643.0,0.965876169411658
1097,MLP,0.298,1643.0,0.965876169411658
1141,MLP,0.298,1643.0,0.965876169411658
1288,MLP,0.298,1643.0,0.965876169411658
2058,MLP,0.298,1643.0,0.965876169411658
2147,MLP,0.298,1643.0,0.965876169411658
2471,MLP,0.298,1643.0,0.965876169411658
2629,MLP,0.298,1643.0,0.965876169411658
2650,MLP,0.298,1643.0,0.965876169411658
619,MLP,0.297,1653.0,0.96263497421229
989,MLP,0.297,1653.0,0.96263497421229
1067,MLP,0.297,1653.0,0.96263497421229
1069,MLP,0.297,1653.0,0.96263497421229
1076,MLP,0.297,1653.0,0.96263497421229
1378,MLP,0.297,1653.0,0.96263497421229
1570,MLP,0.297,1653.0,0.96263497421229
1571,MLP,0.297,1653.0,0.96263497421229
1782,MLP,0.297,1653.0,0.96263497421229
1982,MLP,0.297,1653.0,0.96263497421229
2545,MLP,0.297,1653.0,0.96263497421229
237,MLP,0.296,1664.0,0.959393779012922
675,MLP,0.296,1664.0,0.959393779012922
832,MLP,0.296,1664.0,0.959393779012922
1965,MLP,0.296,1664.0,0.959393779012922
2773,MLP,0.296,1664.0,0.959393779012922
416,MLP,0.295,1669.0,0.9561525838135541
450,MLP,0.295,1669.0,0.9561525838135541
481,MLP,0.295,1669.0,0.9561525838135541
1962,MLP,0.295,1669.0,0.9561525838135541
2614,MLP,0.295,1669.0,0.9561525838135541
611,MLP,0.294,1674.0,0.9529113886141861
653,MLP,0.294,1674.0,0.9529113886141861
1079,MLP,0.294,1674.0,0.9529113886141861
1242,MLP,0.294,1674.0,0.9529113886141861
1613,MLP,0.294,1674.0,0.9529113886141861
1684,MLP,0.294,1674.0,0.9529113886141861
1751,MLP,0.294,1674.0,0.9529113886141861
1843,MLP,0.294,1674.0,0.9529113886141861
1900,MLP,0.294,1674.0,0.9529113886141861
2187,MLP,0.294,1674.0,0.9529113886141861
2240,MLP,0.294,1674.0,0.9529113886141861
2314,MLP,0.294,1674.0,0.9529113886141861
2749,MLP,0.294,1674.0,0.9529113886141861
41,MLP,0.293,1687.0,0.9496701934148181
519,MLP,0.293,1687.0,0.9496701934148181
564,MLP,0.293,1687.0,0.9496701934148181
716,MLP,0.293,1687.0,0.9496701934148181
1068,MLP,0.293,1687.0,0.9496701934148181
1474,MLP,0.293,1687.0,0.9496701934148181
2112,MLP,0.293,1687.0,0.9496701934148181
2286,MLP,0.293,1687.0,0.9496701934148181
2355,MLP,0.293,1687.0,0.9496701934148181
2646,MLP,0.293,1687.0,0.9496701934148181
773,MLP,0.292,1697.0,0.9464289982154501
859,MLP,0.292,1697.0,0.9464289982154501
893,MLP,0.292,1697.0,0.9464289982154501
1491,MLP,0.292,1697.0,0.9464289982154501
1528,MLP,0.292,1697.0,0.9464289982154501
1803,MLP,0.292,1697.0,0.9464289982154501
2150,MLP,0.292,1697.0,0.9464289982154501
2590,MLP,0.292,1697.0,0.9464289982154501
2760,MLP,0.292,1697.0,0.9464289982154501
2775,MLP,0.292,1697.0,0.9464289982154501
4,MLP,0.291,1707.0,0.9431878030160821
272,MLP,0.291,1707.0,0.9431878030160821
759,MLP,0.291,1707.0,0.9431878030160821
1013,MLP,0.291,1707.0,0.9431878030160821
1447,MLP,0.291,1707.0,0.9431878030160821
1477,MLP,0.291,1707.0,0.9431878030160821
1740,MLP,0.291,1707.0,0.9431878030160821
135,MLP,0.29,1714.0,0.9399466078167141
208,MLP,0.29,1714.0,0.9399466078167141
395,MLP,0.29,1714.0,0.9399466078167141
458,MLP,0.29,1714.0,0.9399466078167141
633,MLP,0.29,1714.0,0.9399466078167141
684,MLP,0.29,1714.0,0.9399466078167141
750,MLP,0.29,1714.0,0.9399466078167141
1037,MLP,0.29,1714.0,0.9399466078167141
1547,MLP,0.29,1714.0,0.9399466078167141
1581,MLP,0.29,1714.0,0.9399466078167141
2088,MLP,0.29,1714.0,0.9399466078167141
2229,MLP,0.29,1714.0,0.9399466078167141
2426,MLP,0.29,1714.0,0.9399466078167141
2570,MLP,0.29,1714.0,0.9399466078167141
112,MLP,0.289,1728.0,0.9367054126173462
1290,MLP,0.289,1728.0,0.9367054126173462
1531,MLP,0.289,1728.0,0.9367054126173462
1615,MLP,0.289,1728.0,0.9367054126173462
1985,MLP,0.289,1728.0,0.9367054126173462
2028,MLP,0.289,1728.0,0.9367054126173462
2102,MLP,0.289,1728.0,0.9367054126173462
2348,MLP,0.289,1728.0,0.9367054126173462
2365,MLP,0.289,1728.0,0.9367054126173462
617,MLP,0.288,1737.0,0.9334642174179781
785,MLP,0.288,1737.0,0.9334642174179781
790,MLP,0.288,1737.0,0.9334642174179781
897,MLP,0.288,1737.0,0.9334642174179781
1545,MLP,0.288,1737.0,0.9334642174179781
1582,MLP,0.288,1737.0,0.9334642174179781
1643,MLP,0.288,1737.0,0.9334642174179781
1937,MLP,0.288,1737.0,0.9334642174179781
2116,MLP,0.288,1737.0,0.9334642174179781
2485,MLP,0.288,1737.0,0.9334642174179781
2530,MLP,0.288,1737.0,0.9334642174179781
535,MLP,0.287,1748.0,0.9302230222186102
603,MLP,0.287,1748.0,0.9302230222186102
1300,MLP,0.287,1748.0,0.9302230222186102
1352,MLP,0.287,1748.0,0.9302230222186102
1407,MLP,0.287,1748.0,0.9302230222186102
2003,MLP,0.287,1748.0,0.9302230222186102
2321,MLP,0.287,1748.0,0.9302230222186102
2615,MLP,0.287,1748.0,0.9302230222186102
223,MLP,0.286,1756.0,0.9269818270192423
704,MLP,0.286,1756.0,0.9269818270192423
744,MLP,0.286,1756.0,0.9269818270192423
1182,MLP,0.286,1756.0,0.9269818270192423
1338,MLP,0.286,1756.0,0.9269818270192423
1375,MLP,0.286,1756.0,0.9269818270192423
1562,MLP,0.286,1756.0,0.9269818270192423
1734,MLP,0.286,1756.0,0.9269818270192423
1830,MLP,0.286,1756.0,0.9269818270192423
1925,MLP,0.286,1756.0,0.9269818270192423
2707,MLP,0.286,1756.0,0.9269818270192423
2725,MLP,0.286,1756.0,0.9269818270192423
231,MLP,0.285,1768.0,0.9237406318198742
1157,MLP,0.285,1768.0,0.9237406318198742
1331,MLP,0.285,1768.0,0.9237406318198742
1577,MLP,0.285,1768.0,0.9237406318198742
2335,MLP,0.285,1768.0,0.9237406318198742
2341,MLP,0.285,1768.0,0.9237406318198742
2439,MLP,0.285,1768.0,0.9237406318198742
2778,MLP,0.285,1768.0,0.9237406318198742
56,MLP,0.284,1776.0,0.9204994366205063
406,MLP,0.284,1776.0,0.9204994366205063
413,MLP,0.284,1776.0,0.9204994366205063
660,MLP,0.284,1776.0,0.9204994366205063
739,MLP,0.284,1776.0,0.9204994366205063
1191,MLP,0.284,1776.0,0.9204994366205063
1205,MLP,0.284,1776.0,0.9204994366205063
1241,MLP,0.284,1776.0,0.9204994366205063
1333,MLP,0.284,1776.0,0.9204994366205063
1334,MLP,0.284,1776.0,0.9204994366205063
1698,MLP,0.284,1776.0,0.9204994366205063
2457,MLP,0.284,1776.0,0.9204994366205063
2637,MLP,0.284,1776.0,0.9204994366205063
16,MLP,0.283,1789.0,0.9172582414211382
167,MLP,0.283,1789.0,0.9172582414211382
169,MLP,0.283,1789.0,0.9172582414211382
341,MLP,0.283,1789.0,0.9172582414211382
560,MLP,0.283,1789.0,0.9172582414211382
725,MLP,0.283,1789.0,0.9172582414211382
908,MLP,0.283,1789.0,0.9172582414211382
1005,MLP,0.283,1789.0,0.9172582414211382
1567,MLP,0.283,1789.0,0.9172582414211382
178,MLP,0.282,1798.0,0.9140170462217703
512,MLP,0.282,1798.0,0.9140170462217703
782,MLP,0.282,1798.0,0.9140170462217703
1230,MLP,0.282,1798.0,0.9140170462217703
1273,MLP,0.282,1798.0,0.9140170462217703
2709,MLP,0.282,1798.0,0.9140170462217703
2711,MLP,0.282,1798.0,0.9140170462217703
618,MLP,0.281,1805.0,0.9107758510224024
640,MLP,0.281,1805.0,0.9107758510224024
945,MLP,0.281,1805.0,0.9107758510224024
1218,MLP,0.281,1805.0,0.9107758510224024
1339,MLP,0.281,1805.0,0.9107758510224024
2674,MLP,0.281,1805.0,0.9107758510224024
66,MLP,0.28,1811.0,0.9075346558230345
186,MLP,0.28,1811.0,0.9075346558230345
385,MLP,0.28,1811.0,0.9075346558230345
866,MLP,0.28,1811.0,0.9075346558230345
1113,MLP,0.28,1811.0,0.9075346558230345
1441,MLP,0.28,1811.0,0.9075346558230345
1466,MLP,0.28,1811.0,0.9075346558230345
1629,MLP,0.28,1811.0,0.9075346558230345
1971,MLP,0.28,1811.0,0.9075346558230345
2021,MLP,0.28,1811.0,0.9075346558230345
150,MLP,0.279,1821.0,0.9042934606236666
345,MLP,0.279,1821.0,0.9042934606236666
466,MLP,0.279,1821.0,0.9042934606236666
1341,MLP,0.279,1821.0,0.9042934606236666
1563,MLP,0.279,1821.0,0.9042934606236666
1761,MLP,0.279,1821.0,0.9042934606236666
2070,MLP,0.279,1821.0,0.9042934606236666
2420,MLP,0.279,1821.0,0.9042934606236666
2463,MLP,0.279,1821.0,0.9042934606236666
2556,MLP,0.279,1821.0,0.9042934606236666
1,MLP,0.278,1831.0,0.9010522654242985
128,MLP,0.278,1831.0,0.9010522654242985
1124,MLP,0.278,1831.0,0.9010522654242985
1188,MLP,0.278,1831.0,0.9010522654242985
1430,MLP,0.278,1831.0,0.9010522654242985
1634,MLP,0.278,1831.0,0.9010522654242985
2167,MLP,0.278,1831.0,0.9010522654242985
707,MLP,0.277,1838.0,0.8978110702249306
1219,MLP,0.277,1838.0,0.8978110702249306
1591,MLP,0.277,1838.0,0.8978110702249306
1996,MLP,0.277,1838.0,0.8978110702249306
2306,MLP,0.277,1838.0,0.8978110702249306
2763,MLP,0.277,1838.0,0.8978110702249306
621,MLP,0.276,1844.0,0.8945698750255625
971,MLP,0.276,1844.0,0.8945698750255625
1071,MLP,0.276,1844.0,0.8945698750255625
1301,MLP,0.276,1844.0,0.8945698750255625
1550,MLP,0.276,1844.0,0.8945698750255625
1903,MLP,0.276,1844.0,0.8945698750255625
1949,MLP,0.276,1844.0,0.8945698750255625
1970,MLP,0.276,1844.0,0.8945698750255625
2688,MLP,0.276,1844.0,0.8945698750255625
58,MLP,0.275,1853.0,0.8913286798261946
766,MLP,0.275,1853.0,0.8913286798261946
2148,MLP,0.275,1853.0,0.8913286798261946
2526,MLP,0.275,1853.0,0.8913286798261946
2639,MLP,0.275,1853.0,0.8913286798261946
332,MLP,0.274,1858.0,0.8880874846268266
1409,MLP,0.274,1858.0,0.8880874846268266
1738,MLP,0.274,1858.0,0.8880874846268266
2524,MLP,0.274,1858.0,0.8880874846268266
2764,MLP,0.274,1858.0,0.8880874846268266
401,MLP,0.273,1863.0,0.8848462894274586
531,MLP,0.273,1863.0,0.8848462894274586
709,MLP,0.273,1863.0,0.8848462894274586
730,MLP,0.273,1863.0,0.8848462894274586
864,MLP,0.273,1863.0,0.8848462894274586
1168,MLP,0.273,1863.0,0.8848462894274586
1280,MLP,0.273,1863.0,0.8848462894274586
1330,MLP,0.273,1863.0,0.8848462894274586
1364,MLP,0.273,1863.0,0.8848462894274586
1721,MLP,0.273,1863.0,0.8848462894274586
1774,MLP,0.273,1863.0,0.8848462894274586
1894,MLP,0.273,1863.0,0.8848462894274586
2031,MLP,0.273,1863.0,0.8848462894274586
2069,MLP,0.273,1863.0,0.8848462894274586
2194,MLP,0.273,1863.0,0.8848462894274586
2201,MLP,0.273,1863.0,0.8848462894274586
2410,MLP,0.273,1863.0,0.8848462894274586
2624,MLP,0.273,1863.0,0.8848462894274586
145,MLP,0.272,1881.0,0.8816050942280906
319,MLP,0.272,1881.0,0.8816050942280906
397,MLP,0.272,1881.0,0.8816050942280906
433,MLP,0.272,1881.0,0.8816050942280906
1673,MLP,0.272,1881.0,0.8816050942280906
2018,MLP,0.272,1881.0,0.8816050942280906
2479,MLP,0.272,1881.0,0.8816050942280906
2769,MLP,0.272,1881.0,0.8816050942280906
263,MLP,0.271,1889.0,0.8783638990287227
453,MLP,0.271,1889.0,0.8783638990287227
545,MLP,0.271,1889.0,0.8783638990287227
715,MLP,0.271,1889.0,0.8783638990287227
772,MLP,0.271,1889.0,0.8783638990287227
778,MLP,0.271,1889.0,0.8783638990287227
784,MLP,0.271,1889.0,0.8783638990287227
1237,MLP,0.271,1889.0,0.8783638990287227
1759,MLP,0.271,1889.0,0.8783638990287227
1964,MLP,0.271,1889.0,0.8783638990287227
2120,MLP,0.271,1889.0,0.8783638990287227
2370,MLP,0.271,1889.0,0.8783638990287227
2482,MLP,0.271,1889.0,0.8783638990287227
2628,MLP,0.271,1889.0,0.8783638990287227
2713,MLP,0.271,1889.0,0.8783638990287227
685,MLP,0.27,1904.0,0.8751227038293546
711,MLP,0.27,1904.0,0.8751227038293546
1269,MLP,0.27,1904.0,0.8751227038293546
1274,MLP,0.27,1904.0,0.8751227038293546
1773,MLP,0.27,1904.0,0.8751227038293546
1792,MLP,0.27,1904.0,0.8751227038293546
2059,MLP,0.27,1904.0,0.8751227038293546
2168,MLP,0.27,1904.0,0.8751227038293546
2254,MLP,0.27,1904.0,0.8751227038293546
2451,MLP,0.27,1904.0,0.8751227038293546
2458,MLP,0.27,1904.0,0.8751227038293546
2460,MLP,0.27,1904.0,0.8751227038293546
2613,MLP,0.27,1904.0,0.8751227038293546
540,MLP,0.269,1917.0,0.8718815086299867
762,MLP,0.269,1917.0,0.8718815086299867
1202,MLP,0.269,1917.0,0.8718815086299867
1327,MLP,0.269,1917.0,0.8718815086299867
1336,MLP,0.269,1917.0,0.8718815086299867
1730,MLP,0.269,1917.0,0.8718815086299867
1809,MLP,0.269,1917.0,0.8718815086299867
1393,MLP,0.268,1924.0,0.8686403134306186
1481,MLP,0.268,1924.0,0.8686403134306186
1574,MLP,0.268,1924.0,0.8686403134306186
1588,MLP,0.268,1924.0,0.8686403134306186
1928,MLP,0.268,1924.0,0.8686403134306186
2454,MLP,0.268,1924.0,0.8686403134306186
2623,MLP,0.268,1924.0,0.8686403134306186
40,MLP,0.267,1931.0,0.8653991182312507
267,MLP,0.267,1931.0,0.8653991182312507
1402,MLP,0.267,1931.0,0.8653991182312507
1743,MLP,0.267,1931.0,0.8653991182312507
2755,MLP,0.267,1931.0,0.8653991182312507
594,MLP,0.266,1936.0,0.8621579230318828
777,MLP,0.266,1936.0,0.8621579230318828
1042,MLP,0.266,1936.0,0.8621579230318828
1455,MLP,0.266,1936.0,0.8621579230318828
1486,MLP,0.266,1936.0,0.8621579230318828
2618,MLP,0.266,1936.0,0.8621579230318828
2728,MLP,0.266,1936.0,0.8621579230318828
423,MLP,0.265,1943.0,0.8589167278325147
526,MLP,0.265,1943.0,0.8589167278325147
813,MLP,0.265,1943.0,0.8589167278325147
907,MLP,0.265,1943.0,0.8589167278325147
1753,MLP,0.265,1943.0,0.8589167278325147
1767,MLP,0.265,1943.0,0.8589167278325147
19,MLP,0.264,1949.0,0.8556755326331468
42,MLP,0.264,1949.0,0.8556755326331468
201,MLP,0.264,1949.0,0.8556755326331468
510,MLP,0.264,1949.0,0.8556755326331468
647,MLP,0.264,1949.0,0.8556755326331468
1015,MLP,0.264,1949.0,0.8556755326331468
1047,MLP,0.264,1949.0,0.8556755326331468
1087,MLP,0.264,1949.0,0.8556755326331468
1176,MLP,0.264,1949.0,0.8556755326331468
1260,MLP,0.264,1949.0,0.8556755326331468
1395,MLP,0.264,1949.0,0.8556755326331468
1719,MLP,0.264,1949.0,0.8556755326331468
1864,MLP,0.264,1949.0,0.8556755326331468
1880,MLP,0.264,1949.0,0.8556755326331468
2008,MLP,0.264,1949.0,0.8556755326331468
2206,MLP,0.264,1949.0,0.8556755326331468
2448,MLP,0.264,1949.0,0.8556755326331468
565,MLP,0.263,1966.0,0.8524343374337788
1028,MLP,0.263,1966.0,0.8524343374337788
1131,MLP,0.263,1966.0,0.8524343374337788
1707,MLP,0.263,1966.0,0.8524343374337788
1934,MLP,0.263,1966.0,0.8524343374337788
1990,MLP,0.263,1966.0,0.8524343374337788
2265,MLP,0.263,1966.0,0.8524343374337788
2468,MLP,0.263,1966.0,0.8524343374337788
2647,MLP,0.263,1966.0,0.8524343374337788
2721,MLP,0.263,1966.0,0.8524343374337788
665,MLP,0.262,1976.0,0.8491931422344108
895,MLP,0.262,1976.0,0.8491931422344108
1426,MLP,0.262,1976.0,0.8491931422344108
2048,MLP,0.262,1976.0,0.8491931422344108
2551,MLP,0.262,1976.0,0.8491931422344108
2696,MLP,0.262,1976.0,0.8491931422344108
543,MLP,0.261,1982.0,0.8459519470350428
1046,MLP,0.261,1982.0,0.8459519470350428
1094,MLP,0.261,1982.0,0.8459519470350428
1367,MLP,0.261,1982.0,0.8459519470350428
1907,MLP,0.261,1982.0,0.8459519470350428
2214,MLP,0.261,1982.0,0.8459519470350428
2397,MLP,0.261,1982.0,0.8459519470350428
299,MLP,0.26,1989.0,0.8427107518356748
490,MLP,0.26,1989.0,0.8427107518356748
508,MLP,0.26,1989.0,0.8427107518356748
572,MLP,0.26,1989.0,0.8427107518356748
747,MLP,0.26,1989.0,0.8427107518356748
824,MLP,0.26,1989.0,0.8427107518356748
1548,MLP,0.26,1989.0,0.8427107518356748
1666,MLP,0.26,1989.0,0.8427107518356748
6,MLP,0.259,1997.0,0.8394695566363068
113,MLP,0.259,1997.0,0.8394695566363068
305,MLP,0.259,1997.0,0.8394695566363068
419,MLP,0.259,1997.0,0.8394695566363068
990,MLP,0.259,1997.0,0.8394695566363068
1074,MLP,0.259,1997.0,0.8394695566363068
2483,MLP,0.259,1997.0,0.8394695566363068
114,MLP,0.258,2004.0,0.8362283614369389
240,MLP,0.258,2004.0,0.8362283614369389
368,MLP,0.258,2004.0,0.8362283614369389
1752,MLP,0.258,2004.0,0.8362283614369389
2331,MLP,0.258,2004.0,0.8362283614369389
2745,MLP,0.258,2004.0,0.8362283614369389
95,MLP,0.257,2010.0,0.8329871662375709
494,MLP,0.257,2010.0,0.8329871662375709
1130,MLP,0.257,2010.0,0.8329871662375709
1852,MLP,0.257,2010.0,0.8329871662375709
2311,MLP,0.257,2010.0,0.8329871662375709
2543,MLP,0.257,2010.0,0.8329871662375709
2601,MLP,0.257,2010.0,0.8329871662375709
142,MLP,0.256,2017.0,0.8297459710382029
842,MLP,0.256,2017.0,0.8297459710382029
2271,MLP,0.256,2017.0,0.8297459710382029
163,MLP,0.254,2020.0,0.8232635806394669
366,MLP,0.254,2020.0,0.8232635806394669
554,MLP,0.254,2020.0,0.8232635806394669
839,MLP,0.254,2020.0,0.8232635806394669
1204,MLP,0.254,2020.0,0.8232635806394669
1876,MLP,0.254,2020.0,0.8232635806394669
1881,MLP,0.254,2020.0,0.8232635806394669
2317,MLP,0.254,2020.0,0.8232635806394669
2587,MLP,0.254,2020.0,0.8232635806394669
355,MLP,0.253,2029.0,0.820022385440099
2735,MLP,0.253,2029.0,0.820022385440099
1053,MLP,0.252,2031.0,0.8167811902407309
2358,MLP,0.252,2031.0,0.8167811902407309
2643,MLP,0.252,2031.0,0.8167811902407309
553,MLP,0.251,2034.0,0.813539995041363
677,MLP,0.251,2034.0,0.813539995041363
1787,MLP,0.251,2034.0,0.813539995041363
2223,MLP,0.251,2034.0,0.813539995041363
2527,MLP,0.251,2034.0,0.813539995041363
2700,MLP,0.251,2034.0,0.813539995041363
683,MLP,0.25,2040.0,0.810298799841995
754,MLP,0.25,2040.0,0.810298799841995
1414,MLP,0.25,2040.0,0.810298799841995
1452,MLP,0.25,2040.0,0.810298799841995
1766,MLP,0.25,2040.0,0.810298799841995
1784,MLP,0.25,2040.0,0.810298799841995
417,MLP,0.249,2046.0,0.807057604642627
604,MLP,0.249,2046.0,0.807057604642627
609,MLP,0.249,2046.0,0.807057604642627
1635,MLP,0.249,2046.0,0.807057604642627
2017,MLP,0.249,2046.0,0.807057604642627
2098,MLP,0.249,2046.0,0.807057604642627
2307,MLP,0.249,2046.0,0.807057604642627
934,MLP,0.248,2053.0,0.803816409443259
1210,MLP,0.248,2053.0,0.803816409443259
2006,MLP,0.248,2053.0,0.803816409443259
78,MLP,0.247,2056.0,0.8005752142438911
88,MLP,0.247,2056.0,0.8005752142438911
492,MLP,0.247,2056.0,0.8005752142438911
1101,MLP,0.247,2056.0,0.8005752142438911
1303,MLP,0.247,2056.0,0.8005752142438911
1731,MLP,0.247,2056.0,0.8005752142438911
1992,MLP,0.247,2056.0,0.8005752142438911
166,MLP,0.246,2063.0,0.7973340190445231
206,MLP,0.246,2063.0,0.7973340190445231
1525,MLP,0.246,2063.0,0.7973340190445231
1576,MLP,0.246,2063.0,0.7973340190445231
1630,MLP,0.246,2063.0,0.7973340190445231
791,MLP,0.245,2068.0,0.7940928238451551
969,MLP,0.245,2068.0,0.7940928238451551
1313,MLP,0.245,2068.0,0.7940928238451551
1542,MLP,0.245,2068.0,0.7940928238451551
1724,MLP,0.245,2068.0,0.7940928238451551
2176,MLP,0.245,2068.0,0.7940928238451551
3,MLP,0.244,2074.0,0.7908516286457871
500,MLP,0.244,2074.0,0.7908516286457871
946,MLP,0.244,2074.0,0.7908516286457871
1498,MLP,0.244,2074.0,0.7908516286457871
1516,MLP,0.244,2074.0,0.7908516286457871
1842,MLP,0.244,2074.0,0.7908516286457871
2015,MLP,0.244,2074.0,0.7908516286457871
2146,MLP,0.244,2074.0,0.7908516286457871
2740,MLP,0.244,2074.0,0.7908516286457871
1173,MLP,0.243,2083.0,0.7876104334464191
20,MLP,0.242,2084.0,0.7843692382470512
932,MLP,0.242,2084.0,0.7843692382470512
1164,MLP,0.242,2084.0,0.7843692382470512
2219,MLP,0.242,2084.0,0.7843692382470512
2377,MLP,0.242,2084.0,0.7843692382470512
2595,MLP,0.242,2084.0,0.7843692382470512
2625,MLP,0.242,2084.0,0.7843692382470512
304,MLP,0.241,2091.0,0.7811280430476831
733,MLP,0.241,2091.0,0.7811280430476831
984,MLP,0.241,2091.0,0.7811280430476831
1082,MLP,0.241,2091.0,0.7811280430476831
1590,MLP,0.241,2091.0,0.7811280430476831
185,MLP,0.24,2096.0,0.7778868478483152
1508,MLP,0.24,2096.0,0.7778868478483152
1636,MLP,0.24,2096.0,0.7778868478483152
1866,MLP,0.24,2096.0,0.7778868478483152
1251,MLP,0.239,2100.0,0.7746456526489471
1800,MLP,0.239,2100.0,0.7746456526489471
233,MLP,0.238,2102.0,0.7714044574495792
699,MLP,0.238,2102.0,0.7714044574495792
781,MLP,0.238,2102.0,0.7714044574495792
1507,MLP,0.238,2102.0,0.7714044574495792
551,MLP,0.237,2106.0,0.7681632622502113
651,MLP,0.237,2106.0,0.7681632622502113
1022,MLP,0.237,2106.0,0.7681632622502113
1181,MLP,0.237,2106.0,0.7681632622502113
1664,MLP,0.237,2106.0,0.7681632622502113
2142,MLP,0.237,2106.0,0.7681632622502113
2395,MLP,0.237,2106.0,0.7681632622502113
610,MLP,0.236,2113.0,0.7649220670508432
1162,MLP,0.236,2113.0,0.7649220670508432
1340,MLP,0.236,2113.0,0.7649220670508432
2366,MLP,0.236,2113.0,0.7649220670508432
2476,MLP,0.236,2113.0,0.7649220670508432
756,MLP,0.235,2118.0,0.7616808718514753
820,MLP,0.235,2118.0,0.7616808718514753
2035,MLP,0.235,2118.0,0.7616808718514753
63,MLP,0.234,2121.0,0.7584396766521073
447,MLP,0.234,2121.0,0.7584396766521073
585,MLP,0.234,2121.0,0.7584396766521073
720,MLP,0.234,2121.0,0.7584396766521073
1063,MLP,0.234,2121.0,0.7584396766521073
1231,MLP,0.234,2121.0,0.7584396766521073
2093,MLP,0.234,2121.0,0.7584396766521073
2111,MLP,0.234,2121.0,0.7584396766521073
2518,MLP,0.234,2121.0,0.7584396766521073
626,MLP,0.233,2130.0,0.7551984814527394
1145,MLP,0.233,2130.0,0.7551984814527394
1717,MLP,0.233,2130.0,0.7551984814527394
2503,MLP,0.233,2130.0,0.7551984814527394
2534,MLP,0.233,2130.0,0.7551984814527394
87,MLP,0.232,2135.0,0.7519572862533714
817,MLP,0.232,2135.0,0.7519572862533714
1092,MLP,0.232,2135.0,0.7519572862533714
1103,MLP,0.232,2135.0,0.7519572862533714
1149,MLP,0.232,2135.0,0.7519572862533714
1208,MLP,0.232,2135.0,0.7519572862533714
1805,MLP,0.232,2135.0,0.7519572862533714
2235,MLP,0.232,2135.0,0.7519572862533714
2579,MLP,0.232,2135.0,0.7519572862533714
2580,MLP,0.232,2135.0,0.7519572862533714
926,MLP,0.231,2145.0,0.7487160910540034
1410,MLP,0.231,2145.0,0.7487160910540034
2056,MLP,0.231,2145.0,0.7487160910540034
2376,MLP,0.231,2145.0,0.7487160910540034
2461,MLP,0.231,2145.0,0.7487160910540034
284,MLP,0.23,2150.0,0.7454748958546354
724,MLP,0.23,2150.0,0.7454748958546354
1605,MLP,0.23,2150.0,0.7454748958546354
2349,MLP,0.23,2150.0,0.7454748958546354
2572,MLP,0.23,2150.0,0.7454748958546354
2654,MLP,0.23,2150.0,0.7454748958546354
378,MLP,0.229,2156.0,0.7422337006552675
1050,MLP,0.229,2156.0,0.7422337006552675
1887,MLP,0.229,2156.0,0.7422337006552675
2166,MLP,0.229,2156.0,0.7422337006552675
190,MLP,0.228,2160.0,0.7389925054558995
480,MLP,0.228,2160.0,0.7389925054558995
881,MLP,0.228,2160.0,0.7389925054558995
975,MLP,0.228,2160.0,0.7389925054558995
195,MLP,0.227,2164.0,0.7357513102565315
421,MLP,0.227,2164.0,0.7357513102565315
1136,MLP,0.227,2164.0,0.7357513102565315
1401,MLP,0.227,2164.0,0.7357513102565315
2350,MLP,0.227,2164.0,0.7357513102565315
2387,MLP,0.227,2164.0,0.7357513102565315
1963,MLP,0.226,2170.0,0.7325101150571635
1560,MLP,0.225,2171.0,0.7292689198577955
2180,MLP,0.225,2171.0,0.7292689198577955
215,MLP,0.224,2173.0,0.7260277246584276
2459,MLP,0.224,2173.0,0.7260277246584276
2494,MLP,0.224,2173.0,0.7260277246584276
197,MLP,0.223,2176.0,0.7227865294590595
475,MLP,0.223,2176.0,0.7227865294590595
658,MLP,0.223,2176.0,0.7227865294590595
1209,MLP,0.223,2176.0,0.7227865294590595
1461,MLP,0.223,2176.0,0.7227865294590595
2066,MLP,0.223,2176.0,0.7227865294590595
2730,MLP,0.223,2176.0,0.7227865294590595
2777,MLP,0.223,2176.0,0.7227865294590595
120,MLP,0.222,2184.0,0.7195453342596916
390,MLP,0.222,2184.0,0.7195453342596916
1372,MLP,0.222,2184.0,0.7195453342596916
1997,MLP,0.222,2184.0,0.7195453342596916
2472,MLP,0.222,2184.0,0.7195453342596916
2675,MLP,0.222,2184.0,0.7195453342596916
85,MLP,0.221,2190.0,0.7163041390603236
1117,MLP,0.221,2190.0,0.7163041390603236
1465,MLP,0.221,2190.0,0.7163041390603236
2424,MLP,0.221,2190.0,0.7163041390603236
2428,MLP,0.221,2190.0,0.7163041390603236
456,MLP,0.22,2195.0,0.7130629438609556
947,MLP,0.22,2195.0,0.7130629438609556
1326,MLP,0.22,2195.0,0.7130629438609556
2364,MLP,0.22,2195.0,0.7130629438609556
2569,MLP,0.22,2195.0,0.7130629438609556
2575,MLP,0.22,2195.0,0.7130629438609556
105,MLP,0.219,2201.0,0.7098217486615876
858,MLP,0.219,2201.0,0.7098217486615876
1519,MLP,0.219,2201.0,0.7098217486615876
1822,MLP,0.219,2201.0,0.7098217486615876
1908,MLP,0.219,2201.0,0.7098217486615876
226,MLP,0.218,2206.0,0.7065805534622196
577,MLP,0.218,2206.0,0.7065805534622196
983,MLP,0.218,2206.0,0.7065805534622196
1029,MLP,0.218,2206.0,0.7065805534622196
1110,MLP,0.218,2206.0,0.7065805534622196
1143,MLP,0.218,2206.0,0.7065805534622196
1840,MLP,0.218,2206.0,0.7065805534622196
2217,MLP,0.218,2206.0,0.7065805534622196
232,MLP,0.217,2214.0,0.7033393582628517
261,MLP,0.217,2214.0,0.7033393582628517
1061,MLP,0.217,2214.0,0.7033393582628517
2032,MLP,0.217,2214.0,0.7033393582628517
2169,MLP,0.217,2214.0,0.7033393582628517
2215,MLP,0.217,2214.0,0.7033393582628517
2363,MLP,0.217,2214.0,0.7033393582628517
2574,MLP,0.217,2214.0,0.7033393582628517
1495,MLP,0.216,2222.0,0.7000981630634837
2182,MLP,0.216,2222.0,0.7000981630634837
771,MLP,0.215,2224.0,0.6968569678641157
915,MLP,0.215,2224.0,0.6968569678641157
1276,MLP,0.215,2224.0,0.6968569678641157
2040,MLP,0.215,2224.0,0.6968569678641157
2072,MLP,0.215,2224.0,0.6968569678641157
2244,MLP,0.214,2229.0,0.6936157726647477
2553,MLP,0.214,2229.0,0.6936157726647477
589,MLP,0.213,2231.0,0.6903745774653798
727,MLP,0.213,2231.0,0.6903745774653798
1392,MLP,0.213,2231.0,0.6903745774653798
2231,MLP,0.213,2231.0,0.6903745774653798
14,MLP,0.212,2235.0,0.6871333822660117
217,MLP,0.212,2235.0,0.6871333822660117
807,MLP,0.212,2235.0,0.6871333822660117
808,MLP,0.212,2235.0,0.6871333822660117
896,MLP,0.212,2235.0,0.6871333822660117
1368,MLP,0.212,2235.0,0.6871333822660117
1561,MLP,0.212,2235.0,0.6871333822660117
1899,MLP,0.212,2235.0,0.6871333822660117
642,MLP,0.211,2243.0,0.6838921870666438
1138,MLP,0.211,2243.0,0.6838921870666438
1541,MLP,0.211,2243.0,0.6838921870666438
2196,MLP,0.211,2243.0,0.6838921870666438
448,MLP,0.21,2247.0,0.6806509918672757
757,MLP,0.21,2247.0,0.6806509918672757
1485,MLP,0.21,2247.0,0.6806509918672757
2192,MLP,0.21,2247.0,0.6806509918672757
489,MLP,0.209,2251.0,0.6774097966679078
652,MLP,0.209,2251.0,0.6774097966679078
1786,MLP,0.209,2251.0,0.6774097966679078
2409,MLP,0.209,2251.0,0.6774097966679078
269,MLP,0.208,2255.0,0.6741686014685399
1099,MLP,0.208,2255.0,0.6741686014685399
1235,MLP,0.208,2255.0,0.6741686014685399
2470,MLP,0.208,2255.0,0.6741686014685399
2586,MLP,0.208,2255.0,0.6741686014685399
1085,MLP,0.207,2260.0,0.6709274062691718
1178,MLP,0.207,2260.0,0.6709274062691718
1217,MLP,0.207,2260.0,0.6709274062691718
1587,MLP,0.207,2260.0,0.6709274062691718
1902,MLP,0.207,2260.0,0.6709274062691718
2174,MLP,0.207,2260.0,0.6709274062691718
643,MLP,0.206,2266.0,0.6676862110698039
1174,MLP,0.206,2266.0,0.6676862110698039
1225,MLP,0.206,2266.0,0.6676862110698039
1287,MLP,0.206,2266.0,0.6676862110698039
386,MLP,0.205,2270.0,0.6644450158704359
558,MLP,0.205,2270.0,0.6644450158704359
912,MLP,0.205,2270.0,0.6644450158704359
938,MLP,0.205,2270.0,0.6644450158704359
317,MLP,0.204,2274.0,0.6612038206710679
446,MLP,0.204,2274.0,0.6612038206710679
662,MLP,0.204,2274.0,0.6612038206710679
910,MLP,0.204,2274.0,0.6612038206710679
1284,MLP,0.204,2274.0,0.6612038206710679
1617,MLP,0.204,2274.0,0.6612038206710679
1801,MLP,0.204,2274.0,0.6612038206710679
2101,MLP,0.204,2274.0,0.6612038206710679
2329,MLP,0.204,2274.0,0.6612038206710679
702,MLP,0.203,2283.0,0.6579626254717
1307,MLP,0.203,2283.0,0.6579626254717
375,MLP,0.202,2285.0,0.654721430272332
999,MLP,0.202,2285.0,0.654721430272332
1351,MLP,0.202,2285.0,0.654721430272332
1555,MLP,0.202,2285.0,0.654721430272332
1777,MLP,0.202,2285.0,0.654721430272332
2083,MLP,0.202,2285.0,0.654721430272332
470,MLP,0.201,2291.0,0.651480235072964
680,MLP,0.201,2291.0,0.651480235072964
1403,MLP,0.201,2291.0,0.651480235072964
1512,MLP,0.201,2291.0,0.651480235072964
1696,MLP,0.201,2291.0,0.651480235072964
2184,MLP,0.201,2291.0,0.651480235072964
2202,MLP,0.201,2291.0,0.651480235072964
2285,MLP,0.201,2291.0,0.651480235072964
2498,MLP,0.201,2291.0,0.651480235072964
2726,MLP,0.201,2291.0,0.651480235072964
290,MLP,0.2,2301.0,0.648239039873596
1420,MLP,0.2,2301.0,0.648239039873596
852,MLP,0.199,2303.0,0.644997844674228
870,MLP,0.199,2303.0,0.644997844674228
1058,MLP,0.199,2303.0,0.644997844674228
1137,MLP,0.199,2303.0,0.644997844674228
1709,MLP,0.199,2303.0,0.644997844674228
1975,MLP,0.199,2303.0,0.644997844674228
2077,MLP,0.199,2303.0,0.644997844674228
203,MLP,0.198,2310.0,0.6417566494748601
1201,MLP,0.198,2310.0,0.6417566494748601
109,MLP,0.197,2312.0,0.6385154542754921
1722,MLP,0.197,2312.0,0.6385154542754921
1988,MLP,0.197,2312.0,0.6385154542754921
2197,MLP,0.197,2312.0,0.6385154542754921
2109,MLP,0.196,2316.0,0.6352742590761241
736,MLP,0.195,2317.0,0.6320330638767562
1370,MLP,0.195,2317.0,0.6320330638767562
1701,MLP,0.195,2317.0,0.6320330638767562
1742,MLP,0.195,2317.0,0.6320330638767562
2207,MLP,0.195,2317.0,0.6320330638767562
2352,MLP,0.195,2317.0,0.6320330638767562
2446,MLP,0.195,2317.0,0.6320330638767562
2549,MLP,0.195,2317.0,0.6320330638767562
2754,MLP,0.195,2317.0,0.6320330638767562
107,MLP,0.194,2326.0,0.6287918686773881
1006,MLP,0.194,2326.0,0.6287918686773881
1060,MLP,0.194,2326.0,0.6287918686773881
1820,MLP,0.194,2326.0,0.6287918686773881
227,MLP,0.193,2330.0,0.6255506734780202
1462,MLP,0.193,2330.0,0.6255506734780202
1882,MLP,0.192,2332.0,0.6223094782786521
2095,MLP,0.192,2332.0,0.6223094782786521
2747,MLP,0.192,2332.0,0.6223094782786521
295,MLP,0.191,2335.0,0.6190682830792842
1187,MLP,0.191,2335.0,0.6190682830792842
1497,MLP,0.191,2335.0,0.6190682830792842
1529,MLP,0.191,2335.0,0.6190682830792842
2253,MLP,0.191,2335.0,0.6190682830792842
2417,MLP,0.191,2335.0,0.6190682830792842
1374,MLP,0.19,2341.0,0.6158270878799162
1633,MLP,0.19,2341.0,0.6158270878799162
2051,MLP,0.19,2341.0,0.6158270878799162
1027,MLP,0.189,2344.0,0.6125858926805482
2413,MLP,0.189,2344.0,0.6125858926805482
2694,MLP,0.189,2344.0,0.6125858926805482
363,MLP,0.188,2347.0,0.6093446974811803
2041,MLP,0.188,2347.0,0.6093446974811803
2555,MLP,0.188,2347.0,0.6093446974811803
1000,MLP,0.187,2350.0,0.6061035022818123
1034,MLP,0.187,2350.0,0.6061035022818123
1213,MLP,0.187,2350.0,0.6061035022818123
1289,MLP,0.187,2350.0,0.6061035022818123
2701,MLP,0.187,2350.0,0.6061035022818123
906,MLP,0.186,2355.0,0.6028623070824443
1065,MLP,0.186,2355.0,0.6028623070824443
1434,MLP,0.186,2355.0,0.6028623070824443
1833,MLP,0.186,2355.0,0.6028623070824443
1083,MLP,0.185,2359.0,0.5996211118830763
1668,MLP,0.185,2359.0,0.5996211118830763
1844,MLP,0.185,2359.0,0.5996211118830763
2081,MLP,0.185,2359.0,0.5996211118830763
118,MLP,0.184,2363.0,0.5963799166837083
239,MLP,0.184,2363.0,0.5963799166837083
278,MLP,0.184,2363.0,0.5963799166837083
801,MLP,0.184,2363.0,0.5963799166837083
2508,MLP,0.184,2363.0,0.5963799166837083
2620,MLP,0.184,2363.0,0.5963799166837083
1052,MLP,0.183,2369.0,0.5931387214843403
1490,MLP,0.183,2369.0,0.5931387214843403
1727,MLP,0.183,2369.0,0.5931387214843403
2492,MLP,0.183,2369.0,0.5931387214843403
542,MLP,0.182,2373.0,0.5898975262849724
620,MLP,0.182,2373.0,0.5898975262849724
1161,MLP,0.182,2373.0,0.5898975262849724
2113,MLP,0.182,2373.0,0.5898975262849724
2421,MLP,0.182,2373.0,0.5898975262849724
140,MLP,0.181,2378.0,0.5866563310856043
1557,MLP,0.181,2378.0,0.5866563310856043
1785,MLP,0.181,2378.0,0.5866563310856043
2565,MLP,0.181,2378.0,0.5866563310856043
472,MLP,0.18,2382.0,0.5834151358862364
2320,MLP,0.18,2382.0,0.5834151358862364
1293,MLP,0.179,2384.0,0.5801739406868685
2548,MLP,0.179,2384.0,0.5801739406868685
2668,MLP,0.179,2384.0,0.5801739406868685
434,MLP,0.178,2387.0,0.5769327454875004
796,MLP,0.178,2387.0,0.5769327454875004
802,MLP,0.178,2387.0,0.5769327454875004
1049,MLP,0.178,2387.0,0.5769327454875004
1859,MLP,0.178,2387.0,0.5769327454875004
758,MLP,0.177,2392.0,0.5736915502881325
1865,MLP,0.177,2392.0,0.5736915502881325
731,MLP,0.176,2394.0,0.5704503550887644
828,MLP,0.176,2394.0,0.5704503550887644
1038,MLP,0.176,2394.0,0.5704503550887644
1573,MLP,0.176,2394.0,0.5704503550887644
1812,MLP,0.176,2394.0,0.5704503550887644
2155,MLP,0.176,2394.0,0.5704503550887644
2560,MLP,0.176,2394.0,0.5704503550887644
1054,MLP,0.175,2401.0,0.5672091598893965
1816,MLP,0.175,2401.0,0.5672091598893965
1310,MLP,0.174,2403.0,0.5639679646900285
1357,MLP,0.174,2403.0,0.5639679646900285
1628,MLP,0.174,2403.0,0.5639679646900285
1687,MLP,0.174,2403.0,0.5639679646900285
2427,MLP,0.174,2403.0,0.5639679646900285
83,MLP,0.173,2408.0,0.5607267694906605
154,MLP,0.173,2408.0,0.5607267694906605
829,MLP,0.173,2408.0,0.5607267694906605
854,MLP,0.173,2408.0,0.5607267694906605
1471,MLP,0.173,2408.0,0.5607267694906605
1552,MLP,0.173,2408.0,0.5607267694906605
2002,MLP,0.173,2408.0,0.5607267694906605
2550,MLP,0.173,2408.0,0.5607267694906605
2686,MLP,0.173,2408.0,0.5607267694906605
462,MLP,0.172,2417.0,0.5574855742912925
788,MLP,0.172,2417.0,0.5574855742912925
848,MLP,0.172,2417.0,0.5574855742912925
1927,MLP,0.172,2417.0,0.5574855742912925
2190,MLP,0.172,2417.0,0.5574855742912925
2440,MLP,0.172,2417.0,0.5574855742912925
315,MLP,0.171,2423.0,0.5542443790919246
921,MLP,0.171,2423.0,0.5542443790919246
982,MLP,0.171,2423.0,0.5542443790919246
1366,MLP,0.171,2423.0,0.5542443790919246
2171,MLP,0.171,2423.0,0.5542443790919246
2304,MLP,0.171,2423.0,0.5542443790919246
49,MLP,0.17,2429.0,0.5510031838925566
673,MLP,0.17,2429.0,0.5510031838925566
1718,MLP,0.17,2429.0,0.5510031838925566
2154,MLP,0.17,2429.0,0.5510031838925566
94,MLP,0.169,2433.0,0.5477619886931887
191,MLP,0.169,2433.0,0.5477619886931887
793,MLP,0.169,2433.0,0.5477619886931887
1387,MLP,0.169,2433.0,0.5477619886931887
1714,MLP,0.169,2433.0,0.5477619886931887
2603,MLP,0.169,2433.0,0.5477619886931887
461,MLP,0.168,2439.0,0.5445207934938207
645,MLP,0.168,2439.0,0.5445207934938207
930,MLP,0.168,2439.0,0.5445207934938207
2652,MLP,0.168,2439.0,0.5445207934938207
356,MLP,0.167,2443.0,0.5412795982944527
948,MLP,0.167,2443.0,0.5412795982944527
977,MLP,0.167,2443.0,0.5412795982944527
1223,MLP,0.167,2443.0,0.5412795982944527
1294,MLP,0.167,2443.0,0.5412795982944527
1757,MLP,0.167,2443.0,0.5412795982944527
2342,MLP,0.167,2443.0,0.5412795982944527
2357,MLP,0.167,2443.0,0.5412795982944527
2379,MLP,0.167,2443.0,0.5412795982944527
2619,MLP,0.167,2443.0,0.5412795982944527
2631,MLP,0.167,2443.0,0.5412795982944527
779,MLP,0.166,2454.0,0.5380384030950847
1983,MLP,0.166,2454.0,0.5380384030950847
2382,MLP,0.166,2454.0,0.5380384030950847
2535,MLP,0.166,2454.0,0.5380384030950847
2706,MLP,0.166,2454.0,0.5380384030950847
329,MLP,0.165,2459.0,0.5347972078957167
632,MLP,0.165,2459.0,0.5347972078957167
1487,MLP,0.165,2459.0,0.5347972078957167
2283,MLP,0.164,2462.0,0.5315560126963488
2729,MLP,0.164,2462.0,0.5315560126963488
838,MLP,0.163,2464.0,0.5283148174969807
1134,MLP,0.163,2464.0,0.5283148174969807
1580,MLP,0.163,2464.0,0.5283148174969807
2385,MLP,0.163,2464.0,0.5283148174969807
517,MLP,0.162,2468.0,0.5250736222976128
737,MLP,0.162,2468.0,0.5250736222976128
79,MLP,0.161,2470.0,0.5218324270982448
328,MLP,0.161,2470.0,0.5218324270982448
1075,MLP,0.161,2470.0,0.5218324270982448
1765,MLP,0.161,2470.0,0.5218324270982448
1817,MLP,0.161,2470.0,0.5218324270982448
1831,MLP,0.161,2470.0,0.5218324270982448
1911,MLP,0.161,2470.0,0.5218324270982448
2310,MLP,0.161,2470.0,0.5218324270982448
2402,MLP,0.161,2470.0,0.5218324270982448
2734,MLP,0.161,2470.0,0.5218324270982448
678,MLP,0.16,2480.0,0.5185912318988768
1156,MLP,0.16,2480.0,0.5185912318988768
21,MLP,0.159,2482.0,0.5153500366995089
229,MLP,0.159,2482.0,0.5153500366995089
384,MLP,0.159,2482.0,0.5153500366995089
524,MLP,0.158,2485.0,0.5121088415001408
1196,MLP,0.158,2485.0,0.5121088415001408
1206,MLP,0.158,2485.0,0.5121088415001408
2499,MLP,0.158,2485.0,0.5121088415001408
2507,MLP,0.158,2485.0,0.5121088415001408
639,MLP,0.157,2490.0,0.5088676463007729
1435,MLP,0.157,2490.0,0.5088676463007729
1598,MLP,0.157,2490.0,0.5088676463007729
1679,MLP,0.157,2490.0,0.5088676463007729
2288,MLP,0.157,2490.0,0.5088676463007729
67,MLP,0.156,2495.0,0.5056264511014049
139,MLP,0.156,2495.0,0.5056264511014049
1259,MLP,0.156,2495.0,0.5056264511014049
2086,MLP,0.156,2495.0,0.5056264511014049
73,MLP,0.155,2499.0,0.5023852559020369
198,MLP,0.155,2499.0,0.5023852559020369
268,MLP,0.155,2499.0,0.5023852559020369
465,MLP,0.155,2499.0,0.5023852559020369
2465,MLP,0.155,2499.0,0.5023852559020369
2772,MLP,0.155,2499.0,0.5023852559020369
1386,MLP,0.154,2505.0,0.4991440607026689
1470,MLP,0.154,2505.0,0.4991440607026689
181,MLP,0.153,2507.0,0.4959028655033009
804,MLP,0.153,2507.0,0.4959028655033009
1735,MLP,0.153,2507.0,0.4959028655033009
123,MLP,0.152,2510.0,0.49266167030393293
1870,MLP,0.152,2510.0,0.49266167030393293
1987,MLP,0.152,2510.0,0.49266167030393293
2071,MLP,0.152,2510.0,0.49266167030393293
2438,MLP,0.151,2514.0,0.489420475104565
880,MLP,0.15,2515.0,0.486179279905197
1116,MLP,0.15,2515.0,0.486179279905197
1234,MLP,0.15,2515.0,0.486179279905197
2343,MLP,0.15,2515.0,0.486179279905197
2513,MLP,0.15,2515.0,0.486179279905197
108,MLP,0.149,2520.0,0.482938084705829
218,MLP,0.149,2520.0,0.482938084705829
1077,MLP,0.149,2520.0,0.482938084705829
1984,MLP,0.149,2520.0,0.482938084705829
2143,MLP,0.149,2520.0,0.482938084705829
2558,MLP,0.149,2520.0,0.482938084705829
2669,MLP,0.149,2520.0,0.482938084705829
1245,MLP,0.148,2527.0,0.479696889506461
1348,MLP,0.148,2527.0,0.479696889506461
1365,MLP,0.148,2527.0,0.479696889506461
68,MLP,0.147,2530.0,0.47645569430709306
648,MLP,0.147,2530.0,0.47645569430709306
789,MLP,0.147,2530.0,0.47645569430709306
1104,MLP,0.147,2530.0,0.47645569430709306
1379,MLP,0.147,2530.0,0.47645569430709306
1857,MLP,0.147,2530.0,0.47645569430709306
2362,MLP,0.147,2530.0,0.47645569430709306
1064,MLP,0.146,2537.0,0.47321449910772506
1299,MLP,0.146,2537.0,0.47321449910772506
1810,MLP,0.146,2537.0,0.47321449910772506
2477,MLP,0.146,2537.0,0.47321449910772506
1262,MLP,0.145,2541.0,0.46997330390835707
1961,MLP,0.145,2541.0,0.46997330390835707
2129,MLP,0.145,2541.0,0.46997330390835707
2270,MLP,0.145,2541.0,0.46997330390835707
2324,MLP,0.145,2541.0,0.46997330390835707
2516,MLP,0.145,2541.0,0.46997330390835707
1723,MLP,0.144,2547.0,0.46673210870898907
1827,MLP,0.144,2547.0,0.46673210870898907
1991,MLP,0.144,2547.0,0.46673210870898907
359,MLP,0.143,2550.0,0.4634909135096211
644,MLP,0.143,2550.0,0.4634909135096211
1177,MLP,0.142,2552.0,0.46024971831025313
2094,MLP,0.142,2552.0,0.46024971831025313
868,MLP,0.141,2554.0,0.45700852311088513
875,MLP,0.141,2554.0,0.45700852311088513
1197,MLP,0.141,2554.0,0.45700852311088513
2328,MLP,0.141,2554.0,0.45700852311088513
1072,MLP,0.14,2558.0,0.45376732791151725
273,MLP,0.139,2559.0,0.45052613271214925
929,MLP,0.139,2559.0,0.45052613271214925
1228,MLP,0.139,2559.0,0.45052613271214925
1632,MLP,0.139,2559.0,0.45052613271214925
1732,MLP,0.139,2559.0,0.45052613271214925
2263,MLP,0.139,2559.0,0.45052613271214925
1821,MLP,0.138,2565.0,0.44728493751278126
2046,MLP,0.138,2565.0,0.44728493751278126
2423,MLP,0.138,2565.0,0.44728493751278126
48,MLP,0.137,2568.0,0.4440437423134133
207,MLP,0.137,2568.0,0.4440437423134133
949,MLP,0.137,2568.0,0.4440437423134133
1520,MLP,0.137,2568.0,0.4440437423134133
2322,MLP,0.137,2568.0,0.4440437423134133
2521,MLP,0.137,2568.0,0.4440437423134133
136,MLP,0.136,2574.0,0.4408025471140453
1227,MLP,0.136,2574.0,0.4408025471140453
2009,MLP,0.136,2574.0,0.4408025471140453
2510,MLP,0.136,2574.0,0.4408025471140453
331,MLP,0.135,2578.0,0.4375613519146773
1346,MLP,0.135,2578.0,0.4375613519146773
1398,MLP,0.135,2578.0,0.4375613519146773
2500,MLP,0.135,2578.0,0.4375613519146773
2645,MLP,0.135,2578.0,0.4375613519146773
993,MLP,0.134,2583.0,0.4343201567153093
1376,MLP,0.134,2583.0,0.4343201567153093
1836,MLP,0.134,2583.0,0.4343201567153093
36,MLP,0.133,2586.0,0.4310789615159414
152,MLP,0.133,2586.0,0.4310789615159414
182,MLP,0.133,2586.0,0.4310789615159414
576,MLP,0.133,2586.0,0.4310789615159414
641,MLP,0.133,2586.0,0.4310789615159414
2478,MLP,0.133,2586.0,0.4310789615159414
2589,MLP,0.133,2586.0,0.4310789615159414
2666,MLP,0.133,2586.0,0.4310789615159414
987,MLP,0.132,2594.0,0.4278377663165734
1319,MLP,0.132,2594.0,0.4278377663165734
1350,MLP,0.132,2594.0,0.4278377663165734
1624,MLP,0.132,2594.0,0.4278377663165734
1886,MLP,0.132,2594.0,0.4278377663165734
13,MLP,0.131,2599.0,0.4245965711172054
1057,MLP,0.131,2599.0,0.4245965711172054
1795,MLP,0.131,2599.0,0.4245965711172054
1851,MLP,0.131,2599.0,0.4245965711172054
1901,MLP,0.131,2599.0,0.4245965711172054
2577,MLP,0.131,2599.0,0.4245965711172054
2061,MLP,0.13,2605.0,0.4213553759178374
2134,MLP,0.13,2605.0,0.4213553759178374
2681,MLP,0.13,2605.0,0.4213553759178374
103,MLP,0.129,2608.0,0.41811418071846945
440,MLP,0.129,2608.0,0.41811418071846945
498,MLP,0.129,2608.0,0.41811418071846945
2198,MLP,0.129,2608.0,0.41811418071846945
2606,MLP,0.129,2608.0,0.41811418071846945
2641,MLP,0.129,2608.0,0.41811418071846945
2753,MLP,0.129,2608.0,0.41811418071846945
285,MLP,0.128,2615.0,0.41487298551910146
336,MLP,0.128,2615.0,0.41487298551910146
361,MLP,0.128,2615.0,0.41487298551910146
1282,MLP,0.128,2615.0,0.41487298551910146
1505,MLP,0.128,2615.0,0.41487298551910146
1515,MLP,0.128,2615.0,0.41487298551910146
1848,MLP,0.128,2615.0,0.41487298551910146
1878,MLP,0.128,2615.0,0.41487298551910146
2383,MLP,0.128,2615.0,0.41487298551910146
2557,MLP,0.128,2615.0,0.41487298551910146
2626,MLP,0.128,2615.0,0.41487298551910146
2687,MLP,0.128,2615.0,0.41487298551910146
894,MLP,0.127,2627.0,0.41163179031973346
1139,MLP,0.127,2627.0,0.41163179031973346
1324,MLP,0.127,2627.0,0.41163179031973346
1373,MLP,0.127,2627.0,0.41163179031973346
1671,MLP,0.127,2627.0,0.41163179031973346
2208,MLP,0.127,2627.0,0.41163179031973346
380,MLP,0.126,2633.0,0.40839059512036546
941,MLP,0.126,2633.0,0.40839059512036546
1804,MLP,0.126,2633.0,0.40839059512036546
2062,MLP,0.126,2633.0,0.40839059512036546
2604,MLP,0.126,2633.0,0.40839059512036546
50,MLP,0.125,2638.0,0.4051493999209975
383,MLP,0.125,2638.0,0.4051493999209975
992,MLP,0.125,2638.0,0.4051493999209975
2064,MLP,0.125,2638.0,0.4051493999209975
2124,MLP,0.125,2638.0,0.4051493999209975
1159,MLP,0.124,2643.0,0.4019082047216295
1464,MLP,0.124,2643.0,0.4019082047216295
1553,MLP,0.124,2643.0,0.4019082047216295
1527,MLP,0.123,2646.0,0.39866700952226153
2308,MLP,0.123,2646.0,0.39866700952226153
479,MLP,0.122,2648.0,0.39542581432289353
1256,MLP,0.122,2648.0,0.39542581432289353
1737,MLP,0.122,2648.0,0.39542581432289353
2449,MLP,0.122,2648.0,0.39542581432289353
631,MLP,0.121,2652.0,0.3921846191235256
687,MLP,0.121,2652.0,0.3921846191235256
760,MLP,0.121,2652.0,0.3921846191235256
1362,MLP,0.121,2652.0,0.3921846191235256
1449,MLP,0.121,2652.0,0.3921846191235256
1602,MLP,0.121,2652.0,0.3921846191235256
1676,MLP,0.121,2652.0,0.3921846191235256
1915,MLP,0.121,2652.0,0.3921846191235256
634,MLP,0.12,2660.0,0.3889434239241576
1463,MLP,0.12,2660.0,0.3889434239241576
2011,MLP,0.12,2660.0,0.3889434239241576
2345,MLP,0.12,2660.0,0.3889434239241576
2732,MLP,0.12,2660.0,0.3889434239241576
751,MLP,0.119,2665.0,0.3857022287247896
1741,MLP,0.119,2665.0,0.3857022287247896
242,MLP,0.118,2667.0,0.3824610335254216
550,MLP,0.118,2667.0,0.3824610335254216
571,MLP,0.118,2667.0,0.3824610335254216
726,MLP,0.118,2667.0,0.3824610335254216
2520,MLP,0.118,2667.0,0.3824610335254216
584,MLP,0.117,2672.0,0.37921983832605366
1232,MLP,0.117,2672.0,0.37921983832605366
1424,MLP,0.117,2672.0,0.37921983832605366
1850,MLP,0.117,2672.0,0.37921983832605366
1947,MLP,0.117,2672.0,0.37921983832605366
2121,MLP,0.117,2672.0,0.37921983832605366
520,MLP,0.116,2678.0,0.3759786431266857
985,MLP,0.116,2678.0,0.3759786431266857
1509,MLP,0.116,2678.0,0.3759786431266857
2433,MLP,0.116,2678.0,0.3759786431266857
2493,MLP,0.116,2678.0,0.3759786431266857
2,MLP,0.115,2683.0,0.3727374479273177
106,MLP,0.115,2683.0,0.3727374479273177
1024,MLP,0.115,2683.0,0.3727374479273177
1003,MLP,0.114,2686.0,0.3694962527279497
2165,MLP,0.114,2686.0,0.3694962527279497
2502,MLP,0.113,2688.0,0.36625505752858173
30,MLP,0.112,2689.0,0.3630138623292138
1889,MLP,0.112,2689.0,0.3630138623292138
884,MLP,0.111,2691.0,0.3597726671298458
1002,MLP,0.111,2691.0,0.3597726671298458
1641,MLP,0.111,2691.0,0.3597726671298458
2664,MLP,0.111,2691.0,0.3597726671298458
2685,MLP,0.111,2691.0,0.3597726671298458
254,MLP,0.11,2696.0,0.3565314719304778
274,MLP,0.11,2696.0,0.3565314719304778
595,MLP,0.11,2696.0,0.3565314719304778
764,MLP,0.11,2696.0,0.3565314719304778
1095,MLP,0.11,2696.0,0.3565314719304778
2536,MLP,0.11,2696.0,0.3565314719304778
1247,MLP,0.109,2702.0,0.3532902767311098
291,MLP,0.108,2703.0,0.35004908153174186
1086,MLP,0.108,2703.0,0.35004908153174186
1381,MLP,0.108,2703.0,0.35004908153174186
1750,MLP,0.108,2703.0,0.35004908153174186
2414,MLP,0.108,2703.0,0.35004908153174186
2738,MLP,0.108,2703.0,0.35004908153174186
693,MLP,0.107,2709.0,0.34680788633237386
1091,MLP,0.107,2709.0,0.34680788633237386
1726,MLP,0.107,2709.0,0.34680788633237386
1760,MLP,0.107,2709.0,0.34680788633237386
2336,MLP,0.107,2709.0,0.34680788633237386
72,MLP,0.106,2714.0,0.34356669113300586
663,MLP,0.106,2714.0,0.34356669113300586
936,MLP,0.106,2714.0,0.34356669113300586
1335,MLP,0.106,2714.0,0.34356669113300586
54,MLP,0.105,2718.0,0.34032549593363787
1030,MLP,0.105,2718.0,0.34032549593363787
1906,MLP,0.105,2718.0,0.34032549593363787
2126,MLP,0.105,2718.0,0.34032549593363787
2139,MLP,0.105,2718.0,0.34032549593363787
158,MLP,0.104,2723.0,0.3370843007342699
627,MLP,0.104,2723.0,0.3370843007342699
887,MLP,0.104,2723.0,0.3370843007342699
903,MLP,0.104,2723.0,0.3370843007342699
2768,MLP,0.104,2723.0,0.3370843007342699
28,MLP,0.103,2728.0,0.33384310553490193
134,MLP,0.103,2728.0,0.33384310553490193
2563,MLP,0.103,2728.0,0.33384310553490193
252,MLP,0.102,2731.0,0.33060191033553393
504,MLP,0.102,2731.0,0.33060191033553393
1578,MLP,0.102,2731.0,0.33060191033553393
1603,MLP,0.102,2731.0,0.33060191033553393
1667,MLP,0.102,2731.0,0.33060191033553393
313,MLP,0.101,2736.0,0.327360715136166
723,MLP,0.101,2736.0,0.327360715136166
841,MLP,0.101,2736.0,0.327360715136166
1016,MLP,0.101,2736.0,0.327360715136166
1745,MLP,0.101,2736.0,0.327360715136166
1916,MLP,0.101,2736.0,0.327360715136166
2596,MLP,0.101,2736.0,0.327360715136166
439,MLP,0.1,2743.0,0.324119519936798
939,MLP,0.1,2743.0,0.324119519936798
1595,MLP,0.1,2743.0,0.324119519936798
322,MLP,0.099,2746.0,0.32087832473743005
614,MLP,0.099,2746.0,0.32087832473743005
1917,MLP,0.099,2746.0,0.32087832473743005
1941,MLP,0.099,2746.0,0.32087832473743005
243,MLP,0.098,2750.0,0.31763712953806206
928,MLP,0.098,2750.0,0.31763712953806206
2340,MLP,0.098,2750.0,0.31763712953806206
579,MLP,0.097,2753.0,0.31439593433869406
919,MLP,0.097,2753.0,0.31439593433869406
1713,MLP,0.097,2753.0,0.31439593433869406
2272,MLP,0.097,2753.0,0.31439593433869406
2653,MLP,0.097,2753.0,0.31439593433869406
2671,MLP,0.097,2753.0,0.31439593433869406
515,MLP,0.096,2759.0,0.31115473913932606
200,MLP,0.095,2760.0,0.3079135439399581
692,MLP,0.095,2760.0,0.3079135439399581
1036,MLP,0.095,2760.0,0.3079135439399581
1823,MLP,0.095,2760.0,0.3079135439399581
2280,MLP,0.095,2760.0,0.3079135439399581
2297,MLP,0.095,2760.0,0.3079135439399581
1429,MLP,0.094,2766.0,0.3046723487405901
121,MLP,0.093,2767.0,0.30143115354122213
1479,MLP,0.091,2768.0,0.2949487631424862
2429,MLP,0.091,2768.0,0.2949487631424862
1198,MLP,0.088,2770.0,0.2852251775443822
144,MLP,0.085,2771.0,0.2755015919462783
1399,MLP,0.085,2771.0,0.2755015919462783
2663,MLP,0.085,2771.0,0.2755015919462783
1249,MLP,0.084,2774.0,0.2722603967469103
1619,MLP,0.084,2774.0,0.2722603967469103
1638,MLP,0.082,2776.0,0.2657780063481744
1642,MLP,0.079,2777.0,0.2560544207500704
1322,MLP,0.076,2778.0,0.24633083515196647
