Site,Reference_Model,Average_Relative_Error,Rank,Mean_over_SDofMean
2318,GAM,1.64,1.0,7.620647557432815
2300,GAM,1.603,2.0,7.448718313759027
2085,GAM,1.581,3.0,7.346490114817855
522,GAM,1.578,4.0,7.332549905871332
2724,GAM,1.521,5.0,7.067685935887385
2004,GAM,1.516,6.0,7.044452254309847
96,GAM,1.502,7.0,6.979397945892738
1749,GAM,1.486,8.0,6.905050164844613
2188,GAM,1.443,9.0,6.705240503277777
900,GAM,1.413,10.0,6.565838413812542
307,GAM,1.317,11.0,6.119751727523791
1697,GAM,1.304,12.0,6.059344155422191
2486,GAM,1.294,13.0,6.012876792267113
1476,GAM,1.267,14.0,5.887414911748401
2584,GAM,1.261,15.0,5.859534493855354
318,GAM,1.257,16.0,5.840947548593323
1910,GAM,1.251,17.0,5.813067130700276
1972,GAM,1.249,18.0,5.803773658069261
511,GAM,1.245,19.0,5.78518671280723
2404,GAM,1.245,19.0,5.78518671280723
1172,GAM,1.232,21.0,5.724779140705627
1360,GAM,1.231,22.0,5.72013240439012
1009,GAM,1.225,23.0,5.692251986497073
2274,GAM,1.214,24.0,5.6411378870264866
294,GAM,1.192,25.0,5.538909688085315
1530,GAM,1.18,26.0,5.483148852299221
539,GAM,1.177,27.0,5.469208643352698
2047,GAM,1.169,28.0,5.432034752828636
100,GAM,1.162,29.0,5.3995075986200805
193,GAM,1.158,30.0,5.380920653358049
1169,GAM,1.155,31.0,5.366980444411526
1681,GAM,1.153,32.0,5.3576869717805105
149,GAM,1.148,33.0,5.334453290202971
1010,GAM,1.148,33.0,5.334453290202971
2158,GAM,1.143,35.0,5.311219608625432
1040,GAM,1.142,36.0,5.306572872309924
2436,GAM,1.14,37.0,5.297279399678908
1129,GAM,1.133,38.0,5.264752245470354
527,GAM,1.132,39.0,5.260105509154846
1423,GAM,1.132,39.0,5.260105509154846
1885,GAM,1.124,41.0,5.222931618630784
748,GAM,1.116,42.0,5.185757728106721
885,GAM,1.116,42.0,5.185757728106721
1484,GAM,1.1,44.0,5.111409947058597
2177,GAM,1.086,45.0,5.046355638641487
1837,GAM,1.082,46.0,5.027768693379456
1371,GAM,1.079,47.0,5.013828484432932
581,GAM,1.06,48.0,4.925540494438284
2130,GAM,1.059,49.0,4.920893758122776
2259,GAM,1.055,50.0,4.902306812860744
84,GAM,1.053,51.0,4.893013340229729
1597,GAM,1.042,52.0,4.841899240759143
2443,GAM,1.036,53.0,4.814018822866096
2583,GAM,1.031,54.0,4.7907851412885565
2209,GAM,1.028,55.0,4.7768449323420334
1355,GAM,1.019,56.0,4.735024305502463
1413,GAM,1.019,56.0,4.735024305502463
2110,GAM,1.016,58.0,4.7210840965559395
1243,GAM,1.012,59.0,4.702497151293908
1758,GAM,1.011,60.0,4.6978504149784
2541,GAM,1.011,60.0,4.6978504149784
556,GAM,1.008,62.0,4.683910206031877
951,GAM,1.002,63.0,4.65602978813883
160,GAM,1.001,64.0,4.651383051823322
1572,GAM,0.999,65.0,4.642089579192307
606,GAM,0.998,66.0,4.637442842876799
220,GAM,0.997,67.0,4.632796106561291
1114,GAM,0.994,68.0,4.618855897614767
2497,GAM,0.987,69.0,4.586328743406213
1729,GAM,0.986,70.0,4.581682007090706
2758,GAM,0.984,71.0,4.57238853445969
570,GAM,0.98,72.0,4.553801589197659
2648,GAM,0.977,73.0,4.539861380251135
955,GAM,0.971,74.0,4.511980962358088
2731,GAM,0.958,75.0,4.4515733902564865
39,GAM,0.956,76.0,4.442279917625471
287,GAM,0.955,77.0,4.4376331813099625
2690,GAM,0.952,78.0,4.4236929723634395
69,GAM,0.95,79.0,4.414399499732424
1406,GAM,0.944,80.0,4.386519081839377
1652,GAM,0.935,81.0,4.344698454999807
761,GAM,0.934,82.0,4.3400517186842995
302,GAM,0.931,83.0,4.326111509737776
127,GAM,0.928,84.0,4.3121713007912525
1070,GAM,0.923,85.0,4.288937619213713
1185,GAM,0.918,86.0,4.265703937636174
740,GAM,0.916,87.0,4.256410465005159
1311,GAM,0.911,88.0,4.233176783427619
1314,GAM,0.911,88.0,4.233176783427619
818,GAM,0.91,90.0,4.228530047112112
797,GAM,0.909,91.0,4.223883310796603
1778,GAM,0.905,92.0,4.205296365534572
2199,GAM,0.904,93.0,4.200649629219065
249,GAM,0.901,94.0,4.186709420272541
1879,GAM,0.901,94.0,4.186709420272541
410,GAM,0.899,96.0,4.177415947641525
1096,GAM,0.895,97.0,4.158829002379494
35,GAM,0.893,98.0,4.149535529748478
1853,GAM,0.893,98.0,4.149535529748478
476,GAM,0.891,100.0,4.1402420571174625
2030,GAM,0.889,101.0,4.130948584486447
339,GAM,0.887,102.0,4.121655111855432
1412,GAM,0.887,102.0,4.121655111855432
2344,GAM,0.887,102.0,4.121655111855432
2432,GAM,0.887,102.0,4.121655111855432
1503,GAM,0.886,106.0,4.117008375539924
1321,GAM,0.885,107.0,4.112361639224416
638,GAM,0.884,108.0,4.107714902908908
2290,GAM,0.879,109.0,4.0844812213313695
1692,GAM,0.877,110.0,4.075187748700354
2149,GAM,0.873,111.0,4.0566008034383225
70,GAM,0.869,112.0,4.038013858176291
194,GAM,0.858,113.0,3.986899758705705
2422,GAM,0.858,113.0,3.986899758705705
288,GAM,0.855,115.0,3.9729595497591816
655,GAM,0.85,116.0,3.9497258681816425
2689,GAM,0.847,117.0,3.935785659235119
2029,GAM,0.846,118.0,3.931138922919611
1354,GAM,0.845,119.0,3.9264921866041034
2257,GAM,0.84,120.0,3.9032585050265642
2509,GAM,0.84,120.0,3.9032585050265642
775,GAM,0.839,122.0,3.8986117687110564
255,GAM,0.838,123.0,3.8939650323955486
2309,GAM,0.838,123.0,3.8939650323955486
1871,GAM,0.835,125.0,3.880024823449025
679,GAM,0.833,126.0,3.8707313508180095
2261,GAM,0.833,126.0,3.8707313508180095
2255,GAM,0.831,128.0,3.861437878186994
1468,GAM,0.825,129.0,3.833557460293947
1892,GAM,0.824,130.0,3.828910723978439
1614,GAM,0.823,131.0,3.824263987662931
2295,GAM,0.822,132.0,3.8196172513474234
1649,GAM,0.817,133.0,3.7963835697698842
2022,GAM,0.815,134.0,3.7870900971388686
1746,GAM,0.813,135.0,3.777796624507853
856,GAM,0.81,136.0,3.7638564155613303
1238,GAM,0.807,137.0,3.749916206614807
306,GAM,0.805,138.0,3.740622733983791
1377,GAM,0.805,138.0,3.740622733983791
877,GAM,0.803,140.0,3.7313292613527755
320,GAM,0.799,141.0,3.7127423160907442
297,GAM,0.795,142.0,3.694155370828713
1428,GAM,0.788,143.0,3.661628216620158
959,GAM,0.787,144.0,3.6569814803046503
1639,GAM,0.785,145.0,3.6476880076736347
1523,GAM,0.783,146.0,3.638394535042619
1700,GAM,0.783,146.0,3.638394535042619
636,GAM,0.781,148.0,3.6291010624116034
1121,GAM,0.775,149.0,3.6012206445185564
2612,GAM,0.774,150.0,3.5965739082030486
2224,GAM,0.773,151.0,3.5919271718875407
143,GAM,0.772,152.0,3.587280435572033
1558,GAM,0.769,153.0,3.5733402266255094
815,GAM,0.768,154.0,3.5686934903100016
844,GAM,0.768,154.0,3.5686934903100016
1469,GAM,0.768,154.0,3.5686934903100016
425,GAM,0.767,157.0,3.5640467539944938
2538,GAM,0.766,158.0,3.559400017678986
865,GAM,0.765,159.0,3.554753281363478
2708,GAM,0.762,160.0,3.5408130724169546
1012,GAM,0.76,161.0,3.531519599785939
2593,GAM,0.759,162.0,3.526872863470431
1361,GAM,0.756,163.0,3.512932654523908
970,GAM,0.753,164.0,3.4989924455773846
1011,GAM,0.753,164.0,3.4989924455773846
1345,GAM,0.752,166.0,3.494345709261877
1518,GAM,0.751,167.0,3.489698972946369
2517,GAM,0.751,167.0,3.489698972946369
2566,GAM,0.75,169.0,3.485052236630861
75,GAM,0.749,170.0,3.4804055003153533
1584,GAM,0.749,170.0,3.4804055003153533
1212,GAM,0.748,172.0,3.4757587639998455
2339,GAM,0.746,173.0,3.46646529136883
2450,GAM,0.744,174.0,3.457171818737814
214,GAM,0.743,175.0,3.4525250824223064
1994,GAM,0.741,176.0,3.4432316097912907
1999,GAM,0.74,177.0,3.438584873475783
1142,GAM,0.739,178.0,3.433938137160275
437,GAM,0.738,179.0,3.4292914008447672
1791,GAM,0.736,180.0,3.4199979282137516
2161,GAM,0.736,180.0,3.4199979282137516
2456,GAM,0.736,180.0,3.4199979282137516
2284,GAM,0.734,183.0,3.410704455582736
484,GAM,0.732,184.0,3.4014109829517203
1647,GAM,0.732,184.0,3.4014109829517203
1793,GAM,0.73,186.0,3.3921175103207046
2651,GAM,0.724,187.0,3.3642370924276577
1192,GAM,0.723,188.0,3.35959035611215
1559,GAM,0.722,189.0,3.354943619796642
2063,GAM,0.722,189.0,3.354943619796642
2076,GAM,0.722,189.0,3.354943619796642
262,GAM,0.72,192.0,3.3456501471656264
561,GAM,0.72,192.0,3.3456501471656264
2609,GAM,0.719,194.0,3.3410034108501185
371,GAM,0.717,195.0,3.331709938219103
1601,GAM,0.714,196.0,3.3177697292725794
923,GAM,0.713,197.0,3.3131229929570716
1135,GAM,0.712,198.0,3.3084762566415638
2430,GAM,0.712,198.0,3.3084762566415638
1080,GAM,0.708,200.0,3.2898893113795324
569,GAM,0.707,201.0,3.2852425750640246
1607,GAM,0.707,201.0,3.2852425750640246
2203,GAM,0.707,201.0,3.2852425750640246
861,GAM,0.705,204.0,3.275949102433009
1025,GAM,0.705,204.0,3.275949102433009
2662,GAM,0.704,206.0,3.271302366117501
1277,GAM,0.7,207.0,3.2527154208554703
837,GAM,0.699,208.0,3.2480686845399624
2275,GAM,0.699,208.0,3.2480686845399624
2227,GAM,0.698,210.0,3.2434219482244546
467,GAM,0.697,211.0,3.238775211908947
1543,GAM,0.697,211.0,3.238775211908947
1931,GAM,0.696,213.0,3.234128475593439
293,GAM,0.693,214.0,3.2201882666469155
1680,GAM,0.692,215.0,3.2155415303314077
2455,GAM,0.692,215.0,3.2155415303314077
1019,GAM,0.691,217.0,3.2108947940159
1062,GAM,0.69,218.0,3.206248057700392
1502,GAM,0.69,218.0,3.206248057700392
547,GAM,0.689,220.0,3.201601321384884
964,GAM,0.688,221.0,3.1969545850693764
1779,GAM,0.688,221.0,3.1969545850693764
183,GAM,0.687,223.0,3.192307848753869
1220,GAM,0.687,223.0,3.192307848753869
1264,GAM,0.686,225.0,3.187661112438361
2152,GAM,0.686,225.0,3.187661112438361
241,GAM,0.685,227.0,3.1830143761228533
402,GAM,0.685,227.0,3.1830143761228533
2052,GAM,0.685,227.0,3.1830143761228533
1690,GAM,0.684,230.0,3.1783676398073455
1255,GAM,0.683,231.0,3.1737209034918377
351,GAM,0.682,232.0,3.16907416717633
1122,GAM,0.682,232.0,3.16907416717633
2578,GAM,0.682,232.0,3.16907416717633
1437,GAM,0.681,235.0,3.164427430860822
1663,GAM,0.68,236.0,3.159780694545314
601,GAM,0.679,237.0,3.1551339582298064
1305,GAM,0.679,237.0,3.1551339582298064
176,GAM,0.676,239.0,3.141193749283283
2090,GAM,0.676,239.0,3.141193749283283
1419,GAM,0.675,241.0,3.136547012967775
1549,GAM,0.675,241.0,3.136547012967775
137,GAM,0.674,243.0,3.1319002766522672
2189,GAM,0.673,244.0,3.1272535403367594
168,GAM,0.672,245.0,3.1226068040212516
38,GAM,0.671,246.0,3.1179600677057437
1958,GAM,0.671,246.0,3.1179600677057437
1151,GAM,0.67,248.0,3.113313331390236
940,GAM,0.669,249.0,3.108666595074728
719,GAM,0.668,250.0,3.1040198587592203
2211,GAM,0.667,251.0,3.0993731224437124
2305,GAM,0.666,252.0,3.0947263861282046
1754,GAM,0.665,253.0,3.090079649812697
2356,GAM,0.665,253.0,3.090079649812697
429,GAM,0.663,255.0,3.080786177181681
1118,GAM,0.662,256.0,3.0761394408661733
1585,GAM,0.662,256.0,3.0761394408661733
1493,GAM,0.661,258.0,3.0714927045506655
843,GAM,0.66,259.0,3.0668459682351576
146,GAM,0.655,260.0,3.0436122866576185
405,GAM,0.655,260.0,3.0436122866576185
369,GAM,0.654,262.0,3.038965550342111
850,GAM,0.653,263.0,3.0343188140266033
334,GAM,0.652,264.0,3.0296720777110955
1764,GAM,0.652,264.0,3.0296720777110955
814,GAM,0.651,266.0,3.0250253413955877
1826,GAM,0.649,267.0,3.015731868764572
1411,GAM,0.648,268.0,3.011085132449064
518,GAM,0.647,269.0,3.0064383961335563
491,GAM,0.645,270.0,2.9971449235025407
2281,GAM,0.643,271.0,2.987851450871525
2384,GAM,0.643,271.0,2.987851450871525
1932,GAM,0.642,273.0,2.983204714556017
392,GAM,0.64,274.0,2.9739112419250016
1233,GAM,0.639,275.0,2.9692645056094937
325,GAM,0.638,276.0,2.964617769293986
2542,GAM,0.637,277.0,2.959971032978478
1849,GAM,0.636,278.0,2.9553242966629703
2739,GAM,0.636,278.0,2.9553242966629703
529,GAM,0.635,280.0,2.9506775603474624
1501,GAM,0.635,280.0,2.9506775603474624
2660,GAM,0.635,280.0,2.9506775603474624
358,GAM,0.634,283.0,2.9460308240319546
664,GAM,0.634,283.0,2.9460308240319546
997,GAM,0.634,283.0,2.9460308240319546
424,GAM,0.633,286.0,2.9413840877164468
2368,GAM,0.633,286.0,2.9413840877164468
129,GAM,0.631,288.0,2.932090615085431
925,GAM,0.631,288.0,2.932090615085431
1815,GAM,0.631,288.0,2.932090615085431
2084,GAM,0.63,291.0,2.9274438787699233
933,GAM,0.629,292.0,2.9227971424544155
2677,GAM,0.629,292.0,2.9227971424544155
688,GAM,0.628,294.0,2.9181504061389076
2266,GAM,0.627,295.0,2.9135036698234
1445,GAM,0.625,296.0,2.904210197192384
878,GAM,0.624,297.0,2.8995634608768763
1995,GAM,0.624,297.0,2.8995634608768763
2054,GAM,0.623,299.0,2.8949167245613685
300,GAM,0.621,300.0,2.885623251930353
979,GAM,0.621,300.0,2.885623251930353
2633,GAM,0.621,300.0,2.885623251930353
382,GAM,0.62,303.0,2.880976515614845
874,GAM,0.62,303.0,2.880976515614845
904,GAM,0.619,305.0,2.876329779299337
2010,GAM,0.619,305.0,2.876329779299337
2026,GAM,0.619,305.0,2.876329779299337
1923,GAM,0.618,308.0,2.8716830429838294
1390,GAM,0.616,309.0,2.8623895703528137
1250,GAM,0.614,310.0,2.853096097721798
2635,GAM,0.614,310.0,2.853096097721798
82,GAM,0.612,312.0,2.8438026250907824
1107,GAM,0.612,312.0,2.8438026250907824
1856,GAM,0.612,312.0,2.8438026250907824
586,GAM,0.611,315.0,2.8391558887752746
1644,GAM,0.611,315.0,2.8391558887752746
2659,GAM,0.61,317.0,2.8345091524597668
1033,GAM,0.609,318.0,2.829862416144259
1825,GAM,0.609,318.0,2.829862416144259
486,GAM,0.608,320.0,2.825215679828751
1583,GAM,0.608,320.0,2.825215679828751
1436,GAM,0.607,322.0,2.8205689435132433
1748,GAM,0.607,322.0,2.8205689435132433
1945,GAM,0.607,322.0,2.8205689435132433
52,GAM,0.606,325.0,2.8159222071977354
920,GAM,0.606,325.0,2.8159222071977354
2117,GAM,0.606,325.0,2.8159222071977354
2540,GAM,0.606,325.0,2.8159222071977354
588,GAM,0.605,329.0,2.8112754708822276
1084,GAM,0.605,329.0,2.8112754708822276
1344,GAM,0.605,329.0,2.8112754708822276
996,GAM,0.604,332.0,2.80662873456672
1979,GAM,0.602,333.0,2.797335261935704
2157,GAM,0.602,333.0,2.797335261935704
2723,GAM,0.602,333.0,2.797335261935704
51,GAM,0.601,336.0,2.7926885256201963
427,GAM,0.601,336.0,2.7926885256201963
714,GAM,0.601,336.0,2.7926885256201963
2389,GAM,0.601,336.0,2.7926885256201963
2469,GAM,0.601,336.0,2.7926885256201963
1271,GAM,0.6,341.0,2.7880417893046885
674,GAM,0.599,342.0,2.7833950529891807
264,GAM,0.598,343.0,2.7787483166736733
821,GAM,0.598,343.0,2.7787483166736733
1109,GAM,0.598,343.0,2.7787483166736733
2067,GAM,0.598,343.0,2.7787483166736733
2092,GAM,0.598,343.0,2.7787483166736733
485,GAM,0.593,348.0,2.755514635096134
965,GAM,0.593,348.0,2.755514635096134
2160,GAM,0.592,350.0,2.7508678987806263
507,GAM,0.591,351.0,2.7462211624651185
937,GAM,0.591,351.0,2.7462211624651185
1253,GAM,0.591,351.0,2.7462211624651185
2057,GAM,0.59,354.0,2.7415744261496107
2179,GAM,0.59,354.0,2.7415744261496107
2480,GAM,0.59,354.0,2.7415744261496107
74,GAM,0.589,357.0,2.736927689834103
2515,GAM,0.589,357.0,2.736927689834103
1488,GAM,0.588,359.0,2.732280953518595
2717,GAM,0.587,360.0,2.727634217203087
454,GAM,0.586,361.0,2.7229874808875794
995,GAM,0.586,361.0,2.7229874808875794
1674,GAM,0.586,361.0,2.7229874808875794
11,GAM,0.585,364.0,2.7183407445720715
1285,GAM,0.585,364.0,2.7183407445720715
2099,GAM,0.585,364.0,2.7183407445720715
59,GAM,0.584,367.0,2.7136940082565637
117,GAM,0.584,367.0,2.7136940082565637
825,GAM,0.584,367.0,2.7136940082565637
1862,GAM,0.584,367.0,2.7136940082565637
1920,GAM,0.584,367.0,2.7136940082565637
763,GAM,0.583,372.0,2.709047271941056
988,GAM,0.583,372.0,2.709047271941056
1448,GAM,0.583,372.0,2.709047271941056
1004,GAM,0.582,375.0,2.704400535625548
1772,GAM,0.582,375.0,2.704400535625548
2599,GAM,0.582,375.0,2.704400535625548
2679,GAM,0.582,375.0,2.704400535625548
1637,GAM,0.581,379.0,2.6997537993100402
25,GAM,0.58,380.0,2.6951070629945324
2299,GAM,0.58,380.0,2.6951070629945324
2475,GAM,0.58,380.0,2.6951070629945324
1661,GAM,0.578,383.0,2.6858135903635167
1295,GAM,0.577,384.0,2.681166854048009
2249,GAM,0.577,384.0,2.681166854048009
696,GAM,0.576,386.0,2.676520117732501
1922,GAM,0.576,386.0,2.676520117732501
408,GAM,0.575,388.0,2.6718733814169933
1625,GAM,0.575,388.0,2.6718733814169933
1689,GAM,0.575,388.0,2.6718733814169933
1929,GAM,0.574,391.0,2.6672266451014854
132,GAM,0.572,392.0,2.65793317247047
2504,GAM,0.572,392.0,2.65793317247047
2608,GAM,0.572,392.0,2.65793317247047
587,GAM,0.571,395.0,2.653286436154962
2495,GAM,0.571,395.0,2.653286436154962
1252,GAM,0.569,397.0,2.6439929635239463
444,GAM,0.568,398.0,2.6393462272084385
1688,GAM,0.568,398.0,2.6393462272084385
2411,GAM,0.568,398.0,2.6393462272084385
2704,GAM,0.568,398.0,2.6393462272084385
2038,GAM,0.567,402.0,2.6346994908929307
2298,GAM,0.566,403.0,2.630052754577423
753,GAM,0.565,404.0,2.625406018261915
1045,GAM,0.565,404.0,2.625406018261915
1855,GAM,0.565,404.0,2.625406018261915
1203,GAM,0.564,407.0,2.620759281946407
1924,GAM,0.564,407.0,2.620759281946407
2552,GAM,0.564,407.0,2.620759281946407
488,GAM,0.562,410.0,2.611465809315392
798,GAM,0.562,410.0,2.611465809315392
2607,GAM,0.562,410.0,2.611465809315392
534,GAM,0.561,413.0,2.606819072999884
1356,GAM,0.561,413.0,2.606819072999884
2273,GAM,0.561,413.0,2.606819072999884
86,GAM,0.559,416.0,2.5975256003688685
1041,GAM,0.559,416.0,2.5975256003688685
2733,GAM,0.559,416.0,2.5975256003688685
1623,GAM,0.558,419.0,2.5928788640533607
404,GAM,0.557,420.0,2.588232127737853
1921,GAM,0.557,420.0,2.588232127737853
1960,GAM,0.557,420.0,2.588232127737853
2576,GAM,0.557,420.0,2.588232127737853
418,GAM,0.556,424.0,2.583585391422345
2200,GAM,0.556,424.0,2.583585391422345
2313,GAM,0.555,426.0,2.578938655106837
1610,GAM,0.554,427.0,2.5742919187913293
2183,GAM,0.554,427.0,2.5742919187913293
2610,GAM,0.553,429.0,2.5696451824758215
2776,GAM,0.551,430.0,2.5603517098448063
566,GAM,0.55,431.0,2.5557049735292985
131,GAM,0.549,432.0,2.5510582372137907
1144,GAM,0.549,432.0,2.5510582372137907
1369,GAM,0.549,432.0,2.5510582372137907
1189,GAM,0.548,435.0,2.546411500898283
1514,GAM,0.548,435.0,2.546411500898283
2466,GAM,0.548,435.0,2.546411500898283
44,GAM,0.547,438.0,2.541764764582775
700,GAM,0.547,438.0,2.541764764582775
1861,GAM,0.547,438.0,2.541764764582775
1526,GAM,0.546,441.0,2.537118028267267
1847,GAM,0.546,441.0,2.537118028267267
2005,GAM,0.546,441.0,2.537118028267267
2564,GAM,0.546,441.0,2.537118028267267
387,GAM,0.545,445.0,2.5324712919517594
1604,GAM,0.545,445.0,2.5324712919517594
27,GAM,0.544,447.0,2.5278245556362515
244,GAM,0.544,447.0,2.5278245556362515
2442,GAM,0.544,447.0,2.5278245556362515
266,GAM,0.543,450.0,2.5231778193207437
505,GAM,0.543,450.0,2.5231778193207437
1183,GAM,0.543,450.0,2.5231778193207437
324,GAM,0.542,453.0,2.518531083005236
1756,GAM,0.542,453.0,2.518531083005236
2276,GAM,0.542,453.0,2.518531083005236
377,GAM,0.541,456.0,2.513884346689728
420,GAM,0.541,456.0,2.513884346689728
1043,GAM,0.541,456.0,2.513884346689728
1905,GAM,0.541,456.0,2.513884346689728
2600,GAM,0.54,460.0,2.50923761037422
343,GAM,0.539,461.0,2.5045908740587124
270,GAM,0.538,462.0,2.4999441377432046
552,GAM,0.538,462.0,2.4999441377432046
780,GAM,0.538,462.0,2.4999441377432046
1693,GAM,0.537,465.0,2.4952974014276967
1814,GAM,0.537,465.0,2.4952974014276967
126,GAM,0.536,467.0,2.490650665112189
276,GAM,0.536,467.0,2.490650665112189
457,GAM,0.536,467.0,2.490650665112189
694,GAM,0.536,467.0,2.490650665112189
1140,GAM,0.536,467.0,2.490650665112189
32,GAM,0.535,472.0,2.486003928796681
847,GAM,0.535,472.0,2.486003928796681
1794,GAM,0.535,472.0,2.486003928796681
2013,GAM,0.535,472.0,2.486003928796681
2103,GAM,0.535,472.0,2.486003928796681
2213,GAM,0.535,472.0,2.486003928796681
2487,GAM,0.535,472.0,2.486003928796681
238,GAM,0.534,479.0,2.4813571924811733
452,GAM,0.534,479.0,2.4813571924811733
729,GAM,0.534,479.0,2.4813571924811733
2159,GAM,0.534,479.0,2.4813571924811733
2672,GAM,0.534,479.0,2.4813571924811733
403,GAM,0.533,484.0,2.4767104561656654
2204,GAM,0.533,484.0,2.4767104561656654
93,GAM,0.532,486.0,2.4720637198501576
170,GAM,0.532,486.0,2.4720637198501576
1258,GAM,0.532,486.0,2.4720637198501576
2260,GAM,0.532,486.0,2.4720637198501576
2359,GAM,0.532,486.0,2.4720637198501576
321,GAM,0.531,491.0,2.4674169835346498
1093,GAM,0.531,491.0,2.4674169835346498
1872,GAM,0.531,491.0,2.4674169835346498
2394,GAM,0.531,491.0,2.4674169835346498
1226,GAM,0.53,495.0,2.462770247219142
1296,GAM,0.53,495.0,2.462770247219142
1125,GAM,0.529,497.0,2.458123510903634
1312,GAM,0.529,497.0,2.458123510903634
1686,GAM,0.529,497.0,2.458123510903634
2703,GAM,0.529,497.0,2.458123510903634
156,GAM,0.528,501.0,2.4534767745881263
188,GAM,0.528,501.0,2.4534767745881263
538,GAM,0.528,501.0,2.4534767745881263
879,GAM,0.528,501.0,2.4534767745881263
968,GAM,0.528,501.0,2.4534767745881263
1669,GAM,0.528,501.0,2.4534767745881263
2533,GAM,0.528,501.0,2.4534767745881263
2667,GAM,0.528,501.0,2.4534767745881263
110,GAM,0.527,509.0,2.4488300382726185
657,GAM,0.527,509.0,2.4488300382726185
1808,GAM,0.526,511.0,2.4441833019571106
2748,GAM,0.526,511.0,2.4441833019571106
391,GAM,0.525,513.0,2.439536565641603
1715,GAM,0.525,513.0,2.439536565641603
1841,GAM,0.525,513.0,2.439536565641603
2053,GAM,0.525,513.0,2.439536565641603
2746,GAM,0.525,513.0,2.439536565641603
958,GAM,0.523,518.0,2.430243093010587
1400,GAM,0.523,518.0,2.430243093010587
2323,GAM,0.523,518.0,2.430243093010587
960,GAM,0.522,521.0,2.4255963566950793
2319,GAM,0.522,521.0,2.4255963566950793
2630,GAM,0.522,521.0,2.4255963566950793
746,GAM,0.521,524.0,2.4209496203795715
2023,GAM,0.521,524.0,2.4209496203795715
2529,GAM,0.521,524.0,2.4209496203795715
1020,GAM,0.519,527.0,2.411656147748556
2080,GAM,0.517,528.0,2.40236267511754
555,GAM,0.516,529.0,2.3977159388020324
567,GAM,0.516,529.0,2.3977159388020324
1522,GAM,0.516,529.0,2.3977159388020324
2106,GAM,0.516,529.0,2.3977159388020324
2505,GAM,0.515,533.0,2.3930692024865245
2665,GAM,0.515,533.0,2.3930692024865245
1073,GAM,0.514,535.0,2.3884224661710167
2581,GAM,0.514,535.0,2.3884224661710167
2774,GAM,0.514,535.0,2.3884224661710167
211,GAM,0.513,538.0,2.383775729855509
280,GAM,0.513,538.0,2.383775729855509
431,GAM,0.513,538.0,2.383775729855509
1678,GAM,0.513,538.0,2.383775729855509
310,GAM,0.512,542.0,2.379128993540001
836,GAM,0.512,542.0,2.379128993540001
370,GAM,0.511,544.0,2.3744822572244932
650,GAM,0.511,544.0,2.3744822572244932
2419,GAM,0.511,544.0,2.3744822572244932
1656,GAM,0.51,547.0,2.3698355209089854
173,GAM,0.509,548.0,2.3651887845934776
2501,GAM,0.509,548.0,2.3651887845934776
60,GAM,0.508,550.0,2.3605420482779698
212,GAM,0.508,550.0,2.3605420482779698
455,GAM,0.508,550.0,2.3605420482779698
849,GAM,0.508,550.0,2.3605420482779698
913,GAM,0.508,550.0,2.3605420482779698
1824,GAM,0.508,550.0,2.3605420482779698
2546,GAM,0.508,550.0,2.3605420482779698
2490,GAM,0.507,557.0,2.355895311962462
1513,GAM,0.506,558.0,2.351248575646954
2145,GAM,0.506,558.0,2.351248575646954
2585,GAM,0.506,558.0,2.351248575646954
192,GAM,0.505,561.0,2.3466018393314463
509,GAM,0.505,561.0,2.3466018393314463
2762,GAM,0.505,561.0,2.3466018393314463
230,GAM,0.504,564.0,2.3419551030159385
776,GAM,0.504,564.0,2.3419551030159385
998,GAM,0.504,564.0,2.3419551030159385
2722,GAM,0.504,564.0,2.3419551030159385
2506,GAM,0.503,568.0,2.3373083667004306
22,GAM,0.502,569.0,2.332661630384923
335,GAM,0.502,569.0,2.332661630384923
823,GAM,0.502,569.0,2.332661630384923
1090,GAM,0.502,569.0,2.332661630384923
1263,GAM,0.502,569.0,2.332661630384923
697,GAM,0.501,574.0,2.328014894069415
1431,GAM,0.501,574.0,2.328014894069415
1568,GAM,0.501,574.0,2.328014894069415
1909,GAM,0.501,574.0,2.328014894069415
1968,GAM,0.501,574.0,2.328014894069415
1459,GAM,0.5,579.0,2.323368157753907
2037,GAM,0.5,579.0,2.323368157753907
769,GAM,0.499,581.0,2.3187214214383993
1106,GAM,0.499,581.0,2.3187214214383993
1158,GAM,0.499,581.0,2.3187214214383993
2132,GAM,0.499,581.0,2.3187214214383993
2632,GAM,0.499,581.0,2.3187214214383993
1533,GAM,0.497,586.0,2.3094279488073837
1913,GAM,0.497,586.0,2.3094279488073837
2525,GAM,0.497,586.0,2.3094279488073837
2710,GAM,0.497,586.0,2.3094279488073837
189,GAM,0.496,590.0,2.304781212491876
2705,GAM,0.496,590.0,2.304781212491876
1184,GAM,0.495,592.0,2.3001344761763685
1126,GAM,0.494,593.0,2.2954877398608606
1343,GAM,0.494,593.0,2.2954877398608606
1819,GAM,0.494,593.0,2.2954877398608606
2567,GAM,0.494,593.0,2.2954877398608606
2656,GAM,0.494,593.0,2.2954877398608606
24,GAM,0.493,598.0,2.290841003545353
292,GAM,0.493,598.0,2.290841003545353
1105,GAM,0.493,598.0,2.290841003545353
1893,GAM,0.493,598.0,2.290841003545353
2673,GAM,0.493,598.0,2.290841003545353
1439,GAM,0.492,603.0,2.286194267229845
151,GAM,0.491,604.0,2.281547530914337
1147,GAM,0.491,604.0,2.281547530914337
1391,GAM,0.491,604.0,2.281547530914337
2770,GAM,0.491,604.0,2.281547530914337
2627,GAM,0.49,608.0,2.2769007945988293
927,GAM,0.489,609.0,2.2722540582833215
1427,GAM,0.489,609.0,2.2722540582833215
1432,GAM,0.489,609.0,2.2722540582833215
1670,GAM,0.489,609.0,2.2722540582833215
1863,GAM,0.489,609.0,2.2722540582833215
2264,GAM,0.489,609.0,2.2722540582833215
2719,GAM,0.489,609.0,2.2722540582833215
1480,GAM,0.488,616.0,2.2676073219678137
1088,GAM,0.487,617.0,2.262960585652306
104,GAM,0.486,618.0,2.258313849336798
901,GAM,0.486,618.0,2.258313849336798
1702,GAM,0.486,618.0,2.258313849336798
1935,GAM,0.486,618.0,2.258313849336798
2089,GAM,0.486,618.0,2.258313849336798
1098,GAM,0.485,623.0,2.25366711302129
1482,GAM,0.485,623.0,2.25366711302129
1575,GAM,0.485,623.0,2.25366711302129
1627,GAM,0.485,623.0,2.25366711302129
1811,GAM,0.485,623.0,2.25366711302129
2416,GAM,0.485,623.0,2.25366711302129
1165,GAM,0.484,629.0,2.2490203767057824
1244,GAM,0.484,629.0,2.2490203767057824
1475,GAM,0.484,629.0,2.2490203767057824
1930,GAM,0.484,629.0,2.2490203767057824
863,GAM,0.483,633.0,2.2443736403902745
1716,GAM,0.483,633.0,2.2443736403902745
159,GAM,0.482,635.0,2.2397269040747667
460,GAM,0.482,635.0,2.2397269040747667
637,GAM,0.482,635.0,2.2397269040747667
899,GAM,0.482,635.0,2.2397269040747667
942,GAM,0.482,635.0,2.2397269040747667
282,GAM,0.481,640.0,2.235080167759259
442,GAM,0.481,640.0,2.235080167759259
1001,GAM,0.481,640.0,2.235080167759259
1404,GAM,0.481,640.0,2.235080167759259
2210,GAM,0.481,640.0,2.235080167759259
2736,GAM,0.481,640.0,2.235080167759259
459,GAM,0.48,646.0,2.230433431443751
463,GAM,0.48,646.0,2.230433431443751
873,GAM,0.48,646.0,2.230433431443751
1190,GAM,0.48,646.0,2.230433431443751
2752,GAM,0.48,646.0,2.230433431443751
412,GAM,0.479,651.0,2.2257866951282432
1304,GAM,0.479,651.0,2.2257866951282432
991,GAM,0.478,653.0,2.2211399588127354
2511,GAM,0.478,653.0,2.2211399588127354
1611,GAM,0.477,655.0,2.2164932224972276
2406,GAM,0.477,655.0,2.2164932224972276
81,GAM,0.476,657.0,2.2118464861817198
187,GAM,0.476,657.0,2.2118464861817198
1883,GAM,0.476,657.0,2.2118464861817198
2287,GAM,0.476,657.0,2.2118464861817198
2347,GAM,0.476,657.0,2.2118464861817198
2369,GAM,0.476,657.0,2.2118464861817198
656,GAM,0.475,663.0,2.207199749866212
1540,GAM,0.475,663.0,2.207199749866212
259,GAM,0.474,665.0,2.202553013550704
277,GAM,0.474,665.0,2.202553013550704
765,GAM,0.474,665.0,2.202553013550704
826,GAM,0.474,665.0,2.202553013550704
253,GAM,0.473,669.0,2.1979062772351963
438,GAM,0.472,670.0,2.1932595409196884
635,GAM,0.472,670.0,2.1932595409196884
1534,GAM,0.472,670.0,2.1932595409196884
1739,GAM,0.472,670.0,2.1932595409196884
1884,GAM,0.472,670.0,2.1932595409196884
1775,GAM,0.471,675.0,2.1886128046041806
2316,GAM,0.471,675.0,2.1886128046041806
2514,GAM,0.471,675.0,2.1886128046041806
2547,GAM,0.471,675.0,2.1886128046041806
265,GAM,0.47,679.0,2.183966068288673
668,GAM,0.47,679.0,2.183966068288673
1438,GAM,0.47,679.0,2.183966068288673
1606,GAM,0.469,682.0,2.179319331973165
1933,GAM,0.469,682.0,2.179319331973165
2246,GAM,0.469,682.0,2.179319331973165
2531,GAM,0.469,682.0,2.179319331973165
15,GAM,0.468,686.0,2.1746725956576576
411,GAM,0.468,686.0,2.1746725956576576
1565,GAM,0.468,686.0,2.1746725956576576
2195,GAM,0.468,686.0,2.1746725956576576
528,GAM,0.467,690.0,2.1700258593421498
599,GAM,0.467,690.0,2.1700258593421498
2351,GAM,0.467,690.0,2.1700258593421498
1163,GAM,0.466,693.0,2.165379123026642
1532,GAM,0.466,693.0,2.165379123026642
2034,GAM,0.466,693.0,2.165379123026642
2091,GAM,0.466,693.0,2.165379123026642
1286,GAM,0.465,697.0,2.160732386711134
1460,GAM,0.465,697.0,2.160732386711134
1472,GAM,0.464,699.0,2.1560856503956263
1551,GAM,0.464,699.0,2.1560856503956263
222,GAM,0.463,701.0,2.1514389140801184
312,GAM,0.463,701.0,2.1514389140801184
1221,GAM,0.463,701.0,2.1514389140801184
1454,GAM,0.463,701.0,2.1514389140801184
1677,GAM,0.463,701.0,2.1514389140801184
1711,GAM,0.463,701.0,2.1514389140801184
180,GAM,0.462,707.0,2.1467921777646106
557,GAM,0.462,707.0,2.1467921777646106
810,GAM,0.462,707.0,2.1467921777646106
1270,GAM,0.462,707.0,2.1467921777646106
1912,GAM,0.462,707.0,2.1467921777646106
1031,GAM,0.461,712.0,2.142145441449103
1382,GAM,0.461,712.0,2.142145441449103
1450,GAM,0.461,712.0,2.142145441449103
2019,GAM,0.461,712.0,2.142145441449103
162,GAM,0.46,716.0,2.137498705133595
2390,GAM,0.46,716.0,2.137498705133595
876,GAM,0.458,718.0,2.1282052325025793
917,GAM,0.458,718.0,2.1282052325025793
1416,GAM,0.458,718.0,2.1282052325025793
1954,GAM,0.458,718.0,2.1282052325025793
323,GAM,0.457,722.0,2.1235584961870715
379,GAM,0.457,722.0,2.1235584961870715
1473,GAM,0.457,722.0,2.1235584961870715
2012,GAM,0.457,722.0,2.1235584961870715
593,GAM,0.456,726.0,2.1189117598715637
624,GAM,0.456,726.0,2.1189117598715637
732,GAM,0.456,726.0,2.1189117598715637
1167,GAM,0.456,726.0,2.1189117598715637
2164,GAM,0.456,726.0,2.1189117598715637
2225,GAM,0.456,726.0,2.1189117598715637
2373,GAM,0.456,726.0,2.1189117598715637
177,GAM,0.455,733.0,2.114265023556056
298,GAM,0.455,733.0,2.114265023556056
851,GAM,0.455,733.0,2.114265023556056
1385,GAM,0.455,733.0,2.114265023556056
2741,GAM,0.455,733.0,2.114265023556056
260,GAM,0.454,738.0,2.109618287240548
1672,GAM,0.454,738.0,2.109618287240548
1919,GAM,0.454,738.0,2.109618287240548
2544,GAM,0.454,738.0,2.109618287240548
1453,GAM,0.453,742.0,2.10497155092504
2170,GAM,0.453,742.0,2.10497155092504
330,GAM,0.452,744.0,2.1003248146095324
672,GAM,0.452,744.0,2.1003248146095324
806,GAM,0.452,744.0,2.1003248146095324
1008,GAM,0.452,744.0,2.1003248146095324
1281,GAM,0.452,744.0,2.1003248146095324
1539,GAM,0.452,744.0,2.1003248146095324
1337,GAM,0.451,750.0,2.0956780782940245
1408,GAM,0.451,750.0,2.0956780782940245
1655,GAM,0.451,750.0,2.0956780782940245
1980,GAM,0.451,750.0,2.0956780782940245
695,GAM,0.45,754.0,2.0910313419785167
1662,GAM,0.45,754.0,2.0910313419785167
1026,GAM,0.449,756.0,2.086384605663009
1279,GAM,0.449,756.0,2.086384605663009
1397,GAM,0.449,756.0,2.086384605663009
1940,GAM,0.449,756.0,2.086384605663009
34,GAM,0.448,760.0,2.081737869347501
125,GAM,0.448,760.0,2.081737869347501
827,GAM,0.448,760.0,2.081737869347501
1320,GAM,0.448,760.0,2.081737869347501
2598,GAM,0.448,760.0,2.081737869347501
10,GAM,0.447,765.0,2.077091133031993
409,GAM,0.447,765.0,2.077091133031993
1969,GAM,0.447,765.0,2.077091133031993
2044,GAM,0.447,765.0,2.077091133031993
2191,GAM,0.447,765.0,2.077091133031993
116,GAM,0.446,770.0,2.0724443967164854
888,GAM,0.446,770.0,2.0724443967164854
1048,GAM,0.446,770.0,2.0724443967164854
1291,GAM,0.446,770.0,2.0724443967164854
2033,GAM,0.446,770.0,2.0724443967164854
2380,GAM,0.446,770.0,2.0724443967164854
303,GAM,0.445,776.0,2.0677976604009776
922,GAM,0.445,776.0,2.0677976604009776
981,GAM,0.445,776.0,2.0677976604009776
2392,GAM,0.445,776.0,2.0677976604009776
1007,GAM,0.444,780.0,2.0631509240854697
2474,GAM,0.444,780.0,2.0631509240854697
2481,GAM,0.444,780.0,2.0631509240854697
1838,GAM,0.443,783.0,2.058504187769962
2163,GAM,0.443,783.0,2.058504187769962
2757,GAM,0.443,783.0,2.058504187769962
76,GAM,0.442,786.0,2.053857451454454
314,GAM,0.442,786.0,2.053857451454454
812,GAM,0.442,786.0,2.053857451454454
2238,GAM,0.442,786.0,2.053857451454454
228,GAM,0.441,790.0,2.0492107151389463
483,GAM,0.441,790.0,2.0492107151389463
1396,GAM,0.441,790.0,2.0492107151389463
1845,GAM,0.441,790.0,2.0492107151389463
2452,GAM,0.441,790.0,2.0492107151389463
316,GAM,0.44,795.0,2.0445639788234384
344,GAM,0.44,795.0,2.0445639788234384
905,GAM,0.44,795.0,2.0445639788234384
2296,GAM,0.44,795.0,2.0445639788234384
914,GAM,0.439,799.0,2.0399172425079306
1199,GAM,0.439,799.0,2.0399172425079306
1349,GAM,0.439,799.0,2.0399172425079306
2096,GAM,0.439,799.0,2.0399172425079306
1018,GAM,0.438,803.0,2.035270506192423
1708,GAM,0.438,803.0,2.035270506192423
2315,GAM,0.438,803.0,2.035270506192423
2401,GAM,0.438,803.0,2.035270506192423
623,GAM,0.437,807.0,2.030623769876915
2122,GAM,0.437,807.0,2.030623769876915
2393,GAM,0.437,807.0,2.030623769876915
506,GAM,0.436,810.0,2.025977033561407
1119,GAM,0.436,810.0,2.025977033561407
1524,GAM,0.436,810.0,2.025977033561407
1650,GAM,0.436,810.0,2.025977033561407
2020,GAM,0.436,810.0,2.025977033561407
2055,GAM,0.436,810.0,2.025977033561407
2212,GAM,0.436,810.0,2.025977033561407
2742,GAM,0.436,810.0,2.025977033561407
774,GAM,0.435,818.0,2.0213302972458993
1166,GAM,0.435,818.0,2.0213302972458993
1499,GAM,0.435,818.0,2.0213302972458993
1521,GAM,0.435,818.0,2.0213302972458993
1818,GAM,0.435,818.0,2.0213302972458993
1957,GAM,0.435,818.0,2.0213302972458993
1111,GAM,0.434,824.0,2.0166835609303915
1594,GAM,0.434,824.0,2.0166835609303915
1869,GAM,0.434,824.0,2.0166835609303915
257,GAM,0.433,827.0,2.0120368246148836
373,GAM,0.433,827.0,2.0120368246148836
381,GAM,0.433,827.0,2.0120368246148836
966,GAM,0.433,827.0,2.0120368246148836
1492,GAM,0.433,827.0,2.0120368246148836
1511,GAM,0.433,827.0,2.0120368246148836
2175,GAM,0.433,827.0,2.0120368246148836
2434,GAM,0.433,827.0,2.0120368246148836
2453,GAM,0.433,827.0,2.0120368246148836
602,GAM,0.432,836.0,2.007390088299376
1443,GAM,0.432,836.0,2.007390088299376
2232,GAM,0.432,836.0,2.007390088299376
501,GAM,0.431,839.0,2.002743351983868
961,GAM,0.431,839.0,2.002743351983868
1100,GAM,0.43,841.0,1.9980966156683604
1171,GAM,0.43,841.0,1.9980966156683604
1651,GAM,0.43,841.0,1.9980966156683604
2131,GAM,0.43,841.0,1.9980966156683604
2332,GAM,0.429,845.0,1.9934498793528526
2616,GAM,0.429,845.0,1.9934498793528526
2765,GAM,0.429,845.0,1.9934498793528526
210,GAM,0.428,848.0,1.9888031430373447
649,GAM,0.428,848.0,1.9888031430373447
931,GAM,0.428,848.0,1.9888031430373447
978,GAM,0.428,848.0,1.9888031430373447
1914,GAM,0.428,848.0,1.9888031430373447
2408,GAM,0.428,848.0,1.9888031430373447
2001,GAM,0.427,854.0,1.984156406721837
2269,GAM,0.427,854.0,1.984156406721837
53,GAM,0.426,856.0,1.979509670406329
101,GAM,0.426,856.0,1.979509670406329
830,GAM,0.425,858.0,1.9748629340908213
1648,GAM,0.425,858.0,1.9748629340908213
2727,GAM,0.425,858.0,1.9748629340908213
428,GAM,0.424,861.0,1.9702161977753134
496,GAM,0.424,861.0,1.9702161977753134
1776,GAM,0.424,861.0,1.9702161977753134
1783,GAM,0.424,861.0,1.9702161977753134
2234,GAM,0.424,861.0,1.9702161977753134
2252,GAM,0.424,861.0,1.9702161977753134
77,GAM,0.423,867.0,1.9655694614598056
367,GAM,0.423,867.0,1.9655694614598056
389,GAM,0.423,867.0,1.9655694614598056
749,GAM,0.423,867.0,1.9655694614598056
1506,GAM,0.423,867.0,1.9655694614598056
26,GAM,0.422,872.0,1.9609227251442978
286,GAM,0.422,872.0,1.9609227251442978
1248,GAM,0.422,872.0,1.9609227251442978
1254,GAM,0.422,872.0,1.9609227251442978
1682,GAM,0.422,872.0,1.9609227251442978
2644,GAM,0.422,872.0,1.9609227251442978
1846,GAM,0.421,878.0,1.95627598882879
608,GAM,0.42,879.0,1.9516292525132821
1780,GAM,0.42,879.0,1.9516292525132821
2588,GAM,0.42,879.0,1.9516292525132821
468,GAM,0.419,882.0,1.9469825161977743
973,GAM,0.419,882.0,1.9469825161977743
546,GAM,0.418,884.0,1.9423357798822665
1194,GAM,0.418,884.0,1.9423357798822665
1965,GAM,0.418,884.0,1.9423357798822665
2073,GAM,0.418,884.0,1.9423357798822665
944,GAM,0.417,888.0,1.9376890435667586
2140,GAM,0.417,888.0,1.9376890435667586
2537,GAM,0.417,888.0,1.9376890435667586
64,GAM,0.416,891.0,1.9330423072512508
482,GAM,0.416,891.0,1.9330423072512508
613,GAM,0.415,893.0,1.928395570935743
1415,GAM,0.415,893.0,1.928395570935743
1537,GAM,0.415,893.0,1.928395570935743
2338,GAM,0.415,893.0,1.928395570935743
2418,GAM,0.415,893.0,1.928395570935743
29,GAM,0.414,898.0,1.9237488346202352
603,GAM,0.414,898.0,1.9237488346202352
708,GAM,0.414,898.0,1.9237488346202352
2437,GAM,0.414,898.0,1.9237488346202352
2676,GAM,0.414,898.0,1.9237488346202352
654,GAM,0.413,903.0,1.9191020983047273
1875,GAM,0.413,903.0,1.9191020983047273
2444,GAM,0.413,903.0,1.9191020983047273
1329,GAM,0.412,906.0,1.9144553619892195
1608,GAM,0.412,906.0,1.9144553619892195
2372,GAM,0.412,906.0,1.9144553619892195
245,GAM,0.411,909.0,1.9098086256737117
1858,GAM,0.411,909.0,1.9098086256737117
967,GAM,0.41,911.0,1.9051618893582039
1829,GAM,0.41,911.0,1.9051618893582039
1943,GAM,0.41,911.0,1.9051618893582039
2178,GAM,0.41,911.0,1.9051618893582039
800,GAM,0.409,915.0,1.900515153042696
860,GAM,0.409,915.0,1.900515153042696
1500,GAM,0.409,915.0,1.900515153042696
2078,GAM,0.409,915.0,1.900515153042696
2104,GAM,0.409,915.0,1.900515153042696
2107,GAM,0.409,915.0,1.900515153042696
2441,GAM,0.409,915.0,1.900515153042696
2561,GAM,0.409,915.0,1.900515153042696
2605,GAM,0.409,915.0,1.900515153042696
1347,GAM,0.408,924.0,1.8958684167271882
1538,GAM,0.408,924.0,1.8958684167271882
1733,GAM,0.408,924.0,1.8958684167271882
349,GAM,0.407,927.0,1.8912216804116804
1948,GAM,0.407,927.0,1.8912216804116804
2250,GAM,0.407,927.0,1.8912216804116804
2682,GAM,0.407,927.0,1.8912216804116804
2684,GAM,0.407,927.0,1.8912216804116804
2716,GAM,0.407,927.0,1.8912216804116804
281,GAM,0.406,933.0,1.886574944096173
1035,GAM,0.406,933.0,1.886574944096173
1267,GAM,0.406,933.0,1.886574944096173
1806,GAM,0.406,933.0,1.886574944096173
1953,GAM,0.406,933.0,1.886574944096173
845,GAM,0.405,938.0,1.8819282077806652
1828,GAM,0.405,938.0,1.8819282077806652
17,GAM,0.404,940.0,1.8772814714651573
1380,GAM,0.404,940.0,1.8772814714651573
559,GAM,0.403,942.0,1.8726347351496495
713,GAM,0.403,942.0,1.8726347351496495
1317,GAM,0.403,942.0,1.8726347351496495
169,GAM,0.402,945.0,1.8679879988341417
469,GAM,0.402,945.0,1.8679879988341417
816,GAM,0.402,945.0,1.8679879988341417
1378,GAM,0.402,945.0,1.8679879988341417
1407,GAM,0.402,945.0,1.8679879988341417
2680,GAM,0.402,945.0,1.8679879988341417
562,GAM,0.401,951.0,1.8633412625186339
1302,GAM,0.401,951.0,1.8633412625186339
1952,GAM,0.401,951.0,1.8633412625186339
2114,GAM,0.401,951.0,1.8633412625186339
2622,GAM,0.401,951.0,1.8633412625186339
1146,GAM,0.4,956.0,1.858694526203126
1207,GAM,0.4,956.0,1.858694526203126
1363,GAM,0.4,956.0,1.858694526203126
2220,GAM,0.4,956.0,1.858694526203126
414,GAM,0.399,960.0,1.8540477898876182
659,GAM,0.399,960.0,1.8540477898876182
710,GAM,0.399,960.0,1.8540477898876182
1017,GAM,0.399,960.0,1.8540477898876182
1989,GAM,0.399,960.0,1.8540477898876182
2136,GAM,0.399,960.0,1.8540477898876182
2524,GAM,0.399,960.0,1.8540477898876182
2571,GAM,0.399,960.0,1.8540477898876182
1807,GAM,0.398,968.0,1.8494010535721104
622,GAM,0.397,969.0,1.8447543172566025
2128,GAM,0.397,969.0,1.8447543172566025
234,GAM,0.396,971.0,1.8401075809410947
883,GAM,0.396,971.0,1.8401075809410947
2737,GAM,0.396,971.0,1.8401075809410947
1873,GAM,0.395,974.0,1.835460844625587
2745,GAM,0.395,974.0,1.835460844625587
43,GAM,0.394,976.0,1.830814108310079
225,GAM,0.394,976.0,1.830814108310079
523,GAM,0.394,976.0,1.830814108310079
721,GAM,0.394,976.0,1.830814108310079
1405,GAM,0.394,976.0,1.830814108310079
1622,GAM,0.394,976.0,1.830814108310079
1798,GAM,0.394,976.0,1.830814108310079
2248,GAM,0.394,976.0,1.830814108310079
61,GAM,0.393,984.0,1.8261673719945712
705,GAM,0.393,984.0,1.8261673719945712
745,GAM,0.393,984.0,1.8261673719945712
1566,GAM,0.393,984.0,1.8261673719945712
1640,GAM,0.393,984.0,1.8261673719945712
1891,GAM,0.393,984.0,1.8261673719945712
1962,GAM,0.393,984.0,1.8261673719945712
2151,GAM,0.393,984.0,1.8261673719945712
2496,GAM,0.393,984.0,1.8261673719945712
1246,GAM,0.392,993.0,1.8215206356790634
1986,GAM,0.392,993.0,1.8215206356790634
97,GAM,0.391,995.0,1.8168738993635556
735,GAM,0.391,995.0,1.8168738993635556
783,GAM,0.391,995.0,1.8168738993635556
891,GAM,0.391,995.0,1.8168738993635556
1272,GAM,0.391,995.0,1.8168738993635556
1609,GAM,0.391,995.0,1.8168738993635556
1835,GAM,0.391,995.0,1.8168738993635556
2759,GAM,0.391,995.0,1.8168738993635556
548,GAM,0.39,1003.0,1.8122271630480478
1112,GAM,0.39,1003.0,1.8122271630480478
1152,GAM,0.39,1003.0,1.8122271630480478
1224,GAM,0.39,1003.0,1.8122271630480478
1762,GAM,0.39,1003.0,1.8122271630480478
1974,GAM,0.39,1003.0,1.8122271630480478
2638,GAM,0.39,1003.0,1.8122271630480478
1657,GAM,0.389,1010.0,1.80758042673254
1942,GAM,0.389,1010.0,1.80758042673254
2374,GAM,0.389,1010.0,1.80758042673254
130,GAM,0.388,1013.0,1.802933690417032
340,GAM,0.388,1013.0,1.802933690417032
1489,GAM,0.388,1013.0,1.802933690417032
1660,GAM,0.388,1013.0,1.802933690417032
943,GAM,0.387,1017.0,1.7982869541015243
1039,GAM,0.387,1017.0,1.7982869541015243
2242,GAM,0.387,1017.0,1.7982869541015243
2543,GAM,0.387,1017.0,1.7982869541015243
199,GAM,0.386,1021.0,1.7936402177860165
283,GAM,0.386,1021.0,1.7936402177860165
1353,GAM,0.386,1021.0,1.7936402177860165
1877,GAM,0.386,1021.0,1.7936402177860165
2222,GAM,0.386,1021.0,1.7936402177860165
133,GAM,0.385,1026.0,1.7889934814705086
1044,GAM,0.385,1026.0,1.7889934814705086
1596,GAM,0.385,1026.0,1.7889934814705086
752,GAM,0.384,1029.0,1.7843467451550008
2462,GAM,0.384,1029.0,1.7843467451550008
666,GAM,0.383,1031.0,1.779700008839493
1900,GAM,0.383,1031.0,1.779700008839493
2327,GAM,0.383,1031.0,1.779700008839493
2522,GAM,0.383,1031.0,1.779700008839493
2277,GAM,0.382,1035.0,1.7750532725239851
46,GAM,0.381,1036.0,1.7704065362084773
224,GAM,0.381,1036.0,1.7704065362084773
676,GAM,0.381,1036.0,1.7704065362084773
741,GAM,0.381,1036.0,1.7704065362084773
902,GAM,0.381,1036.0,1.7704065362084773
909,GAM,0.381,1036.0,1.7704065362084773
1728,GAM,0.381,1036.0,1.7704065362084773
65,GAM,0.38,1043.0,1.7657597998929695
458,GAM,0.38,1043.0,1.7657597998929695
1005,GAM,0.38,1043.0,1.7657597998929695
1155,GAM,0.38,1043.0,1.7657597998929695
1315,GAM,0.38,1043.0,1.7657597998929695
1781,GAM,0.38,1043.0,1.7657597998929695
2045,GAM,0.38,1043.0,1.7657597998929695
2279,GAM,0.38,1043.0,1.7657597998929695
2367,GAM,0.38,1043.0,1.7657597998929695
819,GAM,0.379,1052.0,1.7611130635774617
1021,GAM,0.379,1052.0,1.7611130635774617
2079,GAM,0.379,1052.0,1.7611130635774617
822,GAM,0.378,1055.0,1.756466327261954
2108,GAM,0.378,1055.0,1.756466327261954
2735,GAM,0.378,1055.0,1.756466327261954
1897,GAM,0.377,1058.0,1.7518195909464462
2186,GAM,0.377,1058.0,1.7518195909464462
164,GAM,0.376,1060.0,1.7471728546309384
364,GAM,0.376,1060.0,1.7471728546309384
1599,GAM,0.376,1060.0,1.7471728546309384
2602,GAM,0.376,1060.0,1.7471728546309384
141,GAM,0.375,1064.0,1.7425261183154306
2457,GAM,0.375,1064.0,1.7425261183154306
2488,GAM,0.375,1064.0,1.7425261183154306
1544,GAM,0.374,1067.0,1.7378793819999228
1691,GAM,0.374,1067.0,1.7378793819999228
1939,GAM,0.374,1067.0,1.7378793819999228
2226,GAM,0.374,1067.0,1.7378793819999228
1890,GAM,0.373,1071.0,1.733232645684415
2354,GAM,0.373,1071.0,1.733232645684415
376,GAM,0.372,1073.0,1.728585909368907
445,GAM,0.372,1073.0,1.728585909368907
962,GAM,0.372,1073.0,1.728585909368907
1388,GAM,0.372,1073.0,1.728585909368907
1860,GAM,0.372,1073.0,1.728585909368907
2258,GAM,0.372,1073.0,1.728585909368907
2590,GAM,0.372,1073.0,1.728585909368907
2615,GAM,0.372,1073.0,1.728585909368907
208,GAM,0.371,1081.0,1.7239391730533993
918,GAM,0.371,1081.0,1.7239391730533993
1699,GAM,0.371,1081.0,1.7239391730533993
768,GAM,0.37,1084.0,1.7192924367378914
2412,GAM,0.37,1084.0,1.7192924367378914
2473,GAM,0.37,1084.0,1.7192924367378914
2573,GAM,0.37,1084.0,1.7192924367378914
2594,GAM,0.37,1084.0,1.7192924367378914
2691,GAM,0.37,1084.0,1.7192924367378914
99,GAM,0.369,1090.0,1.7146457004223836
474,GAM,0.369,1090.0,1.7146457004223836
1219,GAM,0.369,1090.0,1.7146457004223836
1308,GAM,0.369,1090.0,1.7146457004223836
1394,GAM,0.369,1090.0,1.7146457004223836
1966,GAM,0.369,1090.0,1.7146457004223836
1976,GAM,0.369,1090.0,1.7146457004223836
2526,GAM,0.369,1090.0,1.7146457004223836
122,GAM,0.368,1098.0,1.7099989641068758
743,GAM,0.368,1098.0,1.7099989641068758
1352,GAM,0.368,1098.0,1.7099989641068758
1773,GAM,0.368,1098.0,1.7099989641068758
2115,GAM,0.368,1098.0,1.7099989641068758
513,GAM,0.367,1103.0,1.705352227791368
526,GAM,0.367,1103.0,1.705352227791368
1023,GAM,0.367,1103.0,1.705352227791368
2036,GAM,0.367,1103.0,1.705352227791368
2568,GAM,0.367,1103.0,1.705352227791368
1541,GAM,0.366,1108.0,1.7007054914758601
1654,GAM,0.366,1108.0,1.7007054914758601
1788,GAM,0.366,1108.0,1.7007054914758601
1852,GAM,0.366,1108.0,1.7007054914758601
464,GAM,0.365,1112.0,1.6960587551603523
2206,GAM,0.365,1112.0,1.6960587551603523
2699,GAM,0.365,1112.0,1.6960587551603523
87,GAM,0.364,1115.0,1.6914120188448445
174,GAM,0.364,1115.0,1.6914120188448445
449,GAM,0.364,1115.0,1.6914120188448445
625,GAM,0.364,1115.0,1.6914120188448445
782,GAM,0.364,1115.0,1.6914120188448445
1888,GAM,0.364,1115.0,1.6914120188448445
2241,GAM,0.364,1115.0,1.6914120188448445
2657,GAM,0.364,1115.0,1.6914120188448445
119,GAM,0.363,1123.0,1.6867652825293367
578,GAM,0.363,1123.0,1.6867652825293367
835,GAM,0.363,1123.0,1.6867652825293367
1736,GAM,0.363,1123.0,1.6867652825293367
2278,GAM,0.363,1123.0,1.6867652825293367
2447,GAM,0.363,1123.0,1.6867652825293367
2489,GAM,0.363,1123.0,1.6867652825293367
153,GAM,0.362,1130.0,1.6821185462138288
221,GAM,0.362,1130.0,1.6821185462138288
400,GAM,0.362,1130.0,1.6821185462138288
533,GAM,0.362,1130.0,1.6821185462138288
596,GAM,0.362,1130.0,1.6821185462138288
1085,GAM,0.362,1130.0,1.6821185462138288
2014,GAM,0.362,1130.0,1.6821185462138288
684,GAM,0.361,1137.0,1.677471809898321
803,GAM,0.361,1137.0,1.677471809898321
1747,GAM,0.361,1137.0,1.677471809898321
333,GAM,0.36,1140.0,1.6728250735828132
536,GAM,0.36,1140.0,1.6728250735828132
935,GAM,0.36,1140.0,1.6728250735828132
1510,GAM,0.36,1140.0,1.6728250735828132
2216,GAM,0.36,1140.0,1.6728250735828132
2233,GAM,0.36,1140.0,1.6728250735828132
2301,GAM,0.36,1140.0,1.6728250735828132
2642,GAM,0.36,1140.0,1.6728250735828132
308,GAM,0.359,1148.0,1.6681783372673054
2388,GAM,0.359,1148.0,1.6681783372673054
2484,GAM,0.359,1148.0,1.6681783372673054
2532,GAM,0.359,1148.0,1.6681783372673054
2611,GAM,0.359,1148.0,1.6681783372673054
2750,GAM,0.359,1148.0,1.6681783372673054
3,GAM,0.358,1154.0,1.6635316009517975
12,GAM,0.358,1154.0,1.6635316009517975
63,GAM,0.358,1154.0,1.6635316009517975
734,GAM,0.358,1154.0,1.6635316009517975
924,GAM,0.358,1154.0,1.6635316009517975
1796,GAM,0.358,1154.0,1.6635316009517975
2519,GAM,0.358,1154.0,1.6635316009517975
653,GAM,0.357,1161.0,1.6588848646362897
1178,GAM,0.357,1161.0,1.6588848646362897
1563,GAM,0.357,1161.0,1.6588848646362897
2582,GAM,0.357,1161.0,1.6588848646362897
204,GAM,0.356,1165.0,1.6542381283207819
235,GAM,0.356,1165.0,1.6542381283207819
497,GAM,0.356,1165.0,1.6542381283207819
575,GAM,0.356,1165.0,1.6542381283207819
755,GAM,0.356,1165.0,1.6542381283207819
1342,GAM,0.356,1165.0,1.6542381283207819
1646,GAM,0.356,1165.0,1.6542381283207819
1802,GAM,0.356,1165.0,1.6542381283207819
2060,GAM,0.356,1165.0,1.6542381283207819
350,GAM,0.355,1174.0,1.649591392005274
503,GAM,0.355,1174.0,1.649591392005274
549,GAM,0.355,1174.0,1.649591392005274
1081,GAM,0.355,1174.0,1.649591392005274
1461,GAM,0.355,1174.0,1.649591392005274
2100,GAM,0.355,1174.0,1.649591392005274
2292,GAM,0.355,1174.0,1.649591392005274
2634,GAM,0.355,1174.0,1.649591392005274
950,GAM,0.354,1182.0,1.6449446556897662
1744,GAM,0.354,1182.0,1.6449446556897662
1938,GAM,0.354,1182.0,1.6449446556897662
1993,GAM,0.354,1182.0,1.6449446556897662
2649,GAM,0.354,1182.0,1.6449446556897662
115,GAM,0.353,1187.0,1.6402979193742584
219,GAM,0.353,1187.0,1.6402979193742584
565,GAM,0.353,1187.0,1.6402979193742584
609,GAM,0.353,1187.0,1.6402979193742584
712,GAM,0.353,1187.0,1.6402979193742584
1467,GAM,0.353,1187.0,1.6402979193742584
1569,GAM,0.353,1187.0,1.6402979193742584
890,GAM,0.352,1194.0,1.6356511830587506
956,GAM,0.352,1194.0,1.6356511830587506
1384,GAM,0.352,1194.0,1.6356511830587506
1895,GAM,0.352,1194.0,1.6356511830587506
2162,GAM,0.352,1194.0,1.6356511830587506
2617,GAM,0.352,1194.0,1.6356511830587506
1150,GAM,0.351,1200.0,1.6310044467432427
1973,GAM,0.351,1200.0,1.6310044467432427
2105,GAM,0.351,1200.0,1.6310044467432427
2629,GAM,0.351,1200.0,1.6310044467432427
2697,GAM,0.351,1200.0,1.6310044467432427
869,GAM,0.35,1205.0,1.6263577104277351
976,GAM,0.35,1205.0,1.6263577104277351
1215,GAM,0.35,1205.0,1.6263577104277351
2326,GAM,0.35,1205.0,1.6263577104277351
2464,GAM,0.35,1205.0,1.6263577104277351
365,GAM,0.349,1210.0,1.6217109741122273
1658,GAM,0.349,1210.0,1.6217109741122273
1809,GAM,0.349,1210.0,1.6217109741122273
2176,GAM,0.349,1210.0,1.6217109741122273
2714,GAM,0.349,1210.0,1.6217109741122273
352,GAM,0.348,1215.0,1.6170642377967195
1508,GAM,0.348,1215.0,1.6170642377967195
872,GAM,0.347,1217.0,1.6124175014812117
1768,GAM,0.347,1217.0,1.6124175014812117
2386,GAM,0.347,1217.0,1.6124175014812117
9,GAM,0.346,1220.0,1.6077707651657038
348,GAM,0.346,1220.0,1.6077707651657038
394,GAM,0.346,1220.0,1.6077707651657038
451,GAM,0.346,1220.0,1.6077707651657038
794,GAM,0.346,1220.0,1.6077707651657038
898,GAM,0.346,1220.0,1.6077707651657038
1579,GAM,0.346,1220.0,1.6077707651657038
1673,GAM,0.346,1220.0,1.6077707651657038
1946,GAM,0.346,1220.0,1.6077707651657038
7,GAM,0.345,1229.0,1.603124028850196
205,GAM,0.345,1229.0,1.603124028850196
250,GAM,0.345,1229.0,1.603124028850196
670,GAM,0.345,1229.0,1.603124028850196
792,GAM,0.345,1229.0,1.603124028850196
2528,GAM,0.345,1229.0,1.603124028850196
16,GAM,0.344,1235.0,1.5984772925346882
502,GAM,0.344,1235.0,1.5984772925346882
582,GAM,0.344,1235.0,1.5984772925346882
2512,GAM,0.344,1235.0,1.5984772925346882
248,GAM,0.343,1239.0,1.5938305562191806
1554,GAM,0.343,1239.0,1.5938305562191806
532,GAM,0.342,1241.0,1.5891838199036727
1440,GAM,0.342,1241.0,1.5891838199036727
1516,GAM,0.342,1241.0,1.5891838199036727
895,GAM,0.341,1244.0,1.584537083588165
1108,GAM,0.341,1244.0,1.584537083588165
1704,GAM,0.341,1244.0,1.584537083588165
1789,GAM,0.341,1244.0,1.584537083588165
2245,GAM,0.341,1244.0,1.584537083588165
2334,GAM,0.341,1244.0,1.584537083588165
1418,GAM,0.34,1250.0,1.579890347272657
2251,GAM,0.34,1250.0,1.579890347272657
2321,GAM,0.34,1250.0,1.579890347272657
2333,GAM,0.34,1250.0,1.579890347272657
2643,GAM,0.34,1250.0,1.579890347272657
175,GAM,0.339,1255.0,1.5752436109571493
698,GAM,0.339,1255.0,1.5752436109571493
718,GAM,0.339,1255.0,1.5752436109571493
831,GAM,0.339,1255.0,1.5752436109571493
980,GAM,0.339,1255.0,1.5752436109571493
1137,GAM,0.339,1255.0,1.5752436109571493
1705,GAM,0.339,1255.0,1.5752436109571493
563,GAM,0.338,1262.0,1.5705968746416414
580,GAM,0.338,1262.0,1.5705968746416414
1561,GAM,0.338,1262.0,1.5705968746416414
2173,GAM,0.338,1262.0,1.5705968746416414
362,GAM,0.337,1266.0,1.5659501383261336
671,GAM,0.337,1266.0,1.5659501383261336
1950,GAM,0.337,1266.0,1.5659501383261336
2314,GAM,0.337,1266.0,1.5659501383261336
2381,GAM,0.337,1266.0,1.5659501383261336
45,GAM,0.336,1271.0,1.5613034020106258
805,GAM,0.336,1271.0,1.5613034020106258
886,GAM,0.336,1271.0,1.5613034020106258
1261,GAM,0.336,1271.0,1.5613034020106258
1417,GAM,0.336,1271.0,1.5613034020106258
1483,GAM,0.336,1271.0,1.5613034020106258
1496,GAM,0.336,1271.0,1.5613034020106258
1517,GAM,0.336,1271.0,1.5613034020106258
2185,GAM,0.336,1271.0,1.5613034020106258
4,GAM,0.335,1280.0,1.556656665695118
237,GAM,0.335,1280.0,1.556656665695118
954,GAM,0.335,1280.0,1.556656665695118
1229,GAM,0.335,1280.0,1.556656665695118
1375,GAM,0.335,1280.0,1.556656665695118
1944,GAM,0.335,1280.0,1.556656665695118
1951,GAM,0.335,1280.0,1.556656665695118
1955,GAM,0.335,1280.0,1.556656665695118
1998,GAM,0.335,1280.0,1.556656665695118
2400,GAM,0.335,1280.0,1.556656665695118
568,GAM,0.334,1290.0,1.5520099293796101
1128,GAM,0.334,1290.0,1.5520099293796101
1787,GAM,0.334,1290.0,1.5520099293796101
2153,GAM,0.334,1290.0,1.5520099293796101
2293,GAM,0.334,1290.0,1.5520099293796101
2467,GAM,0.334,1290.0,1.5520099293796101
2670,GAM,0.334,1290.0,1.5520099293796101
478,GAM,0.333,1297.0,1.5473631930641023
2294,GAM,0.333,1297.0,1.5473631930641023
2371,GAM,0.333,1297.0,1.5473631930641023
196,GAM,0.332,1300.0,1.5427164567485945
717,GAM,0.332,1300.0,1.5427164567485945
766,GAM,0.332,1300.0,1.5427164567485945
767,GAM,0.332,1300.0,1.5427164567485945
952,GAM,0.332,1300.0,1.5427164567485945
1240,GAM,0.332,1300.0,1.5427164567485945
1695,GAM,0.332,1300.0,1.5427164567485945
1978,GAM,0.332,1300.0,1.5427164567485945
2049,GAM,0.332,1300.0,1.5427164567485945
41,GAM,0.331,1309.0,1.5380697204330867
342,GAM,0.331,1309.0,1.5380697204330867
2439,GAM,0.331,1309.0,1.5380697204330867
23,GAM,0.33,1312.0,1.5334229841175788
611,GAM,0.33,1312.0,1.5334229841175788
807,GAM,0.33,1312.0,1.5334229841175788
832,GAM,0.33,1312.0,1.5334229841175788
1067,GAM,0.33,1312.0,1.5334229841175788
1138,GAM,0.33,1312.0,1.5334229841175788
1153,GAM,0.33,1312.0,1.5334229841175788
1160,GAM,0.33,1312.0,1.5334229841175788
1491,GAM,0.33,1312.0,1.5334229841175788
2243,GAM,0.33,1312.0,1.5334229841175788
2639,GAM,0.33,1312.0,1.5334229841175788
2658,GAM,0.33,1312.0,1.5334229841175788
18,GAM,0.329,1324.0,1.528776247802071
55,GAM,0.329,1324.0,1.528776247802071
185,GAM,0.329,1324.0,1.528776247802071
433,GAM,0.329,1324.0,1.528776247802071
583,GAM,0.329,1324.0,1.528776247802071
633,GAM,0.329,1324.0,1.528776247802071
722,GAM,0.329,1324.0,1.528776247802071
1629,GAM,0.329,1324.0,1.528776247802071
2415,GAM,0.329,1324.0,1.528776247802071
111,GAM,0.328,1333.0,1.5241295114865632
450,GAM,0.328,1333.0,1.5241295114865632
857,GAM,0.328,1333.0,1.5241295114865632
897,GAM,0.328,1333.0,1.5241295114865632
1102,GAM,0.328,1333.0,1.5241295114865632
1763,GAM,0.328,1333.0,1.5241295114865632
1937,GAM,0.328,1333.0,1.5241295114865632
2640,GAM,0.328,1333.0,1.5241295114865632
2760,GAM,0.328,1333.0,1.5241295114865632
441,GAM,0.327,1342.0,1.5194827751710556
728,GAM,0.327,1342.0,1.5194827751710556
906,GAM,0.327,1342.0,1.5194827751710556
1120,GAM,0.327,1342.0,1.5194827751710556
2025,GAM,0.327,1342.0,1.5194827751710556
2027,GAM,0.327,1342.0,1.5194827751710556
2302,GAM,0.327,1342.0,1.5194827751710556
2628,GAM,0.327,1342.0,1.5194827751710556
388,GAM,0.326,1350.0,1.5148360388555477
702,GAM,0.326,1350.0,1.5148360388555477
1422,GAM,0.326,1350.0,1.5148360388555477
1442,GAM,0.326,1350.0,1.5148360388555477
1562,GAM,0.326,1350.0,1.5148360388555477
2065,GAM,0.326,1350.0,1.5148360388555477
2135,GAM,0.326,1350.0,1.5148360388555477
2217,GAM,0.326,1350.0,1.5148360388555477
2562,GAM,0.326,1350.0,1.5148360388555477
337,GAM,0.325,1359.0,1.51018930254004
447,GAM,0.325,1359.0,1.51018930254004
2148,GAM,0.325,1359.0,1.51018930254004
2695,GAM,0.325,1359.0,1.51018930254004
2756,GAM,0.325,1359.0,1.51018930254004
157,GAM,0.324,1364.0,1.505542566224532
630,GAM,0.324,1364.0,1.505542566224532
1180,GAM,0.324,1364.0,1.505542566224532
1328,GAM,0.324,1364.0,1.505542566224532
2083,GAM,0.324,1364.0,1.505542566224532
2184,GAM,0.324,1364.0,1.505542566224532
155,GAM,0.323,1370.0,1.5008958299090243
236,GAM,0.323,1370.0,1.5008958299090243
541,GAM,0.323,1370.0,1.5008958299090243
1257,GAM,0.323,1370.0,1.5008958299090243
2282,GAM,0.323,1370.0,1.5008958299090243
2720,GAM,0.323,1370.0,1.5008958299090243
195,GAM,0.322,1376.0,1.4962490935935164
422,GAM,0.322,1376.0,1.4962490935935164
683,GAM,0.322,1376.0,1.4962490935935164
862,GAM,0.322,1376.0,1.4962490935935164
1014,GAM,0.322,1376.0,1.4962490935935164
1097,GAM,0.322,1376.0,1.4962490935935164
1577,GAM,0.322,1376.0,1.4962490935935164
1685,GAM,0.322,1376.0,1.4962490935935164
2066,GAM,0.322,1376.0,1.4962490935935164
279,GAM,0.321,1385.0,1.4916023572780086
366,GAM,0.321,1385.0,1.4916023572780086
689,GAM,0.321,1385.0,1.4916023572780086
846,GAM,0.321,1385.0,1.4916023572780086
1170,GAM,0.321,1385.0,1.4916023572780086
1535,GAM,0.321,1385.0,1.4916023572780086
1591,GAM,0.321,1385.0,1.4916023572780086
2244,GAM,0.321,1385.0,1.4916023572780086
2403,GAM,0.321,1385.0,1.4916023572780086
258,GAM,0.32,1394.0,1.4869556209625008
516,GAM,0.32,1394.0,1.4869556209625008
1843,GAM,0.32,1394.0,1.4869556209625008
2361,GAM,0.32,1394.0,1.4869556209625008
37,GAM,0.319,1398.0,1.482308884646993
481,GAM,0.319,1398.0,1.482308884646993
530,GAM,0.319,1398.0,1.482308884646993
957,GAM,0.319,1398.0,1.482308884646993
1022,GAM,0.319,1398.0,1.482308884646993
1069,GAM,0.319,1398.0,1.482308884646993
1200,GAM,0.319,1398.0,1.482308884646993
1706,GAM,0.319,1398.0,1.482308884646993
2156,GAM,0.319,1398.0,1.482308884646993
2231,GAM,0.319,1398.0,1.482308884646993
2621,GAM,0.319,1398.0,1.482308884646993
372,GAM,0.318,1409.0,1.4776621483314851
495,GAM,0.318,1409.0,1.4776621483314851
1926,GAM,0.318,1409.0,1.4776621483314851
2133,GAM,0.318,1409.0,1.4776621483314851
2150,GAM,0.318,1409.0,1.4776621483314851
2155,GAM,0.318,1409.0,1.4776621483314851
2228,GAM,0.318,1409.0,1.4776621483314851
2341,GAM,0.318,1409.0,1.4776621483314851
357,GAM,0.317,1417.0,1.4730154120159773
711,GAM,0.317,1417.0,1.4730154120159773
1053,GAM,0.317,1417.0,1.4730154120159773
1141,GAM,0.317,1417.0,1.4730154120159773
2119,GAM,0.317,1417.0,1.4730154120159773
2168,GAM,0.317,1417.0,1.4730154120159773
834,GAM,0.316,1423.0,1.4683686757004695
1306,GAM,0.316,1423.0,1.4683686757004695
1545,GAM,0.316,1423.0,1.4683686757004695
1782,GAM,0.316,1423.0,1.4683686757004695
2196,GAM,0.316,1423.0,1.4683686757004695
2355,GAM,0.316,1423.0,1.4683686757004695
172,GAM,0.315,1429.0,1.4637219393849616
833,GAM,0.315,1429.0,1.4637219393849616
889,GAM,0.315,1429.0,1.4637219393849616
893,GAM,0.315,1429.0,1.4637219393849616
1854,GAM,0.315,1429.0,1.4637219393849616
1894,GAM,0.315,1429.0,1.4637219393849616
2205,GAM,0.315,1429.0,1.4637219393849616
2237,GAM,0.315,1429.0,1.4637219393849616
2306,GAM,0.315,1429.0,1.4637219393849616
2674,GAM,0.315,1429.0,1.4637219393849616
184,GAM,0.314,1439.0,1.4590752030694538
607,GAM,0.314,1439.0,1.4590752030694538
628,GAM,0.314,1439.0,1.4590752030694538
640,GAM,0.314,1439.0,1.4590752030694538
730,GAM,0.314,1439.0,1.4590752030694538
759,GAM,0.314,1439.0,1.4590752030694538
1079,GAM,0.314,1439.0,1.4590752030694538
1456,GAM,0.314,1439.0,1.4590752030694538
1546,GAM,0.314,1439.0,1.4590752030694538
1643,GAM,0.314,1439.0,1.4590752030694538
1803,GAM,0.314,1439.0,1.4590752030694538
2021,GAM,0.314,1439.0,1.4590752030694538
2291,GAM,0.314,1439.0,1.4590752030694538
2337,GAM,0.314,1439.0,1.4590752030694538
2435,GAM,0.314,1439.0,1.4590752030694538
62,GAM,0.313,1454.0,1.454428466753946
1222,GAM,0.313,1454.0,1.454428466753946
1275,GAM,0.313,1454.0,1.454428466753946
1383,GAM,0.313,1454.0,1.454428466753946
1560,GAM,0.313,1454.0,1.454428466753946
1574,GAM,0.313,1454.0,1.454428466753946
2391,GAM,0.313,1454.0,1.454428466753946
2485,GAM,0.313,1454.0,1.454428466753946
66,GAM,0.312,1462.0,1.4497817304384382
213,GAM,0.312,1462.0,1.4497817304384382
423,GAM,0.312,1462.0,1.4497817304384382
435,GAM,0.312,1462.0,1.4497817304384382
564,GAM,0.312,1462.0,1.4497817304384382
615,GAM,0.312,1462.0,1.4497817304384382
691,GAM,0.312,1462.0,1.4497817304384382
1433,GAM,0.312,1462.0,1.4497817304384382
2118,GAM,0.312,1462.0,1.4497817304384382
2335,GAM,0.312,1462.0,1.4497817304384382
2702,GAM,0.312,1462.0,1.4497817304384382
145,GAM,0.311,1473.0,1.4451349941229303
186,GAM,0.311,1473.0,1.4451349941229303
263,GAM,0.311,1473.0,1.4451349941229303
413,GAM,0.311,1473.0,1.4451349941229303
448,GAM,0.311,1473.0,1.4451349941229303
591,GAM,0.311,1473.0,1.4451349941229303
811,GAM,0.311,1473.0,1.4451349941229303
915,GAM,0.311,1473.0,1.4451349941229303
1055,GAM,0.311,1473.0,1.4451349941229303
1182,GAM,0.311,1473.0,1.4451349941229303
1621,GAM,0.311,1473.0,1.4451349941229303
2346,GAM,0.311,1473.0,1.4451349941229303
2530,GAM,0.311,1473.0,1.4451349941229303
2575,GAM,0.311,1473.0,1.4451349941229303
2778,GAM,0.311,1473.0,1.4451349941229303
272,GAM,0.31,1488.0,1.4404882578074225
747,GAM,0.31,1488.0,1.4404882578074225
1341,GAM,0.31,1488.0,1.4404882578074225
1451,GAM,0.31,1488.0,1.4404882578074225
1665,GAM,0.31,1488.0,1.4404882578074225
1709,GAM,0.31,1488.0,1.4404882578074225
1766,GAM,0.31,1488.0,1.4404882578074225
1907,GAM,0.31,1488.0,1.4404882578074225
2254,GAM,0.31,1488.0,1.4404882578074225
2613,GAM,0.31,1488.0,1.4404882578074225
2767,GAM,0.31,1488.0,1.4404882578074225
95,GAM,0.309,1499.0,1.4358415214919147
1389,GAM,0.309,1499.0,1.4358415214919147
1581,GAM,0.309,1499.0,1.4358415214919147
2102,GAM,0.309,1499.0,1.4358415214919147
2141,GAM,0.309,1499.0,1.4358415214919147
209,GAM,0.308,1504.0,1.4311947851764069
809,GAM,0.308,1504.0,1.4311947851764069
1124,GAM,0.308,1504.0,1.4311947851764069
1653,GAM,0.308,1504.0,1.4311947851764069
1239,GAM,0.307,1508.0,1.426548048860899
1570,GAM,0.307,1508.0,1.426548048860899
1582,GAM,0.307,1508.0,1.426548048860899
1712,GAM,0.307,1508.0,1.426548048860899
1898,GAM,0.307,1508.0,1.426548048860899
2601,GAM,0.307,1508.0,1.426548048860899
2755,GAM,0.307,1508.0,1.426548048860899
91,GAM,0.306,1515.0,1.4219013125453912
217,GAM,0.306,1515.0,1.4219013125453912
319,GAM,0.306,1515.0,1.4219013125453912
443,GAM,0.306,1515.0,1.4219013125453912
616,GAM,0.306,1515.0,1.4219013125453912
1148,GAM,0.306,1515.0,1.4219013125453912
1367,GAM,0.306,1515.0,1.4219013125453912
1466,GAM,0.306,1515.0,1.4219013125453912
2636,GAM,0.306,1515.0,1.4219013125453912
2769,GAM,0.306,1515.0,1.4219013125453912
2773,GAM,0.306,1515.0,1.4219013125453912
2775,GAM,0.306,1515.0,1.4219013125453912
338,GAM,0.305,1527.0,1.4172545762298834
1117,GAM,0.305,1527.0,1.4172545762298834
1157,GAM,0.305,1527.0,1.4172545762298834
1323,GAM,0.305,1527.0,1.4172545762298834
1447,GAM,0.305,1527.0,1.4172545762298834
1486,GAM,0.305,1527.0,1.4172545762298834
1613,GAM,0.305,1527.0,1.4172545762298834
1956,GAM,0.305,1527.0,1.4172545762298834
1971,GAM,0.305,1527.0,1.4172545762298834
2715,GAM,0.305,1527.0,1.4172545762298834
345,GAM,0.304,1537.0,1.4126078399143756
867,GAM,0.304,1537.0,1.4126078399143756
911,GAM,0.304,1537.0,1.4126078399143756
986,GAM,0.304,1537.0,1.4126078399143756
1593,GAM,0.304,1537.0,1.4126078399143756
1616,GAM,0.304,1537.0,1.4126078399143756
2003,GAM,0.304,1537.0,1.4126078399143756
2187,GAM,0.304,1537.0,1.4126078399143756
2471,GAM,0.304,1537.0,1.4126078399143756
690,GAM,0.303,1546.0,1.4079611035988677
974,GAM,0.303,1546.0,1.4079611035988677
1626,GAM,0.303,1546.0,1.4079611035988677
1959,GAM,0.303,1546.0,1.4079611035988677
1981,GAM,0.303,1546.0,1.4079611035988677
2169,GAM,0.303,1546.0,1.4079611035988677
2236,GAM,0.303,1546.0,1.4079611035988677
2286,GAM,0.303,1546.0,1.4079611035988677
14,GAM,0.302,1554.0,1.40331436728336
686,GAM,0.302,1554.0,1.40331436728336
786,GAM,0.302,1554.0,1.40331436728336
840,GAM,0.302,1554.0,1.40331436728336
892,GAM,0.302,1554.0,1.40331436728336
1113,GAM,0.302,1554.0,1.40331436728336
1985,GAM,0.302,1554.0,1.40331436728336
2000,GAM,0.302,1554.0,1.40331436728336
2050,GAM,0.302,1554.0,1.40331436728336
2377,GAM,0.302,1554.0,1.40331436728336
1,GAM,0.301,1564.0,1.398667630967852
398,GAM,0.301,1564.0,1.398667630967852
426,GAM,0.301,1564.0,1.398667630967852
1268,GAM,0.301,1564.0,1.398667630967852
1977,GAM,0.301,1564.0,1.398667630967852
2256,GAM,0.301,1564.0,1.398667630967852
2646,GAM,0.301,1564.0,1.398667630967852
57,GAM,0.3,1571.0,1.3940208946523442
416,GAM,0.3,1571.0,1.3940208946523442
521,GAM,0.3,1571.0,1.3940208946523442
574,GAM,0.3,1571.0,1.3940208946523442
646,GAM,0.3,1571.0,1.3940208946523442
738,GAM,0.3,1571.0,1.3940208946523442
853,GAM,0.3,1571.0,1.3940208946523442
1214,GAM,0.3,1571.0,1.3940208946523442
2016,GAM,0.3,1571.0,1.3940208946523442
2070,GAM,0.3,1571.0,1.3940208946523442
2088,GAM,0.3,1571.0,1.3940208946523442
2425,GAM,0.3,1571.0,1.3940208946523442
31,GAM,0.299,1583.0,1.3893741583368366
490,GAM,0.299,1583.0,1.3893741583368366
512,GAM,0.299,1583.0,1.3893741583368366
725,GAM,0.299,1583.0,1.3893741583368366
1297,GAM,0.299,1583.0,1.3893741583368366
1334,GAM,0.299,1583.0,1.3893741583368366
1338,GAM,0.299,1583.0,1.3893741583368366
1441,GAM,0.299,1583.0,1.3893741583368366
1720,GAM,0.299,1583.0,1.3893741583368366
1751,GAM,0.299,1583.0,1.3893741583368366
1876,GAM,0.299,1583.0,1.3893741583368366
1949,GAM,0.299,1583.0,1.3893741583368366
2056,GAM,0.299,1583.0,1.3893741583368366
2201,GAM,0.299,1583.0,1.3893741583368366
2479,GAM,0.299,1583.0,1.3893741583368366
2597,GAM,0.299,1583.0,1.3893741583368366
8,GAM,0.298,1599.0,1.3847274220213288
393,GAM,0.298,1599.0,1.3847274220213288
396,GAM,0.298,1599.0,1.3847274220213288
1032,GAM,0.298,1599.0,1.3847274220213288
1330,GAM,0.298,1599.0,1.3847274220213288
1340,GAM,0.298,1599.0,1.3847274220213288
1490,GAM,0.298,1599.0,1.3847274220213288
1731,GAM,0.298,1599.0,1.3847274220213288
1928,GAM,0.298,1599.0,1.3847274220213288
2042,GAM,0.298,1599.0,1.3847274220213288
2082,GAM,0.298,1599.0,1.3847274220213288
2405,GAM,0.298,1599.0,1.3847274220213288
56,GAM,0.297,1611.0,1.380080685705821
78,GAM,0.297,1611.0,1.380080685705821
124,GAM,0.297,1611.0,1.380080685705821
598,GAM,0.297,1611.0,1.380080685705821
855,GAM,0.297,1611.0,1.380080685705821
1052,GAM,0.297,1611.0,1.380080685705821
1990,GAM,0.297,1611.0,1.380080685705821
2461,GAM,0.297,1611.0,1.380080685705821
2550,GAM,0.297,1611.0,1.380080685705821
246,GAM,0.296,1620.0,1.3754339493903132
545,GAM,0.296,1620.0,1.3754339493903132
1094,GAM,0.296,1620.0,1.3754339493903132
1236,GAM,0.296,1620.0,1.3754339493903132
2006,GAM,0.296,1620.0,1.3754339493903132
2317,GAM,0.296,1620.0,1.3754339493903132
2375,GAM,0.296,1620.0,1.3754339493903132
2698,GAM,0.296,1620.0,1.3754339493903132
2740,GAM,0.296,1620.0,1.3754339493903132
585,GAM,0.295,1629.0,1.3707872130748053
629,GAM,0.295,1629.0,1.3707872130748053
704,GAM,0.295,1629.0,1.3707872130748053
1211,GAM,0.295,1629.0,1.3707872130748053
1333,GAM,0.295,1629.0,1.3707872130748053
1359,GAM,0.295,1629.0,1.3707872130748053
1372,GAM,0.295,1629.0,1.3707872130748053
1392,GAM,0.295,1629.0,1.3707872130748053
1444,GAM,0.295,1629.0,1.3707872130748053
2043,GAM,0.295,1629.0,1.3707872130748053
2059,GAM,0.295,1629.0,1.3707872130748053
2431,GAM,0.295,1629.0,1.3707872130748053
2448,GAM,0.295,1629.0,1.3707872130748053
2539,GAM,0.295,1629.0,1.3707872130748053
247,GAM,0.294,1643.0,1.3661404767592975
594,GAM,0.294,1643.0,1.3661404767592975
682,GAM,0.294,1643.0,1.3661404767592975
709,GAM,0.294,1643.0,1.3661404767592975
896,GAM,0.294,1643.0,1.3661404767592975
1430,GAM,0.294,1643.0,1.3661404767592975
1752,GAM,0.294,1643.0,1.3661404767592975
1770,GAM,0.294,1643.0,1.3661404767592975
1904,GAM,0.294,1643.0,1.3661404767592975
1934,GAM,0.294,1643.0,1.3661404767592975
2048,GAM,0.294,1643.0,1.3661404767592975
2247,GAM,0.294,1643.0,1.3661404767592975
161,GAM,0.293,1655.0,1.3614937404437897
201,GAM,0.293,1655.0,1.3614937404437897
304,GAM,0.293,1655.0,1.3614937404437897
456,GAM,0.293,1655.0,1.3614937404437897
945,GAM,0.293,1655.0,1.3614937404437897
1059,GAM,0.293,1655.0,1.3614937404437897
1068,GAM,0.293,1655.0,1.3614937404437897
1474,GAM,0.293,1655.0,1.3614937404437897
1592,GAM,0.293,1655.0,1.3614937404437897
1721,GAM,0.293,1655.0,1.3614937404437897
1805,GAM,0.293,1655.0,1.3614937404437897
1864,GAM,0.293,1655.0,1.3614937404437897
1887,GAM,0.293,1655.0,1.3614937404437897
2262,GAM,0.293,1655.0,1.3614937404437897
2458,GAM,0.293,1655.0,1.3614937404437897
33,GAM,0.292,1670.0,1.3568470041282819
251,GAM,0.292,1670.0,1.3568470041282819
494,GAM,0.292,1670.0,1.3568470041282819
597,GAM,0.292,1670.0,1.3568470041282819
1056,GAM,0.292,1670.0,1.3568470041282819
1274,GAM,0.292,1670.0,1.3568470041282819
1309,GAM,0.292,1670.0,1.3568470041282819
1455,GAM,0.292,1670.0,1.3568470041282819
1719,GAM,0.292,1670.0,1.3568470041282819
2035,GAM,0.292,1670.0,1.3568470041282819
2647,GAM,0.292,1670.0,1.3568470041282819
202,GAM,0.291,1681.0,1.352200267812774
301,GAM,0.291,1681.0,1.352200267812774
701,GAM,0.291,1681.0,1.352200267812774
1188,GAM,0.291,1681.0,1.352200267812774
1260,GAM,0.291,1681.0,1.352200267812774
1982,GAM,0.291,1681.0,1.352200267812774
2766,GAM,0.291,1681.0,1.352200267812774
256,GAM,0.29,1688.0,1.3475535314972662
289,GAM,0.29,1688.0,1.3475535314972662
600,GAM,0.29,1688.0,1.3475535314972662
612,GAM,0.29,1688.0,1.3475535314972662
795,GAM,0.29,1688.0,1.3475535314972662
1149,GAM,0.29,1688.0,1.3475535314972662
1273,GAM,0.29,1688.0,1.3475535314972662
1635,GAM,0.29,1688.0,1.3475535314972662
2072,GAM,0.29,1688.0,1.3475535314972662
148,GAM,0.289,1697.0,1.3429067951817584
223,GAM,0.289,1697.0,1.3429067951817584
535,GAM,0.289,1697.0,1.3429067951817584
592,GAM,0.289,1697.0,1.3429067951817584
604,GAM,0.289,1697.0,1.3429067951817584
707,GAM,0.289,1697.0,1.3429067951817584
1208,GAM,0.289,1697.0,1.3429067951817584
1292,GAM,0.289,1697.0,1.3429067951817584
1358,GAM,0.289,1697.0,1.3429067951817584
1478,GAM,0.289,1697.0,1.3429067951817584
1666,GAM,0.289,1697.0,1.3429067951817584
2137,GAM,0.289,1697.0,1.3429067951817584
89,GAM,0.288,1709.0,1.3382600588662505
492,GAM,0.288,1709.0,1.3382600588662505
553,GAM,0.288,1709.0,1.3382600588662505
1740,GAM,0.288,1709.0,1.3382600588662505
2039,GAM,0.288,1709.0,1.3382600588662505
2098,GAM,0.288,1709.0,1.3382600588662505
2223,GAM,0.288,1709.0,1.3382600588662505
2580,GAM,0.288,1709.0,1.3382600588662505
2709,GAM,0.288,1709.0,1.3382600588662505
327,GAM,0.287,1718.0,1.3336133225507427
560,GAM,0.287,1718.0,1.3336133225507427
756,GAM,0.287,1718.0,1.3336133225507427
859,GAM,0.287,1718.0,1.3336133225507427
1047,GAM,0.287,1718.0,1.3336133225507427
1316,GAM,0.287,1718.0,1.3336133225507427
1395,GAM,0.287,1718.0,1.3336133225507427
1556,GAM,0.287,1718.0,1.3336133225507427
1812,GAM,0.287,1718.0,1.3336133225507427
1839,GAM,0.287,1718.0,1.3336133225507427
2125,GAM,0.287,1718.0,1.3336133225507427
2172,GAM,0.287,1718.0,1.3336133225507427
2624,GAM,0.287,1718.0,1.3336133225507427
399,GAM,0.286,1731.0,1.328966586235235
651,GAM,0.286,1731.0,1.328966586235235
787,GAM,0.286,1731.0,1.328966586235235
1266,GAM,0.286,1731.0,1.328966586235235
1631,GAM,0.286,1731.0,1.328966586235235
1767,GAM,0.286,1731.0,1.328966586235235
2008,GAM,0.286,1731.0,1.328966586235235
2087,GAM,0.286,1731.0,1.328966586235235
2396,GAM,0.286,1731.0,1.328966586235235
2523,GAM,0.286,1731.0,1.328966586235235
138,GAM,0.285,1741.0,1.324319849919727
487,GAM,0.285,1741.0,1.324319849919727
573,GAM,0.285,1741.0,1.324319849919727
820,GAM,0.285,1741.0,1.324319849919727
1074,GAM,0.285,1741.0,1.324319849919727
1531,GAM,0.285,1741.0,1.324319849919727
2028,GAM,0.285,1741.0,1.324319849919727
2420,GAM,0.285,1741.0,1.324319849919727
2591,GAM,0.285,1741.0,1.324319849919727
2595,GAM,0.285,1741.0,1.324319849919727
2701,GAM,0.285,1741.0,1.324319849919727
296,GAM,0.284,1752.0,1.3196731136042192
309,GAM,0.284,1752.0,1.3196731136042192
347,GAM,0.284,1752.0,1.3196731136042192
643,GAM,0.284,1752.0,1.3196731136042192
675,GAM,0.284,1752.0,1.3196731136042192
762,GAM,0.284,1752.0,1.3196731136042192
1205,GAM,0.284,1752.0,1.3196731136042192
1231,GAM,0.284,1752.0,1.3196731136042192
2410,GAM,0.284,1752.0,1.3196731136042192
2650,GAM,0.284,1752.0,1.3196731136042192
40,GAM,0.283,1762.0,1.3150263772887114
994,GAM,0.283,1762.0,1.3150263772887114
1115,GAM,0.283,1762.0,1.3150263772887114
1164,GAM,0.283,1762.0,1.3150263772887114
1494,GAM,0.283,1762.0,1.3150263772887114
1519,GAM,0.283,1762.0,1.3150263772887114
1761,GAM,0.283,1762.0,1.3150263772887114
2031,GAM,0.283,1762.0,1.3150263772887114
2068,GAM,0.283,1762.0,1.3150263772887114
2693,GAM,0.283,1762.0,1.3150263772887114
167,GAM,0.282,1772.0,1.3103796409732036
436,GAM,0.282,1772.0,1.3103796409732036
525,GAM,0.282,1772.0,1.3103796409732036
540,GAM,0.282,1772.0,1.3103796409732036
667,GAM,0.282,1772.0,1.3103796409732036
990,GAM,0.282,1772.0,1.3103796409732036
1076,GAM,0.282,1772.0,1.3103796409732036
1179,GAM,0.282,1772.0,1.3103796409732036
1645,GAM,0.282,1772.0,1.3103796409732036
1730,GAM,0.282,1772.0,1.3103796409732036
2614,GAM,0.282,1772.0,1.3103796409732036
2763,GAM,0.282,1772.0,1.3103796409732036
2771,GAM,0.282,1772.0,1.3103796409732036
142,GAM,0.281,1785.0,1.305732904657696
390,GAM,0.281,1785.0,1.305732904657696
519,GAM,0.281,1785.0,1.305732904657696
543,GAM,0.281,1785.0,1.305732904657696
1082,GAM,0.281,1785.0,1.305732904657696
1143,GAM,0.281,1785.0,1.305732904657696
1176,GAM,0.281,1785.0,1.305732904657696
1283,GAM,0.281,1785.0,1.305732904657696
1659,GAM,0.281,1785.0,1.305732904657696
1701,GAM,0.281,1785.0,1.305732904657696
2018,GAM,0.281,1785.0,1.305732904657696
2365,GAM,0.281,1785.0,1.305732904657696
2527,GAM,0.281,1785.0,1.305732904657696
102,GAM,0.28,1798.0,1.3010861683421882
206,GAM,0.28,1798.0,1.3010861683421882
226,GAM,0.28,1798.0,1.3010861683421882
368,GAM,0.28,1798.0,1.3010861683421882
1181,GAM,0.28,1798.0,1.3010861683421882
1325,GAM,0.28,1798.0,1.3010861683421882
2074,GAM,0.28,1798.0,1.3010861683421882
112,GAM,0.279,1805.0,1.2964394320266803
341,GAM,0.279,1805.0,1.2964394320266803
660,GAM,0.279,1805.0,1.2964394320266803
777,GAM,0.279,1805.0,1.2964394320266803
784,GAM,0.279,1805.0,1.2964394320266803
808,GAM,0.279,1805.0,1.2964394320266803
882,GAM,0.279,1805.0,1.2964394320266803
1241,GAM,0.279,1805.0,1.2964394320266803
1458,GAM,0.279,1805.0,1.2964394320266803
1696,GAM,0.279,1805.0,1.2964394320266803
1698,GAM,0.279,1805.0,1.2964394320266803
1710,GAM,0.279,1805.0,1.2964394320266803
1784,GAM,0.279,1805.0,1.2964394320266803
2081,GAM,0.279,1805.0,1.2964394320266803
2330,GAM,0.279,1805.0,1.2964394320266803
2398,GAM,0.279,1805.0,1.2964394320266803
2494,GAM,0.279,1805.0,1.2964394320266803
2678,GAM,0.279,1805.0,1.2964394320266803
58,GAM,0.278,1823.0,1.2917926957111725
179,GAM,0.278,1823.0,1.2917926957111725
477,GAM,0.278,1823.0,1.2917926957111725
908,GAM,0.278,1823.0,1.2917926957111725
971,GAM,0.278,1823.0,1.2917926957111725
1753,GAM,0.278,1823.0,1.2917926957111725
1866,GAM,0.278,1823.0,1.2917926957111725
2409,GAM,0.278,1823.0,1.2917926957111725
2713,GAM,0.278,1823.0,1.2917926957111725
305,GAM,0.277,1832.0,1.2871459593956647
473,GAM,0.277,1832.0,1.2871459593956647
1280,GAM,0.277,1832.0,1.2871459593956647
1964,GAM,0.277,1832.0,1.2871459593956647
2097,GAM,0.277,1832.0,1.2871459593956647
2180,GAM,0.277,1832.0,1.2871459593956647
2240,GAM,0.277,1832.0,1.2871459593956647
2360,GAM,0.277,1832.0,1.2871459593956647
2553,GAM,0.277,1832.0,1.2871459593956647
2728,GAM,0.277,1832.0,1.2871459593956647
537,GAM,0.276,1842.0,1.2824992230801568
871,GAM,0.276,1842.0,1.2824992230801568
1101,GAM,0.276,1842.0,1.2824992230801568
1202,GAM,0.276,1842.0,1.2824992230801568
1374,GAM,0.276,1842.0,1.2824992230801568
1477,GAM,0.276,1842.0,1.2824992230801568
1548,GAM,0.276,1842.0,1.2824992230801568
1840,GAM,0.276,1842.0,1.2824992230801568
2303,GAM,0.276,1842.0,1.2824992230801568
85,GAM,0.275,1851.0,1.2778524867646492
590,GAM,0.275,1851.0,1.2778524867646492
1058,GAM,0.275,1851.0,1.2778524867646492
1087,GAM,0.275,1851.0,1.2778524867646492
1996,GAM,0.275,1851.0,1.2778524867646492
2171,GAM,0.275,1851.0,1.2778524867646492
2325,GAM,0.275,1851.0,1.2778524867646492
203,GAM,0.274,1858.0,1.2732057504491414
415,GAM,0.274,1858.0,1.2732057504491414
757,GAM,0.274,1858.0,1.2732057504491414
866,GAM,0.274,1858.0,1.2732057504491414
2069,GAM,0.274,1858.0,1.2732057504491414
2239,GAM,0.274,1858.0,1.2732057504491414
2366,GAM,0.274,1858.0,1.2732057504491414
417,GAM,0.273,1865.0,1.2685590141336336
724,GAM,0.273,1865.0,1.2685590141336336
824,GAM,0.273,1865.0,1.2685590141336336
1127,GAM,0.273,1865.0,1.2685590141336336
1414,GAM,0.273,1865.0,1.2685590141336336
1620,GAM,0.273,1865.0,1.2685590141336336
2007,GAM,0.273,1865.0,1.2685590141336336
2230,GAM,0.273,1865.0,1.2685590141336336
2397,GAM,0.273,1865.0,1.2685590141336336
2572,GAM,0.273,1865.0,1.2685590141336336
2700,GAM,0.273,1865.0,1.2685590141336336
2718,GAM,0.273,1865.0,1.2685590141336336
531,GAM,0.272,1877.0,1.2639122778181258
1013,GAM,0.272,1877.0,1.2639122778181258
1425,GAM,0.272,1877.0,1.2639122778181258
1992,GAM,0.272,1877.0,1.2639122778181258
2058,GAM,0.272,1877.0,1.2639122778181258
2116,GAM,0.272,1877.0,1.2639122778181258
2353,GAM,0.272,1877.0,1.2639122778181258
2358,GAM,0.272,1877.0,1.2639122778181258
178,GAM,0.271,1885.0,1.259265541502618
363,GAM,0.271,1885.0,1.259265541502618
407,GAM,0.271,1885.0,1.259265541502618
589,GAM,0.271,1885.0,1.259265541502618
647,GAM,0.271,1885.0,1.259265541502618
972,GAM,0.271,1885.0,1.259265541502618
1218,GAM,0.271,1885.0,1.259265541502618
1242,GAM,0.271,1885.0,1.259265541502618
1313,GAM,0.271,1885.0,1.259265541502618
2093,GAM,0.271,1885.0,1.259265541502618
2147,GAM,0.271,1885.0,1.259265541502618
92,GAM,0.27,1896.0,1.25461880518711
662,GAM,0.27,1896.0,1.25461880518711
828,GAM,0.27,1896.0,1.25461880518711
1193,GAM,0.27,1896.0,1.25461880518711
1528,GAM,0.27,1896.0,1.25461880518711
1542,GAM,0.27,1896.0,1.25461880518711
1550,GAM,0.27,1896.0,1.25461880518711
1903,GAM,0.27,1896.0,1.25461880518711
1918,GAM,0.27,1896.0,1.25461880518711
2167,GAM,0.27,1896.0,1.25461880518711
2364,GAM,0.27,1896.0,1.25461880518711
2378,GAM,0.27,1896.0,1.25461880518711
114,GAM,0.269,1908.0,1.2499720688716023
493,GAM,0.269,1908.0,1.2499720688716023
514,GAM,0.269,1908.0,1.2499720688716023
661,GAM,0.269,1908.0,1.2499720688716023
1154,GAM,0.269,1908.0,1.2499720688716023
1529,GAM,0.269,1908.0,1.2499720688716023
1564,GAM,0.269,1908.0,1.2499720688716023
1684,GAM,0.269,1908.0,1.2499720688716023
2534,GAM,0.269,1908.0,1.2499720688716023
47,GAM,0.268,1917.0,1.2453253325560945
80,GAM,0.268,1917.0,1.2453253325560945
1051,GAM,0.268,1917.0,1.2453253325560945
1759,GAM,0.268,1917.0,1.2453253325560945
2349,GAM,0.268,1917.0,1.2453253325560945
2440,GAM,0.268,1917.0,1.2453253325560945
19,GAM,0.267,1923.0,1.2406785962405866
150,GAM,0.267,1923.0,1.2406785962405866
618,GAM,0.267,1923.0,1.2406785962405866
744,GAM,0.267,1923.0,1.2406785962405866
1318,GAM,0.267,1923.0,1.2406785962405866
1589,GAM,0.267,1923.0,1.2406785962405866
1683,GAM,0.267,1923.0,1.2406785962405866
284,GAM,0.266,1930.0,1.2360318599250788
770,GAM,0.266,1930.0,1.2360318599250788
781,GAM,0.266,1930.0,1.2360318599250788
1576,GAM,0.266,1930.0,1.2360318599250788
2311,GAM,0.266,1930.0,1.2360318599250788
2348,GAM,0.266,1930.0,1.2360318599250788
2508,GAM,0.266,1930.0,1.2360318599250788
673,GAM,0.265,1937.0,1.231385123609571
1145,GAM,0.265,1937.0,1.231385123609571
1327,GAM,0.265,1937.0,1.231385123609571
1867,GAM,0.265,1937.0,1.231385123609571
2725,GAM,0.265,1937.0,1.231385123609571
128,GAM,0.264,1942.0,1.2267383872940631
165,GAM,0.264,1942.0,1.2267383872940631
326,GAM,0.264,1942.0,1.2267383872940631
432,GAM,0.264,1942.0,1.2267383872940631
544,GAM,0.264,1942.0,1.2267383872940631
703,GAM,0.264,1942.0,1.2267383872940631
858,GAM,0.264,1942.0,1.2267383872940631
1630,GAM,0.264,1942.0,1.2267383872940631
1792,GAM,0.264,1942.0,1.2267383872940631
2214,GAM,0.264,1942.0,1.2267383872940631
2623,GAM,0.264,1942.0,1.2267383872940631
90,GAM,0.263,1953.0,1.2220916509785553
171,GAM,0.263,1953.0,1.2220916509785553
610,GAM,0.263,1953.0,1.2220916509785553
1027,GAM,0.263,1953.0,1.2220916509785553
1089,GAM,0.263,1953.0,1.2220916509785553
1210,GAM,0.263,1953.0,1.2220916509785553
1401,GAM,0.263,1953.0,1.2220916509785553
1409,GAM,0.263,1953.0,1.2220916509785553
1774,GAM,0.263,1953.0,1.2220916509785553
2075,GAM,0.263,1953.0,1.2220916509785553
2253,GAM,0.263,1953.0,1.2220916509785553
2618,GAM,0.263,1953.0,1.2220916509785553
71,GAM,0.262,1965.0,1.2174449146630475
227,GAM,0.262,1965.0,1.2174449146630475
397,GAM,0.262,1965.0,1.2174449146630475
500,GAM,0.262,1965.0,1.2174449146630475
773,GAM,0.262,1965.0,1.2174449146630475
1298,GAM,0.262,1965.0,1.2174449146630475
1618,GAM,0.262,1965.0,1.2174449146630475
1800,GAM,0.262,1965.0,1.2174449146630475
2194,GAM,0.262,1965.0,1.2174449146630475
2235,GAM,0.262,1965.0,1.2174449146630475
2312,GAM,0.262,1965.0,1.2174449146630475
2491,GAM,0.262,1965.0,1.2174449146630475
135,GAM,0.261,1977.0,1.2127981783475397
346,GAM,0.261,1977.0,1.2127981783475397
385,GAM,0.261,1977.0,1.2127981783475397
1204,GAM,0.261,1977.0,1.2127981783475397
2570,GAM,0.261,1977.0,1.2127981783475397
2692,GAM,0.261,1977.0,1.2127981783475397
42,GAM,0.26,1983.0,1.2081514420320318
147,GAM,0.26,1983.0,1.2081514420320318
716,GAM,0.26,1983.0,1.2081514420320318
1301,GAM,0.26,1983.0,1.2081514420320318
1612,GAM,0.26,1983.0,1.2081514420320318
1743,GAM,0.26,1983.0,1.2081514420320318
2470,GAM,0.26,1983.0,1.2081514420320318
2556,GAM,0.26,1983.0,1.2081514420320318
2696,GAM,0.26,1983.0,1.2081514420320318
2764,GAM,0.26,1983.0,1.2081514420320318
355,GAM,0.259,1993.0,1.203504705716524
963,GAM,0.259,1993.0,1.203504705716524
1357,GAM,0.259,1993.0,1.203504705716524
1364,GAM,0.259,1993.0,1.203504705716524
1547,GAM,0.259,1993.0,1.203504705716524
1734,GAM,0.259,1993.0,1.203504705716524
1881,GAM,0.259,1993.0,1.203504705716524
2024,GAM,0.259,1993.0,1.203504705716524
2123,GAM,0.259,1993.0,1.203504705716524
2357,GAM,0.259,1993.0,1.203504705716524
2451,GAM,0.259,1993.0,1.203504705716524
5,GAM,0.258,2004.0,1.1988579694010162
190,GAM,0.258,2004.0,1.1988579694010162
198,GAM,0.258,2004.0,1.1988579694010162
360,GAM,0.258,2004.0,1.1988579694010162
401,GAM,0.258,2004.0,1.1988579694010162
621,GAM,0.258,2004.0,1.1988579694010162
785,GAM,0.258,2004.0,1.1988579694010162
1628,GAM,0.258,2004.0,1.1988579694010162
1634,GAM,0.258,2004.0,1.1988579694010162
1738,GAM,0.258,2004.0,1.1988579694010162
1896,GAM,0.258,2004.0,1.1988579694010162
2144,GAM,0.258,2004.0,1.1988579694010162
2289,GAM,0.258,2004.0,1.1988579694010162
2586,GAM,0.258,2004.0,1.1988579694010162
2625,GAM,0.258,2004.0,1.1988579694010162
1332,GAM,0.257,2019.0,1.1942112330855084
1421,GAM,0.257,2019.0,1.1942112330855084
1755,GAM,0.257,2019.0,1.1942112330855084
1797,GAM,0.257,2019.0,1.1942112330855084
2483,GAM,0.257,2019.0,1.1942112330855084
499,GAM,0.256,2024.0,1.1895644967700005
685,GAM,0.256,2024.0,1.1895644967700005
1402,GAM,0.256,2024.0,1.1895644967700005
2445,GAM,0.256,2024.0,1.1895644967700005
2743,GAM,0.256,2024.0,1.1895644967700005
278,GAM,0.255,2029.0,1.1849177604544927
750,GAM,0.255,2029.0,1.1849177604544927
1590,GAM,0.255,2029.0,1.1849177604544927
1694,GAM,0.255,2029.0,1.1849177604544927
1707,GAM,0.255,2029.0,1.1849177604544927
2120,GAM,0.255,2029.0,1.1849177604544927
617,GAM,0.254,2035.0,1.1802710241389849
778,GAM,0.254,2035.0,1.1802710241389849
1066,GAM,0.254,2035.0,1.1802710241389849
1092,GAM,0.254,2035.0,1.1802710241389849
1201,GAM,0.254,2035.0,1.1802710241389849
1269,GAM,0.254,2035.0,1.1802710241389849
1722,GAM,0.254,2035.0,1.1802710241389849
2637,GAM,0.254,2035.0,1.1802710241389849
2688,GAM,0.254,2035.0,1.1802710241389849
216,GAM,0.253,2044.0,1.175624287823477
715,GAM,0.253,2044.0,1.175624287823477
1130,GAM,0.253,2044.0,1.175624287823477
1403,GAM,0.253,2044.0,1.175624287823477
1462,GAM,0.253,2044.0,1.175624287823477
1970,GAM,0.253,2044.0,1.175624287823477
2554,GAM,0.253,2044.0,1.175624287823477
2592,GAM,0.253,2044.0,1.175624287823477
799,GAM,0.252,2052.0,1.1709775515079692
839,GAM,0.252,2052.0,1.1709775515079692
975,GAM,0.252,2052.0,1.1709775515079692
1217,GAM,0.252,2052.0,1.1709775515079692
1303,GAM,0.252,2052.0,1.1709775515079692
1586,GAM,0.252,2052.0,1.1709775515079692
2754,GAM,0.252,2052.0,1.1709775515079692
466,GAM,0.251,2059.0,1.1663308151924614
605,GAM,0.251,2059.0,1.1663308151924614
1028,GAM,0.251,2059.0,1.1663308151924614
1717,GAM,0.251,2059.0,1.1663308151924614
1997,GAM,0.251,2059.0,1.1663308151924614
2112,GAM,0.251,2059.0,1.1663308151924614
2197,GAM,0.251,2059.0,1.1663308151924614
2399,GAM,0.251,2059.0,1.1663308151924614
2661,GAM,0.251,2059.0,1.1663308151924614
813,GAM,0.25,2068.0,1.1616840788769536
1300,GAM,0.25,2068.0,1.1616840788769536
1393,GAM,0.25,2068.0,1.1616840788769536
1536,GAM,0.25,2068.0,1.1616840788769536
1874,GAM,0.25,2068.0,1.1616840788769536
2181,GAM,0.25,2068.0,1.1616840788769536
2744,GAM,0.25,2068.0,1.1616840788769536
6,GAM,0.249,2075.0,1.1570373425614457
353,GAM,0.249,2075.0,1.1570373425614457
870,GAM,0.249,2075.0,1.1570373425614457
1326,GAM,0.249,2075.0,1.1570373425614457
2363,GAM,0.249,2075.0,1.1570373425614457
267,GAM,0.248,2080.0,1.152390606245938
508,GAM,0.248,2080.0,1.152390606245938
1083,GAM,0.248,2080.0,1.152390606245938
1131,GAM,0.248,2080.0,1.152390606245938
1834,GAM,0.248,2080.0,1.152390606245938
1868,GAM,0.248,2080.0,1.152390606245938
2427,GAM,0.248,2080.0,1.152390606245938
83,GAM,0.247,2087.0,1.1477438699304303
275,GAM,0.247,2087.0,1.1477438699304303
706,GAM,0.247,2087.0,1.1477438699304303
848,GAM,0.247,2087.0,1.1477438699304303
864,GAM,0.247,2087.0,1.1477438699304303
1552,GAM,0.247,2087.0,1.1477438699304303
1664,GAM,0.247,2087.0,1.1477438699304303
1725,GAM,0.247,2087.0,1.1477438699304303
2109,GAM,0.247,2087.0,1.1477438699304303
2307,GAM,0.247,2087.0,1.1477438699304303
2395,GAM,0.247,2087.0,1.1477438699304303
2417,GAM,0.247,2087.0,1.1477438699304303
2454,GAM,0.247,2087.0,1.1477438699304303
354,GAM,0.246,2100.0,1.1430971336149225
378,GAM,0.246,2100.0,1.1430971336149225
736,GAM,0.246,2100.0,1.1430971336149225
1213,GAM,0.246,2100.0,1.1430971336149225
2138,GAM,0.246,2100.0,1.1430971336149225
2668,GAM,0.246,2100.0,1.1430971336149225
113,GAM,0.245,2106.0,1.1384503972994147
419,GAM,0.245,2106.0,1.1384503972994147
669,GAM,0.245,2106.0,1.1384503972994147
1173,GAM,0.245,2106.0,1.1384503972994147
1339,GAM,0.245,2106.0,1.1384503972994147
1567,GAM,0.245,2106.0,1.1384503972994147
1571,GAM,0.245,2106.0,1.1384503972994147
1865,GAM,0.245,2106.0,1.1384503972994147
2712,GAM,0.245,2106.0,1.1384503972994147
619,GAM,0.244,2115.0,1.1338036609839068
969,GAM,0.244,2115.0,1.1338036609839068
1925,GAM,0.244,2115.0,1.1338036609839068
2268,GAM,0.244,2115.0,1.1338036609839068
2503,GAM,0.244,2115.0,1.1338036609839068
21,GAM,0.243,2120.0,1.129156924668399
406,GAM,0.243,2120.0,1.129156924668399
681,GAM,0.243,2120.0,1.129156924668399
1046,GAM,0.243,2120.0,1.129156924668399
1072,GAM,0.243,2120.0,1.129156924668399
1174,GAM,0.243,2120.0,1.129156924668399
1351,GAM,0.243,2120.0,1.129156924668399
1600,GAM,0.243,2120.0,1.129156924668399
489,GAM,0.242,2128.0,1.1245101883528912
626,GAM,0.242,2128.0,1.1245101883528912
1786,GAM,0.242,2128.0,1.1245101883528912
2476,GAM,0.242,2128.0,1.1245101883528912
2549,GAM,0.242,2128.0,1.1245101883528912
98,GAM,0.241,2133.0,1.1198634520373834
658,GAM,0.241,2133.0,1.1198634520373834
742,GAM,0.241,2133.0,1.1198634520373834
946,GAM,0.241,2133.0,1.1198634520373834
953,GAM,0.241,2133.0,1.1198634520373834
1209,GAM,0.241,2133.0,1.1198634520373834
1230,GAM,0.241,2133.0,1.1198634520373834
1967,GAM,0.241,2133.0,1.1198634520373834
1987,GAM,0.241,2133.0,1.1198634520373834
2127,GAM,0.241,2133.0,1.1198634520373834
2655,GAM,0.241,2133.0,1.1198634520373834
2749,GAM,0.241,2133.0,1.1198634520373834
2761,GAM,0.241,2133.0,1.1198634520373834
233,GAM,0.24,2146.0,1.1152167157218755
977,GAM,0.24,2146.0,1.1152167157218755
982,GAM,0.24,2146.0,1.1152167157218755
1037,GAM,0.24,2146.0,1.1152167157218755
1050,GAM,0.24,2146.0,1.1152167157218755
1123,GAM,0.24,2146.0,1.1152167157218755
1769,GAM,0.24,2146.0,1.1152167157218755
2229,GAM,0.24,2146.0,1.1152167157218755
2545,GAM,0.24,2146.0,1.1152167157218755
470,GAM,0.239,2155.0,1.1105699794063677
1703,GAM,0.239,2155.0,1.1105699794063677
2376,GAM,0.239,2155.0,1.1105699794063677
2446,GAM,0.239,2155.0,1.1105699794063677
2551,GAM,0.239,2155.0,1.1105699794063677
2751,GAM,0.239,2155.0,1.1105699794063677
105,GAM,0.238,2161.0,1.1059232430908599
386,GAM,0.238,2161.0,1.1059232430908599
1195,GAM,0.238,2161.0,1.1059232430908599
1251,GAM,0.238,2161.0,1.1059232430908599
2166,GAM,0.238,2161.0,1.1059232430908599
2370,GAM,0.238,2161.0,1.1059232430908599
197,GAM,0.237,2167.0,1.101276506775352
271,GAM,0.237,2167.0,1.101276506775352
577,GAM,0.237,2167.0,1.101276506775352
1723,GAM,0.237,2167.0,1.101276506775352
1790,GAM,0.237,2167.0,1.101276506775352
2426,GAM,0.237,2167.0,1.101276506775352
295,GAM,0.236,2173.0,1.0966297704598442
665,GAM,0.236,2173.0,1.0966297704598442
1290,GAM,0.236,2173.0,1.0966297704598442
1724,GAM,0.236,2173.0,1.0966297704598442
1799,GAM,0.236,2173.0,1.0966297704598442
2142,GAM,0.236,2173.0,1.0966297704598442
166,GAM,0.235,2179.0,1.0919830341443364
842,GAM,0.235,2179.0,1.0919830341443364
1237,GAM,0.235,2179.0,1.0919830341443364
1961,GAM,0.235,2179.0,1.0919830341443364
2101,GAM,0.235,2179.0,1.0919830341443364
2265,GAM,0.235,2179.0,1.0919830341443364
2569,GAM,0.235,2179.0,1.0919830341443364
1136,GAM,0.234,2186.0,1.0873362978288288
1278,GAM,0.234,2186.0,1.0873362978288288
2574,GAM,0.234,2186.0,1.0873362978288288
2619,GAM,0.234,2186.0,1.0873362978288288
311,GAM,0.233,2190.0,1.082689561513321
384,GAM,0.233,2190.0,1.082689561513321
1822,GAM,0.233,2190.0,1.082689561513321
2146,GAM,0.233,2190.0,1.082689561513321
2207,GAM,0.233,2190.0,1.082689561513321
2706,GAM,0.233,2190.0,1.082689561513321
2721,GAM,0.233,2190.0,1.082689561513321
299,GAM,0.232,2197.0,1.0780428251978131
739,GAM,0.232,2197.0,1.0780428251978131
1186,GAM,0.232,2197.0,1.0780428251978131
1771,GAM,0.232,2197.0,1.0780428251978131
2182,GAM,0.232,2197.0,1.0780428251978131
2387,GAM,0.232,2197.0,1.0780428251978131
462,GAM,0.231,2203.0,1.0733960888823053
947,GAM,0.231,2203.0,1.0733960888823053
1512,GAM,0.231,2203.0,1.0733960888823053
1605,GAM,0.231,2203.0,1.0733960888823053
1832,GAM,0.231,2203.0,1.0733960888823053
2654,GAM,0.231,2203.0,1.0733960888823053
163,GAM,0.23,2209.0,1.0687493525667975
453,GAM,0.23,2209.0,1.0687493525667975
639,GAM,0.23,2209.0,1.0687493525667975
852,GAM,0.23,2209.0,1.0687493525667975
1813,GAM,0.23,2209.0,1.0687493525667975
2077,GAM,0.23,2209.0,1.0687493525667975
2221,GAM,0.23,2209.0,1.0687493525667975
2463,GAM,0.23,2209.0,1.0687493525667975
1293,GAM,0.229,2217.0,1.0641026162512897
1615,GAM,0.229,2217.0,1.0641026162512897
2154,GAM,0.229,2217.0,1.0641026162512897
2285,GAM,0.229,2217.0,1.0641026162512897
2683,GAM,0.229,2217.0,1.0641026162512897
332,GAM,0.228,2222.0,1.0594558799357818
1587,GAM,0.228,2222.0,1.0594558799357818
2472,GAM,0.228,2222.0,1.0594558799357818
107,GAM,0.227,2225.0,1.054809143620274
554,GAM,0.227,2225.0,1.054809143620274
779,GAM,0.227,2225.0,1.054809143620274
829,GAM,0.227,2225.0,1.054809143620274
1223,GAM,0.227,2225.0,1.054809143620274
1507,GAM,0.227,2225.0,1.054809143620274
1742,GAM,0.227,2225.0,1.054809143620274
2002,GAM,0.227,2225.0,1.054809143620274
2518,GAM,0.227,2225.0,1.054809143620274
2631,GAM,0.227,2225.0,1.054809143620274
2777,GAM,0.227,2225.0,1.054809143620274
328,GAM,0.226,2236.0,1.0501624073047662
754,GAM,0.226,2236.0,1.0501624073047662
1276,GAM,0.226,2236.0,1.0501624073047662
1481,GAM,0.226,2236.0,1.0501624073047662
1880,GAM,0.226,2236.0,1.0501624073047662
1963,GAM,0.226,2236.0,1.0501624073047662
2747,GAM,0.226,2236.0,1.0501624073047662
231,GAM,0.225,2243.0,1.0455156709892583
916,GAM,0.225,2243.0,1.0455156709892583
934,GAM,0.225,2243.0,1.0455156709892583
1288,GAM,0.225,2243.0,1.0455156709892583
1368,GAM,0.225,2243.0,1.0455156709892583
1525,GAM,0.225,2243.0,1.0455156709892583
1555,GAM,0.225,2243.0,1.0455156709892583
1633,GAM,0.225,2243.0,1.0455156709892583
2017,GAM,0.225,2243.0,1.0455156709892583
2051,GAM,0.225,2243.0,1.0455156709892583
2174,GAM,0.225,2243.0,1.0455156709892583
2711,GAM,0.225,2243.0,1.0455156709892583
1133,GAM,0.224,2255.0,1.0408689346737505
1156,GAM,0.224,2255.0,1.0408689346737505
1636,GAM,0.224,2255.0,1.0408689346737505
2041,GAM,0.224,2255.0,1.0408689346737505
2424,GAM,0.224,2255.0,1.0408689346737505
2468,GAM,0.224,2255.0,1.0408689346737505
2555,GAM,0.224,2255.0,1.0408689346737505
2726,GAM,0.224,2255.0,1.0408689346737505
1175,GAM,0.223,2263.0,1.0362221983582427
1588,GAM,0.223,2263.0,1.0362221983582427
1833,GAM,0.223,2263.0,1.0362221983582427
1842,GAM,0.223,2263.0,1.0362221983582427
2548,GAM,0.223,2263.0,1.0362221983582427
268,GAM,0.222,2268.0,1.0315754620427349
1078,GAM,0.222,2268.0,1.0315754620427349
1426,GAM,0.222,2268.0,1.0315754620427349
2032,GAM,0.222,2268.0,1.0315754620427349
446,GAM,0.221,2272.0,1.026928725727227
1557,GAM,0.221,2272.0,1.026928725727227
73,GAM,0.22,2274.0,1.0222819894117192
771,GAM,0.22,2274.0,1.0222819894117192
790,GAM,0.22,2274.0,1.0222819894117192
1110,GAM,0.22,2274.0,1.0222819894117192
1265,GAM,0.22,2274.0,1.0222819894117192
1497,GAM,0.22,2274.0,1.0222819894117192
2271,GAM,0.22,2274.0,1.0222819894117192
109,GAM,0.219,2281.0,1.0176352530962114
680,GAM,0.219,2281.0,1.0176352530962114
1457,GAM,0.219,2281.0,1.0176352530962114
2218,GAM,0.219,2281.0,1.0176352530962114
2350,GAM,0.219,2281.0,1.0176352530962114
2421,GAM,0.219,2281.0,1.0176352530962114
471,GAM,0.218,2287.0,1.0129885167807036
999,GAM,0.218,2287.0,1.0129885167807036
2113,GAM,0.218,2287.0,1.0129885167807036
1452,GAM,0.217,2290.0,1.0083417804651957
1504,GAM,0.217,2290.0,1.0083417804651957
1675,GAM,0.217,2290.0,1.0083417804651957
1899,GAM,0.217,2290.0,1.0083417804651957
2407,GAM,0.217,2290.0,1.0083417804651957
1029,GAM,0.216,2295.0,1.003695044149688
907,GAM,0.215,2296.0,0.9990483078341802
1060,GAM,0.215,2296.0,0.9990483078341802
1387,GAM,0.215,2296.0,0.9990483078341802
2129,GAM,0.215,2296.0,0.9990483078341802
374,GAM,0.214,2300.0,0.9944015715186724
1061,GAM,0.214,2300.0,0.9944015715186724
1103,GAM,0.214,2300.0,0.9944015715186724
1882,GAM,0.214,2300.0,0.9944015715186724
239,GAM,0.213,2304.0,0.9897548352031645
817,GAM,0.213,2304.0,0.9897548352031645
938,GAM,0.213,2304.0,0.9897548352031645
1065,GAM,0.213,2304.0,0.9897548352031645
1365,GAM,0.213,2304.0,0.9897548352031645
1830,GAM,0.213,2304.0,0.9897548352031645
2620,GAM,0.213,2304.0,0.9897548352031645
215,GAM,0.212,2311.0,0.9851080988876567
261,GAM,0.212,2311.0,0.9851080988876567
269,GAM,0.212,2311.0,0.9851080988876567
677,GAM,0.212,2311.0,0.9851080988876567
733,GAM,0.212,2311.0,0.9851080988876567
1446,GAM,0.212,2311.0,0.9851080988876567
1470,GAM,0.212,2311.0,0.9851080988876567
1816,GAM,0.212,2311.0,0.9851080988876567
2040,GAM,0.212,2311.0,0.9851080988876567
737,GAM,0.211,2320.0,0.9804613625721489
772,GAM,0.211,2320.0,0.9804613625721489
989,GAM,0.211,2320.0,0.9804613625721489
2095,GAM,0.211,2320.0,0.9804613625721489
2459,GAM,0.211,2320.0,0.9804613625721489
2460,GAM,0.211,2320.0,0.9804613625721489
2557,GAM,0.211,2320.0,0.9804613625721489
123,GAM,0.21,2327.0,0.9758146262566411
910,GAM,0.21,2327.0,0.9758146262566411
2402,GAM,0.21,2327.0,0.9758146262566411
2686,GAM,0.21,2327.0,0.9758146262566411
240,GAM,0.209,2331.0,0.9711678899411332
788,GAM,0.209,2331.0,0.9711678899411332
804,GAM,0.209,2331.0,0.9711678899411332
1042,GAM,0.209,2331.0,0.9711678899411332
1668,GAM,0.209,2331.0,0.9711678899411332
1844,GAM,0.209,2331.0,0.9711678899411332
2324,GAM,0.209,2331.0,0.9711678899411332
94,GAM,0.208,2338.0,0.9665211536256254
2267,GAM,0.208,2338.0,0.9665211536256254
2322,GAM,0.208,2338.0,0.9665211536256254
2329,GAM,0.208,2338.0,0.9665211536256254
336,GAM,0.207,2342.0,0.9618744173101176
524,GAM,0.207,2342.0,0.9618744173101176
1049,GAM,0.207,2342.0,0.9618744173101176
1785,GAM,0.207,2342.0,0.9618744173101176
1927,GAM,0.207,2342.0,0.9618744173101176
1034,GAM,0.206,2347.0,0.9572276809946098
645,GAM,0.205,2348.0,0.9525809446791019
1366,GAM,0.205,2348.0,0.9525809446791019
2215,GAM,0.205,2348.0,0.9525809446791019
881,GAM,0.204,2351.0,0.9479342083635941
1284,GAM,0.204,2351.0,0.9479342083635941
2331,GAM,0.204,2351.0,0.9479342083635941
880,GAM,0.203,2354.0,0.9432874720480865
1071,GAM,0.203,2354.0,0.9432874720480865
1225,GAM,0.203,2354.0,0.9432874720480865
2382,GAM,0.203,2354.0,0.9432874720480865
2675,GAM,0.202,2358.0,0.9386407357325787
2507,GAM,0.201,2359.0,0.9339939994170708
2559,GAM,0.201,2359.0,0.9339939994170708
430,GAM,0.2,2361.0,0.929347263101563
2111,GAM,0.2,2361.0,0.929347263101563
480,GAM,0.199,2363.0,0.9247005267860552
634,GAM,0.199,2363.0,0.9247005267860552
727,GAM,0.199,2363.0,0.9247005267860552
1075,GAM,0.199,2363.0,0.9247005267860552
2587,GAM,0.198,2367.0,0.9200537904705474
620,GAM,0.197,2368.0,0.9154070541550395
2579,GAM,0.197,2368.0,0.9154070541550395
558,GAM,0.196,2370.0,0.9107603178395317
2729,GAM,0.195,2371.0,0.9061135815240239
2730,GAM,0.195,2371.0,0.9061135815240239
542,GAM,0.194,2373.0,0.901466845208516
1139,GAM,0.194,2373.0,0.901466845208516
1161,GAM,0.194,2373.0,0.901466845208516
1580,GAM,0.194,2373.0,0.901466845208516
1936,GAM,0.194,2373.0,0.901466845208516
1975,GAM,0.194,2373.0,0.901466845208516
2681,GAM,0.194,2373.0,0.901466845208516
182,GAM,0.193,2380.0,0.8968201088930082
1336,GAM,0.193,2380.0,0.8968201088930082
1420,GAM,0.193,2380.0,0.8968201088930082
1718,GAM,0.193,2380.0,0.8968201088930082
356,GAM,0.192,2384.0,0.8921733725775004
1820,GAM,0.192,2384.0,0.8921733725775004
395,GAM,0.191,2386.0,0.8875266362619926
440,GAM,0.191,2386.0,0.8875266362619926
572,GAM,0.191,2386.0,0.8875266362619926
1132,GAM,0.191,2386.0,0.8875266362619926
1435,GAM,0.191,2386.0,0.8875266362619926
118,GAM,0.189,2391.0,0.878233163630977
421,GAM,0.189,2391.0,0.878233163630977
2046,GAM,0.189,2391.0,0.878233163630977
1216,GAM,0.188,2394.0,0.8735864273154692
1168,GAM,0.187,2395.0,0.8689396909999614
1228,GAM,0.187,2395.0,0.8689396909999614
1498,GAM,0.187,2395.0,0.8689396909999614
498,GAM,0.186,2398.0,0.8642929546844536
1063,GAM,0.186,2398.0,0.8642929546844536
2536,GAM,0.186,2398.0,0.8642929546844536
932,GAM,0.185,2401.0,0.8596462183689457
1294,GAM,0.185,2401.0,0.8596462183689457
1795,GAM,0.185,2401.0,0.8596462183689457
1870,GAM,0.185,2401.0,0.8596462183689457
632,GAM,0.184,2405.0,0.8549994820534379
926,GAM,0.184,2405.0,0.8549994820534379
1370,GAM,0.184,2405.0,0.8549994820534379
1386,GAM,0.184,2405.0,0.8549994820534379
2652,GAM,0.184,2405.0,0.8549994820534379
678,GAM,0.183,2410.0,0.8503527457379301
1687,GAM,0.183,2410.0,0.8503527457379301
2263,GAM,0.183,2410.0,0.8503527457379301
139,GAM,0.182,2413.0,0.8457060094224222
1911,GAM,0.182,2413.0,0.8457060094224222
2482,GAM,0.182,2413.0,0.8457060094224222
2492,GAM,0.182,2413.0,0.8457060094224222
232,GAM,0.181,2417.0,0.8410592731069144
461,GAM,0.18,2418.0,0.8364125367914066
1988,GAM,0.18,2418.0,0.8364125367914066
2438,GAM,0.18,2418.0,0.8364125367914066
2499,GAM,0.18,2418.0,0.8364125367914066
1015,GAM,0.179,2422.0,0.8317658004758988
1191,GAM,0.179,2422.0,0.8317658004758988
1331,GAM,0.179,2422.0,0.8317658004758988
1602,GAM,0.179,2422.0,0.8317658004758988
2086,GAM,0.179,2422.0,0.8317658004758988
13,GAM,0.178,2427.0,0.8271190641603909
48,GAM,0.178,2427.0,0.8271190641603909
475,GAM,0.178,2427.0,0.8271190641603909
517,GAM,0.178,2427.0,0.8271190641603909
731,GAM,0.178,2427.0,0.8271190641603909
1434,GAM,0.178,2427.0,0.8271190641603909
1908,GAM,0.178,2427.0,0.8271190641603909
2379,GAM,0.178,2427.0,0.8271190641603909
2465,GAM,0.178,2427.0,0.8271190641603909
801,GAM,0.177,2436.0,0.8224723278448831
2694,GAM,0.177,2436.0,0.8224723278448831
2772,GAM,0.177,2436.0,0.8224723278448831
1679,GAM,0.176,2439.0,0.8178255915293753
1777,GAM,0.176,2439.0,0.8178255915293753
2521,GAM,0.176,2439.0,0.8178255915293753
465,GAM,0.175,2442.0,0.8131788552138676
642,GAM,0.175,2442.0,0.8131788552138676
2288,GAM,0.175,2442.0,0.8131788552138676
2428,GAM,0.175,2442.0,0.8131788552138676
2513,GAM,0.175,2442.0,0.8131788552138676
1319,GAM,0.174,2447.0,0.8085321188983597
2707,GAM,0.174,2447.0,0.8085321188983597
50,GAM,0.173,2449.0,0.8038853825828519
375,GAM,0.173,2449.0,0.8038853825828519
1177,GAM,0.173,2449.0,0.8038853825828519
1801,GAM,0.173,2449.0,0.8038853825828519
1831,GAM,0.173,2449.0,0.8038853825828519
2015,GAM,0.173,2449.0,0.8038853825828519
576,GAM,0.172,2455.0,0.7992386462673441
699,GAM,0.172,2455.0,0.7992386462673441
1346,GAM,0.172,2455.0,0.7992386462673441
68,GAM,0.171,2458.0,0.7945919099518364
108,GAM,0.171,2458.0,0.7945919099518364
949,GAM,0.171,2458.0,0.7945919099518364
1232,GAM,0.171,2458.0,0.7945919099518364
79,GAM,0.17,2462.0,0.7899451736363285
88,GAM,0.17,2462.0,0.7899451736363285
1006,GAM,0.17,2462.0,0.7899451736363285
1057,GAM,0.17,2462.0,0.7899451736363285
1196,GAM,0.17,2462.0,0.7899451736363285
1827,GAM,0.17,2462.0,0.7899451736363285
1991,GAM,0.17,2462.0,0.7899451736363285
2009,GAM,0.17,2462.0,0.7899451736363285
2342,GAM,0.17,2462.0,0.7899451736363285
359,GAM,0.169,2471.0,0.7852984373208207
641,GAM,0.169,2471.0,0.7852984373208207
1495,GAM,0.169,2471.0,0.7852984373208207
2061,GAM,0.169,2471.0,0.7852984373208207
2687,GAM,0.169,2471.0,0.7852984373208207
1299,GAM,0.168,2476.0,0.7806517010053129
2219,GAM,0.168,2476.0,0.7806517010053129
254,GAM,0.167,2478.0,0.7760049646898051
1099,GAM,0.166,2479.0,0.7713582283742972
1376,GAM,0.166,2479.0,0.7713582283742972
1851,GAM,0.166,2479.0,0.7713582283742972
1857,GAM,0.166,2479.0,0.7713582283742972
2121,GAM,0.166,2479.0,0.7713582283742972
912,GAM,0.165,2484.0,0.7667114920587894
329,GAM,0.164,2485.0,0.7620647557432816
936,GAM,0.164,2485.0,0.7620647557432816
984,GAM,0.164,2485.0,0.7620647557432816
2362,GAM,0.164,2485.0,0.7620647557432816
2565,GAM,0.164,2485.0,0.7620647557432816
2577,GAM,0.164,2485.0,0.7620647557432816
331,GAM,0.163,2491.0,0.7574180194277739
644,GAM,0.163,2491.0,0.7574180194277739
1235,GAM,0.163,2491.0,0.7574180194277739
720,GAM,0.162,2494.0,0.752771283112266
987,GAM,0.162,2494.0,0.752771283112266
2202,GAM,0.161,2496.0,0.7481245467967582
2732,GAM,0.161,2496.0,0.7481245467967582
1350,GAM,0.16,2498.0,0.7434778104812504
1553,GAM,0.16,2498.0,0.7434778104812504
793,GAM,0.159,2500.0,0.7388310741657426
315,GAM,0.158,2501.0,0.7341843378502347
1289,GAM,0.158,2501.0,0.7341843378502347
1760,GAM,0.158,2501.0,0.7341843378502347
510,GAM,0.157,2504.0,0.7295376015347269
1038,GAM,0.157,2504.0,0.7295376015347269
1464,GAM,0.157,2504.0,0.7295376015347269
1471,GAM,0.157,2504.0,0.7295376015347269
1603,GAM,0.157,2504.0,0.7295376015347269
1624,GAM,0.157,2504.0,0.7295376015347269
2062,GAM,0.157,2504.0,0.7295376015347269
1817,GAM,0.156,2511.0,0.7248908652192191
1307,GAM,0.155,2512.0,0.7202441289037113
1410,GAM,0.155,2512.0,0.7202441289037113
2193,GAM,0.155,2512.0,0.7202441289037113
760,GAM,0.154,2515.0,0.7155973925882034
1757,GAM,0.154,2515.0,0.7155973925882034
2071,GAM,0.154,2515.0,0.7155973925882034
2558,GAM,0.154,2515.0,0.7155973925882034
1002,GAM,0.153,2519.0,0.7109506562726956
1162,GAM,0.153,2519.0,0.7109506562726956
1463,GAM,0.153,2519.0,0.7109506562726956
2328,GAM,0.153,2519.0,0.7109506562726956
1915,GAM,0.152,2523.0,0.7063039199571878
2011,GAM,0.152,2523.0,0.7063039199571878
2343,GAM,0.152,2523.0,0.7063039199571878
2352,GAM,0.152,2523.0,0.7063039199571878
992,GAM,0.151,2527.0,0.70165718364168
1262,GAM,0.151,2527.0,0.70165718364168
1735,GAM,0.151,2527.0,0.70165718364168
1765,GAM,0.151,2527.0,0.70165718364168
1902,GAM,0.151,2527.0,0.70165718364168
2385,GAM,0.151,2527.0,0.70165718364168
1983,GAM,0.15,2533.0,0.6970104473261721
181,GAM,0.149,2534.0,0.6923637110106644
1449,GAM,0.149,2534.0,0.6923637110106644
1598,GAM,0.149,2534.0,0.6923637110106644
1984,GAM,0.149,2534.0,0.6923637110106644
2478,GAM,0.149,2534.0,0.6923637110106644
2641,GAM,0.149,2534.0,0.6923637110106644
648,GAM,0.148,2540.0,0.6877169746951566
1197,GAM,0.148,2540.0,0.6877169746951566
1632,GAM,0.147,2542.0,0.6830702383796488
1878,GAM,0.147,2542.0,0.6830702383796488
1947,GAM,0.147,2542.0,0.6830702383796488
2143,GAM,0.147,2542.0,0.6830702383796488
2493,GAM,0.147,2542.0,0.6830702383796488
551,GAM,0.146,2547.0,0.6784235020641409
2192,GAM,0.146,2547.0,0.6784235020641409
242,GAM,0.145,2549.0,0.6737767657486331
789,GAM,0.145,2549.0,0.6737767657486331
983,GAM,0.145,2549.0,0.6737767657486331
1256,GAM,0.145,2549.0,0.6737767657486331
1617,GAM,0.145,2549.0,0.6737767657486331
2383,GAM,0.145,2549.0,0.6737767657486331
2510,GAM,0.145,2549.0,0.6737767657486331
2645,GAM,0.145,2549.0,0.6737767657486331
1287,GAM,0.144,2557.0,0.6691300294331253
2124,GAM,0.144,2557.0,0.6691300294331253
2669,GAM,0.144,2557.0,0.6691300294331253
49,GAM,0.143,2560.0,0.6644832931176174
687,GAM,0.143,2560.0,0.6644832931176174
692,GAM,0.143,2560.0,0.6644832931176174
1227,GAM,0.143,2560.0,0.6644832931176174
1362,GAM,0.143,2560.0,0.6644832931176174
1573,GAM,0.143,2560.0,0.6644832931176174
1667,GAM,0.143,2560.0,0.6644832931176174
2190,GAM,0.143,2560.0,0.6644832931176174
2603,GAM,0.143,2560.0,0.6644832931176174
584,GAM,0.142,2569.0,0.6598365568021096
764,GAM,0.142,2569.0,0.6598365568021096
929,GAM,0.142,2569.0,0.6598365568021096
1054,GAM,0.142,2569.0,0.6598365568021096
1091,GAM,0.142,2569.0,0.6598365568021096
2320,GAM,0.142,2569.0,0.6598365568021096
2664,GAM,0.142,2569.0,0.6598365568021096
140,GAM,0.141,2576.0,0.6551898204866018
1003,GAM,0.141,2576.0,0.6551898204866018
1714,GAM,0.141,2576.0,0.6551898204866018
2449,GAM,0.141,2576.0,0.6551898204866018
2502,GAM,0.141,2576.0,0.6551898204866018
20,GAM,0.14,2581.0,0.6505430841710941
30,GAM,0.14,2581.0,0.6505430841710941
103,GAM,0.14,2581.0,0.6505430841710941
1836,GAM,0.14,2581.0,0.6505430841710941
854,GAM,0.139,2585.0,0.6458963478555863
1373,GAM,0.139,2585.0,0.6458963478555863
191,GAM,0.138,2587.0,0.6412496115400784
1187,GAM,0.138,2587.0,0.6412496115400784
1234,GAM,0.138,2587.0,0.6412496115400784
2753,GAM,0.138,2587.0,0.6412496115400784
2626,GAM,0.137,2591.0,0.6366028752245707
380,GAM,0.136,2592.0,0.6319561389090629
993,GAM,0.136,2592.0,0.6319561389090629
1259,GAM,0.136,2592.0,0.6319561389090629
1485,GAM,0.136,2592.0,0.6319561389090629
1671,GAM,0.136,2592.0,0.6319561389090629
2520,GAM,0.136,2592.0,0.6319561389090629
2589,GAM,0.136,2592.0,0.6319561389090629
1024,GAM,0.135,2599.0,0.627309402593555
838,GAM,0.134,2600.0,0.6226626662780472
930,GAM,0.134,2600.0,0.6226626662780472
1030,GAM,0.134,2600.0,0.6226626662780472
1487,GAM,0.134,2600.0,0.6226626662780472
1520,GAM,0.134,2600.0,0.6226626662780472
1741,GAM,0.134,2600.0,0.6226626662780472
2139,GAM,0.134,2600.0,0.6226626662780472
2345,GAM,0.134,2600.0,0.6226626662780472
2413,GAM,0.134,2600.0,0.6226626662780472
2563,GAM,0.134,2600.0,0.6226626662780472
479,GAM,0.133,2610.0,0.6180159299625394
1505,GAM,0.133,2610.0,0.6180159299625394
1509,GAM,0.133,2610.0,0.6180159299625394
1527,GAM,0.133,2610.0,0.6180159299625394
1804,GAM,0.133,2610.0,0.6180159299625394
1850,GAM,0.133,2610.0,0.6180159299625394
2126,GAM,0.133,2610.0,0.6180159299625394
2208,GAM,0.133,2610.0,0.6180159299625394
120,GAM,0.132,2618.0,0.6133691936470316
751,GAM,0.132,2618.0,0.6133691936470316
868,GAM,0.132,2618.0,0.6133691936470316
1000,GAM,0.132,2618.0,0.6133691936470316
1750,GAM,0.132,2618.0,0.6133691936470316
1886,GAM,0.132,2618.0,0.6133691936470316
2308,GAM,0.132,2618.0,0.6133691936470316
2516,GAM,0.132,2618.0,0.6133691936470316
1335,GAM,0.131,2626.0,0.6087224573315237
2165,GAM,0.131,2626.0,0.6087224573315237
67,GAM,0.13,2628.0,0.6040757210160159
207,GAM,0.13,2628.0,0.6040757210160159
273,GAM,0.13,2628.0,0.6040757210160159
1848,GAM,0.13,2628.0,0.6040757210160159
1889,GAM,0.13,2628.0,0.6040757210160159
2304,GAM,0.13,2628.0,0.6040757210160159
2310,GAM,0.13,2628.0,0.6040757210160159
2653,GAM,0.13,2628.0,0.6040757210160159
571,GAM,0.129,2636.0,0.5994289847005081
841,GAM,0.129,2636.0,0.5994289847005081
1064,GAM,0.129,2636.0,0.5994289847005081
1399,GAM,0.129,2636.0,0.5994289847005081
1595,GAM,0.129,2636.0,0.5994289847005081
1737,GAM,0.129,2636.0,0.5994289847005081
2477,GAM,0.129,2636.0,0.5994289847005081
1515,GAM,0.128,2643.0,0.5947822483850003
2414,GAM,0.128,2643.0,0.5947822483850003
2498,GAM,0.128,2643.0,0.5947822483850003
200,GAM,0.127,2646.0,0.5901355120694924
2283,GAM,0.127,2646.0,0.5901355120694924
2666,GAM,0.127,2646.0,0.5901355120694924
1086,GAM,0.126,2649.0,0.5854887757539846
1398,GAM,0.126,2649.0,0.5854887757539846
2433,GAM,0.126,2649.0,0.5854887757539846
1676,GAM,0.125,2652.0,0.5808420394384768
2663,GAM,0.125,2652.0,0.5808420394384768
136,GAM,0.124,2654.0,0.576195303122969
652,GAM,0.124,2654.0,0.576195303122969
919,GAM,0.124,2654.0,0.576195303122969
1310,GAM,0.124,2654.0,0.576195303122969
1745,GAM,0.124,2654.0,0.576195303122969
106,GAM,0.123,2659.0,0.5715485668074612
693,GAM,0.123,2659.0,0.5715485668074612
887,GAM,0.123,2659.0,0.5715485668074612
1245,GAM,0.123,2659.0,0.5715485668074612
1465,GAM,0.123,2659.0,0.5715485668074612
504,GAM,0.122,2664.0,0.5669018304919534
631,GAM,0.122,2664.0,0.5669018304919534
941,GAM,0.122,2664.0,0.5669018304919534
1424,GAM,0.122,2664.0,0.5669018304919534
1821,GAM,0.122,2664.0,0.5669018304919534
723,GAM,0.121,2669.0,0.5622550941764456
1134,GAM,0.121,2669.0,0.5622550941764456
1282,GAM,0.121,2669.0,0.5622550941764456
2,GAM,0.12,2672.0,0.5576083578609378
439,GAM,0.12,2672.0,0.5576083578609378
1104,GAM,0.12,2672.0,0.5576083578609378
1381,GAM,0.12,2672.0,0.5576083578609378
1823,GAM,0.12,2672.0,0.5576083578609378
2596,GAM,0.12,2672.0,0.5576083578609378
2606,GAM,0.12,2672.0,0.5576083578609378
2738,GAM,0.12,2672.0,0.5576083578609378
36,GAM,0.119,2680.0,0.5529616215454299
274,GAM,0.119,2680.0,0.5529616215454299
472,GAM,0.119,2680.0,0.5529616215454299
550,GAM,0.119,2680.0,0.5529616215454299
134,GAM,0.118,2684.0,0.5483148852299221
796,GAM,0.118,2684.0,0.5483148852299221
1732,GAM,0.118,2684.0,0.5483148852299221
2094,GAM,0.118,2684.0,0.5483148852299221
2671,GAM,0.118,2684.0,0.5483148852299221
152,GAM,0.117,2689.0,0.5436681489144144
791,GAM,0.117,2689.0,0.5436681489144144
1247,GAM,0.117,2689.0,0.5436681489144144
1348,GAM,0.117,2689.0,0.5436681489144144
1916,GAM,0.117,2689.0,0.5436681489144144
2500,GAM,0.117,2689.0,0.5436681489144144
2560,GAM,0.117,2689.0,0.5436681489144144
2734,GAM,0.117,2689.0,0.5436681489144144
243,GAM,0.116,2697.0,0.5390214125989066
154,GAM,0.115,2698.0,0.5343746762833987
218,GAM,0.115,2698.0,0.5343746762833987
291,GAM,0.115,2698.0,0.5343746762833987
627,GAM,0.115,2698.0,0.5343746762833987
928,GAM,0.115,2698.0,0.5343746762833987
1095,GAM,0.114,2703.0,0.5297279399678909
1641,GAM,0.114,2703.0,0.5297279399678909
2270,GAM,0.114,2703.0,0.5297279399678909
2340,GAM,0.114,2703.0,0.5297279399678909
2423,GAM,0.114,2703.0,0.5297279399678909
252,GAM,0.113,2708.0,0.5250812036523831
434,GAM,0.113,2708.0,0.5250812036523831
726,GAM,0.113,2708.0,0.5250812036523831
802,GAM,0.113,2708.0,0.5250812036523831
1901,GAM,0.113,2708.0,0.5250812036523831
1726,GAM,0.112,2713.0,0.5204344673368753
2272,GAM,0.112,2713.0,0.5204344673368753
54,GAM,0.111,2715.0,0.5157877310213674
1324,GAM,0.111,2715.0,0.5157877310213674
985,GAM,0.11,2717.0,0.5111409947058596
144,GAM,0.109,2718.0,0.5064942583903518
875,GAM,0.109,2718.0,0.5064942583903518
1206,GAM,0.109,2718.0,0.5064942583903518
939,GAM,0.108,2721.0,0.501847522074844
1198,GAM,0.108,2721.0,0.501847522074844
1249,GAM,0.108,2721.0,0.501847522074844
2535,GAM,0.108,2721.0,0.501847522074844
2604,GAM,0.108,2721.0,0.501847522074844
72,GAM,0.107,2726.0,0.4972007857593362
158,GAM,0.107,2726.0,0.4972007857593362
313,GAM,0.107,2726.0,0.4972007857593362
1379,GAM,0.107,2726.0,0.4972007857593362
229,GAM,0.106,2730.0,0.49255404944382836
285,GAM,0.106,2730.0,0.49255404944382836
921,GAM,0.106,2730.0,0.49255404944382836
948,GAM,0.106,2730.0,0.49255404944382836
1479,GAM,0.106,2730.0,0.49255404944382836
1727,GAM,0.106,2730.0,0.49255404944382836
1941,GAM,0.106,2730.0,0.49255404944382836
2297,GAM,0.106,2730.0,0.49255404944382836
2685,GAM,0.106,2730.0,0.49255404944382836
28,GAM,0.105,2739.0,0.48790731312832053
614,GAM,0.105,2739.0,0.48790731312832053
894,GAM,0.105,2739.0,0.48790731312832053
1917,GAM,0.104,2742.0,0.4832605768128127
2134,GAM,0.104,2742.0,0.4832605768128127
2280,GAM,0.104,2742.0,0.4832605768128127
290,GAM,0.102,2745.0,0.47396710418179705
317,GAM,0.102,2745.0,0.47396710418179705
579,GAM,0.101,2747.0,0.46932036786628933
1638,GAM,0.101,2747.0,0.46932036786628933
1322,GAM,0.1,2749.0,0.4646736315507815
1578,GAM,0.099,2750.0,0.4600268952352737
1859,GAM,0.099,2750.0,0.4600268952352737
2198,GAM,0.099,2750.0,0.4600268952352737
121,GAM,0.098,2753.0,0.45538015891976585
361,GAM,0.098,2753.0,0.45538015891976585
2429,GAM,0.098,2753.0,0.45538015891976585
758,GAM,0.097,2756.0,0.450733422604258
1077,GAM,0.097,2756.0,0.450733422604258
1116,GAM,0.097,2756.0,0.450733422604258
2768,GAM,0.097,2756.0,0.450733422604258
1619,GAM,0.096,2760.0,0.4460866862887502
1713,GAM,0.096,2760.0,0.4460866862887502
515,GAM,0.095,2762.0,0.4414399499732424
595,GAM,0.095,2762.0,0.4414399499732424
1810,GAM,0.095,2762.0,0.4414399499732424
322,GAM,0.093,2765.0,0.4321464773422268
1036,GAM,0.091,2766.0,0.4228530047112111
520,GAM,0.09,2767.0,0.4182062683957033
903,GAM,0.09,2767.0,0.4182062683957033
2336,GAM,0.089,2769.0,0.41355953208019547
1016,GAM,0.087,2770.0,0.40426605944917987
1906,GAM,0.086,2771.0,0.39961932313367204
2064,GAM,0.086,2771.0,0.39961932313367204
383,GAM,0.084,2773.0,0.39032585050265645
884,GAM,0.082,2774.0,0.3810323778716408
1159,GAM,0.08,2775.0,0.3717389052406252
1429,GAM,0.076,2776.0,0.3531519599785939
1642,GAM,0.068,2777.0,0.31597806945453144
663,GAM,0.065,2778.0,0.30203786050800796
2266,RF,2.251,1.0,9.154623902415892
979,RF,2.01,2.0,8.174497576124363
904,RF,1.653,3.0,6.72260920066347
351,RF,1.618,4.0,6.5802672030692655
1931,RF,1.611,5.0,6.551798803550423
1437,RF,1.586,6.0,6.450125948125992
220,RF,1.569,7.0,6.380988406437377
923,RF,1.565,8.0,6.364720749569468
2305,RF,1.51,9.0,6.141040467635717
2583,RF,1.476,10.0,6.002765384258488
1020,RF,1.441,11.0,5.860423386664284
996,RF,1.412,12.0,5.742482874371942
1692,RF,1.412,12.0,5.742482874371942
2177,RF,1.408,14.0,5.726215217504032
1255,RF,1.386,15.0,5.636743104730532
2084,RF,1.307,16.0,5.315456881589325
1105,RF,1.301,17.0,5.291055396287462
1824,RF,1.294,18.0,5.262586996768621
748,RF,1.279,19.0,5.201583283513961
358,RF,1.268,20.0,5.156847227127211
1439,RF,1.263,21.0,5.136512656042324
570,RF,1.249,22.0,5.0795758570046425
262,RF,1.245,23.0,5.063308200136734
968,RF,1.245,23.0,5.063308200136734
2284,RF,1.239,25.0,5.03890671483487
2023,RF,1.233,26.0,5.014505229533007
129,RF,1.231,27.0,5.006371401099051
2029,RF,1.229,28.0,4.998237572665097
2659,RF,1.227,29.0,4.990103744231142
1597,RF,1.224,30.0,4.97790300158021
1475,RF,1.215,31.0,4.941300773627415
2609,RF,1.211,32.0,4.925033116759505
476,RF,1.209,33.0,4.916899288325551
2542,RF,1.202,34.0,4.88843088880671
2010,RF,1.195,35.0,4.859962489287869
2648,RF,1.193,36.0,4.851828660853914
2501,RF,1.188,37.0,4.831494089769027
1250,RF,1.185,38.0,4.819293347118096
2673,RF,1.182,39.0,4.807092604467163
1090,RF,1.174,40.0,4.774557290731345
878,RF,1.172,41.0,4.76642346229739
2552,RF,1.172,41.0,4.76642346229739
1837,RF,1.169,43.0,4.754222719646459
405,RF,1.167,44.0,4.746088891212504
2054,RF,1.156,45.0,4.701352834825753
959,RF,1.145,46.0,4.656616778439004
2052,RF,1.138,47.0,4.628148378920162
292,RF,1.134,48.0,4.611880722052253
2152,RF,1.12,49.0,4.554943923014572
2599,RF,1.12,49.0,4.554943923014572
1220,RF,1.118,51.0,4.546810094580617
1025,RF,1.117,52.0,4.542743180363639
294,RF,1.105,53.0,4.493940209759912
1118,RF,1.088,54.0,4.424802668071298
2047,RF,1.087,55.0,4.420735753854321
1825,RF,1.08,56.0,4.3922673543354795
2076,RF,1.073,57.0,4.363798954816638
93,RF,1.07,58.0,4.351598212165706
538,RF,1.066,59.0,4.335330555297798
2319,RF,1.065,60.0,4.33126364108082
377,RF,1.064,61.0,4.327196726863843
214,RF,1.059,62.0,4.306862155778956
561,RF,1.058,63.0,4.302795241561979
874,RF,1.054,64.0,4.28652758469407
527,RF,1.052,65.0,4.278393756260115
2469,RF,1.052,65.0,4.278393756260115
429,RF,1.045,67.0,4.249925356741274
601,RF,1.042,68.0,4.237724614090342
885,RF,1.04,69.0,4.229590785656388
2161,RF,1.04,69.0,4.229590785656388
244,RF,1.037,71.0,4.217390043005455
775,RF,1.037,71.0,4.217390043005455
1321,RF,1.036,73.0,4.2133231287884785
1488,RF,1.036,73.0,4.2133231287884785
1623,RF,1.028,75.0,4.1807878150526605
194,RF,1.026,76.0,4.172653986618705
1910,RF,1.026,76.0,4.172653986618705
951,RF,1.022,78.0,4.156386329750797
75,RF,1.021,79.0,4.152319415533818
1411,RF,1.02,80.0,4.148252501316842
2422,RF,1.015,81.0,4.127917930231955
965,RF,1.014,82.0,4.123851016014978
825,RF,1.009,83.0,4.103516444930091
1502,RF,1.008,84.0,4.099449530713114
485,RF,0.997,85.0,4.0547134743263635
900,RF,0.997,85.0,4.0547134743263635
318,RF,0.994,87.0,4.042512731675432
1661,RF,0.994,87.0,4.042512731675432
2705,RF,0.993,89.0,4.038445817458455
1922,RF,0.989,90.0,4.022178160590546
2505,RF,0.989,90.0,4.022178160590546
1312,RF,0.985,92.0,4.005910503722636
2063,RF,0.98,93.0,3.98557593263775
2689,RF,0.979,94.0,3.9815090184207724
879,RF,0.978,95.0,3.9774421042037953
187,RF,0.976,96.0,3.9693082757698406
1390,RF,0.976,96.0,3.9693082757698406
2566,RF,0.974,98.0,3.961174447335886
1549,RF,0.969,99.0,3.9408398762509997
2704,RF,0.969,99.0,3.9408398762509997
1814,RF,0.964,101.0,3.920505305166113
2110,RF,0.963,102.0,3.9164383909491356
1271,RF,0.958,103.0,3.8961038198642495
650,RF,0.954,104.0,3.87983616299634
836,RF,0.954,104.0,3.87983616299634
1856,RF,0.951,106.0,3.867635420345408
1754,RF,0.95,107.0,3.863568506128431
991,RF,0.948,108.0,3.8554346776944763
2183,RF,0.948,108.0,3.8554346776944763
1559,RF,0.947,110.0,3.8513677634774988
170,RF,0.945,111.0,3.8432339350435445
797,RF,0.943,112.0,3.8351001066095898
1779,RF,0.943,112.0,3.8351001066095898
1096,RF,0.94,114.0,3.822899363958658
955,RF,0.938,115.0,3.814765535524703
2456,RF,0.936,116.0,3.806631707090749
2600,RF,0.936,116.0,3.806631707090749
2612,RF,0.934,118.0,3.7984978786567947
937,RF,0.933,119.0,3.794430964439817
32,RF,0.932,120.0,3.79036405022284
1905,RF,0.932,120.0,3.79036405022284
1459,RF,0.929,122.0,3.778163307571908
59,RF,0.926,123.0,3.7659625649209763
69,RF,0.926,123.0,3.7659625649209763
2213,RF,0.922,125.0,3.749694908053067
39,RF,0.921,126.0,3.7456279938360897
552,RF,0.921,126.0,3.7456279938360897
1252,RF,0.92,128.0,3.7415610796191126
132,RF,0.918,129.0,3.733427251185158
149,RF,0.918,129.0,3.733427251185158
1356,RF,0.916,131.0,3.725293422751203
539,RF,0.915,132.0,3.721226508534226
411,RF,0.913,133.0,3.7130926801002713
695,RF,0.913,133.0,3.7130926801002713
2389,RF,0.913,133.0,3.7130926801002713
1114,RF,0.912,136.0,3.709025765883294
2480,RF,0.91,137.0,3.7008919374493394
2290,RF,0.909,138.0,3.696825023232362
2224,RF,0.907,139.0,3.6886911947984076
1808,RF,0.906,140.0,3.68462428058143
484,RF,0.905,141.0,3.680557366364453
1033,RF,0.905,141.0,3.680557366364453
2037,RF,0.905,141.0,3.680557366364453
156,RF,0.899,144.0,3.656155881062589
1345,RF,0.899,144.0,3.656155881062589
1954,RF,0.897,146.0,3.6480220526286344
1756,RF,0.896,147.0,3.6439551384116573
2089,RF,0.896,147.0,3.6439551384116573
2199,RF,0.896,147.0,3.6439551384116573
82,RF,0.895,150.0,3.6398882241946797
1739,RF,0.895,150.0,3.6398882241946797
2741,RF,0.892,152.0,3.627687481543748
776,RF,0.891,153.0,3.6236205673267707
1669,RF,0.891,153.0,3.6236205673267707
2170,RF,0.888,155.0,3.611419824675839
1165,RF,0.887,156.0,3.6073529104588613
1678,RF,0.887,156.0,3.6073529104588613
1585,RF,0.885,158.0,3.599219082024907
997,RF,0.88,159.0,3.5788845109400205
320,RF,0.879,160.0,3.574817596723043
323,RF,0.875,161.0,3.558549939855134
970,RF,0.875,161.0,3.558549939855134
1158,RF,0.875,161.0,3.558549939855134
1980,RF,0.875,161.0,3.558549939855134
732,RF,0.874,165.0,3.5544830256381568
52,RF,0.871,166.0,3.5422822829872245
302,RF,0.871,166.0,3.5422822829872245
1945,RF,0.87,168.0,3.5382153687702473
1354,RF,0.868,169.0,3.5300815403362926
2261,RF,0.866,170.0,3.5219477119023384
2490,RF,0.863,171.0,3.509746969251406
2544,RF,0.863,171.0,3.509746969251406
569,RF,0.861,173.0,3.501613140817452
1453,RF,0.86,174.0,3.497546226600474
664,RF,0.858,175.0,3.48941239816652
944,RF,0.857,176.0,3.4853454839495424
1644,RF,0.857,176.0,3.4853454839495424
193,RF,0.856,178.0,3.481278569732565
486,RF,0.856,178.0,3.481278569732565
2394,RF,0.856,178.0,3.481278569732565
392,RF,0.851,181.0,3.4609439986476787
1107,RF,0.851,181.0,3.4609439986476787
2434,RF,0.85,183.0,3.4568770844307015
843,RF,0.847,184.0,3.4446763417797697
2275,RF,0.847,184.0,3.4446763417797697
2644,RF,0.846,186.0,3.440609427562792
761,RF,0.84,187.0,3.4162079422609284
2607,RF,0.84,187.0,3.4162079422609284
1608,RF,0.839,189.0,3.4121410280439513
1693,RF,0.839,189.0,3.4121410280439513
2211,RF,0.839,189.0,3.4121410280439513
1543,RF,0.838,192.0,3.4080741138269737
1778,RF,0.838,192.0,3.4080741138269737
2158,RF,0.837,194.0,3.4040071996099965
2411,RF,0.836,195.0,3.3999402853930194
410,RF,0.835,196.0,3.395873371176042
1436,RF,0.835,196.0,3.395873371176042
1419,RF,0.833,198.0,3.387739542742087
2517,RF,0.833,198.0,3.387739542742087
1125,RF,0.83,200.0,3.3755388000911553
371,RF,0.827,201.0,3.3633380574402234
586,RF,0.827,201.0,3.3633380574402234
2344,RF,0.824,203.0,3.3511373147892916
774,RF,0.823,204.0,3.3470704005723144
2130,RF,0.822,205.0,3.343003486355337
2509,RF,0.822,205.0,3.343003486355337
2546,RF,0.822,205.0,3.343003486355337
925,RF,0.819,208.0,3.330802743704405
2260,RF,0.818,209.0,3.326735829487428
2578,RF,0.817,210.0,3.3226689152704507
2309,RF,0.816,211.0,3.318602001053473
729,RF,0.814,212.0,3.3104681726195184
1369,RF,0.814,212.0,3.3104681726195184
1932,RF,0.814,212.0,3.3104681726195184
287,RF,0.813,215.0,3.3064012584025413
2164,RF,0.813,215.0,3.3064012584025413
2204,RF,0.813,215.0,3.3064012584025413
995,RF,0.812,218.0,3.3023343441855646
1129,RF,0.809,219.0,3.2901336015346327
1522,RF,0.809,219.0,3.2901336015346327
1296,RF,0.807,221.0,3.281999773100678
2538,RF,0.806,222.0,3.2779328588837005
2660,RF,0.806,222.0,3.2779328588837005
2731,RF,0.806,222.0,3.2779328588837005
1192,RF,0.805,225.0,3.2738659446667233
44,RF,0.804,226.0,3.269799030449746
850,RF,0.804,226.0,3.269799030449746
1040,RF,0.804,226.0,3.269799030449746
2466,RF,0.803,229.0,3.2657321162327686
546,RF,0.802,230.0,3.2616652020157915
960,RF,0.802,230.0,3.2616652020157915
463,RF,0.799,232.0,3.2494644593648596
1493,RF,0.799,232.0,3.2494644593648596
1652,RF,0.799,232.0,3.2494644593648596
2300,RF,0.799,232.0,3.2494644593648596
444,RF,0.798,236.0,3.2453975451478825
877,RF,0.797,237.0,3.241330630930905
2672,RF,0.797,237.0,3.241330630930905
998,RF,0.796,239.0,3.2372637167139278
110,RF,0.795,240.0,3.23319680249695
2117,RF,0.795,240.0,3.23319680249695
1233,RF,0.794,242.0,3.229129888279973
1689,RF,0.793,243.0,3.225062974062996
2576,RF,0.793,243.0,3.225062974062996
1221,RF,0.792,245.0,3.2209960598460183
1791,RF,0.791,246.0,3.216929145629041
2525,RF,0.791,246.0,3.216929145629041
325,RF,0.788,248.0,3.2047284029781093
2733,RF,0.787,249.0,3.2006614887611318
1841,RF,0.786,250.0,3.1965945745441546
293,RF,0.785,251.0,3.1925276603271775
522,RF,0.785,251.0,3.1925276603271775
2225,RF,0.785,251.0,3.1925276603271775
1286,RF,0.784,254.0,3.1884607461102
1184,RF,0.783,255.0,3.184393831893223
2281,RF,0.783,255.0,3.184393831893223
599,RF,0.782,257.0,3.1803269176762456
2313,RF,0.782,257.0,3.1803269176762456
38,RF,0.779,259.0,3.1681261750253134
1929,RF,0.779,259.0,3.1681261750253134
1140,RF,0.778,261.0,3.164059260808336
740,RF,0.777,262.0,3.159992346591359
940,RF,0.777,262.0,3.159992346591359
35,RF,0.776,264.0,3.1559254323743815
2339,RF,0.775,265.0,3.1518585181574044
51,RF,0.774,266.0,3.1477916039404272
1355,RF,0.774,266.0,3.1477916039404272
2038,RF,0.774,266.0,3.1477916039404272
2351,RF,0.774,266.0,3.1477916039404272
1243,RF,0.773,270.0,3.1437246897234497
2585,RF,0.773,270.0,3.1437246897234497
100,RF,0.771,272.0,3.1355908612894954
192,RF,0.77,273.0,3.131523947072518
1815,RF,0.77,273.0,3.131523947072518
1291,RF,0.769,275.0,3.1274570328555407
2092,RF,0.768,276.0,3.123390118638563
635,RF,0.767,277.0,3.119323204421586
2004,RF,0.767,277.0,3.119323204421586
403,RF,0.766,279.0,3.115256290204609
1264,RF,0.766,279.0,3.115256290204609
1568,RF,0.766,279.0,3.115256290204609
823,RF,0.765,282.0,3.1111893759876312
1476,RF,0.765,282.0,3.1111893759876312
1503,RF,0.765,282.0,3.1111893759876312
2356,RF,0.764,285.0,3.107122461770654
1263,RF,0.762,286.0,3.0989886333366994
1972,RF,0.759,287.0,3.0867878906857675
2667,RF,0.759,287.0,3.0867878906857675
2746,RF,0.758,289.0,3.0827209764687904
557,RF,0.757,290.0,3.078654062251813
1349,RF,0.757,290.0,3.078654062251813
1360,RF,0.757,290.0,3.078654062251813
334,RF,0.756,293.0,3.0745871480348357
286,RF,0.754,294.0,3.066453319600881
1539,RF,0.753,295.0,3.062386405383904
2227,RF,0.753,295.0,3.062386405383904
753,RF,0.752,297.0,3.0583194911669267
2273,RF,0.752,297.0,3.0583194911669267
2179,RF,0.75,299.0,3.050185662732972
2665,RF,0.749,300.0,3.0461187485159944
131,RF,0.748,301.0,3.0420518342990173
1122,RF,0.747,302.0,3.03798492008204
2287,RF,0.747,302.0,3.03798492008204
96,RF,0.744,304.0,3.0257841774311083
474,RF,0.743,305.0,3.0217172632141307
53,RF,0.742,306.0,3.0176503489971536
1009,RF,0.742,306.0,3.0176503489971536
2724,RF,0.742,306.0,3.0176503489971536
655,RF,0.74,309.0,3.009516520563199
2238,RF,0.74,309.0,3.009516520563199
529,RF,0.737,311.0,2.997315777912267
1484,RF,0.735,312.0,2.9891819494783123
1031,RF,0.733,313.0,2.981048121044358
2212,RF,0.733,313.0,2.981048121044358
2274,RF,0.732,315.0,2.9769812068273804
387,RF,0.731,316.0,2.9729142926104033
266,RF,0.73,317.0,2.9688473783934257
1523,RF,0.729,318.0,2.9647804641764486
11,RF,0.728,319.0,2.9607135499594714
2762,RF,0.728,319.0,2.9607135499594714
656,RF,0.726,321.0,2.9525797215255167
74,RF,0.725,322.0,2.9485128073085396
2495,RF,0.725,322.0,2.9485128073085396
1572,RF,0.724,324.0,2.944445893091562
826,RF,0.723,325.0,2.940378978874585
2057,RF,0.723,325.0,2.940378978874585
339,RF,0.722,327.0,2.9363120646576073
1649,RF,0.722,327.0,2.9363120646576073
700,RF,0.72,329.0,2.928178236223653
159,RF,0.719,330.0,2.9241113220066755
424,RF,0.719,330.0,2.9241113220066755
2209,RF,0.718,332.0,2.9200444077896983
2540,RF,0.716,333.0,2.9119105793557436
162,RF,0.715,334.0,2.9078436651387665
1690,RF,0.715,334.0,2.9078436651387665
958,RF,0.714,336.0,2.903776750921789
1538,RF,0.714,336.0,2.903776750921789
2418,RF,0.714,336.0,2.903776750921789
2475,RF,0.714,336.0,2.903776750921789
1873,RF,0.713,340.0,2.8997098367048117
2188,RF,0.713,340.0,2.8997098367048117
496,RF,0.712,342.0,2.8956429224878346
1758,RF,0.712,342.0,2.8956429224878346
2347,RF,0.712,342.0,2.8956429224878346
126,RF,0.711,345.0,2.891576008270857
264,RF,0.711,345.0,2.891576008270857
1637,RF,0.71,347.0,2.88750909405388
2085,RF,0.71,347.0,2.88750909405388
518,RF,0.709,349.0,2.8834421798369028
818,RF,0.709,349.0,2.8834421798369028
1423,RF,0.709,349.0,2.8834421798369028
238,RF,0.708,352.0,2.879375265619925
657,RF,0.708,352.0,2.879375265619925
1979,RF,0.707,354.0,2.875308351402948
1501,RF,0.706,355.0,2.871241437185971
1919,RF,0.705,356.0,2.8671745229689933
608,RF,0.704,357.0,2.863107608752016
1026,RF,0.704,357.0,2.863107608752016
1858,RF,0.704,357.0,2.863107608752016
1828,RF,0.703,360.0,2.8590406945350386
2486,RF,0.702,361.0,2.8549737803180615
1011,RF,0.701,362.0,2.8509068661010843
2026,RF,0.701,362.0,2.8509068661010843
2541,RF,0.701,362.0,2.8509068661010843
2432,RF,0.7,365.0,2.8468399518841068
1258,RF,0.698,366.0,2.8387061234501525
1045,RF,0.696,367.0,2.830572295016198
933,RF,0.695,368.0,2.82650538079922
2149,RF,0.695,368.0,2.82650538079922
420,RF,0.694,370.0,2.822438466582243
1212,RF,0.693,371.0,2.818371552365266
1958,RF,0.693,371.0,2.818371552365266
2677,RF,0.693,371.0,2.818371552365266
1604,RF,0.69,374.0,2.806170809714334
86,RF,0.689,375.0,2.8021038954973565
2703,RF,0.688,376.0,2.7980369812803794
1044,RF,0.686,377.0,2.789903152846425
2318,RF,0.686,377.0,2.789903152846425
210,RF,0.685,379.0,2.785836238629448
1244,RF,0.685,379.0,2.785836238629448
1879,RF,0.685,379.0,2.785836238629448
300,RF,0.684,382.0,2.7817693244124704
719,RF,0.682,383.0,2.773635495978516
1716,RF,0.682,383.0,2.773635495978516
2455,RF,0.682,383.0,2.773635495978516
2630,RF,0.682,383.0,2.773635495978516
183,RF,0.681,387.0,2.7695685817615385
863,RF,0.681,387.0,2.7695685817615385
1601,RF,0.681,387.0,2.7695685817615385
1663,RF,0.681,387.0,2.7695685817615385
1942,RF,0.681,387.0,2.7695685817615385
1976,RF,0.681,387.0,2.7695685817615385
2404,RF,0.681,387.0,2.7695685817615385
844,RF,0.68,394.0,2.7655016675445614
2564,RF,0.68,394.0,2.7655016675445614
1513,RF,0.679,396.0,2.7614347533275843
1530,RF,0.679,396.0,2.7614347533275843
241,RF,0.678,398.0,2.7573678391106067
418,RF,0.678,398.0,2.7573678391106067
1872,RF,0.677,400.0,2.7533009248936295
2497,RF,0.677,400.0,2.7533009248936295
45,RF,0.675,402.0,2.745167096459675
141,RF,0.675,402.0,2.745167096459675
638,RF,0.675,402.0,2.745167096459675
1427,RF,0.675,402.0,2.745167096459675
2249,RF,0.675,402.0,2.745167096459675
2323,RF,0.675,402.0,2.745167096459675
567,RF,0.674,408.0,2.7411001822426977
1185,RF,0.674,408.0,2.7411001822426977
1518,RF,0.674,408.0,2.7411001822426977
1640,RF,0.674,408.0,2.7411001822426977
1670,RF,0.674,408.0,2.7411001822426977
2441,RF,0.674,408.0,2.7411001822426977
2723,RF,0.674,408.0,2.7411001822426977
81,RF,0.673,415.0,2.73703326802572
978,RF,0.673,415.0,2.73703326802572
1084,RF,0.673,415.0,2.73703326802572
1672,RF,0.673,415.0,2.73703326802572
2774,RF,0.673,415.0,2.73703326802572
1863,RF,0.672,420.0,2.732966353808743
1948,RF,0.672,420.0,2.732966353808743
389,RF,0.671,422.0,2.728899439591766
749,RF,0.671,422.0,2.728899439591766
2106,RF,0.67,424.0,2.7248325253747883
130,RF,0.668,425.0,2.716698696940834
1361,RF,0.668,425.0,2.716698696940834
2334,RF,0.668,425.0,2.716698696940834
2369,RF,0.667,428.0,2.7126317827238564
1062,RF,0.666,429.0,2.7085648685068793
2529,RF,0.666,429.0,2.7085648685068793
697,RF,0.665,431.0,2.7044979542899017
1019,RF,0.663,432.0,2.6963641258559474
1798,RF,0.662,433.0,2.69229721163897
2080,RF,0.662,433.0,2.69229721163897
84,RF,0.661,435.0,2.6882302974219927
1171,RF,0.661,435.0,2.6882302974219927
15,RF,0.66,437.0,2.6841633832050156
1688,RF,0.66,437.0,2.6841633832050156
1914,RF,0.66,437.0,2.6841633832050156
2132,RF,0.66,437.0,2.6841633832050156
672,RF,0.659,441.0,2.680096468988038
2315,RF,0.659,441.0,2.680096468988038
2742,RF,0.659,441.0,2.680096468988038
1371,RF,0.658,444.0,2.676029554771061
1584,RF,0.658,444.0,2.676029554771061
2163,RF,0.658,444.0,2.676029554771061
2419,RF,0.658,444.0,2.676029554771061
1772,RF,0.657,448.0,2.6719626405540833
1986,RF,0.657,448.0,2.6719626405540833
769,RF,0.656,450.0,2.667895726337106
1041,RF,0.656,450.0,2.667895726337106
1534,RF,0.656,450.0,2.667895726337106
1048,RF,0.655,453.0,2.663828812120129
1431,RF,0.655,453.0,2.663828812120129
1674,RF,0.655,453.0,2.663828812120129
1890,RF,0.655,453.0,2.663828812120129
2103,RF,0.655,453.0,2.663828812120129
696,RF,0.654,458.0,2.6597618979031514
1511,RF,0.654,458.0,2.6597618979031514
1885,RF,0.653,460.0,2.6556949836861743
2295,RF,0.653,460.0,2.6556949836861743
280,RF,0.651,462.0,2.6475611552522196
2338,RF,0.651,462.0,2.6475611552522196
2430,RF,0.651,462.0,2.6475611552522196
1194,RF,0.649,465.0,2.6394273268182653
2104,RF,0.649,465.0,2.6394273268182653
1999,RF,0.648,467.0,2.6353604126012877
483,RF,0.647,468.0,2.6312934983843106
606,RF,0.646,469.0,2.627226584167333
1080,RF,0.646,469.0,2.627226584167333
2259,RF,0.646,469.0,2.627226584167333
2511,RF,0.646,469.0,2.627226584167333
2567,RF,0.644,473.0,2.6190927557333787
117,RF,0.643,474.0,2.615025841516401
230,RF,0.643,474.0,2.615025841516401
425,RF,0.643,474.0,2.615025841516401
708,RF,0.643,474.0,2.615025841516401
913,RF,0.642,478.0,2.610958927299424
2359,RF,0.642,478.0,2.610958927299424
222,RF,0.641,480.0,2.606892013082447
104,RF,0.64,481.0,2.6028250988654693
581,RF,0.64,481.0,2.6028250988654693
1826,RF,0.64,481.0,2.6028250988654693
2608,RF,0.64,481.0,2.6028250988654693
2252,RF,0.639,485.0,2.598758184648492
2547,RF,0.639,485.0,2.598758184648492
127,RF,0.638,487.0,2.5946912704315146
282,RF,0.638,487.0,2.5946912704315146
1643,RF,0.638,487.0,2.5946912704315146
1126,RF,0.637,490.0,2.5906243562145375
2157,RF,0.637,490.0,2.5906243562145375
1337,RF,0.636,492.0,2.5865574419975603
1702,RF,0.636,492.0,2.5865574419975603
1935,RF,0.636,492.0,2.5865574419975603
2090,RF,0.636,492.0,2.5865574419975603
2515,RF,0.636,492.0,2.5865574419975603
212,RF,0.635,497.0,2.5824905277805827
442,RF,0.635,497.0,2.5824905277805827
1875,RF,0.635,497.0,2.5824905277805827
2656,RF,0.635,497.0,2.5824905277805827
1305,RF,0.633,501.0,2.5743566993466285
587,RF,0.632,502.0,2.570289785129651
981,RF,0.632,502.0,2.570289785129651
763,RF,0.631,504.0,2.5662228709126738
1106,RF,0.631,504.0,2.5662228709126738
1647,RF,0.631,504.0,2.5662228709126738
1819,RF,0.631,504.0,2.5662228709126738
2091,RF,0.631,504.0,2.5662228709126738
303,RF,0.63,509.0,2.5621559566956966
1682,RF,0.63,509.0,2.5621559566956966
922,RF,0.629,511.0,2.558089042478719
2145,RF,0.629,511.0,2.558089042478719
199,RF,0.628,513.0,2.554022128261742
1749,RF,0.627,514.0,2.5499552140447643
2022,RF,0.627,514.0,2.5499552140447643
204,RF,0.626,516.0,2.545888299827787
34,RF,0.625,517.0,2.54182138561081
2005,RF,0.625,517.0,2.54182138561081
1650,RF,0.624,519.0,2.5377544713938325
2255,RF,0.624,519.0,2.5377544713938325
668,RF,0.623,521.0,2.5336875571768553
1544,RF,0.623,521.0,2.5336875571768553
2234,RF,0.623,521.0,2.5336875571768553
188,RF,0.622,524.0,2.529620642959878
467,RF,0.622,524.0,2.529620642959878
1510,RF,0.622,524.0,2.529620642959878
1625,RF,0.622,524.0,2.529620642959878
2119,RF,0.622,524.0,2.529620642959878
1686,RF,0.621,529.0,2.5255537287429006
1565,RF,0.62,530.0,2.5214868145259235
1639,RF,0.62,530.0,2.5214868145259235
464,RF,0.619,532.0,2.517419900308946
837,RF,0.619,532.0,2.517419900308946
1167,RF,0.619,532.0,2.517419900308946
2034,RF,0.619,532.0,2.517419900308946
1108,RF,0.618,536.0,2.5133529860919688
1995,RF,0.618,536.0,2.5133529860919688
196,RF,0.617,538.0,2.5092860718749916
649,RF,0.617,538.0,2.5092860718749916
806,RF,0.617,538.0,2.5092860718749916
2610,RF,0.617,538.0,2.5092860718749916
1711,RF,0.616,542.0,2.505219157658014
2401,RF,0.616,542.0,2.505219157658014
2373,RF,0.615,544.0,2.501152243441037
310,RF,0.614,545.0,2.49708532922406
1018,RF,0.614,545.0,2.49708532922406
1480,RF,0.614,545.0,2.49708532922406
211,RF,0.613,548.0,2.493018415007082
654,RF,0.613,548.0,2.493018415007082
973,RF,0.613,548.0,2.493018415007082
1320,RF,0.613,548.0,2.493018415007082
2178,RF,0.613,548.0,2.493018415007082
2717,RF,0.613,548.0,2.493018415007082
1189,RF,0.612,554.0,2.488951500790105
1169,RF,0.611,555.0,2.4848845865731275
847,RF,0.61,556.0,2.4808176723561504
1172,RF,0.61,556.0,2.4808176723561504
1417,RF,0.61,556.0,2.4808176723561504
1966,RF,0.61,556.0,2.4808176723561504
1748,RF,0.609,560.0,2.4767507581391732
528,RF,0.608,561.0,2.4726838439221956
755,RF,0.608,561.0,2.4726838439221956
1829,RF,0.608,561.0,2.4726838439221956
2019,RF,0.608,561.0,2.4726838439221956
812,RF,0.607,565.0,2.4686169297052185
1012,RF,0.607,565.0,2.4686169297052185
1081,RF,0.607,565.0,2.4686169297052185
1994,RF,0.607,565.0,2.4686169297052185
2067,RF,0.607,565.0,2.4686169297052185
2200,RF,0.607,565.0,2.4686169297052185
2584,RF,0.607,565.0,2.4686169297052185
1412,RF,0.606,572.0,2.4645500154882414
122,RF,0.605,573.0,2.460483101271264
1526,RF,0.605,573.0,2.460483101271264
1240,RF,0.604,575.0,2.4564161870542867
1254,RF,0.604,575.0,2.4564161870542867
2140,RF,0.604,575.0,2.4564161870542867
1551,RF,0.603,578.0,2.4523492728373095
2372,RF,0.603,578.0,2.4523492728373095
324,RF,0.602,580.0,2.448282358620332
454,RF,0.602,580.0,2.448282358620332
1651,RF,0.602,580.0,2.448282358620332
308,RF,0.601,583.0,2.444215444403355
562,RF,0.601,583.0,2.444215444403355
1270,RF,0.601,583.0,2.444215444403355
511,RF,0.6,586.0,2.4401485301863772
1892,RF,0.6,586.0,2.4401485301863772
2657,RF,0.6,586.0,2.4401485301863772
2776,RF,0.6,586.0,2.4401485301863772
414,RF,0.598,590.0,2.432014701752423
964,RF,0.598,590.0,2.432014701752423
1314,RF,0.598,590.0,2.432014701752423
1438,RF,0.598,590.0,2.432014701752423
2368,RF,0.598,590.0,2.432014701752423
613,RF,0.597,595.0,2.4279477875354454
253,RF,0.596,596.0,2.4238808733184682
548,RF,0.596,596.0,2.4238808733184682
735,RF,0.596,596.0,2.4238808733184682
1302,RF,0.596,596.0,2.4238808733184682
97,RF,0.595,600.0,2.419813959101491
2727,RF,0.595,600.0,2.419813959101491
602,RF,0.594,602.0,2.4157470448845135
803,RF,0.594,602.0,2.4157470448845135
1472,RF,0.594,602.0,2.4157470448845135
1532,RF,0.593,605.0,2.4116801306675364
2384,RF,0.593,605.0,2.4116801306675364
1746,RF,0.592,607.0,2.407613216450559
961,RF,0.591,608.0,2.4035463022335817
173,RF,0.59,609.0,2.3994793880166045
180,RF,0.59,609.0,2.3994793880166045
260,RF,0.59,609.0,2.3994793880166045
1443,RF,0.59,609.0,2.3994793880166045
1802,RF,0.59,609.0,2.3994793880166045
2442,RF,0.59,609.0,2.3994793880166045
814,RF,0.589,615.0,2.395412473799627
1226,RF,0.589,615.0,2.395412473799627
2099,RF,0.589,615.0,2.395412473799627
457,RF,0.588,618.0,2.39134555958265
722,RF,0.587,619.0,2.3872786453656727
2269,RF,0.587,619.0,2.3872786453656727
2752,RF,0.587,619.0,2.3872786453656727
2073,RF,0.586,622.0,2.383211731148695
2622,RF,0.585,623.0,2.379144816931718
450,RF,0.584,624.0,2.375077902714741
491,RF,0.584,624.0,2.375077902714741
851,RF,0.584,624.0,2.375077902714741
1267,RF,0.584,624.0,2.375077902714741
1943,RF,0.584,624.0,2.375077902714741
10,RF,0.583,629.0,2.3710109884977633
482,RF,0.583,629.0,2.3710109884977633
1363,RF,0.583,629.0,2.3710109884977633
1940,RF,0.583,629.0,2.3710109884977633
2175,RF,0.583,629.0,2.3710109884977633
623,RF,0.582,634.0,2.366944074280786
1121,RF,0.582,634.0,2.366944074280786
379,RF,0.581,636.0,2.3628771600638085
1408,RF,0.581,636.0,2.3628771600638085
1499,RF,0.581,636.0,2.3628771600638085
1989,RF,0.581,636.0,2.3628771600638085
1655,RF,0.58,640.0,2.3588102458468314
99,RF,0.579,641.0,2.3547433316298543
2716,RF,0.579,641.0,2.3547433316298543
674,RF,0.578,643.0,2.3506764174128767
2114,RF,0.578,643.0,2.3506764174128767
367,RF,0.577,645.0,2.3466095031958996
373,RF,0.577,645.0,2.3466095031958996
506,RF,0.577,645.0,2.3466095031958996
1811,RF,0.576,648.0,2.3425425889789224
335,RF,0.574,649.0,2.3344087605449677
849,RF,0.574,649.0,2.3344087605449677
917,RF,0.574,649.0,2.3344087605449677
1500,RF,0.574,649.0,2.3344087605449677
2680,RF,0.574,649.0,2.3344087605449677
2679,RF,0.573,654.0,2.33034184632799
2760,RF,0.573,654.0,2.33034184632799
883,RF,0.572,656.0,2.326274932111013
988,RF,0.572,656.0,2.326274932111013
1010,RF,0.572,656.0,2.326274932111013
1382,RF,0.572,656.0,2.326274932111013
428,RF,0.571,660.0,2.322208017894036
2436,RF,0.571,660.0,2.322208017894036
352,RF,0.57,662.0,2.3181411036770583
488,RF,0.57,662.0,2.3181411036770583
2453,RF,0.57,662.0,2.3181411036770583
2770,RF,0.57,662.0,2.3181411036770583
845,RF,0.569,666.0,2.314074189460081
2001,RF,0.569,666.0,2.314074189460081
1285,RF,0.567,668.0,2.3059403610261264
1697,RF,0.567,668.0,2.3059403610261264
2220,RF,0.567,668.0,2.3059403610261264
2444,RF,0.567,668.0,2.3059403610261264
2722,RF,0.567,668.0,2.3059403610261264
1166,RF,0.566,673.0,2.3018734468091493
1394,RF,0.566,673.0,2.3018734468091493
1489,RF,0.566,673.0,2.3018734468091493
1248,RF,0.565,676.0,2.297806532592172
427,RF,0.564,677.0,2.2937396183751946
1277,RF,0.564,677.0,2.2937396183751946
1554,RF,0.564,677.0,2.2937396183751946
1594,RF,0.564,677.0,2.2937396183751946
1955,RF,0.564,677.0,2.2937396183751946
2128,RF,0.564,677.0,2.2937396183751946
2522,RF,0.564,677.0,2.2937396183751946
2633,RF,0.564,677.0,2.2937396183751946
408,RF,0.563,685.0,2.2896727041582174
583,RF,0.563,685.0,2.2896727041582174
2710,RF,0.563,685.0,2.2896727041582174
316,RF,0.562,688.0,2.2856057899412403
333,RF,0.562,688.0,2.2856057899412403
566,RF,0.562,688.0,2.2856057899412403
1377,RF,0.562,688.0,2.2856057899412403
1609,RF,0.562,688.0,2.2856057899412403
2464,RF,0.562,688.0,2.2856057899412403
2759,RF,0.562,688.0,2.2856057899412403
164,RF,0.561,695.0,2.281538875724263
2135,RF,0.561,695.0,2.281538875724263
2241,RF,0.561,695.0,2.281538875724263
24,RF,0.56,698.0,2.277471961507286
1450,RF,0.56,698.0,2.277471961507286
891,RF,0.559,700.0,2.2734050472903085
1146,RF,0.559,700.0,2.2734050472903085
1930,RF,0.559,700.0,2.2734050472903085
2264,RF,0.559,700.0,2.2734050472903085
43,RF,0.558,704.0,2.2693381330733313
927,RF,0.557,705.0,2.265271218856354
1762,RF,0.557,705.0,2.265271218856354
1524,RF,0.556,707.0,2.2612043046393766
288,RF,0.555,708.0,2.2571373904223995
400,RF,0.555,708.0,2.2571373904223995
1311,RF,0.555,708.0,2.2571373904223995
1871,RF,0.555,708.0,2.2571373904223995
2367,RF,0.555,708.0,2.2571373904223995
2739,RF,0.555,708.0,2.2571373904223995
265,RF,0.554,714.0,2.253070476205422
2122,RF,0.554,714.0,2.253070476205422
1100,RF,0.553,716.0,2.2490035619884448
1428,RF,0.553,716.0,2.2490035619884448
2153,RF,0.553,716.0,2.2490035619884448
821,RF,0.552,719.0,2.2449366477714676
901,RF,0.551,720.0,2.24086973355449
1001,RF,0.551,720.0,2.24086973355449
23,RF,0.55,722.0,2.236802819337513
350,RF,0.55,722.0,2.236802819337513
827,RF,0.55,722.0,2.236802819337513
1415,RF,0.55,722.0,2.236802819337513
1776,RF,0.55,722.0,2.236802819337513
909,RF,0.549,727.0,2.2327359051205358
507,RF,0.548,728.0,2.228668990903558
556,RF,0.548,728.0,2.228668990903558
898,RF,0.548,728.0,2.228668990903558
1883,RF,0.548,728.0,2.228668990903558
2332,RF,0.548,728.0,2.228668990903558
1017,RF,0.547,733.0,2.224602076686581
1272,RF,0.547,733.0,2.224602076686581
2361,RF,0.547,733.0,2.224602076686581
259,RF,0.546,736.0,2.220535162469604
559,RF,0.546,736.0,2.220535162469604
832,RF,0.546,736.0,2.220535162469604
1893,RF,0.546,736.0,2.220535162469604
2390,RF,0.546,736.0,2.220535162469604
679,RF,0.545,741.0,2.2164682482526263
1155,RF,0.545,741.0,2.2164682482526263
2302,RF,0.545,741.0,2.2164682482526263
2443,RF,0.545,741.0,2.2164682482526263
70,RF,0.544,745.0,2.212401334035649
1112,RF,0.544,745.0,2.212401334035649
1142,RF,0.544,745.0,2.212401334035649
2242,RF,0.544,745.0,2.212401334035649
409,RF,0.543,749.0,2.2083344198186716
1190,RF,0.543,749.0,2.2083344198186716
1869,RF,0.543,749.0,2.2083344198186716
2245,RF,0.543,749.0,2.2083344198186716
2450,RF,0.543,749.0,2.2083344198186716
2758,RF,0.543,749.0,2.2083344198186716
272,RF,0.542,755.0,2.2042675056016945
314,RF,0.542,755.0,2.2042675056016945
2488,RF,0.542,755.0,2.2042675056016945
897,RF,0.541,758.0,2.2002005913847174
1491,RF,0.541,758.0,2.2002005913847174
1699,RF,0.541,758.0,2.2002005913847174
2053,RF,0.541,758.0,2.2002005913847174
2571,RF,0.541,758.0,2.2002005913847174
2651,RF,0.541,758.0,2.2002005913847174
2531,RF,0.54,764.0,2.1961336771677398
1203,RF,0.539,765.0,2.1920667629507626
1796,RF,0.539,765.0,2.1920667629507626
2105,RF,0.539,765.0,2.1920667629507626
2189,RF,0.539,765.0,2.1920667629507626
2403,RF,0.539,765.0,2.1920667629507626
2634,RF,0.539,765.0,2.1920667629507626
17,RF,0.538,771.0,2.1879998487337855
18,RF,0.538,771.0,2.1879998487337855
349,RF,0.538,771.0,2.1879998487337855
741,RF,0.538,771.0,2.1879998487337855
1404,RF,0.538,771.0,2.1879998487337855
1606,RF,0.538,771.0,2.1879998487337855
2232,RF,0.538,771.0,2.1879998487337855
2684,RF,0.538,771.0,2.1879998487337855
861,RF,0.537,779.0,2.183932934516808
1279,RF,0.537,779.0,2.183932934516808
1681,RF,0.537,779.0,2.183932934516808
2506,RF,0.537,779.0,2.183932934516808
279,RF,0.536,783.0,2.179866020299831
1662,RF,0.536,783.0,2.179866020299831
637,RF,0.535,785.0,2.175799106082853
967,RF,0.535,785.0,2.175799106082853
426,RF,0.534,787.0,2.171732191865876
1353,RF,0.534,787.0,2.171732191865876
2045,RF,0.534,787.0,2.171732191865876
219,RF,0.533,790.0,2.167665277648899
250,RF,0.533,790.0,2.167665277648899
1069,RF,0.533,790.0,2.167665277648899
815,RF,0.532,793.0,2.1635983634319214
1537,RF,0.532,793.0,2.1635983634319214
2148,RF,0.532,793.0,2.1635983634319214
886,RF,0.531,796.0,2.159531449214944
1388,RF,0.531,796.0,2.159531449214944
1648,RF,0.531,796.0,2.159531449214944
1728,RF,0.531,796.0,2.159531449214944
1806,RF,0.531,796.0,2.159531449214944
1846,RF,0.531,796.0,2.159531449214944
281,RF,0.53,802.0,2.155464534997967
1582,RF,0.53,802.0,2.155464534997967
1780,RF,0.53,802.0,2.155464534997967
1993,RF,0.53,802.0,2.155464534997967
297,RF,0.529,806.0,2.1513976207809895
337,RF,0.529,806.0,2.1513976207809895
636,RF,0.529,806.0,2.1513976207809895
1008,RF,0.529,806.0,2.1513976207809895
1733,RF,0.529,806.0,2.1513976207809895
91,RF,0.528,811.0,2.1473307065640124
705,RF,0.528,811.0,2.1473307065640124
1347,RF,0.528,811.0,2.1473307065640124
1877,RF,0.528,811.0,2.1473307065640124
2605,RF,0.528,811.0,2.1473307065640124
312,RF,0.527,816.0,2.143263792347035
348,RF,0.527,816.0,2.143263792347035
943,RF,0.527,816.0,2.143263792347035
1135,RF,0.527,816.0,2.143263792347035
1708,RF,0.527,816.0,2.143263792347035
2159,RF,0.527,816.0,2.143263792347035
2321,RF,0.527,816.0,2.143263792347035
60,RF,0.526,823.0,2.1391968781300577
846,RF,0.526,823.0,2.1391968781300577
2250,RF,0.526,823.0,2.1391968781300577
2638,RF,0.526,823.0,2.1391968781300577
458,RF,0.525,827.0,2.1351299639130805
1473,RF,0.525,827.0,2.1351299639130805
2025,RF,0.525,827.0,2.1351299639130805
61,RF,0.524,830.0,2.131063049696103
1775,RF,0.524,830.0,2.131063049696103
257,RF,0.523,832.0,2.126996135479126
376,RF,0.523,832.0,2.126996135479126
565,RF,0.523,832.0,2.126996135479126
688,RF,0.523,832.0,2.126996135479126
766,RF,0.523,832.0,2.126996135479126
860,RF,0.523,832.0,2.126996135479126
1111,RF,0.523,832.0,2.126996135479126
1607,RF,0.523,832.0,2.126996135479126
2203,RF,0.523,832.0,2.126996135479126
307,RF,0.522,841.0,2.1229292212621487
481,RF,0.522,841.0,2.1229292212621487
876,RF,0.522,841.0,2.1229292212621487
1575,RF,0.522,841.0,2.1229292212621487
1400,RF,0.521,845.0,2.118862307045171
2393,RF,0.521,845.0,2.118862307045171
2698,RF,0.521,845.0,2.118862307045171
713,RF,0.52,848.0,2.114795392828194
1440,RF,0.52,848.0,2.114795392828194
1853,RF,0.52,848.0,2.114795392828194
2537,RF,0.52,848.0,2.114795392828194
2581,RF,0.52,848.0,2.114795392828194
62,RF,0.519,853.0,2.110728478611217
1482,RF,0.519,853.0,2.110728478611217
1691,RF,0.519,853.0,2.110728478611217
2405,RF,0.519,853.0,2.110728478611217
1978,RF,0.518,857.0,2.1066615643942392
2598,RF,0.518,857.0,2.1066615643942392
2014,RF,0.517,859.0,2.102594650177262
2160,RF,0.517,859.0,2.102594650177262
2639,RF,0.517,859.0,2.102594650177262
478,RF,0.516,862.0,2.0985277359602845
676,RF,0.516,862.0,2.0985277359602845
1614,RF,0.516,862.0,2.0985277359602845
2561,RF,0.516,862.0,2.0985277359602845
2594,RF,0.516,862.0,2.0985277359602845
2756,RF,0.516,862.0,2.0985277359602845
29,RF,0.515,868.0,2.0944608217433074
2151,RF,0.515,868.0,2.0944608217433074
2646,RF,0.515,868.0,2.0944608217433074
2079,RF,0.514,871.0,2.0903939075263303
2247,RF,0.514,871.0,2.0903939075263303
2293,RF,0.514,871.0,2.0903939075263303
12,RF,0.513,874.0,2.0863269933093527
340,RF,0.513,874.0,2.0863269933093527
365,RF,0.513,874.0,2.0863269933093527
1952,RF,0.513,874.0,2.0863269933093527
2044,RF,0.513,874.0,2.0863269933093527
780,RF,0.512,879.0,2.0822600790923755
1119,RF,0.512,879.0,2.0822600790923755
402,RF,0.511,881.0,2.0781931648753984
438,RF,0.511,881.0,2.0781931648753984
905,RF,0.511,881.0,2.0781931648753984
2222,RF,0.511,881.0,2.0781931648753984
2251,RF,0.511,881.0,2.0781931648753984
2778,RF,0.511,881.0,2.0781931648753984
890,RF,0.51,887.0,2.074126250658421
893,RF,0.509,888.0,2.0700593364414437
1124,RF,0.509,888.0,2.0700593364414437
2524,RF,0.509,888.0,2.0700593364414437
9,RF,0.508,891.0,2.065992422224466
1341,RF,0.508,891.0,2.065992422224466
1616,RF,0.508,891.0,2.065992422224466
1891,RF,0.508,891.0,2.065992422224466
2658,RF,0.508,891.0,2.065992422224466
189,RF,0.507,896.0,2.061925508007489
455,RF,0.507,896.0,2.061925508007489
523,RF,0.507,896.0,2.061925508007489
1093,RF,0.507,896.0,2.061925508007489
1938,RF,0.507,896.0,2.061925508007489
2108,RF,0.507,896.0,2.061925508007489
2191,RF,0.507,896.0,2.061925508007489
2246,RF,0.507,896.0,2.061925508007489
2662,RF,0.507,896.0,2.061925508007489
46,RF,0.506,905.0,2.057858593790512
177,RF,0.506,905.0,2.057858593790512
1097,RF,0.506,905.0,2.057858593790512
1706,RF,0.506,905.0,2.057858593790512
2226,RF,0.506,905.0,2.057858593790512
2294,RF,0.506,905.0,2.057858593790512
2415,RF,0.506,905.0,2.057858593790512
2528,RF,0.506,905.0,2.057858593790512
2745,RF,0.506,905.0,2.057858593790512
237,RF,0.505,914.0,2.0537916795735343
869,RF,0.505,914.0,2.0537916795735343
1120,RF,0.504,916.0,2.049724765356557
1281,RF,0.504,916.0,2.049724765356557
1343,RF,0.504,916.0,2.049724765356557
1847,RF,0.504,916.0,2.049724765356557
588,RF,0.503,920.0,2.04565785113958
888,RF,0.503,920.0,2.04565785113958
1007,RF,0.503,920.0,2.04565785113958
1295,RF,0.503,920.0,2.04565785113958
1574,RF,0.503,920.0,2.04565785113958
1818,RF,0.503,920.0,2.04565785113958
2065,RF,0.503,920.0,2.04565785113958
2487,RF,0.503,920.0,2.04565785113958
2514,RF,0.503,920.0,2.04565785113958
835,RF,0.502,929.0,2.0415909369226024
101,RF,0.501,930.0,2.0375240227056253
746,RF,0.501,930.0,2.0375240227056253
856,RF,0.501,930.0,2.0375240227056253
1330,RF,0.501,930.0,2.0375240227056253
1397,RF,0.501,930.0,2.0375240227056253
582,RF,0.5,935.0,2.033457108488648
1956,RF,0.5,935.0,2.033457108488648
2020,RF,0.5,935.0,2.033457108488648
1577,RF,0.499,938.0,2.0293901942716706
1720,RF,0.499,938.0,2.0293901942716706
1960,RF,0.499,938.0,2.0293901942716706
1965,RF,0.499,938.0,2.0293901942716706
1971,RF,0.499,938.0,2.0293901942716706
1023,RF,0.498,943.0,2.0253232800546934
2013,RF,0.498,943.0,2.0253232800546934
76,RF,0.497,945.0,2.021256365837716
603,RF,0.497,945.0,2.021256365837716
1646,RF,0.497,945.0,2.021256365837716
1963,RF,0.497,945.0,2.021256365837716
694,RF,0.496,949.0,2.0171894516207387
865,RF,0.496,949.0,2.0171894516207387
1909,RF,0.496,949.0,2.0171894516207387
362,RF,0.495,952.0,2.0131225374037616
364,RF,0.495,952.0,2.0131225374037616
1200,RF,0.495,952.0,2.0131225374037616
1406,RF,0.495,952.0,2.0131225374037616
2562,RF,0.495,952.0,2.0131225374037616
128,RF,0.494,957.0,2.009055623186784
151,RF,0.494,957.0,2.009055623186784
413,RF,0.494,957.0,2.009055623186784
1199,RF,0.493,960.0,2.004988708969807
1969,RF,0.493,960.0,2.004988708969807
630,RF,0.492,962.0,2.0009217947528297
1611,RF,0.491,963.0,1.9968548805358521
1933,RF,0.491,963.0,1.9968548805358521
2452,RF,0.491,963.0,1.9968548805358521
205,RF,0.49,966.0,1.992787966318875
437,RF,0.49,966.0,1.992787966318875
2021,RF,0.49,966.0,1.992787966318875
1378,RF,0.489,969.0,1.9887210521018976
2629,RF,0.489,969.0,1.9887210521018976
809,RF,0.488,971.0,1.9846541378849203
1153,RF,0.488,971.0,1.9846541378849203
2431,RF,0.488,971.0,1.9846541378849203
41,RF,0.487,974.0,1.980587223667943
950,RF,0.487,974.0,1.980587223667943
1660,RF,0.487,974.0,1.980587223667943
1962,RF,0.487,974.0,1.980587223667943
2185,RF,0.487,974.0,1.980587223667943
2391,RF,0.487,974.0,1.980587223667943
2593,RF,0.487,974.0,1.980587223667943
58,RF,0.486,981.0,1.9765203094509658
671,RF,0.486,981.0,1.9765203094509658
976,RF,0.486,981.0,1.9765203094509658
1570,RF,0.486,981.0,1.9765203094509658
1581,RF,0.486,981.0,1.9765203094509658
1939,RF,0.486,981.0,1.9765203094509658
2279,RF,0.486,981.0,1.9765203094509658
2735,RF,0.486,981.0,1.9765203094509658
236,RF,0.485,989.0,1.9724533952339884
249,RF,0.485,989.0,1.9724533952339884
914,RF,0.485,989.0,1.9724533952339884
1334,RF,0.485,989.0,1.9724533952339884
1659,RF,0.485,989.0,1.9724533952339884
1680,RF,0.485,989.0,1.9724533952339884
547,RF,0.484,995.0,1.968386481017011
263,RF,0.483,996.0,1.964319566800034
277,RF,0.483,996.0,1.964319566800034
743,RF,0.483,996.0,1.964319566800034
935,RF,0.483,996.0,1.964319566800034
1448,RF,0.483,996.0,1.964319566800034
1937,RF,0.483,996.0,1.964319566800034
2392,RF,0.483,996.0,1.964319566800034
1215,RF,0.482,1003.0,1.9602526525830566
1793,RF,0.482,1003.0,1.9602526525830566
1328,RF,0.481,1005.0,1.9561857383660792
2100,RF,0.481,1005.0,1.9561857383660792
2601,RF,0.481,1005.0,1.9561857383660792
2757,RF,0.481,1005.0,1.9561857383660792
64,RF,0.48,1009.0,1.9521188241491019
1884,RF,0.48,1009.0,1.9521188241491019
1747,RF,0.479,1011.0,1.9480519099321247
1764,RF,0.479,1011.0,1.9480519099321247
2471,RF,0.479,1011.0,1.9480519099321247
2643,RF,0.479,1011.0,1.9480519099321247
872,RF,0.478,1015.0,1.9439849957151474
1329,RF,0.478,1015.0,1.9439849957151474
1861,RF,0.478,1015.0,1.9439849957151474
2278,RF,0.478,1015.0,1.9439849957151474
157,RF,0.477,1019.0,1.93991808149817
575,RF,0.477,1019.0,1.93991808149817
721,RF,0.477,1019.0,1.93991808149817
1246,RF,0.477,1019.0,1.93991808149817
1304,RF,0.477,1019.0,1.93991808149817
2736,RF,0.477,1019.0,1.93991808149817
1407,RF,0.476,1025.0,1.9358511672811927
1445,RF,0.476,1025.0,1.9358511672811927
1569,RF,0.476,1025.0,1.9358511672811927
202,RF,0.475,1028.0,1.9317842530642155
516,RF,0.475,1028.0,1.9317842530642155
745,RF,0.475,1028.0,1.9317842530642155
1144,RF,0.475,1028.0,1.9317842530642155
1953,RF,0.475,1028.0,1.9317842530642155
684,RF,0.474,1033.0,1.9277173388472382
853,RF,0.474,1033.0,1.9277173388472382
1214,RF,0.474,1033.0,1.9277173388472382
1268,RF,0.474,1033.0,1.9277173388472382
1622,RF,0.474,1033.0,1.9277173388472382
2437,RF,0.474,1033.0,1.9277173388472382
2494,RF,0.474,1033.0,1.9277173388472382
95,RF,0.473,1040.0,1.9236504246302608
404,RF,0.473,1040.0,1.9236504246302608
593,RF,0.473,1040.0,1.9236504246302608
1088,RF,0.473,1040.0,1.9236504246302608
1416,RF,0.473,1040.0,1.9236504246302608
1558,RF,0.473,1040.0,1.9236504246302608
2530,RF,0.473,1040.0,1.9236504246302608
1514,RF,0.472,1047.0,1.9195835104132835
2543,RF,0.472,1047.0,1.9195835104132835
494,RF,0.471,1049.0,1.9155165961963063
862,RF,0.471,1049.0,1.9155165961963063
1752,RF,0.471,1049.0,1.9155165961963063
2036,RF,0.471,1049.0,1.9155165961963063
2568,RF,0.471,1049.0,1.9155165961963063
137,RF,0.47,1054.0,1.911449681979329
270,RF,0.47,1054.0,1.911449681979329
382,RF,0.47,1054.0,1.911449681979329
596,RF,0.47,1054.0,1.911449681979329
1560,RF,0.47,1054.0,1.911449681979329
2512,RF,0.47,1054.0,1.911449681979329
146,RF,0.469,1060.0,1.9073827677623516
321,RF,0.469,1060.0,1.9073827677623516
1005,RF,0.469,1060.0,1.9073827677623516
1492,RF,0.469,1060.0,1.9073827677623516
2078,RF,0.469,1060.0,1.9073827677623516
2291,RF,0.469,1060.0,1.9073827677623516
169,RF,0.468,1066.0,1.9033158535453745
710,RF,0.468,1066.0,1.9033158535453745
954,RF,0.468,1066.0,1.9033158535453745
1067,RF,0.468,1066.0,1.9033158535453745
1627,RF,0.468,1066.0,1.9033158535453745
2102,RF,0.468,1066.0,1.9033158535453745
416,RF,0.467,1072.0,1.8992489393283973
698,RF,0.467,1072.0,1.8992489393283973
757,RF,0.467,1072.0,1.8992489393283973
1645,RF,0.467,1072.0,1.8992489393283973
2282,RF,0.467,1072.0,1.8992489393283973
7,RF,0.466,1077.0,1.89518202511142
353,RF,0.466,1077.0,1.89518202511142
469,RF,0.466,1077.0,1.89518202511142
768,RF,0.466,1077.0,1.89518202511142
2205,RF,0.466,1077.0,1.89518202511142
2485,RF,0.466,1077.0,1.89518202511142
2590,RF,0.466,1077.0,1.89518202511142
2769,RF,0.466,1077.0,1.89518202511142
422,RF,0.465,1085.0,1.8911151108944426
765,RF,0.465,1085.0,1.8911151108944426
1852,RF,0.465,1085.0,1.8911151108944426
2539,RF,0.465,1085.0,1.8911151108944426
174,RF,0.464,1089.0,1.8870481966774653
794,RF,0.464,1089.0,1.8870481966774653
795,RF,0.464,1089.0,1.8870481966774653
1238,RF,0.464,1089.0,1.8870481966774653
1442,RF,0.464,1089.0,1.8870481966774653
1729,RF,0.464,1089.0,1.8870481966774653
1913,RF,0.464,1089.0,1.8870481966774653
2292,RF,0.464,1089.0,1.8870481966774653
225,RF,0.463,1097.0,1.8829812824604881
306,RF,0.463,1097.0,1.8829812824604881
1035,RF,0.463,1097.0,1.8829812824604881
1068,RF,0.462,1100.0,1.8789143682435108
1540,RF,0.462,1100.0,1.8789143682435108
1768,RF,0.462,1100.0,1.8789143682435108
2003,RF,0.462,1100.0,1.8789143682435108
2635,RF,0.462,1100.0,1.8789143682435108
208,RF,0.461,1105.0,1.8748474540265334
800,RF,0.461,1105.0,1.8748474540265334
1292,RF,0.461,1105.0,1.8748474540265334
1389,RF,0.461,1105.0,1.8748474540265334
1782,RF,0.461,1105.0,1.8748474540265334
2033,RF,0.461,1105.0,1.8748474540265334
2201,RF,0.461,1105.0,1.8748474540265334
26,RF,0.46,1112.0,1.8707805398095563
124,RF,0.46,1112.0,1.8707805398095563
369,RF,0.46,1112.0,1.8707805398095563
624,RF,0.46,1112.0,1.8707805398095563
2719,RF,0.46,1112.0,1.8707805398095563
521,RF,0.459,1117.0,1.866713625592579
633,RF,0.459,1117.0,1.866713625592579
1432,RF,0.459,1117.0,1.866713625592579
1656,RF,0.459,1117.0,1.866713625592579
1137,RF,0.458,1121.0,1.8626467113756016
1545,RF,0.458,1121.0,1.8626467113756016
1610,RF,0.458,1121.0,1.8626467113756016
1977,RF,0.458,1121.0,1.8626467113756016
2237,RF,0.458,1121.0,1.8626467113756016
1151,RF,0.457,1126.0,1.8585797971586242
1805,RF,0.457,1126.0,1.8585797971586242
27,RF,0.456,1128.0,1.854512882941647
391,RF,0.456,1128.0,1.854512882941647
394,RF,0.456,1128.0,1.854512882941647
899,RF,0.456,1128.0,1.854512882941647
2410,RF,0.456,1128.0,1.854512882941647
4,RF,0.455,1133.0,1.8504459687246697
47,RF,0.455,1133.0,1.8504459687246697
55,RF,0.455,1133.0,1.8504459687246697
549,RF,0.455,1133.0,1.8504459687246697
625,RF,0.455,1133.0,1.8504459687246697
816,RF,0.455,1133.0,1.8504459687246697
1217,RF,0.455,1133.0,1.8504459687246697
1803,RF,0.455,1133.0,1.8504459687246697
1855,RF,0.455,1133.0,1.8504459687246697
1219,RF,0.454,1142.0,1.8463790545076924
1380,RF,0.454,1142.0,1.8463790545076924
2055,RF,0.454,1142.0,1.8463790545076924
2074,RF,0.454,1142.0,1.8463790545076924
2439,RF,0.454,1142.0,1.8463790545076924
747,RF,0.453,1147.0,1.842312140290715
1719,RF,0.453,1147.0,1.842312140290715
2354,RF,0.453,1147.0,1.842312140290715
2616,RF,0.453,1147.0,1.842312140290715
441,RF,0.452,1151.0,1.8382452260737379
445,RF,0.452,1151.0,1.8382452260737379
2400,RF,0.452,1151.0,1.8382452260737379
2489,RF,0.452,1151.0,1.8382452260737379
1957,RF,0.451,1155.0,1.8341783118567605
2059,RF,0.451,1155.0,1.8341783118567605
560,RF,0.45,1157.0,1.8301113976397831
564,RF,0.45,1157.0,1.8301113976397831
1094,RF,0.45,1157.0,1.8301113976397831
2333,RF,0.45,1157.0,1.8301113976397831
2613,RF,0.45,1157.0,1.8301113976397831
143,RF,0.449,1162.0,1.8260444834228058
1430,RF,0.449,1162.0,1.8260444834228058
1468,RF,0.449,1162.0,1.8260444834228058
1783,RF,0.449,1162.0,1.8260444834228058
1951,RF,0.449,1162.0,1.8260444834228058
2640,RF,0.449,1162.0,1.8260444834228058
22,RF,0.448,1168.0,1.8219775692058287
431,RF,0.448,1168.0,1.8219775692058287
145,RF,0.447,1170.0,1.8179106549888513
201,RF,0.447,1170.0,1.8179106549888513
1665,RF,0.447,1170.0,1.8179106549888513
1704,RF,0.447,1170.0,1.8179106549888513
223,RF,0.446,1174.0,1.813843740771874
276,RF,0.446,1174.0,1.813843740771874
305,RF,0.446,1174.0,1.813843740771874
343,RF,0.446,1174.0,1.813843740771874
1183,RF,0.446,1174.0,1.813843740771874
1359,RF,0.446,1174.0,1.813843740771874
1566,RF,0.446,1174.0,1.813843740771874
2257,RF,0.446,1174.0,1.813843740771874
2676,RF,0.446,1174.0,1.813843740771874
867,RF,0.445,1183.0,1.8097768265548966
1231,RF,0.445,1183.0,1.8097768265548966
1323,RF,0.445,1183.0,1.8097768265548966
1635,RF,0.445,1183.0,1.8097768265548966
1700,RF,0.445,1183.0,1.8097768265548966
1715,RF,0.445,1183.0,1.8097768265548966
1736,RF,0.445,1183.0,1.8097768265548966
168,RF,0.444,1190.0,1.8057099123379194
1562,RF,0.444,1190.0,1.8057099123379194
1657,RF,0.444,1190.0,1.8057099123379194
858,RF,0.443,1193.0,1.801642998120942
1205,RF,0.443,1193.0,1.801642998120942
2049,RF,0.443,1193.0,1.801642998120942
1441,RF,0.442,1196.0,1.7975760839039647
1506,RF,0.442,1196.0,1.7975760839039647
1835,RF,0.442,1196.0,1.7975760839039647
2337,RF,0.442,1196.0,1.7975760839039647
246,RF,0.441,1200.0,1.7935091696869876
640,RF,0.441,1200.0,1.7935091696869876
1274,RF,0.441,1200.0,1.7935091696869876
1854,RF,0.441,1200.0,1.7935091696869876
2412,RF,0.441,1200.0,1.7935091696869876
176,RF,0.44,1205.0,1.7894422554700102
433,RF,0.44,1205.0,1.7894422554700102
1949,RF,0.44,1205.0,1.7894422554700102
534,RF,0.439,1208.0,1.7853753412530329
1147,RF,0.439,1208.0,1.7853753412530329
2030,RF,0.439,1208.0,1.7853753412530329
1579,RF,0.438,1211.0,1.7813084270360555
2360,RF,0.438,1211.0,1.7813084270360555
706,RF,0.437,1213.0,1.7772415128190784
924,RF,0.437,1213.0,1.7772415128190784
1990,RF,0.437,1213.0,1.7772415128190784
1996,RF,0.437,1213.0,1.7772415128190784
2131,RF,0.437,1213.0,1.7772415128190784
2526,RF,0.437,1213.0,1.7772415128190784
283,RF,0.436,1219.0,1.773174598602101
1447,RF,0.436,1219.0,1.773174598602101
2048,RF,0.436,1219.0,1.773174598602101
2162,RF,0.436,1219.0,1.773174598602101
2678,RF,0.436,1219.0,1.773174598602101
2755,RF,0.436,1219.0,1.773174598602101
1385,RF,0.435,1225.0,1.7691076843851237
1546,RF,0.435,1225.0,1.7691076843851237
1621,RF,0.435,1225.0,1.7691076843851237
2457,RF,0.435,1225.0,1.7691076843851237
2766,RF,0.435,1225.0,1.7691076843851237
1152,RF,0.434,1230.0,1.7650407701681463
1469,RF,0.434,1230.0,1.7650407701681463
1535,RF,0.434,1230.0,1.7650407701681463
1900,RF,0.434,1230.0,1.7650407701681463
2458,RF,0.434,1230.0,1.7650407701681463
2330,RF,0.433,1235.0,1.7609738559511692
2519,RF,0.433,1235.0,1.7609738559511692
2773,RF,0.433,1235.0,1.7609738559511692
545,RF,0.432,1238.0,1.7569069417341918
714,RF,0.432,1238.0,1.7569069417341918
734,RF,0.432,1238.0,1.7569069417341918
786,RF,0.432,1238.0,1.7569069417341918
833,RF,0.432,1238.0,1.7569069417341918
1593,RF,0.432,1238.0,1.7569069417341918
1629,RF,0.432,1238.0,1.7569069417341918
1685,RF,0.432,1238.0,1.7569069417341918
2087,RF,0.431,1246.0,1.7528400275172145
2363,RF,0.431,1246.0,1.7528400275172145
2380,RF,0.431,1246.0,1.7528400275172145
505,RF,0.43,1249.0,1.748773113300237
908,RF,0.43,1249.0,1.748773113300237
990,RF,0.43,1249.0,1.748773113300237
1076,RF,0.43,1249.0,1.748773113300237
2039,RF,0.43,1249.0,1.748773113300237
2187,RF,0.43,1249.0,1.748773113300237
2233,RF,0.43,1249.0,1.748773113300237
2386,RF,0.43,1249.0,1.748773113300237
2388,RF,0.43,1249.0,1.748773113300237
2553,RF,0.43,1249.0,1.748773113300237
388,RF,0.429,1259.0,1.74470619908326
536,RF,0.429,1259.0,1.74470619908326
1673,RF,0.429,1259.0,1.74470619908326
1721,RF,0.429,1259.0,1.74470619908326
942,RF,0.428,1263.0,1.7406392848662826
1109,RF,0.428,1263.0,1.7406392848662826
1563,RF,0.428,1263.0,1.7406392848662826
1591,RF,0.428,1263.0,1.7406392848662826
1677,RF,0.428,1263.0,1.7406392848662826
1985,RF,0.428,1263.0,1.7406392848662826
2115,RF,0.428,1263.0,1.7406392848662826
2416,RF,0.428,1263.0,1.7406392848662826
2714,RF,0.428,1263.0,1.7406392848662826
142,RF,0.427,1272.0,1.7365723706493053
1364,RF,0.427,1272.0,1.7365723706493053
2210,RF,0.427,1272.0,1.7365723706493053
2243,RF,0.427,1272.0,1.7365723706493053
2365,RF,0.427,1272.0,1.7365723706493053
2708,RF,0.427,1272.0,1.7365723706493053
37,RF,0.426,1278.0,1.732505456432328
902,RF,0.426,1278.0,1.732505456432328
1333,RF,0.426,1278.0,1.732505456432328
2355,RF,0.426,1278.0,1.732505456432328
2481,RF,0.426,1278.0,1.732505456432328
2699,RF,0.426,1278.0,1.732505456432328
319,RF,0.425,1284.0,1.7284385422153508
712,RF,0.425,1284.0,1.7284385422153508
945,RF,0.425,1284.0,1.7284385422153508
1425,RF,0.425,1284.0,1.7284385422153508
1807,RF,0.425,1284.0,1.7284385422153508
2223,RF,0.425,1284.0,1.7284385422153508
2462,RF,0.425,1284.0,1.7284385422153508
451,RF,0.424,1291.0,1.7243716279983734
1239,RF,0.424,1291.0,1.7243716279983734
1895,RF,0.424,1291.0,1.7243716279983734
767,RF,0.423,1294.0,1.720304713781396
857,RF,0.423,1294.0,1.720304713781396
1444,RF,0.423,1294.0,1.720304713781396
2737,RF,0.423,1294.0,1.720304713781396
258,RF,0.422,1298.0,1.7162377995644187
568,RF,0.422,1298.0,1.7162377995644187
1098,RF,0.422,1298.0,1.7162377995644187
1160,RF,0.422,1298.0,1.7162377995644187
1753,RF,0.422,1298.0,1.7162377995644187
1766,RF,0.422,1298.0,1.7162377995644187
1860,RF,0.422,1298.0,1.7162377995644187
1974,RF,0.422,1298.0,1.7162377995644187
2180,RF,0.422,1298.0,1.7162377995644187
553,RF,0.421,1307.0,1.7121708853474416
580,RF,0.421,1307.0,1.7121708853474416
2371,RF,0.421,1307.0,1.7121708853474416
2627,RF,0.421,1307.0,1.7121708853474416
1342,RF,0.42,1311.0,1.7081039711304642
2216,RF,0.42,1311.0,1.7081039711304642
115,RF,0.419,1313.0,1.7040370569134868
357,RF,0.419,1313.0,1.7040370569134868
725,RF,0.419,1313.0,1.7040370569134868
822,RF,0.419,1313.0,1.7040370569134868
2258,RF,0.419,1313.0,1.7040370569134868
1079,RF,0.418,1318.0,1.6999701426965097
1148,RF,0.418,1318.0,1.6999701426965097
1789,RF,0.418,1318.0,1.6999701426965097
759,RF,0.417,1321.0,1.6959032284795323
1486,RF,0.417,1321.0,1.6959032284795323
1712,RF,0.417,1321.0,1.6959032284795323
2327,RF,0.417,1321.0,1.6959032284795323
184,RF,0.416,1325.0,1.691836314262555
459,RF,0.416,1325.0,1.691836314262555
915,RF,0.416,1325.0,1.691836314262555
962,RF,0.416,1325.0,1.691836314262555
1174,RF,0.416,1325.0,1.691836314262555
1730,RF,0.416,1325.0,1.691836314262555
2254,RF,0.416,1325.0,1.691836314262555
2326,RF,0.416,1325.0,1.691836314262555
1306,RF,0.415,1333.0,1.6877694000455776
1483,RF,0.415,1333.0,1.6877694000455776
646,RF,0.414,1335.0,1.6837024858286005
1740,RF,0.414,1335.0,1.6837024858286005
1924,RF,0.414,1335.0,1.6837024858286005
2440,RF,0.414,1335.0,1.6837024858286005
578,RF,0.413,1339.0,1.6796355716116231
661,RF,0.413,1339.0,1.6796355716116231
1695,RF,0.413,1339.0,1.6796355716116231
1849,RF,0.413,1339.0,1.6796355716116231
2027,RF,0.413,1339.0,1.6796355716116231
2649,RF,0.413,1339.0,1.6796355716116231
2695,RF,0.413,1339.0,1.6796355716116231
622,RF,0.412,1346.0,1.6755686573946458
1391,RF,0.412,1346.0,1.6755686573946458
372,RF,0.411,1348.0,1.6715017431776684
762,RF,0.411,1348.0,1.6715017431776684
918,RF,0.411,1348.0,1.6715017431776684
1413,RF,0.411,1348.0,1.6715017431776684
2006,RF,0.411,1348.0,1.6715017431776684
65,RF,0.41,1353.0,1.6674348289606913
112,RF,0.41,1353.0,1.6674348289606913
153,RF,0.41,1353.0,1.6674348289606913
594,RF,0.41,1353.0,1.6674348289606913
782,RF,0.41,1353.0,1.6674348289606913
1618,RF,0.41,1353.0,1.6674348289606913
344,RF,0.409,1359.0,1.663367914743714
986,RF,0.409,1359.0,1.663367914743714
1418,RF,0.409,1359.0,1.663367914743714
2082,RF,0.409,1359.0,1.663367914743714
2697,RF,0.409,1359.0,1.663367914743714
160,RF,0.408,1364.0,1.6593010005267366
396,RF,0.408,1364.0,1.6593010005267366
805,RF,0.408,1364.0,1.6593010005267366
1843,RF,0.408,1364.0,1.6593010005267366
1866,RF,0.408,1364.0,1.6593010005267366
2068,RF,0.408,1364.0,1.6593010005267366
2448,RF,0.408,1364.0,1.6593010005267366
2582,RF,0.408,1364.0,1.6593010005267366
2765,RF,0.407,1372.0,1.6552340863097592
690,RF,0.406,1373.0,1.6511671720927823
1224,RF,0.406,1373.0,1.6511671720927823
1455,RF,0.406,1373.0,1.6511671720927823
2069,RF,0.406,1373.0,1.6511671720927823
2632,RF,0.406,1373.0,1.6511671720927823
235,RF,0.405,1378.0,1.647100257875805
492,RF,0.405,1378.0,1.647100257875805
555,RF,0.405,1378.0,1.647100257875805
621,RF,0.405,1378.0,1.647100257875805
1959,RF,0.405,1378.0,1.647100257875805
2346,RF,0.405,1378.0,1.647100257875805
447,RF,0.404,1384.0,1.6430333436588276
1344,RF,0.404,1384.0,1.6430333436588276
1421,RF,0.404,1384.0,1.6430333436588276
1583,RF,0.404,1384.0,1.6430333436588276
1998,RF,0.404,1384.0,1.6430333436588276
452,RF,0.403,1389.0,1.6389664294418502
1548,RF,0.403,1389.0,1.6389664294418502
1759,RF,0.403,1389.0,1.6389664294418502
256,RF,0.402,1392.0,1.634899515224873
1297,RF,0.402,1392.0,1.634899515224873
2150,RF,0.402,1392.0,1.634899515224873
2479,RF,0.402,1392.0,1.634899515224873
370,RF,0.401,1396.0,1.6308326010078957
659,RF,0.401,1396.0,1.6308326010078957
728,RF,0.401,1396.0,1.6308326010078957
1051,RF,0.401,1396.0,1.6308326010078957
1596,RF,0.401,1396.0,1.6308326010078957
1864,RF,0.401,1396.0,1.6308326010078957
574,RF,0.4,1402.0,1.6267656867909184
1315,RF,0.4,1402.0,1.6267656867909184
1367,RF,0.4,1402.0,1.6267656867909184
1973,RF,0.4,1402.0,1.6267656867909184
2690,RF,0.4,1402.0,1.6267656867909184
2709,RF,0.4,1402.0,1.6267656867909184
756,RF,0.399,1408.0,1.6226987725739412
1157,RF,0.399,1408.0,1.6226987725739412
1358,RF,0.399,1408.0,1.6226987725739412
2012,RF,0.399,1408.0,1.6226987725739412
2136,RF,0.399,1408.0,1.6226987725739412
2586,RF,0.399,1408.0,1.6226987725739412
1531,RF,0.398,1414.0,1.6186318583569639
2670,RF,0.398,1414.0,1.6186318583569639
19,RF,0.397,1416.0,1.6145649441399865
1117,RF,0.397,1416.0,1.6145649441399865
1150,RF,0.397,1416.0,1.6145649441399865
1722,RF,0.397,1416.0,1.6145649441399865
2358,RF,0.397,1416.0,1.6145649441399865
2523,RF,0.397,1416.0,1.6145649441399865
155,RF,0.396,1422.0,1.6104980299230092
298,RF,0.396,1422.0,1.6104980299230092
443,RF,0.396,1422.0,1.6104980299230092
1176,RF,0.396,1422.0,1.6104980299230092
1201,RF,0.396,1422.0,1.6104980299230092
1326,RF,0.396,1422.0,1.6104980299230092
1888,RF,0.396,1422.0,1.6104980299230092
2018,RF,0.396,1422.0,1.6104980299230092
2483,RF,0.396,1422.0,1.6104980299230092
185,RF,0.395,1431.0,1.606431115706032
675,RF,0.395,1431.0,1.606431115706032
744,RF,0.395,1431.0,1.606431115706032
824,RF,0.395,1431.0,1.606431115706032
1208,RF,0.395,1431.0,1.606431115706032
2532,RF,0.395,1431.0,1.606431115706032
975,RF,0.394,1437.0,1.6023642014890547
2116,RF,0.394,1437.0,1.6023642014890547
2206,RF,0.394,1437.0,1.6023642014890547
513,RF,0.393,1440.0,1.5982972872720773
2614,RF,0.393,1440.0,1.5982972872720773
2688,RF,0.393,1440.0,1.5982972872720773
1070,RF,0.392,1443.0,1.5942303730551
2484,RF,0.392,1443.0,1.5942303730551
2575,RF,0.392,1443.0,1.5942303730551
366,RF,0.391,1446.0,1.5901634588381228
1773,RF,0.391,1446.0,1.5901634588381228
1920,RF,0.391,1446.0,1.5901634588381228
2473,RF,0.391,1446.0,1.5901634588381228
1085,RF,0.39,1450.0,1.5860965446211455
1181,RF,0.39,1450.0,1.5860965446211455
1202,RF,0.39,1450.0,1.5860965446211455
1992,RF,0.39,1450.0,1.5860965446211455
2098,RF,0.39,1450.0,1.5860965446211455
773,RF,0.389,1455.0,1.582029630404168
1964,RF,0.389,1455.0,1.582029630404168
2214,RF,0.389,1455.0,1.582029630404168
40,RF,0.388,1458.0,1.5779627161871908
345,RF,0.388,1458.0,1.5779627161871908
607,RF,0.388,1458.0,1.5779627161871908
1141,RF,0.388,1458.0,1.5779627161871908
1145,RF,0.388,1458.0,1.5779627161871908
1275,RF,0.388,1458.0,1.5779627161871908
2341,RF,0.388,1458.0,1.5779627161871908
456,RF,0.387,1465.0,1.5738958019702136
526,RF,0.387,1465.0,1.5738958019702136
1698,RF,0.387,1465.0,1.5738958019702136
1934,RF,0.387,1465.0,1.5738958019702136
2075,RF,0.387,1465.0,1.5738958019702136
179,RF,0.386,1470.0,1.5698288877532363
1056,RF,0.386,1470.0,1.5698288877532363
1089,RF,0.386,1470.0,1.5698288877532363
1261,RF,0.386,1470.0,1.5698288877532363
1280,RF,0.386,1470.0,1.5698288877532363
1738,RF,0.386,1470.0,1.5698288877532363
1876,RF,0.386,1470.0,1.5698288877532363
2311,RF,0.386,1470.0,1.5698288877532363
647,RF,0.385,1478.0,1.565761973536259
1059,RF,0.385,1478.0,1.565761973536259
1301,RF,0.385,1478.0,1.565761973536259
1767,RF,0.385,1478.0,1.565761973536259
2240,RF,0.385,1478.0,1.565761973536259
125,RF,0.384,1483.0,1.5616950593192815
609,RF,0.384,1483.0,1.5616950593192815
2451,RF,0.384,1483.0,1.5616950593192815
341,RF,0.383,1486.0,1.5576281451023044
683,RF,0.383,1486.0,1.5576281451023044
1163,RF,0.383,1486.0,1.5576281451023044
1372,RF,0.383,1486.0,1.5576281451023044
1541,RF,0.383,1486.0,1.5576281451023044
1576,RF,0.383,1486.0,1.5576281451023044
1830,RF,0.383,1486.0,1.5576281451023044
2446,RF,0.383,1486.0,1.5576281451023044
165,RF,0.382,1494.0,1.553561230885327
1182,RF,0.382,1494.0,1.553561230885327
417,RF,0.381,1496.0,1.5494943166683497
730,RF,0.381,1496.0,1.5494943166683497
1599,RF,0.381,1496.0,1.5494943166683497
2314,RF,0.381,1496.0,1.5494943166683497
33,RF,0.38,1500.0,1.5454274024513723
460,RF,0.38,1500.0,1.5454274024513723
490,RF,0.38,1500.0,1.5454274024513723
1013,RF,0.38,1500.0,1.5454274024513723
1403,RF,0.38,1500.0,1.5454274024513723
2043,RF,0.38,1500.0,1.5454274024513723
2763,RF,0.38,1500.0,1.5454274024513723
896,RF,0.379,1507.0,1.5413604882343952
1047,RF,0.379,1507.0,1.5413604882343952
1743,RF,0.379,1507.0,1.5413604882343952
2007,RF,0.379,1507.0,1.5413604882343952
2028,RF,0.379,1507.0,1.5413604882343952
2470,RF,0.379,1507.0,1.5413604882343952
267,RF,0.378,1513.0,1.5372935740174178
1392,RF,0.378,1513.0,1.5372935740174178
2713,RF,0.378,1513.0,1.5372935740174178
135,RF,0.377,1516.0,1.5332266598004405
261,RF,0.377,1516.0,1.5332266598004405
629,RF,0.377,1516.0,1.5332266598004405
718,RF,0.377,1516.0,1.5332266598004405
1613,RF,0.377,1516.0,1.5332266598004405
2691,RF,0.377,1516.0,1.5332266598004405
531,RF,0.376,1522.0,1.5291597455834633
906,RF,0.376,1522.0,1.5291597455834633
1308,RF,0.376,1522.0,1.5291597455834633
1630,RF,0.376,1522.0,1.5291597455834633
2168,RF,0.376,1522.0,1.5291597455834633
178,RF,0.375,1527.0,1.525092831366486
1014,RF,0.375,1527.0,1.525092831366486
1923,RF,0.375,1527.0,1.525092831366486
2767,RF,0.375,1527.0,1.525092831366486
1,RF,0.374,1531.0,1.5210259171495086
628,RF,0.374,1531.0,1.5210259171495086
1409,RF,0.374,1531.0,1.5210259171495086
1838,RF,0.374,1531.0,1.5210259171495086
2194,RF,0.374,1531.0,1.5210259171495086
25,RF,0.373,1536.0,1.5169590029325313
401,RF,0.373,1536.0,1.5169590029325313
473,RF,0.373,1536.0,1.5169590029325313
871,RF,0.373,1536.0,1.5169590029325313
966,RF,0.373,1536.0,1.5169590029325313
1550,RF,0.373,1536.0,1.5169590029325313
2580,RF,0.373,1536.0,1.5169590029325313
66,RF,0.372,1543.0,1.5128920887155541
781,RF,0.372,1543.0,1.5128920887155541
1128,RF,0.372,1543.0,1.5128920887155541
1744,RF,0.372,1543.0,1.5128920887155541
2070,RF,0.372,1543.0,1.5128920887155541
2376,RF,0.372,1543.0,1.5128920887155541
533,RF,0.371,1549.0,1.5088251744985768
716,RF,0.371,1549.0,1.5088251744985768
738,RF,0.371,1549.0,1.5088251744985768
1761,RF,0.371,1549.0,1.5088251744985768
2141,RF,0.371,1549.0,1.5088251744985768
590,RF,0.37,1554.0,1.5047582602815994
778,RF,0.37,1554.0,1.5047582602815994
1210,RF,0.37,1554.0,1.5047582602815994
1260,RF,0.37,1554.0,1.5047582602815994
1283,RF,0.37,1554.0,1.5047582602815994
2147,RF,0.37,1554.0,1.5047582602815994
2551,RF,0.37,1554.0,1.5047582602815994
2597,RF,0.37,1554.0,1.5047582602815994
2617,RF,0.37,1554.0,1.5047582602815994
512,RF,0.369,1563.0,1.500691346064622
618,RF,0.369,1563.0,1.500691346064622
685,RF,0.369,1563.0,1.500691346064622
1004,RF,0.369,1563.0,1.500691346064622
1032,RF,0.369,1563.0,1.500691346064622
1188,RF,0.369,1563.0,1.500691346064622
2508,RF,0.369,1563.0,1.500691346064622
2683,RF,0.369,1563.0,1.500691346064622
920,RF,0.368,1571.0,1.496624431847645
1178,RF,0.368,1571.0,1.496624431847645
1193,RF,0.368,1571.0,1.496624431847645
1664,RF,0.368,1571.0,1.496624431847645
2120,RF,0.368,1571.0,1.496624431847645
206,RF,0.367,1576.0,1.4925575176306676
1845,RF,0.367,1576.0,1.4925575176306676
670,RF,0.366,1578.0,1.4884906034136902
839,RF,0.366,1578.0,1.4884906034136902
1494,RF,0.366,1578.0,1.4884906034136902
1519,RF,0.366,1578.0,1.4884906034136902
2058,RF,0.366,1578.0,1.4884906034136902
2750,RF,0.366,1578.0,1.4884906034136902
90,RF,0.365,1584.0,1.4844236891967129
251,RF,0.365,1584.0,1.4844236891967129
784,RF,0.365,1584.0,1.4844236891967129
1383,RF,0.365,1584.0,1.4844236891967129
2262,RF,0.365,1584.0,1.4844236891967129
2298,RF,0.365,1584.0,1.4844236891967129
161,RF,0.364,1590.0,1.4803567749797357
493,RF,0.364,1590.0,1.4803567749797357
946,RF,0.364,1590.0,1.4803567749797357
1225,RF,0.364,1590.0,1.4803567749797357
1313,RF,0.364,1590.0,1.4803567749797357
2348,RF,0.364,1590.0,1.4803567749797357
2775,RF,0.364,1590.0,1.4803567749797357
56,RF,0.363,1597.0,1.4762898607627584
691,RF,0.363,1597.0,1.4762898607627584
792,RF,0.363,1597.0,1.4762898607627584
1021,RF,0.363,1597.0,1.4762898607627584
1073,RF,0.363,1597.0,1.4762898607627584
1402,RF,0.363,1597.0,1.4762898607627584
1666,RF,0.363,1597.0,1.4762898607627584
1707,RF,0.363,1597.0,1.4762898607627584
1792,RF,0.363,1597.0,1.4762898607627584
2228,RF,0.363,1597.0,1.4762898607627584
2301,RF,0.363,1597.0,1.4762898607627584
172,RF,0.362,1608.0,1.472222946545781
519,RF,0.362,1608.0,1.472222946545781
1143,RF,0.362,1608.0,1.472222946545781
2467,RF,0.362,1608.0,1.472222946545781
1395,RF,0.361,1612.0,1.4681560323288037
1631,RF,0.361,1612.0,1.4681560323288037
2615,RF,0.361,1612.0,1.4681560323288037
311,RF,0.36,1615.0,1.4640891181118265
1028,RF,0.36,1615.0,1.4640891181118265
1164,RF,0.36,1615.0,1.4640891181118265
1251,RF,0.36,1615.0,1.4640891181118265
2595,RF,0.36,1615.0,1.4640891181118265
1521,RF,0.359,1620.0,1.4600222038948492
2083,RF,0.359,1620.0,1.4600222038948492
2397,RF,0.359,1620.0,1.4600222038948492
42,RF,0.358,1623.0,1.4559552896778718
167,RF,0.358,1623.0,1.4559552896778718
393,RF,0.358,1623.0,1.4559552896778718
689,RF,0.358,1623.0,1.4559552896778718
952,RF,0.358,1623.0,1.4559552896778718
1039,RF,0.358,1623.0,1.4559552896778718
1405,RF,0.358,1623.0,1.4559552896778718
1784,RF,0.358,1623.0,1.4559552896778718
750,RF,0.357,1631.0,1.4518883754608944
2144,RF,0.357,1631.0,1.4518883754608944
2435,RF,0.357,1631.0,1.4518883754608944
89,RF,0.356,1634.0,1.4478214612439173
228,RF,0.356,1634.0,1.4478214612439173
889,RF,0.356,1634.0,1.4478214612439173
1266,RF,0.356,1634.0,1.4478214612439173
1946,RF,0.356,1634.0,1.4478214612439173
2248,RF,0.356,1634.0,1.4478214612439173
2395,RF,0.356,1634.0,1.4478214612439173
2588,RF,0.356,1634.0,1.4478214612439173
85,RF,0.355,1642.0,1.44375454702694
1982,RF,0.355,1642.0,1.44375454702694
2008,RF,0.355,1642.0,1.44375454702694
2650,RF,0.355,1642.0,1.44375454702694
2696,RF,0.355,1642.0,1.44375454702694
150,RF,0.354,1647.0,1.4396876328099626
611,RF,0.354,1647.0,1.4396876328099626
1352,RF,0.354,1647.0,1.4396876328099626
1375,RF,0.354,1647.0,1.4396876328099626
1454,RF,0.354,1647.0,1.4396876328099626
1460,RF,0.354,1647.0,1.4396876328099626
1542,RF,0.354,1647.0,1.4396876328099626
186,RF,0.353,1654.0,1.4356207185929855
994,RF,0.353,1654.0,1.4356207185929855
2740,RF,0.353,1654.0,1.4356207185929855
78,RF,0.352,1657.0,1.431553804376008
540,RF,0.352,1657.0,1.431553804376008
834,RF,0.352,1657.0,1.431553804376008
1787,RF,0.352,1657.0,1.431553804376008
1897,RF,0.352,1657.0,1.431553804376008
2097,RF,0.352,1657.0,1.431553804376008
2375,RF,0.352,1657.0,1.431553804376008
2725,RF,0.352,1657.0,1.431553804376008
667,RF,0.351,1665.0,1.4274868901590307
709,RF,0.351,1665.0,1.4274868901590307
739,RF,0.351,1665.0,1.4274868901590307
777,RF,0.351,1665.0,1.4274868901590307
1170,RF,0.351,1665.0,1.4274868901590307
1209,RF,0.351,1665.0,1.4274868901590307
1734,RF,0.351,1665.0,1.4274868901590307
6,RF,0.35,1672.0,1.4234199759420534
31,RF,0.35,1672.0,1.4234199759420534
111,RF,0.35,1672.0,1.4234199759420534
525,RF,0.35,1672.0,1.4234199759420534
1944,RF,0.35,1672.0,1.4234199759420534
2476,RF,0.35,1672.0,1.4234199759420534
2527,RF,0.35,1672.0,1.4234199759420534
2628,RF,0.35,1672.0,1.4234199759420534
2700,RF,0.35,1672.0,1.4234199759420534
304,RF,0.349,1681.0,1.4193530617250762
660,RF,0.349,1681.0,1.4193530617250762
2133,RF,0.349,1681.0,1.4193530617250762
811,RF,0.348,1684.0,1.415286147508099
1154,RF,0.348,1684.0,1.415286147508099
1339,RF,0.348,1684.0,1.415286147508099
2093,RF,0.348,1684.0,1.415286147508099
114,RF,0.347,1688.0,1.4112192332911215
385,RF,0.347,1688.0,1.4112192332911215
752,RF,0.347,1688.0,1.4112192332911215
855,RF,0.347,1688.0,1.4112192332911215
895,RF,0.347,1688.0,1.4112192332911215
1053,RF,0.347,1688.0,1.4112192332911215
1101,RF,0.347,1688.0,1.4112192332911215
1257,RF,0.347,1688.0,1.4112192332911215
1466,RF,0.347,1688.0,1.4112192332911215
1731,RF,0.347,1688.0,1.4112192332911215
2173,RF,0.347,1688.0,1.4112192332911215
2503,RF,0.347,1688.0,1.4112192332911215
338,RF,0.346,1700.0,1.4071523190741442
665,RF,0.346,1700.0,1.4071523190741442
1781,RF,0.346,1700.0,1.4071523190741442
2556,RF,0.346,1700.0,1.4071523190741442
2602,RF,0.346,1700.0,1.4071523190741442
1717,RF,0.345,1705.0,1.403085404857167
1968,RF,0.345,1705.0,1.403085404857167
1970,RF,0.345,1705.0,1.403085404857167
2518,RF,0.345,1705.0,1.403085404857167
1684,RF,0.344,1709.0,1.3990184906401897
1800,RF,0.344,1709.0,1.3990184906401897
2167,RF,0.344,1709.0,1.3990184906401897
2231,RF,0.344,1709.0,1.3990184906401897
2474,RF,0.344,1709.0,1.3990184906401897
2624,RF,0.344,1709.0,1.3990184906401897
1102,RF,0.343,1715.0,1.3949515764232125
1528,RF,0.343,1715.0,1.3949515764232125
2217,RF,0.343,1715.0,1.3949515764232125
2692,RF,0.343,1715.0,1.3949515764232125
245,RF,0.342,1719.0,1.3908846622062352
330,RF,0.342,1719.0,1.3908846622062352
468,RF,0.342,1719.0,1.3908846622062352
1907,RF,0.342,1719.0,1.3908846622062352
2286,RF,0.342,1719.0,1.3908846622062352
2398,RF,0.342,1719.0,1.3908846622062352
398,RF,0.341,1725.0,1.386817747989258
598,RF,0.341,1725.0,1.386817747989258
1763,RF,0.341,1725.0,1.386817747989258
1899,RF,0.341,1725.0,1.386817747989258
2195,RF,0.341,1725.0,1.386817747989258
2496,RF,0.341,1725.0,1.386817747989258
2591,RF,0.341,1725.0,1.386817747989258
175,RF,0.34,1732.0,1.3827508337722807
226,RF,0.34,1732.0,1.3827508337722807
397,RF,0.34,1732.0,1.3827508337722807
500,RF,0.34,1732.0,1.3827508337722807
787,RF,0.34,1732.0,1.3827508337722807
810,RF,0.34,1732.0,1.3827508337722807
1074,RF,0.34,1732.0,1.3827508337722807
1173,RF,0.34,1732.0,1.3827508337722807
1253,RF,0.34,1732.0,1.3827508337722807
1490,RF,0.34,1732.0,1.3827508337722807
2718,RF,0.34,1732.0,1.3827508337722807
947,RF,0.339,1743.0,1.3786839195553033
1082,RF,0.339,1743.0,1.3786839195553033
1456,RF,0.339,1743.0,1.3786839195553033
1590,RF,0.339,1743.0,1.3786839195553033
2682,RF,0.339,1743.0,1.3786839195553033
2749,RF,0.339,1743.0,1.3786839195553033
166,RF,0.337,1749.0,1.3705500911213488
503,RF,0.337,1749.0,1.3705500911213488
1204,RF,0.337,1749.0,1.3705500911213488
1710,RF,0.337,1749.0,1.3705500911213488
1961,RF,0.337,1749.0,1.3705500911213488
2137,RF,0.337,1749.0,1.3705500911213488
2306,RF,0.337,1749.0,1.3705500911213488
2743,RF,0.337,1749.0,1.3705500911213488
489,RF,0.336,1757.0,1.3664831769043715
772,RF,0.336,1757.0,1.3664831769043715
866,RF,0.336,1757.0,1.3664831769043715
1043,RF,0.336,1757.0,1.3664831769043715
1055,RF,0.336,1757.0,1.3664831769043715
2425,RF,0.336,1757.0,1.3664831769043715
2454,RF,0.336,1757.0,1.3664831769043715
2618,RF,0.336,1757.0,1.3664831769043715
1881,RF,0.335,1765.0,1.3624162626873941
2156,RF,0.335,1765.0,1.3624162626873941
2316,RF,0.335,1765.0,1.3624162626873941
2366,RF,0.335,1765.0,1.3624162626873941
57,RF,0.334,1769.0,1.358349348470417
573,RF,0.334,1769.0,1.358349348470417
1384,RF,0.334,1769.0,1.358349348470417
2764,RF,0.334,1769.0,1.358349348470417
386,RF,0.333,1773.0,1.3542824342534396
589,RF,0.333,1773.0,1.3542824342534396
707,RF,0.333,1773.0,1.3542824342534396
864,RF,0.333,1773.0,1.3542824342534396
1179,RF,0.333,1773.0,1.3542824342534396
1477,RF,0.333,1773.0,1.3542824342534396
2277,RF,0.333,1773.0,1.3542824342534396
1138,RF,0.332,1780.0,1.3502155200364623
2060,RF,0.332,1780.0,1.3502155200364623
113,RF,0.331,1782.0,1.346148605819485
956,RF,0.331,1782.0,1.346148605819485
1921,RF,0.331,1782.0,1.346148605819485
2420,RF,0.331,1782.0,1.346148605819485
2621,RF,0.331,1782.0,1.346148605819485
2748,RF,0.331,1782.0,1.346148605819485
107,RF,0.33,1788.0,1.3420816916025078
119,RF,0.33,1788.0,1.3420816916025078
790,RF,0.33,1788.0,1.3420816916025078
819,RF,0.33,1788.0,1.3420816916025078
1052,RF,0.33,1788.0,1.3420816916025078
1694,RF,0.33,1788.0,1.3420816916025078
2184,RF,0.33,1788.0,1.3420816916025078
8,RF,0.329,1795.0,1.3380147773855304
658,RF,0.329,1795.0,1.3380147773855304
702,RF,0.329,1795.0,1.3380147773855304
2235,RF,0.329,1795.0,1.3380147773855304
2447,RF,0.329,1795.0,1.3380147773855304
347,RF,0.328,1800.0,1.333947863168553
544,RF,0.328,1800.0,1.333947863168553
597,RF,0.328,1800.0,1.333947863168553
1087,RF,0.328,1800.0,1.333947863168553
2229,RF,0.328,1800.0,1.333947863168553
2655,RF,0.328,1800.0,1.333947863168553
938,RF,0.327,1806.0,1.3298809489515757
1481,RF,0.327,1806.0,1.3298809489515757
2138,RF,0.327,1806.0,1.3298809489515757
2533,RF,0.327,1806.0,1.3298809489515757
617,RF,0.326,1810.0,1.3258140347345986
840,RF,0.326,1810.0,1.3258140347345986
1571,RF,0.326,1810.0,1.3258140347345986
1725,RF,0.326,1810.0,1.3258140347345986
234,RF,0.325,1814.0,1.3217471205176212
248,RF,0.325,1814.0,1.3217471205176212
301,RF,0.325,1814.0,1.3217471205176212
501,RF,0.325,1814.0,1.3217471205176212
605,RF,0.325,1814.0,1.3217471205176212
770,RF,0.325,1814.0,1.3217471205176212
785,RF,0.325,1814.0,1.3217471205176212
1211,RF,0.325,1814.0,1.3217471205176212
1950,RF,0.325,1814.0,1.3217471205176212
2374,RF,0.325,1814.0,1.3217471205176212
487,RF,0.324,1824.0,1.3176802063006439
653,RF,0.324,1824.0,1.3176802063006439
1567,RF,0.324,1824.0,1.3176802063006439
1794,RF,0.324,1824.0,1.3176802063006439
2504,RF,0.324,1824.0,1.3176802063006439
1458,RF,0.323,1829.0,1.3136132920836665
1467,RF,0.323,1829.0,1.3136132920836665
1533,RF,0.323,1829.0,1.3136132920836665
1925,RF,0.323,1829.0,1.3136132920836665
2056,RF,0.323,1829.0,1.3136132920836665
2296,RF,0.323,1829.0,1.3136132920836665
2611,RF,0.323,1829.0,1.3136132920836665
224,RF,0.322,1836.0,1.3095463778666894
381,RF,0.322,1836.0,1.3095463778666894
449,RF,0.322,1836.0,1.3095463778666894
247,RF,0.321,1839.0,1.305479463649712
541,RF,0.321,1839.0,1.305479463649712
703,RF,0.321,1839.0,1.305479463649712
2408,RF,0.321,1839.0,1.305479463649712
2728,RF,0.321,1839.0,1.305479463649712
105,RF,0.32,1844.0,1.3014125494327347
221,RF,0.32,1844.0,1.3014125494327347
820,RF,0.32,1844.0,1.3014125494327347
873,RF,0.32,1844.0,1.3014125494327347
2024,RF,0.32,1844.0,1.3014125494327347
2461,RF,0.32,1844.0,1.3014125494327347
514,RF,0.319,1850.0,1.2973456352157573
532,RF,0.319,1850.0,1.2973456352157573
1218,RF,0.319,1850.0,1.2973456352157573
1788,RF,0.319,1850.0,1.2973456352157573
2701,RF,0.319,1850.0,1.2973456352157573
1083,RF,0.318,1855.0,1.2932787209987802
1612,RF,0.318,1855.0,1.2932787209987802
255,RF,0.317,1857.0,1.2892118067818028
1229,RF,0.317,1857.0,1.2892118067818028
1786,RF,0.317,1857.0,1.2892118067818028
1130,RF,0.316,1860.0,1.2851448925648254
1309,RF,0.316,1860.0,1.2851448925648254
2265,RF,0.316,1860.0,1.2851448925648254
2702,RF,0.316,1860.0,1.2851448925648254
435,RF,0.315,1864.0,1.2810779783478483
495,RF,0.315,1864.0,1.2810779783478483
615,RF,0.315,1864.0,1.2810779783478483
807,RF,0.315,1864.0,1.2810779783478483
1029,RF,0.315,1864.0,1.2810779783478483
1981,RF,0.315,1864.0,1.2810779783478483
77,RF,0.314,1870.0,1.277011064130871
217,RF,0.314,1870.0,1.277011064130871
412,RF,0.314,1870.0,1.277011064130871
1414,RF,0.314,1870.0,1.277011064130871
1555,RF,0.314,1870.0,1.277011064130871
1592,RF,0.314,1870.0,1.277011064130871
2675,RF,0.314,1870.0,1.277011064130871
701,RF,0.313,1877.0,1.2729441499138936
717,RF,0.313,1877.0,1.2729441499138936
727,RF,0.313,1877.0,1.2729441499138936
1478,RF,0.313,1877.0,1.2729441499138936
1896,RF,0.313,1877.0,1.2729441499138936
2424,RF,0.313,1877.0,1.2729441499138936
209,RF,0.312,1883.0,1.2688772356969162
289,RF,0.312,1883.0,1.2688772356969162
572,RF,0.312,1883.0,1.2688772356969162
682,RF,0.312,1883.0,1.2688772356969162
1894,RF,0.312,1883.0,1.2688772356969162
2370,RF,0.312,1883.0,1.2688772356969162
2406,RF,0.312,1883.0,1.2688772356969162
406,RF,0.311,1890.0,1.264810321479939
610,RF,0.311,1890.0,1.264810321479939
616,RF,0.311,1890.0,1.264810321479939
798,RF,0.311,1890.0,1.264810321479939
1195,RF,0.311,1890.0,1.264810321479939
508,RF,0.31,1895.0,1.2607434072629617
1015,RF,0.31,1895.0,1.2607434072629617
1113,RF,0.31,1895.0,1.2607434072629617
1149,RF,0.31,1895.0,1.2607434072629617
1213,RF,0.31,1895.0,1.2607434072629617
1242,RF,0.31,1895.0,1.2607434072629617
1374,RF,0.31,1895.0,1.2607434072629617
1401,RF,0.31,1895.0,1.2607434072629617
1422,RF,0.31,1895.0,1.2607434072629617
1903,RF,0.31,1895.0,1.2607434072629617
2171,RF,0.31,1895.0,1.2607434072629617
509,RF,0.309,1906.0,1.2566764930459844
1316,RF,0.309,1906.0,1.2566764930459844
1317,RF,0.309,1906.0,1.2566764930459844
1862,RF,0.309,1906.0,1.2566764930459844
2654,RF,0.309,1906.0,1.2566764930459844
1237,RF,0.308,1911.0,1.252609578829007
2066,RF,0.308,1911.0,1.252609578829007
2307,RF,0.308,1911.0,1.252609578829007
2364,RF,0.308,1911.0,1.252609578829007
969,RF,0.307,1915.0,1.24854266461203
1564,RF,0.307,1915.0,1.24854266461203
859,RF,0.306,1917.0,1.2444757503950525
974,RF,0.306,1917.0,1.2444757503950525
1338,RF,0.306,1917.0,1.2444757503950525
1912,RF,0.306,1917.0,1.2444757503950525
2000,RF,0.306,1917.0,1.2444757503950525
2409,RF,0.306,1917.0,1.2444757503950525
2570,RF,0.306,1917.0,1.2444757503950525
1340,RF,0.305,1924.0,1.2404088361780752
1918,RF,0.305,1924.0,1.2404088361780752
2289,RF,0.305,1924.0,1.2404088361780752
1771,RF,0.304,1927.0,1.2363419219610978
2381,RF,0.304,1927.0,1.2363419219610978
203,RF,0.303,1929.0,1.2322750077441207
535,RF,0.303,1929.0,1.2322750077441207
852,RF,0.303,1929.0,1.2322750077441207
2572,RF,0.303,1929.0,1.2322750077441207
801,RF,0.302,1933.0,1.2282080935271433
1288,RF,0.302,1933.0,1.2282080935271433
213,RF,0.301,1935.0,1.224141179310166
268,RF,0.301,1935.0,1.224141179310166
363,RF,0.301,1935.0,1.224141179310166
1654,RF,0.301,1935.0,1.224141179310166
2081,RF,0.301,1935.0,1.224141179310166
355,RF,0.3,1940.0,1.2200742650931886
466,RF,0.3,1940.0,1.2200742650931886
892,RF,0.3,1940.0,1.2200742650931886
1303,RF,0.3,1940.0,1.2200742650931886
1600,RF,0.299,1944.0,1.2160073508762115
1701,RF,0.299,1944.0,1.2160073508762115
2325,RF,0.299,1944.0,1.2160073508762115
102,RF,0.298,1947.0,1.2119404366592341
1799,RF,0.298,1947.0,1.2119404366592341
163,RF,0.297,1949.0,1.2078735224422568
502,RF,0.297,1949.0,1.2078735224422568
783,RF,0.297,1949.0,1.2078735224422568
830,RF,0.297,1949.0,1.2078735224422568
2077,RF,0.297,1949.0,1.2078735224422568
133,RF,0.296,1954.0,1.2038066082252794
742,RF,0.296,1954.0,1.2038066082252794
907,RF,0.296,1954.0,1.2038066082252794
80,RF,0.295,1957.0,1.1997396940083023
195,RF,0.295,1957.0,1.1997396940083023
543,RF,0.295,1957.0,1.1997396940083023
2172,RF,0.295,1957.0,1.1997396940083023
2230,RF,0.295,1957.0,1.1997396940083023
2623,RF,0.295,1957.0,1.1997396940083023
530,RF,0.294,1963.0,1.195672779791325
2088,RF,0.294,1963.0,1.195672779791325
563,RF,0.293,1965.0,1.1916058655743476
1368,RF,0.293,1965.0,1.1916058655743476
1387,RF,0.293,1965.0,1.1916058655743476
1790,RF,0.293,1965.0,1.1916058655743476
2174,RF,0.293,1965.0,1.1916058655743476
2276,RF,0.293,1965.0,1.1916058655743476
2463,RF,0.293,1965.0,1.1916058655743476
390,RF,0.292,1972.0,1.1875389513573704
432,RF,0.292,1972.0,1.1875389513573704
1034,RF,0.292,1972.0,1.1875389513573704
1276,RF,0.292,1972.0,1.1875389513573704
1705,RF,0.292,1972.0,1.1875389513573704
2399,RF,0.292,1972.0,1.1875389513573704
1241,RF,0.291,1978.0,1.183472037140393
1904,RF,0.291,1978.0,1.183472037140393
378,RF,0.29,1980.0,1.1794051229234157
2042,RF,0.29,1980.0,1.1794051229234157
612,RF,0.289,1982.0,1.1753382087064383
1813,RF,0.289,1982.0,1.1753382087064383
666,RF,0.288,1984.0,1.1712712944894612
1833,RF,0.288,1984.0,1.1712712944894612
2118,RF,0.288,1984.0,1.1712712944894612
1420,RF,0.287,1987.0,1.1672043802724839
662,RF,0.286,1988.0,1.1631374660555065
1474,RF,0.286,1988.0,1.1631374660555065
1587,RF,0.286,1988.0,1.1631374660555065
911,RF,0.285,1991.0,1.1590705518385291
957,RF,0.285,1991.0,1.1590705518385291
1620,RF,0.285,1991.0,1.1590705518385291
1658,RF,0.285,1991.0,1.1590705518385291
346,RF,0.284,1995.0,1.155003637621552
686,RF,0.283,1996.0,1.1509367234045746
963,RF,0.283,1996.0,1.1509367234045746
1092,RF,0.283,1996.0,1.1509367234045746
227,RF,0.282,1999.0,1.1468698091875973
972,RF,0.282,1999.0,1.1468698091875973
1065,RF,0.282,1999.0,1.1468698091875973
1874,RF,0.282,1999.0,1.1468698091875973
2186,RF,0.282,1999.0,1.1468698091875973
2253,RF,0.282,1999.0,1.1468698091875973
2637,RF,0.282,1999.0,1.1468698091875973
499,RF,0.281,2006.0,1.1428028949706202
1072,RF,0.281,2006.0,1.1428028949706202
1278,RF,0.281,2006.0,1.1428028949706202
1461,RF,0.281,2006.0,1.1428028949706202
1512,RF,0.281,2006.0,1.1428028949706202
2051,RF,0.281,2006.0,1.1428028949706202
2554,RF,0.281,2006.0,1.1428028949706202
2620,RF,0.281,2006.0,1.1428028949706202
1325,RF,0.28,2014.0,1.138735980753643
1470,RF,0.28,2014.0,1.138735980753643
1898,RF,0.28,2014.0,1.138735980753643
2619,RF,0.28,2014.0,1.138735980753643
1123,RF,0.279,2018.0,1.1346690665366657
2041,RF,0.279,2018.0,1.1346690665366657
240,RF,0.278,2020.0,1.1306021523196883
1742,RF,0.278,2020.0,1.1306021523196883
2335,RF,0.278,2020.0,1.1306021523196883
600,RF,0.277,2023.0,1.126535238102711
1653,RF,0.277,2023.0,1.126535238102711
2312,RF,0.277,2023.0,1.126535238102711
1605,RF,0.276,2026.0,1.1224683238857338
2017,RF,0.276,2026.0,1.1224683238857338
197,RF,0.275,2028.0,1.1184014096687565
585,RF,0.275,2028.0,1.1184014096687565
1547,RF,0.275,2028.0,1.1184014096687565
2468,RF,0.275,2028.0,1.1184014096687565
1066,RF,0.274,2032.0,1.114334495451779
1136,RF,0.274,2032.0,1.114334495451779
1451,RF,0.274,2032.0,1.114334495451779
79,RF,0.273,2035.0,1.110267581234802
1293,RF,0.273,2035.0,1.110267581234802
1298,RF,0.273,2035.0,1.110267581234802
2002,RF,0.273,2035.0,1.110267581234802
419,RF,0.272,2039.0,1.1062006670178246
1435,RF,0.272,2039.0,1.1062006670178246
2445,RF,0.272,2039.0,1.1062006670178246
2642,RF,0.272,2039.0,1.1062006670178246
2726,RF,0.272,2039.0,1.1062006670178246
931,RF,0.271,2044.0,1.1021337528008472
971,RF,0.271,2044.0,1.1021337528008472
1393,RF,0.271,2044.0,1.1021337528008472
1497,RF,0.271,2044.0,1.1021337528008472
1536,RF,0.271,2044.0,1.1021337528008472
1997,RF,0.271,2044.0,1.1021337528008472
2125,RF,0.271,2044.0,1.1021337528008472
98,RF,0.27,2051.0,1.0980668385838699
233,RF,0.27,2051.0,1.0980668385838699
554,RF,0.27,2051.0,1.0980668385838699
1927,RF,0.27,2051.0,1.0980668385838699
2631,RF,0.27,2051.0,1.0980668385838699
2686,RF,0.27,2051.0,1.0980668385838699
2761,RF,0.27,2051.0,1.0980668385838699
148,RF,0.269,2058.0,1.0939999243668928
407,RF,0.269,2058.0,1.0939999243668928
626,RF,0.269,2058.0,1.0939999243668928
669,RF,0.269,2058.0,1.0939999243668928
771,RF,0.269,2058.0,1.0939999243668928
1426,RF,0.269,2058.0,1.0939999243668928
1809,RF,0.269,2058.0,1.0939999243668928
2329,RF,0.269,2058.0,1.0939999243668928
2693,RF,0.269,2058.0,1.0939999243668928
109,RF,0.268,2067.0,1.0899330101499154
788,RF,0.268,2067.0,1.0899330101499154
934,RF,0.268,2067.0,1.0899330101499154
1115,RF,0.268,2067.0,1.0899330101499154
1457,RF,0.268,2067.0,1.0899330101499154
1628,RF,0.268,2067.0,1.0899330101499154
2244,RF,0.268,2067.0,1.0899330101499154
2357,RF,0.268,2067.0,1.0899330101499154
1050,RF,0.267,2075.0,1.085866095932938
1880,RF,0.267,2075.0,1.085866095932938
171,RF,0.266,2077.0,1.0817991817159607
360,RF,0.266,2077.0,1.0817991817159607
673,RF,0.266,2077.0,1.0817991817159607
1370,RF,0.266,2077.0,1.0817991817159607
2350,RF,0.266,2077.0,1.0817991817159607
2636,RF,0.266,2077.0,1.0817991817159607
1675,RF,0.265,2083.0,1.0777322674989835
2154,RF,0.265,2083.0,1.0777322674989835
2256,RF,0.265,2083.0,1.0777322674989835
2573,RF,0.265,2083.0,1.0777322674989835
138,RF,0.264,2087.0,1.0736653532820062
1300,RF,0.264,2087.0,1.0736653532820062
1634,RF,0.264,2087.0,1.0736653532820062
1723,RF,0.264,2087.0,1.0736653532820062
1755,RF,0.264,2087.0,1.0736653532820062
2729,RF,0.264,2087.0,1.0736653532820062
147,RF,0.262,2093.0,1.0655315248480515
1168,RF,0.262,2093.0,1.0655315248480515
1552,RF,0.262,2093.0,1.0655315248480515
1882,RF,0.262,2093.0,1.0655315248480515
2771,RF,0.262,2093.0,1.0655315248480515
471,RF,0.261,2098.0,1.0614646106310743
1027,RF,0.261,2098.0,1.0614646106310743
1230,RF,0.261,2098.0,1.0614646106310743
1507,RF,0.261,2098.0,1.0614646106310743
2107,RF,0.26,2102.0,1.057397696414097
2668,RF,0.26,2102.0,1.057397696414097
328,RF,0.259,2104.0,1.0533307821971196
415,RF,0.259,2104.0,1.0533307821971196
453,RF,0.259,2104.0,1.0533307821971196
1110,RF,0.259,2104.0,1.0533307821971196
1207,RF,0.259,2104.0,1.0533307821971196
1433,RF,0.259,2104.0,1.0533307821971196
2299,RF,0.259,2104.0,1.0533307821971196
2507,RF,0.259,2104.0,1.0533307821971196
139,RF,0.258,2112.0,1.0492638679801423
384,RF,0.258,2112.0,1.0492638679801423
1517,RF,0.258,2112.0,1.0492638679801423
2032,RF,0.258,2112.0,1.0492638679801423
2711,RF,0.258,2112.0,1.0492638679801423
645,RF,0.257,2117.0,1.0451969537631651
1769,RF,0.257,2117.0,1.0451969537631651
2268,RF,0.257,2117.0,1.0451969537631651
2427,RF,0.257,2117.0,1.0451969537631651
2460,RF,0.257,2117.0,1.0451969537631651
2744,RF,0.257,2117.0,1.0451969537631651
278,RF,0.256,2123.0,1.0411300395461878
477,RF,0.256,2123.0,1.0411300395461878
1078,RF,0.256,2123.0,1.0411300395461878
1588,RF,0.256,2123.0,1.0411300395461878
326,RF,0.255,2127.0,1.0370631253292104
1832,RF,0.255,2127.0,1.0370631253292104
2142,RF,0.255,2127.0,1.0370631253292104
2181,RF,0.255,2127.0,1.0370631253292104
1223,RF,0.254,2131.0,1.032996211112233
1386,RF,0.254,2131.0,1.032996211112233
1724,RF,0.254,2131.0,1.032996211112233
1785,RF,0.254,2131.0,1.032996211112233
295,RF,0.253,2135.0,1.028929296895256
1037,RF,0.253,2135.0,1.028929296895256
2218,RF,0.253,2135.0,1.028929296895256
2387,RF,0.253,2135.0,1.028929296895256
2661,RF,0.253,2135.0,1.028929296895256
2720,RF,0.253,2135.0,1.028929296895256
1834,RF,0.252,2141.0,1.0248623826782786
2113,RF,0.252,2141.0,1.0248623826782786
2421,RF,0.252,2141.0,1.0248623826782786
423,RF,0.251,2144.0,1.0207954684613012
813,RF,0.251,2144.0,1.0207954684613012
989,RF,0.251,2144.0,1.0207954684613012
1452,RF,0.251,2144.0,1.0207954684613012
1529,RF,0.251,2144.0,1.0207954684613012
1839,RF,0.251,2144.0,1.0207954684613012
68,RF,0.25,2150.0,1.016728554244324
356,RF,0.25,2150.0,1.016728554244324
1131,RF,0.25,2150.0,1.016728554244324
2322,RF,0.25,2150.0,1.016728554244324
2715,RF,0.25,2150.0,1.016728554244324
342,RF,0.249,2155.0,1.0126616400273467
497,RF,0.248,2156.0,1.0085947258103694
2674,RF,0.248,2156.0,1.0085947258103694
462,RF,0.247,2158.0,1.004527811593392
977,RF,0.247,2158.0,1.004527811593392
1366,RF,0.247,2158.0,1.004527811593392
2015,RF,0.247,2158.0,1.004527811593392
2096,RF,0.247,2158.0,1.004527811593392
2169,RF,0.247,2158.0,1.004527811593392
498,RF,0.246,2164.0,1.0004608973764149
2459,RF,0.246,2164.0,1.0004608973764149
2549,RF,0.246,2164.0,1.0004608973764149
116,RF,0.245,2167.0,0.9963939831594375
1180,RF,0.244,2168.0,0.9923270689424601
1795,RF,0.244,2168.0,0.9923270689424601
2592,RF,0.244,2168.0,0.9923270689424601
831,RF,0.243,2171.0,0.9882601547254829
1269,RF,0.243,2171.0,0.9882601547254829
1290,RF,0.243,2171.0,0.9882601547254829
1396,RF,0.243,2171.0,0.9882601547254829
591,RF,0.242,2175.0,0.9841932405085055
1462,RF,0.242,2175.0,0.9841932405085055
1967,RF,0.242,2175.0,0.9841932405085055
239,RF,0.241,2178.0,0.9801263262915283
271,RF,0.241,2178.0,0.9801263262915283
916,RF,0.241,2178.0,0.9801263262915283
1586,RF,0.241,2178.0,0.9801263262915283
1046,RF,0.24,2182.0,0.9760594120745509
1434,RF,0.24,2182.0,0.9760594120745509
1709,RF,0.24,2182.0,0.9760594120745509
2491,RF,0.24,2182.0,0.9760594120745509
2545,RF,0.24,2182.0,0.9760594120745509
2681,RF,0.24,2182.0,0.9760594120745509
754,RF,0.239,2188.0,0.9719924978575737
2548,RF,0.239,2188.0,0.9719924978575737
269,RF,0.238,2190.0,0.9679255836405963
537,RF,0.238,2190.0,0.9679255836405963
799,RF,0.238,2190.0,0.9679255836405963
1751,RF,0.238,2190.0,0.9679255836405963
1042,RF,0.237,2194.0,0.9638586694236191
50,RF,0.236,2195.0,0.9597917552066417
517,RF,0.236,2195.0,0.9597917552066417
1319,RF,0.236,2195.0,0.9597917552066417
1857,RF,0.236,2195.0,0.9597917552066417
2155,RF,0.236,2195.0,0.9597917552066417
2754,RF,0.236,2195.0,0.9597917552066417
332,RF,0.235,2201.0,0.9557248409896645
715,RF,0.235,2201.0,0.9557248409896645
1365,RF,0.235,2201.0,0.9557248409896645
1911,RF,0.235,2201.0,0.9557248409896645
1983,RF,0.235,2201.0,0.9557248409896645
198,RF,0.234,2206.0,0.9516579267726872
1273,RF,0.234,2206.0,0.9516579267726872
2035,RF,0.234,2206.0,0.9516579267726872
644,RF,0.233,2209.0,0.94759101255571
678,RF,0.233,2209.0,0.94759101255571
1336,RF,0.233,2209.0,0.94759101255571
296,RF,0.232,2212.0,0.9435240983387326
395,RF,0.232,2212.0,0.9435240983387326
1006,RF,0.232,2212.0,0.9435240983387326
1346,RF,0.232,2212.0,0.9435240983387326
73,RF,0.231,2216.0,0.9394571841217554
94,RF,0.231,2216.0,0.9394571841217554
639,RF,0.231,2216.0,0.9394571841217554
1602,RF,0.231,2216.0,0.9394571841217554
21,RF,0.23,2220.0,0.9353902699047781
92,RF,0.23,2220.0,0.9353902699047781
1464,RF,0.23,2220.0,0.9353902699047781
1770,RF,0.23,2220.0,0.9353902699047781
619,RF,0.229,2224.0,0.9313233556878008
987,RF,0.229,2224.0,0.9313233556878008
2353,RF,0.229,2224.0,0.9313233556878008
2574,RF,0.229,2224.0,0.9313233556878008
359,RF,0.228,2228.0,0.9272564414708235
817,RF,0.228,2228.0,0.9272564414708235
829,RF,0.228,2228.0,0.9272564414708235
1774,RF,0.228,2228.0,0.9272564414708235
1926,RF,0.228,2228.0,0.9272564414708235
16,RF,0.227,2233.0,0.9231895272538462
327,RF,0.227,2233.0,0.9231895272538462
681,RF,0.227,2233.0,0.9231895272538462
704,RF,0.227,2233.0,0.9231895272538462
2426,RF,0.227,2233.0,0.9231895272538462
2428,RF,0.227,2233.0,0.9231895272538462
1496,RF,0.226,2239.0,0.9191226130368689
2377,RF,0.226,2239.0,0.9191226130368689
736,RF,0.225,2241.0,0.9150556988198916
804,RF,0.225,2241.0,0.9150556988198916
399,RF,0.224,2243.0,0.9109887846029143
1351,RF,0.224,2243.0,0.9109887846029143
2513,RF,0.224,2243.0,0.9109887846029143
2747,RF,0.224,2243.0,0.9109887846029143
926,RF,0.223,2247.0,0.906921870385937
980,RF,0.223,2247.0,0.906921870385937
1318,RF,0.223,2247.0,0.906921870385937
1516,RF,0.223,2247.0,0.906921870385937
1867,RF,0.223,2247.0,0.906921870385937
1887,RF,0.223,2247.0,0.906921870385937
2324,RF,0.223,2247.0,0.906921870385937
651,RF,0.222,2254.0,0.9028549561689597
1196,RF,0.222,2254.0,0.9028549561689597
1103,RF,0.221,2256.0,0.8987880419519824
1222,RF,0.221,2256.0,0.8987880419519824
2111,RF,0.221,2256.0,0.8987880419519824
2121,RF,0.221,2256.0,0.8987880419519824
2288,RF,0.221,2256.0,0.8987880419519824
48,RF,0.22,2261.0,0.8947211277350051
1060,RF,0.22,2261.0,0.8947211277350051
1696,RF,0.22,2261.0,0.8947211277350051
123,RF,0.219,2264.0,0.8906542135180278
1022,RF,0.219,2264.0,0.8906542135180278
1156,RF,0.219,2264.0,0.8906542135180278
1259,RF,0.219,2264.0,0.8906542135180278
1332,RF,0.219,2264.0,0.8906542135180278
1865,RF,0.219,2264.0,0.8906542135180278
1557,RF,0.218,2270.0,0.8865872993010505
2550,RF,0.218,2270.0,0.8865872993010505
2706,RF,0.218,2270.0,0.8865872993010505
470,RF,0.217,2273.0,0.8825203850840732
1294,RF,0.217,2273.0,0.8825203850840732
1495,RF,0.217,2273.0,0.8825203850840732
2061,RF,0.216,2276.0,0.8784534708670959
2166,RF,0.216,2276.0,0.8784534708670959
2215,RF,0.216,2276.0,0.8784534708670959
2221,RF,0.216,2276.0,0.8784534708670959
1235,RF,0.215,2280.0,0.8743865566501186
118,RF,0.214,2281.0,0.8703196424331413
677,RF,0.214,2281.0,0.8703196424331413
699,RF,0.214,2281.0,0.8703196424331413
992,RF,0.214,2281.0,0.8703196424331413
2129,RF,0.214,2281.0,0.8703196424331413
182,RF,0.213,2286.0,0.866252728216164
592,RF,0.213,2286.0,0.866252728216164
1057,RF,0.213,2286.0,0.866252728216164
2016,RF,0.213,2286.0,0.866252728216164
881,RF,0.212,2290.0,0.8621858139991867
999,RF,0.212,2290.0,0.8621858139991867
1284,RF,0.212,2290.0,0.8621858139991867
2176,RF,0.212,2290.0,0.8621858139991867
2236,RF,0.212,2290.0,0.8621858139991867
2521,RF,0.212,2290.0,0.8621858139991867
2687,RF,0.212,2290.0,0.8621858139991867
87,RF,0.211,2297.0,0.8581188997822093
440,RF,0.211,2297.0,0.8581188997822093
2123,RF,0.211,2297.0,0.8581188997822093
1556,RF,0.21,2300.0,0.8540519855652321
2196,RF,0.21,2300.0,0.8540519855652321
63,RF,0.209,2302.0,0.8499850713482549
2031,RF,0.209,2302.0,0.8499850713482549
436,RF,0.208,2304.0,0.8459181571312775
1362,RF,0.208,2304.0,0.8459181571312775
1812,RF,0.208,2304.0,0.8459181571312775
2040,RF,0.208,2304.0,0.8459181571312775
524,RF,0.207,2308.0,0.8418512429143002
1049,RF,0.207,2308.0,0.8418512429143002
1228,RF,0.207,2308.0,0.8418512429143002
2402,RF,0.207,2308.0,0.8418512429143002
680,RF,0.206,2312.0,0.8377843286973229
737,RF,0.206,2312.0,0.8377843286973229
1127,RF,0.206,2312.0,0.8377843286973229
216,RF,0.205,2315.0,0.8337174144803456
275,RF,0.205,2315.0,0.8337174144803456
1061,RF,0.205,2315.0,0.8337174144803456
1633,RF,0.205,2315.0,0.8337174144803456
2378,RF,0.205,2315.0,0.8337174144803456
2379,RF,0.205,2315.0,0.8337174144803456
2772,RF,0.205,2315.0,0.8337174144803456
13,RF,0.204,2322.0,0.8296505002633683
542,RF,0.204,2322.0,0.8296505002633683
724,RF,0.204,2322.0,0.8296505002633683
731,RF,0.204,2322.0,0.8296505002633683
1186,RF,0.204,2322.0,0.8296505002633683
1889,RF,0.204,2322.0,0.8296505002633683
2502,RF,0.204,2322.0,0.8296505002633683
2652,RF,0.204,2322.0,0.8296505002633683
190,RF,0.203,2330.0,0.8255835860463911
2086,RF,0.203,2330.0,0.8255835860463911
2396,RF,0.203,2330.0,0.8255835860463911
2534,RF,0.203,2330.0,0.8255835860463911
577,RF,0.202,2334.0,0.8215166718294138
1091,RF,0.202,2334.0,0.8215166718294138
1561,RF,0.202,2334.0,0.8215166718294138
1777,RF,0.202,2334.0,0.8215166718294138
2669,RF,0.202,2334.0,0.8215166718294138
49,RF,0.201,2339.0,0.8174497576124365
71,RF,0.201,2339.0,0.8174497576124365
711,RF,0.201,2339.0,0.8174497576124365
1822,RF,0.201,2339.0,0.8174497576124365
1851,RF,0.201,2339.0,0.8174497576124365
880,RF,0.2,2344.0,0.8133828433954592
1449,RF,0.2,2344.0,0.8133828433954592
2050,RF,0.2,2344.0,0.8133828433954592
2239,RF,0.2,2344.0,0.8133828433954592
2516,RF,0.2,2344.0,0.8133828433954592
3,RF,0.199,2349.0,0.8093159291784819
733,RF,0.199,2349.0,0.8093159291784819
1947,RF,0.199,2349.0,0.8093159291784819
687,RF,0.198,2352.0,0.8052490149615046
808,RF,0.198,2352.0,0.8052490149615046
1975,RF,0.198,2352.0,0.8052490149615046
2349,RF,0.198,2352.0,0.8052490149615046
2751,RF,0.198,2352.0,0.8052490149615046
764,RF,0.197,2357.0,0.8011821007445273
1071,RF,0.197,2357.0,0.8011821007445273
1831,RF,0.197,2357.0,0.8011821007445273
2143,RF,0.197,2357.0,0.8011821007445273
103,RF,0.196,2361.0,0.79711518652755
1504,RF,0.196,2361.0,0.79711518652755
1820,RF,0.196,2361.0,0.79711518652755
2109,RF,0.196,2361.0,0.79711518652755
1463,RF,0.195,2365.0,0.7930482723105727
1668,RF,0.195,2365.0,0.7930482723105727
1797,RF,0.195,2365.0,0.7930482723105727
1870,RF,0.195,2365.0,0.7930482723105727
1908,RF,0.195,2365.0,0.7930482723105727
446,RF,0.194,2370.0,0.7889813580935954
1757,RF,0.194,2370.0,0.7889813580935954
2383,RF,0.194,2370.0,0.7889813580935954
2417,RF,0.194,2370.0,0.7889813580935954
2510,RF,0.194,2370.0,0.7889813580935954
760,RF,0.193,2375.0,0.7849144438766181
882,RF,0.193,2375.0,0.7849144438766181
2124,RF,0.193,2375.0,0.7849144438766181
2362,RF,0.193,2375.0,0.7849144438766181
2449,RF,0.193,2375.0,0.7849144438766181
2712,RF,0.193,2375.0,0.7849144438766181
1878,RF,0.192,2381.0,0.7808475296596408
421,RF,0.191,2382.0,0.7767806154426635
1671,RF,0.191,2382.0,0.7767806154426635
1024,RF,0.19,2384.0,0.7727137012256862
1099,RF,0.19,2384.0,0.7727137012256862
1553,RF,0.19,2384.0,0.7727137012256862
1987,RF,0.19,2384.0,0.7727137012256862
461,RF,0.189,2388.0,0.7686467870087089
510,RF,0.189,2388.0,0.7686467870087089
2407,RF,0.189,2388.0,0.7686467870087089
430,RF,0.188,2391.0,0.7645798727917317
643,RF,0.188,2391.0,0.7645798727917317
1216,RF,0.188,2391.0,0.7645798727917317
1357,RF,0.188,2391.0,0.7645798727917317
620,RF,0.187,2395.0,0.7605129585747543
1177,RF,0.187,2395.0,0.7605129585747543
1331,RF,0.187,2395.0,0.7605129585747543
1508,RF,0.187,2395.0,0.7605129585747543
1848,RF,0.187,2395.0,0.7605129585747543
1850,RF,0.187,2395.0,0.7605129585747543
576,RF,0.186,2401.0,0.7564460443577771
1132,RF,0.186,2401.0,0.7564460443577771
983,RF,0.185,2403.0,0.7523791301407997
1844,RF,0.185,2403.0,0.7523791301407997
1868,RF,0.185,2403.0,0.7523791301407997
2046,RF,0.185,2403.0,0.7523791301407997
2303,RF,0.185,2403.0,0.7523791301407997
232,RF,0.184,2408.0,0.7483122159238225
1737,RF,0.184,2408.0,0.7483122159238225
1827,RF,0.184,2408.0,0.7483122159238225
2219,RF,0.183,2411.0,0.7442453017068451
2565,RF,0.183,2411.0,0.7442453017068451
2777,RF,0.183,2411.0,0.7442453017068451
181,RF,0.182,2414.0,0.7401783874898679
504,RF,0.182,2414.0,0.7401783874898679
2493,RF,0.182,2414.0,0.7401783874898679
374,RF,0.181,2417.0,0.7361114732728905
1262,RF,0.181,2417.0,0.7361114732728905
2112,RF,0.181,2417.0,0.7361114732728905
2626,RF,0.181,2417.0,0.7361114732728905
299,RF,0.18,2421.0,0.7320445590559133
1175,RF,0.18,2421.0,0.7320445590559133
2482,RF,0.18,2421.0,0.7320445590559133
215,RF,0.179,2424.0,0.7279776448389359
354,RF,0.179,2424.0,0.7279776448389359
448,RF,0.179,2424.0,0.7279776448389359
648,RF,0.179,2424.0,0.7279776448389359
1327,RF,0.179,2424.0,0.7279776448389359
1676,RF,0.179,2424.0,0.7279776448389359
2498,RF,0.179,2424.0,0.7279776448389359
828,RF,0.178,2431.0,0.7239107306219587
941,RF,0.178,2431.0,0.7239107306219587
2197,RF,0.178,2431.0,0.7239107306219587
2342,RF,0.178,2431.0,0.7239107306219587
200,RF,0.177,2435.0,0.7198438164049813
984,RF,0.177,2435.0,0.7198438164049813
1133,RF,0.177,2435.0,0.7198438164049813
1683,RF,0.177,2435.0,0.7198438164049813
2596,RF,0.177,2435.0,0.7198438164049813
5,RF,0.176,2440.0,0.715776902188004
631,RF,0.176,2440.0,0.715776902188004
953,RF,0.176,2440.0,0.715776902188004
2072,RF,0.176,2440.0,0.715776902188004
2558,RF,0.176,2440.0,0.715776902188004
242,RF,0.175,2445.0,0.7117099879710267
571,RF,0.175,2445.0,0.7117099879710267
1003,RF,0.175,2445.0,0.7117099879710267
1836,RF,0.175,2445.0,0.7117099879710267
2127,RF,0.175,2445.0,0.7117099879710267
30,RF,0.174,2450.0,0.7076430737540494
1573,RF,0.174,2450.0,0.7076430737540494
2433,RF,0.174,2450.0,0.7076430737540494
1265,RF,0.173,2453.0,0.7035761595370721
1589,RF,0.173,2453.0,0.7035761595370721
2579,RF,0.173,2453.0,0.7035761595370721
106,RF,0.172,2456.0,0.6995092453200948
604,RF,0.172,2456.0,0.6995092453200948
1505,RF,0.172,2456.0,0.6995092453200948
2267,RF,0.172,2456.0,0.6995092453200948
2472,RF,0.172,2456.0,0.6995092453200948
1191,RF,0.171,2461.0,0.6954423311031176
1424,RF,0.171,2461.0,0.6954423311031176
1598,RF,0.171,2461.0,0.6954423311031176
2625,RF,0.171,2461.0,0.6954423311031176
83,RF,0.17,2465.0,0.6913754168861403
887,RF,0.17,2465.0,0.6913754168861403
1058,RF,0.17,2465.0,0.6913754168861403
1509,RF,0.17,2465.0,0.6913754168861403
2606,RF,0.17,2465.0,0.6913754168861403
2647,RF,0.17,2465.0,0.6913754168861403
2721,RF,0.17,2465.0,0.6913754168861403
158,RF,0.169,2472.0,0.687308502669163
848,RF,0.169,2472.0,0.687308502669163
949,RF,0.169,2472.0,0.687308502669163
982,RF,0.169,2472.0,0.687308502669163
1236,RF,0.169,2472.0,0.687308502669163
2589,RF,0.169,2472.0,0.687308502669163
2101,RF,0.168,2478.0,0.6832415884521857
2308,RF,0.168,2478.0,0.6832415884521857
313,RF,0.167,2480.0,0.6791746742352085
2139,RF,0.167,2480.0,0.6791746742352085
2492,RF,0.167,2480.0,0.6791746742352085
842,RF,0.166,2483.0,0.6751077600182311
1249,RF,0.166,2483.0,0.6751077600182311
1886,RF,0.166,2483.0,0.6751077600182311
2603,RF,0.166,2483.0,0.6751077600182311
14,RF,0.165,2487.0,0.6710408458012539
2207,RF,0.165,2487.0,0.6710408458012539
789,RF,0.164,2489.0,0.6669739315842765
1615,RF,0.164,2489.0,0.6669739315842765
2317,RF,0.164,2489.0,0.6669739315842765
331,RF,0.163,2492.0,0.6629070173672993
207,RF,0.162,2493.0,0.6588401031503219
2331,RF,0.162,2493.0,0.6588401031503219
2414,RF,0.162,2493.0,0.6588401031503219
152,RF,0.161,2496.0,0.6547731889333447
1988,RF,0.161,2496.0,0.6547731889333447
796,RF,0.16,2498.0,0.6507062747163673
870,RF,0.16,2498.0,0.6507062747163673
928,RF,0.16,2498.0,0.6507062747163673
929,RF,0.16,2498.0,0.6507062747163673
1086,RF,0.16,2498.0,0.6507062747163673
1687,RF,0.16,2498.0,0.6507062747163673
2271,RF,0.16,2498.0,0.6507062747163673
2569,RF,0.16,2498.0,0.6507062747163673
28,RF,0.159,2506.0,0.6466393604993901
1595,RF,0.159,2506.0,0.6466393604993901
2182,RF,0.159,2506.0,0.6466393604993901
2555,RF,0.159,2506.0,0.6466393604993901
380,RF,0.158,2510.0,0.6425724462824127
932,RF,0.158,2510.0,0.6425724462824127
1289,RF,0.158,2510.0,0.6425724462824127
2285,RF,0.158,2510.0,0.6425724462824127
875,RF,0.157,2514.0,0.6385055320654355
1038,RF,0.157,2514.0,0.6385055320654355
1446,RF,0.157,2514.0,0.6385055320654355
1842,RF,0.157,2514.0,0.6385055320654355
2146,RF,0.157,2514.0,0.6385055320654355
284,RF,0.156,2519.0,0.6344386178484581
550,RF,0.156,2519.0,0.6344386178484581
1376,RF,0.156,2519.0,0.6344386178484581
1928,RF,0.156,2519.0,0.6344386178484581
309,RF,0.155,2523.0,0.6303717036314809
329,RF,0.155,2523.0,0.6303717036314809
1520,RF,0.155,2523.0,0.6303717036314809
2641,RF,0.155,2523.0,0.6303717036314809
1765,RF,0.154,2527.0,0.6263047894145035
2071,RF,0.154,2527.0,0.6263047894145035
2283,RF,0.154,2527.0,0.6263047894145035
2385,RF,0.154,2527.0,0.6263047894145035
2653,RF,0.154,2527.0,0.6263047894145035
2666,RF,0.154,2527.0,0.6263047894145035
2694,RF,0.154,2527.0,0.6263047894145035
939,RF,0.153,2534.0,0.6222378751975263
1198,RF,0.153,2534.0,0.6222378751975263
1515,RF,0.153,2534.0,0.6222378751975263
1936,RF,0.153,2534.0,0.6222378751975263
317,RF,0.152,2538.0,0.6181709609805489
751,RF,0.152,2538.0,0.6181709609805489
936,RF,0.152,2538.0,0.6181709609805489
88,RF,0.151,2541.0,0.6141040467635717
1095,RF,0.151,2541.0,0.6141040467635717
1525,RF,0.151,2541.0,0.6141040467635717
1636,RF,0.151,2541.0,0.6141040467635717
1915,RF,0.151,2541.0,0.6141040467635717
720,RF,0.15,2546.0,0.6100371325465943
1075,RF,0.15,2546.0,0.6100371325465943
1626,RF,0.15,2546.0,0.6100371325465943
1823,RF,0.15,2546.0,0.6100371325465943
2272,RF,0.15,2546.0,0.6100371325465943
2559,RF,0.15,2546.0,0.6100371325465943
841,RF,0.149,2552.0,0.6059702183296171
1641,RF,0.149,2552.0,0.6059702183296171
1718,RF,0.149,2552.0,0.6059702183296171
2297,RF,0.149,2552.0,0.6059702183296171
2577,RF,0.149,2552.0,0.6059702183296171
692,RF,0.148,2557.0,0.6019033041126397
779,RF,0.148,2557.0,0.6019033041126397
1821,RF,0.148,2557.0,0.6019033041126397
2095,RF,0.148,2557.0,0.6019033041126397
2328,RF,0.148,2557.0,0.6019033041126397
475,RF,0.147,2562.0,0.5978363898956625
912,RF,0.147,2562.0,0.5978363898956625
985,RF,0.147,2562.0,0.5978363898956625
1471,RF,0.147,2562.0,0.5978363898956625
1603,RF,0.147,2562.0,0.5978363898956625
1624,RF,0.147,2562.0,0.5978363898956625
1816,RF,0.147,2562.0,0.5978363898956625
72,RF,0.146,2569.0,0.5937694756786852
584,RF,0.146,2569.0,0.5937694756786852
2478,RF,0.146,2569.0,0.5937694756786852
642,RF,0.145,2572.0,0.5897025614617079
910,RF,0.145,2572.0,0.5897025614617079
1030,RF,0.145,2572.0,0.5897025614617079
2270,RF,0.145,2572.0,0.5897025614617079
191,RF,0.144,2576.0,0.5856356472447306
1941,RF,0.144,2576.0,0.5856356472447306
2190,RF,0.144,2576.0,0.5856356472447306
579,RF,0.143,2579.0,0.5815687330277532
1703,RF,0.143,2579.0,0.5815687330277532
2094,RF,0.143,2579.0,0.5815687330277532
1256,RF,0.142,2582.0,0.577501818810776
1381,RF,0.142,2582.0,0.577501818810776
1735,RF,0.142,2582.0,0.577501818810776
1840,RF,0.142,2582.0,0.577501818810776
1527,RF,0.141,2586.0,0.5734349045937986
1580,RF,0.141,2586.0,0.5734349045937986
1804,RF,0.141,2586.0,0.5734349045937986
1902,RF,0.141,2586.0,0.5734349045937986
2193,RF,0.141,2586.0,0.5734349045937986
2345,RF,0.141,2586.0,0.5734349045937986
2730,RF,0.141,2586.0,0.5734349045937986
2,RF,0.14,2593.0,0.5693679903768215
375,RF,0.14,2593.0,0.5693679903768215
480,RF,0.14,2593.0,0.5693679903768215
652,RF,0.14,2593.0,0.5693679903768215
1161,RF,0.14,2593.0,0.5693679903768215
1801,RF,0.14,2593.0,0.5693679903768215
2465,RF,0.14,2593.0,0.5693679903768215
274,RF,0.139,2600.0,0.5653010761598442
558,RF,0.139,2600.0,0.5653010761598442
1732,RF,0.139,2600.0,0.5653010761598442
2352,RF,0.139,2600.0,0.5653010761598442
551,RF,0.138,2604.0,0.5612341619428669
1619,RF,0.138,2604.0,0.5612341619428669
2280,RF,0.138,2604.0,0.5612341619428669
290,RF,0.137,2607.0,0.5571672477258895
368,RF,0.137,2607.0,0.5571672477258895
632,RF,0.136,2609.0,0.5531003335089123
1335,RF,0.136,2609.0,0.5531003335089123
2165,RF,0.136,2609.0,0.5531003335089123
2499,RF,0.136,2609.0,0.5531003335089123
2587,RF,0.136,2609.0,0.5531003335089123
1498,RF,0.135,2614.0,0.5490334192919349
1991,RF,0.135,2614.0,0.5490334192919349
2011,RF,0.135,2614.0,0.5490334192919349
2707,RF,0.135,2614.0,0.5490334192919349
252,RF,0.134,2618.0,0.5449665050749577
1745,RF,0.134,2618.0,0.5449665050749577
2557,RF,0.134,2618.0,0.5449665050749577
2563,RF,0.134,2618.0,0.5449665050749577
121,RF,0.133,2622.0,0.5408995908579803
154,RF,0.133,2622.0,0.5408995908579803
595,RF,0.133,2622.0,0.5408995908579803
1984,RF,0.133,2622.0,0.5408995908579803
20,RF,0.132,2626.0,0.5368326766410031
1287,RF,0.132,2626.0,0.5368326766410031
315,RF,0.131,2628.0,0.5327657624240257
641,RF,0.131,2628.0,0.5327657624240257
1162,RF,0.131,2628.0,0.5327657624240257
1750,RF,0.131,2628.0,0.5327657624240257
791,RF,0.13,2632.0,0.5286988482070485
1227,RF,0.13,2632.0,0.5286988482070485
1324,RF,0.13,2632.0,0.5286988482070485
1479,RF,0.13,2632.0,0.5286988482070485
285,RF,0.129,2636.0,0.5246319339900711
1465,RF,0.129,2636.0,0.5246319339900711
1632,RF,0.129,2636.0,0.5246319339900711
140,RF,0.128,2639.0,0.5205650197730939
231,RF,0.128,2639.0,0.5205650197730939
336,RF,0.128,2639.0,0.5205650197730939
627,RF,0.128,2639.0,0.5205650197730939
793,RF,0.128,2639.0,0.5205650197730939
884,RF,0.128,2639.0,0.5205650197730939
894,RF,0.128,2639.0,0.5205650197730939
2382,RF,0.128,2639.0,0.5205650197730939
1054,RF,0.127,2647.0,0.5164981055561165
1234,RF,0.127,2647.0,0.5164981055561165
1398,RF,0.127,2647.0,0.5164981055561165
2560,RF,0.127,2647.0,0.5164981055561165
291,RF,0.126,2651.0,0.5124311913391393
361,RF,0.126,2651.0,0.5124311913391393
479,RF,0.126,2651.0,0.5124311913391393
921,RF,0.126,2651.0,0.5124311913391393
1299,RF,0.126,2651.0,0.5124311913391393
2134,RF,0.126,2651.0,0.5124311913391393
2438,RF,0.126,2651.0,0.5124311913391393
120,RF,0.125,2658.0,0.508364277122162
723,RF,0.125,2658.0,0.508364277122162
1310,RF,0.125,2658.0,0.508364277122162
1638,RF,0.125,2658.0,0.508364277122162
1679,RF,0.125,2658.0,0.508364277122162
383,RF,0.124,2663.0,0.5042973629051847
854,RF,0.124,2663.0,0.5042973629051847
1741,RF,0.124,2663.0,0.5042973629051847
2263,RF,0.124,2663.0,0.5042973629051847
2732,RF,0.124,2663.0,0.5042973629051847
903,RF,0.123,2668.0,0.5002304486882074
1282,RF,0.123,2668.0,0.5002304486882074
2671,RF,0.123,2668.0,0.5002304486882074
2685,RF,0.123,2668.0,0.5002304486882074
67,RF,0.122,2672.0,0.49616353447123007
838,RF,0.122,2672.0,0.49616353447123007
1016,RF,0.122,2672.0,0.49616353447123007
1064,RF,0.122,2672.0,0.49616353447123007
948,RF,0.121,2676.0,0.49209662025425277
1373,RF,0.121,2676.0,0.49209662025425277
1859,RF,0.121,2676.0,0.49209662025425277
2009,RF,0.121,2676.0,0.49209662025425277
2126,RF,0.121,2676.0,0.49209662025425277
2202,RF,0.121,2676.0,0.49209662025425277
2738,RF,0.121,2676.0,0.49209662025425277
134,RF,0.12,2683.0,0.48802970603727547
243,RF,0.12,2683.0,0.48802970603727547
1036,RF,0.12,2683.0,0.48802970603727547
1063,RF,0.12,2683.0,0.48802970603727547
1307,RF,0.12,2683.0,0.48802970603727547
1379,RF,0.12,2683.0,0.48802970603727547
1810,RF,0.12,2683.0,0.48802970603727547
930,RF,0.119,2690.0,0.48396279182029817
1000,RF,0.119,2690.0,0.48396279182029817
1714,RF,0.119,2690.0,0.48396279182029817
515,RF,0.118,2693.0,0.47989587760332086
1077,RF,0.118,2693.0,0.47989587760332086
1916,RF,0.118,2693.0,0.47989587760332086
2310,RF,0.118,2693.0,0.47989587760332086
2753,RF,0.118,2693.0,0.47989587760332086
472,RF,0.117,2698.0,0.4758289633863436
634,RF,0.117,2698.0,0.4758289633863436
1245,RF,0.117,2698.0,0.4758289633863436
1617,RF,0.117,2698.0,0.4758289633863436
2192,RF,0.117,2698.0,0.4758289633863436
2423,RF,0.117,2698.0,0.4758289633863436
439,RF,0.116,2704.0,0.4717620491693663
693,RF,0.116,2704.0,0.4717620491693663
1906,RF,0.116,2704.0,0.4717620491693663
2336,RF,0.116,2704.0,0.4717620491693663
2663,RF,0.116,2704.0,0.4717620491693663
1485,RF,0.115,2709.0,0.46769513495238907
1487,RF,0.115,2709.0,0.46769513495238907
2343,RF,0.115,2709.0,0.46769513495238907
2536,RF,0.115,2709.0,0.46769513495238907
108,RF,0.114,2713.0,0.46362822073541177
1901,RF,0.114,2713.0,0.46362822073541177
1187,RF,0.113,2715.0,0.45956130651843446
1429,RF,0.113,2715.0,0.45956130651843446
802,RF,0.111,2717.0,0.45142747808447986
1139,RF,0.111,2717.0,0.45142747808447986
1727,RF,0.111,2717.0,0.45142747808447986
2429,RF,0.111,2717.0,0.45142747808447986
434,RF,0.11,2721.0,0.44736056386750256
465,RF,0.11,2721.0,0.44736056386750256
1197,RF,0.11,2721.0,0.44736056386750256
1350,RF,0.11,2721.0,0.44736056386750256
1578,RF,0.109,2725.0,0.44329364965052526
868,RF,0.108,2726.0,0.43922673543354795
993,RF,0.108,2726.0,0.43922673543354795
1817,RF,0.108,2726.0,0.43922673543354795
1917,RF,0.108,2726.0,0.43922673543354795
2535,RF,0.108,2726.0,0.43922673543354795
36,RF,0.107,2731.0,0.43515982121657065
136,RF,0.107,2731.0,0.43515982121657065
1134,RF,0.107,2731.0,0.43515982121657065
2664,RF,0.107,2731.0,0.43515982121657065
218,RF,0.106,2735.0,0.43109290699959335
1104,RF,0.106,2735.0,0.43109290699959335
2062,RF,0.106,2735.0,0.43109290699959335
2304,RF,0.106,2735.0,0.43109290699959335
1232,RF,0.105,2739.0,0.42702599278261605
2734,RF,0.105,2739.0,0.42702599278261605
1247,RF,0.104,2741.0,0.42295907856563875
1399,RF,0.104,2741.0,0.42295907856563875
1760,RF,0.104,2741.0,0.42295907856563875
2604,RF,0.104,2741.0,0.42295907856563875
254,RF,0.103,2745.0,0.41889216434866144
1348,RF,0.103,2745.0,0.41889216434866144
1726,RF,0.103,2745.0,0.41889216434866144
2320,RF,0.103,2745.0,0.41889216434866144
2340,RF,0.103,2745.0,0.41889216434866144
726,RF,0.102,2750.0,0.41482525013168414
1002,RF,0.101,2751.0,0.4107583359147069
2500,RF,0.101,2751.0,0.4107583359147069
1206,RF,0.1,2753.0,0.4066914216977296
273,RF,0.098,2754.0,0.398557593263775
322,RF,0.098,2754.0,0.398557593263775
2768,RF,0.098,2754.0,0.398557593263775
1410,RF,0.097,2757.0,0.3944906790467977
2208,RF,0.097,2757.0,0.3944906790467977
2645,RF,0.097,2757.0,0.3944906790467977
229,RF,0.096,2760.0,0.3904237648298204
144,RF,0.094,2761.0,0.38228993639586584
614,RF,0.094,2761.0,0.38228993639586584
919,RF,0.094,2761.0,0.38228993639586584
1713,RF,0.094,2761.0,0.38228993639586584
1159,RF,0.093,2765.0,0.37822302217888853
2413,RF,0.093,2765.0,0.37822302217888853
54,RF,0.092,2767.0,0.37415610796191123
2198,RF,0.092,2767.0,0.37415610796191123
1667,RF,0.09,2769.0,0.36602227952795663
2477,RF,0.088,2770.0,0.357888451094002
2520,RF,0.087,2771.0,0.3538215368770247
520,RF,0.085,2772.0,0.3456877084430702
1322,RF,0.084,2773.0,0.34162079422609287
1642,RF,0.082,2774.0,0.33348696579213827
2064,RF,0.082,2774.0,0.33348696579213827
1116,RF,0.079,2776.0,0.32128622314120636
758,RF,0.078,2777.0,0.31721930892422906
663,RF,0.071,2778.0,0.288750909405388
2266,BRT,1.664,1.0,7.8735015367623
923,BRT,1.482,2.0,7.012337306178924
979,BRT,1.464,3.0,6.927167217439908
2029,BRT,1.458,4.0,6.898777187860237
2583,BRT,1.43,5.0,6.766290383155101
904,BRT,1.387,6.0,6.5628285045007875
570,BRT,1.355,7.0,6.411415013409204
2177,BRT,1.33,8.0,6.293123223493906
1931,BRT,1.321,9.0,6.250538179124398
220,BRT,1.24,10.0,5.86727277979883
351,BRT,1.238,11.0,5.8578094366056055
1437,BRT,1.215,12.0,5.748980989883531
2084,BRT,1.203,13.0,5.692200930724187
1837,BRT,1.195,14.0,5.654347557951292
2052,BRT,1.164,15.0,5.50766573845632
1411,BRT,1.151,16.0,5.446154007700365
748,BRT,1.147,17.0,5.427227321313917
527,BRT,1.14,18.0,5.394105620137633
2305,BRT,1.139,19.0,5.389373948541022
294,BRT,1.123,20.0,5.31366720299523
1692,BRT,1.118,21.0,5.290008845012171
996,BRT,1.095,22.0,5.1811803982900955
2047,BRT,1.09,23.0,5.157522040307036
2659,BRT,1.084,24.0,5.129132010727364
2648,BRT,1.065,25.0,5.0392302503917366
2609,BRT,1.048,26.0,4.958791833249333
476,BRT,1.03,27.0,4.873621744510318
1040,BRT,1.02,28.0,4.826305028544199
318,BRT,1.006,29.0,4.760061626191631
1020,BRT,1.006,29.0,4.760061626191631
1354,BRT,0.991,31.0,4.689086552242451
1824,BRT,0.977,32.0,4.622843149889884
539,BRT,0.974,33.0,4.608648135100048
358,BRT,0.97,34.0,4.5897214487136
262,BRT,0.968,35.0,4.580258105520376
2161,BRT,0.968,35.0,4.580258105520376
411,BRT,0.956,37.0,4.523478046361033
377,BRT,0.95,38.0,4.495088016781361
877,BRT,0.948,39.0,4.485624673588137
1118,BRT,0.948,39.0,4.485624673588137
2542,BRT,0.947,41.0,4.480893001991525
32,BRT,0.936,42.0,4.428844614428794
129,BRT,0.936,42.0,4.428844614428794
93,BRT,0.935,44.0,4.424112942832182
244,BRT,0.93,45.0,4.400454584849122
2010,BRT,0.925,46.0,4.3767962268660625
1114,BRT,0.924,47.0,4.372064555269451
2456,BRT,0.921,48.0,4.357869540479615
59,BRT,0.919,49.0,4.3484061972863906
1585,BRT,0.918,50.0,4.343674525689779
1096,BRT,0.91,51.0,4.305821152916883
2076,BRT,0.907,52.0,4.2916261381270475
797,BRT,0.905,53.0,4.282162794933823
2023,BRT,0.902,54.0,4.267967780143987
1250,BRT,0.901,55.0,4.263236108547376
561,BRT,0.9,56.0,4.258504436950763
1220,BRT,0.899,57.0,4.253772765354151
2152,BRT,0.899,57.0,4.253772765354151
1597,BRT,0.892,59.0,4.220651064177868
39,BRT,0.89,60.0,4.211187720984643
2284,BRT,0.886,61.0,4.192261034598196
149,BRT,0.883,62.0,4.17806601980836
601,BRT,0.883,62.0,4.17806601980836
1808,BRT,0.881,64.0,4.168602676615136
2110,BRT,0.88,65.0,4.163871005018524
825,BRT,0.879,66.0,4.159139333421912
959,BRT,0.873,67.0,4.13074930384224
1549,BRT,0.873,67.0,4.13074930384224
775,BRT,0.872,69.0,4.126017632245628
1439,BRT,0.869,70.0,4.111822617455792
2490,BRT,0.869,70.0,4.111822617455792
878,BRT,0.866,72.0,4.097627602665956
1910,BRT,0.866,72.0,4.097627602665956
1502,BRT,0.861,74.0,4.073969244682897
2704,BRT,0.861,74.0,4.073969244682897
194,BRT,0.858,76.0,4.059774229893061
1105,BRT,0.856,77.0,4.050310886699837
2599,BRT,0.855,78.0,4.045579215103225
1623,BRT,0.854,79.0,4.040847543506613
951,BRT,0.852,80.0,4.031384200313389
1321,BRT,0.852,80.0,4.031384200313389
429,BRT,0.85,82.0,4.021920857120165
2209,BRT,0.85,82.0,4.021920857120165
885,BRT,0.849,84.0,4.017189185523553
695,BRT,0.847,85.0,4.00772584233033
2054,BRT,0.846,86.0,4.002994170733717
75,BRT,0.844,87.0,3.9935308275404933
1255,BRT,0.839,88.0,3.9698724695574334
2705,BRT,0.839,88.0,3.9698724695574334
955,BRT,0.833,90.0,3.941482439977762
2469,BRT,0.83,91.0,3.927287425187926
1922,BRT,0.828,92.0,3.917824081994702
156,BRT,0.824,93.0,3.898897395608254
1689,BRT,0.824,93.0,3.898897395608254
371,BRT,0.819,95.0,3.875239037625194
1090,BRT,0.818,96.0,3.8705073660285825
2004,BRT,0.818,96.0,3.8705073660285825
2501,BRT,0.818,96.0,3.8705073660285825
2158,BRT,0.817,99.0,3.8657756944319703
1559,BRT,0.816,100.0,3.8610440228353586
1754,BRT,0.816,100.0,3.8610440228353586
2552,BRT,0.815,102.0,3.8563123512387465
1475,BRT,0.814,103.0,3.8515806796421344
44,BRT,0.813,104.0,3.8468490080455227
214,BRT,0.813,104.0,3.8468490080455227
1025,BRT,0.813,104.0,3.8468490080455227
1258,BRT,0.813,104.0,3.8468490080455227
569,BRT,0.81,108.0,3.832653993255687
900,BRT,0.81,108.0,3.832653993255687
1192,BRT,0.808,110.0,3.8231906500624633
1739,BRT,0.807,111.0,3.818458978465851
1369,BRT,0.805,112.0,3.8089956352726273
761,BRT,0.804,113.0,3.8042639636760156
1905,BRT,0.801,114.0,3.7900689488861796
484,BRT,0.799,115.0,3.780605605692956
2389,BRT,0.799,115.0,3.780605605692956
2578,BRT,0.798,117.0,3.7758739340963436
1661,BRT,0.797,118.0,3.7711422624997315
292,BRT,0.795,119.0,3.7616789193065077
485,BRT,0.795,119.0,3.7616789193065077
2673,BRT,0.795,119.0,3.7616789193065077
2600,BRT,0.794,122.0,3.756947247709896
405,BRT,0.792,123.0,3.7474839045166717
2261,BRT,0.792,123.0,3.7474839045166717
836,BRT,0.791,125.0,3.74275223292006
968,BRT,0.791,125.0,3.74275223292006
392,BRT,0.789,127.0,3.733288889726836
965,BRT,0.787,128.0,3.723825546533612
1825,BRT,0.786,129.0,3.719093874937
874,BRT,0.784,130.0,3.7096305317437763
1543,BRT,0.784,130.0,3.7096305317437763
1140,BRT,0.781,132.0,3.6954355169539403
1779,BRT,0.781,132.0,3.6954355169539403
51,BRT,0.78,134.0,3.690703845357328
1503,BRT,0.78,134.0,3.690703845357328
2213,BRT,0.779,136.0,3.6859721737607165
2319,BRT,0.777,137.0,3.6765088305674922
2689,BRT,0.775,138.0,3.6670454873742684
1980,BRT,0.768,139.0,3.6339237861979847
940,BRT,0.767,140.0,3.6291921146013726
1243,BRT,0.767,140.0,3.6291921146013726
879,BRT,0.766,142.0,3.624460443004761
1312,BRT,0.765,143.0,3.6197287714081487
2422,BRT,0.765,143.0,3.6197287714081487
170,BRT,0.764,145.0,3.614997099811537
2211,BRT,0.764,145.0,3.614997099811537
131,BRT,0.763,147.0,3.610265428214925
1286,BRT,0.762,148.0,3.6055337566183128
1355,BRT,0.762,148.0,3.6055337566183128
1271,BRT,0.761,150.0,3.600802085021701
776,BRT,0.76,151.0,3.596070413425089
843,BRT,0.76,151.0,3.596070413425089
1296,BRT,0.76,151.0,3.596070413425089
132,BRT,0.759,154.0,3.5913387418284772
302,BRT,0.758,155.0,3.586607070231865
1033,BRT,0.757,156.0,3.581875398635253
38,BRT,0.755,157.0,3.572412055442029
1390,BRT,0.752,158.0,3.558217040652193
2509,BRT,0.752,158.0,3.558217040652193
2672,BRT,0.752,158.0,3.558217040652193
2731,BRT,0.752,158.0,3.558217040652193
1221,BRT,0.75,162.0,3.5487536974589693
82,BRT,0.749,163.0,3.5440220258623576
320,BRT,0.747,164.0,3.5345586826691333
1252,BRT,0.745,165.0,3.5250953394759095
403,BRT,0.744,166.0,3.5203636678792978
1958,BRT,0.744,166.0,3.5203636678792978
997,BRT,0.742,168.0,3.5109003246860735
850,BRT,0.741,169.0,3.506168653089462
1345,BRT,0.739,170.0,3.496705309896238
1856,BRT,0.739,170.0,3.496705309896238
100,BRT,0.736,172.0,3.482510295106402
1932,BRT,0.735,173.0,3.47777862350979
2356,BRT,0.735,173.0,3.47777862350979
538,BRT,0.734,175.0,3.473046951913178
2183,BRT,0.733,176.0,3.468315280316566
2607,BRT,0.733,176.0,3.468315280316566
991,BRT,0.732,178.0,3.463583608719954
2546,BRT,0.731,179.0,3.458851937123342
162,BRT,0.73,180.0,3.45412026552673
2660,BRT,0.73,180.0,3.45412026552673
1361,BRT,0.729,182.0,3.4493885939301183
2644,BRT,0.728,183.0,3.444656922333506
1756,BRT,0.726,184.0,3.4351935791402823
827,BRT,0.724,185.0,3.4257302359470585
1122,BRT,0.723,186.0,3.4209985643504464
1778,BRT,0.723,186.0,3.4209985643504464
740,BRT,0.722,188.0,3.416266892753834
424,BRT,0.721,189.0,3.4115352211572225
552,BRT,0.72,190.0,3.4068035495606104
35,BRT,0.719,191.0,3.4020718779639987
522,BRT,0.718,192.0,3.3973402063673865
925,BRT,0.716,193.0,3.3878768631741627
2566,BRT,0.716,193.0,3.3878768631741627
1644,BRT,0.715,195.0,3.3831451915775506
2224,BRT,0.715,195.0,3.3831451915775506
937,BRT,0.714,197.0,3.378413519980939
2063,BRT,0.714,197.0,3.378413519980939
2290,BRT,0.714,197.0,3.378413519980939
2315,BRT,0.714,197.0,3.378413519980939
2275,BRT,0.711,201.0,3.364218505191103
1107,BRT,0.71,202.0,3.3594868335944907
2057,BRT,0.709,203.0,3.354755161997879
1572,BRT,0.708,204.0,3.350023490401267
2432,BRT,0.708,204.0,3.350023490401267
334,BRT,0.707,206.0,3.3452918188046548
2199,BRT,0.707,206.0,3.3452918188046548
1212,BRT,0.706,208.0,3.340560147208043
2612,BRT,0.705,209.0,3.335828475611431
1484,BRT,0.704,210.0,3.3310968040148192
823,BRT,0.703,211.0,3.326365132418207
96,BRT,0.702,212.0,3.321633460821595
546,BRT,0.702,212.0,3.321633460821595
1791,BRT,0.702,212.0,3.321633460821595
2724,BRT,0.7,215.0,3.312170117628371
1693,BRT,0.698,216.0,3.3027067744351473
1879,BRT,0.698,216.0,3.3027067744351473
1954,BRT,0.697,218.0,3.297975102838535
1929,BRT,0.696,219.0,3.2932434312419234
700,BRT,0.695,220.0,3.2885117596453113
1360,BRT,0.695,220.0,3.2885117596453113
2517,BRT,0.695,220.0,3.2885117596453113
2480,BRT,0.694,223.0,3.2837800880486996
2723,BRT,0.694,223.0,3.2837800880486996
1511,BRT,0.693,225.0,3.2790484164520874
2430,BRT,0.693,225.0,3.2790484164520874
2746,BRT,0.693,225.0,3.2790484164520874
69,BRT,0.692,228.0,3.2743167448554753
293,BRT,0.69,229.0,3.2648534016622515
110,BRT,0.688,230.0,3.2553900584690276
410,BRT,0.687,231.0,3.2506583868724164
1608,BRT,0.687,231.0,3.2506583868724164
2085,BRT,0.687,231.0,3.2506583868724164
818,BRT,0.686,234.0,3.2459267152758042
1995,BRT,0.685,235.0,3.241195043679192
1233,BRT,0.684,236.0,3.2364633720825804
2300,BRT,0.683,237.0,3.2317317004859683
2486,BRT,0.683,237.0,3.2317317004859683
444,BRT,0.68,239.0,3.2175366856961323
238,BRT,0.679,240.0,3.2128050140995206
1716,BRT,0.679,240.0,3.2128050140995206
387,BRT,0.678,242.0,3.2080733425029084
1165,BRT,0.678,242.0,3.2080733425029084
1670,BRT,0.678,242.0,3.2080733425029084
1476,BRT,0.677,245.0,3.2033416709062967
1639,BRT,0.674,246.0,3.1891466561164608
2038,BRT,0.674,246.0,3.1891466561164608
486,BRT,0.673,248.0,3.1844149845198486
732,BRT,0.673,248.0,3.1844149845198486
944,BRT,0.672,250.0,3.179683312923237
995,BRT,0.672,250.0,3.179683312923237
2089,BRT,0.67,252.0,3.1702199697300126
1979,BRT,0.669,253.0,3.165488298133401
2585,BRT,0.668,254.0,3.160756626536789
970,BRT,0.667,255.0,3.156024954940177
1026,BRT,0.667,255.0,3.156024954940177
1678,BRT,0.667,255.0,3.156024954940177
2466,BRT,0.667,255.0,3.156024954940177
2255,BRT,0.666,259.0,3.151293283343565
2188,BRT,0.665,260.0,3.146561611746953
2351,BRT,0.665,260.0,3.146561611746953
193,BRT,0.663,262.0,3.137098268553729
264,BRT,0.663,262.0,3.137098268553729
2309,BRT,0.663,262.0,3.137098268553729
2344,BRT,0.663,262.0,3.137098268553729
1264,BRT,0.662,266.0,3.1323665969571173
1972,BRT,0.66,267.0,3.122903253763893
52,BRT,0.659,268.0,3.1181715821672813
587,BRT,0.659,268.0,3.1181715821672813
210,BRT,0.657,270.0,3.1087082389740575
657,BRT,0.657,270.0,3.1087082389740575
933,BRT,0.657,270.0,3.1087082389740575
2260,BRT,0.656,273.0,3.1039765673774453
2338,BRT,0.656,273.0,3.1039765673774453
325,BRT,0.655,275.0,3.099244895780833
1129,BRT,0.655,275.0,3.099244895780833
1419,BRT,0.655,275.0,3.099244895780833
2318,BRT,0.655,275.0,3.099244895780833
1501,BRT,0.654,279.0,3.0945132241842215
1758,BRT,0.654,279.0,3.0945132241842215
978,BRT,0.652,281.0,3.0850498809909976
1184,BRT,0.652,281.0,3.0850498809909976
2164,BRT,0.652,281.0,3.0850498809909976
323,BRT,0.649,284.0,3.0708548662011617
2130,BRT,0.649,284.0,3.0708548662011617
2742,BRT,0.649,284.0,3.0708548662011617
339,BRT,0.648,287.0,3.0661231946045495
420,BRT,0.648,287.0,3.0661231946045495
2359,BRT,0.647,289.0,3.061391523007938
2179,BRT,0.646,290.0,3.0566598514113257
2717,BRT,0.646,290.0,3.0566598514113257
1453,BRT,0.645,292.0,3.0519281798147135
1604,BRT,0.645,292.0,3.0519281798147135
1814,BRT,0.645,292.0,3.0519281798147135
2538,BRT,0.645,292.0,3.0519281798147135
2544,BRT,0.645,292.0,3.0519281798147135
2525,BRT,0.642,297.0,3.037733165024878
286,BRT,0.641,298.0,3.033001493428266
1523,BRT,0.641,298.0,3.033001493428266
2227,BRT,0.641,298.0,3.033001493428266
753,BRT,0.64,301.0,3.028269821831654
1314,BRT,0.64,301.0,3.028269821831654
998,BRT,0.639,303.0,3.023538150235042
1356,BRT,0.639,303.0,3.023538150235042
2339,BRT,0.639,303.0,3.023538150235042
84,BRT,0.638,306.0,3.01880647863843
1041,BRT,0.638,306.0,3.01880647863843
2238,BRT,0.638,306.0,3.01880647863843
266,BRT,0.637,309.0,3.014074807041818
300,BRT,0.637,309.0,3.014074807041818
1690,BRT,0.637,309.0,3.014074807041818
2667,BRT,0.637,309.0,3.014074807041818
1945,BRT,0.636,313.0,3.009343135445206
2225,BRT,0.636,313.0,3.009343135445206
1652,BRT,0.634,315.0,2.999879792251982
483,BRT,0.633,316.0,2.99514812065537
2313,BRT,0.633,316.0,2.99514812065537
586,BRT,0.632,318.0,2.9904164490587584
655,BRT,0.632,318.0,2.9904164490587584
1493,BRT,0.631,320.0,2.9856847774621462
1532,BRT,0.631,320.0,2.9856847774621462
2117,BRT,0.631,320.0,2.9856847774621462
2200,BRT,0.631,320.0,2.9856847774621462
2475,BRT,0.631,320.0,2.9856847774621462
960,BRT,0.629,325.0,2.9762214342689224
1371,BRT,0.629,325.0,2.9762214342689224
1009,BRT,0.628,327.0,2.9714897626723102
2733,BRT,0.628,327.0,2.9714897626723102
863,BRT,0.627,329.0,2.9667580910756985
2274,BRT,0.627,329.0,2.9667580910756985
280,BRT,0.626,331.0,2.9620264194790864
192,BRT,0.623,332.0,2.9478314046892504
287,BRT,0.623,332.0,2.9478314046892504
2204,BRT,0.623,332.0,2.9478314046892504
1488,BRT,0.622,335.0,2.9430997330926387
74,BRT,0.621,336.0,2.9383680614960266
1530,BRT,0.621,336.0,2.9383680614960266
1584,BRT,0.621,336.0,2.9383680614960266
2610,BRT,0.621,336.0,2.9383680614960266
606,BRT,0.62,340.0,2.933636389899415
1048,BRT,0.62,340.0,2.933636389899415
1189,BRT,0.619,342.0,2.9289047183028027
1749,BRT,0.619,342.0,2.9289047183028027
1674,BRT,0.618,344.0,2.9241730467061906
2576,BRT,0.618,344.0,2.9241730467061906
1011,BRT,0.617,346.0,2.919441375109579
212,BRT,0.616,347.0,2.9147097035129668
749,BRT,0.616,347.0,2.9147097035129668
1986,BRT,0.616,347.0,2.9147097035129668
1518,BRT,0.615,350.0,2.909978031916355
2404,BRT,0.615,350.0,2.909978031916355
2505,BRT,0.614,352.0,2.905246360319743
2541,BRT,0.614,352.0,2.905246360319743
729,BRT,0.613,354.0,2.900514688723131
2564,BRT,0.613,354.0,2.900514688723131
2281,BRT,0.612,356.0,2.895783017126519
81,BRT,0.611,357.0,2.891051345529907
1999,BRT,0.611,357.0,2.891051345529907
2497,BRT,0.611,357.0,2.891051345529907
529,BRT,0.61,360.0,2.8863196739332952
826,BRT,0.609,361.0,2.881588002336683
1423,BRT,0.609,361.0,2.881588002336683
2005,BRT,0.609,361.0,2.881588002336683
159,BRT,0.608,364.0,2.876856330740071
1568,BRT,0.608,364.0,2.876856330740071
719,BRT,0.607,366.0,2.8721246591434593
1277,BRT,0.607,366.0,2.8721246591434593
1172,BRT,0.606,368.0,2.867392987546847
2103,BRT,0.606,368.0,2.867392987546847
638,BRT,0.605,370.0,2.8626613159502354
2128,BRT,0.605,370.0,2.8626613159502354
2259,BRT,0.605,370.0,2.8626613159502354
2515,BRT,0.605,370.0,2.8626613159502354
1263,BRT,0.604,374.0,2.8579296443536233
2411,BRT,0.604,374.0,2.8579296443536233
2455,BRT,0.604,374.0,2.8579296443536233
1601,BRT,0.602,377.0,2.8484663011603994
2665,BRT,0.602,377.0,2.8484663011603994
2287,BRT,0.601,379.0,2.8437346295637873
1436,BRT,0.6,380.0,2.8390029579671756
1565,BRT,0.6,380.0,2.8390029579671756
1672,BRT,0.6,380.0,2.8390029579671756
844,BRT,0.599,383.0,2.8342712863705635
1431,BRT,0.599,383.0,2.8342712863705635
2092,BRT,0.599,383.0,2.8342712863705635
2178,BRT,0.599,383.0,2.8342712863705635
1158,BRT,0.598,387.0,2.8295396147739513
1815,BRT,0.598,387.0,2.8295396147739513
183,BRT,0.596,389.0,2.8200762715807275
1244,BRT,0.596,389.0,2.8200762715807275
1885,BRT,0.596,389.0,2.8200762715807275
127,BRT,0.595,392.0,2.815344599984116
126,BRT,0.593,393.0,2.8058812567908915
241,BRT,0.593,393.0,2.8058812567908915
2212,BRT,0.591,395.0,2.7964179135976677
2656,BRT,0.591,395.0,2.7964179135976677
180,BRT,0.59,397.0,2.791686242001056
958,BRT,0.59,397.0,2.791686242001056
1121,BRT,0.59,397.0,2.791686242001056
2495,BRT,0.59,397.0,2.791686242001056
511,BRT,0.589,401.0,2.786954570404444
668,BRT,0.589,401.0,2.786954570404444
1291,BRT,0.589,401.0,2.786954570404444
2273,BRT,0.589,401.0,2.786954570404444
188,BRT,0.588,405.0,2.7822228988078317
2026,BRT,0.588,405.0,2.7822228988078317
1019,BRT,0.587,407.0,2.77749122721122
463,BRT,0.586,408.0,2.772759555614608
2019,BRT,0.586,408.0,2.772759555614608
1185,BRT,0.585,410.0,2.768027884017996
2149,BRT,0.584,411.0,2.763296212421384
518,BRT,0.583,412.0,2.758564540824772
1062,BRT,0.583,412.0,2.758564540824772
1663,BRT,0.583,412.0,2.758564540824772
2226,BRT,0.583,412.0,2.758564540824772
310,BRT,0.582,416.0,2.75383286922816
496,BRT,0.582,416.0,2.75383286922816
581,BRT,0.582,416.0,2.75383286922816
769,BRT,0.582,416.0,2.75383286922816
2540,BRT,0.582,416.0,2.75383286922816
1349,BRT,0.581,421.0,2.749101197631548
1637,BRT,0.581,421.0,2.749101197631548
2080,BRT,0.581,421.0,2.749101197631548
288,BRT,0.58,424.0,2.7443695260349363
567,BRT,0.579,425.0,2.739637854438324
650,BRT,0.579,425.0,2.739637854438324
1010,BRT,0.579,425.0,2.739637854438324
1045,BRT,0.579,425.0,2.739637854438324
1539,BRT,0.579,425.0,2.739637854438324
1772,BRT,0.579,425.0,2.739637854438324
11,BRT,0.578,431.0,2.734906182841712
1171,BRT,0.578,431.0,2.734906182841712
2157,BRT,0.578,431.0,2.734906182841712
222,BRT,0.577,434.0,2.7301745112451004
1940,BRT,0.577,434.0,2.7301745112451004
199,BRT,0.576,436.0,2.725442839648488
1976,BRT,0.576,436.0,2.725442839648488
2418,BRT,0.576,436.0,2.725442839648488
2368,BRT,0.575,439.0,2.7207111680518765
1883,BRT,0.574,440.0,2.7159794964552644
2295,BRT,0.574,440.0,2.7159794964552644
1841,BRT,0.573,442.0,2.7112478248586522
1873,BRT,0.573,442.0,2.7112478248586522
837,BRT,0.572,444.0,2.7065161532620405
2506,BRT,0.572,444.0,2.7065161532620405
861,BRT,0.571,446.0,2.7017844816654284
1875,BRT,0.571,446.0,2.7017844816654284
2741,BRT,0.571,446.0,2.7017844816654284
1625,BRT,0.57,449.0,2.6970528100688167
1682,BRT,0.57,449.0,2.6970528100688167
2584,BRT,0.57,449.0,2.6970528100688167
2677,BRT,0.57,449.0,2.6970528100688167
2762,BRT,0.57,449.0,2.6970528100688167
847,BRT,0.569,454.0,2.6923211384722046
1126,BRT,0.569,454.0,2.6923211384722046
2232,BRT,0.569,454.0,2.6923211384722046
1524,BRT,0.568,457.0,2.6875894668755924
2443,BRT,0.568,457.0,2.6875894668755924
1513,BRT,0.567,459.0,2.6828577952789807
1872,BRT,0.567,459.0,2.6828577952789807
599,BRT,0.566,461.0,2.6781261236823686
1534,BRT,0.566,461.0,2.6781261236823686
1669,BRT,0.566,461.0,2.6781261236823686
1688,BRT,0.566,461.0,2.6781261236823686
2774,BRT,0.566,461.0,2.6781261236823686
482,BRT,0.565,466.0,2.673394452085757
973,BRT,0.565,466.0,2.673394452085757
1311,BRT,0.565,466.0,2.673394452085757
1459,BRT,0.565,466.0,2.673394452085757
1819,BRT,0.565,466.0,2.673394452085757
2170,BRT,0.565,466.0,2.673394452085757
2252,BRT,0.565,466.0,2.673394452085757
2394,BRT,0.565,466.0,2.673394452085757
86,BRT,0.564,474.0,2.6686627804891447
2106,BRT,0.564,474.0,2.6686627804891447
2132,BRT,0.564,474.0,2.6686627804891447
2323,BRT,0.564,474.0,2.6686627804891447
1125,BRT,0.563,478.0,2.6639311088925326
1106,BRT,0.562,479.0,2.6591994372959213
253,BRT,0.561,480.0,2.654467765699309
457,BRT,0.561,480.0,2.654467765699309
664,BRT,0.561,480.0,2.654467765699309
1919,BRT,0.561,480.0,2.654467765699309
2104,BRT,0.561,480.0,2.654467765699309
2122,BRT,0.561,480.0,2.654467765699309
556,BRT,0.56,486.0,2.6497360941026975
1093,BRT,0.559,487.0,2.6450044225060854
1427,BRT,0.559,487.0,2.6450044225060854
1942,BRT,0.559,487.0,2.6450044225060854
656,BRT,0.557,490.0,2.6355410793128615
1649,BRT,0.557,490.0,2.6355410793128615
1871,BRT,0.557,490.0,2.6355410793128615
1169,BRT,0.556,493.0,2.6308094077162494
1412,BRT,0.556,493.0,2.6308094077162494
1482,BRT,0.556,493.0,2.6308094077162494
1686,BRT,0.556,493.0,2.6308094077162494
2022,BRT,0.556,493.0,2.6308094077162494
2703,BRT,0.556,493.0,2.6308094077162494
130,BRT,0.555,499.0,2.6260777361196377
389,BRT,0.555,499.0,2.6260777361196377
602,BRT,0.555,499.0,2.6260777361196377
635,BRT,0.555,499.0,2.6260777361196377
2529,BRT,0.555,499.0,2.6260777361196377
2776,BRT,0.555,499.0,2.6260777361196377
697,BRT,0.554,505.0,2.6213460645230255
913,BRT,0.554,505.0,2.6213460645230255
1404,BRT,0.554,505.0,2.6213460645230255
1697,BRT,0.554,505.0,2.6213460645230255
2163,BRT,0.554,505.0,2.6213460645230255
2630,BRT,0.554,505.0,2.6213460645230255
43,BRT,0.552,511.0,2.6118827213298017
814,BRT,0.552,511.0,2.6118827213298017
1994,BRT,0.552,511.0,2.6118827213298017
2073,BRT,0.552,511.0,2.6118827213298017
187,BRT,0.551,515.0,2.6071510497331896
1647,BRT,0.551,515.0,2.6071510497331896
1711,BRT,0.551,515.0,2.6071510497331896
1811,BRT,0.551,515.0,2.6071510497331896
1892,BRT,0.551,515.0,2.6071510497331896
117,BRT,0.548,520.0,2.592956034943354
1522,BRT,0.548,520.0,2.592956034943354
2053,BRT,0.547,522.0,2.588224363346742
2758,BRT,0.547,522.0,2.588224363346742
851,BRT,0.546,524.0,2.5834926917501297
2067,BRT,0.546,524.0,2.5834926917501297
1609,BRT,0.545,526.0,2.578761020153518
1863,BRT,0.545,526.0,2.578761020153518
70,BRT,0.544,528.0,2.574029348556906
427,BRT,0.544,528.0,2.574029348556906
2727,BRT,0.544,528.0,2.574029348556906
34,BRT,0.543,531.0,2.569297676960294
303,BRT,0.543,531.0,2.569297676960294
1084,BRT,0.543,531.0,2.569297676960294
2347,BRT,0.543,531.0,2.569297676960294
705,BRT,0.542,535.0,2.564566005363682
1018,BRT,0.542,535.0,2.564566005363682
15,BRT,0.541,537.0,2.55983433376707
2369,BRT,0.541,537.0,2.55983433376707
1080,BRT,0.54,539.0,2.5551026621704582
1305,BRT,0.54,539.0,2.5551026621704582
1966,BRT,0.539,541.0,2.550370990573846
104,BRT,0.538,542.0,2.5456393189772344
464,BRT,0.538,542.0,2.5456393189772344
679,BRT,0.538,542.0,2.5456393189772344
774,BRT,0.538,542.0,2.5456393189772344
964,BRT,0.538,542.0,2.5456393189772344
1031,BRT,0.538,542.0,2.5456393189772344
2099,BRT,0.538,542.0,2.5456393189772344
2108,BRT,0.538,542.0,2.5456393189772344
2037,BRT,0.537,550.0,2.5409076473806222
265,BRT,0.536,551.0,2.53617597578401
335,BRT,0.536,551.0,2.53617597578401
1044,BRT,0.536,551.0,2.53617597578401
1443,BRT,0.536,551.0,2.53617597578401
2547,BRT,0.536,551.0,2.53617597578401
708,BRT,0.535,556.0,2.5314443041873984
2434,BRT,0.535,556.0,2.5314443041873984
141,BRT,0.534,558.0,2.5267126325907863
636,BRT,0.534,558.0,2.5267126325907863
1702,BRT,0.534,558.0,2.5267126325907863
2511,BRT,0.534,558.0,2.5267126325907863
373,BRT,0.533,562.0,2.5219809609941746
1135,BRT,0.533,562.0,2.5219809609941746
1194,BRT,0.533,562.0,2.5219809609941746
1499,BRT,0.533,562.0,2.5219809609941746
1890,BRT,0.533,562.0,2.5219809609941746
24,BRT,0.532,567.0,2.5172492893975624
1748,BRT,0.532,567.0,2.5172492893975624
1203,BRT,0.531,569.0,2.5125176178009503
1829,BRT,0.531,569.0,2.5125176178009503
1935,BRT,0.531,569.0,2.5125176178009503
282,BRT,0.53,572.0,2.5077859462043386
442,BRT,0.53,572.0,2.5077859462043386
623,BRT,0.53,572.0,2.5077859462043386
259,BRT,0.529,575.0,2.5030542746077264
557,BRT,0.529,575.0,2.5030542746077264
672,BRT,0.529,575.0,2.5030542746077264
1826,BRT,0.529,575.0,2.5030542746077264
2249,BRT,0.529,575.0,2.5030542746077264
230,BRT,0.528,580.0,2.4983226030111148
249,BRT,0.528,580.0,2.4983226030111148
408,BRT,0.528,580.0,2.4983226030111148
414,BRT,0.528,580.0,2.4983226030111148
454,BRT,0.528,580.0,2.4983226030111148
909,BRT,0.528,580.0,2.4983226030111148
1166,BRT,0.528,580.0,2.4983226030111148
164,BRT,0.527,587.0,2.4935909314145026
418,BRT,0.527,587.0,2.4935909314145026
507,BRT,0.527,587.0,2.4935909314145026
803,BRT,0.527,587.0,2.4935909314145026
1558,BRT,0.527,587.0,2.4935909314145026
2401,BRT,0.527,587.0,2.4935909314145026
2444,BRT,0.527,587.0,2.4935909314145026
2657,BRT,0.526,594.0,2.4888592598178905
815,BRT,0.525,595.0,2.4841275882212788
1012,BRT,0.525,595.0,2.4841275882212788
1746,BRT,0.525,595.0,2.4841275882212788
613,BRT,0.524,598.0,2.4793959166246666
654,BRT,0.524,598.0,2.4793959166246666
1167,BRT,0.524,598.0,2.4793959166246666
1382,BRT,0.524,598.0,2.4793959166246666
307,BRT,0.523,602.0,2.474664245028055
2091,BRT,0.523,602.0,2.474664245028055
2436,BRT,0.522,604.0,2.469932573431443
1526,BRT,0.521,605.0,2.4652009018348306
1544,BRT,0.521,605.0,2.4652009018348306
2034,BRT,0.521,605.0,2.4652009018348306
2561,BRT,0.521,605.0,2.4652009018348306
10,BRT,0.52,609.0,2.460469230238219
1406,BRT,0.52,609.0,2.460469230238219
2442,BRT,0.52,609.0,2.460469230238219
211,BRT,0.519,612.0,2.455737558641607
1930,BRT,0.519,612.0,2.455737558641607
1943,BRT,0.519,612.0,2.455737558641607
2140,BRT,0.519,612.0,2.455737558641607
2770,BRT,0.519,612.0,2.455737558641607
64,BRT,0.518,617.0,2.451005887044995
402,BRT,0.518,617.0,2.451005887044995
696,BRT,0.518,617.0,2.451005887044995
1254,BRT,0.518,617.0,2.451005887044995
674,BRT,0.517,621.0,2.446274215448383
917,BRT,0.517,621.0,2.446274215448383
1736,BRT,0.517,621.0,2.446274215448383
528,BRT,0.516,624.0,2.441542543851771
1081,BRT,0.516,624.0,2.441542543851771
1480,BRT,0.516,624.0,2.441542543851771
53,BRT,0.515,627.0,2.436810872255159
61,BRT,0.515,627.0,2.436810872255159
981,BRT,0.515,627.0,2.436810872255159
324,BRT,0.514,630.0,2.432079200658547
1112,BRT,0.514,630.0,2.432079200658547
1510,BRT,0.514,630.0,2.432079200658547
2189,BRT,0.514,630.0,2.432079200658547
1302,BRT,0.513,634.0,2.4273475290619353
1377,BRT,0.513,634.0,2.4273475290619353
2114,BRT,0.513,634.0,2.4273475290619353
425,BRT,0.512,637.0,2.422615857465323
474,BRT,0.512,637.0,2.422615857465323
914,BRT,0.512,637.0,2.422615857465323
1802,BRT,0.512,637.0,2.422615857465323
260,BRT,0.511,641.0,2.417884185868711
735,BRT,0.511,641.0,2.417884185868711
1267,BRT,0.511,641.0,2.417884185868711
1320,BRT,0.511,641.0,2.417884185868711
2608,BRT,0.511,641.0,2.417884185868711
1858,BRT,0.51,646.0,2.4131525142720993
2567,BRT,0.51,646.0,2.4131525142720993
2710,BRT,0.51,646.0,2.4131525142720993
961,BRT,0.509,649.0,2.408420842675487
1279,BRT,0.509,649.0,2.408420842675487
1614,BRT,0.509,649.0,2.408420842675487
204,BRT,0.507,652.0,2.3989574994822633
491,BRT,0.507,652.0,2.3989574994822633
755,BRT,0.507,652.0,2.3989574994822633
845,BRT,0.507,652.0,2.3989574994822633
1884,BRT,0.507,652.0,2.3989574994822633
1989,BRT,0.507,652.0,2.3989574994822633
694,BRT,0.505,658.0,2.3894941562890395
1489,BRT,0.505,658.0,2.3894941562890395
1537,BRT,0.505,658.0,2.3894941562890395
1953,BRT,0.505,658.0,2.3894941562890395
2269,BRT,0.505,658.0,2.3894941562890395
467,BRT,0.504,663.0,2.3847624846924274
1551,BRT,0.504,663.0,2.3847624846924274
2175,BRT,0.504,663.0,2.3847624846924274
2419,BRT,0.504,663.0,2.3847624846924274
2633,BRT,0.504,663.0,2.3847624846924274
1017,BRT,0.503,668.0,2.3800308130958157
1606,BRT,0.503,668.0,2.3800308130958157
1655,BRT,0.503,668.0,2.3800308130958157
593,BRT,0.502,671.0,2.3752991414992035
649,BRT,0.501,672.0,2.3705674699025914
1001,BRT,0.501,672.0,2.3705674699025914
1270,BRT,0.501,672.0,2.3705674699025914
506,BRT,0.5,675.0,2.3658357983059797
898,BRT,0.5,675.0,2.3658357983059797
901,BRT,0.5,675.0,2.3658357983059797
1408,BRT,0.5,675.0,2.3658357983059797
2241,BRT,0.5,675.0,2.3658357983059797
1611,BRT,0.499,680.0,2.3611041267093675
400,BRT,0.498,681.0,2.356372455112756
688,BRT,0.498,681.0,2.356372455112756
943,BRT,0.498,681.0,2.356372455112756
1226,BRT,0.498,681.0,2.356372455112756
2372,BRT,0.497,685.0,2.3516407835161437
523,BRT,0.496,686.0,2.3469091119195316
1500,BRT,0.496,686.0,2.3469091119195316
1662,BRT,0.496,686.0,2.3469091119195316
2581,BRT,0.496,686.0,2.3469091119195316
382,BRT,0.495,690.0,2.34217744032292
1285,BRT,0.495,690.0,2.34217744032292
2622,BRT,0.495,690.0,2.34217744032292
173,BRT,0.494,693.0,2.3374457687263077
316,BRT,0.494,693.0,2.3374457687263077
559,BRT,0.494,693.0,2.3374457687263077
2242,BRT,0.494,693.0,2.3374457687263077
922,BRT,0.493,697.0,2.332714097129696
1472,BRT,0.493,697.0,2.332714097129696
1622,BRT,0.493,697.0,2.332714097129696
2191,BRT,0.493,697.0,2.332714097129696
122,BRT,0.492,701.0,2.327982425533084
2159,BRT,0.492,701.0,2.327982425533084
97,BRT,0.491,703.0,2.3232507539364717
1337,BRT,0.491,703.0,2.3232507539364717
1415,BRT,0.491,703.0,2.3232507539364717
1893,BRT,0.491,703.0,2.3232507539364717
2679,BRT,0.491,703.0,2.3232507539364717
588,BRT,0.49,708.0,2.31851908233986
883,BRT,0.49,708.0,2.31851908233986
1108,BRT,0.49,708.0,2.31851908233986
1965,BRT,0.49,708.0,2.31851908233986
2453,BRT,0.49,708.0,2.31851908233986
2090,BRT,0.489,713.0,2.313787410743248
2441,BRT,0.489,713.0,2.313787410743248
348,BRT,0.488,715.0,2.309055739146636
1450,BRT,0.487,716.0,2.304324067550024
1607,BRT,0.487,716.0,2.304324067550024
2033,BRT,0.487,716.0,2.304324067550024
2452,BRT,0.487,716.0,2.304324067550024
1394,BRT,0.486,720.0,2.299592395953412
2571,BRT,0.486,720.0,2.299592395953412
1640,BRT,0.485,722.0,2.2948607243568
2384,BRT,0.485,722.0,2.2948607243568
2437,BRT,0.485,722.0,2.2948607243568
151,BRT,0.484,725.0,2.290129052760188
177,BRT,0.484,725.0,2.290129052760188
350,BRT,0.484,725.0,2.290129052760188
713,BRT,0.484,725.0,2.290129052760188
1100,BRT,0.484,725.0,2.290129052760188
225,BRT,0.483,730.0,2.2853973811635764
367,BRT,0.483,730.0,2.2853973811635764
608,BRT,0.483,730.0,2.2853973811635764
2450,BRT,0.483,730.0,2.2853973811635764
314,BRT,0.482,734.0,2.2806657095669642
603,BRT,0.482,734.0,2.2806657095669642
1005,BRT,0.482,734.0,2.2806657095669642
1238,BRT,0.482,734.0,2.2806657095669642
562,BRT,0.481,738.0,2.275934037970352
1869,BRT,0.481,738.0,2.275934037970352
1909,BRT,0.481,738.0,2.275934037970352
1948,BRT,0.481,738.0,2.275934037970352
821,BRT,0.48,742.0,2.2712023663737404
2001,BRT,0.48,742.0,2.2712023663737404
2373,BRT,0.48,742.0,2.2712023663737404
428,BRT,0.479,745.0,2.2664706947771283
1952,BRT,0.479,745.0,2.2664706947771283
2739,BRT,0.479,745.0,2.2664706947771283
2220,BRT,0.478,748.0,2.2617390231805166
2752,BRT,0.478,748.0,2.2617390231805166
2759,BRT,0.478,748.0,2.2617390231805166
99,BRT,0.477,751.0,2.2570073515839044
812,BRT,0.477,751.0,2.2570073515839044
1069,BRT,0.477,751.0,2.2570073515839044
1272,BRT,0.477,751.0,2.2570073515839044
1281,BRT,0.477,751.0,2.2570073515839044
1438,BRT,0.477,751.0,2.2570073515839044
1008,BRT,0.476,757.0,2.2522756799872923
1248,BRT,0.476,757.0,2.2522756799872923
2250,BRT,0.476,757.0,2.2522756799872923
806,BRT,0.475,760.0,2.2475440083906806
1397,BRT,0.475,760.0,2.2475440083906806
1960,BRT,0.475,760.0,2.2475440083906806
2605,BRT,0.475,760.0,2.2475440083906806
365,BRT,0.474,764.0,2.2428123367940684
379,BRT,0.474,764.0,2.2428123367940684
583,BRT,0.474,764.0,2.2428123367940684
1468,BRT,0.474,764.0,2.2428123367940684
1914,BRT,0.474,764.0,2.2428123367940684
2651,BRT,0.474,764.0,2.2428123367940684
1646,BRT,0.473,770.0,2.2380806651974567
2105,BRT,0.473,770.0,2.2380806651974567
270,BRT,0.472,772.0,2.2333489936008446
1400,BRT,0.472,772.0,2.2333489936008446
297,BRT,0.471,774.0,2.2286173220042325
548,BRT,0.47,775.0,2.2238856504076208
1120,BRT,0.47,775.0,2.2238856504076208
1448,BRT,0.47,775.0,2.2238856504076208
1681,BRT,0.47,775.0,2.2238856504076208
2264,BRT,0.47,775.0,2.2238856504076208
1119,BRT,0.469,780.0,2.2191539788110086
1417,BRT,0.469,780.0,2.2191539788110086
1575,BRT,0.469,780.0,2.2191539788110086
1846,BRT,0.469,780.0,2.2191539788110086
2245,BRT,0.469,780.0,2.2191539788110086
409,BRT,0.468,785.0,2.214422307214397
743,BRT,0.468,785.0,2.214422307214397
927,BRT,0.466,787.0,2.204958964021173
1473,BRT,0.466,787.0,2.204958964021173
1650,BRT,0.466,787.0,2.204958964021173
2078,BRT,0.465,790.0,2.200227292424561
2393,BRT,0.465,790.0,2.200227292424561
2745,BRT,0.465,790.0,2.200227292424561
1594,BRT,0.464,793.0,2.1954956208279492
2257,BRT,0.464,793.0,2.1954956208279492
856,BRT,0.463,795.0,2.190763949231337
1700,BRT,0.463,795.0,2.190763949231337
1762,BRT,0.463,795.0,2.190763949231337
337,BRT,0.462,798.0,2.1860322776347254
438,BRT,0.462,798.0,2.1860322776347254
1353,BRT,0.462,798.0,2.1860322776347254
1993,BRT,0.462,798.0,2.1860322776347254
2403,BRT,0.462,798.0,2.1860322776347254
876,BRT,0.461,803.0,2.1813006060381133
1152,BRT,0.461,803.0,2.1813006060381133
1828,BRT,0.46,805.0,2.176568934441501
1978,BRT,0.46,805.0,2.176568934441501
860,BRT,0.459,807.0,2.1718372628448894
1677,BRT,0.459,807.0,2.1718372628448894
488,BRT,0.458,809.0,2.1671055912482773
1295,BRT,0.458,809.0,2.1671055912482773
2598,BRT,0.458,809.0,2.1671055912482773
168,BRT,0.457,812.0,2.1623739196516656
2371,BRT,0.457,812.0,2.1623739196516656
1432,BRT,0.456,814.0,2.1576422480550534
2020,BRT,0.456,814.0,2.1576422480550534
2332,BRT,0.456,814.0,2.1576422480550534
2464,BRT,0.456,814.0,2.1576422480550534
2522,BRT,0.456,814.0,2.1576422480550534
352,BRT,0.455,819.0,2.1529105764584413
746,BRT,0.455,819.0,2.1529105764584413
2153,BRT,0.455,819.0,2.1529105764584413
2160,BRT,0.455,819.0,2.1529105764584413
2334,BRT,0.455,819.0,2.1529105764584413
321,BRT,0.454,824.0,2.1481789048618296
765,BRT,0.454,824.0,2.1481789048618296
1142,BRT,0.454,824.0,2.1481789048618296
1428,BRT,0.454,824.0,2.1481789048618296
580,BRT,0.453,828.0,2.1434472332652175
886,BRT,0.453,828.0,2.1434472332652175
905,BRT,0.453,828.0,2.1434472332652175
1111,BRT,0.453,828.0,2.1434472332652175
1708,BRT,0.453,828.0,2.1434472332652175
333,BRT,0.452,833.0,2.1387155616686058
1240,BRT,0.452,833.0,2.1387155616686058
2065,BRT,0.452,833.0,2.1387155616686058
2145,BRT,0.452,833.0,2.1387155616686058
2302,BRT,0.452,833.0,2.1387155616686058
2638,BRT,0.452,833.0,2.1387155616686058
2708,BRT,0.452,833.0,2.1387155616686058
257,BRT,0.451,840.0,2.1339838900719936
1343,BRT,0.451,840.0,2.1339838900719936
1818,BRT,0.451,840.0,2.1339838900719936
2030,BRT,0.451,840.0,2.1339838900719936
2658,BRT,0.451,840.0,2.1339838900719936
2716,BRT,0.451,840.0,2.1339838900719936
450,BRT,0.45,846.0,2.1292522184753815
763,BRT,0.45,846.0,2.1292522184753815
9,BRT,0.449,848.0,2.12452054687877
404,BRT,0.449,848.0,2.12452054687877
1835,BRT,0.449,848.0,2.12452054687877
1540,BRT,0.448,851.0,2.1197888752821576
1796,BRT,0.448,851.0,2.1197888752821576
2203,BRT,0.448,851.0,2.1197888752821576
306,BRT,0.447,854.0,2.115057203685546
1651,BRT,0.447,854.0,2.115057203685546
1913,BRT,0.447,854.0,2.115057203685546
2045,BRT,0.447,854.0,2.115057203685546
2415,BRT,0.447,854.0,2.115057203685546
279,BRT,0.446,859.0,2.110325532088934
794,BRT,0.446,859.0,2.110325532088934
1853,BRT,0.446,859.0,2.110325532088934
1939,BRT,0.446,859.0,2.110325532088934
2003,BRT,0.446,859.0,2.110325532088934
478,BRT,0.445,864.0,2.1055938604923217
676,BRT,0.445,864.0,2.1055938604923217
2354,BRT,0.445,864.0,2.1055938604923217
2760,BRT,0.445,864.0,2.1055938604923217
1183,BRT,0.444,868.0,2.10086218889571
1492,BRT,0.444,868.0,2.10086218889571
1776,BRT,0.444,868.0,2.10086218889571
2036,BRT,0.444,868.0,2.10086218889571
2135,BRT,0.444,868.0,2.10086218889571
2488,BRT,0.444,868.0,2.10086218889571
2543,BRT,0.444,868.0,2.10086218889571
391,BRT,0.443,875.0,2.096130517299098
1344,BRT,0.443,875.0,2.096130517299098
1691,BRT,0.443,875.0,2.096130517299098
2294,BRT,0.443,875.0,2.096130517299098
2487,BRT,0.443,875.0,2.096130517299098
29,BRT,0.442,880.0,2.091398845702486
566,BRT,0.442,880.0,2.091398845702486
976,BRT,0.442,880.0,2.091398845702486
1581,BRT,0.442,880.0,2.091398845702486
2133,BRT,0.442,880.0,2.091398845702486
2185,BRT,0.442,880.0,2.091398845702486
2361,BRT,0.442,880.0,2.091398845702486
2594,BRT,0.442,880.0,2.091398845702486
27,BRT,0.441,888.0,2.086667174105874
722,BRT,0.441,888.0,2.086667174105874
888,BRT,0.44,890.0,2.081935502509262
1146,BRT,0.44,890.0,2.081935502509262
1347,BRT,0.44,890.0,2.081935502509262
1680,BRT,0.44,890.0,2.081935502509262
1847,BRT,0.44,890.0,2.081935502509262
2514,BRT,0.44,890.0,2.081935502509262
2531,BRT,0.44,890.0,2.081935502509262
2616,BRT,0.44,890.0,2.081935502509262
2662,BRT,0.44,890.0,2.081935502509262
101,BRT,0.439,899.0,2.07720383091265
721,BRT,0.439,899.0,2.07720383091265
1538,BRT,0.439,899.0,2.07720383091265
1554,BRT,0.439,899.0,2.07720383091265
169,BRT,0.438,903.0,2.072472159316038
437,BRT,0.438,903.0,2.072472159316038
1577,BRT,0.438,903.0,2.072472159316038
1798,BRT,0.438,903.0,2.072472159316038
2537,BRT,0.438,903.0,2.072472159316038
2562,BRT,0.438,903.0,2.072472159316038
76,BRT,0.437,909.0,2.0677404877194263
219,BRT,0.436,910.0,2.063008816122814
340,BRT,0.436,910.0,2.063008816122814
1388,BRT,0.436,910.0,2.063008816122814
202,BRT,0.435,913.0,2.058277144526202
988,BRT,0.435,913.0,2.058277144526202
1007,BRT,0.435,913.0,2.058277144526202
1782,BRT,0.435,913.0,2.058277144526202
236,BRT,0.434,917.0,2.0535454729295903
343,BRT,0.434,917.0,2.0535454729295903
780,BRT,0.434,917.0,2.0535454729295903
1699,BRT,0.434,917.0,2.0535454729295903
2014,BRT,0.434,917.0,2.0535454729295903
1955,BRT,0.433,922.0,2.048813801332978
2646,BRT,0.433,922.0,2.048813801332978
849,BRT,0.432,924.0,2.0440821297363665
1088,BRT,0.432,924.0,2.0440821297363665
1793,BRT,0.432,924.0,2.0440821297363665
893,BRT,0.431,927.0,2.0393504581397544
899,BRT,0.431,927.0,2.0393504581397544
1329,BRT,0.431,927.0,2.0393504581397544
1469,BRT,0.431,927.0,2.0393504581397544
1656,BRT,0.431,927.0,2.0393504581397544
1764,BRT,0.431,927.0,2.0393504581397544
1806,BRT,0.431,927.0,2.0393504581397544
2392,BRT,0.431,927.0,2.0393504581397544
2765,BRT,0.431,927.0,2.0393504581397544
17,BRT,0.43,936.0,2.034618786543142
250,BRT,0.43,936.0,2.034618786543142
481,BRT,0.43,936.0,2.034618786543142
967,BRT,0.43,936.0,2.034618786543142
1407,BRT,0.43,936.0,2.034618786543142
1780,BRT,0.43,936.0,2.034618786543142
2148,BRT,0.43,936.0,2.034618786543142
2390,BRT,0.43,936.0,2.034618786543142
2680,BRT,0.43,936.0,2.034618786543142
125,BRT,0.429,945.0,2.0298871149465305
349,BRT,0.429,945.0,2.0298871149465305
422,BRT,0.429,945.0,2.0298871149465305
2044,BRT,0.429,945.0,2.0298871149465305
2635,BRT,0.429,945.0,2.0298871149465305
146,BRT,0.428,950.0,2.0251554433499184
1627,BRT,0.428,950.0,2.0251554433499184
1969,BRT,0.428,950.0,2.0251554433499184
637,BRT,0.427,953.0,2.0204237717533067
822,BRT,0.427,953.0,2.0204237717533067
1190,BRT,0.427,953.0,2.0204237717533067
1416,BRT,0.427,953.0,2.0204237717533067
1877,BRT,0.427,953.0,2.0204237717533067
1924,BRT,0.427,953.0,2.0204237717533067
2234,BRT,0.427,953.0,2.0204237717533067
7,BRT,0.426,960.0,2.0156921001566945
469,BRT,0.426,960.0,2.0156921001566945
1035,BRT,0.426,960.0,2.0156921001566945
1304,BRT,0.426,960.0,2.0156921001566945
1514,BRT,0.426,960.0,2.0156921001566945
1729,BRT,0.426,960.0,2.0156921001566945
2524,BRT,0.426,960.0,2.0156921001566945
308,BRT,0.425,967.0,2.0109604285600824
431,BRT,0.425,967.0,2.0109604285600824
564,BRT,0.425,967.0,2.0109604285600824
1097,BRT,0.425,967.0,2.0109604285600824
23,BRT,0.424,971.0,2.0062287569634707
263,BRT,0.424,971.0,2.0062287569634707
625,BRT,0.424,971.0,2.0062287569634707
1378,BRT,0.424,971.0,2.0062287569634707
1783,BRT,0.424,971.0,2.0062287569634707
2013,BRT,0.424,971.0,2.0062287569634707
2292,BRT,0.424,971.0,2.0062287569634707
2722,BRT,0.424,971.0,2.0062287569634707
1962,BRT,0.423,979.0,2.0014970853668586
2601,BRT,0.423,979.0,2.0014970853668586
2778,BRT,0.423,979.0,2.0014970853668586
33,BRT,0.422,982.0,1.9967654137702466
237,BRT,0.422,982.0,1.9967654137702466
710,BRT,0.422,982.0,1.9967654137702466
2699,BRT,0.422,982.0,1.9967654137702466
189,BRT,0.421,986.0,1.9920337421736347
1073,BRT,0.421,986.0,1.9920337421736347
2251,BRT,0.421,986.0,1.9920337421736347
2593,BRT,0.421,986.0,1.9920337421736347
2634,BRT,0.421,986.0,1.9920337421736347
196,BRT,0.42,991.0,1.9873020705770228
741,BRT,0.42,991.0,1.9873020705770228
1385,BRT,0.42,991.0,1.9873020705770228
2025,BRT,0.42,991.0,1.9873020705770228
26,BRT,0.419,995.0,1.9825703989804109
560,BRT,0.419,995.0,1.9825703989804109
768,BRT,0.419,995.0,1.9825703989804109
1728,BRT,0.418,998.0,1.977838727383799
1861,BRT,0.418,998.0,1.977838727383799
2079,BRT,0.418,998.0,1.977838727383799
2512,BRT,0.418,998.0,1.977838727383799
2590,BRT,0.418,998.0,1.977838727383799
46,BRT,0.417,1003.0,1.9731070557871868
137,BRT,0.417,1003.0,1.9731070557871868
369,BRT,0.417,1003.0,1.9731070557871868
1363,BRT,0.417,1003.0,1.9731070557871868
1665,BRT,0.417,1003.0,1.9731070557871868
1715,BRT,0.417,1003.0,1.9731070557871868
91,BRT,0.416,1009.0,1.968375384190575
445,BRT,0.416,1009.0,1.968375384190575
534,BRT,0.416,1009.0,1.968375384190575
1109,BRT,0.416,1009.0,1.968375384190575
1155,BRT,0.416,1009.0,1.968375384190575
1199,BRT,0.416,1009.0,1.968375384190575
1359,BRT,0.416,1009.0,1.968375384190575
2380,BRT,0.416,1009.0,1.968375384190575
2719,BRT,0.416,1009.0,1.968375384190575
22,BRT,0.415,1018.0,1.963643712593963
865,BRT,0.415,1018.0,1.963643712593963
1933,BRT,0.415,1018.0,1.963643712593963
1445,BRT,0.414,1021.0,1.958912040997351
2485,BRT,0.414,1021.0,1.958912040997351
2736,BRT,0.414,1021.0,1.958912040997351
1566,BRT,0.413,1024.0,1.9541803694007391
2119,BRT,0.413,1024.0,1.9541803694007391
2367,BRT,0.413,1024.0,1.9541803694007391
2684,BRT,0.413,1024.0,1.9541803694007391
60,BRT,0.412,1028.0,1.949448697804127
176,BRT,0.412,1028.0,1.949448697804127
272,BRT,0.412,1028.0,1.949448697804127
312,BRT,0.412,1028.0,1.949448697804127
452,BRT,0.412,1028.0,1.949448697804127
862,BRT,0.412,1028.0,1.949448697804127
1334,BRT,0.412,1028.0,1.949448697804127
1789,BRT,0.412,1028.0,1.949448697804127
1974,BRT,0.412,1028.0,1.949448697804127
458,BRT,0.411,1037.0,1.944717026207515
1200,BRT,0.411,1037.0,1.944717026207515
1506,BRT,0.411,1037.0,1.944717026207515
1574,BRT,0.411,1037.0,1.944717026207515
1998,BRT,0.411,1037.0,1.944717026207515
2222,BRT,0.411,1037.0,1.944717026207515
2333,BRT,0.411,1037.0,1.944717026207515
2100,BRT,0.41,1044.0,1.9399853546109032
2632,BRT,0.41,1044.0,1.9399853546109032
41,BRT,0.409,1046.0,1.9352536830142912
62,BRT,0.409,1046.0,1.9352536830142912
172,BRT,0.409,1046.0,1.9352536830142912
174,BRT,0.409,1046.0,1.9352536830142912
208,BRT,0.409,1046.0,1.9352536830142912
1971,BRT,0.409,1046.0,1.9352536830142912
2055,BRT,0.409,1046.0,1.9352536830142912
2462,BRT,0.409,1046.0,1.9352536830142912
2629,BRT,0.409,1046.0,1.9352536830142912
2640,BRT,0.409,1046.0,1.9352536830142912
55,BRT,0.408,1056.0,1.9305220114176793
1205,BRT,0.408,1056.0,1.9305220114176793
1268,BRT,0.408,1056.0,1.9305220114176793
2049,BRT,0.408,1056.0,1.9305220114176793
2528,BRT,0.408,1056.0,1.9305220114176793
2678,BRT,0.408,1056.0,1.9305220114176793
924,BRT,0.407,1062.0,1.9257903398210672
1215,BRT,0.407,1062.0,1.9257903398210672
1582,BRT,0.407,1062.0,1.9257903398210672
2519,BRT,0.407,1062.0,1.9257903398210672
2526,BRT,0.407,1062.0,1.9257903398210672
582,BRT,0.406,1067.0,1.9210586682244555
633,BRT,0.406,1067.0,1.9210586682244555
1900,BRT,0.406,1067.0,1.9210586682244555
1923,BRT,0.406,1067.0,1.9210586682244555
853,BRT,0.405,1071.0,1.9163269966278436
1070,BRT,0.405,1071.0,1.9163269966278436
1610,BRT,0.405,1071.0,1.9163269966278436
2539,BRT,0.405,1071.0,1.9163269966278436
2102,BRT,0.404,1075.0,1.9115953250312316
2337,BRT,0.404,1075.0,1.9115953250312316
276,BRT,0.403,1077.0,1.9068636534346197
684,BRT,0.403,1077.0,1.9068636534346197
954,BRT,0.403,1077.0,1.9068636534346197
2151,BRT,0.403,1077.0,1.9068636534346197
2326,BRT,0.403,1077.0,1.9068636534346197
2690,BRT,0.403,1077.0,1.9068636534346197
1023,BRT,0.402,1083.0,1.9021319818380078
1330,BRT,0.402,1083.0,1.9021319818380078
1720,BRT,0.402,1083.0,1.9021319818380078
536,BRT,0.401,1086.0,1.8974003102413957
1068,BRT,0.401,1086.0,1.8974003102413957
1545,BRT,0.401,1086.0,1.8974003102413957
1888,BRT,0.401,1086.0,1.8974003102413957
2059,BRT,0.401,1086.0,1.8974003102413957
1214,BRT,0.4,1091.0,1.8926686386447837
1583,BRT,0.4,1091.0,1.8926686386447837
2489,BRT,0.4,1091.0,1.8926686386447837
2627,BRT,0.4,1091.0,1.8926686386447837
2670,BRT,0.4,1091.0,1.8926686386447837
115,BRT,0.399,1096.0,1.8879369670481718
246,BRT,0.399,1096.0,1.8879369670481718
659,BRT,0.399,1096.0,1.8879369670481718
1274,BRT,0.399,1096.0,1.8879369670481718
1569,BRT,0.399,1096.0,1.8879369670481718
2012,BRT,0.399,1096.0,1.8879369670481718
2243,BRT,0.399,1096.0,1.8879369670481718
2458,BRT,0.399,1096.0,1.8879369670481718
2530,BRT,0.399,1096.0,1.8879369670481718
565,BRT,0.398,1105.0,1.88320529545156
1563,BRT,0.398,1105.0,1.88320529545156
277,BRT,0.397,1107.0,1.878473623854948
364,BRT,0.397,1107.0,1.878473623854948
747,BRT,0.397,1107.0,1.878473623854948
2737,BRT,0.397,1107.0,1.878473623854948
1067,BRT,0.396,1111.0,1.8737419522583358
1153,BRT,0.396,1111.0,1.8737419522583358
2735,BRT,0.396,1111.0,1.8737419522583358
1147,BRT,0.395,1114.0,1.869010280661724
1342,BRT,0.395,1114.0,1.869010280661724
2457,BRT,0.395,1114.0,1.869010280661724
2481,BRT,0.395,1114.0,1.869010280661724
281,BRT,0.394,1118.0,1.864278609065112
547,BRT,0.394,1118.0,1.864278609065112
624,BRT,0.394,1118.0,1.864278609065112
800,BRT,0.394,1118.0,1.864278609065112
942,BRT,0.394,1118.0,1.864278609065112
1535,BRT,0.394,1118.0,1.864278609065112
2131,BRT,0.394,1118.0,1.864278609065112
45,BRT,0.393,1125.0,1.8595469374685
1094,BRT,0.393,1125.0,1.8595469374685
2278,BRT,0.393,1125.0,1.8595469374685
2293,BRT,0.393,1125.0,1.8595469374685
426,BRT,0.392,1129.0,1.8548152658718882
455,BRT,0.392,1129.0,1.8548152658718882
1151,BRT,0.392,1129.0,1.8548152658718882
1440,BRT,0.392,1129.0,1.8548152658718882
516,BRT,0.391,1133.0,1.850083594275276
835,BRT,0.391,1133.0,1.850083594275276
1579,BRT,0.391,1133.0,1.850083594275276
1648,BRT,0.391,1133.0,1.850083594275276
1706,BRT,0.391,1133.0,1.850083594275276
1937,BRT,0.391,1133.0,1.850083594275276
2756,BRT,0.391,1133.0,1.850083594275276
2757,BRT,0.391,1133.0,1.850083594275276
25,BRT,0.39,1141.0,1.845351922678664
398,BRT,0.39,1141.0,1.845351922678664
640,BRT,0.39,1141.0,1.845351922678664
698,BRT,0.39,1141.0,1.845351922678664
2216,BRT,0.39,1141.0,1.845351922678664
2405,BRT,0.39,1141.0,1.845351922678664
521,BRT,0.389,1147.0,1.8406202510820522
526,BRT,0.389,1147.0,1.8406202510820522
1430,BRT,0.389,1147.0,1.8406202510820522
1773,BRT,0.389,1147.0,1.8406202510820522
4,BRT,0.388,1151.0,1.8358885794854403
12,BRT,0.388,1151.0,1.8358885794854403
1747,BRT,0.388,1151.0,1.8358885794854403
2386,BRT,0.388,1151.0,1.8358885794854403
2582,BRT,0.388,1151.0,1.8358885794854403
319,BRT,0.387,1156.0,1.8311569078888283
388,BRT,0.387,1156.0,1.8311569078888283
891,BRT,0.387,1156.0,1.8311569078888283
1616,BRT,0.387,1156.0,1.8311569078888283
18,BRT,0.386,1160.0,1.8264252362922162
119,BRT,0.386,1160.0,1.8264252362922162
734,BRT,0.386,1160.0,1.8264252362922162
1413,BRT,0.386,1160.0,1.8264252362922162
1486,BRT,0.386,1160.0,1.8264252362922162
1807,BRT,0.386,1160.0,1.8264252362922162
1866,BRT,0.386,1160.0,1.8264252362922162
2639,BRT,0.386,1160.0,1.8264252362922162
19,BRT,0.385,1168.0,1.8216935646956043
160,BRT,0.385,1168.0,1.8216935646956043
745,BRT,0.385,1168.0,1.8216935646956043
824,BRT,0.385,1168.0,1.8216935646956043
1447,BRT,0.385,1168.0,1.8216935646956043
1849,BRT,0.385,1168.0,1.8216935646956043
2233,BRT,0.385,1168.0,1.8216935646956043
2698,BRT,0.385,1168.0,1.8216935646956043
505,BRT,0.384,1176.0,1.8169618930989924
549,BRT,0.384,1176.0,1.8169618930989924
568,BRT,0.384,1176.0,1.8169618930989924
832,BRT,0.384,1176.0,1.8169618930989924
1491,BRT,0.384,1176.0,1.8169618930989924
1855,BRT,0.384,1176.0,1.8169618930989924
2187,BRT,0.384,1176.0,1.8169618930989924
2391,BRT,0.384,1176.0,1.8169618930989924
575,BRT,0.383,1184.0,1.8122302215023804
1004,BRT,0.383,1184.0,1.8122302215023804
1621,BRT,0.383,1184.0,1.8122302215023804
1973,BRT,0.383,1184.0,1.8122302215023804
394,BRT,0.382,1188.0,1.8074985499057685
416,BRT,0.382,1188.0,1.8074985499057685
184,BRT,0.381,1190.0,1.8027668783091564
834,BRT,0.381,1190.0,1.8027668783091564
1531,BRT,0.381,1190.0,1.8027668783091564
2006,BRT,0.381,1190.0,1.8027668783091564
2471,BRT,0.381,1190.0,1.8027668783091564
2614,BRT,0.381,1190.0,1.8027668783091564
2769,BRT,0.381,1190.0,1.8027668783091564
2150,BRT,0.38,1197.0,1.7980352067125445
2321,BRT,0.38,1197.0,1.7980352067125445
795,BRT,0.379,1199.0,1.7933035351159325
805,BRT,0.379,1199.0,1.7933035351159325
897,BRT,0.379,1199.0,1.7933035351159325
1719,BRT,0.379,1199.0,1.7933035351159325
1895,BRT,0.379,1199.0,1.7933035351159325
2246,BRT,0.379,1199.0,1.7933035351159325
2388,BRT,0.379,1199.0,1.7933035351159325
2431,BRT,0.379,1199.0,1.7933035351159325
661,BRT,0.378,1207.0,1.7885718635193206
1089,BRT,0.378,1207.0,1.7885718635193206
1341,BRT,0.378,1207.0,1.7885718635193206
1767,BRT,0.378,1207.0,1.7885718635193206
1852,BRT,0.378,1207.0,1.7885718635193206
2206,BRT,0.378,1207.0,1.7885718635193206
2247,BRT,0.378,1207.0,1.7885718635193206
2298,BRT,0.378,1207.0,1.7885718635193206
2773,BRT,0.378,1207.0,1.7885718635193206
201,BRT,0.377,1216.0,1.7838401919227087
223,BRT,0.377,1216.0,1.7838401919227087
376,BRT,0.377,1216.0,1.7838401919227087
468,BRT,0.377,1216.0,1.7838401919227087
714,BRT,0.377,1216.0,1.7838401919227087
1441,BRT,0.377,1216.0,1.7838401919227087
1635,BRT,0.377,1216.0,1.7838401919227087
2676,BRT,0.377,1216.0,1.7838401919227087
671,BRT,0.376,1224.0,1.7791085203260966
1315,BRT,0.376,1224.0,1.7791085203260966
1843,BRT,0.376,1224.0,1.7791085203260966
2201,BRT,0.376,1224.0,1.7791085203260966
2355,BRT,0.376,1224.0,1.7791085203260966
2484,BRT,0.375,1229.0,1.7743768487294846
622,BRT,0.374,1230.0,1.7696451771328727
902,BRT,0.374,1230.0,1.7696451771328727
2341,BRT,0.374,1230.0,1.7696451771328727
145,BRT,0.373,1233.0,1.7649135055362608
792,BRT,0.373,1233.0,1.7649135055362608
920,BRT,0.373,1233.0,1.7649135055362608
2210,BRT,0.373,1233.0,1.7649135055362608
2279,BRT,0.373,1233.0,1.7649135055362608
344,BRT,0.372,1238.0,1.7601818339396489
630,BRT,0.372,1238.0,1.7601818339396489
1079,BRT,0.372,1238.0,1.7601818339396489
1985,BRT,0.372,1238.0,1.7601818339396489
2214,BRT,0.372,1238.0,1.7601818339396489
2237,BRT,0.372,1238.0,1.7601818339396489
2282,BRT,0.372,1238.0,1.7601818339396489
766,BRT,0.371,1245.0,1.7554501623430367
1380,BRT,0.371,1245.0,1.7554501623430367
1562,BRT,0.371,1245.0,1.7554501623430367
1990,BRT,0.371,1245.0,1.7554501623430367
2613,BRT,0.371,1245.0,1.7554501623430367
2697,BRT,0.371,1245.0,1.7554501623430367
58,BRT,0.37,1251.0,1.7507184907464248
810,BRT,0.37,1251.0,1.7507184907464248
935,BRT,0.37,1251.0,1.7507184907464248
1124,BRT,0.37,1251.0,1.7507184907464248
1239,BRT,0.37,1251.0,1.7507184907464248
2021,BRT,0.37,1251.0,1.7507184907464248
435,BRT,0.369,1257.0,1.745986819149813
459,BRT,0.369,1257.0,1.745986819149813
553,BRT,0.369,1257.0,1.745986819149813
846,BRT,0.369,1257.0,1.745986819149813
1246,BRT,0.369,1257.0,1.745986819149813
1977,BRT,0.369,1257.0,1.745986819149813
2714,BRT,0.369,1257.0,1.745986819149813
124,BRT,0.368,1264.0,1.741255147553201
413,BRT,0.368,1264.0,1.741255147553201
1292,BRT,0.368,1264.0,1.741255147553201
1391,BRT,0.368,1264.0,1.741255147553201
1596,BRT,0.368,1264.0,1.741255147553201
1643,BRT,0.368,1264.0,1.741255147553201
2075,BRT,0.368,1264.0,1.741255147553201
441,BRT,0.367,1271.0,1.736523475956589
816,BRT,0.367,1271.0,1.736523475956589
1775,BRT,0.367,1271.0,1.736523475956589
2291,BRT,0.367,1271.0,1.736523475956589
2755,BRT,0.367,1271.0,1.736523475956589
362,BRT,0.366,1276.0,1.731791804359977
1144,BRT,0.366,1276.0,1.731791804359977
1257,BRT,0.366,1276.0,1.731791804359977
1328,BRT,0.366,1276.0,1.731791804359977
1629,BRT,0.366,1276.0,1.731791804359977
2048,BRT,0.366,1276.0,1.731791804359977
205,BRT,0.365,1282.0,1.727060132763365
1721,BRT,0.365,1282.0,1.727060132763365
2775,BRT,0.365,1282.0,1.727060132763365
555,BRT,0.364,1285.0,1.722328461166753
1032,BRT,0.364,1285.0,1.722328461166753
142,BRT,0.363,1287.0,1.7175967895701412
143,BRT,0.363,1287.0,1.7175967895701412
767,BRT,0.363,1287.0,1.7175967895701412
1280,BRT,0.363,1287.0,1.7175967895701412
1733,BRT,0.363,1287.0,1.7175967895701412
1951,BRT,0.363,1287.0,1.7175967895701412
2205,BRT,0.363,1287.0,1.7175967895701412
2223,BRT,0.363,1287.0,1.7175967895701412
1128,BRT,0.362,1295.0,1.7128651179735292
1949,BRT,0.362,1295.0,1.7128651179735292
95,BRT,0.361,1297.0,1.708133446376917
2709,BRT,0.361,1297.0,1.708133446376917
2360,BRT,0.36,1299.0,1.7034017747803052
2448,BRT,0.36,1299.0,1.7034017747803052
112,BRT,0.359,1301.0,1.6986701031836933
433,BRT,0.359,1301.0,1.6986701031836933
759,BRT,0.359,1301.0,1.6986701031836933
1059,BRT,0.359,1301.0,1.6986701031836933
1444,BRT,0.359,1301.0,1.6986701031836933
1854,BRT,0.359,1301.0,1.6986701031836933
725,BRT,0.358,1307.0,1.6939384315870814
1753,BRT,0.358,1307.0,1.6939384315870814
370,BRT,0.357,1309.0,1.6892067599904694
908,BRT,0.357,1309.0,1.6892067599904694
1098,BRT,0.357,1309.0,1.6892067599904694
1591,BRT,0.357,1309.0,1.6892067599904694
2162,BRT,0.357,1309.0,1.6892067599904694
2314,BRT,0.357,1309.0,1.6892067599904694
2330,BRT,0.357,1309.0,1.6892067599904694
773,BRT,0.356,1316.0,1.6844750883938573
1483,BRT,0.356,1316.0,1.6844750883938573
1845,BRT,0.356,1316.0,1.6844750883938573
1920,BRT,0.356,1316.0,1.6844750883938573
2365,BRT,0.356,1316.0,1.6844750883938573
2412,BRT,0.356,1316.0,1.6844750883938573
77,BRT,0.355,1322.0,1.6797434167972454
1261,BRT,0.355,1322.0,1.6797434167972454
1409,BRT,0.355,1322.0,1.6797434167972454
1442,BRT,0.355,1322.0,1.6797434167972454
1956,BRT,0.355,1322.0,1.6797434167972454
2082,BRT,0.355,1322.0,1.6797434167972454
2416,BRT,0.355,1322.0,1.6797434167972454
135,BRT,0.354,1329.0,1.6750117452006335
574,BRT,0.354,1329.0,1.6750117452006335
1297,BRT,0.354,1329.0,1.6750117452006335
1659,BRT,0.354,1329.0,1.6750117452006335
1673,BRT,0.354,1329.0,1.6750117452006335
1792,BRT,0.354,1329.0,1.6750117452006335
1946,BRT,0.354,1329.0,1.6750117452006335
1996,BRT,0.354,1329.0,1.6750117452006335
2358,BRT,0.354,1329.0,1.6750117452006335
596,BRT,0.353,1338.0,1.6702800736040215
962,BRT,0.353,1338.0,1.6702800736040215
1599,BRT,0.353,1338.0,1.6702800736040215
1957,BRT,0.353,1338.0,1.6702800736040215
47,BRT,0.352,1342.0,1.6655484020074096
65,BRT,0.352,1342.0,1.6655484020074096
357,BRT,0.352,1342.0,1.6655484020074096
718,BRT,0.352,1342.0,1.6655484020074096
1323,BRT,0.352,1342.0,1.6655484020074096
2069,BRT,0.352,1342.0,1.6655484020074096
2473,BRT,0.352,1342.0,1.6655484020074096
2750,BRT,0.352,1342.0,1.6655484020074096
525,BRT,0.351,1350.0,1.6608167304107975
2766,BRT,0.351,1350.0,1.6608167304107975
615,BRT,0.35,1352.0,1.6560850588141856
809,BRT,0.35,1352.0,1.6560850588141856
2439,BRT,0.35,1352.0,1.6560850588141856
2553,BRT,0.35,1352.0,1.6560850588141856
37,BRT,0.349,1356.0,1.6513533872175736
1695,BRT,0.349,1356.0,1.6513533872175736
153,BRT,0.348,1358.0,1.6466217156209617
492,BRT,0.348,1358.0,1.6466217156209617
858,BRT,0.348,1358.0,1.6466217156209617
1076,BRT,0.348,1358.0,1.6466217156209617
1176,BRT,0.348,1358.0,1.6466217156209617
1384,BRT,0.348,1358.0,1.6466217156209617
1744,BRT,0.348,1358.0,1.6466217156209617
1768,BRT,0.348,1358.0,1.6466217156209617
1333,BRT,0.347,1366.0,1.6418900440243498
1548,BRT,0.347,1366.0,1.6418900440243498
2028,BRT,0.347,1366.0,1.6418900440243498
2556,BRT,0.347,1366.0,1.6418900440243498
750,BRT,0.346,1370.0,1.6371583724277377
945,BRT,0.346,1370.0,1.6371583724277377
2649,BRT,0.346,1370.0,1.6371583724277377
235,BRT,0.345,1373.0,1.6324267008311257
872,BRT,0.345,1373.0,1.6324267008311257
1367,BRT,0.345,1373.0,1.6324267008311257
1759,BRT,0.345,1373.0,1.6324267008311257
2695,BRT,0.345,1373.0,1.6324267008311257
157,BRT,0.344,1378.0,1.6276950292345138
1570,BRT,0.344,1378.0,1.6276950292345138
1912,BRT,0.344,1378.0,1.6276950292345138
1,BRT,0.343,1381.0,1.6229633576379021
372,BRT,0.343,1381.0,1.6229633576379021
2568,BRT,0.343,1381.0,1.6229633576379021
443,BRT,0.342,1384.0,1.6182316860412902
618,BRT,0.342,1384.0,1.6182316860412902
966,BRT,0.342,1384.0,1.6182316860412902
1275,BRT,0.342,1384.0,1.6182316860412902
1352,BRT,0.342,1384.0,1.6182316860412902
1613,BRT,0.342,1384.0,1.6182316860412902
1657,BRT,0.342,1384.0,1.6182316860412902
2194,BRT,0.342,1384.0,1.6182316860412902
2504,BRT,0.342,1384.0,1.6182316860412902
956,BRT,0.341,1393.0,1.6135000144446783
990,BRT,0.341,1393.0,1.6135000144446783
1056,BRT,0.341,1393.0,1.6135000144446783
1231,BRT,0.341,1393.0,1.6135000144446783
1550,BRT,0.341,1393.0,1.6135000144446783
1838,BRT,0.341,1393.0,1.6135000144446783
1964,BRT,0.341,1393.0,1.6135000144446783
2258,BRT,0.341,1393.0,1.6135000144446783
2311,BRT,0.341,1393.0,1.6135000144446783
2533,BRT,0.341,1393.0,1.6135000144446783
56,BRT,0.34,1403.0,1.6087683428480661
1938,BRT,0.34,1403.0,1.6087683428480661
2615,BRT,0.34,1403.0,1.6087683428480661
1546,BRT,0.339,1406.0,1.6040366712514542
712,BRT,0.338,1407.0,1.5993049996548423
839,BRT,0.338,1407.0,1.5993049996548423
1043,BRT,0.338,1407.0,1.5993049996548423
1148,BRT,0.338,1407.0,1.5993049996548423
1800,BRT,0.338,1407.0,1.5993049996548423
2621,BRT,0.338,1407.0,1.5993049996548423
1389,BRT,0.337,1413.0,1.5945733280582304
1593,BRT,0.337,1413.0,1.5945733280582304
1630,BRT,0.337,1413.0,1.5945733280582304
1959,BRT,0.337,1413.0,1.5945733280582304
2195,BRT,0.337,1413.0,1.5945733280582304
2408,BRT,0.337,1413.0,1.5945733280582304
2410,BRT,0.337,1413.0,1.5945733280582304
2523,BRT,0.337,1413.0,1.5945733280582304
78,BRT,0.336,1421.0,1.5898416564616185
895,BRT,0.336,1421.0,1.5898416564616185
1455,BRT,0.336,1421.0,1.5898416564616185
1466,BRT,0.336,1421.0,1.5898416564616185
1864,BRT,0.336,1421.0,1.5898416564616185
2740,BRT,0.336,1421.0,1.5898416564616185
304,BRT,0.335,1427.0,1.5851099848650063
670,BRT,0.335,1427.0,1.5851099848650063
950,BRT,0.335,1427.0,1.5851099848650063
1014,BRT,0.335,1427.0,1.5851099848650063
690,BRT,0.334,1431.0,1.5803783132683944
1219,BRT,0.334,1431.0,1.5803783132683944
2074,BRT,0.334,1431.0,1.5803783132683944
2277,BRT,0.334,1431.0,1.5803783132683944
2301,BRT,0.334,1431.0,1.5803783132683944
8,BRT,0.333,1436.0,1.5756466416717825
578,BRT,0.333,1436.0,1.5756466416717825
918,BRT,0.333,1436.0,1.5756466416717825
1193,BRT,0.333,1436.0,1.5756466416717825
1860,BRT,0.333,1436.0,1.5756466416717825
2018,BRT,0.333,1436.0,1.5756466416717825
857,BRT,0.332,1442.0,1.5709149700751706
952,BRT,0.332,1442.0,1.5709149700751706
1137,BRT,0.332,1442.0,1.5709149700751706
1301,BRT,0.332,1442.0,1.5709149700751706
1308,BRT,0.332,1442.0,1.5709149700751706
2467,BRT,0.332,1442.0,1.5709149700751706
545,BRT,0.331,1448.0,1.5661832984785586
1074,BRT,0.331,1448.0,1.5661832984785586
1266,BRT,0.331,1448.0,1.5661832984785586
1704,BRT,0.331,1448.0,1.5661832984785586
2228,BRT,0.331,1448.0,1.5661832984785586
2327,BRT,0.331,1448.0,1.5661832984785586
2611,BRT,0.331,1448.0,1.5661832984785586
2748,BRT,0.331,1448.0,1.5661832984785586
330,BRT,0.33,1456.0,1.5614516268819465
341,BRT,0.33,1456.0,1.5614516268819465
401,BRT,0.33,1456.0,1.5614516268819465
647,BRT,0.33,1456.0,1.5614516268819465
728,BRT,0.33,1456.0,1.5614516268819465
778,BRT,0.33,1456.0,1.5614516268819465
855,BRT,0.33,1456.0,1.5614516268819465
1805,BRT,0.33,1456.0,1.5614516268819465
2039,BRT,0.33,1456.0,1.5614516268819465
2435,BRT,0.33,1456.0,1.5614516268819465
2688,BRT,0.33,1456.0,1.5614516268819465
66,BRT,0.329,1467.0,1.5567199552853346
513,BRT,0.329,1467.0,1.5567199552853346
594,BRT,0.329,1467.0,1.5567199552853346
819,BRT,0.329,1467.0,1.5567199552853346
867,BRT,0.329,1467.0,1.5567199552853346
890,BRT,0.329,1467.0,1.5567199552853346
1907,BRT,0.329,1467.0,1.5567199552853346
1992,BRT,0.329,1467.0,1.5567199552853346
2115,BRT,0.329,1467.0,1.5567199552853346
298,BRT,0.328,1476.0,1.5519882836887227
744,BRT,0.328,1476.0,1.5519882836887227
986,BRT,0.328,1476.0,1.5519882836887227
1460,BRT,0.328,1476.0,1.5519882836887227
2087,BRT,0.328,1476.0,1.5519882836887227
2643,BRT,0.328,1476.0,1.5519882836887227
396,BRT,0.327,1482.0,1.5472566120921107
1405,BRT,0.327,1482.0,1.5472566120921107
1891,BRT,0.327,1482.0,1.5472566120921107
2116,BRT,0.327,1482.0,1.5472566120921107
2262,BRT,0.327,1482.0,1.5472566120921107
217,BRT,0.326,1487.0,1.5425249404954988
2007,BRT,0.326,1487.0,1.5425249404954988
2316,BRT,0.326,1487.0,1.5425249404954988
2597,BRT,0.326,1487.0,1.5425249404954988
2763,BRT,0.326,1487.0,1.5425249404954988
2764,BRT,0.326,1487.0,1.5425249404954988
1253,BRT,0.325,1493.0,1.5377932688988867
1402,BRT,0.325,1493.0,1.5377932688988867
1618,BRT,0.325,1493.0,1.5377932688988867
283,BRT,0.324,1496.0,1.5330615973022748
653,BRT,0.324,1496.0,1.5330615973022748
730,BRT,0.324,1496.0,1.5330615973022748
1039,BRT,0.324,1496.0,1.5330615973022748
1163,BRT,0.324,1496.0,1.5330615973022748
1224,BRT,0.324,1496.0,1.5330615973022748
2156,BRT,0.324,1496.0,1.5330615973022748
206,BRT,0.323,1503.0,1.5283299257056628
305,BRT,0.323,1503.0,1.5283299257056628
397,BRT,0.323,1503.0,1.5283299257056628
490,BRT,0.323,1503.0,1.5283299257056628
786,BRT,0.323,1503.0,1.5283299257056628
1766,BRT,0.323,1503.0,1.5283299257056628
2767,BRT,0.323,1503.0,1.5283299257056628
256,BRT,0.322,1510.0,1.523598254109051
1160,BRT,0.322,1510.0,1.523598254109051
1921,BRT,0.322,1510.0,1.523598254109051
2141,BRT,0.322,1510.0,1.523598254109051
179,BRT,0.321,1514.0,1.518866582512439
495,BRT,0.321,1514.0,1.518866582512439
1202,BRT,0.321,1514.0,1.518866582512439
1383,BRT,0.321,1514.0,1.518866582512439
1894,BRT,0.321,1514.0,1.518866582512439
2136,BRT,0.321,1514.0,1.518866582512439
2494,BRT,0.321,1514.0,1.518866582512439
629,BRT,0.32,1521.0,1.514134910915827
660,BRT,0.32,1521.0,1.514134910915827
1660,BRT,0.32,1521.0,1.514134910915827
1970,BRT,0.32,1521.0,1.514134910915827
2397,BRT,0.32,1521.0,1.514134910915827
258,BRT,0.319,1526.0,1.509403239319215
665,BRT,0.319,1526.0,1.509403239319215
782,BRT,0.319,1526.0,1.509403239319215
1051,BRT,0.319,1526.0,1.509403239319215
1454,BRT,0.319,1526.0,1.509403239319215
1645,BRT,0.319,1526.0,1.509403239319215
1707,BRT,0.319,1526.0,1.509403239319215
1897,BRT,0.319,1526.0,1.509403239319215
2144,BRT,0.319,1526.0,1.509403239319215
2532,BRT,0.319,1526.0,1.509403239319215
2070,BRT,0.318,1536.0,1.504671567722603
185,BRT,0.317,1537.0,1.499939896125991
255,BRT,0.317,1537.0,1.499939896125991
503,BRT,0.317,1537.0,1.499939896125991
869,BRT,0.317,1537.0,1.499939896125991
1170,BRT,0.317,1537.0,1.499939896125991
1571,BRT,0.317,1537.0,1.499939896125991
1876,BRT,0.317,1537.0,1.499939896125991
1925,BRT,0.317,1537.0,1.499939896125991
2060,BRT,0.317,1537.0,1.499939896125991
2083,BRT,0.317,1537.0,1.499939896125991
2168,BRT,0.317,1537.0,1.499939896125991
2527,BRT,0.317,1537.0,1.499939896125991
178,BRT,0.316,1549.0,1.4952082245293792
502,BRT,0.316,1549.0,1.4952082245293792
691,BRT,0.316,1549.0,1.4952082245293792
738,BRT,0.316,1549.0,1.4952082245293792
1138,BRT,0.316,1549.0,1.4952082245293792
2346,BRT,0.316,1549.0,1.4952082245293792
2575,BRT,0.316,1549.0,1.4952082245293792
2628,BRT,0.316,1549.0,1.4952082245293792
57,BRT,0.315,1557.0,1.4904765529327673
1181,BRT,0.315,1557.0,1.4904765529327673
1521,BRT,0.315,1557.0,1.4904765529327673
105,BRT,0.314,1560.0,1.4857448813361551
532,BRT,0.314,1560.0,1.4857448813361551
762,BRT,0.314,1560.0,1.4857448813361551
1117,BRT,0.314,1560.0,1.4857448813361551
1150,BRT,0.314,1560.0,1.4857448813361551
1968,BRT,0.314,1560.0,1.4857448813361551
2306,BRT,0.314,1560.0,1.4857448813361551
460,BRT,0.313,1567.0,1.4810132097395432
512,BRT,0.313,1567.0,1.4810132097395432
915,BRT,0.313,1567.0,1.4810132097395432
1425,BRT,0.313,1567.0,1.4810132097395432
1743,BRT,0.313,1567.0,1.4810132097395432
756,BRT,0.312,1572.0,1.4762815381429313
1188,BRT,0.312,1572.0,1.4762815381429313
1201,BRT,0.312,1572.0,1.4762815381429313
1685,BRT,0.312,1572.0,1.4762815381429313
563,BRT,0.311,1576.0,1.4715498665463194
757,BRT,0.311,1576.0,1.4715498665463194
1217,BRT,0.311,1576.0,1.4715498665463194
6,BRT,0.31,1579.0,1.4668181949497074
609,BRT,0.31,1579.0,1.4668181949497074
717,BRT,0.31,1579.0,1.4668181949497074
1722,BRT,0.31,1579.0,1.4668181949497074
1738,BRT,0.31,1579.0,1.4668181949497074
2068,BRT,0.31,1579.0,1.4668181949497074
777,BRT,0.309,1585.0,1.4620865233530953
1375,BRT,0.309,1585.0,1.4620865233530953
2184,BRT,0.309,1585.0,1.4620865233530953
2691,BRT,0.309,1585.0,1.4620865233530953
658,BRT,0.308,1589.0,1.4573548517564834
1576,BRT,0.308,1589.0,1.4573548517564834
2400,BRT,0.308,1589.0,1.4573548517564834
40,BRT,0.307,1592.0,1.4526231801598715
42,BRT,0.307,1592.0,1.4526231801598715
251,BRT,0.307,1592.0,1.4526231801598715
514,BRT,0.307,1592.0,1.4526231801598715
1740,BRT,0.307,1592.0,1.4526231801598715
1794,BRT,0.307,1592.0,1.4526231801598715
2425,BRT,0.307,1592.0,1.4526231801598715
2474,BRT,0.307,1592.0,1.4526231801598715
114,BRT,0.306,1600.0,1.4478915085632595
1317,BRT,0.306,1600.0,1.4478915085632595
1787,BRT,0.306,1600.0,1.4478915085632595
2366,BRT,0.306,1600.0,1.4478915085632595
2483,BRT,0.306,1600.0,1.4478915085632595
155,BRT,0.305,1605.0,1.4431598369666476
245,BRT,0.305,1605.0,1.4431598369666476
267,BRT,0.305,1605.0,1.4431598369666476
702,BRT,0.305,1605.0,1.4431598369666476
811,BRT,0.305,1605.0,1.4431598369666476
1761,BRT,0.305,1605.0,1.4431598369666476
1862,BRT,0.305,1605.0,1.4431598369666476
1944,BRT,0.305,1605.0,1.4431598369666476
234,BRT,0.304,1613.0,1.4384281653700355
1326,BRT,0.304,1613.0,1.4384281653700355
1950,BRT,0.304,1613.0,1.4384281653700355
2043,BRT,0.304,1613.0,1.4384281653700355
2098,BRT,0.304,1613.0,1.4384281653700355
2118,BRT,0.304,1613.0,1.4384281653700355
489,BRT,0.303,1619.0,1.4336964937734236
685,BRT,0.303,1619.0,1.4336964937734236
2027,BRT,0.303,1619.0,1.4336964937734236
2058,BRT,0.303,1619.0,1.4336964937734236
2496,BRT,0.303,1619.0,1.4336964937734236
366,BRT,0.302,1624.0,1.4289648221768116
541,BRT,0.302,1624.0,1.4289648221768116
675,BRT,0.302,1624.0,1.4289648221768116
1047,BRT,0.302,1624.0,1.4289648221768116
1101,BRT,0.302,1624.0,1.4289648221768116
1283,BRT,0.302,1624.0,1.4289648221768116
1666,BRT,0.302,1624.0,1.4289648221768116
1698,BRT,0.302,1624.0,1.4289648221768116
1763,BRT,0.302,1624.0,1.4289648221768116
31,BRT,0.301,1633.0,1.4242331505801997
228,BRT,0.301,1633.0,1.4242331505801997
353,BRT,0.301,1633.0,1.4242331505801997
616,BRT,0.301,1633.0,1.4242331505801997
892,BRT,0.301,1633.0,1.4242331505801997
1208,BRT,0.301,1633.0,1.4242331505801997
1712,BRT,0.301,1633.0,1.4242331505801997
2650,BRT,0.301,1633.0,1.4242331505801997
451,BRT,0.3,1641.0,1.4195014789835878
1053,BRT,0.3,1641.0,1.4195014789835878
1467,BRT,0.3,1641.0,1.4195014789835878
1631,BRT,0.3,1641.0,1.4195014789835878
1803,BRT,0.3,1641.0,1.4195014789835878
1898,BRT,0.3,1641.0,1.4195014789835878
2451,BRT,0.3,1641.0,1.4195014789835878
798,BRT,0.299,1648.0,1.4147698073869757
1174,BRT,0.299,1648.0,1.4147698073869757
1339,BRT,0.299,1648.0,1.4147698073869757
1477,BRT,0.299,1648.0,1.4147698073869757
1752,BRT,0.299,1648.0,1.4147698073869757
2120,BRT,0.299,1648.0,1.4147698073869757
2374,BRT,0.299,1648.0,1.4147698073869757
2588,BRT,0.299,1648.0,1.4147698073869757
2696,BRT,0.299,1648.0,1.4147698073869757
617,BRT,0.298,1657.0,1.4100381357903637
666,BRT,0.298,1657.0,1.4100381357903637
1533,BRT,0.298,1657.0,1.4100381357903637
1541,BRT,0.298,1657.0,1.4100381357903637
1982,BRT,0.298,1657.0,1.4100381357903637
2147,BRT,0.298,1657.0,1.4100381357903637
338,BRT,0.297,1663.0,1.4053064641937518
752,BRT,0.297,1663.0,1.4053064641937518
873,BRT,0.297,1663.0,1.4053064641937518
1306,BRT,0.297,1663.0,1.4053064641937518
1372,BRT,0.297,1663.0,1.4053064641937518
1456,BRT,0.297,1663.0,1.4053064641937518
2286,BRT,0.297,1663.0,1.4053064641937518
2617,BRT,0.297,1663.0,1.4053064641937518
646,BRT,0.296,1671.0,1.40057479259714
946,BRT,0.296,1671.0,1.40057479259714
1364,BRT,0.296,1671.0,1.40057479259714
1392,BRT,0.296,1671.0,1.40057479259714
2248,BRT,0.296,1671.0,1.40057479259714
111,BRT,0.295,1676.0,1.395843121000528
509,BRT,0.295,1676.0,1.395843121000528
533,BRT,0.295,1676.0,1.395843121000528
785,BRT,0.295,1676.0,1.395843121000528
896,BRT,0.295,1676.0,1.395843121000528
1418,BRT,0.295,1676.0,1.395843121000528
1421,BRT,0.295,1676.0,1.395843121000528
1519,BRT,0.295,1676.0,1.395843121000528
1934,BRT,0.295,1676.0,1.395843121000528
2000,BRT,0.295,1676.0,1.395843121000528
2580,BRT,0.294,1686.0,1.3911114494039158
493,BRT,0.293,1687.0,1.386379777807304
621,BRT,0.293,1687.0,1.386379777807304
830,BRT,0.293,1687.0,1.386379777807304
1013,BRT,0.293,1687.0,1.386379777807304
2700,BRT,0.293,1687.0,1.386379777807304
689,BRT,0.292,1692.0,1.381648106210692
866,BRT,0.292,1692.0,1.381648106210692
1730,BRT,0.292,1692.0,1.381648106210692
2602,BRT,0.292,1692.0,1.381648106210692
393,BRT,0.291,1696.0,1.37691643461408
456,BRT,0.291,1696.0,1.37691643461408
1085,BRT,0.291,1696.0,1.37691643461408
2097,BRT,0.291,1696.0,1.37691643461408
2240,BRT,0.291,1696.0,1.37691643461408
2376,BRT,0.291,1696.0,1.37691643461408
209,BRT,0.29,1702.0,1.3721847630174682
531,BRT,0.29,1702.0,1.3721847630174682
540,BRT,0.29,1702.0,1.3721847630174682
612,BRT,0.29,1702.0,1.3721847630174682
709,BRT,0.29,1702.0,1.3721847630174682
1560,BRT,0.29,1702.0,1.3721847630174682
1784,BRT,0.29,1702.0,1.3721847630174682
2008,BRT,0.29,1702.0,1.3721847630174682
2591,BRT,0.29,1702.0,1.3721847630174682
716,BRT,0.289,1711.0,1.367453091420856
1143,BRT,0.289,1711.0,1.367453091420856
1179,BRT,0.289,1711.0,1.367453091420856
1395,BRT,0.289,1711.0,1.367453091420856
2406,BRT,0.289,1711.0,1.367453091420856
501,BRT,0.288,1716.0,1.362721419824244
607,BRT,0.288,1716.0,1.362721419824244
706,BRT,0.288,1716.0,1.362721419824244
833,BRT,0.288,1716.0,1.362721419824244
1211,BRT,0.288,1716.0,1.362721419824244
1313,BRT,0.288,1716.0,1.362721419824244
2173,BRT,0.288,1716.0,1.362721419824244
2296,BRT,0.288,1716.0,1.362721419824244
2348,BRT,0.288,1716.0,1.362721419824244
2381,BRT,0.288,1716.0,1.362721419824244
89,BRT,0.287,1726.0,1.3579897482276322
150,BRT,0.287,1726.0,1.3579897482276322
165,BRT,0.287,1726.0,1.3579897482276322
683,BRT,0.287,1726.0,1.3579897482276322
781,BRT,0.287,1726.0,1.3579897482276322
1178,BRT,0.287,1726.0,1.3579897482276322
1251,BRT,0.287,1726.0,1.3579897482276322
2370,BRT,0.287,1726.0,1.3579897482276322
161,BRT,0.286,1734.0,1.3532580766310203
417,BRT,0.286,1734.0,1.3532580766310203
590,BRT,0.286,1734.0,1.3532580766310203
597,BRT,0.286,1734.0,1.3532580766310203
1087,BRT,0.286,1734.0,1.3532580766310203
1157,BRT,0.286,1734.0,1.3532580766310203
1309,BRT,0.286,1734.0,1.3532580766310203
1528,BRT,0.286,1734.0,1.3532580766310203
1658,BRT,0.286,1734.0,1.3532580766310203
2702,BRT,0.286,1734.0,1.3532580766310203
1204,BRT,0.285,1744.0,1.3485264050344083
1664,BRT,0.285,1744.0,1.3485264050344083
2364,BRT,0.285,1744.0,1.3485264050344083
2375,BRT,0.285,1744.0,1.3485264050344083
175,BRT,0.284,1748.0,1.3437947334377962
213,BRT,0.284,1748.0,1.3437947334377962
381,BRT,0.284,1748.0,1.3437947334377962
871,BRT,0.284,1748.0,1.3437947334377962
906,BRT,0.284,1748.0,1.3437947334377962
1316,BRT,0.284,1748.0,1.3437947334377962
1788,BRT,0.284,1748.0,1.3437947334377962
167,BRT,0.283,1755.0,1.3390630618411843
247,BRT,0.283,1755.0,1.3390630618411843
412,BRT,0.283,1755.0,1.3390630618411843
473,BRT,0.283,1755.0,1.3390630618411843
994,BRT,0.283,1755.0,1.3390630618411843
1145,BRT,0.283,1755.0,1.3390630618411843
1237,BRT,0.283,1755.0,1.3390630618411843
1458,BRT,0.283,1755.0,1.3390630618411843
1881,BRT,0.283,1755.0,1.3390630618411843
2395,BRT,0.283,1755.0,1.3390630618411843
128,BRT,0.282,1765.0,1.3343313902445724
311,BRT,0.282,1765.0,1.3343313902445724
494,BRT,0.282,1765.0,1.3343313902445724
500,BRT,0.282,1765.0,1.3343313902445724
573,BRT,0.282,1765.0,1.3343313902445724
1229,BRT,0.282,1765.0,1.3343313902445724
1542,BRT,0.282,1765.0,1.3343313902445724
2093,BRT,0.282,1765.0,1.3343313902445724
2325,BRT,0.282,1765.0,1.3343313902445724
226,BRT,0.281,1774.0,1.3295997186479607
974,BRT,0.281,1774.0,1.3295997186479607
975,BRT,0.281,1774.0,1.3295997186479607
1173,BRT,0.281,1774.0,1.3295997186479607
1182,BRT,0.281,1774.0,1.3295997186479607
1781,BRT,0.281,1774.0,1.3295997186479607
2476,BRT,0.281,1774.0,1.3295997186479607
2479,BRT,0.281,1774.0,1.3295997186479607
2713,BRT,0.281,1774.0,1.3295997186479607
449,BRT,0.28,1783.0,1.3248680470513488
1141,BRT,0.28,1783.0,1.3248680470513488
1403,BRT,0.28,1783.0,1.3248680470513488
1612,BRT,0.28,1783.0,1.3248680470513488
2276,BRT,0.28,1783.0,1.3248680470513488
2420,BRT,0.28,1783.0,1.3248680470513488
1325,BRT,0.279,1789.0,1.3201363754547368
1654,BRT,0.279,1789.0,1.3201363754547368
2137,BRT,0.279,1789.0,1.3201363754547368
85,BRT,0.278,1792.0,1.3154047038581247
598,BRT,0.278,1792.0,1.3154047038581247
1021,BRT,0.278,1792.0,1.3154047038581247
1164,BRT,0.278,1792.0,1.3154047038581247
2042,BRT,0.278,1792.0,1.3154047038581247
2289,BRT,0.278,1792.0,1.3154047038581247
186,BRT,0.277,1798.0,1.3106730322615128
784,BRT,0.277,1798.0,1.3106730322615128
1102,BRT,0.277,1798.0,1.3106730322615128
1734,BRT,0.277,1798.0,1.3106730322615128
2586,BRT,0.277,1798.0,1.3106730322615128
345,BRT,0.276,1803.0,1.3059413606649009
2024,BRT,0.276,1803.0,1.3059413606649009
2180,BRT,0.276,1803.0,1.3059413606649009
2595,BRT,0.276,1803.0,1.3059413606649009
2692,BRT,0.276,1803.0,1.3059413606649009
963,BRT,0.275,1808.0,1.301209689068289
1149,BRT,0.275,1808.0,1.301209689068289
2624,BRT,0.275,1808.0,1.301209689068289
171,BRT,0.274,1811.0,1.296478017471677
385,BRT,0.274,1811.0,1.296478017471677
497,BRT,0.274,1811.0,1.296478017471677
544,BRT,0.274,1811.0,1.296478017471677
1115,BRT,0.274,1811.0,1.296478017471677
1288,BRT,0.274,1811.0,1.296478017471677
1396,BRT,0.274,1811.0,1.296478017471677
1478,BRT,0.274,1811.0,1.296478017471677
301,BRT,0.273,1819.0,1.2917463458750649
407,BRT,0.273,1819.0,1.2917463458750649
703,BRT,0.273,1819.0,1.2917463458750649
1260,BRT,0.273,1819.0,1.2917463458750649
1600,BRT,0.273,1819.0,1.2917463458750649
2172,BRT,0.273,1819.0,1.2917463458750649
447,BRT,0.272,1825.0,1.287014674278453
543,BRT,0.272,1825.0,1.287014674278453
1209,BRT,0.272,1825.0,1.287014674278453
1298,BRT,0.272,1825.0,1.287014674278453
1358,BRT,0.272,1825.0,1.287014674278453
1904,BRT,0.272,1825.0,1.287014674278453
931,BRT,0.271,1831.0,1.282283002681841
1082,BRT,0.271,1831.0,1.282283002681841
1481,BRT,0.271,1831.0,1.282283002681841
1592,BRT,0.271,1831.0,1.282283002681841
346,BRT,0.27,1835.0,1.2775513310852291
1567,BRT,0.27,1835.0,1.2775513310852291
2231,BRT,0.27,1835.0,1.2775513310852291
2409,BRT,0.27,1835.0,1.2775513310852291
2720,BRT,0.27,1835.0,1.2775513310852291
701,BRT,0.269,1840.0,1.2728196594886172
1154,BRT,0.269,1840.0,1.2728196594886172
1242,BRT,0.269,1840.0,1.2728196594886172
1705,BRT,0.269,1840.0,1.2728196594886172
2682,BRT,0.269,1840.0,1.2728196594886172
133,BRT,0.268,1845.0,1.268087987892005
289,BRT,0.268,1845.0,1.268087987892005
508,BRT,0.268,1845.0,1.268087987892005
1422,BRT,0.268,1845.0,1.268087987892005
1710,BRT,0.268,1845.0,1.268087987892005
1981,BRT,0.268,1845.0,1.268087987892005
2138,BRT,0.268,1845.0,1.268087987892005
2398,BRT,0.268,1845.0,1.268087987892005
2447,BRT,0.268,1845.0,1.268087987892005
224,BRT,0.267,1854.0,1.2633563162953931
840,BRT,0.267,1854.0,1.2633563162953931
1066,BRT,0.267,1854.0,1.2633563162953931
1564,BRT,0.267,1854.0,1.2633563162953931
2470,BRT,0.267,1854.0,1.2633563162953931
2508,BRT,0.267,1854.0,1.2633563162953931
686,BRT,0.266,1860.0,1.2586246446987812
1218,BRT,0.266,1860.0,1.2586246446987812
116,BRT,0.265,1862.0,1.2538929731021693
221,BRT,0.265,1862.0,1.2538929731021693
2167,BRT,0.265,1862.0,1.2538929731021693
2454,BRT,0.265,1862.0,1.2538929731021693
2623,BRT,0.265,1862.0,1.2538929731021693
248,BRT,0.264,1867.0,1.2491613015055574
820,BRT,0.264,1867.0,1.2491613015055574
969,BRT,0.264,1867.0,1.2491613015055574
1684,BRT,0.264,1867.0,1.2491613015055574
2107,BRT,0.264,1867.0,1.2491613015055574
2572,BRT,0.264,1867.0,1.2491613015055574
2743,BRT,0.264,1867.0,1.2491613015055574
80,BRT,0.263,1874.0,1.2444296299089452
113,BRT,0.263,1874.0,1.2444296299089452
783,BRT,0.263,1874.0,1.2444296299089452
1414,BRT,0.263,1874.0,1.2444296299089452
2229,BRT,0.263,1874.0,1.2444296299089452
2307,BRT,0.263,1874.0,1.2444296299089452
770,BRT,0.262,1880.0,1.2396979583123333
1451,BRT,0.262,1880.0,1.2396979583123333
1717,BRT,0.262,1880.0,1.2396979583123333
2186,BRT,0.262,1880.0,1.2396979583123333
600,BRT,0.261,1884.0,1.2349662867157214
1536,BRT,0.261,1884.0,1.2349662867157214
2440,BRT,0.261,1884.0,1.2349662867157214
2654,BRT,0.261,1884.0,1.2349662867157214
947,BRT,0.26,1888.0,1.2302346151191095
2518,BRT,0.26,1888.0,1.2302346151191095
530,BRT,0.259,1890.0,1.2255029435224976
682,BRT,0.259,1890.0,1.2255029435224976
1303,BRT,0.259,1890.0,1.2255029435224976
1694,BRT,0.259,1890.0,1.2255029435224976
347,BRT,0.258,1894.0,1.2207712719258854
610,BRT,0.258,1894.0,1.2207712719258854
1839,BRT,0.258,1894.0,1.2207712719258854
2655,BRT,0.258,1894.0,1.2207712719258854
499,BRT,0.257,1898.0,1.2160396003292735
605,BRT,0.257,1898.0,1.2160396003292735
1055,BRT,0.257,1898.0,1.2160396003292735
1210,BRT,0.257,1898.0,1.2160396003292735
2254,BRT,0.257,1898.0,1.2160396003292735
2256,BRT,0.257,1898.0,1.2160396003292735
2363,BRT,0.257,1898.0,1.2160396003292735
2718,BRT,0.257,1898.0,1.2160396003292735
1474,BRT,0.256,1906.0,1.2113079287326616
2088,BRT,0.256,1906.0,1.2113079287326616
2570,BRT,0.256,1906.0,1.2113079287326616
2693,BRT,0.256,1906.0,1.2113079287326616
406,BRT,0.255,1910.0,1.2065762571360497
423,BRT,0.255,1910.0,1.2065762571360497
1180,BRT,0.255,1910.0,1.2065762571360497
1207,BRT,0.255,1910.0,1.2065762571360497
2636,BRT,0.255,1910.0,1.2065762571360497
787,BRT,0.254,1915.0,1.2018445855394377
1028,BRT,0.254,1915.0,1.2018445855394377
1725,BRT,0.254,1915.0,1.2018445855394377
2299,BRT,0.254,1915.0,1.2018445855394377
390,BRT,0.253,1919.0,1.1971129139428256
1052,BRT,0.253,1919.0,1.1971129139428256
1490,BRT,0.253,1919.0,1.1971129139428256
1770,BRT,0.253,1919.0,1.1971129139428256
2701,BRT,0.253,1919.0,1.1971129139428256
2711,BRT,0.253,1919.0,1.1971129139428256
466,BRT,0.252,1925.0,1.1923812423462137
611,BRT,0.252,1925.0,1.1923812423462137
911,BRT,0.252,1925.0,1.1923812423462137
1588,BRT,0.252,1925.0,1.1923812423462137
1731,BRT,0.252,1925.0,1.1923812423462137
2217,BRT,0.252,1925.0,1.1923812423462137
487,BRT,0.251,1931.0,1.1876495707496018
1786,BRT,0.251,1931.0,1.1876495707496018
1963,BRT,0.251,1931.0,1.1876495707496018
2503,BRT,0.251,1931.0,1.1876495707496018
2771,BRT,0.251,1931.0,1.1876495707496018
889,BRT,0.25,1936.0,1.1829178991529898
1393,BRT,0.25,1936.0,1.1829178991529898
1834,BRT,0.25,1936.0,1.1829178991529898
2728,BRT,0.25,1936.0,1.1829178991529898
1241,BRT,0.249,1940.0,1.178186227556378
2017,BRT,0.249,1940.0,1.178186227556378
535,BRT,0.248,1942.0,1.1734545559597658
807,BRT,0.248,1942.0,1.1734545559597658
1813,BRT,0.248,1942.0,1.1734545559597658
1918,BRT,0.248,1942.0,1.1734545559597658
432,BRT,0.247,1946.0,1.1687228843631539
1433,BRT,0.247,1946.0,1.1687228843631539
1653,BRT,0.247,1946.0,1.1687228843631539
585,BRT,0.246,1949.0,1.163991212766542
831,BRT,0.246,1949.0,1.163991212766542
1605,BRT,0.246,1949.0,1.163991212766542
2096,BRT,0.246,1949.0,1.163991212766542
2335,BRT,0.246,1949.0,1.163991212766542
2637,BRT,0.246,1949.0,1.163991212766542
386,BRT,0.245,1955.0,1.15925954116993
742,BRT,0.245,1955.0,1.15925954116993
2081,BRT,0.245,1955.0,1.15925954116993
378,BRT,0.244,1958.0,1.154527869573318
415,BRT,0.244,1958.0,1.154527869573318
859,BRT,0.244,1958.0,1.154527869573318
972,BRT,0.244,1958.0,1.154527869573318
1136,BRT,0.244,1958.0,1.154527869573318
2573,BRT,0.244,1958.0,1.154527869573318
2618,BRT,0.244,1958.0,1.154527869573318
197,BRT,0.243,1965.0,1.149796197976706
342,BRT,0.243,1965.0,1.149796197976706
1123,BRT,0.243,1965.0,1.149796197976706
1368,BRT,0.243,1965.0,1.149796197976706
1896,BRT,0.243,1965.0,1.149796197976706
102,BRT,0.242,1970.0,1.145064526380094
628,BRT,0.242,1970.0,1.145064526380094
1517,BRT,0.242,1970.0,1.145064526380094
1809,BRT,0.242,1970.0,1.145064526380094
2265,BRT,0.242,1970.0,1.145064526380094
2350,BRT,0.242,1970.0,1.145064526380094
626,BRT,0.241,1976.0,1.1403328547834821
1899,BRT,0.241,1976.0,1.1403328547834821
2592,BRT,0.241,1976.0,1.1403328547834821
957,BRT,0.24,1979.0,1.1356011831868702
1374,BRT,0.24,1979.0,1.1356011831868702
1620,BRT,0.24,1979.0,1.1356011831868702
1724,BRT,0.24,1979.0,1.1356011831868702
2461,BRT,0.24,1979.0,1.1356011831868702
138,BRT,0.239,1984.0,1.1308695115902583
662,BRT,0.239,1984.0,1.1308695115902583
1867,BRT,0.239,1984.0,1.1308695115902583
2749,BRT,0.239,1984.0,1.1308695115902583
399,BRT,0.238,1988.0,1.1261378399936461
1130,BRT,0.238,1988.0,1.1261378399936461
1755,BRT,0.238,1988.0,1.1261378399936461
2353,BRT,0.238,1988.0,1.1261378399936461
2459,BRT,0.238,1988.0,1.1261378399936461
916,BRT,0.237,1993.0,1.1214061683970342
1029,BRT,0.237,1993.0,1.1214061683970342
2683,BRT,0.237,1993.0,1.1214061683970342
2725,BRT,0.237,1993.0,1.1214061683970342
163,BRT,0.236,1997.0,1.1166744968004223
166,BRT,0.236,1997.0,1.1166744968004223
203,BRT,0.236,1997.0,1.1166744968004223
589,BRT,0.236,1997.0,1.1166744968004223
1496,BRT,0.236,1997.0,1.1166744968004223
1552,BRT,0.236,1997.0,1.1166744968004223
1701,BRT,0.236,1997.0,1.1166744968004223
2642,BRT,0.236,1997.0,1.1166744968004223
233,BRT,0.235,2005.0,1.1119428252038104
1340,BRT,0.235,2005.0,1.1119428252038104
2066,BRT,0.235,2005.0,1.1119428252038104
2171,BRT,0.235,2005.0,1.1119428252038104
2174,BRT,0.235,2005.0,1.1119428252038104
2235,BRT,0.235,2005.0,1.1119428252038104
667,BRT,0.234,2011.0,1.1072111536071985
864,BRT,0.234,2011.0,1.1072111536071985
938,BRT,0.234,2011.0,1.1072111536071985
971,BRT,0.234,2011.0,1.1072111536071985
1050,BRT,0.234,2011.0,1.1072111536071985
1225,BRT,0.234,2011.0,1.1072111536071985
2230,BRT,0.234,2011.0,1.1072111536071985
2427,BRT,0.234,2011.0,1.1072111536071985
2554,BRT,0.234,2011.0,1.1072111536071985
92,BRT,0.233,2020.0,1.1024794820105865
907,BRT,0.233,2020.0,1.1024794820105865
1213,BRT,0.233,2020.0,1.1024794820105865
107,BRT,0.232,2023.0,1.0977478104139746
363,BRT,0.232,2023.0,1.0977478104139746
1338,BRT,0.232,2023.0,1.0977478104139746
2218,BRT,0.232,2023.0,1.0977478104139746
195,BRT,0.231,2027.0,1.0930161388173627
261,BRT,0.231,2027.0,1.0930161388173627
519,BRT,0.231,2027.0,1.0930161388173627
1457,BRT,0.231,2027.0,1.0930161388173627
1874,BRT,0.231,2027.0,1.0930161388173627
2446,BRT,0.231,2027.0,1.0930161388173627
2668,BRT,0.231,2027.0,1.0930161388173627
2715,BRT,0.231,2027.0,1.0930161388173627
1078,BRT,0.23,2035.0,1.0882844672207506
1113,BRT,0.23,2035.0,1.0882844672207506
2463,BRT,0.23,2035.0,1.0882844672207506
90,BRT,0.229,2038.0,1.0835527956241386
326,BRT,0.229,2038.0,1.0835527956241386
419,BRT,0.229,2038.0,1.0835527956241386
471,BRT,0.229,2038.0,1.0835527956241386
1318,BRT,0.229,2038.0,1.0835527956241386
2312,BRT,0.229,2038.0,1.0835527956241386
2545,BRT,0.229,2038.0,1.0835527956241386
2674,BRT,0.228,2045.0,1.0788211240275267
1494,BRT,0.227,2046.0,1.0740894524309148
1832,BRT,0.227,2046.0,1.0740894524309148
2056,BRT,0.227,2046.0,1.0740894524309148
1926,BRT,0.226,2049.0,1.0693577808343029
16,BRT,0.225,2050.0,1.0646261092376907
554,BRT,0.225,2050.0,1.0646261092376907
1195,BRT,0.225,2050.0,1.0646261092376907
1547,BRT,0.225,2050.0,1.0646261092376907
1555,BRT,0.225,2050.0,1.0646261092376907
2016,BRT,0.225,2050.0,1.0646261092376907
2761,BRT,0.225,2050.0,1.0646261092376907
216,BRT,0.224,2057.0,1.0598944376410788
707,BRT,0.224,2057.0,1.0598944376410788
1516,BRT,0.224,2057.0,1.0598944376410788
1586,BRT,0.224,2057.0,1.0598944376410788
1022,BRT,0.223,2061.0,1.055162766044467
1880,BRT,0.223,2061.0,1.055162766044467
1961,BRT,0.223,2061.0,1.055162766044467
2002,BRT,0.223,2061.0,1.055162766044467
2236,BRT,0.223,2061.0,1.055162766044467
2424,BRT,0.223,2061.0,1.055162766044467
240,BRT,0.222,2067.0,1.050431094447855
591,BRT,0.222,2067.0,1.050431094447855
1222,BRT,0.222,2067.0,1.050431094447855
1278,BRT,0.222,2067.0,1.050431094447855
1452,BRT,0.222,2067.0,1.050431094447855
852,BRT,0.221,2072.0,1.045699422851243
1507,BRT,0.221,2072.0,1.045699422851243
1790,BRT,0.221,2072.0,1.045699422851243
2169,BRT,0.221,2072.0,1.045699422851243
3,BRT,0.22,2076.0,1.040967751254631
98,BRT,0.22,2076.0,1.040967751254631
651,BRT,0.22,2076.0,1.040967751254631
799,BRT,0.22,2076.0,1.040967751254631
1771,BRT,0.22,2076.0,1.040967751254631
2445,BRT,0.22,2076.0,1.040967751254631
2460,BRT,0.22,2076.0,1.040967751254631
645,BRT,0.219,2083.0,1.036236079658019
980,BRT,0.219,2083.0,1.036236079658019
1037,BRT,0.219,2083.0,1.036236079658019
2077,BRT,0.219,2083.0,1.036236079658019
2551,BRT,0.219,2083.0,1.036236079658019
147,BRT,0.218,2088.0,1.031504408061407
355,BRT,0.218,2088.0,1.031504408061407
1508,BRT,0.218,2088.0,1.031504408061407
2155,BRT,0.218,2088.0,1.031504408061407
271,BRT,0.217,2092.0,1.0267727364647952
592,BRT,0.217,2092.0,1.0267727364647952
881,BRT,0.217,2092.0,1.0267727364647952
2399,BRT,0.217,2092.0,1.0267727364647952
2491,BRT,0.217,2092.0,1.0267727364647952
2574,BRT,0.217,2092.0,1.0267727364647952
269,BRT,0.216,2098.0,1.0220410648681832
1461,BRT,0.216,2098.0,1.0220410648681832
1799,BRT,0.216,2098.0,1.0220410648681832
2196,BRT,0.216,2098.0,1.0220410648681832
2661,BRT,0.216,2098.0,1.0220410648681832
619,BRT,0.215,2103.0,1.017309393271571
813,BRT,0.215,2103.0,1.017309393271571
1556,BRT,0.215,2103.0,1.017309393271571
1769,BRT,0.215,2103.0,1.017309393271571
1967,BRT,0.215,2103.0,1.017309393271571
2468,BRT,0.215,2103.0,1.017309393271571
2125,BRT,0.214,2109.0,1.0125777216749592
2686,BRT,0.214,2109.0,1.0125777216749592
1293,BRT,0.213,2111.0,1.0078460500783473
2268,BRT,0.213,2111.0,1.0078460500783473
327,BRT,0.212,2113.0,1.0031143784817353
1131,BRT,0.212,2113.0,1.0031143784817353
1290,BRT,0.212,2113.0,1.0031143784817353
1830,BRT,0.212,2113.0,1.0031143784817353
2176,BRT,0.212,2113.0,1.0031143784817353
669,BRT,0.211,2118.0,0.9983827068851233
711,BRT,0.211,2118.0,0.9983827068851233
788,BRT,0.211,2118.0,0.9983827068851233
1092,BRT,0.211,2118.0,0.9983827068851233
1168,BRT,0.211,2118.0,0.9983827068851233
1470,BRT,0.211,2118.0,0.9983827068851233
2123,BRT,0.211,2118.0,0.9983827068851233
1683,BRT,0.21,2125.0,0.9936510352885114
1751,BRT,0.21,2125.0,0.9936510352885114
1927,BRT,0.21,2125.0,0.9936510352885114
148,BRT,0.209,2128.0,0.9889193636918995
360,BRT,0.209,2128.0,0.9889193636918995
1127,BRT,0.209,2128.0,0.9889193636918995
1269,BRT,0.209,2128.0,0.9889193636918995
1401,BRT,0.209,2128.0,0.9889193636918995
2387,BRT,0.209,2128.0,0.9889193636918995
2549,BRT,0.209,2128.0,0.9889193636918995
2675,BRT,0.209,2128.0,0.9889193636918995
790,BRT,0.208,2136.0,0.9841876920952874
1634,BRT,0.208,2136.0,0.9841876920952874
1696,BRT,0.208,2136.0,0.9841876920952874
1774,BRT,0.208,2136.0,0.9841876920952874
190,BRT,0.207,2140.0,0.9794560204986755
673,BRT,0.207,2140.0,0.9794560204986755
727,BRT,0.207,2140.0,0.9794560204986755
934,BRT,0.207,2140.0,0.9794560204986755
1273,BRT,0.207,2140.0,0.9794560204986755
1628,BRT,0.207,2140.0,0.9794560204986755
1997,BRT,0.207,2140.0,0.9794560204986755
817,BRT,0.206,2147.0,0.9747243489020635
1072,BRT,0.206,2147.0,0.9747243489020635
1332,BRT,0.206,2147.0,0.9747243489020635
1435,BRT,0.206,2147.0,0.9747243489020635
1812,BRT,0.206,2147.0,0.9747243489020635
2181,BRT,0.206,2147.0,0.9747243489020635
2726,BRT,0.206,2147.0,0.9747243489020635
477,BRT,0.205,2154.0,0.9699926773054516
1046,BRT,0.205,2154.0,0.9699926773054516
1103,BRT,0.205,2154.0,0.9699926773054516
1276,BRT,0.205,2154.0,0.9699926773054516
2221,BRT,0.205,2154.0,0.9699926773054516
2357,BRT,0.205,2154.0,0.9699926773054516
296,BRT,0.204,2160.0,0.9652610057088397
724,BRT,0.204,2160.0,0.9652610057088397
1300,BRT,0.204,2160.0,0.9652610057088397
1797,BRT,0.204,2160.0,0.9652610057088397
2127,BRT,0.204,2160.0,0.9652610057088397
2744,BRT,0.204,2160.0,0.9652610057088397
71,BRT,0.203,2166.0,0.9605293341122277
537,BRT,0.203,2166.0,0.9605293341122277
1366,BRT,0.203,2166.0,0.9605293341122277
1497,BRT,0.203,2166.0,0.9605293341122277
1903,BRT,0.203,2166.0,0.9605293341122277
2550,BRT,0.203,2166.0,0.9605293341122277
268,BRT,0.202,2172.0,0.9557976625156158
772,BRT,0.202,2172.0,0.9557976625156158
1529,BRT,0.202,2172.0,0.9557976625156158
2032,BRT,0.202,2172.0,0.9557976625156158
2142,BRT,0.202,2172.0,0.9557976625156158
2396,BRT,0.202,2172.0,0.9557976625156158
572,BRT,0.201,2178.0,0.9510659909190039
1336,BRT,0.201,2178.0,0.9510659909190039
1462,BRT,0.201,2178.0,0.9510659909190039
1590,BRT,0.201,2178.0,0.9510659909190039
2534,BRT,0.201,2178.0,0.9510659909190039
109,BRT,0.2,2183.0,0.9463343193223919
198,BRT,0.2,2183.0,0.9463343193223919
715,BRT,0.2,2183.0,0.9463343193223919
1042,BRT,0.2,2183.0,0.9463343193223919
1426,BRT,0.2,2183.0,0.9463343193223919
1723,BRT,0.2,2183.0,0.9463343193223919
2244,BRT,0.2,2183.0,0.9463343193223919
2754,BRT,0.2,2183.0,0.9463343193223919
1175,BRT,0.199,2191.0,0.94160264772578
1387,BRT,0.199,2191.0,0.94160264772578
2051,BRT,0.199,2191.0,0.94160264772578
2112,BRT,0.199,2191.0,0.94160264772578
2631,BRT,0.199,2191.0,0.94160264772578
1110,BRT,0.198,2196.0,0.9368709761291679
2154,BRT,0.198,2196.0,0.9368709761291679
1386,BRT,0.197,2198.0,0.932139304532556
2041,BRT,0.197,2198.0,0.932139304532556
2349,BRT,0.197,2198.0,0.932139304532556
87,BRT,0.196,2201.0,0.9274076329359441
577,BRT,0.196,2201.0,0.9274076329359441
1027,BRT,0.196,2201.0,0.9274076329359441
1589,BRT,0.196,2201.0,0.9274076329359441
1882,BRT,0.196,2201.0,0.9274076329359441
5,BRT,0.195,2206.0,0.922675961339332
354,BRT,0.195,2206.0,0.922675961339332
395,BRT,0.195,2206.0,0.922675961339332
1822,BRT,0.195,2206.0,0.922675961339332
2729,BRT,0.195,2206.0,0.922675961339332
139,BRT,0.194,2211.0,0.9179442897427201
453,BRT,0.194,2211.0,0.9179442897427201
681,BRT,0.194,2211.0,0.9179442897427201
739,BRT,0.194,2211.0,0.9179442897427201
1083,BRT,0.194,2211.0,0.9179442897427201
1186,BRT,0.194,2211.0,0.9179442897427201
1504,BRT,0.194,2211.0,0.9179442897427201
1865,BRT,0.194,2211.0,0.9179442897427201
2015,BRT,0.194,2211.0,0.9179442897427201
2721,BRT,0.194,2211.0,0.9179442897427201
1230,BRT,0.193,2221.0,0.9132126181461081
1351,BRT,0.193,2221.0,0.9132126181461081
2215,BRT,0.193,2221.0,0.9132126181461081
2377,BRT,0.193,2221.0,0.9132126181461081
2421,BRT,0.193,2221.0,0.9132126181461081
736,BRT,0.192,2226.0,0.9084809465494962
2253,BRT,0.192,2226.0,0.9084809465494962
2559,BRT,0.192,2226.0,0.9084809465494962
842,BRT,0.191,2229.0,0.9037492749528843
1061,BRT,0.191,2229.0,0.9037492749528843
1887,BRT,0.191,2229.0,0.9037492749528843
1987,BRT,0.191,2229.0,0.9037492749528843
2378,BRT,0.191,2229.0,0.9037492749528843
2625,BRT,0.191,2229.0,0.9037492749528843
771,BRT,0.19,2235.0,0.8990176033562722
1156,BRT,0.19,2235.0,0.8990176033562722
1709,BRT,0.19,2235.0,0.8990176033562722
1820,BRT,0.19,2235.0,0.8990176033562722
2747,BRT,0.19,2235.0,0.8990176033562722
239,BRT,0.189,2240.0,0.8942859317596603
436,BRT,0.189,2240.0,0.8942859317596603
462,BRT,0.189,2240.0,0.8942859317596603
356,BRT,0.188,2243.0,0.8895542601630483
699,BRT,0.188,2243.0,0.8895542601630483
227,BRT,0.187,2245.0,0.8848225885664364
275,BRT,0.187,2245.0,0.8848225885664364
704,BRT,0.187,2245.0,0.8848225885664364
733,BRT,0.187,2245.0,0.8848225885664364
989,BRT,0.187,2245.0,0.8848225885664364
1512,BRT,0.187,2245.0,0.8848225885664364
1785,BRT,0.187,2245.0,0.8848225885664364
2482,BRT,0.187,2245.0,0.8848225885664364
470,BRT,0.185,2253.0,0.8753592453732124
680,BRT,0.185,2253.0,0.8753592453732124
1446,BRT,0.185,2253.0,0.8753592453732124
1561,BRT,0.185,2253.0,0.8753592453732124
1587,BRT,0.185,2253.0,0.8753592453732124
63,BRT,0.184,2258.0,0.8706275737766005
808,BRT,0.184,2258.0,0.8706275737766005
977,BRT,0.184,2258.0,0.8706275737766005
1015,BRT,0.184,2258.0,0.8706275737766005
1370,BRT,0.184,2258.0,0.8706275737766005
1675,BRT,0.184,2258.0,0.8706275737766005
2472,BRT,0.184,2258.0,0.8706275737766005
295,BRT,0.183,2265.0,0.8658959021799885
430,BRT,0.183,2265.0,0.8658959021799885
448,BRT,0.183,2265.0,0.8658959021799885
801,BRT,0.183,2265.0,0.8658959021799885
1034,BRT,0.183,2265.0,0.8658959021799885
1615,BRT,0.183,2265.0,0.8658959021799885
1777,BRT,0.183,2265.0,0.8658959021799885
2035,BRT,0.183,2265.0,0.8658959021799885
2417,BRT,0.183,2265.0,0.8658959021799885
2712,BRT,0.183,2265.0,0.8658959021799885
1742,BRT,0.182,2275.0,0.8611642305833765
1833,BRT,0.182,2275.0,0.8611642305833765
2109,BRT,0.182,2275.0,0.8611642305833765
2647,BRT,0.182,2275.0,0.8611642305833765
278,BRT,0.181,2279.0,0.8564325589867646
643,BRT,0.181,2279.0,0.8564325589867646
1071,BRT,0.181,2279.0,0.8564325589867646
754,BRT,0.18,2282.0,0.8517008873901526
1420,BRT,0.18,2282.0,0.8517008873901526
2426,BRT,0.18,2282.0,0.8517008873901526
2706,BRT,0.18,2282.0,0.8517008873901526
2777,BRT,0.18,2282.0,0.8517008873901526
21,BRT,0.179,2287.0,0.8469692157935407
79,BRT,0.179,2287.0,0.8469692157935407
1908,BRT,0.179,2287.0,0.8469692157935407
2569,BRT,0.179,2287.0,0.8469692157935407
2579,BRT,0.179,2287.0,0.8469692157935407
215,BRT,0.178,2292.0,0.8422375441969286
446,BRT,0.178,2292.0,0.8422375441969286
677,BRT,0.178,2292.0,0.8422375441969286
1065,BRT,0.178,2292.0,0.8422375441969286
1284,BRT,0.178,2292.0,0.8422375441969286
1975,BRT,0.178,2292.0,0.8422375441969286
2329,BRT,0.178,2292.0,0.8422375441969286
2407,BRT,0.178,2292.0,0.8422375441969286
2620,BRT,0.178,2292.0,0.8422375441969286
1060,BRT,0.177,2301.0,0.8375058726003167
1365,BRT,0.177,2301.0,0.8375058726003167
1557,BRT,0.177,2301.0,0.8375058726003167
2072,BRT,0.177,2301.0,0.8375058726003167
2772,BRT,0.177,2301.0,0.8375058726003167
829,BRT,0.176,2306.0,0.8327742010037048
1075,BRT,0.176,2306.0,0.8327742010037048
1236,BRT,0.176,2306.0,0.8327742010037048
2619,BRT,0.176,2306.0,0.8327742010037048
94,BRT,0.175,2310.0,0.8280425294070928
639,BRT,0.175,2310.0,0.8280425294070928
2182,BRT,0.175,2310.0,0.8280425294070928
2303,BRT,0.175,2310.0,0.8280425294070928
332,BRT,0.174,2314.0,0.8233108578104809
2166,BRT,0.174,2314.0,0.8233108578104809
999,BRT,0.173,2316.0,0.8185791862138688
1223,BRT,0.173,2316.0,0.8185791862138688
14,BRT,0.172,2318.0,0.8138475146172569
73,BRT,0.172,2318.0,0.8138475146172569
421,BRT,0.172,2318.0,0.8138475146172569
953,BRT,0.172,2318.0,0.8138475146172569
1868,BRT,0.172,2318.0,0.8138475146172569
1911,BRT,0.172,2318.0,0.8138475146172569
2031,BRT,0.172,2318.0,0.8138475146172569
384,BRT,0.171,2325.0,0.8091158430206451
1191,BRT,0.171,2325.0,0.8091158430206451
1434,BRT,0.171,2325.0,0.8091158430206451
2040,BRT,0.171,2325.0,0.8091158430206451
2197,BRT,0.171,2325.0,0.8091158430206451
2548,BRT,0.171,2325.0,0.8091158430206451
882,BRT,0.17,2331.0,0.8043841714240331
2513,BRT,0.17,2331.0,0.8043841714240331
517,BRT,0.169,2333.0,0.7996524998274211
678,BRT,0.169,2333.0,0.7996524998274211
1294,BRT,0.169,2333.0,0.7996524998274211
1936,BRT,0.169,2333.0,0.7996524998274211
2121,BRT,0.169,2333.0,0.7996524998274211
2239,BRT,0.169,2333.0,0.7996524998274211
2324,BRT,0.169,2333.0,0.7996524998274211
2050,BRT,0.168,2340.0,0.7949208282308092
48,BRT,0.167,2341.0,0.7901891566341972
1049,BRT,0.167,2341.0,0.7901891566341972
309,BRT,0.166,2343.0,0.7854574850375853
328,BRT,0.166,2343.0,0.7854574850375853
737,BRT,0.166,2343.0,0.7854574850375853
804,BRT,0.166,2343.0,0.7854574850375853
1346,BRT,0.166,2343.0,0.7854574850375853
1633,BRT,0.166,2343.0,0.7854574850375853
68,BRT,0.165,2349.0,0.7807258134409732
284,BRT,0.165,2349.0,0.7807258134409732
299,BRT,0.165,2349.0,0.7807258134409732
524,BRT,0.165,2349.0,0.7807258134409732
1133,BRT,0.165,2349.0,0.7807258134409732
2113,BRT,0.165,2349.0,0.7807258134409732
2267,BRT,0.165,2349.0,0.7807258134409732
2271,BRT,0.165,2349.0,0.7807258134409732
2402,BRT,0.165,2349.0,0.7807258134409732
880,BRT,0.164,2358.0,0.7759941418443613
1058,BRT,0.164,2358.0,0.7759941418443613
2129,BRT,0.164,2358.0,0.7759941418443613
2428,BRT,0.164,2358.0,0.7759941418443613
2507,BRT,0.164,2358.0,0.7759941418443613
2751,BRT,0.164,2358.0,0.7759941418443613
828,BRT,0.163,2364.0,0.7712624702477494
2379,BRT,0.163,2364.0,0.7712624702477494
2521,BRT,0.163,2364.0,0.7712624702477494
2652,BRT,0.163,2364.0,0.7712624702477494
1006,BRT,0.162,2368.0,0.7665307986511374
1553,BRT,0.162,2368.0,0.7665307986511374
1703,BRT,0.162,2368.0,0.7665307986511374
123,BRT,0.161,2371.0,0.7617991270545255
1132,BRT,0.161,2371.0,0.7617991270545255
1319,BRT,0.161,2371.0,0.7617991270545255
1687,BRT,0.161,2371.0,0.7617991270545255
2101,BRT,0.161,2371.0,0.7617991270545255
2499,BRT,0.161,2371.0,0.7617991270545255
987,BRT,0.16,2377.0,0.7570674554579135
1816,BRT,0.16,2377.0,0.7570674554579135
2111,BRT,0.16,2377.0,0.7570674554579135
2207,BRT,0.16,2377.0,0.7570674554579135
2331,BRT,0.16,2377.0,0.7570674554579135
88,BRT,0.159,2382.0,0.7523357838613015
440,BRT,0.159,2382.0,0.7523357838613015
731,BRT,0.159,2382.0,0.7523357838613015
870,BRT,0.159,2382.0,0.7523357838613015
1161,BRT,0.159,2382.0,0.7523357838613015
1495,BRT,0.159,2382.0,0.7523357838613015
1216,BRT,0.158,2388.0,0.7476041122646896
2288,BRT,0.158,2388.0,0.7476041122646896
2555,BRT,0.158,2388.0,0.7476041122646896
1357,BRT,0.157,2391.0,0.7428724406680776
1498,BRT,0.157,2391.0,0.7428724406680776
1624,BRT,0.157,2391.0,0.7428724406680776
1870,BRT,0.157,2391.0,0.7428724406680776
604,BRT,0.156,2395.0,0.7381407690714656
620,BRT,0.156,2395.0,0.7381407690714656
1228,BRT,0.156,2395.0,0.7381407690714656
1331,BRT,0.156,2395.0,0.7381407690714656
1626,BRT,0.156,2395.0,0.7381407690714656
2086,BRT,0.156,2395.0,0.7381407690714656
2317,BRT,0.156,2395.0,0.7381407690714656
480,BRT,0.155,2402.0,0.7334090974748537
13,BRT,0.154,2403.0,0.7286774258782417
50,BRT,0.154,2403.0,0.7286774258782417
118,BRT,0.154,2403.0,0.7286774258782417
1196,BRT,0.154,2403.0,0.7286774258782417
1265,BRT,0.154,2403.0,0.7286774258782417
83,BRT,0.153,2408.0,0.7239457542816298
992,BRT,0.153,2408.0,0.7239457542816298
1878,BRT,0.153,2408.0,0.7239457542816298
1928,BRT,0.153,2408.0,0.7239457542816298
2146,BRT,0.153,2408.0,0.7239457542816298
2322,BRT,0.153,2408.0,0.7239457542816298
2383,BRT,0.153,2408.0,0.7239457542816298
232,BRT,0.152,2415.0,0.7192140826850177
2219,BRT,0.152,2415.0,0.7192140826850177
182,BRT,0.151,2417.0,0.7144824110884058
359,BRT,0.151,2417.0,0.7144824110884058
932,BRT,0.151,2417.0,0.7144824110884058
1099,BRT,0.151,2417.0,0.7144824110884058
1668,BRT,0.151,2417.0,0.7144824110884058
1844,BRT,0.151,2417.0,0.7144824110884058
181,BRT,0.15,2423.0,0.7097507394917939
793,BRT,0.15,2423.0,0.7097507394917939
848,BRT,0.15,2423.0,0.7097507394917939
984,BRT,0.15,2423.0,0.7097507394917939
1463,BRT,0.15,2423.0,0.7097507394917939
1735,BRT,0.15,2423.0,0.7097507394917939
2730,BRT,0.15,2423.0,0.7097507394917939
644,BRT,0.149,2430.0,0.7050190678951819
1857,BRT,0.149,2430.0,0.7050190678951819
2285,BRT,0.148,2432.0,0.70028739629857
2362,BRT,0.148,2432.0,0.70028739629857
2565,BRT,0.148,2432.0,0.70028739629857
498,BRT,0.147,2435.0,0.6955557247019579
542,BRT,0.147,2435.0,0.6955557247019579
926,BRT,0.147,2435.0,0.6955557247019579
1327,BRT,0.147,2435.0,0.6955557247019579
1464,BRT,0.147,2435.0,0.6955557247019579
1795,BRT,0.147,2435.0,0.6955557247019579
2095,BRT,0.147,2435.0,0.6955557247019579
510,BRT,0.146,2442.0,0.690824053105346
720,BRT,0.146,2442.0,0.690824053105346
982,BRT,0.146,2442.0,0.690824053105346
1057,BRT,0.146,2442.0,0.690824053105346
1947,BRT,0.146,2442.0,0.690824053105346
374,BRT,0.145,2447.0,0.6860923815087341
1177,BRT,0.145,2447.0,0.6860923815087341
1850,BRT,0.145,2447.0,0.6860923815087341
1988,BRT,0.144,2450.0,0.681360709912122
2061,BRT,0.144,2450.0,0.681360709912122
2190,BRT,0.144,2450.0,0.681360709912122
2681,BRT,0.144,2450.0,0.681360709912122
1831,BRT,0.143,2454.0,0.6766290383155101
1718,BRT,0.142,2455.0,0.6718973667188981
1827,BRT,0.142,2455.0,0.6718973667188981
1983,BRT,0.142,2455.0,0.6718973667188981
2046,BRT,0.142,2455.0,0.6718973667188981
2493,BRT,0.142,2455.0,0.6718973667188981
242,BRT,0.141,2460.0,0.6671656951222862
779,BRT,0.141,2460.0,0.6671656951222862
2669,BRT,0.141,2460.0,0.6671656951222862
2687,BRT,0.141,2460.0,0.6671656951222862
329,BRT,0.14,2464.0,0.6624340235256744
687,BRT,0.14,2464.0,0.6624340235256744
1091,BRT,0.14,2464.0,0.6624340235256744
2502,BRT,0.14,2464.0,0.6624340235256744
1580,BRT,0.139,2468.0,0.6577023519290623
1757,BRT,0.139,2468.0,0.6577023519290623
2510,BRT,0.139,2468.0,0.6577023519290623
1362,BRT,0.138,2471.0,0.6529706803324504
368,BRT,0.137,2472.0,0.6482390087358385
461,BRT,0.137,2472.0,0.6482390087358385
2449,BRT,0.137,2472.0,0.6482390087358385
2707,BRT,0.137,2472.0,0.6482390087358385
648,BRT,0.136,2476.0,0.6435073371392265
1262,BRT,0.136,2476.0,0.6435073371392265
1602,BRT,0.136,2476.0,0.6435073371392265
1840,BRT,0.136,2476.0,0.6435073371392265
1902,BRT,0.136,2476.0,0.6435073371392265
1187,BRT,0.135,2481.0,0.6387756655426146
1376,BRT,0.135,2481.0,0.6387756655426146
576,BRT,0.134,2483.0,0.6340439939460025
1842,BRT,0.134,2483.0,0.6340439939460025
1886,BRT,0.134,2483.0,0.6340439939460025
2492,BRT,0.134,2483.0,0.6340439939460025
2193,BRT,0.133,2487.0,0.6293123223493906
1851,BRT,0.132,2488.0,0.6245806507527787
2587,BRT,0.132,2488.0,0.6245806507527787
375,BRT,0.131,2490.0,0.6198489791561667
551,BRT,0.131,2490.0,0.6198489791561667
2192,BRT,0.131,2490.0,0.6198489791561667
475,BRT,0.13,2493.0,0.6151173075595547
910,BRT,0.13,2493.0,0.6151173075595547
1505,BRT,0.13,2493.0,0.6151173075595547
1515,BRT,0.13,2493.0,0.6151173075595547
1525,BRT,0.13,2493.0,0.6151173075595547
1679,BRT,0.13,2493.0,0.6151173075595547
2143,BRT,0.13,2493.0,0.6151173075595547
20,BRT,0.129,2500.0,0.6103856359629427
936,BRT,0.129,2500.0,0.6103856359629427
1024,BRT,0.129,2500.0,0.6103856359629427
2478,BRT,0.129,2500.0,0.6103856359629427
2577,BRT,0.129,2500.0,0.6103856359629427
2626,BRT,0.129,2500.0,0.6103856359629427
231,BRT,0.128,2506.0,0.6056539643663308
641,BRT,0.128,2506.0,0.6056539643663308
789,BRT,0.128,2506.0,0.6056539643663308
1038,BRT,0.128,2506.0,0.6056539643663308
1287,BRT,0.128,2506.0,0.6056539643663308
1520,BRT,0.128,2506.0,0.6056539643663308
1636,BRT,0.128,2506.0,0.6056539643663308
191,BRT,0.127,2513.0,0.6009222927697189
632,BRT,0.127,2513.0,0.6009222927697189
642,BRT,0.127,2513.0,0.6009222927697189
1915,BRT,0.127,2513.0,0.6009222927697189
1632,BRT,0.126,2517.0,0.5961906211731068
1889,BRT,0.126,2517.0,0.5961906211731068
2465,BRT,0.126,2517.0,0.5961906211731068
331,BRT,0.125,2520.0,0.5914589495764949
1573,BRT,0.125,2520.0,0.5914589495764949
2011,BRT,0.125,2520.0,0.5914589495764949
2589,BRT,0.125,2520.0,0.5914589495764949
1449,BRT,0.124,2524.0,0.5867272779798829
2283,BRT,0.124,2524.0,0.5867272779798829
571,BRT,0.123,2526.0,0.581995606383271
1256,BRT,0.123,2526.0,0.581995606383271
1801,BRT,0.123,2526.0,0.581995606383271
2124,BRT,0.123,2526.0,0.581995606383271
103,BRT,0.122,2530.0,0.577263934786659
760,BRT,0.122,2530.0,0.577263934786659
1741,BRT,0.122,2530.0,0.577263934786659
1991,BRT,0.122,2530.0,0.577263934786659
2308,BRT,0.122,2530.0,0.577263934786659
2557,BRT,0.122,2530.0,0.577263934786659
1235,BRT,0.121,2536.0,0.572532263190047
1598,BRT,0.121,2536.0,0.572532263190047
2352,BRT,0.121,2536.0,0.572532263190047
2433,BRT,0.121,2536.0,0.572532263190047
49,BRT,0.12,2540.0,0.5678005915934351
558,BRT,0.12,2540.0,0.5678005915934351
1162,BRT,0.12,2540.0,0.5678005915934351
1471,BRT,0.12,2540.0,0.5678005915934351
1603,BRT,0.12,2540.0,0.5678005915934351
2139,BRT,0.12,2540.0,0.5678005915934351
2438,BRT,0.12,2540.0,0.5678005915934351
120,BRT,0.119,2547.0,0.5630689199968231
504,BRT,0.119,2547.0,0.5630689199968231
1509,BRT,0.119,2547.0,0.5630689199968231
1671,BRT,0.119,2547.0,0.5630689199968231
2009,BRT,0.119,2547.0,0.5630689199968231
2603,BRT,0.119,2547.0,0.5630689199968231
30,BRT,0.118,2553.0,0.5583372484002112
336,BRT,0.118,2553.0,0.5583372484002112
912,BRT,0.118,2553.0,0.5583372484002112
928,BRT,0.118,2553.0,0.5583372484002112
1063,BRT,0.118,2553.0,0.5583372484002112
1984,BRT,0.118,2553.0,0.5583372484002112
2342,BRT,0.118,2553.0,0.5583372484002112
2382,BRT,0.118,2553.0,0.5583372484002112
2666,BRT,0.118,2553.0,0.5583372484002112
2694,BRT,0.118,2553.0,0.5583372484002112
140,BRT,0.117,2563.0,0.5536055768035992
207,BRT,0.117,2563.0,0.5536055768035992
631,BRT,0.117,2563.0,0.5536055768035992
854,BRT,0.117,2563.0,0.5536055768035992
887,BRT,0.117,2563.0,0.5536055768035992
949,BRT,0.117,2563.0,0.5536055768035992
1307,BRT,0.117,2563.0,0.5536055768035992
1410,BRT,0.117,2563.0,0.5536055768035992
1617,BRT,0.117,2563.0,0.5536055768035992
1765,BRT,0.117,2563.0,0.5536055768035992
2297,BRT,0.117,2563.0,0.5536055768035992
2343,BRT,0.117,2563.0,0.5536055768035992
2345,BRT,0.117,2563.0,0.5536055768035992
2385,BRT,0.117,2563.0,0.5536055768035992
2671,BRT,0.117,2563.0,0.5536055768035992
634,BRT,0.116,2578.0,0.5488739052069873
652,BRT,0.116,2578.0,0.5488739052069873
692,BRT,0.116,2578.0,0.5488739052069873
929,BRT,0.116,2578.0,0.5488739052069873
1054,BRT,0.116,2578.0,0.5488739052069873
1197,BRT,0.116,2578.0,0.5488739052069873
1232,BRT,0.116,2578.0,0.5488739052069873
1373,BRT,0.116,2578.0,0.5488739052069873
2498,BRT,0.116,2578.0,0.5488739052069873
2596,BRT,0.116,2578.0,0.5488739052069873
2753,BRT,0.116,2578.0,0.5488739052069873
983,BRT,0.115,2589.0,0.5441422336103753
1299,BRT,0.115,2589.0,0.5441422336103753
2263,BRT,0.115,2589.0,0.5441422336103753
1259,BRT,0.114,2592.0,0.5394105620137634
1282,BRT,0.114,2592.0,0.5394105620137634
1676,BRT,0.114,2592.0,0.5394105620137634
1714,BRT,0.114,2592.0,0.5394105620137634
1836,BRT,0.114,2592.0,0.5394105620137634
2641,BRT,0.114,2592.0,0.5394105620137634
465,BRT,0.113,2598.0,0.5346788904171514
627,BRT,0.113,2598.0,0.5346788904171514
315,BRT,0.112,2600.0,0.5299472188205394
791,BRT,0.112,2600.0,0.5299472188205394
796,BRT,0.112,2600.0,0.5299472188205394
2202,BRT,0.112,2600.0,0.5299472188205394
2558,BRT,0.112,2600.0,0.5299472188205394
2732,BRT,0.112,2600.0,0.5299472188205394
200,BRT,0.111,2606.0,0.5252155472239275
930,BRT,0.111,2606.0,0.5252155472239275
1139,BRT,0.111,2606.0,0.5252155472239275
1289,BRT,0.111,2606.0,0.5252155472239275
1527,BRT,0.111,2606.0,0.5252155472239275
1737,BRT,0.111,2606.0,0.5252155472239275
291,BRT,0.11,2612.0,0.5204838756273155
941,BRT,0.11,2612.0,0.5204838756273155
2310,BRT,0.11,2612.0,0.5204838756273155
2645,BRT,0.11,2612.0,0.5204838756273155
764,BRT,0.109,2616.0,0.5157522040307035
1030,BRT,0.109,2616.0,0.5157522040307035
1310,BRT,0.109,2616.0,0.5157522040307035
1760,BRT,0.109,2616.0,0.5157522040307035
2071,BRT,0.109,2616.0,0.5157522040307035
2536,BRT,0.109,2616.0,0.5157522040307035
108,BRT,0.108,2622.0,0.5110205324340916
380,BRT,0.108,2622.0,0.5110205324340916
751,BRT,0.108,2622.0,0.5110205324340916
1245,BRT,0.108,2622.0,0.5110205324340916
1350,BRT,0.108,2622.0,0.5110205324340916
1487,BRT,0.108,2622.0,0.5110205324340916
2062,BRT,0.108,2622.0,0.5110205324340916
2653,BRT,0.108,2622.0,0.5110205324340916
2738,BRT,0.108,2622.0,0.5110205324340916
841,BRT,0.107,2631.0,0.5062888608374796
1003,BRT,0.107,2631.0,0.5062888608374796
1095,BRT,0.107,2631.0,0.5062888608374796
2320,BRT,0.107,2631.0,0.5062888608374796
2516,BRT,0.107,2631.0,0.5062888608374796
2563,BRT,0.107,2631.0,0.5062888608374796
2606,BRT,0.107,2631.0,0.5062888608374796
550,BRT,0.106,2638.0,0.5015571892408677
838,BRT,0.106,2638.0,0.5015571892408677
2413,BRT,0.106,2638.0,0.5015571892408677
2560,BRT,0.106,2638.0,0.5015571892408677
2664,BRT,0.106,2638.0,0.5015571892408677
985,BRT,0.105,2643.0,0.4968255176442557
1002,BRT,0.105,2643.0,0.4968255176442557
1465,BRT,0.105,2643.0,0.4968255176442557
1821,BRT,0.105,2643.0,0.4968255176442557
1848,BRT,0.105,2643.0,0.4968255176442557
2126,BRT,0.105,2643.0,0.4968255176442557
2270,BRT,0.105,2643.0,0.4968255176442557
2328,BRT,0.105,2643.0,0.4968255176442557
252,BRT,0.104,2651.0,0.4920938460476437
1134,BRT,0.104,2651.0,0.4920938460476437
1227,BRT,0.104,2651.0,0.4920938460476437
1485,BRT,0.104,2651.0,0.4920938460476437
1916,BRT,0.104,2651.0,0.4920938460476437
72,BRT,0.103,2656.0,0.48736217445103175
154,BRT,0.103,2656.0,0.48736217445103175
218,BRT,0.103,2656.0,0.48736217445103175
434,BRT,0.103,2656.0,0.48736217445103175
693,BRT,0.103,2656.0,0.48736217445103175
723,BRT,0.103,2656.0,0.48736217445103175
1234,BRT,0.103,2656.0,0.48736217445103175
2094,BRT,0.103,2656.0,0.48736217445103175
2165,BRT,0.103,2656.0,0.48736217445103175
2414,BRT,0.103,2656.0,0.48736217445103175
152,BRT,0.102,2666.0,0.48263050285441983
254,BRT,0.102,2666.0,0.48263050285441983
1381,BRT,0.102,2666.0,0.48263050285441983
158,BRT,0.101,2669.0,0.4778988312578079
313,BRT,0.101,2669.0,0.4778988312578079
479,BRT,0.101,2669.0,0.4778988312578079
584,BRT,0.101,2669.0,0.4778988312578079
939,BRT,0.101,2669.0,0.4778988312578079
1086,BRT,0.101,2669.0,0.4778988312578079
1335,BRT,0.101,2669.0,0.4778988312578079
1595,BRT,0.101,2669.0,0.4778988312578079
1750,BRT,0.101,2669.0,0.4778988312578079
2304,BRT,0.101,2669.0,0.4778988312578079
2535,BRT,0.101,2669.0,0.4778988312578079
134,BRT,0.1,2680.0,0.47316715966119594
274,BRT,0.1,2680.0,0.47316715966119594
1424,BRT,0.1,2680.0,0.47316715966119594
1641,BRT,0.1,2680.0,0.47316715966119594
106,BRT,0.099,2684.0,0.46843548806458396
894,BRT,0.099,2684.0,0.46843548806458396
993,BRT,0.099,2684.0,0.46843548806458396
1000,BRT,0.099,2684.0,0.46843548806458396
1104,BRT,0.099,2684.0,0.46843548806458396
28,BRT,0.098,2689.0,0.46370381646797204
875,BRT,0.098,2689.0,0.46370381646797204
1732,BRT,0.098,2689.0,0.46370381646797204
1817,BRT,0.098,2689.0,0.46370381646797204
1941,BRT,0.098,2689.0,0.46370381646797204
2,BRT,0.097,2694.0,0.45897214487136007
121,BRT,0.097,2694.0,0.45897214487136007
229,BRT,0.097,2694.0,0.45897214487136007
802,BRT,0.097,2694.0,0.45897214487136007
1745,BRT,0.097,2694.0,0.45897214487136007
36,BRT,0.096,2699.0,0.4542404732747481
67,BRT,0.096,2699.0,0.4542404732747481
136,BRT,0.096,2699.0,0.4542404732747481
285,BRT,0.096,2699.0,0.4542404732747481
921,BRT,0.096,2699.0,0.4542404732747481
1198,BRT,0.096,2699.0,0.4542404732747481
1638,BRT,0.096,2699.0,0.4542404732747481
1667,BRT,0.096,2699.0,0.4542404732747481
1804,BRT,0.096,2699.0,0.4542404732747481
2423,BRT,0.096,2699.0,0.4542404732747481
472,BRT,0.095,2709.0,0.4495088016781361
948,BRT,0.095,2709.0,0.4495088016781361
1064,BRT,0.095,2709.0,0.4495088016781361
1249,BRT,0.095,2709.0,0.4495088016781361
1324,BRT,0.095,2709.0,0.4495088016781361
2272,BRT,0.095,2709.0,0.4495088016781361
1619,BRT,0.094,2715.0,0.44477713008152414
2685,BRT,0.094,2715.0,0.44477713008152414
579,BRT,0.093,2717.0,0.4400454584849122
1348,BRT,0.093,2717.0,0.4400454584849122
1823,BRT,0.093,2717.0,0.4400454584849122
2134,BRT,0.093,2717.0,0.4400454584849122
2208,BRT,0.093,2717.0,0.4400454584849122
2280,BRT,0.093,2717.0,0.4400454584849122
2604,BRT,0.093,2717.0,0.4400454584849122
2663,BRT,0.093,2717.0,0.4400454584849122
2429,BRT,0.092,2725.0,0.43531378688830025
515,BRT,0.091,2726.0,0.43058211529168827
1398,BRT,0.091,2726.0,0.43058211529168827
1578,BRT,0.091,2726.0,0.43058211529168827
1727,BRT,0.091,2726.0,0.43058211529168827
1479,BRT,0.09,2730.0,0.4258504436950763
1859,BRT,0.09,2730.0,0.4258504436950763
1901,BRT,0.09,2730.0,0.4258504436950763
1917,BRT,0.09,2730.0,0.4258504436950763
868,BRT,0.089,2734.0,0.4211187720984643
2734,BRT,0.089,2734.0,0.4211187720984643
243,BRT,0.088,2736.0,0.4163871005018524
1206,BRT,0.088,2736.0,0.4163871005018524
2520,BRT,0.088,2736.0,0.4163871005018524
1906,BRT,0.087,2739.0,0.41165542890524043
54,BRT,0.086,2740.0,0.40692375730862845
439,BRT,0.086,2740.0,0.40692375730862845
595,BRT,0.086,2740.0,0.40692375730862845
1379,BRT,0.086,2740.0,0.40692375730862845
1247,BRT,0.085,2744.0,0.40219208571201653
2500,BRT,0.085,2744.0,0.40219208571201653
273,BRT,0.084,2746.0,0.3974604141154046
919,BRT,0.084,2746.0,0.3974604141154046
2768,BRT,0.084,2746.0,0.3974604141154046
322,BRT,0.083,2749.0,0.39272874251879264
1016,BRT,0.083,2749.0,0.39272874251879264
1077,BRT,0.083,2749.0,0.39272874251879264
1713,BRT,0.083,2749.0,0.39272874251879264
317,BRT,0.082,2753.0,0.38799707092218066
2340,BRT,0.082,2753.0,0.38799707092218066
1399,BRT,0.081,2755.0,0.3832653993255687
1810,BRT,0.081,2755.0,0.3832653993255687
726,BRT,0.08,2757.0,0.37853372772895677
290,BRT,0.079,2758.0,0.3738020561323448
903,BRT,0.079,2758.0,0.3738020561323448
144,BRT,0.078,2760.0,0.3690703845357328
361,BRT,0.078,2760.0,0.3690703845357328
383,BRT,0.078,2760.0,0.3690703845357328
884,BRT,0.078,2760.0,0.3690703845357328
1036,BRT,0.078,2760.0,0.3690703845357328
2477,BRT,0.078,2760.0,0.3690703845357328
1159,BRT,0.077,2766.0,0.36433871293912085
2336,BRT,0.076,2767.0,0.35960704134250887
520,BRT,0.075,2768.0,0.35487536974589695
1726,BRT,0.075,2768.0,0.35487536974589695
614,BRT,0.074,2770.0,0.350143698149285
1116,BRT,0.073,2771.0,0.345412026552673
1429,BRT,0.072,2772.0,0.340680354956061
1642,BRT,0.072,2772.0,0.340680354956061
2198,BRT,0.071,2774.0,0.33594868335944905
758,BRT,0.07,2775.0,0.3312170117628372
2064,BRT,0.068,2776.0,0.32175366856961324
1322,BRT,0.064,2777.0,0.3028269821831654
663,BRT,0.055,2778.0,0.26024193781365773
2724,MLP,2.448,1.0,10.20744466942933
2085,MLP,2.36,2.0,9.840510383926969
2004,MLP,2.329,3.0,9.711249442443183
2318,MLP,2.231,4.0,9.302618079042825
1419,MLP,2.047,5.0,8.535391845719706
1749,MLP,1.995,6.0,8.318567040650128
955,MLP,1.635,7.0,6.817472236322286
117,MLP,1.633,8.0,6.809132820742686
127,MLP,1.537,9.0,6.408840872921928
70,MLP,1.525,10.0,6.358804379444334
638,MLP,1.506,11.0,6.279579931438142
2443,MLP,1.504,12.0,6.271240515858543
1871,MLP,1.489,13.0,6.20869489901155
679,MLP,1.485,14.0,6.192016067852352
761,MLP,1.444,15.0,6.021058048470569
1885,MLP,1.409,16.0,5.875118275827584
1611,MLP,1.404,17.0,5.854269736878586
2486,MLP,1.404,17.0,5.854269736878586
1345,MLP,1.4,19.0,5.837590905719388
2159,MLP,1.395,20.0,5.816742366770391
2110,MLP,1.394,21.0,5.81257265898059
964,MLP,1.377,22.0,5.741687626553999
1406,MLP,1.35,23.0,5.62910551622941
1448,MLP,1.339,24.0,5.583238730541615
1960,MLP,1.312,25.0,5.470656620217027
2047,MLP,1.283,26.0,5.349735094312839
1314,MLP,1.261,27.0,5.258001522937248
288,MLP,1.226,28.0,5.112061750294265
1135,MLP,1.222,29.0,5.095382919135066
249,MLP,1.197,30.0,4.991140224390078
318,MLP,1.182,31.0,4.928594607543084
856,MLP,1.179,32.0,4.916085484173685
382,MLP,1.175,33.0,4.899406653014487
1311,MLP,1.175,33.0,4.899406653014487
1748,MLP,1.174,35.0,4.895236945224687
593,MLP,1.147,36.0,4.782654834900099
1476,MLP,1.146,37.0,4.778485127110299
1884,MLP,1.142,38.0,4.761806295951101
1360,MLP,1.133,39.0,4.724278925842905
556,MLP,1.12,40.0,4.670072724575511
1910,MLP,1.102,41.0,4.595017984359119
2584,MLP,1.1,42.0,4.5866785687795195
1468,MLP,1.097,43.0,4.574169445410121
2758,MLP,1.097,43.0,4.574169445410121
1377,MLP,1.095,45.0,4.565830029830521
2257,MLP,1.093,46.0,4.557490614250923
270,MLP,1.088,47.0,4.536642075301925
1484,MLP,1.079,48.0,4.499114705193729
1093,MLP,1.075,49.0,4.48243587403453
1530,MLP,1.075,49.0,4.48243587403453
1423,MLP,1.072,51.0,4.469926750665132
2404,MLP,1.057,52.0,4.407381133818138
1503,MLP,1.052,53.0,4.3865325948691405
1040,MLP,1.048,54.0,4.369853763709942
2648,MLP,1.044,55.0,4.353174932550744
294,MLP,1.039,56.0,4.332326393601746
1238,MLP,1.038,57.0,4.328156685811947
220,MLP,1.034,58.0,4.311477854652749
636,MLP,1.034,58.0,4.311477854652749
885,MLP,1.019,60.0,4.248932237805755
815,MLP,1.018,61.0,4.244762530015955
1172,MLP,1.018,61.0,4.244762530015955
1371,MLP,1.018,61.0,4.244762530015955
1169,MLP,1.011,64.0,4.2155745754873575
1597,MLP,1.01,65.0,4.211404867697559
2177,MLP,1.01,65.0,4.211404867697559
35,MLP,0.999,67.0,4.165538082009763
2281,MLP,0.999,67.0,4.165538082009763
586,MLP,0.994,69.0,4.144689543060766
2259,MLP,0.992,70.0,4.136350127481166
96,MLP,0.99,71.0,4.128010711901568
507,MLP,0.987,72.0,4.115501588532169
168,MLP,0.986,73.0,4.1113318807423695
1837,MLP,0.984,74.0,4.10299246516277
511,MLP,0.982,75.0,4.094653049583171
2765,MLP,0.974,76.0,4.061295387264774
1114,MLP,0.97,77.0,4.044616556105576
522,MLP,0.963,78.0,4.015428601576979
2188,MLP,0.962,79.0,4.01125889378718
1815,MLP,0.961,80.0,4.00708918599738
1243,MLP,0.958,81.0,3.9945800626279815
408,MLP,0.957,82.0,3.9904103548381817
149,MLP,0.954,83.0,3.977901231468783
2731,MLP,0.954,83.0,3.977901231468783
2063,MLP,0.953,85.0,3.9737315236789836
2633,MLP,0.952,86.0,3.969561815889184
2566,MLP,0.951,87.0,3.9653921080993846
1109,MLP,0.945,88.0,3.940373861360587
951,MLP,0.942,89.0,3.927864737991188
84,MLP,0.936,90.0,3.9028464912523915
900,MLP,0.934,91.0,3.894507075672792
1355,MLP,0.932,92.0,3.886167660093193
1692,MLP,0.927,93.0,3.865319121144195
1572,MLP,0.925,94.0,3.856979705564596
821,MLP,0.923,95.0,3.848640289984997
527,MLP,0.913,96.0,3.8069432120870013
100,MLP,0.912,97.0,3.8027735042972015
2436,MLP,0.911,98.0,3.798603796507402
1697,MLP,0.908,99.0,3.7860946731380034
2209,MLP,0.908,99.0,3.7860946731380034
287,MLP,0.906,101.0,3.7777552575584044
1488,MLP,0.905,102.0,3.7735855497686046
2612,MLP,0.902,103.0,3.7610764263992063
2776,MLP,0.902,103.0,3.7610764263992063
2158,MLP,0.901,105.0,3.7569067186094065
1972,MLP,0.897,106.0,3.7402278874502084
1583,MLP,0.894,107.0,3.7277187640808096
39,MLP,0.889,108.0,3.7068702251318117
2130,MLP,0.889,108.0,3.7068702251318117
193,MLP,0.887,110.0,3.6985308095522127
2290,MLP,0.884,111.0,3.686021686182814
797,MLP,0.883,112.0,3.681851978393014
1009,MLP,0.881,113.0,3.673512562813415
444,MLP,0.873,114.0,3.6401549004950184
570,MLP,0.873,114.0,3.6401549004950184
818,MLP,0.872,116.0,3.635985192705219
2274,MLP,0.869,117.0,3.6234760693358203
325,MLP,0.864,118.0,3.6026275303868225
1096,MLP,0.864,118.0,3.6026275303868225
606,MLP,0.861,120.0,3.5901184070174237
925,MLP,0.861,120.0,3.5901184070174237
2583,MLP,0.861,120.0,3.5901184070174237
539,MLP,0.857,123.0,3.5734395758582256
297,MLP,0.856,124.0,3.569269868068426
581,MLP,0.855,125.0,3.5651001602786265
1647,MLP,0.855,125.0,3.5651001602786265
1924,MLP,0.853,127.0,3.5567607446990275
850,MLP,0.852,128.0,3.5525910369092277
2099,MLP,0.852,128.0,3.5525910369092277
2432,MLP,0.85,130.0,3.5442516213296287
933,MLP,0.849,131.0,3.540081913539829
1945,MLP,0.842,132.0,3.510893959011232
262,MLP,0.841,133.0,3.5067242512214323
1220,MLP,0.838,134.0,3.494215127852034
1614,MLP,0.838,134.0,3.494215127852034
1255,MLP,0.836,136.0,3.4858757122724344
307,MLP,0.833,137.0,3.473366588903036
1080,MLP,0.831,138.0,3.465027173323437
2497,MLP,0.827,139.0,3.4483483421642385
2152,MLP,0.822,140.0,3.4274998032152406
674,MLP,0.821,141.0,3.4233300954254413
1584,MLP,0.816,142.0,3.4024815564764435
1879,MLP,0.813,143.0,3.3899724331070447
959,MLP,0.811,144.0,3.381633017527446
2300,MLP,0.811,144.0,3.381633017527446
2466,MLP,0.811,144.0,3.381633017527446
1674,MLP,0.807,147.0,3.3649541863682475
1354,MLP,0.806,148.0,3.360784478578448
1920,MLP,0.805,149.0,3.3566147707886484
2538,MLP,0.805,149.0,3.3566147707886484
476,MLP,0.804,151.0,3.352445062998849
650,MLP,0.804,151.0,3.352445062998849
2422,MLP,0.803,153.0,3.3482753552090494
1121,MLP,0.799,154.0,3.3315965240498513
1459,MLP,0.799,154.0,3.3315965240498513
1999,MLP,0.798,156.0,3.3274268162600515
2430,MLP,0.798,156.0,3.3274268162600515
748,MLP,0.797,158.0,3.323257108470252
1129,MLP,0.794,159.0,3.3107479851008534
1321,MLP,0.794,159.0,3.3107479851008534
2029,MLP,0.794,159.0,3.3107479851008534
2179,MLP,0.79,162.0,3.294069153941655
410,MLP,0.789,163.0,3.2898994461518556
339,MLP,0.787,164.0,3.2815600305722565
1585,MLP,0.787,164.0,3.2815600305722565
1845,MLP,0.787,164.0,3.2815600305722565
1025,MLP,0.785,167.0,3.273220614992657
688,MLP,0.783,168.0,3.264881199413058
1700,MLP,0.783,168.0,3.264881199413058
940,MLP,0.782,170.0,3.2607114916232587
1004,MLP,0.782,170.0,3.2607114916232587
655,MLP,0.78,172.0,3.252372076043659
719,MLP,0.78,172.0,3.252372076043659
2344,MLP,0.779,174.0,3.24820236825386
2037,MLP,0.778,175.0,3.24403266046406
2356,MLP,0.778,175.0,3.24403266046406
1652,MLP,0.777,177.0,3.239862952674261
1994,MLP,0.774,178.0,3.227353829304862
2689,MLP,0.77,179.0,3.2106749981456635
2275,MLP,0.767,180.0,3.198165874776265
302,MLP,0.766,181.0,3.1939961669864654
837,MLP,0.766,181.0,3.1939961669864654
194,MLP,0.765,183.0,3.189826459196666
1892,MLP,0.765,183.0,3.189826459196666
2284,MLP,0.764,185.0,3.1856567514068663
2540,MLP,0.763,186.0,3.1814870436170666
877,MLP,0.758,187.0,3.1606385046680687
2199,MLP,0.757,188.0,3.1564687968782694
2298,MLP,0.756,189.0,3.1522990890884697
1107,MLP,0.748,190.0,3.118941426770073
1361,MLP,0.748,190.0,3.118941426770073
2667,MLP,0.748,190.0,3.118941426770073
2149,MLP,0.747,193.0,3.1147717189802737
1277,MLP,0.746,194.0,3.110602011190474
2211,MLP,0.746,194.0,3.110602011190474
1644,MLP,0.744,196.0,3.102262595610875
334,MLP,0.743,197.0,3.098092887821075
1118,MLP,0.743,197.0,3.098092887821075
1758,MLP,0.743,197.0,3.098092887821075
1779,MLP,0.742,200.0,3.093923180031276
405,MLP,0.741,201.0,3.089753472241476
1142,MLP,0.741,201.0,3.089753472241476
1778,MLP,0.741,201.0,3.089753472241476
2509,MLP,0.74,204.0,3.085583764451677
1754,MLP,0.739,205.0,3.081414056661877
2309,MLP,0.735,206.0,3.064735225502679
1502,MLP,0.734,207.0,3.060565517712879
775,MLP,0.733,208.0,3.05639580992308
2305,MLP,0.733,208.0,3.05639580992308
183,MLP,0.732,210.0,3.05222610213328
427,MLP,0.732,210.0,3.05222610213328
1540,MLP,0.732,210.0,3.05222610213328
1677,MLP,0.732,210.0,3.05222610213328
1979,MLP,0.732,210.0,3.05222610213328
970,MLP,0.731,215.0,3.0480563943434804
765,MLP,0.73,216.0,3.043886686553681
1523,MLP,0.73,216.0,3.043886686553681
241,MLP,0.729,218.0,3.0397169787638814
601,MLP,0.729,218.0,3.0397169787638814
1663,MLP,0.729,218.0,3.0397169787638814
264,MLP,0.727,221.0,3.0313775631842823
861,MLP,0.727,221.0,3.0313775631842823
1271,MLP,0.727,221.0,3.0313775631842823
2249,MLP,0.725,224.0,3.0230381476046833
923,MLP,0.722,225.0,3.0105290242352845
2541,MLP,0.722,225.0,3.0105290242352845
2660,MLP,0.722,225.0,3.0105290242352845
1793,MLP,0.719,228.0,2.9980199008658857
2547,MLP,0.717,229.0,2.9896804852862866
696,MLP,0.716,230.0,2.9855107774964873
2030,MLP,0.713,231.0,2.9730016541270885
11,MLP,0.712,232.0,2.9688319463372888
173,MLP,0.712,232.0,2.9688319463372888
1436,MLP,0.712,232.0,2.9688319463372888
567,MLP,0.711,235.0,2.9646622385474894
2752,MLP,0.711,235.0,2.9646622385474894
1411,MLP,0.71,237.0,2.9604925307576897
1432,MLP,0.71,237.0,2.9604925307576897
1746,MLP,0.71,237.0,2.9604925307576897
2708,MLP,0.71,237.0,2.9604925307576897
1649,MLP,0.709,241.0,2.95632282296789
437,MLP,0.705,242.0,2.939643991808692
312,MLP,0.704,243.0,2.935474284018892
664,MLP,0.704,243.0,2.935474284018892
1898,MLP,0.703,245.0,2.931304576229093
485,MLP,0.702,246.0,2.927134868439293
2469,MLP,0.702,246.0,2.927134868439293
1305,MLP,0.701,248.0,2.9229651606494937
1558,MLP,0.699,249.0,2.9146257450698942
2450,MLP,0.697,250.0,2.906286329490295
1772,MLP,0.696,251.0,2.902116621700496
1923,MLP,0.695,252.0,2.897946913910696
1190,MLP,0.694,253.0,2.8937772061208964
86,MLP,0.693,254.0,2.889607498331097
1147,MLP,0.693,254.0,2.889607498331097
2052,MLP,0.692,256.0,2.8854377905412973
2103,MLP,0.692,256.0,2.8854377905412973
1932,MLP,0.691,258.0,2.881268082751498
428,MLP,0.689,259.0,2.872928667171899
425,MLP,0.688,260.0,2.8687589593820992
965,MLP,0.688,260.0,2.8687589593820992
997,MLP,0.688,260.0,2.8687589593820992
1493,MLP,0.688,260.0,2.8687589593820992
1681,MLP,0.688,260.0,2.8687589593820992
2609,MLP,0.688,260.0,2.8687589593820992
561,MLP,0.687,266.0,2.8645892515923
1088,MLP,0.687,266.0,2.8645892515923
1690,MLP,0.686,268.0,2.8604195438025006
844,MLP,0.682,269.0,2.843740712643302
2537,MLP,0.682,269.0,2.843740712643302
324,MLP,0.681,271.0,2.839571004853503
810,MLP,0.681,271.0,2.839571004853503
2261,MLP,0.681,271.0,2.839571004853503
740,MLP,0.68,274.0,2.835401297063703
1185,MLP,0.679,275.0,2.8312315892739037
281,MLP,0.678,276.0,2.827061881484104
2578,MLP,0.678,276.0,2.827061881484104
958,MLP,0.677,278.0,2.8228921736943042
2161,MLP,0.676,279.0,2.818722465904505
874,MLP,0.674,280.0,2.810383050324906
2690,MLP,0.674,280.0,2.810383050324906
1661,MLP,0.673,282.0,2.806213342535106
2581,MLP,0.672,283.0,2.802043634745307
2026,MLP,0.67,284.0,2.7937042191657073
995,MLP,0.669,285.0,2.789534511375908
913,MLP,0.668,286.0,2.7853648035861083
1033,MLP,0.668,286.0,2.7853648035861083
2277,MLP,0.668,286.0,2.7853648035861083
2599,MLP,0.668,286.0,2.7853648035861083
1427,MLP,0.667,290.0,2.781195095796309
82,MLP,0.666,291.0,2.777025388006509
132,MLP,0.666,291.0,2.777025388006509
253,MLP,0.666,291.0,2.777025388006509
700,MLP,0.665,294.0,2.7728556802167095
1856,MLP,0.665,294.0,2.7728556802167095
518,MLP,0.664,296.0,2.76868597242691
1252,MLP,0.664,296.0,2.76868597242691
1400,MLP,0.664,296.0,2.76868597242691
1847,MLP,0.664,296.0,2.76868597242691
2474,MLP,0.662,300.0,2.760346556847311
129,MLP,0.66,301.0,2.7520071412677116
358,MLP,0.657,302.0,2.7394980178983133
2183,MLP,0.657,302.0,2.7394980178983133
1931,MLP,0.656,304.0,2.7353283101085135
1549,MLP,0.655,305.0,2.7311586023187138
2092,MLP,0.654,306.0,2.7269888945289145
2227,MLP,0.654,306.0,2.7269888945289145
52,MLP,0.652,308.0,2.7186494789493154
1070,MLP,0.651,309.0,2.7144797711595157
2145,MLP,0.649,310.0,2.7061403555799166
320,MLP,0.647,311.0,2.6978009400003176
300,MLP,0.646,312.0,2.693631232210518
1416,MLP,0.646,312.0,2.693631232210518
2679,MLP,0.646,312.0,2.693631232210518
1729,MLP,0.645,315.0,2.6894615244207185
2203,MLP,0.644,316.0,2.6852918166309188
2542,MLP,0.643,317.0,2.681122108841119
306,MLP,0.642,318.0,2.6769524010513197
418,MLP,0.642,318.0,2.6769524010513197
1543,MLP,0.642,318.0,2.6769524010513197
2013,MLP,0.642,318.0,2.6769524010513197
69,MLP,0.641,322.0,2.67278269326152
806,MLP,0.641,322.0,2.67278269326152
1841,MLP,0.641,322.0,2.67278269326152
2456,MLP,0.641,322.0,2.67278269326152
2662,MLP,0.641,322.0,2.67278269326152
1253,MLP,0.64,327.0,2.6686129854717207
1482,MLP,0.64,327.0,2.6686129854717207
2118,MLP,0.639,329.0,2.664443277681921
2323,MLP,0.639,329.0,2.664443277681921
899,MLP,0.638,331.0,2.660273569892121
1264,MLP,0.638,331.0,2.660273569892121
467,MLP,0.637,333.0,2.656103862102322
920,MLP,0.637,333.0,2.656103862102322
1438,MLP,0.637,333.0,2.656103862102322
1637,MLP,0.637,333.0,2.656103862102322
351,MLP,0.636,337.0,2.651934154312522
2529,MLP,0.636,337.0,2.651934154312522
491,MLP,0.635,339.0,2.647764446522723
697,MLP,0.634,340.0,2.643594738732923
2117,MLP,0.634,340.0,2.643594738732923
2255,MLP,0.634,340.0,2.643594738732923
2373,MLP,0.633,343.0,2.6394250309431233
1437,MLP,0.632,344.0,2.635255323153324
1826,MLP,0.632,344.0,2.635255323153324
2608,MLP,0.631,346.0,2.6310856153635243
1250,MLP,0.63,347.0,2.626915907573725
1930,MLP,0.63,347.0,2.626915907573725
392,MLP,0.629,349.0,2.622746199783925
528,MLP,0.629,349.0,2.622746199783925
2411,MLP,0.628,351.0,2.6185764919941255
2106,MLP,0.627,352.0,2.614406784204326
927,MLP,0.625,353.0,2.606067368624727
1031,MLP,0.625,353.0,2.606067368624727
1594,MLP,0.624,355.0,2.6018976608349274
1601,MLP,0.622,356.0,2.5935582452553283
2511,MLP,0.622,356.0,2.5935582452553283
442,MLP,0.621,358.0,2.5893885374655286
1883,MLP,0.621,358.0,2.5893885374655286
2384,MLP,0.621,358.0,2.5893885374655286
2703,MLP,0.621,358.0,2.5893885374655286
2455,MLP,0.62,362.0,2.5852188296757292
74,MLP,0.619,363.0,2.5810491218859295
1526,MLP,0.619,363.0,2.5810491218859295
2339,MLP,0.619,363.0,2.5810491218859295
1295,MLP,0.618,366.0,2.57687941409613
2722,MLP,0.618,366.0,2.57687941409613
15,MLP,0.617,368.0,2.5727097063063304
104,MLP,0.617,368.0,2.5727097063063304
454,MLP,0.617,368.0,2.5727097063063304
1849,MLP,0.617,368.0,2.5727097063063304
2475,MLP,0.617,368.0,2.5727097063063304
2552,MLP,0.617,368.0,2.5727097063063304
431,MLP,0.616,374.0,2.5685399985165307
849,MLP,0.616,374.0,2.5685399985165307
1935,MLP,0.616,374.0,2.5685399985165307
1995,MLP,0.616,374.0,2.5685399985165307
2704,MLP,0.616,374.0,2.5685399985165307
2630,MLP,0.615,379.0,2.5643702907267314
2067,MLP,0.614,380.0,2.5602005829369316
51,MLP,0.613,381.0,2.5560308751471323
486,MLP,0.613,381.0,2.5560308751471323
922,MLP,0.612,383.0,2.5518611673573326
956,MLP,0.612,383.0,2.5518611673573326
1791,MLP,0.612,383.0,2.5518611673573326
2224,MLP,0.612,383.0,2.5518611673573326
343,MLP,0.611,387.0,2.547691459567533
656,MLP,0.611,387.0,2.547691459567533
1783,MLP,0.611,387.0,2.547691459567533
904,MLP,0.61,390.0,2.5435217517777335
1656,MLP,0.61,390.0,2.5435217517777335
214,MLP,0.609,392.0,2.539352043987934
816,MLP,0.609,392.0,2.539352043987934
2659,MLP,0.609,392.0,2.539352043987934
484,MLP,0.608,395.0,2.5351823361981345
2084,MLP,0.608,395.0,2.5351823361981345
1575,MLP,0.607,397.0,2.5310126284083347
2266,MLP,0.607,397.0,2.5310126284083347
2287,MLP,0.607,397.0,2.5310126284083347
75,MLP,0.606,400.0,2.526842920618535
1559,MLP,0.606,400.0,2.526842920618535
2076,MLP,0.606,400.0,2.526842920618535
1010,MLP,0.605,403.0,2.5226732128287357
1688,MLP,0.605,403.0,2.5226732128287357
1929,MLP,0.605,403.0,2.5226732128287357
2005,MLP,0.605,403.0,2.5226732128287357
293,MLP,0.604,407.0,2.518503505038936
1158,MLP,0.604,407.0,2.518503505038936
2038,MLP,0.604,407.0,2.518503505038936
763,MLP,0.603,410.0,2.5143337972491366
979,MLP,0.603,410.0,2.5143337972491366
2611,MLP,0.603,410.0,2.5143337972491366
2632,MLP,0.603,410.0,2.5143337972491366
1390,MLP,0.602,414.0,2.510164089459337
2733,MLP,0.602,414.0,2.510164089459337
282,MLP,0.601,416.0,2.505994381669537
981,MLP,0.601,416.0,2.505994381669537
717,MLP,0.6,418.0,2.501824673879738
1492,MLP,0.599,419.0,2.497654966089938
2576,MLP,0.599,419.0,2.497654966089938
1480,MLP,0.598,421.0,2.493485258300139
2295,MLP,0.598,421.0,2.493485258300139
230,MLP,0.597,423.0,2.489315550510339
1651,MLP,0.597,423.0,2.489315550510339
1905,MLP,0.597,423.0,2.489315550510339
1320,MLP,0.595,426.0,2.48097613493074
2401,MLP,0.595,426.0,2.48097613493074
825,MLP,0.594,428.0,2.4768064271409402
2517,MLP,0.594,428.0,2.4768064271409402
2672,MLP,0.594,428.0,2.4768064271409402
1308,MLP,0.592,431.0,2.468467011561341
2213,MLP,0.592,431.0,2.468467011561341
1285,MLP,0.591,433.0,2.464297303771542
599,MLP,0.59,434.0,2.460127595981742
1921,MLP,0.59,434.0,2.460127595981742
266,MLP,0.589,436.0,2.4559578881919424
532,MLP,0.589,436.0,2.4559578881919424
1639,MLP,0.588,438.0,2.451788180402143
1018,MLP,0.587,439.0,2.4476184726123433
488,MLP,0.586,440.0,2.443448764822544
1469,MLP,0.586,440.0,2.443448764822544
2680,MLP,0.586,440.0,2.443448764822544
1084,MLP,0.585,443.0,2.4392790570327443
2054,MLP,0.585,443.0,2.4392790570327443
2273,MLP,0.584,445.0,2.4351093492429445
2316,MLP,0.584,445.0,2.4351093492429445
2677,MLP,0.583,447.0,2.4309396414531452
2434,MLP,0.581,448.0,2.422600225873546
672,MLP,0.58,449.0,2.4184305180837464
1974,MLP,0.58,449.0,2.4184305180837464
2057,MLP,0.579,451.0,2.4142608102939467
552,MLP,0.578,452.0,2.4100911025041474
937,MLP,0.578,452.0,2.4100911025041474
657,MLP,0.577,454.0,2.4059213947143476
776,MLP,0.577,454.0,2.4059213947143476
1011,MLP,0.577,454.0,2.4059213947143476
1957,MLP,0.576,457.0,2.4017516869245483
1045,MLP,0.575,458.0,2.3975819791347486
1043,MLP,0.574,459.0,2.3934122713449493
2313,MLP,0.574,459.0,2.3934122713449493
1344,MLP,0.572,461.0,2.3850728557653498
212,MLP,0.571,462.0,2.3809031479755505
557,MLP,0.571,462.0,2.3809031479755505
38,MLP,0.57,464.0,2.3767334401857507
1518,MLP,0.57,464.0,2.3767334401857507
1412,MLP,0.569,466.0,2.3725637323959514
2600,MLP,0.569,466.0,2.3725637323959514
2710,MLP,0.568,468.0,2.3683940246061517
1919,MLP,0.567,469.0,2.364224316816352
2225,MLP,0.567,469.0,2.364224316816352
170,MLP,0.566,471.0,2.3600546090265526
280,MLP,0.566,471.0,2.3600546090265526
569,MLP,0.566,471.0,2.3600546090265526
159,MLP,0.565,474.0,2.355884901236753
177,MLP,0.565,474.0,2.355884901236753
563,MLP,0.564,476.0,2.3517151934469536
623,MLP,0.564,476.0,2.3517151934469536
1794,MLP,0.564,476.0,2.3517151934469536
2347,MLP,0.564,476.0,2.3517151934469536
119,MLP,0.563,480.0,2.347545485657154
2369,MLP,0.563,480.0,2.347545485657154
2774,MLP,0.563,480.0,2.347545485657154
126,MLP,0.562,483.0,2.3433757778673545
176,MLP,0.562,483.0,2.3433757778673545
753,MLP,0.562,483.0,2.3433757778673545
780,MLP,0.562,483.0,2.3433757778673545
1702,MLP,0.562,483.0,2.3433757778673545
211,MLP,0.56,488.0,2.3350363622877555
826,MLP,0.56,488.0,2.3350363622877555
1551,MLP,0.56,488.0,2.3350363622877555
1913,MLP,0.56,488.0,2.3350363622877555
612,MLP,0.559,492.0,2.330866654497956
1146,MLP,0.559,492.0,2.330866654497956
1337,MLP,0.559,492.0,2.330866654497956
2191,MLP,0.559,492.0,2.330866654497956
2656,MLP,0.559,492.0,2.330866654497956
2746,MLP,0.559,492.0,2.330866654497956
901,MLP,0.558,498.0,2.3266969467081564
1226,MLP,0.558,498.0,2.3266969467081564
1431,MLP,0.558,498.0,2.3266969467081564
1212,MLP,0.556,501.0,2.3183575311285574
1296,MLP,0.556,501.0,2.3183575311285574
1693,MLP,0.556,501.0,2.3183575311285574
502,MLP,0.555,504.0,2.3141878233387576
830,MLP,0.555,504.0,2.3141878233387576
1192,MLP,0.555,504.0,2.3141878233387576
1627,MLP,0.555,504.0,2.3141878233387576
2480,MLP,0.555,504.0,2.3141878233387576
2487,MLP,0.555,504.0,2.3141878233387576
25,MLP,0.554,510.0,2.3100181155489583
2437,MLP,0.553,511.0,2.3058484077591586
371,MLP,0.552,512.0,2.3016786999693593
1382,MLP,0.552,512.0,2.3016786999693593
1623,MLP,0.552,512.0,2.3016786999693593
32,MLP,0.551,515.0,2.2975089921795595
917,MLP,0.551,515.0,2.2975089921795595
2053,MLP,0.551,515.0,2.2975089921795595
2164,MLP,0.551,515.0,2.2975089921795595
10,MLP,0.55,519.0,2.2933392843897598
1041,MLP,0.55,519.0,2.2933392843897598
1126,MLP,0.55,519.0,2.2933392843897598
2351,MLP,0.55,519.0,2.2933392843897598
24,MLP,0.549,523.0,2.2891695765999605
276,MLP,0.549,523.0,2.2891695765999605
746,MLP,0.549,523.0,2.2891695765999605
1258,MLP,0.549,523.0,2.2891695765999605
2010,MLP,0.549,523.0,2.2891695765999605
2022,MLP,0.549,523.0,2.2891695765999605
463,MLP,0.548,529.0,2.2849998688101607
860,MLP,0.548,529.0,2.2849998688101607
968,MLP,0.548,529.0,2.2849998688101607
1514,MLP,0.548,529.0,2.2849998688101607
996,MLP,0.547,533.0,2.2808301610203614
244,MLP,0.546,534.0,2.2766604532305617
429,MLP,0.546,534.0,2.2766604532305617
2012,MLP,0.546,534.0,2.2766604532305617
2770,MLP,0.546,534.0,2.2766604532305617
255,MLP,0.545,538.0,2.272490745440762
349,MLP,0.545,538.0,2.272490745440762
377,MLP,0.545,538.0,2.272490745440762
1019,MLP,0.544,541.0,2.2683210376509626
2748,MLP,0.544,541.0,2.2683210376509626
1062,MLP,0.543,543.0,2.264151329861163
1539,MLP,0.543,543.0,2.264151329861163
1604,MLP,0.542,545.0,2.2599816220713635
1672,MLP,0.542,545.0,2.2599816220713635
2393,MLP,0.542,545.0,2.2599816220713635
93,MLP,0.539,548.0,2.2474724987019647
151,MLP,0.539,548.0,2.2474724987019647
2593,MLP,0.538,550.0,2.243302790912165
402,MLP,0.537,551.0,2.2391330831223657
774,MLP,0.537,551.0,2.2391330831223657
1356,MLP,0.537,551.0,2.2391330831223657
2250,MLP,0.537,551.0,2.2391330831223657
1001,MLP,0.536,555.0,2.234963375332566
1958,MLP,0.535,556.0,2.230793667542766
468,MLP,0.534,557.0,2.226623959752967
538,MLP,0.534,557.0,2.226623959752967
635,MLP,0.534,557.0,2.226623959752967
878,MLP,0.534,557.0,2.226623959752967
694,MLP,0.532,561.0,2.218284544173368
1428,MLP,0.532,561.0,2.218284544173368
1537,MLP,0.532,561.0,2.218284544173368
2515,MLP,0.532,561.0,2.218284544173368
843,MLP,0.531,565.0,2.214114836383568
1686,MLP,0.531,565.0,2.214114836383568
836,MLP,0.529,567.0,2.205775420803969
847,MLP,0.529,567.0,2.205775420803969
2260,MLP,0.529,567.0,2.205775420803969
260,MLP,0.528,570.0,2.2016057130141693
812,MLP,0.528,570.0,2.2016057130141693
1012,MLP,0.528,570.0,2.2016057130141693
1413,MLP,0.528,570.0,2.2016057130141693
2367,MLP,0.528,570.0,2.2016057130141693
1167,MLP,0.527,575.0,2.19743600522437
2495,MLP,0.527,575.0,2.19743600522437
403,MLP,0.526,577.0,2.1932662974345702
1122,MLP,0.526,577.0,2.1932662974345702
1184,MLP,0.526,577.0,2.1932662974345702
2716,MLP,0.526,577.0,2.1932662974345702
77,MLP,0.525,581.0,2.189096589644771
1853,MLP,0.525,581.0,2.189096589644771
1166,MLP,0.524,583.0,2.184926881854971
1270,MLP,0.524,583.0,2.184926881854971
1708,MLP,0.524,583.0,2.184926881854971
2238,MLP,0.524,583.0,2.184926881854971
2505,MLP,0.524,583.0,2.184926881854971
2170,MLP,0.523,588.0,2.1807571740651714
2514,MLP,0.523,588.0,2.1807571740651714
2544,MLP,0.522,590.0,2.176587466275372
2741,MLP,0.522,590.0,2.176587466275372
316,MLP,0.521,592.0,2.1724177584855724
1825,MLP,0.521,592.0,2.1724177584855724
2033,MLP,0.521,592.0,2.1724177584855724
372,MLP,0.52,595.0,2.168248050695773
872,MLP,0.52,595.0,2.168248050695773
2607,MLP,0.52,595.0,2.168248050695773
2719,MLP,0.52,595.0,2.168248050695773
160,MLP,0.519,599.0,2.1640783429059733
1385,MLP,0.519,599.0,2.1640783429059733
389,MLP,0.518,601.0,2.1599086351161736
1020,MLP,0.518,601.0,2.1599086351161736
1650,MLP,0.518,601.0,2.1599086351161736
1893,MLP,0.518,601.0,2.1599086351161736
1909,MLP,0.518,601.0,2.1599086351161736
2189,MLP,0.518,601.0,2.1599086351161736
496,MLP,0.517,607.0,2.1557389273263743
509,MLP,0.517,607.0,2.1557389273263743
1764,MLP,0.517,607.0,2.1557389273263743
2204,MLP,0.517,607.0,2.1557389273263743
2392,MLP,0.517,607.0,2.1557389273263743
2564,MLP,0.517,607.0,2.1557389273263743
222,MLP,0.516,613.0,2.1515692195365745
2441,MLP,0.516,613.0,2.1515692195365745
59,MLP,0.515,615.0,2.1473995117467752
131,MLP,0.515,615.0,2.1473995117467752
600,MLP,0.515,615.0,2.1473995117467752
1312,MLP,0.515,615.0,2.1473995117467752
2533,MLP,0.515,615.0,2.1473995117467752
1622,MLP,0.514,620.0,2.1432298039569755
1203,MLP,0.513,621.0,2.1390600961671757
2319,MLP,0.513,621.0,2.1390600961671757
879,MLP,0.512,623.0,2.1348903883773764
2705,MLP,0.511,624.0,2.1307206805875767
187,MLP,0.51,625.0,2.1265509727977774
424,MLP,0.509,626.0,2.1223812650079776
960,MLP,0.509,626.0,2.1223812650079776
1811,MLP,0.509,626.0,2.1223812650079776
110,MLP,0.508,629.0,2.118211557218178
156,MLP,0.508,629.0,2.118211557218178
1922,MLP,0.508,629.0,2.118211557218178
2091,MLP,0.508,629.0,2.118211557218178
420,MLP,0.507,633.0,2.1140418494283786
649,MLP,0.507,633.0,2.1140418494283786
1756,MLP,0.507,633.0,2.1140418494283786
1914,MLP,0.507,633.0,2.1140418494283786
34,MLP,0.506,637.0,2.109872141638579
379,MLP,0.506,637.0,2.109872141638579
1501,MLP,0.506,637.0,2.109872141638579
2258,MLP,0.506,637.0,2.109872141638579
2394,MLP,0.506,637.0,2.109872141638579
1678,MLP,0.505,642.0,2.1057024338487795
12,MLP,0.504,643.0,2.10153272605898
714,MLP,0.504,643.0,2.10153272605898
1860,MLP,0.504,643.0,2.10153272605898
2380,MLP,0.503,646.0,2.0973630182691805
1263,MLP,0.502,647.0,2.0931933104793807
1814,MLP,0.502,647.0,2.0931933104793807
2665,MLP,0.502,647.0,2.0931933104793807
1111,MLP,0.501,650.0,2.089023602689581
1532,MLP,0.501,650.0,2.089023602689581
2132,MLP,0.501,650.0,2.089023602689581
2736,MLP,0.501,650.0,2.089023602689581
2762,MLP,0.501,650.0,2.089023602689581
991,MLP,0.5,655.0,2.0848538948997817
1246,MLP,0.5,655.0,2.0848538948997817
1023,MLP,0.499,657.0,2.080684187109982
1165,MLP,0.499,657.0,2.080684187109982
1969,MLP,0.499,657.0,2.080684187109982
2023,MLP,0.499,657.0,2.080684187109982
44,MLP,0.498,661.0,2.0765144793201826
1125,MLP,0.498,661.0,2.0765144793201826
1233,MLP,0.498,661.0,2.0765144793201826
1369,MLP,0.498,661.0,2.0765144793201826
2389,MLP,0.497,665.0,2.072344771530383
192,MLP,0.496,666.0,2.068175063740583
257,MLP,0.496,666.0,2.068175063740583
1151,MLP,0.496,666.0,2.068175063740583
1445,MLP,0.496,666.0,2.068175063740583
1808,MLP,0.496,666.0,2.068175063740583
1824,MLP,0.496,666.0,2.068175063740583
2089,MLP,0.495,672.0,2.064005355950784
729,MLP,0.494,673.0,2.059835648160984
1140,MLP,0.494,673.0,2.059835648160984
1565,MLP,0.494,673.0,2.059835648160984
27,MLP,0.493,676.0,2.0556659403711848
505,MLP,0.493,676.0,2.0556659403711848
2210,MLP,0.493,676.0,2.0556659403711848
2546,MLP,0.493,676.0,2.0556659403711848
768,MLP,0.492,680.0,2.051496232581385
1669,MLP,0.492,680.0,2.051496232581385
1689,MLP,0.492,680.0,2.051496232581385
2234,MLP,0.492,680.0,2.051496232581385
2501,MLP,0.492,680.0,2.051496232581385
1680,MLP,0.491,685.0,2.0473265247915853
1568,MLP,0.49,686.0,2.043156817001786
1872,MLP,0.49,686.0,2.043156817001786
2195,MLP,0.49,686.0,2.043156817001786
146,MLP,0.488,689.0,2.034817401422187
1522,MLP,0.488,689.0,2.034817401422187
2264,MLP,0.488,689.0,2.034817401422187
369,MLP,0.487,692.0,2.030647693632387
2115,MLP,0.487,692.0,2.030647693632387
587,MLP,0.486,694.0,2.0264779858425874
529,MLP,0.485,695.0,2.022308278052788
695,MLP,0.485,695.0,2.022308278052788
1450,MLP,0.485,695.0,2.022308278052788
1655,MLP,0.485,695.0,2.022308278052788
2090,MLP,0.485,695.0,2.022308278052788
2388,MLP,0.485,695.0,2.022308278052788
2490,MLP,0.484,701.0,2.0181385702629884
814,MLP,0.483,702.0,2.013968862473189
1244,MLP,0.483,702.0,2.013968862473189
409,MLP,0.482,704.0,2.0097991546833893
534,MLP,0.482,704.0,2.0097991546833893
1855,MLP,0.482,704.0,2.0097991546833893
2651,MLP,0.482,704.0,2.0097991546833893
292,MLP,0.481,708.0,2.00562944689359
2418,MLP,0.481,708.0,2.00562944689359
1105,MLP,0.48,710.0,2.0014597391037903
2368,MLP,0.48,710.0,2.0014597391037903
330,MLP,0.479,712.0,1.9972900313139907
404,MLP,0.479,712.0,1.9972900313139907
314,MLP,0.477,714.0,1.9889506157343915
1286,MLP,0.477,714.0,1.9889506157343915
1221,MLP,0.476,716.0,1.984780907944592
1439,MLP,0.476,716.0,1.984780907944592
876,MLP,0.475,718.0,1.9806112001547924
2723,MLP,0.475,718.0,1.9806112001547924
998,MLP,0.474,720.0,1.976441492364993
1090,MLP,0.474,720.0,1.976441492364993
2714,MLP,0.474,720.0,1.976441492364993
863,MLP,0.473,723.0,1.9722717845751934
1513,MLP,0.473,723.0,1.9722717845751934
2034,MLP,0.473,723.0,1.9722717845751934
2131,MLP,0.473,723.0,1.9722717845751934
2635,MLP,0.473,723.0,1.9722717845751934
1008,MLP,0.471,728.0,1.963932368995594
2525,MLP,0.471,728.0,1.963932368995594
387,MLP,0.47,730.0,1.9597626612057946
823,MLP,0.47,730.0,1.9597626612057946
1349,MLP,0.47,730.0,1.9597626612057946
1566,MLP,0.47,730.0,1.9597626612057946
1472,MLP,0.469,734.0,1.955592953415995
460,MLP,0.468,735.0,1.9514232456261957
555,MLP,0.468,735.0,1.9514232456261957
805,MLP,0.468,735.0,1.9514232456261957
1473,MLP,0.468,735.0,1.9514232456261957
1662,MLP,0.468,735.0,1.9514232456261957
2200,MLP,0.468,735.0,1.9514232456261957
2673,MLP,0.468,735.0,1.9514232456261957
1625,MLP,0.467,742.0,1.947253537836396
2157,MLP,0.467,742.0,1.947253537836396
2610,MLP,0.467,742.0,1.947253537836396
2717,MLP,0.467,742.0,1.947253537836396
1254,MLP,0.466,746.0,1.9430838300465965
1704,MLP,0.466,746.0,1.9430838300465965
81,MLP,0.465,748.0,1.938914122256797
391,MLP,0.465,748.0,1.938914122256797
1534,MLP,0.465,748.0,1.938914122256797
483,MLP,0.463,751.0,1.9305747066771979
905,MLP,0.463,751.0,1.9305747066771979
1475,MLP,0.463,751.0,1.9305747066771979
1506,MLP,0.463,751.0,1.9305747066771979
2561,MLP,0.463,751.0,1.9305747066771979
1711,MLP,0.462,756.0,1.9264049988873984
1781,MLP,0.462,756.0,1.9264049988873984
1863,MLP,0.462,756.0,1.9264049988873984
2634,MLP,0.461,759.0,1.9222352910975986
60,MLP,0.46,760.0,1.918065583307799
474,MLP,0.46,760.0,1.918065583307799
654,MLP,0.46,760.0,1.918065583307799
1954,MLP,0.46,760.0,1.918065583307799
53,MLP,0.459,764.0,1.9138958755179996
721,MLP,0.459,764.0,1.9138958755179996
732,MLP,0.459,764.0,1.9138958755179996
1607,MLP,0.459,764.0,1.9138958755179996
1739,MLP,0.459,764.0,1.9138958755179996
189,MLP,0.458,769.0,1.9097261677282
310,MLP,0.458,769.0,1.9097261677282
323,MLP,0.458,769.0,1.9097261677282
452,MLP,0.458,769.0,1.9097261677282
1418,MLP,0.458,769.0,1.9097261677282
865,MLP,0.457,774.0,1.9055564599384005
188,MLP,0.456,775.0,1.9013867521486008
902,MLP,0.455,776.0,1.8972170443588012
29,MLP,0.454,777.0,1.8930473365690017
370,MLP,0.454,777.0,1.8930473365690017
1183,MLP,0.454,777.0,1.8930473365690017
1953,MLP,0.454,777.0,1.8930473365690017
1375,MLP,0.453,781.0,1.8888776287792022
1408,MLP,0.453,781.0,1.8888776287792022
2333,MLP,0.453,781.0,1.8888776287792022
2598,MLP,0.453,781.0,1.8888776287792022
1869,MLP,0.452,785.0,1.8847079209894027
2338,MLP,0.452,785.0,1.8847079209894027
459,MLP,0.451,787.0,1.8805382131996031
1453,MLP,0.451,787.0,1.8805382131996031
2160,MLP,0.451,787.0,1.8805382131996031
2020,MLP,0.45,790.0,1.8763685054098034
2453,MLP,0.45,790.0,1.8763685054098034
143,MLP,0.449,792.0,1.8721987976200039
335,MLP,0.449,792.0,1.8721987976200039
978,MLP,0.449,792.0,1.8721987976200039
1363,MLP,0.449,792.0,1.8721987976200039
1780,MLP,0.449,792.0,1.8721987976200039
1944,MLP,0.449,792.0,1.8721987976200039
2141,MLP,0.449,792.0,1.8721987976200039
2585,MLP,0.449,792.0,1.8721987976200039
238,MLP,0.448,800.0,1.8680290898302043
1755,MLP,0.448,800.0,1.8680290898302043
1951,MLP,0.448,800.0,1.8680290898302043
888,MLP,0.447,803.0,1.8638593820404048
1026,MLP,0.447,803.0,1.8638593820404048
2080,MLP,0.447,803.0,1.8638593820404048
2447,MLP,0.447,803.0,1.8638593820404048
2750,MLP,0.447,803.0,1.8638593820404048
1189,MLP,0.446,808.0,1.8596896742506053
1670,MLP,0.446,808.0,1.8596896742506053
1861,MLP,0.446,808.0,1.8596896742506053
2442,MLP,0.446,808.0,1.8596896742506053
411,MLP,0.445,812.0,1.8555199664608055
1007,MLP,0.445,812.0,1.8555199664608055
1606,MLP,0.445,812.0,1.8555199664608055
851,MLP,0.444,815.0,1.851350258671006
1302,MLP,0.444,815.0,1.851350258671006
1763,MLP,0.444,815.0,1.851350258671006
1940,MLP,0.444,815.0,1.851350258671006
1986,MLP,0.444,815.0,1.851350258671006
457,MLP,0.443,820.0,1.8471805508812065
562,MLP,0.443,820.0,1.8471805508812065
566,MLP,0.443,820.0,1.8471805508812065
1829,MLP,0.443,820.0,1.8471805508812065
1862,MLP,0.443,820.0,1.8471805508812065
2212,MLP,0.443,820.0,1.8471805508812065
321,MLP,0.442,826.0,1.843010843091407
367,MLP,0.442,826.0,1.843010843091407
1073,MLP,0.442,826.0,1.843010843091407
1180,MLP,0.442,826.0,1.843010843091407
1610,MLP,0.442,826.0,1.843010843091407
2248,MLP,0.442,826.0,1.843010843091407
1291,MLP,0.441,832.0,1.8388411353016074
1511,MLP,0.441,832.0,1.8388411353016074
2220,MLP,0.441,832.0,1.8388411353016074
588,MLP,0.44,835.0,1.834671427511808
613,MLP,0.44,835.0,1.834671427511808
769,MLP,0.44,835.0,1.834671427511808
1048,MLP,0.44,835.0,1.834671427511808
1533,MLP,0.44,835.0,1.834671427511808
2419,MLP,0.44,835.0,1.834671427511808
76,MLP,0.439,841.0,1.8305017197220081
565,MLP,0.439,841.0,1.8305017197220081
1716,MLP,0.439,841.0,1.8305017197220081
2504,MLP,0.439,841.0,1.8305017197220081
2638,MLP,0.439,841.0,1.8305017197220081
2657,MLP,0.439,841.0,1.8305017197220081
1442,MLP,0.438,847.0,1.8263320119322086
1895,MLP,0.438,847.0,1.8263320119322086
506,MLP,0.436,849.0,1.8179925963526096
548,MLP,0.436,849.0,1.8179925963526096
1106,MLP,0.436,849.0,1.8179925963526096
2359,MLP,0.436,849.0,1.8179925963526096
2567,MLP,0.436,849.0,1.8179925963526096
2695,MLP,0.436,849.0,1.8179925963526096
162,MLP,0.435,855.0,1.81382288856281
1171,MLP,0.435,855.0,1.81382288856281
1391,MLP,0.435,855.0,1.81382288856281
1818,MLP,0.435,855.0,1.81382288856281
1846,MLP,0.435,855.0,1.81382288856281
2742,MLP,0.435,855.0,1.81382288856281
608,MLP,0.433,861.0,1.8054834729832108
710,MLP,0.433,861.0,1.8054834729832108
2697,MLP,0.433,861.0,1.8054834729832108
1980,MLP,0.432,864.0,1.8013137651934112
2605,MLP,0.432,864.0,1.8013137651934112
2739,MLP,0.432,864.0,1.8013137651934112
412,MLP,0.431,867.0,1.7971440574036117
1144,MLP,0.431,867.0,1.7971440574036117
1776,MLP,0.431,867.0,1.7971440574036117
1819,MLP,0.431,867.0,1.7971440574036117
2406,MLP,0.431,867.0,1.7971440574036117
64,MLP,0.43,872.0,1.7929743496138122
659,MLP,0.43,872.0,1.7929743496138122
827,MLP,0.43,872.0,1.7929743496138122
2276,MLP,0.43,872.0,1.7929743496138122
2381,MLP,0.43,872.0,1.7929743496138122
175,MLP,0.429,877.0,1.7888046418240127
738,MLP,0.429,877.0,1.7888046418240127
967,MLP,0.428,879.0,1.784634934034213
1775,MLP,0.428,879.0,1.784634934034213
2506,MLP,0.428,879.0,1.784634934034213
137,MLP,0.427,882.0,1.7804652262444134
210,MLP,0.427,882.0,1.7804652262444134
547,MLP,0.427,882.0,1.7804652262444134
629,MLP,0.427,882.0,1.7804652262444134
961,MLP,0.427,882.0,1.7804652262444134
624,MLP,0.426,887.0,1.7762955184546139
749,MLP,0.426,887.0,1.7762955184546139
845,MLP,0.426,887.0,1.7762955184546139
277,MLP,0.425,890.0,1.7721258106648143
668,MLP,0.425,890.0,1.7721258106648143
2252,MLP,0.425,890.0,1.7721258106648143
2452,MLP,0.425,890.0,1.7721258106648143
684,MLP,0.424,894.0,1.7679561028750148
286,MLP,0.423,895.0,1.763786395085215
513,MLP,0.423,895.0,1.763786395085215
973,MLP,0.422,897.0,1.7596166872954155
1224,MLP,0.422,897.0,1.7596166872954155
1383,MLP,0.422,897.0,1.7596166872954155
2232,MLP,0.422,897.0,1.7596166872954155
101,MLP,0.42,901.0,1.7512772717158165
115,MLP,0.42,901.0,1.7512772717158165
248,MLP,0.42,901.0,1.7512772717158165
798,MLP,0.42,901.0,1.7512772717158165
1682,MLP,0.42,901.0,1.7512772717158165
1279,MLP,0.419,906.0,1.747107563926017
1948,MLP,0.419,906.0,1.747107563926017
1976,MLP,0.419,906.0,1.747107563926017
2416,MLP,0.419,906.0,1.747107563926017
251,MLP,0.417,910.0,1.7387681483464177
376,MLP,0.417,910.0,1.7387681483464177
1248,MLP,0.417,910.0,1.7387681483464177
1304,MLP,0.417,910.0,1.7387681483464177
1378,MLP,0.417,910.0,1.7387681483464177
2241,MLP,0.417,910.0,1.7387681483464177
2532,MLP,0.417,910.0,1.7387681483464177
174,MLP,0.416,917.0,1.7345984405566182
265,MLP,0.416,917.0,1.7345984405566182
722,MLP,0.416,917.0,1.7345984405566182
1272,MLP,0.416,917.0,1.7345984405566182
1499,MLP,0.416,917.0,1.7345984405566182
1631,MLP,0.416,917.0,1.7345984405566182
2644,MLP,0.416,917.0,1.7345984405566182
169,MLP,0.415,924.0,1.7304287327668186
303,MLP,0.415,924.0,1.7304287327668186
705,MLP,0.415,924.0,1.7304287327668186
1407,MLP,0.415,924.0,1.7304287327668186
1973,MLP,0.415,924.0,1.7304287327668186
259,MLP,0.414,929.0,1.726259024977019
2001,MLP,0.414,929.0,1.726259024977019
1415,MLP,0.413,931.0,1.7220893171872196
2582,MLP,0.413,931.0,1.7220893171872196
373,MLP,0.412,933.0,1.7179196093974198
637,MLP,0.412,933.0,1.7179196093974198
914,MLP,0.412,933.0,1.7179196093974198
1150,MLP,0.412,933.0,1.7179196093974198
1715,MLP,0.412,933.0,1.7179196093974198
1807,MLP,0.412,933.0,1.7179196093974198
1875,MLP,0.412,933.0,1.7179196093974198
344,MLP,0.411,940.0,1.7137499016076203
546,MLP,0.411,940.0,1.7137499016076203
1267,MLP,0.411,940.0,1.7137499016076203
1968,MLP,0.411,940.0,1.7137499016076203
2055,MLP,0.411,940.0,1.7137499016076203
2221,MLP,0.411,940.0,1.7137499016076203
2372,MLP,0.411,940.0,1.7137499016076203
1443,MLP,0.41,947.0,1.7095801938178208
1608,MLP,0.41,947.0,1.7095801938178208
2105,MLP,0.41,947.0,1.7095801938178208
180,MLP,0.409,950.0,1.7054104860280213
924,MLP,0.409,950.0,1.7054104860280213
1933,MLP,0.409,950.0,1.7054104860280213
602,MLP,0.408,953.0,1.7012407782382217
2269,MLP,0.408,953.0,1.7012407782382217
2163,MLP,0.407,955.0,1.697071070448422
1328,MLP,0.406,956.0,1.6929013626586227
2519,MLP,0.406,956.0,1.6929013626586227
1343,MLP,0.405,958.0,1.6887316548688232
2136,MLP,0.405,958.0,1.6887316548688232
381,MLP,0.404,960.0,1.6845619470790236
630,MLP,0.404,960.0,1.6845619470790236
1517,MLP,0.404,960.0,1.6845619470790236
2315,MLP,0.404,960.0,1.6845619470790236
308,MLP,0.403,964.0,1.680392239289224
942,MLP,0.403,964.0,1.680392239289224
944,MLP,0.403,964.0,1.680392239289224
1119,MLP,0.403,964.0,1.680392239289224
2019,MLP,0.403,964.0,1.680392239289224
2128,MLP,0.403,964.0,1.680392239289224
574,MLP,0.402,970.0,1.6762225314994246
622,MLP,0.402,970.0,1.6762225314994246
701,MLP,0.402,970.0,1.6762225314994246
1828,MLP,0.402,970.0,1.6762225314994246
2104,MLP,0.402,970.0,1.6762225314994246
172,MLP,0.4,975.0,1.6678831159198253
873,MLP,0.4,975.0,1.6678831159198253
1538,MLP,0.4,975.0,1.6678831159198253
1838,MLP,0.4,975.0,1.6678831159198253
2185,MLP,0.4,975.0,1.6678831159198253
2386,MLP,0.4,975.0,1.6678831159198253
22,MLP,0.399,981.0,1.6637134081300258
822,MLP,0.399,981.0,1.6637134081300258
909,MLP,0.399,981.0,1.6637134081300258
950,MLP,0.399,981.0,1.6637134081300258
1962,MLP,0.399,981.0,1.6637134081300258
2073,MLP,0.399,981.0,1.6637134081300258
2178,MLP,0.399,981.0,1.6637134081300258
2332,MLP,0.399,981.0,1.6637134081300258
1315,MLP,0.398,989.0,1.6595437003402262
1640,MLP,0.398,989.0,1.6595437003402262
1864,MLP,0.398,989.0,1.6595437003402262
1965,MLP,0.398,989.0,1.6595437003402262
988,MLP,0.397,993.0,1.6553739925504267
1087,MLP,0.397,993.0,1.6553739925504267
1854,MLP,0.397,993.0,1.6553739925504267
8,MLP,0.396,996.0,1.651204284760627
482,MLP,0.396,996.0,1.651204284760627
708,MLP,0.396,996.0,1.651204284760627
1569,MLP,0.395,999.0,1.6470345769708274
2140,MLP,0.395,999.0,1.6470345769708274
2727,MLP,0.395,999.0,1.6470345769708274
1347,MLP,0.394,1002.0,1.642864869181028
1404,MLP,0.394,1002.0,1.642864869181028
133,MLP,0.393,1004.0,1.6386951613912284
327,MLP,0.393,1004.0,1.6386951613912284
890,MLP,0.393,1004.0,1.6386951613912284
1329,MLP,0.393,1004.0,1.6386951613912284
1966,MLP,0.393,1004.0,1.6386951613912284
65,MLP,0.392,1009.0,1.6345254536014289
523,MLP,0.392,1009.0,1.6345254536014289
1035,MLP,0.392,1009.0,1.6345254536014289
1524,MLP,0.392,1009.0,1.6345254536014289
2014,MLP,0.392,1009.0,1.6345254536014289
46,MLP,0.391,1014.0,1.6303557458116293
464,MLP,0.391,1014.0,1.6303557458116293
582,MLP,0.391,1014.0,1.6303557458116293
666,MLP,0.391,1014.0,1.6303557458116293
1281,MLP,0.391,1014.0,1.6303557458116293
2156,MLP,0.391,1014.0,1.6303557458116293
2737,MLP,0.391,1014.0,1.6303557458116293
26,MLP,0.39,1021.0,1.6261860380218296
728,MLP,0.39,1021.0,1.6261860380218296
1596,MLP,0.39,1021.0,1.6261860380218296
2042,MLP,0.39,1021.0,1.6261860380218296
2444,MLP,0.39,1021.0,1.6261860380218296
125,MLP,0.389,1026.0,1.62201633023203
130,MLP,0.389,1026.0,1.62201633023203
1044,MLP,0.389,1026.0,1.62201633023203
1699,MLP,0.389,1026.0,1.62201633023203
1942,MLP,0.389,1026.0,1.62201633023203
2078,MLP,0.389,1026.0,1.62201633023203
2175,MLP,0.389,1026.0,1.62201633023203
2226,MLP,0.389,1026.0,1.62201633023203
458,MLP,0.388,1034.0,1.6178466224422305
777,MLP,0.388,1034.0,1.6178466224422305
2122,MLP,0.388,1034.0,1.6178466224422305
2299,MLP,0.388,1034.0,1.6178466224422305
1021,MLP,0.387,1038.0,1.613676914652431
1055,MLP,0.387,1038.0,1.613676914652431
1500,MLP,0.387,1038.0,1.613676914652431
1858,MLP,0.387,1038.0,1.613676914652431
1934,MLP,0.387,1038.0,1.613676914652431
438,MLP,0.386,1043.0,1.6095072068626315
691,MLP,0.386,1043.0,1.6095072068626315
794,MLP,0.386,1043.0,1.6095072068626315
1353,MLP,0.386,1043.0,1.6095072068626315
2186,MLP,0.386,1043.0,1.6095072068626315
2568,MLP,0.386,1043.0,1.6095072068626315
99,MLP,0.385,1049.0,1.6053374990728317
414,MLP,0.385,1049.0,1.6053374990728317
469,MLP,0.385,1049.0,1.6053374990728317
734,MLP,0.385,1049.0,1.6053374990728317
2627,MLP,0.385,1049.0,1.6053374990728317
803,MLP,0.384,1054.0,1.6011677912830322
1098,MLP,0.384,1054.0,1.6011677912830322
1993,MLP,0.384,1054.0,1.6011677912830322
435,MLP,0.383,1057.0,1.5969980834932327
735,MLP,0.383,1057.0,1.5969980834932327
1397,MLP,0.383,1057.0,1.5969980834932327
1806,MLP,0.383,1057.0,1.5969980834932327
445,MLP,0.382,1061.0,1.5928283757034332
603,MLP,0.382,1061.0,1.5928283757034332
698,MLP,0.382,1061.0,1.5928283757034332
931,MLP,0.382,1061.0,1.5928283757034332
1317,MLP,0.382,1061.0,1.5928283757034332
1873,MLP,0.382,1061.0,1.5928283757034332
2151,MLP,0.382,1061.0,1.5928283757034332
2636,MLP,0.382,1061.0,1.5928283757034332
575,MLP,0.381,1069.0,1.5886586679136336
2114,MLP,0.381,1069.0,1.5886586679136336
2279,MLP,0.381,1069.0,1.5886586679136336
43,MLP,0.38,1072.0,1.5844889601238341
625,MLP,0.38,1072.0,1.5844889601238341
1017,MLP,0.38,1072.0,1.5844889601238341
1222,MLP,0.38,1072.0,1.5844889601238341
1266,MLP,0.38,1072.0,1.5844889601238341
597,MLP,0.379,1077.0,1.5803192523340344
689,MLP,0.379,1077.0,1.5803192523340344
1926,MLP,0.379,1077.0,1.5803192523340344
2082,MLP,0.379,1077.0,1.5803192523340344
1691,MLP,0.378,1081.0,1.5761495445442348
1943,MLP,0.378,1081.0,1.5761495445442348
2334,MLP,0.378,1081.0,1.5761495445442348
455,MLP,0.377,1084.0,1.5719798367544353
866,MLP,0.377,1084.0,1.5719798367544353
1396,MLP,0.377,1084.0,1.5719798367544353
1467,MLP,0.377,1084.0,1.5719798367544353
2412,MLP,0.377,1084.0,1.5719798367544353
2759,MLP,0.377,1084.0,1.5719798367544353
122,MLP,0.376,1090.0,1.5678101289646358
1460,MLP,0.376,1090.0,1.5678101289646358
1657,MLP,0.376,1090.0,1.5678101289646358
2649,MLP,0.376,1090.0,1.5678101289646358
2676,MLP,0.376,1090.0,1.5678101289646358
199,MLP,0.375,1095.0,1.5636404211748363
443,MLP,0.375,1095.0,1.5636404211748363
1170,MLP,0.375,1095.0,1.5636404211748363
1621,MLP,0.375,1095.0,1.5636404211748363
1646,MLP,0.375,1095.0,1.5636404211748363
1834,MLP,0.375,1095.0,1.5636404211748363
2481,MLP,0.375,1095.0,1.5636404211748363
2602,MLP,0.375,1095.0,1.5636404211748363
743,MLP,0.374,1103.0,1.5594707133850365
800,MLP,0.374,1103.0,1.5594707133850365
326,MLP,0.373,1105.0,1.555301005595237
755,MLP,0.373,1105.0,1.555301005595237
1032,MLP,0.373,1105.0,1.555301005595237
1194,MLP,0.373,1105.0,1.555301005595237
1695,MLP,0.373,1105.0,1.555301005595237
1796,MLP,0.373,1105.0,1.555301005595237
2278,MLP,0.373,1105.0,1.555301005595237
2327,MLP,0.373,1105.0,1.555301005595237
2354,MLP,0.373,1105.0,1.555301005595237
2616,MLP,0.373,1105.0,1.555301005595237
352,MLP,0.372,1115.0,1.5511312978054375
1005,MLP,0.372,1115.0,1.5511312978054375
1900,MLP,0.372,1115.0,1.5511312978054375
2531,MLP,0.372,1115.0,1.5511312978054375
2745,MLP,0.372,1115.0,1.5511312978054375
671,MLP,0.371,1120.0,1.546961590015638
962,MLP,0.371,1120.0,1.546961590015638
1100,MLP,0.371,1120.0,1.546961590015638
1891,MLP,0.371,1120.0,1.546961590015638
1989,MLP,0.371,1120.0,1.546961590015638
7,MLP,0.37,1125.0,1.5427918822258384
153,MLP,0.37,1125.0,1.5427918822258384
196,MLP,0.37,1125.0,1.5427918822258384
1648,MLP,0.37,1125.0,1.5427918822258384
2524,MLP,0.37,1125.0,1.5427918822258384
2622,MLP,0.37,1125.0,1.5427918822258384
2766,MLP,0.37,1125.0,1.5427918822258384
340,MLP,0.369,1132.0,1.5386221744360389
745,MLP,0.369,1132.0,1.5386221744360389
1546,MLP,0.369,1132.0,1.5386221744360389
1579,MLP,0.369,1132.0,1.5386221744360389
1939,MLP,0.369,1132.0,1.5386221744360389
2036,MLP,0.369,1132.0,1.5386221744360389
2222,MLP,0.369,1132.0,1.5386221744360389
2467,MLP,0.369,1132.0,1.5386221744360389
2079,MLP,0.368,1140.0,1.5344524666462391
2375,MLP,0.368,1140.0,1.5344524666462391
1155,MLP,0.367,1142.0,1.5302827588564396
1952,MLP,0.367,1142.0,1.5302827588564396
2068,MLP,0.367,1142.0,1.5302827588564396
2245,MLP,0.367,1142.0,1.5302827588564396
365,MLP,0.366,1146.0,1.52611305106664
400,MLP,0.366,1146.0,1.52611305106664
713,MLP,0.366,1146.0,1.52611305106664
952,MLP,0.366,1146.0,1.52611305106664
1535,MLP,0.366,1146.0,1.52611305106664
2390,MLP,0.366,1146.0,1.52611305106664
141,MLP,0.365,1152.0,1.5219433432768406
559,MLP,0.365,1152.0,1.5219433432768406
835,MLP,0.365,1152.0,1.5219433432768406
1297,MLP,0.365,1152.0,1.5219433432768406
1454,MLP,0.365,1152.0,1.5219433432768406
1609,MLP,0.365,1152.0,1.5219433432768406
1890,MLP,0.365,1152.0,1.5219433432768406
1912,MLP,0.365,1152.0,1.5219433432768406
2242,MLP,0.365,1152.0,1.5219433432768406
2543,MLP,0.365,1152.0,1.5219433432768406
97,MLP,0.364,1162.0,1.517773635487041
235,MLP,0.364,1162.0,1.517773635487041
350,MLP,0.364,1162.0,1.517773635487041
521,MLP,0.364,1162.0,1.517773635487041
1380,MLP,0.364,1162.0,1.517773635487041
2107,MLP,0.364,1162.0,1.517773635487041
161,MLP,0.363,1168.0,1.5136039276972413
333,MLP,0.363,1168.0,1.5136039276972413
752,MLP,0.363,1168.0,1.5136039276972413
918,MLP,0.363,1168.0,1.5136039276972413
994,MLP,0.363,1168.0,1.5136039276972413
1733,MLP,0.363,1168.0,1.5136039276972413
2293,MLP,0.363,1168.0,1.5136039276972413
2326,MLP,0.363,1168.0,1.5136039276972413
1768,MLP,0.362,1176.0,1.5094342199074418
1805,MLP,0.362,1176.0,1.5094342199074418
2462,MLP,0.362,1176.0,1.5094342199074418
2756,MLP,0.362,1176.0,1.5094342199074418
976,MLP,0.361,1180.0,1.5052645121176422
1199,MLP,0.361,1180.0,1.5052645121176422
1798,MLP,0.361,1180.0,1.5052645121176422
2522,MLP,0.361,1180.0,1.5052645121176422
2684,MLP,0.361,1180.0,1.5052645121176422
741,MLP,0.36,1185.0,1.5010948043278427
2087,MLP,0.36,1185.0,1.5010948043278427
393,MLP,0.359,1187.0,1.4969250965380432
819,MLP,0.359,1187.0,1.4969250965380432
1081,MLP,0.359,1187.0,1.4969250965380432
1405,MLP,0.359,1187.0,1.4969250965380432
1728,MLP,0.359,1187.0,1.4969250965380432
1877,MLP,0.359,1187.0,1.4969250965380432
164,MLP,0.358,1193.0,1.4927553887482437
1163,MLP,0.358,1193.0,1.4927553887482437
2489,MLP,0.358,1193.0,1.4927553887482437
204,MLP,0.357,1196.0,1.488585680958444
619,MLP,0.357,1196.0,1.488585680958444
757,MLP,0.357,1196.0,1.488585680958444
943,MLP,0.357,1196.0,1.488585680958444
1207,MLP,0.357,1196.0,1.488585680958444
1309,MLP,0.357,1196.0,1.488585680958444
2571,MLP,0.357,1196.0,1.488585680958444
219,MLP,0.356,1203.0,1.4844159731686444
501,MLP,0.356,1203.0,1.4844159731686444
592,MLP,0.356,1203.0,1.4844159731686444
682,MLP,0.356,1203.0,1.4844159731686444
1239,MLP,0.356,1203.0,1.4844159731686444
1394,MLP,0.356,1203.0,1.4844159731686444
1770,MLP,0.356,1203.0,1.4844159731686444
2044,MLP,0.356,1203.0,1.4844159731686444
2096,MLP,0.356,1203.0,1.4844159731686444
2148,MLP,0.356,1203.0,1.4844159731686444
2216,MLP,0.356,1203.0,1.4844159731686444
2526,MLP,0.356,1203.0,1.4844159731686444
2760,MLP,0.356,1203.0,1.4844159731686444
23,MLP,0.355,1216.0,1.4802462653788448
2408,MLP,0.355,1216.0,1.4802462653788448
536,MLP,0.354,1218.0,1.4760765575890453
1660,MLP,0.354,1218.0,1.4760765575890453
2074,MLP,0.354,1218.0,1.4760765575890453
2658,MLP,0.354,1218.0,1.4760765575890453
184,MLP,0.353,1222.0,1.4719068497992458
247,MLP,0.353,1222.0,1.4719068497992458
891,MLP,0.353,1222.0,1.4719068497992458
1112,MLP,0.353,1222.0,1.4719068497992458
2464,MLP,0.353,1222.0,1.4719068497992458
2494,MLP,0.353,1222.0,1.4719068497992458
66,MLP,0.352,1228.0,1.467737142009446
450,MLP,0.352,1228.0,1.467737142009446
855,MLP,0.352,1228.0,1.467737142009446
1039,MLP,0.352,1228.0,1.467737142009446
1496,MLP,0.352,1228.0,1.467737142009446
2233,MLP,0.352,1228.0,1.467737142009446
2735,MLP,0.352,1228.0,1.467737142009446
2355,MLP,0.351,1235.0,1.4635674342196465
1108,MLP,0.35,1236.0,1.459397726429847
1342,MLP,0.35,1236.0,1.459397726429847
1440,MLP,0.35,1236.0,1.459397726429847
1574,MLP,0.35,1236.0,1.459397726429847
1710,MLP,0.35,1236.0,1.459397726429847
1955,MLP,0.35,1236.0,1.459397726429847
2135,MLP,0.35,1236.0,1.459397726429847
2294,MLP,0.35,1236.0,1.459397726429847
2670,MLP,0.35,1236.0,1.459397726429847
62,MLP,0.349,1245.0,1.4552280186400475
1673,MLP,0.349,1245.0,1.4552280186400475
2025,MLP,0.349,1245.0,1.4552280186400475
2590,MLP,0.349,1245.0,1.4552280186400475
208,MLP,0.348,1249.0,1.451058310850248
869,MLP,0.348,1249.0,1.451058310850248
2108,MLP,0.348,1249.0,1.451058310850248
2119,MLP,0.348,1249.0,1.451058310850248
2246,MLP,0.348,1249.0,1.451058310850248
2523,MLP,0.348,1249.0,1.451058310850248
399,MLP,0.347,1255.0,1.4468886030604482
1079,MLP,0.347,1255.0,1.4468886030604482
1388,MLP,0.347,1255.0,1.4468886030604482
1736,MLP,0.347,1255.0,1.4468886030604482
1762,MLP,0.347,1255.0,1.4468886030604482
1852,MLP,0.347,1255.0,1.4468886030604482
2757,MLP,0.347,1255.0,1.4468886030604482
61,MLP,0.346,1262.0,1.4427188952706487
228,MLP,0.346,1262.0,1.4427188952706487
245,MLP,0.346,1262.0,1.4427188952706487
646,MLP,0.346,1262.0,1.4427188952706487
782,MLP,0.346,1262.0,1.4427188952706487
809,MLP,0.346,1262.0,1.4427188952706487
1599,MLP,0.346,1262.0,1.4427188952706487
1981,MLP,0.346,1262.0,1.4427188952706487
1998,MLP,0.346,1262.0,1.4427188952706487
2767,MLP,0.346,1262.0,1.4427188952706487
1219,MLP,0.345,1272.0,1.4385491874808491
1897,MLP,0.345,1272.0,1.4385491874808491
236,MLP,0.344,1274.0,1.4343794796910496
298,MLP,0.344,1274.0,1.4343794796910496
451,MLP,0.344,1274.0,1.4343794796910496
1417,MLP,0.344,1274.0,1.4343794796910496
1466,MLP,0.344,1274.0,1.4343794796910496
2162,MLP,0.344,1274.0,1.4343794796910496
2488,MLP,0.344,1274.0,1.4343794796910496
385,MLP,0.343,1281.0,1.4302097719012503
886,MLP,0.343,1281.0,1.4302097719012503
1152,MLP,0.343,1281.0,1.4302097719012503
1554,MLP,0.343,1281.0,1.4302097719012503
1744,MLP,0.343,1281.0,1.4302097719012503
92,MLP,0.342,1286.0,1.4260400641114508
364,MLP,0.342,1286.0,1.4260400641114508
531,MLP,0.342,1286.0,1.4260400641114508
1215,MLP,0.342,1286.0,1.4260400641114508
1444,MLP,0.342,1286.0,1.4260400641114508
1570,MLP,0.342,1286.0,1.4260400641114508
2045,MLP,0.342,1286.0,1.4260400641114508
17,MLP,0.341,1293.0,1.421870356321651
225,MLP,0.341,1293.0,1.421870356321651
862,MLP,0.341,1293.0,1.421870356321651
1148,MLP,0.341,1293.0,1.421870356321651
1489,MLP,0.341,1293.0,1.421870356321651
1658,MLP,0.341,1293.0,1.421870356321651
1835,MLP,0.341,1293.0,1.421870356321651
2778,MLP,0.341,1293.0,1.421870356321651
478,MLP,0.34,1301.0,1.4177006485318515
954,MLP,0.34,1301.0,1.4177006485318515
1544,MLP,0.34,1301.0,1.4177006485318515
1592,MLP,0.34,1301.0,1.4177006485318515
1766,MLP,0.34,1301.0,1.4177006485318515
2457,MLP,0.34,1301.0,1.4177006485318515
157,MLP,0.339,1307.0,1.413530940742052
301,MLP,0.339,1307.0,1.413530940742052
441,MLP,0.339,1307.0,1.413530940742052
1153,MLP,0.339,1307.0,1.413530940742052
1773,MLP,0.339,1307.0,1.413530940742052
1938,MLP,0.339,1307.0,1.413530940742052
2236,MLP,0.339,1307.0,1.413530940742052
55,MLP,0.338,1314.0,1.4093612329522525
283,MLP,0.338,1314.0,1.4093612329522525
549,MLP,0.338,1314.0,1.4093612329522525
583,MLP,0.338,1314.0,1.4093612329522525
676,MLP,0.338,1314.0,1.4093612329522525
1240,MLP,0.338,1314.0,1.4093612329522525
1563,MLP,0.338,1314.0,1.4093612329522525
2699,MLP,0.338,1314.0,1.4093612329522525
165,MLP,0.337,1322.0,1.405191525162453
1210,MLP,0.337,1322.0,1.405191525162453
1712,MLP,0.337,1322.0,1.405191525162453
2180,MLP,0.337,1322.0,1.405191525162453
2243,MLP,0.337,1322.0,1.405191525162453
670,MLP,0.336,1327.0,1.4010218173726534
1069,MLP,0.336,1327.0,1.4010218173726534
1510,MLP,0.336,1327.0,1.4010218173726534
1613,MLP,0.336,1327.0,1.4010218173726534
279,MLP,0.335,1331.0,1.3968521095828537
883,MLP,0.335,1331.0,1.3968521095828537
935,MLP,0.335,1331.0,1.3968521095828537
2133,MLP,0.335,1331.0,1.3968521095828537
2425,MLP,0.335,1331.0,1.3968521095828537
256,MLP,0.334,1336.0,1.3926824017930541
272,MLP,0.334,1336.0,1.3926824017930541
396,MLP,0.334,1336.0,1.3926824017930541
526,MLP,0.334,1336.0,1.3926824017930541
596,MLP,0.334,1336.0,1.3926824017930541
1802,MLP,0.334,1336.0,1.3926824017930541
2049,MLP,0.334,1336.0,1.3926824017930541
2144,MLP,0.334,1336.0,1.3926824017930541
2256,MLP,0.334,1336.0,1.3926824017930541
2400,MLP,0.334,1336.0,1.3926824017930541
2512,MLP,0.334,1336.0,1.3926824017930541
337,MLP,0.333,1347.0,1.3885126940032546
388,MLP,0.333,1347.0,1.3885126940032546
725,MLP,0.333,1347.0,1.3885126940032546
766,MLP,0.333,1347.0,1.3885126940032546
1154,MLP,0.333,1347.0,1.3885126940032546
1179,MLP,0.333,1347.0,1.3885126940032546
1456,MLP,0.333,1347.0,1.3885126940032546
1600,MLP,0.333,1347.0,1.3885126940032546
2206,MLP,0.333,1347.0,1.3885126940032546
2292,MLP,0.333,1347.0,1.3885126940032546
2360,MLP,0.333,1347.0,1.3885126940032546
2403,MLP,0.333,1347.0,1.3885126940032546
712,MLP,0.332,1359.0,1.384342986213455
966,MLP,0.332,1359.0,1.384342986213455
1685,MLP,0.332,1359.0,1.384342986213455
2361,MLP,0.332,1359.0,1.384342986213455
2415,MLP,0.332,1359.0,1.384342986213455
495,MLP,0.331,1364.0,1.3801732784236556
893,MLP,0.331,1364.0,1.3801732784236556
898,MLP,0.331,1364.0,1.3801732784236556
1120,MLP,0.331,1364.0,1.3801732784236556
1241,MLP,0.331,1364.0,1.3801732784236556
1956,MLP,0.331,1364.0,1.3801732784236556
2237,MLP,0.331,1364.0,1.3801732784236556
45,MLP,0.33,1371.0,1.3760035706338558
357,MLP,0.33,1371.0,1.3760035706338558
906,MLP,0.33,1371.0,1.3760035706338558
1582,MLP,0.33,1371.0,1.3760035706338558
1665,MLP,0.33,1371.0,1.3760035706338558
2065,MLP,0.33,1371.0,1.3760035706338558
2097,MLP,0.33,1371.0,1.3760035706338558
2153,MLP,0.33,1371.0,1.3760035706338558
2282,MLP,0.33,1371.0,1.3760035706338558
2363,MLP,0.33,1371.0,1.3760035706338558
945,MLP,0.329,1381.0,1.3718338628440563
1698,MLP,0.329,1381.0,1.3718338628440563
18,MLP,0.328,1383.0,1.3676641550542568
250,MLP,0.328,1383.0,1.3676641550542568
348,MLP,0.328,1383.0,1.3676641550542568
497,MLP,0.328,1383.0,1.3676641550542568
609,MLP,0.328,1383.0,1.3676641550542568
799,MLP,0.328,1383.0,1.3676641550542568
1047,MLP,0.328,1383.0,1.3676641550542568
1059,MLP,0.328,1383.0,1.3676641550542568
1946,MLP,0.328,1383.0,1.3676641550542568
2629,MLP,0.328,1383.0,1.3676641550542568
2698,MLP,0.328,1383.0,1.3676641550542568
116,MLP,0.327,1394.0,1.3634944472644572
185,MLP,0.327,1394.0,1.3634944472644572
422,MLP,0.327,1394.0,1.3634944472644572
503,MLP,0.327,1394.0,1.3634944472644572
1097,MLP,0.327,1394.0,1.3634944472644572
1458,MLP,0.327,1394.0,1.3634944472644572
759,MLP,0.326,1400.0,1.3593247394746577
1051,MLP,0.326,1400.0,1.3593247394746577
1491,MLP,0.326,1400.0,1.3593247394746577
1813,MLP,0.326,1400.0,1.3593247394746577
2027,MLP,0.326,1400.0,1.3593247394746577
2485,MLP,0.326,1400.0,1.3593247394746577
2682,MLP,0.326,1400.0,1.3593247394746577
9,MLP,0.325,1407.0,1.355155031684858
416,MLP,0.325,1407.0,1.355155031684858
792,MLP,0.325,1407.0,1.355155031684858
832,MLP,0.325,1407.0,1.355155031684858
1581,MLP,0.325,1407.0,1.355155031684858
1789,MLP,0.325,1407.0,1.355155031684858
2539,MLP,0.325,1407.0,1.355155031684858
2601,MLP,0.325,1407.0,1.355155031684858
897,MLP,0.324,1415.0,1.3509853238950584
1078,MLP,0.324,1415.0,1.3509853238950584
1306,MLP,0.324,1415.0,1.3509853238950584
1483,MLP,0.324,1415.0,1.3509853238950584
2028,MLP,0.324,1415.0,1.3509853238950584
2251,MLP,0.324,1415.0,1.3509853238950584
150,MLP,0.323,1421.0,1.346815616105259
417,MLP,0.323,1421.0,1.346815616105259
1521,MLP,0.323,1421.0,1.346815616105259
1782,MLP,0.323,1421.0,1.346815616105259
2286,MLP,0.323,1421.0,1.346815616105259
2530,MLP,0.323,1421.0,1.346815616105259
675,MLP,0.322,1427.0,1.3426459083154594
846,MLP,0.322,1427.0,1.3426459083154594
896,MLP,0.322,1427.0,1.3426459083154594
986,MLP,0.322,1427.0,1.3426459083154594
1457,MLP,0.322,1427.0,1.3426459083154594
1721,MLP,0.322,1427.0,1.3426459083154594
1971,MLP,0.322,1427.0,1.3426459083154594
2102,MLP,0.322,1427.0,1.3426459083154594
2491,MLP,0.322,1427.0,1.3426459083154594
2594,MLP,0.322,1427.0,1.3426459083154594
2713,MLP,0.322,1427.0,1.3426459083154594
205,MLP,0.321,1438.0,1.3384762005256599
1620,MLP,0.321,1438.0,1.3384762005256599
1977,MLP,0.321,1438.0,1.3384762005256599
2017,MLP,0.321,1438.0,1.3384762005256599
2138,MLP,0.321,1438.0,1.3384762005256599
2247,MLP,0.321,1438.0,1.3384762005256599
2473,MLP,0.321,1438.0,1.3384762005256599
2643,MLP,0.321,1438.0,1.3384762005256599
155,MLP,0.32,1446.0,1.3343064927358603
433,MLP,0.32,1446.0,1.3343064927358603
481,MLP,0.32,1446.0,1.3343064927358603
770,MLP,0.32,1446.0,1.3343064927358603
871,MLP,0.32,1446.0,1.3343064927358603
1076,MLP,0.32,1446.0,1.3343064927358603
1141,MLP,0.32,1446.0,1.3343064927358603
1333,MLP,0.32,1446.0,1.3343064927358603
1950,MLP,0.32,1446.0,1.3343064927358603
47,MLP,0.319,1455.0,1.3301367849460606
91,MLP,0.319,1455.0,1.3301367849460606
432,MLP,0.319,1455.0,1.3301367849460606
1478,MLP,0.319,1455.0,1.3301367849460606
1803,MLP,0.319,1455.0,1.3301367849460606
1888,MLP,0.319,1455.0,1.3301367849460606
1978,MLP,0.319,1455.0,1.3301367849460606
1985,MLP,0.319,1455.0,1.3301367849460606
2240,MLP,0.319,1455.0,1.3301367849460606
2683,MLP,0.319,1455.0,1.3301367849460606
246,MLP,0.318,1465.0,1.325967077156261
366,MLP,0.318,1465.0,1.325967077156261
564,MLP,0.318,1465.0,1.325967077156261
853,MLP,0.318,1465.0,1.325967077156261
1013,MLP,0.318,1465.0,1.325967077156261
1214,MLP,0.318,1465.0,1.325967077156261
1268,MLP,0.318,1465.0,1.325967077156261
1352,MLP,0.318,1465.0,1.325967077156261
1367,MLP,0.318,1465.0,1.325967077156261
1392,MLP,0.318,1465.0,1.325967077156261
2187,MLP,0.318,1465.0,1.325967077156261
2431,MLP,0.318,1465.0,1.325967077156261
2496,MLP,0.318,1465.0,1.325967077156261
2528,MLP,0.318,1465.0,1.325967077156261
41,MLP,0.317,1479.0,1.3217973693664615
145,MLP,0.317,1479.0,1.3217973693664615
263,MLP,0.317,1479.0,1.3217973693664615
426,MLP,0.317,1479.0,1.3217973693664615
533,MLP,0.317,1479.0,1.3217973693664615
633,MLP,0.317,1479.0,1.3217973693664615
1725,MLP,0.317,1479.0,1.3217973693664615
1996,MLP,0.317,1479.0,1.3217973693664615
2374,MLP,0.317,1479.0,1.3217973693664615
2613,MLP,0.317,1479.0,1.3217973693664615
2692,MLP,0.317,1479.0,1.3217973693664615
544,MLP,0.316,1490.0,1.317627661576662
834,MLP,0.316,1490.0,1.317627661576662
1616,MLP,0.316,1490.0,1.317627661576662
2301,MLP,0.316,1490.0,1.317627661576662
2302,MLP,0.316,1490.0,1.317627661576662
237,MLP,0.315,1495.0,1.3134579537868625
354,MLP,0.315,1495.0,1.3134579537868625
471,MLP,0.315,1495.0,1.3134579537868625
516,MLP,0.315,1495.0,1.3134579537868625
580,MLP,0.315,1495.0,1.3134579537868625
683,MLP,0.315,1495.0,1.3134579537868625
781,MLP,0.315,1495.0,1.3134579537868625
1056,MLP,0.315,1495.0,1.3134579537868625
1787,MLP,0.315,1495.0,1.3134579537868625
2088,MLP,0.315,1495.0,1.3134579537868625
2321,MLP,0.315,1495.0,1.3134579537868625
2615,MLP,0.315,1495.0,1.3134579537868625
2709,MLP,0.315,1495.0,1.3134579537868625
473,MLP,0.314,1508.0,1.3092882459970627
1643,MLP,0.314,1508.0,1.3092882459970627
1720,MLP,0.314,1508.0,1.3092882459970627
2048,MLP,0.314,1508.0,1.3092882459970627
2173,MLP,0.314,1508.0,1.3092882459970627
2365,MLP,0.314,1508.0,1.3092882459970627
2410,MLP,0.314,1508.0,1.3092882459970627
2562,MLP,0.314,1508.0,1.3092882459970627
2639,MLP,0.314,1508.0,1.3092882459970627
2646,MLP,0.314,1508.0,1.3092882459970627
553,MLP,0.313,1518.0,1.3051185382072632
915,MLP,0.313,1518.0,1.3051185382072632
1052,MLP,0.313,1518.0,1.3051185382072632
1292,MLP,0.313,1518.0,1.3051185382072632
1447,MLP,0.313,1518.0,1.3051185382072632
2003,MLP,0.313,1518.0,1.3051185382072632
2223,MLP,0.313,1518.0,1.3051185382072632
2591,MLP,0.313,1518.0,1.3051185382072632
2773,MLP,0.313,1518.0,1.3051185382072632
223,MLP,0.312,1527.0,1.3009488304174637
607,MLP,0.312,1527.0,1.3009488304174637
1474,MLP,0.312,1527.0,1.3009488304174637
2291,MLP,0.312,1527.0,1.3009488304174637
594,MLP,0.311,1531.0,1.2967791226276641
686,MLP,0.311,1531.0,1.2967791226276641
908,MLP,0.311,1531.0,1.2967791226276641
1137,MLP,0.311,1531.0,1.2967791226276641
1200,MLP,0.311,1531.0,1.2967791226276641
1330,MLP,0.311,1531.0,1.2967791226276641
1334,MLP,0.311,1531.0,1.2967791226276641
1384,MLP,0.311,1531.0,1.2967791226276641
2016,MLP,0.311,1531.0,1.2967791226276641
2100,MLP,0.311,1531.0,1.2967791226276641
2112,MLP,0.311,1531.0,1.2967791226276641
2341,MLP,0.311,1531.0,1.2967791226276641
2391,MLP,0.311,1531.0,1.2967791226276641
2405,MLP,0.311,1531.0,1.2967791226276641
2755,MLP,0.311,1531.0,1.2967791226276641
305,MLP,0.31,1546.0,1.2926094148378646
362,MLP,0.31,1546.0,1.2926094148378646
1211,MLP,0.31,1546.0,1.2926094148378646
1866,MLP,0.31,1546.0,1.2926094148378646
2371,MLP,0.31,1546.0,1.2926094148378646
2446,MLP,0.31,1546.0,1.2926094148378646
2484,MLP,0.31,1546.0,1.2926094148378646
2527,MLP,0.31,1546.0,1.2926094148378646
112,MLP,0.309,1554.0,1.288439707048065
342,MLP,0.309,1554.0,1.288439707048065
1068,MLP,0.309,1554.0,1.288439707048065
1208,MLP,0.309,1554.0,1.288439707048065
1730,MLP,0.309,1554.0,1.288439707048065
2116,MLP,0.309,1554.0,1.288439707048065
95,MLP,0.308,1560.0,1.2842699992582653
124,MLP,0.308,1560.0,1.2842699992582653
353,MLP,0.308,1560.0,1.2842699992582653
449,MLP,0.308,1560.0,1.2842699992582653
756,MLP,0.308,1560.0,1.2842699992582653
1290,MLP,0.308,1560.0,1.2842699992582653
1490,MLP,0.308,1560.0,1.2842699992582653
1937,MLP,0.308,1560.0,1.2842699992582653
2043,MLP,0.308,1560.0,1.2842699992582653
2573,MLP,0.308,1560.0,1.2842699992582653
2769,MLP,0.308,1560.0,1.2842699992582653
2771,MLP,0.308,1560.0,1.2842699992582653
2775,MLP,0.308,1560.0,1.2842699992582653
217,MLP,0.307,1573.0,1.2801002914684658
447,MLP,0.307,1573.0,1.2801002914684658
1188,MLP,0.307,1573.0,1.2801002914684658
1257,MLP,0.307,1573.0,1.2801002914684658
1402,MLP,0.307,1573.0,1.2801002914684658
1761,MLP,0.307,1573.0,1.2801002914684658
2346,MLP,0.307,1573.0,1.2801002914684658
2642,MLP,0.307,1573.0,1.2801002914684658
568,MLP,0.306,1581.0,1.2759305836786663
747,MLP,0.306,1581.0,1.2759305836786663
1425,MLP,0.306,1581.0,1.2759305836786663
1567,MLP,0.306,1581.0,1.2759305836786663
1577,MLP,0.306,1581.0,1.2759305836786663
1618,MLP,0.306,1581.0,1.2759305836786663
1707,MLP,0.306,1581.0,1.2759305836786663
1990,MLP,0.306,1581.0,1.2759305836786663
2691,MLP,0.306,1581.0,1.2759305836786663
2763,MLP,0.306,1581.0,1.2759305836786663
4,MLP,0.305,1591.0,1.2717608758888668
224,MLP,0.305,1591.0,1.2717608758888668
345,MLP,0.305,1591.0,1.2717608758888668
591,MLP,0.305,1591.0,1.2717608758888668
605,MLP,0.305,1591.0,1.2717608758888668
615,MLP,0.305,1591.0,1.2717608758888668
1067,MLP,0.305,1591.0,1.2717608758888668
1138,MLP,0.305,1591.0,1.2717608758888668
1747,MLP,0.305,1591.0,1.2717608758888668
2021,MLP,0.305,1591.0,1.2717608758888668
2058,MLP,0.305,1591.0,1.2717608758888668
2120,MLP,0.305,1591.0,1.2717608758888668
2150,MLP,0.305,1591.0,1.2717608758888668
2205,MLP,0.305,1591.0,1.2717608758888668
147,MLP,0.304,1605.0,1.2675911680990672
178,MLP,0.304,1605.0,1.2675911680990672
221,MLP,0.304,1605.0,1.2675911680990672
413,MLP,0.304,1605.0,1.2675911680990672
540,MLP,0.304,1605.0,1.2675911680990672
640,MLP,0.304,1605.0,1.2675911680990672
685,MLP,0.304,1605.0,1.2675911680990672
1364,MLP,0.304,1605.0,1.2675911680990672
1455,MLP,0.304,1605.0,1.2675911680990672
2230,MLP,0.304,1605.0,1.2675911680990672
2553,MLP,0.304,1605.0,1.2675911680990672
201,MLP,0.303,1616.0,1.2634214603092675
319,MLP,0.303,1616.0,1.2634214603092675
653,MLP,0.303,1616.0,1.2634214603092675
702,MLP,0.303,1616.0,1.2634214603092675
718,MLP,0.303,1616.0,1.2634214603092675
1441,MLP,0.303,1616.0,1.2634214603092675
2314,MLP,0.303,1616.0,1.2634214603092675
2640,MLP,0.303,1616.0,1.2634214603092675
560,MLP,0.302,1624.0,1.259251752519468
578,MLP,0.302,1624.0,1.259251752519468
716,MLP,0.302,1624.0,1.259251752519468
1706,MLP,0.302,1624.0,1.259251752519468
1788,MLP,0.302,1624.0,1.259251752519468
2184,MLP,0.302,1624.0,1.259251752519468
6,MLP,0.301,1630.0,1.2550820447296684
545,MLP,0.301,1630.0,1.2550820447296684
621,MLP,0.301,1630.0,1.2550820447296684
647,MLP,0.301,1630.0,1.2550820447296684
784,MLP,0.301,1630.0,1.2550820447296684
1173,MLP,0.301,1630.0,1.2550820447296684
1261,MLP,0.301,1630.0,1.2550820447296684
1301,MLP,0.301,1630.0,1.2550820447296684
1752,MLP,0.301,1630.0,1.2550820447296684
57,MLP,0.3,1639.0,1.250912336939869
1182,MLP,0.3,1639.0,1.250912336939869
1359,MLP,0.3,1639.0,1.250912336939869
2201,MLP,0.3,1639.0,1.250912336939869
2445,MLP,0.3,1639.0,1.250912336939869
2458,MLP,0.3,1639.0,1.250912336939869
1,MLP,0.299,1645.0,1.2467426291500694
394,MLP,0.299,1645.0,1.2467426291500694
519,MLP,0.299,1645.0,1.2467426291500694
618,MLP,0.299,1645.0,1.2467426291500694
813,MLP,0.299,1645.0,1.2467426291500694
1751,MLP,0.299,1645.0,1.2467426291500694
1800,MLP,0.299,1645.0,1.2467426291500694
2168,MLP,0.299,1645.0,1.2467426291500694
2397,MLP,0.299,1645.0,1.2467426291500694
2597,MLP,0.299,1645.0,1.2467426291500694
611,MLP,0.298,1655.0,1.2425729213602699
667,MLP,0.298,1655.0,1.2425729213602699
681,MLP,0.298,1655.0,1.2425729213602699
690,MLP,0.298,1655.0,1.2425729213602699
1128,MLP,0.298,1655.0,1.2425729213602699
1131,MLP,0.298,1655.0,1.2425729213602699
1430,MLP,0.298,1655.0,1.2425729213602699
1547,MLP,0.298,1655.0,1.2425729213602699
1556,MLP,0.298,1655.0,1.2425729213602699
1959,MLP,0.298,1655.0,1.2425729213602699
2069,MLP,0.298,1655.0,1.2425729213602699
2358,MLP,0.298,1655.0,1.2425729213602699
2448,MLP,0.298,1655.0,1.2425729213602699
33,MLP,0.297,1668.0,1.2384032135704701
56,MLP,0.297,1668.0,1.2384032135704701
114,MLP,0.297,1668.0,1.2384032135704701
709,MLP,0.297,1668.0,1.2384032135704701
990,MLP,0.297,1668.0,1.2384032135704701
1205,MLP,0.297,1668.0,1.2384032135704701
1323,MLP,0.297,1668.0,1.2384032135704701
1494,MLP,0.297,1668.0,1.2384032135704701
1545,MLP,0.297,1668.0,1.2384032135704701
1562,MLP,0.297,1668.0,1.2384032135704701
1734,MLP,0.297,1668.0,1.2384032135704701
1767,MLP,0.297,1668.0,1.2384032135704701
1881,MLP,0.297,1668.0,1.2384032135704701
2083,MLP,0.297,1668.0,1.2384032135704701
2570,MLP,0.297,1668.0,1.2384032135704701
2725,MLP,0.297,1668.0,1.2384032135704701
40,MLP,0.296,1684.0,1.2342335057806706
730,MLP,0.296,1684.0,1.2342335057806706
786,MLP,0.296,1684.0,1.2342335057806706
833,MLP,0.296,1684.0,1.2342335057806706
1181,MLP,0.296,1684.0,1.2342335057806706
1843,MLP,0.296,1684.0,1.2342335057806706
2337,MLP,0.296,1684.0,1.2342335057806706
2575,MLP,0.296,1684.0,1.2342335057806706
2588,MLP,0.296,1684.0,1.2342335057806706
2617,MLP,0.296,1684.0,1.2342335057806706
2720,MLP,0.296,1684.0,1.2342335057806706
31,MLP,0.295,1695.0,1.230063797990871
275,MLP,0.295,1695.0,1.230063797990871
341,MLP,0.295,1695.0,1.230063797990871
598,MLP,0.295,1695.0,1.230063797990871
744,MLP,0.295,1695.0,1.230063797990871
1231,MLP,0.295,1695.0,1.230063797990871
1486,MLP,0.295,1695.0,1.230063797990871
1949,MLP,0.295,1695.0,1.230063797990871
2137,MLP,0.295,1695.0,1.230063797990871
128,MLP,0.294,1704.0,1.2258940902010715
1053,MLP,0.294,1704.0,1.2258940902010715
1278,MLP,0.294,1704.0,1.2258940902010715
1719,MLP,0.294,1704.0,1.2258940902010715
1759,MLP,0.294,1704.0,1.2258940902010715
2007,MLP,0.294,1704.0,1.2258940902010715
2024,MLP,0.294,1704.0,1.2258940902010715
2218,MLP,0.294,1704.0,1.2258940902010715
2229,MLP,0.294,1704.0,1.2258940902010715
234,MLP,0.293,1713.0,1.221724382411272
1176,MLP,0.293,1713.0,1.221724382411272
1341,MLP,0.293,1713.0,1.221724382411272
1531,MLP,0.293,1713.0,1.221724382411272
1694,MLP,0.293,1713.0,1.221724382411272
2039,MLP,0.293,1713.0,1.221724382411272
2060,MLP,0.293,1713.0,1.221724382411272
113,MLP,0.292,1720.0,1.2175546746214723
338,MLP,0.292,1720.0,1.2175546746214723
974,MLP,0.292,1720.0,1.2175546746214723
1368,MLP,0.292,1720.0,1.2175546746214723
1421,MLP,0.292,1720.0,1.2175546746214723
1541,MLP,0.292,1720.0,1.2175546746214723
2174,MLP,0.292,1720.0,1.2175546746214723
398,MLP,0.291,1727.0,1.2133849668316727
1124,MLP,0.291,1727.0,1.2133849668316727
1564,MLP,0.291,1727.0,1.2133849668316727
2008,MLP,0.291,1727.0,1.2133849668316727
2018,MLP,0.291,1727.0,1.2133849668316727
2330,MLP,0.291,1727.0,1.2133849668316727
2618,MLP,0.291,1727.0,1.2133849668316727
58,MLP,0.29,1734.0,1.2092152590418732
80,MLP,0.29,1734.0,1.2092152590418732
202,MLP,0.29,1734.0,1.2092152590418732
554,MLP,0.29,1734.0,1.2092152590418732
895,MLP,0.29,1734.0,1.2092152590418732
1389,MLP,0.29,1734.0,1.2092152590418732
2262,MLP,0.29,1734.0,1.2092152590418732
2396,MLP,0.29,1734.0,1.2092152590418732
2435,MLP,0.29,1734.0,1.2092152590418732
2614,MLP,0.29,1734.0,1.2092152590418732
2678,MLP,0.29,1734.0,1.2092152590418732
662,MLP,0.289,1745.0,1.2050455512520737
767,MLP,0.289,1745.0,1.2050455512520737
957,MLP,0.289,1745.0,1.2050455512520737
1160,MLP,0.289,1745.0,1.2050455512520737
1280,MLP,0.289,1745.0,1.2050455512520737
1550,MLP,0.289,1745.0,1.2050455512520737
1576,MLP,0.289,1745.0,1.2050455512520737
1629,MLP,0.289,1745.0,1.2050455512520737
2155,MLP,0.289,1745.0,1.2050455512520737
2471,MLP,0.289,1745.0,1.2050455512520737
1127,MLP,0.288,1755.0,1.2008758434622742
1201,MLP,0.288,1755.0,1.2008758434622742
1209,MLP,0.288,1755.0,1.2008758434622742
1451,MLP,0.288,1755.0,1.2008758434622742
494,MLP,0.287,1759.0,1.1967061356724746
616,MLP,0.287,1759.0,1.1967061356724746
617,MLP,0.287,1759.0,1.1967061356724746
867,MLP,0.287,1759.0,1.1967061356724746
980,MLP,0.287,1759.0,1.1967061356724746
1164,MLP,0.287,1759.0,1.1967061356724746
2307,MLP,0.287,1759.0,1.1967061356724746
2420,MLP,0.287,1759.0,1.1967061356724746
2454,MLP,0.287,1759.0,1.1967061356724746
2595,MLP,0.287,1759.0,1.1967061356724746
2655,MLP,0.287,1759.0,1.1967061356724746
167,MLP,0.286,1770.0,1.1925364278826749
179,MLP,0.286,1770.0,1.1925364278826749
660,MLP,0.286,1770.0,1.1925364278826749
795,MLP,0.286,1770.0,1.1925364278826749
857,MLP,0.286,1770.0,1.1925364278826749
1014,MLP,0.286,1770.0,1.1925364278826749
1372,MLP,0.286,1770.0,1.1925364278826749
1630,MLP,0.286,1770.0,1.1925364278826749
1635,MLP,0.286,1770.0,1.1925364278826749
1753,MLP,0.286,1770.0,1.1925364278826749
2228,MLP,0.286,1770.0,1.1925364278826749
2712,MLP,0.286,1770.0,1.1925364278826749
71,MLP,0.285,1782.0,1.1883667200928754
258,MLP,0.285,1782.0,1.1883667200928754
762,MLP,0.285,1782.0,1.1883667200928754
1115,MLP,0.285,1782.0,1.1883667200928754
1202,MLP,0.285,1782.0,1.1883667200928754
1229,MLP,0.285,1782.0,1.1883667200928754
1273,MLP,0.285,1782.0,1.1883667200928754
1395,MLP,0.285,1782.0,1.1883667200928754
1589,MLP,0.285,1782.0,1.1883667200928754
1722,MLP,0.285,1782.0,1.1883667200928754
1964,MLP,0.285,1782.0,1.1883667200928754
2006,MLP,0.285,1782.0,1.1883667200928754
2254,MLP,0.285,1782.0,1.1883667200928754
2700,MLP,0.285,1782.0,1.1883667200928754
90,MLP,0.284,1796.0,1.1841970123030758
1028,MLP,0.284,1796.0,1.1841970123030758
2268,MLP,0.284,1796.0,1.1841970123030758
2296,MLP,0.284,1796.0,1.1841970123030758
2468,MLP,0.284,1796.0,1.1841970123030758
2624,MLP,0.284,1796.0,1.1841970123030758
16,MLP,0.283,1802.0,1.1800273045132763
456,MLP,0.283,1802.0,1.1800273045132763
785,MLP,0.283,1802.0,1.1800273045132763
1082,MLP,0.283,1802.0,1.1800273045132763
1193,MLP,0.283,1802.0,1.1800273045132763
1591,MLP,0.283,1802.0,1.1800273045132763
1654,MLP,0.283,1802.0,1.1800273045132763
2098,MLP,0.283,1802.0,1.1800273045132763
651,MLP,0.282,1810.0,1.1758575967234768
661,MLP,0.282,1810.0,1.1758575967234768
969,MLP,0.282,1810.0,1.1758575967234768
1085,MLP,0.282,1810.0,1.1758575967234768
1145,MLP,0.282,1810.0,1.1758575967234768
1659,MLP,0.282,1810.0,1.1758575967234768
2142,MLP,0.282,1810.0,1.1758575967234768
2637,MLP,0.282,1810.0,1.1758575967234768
98,MLP,0.281,1818.0,1.1716878889336773
209,MLP,0.281,1818.0,1.1716878889336773
820,MLP,0.281,1818.0,1.1716878889336773
840,MLP,0.281,1818.0,1.1716878889336773
892,MLP,0.281,1818.0,1.1716878889336773
1645,MLP,0.281,1818.0,1.1716878889336773
1653,MLP,0.281,1818.0,1.1716878889336773
1666,MLP,0.281,1818.0,1.1716878889336773
1701,MLP,0.281,1818.0,1.1716878889336773
2460,MLP,0.281,1818.0,1.1716878889336773
37,MLP,0.28,1828.0,1.1675181811438777
492,MLP,0.28,1828.0,1.1675181811438777
706,MLP,0.28,1828.0,1.1675181811438777
1130,MLP,0.28,1828.0,1.1675181811438777
1992,MLP,0.28,1828.0,1.1675181811438777
2439,MLP,0.28,1828.0,1.1675181811438777
1542,MLP,0.279,1834.0,1.1633484733540782
1593,MLP,0.279,1834.0,1.1633484733540782
1731,MLP,0.279,1834.0,1.1633484733540782
1784,MLP,0.279,1834.0,1.1633484733540782
2059,MLP,0.279,1834.0,1.1633484733540782
2696,MLP,0.279,1834.0,1.1633484733540782
811,MLP,0.278,1840.0,1.1591787655642787
1274,MLP,0.278,1840.0,1.1591787655642787
1615,MLP,0.278,1840.0,1.1591787655642787
1740,MLP,0.278,1840.0,1.1591787655642787
2070,MLP,0.278,1840.0,1.1591787655642787
2312,MLP,0.278,1840.0,1.1591787655642787
2398,MLP,0.278,1840.0,1.1591787655642787
669,MLP,0.277,1847.0,1.1550090577744792
1094,MLP,0.277,1847.0,1.1550090577744792
1102,MLP,0.277,1847.0,1.1550090577744792
1178,MLP,0.277,1847.0,1.1550090577744792
1358,MLP,0.277,1847.0,1.1550090577744792
19,MLP,0.276,1852.0,1.1508393499846796
78,MLP,0.276,1852.0,1.1508393499846796
525,MLP,0.276,1852.0,1.1508393499846796
824,MLP,0.276,1852.0,1.1508393499846796
1117,MLP,0.276,1852.0,1.1508393499846796
1792,MLP,0.276,1852.0,1.1508393499846796
2580,MLP,0.276,1852.0,1.1508393499846796
2740,MLP,0.276,1852.0,1.1508393499846796
171,MLP,0.275,1860.0,1.1466696421948799
311,MLP,0.275,1860.0,1.1466696421948799
541,MLP,0.275,1860.0,1.1466696421948799
2171,MLP,0.275,1860.0,1.1466696421948799
2621,MLP,0.275,1860.0,1.1466696421948799
206,MLP,0.274,1865.0,1.1424999344050804
1275,MLP,0.274,1865.0,1.1424999344050804
1409,MLP,0.274,1865.0,1.1424999344050804
304,MLP,0.273,1868.0,1.1383302266152808
530,MLP,0.273,1868.0,1.1383302266152808
589,MLP,0.273,1868.0,1.1383302266152808
773,MLP,0.273,1868.0,1.1383302266152808
1074,MLP,0.273,1868.0,1.1383302266152808
1089,MLP,0.273,1868.0,1.1383302266152808
1288,MLP,0.273,1868.0,1.1383302266152808
1374,MLP,0.273,1868.0,1.1383302266152808
1705,MLP,0.273,1868.0,1.1383302266152808
2650,MLP,0.273,1868.0,1.1383302266152808
783,MLP,0.272,1878.0,1.1341605188254813
947,MLP,0.272,1878.0,1.1341605188254813
1477,MLP,0.272,1878.0,1.1341605188254813
1907,MLP,0.272,1878.0,1.1341605188254813
1982,MLP,0.272,1878.0,1.1341605188254813
2075,MLP,0.272,1878.0,1.1341605188254813
2214,MLP,0.272,1878.0,1.1341605188254813
2628,MLP,0.272,1878.0,1.1341605188254813
135,MLP,0.271,1886.0,1.1299908110356818
407,MLP,0.271,1886.0,1.1299908110356818
514,MLP,0.271,1886.0,1.1299908110356818
1809,MLP,0.271,1886.0,1.1299908110356818
1894,MLP,0.271,1886.0,1.1299908110356818
1918,MLP,0.271,1886.0,1.1299908110356818
1997,MLP,0.271,1886.0,1.1299908110356818
2306,MLP,0.271,1886.0,1.1299908110356818
2550,MLP,0.271,1886.0,1.1299908110356818
111,MLP,0.27,1895.0,1.125821103245882
590,MLP,0.27,1895.0,1.125821103245882
989,MLP,0.27,1895.0,1.125821103245882
2194,MLP,0.27,1895.0,1.125821103245882
2311,MLP,0.27,1895.0,1.125821103245882
2711,MLP,0.27,1895.0,1.125821103245882
347,MLP,0.269,1901.0,1.1216513954560825
2235,MLP,0.269,1901.0,1.1216513954560825
2556,MLP,0.269,1901.0,1.1216513954560825
42,MLP,0.268,1904.0,1.117481687666283
487,MLP,0.268,1904.0,1.117481687666283
772,MLP,0.268,1904.0,1.117481687666283
858,MLP,0.268,1904.0,1.117481687666283
1393,MLP,0.268,1904.0,1.117481687666283
1516,MLP,0.268,1904.0,1.117481687666283
1588,MLP,0.268,1904.0,1.117481687666283
2035,MLP,0.268,1904.0,1.117481687666283
2147,MLP,0.268,1904.0,1.117481687666283
85,MLP,0.267,1913.0,1.1133119798764834
397,MLP,0.267,1913.0,1.1133119798764834
831,MLP,0.267,1913.0,1.1133119798764834
1242,MLP,0.267,1913.0,1.1133119798764834
1422,MLP,0.267,1913.0,1.1133119798764834
1812,MLP,0.267,1913.0,1.1133119798764834
3,MLP,0.266,1919.0,1.109142272086684
401,MLP,0.266,1919.0,1.109142272086684
512,MLP,0.266,1919.0,1.109142272086684
750,MLP,0.266,1919.0,1.109142272086684
1528,MLP,0.266,1919.0,1.109142272086684
1743,MLP,0.266,1919.0,1.109142272086684
2176,MLP,0.266,1919.0,1.109142272086684
2366,MLP,0.266,1919.0,1.109142272086684
2702,MLP,0.266,1919.0,1.109142272086684
142,MLP,0.265,1928.0,1.1049725642968844
423,MLP,0.265,1928.0,1.1049725642968844
658,MLP,0.265,1928.0,1.1049725642968844
1970,MLP,0.265,1928.0,1.1049725642968844
2688,MLP,0.265,1928.0,1.1049725642968844
2749,MLP,0.265,1928.0,1.1049725642968844
216,MLP,0.264,1934.0,1.1008028565070846
911,MLP,0.264,1934.0,1.1008028565070846
2093,MLP,0.264,1934.0,1.1008028565070846
2764,MLP,0.264,1934.0,1.1008028565070846
105,MLP,0.263,1938.0,1.0966331487172851
406,MLP,0.262,1939.0,1.0924634409274856
490,MLP,0.262,1939.0,1.0924634409274856
1149,MLP,0.262,1939.0,1.0924634409274856
1548,MLP,0.262,1939.0,1.0924634409274856
2551,MLP,0.262,1939.0,1.0924634409274856
186,MLP,0.261,1944.0,1.088293733137686
645,MLP,0.261,1944.0,1.088293733137686
778,MLP,0.261,1944.0,1.088293733137686
1218,MLP,0.261,1944.0,1.088293733137686
1283,MLP,0.261,1944.0,1.088293733137686
1717,MLP,0.261,1944.0,1.088293733137686
2348,MLP,0.261,1944.0,1.088293733137686
2440,MLP,0.261,1944.0,1.088293733137686
2483,MLP,0.261,1944.0,1.088293733137686
2549,MLP,0.261,1944.0,1.088293733137686
166,MLP,0.26,1954.0,1.0841240253478865
573,MLP,0.26,1954.0,1.0841240253478865
839,MLP,0.26,1954.0,1.0841240253478865
1101,MLP,0.26,1954.0,1.0841240253478865
1560,MLP,0.26,1954.0,1.0841240253478865
2364,MLP,0.26,1954.0,1.0841240253478865
466,MLP,0.259,1960.0,1.0799543175580868
493,MLP,0.259,1960.0,1.0799543175580868
1133,MLP,0.259,1960.0,1.0799543175580868
1313,MLP,0.259,1960.0,1.0799543175580868
296,MLP,0.258,1964.0,1.0757846097682873
419,MLP,0.258,1964.0,1.0757846097682873
807,MLP,0.258,1964.0,1.0757846097682873
889,MLP,0.258,1964.0,1.0757846097682873
1316,MLP,0.258,1964.0,1.0757846097682873
1612,MLP,0.258,1964.0,1.0757846097682873
1839,MLP,0.258,1964.0,1.0757846097682873
2623,MLP,0.258,1964.0,1.0757846097682873
378,MLP,0.257,1972.0,1.0716149019784877
537,MLP,0.257,1972.0,1.0716149019784877
610,MLP,0.257,1972.0,1.0716149019784877
864,MLP,0.257,1972.0,1.0716149019784877
907,MLP,0.257,1972.0,1.0716149019784877
1157,MLP,0.257,1972.0,1.0716149019784877
1217,MLP,0.257,1972.0,1.0716149019784877
1269,MLP,0.257,1972.0,1.0716149019784877
1326,MLP,0.257,1972.0,1.0716149019784877
2451,MLP,0.257,1972.0,1.0716149019784877
2586,MLP,0.257,1972.0,1.0716149019784877
267,MLP,0.256,1983.0,1.0674451941886882
1876,MLP,0.256,1983.0,1.0674451941886882
2000,MLP,0.256,1983.0,1.0674451941886882
2370,MLP,0.256,1983.0,1.0674451941886882
2378,MLP,0.256,1983.0,1.0674451941886882
673,MLP,0.255,1988.0,1.0632754863988887
1204,MLP,0.255,1988.0,1.0632754863988887
1519,MLP,0.255,1988.0,1.0632754863988887
1880,MLP,0.255,1988.0,1.0632754863988887
2574,MLP,0.255,1988.0,1.0632754863988887
226,MLP,0.254,1993.0,1.059105778609089
508,MLP,0.254,1993.0,1.059105778609089
946,MLP,0.254,1993.0,1.059105778609089
1237,MLP,0.254,1993.0,1.059105778609089
2196,MLP,0.254,1993.0,1.059105778609089
2289,MLP,0.254,1993.0,1.059105778609089
2654,MLP,0.254,1993.0,1.059105778609089
2701,MLP,0.254,1993.0,1.059105778609089
163,MLP,0.253,2001.0,1.0549360708192894
739,MLP,0.253,2001.0,1.0549360708192894
972,MLP,0.253,2001.0,1.0549360708192894
1230,MLP,0.253,2001.0,1.0549360708192894
1340,MLP,0.253,2001.0,1.0549360708192894
711,MLP,0.252,2006.0,1.05076636302949
1143,MLP,0.252,2006.0,1.05076636302949
1403,MLP,0.252,2006.0,1.05076636302949
1508,MLP,0.252,2006.0,1.05076636302949
1571,MLP,0.252,2006.0,1.05076636302949
2325,MLP,0.252,2006.0,1.05076636302949
2693,MLP,0.252,2006.0,1.05076636302949
2743,MLP,0.252,2006.0,1.05076636302949
500,MLP,0.251,2014.0,1.0465966552396904
1452,MLP,0.251,2014.0,1.0465966552396904
1925,MLP,0.251,2014.0,1.0465966552396904
2357,MLP,0.251,2014.0,1.0465966552396904
2409,MLP,0.251,2014.0,1.0465966552396904
2461,MLP,0.251,2014.0,1.0465966552396904
2718,MLP,0.251,2014.0,1.0465966552396904
271,MLP,0.25,2021.0,1.0424269474498908
415,MLP,0.25,2021.0,1.0424269474498908
489,MLP,0.25,2021.0,1.0424269474498908
787,MLP,0.25,2021.0,1.0424269474498908
808,MLP,0.25,2021.0,1.0424269474498908
1022,MLP,0.25,2021.0,1.0424269474498908
1433,MLP,0.25,2021.0,1.0424269474498908
1963,MLP,0.25,2021.0,1.0424269474498908
2181,MLP,0.25,2021.0,1.0424269474498908
2479,MLP,0.25,2021.0,1.0424269474498908
2674,MLP,0.25,2021.0,1.0424269474498908
240,MLP,0.249,2032.0,1.0382572396600913
703,MLP,0.249,2032.0,1.0382572396600913
1251,MLP,0.249,2032.0,1.0382572396600913
1414,MLP,0.249,2032.0,1.0382572396600913
2217,MLP,0.249,2032.0,1.0382572396600913
89,MLP,0.248,2037.0,1.0340875318702916
195,MLP,0.248,2037.0,1.0340875318702916
213,MLP,0.248,2037.0,1.0340875318702916
1037,MLP,0.248,2037.0,1.0340875318702916
1529,MLP,0.248,2037.0,1.0340875318702916
1628,MLP,0.248,2037.0,1.0340875318702916
1896,MLP,0.248,2037.0,1.0340875318702916
628,MLP,0.247,2044.0,1.029917824080492
1046,MLP,0.247,2044.0,1.029917824080492
1260,MLP,0.247,2044.0,1.029917824080492
1738,MLP,0.247,2044.0,1.029917824080492
2231,MLP,0.247,2044.0,1.029917824080492
2751,MLP,0.247,2044.0,1.029917824080492
148,MLP,0.246,2050.0,1.0257481162906925
436,MLP,0.246,2050.0,1.0257481162906925
1174,MLP,0.246,2050.0,1.0257481162906925
1339,MLP,0.246,2050.0,1.0257481162906925
1664,MLP,0.246,2050.0,1.0257481162906925
2125,MLP,0.246,2050.0,1.0257481162906925
2395,MLP,0.246,2050.0,1.0257481162906925
2572,MLP,0.246,2050.0,1.0257481162906925
2744,MLP,0.246,2050.0,1.0257481162906925
585,MLP,0.245,2059.0,1.021578408500893
677,MLP,0.245,2059.0,1.021578408500893
963,MLP,0.245,2059.0,1.021578408500893
1325,MLP,0.245,2059.0,1.021578408500893
1461,MLP,0.245,2059.0,1.021578408500893
2350,MLP,0.245,2059.0,1.021578408500893
543,MLP,0.244,2065.0,1.0174087007110935
742,MLP,0.244,2065.0,1.0174087007110935
975,MLP,0.244,2065.0,1.0174087007110935
1061,MLP,0.244,2065.0,1.0174087007110935
2066,MLP,0.244,2065.0,1.0174087007110935
535,MLP,0.243,2070.0,1.0132389929212937
859,MLP,0.243,2070.0,1.0132389929212937
2040,MLP,0.243,2070.0,1.0132389929212937
2508,MLP,0.243,2070.0,1.0132389929212937
1072,MLP,0.242,2074.0,1.0090692851314942
1265,MLP,0.242,2074.0,1.0090692851314942
1786,MLP,0.242,2074.0,1.0090692851314942
2335,MLP,0.242,2074.0,1.0090692851314942
2715,MLP,0.242,2074.0,1.0090692851314942
665,MLP,0.241,2079.0,1.0048995773416947
1303,MLP,0.241,2079.0,1.0048995773416947
299,MLP,0.24,2081.0,1.0007298695518951
916,MLP,0.24,2081.0,1.0007298695518951
953,MLP,0.24,2081.0,1.0007298695518951
1066,MLP,0.24,2081.0,1.0007298695518951
1298,MLP,0.24,2081.0,1.0007298695518951
1777,MLP,0.24,2081.0,1.0007298695518951
1867,MLP,0.24,2081.0,1.0007298695518951
1874,MLP,0.24,2081.0,1.0007298695518951
2399,MLP,0.24,2081.0,1.0007298695518951
289,MLP,0.239,2090.0,0.9965601617620955
577,MLP,0.239,2090.0,0.9965601617620955
643,MLP,0.239,2090.0,0.9965601617620955
1123,MLP,0.239,2090.0,0.9965601617620955
2244,MLP,0.239,2090.0,0.9965601617620955
87,MLP,0.238,2095.0,0.992390453972296
1536,MLP,0.238,2095.0,0.992390453972296
1822,MLP,0.238,2095.0,0.992390453972296
2081,MLP,0.238,2095.0,0.992390453972296
2172,MLP,0.238,2095.0,0.992390453972296
2463,MLP,0.238,2095.0,0.992390453972296
239,MLP,0.237,2101.0,0.9882207461824964
309,MLP,0.237,2101.0,0.9882207461824964
346,MLP,0.237,2101.0,0.9882207461824964
477,MLP,0.237,2101.0,0.9882207461824964
1684,MLP,0.237,2101.0,0.9882207461824964
1799,MLP,0.237,2101.0,0.9882207461824964
1903,MLP,0.237,2101.0,0.9882207461824964
1908,MLP,0.237,2101.0,0.9882207461824964
390,MLP,0.236,2109.0,0.9840510383926968
430,MLP,0.236,2109.0,0.9840510383926968
2470,MLP,0.236,2109.0,0.9840510383926968
724,MLP,0.235,2112.0,0.9798813306028973
731,MLP,0.235,2112.0,0.9798813306028973
1401,MLP,0.235,2112.0,0.9798813306028973
1481,MLP,0.235,2112.0,0.9798813306028973
197,MLP,0.234,2116.0,0.9757116228130979
499,MLP,0.234,2116.0,0.9757116228130979
1426,MLP,0.234,2116.0,0.9757116228130979
2376,MLP,0.234,2116.0,0.9757116228130979
2459,MLP,0.234,2116.0,0.9757116228130979
63,MLP,0.233,2121.0,0.9715419150232982
704,MLP,0.233,2121.0,0.9715419150232982
1136,MLP,0.233,2121.0,0.9715419150232982
1586,MLP,0.233,2121.0,0.9715419150232982
1830,MLP,0.233,2121.0,0.9715419150232982
2349,MLP,0.233,2121.0,0.9715419150232982
2426,MLP,0.233,2121.0,0.9715419150232982
2427,MLP,0.233,2121.0,0.9715419150232982
2476,MLP,0.233,2121.0,0.9715419150232982
2534,MLP,0.233,2121.0,0.9715419150232982
355,MLP,0.232,2131.0,0.9673722072334987
1446,MLP,0.232,2131.0,0.9673722072334987
1552,MLP,0.232,2131.0,0.9673722072334987
1904,MLP,0.232,2131.0,0.9673722072334987
2545,MLP,0.232,2131.0,0.9673722072334987
138,MLP,0.231,2136.0,0.9632024994436992
1724,MLP,0.231,2136.0,0.9632024994436992
2331,MLP,0.231,2136.0,0.9632024994436992
2728,MLP,0.231,2136.0,0.9632024994436992
2668,MLP,0.23,2140.0,0.9590327916538995
1225,MLP,0.229,2141.0,0.9548630838641
1338,MLP,0.229,2141.0,0.9548630838641
1769,MLP,0.229,2141.0,0.9548630838641
2761,MLP,0.229,2141.0,0.9548630838641
332,MLP,0.228,2145.0,0.9506933760743004
971,MLP,0.228,2145.0,0.9506933760743004
1186,MLP,0.228,2145.0,0.9506933760743004
2197,MLP,0.228,2145.0,0.9506933760743004
102,MLP,0.227,2149.0,0.9465236682845009
733,MLP,0.227,2149.0,0.9465236682845009
1709,MLP,0.227,2149.0,0.9465236682845009
2167,MLP,0.227,2149.0,0.9465236682845009
363,MLP,0.226,2153.0,0.9423539604947013
1332,MLP,0.226,2153.0,0.9423539604947013
1605,MLP,0.226,2153.0,0.9423539604947013
2518,MLP,0.226,2153.0,0.9423539604947013
2592,MLP,0.226,2153.0,0.9423539604947013
754,MLP,0.225,2158.0,0.9381842527049017
1555,MLP,0.225,2158.0,0.9381842527049017
2353,MLP,0.225,2158.0,0.9381842527049017
2554,MLP,0.225,2158.0,0.9381842527049017
107,MLP,0.224,2162.0,0.9340145449151022
1723,MLP,0.224,2162.0,0.9340145449151022
1868,MLP,0.224,2162.0,0.9340145449151022
1887,MLP,0.224,2162.0,0.9340145449151022
2377,MLP,0.224,2162.0,0.9340145449151022
2472,MLP,0.224,2162.0,0.9340145449151022
2503,MLP,0.224,2162.0,0.9340145449151022
203,MLP,0.223,2169.0,0.9298448371253026
269,MLP,0.223,2169.0,0.9298448371253026
1113,MLP,0.223,2169.0,0.9298448371253026
1771,MLP,0.223,2169.0,0.9298448371253026
2265,MLP,0.223,2169.0,0.9298448371253026
198,MLP,0.222,2174.0,0.925675129335503
1175,MLP,0.222,2174.0,0.925675129335503
1936,MLP,0.222,2174.0,0.925675129335503
2109,MLP,0.222,2174.0,0.925675129335503
2271,MLP,0.222,2174.0,0.925675129335503
88,MLP,0.221,2179.0,0.9215054215457035
1092,MLP,0.221,2179.0,0.9215054215457035
1967,MLP,0.221,2179.0,0.9215054215457035
2303,MLP,0.221,2179.0,0.9215054215457035
2417,MLP,0.221,2179.0,0.9215054215457035
1071,MLP,0.22,2184.0,0.917335713755904
1557,MLP,0.22,2184.0,0.917335713755904
2056,MLP,0.22,2184.0,0.917335713755904
2661,MLP,0.22,2184.0,0.917335713755904
261,MLP,0.219,2188.0,0.9131660059661043
480,MLP,0.219,2188.0,0.9131660059661043
620,MLP,0.219,2188.0,0.9131660059661043
720,MLP,0.219,2188.0,0.9131660059661043
1042,MLP,0.219,2188.0,0.9131660059661043
1561,MLP,0.219,2188.0,0.9131660059661043
1634,MLP,0.219,2188.0,0.9131660059661043
2239,MLP,0.219,2188.0,0.9131660059661043
2730,MLP,0.219,2188.0,0.9131660059661043
475,MLP,0.218,2197.0,0.9089962981763048
707,MLP,0.218,2197.0,0.9089962981763048
999,MLP,0.218,2197.0,0.9089962981763048
1470,MLP,0.218,2197.0,0.9089962981763048
1507,MLP,0.218,2197.0,0.9089962981763048
2182,MLP,0.218,2197.0,0.9089962981763048
386,MLP,0.217,2203.0,0.9048265903865051
934,MLP,0.217,2203.0,0.9048265903865051
1318,MLP,0.217,2203.0,0.9048265903865051
2077,MLP,0.217,2203.0,0.9048265903865051
2169,MLP,0.217,2203.0,0.9048265903865051
1236,MLP,0.216,2208.0,0.9006568825967056
1961,MLP,0.216,2208.0,0.9006568825967056
395,MLP,0.215,2210.0,0.8964871748069061
642,MLP,0.215,2210.0,0.8964871748069061
852,MLP,0.215,2210.0,0.8964871748069061
1029,MLP,0.215,2210.0,0.8964871748069061
5,MLP,0.214,2214.0,0.8923174670171065
817,MLP,0.214,2214.0,0.8923174670171065
932,MLP,0.214,2214.0,0.8923174670171065
1216,MLP,0.214,2214.0,0.8923174670171065
1785,MLP,0.214,2214.0,0.8923174670171065
2267,MLP,0.214,2214.0,0.8923174670171065
2407,MLP,0.214,2214.0,0.8923174670171065
2569,MLP,0.214,2214.0,0.8923174670171065
1683,MLP,0.213,2222.0,0.8881477592273069
1703,MLP,0.213,2222.0,0.8881477592273069
1790,MLP,0.213,2222.0,0.8881477592273069
1797,MLP,0.213,2222.0,0.8881477592273069
2123,MLP,0.213,2222.0,0.8881477592273069
1195,MLP,0.212,2227.0,0.8839780514375074
1757,MLP,0.212,2227.0,0.8839780514375074
2072,MLP,0.212,2227.0,0.8839780514375074
2207,MLP,0.212,2227.0,0.8839780514375074
828,MLP,0.211,2231.0,0.8798083436477078
1083,MLP,0.211,2231.0,0.8798083436477078
1168,MLP,0.211,2231.0,0.8798083436477078
2127,MLP,0.211,2231.0,0.8798083436477078
2625,MLP,0.211,2231.0,0.8798083436477078
1103,MLP,0.21,2236.0,0.8756386358579082
1504,MLP,0.21,2236.0,0.8756386358579082
2032,MLP,0.21,2236.0,0.8756386358579082
374,MLP,0.209,2239.0,0.8714689280681086
448,MLP,0.209,2239.0,0.8714689280681086
1191,MLP,0.209,2239.0,0.8714689280681086
1832,MLP,0.209,2239.0,0.8714689280681086
1902,MLP,0.209,2239.0,0.8714689280681086
2424,MLP,0.209,2239.0,0.8714689280681086
2675,MLP,0.209,2239.0,0.8714689280681086
421,MLP,0.208,2246.0,0.8672992202783091
626,MLP,0.208,2246.0,0.8672992202783091
938,MLP,0.208,2246.0,0.8672992202783091
2050,MLP,0.208,2246.0,0.8672992202783091
790,MLP,0.207,2250.0,0.8631295124885096
1300,MLP,0.207,2250.0,0.8631295124885096
1331,MLP,0.207,2250.0,0.8631295124885096
1899,MLP,0.207,2250.0,0.8631295124885096
699,MLP,0.206,2254.0,0.8589598046987099
727,MLP,0.206,2254.0,0.8589598046987099
882,MLP,0.206,2254.0,0.8589598046987099
1050,MLP,0.206,2254.0,0.8589598046987099
2031,MLP,0.206,2254.0,0.8589598046987099
1110,MLP,0.205,2259.0,0.8547900969089104
1801,MLP,0.205,2259.0,0.8547900969089104
2101,MLP,0.205,2259.0,0.8547900969089104
2317,MLP,0.205,2259.0,0.8547900969089104
2387,MLP,0.205,2259.0,0.8547900969089104
2772,MLP,0.205,2259.0,0.8547900969089104
1498,MLP,0.204,2265.0,0.8506203891191109
1617,MLP,0.204,2265.0,0.8506203891191109
2015,MLP,0.204,2265.0,0.8506203891191109
233,MLP,0.203,2268.0,0.8464506813293113
2707,MLP,0.203,2268.0,0.8464506813293113
1276,MLP,0.202,2270.0,0.8422809735395118
453,MLP,0.201,2271.0,0.8381112657497123
1058,MLP,0.201,2271.0,0.8381112657497123
215,MLP,0.2,2273.0,0.8339415579599126
881,MLP,0.2,2273.0,0.8339415579599126
2579,MLP,0.2,2273.0,0.8339415579599126
284,MLP,0.199,2276.0,0.8297718501701131
1213,MLP,0.199,2276.0,0.8297718501701131
232,MLP,0.198,2278.0,0.8256021423803135
715,MLP,0.198,2278.0,0.8256021423803135
870,MLP,0.198,2278.0,0.8256021423803135
1387,MLP,0.198,2278.0,0.8256021423803135
1590,MLP,0.198,2278.0,0.8256021423803135
1626,MLP,0.198,2278.0,0.8256021423803135
2215,MLP,0.198,2278.0,0.8256021423803135
360,MLP,0.197,2285.0,0.821432434590514
1696,MLP,0.197,2285.0,0.821432434590514
604,MLP,0.196,2287.0,0.8172627268007144
736,MLP,0.196,2287.0,0.8172627268007144
1365,MLP,0.196,2287.0,0.8172627268007144
1497,MLP,0.196,2287.0,0.8172627268007144
1774,MLP,0.196,2287.0,0.8172627268007144
268,MLP,0.195,2292.0,0.8130930190109148
1034,MLP,0.195,2292.0,0.8130930190109148
1512,MLP,0.195,2292.0,0.8130930190109148
1742,MLP,0.195,2292.0,0.8130930190109148
1865,MLP,0.195,2292.0,0.8130930190109148
2777,MLP,0.195,2292.0,0.8130930190109148
181,MLP,0.194,2298.0,0.8089233112211153
1049,MLP,0.194,2298.0,0.8089233112211153
1587,MLP,0.194,2298.0,0.8089233112211153
791,MLP,0.193,2301.0,0.8047536034313157
2146,MLP,0.193,2301.0,0.8047536034313157
2253,MLP,0.193,2301.0,0.8047536034313157
1820,MLP,0.192,2304.0,0.8005838956415161
14,MLP,0.191,2305.0,0.7964141878517166
1027,MLP,0.191,2305.0,0.7964141878517166
2513,MLP,0.191,2305.0,0.7964141878517166
1075,MLP,0.19,2308.0,0.7922444800619171
1833,MLP,0.19,2308.0,0.7922444800619171
1870,MLP,0.19,2308.0,0.7922444800619171
2002,MLP,0.19,2308.0,0.7922444800619171
2619,MLP,0.19,2308.0,0.7922444800619171
1376,MLP,0.189,2313.0,0.7880747722721174
1987,MLP,0.189,2313.0,0.7880747722721174
771,MLP,0.188,2315.0,0.7839050644823179
1065,MLP,0.188,2315.0,0.7839050644823179
1284,MLP,0.188,2315.0,0.7839050644823179
1294,MLP,0.188,2315.0,0.7839050644823179
1366,MLP,0.188,2315.0,0.7839050644823179
1520,MLP,0.188,2315.0,0.7839050644823179
1928,MLP,0.188,2315.0,0.7839050644823179
2086,MLP,0.188,2315.0,0.7839050644823179
2193,MLP,0.188,2315.0,0.7839050644823179
2747,MLP,0.188,2315.0,0.7839050644823179
73,MLP,0.187,2325.0,0.7797353566925183
829,MLP,0.187,2325.0,0.7797353566925183
1132,MLP,0.187,2325.0,0.7797353566925183
1336,MLP,0.187,2325.0,0.7797353566925183
2482,MLP,0.187,2325.0,0.7797353566925183
2620,MLP,0.187,2325.0,0.7797353566925183
2647,MLP,0.187,2325.0,0.7797353566925183
227,MLP,0.186,2332.0,0.7755656489027187
572,MLP,0.186,2332.0,0.7755656489027187
992,MLP,0.186,2332.0,0.7755656489027187
1256,MLP,0.186,2332.0,0.7755656489027187
2555,MLP,0.186,2332.0,0.7755656489027187
190,MLP,0.185,2337.0,0.7713959411129192
639,MLP,0.185,2337.0,0.7713959411129192
1293,MLP,0.185,2337.0,0.7713959411129192
2379,MLP,0.185,2337.0,0.7713959411129192
2721,MLP,0.185,2337.0,0.7713959411129192
842,MLP,0.184,2342.0,0.7672262333231196
880,MLP,0.184,2342.0,0.7672262333231196
1223,MLP,0.184,2342.0,0.7672262333231196
1675,MLP,0.184,2342.0,0.7672262333231196
1975,MLP,0.184,2342.0,0.7672262333231196
2428,MLP,0.184,2342.0,0.7672262333231196
2726,MLP,0.184,2342.0,0.7672262333231196
2329,MLP,0.183,2349.0,0.76305652553332
1161,MLP,0.182,2350.0,0.7588868177435205
2652,MLP,0.182,2350.0,0.7588868177435205
2686,MLP,0.182,2350.0,0.7588868177435205
83,MLP,0.181,2353.0,0.7547171099537209
848,MLP,0.181,2353.0,0.7547171099537209
1287,MLP,0.181,2353.0,0.7547171099537209
1462,MLP,0.181,2353.0,0.7547171099537209
1495,MLP,0.181,2353.0,0.7547171099537209
1718,MLP,0.181,2353.0,0.7547171099537209
2166,MLP,0.181,2353.0,0.7547171099537209
109,MLP,0.18,2360.0,0.7505474021639214
123,MLP,0.18,2360.0,0.7505474021639214
788,MLP,0.18,2360.0,0.7505474021639214
804,MLP,0.18,2360.0,0.7505474021639214
977,MLP,0.18,2360.0,0.7505474021639214
1687,MLP,0.18,2360.0,0.7505474021639214
2631,MLP,0.18,2360.0,0.7505474021639214
2754,MLP,0.18,2360.0,0.7505474021639214
801,MLP,0.179,2368.0,0.7463776943741218
1099,MLP,0.179,2368.0,0.7463776943741218
1310,MLP,0.179,2368.0,0.7463776943741218
1927,MLP,0.179,2368.0,0.7463776943741218
2154,MLP,0.179,2368.0,0.7463776943741218
2559,MLP,0.179,2368.0,0.7463776943741218
2565,MLP,0.179,2368.0,0.7463776943741218
278,MLP,0.178,2375.0,0.7422079865843222
1060,MLP,0.178,2375.0,0.7422079865843222
1351,MLP,0.178,2375.0,0.7422079865843222
1386,MLP,0.178,2375.0,0.7422079865843222
1435,MLP,0.178,2375.0,0.7422079865843222
1882,MLP,0.178,2375.0,0.7422079865843222
328,MLP,0.177,2381.0,0.7380382787945227
446,MLP,0.177,2381.0,0.7380382787945227
680,MLP,0.177,2381.0,0.7380382787945227
1327,MLP,0.177,2381.0,0.7380382787945227
1357,MLP,0.177,2381.0,0.7380382787945227
139,MLP,0.176,2386.0,0.733868571004723
982,MLP,0.176,2386.0,0.733868571004723
1015,MLP,0.176,2386.0,0.733868571004723
2051,MLP,0.176,2386.0,0.733868571004723
2285,MLP,0.176,2386.0,0.733868571004723
2324,MLP,0.176,2386.0,0.733868571004723
2499,MLP,0.176,2386.0,0.733868571004723
384,MLP,0.175,2393.0,0.7296988632149235
470,MLP,0.175,2393.0,0.7296988632149235
1370,MLP,0.175,2393.0,0.7296988632149235
2041,MLP,0.175,2393.0,0.7296988632149235
2121,MLP,0.175,2393.0,0.7296988632149235
2362,MLP,0.174,2398.0,0.725529155425124
2577,MLP,0.174,2398.0,0.725529155425124
295,MLP,0.173,2400.0,0.7213594476353243
652,MLP,0.173,2400.0,0.7213594476353243
2507,MLP,0.173,2400.0,0.7213594476353243
2729,MLP,0.173,2400.0,0.7213594476353243
2129,MLP,0.172,2404.0,0.7171897398455248
2421,MLP,0.172,2404.0,0.7171897398455248
2666,MLP,0.172,2404.0,0.7171897398455248
356,MLP,0.171,2407.0,0.7130200320557254
1485,MLP,0.171,2407.0,0.7130200320557254
2288,MLP,0.171,2407.0,0.7130200320557254
2669,MLP,0.171,2407.0,0.7130200320557254
21,MLP,0.17,2411.0,0.7088503242659258
462,MLP,0.17,2411.0,0.7088503242659258
1911,MLP,0.17,2411.0,0.7088503242659258
517,MLP,0.169,2414.0,0.7046806164761262
678,MLP,0.169,2414.0,0.7046806164761262
329,MLP,0.168,2416.0,0.7005109086863267
1434,MLP,0.168,2416.0,0.7005109086863267
2589,MLP,0.167,2418.0,0.6963412008965271
2626,MLP,0.167,2418.0,0.6963412008965271
79,MLP,0.166,2420.0,0.6921714931067275
231,MLP,0.166,2420.0,0.6921714931067275
779,MLP,0.166,2420.0,0.6921714931067275
910,MLP,0.166,2420.0,0.6921714931067275
1346,MLP,0.166,2420.0,0.6921714931067275
1420,MLP,0.166,2420.0,0.6921714931067275
440,MLP,0.165,2426.0,0.6880017853169279
1553,MLP,0.165,2426.0,0.6880017853169279
2113,MLP,0.165,2426.0,0.6880017853169279
1228,MLP,0.164,2429.0,0.6838320775271284
1988,MLP,0.164,2429.0,0.6838320775271284
2095,MLP,0.164,2429.0,0.6838320775271284
461,MLP,0.163,2432.0,0.6796623697373289
558,MLP,0.163,2432.0,0.6796623697373289
1063,MLP,0.163,2432.0,0.6796623697373289
1463,MLP,0.163,2432.0,0.6796623697373289
2382,MLP,0.163,2432.0,0.6796623697373289
1449,MLP,0.162,2437.0,0.6754926619475292
1915,MLP,0.162,2437.0,0.6754926619475292
2322,MLP,0.162,2437.0,0.6754926619475292
2557,MLP,0.162,2437.0,0.6754926619475292
191,MLP,0.161,2441.0,0.6713229541577297
336,MLP,0.161,2441.0,0.6713229541577297
375,MLP,0.161,2441.0,0.6713229541577297
498,MLP,0.161,2441.0,0.6713229541577297
542,MLP,0.161,2441.0,0.6713229541577297
1006,MLP,0.161,2441.0,0.6713229541577297
1156,MLP,0.161,2441.0,0.6713229541577297
1196,MLP,0.161,2441.0,0.6713229541577297
1465,MLP,0.161,2441.0,0.6713229541577297
1735,MLP,0.161,2441.0,0.6713229541577297
2510,MLP,0.161,2441.0,0.6713229541577297
1525,MLP,0.16,2452.0,0.6671532463679302
1624,MLP,0.16,2452.0,0.6671532463679302
1795,MLP,0.16,2452.0,0.6671532463679302
1983,MLP,0.16,2452.0,0.6671532463679302
2449,MLP,0.16,2452.0,0.6671532463679302
2548,MLP,0.16,2452.0,0.6671532463679302
2587,MLP,0.16,2452.0,0.6671532463679302
120,MLP,0.159,2459.0,0.6629835385781305
1984,MLP,0.159,2459.0,0.6629835385781305
2706,MLP,0.159,2459.0,0.6629835385781305
68,MLP,0.158,2462.0,0.658813830788331
1842,MLP,0.158,2462.0,0.658813830788331
48,MLP,0.157,2464.0,0.6546441229985314
1633,MLP,0.157,2464.0,0.6546441229985314
20,MLP,0.156,2466.0,0.6504744152087318
94,MLP,0.156,2466.0,0.6504744152087318
551,MLP,0.156,2466.0,0.6504744152087318
983,MLP,0.156,2466.0,0.6504744152087318
1816,MLP,0.156,2466.0,0.6504744152087318
2139,MLP,0.156,2466.0,0.6504744152087318
2681,MLP,0.156,2466.0,0.6504744152087318
1307,MLP,0.155,2473.0,0.6463047074189323
2492,MLP,0.155,2473.0,0.6463047074189323
2521,MLP,0.155,2473.0,0.6463047074189323
1509,MLP,0.154,2476.0,0.6421349996291327
2190,MLP,0.154,2476.0,0.6421349996291327
368,MLP,0.153,2478.0,0.6379652918393331
1840,MLP,0.153,2478.0,0.6379652918393331
2111,MLP,0.153,2478.0,0.6379652918393331
2297,MLP,0.153,2478.0,0.6379652918393331
434,MLP,0.152,2482.0,0.6337955840495336
802,MLP,0.152,2482.0,0.6337955840495336
987,MLP,0.152,2482.0,0.6337955840495336
1319,MLP,0.152,2482.0,0.6337955840495336
1636,MLP,0.152,2482.0,0.6337955840495336
1947,MLP,0.152,2482.0,0.6337955840495336
2493,MLP,0.152,2482.0,0.6337955840495336
2502,MLP,0.151,2489.0,0.629625876259734
242,MLP,0.15,2490.0,0.6254561684699345
359,MLP,0.15,2490.0,0.6254561684699345
644,MLP,0.15,2490.0,0.6254561684699345
737,MLP,0.15,2490.0,0.6254561684699345
789,MLP,0.15,2490.0,0.6254561684699345
1668,MLP,0.15,2490.0,0.6254561684699345
1857,MLP,0.15,2490.0,0.6254561684699345
2402,MLP,0.15,2490.0,0.6254561684699345
504,MLP,0.149,2498.0,0.6212864606801349
524,MLP,0.149,2498.0,0.6212864606801349
571,MLP,0.149,2498.0,0.6212864606801349
1091,MLP,0.149,2498.0,0.6212864606801349
1844,MLP,0.149,2498.0,0.6212864606801349
1162,MLP,0.148,2503.0,0.6171167528903353
1505,MLP,0.148,2503.0,0.6171167528903353
1632,MLP,0.148,2503.0,0.6171167528903353
13,MLP,0.147,2506.0,0.6129470451005358
1038,MLP,0.147,2506.0,0.6129470451005358
1054,MLP,0.147,2506.0,0.6129470451005358
1580,MLP,0.147,2506.0,0.6129470451005358
687,MLP,0.146,2510.0,0.6087773373107361
993,MLP,0.146,2510.0,0.6087773373107361
1235,MLP,0.146,2510.0,0.6087773373107361
207,MLP,0.145,2513.0,0.6046076295209366
1057,MLP,0.145,2513.0,0.6046076295209366
1262,MLP,0.145,2513.0,0.6046076295209366
1602,MLP,0.145,2513.0,0.6046076295209366
2283,MLP,0.145,2513.0,0.6046076295209366
2465,MLP,0.145,2513.0,0.6046076295209366
67,MLP,0.144,2519.0,0.6004379217311371
510,MLP,0.144,2519.0,0.6004379217311371
648,MLP,0.144,2519.0,0.6004379217311371
1187,MLP,0.144,2519.0,0.6004379217311371
1362,MLP,0.144,2519.0,0.6004379217311371
2061,MLP,0.144,2519.0,0.6004379217311371
2192,MLP,0.144,2519.0,0.6004379217311371
140,MLP,0.143,2526.0,0.5962682139413374
1177,MLP,0.143,2526.0,0.5962682139413374
1886,MLP,0.143,2526.0,0.5962682139413374
2687,MLP,0.143,2526.0,0.5962682139413374
182,MLP,0.142,2530.0,0.5920985061515379
936,MLP,0.142,2530.0,0.5920985061515379
1741,MLP,0.142,2530.0,0.5920985061515379
1827,MLP,0.142,2530.0,0.5920985061515379
1851,MLP,0.142,2530.0,0.5920985061515379
1878,MLP,0.142,2530.0,0.5920985061515379
2202,MLP,0.142,2530.0,0.5920985061515379
2498,MLP,0.142,2530.0,0.5920985061515379
50,MLP,0.141,2538.0,0.5879287983617384
118,MLP,0.141,2538.0,0.5879287983617384
331,MLP,0.141,2538.0,0.5879287983617384
926,MLP,0.141,2538.0,0.5879287983617384
1064,MLP,0.141,2538.0,0.5879287983617384
2143,MLP,0.141,2538.0,0.5879287983617384
2383,MLP,0.141,2538.0,0.5879287983617384
72,MLP,0.14,2545.0,0.5837590905719389
472,MLP,0.14,2545.0,0.5837590905719389
751,MLP,0.14,2545.0,0.5837590905719389
854,MLP,0.14,2545.0,0.5837590905719389
2219,MLP,0.14,2545.0,0.5837590905719389
576,MLP,0.139,2550.0,0.5795893827821393
632,MLP,0.139,2550.0,0.5795893827821393
641,MLP,0.139,2550.0,0.5795893827821393
1714,MLP,0.139,2550.0,0.5795893827821393
760,MLP,0.138,2554.0,0.5754196749923398
793,MLP,0.138,2554.0,0.5754196749923398
921,MLP,0.138,2554.0,0.5754196749923398
1024,MLP,0.138,2554.0,0.5754196749923398
1679,MLP,0.138,2554.0,0.5754196749923398
1727,MLP,0.138,2554.0,0.5754196749923398
2046,MLP,0.138,2554.0,0.5754196749923398
2385,MLP,0.138,2554.0,0.5754196749923398
627,MLP,0.137,2562.0,0.5712499672025402
796,MLP,0.137,2562.0,0.5712499672025402
984,MLP,0.137,2562.0,0.5712499672025402
1573,MLP,0.137,2562.0,0.5712499672025402
1765,MLP,0.137,2562.0,0.5712499672025402
928,MLP,0.136,2567.0,0.5670802594127407
1335,MLP,0.136,2567.0,0.5670802594127407
1603,MLP,0.136,2567.0,0.5670802594127407
2352,MLP,0.136,2567.0,0.5670802594127407
291,MLP,0.135,2571.0,0.562910551622941
948,MLP,0.135,2571.0,0.562910551622941
1464,MLP,0.135,2571.0,0.562910551622941
1821,MLP,0.135,2571.0,0.562910551622941
2694,MLP,0.135,2571.0,0.562910551622941
1527,MLP,0.134,2576.0,0.5587408438331415
121,MLP,0.133,2577.0,0.554571136043342
949,MLP,0.133,2577.0,0.554571136043342
1836,MLP,0.133,2577.0,0.554571136043342
2071,MLP,0.133,2577.0,0.554571136043342
2124,MLP,0.133,2577.0,0.554571136043342
550,MLP,0.132,2582.0,0.5504014282535423
868,MLP,0.132,2582.0,0.5504014282535423
930,MLP,0.132,2582.0,0.5504014282535423
1850,MLP,0.132,2582.0,0.5504014282535423
2263,MLP,0.132,2582.0,0.5504014282535423
692,MLP,0.131,2587.0,0.5462317204637428
2165,MLP,0.131,2587.0,0.5462317204637428
887,MLP,0.13,2589.0,0.5420620126739433
1095,MLP,0.13,2589.0,0.5420620126739433
1139,MLP,0.13,2589.0,0.5420620126739433
1487,MLP,0.13,2589.0,0.5420620126739433
1889,MLP,0.13,2589.0,0.5420620126739433
2310,MLP,0.13,2589.0,0.5420620126739433
2732,MLP,0.13,2589.0,0.5420620126739433
103,MLP,0.129,2596.0,0.5378923048841436
841,MLP,0.129,2596.0,0.5378923048841436
1030,MLP,0.129,2596.0,0.5378923048841436
1206,MLP,0.129,2596.0,0.5378923048841436
2304,MLP,0.129,2596.0,0.5378923048841436
634,MLP,0.128,2601.0,0.5337225970943441
838,MLP,0.128,2601.0,0.5337225970943441
1381,MLP,0.128,2601.0,0.5337225970943441
1471,MLP,0.128,2601.0,0.5337225970943441
1598,MLP,0.128,2601.0,0.5337225970943441
1859,MLP,0.128,2601.0,0.5337225970943441
2328,MLP,0.128,2601.0,0.5337225970943441
2478,MLP,0.128,2601.0,0.5337225970943441
2603,MLP,0.128,2601.0,0.5337225970943441
515,MLP,0.127,2610.0,0.5295528893045445
1104,MLP,0.127,2610.0,0.5295528893045445
1671,MLP,0.127,2610.0,0.5295528893045445
1831,MLP,0.127,2610.0,0.5295528893045445
2308,MLP,0.127,2610.0,0.5295528893045445
2343,MLP,0.127,2610.0,0.5295528893045445
2641,MLP,0.127,2610.0,0.5295528893045445
1991,MLP,0.126,2617.0,0.525383181514745
2604,MLP,0.126,2617.0,0.525383181514745
30,MLP,0.125,2619.0,0.5212134737249454
274,MLP,0.125,2619.0,0.5212134737249454
1299,MLP,0.125,2619.0,0.5212134737249454
1713,MLP,0.125,2619.0,0.5212134737249454
2126,MLP,0.125,2619.0,0.5212134737249454
2596,MLP,0.125,2619.0,0.5212134737249454
2438,MLP,0.124,2625.0,0.5170437659351458
1197,MLP,0.123,2626.0,0.5128740581453463
1234,MLP,0.123,2626.0,0.5128740581453463
1282,MLP,0.123,2626.0,0.5128740581453463
1641,MLP,0.123,2626.0,0.5128740581453463
929,MLP,0.122,2630.0,0.5087043503555467
1227,MLP,0.122,2630.0,0.5087043503555467
1348,MLP,0.122,2630.0,0.5087043503555467
2009,MLP,0.122,2630.0,0.5087043503555467
2011,MLP,0.122,2630.0,0.5087043503555467
2535,MLP,0.122,2630.0,0.5087043503555467
2536,MLP,0.122,2630.0,0.5087043503555467
2560,MLP,0.122,2630.0,0.5087043503555467
2645,MLP,0.122,2630.0,0.5087043503555467
152,MLP,0.121,2639.0,0.5045346425657471
1373,MLP,0.121,2639.0,0.5045346425657471
1667,MLP,0.121,2639.0,0.5045346425657471
2429,MLP,0.121,2639.0,0.5045346425657471
2433,MLP,0.121,2639.0,0.5045346425657471
2563,MLP,0.121,2639.0,0.5045346425657471
2653,MLP,0.121,2639.0,0.5045346425657471
631,MLP,0.12,2646.0,0.5003649347759476
912,MLP,0.12,2646.0,0.5003649347759476
1379,MLP,0.12,2646.0,0.5003649347759476
1578,MLP,0.12,2646.0,0.5003649347759476
2,MLP,0.119,2650.0,0.496195226986148
108,MLP,0.119,2650.0,0.496195226986148
200,MLP,0.119,2650.0,0.496195226986148
322,MLP,0.119,2650.0,0.496195226986148
579,MLP,0.119,2650.0,0.496195226986148
1737,MLP,0.119,2650.0,0.496195226986148
2345,MLP,0.119,2650.0,0.496195226986148
2753,MLP,0.119,2650.0,0.496195226986148
158,MLP,0.118,2658.0,0.4920255191963484
315,MLP,0.118,2658.0,0.4920255191963484
595,MLP,0.118,2658.0,0.4920255191963484
764,MLP,0.118,2658.0,0.4920255191963484
1198,MLP,0.118,2658.0,0.4920255191963484
1424,MLP,0.118,2658.0,0.4920255191963484
1515,MLP,0.118,2658.0,0.4920255191963484
1595,MLP,0.118,2658.0,0.4920255191963484
1676,MLP,0.118,2658.0,0.4920255191963484
28,MLP,0.117,2667.0,0.48785581140654893
313,MLP,0.117,2667.0,0.48785581140654893
1249,MLP,0.117,2667.0,0.48785581140654893
1638,MLP,0.117,2667.0,0.48785581140654893
1760,MLP,0.117,2667.0,0.48785581140654893
1848,MLP,0.117,2667.0,0.48785581140654893
154,MLP,0.116,2673.0,0.48368610361674935
1016,MLP,0.116,2673.0,0.48368610361674935
1077,MLP,0.116,2673.0,0.48368610361674935
1917,MLP,0.116,2673.0,0.48368610361674935
2414,MLP,0.116,2673.0,0.48368610361674935
106,MLP,0.115,2678.0,0.47951639582694977
941,MLP,0.115,2678.0,0.47951639582694977
1350,MLP,0.115,2678.0,0.47951639582694977
1398,MLP,0.115,2678.0,0.47951639582694977
2208,MLP,0.115,2678.0,0.47951639582694977
49,MLP,0.114,2683.0,0.4753466880371502
875,MLP,0.114,2683.0,0.4753466880371502
1086,MLP,0.114,2683.0,0.4753466880371502
1247,MLP,0.114,2683.0,0.4753466880371502
1745,MLP,0.114,2683.0,0.4753466880371502
1804,MLP,0.114,2683.0,0.4753466880371502
2062,MLP,0.114,2683.0,0.4753466880371502
2272,MLP,0.114,2683.0,0.4753466880371502
465,MLP,0.113,2691.0,0.47117698024735066
939,MLP,0.113,2691.0,0.47117698024735066
985,MLP,0.113,2691.0,0.47117698024735066
1232,MLP,0.113,2691.0,0.47117698024735066
1324,MLP,0.113,2691.0,0.47117698024735066
1823,MLP,0.113,2691.0,0.47117698024735066
1941,MLP,0.113,2691.0,0.47117698024735066
2342,MLP,0.113,2691.0,0.47117698024735066
2685,MLP,0.113,2691.0,0.47117698024735066
136,MLP,0.112,2700.0,0.4670072724575511
254,MLP,0.112,2700.0,0.4670072724575511
1002,MLP,0.112,2700.0,0.4670072724575511
2280,MLP,0.112,2700.0,0.4670072724575511
2320,MLP,0.112,2700.0,0.4670072724575511
2606,MLP,0.112,2700.0,0.4670072724575511
134,MLP,0.111,2706.0,0.4628375646677515
218,MLP,0.111,2706.0,0.4628375646677515
1479,MLP,0.111,2706.0,0.4628375646677515
1810,MLP,0.111,2706.0,0.4628375646677515
2520,MLP,0.111,2706.0,0.4628375646677515
36,MLP,0.11,2711.0,0.458667856877952
380,MLP,0.11,2711.0,0.458667856877952
1000,MLP,0.11,2711.0,0.458667856877952
1619,MLP,0.11,2711.0,0.458667856877952
54,MLP,0.109,2715.0,0.4544981490881524
243,MLP,0.109,2715.0,0.4544981490881524
383,MLP,0.109,2715.0,0.4544981490881524
884,MLP,0.109,2715.0,0.4544981490881524
1817,MLP,0.109,2715.0,0.4544981490881524
2094,MLP,0.109,2715.0,0.4544981490881524
2664,MLP,0.109,2715.0,0.4544981490881524
2738,MLP,0.109,2715.0,0.4544981490881524
273,MLP,0.108,2723.0,0.4503284412983528
1036,MLP,0.108,2723.0,0.4503284412983528
1259,MLP,0.108,2723.0,0.4503284412983528
1906,MLP,0.108,2723.0,0.4503284412983528
285,MLP,0.107,2727.0,0.44615873350855323
903,MLP,0.107,2727.0,0.44615873350855323
1003,MLP,0.107,2727.0,0.44615873350855323
2134,MLP,0.107,2727.0,0.44615873350855323
229,MLP,0.106,2731.0,0.4419890257187537
252,MLP,0.106,2731.0,0.4419890257187537
1429,MLP,0.106,2731.0,0.4419890257187537
1916,MLP,0.106,2731.0,0.4419890257187537
2270,MLP,0.106,2731.0,0.4419890257187537
2768,MLP,0.106,2731.0,0.4419890257187537
439,MLP,0.105,2737.0,0.4378193179289541
584,MLP,0.105,2737.0,0.4378193179289541
894,MLP,0.105,2737.0,0.4378193179289541
1289,MLP,0.105,2737.0,0.4378193179289541
2336,MLP,0.105,2737.0,0.4378193179289541
1410,MLP,0.104,2742.0,0.43364961013915454
693,MLP,0.103,2743.0,0.42947990234935496
1134,MLP,0.103,2743.0,0.42947990234935496
2671,MLP,0.103,2743.0,0.42947990234935496
2734,MLP,0.103,2743.0,0.42947990234935496
144,MLP,0.102,2747.0,0.42531019455955543
2413,MLP,0.102,2747.0,0.42531019455955543
2558,MLP,0.102,2747.0,0.42531019455955543
723,MLP,0.101,2750.0,0.4211404867697559
1732,MLP,0.101,2750.0,0.4211404867697559
2516,MLP,0.101,2750.0,0.4211404867697559
479,MLP,0.1,2753.0,0.4169707789799563
1750,MLP,0.1,2753.0,0.4169707789799563
1901,MLP,0.1,2753.0,0.4169707789799563
1245,MLP,0.099,2756.0,0.41280107119015674
2423,MLP,0.099,2756.0,0.41280107119015674
317,MLP,0.095,2758.0,0.39612224003095853
1159,MLP,0.094,2759.0,0.39195253224115895
1726,MLP,0.094,2759.0,0.39195253224115895
2477,MLP,0.094,2759.0,0.39195253224115895
2500,MLP,0.093,2762.0,0.38778282445135936
290,MLP,0.092,2763.0,0.3836131166615598
726,MLP,0.091,2764.0,0.37944340887176026
919,MLP,0.091,2764.0,0.37944340887176026
1399,MLP,0.089,2766.0,0.3711039932921611
614,MLP,0.087,2767.0,0.362764577712562
2663,MLP,0.087,2767.0,0.362764577712562
2198,MLP,0.086,2769.0,0.3585948699227624
361,MLP,0.083,2770.0,0.34608574655336377
1116,MLP,0.083,2770.0,0.34608574655336377
758,MLP,0.082,2772.0,0.3419160387635642
2064,MLP,0.082,2772.0,0.3419160387635642
1642,MLP,0.078,2774.0,0.3252372076043659
520,MLP,0.077,2775.0,0.32106749981456634
2340,MLP,0.077,2775.0,0.32106749981456634
1322,MLP,0.064,2777.0,0.26686129854717205
663,MLP,0.063,2778.0,0.2626915907573725
