,cyc (t),dhw (t),other (t),cyc (t-1),dhw (t-1),other (t-1),cyc (t-2),dhw (t-2),other (t-2),year,longitude,latitude
698,0.7766991395359808,-0.3229940042847632,0.04328590095563346,-0.023754881123706793,-0.3173878610381302,0.41945414783111196,0.5716703273818871,0.2547044730254589,-0.9752987028361582,3.459594576133011,1.0495887443913603,0.8558104581907582
385,0.3824244786663653,0.6367857502035154,-0.4905016984526408,0.3070146547809892,0.06697673651281838,0.15866275838203187,0.522053554602,-0.657294691100533,-0.9640578312258218,-12.267971974659071,-0.1616198156125523,-1.4858548002290473
379,0.6901812770306287,-0.29687533855100445,-0.28289213383093903,0.034973574395371194,0.18734108312953313,-0.43192296949414916,0.5884845649734989,0.18094570846351776,-0.9964949398167244,-1.6618919431560613,-0.06251799041540132,-1.6505662656918938
1901,0.4461139676503628,0.6818739072940433,0.5775230079349355,0.21089715083843202,-0.2894981525127087,0.27838974389582427,0.5695284350390692,-0.8803391028339337,0.24689318715874112,9.41856743647073,-0.14926474092988767,0.5681372566814488
863,0.3805874961556933,-0.7016728567371289,-0.47458233041912756,0.3587552095059724,0.15936098479309466,-0.7407146898573126,0.537544189697105,-0.41526716347756915,0.6517524408204315,-12.139607960934127,1.0648373309012502,-1.4910074736718646
486,0.6864001317204587,0.5253760569918233,0.6389796728654313,0.02235592822376683,0.08954211919940774,-0.37669077500033443,0.5790250601962328,0.27905426181551446,0.7614253218130993,3.48196361416814,1.032494027012587,0.8467420391503736
4384,0.6681402653433167,0.5080212067662092,0.5979424747707974,-0.0007055547493722521,-0.28759546297055755,-0.4471625260393922,0.5742472721348746,0.24167493050904454,0.6752722688574391,3.530365790361363,0.19546601236390043,-1.6659331643487483
555,0.6035424038781317,-0.8002401357219848,0.058374403350186226,-0.47452523076611763,-0.0011605748702819094,0.17581555208293273,0.6594758275479969,0.2827650259713672,0.6114307923827845,9.19946887024435,0.9605587634905159,-4.902731779988868
338,-0.7283897206908232,0.560874115760013,0.010094921386057141,-0.05613161915353942,-0.3293420378579156,0.43374915129226266,0.547719598468184,0.25662173974171787,-0.9394534138810595,3.595577969805125,0.20189474702418286,0.8237053845886864
1030,0.49771674089889356,-0.34770821226653154,0.07658436912766657,0.26453586496432085,-0.03119775656808106,0.31095388355412223,0.6256676991000302,-0.5059431346605893,0.52002606077918,9.36527266115353,0.1929323339972922,-1.6059361573758815
2779,-0.7844464047980518,-0.18366219321277122,-0.10434604029294098,-0.1832153179466349,0.15039193916030538,-0.28057665600768555,0.593113967241842,0.336798639979027,0.7132863173236567,-1.3404399515446241,-1.0067145864811762,-5.049122903309795
752,0.7551975886361012,0.48463833145999013,0.015058366511494255,0.004902728733214209,0.025818181115587507,0.13123715037007488,0.5854094441255999,1.0082309891324153,0.21784957710097336,3.4239312139564753,0.9843947820733447,0.8225325222610514
2248,0.37504746820199725,-0.38086432318589275,0.47918360067145455,0.26502797704319325,0.17542949574063724,0.10312631822173143,0.5412488043867656,-0.6523628367935187,0.06377803452130558,-12.251774067867142,-0.16099728505174019,0.6911391889428501
289,0.7054557774365373,-0.3073014355776571,-0.29180044445851216,0.0405093459609777,0.0430024166602015,-0.23027949880568294,0.6024057827916153,1.1056388715242922,0.11784445798072601,-1.7373872484516344,-0.0653525555954305,0.6257472094210047
1031,-0.5492447710961312,0.7383893056480098,-0.3775524136432089,0.21472399166443165,0.4085410348578257,0.31545666367945513,0.5451170491569856,0.13224693886735758,0.3148313650933764,9.415803125655707,0.222166764437572,-1.6325843905122932
649,0.6109016657033162,0.4919044898514084,0.6287854940963482,0.07718340958469493,0.08719539253282672,0.35315847271235745,0.6067284577204444,1.163553061880523,0.12092220408332241,-1.6509770613461496,0.8912328727052361,0.65171675800484
1689,0.6194277865637313,-0.7513503429208338,0.1007964302291451,-0.40343717557156394,-0.07748440600050449,0.18865466433567787,0.6298384311219665,0.2897896732890977,0.19450166734015334,9.19112393937304,-0.1322117029536316,-4.960442253286918
3133,-0.47283373228837294,0.38757031301555495,0.47799543963239594,0.5680931373180074,-0.035467752833250966,-0.377365931420611,0.657564104123346,1.067556476700912,-1.1087895157537229,9.456320835394129,-1.0269788957730952,5.975944220392311
3938,0.8164974559335016,-0.17479498286517361,0.4811244395788322,0.2558291875396823,0.044870452453088516,-0.16147123781061712,0.679537336167944,0.27364483437336923,-1.0207202742340615,3.383203345403319,-0.04558567249172812,6.186314811037667
2243,0.4083299163215075,-0.690543864827577,0.4433240210630783,0.31874141264436046,-0.07146909183799824,0.3615941836818424,0.5097219210592361,0.24719940386077324,0.6877415244664369,-12.208002926795263,-0.19818607030736823,0.6399824006118261
2398,0.4392050043118744,-0.22763368807715342,0.022246645843936156,0.5566085975247678,0.20218465119967743,0.11646508516583542,0.6067574765841399,-0.7724725073987715,0.1681173530996079,-12.34973528363074,-0.07805092580518999,5.787604963012336
267,0.38917697878256013,-0.6790632033563732,-0.5003406504955072,-0.38949133174266237,0.11063349272302238,0.3548513138821784,0.5155470992906225,0.8389865092017587,-0.9167981405857526,-12.212106720543261,-0.2351151453395732,-1.5081243711937928
1331,0.4335215509682606,0.7206136509192972,-0.1611243916352466,0.3089621992336602,-0.015756694953269344,0.31954087192090114,0.5932927232626938,-0.904416923831927,0.549613833374795,9.407072976055598,1.0362180680050266,-1.6157472847300949
2175,0.45215909151906,-0.7106049230393477,0.5374092963138482,0.2633907178439874,-0.012975317992966423,0.20476377874351537,0.5912666373291282,1.1966643635509575,0.2399568752992199,9.40951078180822,-0.14315743457316857,0.5614272848949008
2726,0.529651798214736,-0.6215390432618716,0.14496265011022882,0.4681023868501226,-0.013647443815269465,-0.5836275824327611,0.5169199031489691,0.3355890837234721,-0.9982022733815828,-11.960919805971214,-0.7801617398282158,-5.0590858429936105
3139,0.7930112327672088,-0.11217396598270697,-0.2852585245667838,-0.24329604931736087,0.07926622994567334,0.15313058168628796,0.7334964777616794,-0.3121467772525064,0.3546580293286322,-1.5216157532925494,-0.9393468196481289,5.928540186259964
4107,0.42124409622466896,-0.7241730235123236,-0.48972218485553687,-0.3124325462404221,0.14355413395113142,0.12918795692700388,0.5442716565164699,0.24874076311370738,-0.926442568652318,-12.367985762780563,-0.2616101669865236,0.62204545013745
1376,0.3955000331752257,-0.7169565504003285,0.1636605259808566,0.3180519140897454,-0.0835146617206551,-0.6698708866090225,0.5335174930398726,-0.4306684819609962,0.1451567250811975,-12.307739774611212,1.0445171415042347,0.6605838903564032
997,0.7761908515834284,0.49015479603803597,-0.30718664140874186,-0.03183495615266195,0.0887854005541999,-0.4134750585404671,0.5838791115803761,0.26587816672113024,0.26244778965169074,3.434175296448898,0.2218411424372422,-1.6466466699691253
1525,0.46547516217365453,0.36473314013274344,-0.47516083917613566,0.586074079610654,-0.030628314554889836,0.35801518421384854,0.6040190405391044,-0.7571420409576793,0.13314009201177066,-12.307423700798626,-0.1333092338439007,5.877247542324926
1957,0.6484684476565205,0.48371493279050604,0.6364901070482154,-0.039851945015806495,0.06293962911431066,-0.3277307294694534,-0.5361406007789798,0.2688934905752982,0.12421317185695402,3.328131693905702,-0.05895756729895272,0.8670972303338254
3077,0.6108041630966052,0.42101575662011337,0.5556800777405471,0.31342933644880533,0.15889135711056634,-0.4023156087317485,0.69639170103337,-0.9957422777252658,0.17849150709092837,-1.5072400477716685,-0.980605608730659,5.964190022395425
2115,0.616923598075163,-0.3264426621139401,-0.13646580156996826,0.4214589176647977,-0.09955355198441454,0.2570181216465811,0.6365714560037801,-0.5293634204894316,0.6008925076294986,9.215874874240829,-0.2002437962417168,-4.975078660987285
1696,0.7020896062305757,0.40258756657039674,-0.0993336342553769,0.2492045184195131,0.17336266476297837,0.33395584464057826,-0.6244978056353396,-0.8822837563987306,0.7327580920045162,-1.4132704701934913,0.08655772906399911,-4.9721724429852525
3320,0.7421060286526497,-0.17962432926958902,-0.0735718823194968,-0.15784846159181518,0.0591508496398529,-0.26763298008293523,-0.6366867504402416,-0.8797323697035652,0.21852091930052298,-1.4062234376486462,-1.0187223768497646,-5.0216598231339615
3893,0.4734417821357898,-0.7524164458694927,0.3303035245719925,0.5874654174408779,-0.1356259964110104,0.16945370311566416,0.6218651095471562,-0.3001147856132547,0.5727430511418156,-12.2693947517389,-0.13133869938614873,5.821413091427766
2233,0.4668055950538748,0.7056371025776502,0.5310961199374596,0.2465926854392013,-0.014312487821376512,-0.23208623121754154,0.5881463313513233,1.1832089283343932,0.3083358125395173,9.432919858480656,-0.17552642713739833,0.6314411760297804
92,0.7266200078401391,0.5073628912732394,0.01292253971909602,-0.018993478582227812,-0.2869359247663177,0.17890413711893233,0.5694443516225026,1.0251568643134772,0.6664286398325654,3.5326281921857112,0.1725870124428477,-1.6427580704785254
2807,0.5987050521089359,0.46538280529525966,0.6545018881519991,0.008376358959956021,0.0962718538725675,-0.2462271234675325,0.6437654854898305,-0.897173194056453,-0.9731797131927356,-1.5799097487623996,-0.963552123231875,0.6453288862391665
3101,0.6075165676880866,0.622186516968912,-0.3508881015050239,0.5520983415029136,-0.30815252460926007,-0.36818005719529573,0.6966080202011123,0.1717402118254259,0.4525850029160981,9.438026528851966,-1.0371070907365676,5.950400980668877
1721,0.5411827185559419,0.684326797904984,0.017235848288237023,0.2103811175636485,-0.3124054334205451,0.24225723038041796,0.5964636443648467,-0.839897768204131,0.28757271217557184,9.445715648257538,-0.13942715712228168,0.5776879222528737
1478,0.8414549258670695,-0.19308869548767832,-0.07579646999150318,0.26155855032989084,0.020350263673710837,0.12461366587397756,0.6505935567967882,0.9306845656739419,0.12912666520536678,3.3735320622289833,-0.0024821797908940015,6.123698665951761
1564,-0.8550593926930307,0.6371830006298043,0.6072595969375314,-0.1651377611026116,-0.27337054673523076,-0.22800293605910515,-0.5819602353686115,0.37913163792516885,0.17006068006340966,3.299659328141775,0.9182610275970126,-5.366650062413676
62,0.9109820127177709,0.6855032123876903,-0.10102352345449853,0.17267976812636326,0.053872591531733724,0.1369731250738647,0.5717839079967696,0.39932145325480256,0.8404272073739241,3.568821355271576,0.29551819115863615,-5.304509711214108
2257,0.8370585804287657,-0.9127483595064118,-0.316814666554615,0.2913030722050855,-0.3354326713658936,-0.35462065114521346,-0.6586602303764055,0.9854223451470863,0.362658146457239,3.2628357879474756,-1.1650006545939404,6.183561786862227
155,0.652870414911007,-0.33412348711139794,0.6497226795930409,-0.0015901625326785523,0.0641588306407813,-0.22457751561627484,-0.5614484615365912,1.0592702513697891,-1.0252201876987919,3.6520155619536725,0.21214256979215582,0.8457253519497449
3435,0.46645851607237704,-0.22095318620106352,0.3853442817378218,0.5459058569356715,0.3139565203067173,-0.18420668989875247,-0.6965598341144436,0.19188311488870297,0.2504201260807726,9.40313888583056,-1.0193255149567872,5.95408654943518
1768,0.37477645466895865,-0.38166579590908317,0.4784527688683512,0.2648055872151286,0.17461735659454766,0.10240658258005282,0.5410457923314028,-0.6531089119369782,0.06297232630843419,-12.252650760990104,-0.161810068268114,0.6903773963111155
1826,0.48244774917268307,-0.737085325126809,-0.47693964921103926,0.6014726345057122,0.17002100917930457,-0.7310630139040819,0.6015718691288936,-0.30961744559127147,0.5776977768055427,-12.276783745865163,-0.080462488583181,5.860946225384746
1496,0.5264474389196789,-0.726884928562223,0.04975170516821984,0.5637967869593027,0.021733607755306583,-0.712805954340276,0.5904598159963022,-0.31460719951793037,0.24480858957441395,-12.277316361126651,-0.12130544873441401,5.821007100035811
2658,-0.6574475020431136,-0.2686029350427924,-0.05785696167815812,0.016243147125902305,0.029684494509157222,0.42495103472405743,0.5740237325750004,-0.4496940620867535,0.625283510072988,-1.3837794705728146,-0.9072100219361217,-1.5912546382732995
2645,-0.8279955691364047,0.6058355061107109,-0.26063373241648025,0.0044096214904511665,-0.40652426696403676,0.3745285660003349,0.5087614560795579,1.0023796134448546,0.07127422106961546,3.041334991464924,-1.1999511937348484,-1.644123736214285
2072,-0.96532198998887,0.5778681490144307,0.6334103928203583,-0.24344145526227456,-0.24909801624040429,0.12554112556131944,0.5014577803908298,0.9240970250717786,0.717147069760585,3.1478002534322163,-0.16469432517996044,-5.4356352647246435
2394,0.46331151108340785,-0.22157855299987686,0.06551465664239933,0.5540893008087985,0.23368676562692836,0.21338950633602038,0.6327981059971983,0.2407630760859232,0.15904353700276036,-12.343075056293538,-0.08412597351164615,5.798474383688476
2684,-0.4959388228309387,-0.3201540899054538,0.0749492994593255,0.20076378212769358,-0.017864935671934035,0.2019437261260742,0.5560435177533066,0.15816427453513046,0.2097050198860246,9.420468021220094,-1.0153969919673704,-1.6267483884479685
758,0.7576911499543698,-0.32225532761457726,0.019949913439081868,0.015681606173897803,0.06895125958692422,-0.17594039605320289,0.5872430562714768,1.0291366267942552,-1.03528688439714,3.461758268705393,1.0435642889406842,0.8501985523365844
3195,0.4831864491284764,-0.3389856113429187,0.495746213919114,0.4575519128532941,-0.07363515539194548,0.3113273125647071,-0.6345684617829349,0.3008798893814678,0.6383891615974364,9.190531515826189,-1.0831988518435642,-5.052997478646523
279,0.5178137217921458,-0.3851645621571758,-0.18458944528183105,0.24474315045465478,-0.03617195399528753,0.16381045666089897,0.60292446653036,1.1775129168587168,0.3322854431179991,9.463919327848648,0.14151065115982836,0.5760539097975732
1982,0.9250028897095519,0.48972444912898894,-0.39293393377335895,0.1028861596353686,0.04738424025204548,0.11241017597794149,0.6077205412000662,0.4082540372279685,0.23064502130039508,3.472018565138499,0.32244569604284745,-5.370080722944279
3409,-0.6953453658175631,0.44022920946090593,-0.060184737733926255,-0.19553705654405126,0.06294651851705399,0.38976087071558124,-0.5832273458426621,0.3667531379954937,0.7387489733326718,-1.3545929599030182,-0.964277550478182,-5.010642188482375
3005,0.9015057794454875,0.5085686792927252,0.016781185004121974,0.13162944595432627,-0.18537660494662775,0.38084721981316244,0.6257328314180637,0.3762109501290014,0.22216004499747607,3.533257317790069,0.3373999817760137,-5.276273552244144
3525,0.47114165021589066,-0.8359772495354074,0.3825157310886353,0.5449339867008787,0.31324108551337737,-0.18550441825681124,-0.7053075693609487,-0.2937941999514837,0.25109843432582546,9.395840181899796,-1.017338836982455,5.9652587829134065
595,0.4862887816288083,0.5904237712510394,-0.5109228314653214,0.5053334012567294,-0.05057018695701375,-0.6133038305367671,0.5378232053333574,-0.714579525980278,-1.0405980254513545,-12.13736991319565,1.0683257676609041,-5.0664016705739385
1725,0.5017557335784728,-0.7526172077493839,-0.013716728595787438,0.23797286461370057,-0.02390497927412978,0.2540017883496534,0.5932572711734294,0.17143515060219394,0.1980944521358828,9.409645735401408,-0.12329998209619328,0.5493363520354542
3227,-0.7429327245380236,0.4794691652581397,-0.07308197180905295,0.17085495996803496,-0.007756151764851496,0.39332171439535046,0.6223438132881571,-0.4789639789336108,0.12742571525932167,-1.2960205586532392,-0.9987755450774597,-5.005901667695414
1898,0.7482077745942342,-0.3482107082244745,-0.013671090424813884,-0.052138512892007695,0.03949011948090067,-0.34198018348156084,0.516585493857629,0.2285408700248612,0.09922066050470052,3.2963408464478747,-0.05190839863618749,0.8599195687572432
3802,0.8172607273168437,0.3924583673009239,-0.05330507569074828,0.2825546878326746,0.025543044093337894,0.10822807484229456,0.7155313955340811,0.9788145868524634,0.3310995070965809,-1.545706896138649,0.08438099504419369,5.895919755012394
1196,0.4812925491530546,-0.7882702008174961,0.07074353073486492,0.5876203311712486,-0.054216329304869214,-0.7604575338726605,0.6176709314410542,0.257859929267899,0.2447862961052551,-12.3677744240359,0.9527794330508936,5.797395860623093
964,0.6982061355906695,0.5119967354953039,0.5642809416630964,0.02526467311968522,-0.31861236134142723,-0.4269985550923024,0.5975845673291916,0.25697629658076016,0.24243332579276733,3.3123220976385017,0.9888815750477311,-1.6894327093688521
3767,0.5700830829581515,0.4168134297575461,0.6017923428681063,0.04691597673457071,0.06560226421383132,-0.22140488984663637,0.6218278448780514,-0.9292120402109866,0.16037182151510543,-1.5673724673973441,0.9105015375747428,-1.620997962428332
834,0.48354295997217756,0.37208286572548227,-0.5118828439506348,0.5038225548646712,0.2085165184717998,-0.571187280909231,0.5638420140496653,-0.6990140036825294,0.17902290743237012,-12.134083458056455,1.0490955563959032,-5.0530864083487055
4193,0.41779418161151266,-0.42310944838340214,-0.4988168650951811,0.29380150178064296,0.0800542498859886,-0.7129473659483389,0.5152982018542369,-0.47535084066839284,0.16649584157038888,-12.24937004491559,-0.12345861875645966,-1.51288594261263
4376,-0.40617291068611205,-0.6885059009518444,0.4748097887425301,0.30701352623014355,-0.18350828224039095,-0.7039029352458132,0.4936392633578013,-0.43818174331999643,0.13104737714386236,-12.210386268414176,-0.1398740636424667,-1.4922967124738094
2057,0.7628271089636689,0.6382927009451095,-0.3745910862889273,0.18721197854252591,0.10946859358395611,-0.27377872398090053,0.6266380294195615,-0.8673472761371549,0.1415753019167177,-1.6016740304837451,0.02549991501071385,-4.955287029298383
872,0.9291645884010861,0.4593869661724514,-0.26534692643402413,-0.23818576032521513,-0.2076951913876601,0.3090046591716738,0.6459878057473577,0.9839925277487759,0.1898475069140199,3.3347895402829972,0.9179361969618194,-5.347901891575041
3735,0.40452377955537666,-0.8160081838572697,0.49252232834018195,-0.25928620699204125,-0.020497372184298025,0.2350410948762842,0.6340416328920122,-0.39452386717326743,0.23679590635831713,9.3716301582501,0.9994271032191503,-1.6831503950650253
2967,0.5113376101661715,-0.3137847190805784,0.5144496157974264,0.4249813153503361,0.1997147952925394,0.15093376899988895,0.5401737096241371,-0.46816044936169354,-0.9503704061594112,-11.98297599581236,-0.7932858889427645,-5.130646655505421
3791,0.6581625648059404,0.6114928391662,0.20560378438667687,0.48572650750363466,-0.29193882012889893,0.15766366575889096,0.7339390807330293,-0.33205323771306583,0.4476962459518126,9.439076938587949,-0.0793181134497608,5.9125299415091845
1846,0.7832673546367994,-0.0851417121372438,-0.02037184885003904,0.2984576218357221,0.1905886821929018,-0.3614994927078132,0.6878122415711838,-0.32100796479297505,0.15226268037213012,-1.50669860121845,0.1871192076899849,5.9262102861783905
52,0.6504756635082098,-0.207439397765115,-0.16752448204838608,0.020182988235365608,0.07218502260571837,0.15184584912390733,0.5828690582804943,-0.8709093698724611,0.12801901519480857,-1.6368974980781665,-0.11119309471455596,-1.6124566314210482
3393,0.9271878115544746,0.5845887066323547,-0.1902023993202761,0.18630387872238616,-0.21708787222352602,0.366875547776649,0.6191444424890334,-0.5285958537741282,0.7969509788400472,3.149398880351795,-1.238872636761038,-5.426718303293065
3515,-0.9128447254803141,0.5815094720675962,-0.3888035061545165,0.26968074426743144,-0.3442314585647866,0.08604325052474425,0.6122313162639546,0.9031758753562801,0.6323931098646555,3.2329910130741446,-1.1724297374293677,6.142164899320004
3775,0.36047668305749064,0.6268188032491436,-0.4709610194480886,0.30240404304887486,0.025985842980924368,0.1594657749083346,0.5295848110456083,-0.6987676591914904,-0.9681204149877057,-12.182071169905083,1.0491570857840815,-1.4780926220194313
2207,0.6779483916395398,-0.21255274821605533,-0.1879046979831764,0.02680474768329297,0.15039036578308132,0.3287129556586585,0.5806526869262627,-0.8518507232587009,0.1640370321595355,-1.539686493658062,0.11385472738946358,0.6422397292024576
2321,0.6477511733731812,0.639429864655907,-0.3647834865324461,0.5131930578891496,-0.28852627680600546,-0.1197062260116875,0.7403061290222024,-0.3480795633678895,0.4714376750387432,9.440272809014779,-0.07103497105036827,5.961148298856846
2719,-0.7836887477389997,-0.1832276818498152,-0.10392081512602991,-0.18255526586610155,0.15082180770035755,-0.28015699349034984,0.593242604318074,0.3372410099504036,0.7136735315643353,-1.340027007791542,-1.0062963985418423,-5.048701293386808
565,0.4900374106149016,0.5934961284205882,-0.5070236704410153,0.4887312534921485,-0.03470878883217853,-0.6062720289066995,0.5208836140086421,-0.7225844650463461,-1.031526579204841,-12.119664323734295,1.0564798501140678,-5.058284461751574
1792,0.7336211227734185,0.4321579873005488,-0.19088623973630203,0.0038086266240856988,0.057032241097694746,0.190322494167219,0.5941699308792704,0.25812198513017587,0.6481147003152449,-1.547093209585061,0.02982195889196478,0.6253277054630751
3579,0.5352351978367491,0.3681687763512494,-0.34561123505660285,0.557165205054294,-0.04924783190132602,-0.3932357959267159,0.6909680347988773,0.18057607854149083,0.18152492844141746,9.429731139724593,-1.026744902183919,5.97422444585941
1818,-0.8112767185915363,-0.14048687967474224,-0.14793349731098968,0.2433624858694548,0.1173371385880809,-0.17316675617225374,0.679813238936446,-0.33129502561914964,0.3401884624952411,-1.506832069045643,0.10575094003823726,5.9079255239568305
2798,0.7258167160844011,-0.9229631037716639,0.5791930990170618,-0.04380542231672892,0.06829725645790534,-0.25364236540921564,0.5870194630240063,0.27307811355158296,-0.9547191260634836,3.2289131363641834,-1.1419562262638057,0.8404624817150587
2127,0.5584177301164684,-0.636093529753702,0.509279124808698,0.43718152351594525,0.24673815226270981,0.15068433788454647,0.5123513054597307,-0.4780045327864462,0.1695624659914159,-12.007197967583005,-0.1381625936658638,-5.081213150578014
2343,0.7645250077114311,0.6424286372473825,-0.3524647408962971,0.2682683528013317,0.04817042645816313,-0.44032865069815824,-0.6530921901197363,0.2833563750448831,0.07896955925541164,3.2979464514583,-1.1822623119415643,6.1530367022165695
1257,0.4620402846604677,-0.7737233914729484,0.06494191039082513,0.574388875469998,0.1867180593100319,0.1996299168812756,0.6457861149142317,-0.2736717151334573,-0.9546560410983873,-12.338429679542818,0.9448755556986378,5.7909048565689485
1357,0.7147052951085605,0.5612198805757105,0.6743674442469162,0.03189913896846945,-0.29815222190629015,-0.3284060038139384,0.5890895921036957,1.100214015821463,-1.014553422274136,3.456450856833933,1.0103955893158927,0.857391612936133
1551,0.7694356198404477,-0.1827925827229624,-0.14700304413659487,0.21010051096827767,0.029547991894633946,-0.20293771095249374,-0.6145863829104834,-0.472637236921532,0.15228695661263314,-1.4448878645782686,0.8810317996997401,-4.925989062097078
1328,-0.734615064051171,0.6725076737025396,0.07107577669480587,0.017127592218633046,0.08987872015106148,-0.15450587840163318,0.559834772512717,0.986031051421353,-1.0384225245797152,3.3058218564284267,1.0537913225598388,-1.6051836071597563
644,0.5072913486694787,-0.8072520531784455,-0.0012653810811243443,0.2428317921414437,0.2753456486818618,-0.23401898272751992,0.6014126045842825,0.15235099618870612,0.2002736805652242,9.412424594008357,0.97947455198203,0.5604417925660525
4359,0.4718345737121029,-0.35868549991995885,-0.1474992137571768,-0.25591389700627337,-0.061116702534290884,0.18632186441860948,0.6181726679466928,1.1272598872315256,0.3818240163764706,9.404788303446963,0.15280959848506478,-1.635230493509832
1670,0.6975796498999403,-0.20051184650238474,0.5991924863129473,-0.14800231142688053,0.01641918308000919,-0.3364024960046446,-0.6047223651554234,-0.5032391963104831,0.176394278699344,-1.4319283636069402,0.055279397129352176,-5.027991831988872
2979,0.6252639353508211,0.36961791960426055,-0.1670022592067483,0.40540550311427076,0.25938372381994274,0.1774962367236249,0.6098630665914817,0.27334821243831137,-1.1168278336832982,9.261429375990103,0.23059965752145817,-4.8548503746376435
3126,0.8159208412577585,0.5253115372418983,-0.328791413758289,-0.3174258120424071,-0.29363232914612925,0.4137665465627404,0.7073520193227897,0.9575326389257954,0.6345504736028426,3.3077064236232547,-1.0918356630397343,6.158275038043976
475,0.37914201784467005,0.39679147952991684,-0.47899911165924963,0.29119690751074173,-0.02953090897511879,0.1560779155987457,0.5075971838473141,-0.6838974609207549,0.11822573082992643,-12.313665811765768,1.0130749814112996,0.6366547705617746
39,0.5382403691828868,0.697811660917853,0.02810606888097516,0.2978939919109031,0.45045803593768985,0.2033836911907417,0.599768090354144,1.17071541795682,-1.0788530290623741,9.413471294627325,0.18739323716084105,-1.6203723522674902
787,0.7948698272518607,0.5200320507025216,-0.29015567028571554,-0.0024824674832532798,-0.3087374917800003,-0.38256378286154435,0.5892642637632335,0.25265497545523785,-0.9818113853086741,3.4706729779330523,1.0399314281037844,0.8627562301222472
1225,0.42095133520316846,0.3821059215603319,-0.4726036589666519,0.6051140757990175,-0.030603338857083273,0.3734872054093106,0.6354658552696035,-0.780242624440592,0.14742974760764893,-12.388008135630377,0.9561263735968619,5.8367798015563706
1842,0.5454715778190267,0.36903249426822354,0.4196303330029337,0.547470184939858,-0.260788121866831,-0.1345273339345364,0.7387781049557658,1.1087882517848193,0.4363087066790168,9.399355072498212,-0.11692494384926809,5.967613671988818
411,0.6296241631123154,-0.9226179065666199,0.5435156664876846,0.041448864556707356,0.1854498344213455,-0.4071047023898887,0.6247760563892686,-0.4846905641838522,-0.9713129554051672,-1.667331384660273,-0.08507902446246846,-1.6745101825909083
538,0.3320934103165607,-0.7279787060446097,0.47506661115554144,0.34346318914208707,0.18495779168724308,-0.6811364725035746,0.5371821313764552,-0.7304351521854272,0.08270349847040422,-12.291383153380423,1.0440220717653543,0.6310493064656771
2912,-1.0088271590824103,0.5770772325702317,-0.24373563372288062,-0.26842707443449976,-0.24989320029909948,0.08832123747178543,0.5329734451438973,0.8865009346902708,0.7426468939031675,3.0849617628775827,-1.2400303053484563,-5.427052259742908
4108,0.30045474806385086,-0.6958398080121757,0.5140324861299562,0.3685311995453577,0.16492444933604963,-0.697458931705208,-0.5297644785097436,-0.7125398788895602,0.19126384544451375,-12.401019165144028,-0.23134503821841018,0.6082491505806753
579,0.6448857391706742,-0.726111961420378,0.03709480520441768,0.48202574528130804,-0.19197715999274712,0.16060726365019531,0.6519781704998434,1.1296268047420284,0.24290503077845596,9.201335174481775,0.9619369995837308,-4.877147044989041
636,0.8310842776005223,0.5168922975652902,-0.3169152429567723,-0.04902045307623002,0.12332796242778647,-0.21458839667758092,0.6109358072697832,0.290383642966359,0.20679953409510066,3.416587640879351,1.0203039369194482,0.8545870338191903
667,0.7683611344133049,0.7328918474693898,-0.24188676195108444,-0.011286111271151865,0.11514990916397592,-0.3690958727838134,0.5411594138539385,0.26726324856829786,0.07890493729165232,3.4795901977771764,1.0340781630573672,0.854291717435457
1575,0.6189948799044602,-0.28831360337461465,-0.09840647262316757,0.44156743589372766,0.019413554148372404,0.1470807087542311,0.6443863861625972,-0.46952615056458513,0.5986139718206355,9.242590743740598,0.9801932277519221,-4.894154612471104
259,0.6791528791852784,-0.2648995651246681,-0.2917138807204924,0.045809622224819976,0.0676789591465068,-0.4300943128552065,0.602746248132646,0.20101298966581022,-0.9917889261489771,-1.6542085950928316,-0.0954223621343525,-1.652612771747097
1969,0.7496013597007066,0.48574947176260075,-0.24524890729805401,0.030437034421074035,0.14431583656586916,0.3125761324621966,0.6419200659091429,-0.5402541224366333,0.2659373179600343,-1.5980183480381254,0.0419883987064898,0.7213744704203588
3625,0.4861576092957781,-0.2660677063832098,0.35643135629236156,0.5205078878610205,-0.1443754824786269,0.16788608407070427,0.6263470511319427,-0.30290176349137804,0.22961457692666162,-12.26073630358122,-0.7118593565643941,5.802014480176679
1190,0.7123644895639517,0.41866133824559987,-0.07338386650256212,0.33012324340580584,-0.296216800484405,-0.395097761092987,-0.7610065243450647,-0.3305182561697623,0.5785295269514401,-1.6018888846427535,0.8075660155385519,5.811233789083989
2574,0.45795850260374443,-0.6861219583252672,0.15976926313840895,0.2606074726762033,0.2182680343195667,0.0977850483061572,0.5372906953010496,0.24223739926469937,0.12047163045297953,-12.229048062126061,-0.1264947823017244,0.6659174034577091
4343,0.3850539847547238,-0.7222873540382788,-0.48815305766838796,0.36358094589497614,0.1283864475032493,0.14686816741582917,0.5506413645429445,-0.653330729610159,0.6351773555252127,-12.22046252356817,-0.22258392483022077,-1.456395689966341
1204,0.8019782525403663,0.4887223491469224,-0.04267924670312501,0.2887192388471386,-0.3242806196436498,-0.4418736668819897,0.6837766985839712,0.25770281140121015,0.6537989959739196,3.5511830201948795,0.9334393486922853,6.059034986907902
4406,-0.40678836152206954,-0.688853725521833,0.47446479427634125,0.30694202050400904,-0.1838446078982529,-0.704243444240622,0.4935358041878779,-0.43849015798978874,0.13076143533018805,-12.210735590555474,-0.14020325699138936,-1.4926194790276148
2622,0.45418339764973514,0.42607848229030837,0.4589553841412479,0.28075628923090296,-0.3018113956790037,0.2802694892039101,0.6250130463326641,1.1938536401580164,0.3103288416937058,9.360432175504613,-1.0123864902800157,-1.6518599893299617
2107,0.9076910233858293,0.6512190232577311,-0.4193902650627659,0.17138843852390914,0.028645960911417606,-0.3048329676090502,-0.6121421432786486,0.9765397638559462,0.19015880084206283,3.1884692282803457,-0.09492375593125767,-5.477909568028886
675,0.48590584274800447,-0.30462805432069157,-0.038229783226521374,0.22642845252954286,-0.04169329641214223,0.26906555336288185,0.6206138764566735,-0.4551611391356633,0.21939133696090365,9.440895924921652,0.9878791250729735,0.5865694490932827
706,0.6345626416337887,-0.24062402449575912,-0.11466094348123827,0.02757981393468843,0.08692900965565797,0.3683810471803333,0.5787095193262626,-0.9467134307833232,0.13700133077700033,-1.6258043359012015,0.9288119554515518,0.6130686924162289
2264,0.5676866232502101,-0.16900114958609044,0.26075370325638186,-0.5348234817449924,-0.26381765533535523,-0.11467706167067133,0.737753432524717,0.18069168219059095,-1.0974536297466948,9.446198850118192,-0.9887151417039014,5.954642896572772
3289,-0.6684762975858218,-0.19903768167065022,0.6433209438307527,-0.13330581043870307,0.16506677799186656,0.3411664373784332,-0.5772422343500757,0.39886452238487985,0.16589241660523935,-1.3227647001652534,-1.0180766404151218,-5.073634033933677
4114,0.7615398234176329,0.7757361754003436,-0.21135611975439755,0.014565435628888285,0.0914650115331063,-0.39033938176730126,0.5520401862227546,0.26566663220635167,0.7564985150671536,3.6815265654254805,0.16207426747352444,0.8396781570996782
2103,-0.9408896586488953,0.6097076139612829,-0.24212446277465416,-0.27391274245961295,-0.2608822285848418,0.2863036052026334,-0.575211714318105,0.9288499950103075,0.770765869367965,3.1931922837401143,-0.148086220869275,-5.415225351469604
3932,0.8812644239509269,0.6423387149165577,-0.3424791247756827,-0.3019011956688164,0.0694698069248526,-0.16297077226619708,0.6914055220125446,0.9171460421172095,0.33812509994707274,3.360230667470255,-0.051298031204472024,6.162460895201009
592,0.7897475760870233,-0.9106981018882571,-0.3669593360342097,0.2511628991459988,0.12418074648810261,0.3451507255811897,0.6449252615491045,-0.9586757476806688,-1.0674270001131356,-1.5326837713891168,0.9469306689444468,-5.059747464398379
714,0.3584919423657787,-0.34110711034791347,0.1393776495516806,0.27904244052377647,0.22097689351663546,0.14437599784304023,0.5481568403996936,0.21456094121456548,0.15886556661198253,-12.346886539560101,1.0218598077457879,0.6568226741764048
3849,0.6256513924893119,-0.2304122310757712,0.2209626677108947,0.5426263874827152,0.32275058389302164,0.19256028828945115,0.7176868819556489,0.21764261559028755,0.47326457704643327,9.417002402897554,-0.0937665179314307,5.943374984767649
3923,0.4734671727218866,-0.7523193845071844,0.3303932104158327,0.5875037752512705,-0.13552763587132835,0.16953983364465428,0.6218924887566583,-0.30001598769702137,0.5728361697761534,-12.26929293635553,-0.13124629498751905,5.8215073249441955
1627,0.6811480195158552,0.6159073458562274,0.5606775978014673,0.02016186112930544,-0.35198347786368506,-0.37618620439058853,-0.5531658925514457,1.0534730099302327,-1.0436314561762106,3.206905285890434,-0.09837063700183198,-1.6891001622349446
134,0.45109188764526,-0.7962181838705426,-0.07957863787127983,0.30712591450096594,-0.026507003665801394,0.30120803267228663,0.6113759224421383,0.14754662145301398,-1.0832820226565427,9.407703702259559,1.0463591657768274,-1.6467403013789585
688,0.3252252110281587,-0.7481757425462389,0.46590710176485534,0.35505875387369845,0.18701520837087457,0.10433942087200987,0.5600534355954563,-0.7270273801890366,0.6459630580909911,-12.281690198182355,1.0379338605777968,0.6026102949567435
2424,0.47053191146194756,-0.726246672009288,0.07868789296780974,0.6152208854234567,0.22656148227456707,0.1978969178404989,0.6138562726191341,0.7933860503127806,0.17353507526418477,-12.28792230951564,-0.0864582614962289,5.8047082206100225
3310,0.48268001388474857,0.7008775957030359,0.544342814827033,0.4130946014084554,0.24539519619996997,-0.3141660104129813,-0.6124682386661373,-0.9176324463933402,0.2583122894234233,9.229864107803417,-1.1521778239254452,-5.0383306680349484
1749,0.5177238747315773,-0.3525976941984636,-0.1565806172852293,0.16673601167806337,-0.04091033152058868,0.2022666869332263,0.5900087131775879,-0.4893957576897014,0.2064419528511292,9.463111189517752,-0.15524073555303244,0.6169685413259484
2123,0.5589383091006888,-0.3228788937785057,-0.521371616036112,0.43461387148660996,0.1946164127292411,0.07374119492671609,0.5631052910820514,-0.6398169967837047,0.11017383663716417,-12.030003988089511,-0.1418437701615683,-5.150038124038957
142,0.6757874373866273,-0.9549199297545956,0.5128309475621314,0.0005929082778696723,0.10312211537485914,0.19834722842184854,0.6482428185616891,-0.4869989468521318,0.20125281911915172,-1.5316659348321422,0.9342851823760218,-1.6390709090994182
4391,0.5160781385349505,0.7245610891173223,-0.3785437426084121,0.27523711189040756,-0.033951004850437984,0.33008168837366786,0.6062862430656336,-0.5145559654094545,0.5267189571430828,9.390684120179408,0.18569356540624768,-1.6261531201088473
4186,0.6797113298259239,-0.9126808900462227,-0.16948409339209755,0.0592687764288531,0.056475470142120815,0.3494296721300539,0.6293054336199034,-0.8739306951457073,0.1859438860765763,-1.640859353678825,-0.09720369846148488,-1.6027191962330745
2063,0.4972595290089162,-0.31507869244549347,-0.04032575438934282,0.5043335670066553,0.15554081564485747,0.0978230153642644,0.5764544276123105,-0.6673561345949528,0.7226306526225094,-12.213695339739056,-0.06871536709742616,-5.021418529042342
3404,0.6352080473991479,-0.34540613400494086,-0.1415819859028822,0.4869226192194259,-0.16886842665611873,0.14629729297775546,0.6353366216668522,1.1028873945990516,0.5968448604822235,9.226728578344163,-1.0914805039459712,-4.945359354215103
1115,-0.7243835023733094,0.6769112531152102,-0.3874231101967431,0.027264390271222693,0.09701476721453416,-0.39779418743612477,-0.5417239100577833,0.9873687582170798,-1.083996693681026,3.2346790395764975,1.018392026900983,-1.6744821239333838
3616,0.7698422396299395,-0.9709161652568925,-0.28693285583825795,0.31244777629583326,0.16379069895461473,-0.14155634776256296,0.7471452464857332,-0.31745898565574227,0.13850912056399223,-1.4967217272886244,-0.9630593910299895,5.995622964423847
3017,0.7234056706887129,0.6224645990134677,0.6169681470864423,0.181438785038021,0.08332907976916445,0.324294896617406,0.6376192061878369,-0.9217755078733538,0.1602221345966086,-1.5880996868859756,0.04659403214376576,-4.947474802342507
4225,-0.42630984633438745,0.6163959126901801,-0.5399019204949879,0.27861192509213484,0.09114473716759898,0.37328594396582776,0.48522499221744253,-0.4473447614191755,-0.9060028845404406,-12.240520830086187,-0.1316351745852365,-1.4765280385108284
765,0.5046465955154469,-0.804840269694655,-0.03382703303350691,0.23855587043517995,0.3013281515291936,0.27529863845200725,0.61456398315624,-0.46253757335293866,0.1934512993620426,9.421416863793038,0.9769647888628831,0.5769510571474885
1763,0.4645776972816469,-0.7114470268596389,-0.4725964189273188,0.2921564192819344,-0.05905944774789991,0.10592149253411286,0.5237278986014952,0.2442776791778842,0.6699601335562335,-12.206571929352233,-0.19032081756734032,0.643604284499465
3376,0.8257888857344838,0.41950756766798286,-0.12947333636557812,0.19404999633232334,0.035612797736701264,-0.3041919547679346,0.6792400932269744,-0.531013654053135,0.7343114118669263,-1.4031434583818525,-0.9743236057077056,-5.010204241326415
3257,-0.7781606965875342,0.634717565662586,-0.09221965225775099,0.17546018691656415,0.07713476035226982,-0.25395329431121716,0.5872756638135569,-0.8443077301811306,-1.0529480890760239,-1.3834324908185354,-1.0423421392023704,-5.0554185791540345
2112,0.6589196348770703,0.6226508649750144,0.026049940519367955,-0.4609488816263138,-0.22360829747491445,0.19019207011261888,0.6549937453115722,1.089202302067756,0.3037761245941323,9.19077625133784,-0.19458137672567924,-4.961652892036482
1406,0.42705206527433204,-0.708527476416018,-0.12348936636630091,0.31653676438987893,-0.04931307803597217,-0.6751681155317858,0.5335867070901184,-0.44394998262301855,0.1284552752701807,-12.282560864561692,1.0353335309756573,0.6771414999613709
1535,-0.9329838869871024,0.5861787020752146,-0.478519228100574,-0.23716671630475475,-0.26850659952439615,-0.29452976709708856,-0.60704209984531,0.9078625241452091,-1.157701085057857,3.29499410016539,0.9155436852778253,-5.452321777151239
497,0.7896641141528155,0.6809569079431467,-0.23366464783223767,-0.05396200719490644,0.1733157742597993,0.17859387721122852,0.6212729339918233,-0.47419343694225047,0.22727748275444087,-1.6184533941090529,0.8974258808187086,0.6708584425835254
4136,-0.4347816629957325,-0.6995375433456884,-0.13326304175705417,0.3434784522367196,-0.06874084724045329,-0.6923603331950049,0.5023117898544672,-0.4646539560291193,0.6649618115699898,-12.362764416715853,-0.19930468970564047,0.6424403299064512
2416,0.7931624123499779,-0.9552719722490445,-0.0014153094253003178,0.3095898816954121,0.19210293447169136,-0.1414940736948265,0.7287690310927741,-0.351220154578043,0.14041825103270902,-1.5341085130500491,0.18205208598833514,5.962911248209364
3561,0.7280679409795939,-0.9493211989327925,0.02962104791366566,0.2798664895200393,0.15268148449905078,0.14381417463015214,-0.7098699249791194,-0.9848333046689032,0.3248779208718773,-1.5011678277947114,-0.9397077432418365,5.93997601394566
3965,0.7557740259123609,-0.3113457608353495,0.004810818854801887,-0.03968152750009649,-0.33938220179484374,-0.15183492693395437,0.5664669535689586,0.2236491917663397,0.08330640366570773,3.518384918416732,0.21547744828726134,-1.5759318166563323
3500,0.6884966443598055,-0.10340913399141236,-0.2156555439151977,0.3380682315821239,0.14752910287487556,0.4081357548355703,0.7080028583615063,-0.9886899272465738,0.5792237825249872,-1.541584527900329,-0.9603964191928444,5.934011373306542
2292,0.563875182625539,0.4143639902527454,-0.33161469342533845,0.6081260788820193,-0.2514789819922137,-0.36102736614104836,0.72078634878706,1.100531590307286,-1.1166492652337654,9.455713698656105,-1.0170790232185578,5.976687171005976
1962,0.5193591199770099,0.4115434255739591,-0.30682289381065775,0.2656430314025785,-0.271098056162396,0.26745685705231564,0.601163044913967,1.2213374509888324,0.20946213650772738,9.429742899258862,-0.17862038305803474,0.5984846228052033
197,0.6819953826082089,0.39604680216107363,0.6679727572454341,0.17968703231412292,-0.004648504634917967,-0.31008595487095963,0.6337564027478049,-0.8991018878187732,0.14268980138387094,-1.6027853953921785,0.05144582306338532,-4.934388803051197
2017,0.9121563397416765,0.6926302407548385,-0.4002655194593779,0.13693474833491565,0.04518836015189114,-0.21125164576814898,0.5859557905143765,0.37632274182279984,0.23873005585718524,3.492866865206878,0.33310998310502604,-5.352809522536513
3665,-0.9559497678506342,0.5635129933244634,-0.3836400679214119,0.21868807628506073,-0.36512844586162246,0.07027668843197978,0.6262974517760322,0.9077977719514846,0.30496638776729823,3.1938406136446624,-1.203486208970153,6.138550215718736
404,0.45253050267738,-0.7747958636345331,-0.11899072329738342,0.2780500249630091,-0.027161183014635538,0.29646829532773533,0.5922211881109012,0.14322258902276183,0.19541898918734232,9.358373154704106,0.11898421383126179,-1.624586498279474
615,0.6531990697637301,-0.7796990754122911,0.041069553264837286,0.4044986929351354,0.013972503596210427,0.14539867376105448,0.6695305895071266,-0.49106357313081095,0.29824079281778687,9.224009896729346,0.9733783878710364,-4.909890846724266
2958,-0.7468658608489176,-0.9055893223776037,0.6238564965882198,-0.11457429248530782,0.009643147281842705,0.19074928232592164,0.5928732561522403,0.4011973419777352,0.21372550163207257,-1.3021946988136797,-0.9735787449420947,-5.056289070576777
3638,0.849839602690742,-0.22577728863427657,-0.3477730327832234,0.314959095092003,0.11216653327670811,0.442900138022962,0.6859644380828142,0.9578308856518849,-1.0353220600114057,3.257788102758102,-1.1413023027707772,6.194034536408447
2908,0.46293422035942694,-0.3445307637593364,0.5086471117036994,0.4834100197050238,-0.04719881348260795,0.0673120403451698,0.5557186833434968,-0.6959198651892374,0.7605374985748581,-11.979142726716319,-0.769730353186707,-5.121318351601421
317,0.6566040703390351,0.6959827019869305,0.6198239715239248,-0.049212640851478785,0.18356389752258223,0.1798098571158982,0.585069733738546,-0.8944966780363928,0.2053749475740964,-1.7325633135822647,-0.060091498015806516,0.6111240141203876
3155,-0.9174539430662935,0.5532913709777502,-0.22231349273304263,-0.2131998237264916,-0.2571140575649712,0.11890111562505438,-0.5855466481167971,0.8948476055882786,-1.1163590481370365,3.10347874902278,-1.2621583784857862,-5.432339242008901
3697,0.7478436656480942,0.7305812974196951,-0.21583221563758642,0.011353334889931725,0.11253170809611857,-0.456300083658597,0.5422453307769849,0.25293221922704645,0.07467040977870638,3.334114950422326,1.0359589288035804,-1.6319100951383578
102,0.5229678962543085,0.40076740143491224,-0.3254219998996504,0.2558212203269478,-0.29215157496108096,-0.34517593266512775,0.6126747033555279,0.13120770839593415,0.37745494473683916,9.38412232019323,0.17166865567635511,-1.678881838046432
4264,-0.839693807626543,0.6281896724217249,0.022461712853973265,0.1366827792201422,0.02785326737288984,-0.24241058614561253,0.5709325941343346,-0.48539030940179145,-1.0542404831249919,3.513647711096152,0.34205211519164297,-5.348801371889452
4070,0.6901496059093329,-0.2427601548274353,-0.24121738634921416,0.004869338752870906,0.09815314916582535,-0.334815082552726,0.6003562641029219,-0.5158023442616778,0.09638905478206643,-1.7004631929675247,-0.10865527375244724,0.6429345532470915
2548,0.3434799065645453,-0.3581290207165236,0.5063727377992863,0.2755748080563257,0.20380607616763038,0.11985925579147105,0.5207286189843158,-0.6665549359652538,0.20549257624493003,-12.26421806061657,-0.15544898115350445,0.6835224286778218
3736,0.520749934024031,0.4094728723861068,0.5838195479302399,0.09647837896594622,0.09970748101599669,-0.21525568208770535,-0.6509317887357525,-0.9068355058199177,0.6345172174188293,-1.5818954903286373,0.9469570770365563,-1.60296294318525
1694,-0.6247509446972647,-0.3276145392177357,-0.1335475714830422,0.42089706005479227,0.23380104224382472,0.2540563208612602,0.5687534486876253,1.115931716173014,0.2537496155193101,9.245191562947396,-0.19492225965222823,-4.978292939655327
3372,0.5998109092683632,0.624074568359338,-0.17205136665776202,-0.45785936182375836,-0.12420575936971945,0.14580006438043788,0.63214121630595,1.0631897565784947,0.34927977375808295,9.252067241757043,-1.1113383061589417,-4.960717948688189
3988,0.34075425497585227,-0.38817956626134287,-0.486943375061075,0.3341258573460164,0.08712045050189139,-0.7343424059389062,-0.5435326898216948,-0.6556717296602964,0.12275390559285625,-12.284140126120693,-0.18642709865794177,-1.498273532978715
1832,0.864332919050303,-0.21244762708464182,-0.06992438632512618,-0.2796899053322629,0.05184234584588531,-0.39375649354967035,0.6516256655526257,0.9287519807531297,0.31946798662335923,3.3547395094083234,-0.04054337090278235,6.128725499147104
1022,0.7484876091686756,0.6837894726035115,0.5828421164601305,-0.029594346348753697,-0.31945957473598174,0.22485420766752548,0.5500851786466903,0.2682986949835844,0.7095105646237049,3.5395580839450087,0.20662919559939158,-1.5936333316985332
3379,-0.6957793367161806,0.4400048544697839,-0.060390647919242355,-0.1959006429898957,0.06273491121805808,0.38953298378001255,-0.5835817916506244,0.36653778991842745,0.7385192966410017,-1.3547941618643873,-0.9645068484384175,-5.010889134473189
3503,0.5198762539319054,-0.7211673565187957,0.0960031747097635,0.5594989273937809,-0.13624020677728865,0.15038916779248593,0.6159868127633163,-0.29277542917359833,0.5855671355377579,-12.216821088250896,-0.6713964055319787,5.802528971658916
4071,0.6403622442431165,-0.27271131948593824,-0.18071001913774715,0.014561726202698985,0.1455286018239424,0.37615703095515196,0.5891114446431828,-0.9156073036190067,-1.000462497771997,-1.7808528440757752,-0.09733784263747267,0.5846356100905576
2702,-1.0109584795336384,0.5759964680229396,-0.24477247420687342,-0.27019593254029695,-0.25108515493836625,0.0872001649644759,0.5326510780336373,0.8854746278793778,0.7415330170035115,3.083957854664633,-1.2411972287039759,-5.428182380917668
1159,0.558389327178001,0.43905957278575525,0.5778306489058397,-0.04863187851842823,0.10966749464796369,-0.41504141623166435,0.5996975631248449,0.216691690395785,0.11360600390564818,-1.5439239067720925,0.8926973024681816,-1.694161935366692
1277,0.7005041191338741,0.40108709769273804,-0.2026804242862626,0.018718667858459444,0.1404973556898947,0.1900819200695801,0.6273263541985299,-0.9021335136687321,0.23430530330620558,-1.5439462260999115,0.9049089829055197,-1.6068486899493803
2068,0.4571884056519348,-0.6553432010637229,0.5105358802421414,0.5180739812626968,0.1801353532589481,-0.556638879894983,-0.543690040504418,-0.7288809060245716,0.09639461011285722,-12.185248173567576,-0.08549704074075723,-5.003079977288794
3252,0.5892441492606835,0.6149334430495601,-0.16484900978823855,-0.45658012866473313,-0.19042239496129565,-0.2871514740816216,0.6445374130712371,1.0942186816513824,0.2296540699161277,9.234185463586595,-1.1177022442026885,-4.942449707110023
3853,0.5494086191107059,0.3343517304552349,-0.349483675322124,0.5899337417323608,-0.00890357322721792,-0.29922526962593915,0.7085186692794113,1.0988791611455133,0.23041384077540514,9.42234725035048,-0.07399531585311597,5.983679840059352
770,0.673547049910702,0.47251562130639013,-0.05647878850599031,-0.0007168155068523811,-0.33188798084449483,-0.3012798227201974,-0.6583879109936331,-0.48015968906928513,0.26583438259079056,-1.6051861628761541,0.9296796692817728,0.6500141248755117
2140,0.5739626410880844,0.705744919338792,0.08686225256796881,0.40180077803554853,0.23078681530027526,-0.27799056960784985,-0.6280417798153427,-0.8543762659427389,0.24344244205164253,9.217462462300233,-0.1470201784157091,-4.99881132230421
3475,0.4391961577674172,-0.25749903621451514,0.3652626279532325,0.5521079550856112,-0.08203384129510495,0.14774641298643587,0.630742276672404,-0.7543338511849513,0.21873153858510208,-12.265594063817693,-0.718792642876235,5.833310976669058
307,0.7691910550128673,0.7196878450610824,-0.22993038512597855,-0.039474284016092966,0.07715365647420225,-0.3348747094994948,0.5636772333940613,-0.5065247488711541,0.05491268528771503,3.6517850783143997,0.19841241883621022,0.8781087829842776
3069,0.5558944081048436,0.3561820134705748,0.1990438626132358,0.5370490312442605,-0.03722149565963372,-0.11866760300343736,0.7453425350324117,-0.27456001772449196,-1.0830645155816498,9.471150246885026,-1.0233212951711137,5.975495623272599
1077,0.4131832259653182,-0.7146766187782103,-0.5102673978117725,-0.3072957418160315,0.12943592875828086,0.15922697159559843,0.5287198519760801,0.26042592406408077,-0.9022618639260437,-12.234730990888158,-0.2716099695847005,-1.5028886382949258
2620,0.43598521873136203,0.7519607078252193,0.07950083999592394,0.25431996809375523,0.3766516116449976,-0.1963566192253743,-0.5977588474417612,-0.8570594835024192,0.242906575085459,9.38693029566329,-1.0685970814541152,-1.589599069024694
3518,0.8553814560213505,0.48107115299277287,-0.326446807574033,0.26168102811090965,0.06631172554059413,-0.15768360439483575,0.7169566648032729,0.28156274404918685,-1.017570745922922,3.2938313487952593,-1.1297667387484718,6.199399436490421
1451,0.595812697701414,0.6184384879247018,0.4050343942658426,0.4846752166099078,-0.2878222152157662,0.172461238397862,0.7234847322524646,-0.3305795785143792,0.43662653797784523,9.426409403652908,-0.082017075823378,5.922474716262715
2216,0.4785529581843425,-0.65782021914651,-0.13229158266592544,0.2737972755967519,0.035424526930896615,-0.6363103217326302,0.49926899203878483,-0.48494584310091476,0.13683679133943155,-12.202465265819404,-0.16247818294556332,0.7021095253255815
3036,0.7864742061135993,0.5199278880433067,-0.31668255615983604,0.023115780498368554,0.09043231058774308,0.3946180033468189,0.5947603830895314,1.0773951979478902,0.23514249774188759,3.4340524019687297,0.25588302023730763,-1.6257675669461231
2955,0.6149640521766614,-0.3209901581523115,0.10102285650270543,0.4362498494907953,0.22953705892609494,0.3026577987398913,0.6289824877675694,0.26131897024137246,0.6435966208727142,9.196038528559214,-1.086371107996198,-5.013378988634676
3874,0.8502342386323494,0.592864630120478,-0.06965746805886527,0.25671974516556184,-0.36259091281671957,-0.4316829443110389,0.6538861473496678,0.2480530560786919,-1.071583572161165,3.398765088679746,-0.006931525047244091,6.117927681939758
1066,0.5594518144983078,-0.9234771314515029,-0.09629214681287782,0.10501392489791471,0.09189848533205416,0.36943528832538874,-0.6160696300140606,-0.8840871825359043,0.6204143790695229,-1.6530806667666127,-0.14758343950966454,-1.5882433833729184
2028,0.7886623868011589,-0.8788010568177366,-0.10463831019712667,0.22475392735068325,-0.19472620022136722,-0.2243034642929391,0.6201301935449326,-0.9011258489580708,0.1299221799505463,-1.5326445116705136,-0.0004293362168716717,-4.85831795793834
1705,-0.5124906938183282,0.3877164237972566,-0.5215533344102481,0.4537833005036965,-0.05393818070376175,-0.5543722385639491,0.4985105457962497,-0.6495955865060411,-0.9817960806142715,-12.03224501861212,-0.18711103887419558,-5.14159007912738
812,0.9294438418329406,0.46069164025047776,-0.2640476843615713,-0.23598624775796676,-0.20637880253963733,0.3102718369130351,0.6463520437528593,0.9851995184911274,0.1911234310746126,3.336016863110021,0.919265892467945,-5.346543069195195
262,0.7259614643314458,-0.9304303704812779,-0.32074184092588354,0.036066584579371945,0.0662580470805711,-0.1918753739159821,0.6674230712800397,-0.4994346724927723,-0.9561721181266947,-1.6906955562086818,-0.10816206724092656,-1.6354138818454502
1674,0.532320420573979,0.3714982624543347,-0.5192113644017106,0.4776290714252891,0.2073406636206193,-0.5415689036085635,0.542305716214848,-0.6497655203321359,0.17221338683210996,-12.071425980317757,-0.13062767916069193,-5.101763928011664
1515,0.540334961327365,-0.8149920111851853,0.3978637905271458,0.5434533804042578,0.30759166185792325,-0.35397959654601685,0.7013019930439702,-0.33486166687204666,-1.113580284434774,9.409274304343846,-0.09138515856071265,5.9826176366938535
1403,0.4273113456646177,-0.7222771596287223,-0.4651761616773262,0.310182174037713,0.010979781341355944,0.10131395143948091,0.5330846411425616,-0.44188076845216456,0.678235998300337,-12.248498688715223,1.0212394461720833,0.6433768188042267
1121,0.4685901650170239,0.72266598909899,0.04317812051438803,0.26553000503159113,0.03696780543611559,0.2911698067857512,0.606250440106811,-0.8945117497386955,0.30628939267339866,9.40896194355663,0.9989281028473918,-1.6270685186284415
2689,-0.6139515260812921,0.4932371766052637,0.580351195119579,0.030903493571030023,0.1642885663897704,0.3916903643756344,0.5844388787287974,0.24930877891862457,0.22961115924341927,-1.416451653161694,-0.8930662003817151,-1.6494306451235776
1715,0.778535188545402,0.6126860416418543,0.6279629284569767,-0.026467647451500754,-0.327310723652559,-0.24474431418631185,0.5611476958237657,1.063747171266818,-0.9883262658949322,3.3547640220838137,-0.10522948518211757,0.8680835764572895
302,0.7520293499820201,0.5194529779935307,-0.011569976089599057,0.00266301354799046,-0.2744575073467862,0.1552727287216754,0.5655925865483462,1.0382323958464243,0.6972196607057701,3.662023771197552,0.149370315762833,0.7928547343032988
247,0.7434782817567309,0.7328225849167861,-0.18132765942582152,-0.005159972820977529,0.09473038565220893,-0.44793374161780414,0.5378097884780547,0.24474887740124301,0.04819657821332398,3.514472496922447,0.19570971540206328,-1.625975614104608
4311,0.7490577905993127,-0.8912192598168523,0.5713077719609371,0.1968036983999801,0.0664345785671929,-0.2107427039632521,0.6291619840524892,-0.5236627961704963,-1.0555066655897845,-1.6079080696264048,0.020611379793738345,-4.947572772537125
1985,0.9570032197500032,0.47233068539581097,-0.15669817295634744,0.10012269544278792,-0.17523124946141458,0.14155648319314618,0.6165995575052887,0.3972347879827876,0.21502342351986792,3.524444867789323,0.3443050860381158,-5.277592360091489
3460,0.5181363625068378,0.6177450741940227,0.39729463894160083,0.5378538960969489,-0.023419448204166242,-0.12365233668870348,0.7165287345573355,-0.25935927242445417,-1.1053085646654055,9.445886520223175,-1.014631113418683,5.950682592957081
1858,0.4416075783678074,-0.7357979394255937,0.021772665969814357,0.5858524871728489,0.1934233653213119,0.36241406711620244,0.6134147181047068,-0.7921919282246294,-0.9807265696578934,-12.276766438300267,-0.09853796958518253,5.831230485736494
4287,0.538888365895972,-0.6742881485796197,-0.5311707530463547,-0.4496183562698772,0.16535575879379383,0.07730666066038631,0.5478736008546613,0.34690817080220526,-0.9790785203311346,-12.152721293512677,-0.12401381344240438,-5.0464961107577375
983,0.3795404259101853,-0.7052938033964983,-0.4783544611003022,0.35761908929311725,0.15581986533320127,-0.7446109894447852,0.5364217469700266,-0.4188442103389939,0.6481826419439026,-12.143699791300222,1.0613253447910003,-1.4949710833267527
1772,0.7459318253214716,0.4796612655068709,-0.023110713182196294,-0.020248380755543482,0.001679833824997239,0.14604235600196697,0.5456520613153931,0.9957596874325775,0.6770487986183941,3.3207618977908626,-0.11415839960665886,0.8079540449753625
2601,0.6907041864696108,-0.2926828718866483,-0.10510063927377086,-0.007853605113169126,0.15336838367949412,0.4111442047069412,0.5865071411465406,0.20926994905903007,-0.9701082937851062,-1.5446821872905825,-0.9222244326975623,0.6606580316159353
4011,0.6483682646442972,-0.9223648506574327,-0.13582966300057694,0.04157068947331111,0.1554276220934491,-0.20674326374169144,0.6144077277458365,-0.8912493850734814,-1.0053743736777232,-1.6985938039058384,-0.1159003909775663,-1.60596903744562
3777,0.3665157687767662,-0.693987938982514,-0.4782402585181894,-0.3720889568827648,0.146211292795866,0.3633149022094665,0.5305809860645405,0.8404980559597544,-0.9169546626027719,-12.123371126296176,1.0598480748004937,-1.5007512412863673
1266,0.783201665477483,0.6983305832234471,-0.3537936142200001,-0.008620651415528712,-0.3548849034224837,-0.41138756453137476,0.5460561725170091,0.22908970937319031,0.05660298196109593,3.293828514274533,1.0278570176039574,-1.6586779975355124
2946,0.8191276657795912,0.45597327247109865,-0.404783675360529,-0.25521865436506425,-0.03715058984971517,0.11239569763920522,-0.6381050513358254,0.9367918734546261,0.7766429577044824,3.117624644812968,-1.2093791684061819,-5.459259208046139
1360,0.45674739321555174,0.3605119590104715,-0.07944950949052762,0.3475336998076221,-0.06947935366366317,0.20669984501233182,-0.6321526785229169,1.182321618945161,0.5785830527073248,9.455180340241823,1.005576138102896,0.5621804950747564
1718,0.7709703559009571,0.5075105951513378,-0.019183278833907597,-0.05775475206125214,0.07880577556308074,-0.21578987016883244,0.5832318940302202,0.26072955951854226,-0.985374371205821,3.3415279086136063,-0.08024767514192392,0.8546509344888374
2104,-0.8712505724256826,0.445451802529085,0.01761821985505223,-0.22476516671358843,-0.2599326573646977,0.27822232967262434,-0.5877249877920143,0.9558103951205105,0.11349855525915763,3.1637867929970254,-0.1239361341545767,-5.382739524405603
2065,0.5836793409487656,0.3790820395379181,-0.5266892884047537,0.44086905148128647,-0.032203923928945104,0.33297633368829815,0.554465774615368,-0.5361764235026382,0.1101510430861423,-12.163759312997453,-0.00952284626850825,-5.027703600361582
1213,0.5685825416746375,0.3184854268348747,0.1291495411135279,0.5825759375252135,-0.012591251682723391,-0.1140099287452474,0.7561123438800784,1.0860539708278245,0.41064413976042957,9.43349684984117,0.8742057961588725,5.912364281876751
3706,0.5207428306358002,0.4094476233266936,0.5837931671090728,0.09646931999224373,0.09968279202400852,-0.21528085612886252,-0.6509722511780137,-0.9068607075283295,0.6344916414956743,-1.5819205600796797,0.9469324676507003,-1.6029900965362966
1378,0.33390623773633943,-0.35877758555874617,0.48053913321149594,0.29591960440008475,0.1750283481259846,0.11665668210110712,0.5679493254189818,-0.7103844760891939,0.061153694433910576,-12.312892305593484,1.0178324624028756,0.6644901418972866
114,0.33660882811956055,-0.34580744481400344,-0.10220592258489565,0.3484607285504201,0.14654604239259553,-0.7629755940709562,0.5110886700345363,-0.6577250013182684,0.16454174372691902,-12.283886548921881,-0.1823020795371594,-1.4915953991120583
2463,0.8374259461413761,0.6653932710264943,-0.3237186814441601,0.2428071768251857,0.0665223917852368,-0.3886662258456962,-0.6701927239749556,0.2946154889130104,0.3282107565277913,3.3501159527493285,-0.006730662738113702,6.1657885401588235
4017,0.36885451777048556,-0.7022636747136144,-0.4995936873675593,-0.34454307600985895,0.11224269147581947,0.3768411379891108,-0.5457310376565953,0.25706157887998304,-0.9201728851622846,-12.23777659354006,-0.25821616900740235,-1.4941317310026971
760,0.5197576520123116,0.7246231318829368,-0.10752252998241293,0.2563336664127749,0.36388615641394284,0.2973236878376465,0.6013351916358244,-0.4482533035349015,0.5842515479921593,9.465428348210802,0.9996513794759566,0.589758380688254
3437,0.6375430961782135,-0.07777061791208414,0.5536986835919457,0.31500060891777465,0.17950457569019057,-0.40727953894743363,0.6728957796474836,-0.9857749288183223,0.19994613736524275,-1.4965443406275178,-0.9841986044216801,5.96930299873985
2330,0.7883112096103507,0.6385593973342792,-0.007455379401839629,0.32102115012575644,0.027056110799372247,-0.41174139970483353,0.6949354723010251,-0.34975599567733906,0.5838863514779578,-1.5418166864792524,0.11298721558951641,5.883906463113358
2964,0.5066524277510885,0.38057599506387707,-0.5209388799869743,0.48106226710967603,0.2182240610307014,-0.5619551651860293,0.5608349838757414,-0.6592401969244297,0.17307976192124988,-12.008515998883963,-0.8350795465636609,-5.112009544945388
4209,0.4412228712366279,-0.340713802909899,-0.1559748323814035,-0.26925635796829617,-0.08171899239651775,0.193456312280152,0.6072005420225497,1.1303962677537722,0.23824533135040607,9.395164261813253,0.1475729775511911,-1.6341408414037353
2616,0.8010065793495984,0.5048167139395499,-0.33528888452468003,-0.013871280296660893,-0.3244424957980206,-0.19470264288428682,0.6136160492683863,1.0308647785348193,0.24888051660240706,3.0485926445413543,-1.1520591744539022,-1.6801376943792248
4105,0.44961761781074777,0.6122125002147134,-0.5140033476377331,0.2520616400541232,0.07913481254740479,0.15554511272154706,0.5001491090400182,-0.4743708976026568,-0.9327318752644322,-12.406745311284345,-0.18600906489309615,0.6673549296236403
2748,-0.7468184470356584,-0.9072753719443347,0.6304650959093817,0.1849929849859968,0.004949102702328811,0.1663861502595655,0.570943083609005,0.3870165052664356,0.7180818942834941,-1.2981407729712022,-0.9710483154862872,-5.0567891370724345
3892,0.7435724159851851,0.6239863997503546,0.45558356958871077,0.2948636363427902,0.13561048132176876,0.18905415365404596,0.6684481839923208,0.26107750814025216,0.5714776233314877,-1.5650189430891686,0.09556607122331442,5.900669226252411
3262,0.8020776831631943,-0.8827409898855978,-0.34378445010936287,0.2004363951008375,0.13624122064089747,0.3569093832628018,0.6576327634412865,-0.9080787992167787,0.1849764272567181,-1.3767941843877367,-1.067780849215575,-5.081430594342221
3617,0.6387148486322084,-0.07472784811161037,0.5565282778743235,0.31590001459596834,0.18237461227577345,-0.40425516891639124,0.6736814881500656,-0.9829922908229317,0.20279396888580992,-1.4938631440093506,-0.9811146240442727,5.972130976189303
37,0.7951172924780782,0.7463360084178953,-0.32597228689966773,-0.03892446941160363,0.0943351241928918,-0.4100201203509546,0.5612608960935626,0.26090451649309393,0.2606206210205899,3.4538863560251323,0.22441663321867814,-1.6399865333027641
222,0.4265781842144382,0.3836651795870748,0.48664417601838045,-0.24923462868852114,-0.2886225402805468,-0.35929323623088777,0.6213451626624773,0.1302693673585956,0.36914398493607825,9.352313108977302,0.15661687845607167,-1.703851298788383
4023,0.6974628030145604,0.5485860709514397,0.60936965731841,0.0720616167005469,-0.29590286639230845,0.4002756006092482,0.5763685895792345,1.1027599557234398,0.7042668242046873,3.5299350413790314,0.24510129990634474,-1.6154257370363418
2987,0.7235229825940777,0.6228988387719686,0.6174138515423929,0.18154721323879078,0.08374650276889238,0.3247380555213369,0.6377329281790424,-0.9213124964909096,0.1606521844153255,-1.5876821475918335,0.04702207037044594,-4.947028906293844
2317,0.8268487635669594,-0.20058494252766582,-0.06028552533547915,0.3243716324383818,-0.31244594555923333,-0.3691111712141697,-0.6152206397846621,0.9693177906953376,0.657828831796654,3.406105272946213,-0.017739052280171183,6.115977534820404
2672,0.7567824363129652,0.6746110699480234,-0.21008423848460897,-0.06806425908547094,0.033324602425949916,0.16131753586099748,0.5537802741779974,0.94470175651631,0.6793983177447842,3.1118749655438154,-1.1164493254161028,-1.6520159978530928
337,0.769061902168208,0.7192154044184644,-0.23042475578738575,-0.0395958977558464,0.07666066192041657,-0.3353715658779903,0.5635526405796144,-0.5069941255425382,0.05440305168264747,3.6513290691149325,0.19796176558395182,0.8776537316184607
44,-0.5063824455437869,-0.772559450280122,-0.16692070913975995,0.24151286199057714,-0.04859309143716658,0.18311796295425284,0.5528010471466415,0.15716973106151813,-1.0514126938724526,9.423750421045742,0.08554491183537036,-1.6527868812159998
3963,0.6975843645781338,0.54917556087979,0.6100384758518483,0.0722512085647726,-0.2952420126613408,0.40086879114077945,0.5765116444769002,1.1033466359346642,0.7049141523461179,3.530524305394962,0.2457223066680729,-1.6147504464340865
76,0.7572138852058918,-0.8822115531088047,-0.11523244880466406,0.18069568768271121,0.10343488860448548,0.1259906267942876,-0.645327932136015,-0.9012288158283844,0.18465228277181484,-1.5561973729631635,-0.013248722343787524,-4.897108171654403
3907,0.781696748526302,-0.19127565928313742,0.507171327260544,0.25283332438729456,0.04603460637800657,-0.41959700499110725,0.6279505048281457,0.26219826132659246,0.12869003485970154,3.3614209071197267,-0.008944582322565354,6.167647313460572
148,0.28696714839891135,-0.7137401169938122,0.43281068908049486,0.36715498474292213,0.16029641080738183,-0.7342718471761441,-0.5437592754850986,-0.733374804384365,0.11427635470789559,-12.164686134300677,1.0535256819156555,-1.4819254223168385
756,0.8547259400696413,0.7487094100503033,-0.3315554986419473,-0.06274912232313032,0.12947545609720737,-0.21831669798810183,0.5851816120819222,0.2854505258975373,0.20620080877836605,3.4374105822288263,1.0292021063871375,0.8561318102071138
2661,0.6460309094568717,-0.9061165989222163,-0.16335654200946237,0.030659817910366656,0.1875202230881955,-0.4016463962474354,-0.5983182508185032,-0.48352393533122745,0.11462838414680529,-1.4003486985071685,-0.943851204699097,-1.635888432421139
3237,0.5141982072130115,-0.31683647212133276,0.5292200555338461,0.4252394133995848,0.23635009996700382,0.1479766745366557,0.54070351072093,-0.467283271728487,0.1684044180738057,-11.996921692749359,-0.8024153755011039,-5.1073156587382105
3730,0.4426016177243799,0.34973494555200074,-0.03334889032982756,0.36431911171837605,0.3513056204837614,0.2967947995435835,-0.6279694795075573,1.171141611780285,0.55073609182076,9.369946761688178,0.9563210118978146,-1.6294765703165341
171,0.7008635339692102,-0.28238103440713946,-0.1273554250335995,-0.0433120680530788,0.17828744097292046,0.1591434433233739,0.6079239239561921,-0.4673350046339891,-0.9810914899143223,-1.7502451181438579,-0.11276774607380008,0.6285450899844897
533,0.39076766469330837,-0.7219712161803016,0.445074562652258,0.32245471979566914,-0.1432412552603345,0.09936008997325262,0.5451475837506602,-0.4245000728031065,0.6483749697840441,-12.275623618787753,1.0135948918559667,0.6460641619908278
1370,0.6176491686936934,0.45319603673790476,-0.04855891067402299,0.023148184522998855,0.14670556146310848,-0.3275872252204874,-0.6389458915061788,-0.45345666498644416,-1.0433083823841574,-1.6583248457853255,0.9355334748072538,0.6626468815350347
406,0.672753696851701,-0.19974370482245574,-0.13229174710935437,0.07926236673981085,0.07027408769816118,-0.1492271211704855,0.623751956459438,-0.8200701321356265,0.6382898240046523,-1.6629133850209736,-0.07126966694730916,-1.57643243801612
816,0.9149976310857326,0.6113025311856273,-0.4059435228987799,-0.22979859191352892,-0.20420552812517456,-0.23396073809890594,0.5935927501708537,0.9639381909972929,-1.1327650557055557,3.326216854974387,0.9529525559591601,-5.379970225714653
2338,0.4840218498015115,-0.7373545611200657,0.09912162483739455,0.5644289595185472,0.17149389311498753,0.1029703044529623,0.5993670137054511,-0.7717447627024938,-0.9513713352313408,-12.27505815467888,-0.11052812399302205,5.849485747685015
2588,0.8016136220436149,-0.9012379527511605,-0.15913710704804016,-0.030237901254302396,0.0913856191847365,-0.20820449024482898,0.5903633191860226,0.27423728682843573,-0.9531435548228453,3.231539393060133,-1.1387029736338612,0.8396101223246666
2058,0.7887007480293177,-0.878666966047693,-0.10451196286169376,0.22477606095499666,-0.1945957620079482,-0.22417631262602322,0.620165372230534,-0.9010051022647627,0.13004511628477106,-1.5325339107446252,-0.00030222328729062506,-4.8582054648655335
1279,0.5580620990209786,0.43801654656343564,0.5766488126416655,-0.050285624509262314,0.10872992582696091,-0.4161492112304842,0.5993556271703744,0.21558461181260735,0.11252814637012179,-1.5447607544818147,0.8916807262743142,-1.695224742134352
1061,-0.5448732666912794,0.7271057175213224,-0.3649616824006883,0.26240418574104507,0.42292403102817056,0.29464018535150593,0.5516744242851988,1.1823732869650772,0.31660754698923194,9.418060532075952,0.25012365541414816,-1.636427502542428
2234,0.5319582867494359,-0.3478992438585081,-0.17785919940144165,0.2025511709699128,-0.2976673793540256,-0.21401719353377344,0.5905957696746456,0.15509038569959982,-1.0666500964119947,9.453332515853452,-0.14459107332741905,0.5807853188686615
319,0.6208311250700113,-0.2971777618054638,0.6516047621004541,0.03435566211825881,0.03094224075426218,-0.25796227609585565,0.5996949724553068,1.1175543058702173,0.14758992057059575,-1.7361340748965264,-0.0697044271761813,0.629806515038103
1735,0.40068100155210246,-0.40716806312594594,-0.4794961807232918,0.26480259201424594,-0.008053042701509909,0.3424858405363191,0.4890861651096332,-0.6472091706676654,-0.9212147832689848,-12.217741637937507,-0.17604380435949038,0.6705602501021661
2374,0.8395071397102223,0.618628699774377,-0.05949306125451911,0.2571051560552586,-0.3713480187260881,-0.40012721310913174,0.6327316664480297,0.24339258395027685,0.07766805270674043,3.4050986697155605,0.010257290954125888,6.09904401255792
1129,0.5582320345661792,0.43855820908832527,0.5772625617509031,-0.0494268040791007,0.10921682240153853,-0.41557391309964103,0.5995332007428178,0.21615953789575254,0.11308789743071093,-1.544326164215817,0.8922086528174169,-1.6946728072117918
557,0.7369598493080268,0.41294428995518273,0.6182637129391381,0.18227834253472835,-0.009933068042342215,-0.3001691985164237,0.6637911607990707,-0.9356927999979532,0.19922593376541814,-1.5075950370592823,0.8955234705435743,-4.990877239969255
133,0.4615139232620471,-0.7724430497189786,-0.016785305134503083,0.35532434541070185,-0.017407108939435118,-0.3869642528400867,0.6170233382395046,1.1514109942431257,-1.1044921516021278,9.39934653060133,1.0156714408001961,-1.6848436046167639
2334,0.43794694137369405,0.36730194961342943,0.07629241909726178,0.5983575653229605,0.1971343783381511,-0.762914141308806,0.6237086329234642,0.24450825922270664,0.5886821226798996,-12.362944457008867,-0.07688762706561485,5.797705531931848
4402,0.6256996449248962,-0.926429101821764,0.5719621584294234,0.00811552607970407,0.10900631392727998,0.18883537415642848,0.6198614766048126,-0.5137658297554318,0.10556423073617816,-1.6241440268175955,-0.1301038955741966,-1.6428905180557662
3572,0.8745330564072974,0.5920221896025173,-0.35283322458641786,-0.3029192005207489,-0.33807146364823043,-0.1675894392392171,0.706889157437235,0.9221688568036411,0.3445545075818047,3.2856695077283304,-1.1645505007147328,6.127061385318012
874,0.9501547106666222,0.6634835684065815,-0.41311993164780486,-0.16088203361644346,-0.23231931969340489,-0.23048164206353525,0.6005794525474113,0.35542905517776796,0.2468352826383179,3.311389964964648,0.9444605012660419,-5.36834152289058
2178,-0.6968305063761796,-0.28406382659278007,-0.11508136563793976,-0.03635074901520716,0.133781538318525,0.34399775679058137,0.5409991378176405,-0.8445502792126514,0.17642485088628548,-1.509348684224133,0.051147631657413095,0.640069233801245
2308,0.44730685130643016,-0.2225250174895781,0.10894508627711581,0.5570616945577517,0.19448297463457276,0.10620336494839779,0.61486952604015,-0.7629481066663502,0.15419061130790648,-12.275365439698387,-0.732925563200865,5.822565661114268
623,0.5185395337380445,-0.6747772011705531,-0.49857336490930704,0.50040557384655,0.2054382598923289,-0.5470943481936055,0.5641732209689754,-0.7188955868201478,0.1248767201373644,-12.072824845542483,1.069793539407935,-5.067315769824041
2152,0.7559703413975536,-0.8601414117127447,0.6292645502707181,0.19718959104619507,0.16795805067414235,0.16511056819765763,0.6126296923867675,-0.901206232758819,-1.0357481577341165,-1.4266079058604253,0.10963842476200719,-5.050745915058482
2165,0.7607666454000104,0.5516411531932185,0.6708739718023042,-0.03633370188309574,-0.3124103286227035,0.162406473245181,0.562595047111181,1.0729750302248116,-0.9716723559223608,3.3096551299581263,-0.11070143300865883,0.8560669333749056
564,0.48097797445433604,0.3923924695974978,-0.4976274491816217,0.500681284778064,0.16925375092206238,-0.5916417126050479,0.559191825439315,-0.7080318237923523,-1.0005403185019628,-12.122068766587109,1.0698736929967978,-5.074238237501955
2536,0.641992552408289,-0.89534947576649,0.6150037501774576,0.015528940766363169,0.163711703648603,-0.26659471712389343,0.595152820503771,-0.8714739935368733,0.17454429893566475,-1.5331763469862543,0.1332423610615604,0.6281694429787611
3557,0.7115720881382223,-0.08868864217415666,-0.2848757586568805,0.32218044319379235,0.16078118297432667,-0.3969909288200038,0.6816499327666149,-0.965284287969571,0.17180145137261776,-1.4931338368035207,-0.996607164368774,5.995101510982514
1367,0.6403731753541919,0.45362472105099844,0.6335805957831662,-0.019148525984378755,0.10106811681464159,0.18814355128571741,0.6196382580751162,-0.9501702423808572,0.19696855064869725,-1.633187043579631,0.9054274720627863,0.6322589729676339
3968,0.6979991467558456,0.4877631835965756,-0.002736014857663902,-0.00336677250520349,0.06037686965230866,-0.45894258768646645,0.5835376172289806,0.24763950910327004,-0.9969178375659797,3.504136184417031,0.16473727714459607,-1.6347090995400717
3821,0.6581641650385429,0.6114995700340151,0.20561072237800393,0.48572907721468683,-0.2919322112044929,0.15766992597977503,0.7339411138503658,-0.3320462291478617,0.44770222180660324,9.439083676827966,-0.07931150170156814,5.912537164809148
3675,0.4910804516367288,-0.837248913678324,0.3718655340710637,0.5395642774387811,0.34534738200316023,-0.32423104459336666,-0.6965138773706827,-0.31586577983253183,0.4399638747954755,9.407920939959347,-1.0086077984270398,5.947922639381646
3353,0.5489061589009522,-0.3373907520242691,0.17326677792228568,0.4379571026211303,0.21570944614326934,0.3421913881225226,0.5780457985629132,-0.4857393094928847,0.07943886372140126,-12.001411841636243,-0.8282173557245222,-5.104778039095303
2963,0.5070290783530241,-0.30803502519527576,-0.5474356619442214,0.4505044816160171,0.22545166975269604,0.09093813706666493,0.5651508379499716,-0.6684316596379257,0.19812576054759853,-11.982300075297873,-0.8306567437475746,-5.154174313842553
882,0.5826287303853303,0.6580384785029851,0.5233007203786904,-0.40916550493366854,-0.22194494695411374,0.2618461152647904,0.651851181513786,0.2578924037335039,0.29916043577376916,9.208344990893357,0.9197393867243916,-4.927491190327779
2693,0.35442947301527417,-0.3805328417794411,0.43608657286466584,0.2851311694727181,0.043395075357590664,0.14262656335428386,0.5469297833150172,-0.6594570781643385,0.12636721486032002,-12.031534545223844,-0.7067353730005276,-1.4322675569502326
4052,0.7745885003103025,0.6839409627152081,0.0035391441728084786,0.013449862540472606,-0.28581452716708944,0.16229352335180744,0.5442867163570037,1.0104043480274112,0.7079758012844285,3.6802965697639647,0.15434180342360515,0.8033136149912816
1873,-0.5883292597372204,0.6802803832198587,-0.3779302924729722,0.5687460896682599,0.3352517183346201,-0.163758063130678,0.6683417104209091,1.0817623046869844,0.26193994048114005,9.449461884584208,-0.0806432147925247,5.9831819934891275
1219,0.7508377040149222,0.606646996446579,-0.28709160141331697,-0.3508411326270969,0.045991827251167884,0.12349452967428722,0.705368547706073,0.9668160413698565,0.10818888934850207,-1.6422167860237462,0.8146528802118058,5.866264279071117
1436,0.39544378972802063,-0.7171479100513399,0.16347404619583578,0.3179969721725797,-0.08371154675276904,-0.6700668043648998,0.5334548256028891,-0.43084448593002034,0.1449728022930041,-12.30795335189322,1.0443305541258923,0.6603967208316481
3010,0.6071320901930416,-0.3141934145317149,0.11727397782672573,0.43045319647334085,-0.07052615341372673,0.2852852566077428,0.6545315356052862,-0.5255646004179069,0.6242283938659271,9.203586196274609,0.3022608066103412,-4.891145821619119
2332,0.7780360602641889,0.4279388822699026,-0.16734000045992173,0.3189749560780824,0.145363928508258,0.34854773611887413,0.7201874195383344,1.03704179647117,0.35290398786144117,-1.5764687328302625,0.06550115472146101,5.89197359376763
3040,0.5272159198880856,-0.3484221868940622,0.06078577408106687,0.2606138007063941,-0.2754089557747347,0.3040342767997469,0.6314257277854983,-0.5083469278510434,0.5086996237259188,9.352771850853884,0.20673194775240933,-1.6002983674234306
1854,0.45429383630445896,0.36920502548447126,0.07230332210301174,0.5829963147536745,0.20054832201208392,0.18892431745719065,0.6576190887498552,0.2501747014328401,0.5833453173369195,-12.348168945505394,-0.0960313792156039,5.795020399230458
2121,0.8208637466249692,-0.8558251714680056,-0.15286318434860108,0.1857612604386165,0.17217707925819634,-0.149696158941789,-0.6409168562647202,-0.5843192597100274,0.21470454638712327,-1.371133170603812,0.11962519427294294,-4.97682811615569
2411,0.5648867687853663,0.6578931647063163,0.413910376361045,0.5403076097034457,-0.26451500808667266,-0.15107941018871104,0.7316265919291848,-0.34318052055624715,0.4687541848280725,9.40140631438218,-0.10440319712389566,5.941419533374799
93,-0.7299293318683138,0.7089936894337664,-0.38347138625178473,0.015561982921982593,0.07398109154153748,0.14153380071904811,-0.49887938442243096,0.9925213715391364,0.7222046158048524,3.4390177704965925,0.2343792725458827,-1.6072481761305124
4167,0.36488113897541347,-0.6982850533295895,-0.49845942667289367,-0.38644761396384425,0.09941112040749553,0.14937052631786985,-0.5573699597333468,0.844106816039611,-0.9527706168470423,-12.235144931127078,-0.24053843749572923,-1.5141472372596536
4074,0.36703263852923085,-0.4049751061515869,0.12010015455067902,0.30156333326060414,0.01582461830233795,-0.7069275051617262,0.500513978345744,0.18426928148940852,0.1118104613978547,-12.432484768121459,-0.17549387589304524,0.6478357121878504
3484,0.8458473708476058,0.5422663154046501,-0.05274075891194134,0.2124626139272606,-0.3183265506100581,0.11924856427701039,0.7025718355081976,-0.2644037252246908,-1.0469698297645655,3.32216315876656,-1.1604585740119828,6.077870808235999
2899,-0.7194093746128517,-0.1719396713519598,-0.10561787459112272,-0.1854582759596787,0.14968143246533397,-0.2883294622202776,-0.5767203921190479,0.36431329869330015,0.7239591103956997,-1.3431506058750806,-1.0142273777385926,-5.0407635378111815
3455,-0.9002685344683675,0.5878866623782656,-0.3827901345984464,0.27202009490696477,-0.3372230891006693,0.09259806812299465,0.614528952252178,0.9092415379068831,0.6393482972374227,3.2392352047289057,-1.1657759744098728,6.148429171617086
1760,0.6615604530555397,0.4436190356983362,-0.08967981641218384,-0.031757324697299145,0.0074838090207187775,-0.2844223549005294,-0.6303015396372291,-0.5432236012093695,0.2605090711881621,-1.5350166087747803,0.07264038384310792,0.6818270705481978
1911,0.6774386925348531,0.48443259813152945,-0.14139983500039677,0.00512394665080999,0.05007771753483131,0.3810515254947785,0.6059392136689148,0.2422600075112187,-0.9742667957660859,-1.5753247454477926,0.0390787280620653,0.6462423908284354
1857,0.4539240078543362,-0.725203704754149,0.08143982683741646,0.5975023821286274,0.181632789262318,-0.7525564171461966,0.5927519852675587,-0.7760345528456873,-0.9632415079049386,-12.283688509085698,-0.10598839615819869,5.86538441448498
2637,0.3800803844683977,-0.6667057928320478,0.44948770876033295,0.27768653920697345,0.21271920631751517,0.19199356339291837,0.5209371606619789,-0.4448207780939652,0.13036070664072555,-12.016256552463167,-0.7119059769177938,-1.4586365507512193
935,0.7442598207897347,0.5149385046278232,-0.3299156829304118,0.030861497877609948,0.09857480428740546,-0.2058819306372807,-0.6066913148095935,1.0433985217772845,-1.0619881337868575,3.4431229425349215,1.016775359499661,0.8391040573301464
1978,0.37541376141232696,-0.37978107832546987,0.4801713695270105,0.26532855201136163,0.17652715699659133,0.10409908986093029,0.5415231889780461,-0.651354465527406,0.06486700393391286,-12.250589157523798,-0.15989875329102174,0.6921688034626624
2004,0.5043721891639188,-0.319998499351586,-0.03817711936373425,0.48916628635665116,0.19230010365789316,0.3244385453038296,0.5490775676208101,-0.6829977173688077,0.17565094544889975,-12.20531730415705,-0.05347554165943311,-5.023235306104354
850,0.4217374472297502,0.35084143295633985,-0.01583325236522833,0.32848522861292656,-0.07368375781944644,0.30776687520240703,-0.6363050502119116,0.17323834738780944,0.565388772191635,9.377226013279659,0.9936522871320677,-1.6312036488282695
3305,-0.9614687756261213,0.5509745687208858,-0.21612293533962956,0.20297789309805092,-0.26065807811461983,0.3696317441872426,0.5527764054415462,0.941616969709288,-1.0854790333427402,3.1013248060198704,-1.263867157715794,-5.462519626108769
605,-0.8734514645885872,0.5680867140805744,0.6583099914894979,0.21237259713182244,-0.23776156718934868,0.36018864667976225,0.5495383815526534,0.983555467443988,-1.096841007915728,3.315920452148371,0.9519675663230127,-5.413781065943142
530,0.7425098813294333,-0.27908364151923326,-0.06205708929039324,-0.038963130058495825,0.11117357597338548,-0.2569237509025642,0.6273666925427805,-0.4545138911207557,0.22748482794546226,-1.6422129932954275,0.9042474467256378,0.6616461494993605
4387,0.7544230085793895,0.720342603500742,-0.1961836953220371,-0.012770815537907595,0.08299272733560809,-0.41737982014925323,0.5655551914532189,-0.4874186034567274,0.05664228401931322,3.5149056023046747,0.21907473259078558,-1.6307145938498002
2533,0.5328192122877412,0.7233287306212478,-0.3244910581990394,0.26785650088893176,0.37630267189867994,-0.2311467109787427,0.5733388287300626,1.209128545427601,0.21217533188477147,9.453374661460062,-0.14014134579961088,0.6121097689015358
1579,-0.7352486355322769,0.4745864733879166,0.6464615092825984,-0.15466392837398837,0.020534134453714516,0.34239391346471754,0.6201880666532094,0.3749359792494995,0.21616557881326529,-1.447521521366702,0.8492251484969271,-5.005919698655961
1594,-0.8779731536903935,0.6264440967582238,0.6133529271098995,-0.14093331836919176,-0.2796333759674079,-0.20800464711021707,-0.5609245544133049,0.36756632893942187,0.17876110429026926,3.1562263766565315,-0.11003285369590271,-5.4138119651420045
728,0.757728325334464,-0.3221140407563682,0.020110366016474833,0.01573889474705312,0.06909671962213991,-0.17579771241563766,0.5872892539136525,1.029274910861584,-1.0351586854217882,3.461894001233434,1.0437101986114672,0.8503431286197546
1745,0.7785631488355471,0.612802909874811,0.6280824023825416,-0.026427451697005423,-0.32719226026683695,-0.24464229952671482,0.5611835226535827,1.0638589537818905,-0.9882098509297564,3.3548721425627392,-0.10511477283904502,0.8682066298360575
315,0.5100907282842265,-0.7730302587813569,0.0038674697772182187,0.2224355880739613,-0.04394229913841611,-0.1965199852133219,0.6250267157299204,-0.5100784052969661,0.18852120764254368,9.405943222321628,0.12429783914532634,0.5190392429473899
3167,-0.7422817088414085,0.47979256619386,-0.0727520997871377,0.17096123678152636,-0.007392919321759359,0.39365120728035097,0.622449742230484,-0.4786307054725981,0.127786249359077,-1.2957244302890303,-0.9984643400375918,-5.005554751307396
2952,0.6157962756694231,0.5926951026044637,-0.1511061273891568,-0.4747535886887172,-0.2233380206046073,0.2449385534350839,0.6454743313140767,1.0936612366041643,0.3236362651608484,9.228113761835273,-1.1176674573737293,-4.957582647979688
3876,0.8811898344488733,0.48175962588704985,-0.31837533976797355,0.31594353447483725,-0.30614650830632445,-0.14947921531648342,0.7029665857040054,0.976857415491365,0.6215817949140912,3.377224249613345,-0.05905003127703795,6.170042923707898
2767,0.8451300111028598,0.45085258026855196,-0.40195470804841626,0.14820988410713837,-0.001880251626810742,-0.2589174987690456,-0.6364845365596996,0.3779758147899767,0.18704613418155638,3.0893285331033367,-1.2801739212299226,-5.471382111924532
4147,0.7538671497703168,0.7184232349416279,-0.19818864136084136,-0.013335320586123548,0.08092068051189147,-0.41951197899483633,0.5650143681427013,-0.48935380606097684,0.054570663993679,3.5130465930727732,0.21717720693719617,-1.632770699897972
3408,-0.8322795541345551,-0.21892796031058684,-0.09042403167974747,-0.12022532903663817,0.01874486384820047,0.17004135997290165,0.5918483269409115,0.3690016201242562,0.207424804006272,-1.2989824267728773,-0.9940515150364081,-5.041041881260533
4084,0.7199147422147598,0.7267699804773344,0.6310047575507474,0.036681447765285875,-0.29174763510521173,-0.3579988162019198,0.5492566546139062,0.249465069474909,0.7216726999372121,3.6823212091527764,0.1827403208433725,0.840260617336163
3692,0.7695376114488702,0.48415213716246247,-0.2913683708696744,-0.06393955025839645,-0.2987214088773693,0.18235439356605632,0.5820347133167616,1.0112693095299383,0.6791768395386589,3.3389615244862783,0.9781967531429472,-1.6475490172187137
1091,-0.4726496799344955,0.7128246334907369,0.023399655990319644,0.24516301352427108,0.04997157130165121,0.30110559499294715,0.5679600978536257,-0.8763478243653026,0.2866086885623889,9.435502964431995,0.9982602513854553,-1.6344778049529427
2265,0.45166228180616247,-0.8036411393776307,0.39652221625356077,0.6126793190828638,0.3566621628037072,0.3325272817179403,-0.6888917888553644,1.1030331785439067,0.26205573032942286,9.385755827174888,-1.0225698071607432,5.968678977315514
1281,0.6756577730999168,-0.25145806130833187,-0.10378554736405904,0.011286566775224844,0.042907960605298626,0.20280901635046847,0.6027447947746619,0.2430005853402484,-1.0054117956563924,-1.5511173087528136,0.9681474234969795,-1.5983846931451682
1819,0.7904047174043383,0.6204167332990078,-0.2825469781841445,-0.27489461495289363,0.1457378172472058,0.17462546868681914,0.6982820815197637,-0.3176930422039481,0.08103899281920263,-1.564796619365078,0.14980915971506467,5.909321421913915
748,0.3329757996825801,-0.3617998887366947,0.47775698213034984,0.29516928325357794,0.1721166318176484,0.11391167779852719,0.5671298838900812,-0.7130084876488784,0.05817163059658887,-12.316051551927213,1.0150388245304771,0.661651121877346
521,0.5745865078348983,0.6576182216095658,-0.11750079424074011,0.19671237137027286,-0.3367490694043531,0.20162835497088638,0.6173126671846794,-0.43238668042540523,0.3555351416024856,9.482446219195092,1.0073615840889518,0.5948965544232749
2612,0.7566930776677145,0.6743606192856884,-0.21033593026687897,-0.06845906046411161,0.03304834569898379,0.16105369215790105,0.5537148702483786,0.944459853218563,0.6791353293427062,3.1116167026053443,-1.1167395938966915,-1.652282324222861
476,0.39533761527234795,-0.7158606062391923,-0.13734275165168036,0.35500280712807286,-0.06197889538425356,-0.721059593360213,0.5266783932112914,-0.43094427917400946,0.668754432882569,-12.29823757737117,1.032001884192722,0.6477031589459721
2079,0.5523413110630406,-0.3317198119435283,0.5031327956891555,-0.4132728194893759,0.21938344555058473,0.2604055758256409,0.6039212745793925,0.26121045306279,-1.1395073490540393,9.201651614934441,-0.17876676440683273,-5.052482085722075
1254,0.47681519443559994,0.36324446524118215,0.03177883373927916,0.5712665245637656,0.17938888504278988,0.33297224908231254,0.662091390789025,0.25968080538390487,0.19332702083782172,-12.387953265080256,0.9288219447483779,5.788553934129275
2593,0.4959732798182729,0.6544253999142645,-0.007345882616402889,0.30055302270030887,-0.010720316948737318,-0.318832686590277,0.5913964919169491,1.16442568330109,-1.0937106925279934,9.473973496037557,-1.0149612377900654,0.623086922194037
1017,0.41148884079458564,-0.7158546374224011,-0.5230740608348987,-0.30989378227081976,0.1593422745492498,0.15626052852768507,0.5176792306323499,0.2591140888850771,0.09657545005183528,-12.244514217555224,-0.2521140551244266,-1.5092285150486815
186,0.902165808049186,0.6865448170696491,-0.39362800464823516,-0.15846848575633465,0.033308532287150576,-0.25686647294447007,0.6066016527402776,0.9874707786276793,0.2525618910954356,3.5035039147036504,0.357824645046466,-5.37191154465033
1124,-0.45499269772829615,-0.7762558239965747,-0.10080431868515008,0.29036304999572765,-0.03588733099992511,-0.17727356077527667,0.5784208571188181,1.1367926950651321,0.26986095987749886,9.405882950318786,1.0327348050736447,-1.6526603959864752
2385,0.5955898698623229,-0.8296519150746521,-0.3620325196373313,0.5692277612996789,0.3276483494530241,0.3214741092881283,0.7048468613463744,0.20291602600551073,-1.0911318689775968,9.420331439664544,-0.08048477517808413,6.032291067497916
453,0.774441430567644,0.7150650077515843,-0.3320110206304378,0.02345002381347619,0.12196743662801353,0.14830262283838985,-0.5287674350737505,1.0356014354842766,0.7702036900587194,3.460093504264429,0.9913848421725778,0.8272842014023372
529,0.6710628899513845,-0.2998910423340985,0.5630257466244871,-0.00776121754448368,0.09865487631726778,0.355069923697821,0.6018149219755462,0.23191355847188946,0.17436435698965813,-1.6260409089853374,0.8869674139448228,0.6657455957290157
2093,0.5317140108950074,-0.3207037310655222,-0.5238824510819622,0.4729546895793285,0.1835667136963807,0.07718475100998515,0.5597998121340687,-0.64197598827045,0.7331763624580172,-12.037028642237884,-0.15196014158469337,-5.135285331932634
4036,0.601369155079861,-0.9056985871021883,-0.10526089038478147,0.071025947207495,0.12931141949811145,0.3628788309405603,0.5971221760259187,-0.9042899368595846,0.1342993579974976,-1.634241295545818,-0.13824363388663305,-1.6097804230791444
1774,0.7662834311578096,0.6785016092124309,0.5987371270916468,-0.02650273299720768,-0.3445999898291182,-0.3424557518064757,0.5242313246901493,0.21998853036321178,0.711222195842809,3.345589154154246,-0.10723336820438453,0.8499260171292583
1309,0.5580547284231965,0.4379930530877182,0.5766221925615751,-0.05032287404378774,0.10870880770944835,-0.41617416358005105,0.5993479252891838,0.2155596755998297,0.11250386834211434,-1.5447796039229138,0.8916578285679927,-1.6952486811537741
64,0.8545332845207455,0.6021988235698549,0.6687476220058659,0.16931304708586375,-0.17173179330852434,0.1390134361470826,0.5660571384610507,1.02367976764019,0.09958332867338883,3.5375038864474218,0.3494339088640725,-5.274368377545071
2158,0.5005142799230012,-0.670069511380931,0.4995394565879606,0.4988086667091403,0.2124027204475988,0.05521551107507549,0.550902959536163,-0.6874184913349466,0.725908308918658,-12.008036734448751,-0.169326202405766,-5.109733086517291
231,0.619826195345386,-0.28048412606727224,0.5586099704311511,0.0214465551301154,0.1850552904702381,-0.42298178678846265,0.6144165072908462,-0.4746825915315242,-0.9861965922111819,-1.6715961846770069,-0.0491038413955778,-1.6653163450273498
3679,-0.7291671012216199,-0.95614869425047,-0.021455999217299068,0.29463508271619193,0.16617455106299062,0.411674499851811,0.6812963312292931,-0.31096705181773066,0.14274689338482582,-1.446397397014333,-0.9568421860043856,5.977283115313017
2403,0.8376119943044021,0.6658373589340175,-0.3233123872544474,0.24296739656625532,0.06700204369449436,-0.3881785199232204,-0.6694379721000064,0.29508676331065475,0.3287033792607669,3.350606082533584,-0.006246342676289424,6.166269949399456
1453,0.5498829202920229,0.3359449288767276,-0.3478622956765358,0.5905794027328019,-0.007178767108863007,-0.2973275646885203,0.7091255171107667,1.1005570653815342,0.23218435822222663,9.424006367828623,-0.07225270664985543,5.9853113972561935
3011,-0.645249340546074,0.6919295799149304,-0.4317626250588423,0.3719547784458285,0.2788793792368528,0.29767895079324685,0.5701316404574648,0.24983939976040845,0.2972509808131857,9.255977733269967,0.3257899621731239,-4.944326399868799
472,0.7576394746211764,0.6787021982952282,-0.23303441302272707,-0.003996098794904271,0.15138942044164516,0.17033570591223318,0.6056621539482455,-0.48320933052666626,0.6662977686352525,-1.6451502580724553,0.8954523372009349,0.6352133069767069
2125,0.5146238407455284,-0.32241203366283916,0.4992289942177638,0.4350144213908933,-0.08030399816490244,0.07534019605734463,0.5323369893781105,-0.4714914017061982,-0.9817751858585626,-12.027856161474004,-0.18732441306997918,-5.121740026933625
618,-0.8481486307788119,-0.9228274618518856,-0.38119162082924823,0.17376158908806918,0.06799685507730821,-0.28419343372771927,0.6027812668346996,0.3604014876342988,0.2191596353434499,-1.4143883513957813,0.9100542609553118,-5.046136308893209
1405,0.369550864544931,0.42398749397012964,-0.4529587252429345,0.3111109179500903,-0.031050466780460487,0.35574619191244694,0.5171514976220865,-0.6938695113164112,-0.931144444773325,-12.287063453392445,1.0393205926824,0.6290615644202915
2337,0.42371513724479964,-0.7348866078970295,0.02003856652830602,0.6003348681457725,0.1966111425511157,-0.7599235163297354,0.5973950486542046,-0.7905697167043588,-1.004078129460332,-12.30128746117193,-0.07991748672351,5.836453361569067
3526,0.7695319843916597,-0.9718911641648419,-0.28788036397287575,0.31209182288997667,0.16290848192111945,-0.14255806202092988,0.7468747465226819,-0.31842869752785163,0.137534513689839,-1.4976651192225896,-0.9639658664479341,5.99465717816571
4408,0.28113383652743723,-0.6891696048282487,0.48539312095020337,0.38032925351028063,0.1595559598019134,-0.7495538267055293,-0.5109066675431051,-0.7036466520783553,0.18879977979172144,-12.260468442937404,-0.21077815360641644,-1.4989943240217969
3032,0.7480842078787441,0.682467726293521,0.5812877076286592,-0.02993607252001855,-0.32097514947248845,0.22342226744336033,0.5497001550613734,0.26683221109885297,0.7080514115519986,3.5381874407612175,0.20527460909753892,-1.595158671291504
548,0.9147755053931385,0.5979068861558419,0.05366473728957255,0.21401908320243038,-0.20711814501847448,-0.24809055362465343,0.6012630460319959,0.9758593785756656,-1.12668735295644,3.398567620661457,1.0082470565373989,-5.337825142753991
1068,0.6955813923268688,-0.9298789881803259,-0.1384859286757675,0.015142249753054313,-0.3444795274866524,-0.1846883702891066,0.6234446450673417,-0.8735662106536043,0.2698321009050363,-1.6419169265681424,-0.10840656825938692,-1.6039511016694066
3057,0.39716169666057294,-0.704781766704784,-0.49969535169409524,-0.3310409842249074,0.13150047393912942,0.38181752772083927,0.5289346462125379,0.2589449952620127,-0.897512703996073,-12.221929391255506,-0.24773032770098724,-1.4928377474119507
4227,0.3656749778334378,-0.6958545696306737,-0.49612345064655916,-0.3830484587147223,0.10167184340002569,0.1513648066372828,-0.5538336482354428,0.8463857119594187,-0.9506239097671576,-12.232591574651021,-0.23800546012653573,-1.5118478817693006
1097,0.6099571888337544,0.44340714222532335,0.5920800253372377,0.013900169567953743,0.08878570089835058,0.20138624131281302,0.635120115183907,-0.9204932969377251,0.21880883548411065,-1.540489128769354,0.9370647659636875,-1.621743030714543
3470,0.7224466464717966,-0.11650935901345445,-0.23447165804513329,0.3250958559807595,0.1015878963316617,-0.15847384731594213,0.7113995750534808,-0.9729120374376435,0.5652358373639942,-1.5520565808191318,-0.935932865969774,5.912165339006214
3248,-0.8424979376869434,-0.8442329176549801,0.6685558432882734,0.20225012715776045,-0.24194341562495894,-0.20917967280863478,0.5296413382034025,1.0149909647047464,0.15131741669844345,3.061068226069672,-1.2391559147968474,-5.406846525164955
3207,0.5617484840248007,-0.3078720561667282,-0.025476422865807192,0.42560839707885906,0.2251679804139819,0.13426715909225537,0.5486580554900599,-0.475380117883753,0.15533142763073432,-12.004331895020016,-0.807772228900752,-5.102209569041917
3072,0.5618569762166216,0.40768249707621057,-0.3381264276217362,0.6057354608897962,-0.25879111056962806,-0.3692137957347026,0.7178557696367197,1.0934506546663594,-1.123614884515344,9.448529745861704,-1.024660451220189,5.96992554502302
3818,0.8411831329481447,-0.1938907855968179,-0.07665177154430157,0.26119828241240933,0.019522442623747017,0.12381553372861713,0.650368937961459,0.9299121096689049,0.12826712849907532,3.372747228822863,-0.0032797491066896625,6.122879329230513
2746,0.8167193883596959,0.4725525383228418,-0.03691397541327955,0.156885602942448,0.07071981010279586,0.37483320027575895,0.6792364574339761,-0.5130229532099613,0.2389902345067152,-1.3686070911093917,-0.9965299244703467,-4.991863905398483
2632,0.6099763914787728,-0.23719794846378708,0.5597428670548643,0.012625273065948536,0.11872410176429771,0.368969424070275,0.6202685125187206,-0.47304073433192356,0.13427468979773313,-1.4211037276469811,-0.9517099207826664,-1.6208464712799093
1631,-0.49715404432685,0.704352263950125,0.04257331241200706,0.21185953311682895,0.02718680505140888,0.2722632474563462,0.554533013755593,-0.8046185155886134,0.29088362756709174,9.422934536749366,-0.17538111951836388,-1.6435080955690518
3877,0.7816817139770721,-0.19131430677798916,0.5071310675725758,0.25282082951695006,0.04599661949278924,-0.4196372216437006,0.6279404200397977,0.2621568549622788,0.12865059009819932,3.361382931003077,-0.008981751731856825,6.167608443745811
3888,-0.7587055279966125,-0.9570389514567028,-0.21485241377705888,0.27612647005897323,0.04117363046348548,-0.13084270475721818,0.6733008584944399,-0.9372109818194865,0.32498535427612524,-1.499379266981019,0.13466268718691415,5.993362692085226
2446,0.7708670791010506,-0.9386547042475564,-0.009537870408913003,0.3163679412546689,0.15697154602105276,-0.3549896362490268,0.6981345353555273,-0.9434646757067101,0.29768308450901165,-1.5272465676781974,0.1887903912496101,5.99216344043799
4197,0.3652628870711331,-0.6971162613079349,-0.4973360823181999,-0.3848129987893806,0.10049827643245234,0.15032955308579707,-0.5556693876757451,0.8452027112190106,-0.951738289780247,-12.23391705098165,-0.2393203574314766,-1.5130415033050229
1113,-0.7644182217569072,0.7154123540907292,-0.4163950366680963,0.011848450781631693,0.1120514449267841,0.41684476632639567,-0.5459543077206567,0.2769033052212035,0.7255699847483413,3.2580459801564525,1.012756470037733,-1.6194418951900307
2032,0.7458830094089143,-0.9068222524915366,0.6002449872406876,0.16533956126861615,0.15090764682982083,0.12919109147112992,0.6328404300879523,-0.5428778186325961,0.12305251818012318,-1.5540711763818549,-0.020232993754338156,-4.92663069420517
374,0.452567988436731,-0.7746642377342764,-0.11887857926641594,0.27808603244567853,-0.027050400646217065,0.2965874028175124,0.5922553013587771,0.14334482739067295,0.1955473342241743,9.358498553383253,0.11910897762117713,-1.6244600068008526
2179,0.7685616138619474,0.46941867255591896,-0.24268581205932097,0.07131209381313834,0.15269910269262457,0.20291214505146846,0.6276616232818447,-0.5345473538673828,0.2844574313222088,-1.582201964366187,0.06352960883634275,0.7110979940630272
3039,0.5193638434747748,0.684345492228932,0.07797636711481845,0.25423918861867495,-0.0073490783749344,0.20678670054176668,0.5977861947028201,0.15427960046007186,-1.055746005737749,9.412603690287254,0.13098817388044612,-1.6307497318004611
2720,0.700001630481367,-0.8867811318278034,-0.3547681177991277,-0.20347041298529445,0.04532209746800462,0.349854131120309,-0.6124356848468245,-0.9273435908055454,0.15085019121401638,-1.4016426167282228,-1.0038952531913237,-5.05743370713859
1504,0.8419019297678404,0.4723309072583828,-0.07268094666303253,0.26310608414139214,-0.32873704800749226,-0.161192736595819,0.6980140033785428,0.2588328408051119,0.6254944207853298,3.422196599589456,-0.047245652923294815,6.111634162467643
621,0.8226379473509481,-0.887887614122422,-0.1735073830548804,0.2361877000361326,0.13489163989408398,-0.23110961360486004,0.6570320182850171,-0.4893053829664646,-1.067861858947641,-1.4862000026077236,0.9321141645056608,-4.969159225126372
909,0.4913921728179521,-0.7972669562485694,-0.13810620893768907,-0.24139555695302276,-0.31758089840812864,0.2339190283872429,0.6088790909635043,0.18021462025012702,0.21637064869832062,9.443941974679973,1.0086809014616969,0.5527605292749135
4180,0.48298980409673276,-0.3671275737802456,0.0716671479414012,0.2747962582956825,0.3977416767458161,0.22573937661508028,-0.6078404643497822,0.17191649374728724,0.5407159606920461,9.366349466498475,0.1690633956975794,-1.5878808647752267
434,0.45104296579935754,-0.7964097110461992,-0.07975557659263424,0.3070618674532984,-0.02669515634152515,0.3010229937976018,0.61130993472269,0.14734925184459352,-1.0834705364375041,9.407517335105787,1.0461753013846895,-1.646936220179921
820,0.5673845153657655,0.3209077585511765,-0.013926252007473753,0.5217451184046421,-0.026050155533886954,0.16822663415387784,-0.6678943575848648,1.1036601566265793,0.633050075616974,9.231744384792169,0.9659614915745247,-4.896255937351581
3528,0.7313755495364469,-0.9379408123611318,-0.20390016978438844,0.3238964189024671,0.13287076588372068,-0.14301890490780958,0.7282303133254141,-0.992779601987939,-1.0263534992487637,-1.5623788403997803,-0.9372948933948463,5.975108451032837
1187,0.6794582515789527,0.619032984177779,0.5298649876909945,0.3017204740535265,0.1075722882212777,0.1495160397434336,0.6858531095805167,-1.0396541615489723,0.1520944975674555,-1.6305975039717617,0.8256326548782728,5.878431259945968
1041,0.6154186570388525,-0.926321473616522,-0.13045486605976608,0.04985795360135261,0.13576400531335767,-0.18628873620843384,0.6078736919731451,-0.8928119102730325,0.1425000622982876,-1.6475042827922983,-0.14895787549454698,-1.6126769172831612
2913,-0.9223403303521268,0.5891276855967589,-0.4784612969606673,-0.282454506282901,-0.2617669340561173,0.34082250595984603,-0.6056194498672993,0.9204919347848888,0.7667429315677751,3.073227359018841,-1.2512133452402527,-5.483743386079128
4041,0.6814987047577192,-0.9271084375021299,-0.1396501610046743,0.0505633242964208,0.14746563697097329,-0.1911502346749083,0.6229803709099136,-0.8708939617793784,-0.9882202846035951,-1.700167342100828,-0.09453219573719095,-1.6065878885751983
2145,0.6415301221046236,-0.3304096899757555,-0.1432709754791113,0.4098044653610397,-0.10470194087526921,0.15900664887074745,0.6309582260376616,-0.5290381019288302,0.5862831705795871,9.231006017112719,-0.17787734267874336,-4.949612846635722
3080,0.6388075848638232,-0.13829082351939026,-0.23334077883641516,0.33436099227147875,0.12870248517965785,-0.42689416003412345,-0.6802447024750655,-0.9881375161243988,0.5821289623117211,-1.5227460679746379,-0.946577115184088,5.8914137371755
4202,0.7272063565503823,0.5096470327005481,0.015266152406179711,-0.015260619522611223,-0.2843087667800916,0.18123118038665814,0.5701599423970277,1.0274598072968852,0.6689673924131366,3.5350341863649923,0.17506475654646048,-1.640272511934185
286,0.6190139994382583,-0.2268051958857266,-0.16447069362936848,0.024907865269356688,0.1367005562090472,0.3588645334829665,0.587076416060852,-0.9025740956521249,0.1440915175601363,-1.7096162000791595,-0.11161920678140919,0.5838366330712187
2801,0.5472444145611246,0.6479331160867738,-0.35445860321241884,0.20123371426912642,-0.3026073443097039,0.3134582169255467,0.5956255683249131,-0.4833615515142045,0.181264170632539,9.45313220368792,-1.02029358907191,0.6249487272110557
1488,-0.7571628559071324,-0.15581178759009884,-0.1702379102464356,0.2969290110054528,0.011679178048256958,0.3857277082288683,0.6650286483784115,-0.31126533683667945,0.5616519220713777,-1.5071833755137711,0.08865799153444376,5.915720762644462
4003,0.4641004506427418,-0.35903127130466034,-0.17156361535584236,0.29193401214393816,-0.05717576132774096,-0.15194015683733614,0.6135104285759349,1.1396430454034,-1.0968930587298882,9.393686792994728,0.16719154502418024,-1.618463030902256
242,0.7679157621103971,0.4801058268295624,-0.2584034049617123,-0.03999289389829879,-0.288569381833466,0.17895212247596595,0.5681447128954332,1.0254718009048276,0.6700577691898891,3.5177697814350046,0.18957934038846086,-1.6410079122766308
1102,0.6302211128057765,-0.9404219544815497,0.5474195400039532,0.021464565706850448,0.11032563404735272,0.23936709439594947,0.5857168296791924,0.257278344341271,0.10816320585714485,-1.5158470523517362,0.9276503689183804,-1.6216200487248222
3859,0.8075315182158076,0.5971761563597637,-0.27867420840785073,-0.2735514527224837,0.08881835756387567,0.16297426279474364,0.6930699329745187,0.288839447979133,0.35604147484318094,-1.5620998178523033,0.1815837008853259,5.938230814846149
566,-0.5440142384514278,-0.6470969693297913,-0.09196671000583222,0.48322729456782265,-0.083004386844693,-0.5767292689118632,0.5096012524324455,-0.40714852021016196,-0.968063448527305,-12.081059570551234,1.0361353135193245,-5.052646969079612
1122,0.4720002970071764,0.6874901628507283,0.4608964169690209,0.24493025798660972,-0.34503846716203274,0.2887932583430892,0.609506622685778,0.13843115512240606,0.3031541920278634,9.37183288325223,0.9760956471556209,-1.6415698737999285
1914,0.39918454369597756,-0.3954974694188403,0.4857585910788616,0.2629881436528222,0.18269485955398873,-0.6252701987733547,0.5228119219302235,-0.48573148553136536,0.09257783723269224,-12.25223518612887,-0.13768171614760688,0.7341435502383152
585,0.6400740767401618,-0.7819032264071051,0.0574002004609112,0.41748807002514016,0.00861844758972703,0.15546972605521572,0.6501248117142944,0.2790567240629361,0.28427587233401286,9.211719141458307,0.9790100487704514,-4.912600987359362
2211,0.6768194005881389,0.4822305731005663,-0.14373553873735773,0.00438555811073171,0.04772587764037466,0.3787054832895736,0.6051056571078365,0.23992350457523198,-0.9766048184176607,-1.5774392820550203,0.036762558544953215,0.6438764838680313
3381,0.777395111745971,-0.22565853370980843,-0.07936810022928098,0.17960578905639393,0.0009441099535138854,-0.2541118248370298,-0.6234597373901266,0.35860375681427886,0.20542998981717764,-1.3210575937607854,-1.0311779527679936,-5.003909230271425
2884,-0.8773567903054754,0.4404869960724988,0.01922171799656776,-0.21739933561329775,-0.26081941350190746,-0.23265088049365273,-0.6169728691912415,0.9552558367189073,0.19345670672675389,3.0754904256428355,-1.2705535420964873,-5.371666533513847
4194,0.3422594704194293,-0.3942711130563322,0.16316171599948628,0.31272855206270683,0.07665659047541548,-0.7632396640405779,0.5161975918859183,-0.41232236815608675,-0.9467016243690938,-12.28433825556332,-0.16595878779790943,-1.4915139282878898
146,-0.37556013001512584,-0.7127952613408627,-0.12339692157555356,0.3227402132142598,-0.03966393688339132,-0.7464689351889375,0.487344434199626,-0.39502193772175775,0.1306614134155787,-12.145072428001628,1.0530362781820717,-1.4897327274680017
461,0.57459086079408,0.6576415277875235,-0.11747811912857549,0.19672004003283494,-0.33672537839443434,0.20164912917356392,0.617320008615453,-0.43236387608899335,0.355554501750893,9.482468915613225,1.0073847310053656,0.5949189470479455
40,0.504120444741175,-0.3604248599129816,-0.1315074045480355,0.2636029947100145,-0.2807591993002373,0.305569088864897,0.6216806786931331,-0.49128213847353114,0.4960380516480405,9.364046577543471,0.1866530053473284,-1.5963710551060155
2136,0.9213363330902165,0.4837415623877062,-0.41662000025837453,-0.2680897928509104,-0.20640770287781257,0.3119991727447783,0.5978019349308967,0.9731360956021844,0.7481462414674652,3.1775994990058165,-0.1614126667592437,-5.447676920972181
72,0.6566832546400149,0.6496309668275001,-0.4317258913738364,-0.396375553804186,-0.19945971463763132,-0.17182148311525497,0.6573519119537735,-0.5234474249564504,0.37182026113587613,9.236308408010624,0.2833278822592847,-4.866014891905197
1425,0.5163006618863413,-0.7715736986287743,-0.041431651494474656,0.2518636768765088,-0.05350786253989931,0.19755457690610964,0.6335983323626647,-0.44005504131556217,-1.0600815112988065,9.474066052631574,1.0280774898558904,0.5633921123564399
1706,0.5302683056396805,-0.6542053655353165,0.1451247043568295,-0.4586507538905357,-0.12850496449295526,-0.5626970521598448,0.5260919964158689,-0.4347759260599282,-1.0096883208387404,-12.044553222413906,-0.13911484728479323,-5.041612353149677
3342,0.5998600422667414,0.6242398906746363,-0.17188932666956414,-0.4576083799480769,-0.12402741966196743,0.14596296211851487,0.632190792574632,1.0633541014098753,0.349442114707878,9.252236843222851,-1.111156711977893,-4.960530614763538
709,0.6632780221746273,0.4982947957528025,0.5884352343912276,0.056992146396839624,0.11617865196037609,0.3426297765700109,0.6282391571161595,1.1653620159878357,0.19600789112084652,-1.6610328350663934,0.8862922748538037,0.6624481146022265
2143,0.5823633545008914,-0.3236954338794481,-0.1438762456691154,0.4373360436241536,-0.19658417564453376,-0.2929436954082053,-0.6397694366245621,1.1006735356645985,0.2559589316221436,9.204410979868367,-0.17944665434435586,-4.9594596264734605
1361,0.4638595453184422,0.7299825548719926,0.01461960382681992,0.2938647938650183,0.039945078737149815,0.30138473492232254,0.6008269895037666,-0.8975432564765787,0.5992963416262278,9.450603608864641,1.0128921278237164,0.567485010222042
1602,0.6528892476550266,0.608949047262089,-0.18023646610565355,-0.40792711792058856,-0.21229241804029672,0.18642051598786613,0.614063364490869,0.24795903091733054,0.18137610072762608,9.215857011142347,-0.12876735463280015,-4.915592427295366
1355,0.763055096497756,0.6746809716201341,-0.34640956486097324,0.01638654159840601,0.10020798984721484,-0.2142922361208339,-0.58775400143936,1.010669515186566,-1.0740694257966215,3.455204933016682,1.0199146683694813,0.8410749617327004
3653,0.4740834441099302,-0.27458513875266066,0.3517254109071964,0.543951196420703,-0.14472834675007756,0.3477023969953886,0.6360095982879886,-0.2884792228384748,0.2084109581410473,-12.240304362028729,-0.7107957509001055,5.820572182830577
1996,0.6705507308504858,-0.9013293985825366,0.6012716294917088,0.18340404015954873,0.13559696273620336,-0.29039565749004465,-0.6455217495754674,-0.9068756688774375,0.17675770899680698,-1.5874341586501588,0.013297043172023584,-4.949176388316249
877,0.8078488780374428,0.5801019430677743,0.6053610594876754,0.23004060274893928,-0.21960153180720554,-0.21991419326670245,-0.5847070132974088,0.9987565396929406,-1.1515225353501555,3.3769999974157434,0.9678843034889727,-5.349442332057376
1871,0.5723534148697635,0.6248800130272445,0.40312239050458326,0.5021078004654468,-0.2889865429216387,0.27658893468836465,0.7277471711276817,-0.3281549150239477,0.42069495433751725,9.423056217667922,-0.09932254997772255,5.948875699086545
4082,0.7974873614084427,0.6631773934650878,-4.645977402016546e-05,-0.0009768897471871317,-0.3041347028411202,0.13211994247320336,0.5383259841189177,1.0345797921579185,0.7302029650170053,3.675196187304472,0.1707003304251257,0.7925238212278087
853,0.4121411743347624,0.39152410732908777,0.4669632455815895,0.29784027831778587,-0.3157260434299661,-0.19695857951165174,-0.6547786429795204,1.1743307021324667,0.335106620809738,9.356285983051237,0.9665110158745912,-1.651271495084492
3976,0.601222053729172,-0.9061833301563152,-0.1057118769326898,0.07087872026450849,0.12888584155518903,0.3624305577594953,0.5969983504838737,-0.9047586824952208,0.13383231467823042,-1.634669334146045,-0.13870315423028465,-1.6102458894059568
2756,0.5296739878496239,-0.6214825539141251,0.14501382766063148,0.46811376154547674,-0.013592965871496257,-0.5835653894468439,0.5169423215547025,0.335642746311395,-0.998146970737163,-11.960856741066804,-0.7801049067191098,-5.0590300384994356
2303,0.45878054391509077,-0.7168289164821244,0.34802243596506544,0.5724038682947408,-0.15041361186051264,0.37917844550732765,0.6036505587790164,-0.2644883113727696,0.13494718481620335,-12.204528876432507,-0.7076000873730488,5.830153244545751
2458,0.47971337237225675,0.3462001849209229,0.045787094324814905,0.5716628087826046,0.15803442612324015,0.3089931376389019,0.6389000472694193,-0.7368425866083305,0.17582633805617928,-12.317718287802236,-0.12548689728577272,5.838768320665758
1233,0.8042211571806068,0.6511159402818124,-0.3651387171126381,0.24897128437673394,0.0930136462586934,0.13089246824195847,-0.663857877357532,0.3391258492390922,0.08869633727881776,3.517627891583803,0.9230553672036208,6.110283871273459
4390,0.48212836971246703,0.3395114457466232,0.03954436876190429,0.2852329054303057,0.3908460686051751,0.2429416582143143,-0.608698525738174,0.18330993986119995,0.5534639457218218,9.376034749371406,0.1641627678964216,-1.6089488236334788
2482,0.7433171012096798,0.6232140467526898,0.45475973548579607,0.2945551697433396,0.13480714121522944,0.18823324883452272,0.6682084443793418,0.2603076139288295,0.5707314798507389,-1.5657043590464783,0.09475426584691005,5.899905651489157
1012,0.6505812075119926,-0.20713116712345736,-0.16723203984717455,0.020261601969589565,0.07248019726999187,0.15213312951270927,0.5829431261526676,-0.8706241731989549,0.12830941994737544,-1.6366137834781211,-0.11090222552626285,-1.6121608317636136
3230,0.6267518257694136,-0.8959585284501642,0.6048920254294571,-0.20431648976032069,0.03393305819036687,0.34391576533193824,-0.6076312704169345,-0.9484850681613021,0.1821882930000549,-1.3953931663782213,-0.9831337284808631,-5.035550334975312
2968,0.45716517731297335,-0.31703205838502796,0.5200328522421511,0.48888351195729324,0.20418313619377845,0.07026941329441666,0.5791087997161388,-0.687250052662014,0.7443446736682158,-11.994997262847967,-0.7892495289632431,-5.136095584646309
214,0.7985624306328513,0.7313891261494196,-0.2114040859327167,0.052332572723031386,-0.3342430166368433,-0.42949149724166097,0.5628073340277939,0.24274784998650073,0.27041855371488704,3.5113853030727755,0.21392791320109977,-1.6574596429421176
2427,0.45448855575635744,-0.7479550563872518,0.018389041168907355,0.5666317133685327,0.18319047114699005,0.10663608411297444,0.604781768041639,-0.7865530768755857,-0.9927952397554692,-12.294054204482954,-0.08666558038196277,5.8173894391458845
4398,0.6799375880972118,-0.280857912119257,0.5537182476594467,-0.012812203954293984,-0.3171674337840586,-0.38329659293451823,0.6233344166617917,-0.4926114216443087,0.2571802855884874,-1.6146607647310485,-0.0387123240880983,-1.6576240700425584
2575,0.3561376447565366,-0.36574397335737807,0.526525632459417,0.2661749830187727,0.20203655924036998,0.1824222200013626,0.4980070267461385,-0.6598579454341457,0.18953149044745404,-12.261902373885333,-0.13709095900529097,0.6871914202814976
1567,0.8839913495665076,0.6038309618642759,-0.43719962365201215,0.17986131265467717,-0.2514318462284905,-0.25645673808654146,-0.6041373773493398,0.35454244065416207,-1.1392978704705539,3.3323662048271996,0.9812960103779074,-5.403438594308602
4128,0.6359279043891706,-0.2944698980401095,0.5971075447537278,0.030176785768289326,0.027326140654793243,0.36996131515907016,0.6222375908487019,-0.5303888103300574,0.6478036680151373,-1.7362259152296315,-0.08222256598044968,0.6527524463708332
3861,0.7599780253368728,0.4707642577614188,-0.20506042755904236,0.332702885086837,-0.34011474809998493,0.35835811942387147,0.7311480356212061,1.0134880828471013,-1.056383215075059,-1.5984052046883694,0.07235928951505229,5.900856354570603
1893,0.7190620683050192,0.6545623957803641,0.5609281644806351,-0.025493362601122012,-0.3583669399066188,0.36116148889318017,-0.5537939219026718,0.25806603779729753,0.719755830689044,3.3602804803025403,-0.12020572969378245,0.8346569787304502
3344,0.6352669488055972,-0.3452015140251684,-0.1413704243857492,0.4869931712484673,-0.16865059948866434,0.14650526206600886,0.6353985106441341,1.1030972381309239,0.5970609321766883,9.226943159027686,-1.0912602146166106,-4.945150757490079
2410,0.5324873801090517,0.6769808847797266,0.4581275163256754,0.5379529597362567,0.337253594688686,0.17199482206483513,0.6850926618980923,-0.980930543969599,0.256334327188059,9.42365521250384,-0.06978825152581251,5.960435246106998
502,0.7576307958102739,0.6786612973137481,-0.2330715818656172,-0.004008557750552112,0.1513511340368203,0.1702969468453652,0.6056512440256823,-0.48324981073627954,0.666258847349052,-1.6451857459897719,0.8954138472260508,0.6351754666428259
1371,0.7076557653270892,-0.26031231741105454,-0.07377750017994812,-0.027138419147688435,0.1374014547057837,0.17350741206746834,0.6101185564894613,-0.4177005992699028,-0.9928583500356974,-1.649820063357175,0.9256494914136325,0.6534393183249968
219,0.5215220890956748,-0.3474507668142598,0.051156536129582396,-0.26061155985531614,-0.29452573790729386,0.18290936322335732,0.633201309594614,1.1498316010906846,0.3538114610256323,9.37599257247706,0.1880712144114031,-1.6414608723853217
3994,0.7379459719268975,0.7086076387946229,0.5615452036758055,-0.001990773703354085,0.08445224603466957,-0.180982167687213,0.5904459504645505,1.062785118364564,0.2090685280427171,3.5208334649779425,0.26794730094734903,-1.6006287698793455
2656,0.7007655231267205,-0.24890969530722618,-0.021985304496879517,-0.005051702936093536,0.10334999220748817,0.37141844839922705,0.6417612174476008,-0.4615870114053476,0.22434735807634587,-1.4171031544318815,-0.9587709510175001,-1.5990242943979127
3723,-0.7326590242967602,0.7074858222578785,-0.39677709951816464,0.06754107332057968,0.1060159599514049,0.4147848474920144,-0.5296463766730471,0.992942404515065,0.7404384031676516,3.2691911724163107,1.0109412543084835,-1.622386989621305
2342,0.8227334554698482,0.48036410409420616,-0.3329106668717897,-0.3062238602818353,0.05278299959300657,0.39349648302506884,0.714456880587969,0.9347597517128716,0.31778398707232836,3.252124214742434,-1.1283951835957458,6.161960359864222
512,0.7880558951371756,0.5210147165538608,0.043349317361426457,0.03552364997147378,-0.3000764635879694,0.1550154727750216,0.5921745925248925,1.0406612113202758,0.24218519982024525,3.447420076775608,0.9913146696435926,0.8354620010178441
3345,0.5773444775308437,-0.3782989972173029,0.49618842660662177,0.4750238638203872,0.2502090397060096,0.16343898210965868,0.6226776992011054,1.1204525866616828,0.6067662975674778,9.20340075951992,-1.0767092082516332,-5.015117887013028
4308,0.8399692901527328,-0.8852708907160802,-0.36341108376193165,0.199819657517296,-0.18815116665609477,-0.18252398743735737,0.6424220584144994,-0.5154041778944545,0.08999703929254212,-1.5397406362557517,0.023828247064146796,-4.89694671231136
757,0.7011089385521215,0.5437066042093713,0.6767613880151141,-0.02381950298031257,-0.31635789699363204,-0.33825923907657274,0.5679864194553615,0.25412363640785357,0.09876559756101122,3.4661629611837435,1.0204758065889874,0.8576541380269279
3580,0.5435421575079701,0.5861448735025833,-0.22170375498262945,0.5521593092748766,-0.06466567948819736,-0.41230817627129074,0.6912311872401325,-0.23914229756830857,-1.1365074964266009,9.475134719147933,-1.0219506982981776,5.9070244442360025
465,0.5018870170084787,-0.3328483921725001,-0.09999271983429361,0.2247574929762279,-0.010857052413296476,-0.27116708635172637,0.6211616389950464,-0.45455857502298364,0.32629696941492875,9.471699458518545,1.0053677193666406,0.5811861927213937
3911,0.5651496726566558,0.6590982929498475,0.41504784546848733,0.5408886579555633,-0.26322596530552883,-0.14994489914835846,0.7319898936304499,-0.3418471141466259,0.4699635907249257,9.40258454824502,-0.10322061906376419,5.942656128344562
402,0.45633657938738215,0.3938936455894579,0.4813267751746156,0.24552008333705538,-0.29425394561280716,-0.3481057707591639,0.6127085233983985,0.1295826388843274,0.34628826815941005,9.351229258733355,0.171368694355811,-1.6780324752445759
3648,0.7119036810574313,-0.9228695994450297,-0.20435237347155702,0.3308154799519513,0.15558097765822243,-0.43054816081046715,0.6912856219783149,-0.9969199344433612,-1.0396743906473667,-1.5374750687298187,-0.9408012764158581,5.971679855240639
225,0.39673415161510095,-0.7993148838059386,0.4979114042389127,-0.2680418556637649,-0.0870048555705629,0.19010057749175974,0.6137279790753608,-0.9055203754201117,0.3010347257859752,9.364162929843351,0.10024396221843353,-1.6569919136767426
1038,0.617848376287023,-0.9383040687287184,-0.14707968336663055,0.09046014906560094,0.021637191859794885,0.3898177684719914,0.5995467135059449,-0.8764634841555372,0.6114678240582241,-1.6541897297132897,-0.14666936914089976,-1.597879831109122
1641,0.6346737552552022,-0.24314926047278024,-0.07972110600507597,-0.006303772184432803,0.01396863205553317,-0.19329662553334837,-0.6028707816878547,-0.4686029404087428,0.16761678328268742,-1.4522026606058114,0.060697561215328585,-1.6071672180168157
3507,0.44687536596115585,-0.2506930930579513,0.06748786052517136,0.5558842797987494,0.014240544176523767,0.20126752032894762,0.6345621545464237,-0.2845947785043182,0.14250757052704985,-12.282304551883838,-0.7208880871317669,5.7720027085563865
3906,0.88119583883276,0.4817831738122164,-0.3183514339753471,0.3159541877668448,-0.30612204584334823,-0.14945399802452825,0.7029751594684525,0.9768801516495311,0.621608254137097,3.3772475344602255,-0.059025912595622274,6.17006762410949
1782,0.48242502574142376,0.42848419571835084,0.5265450103864496,0.2456304497396503,-0.2903285242986673,0.23106973211130577,0.6130721324087598,1.2239304496047907,0.2887127998947159,9.411229726556018,-0.20464159888738026,0.6098441041601328
2906,0.5294796585268315,-0.6219772685296735,0.14456563197095595,0.46801414580793343,-0.014070065290836051,-0.5841100545978017,0.5167459887341624,0.33517278750301555,-0.9986312926060534,-11.961409042185231,-0.7806026318804493,-5.059518755398864
138,0.6283435132824883,-0.244764633786075,0.5779535311318011,0.027875994547939455,-0.3200109737841884,-0.403445877767495,0.603029728983305,-0.9179253340800831,0.21160875182242447,-1.5257091832304182,0.9146319886730548,-1.6448091844136778
2896,0.834830814159589,0.6231537498288574,-0.024949258452182762,0.15525590642956724,0.11217791579145682,0.3701321925909636,0.6505034827681674,-0.49104412082694726,0.2411357557728545,-1.3643341107608487,-1.0150813933277014,-4.9923302414392685
4223,0.417961003664253,-0.42265080807794003,-0.4983466680644416,0.29391961732212046,0.08049741643879353,-0.7124406023912827,0.515439451750465,-0.47493547341028564,0.16694287230166724,-12.248801462986862,-0.1230133441196887,-1.5124125388440828
376,0.6727315465967411,-0.19981162898287133,-0.13235589555409116,0.0792408005561994,0.07020776384922257,-0.14929444015281562,0.6237334823760571,-0.8201347579614633,0.6382264922457555,-1.6629789510596844,-0.07133418407650795,-1.5764984465173302
1028,0.6977810542792369,0.4870506995228237,-0.003429916016519408,-0.0035525383049052044,0.059612606820295476,-0.459753109708601,0.5832468011107089,0.24689402039034392,-0.9976308889781453,3.503393152278452,0.16402415813231142,-1.6354849782007317
2209,0.7685757609337897,0.46947043325814575,-0.2426318183123239,0.07139752582229181,0.15275529656056633,0.2029676850891012,0.6276790638873794,-0.5344971272760639,0.28450941891236814,-1.5821520593211658,0.0635850585743392,0.7111531370832149
2527,0.6466829527850017,0.49611578444926957,0.6600667955731788,0.013160955933585024,0.047154957333239475,-0.2754396629111012,-0.5329432424325321,1.1042166469215149,0.15715292650196375,3.330666529774004,-0.06280620851183696,0.8685862897633624
559,0.7818941898278072,-0.20642787005522495,-0.3841130925989054,-0.21210801992396947,0.18534876965792063,-0.2190266355677732,0.6103858771271885,0.3251204234086677,0.13631583237841505,-1.4651026435456547,0.8867045973078286,-4.987520621241407
3564,0.433365218732353,0.3933044764231116,0.07517435731930901,0.631906771384678,0.1844693994364422,0.3737780321190875,0.6389141049277497,0.7851631708126682,0.6119841144803226,-12.268524543432163,-0.7064911876145389,5.782477996267783
496,0.6343003743508794,-0.24140767054859197,-0.11556123712290699,0.027294530698870462,0.08617184163070601,0.3675949267709647,0.5784912538465417,-0.9475624814035306,0.1361360586630296,-1.6265786634305037,0.9279900655949392,0.6122075436472858
2890,0.5628268293528519,0.6811283237023076,0.07348138015433106,0.4199092756747131,0.2767771453753905,0.2557248725446486,-0.6528223502892593,-0.9188358408004853,0.26222408393167135,9.238907424474798,-1.1590344694450687,-5.017483719244893
4256,-0.48401844527132176,-0.6772871886506523,0.5300947061161742,0.48327006082857515,-0.09613783493369027,-0.5792442172253018,0.4951578938569668,0.34209300361478473,-0.9858201418825577,-12.151553246959411,-0.07171426534045375,-5.031100233915173
2918,-0.9028603052556089,-0.8675943405346463,-0.15602939225468918,0.1757335258465351,0.017645854538923287,-0.3018596333343434,0.5360698415988435,0.3607779867626899,-1.0607618414918034,3.0595578097821563,-1.2570503954850212,-5.484799033649636
4403,0.38506242816756464,-0.7222610050020886,-0.4881258203439765,0.36358915923228435,0.12841067980897003,0.14689263895508733,0.5506491096785642,-0.6533057573429548,0.6352026402409239,-12.220435133629325,-0.22255823260456248,-1.4563691982694182
2864,-0.5253542065207482,-0.3430161525920588,-0.17339606327040433,0.17965425024411028,-0.32774871502295655,0.19649317358334042,0.54413908378517,0.15945040259983467,0.21096392430484984,9.480864000887454,-1.023032272127608,0.5708666750336816
3926,0.45012536696392064,-0.7398448183596261,0.053443096309066705,0.6233592761093872,0.18439876345139247,-0.7582305878503112,0.6008775777876811,-0.7578178292098716,0.5632025090900487,-12.290862969638884,-0.10412087424075896,5.8451528463038835
2615,-0.8217586479346636,0.6091799506549646,-0.25767232870860524,0.005394182180759379,-0.40304129867174315,0.3777772118072894,0.5097159825112249,1.005503102180318,0.07474376566274205,3.044372549073746,-1.196756200872278,-1.640982931122898
1836,0.9151235944016599,0.6365745388098242,-0.33807763727373924,0.2532127336141646,-0.32308719002815317,0.1654739211760501,0.6531645466465412,0.28864590683415614,0.643966692441931,3.3793477441133524,-0.015435566593622255,6.16096069837546
1764,0.43404238830445807,-0.35052624445229186,-0.09552866994365172,0.2524964480754123,0.21069620858486385,0.14461538783165556,0.520129455182507,0.2070029972845168,0.16138520196423387,-12.259231783406046,-0.1553805383449949,0.7000787847310723
1039,0.6395081863406104,-0.9374198111437443,0.5228306421249611,0.03280670415334169,0.09096211261871658,0.3533142524650215,0.6227427991117631,0.2522330687311896,0.18978162059759246,-1.636741360291279,-0.10142909455407807,-1.6300063239995122
1611,0.7611491017143063,-0.21475135525107875,-0.04932753441741316,0.18407638155998673,0.048183329062065336,-0.16978834079740773,-0.5873559816563643,-0.5030623976605854,0.14786811596439653,-1.3702072236971603,0.0741276552582019,-4.947975770740565
2625,0.4793961375297963,-0.8195382783667408,0.06731493005055911,-0.29708394431872187,0.3758766637970821,0.3195889891935894,0.617899872264925,0.16131941362948532,0.5228469279742747,9.36216261462937,-0.9802806936636727,-1.6399279610207944
3837,0.4819222873379973,-0.739078493621641,0.06918665908048298,0.5408600836685755,0.18221851642274828,0.10864217401681207,0.6060339665749477,-0.30173573682320065,-0.973854966609616,-12.293972462215583,-0.07914243628724844,5.789627160419642
1505,0.7983179201181924,0.48561158506302865,0.5269433471172758,0.2646050659883743,0.05600016635386665,0.12800298513697708,0.6860380780401616,0.9569441531185426,-1.0562248632383346,3.37834532530715,-0.04822690862871329,6.167087153806764
2016,0.9062559966280811,0.4999799583608055,-0.3745328791887482,0.19257975653786225,0.03923760538235871,0.3627487411419946,0.6217180388828658,1.028570993338863,0.2145713889824731,3.471088035705751,0.3701040727718014,-5.3767046616887875
2838,-0.6565723050632012,-0.2330503125083187,-0.1773313553077045,0.0007887270481955393,0.09117085348822013,-0.3914993763769299,0.5534928304375082,-0.824025603718366,-0.9836247183083041,-1.4864064073077505,-0.9431588635629493,0.6528360921102933
1322,0.7394548700973276,0.4474693836365896,-0.2809737866379831,-0.09338535557136098,0.05967154214440336,0.1595575091101707,0.5774241232373458,0.9820562155749528,0.6849042683545035,3.3192130735635867,0.9718035050367478,-1.6525677059767598
243,0.7193583480707225,0.7084502511507166,-0.35334458413650804,0.07433524986364876,0.07870173239750929,0.4120155429438911,-0.5569640184334553,1.0283799212731863,0.7418769896528338,3.5056013182065144,0.22265240951078513,-1.609192902196155
1573,0.5869258831027477,-0.32654542440729917,-0.10872231870543252,0.5144717441317967,-0.19627188991951283,0.15301174145958596,-0.6620719556128485,1.0935890946791067,0.5987372215681745,9.221344005155458,0.9564470776598257,-4.8879932845015075
3498,0.7305690245130387,-0.9401449908368846,-0.20613246245036473,0.32296701255360033,0.13072050080220998,-0.14530980982794936,0.7273536283269069,-0.995168881546928,-1.0284323617493183,-1.5646145833385876,-0.9396149516586717,5.972957219479505
3950,0.6276844990212708,0.36670732238734993,-0.2609347203401526,0.3343078004866174,0.002137564279339608,-0.39626146257074096,-0.7090990081270007,-0.9679033412325779,0.5725736474815335,-1.553920788155328,0.11675387062184153,5.904192174960964
1956,0.8209985636441117,0.4931871373232443,-0.31108710697131303,0.0322237465953724,0.07538472436220137,-0.22230655758020407,0.5887325931973771,1.0488193582162935,0.22738275253072268,3.2725625545729837,-0.09897027533048774,0.8736362689140011
1547,0.8978084148494713,0.44878933719971237,-0.17617008449841093,0.1563057051752184,-0.17668816422048167,0.15013779044089381,0.7001113265798247,-0.5025197069837225,0.23578318486605399,-1.429207795267183,0.8849784208533428,-4.8979644105440725
3373,0.6061295335435957,0.6127457185085966,-0.1502566969974957,0.4557966504576774,-0.2065607169656153,0.17771906050298042,-0.6338403311558257,0.2798257742217659,0.6359120928198115,9.229851446498273,-1.104227402627028,-4.9446954866726704
975,0.5066910462557721,-0.7799206188479142,-0.002614295662810646,0.27164854922967113,-0.05151406955763832,0.21099511556191544,0.6435944762942992,-0.41552133738406855,-1.0585102408545621,9.418571826938033,1.02111774315659,-1.6440491414267224
1386,0.8086817285184491,0.694586840959771,-0.34808518087439844,-0.032966005377204274,-0.3456424908155668,-0.3300157505185256,0.5400176992770096,0.23397246560421478,0.05435798595427076,3.4312992273697533,1.01786735459861,0.8427582351876893
3093,0.6899571436273733,0.628933276613119,0.45157372430285286,0.2611236914924926,0.02537507350622334,-0.4513759859989732,-0.6496882959525291,0.2776038696185929,0.10430643750477982,3.333742920673355,-1.1682799574616374,6.121261293014729
2598,-0.6489173358111942,-0.23778306142813097,-0.17137233327267745,-0.032916999038158756,0.06766510515409055,-0.21214392373175375,0.5656217808713833,-0.8480529380863863,-0.9888177855364872,-1.5100209397198732,-0.9498763532421449,0.623390240749676
3522,0.573393042510988,-0.2554112849817513,-0.3626316362287465,0.6255850992429767,-0.2569438047412835,-0.36149132089852676,0.7157285863131012,1.0877869488309289,0.4588454518042264,9.418420901271782,-1.023504370647897,5.947308302721097
2465,0.8444562659621084,0.5659107376186475,0.4841077866568691,0.22159819546654827,-0.3359028915529567,0.17763960354441743,0.6612550863801345,0.29007086274817556,-1.0335893056635856,3.3921088157868478,-0.025074183790521468,6.1468942154815105
2273,0.5363101860124619,-0.7072225084907244,0.10082927262733692,0.5490554568423095,-0.15997149060622323,0.356146985310019,0.6286188057177707,-0.3008383141603258,0.21890709448443643,-12.19451645361313,-0.6997036227857127,5.8268332628485195
1645,-0.3647987483414311,0.4057446893587359,-0.48381897453925976,0.29057623271754884,0.024222106934086416,-0.719986707086781,0.47738790470125925,-0.6181918555700778,-0.916905995429127,-12.094388787236474,-0.17893975514650218,-1.522074393216012
3529,-0.7347763331549522,-0.9591736888437387,-0.024492889790170964,0.2936122738507376,0.16348005671636398,0.4087983028915323,0.6805184736085758,-0.3141500821149263,0.1396322057373057,-1.449168278021658,-0.9594976117130583,5.974171204286704
819,0.6070228203066631,-0.2859236208934465,-0.12628221421390323,-0.46788086610480406,-0.18535831486479665,0.16373288269775818,0.6495753613979041,1.1033013729085381,0.2565658946600443,9.236605871784654,0.9522356003641664,-4.8650654682271295
3814,0.8454218008208295,-0.22218695067787939,-0.0729958633852238,0.2729521756477244,-0.34043370790060956,-0.438254212598426,0.6385737071170913,0.23211583448869538,0.6279432528521006,3.381756667629877,-0.02542977649393276,6.107892854894033
1657,0.8310569032941775,0.5738432866562756,0.610636259260878,0.2078100298944607,-0.22951080635968846,-0.1954485771792369,-0.5633275517156263,1.0123881447000602,-1.1304380311122337,3.239983716565527,-0.09177839561580364,-5.394371770469692
1536,0.8071031297199948,0.6463928292582867,-0.4417618593163389,-0.27841875182166087,-0.00990483594619104,-0.22792421135110344,-0.62468903134182,0.9356600548232873,0.09096076491171147,3.3082069419122235,0.9239939105867777,-5.395210556184984
818,-0.9063196140145682,0.5947469055652916,0.059896771711814165,0.19547945436358496,-0.2378583452113178,-0.24896274142756303,0.5553235797860363,0.9563130393388078,-1.1186611601301761,3.346342799100046,0.9925071996776749,-5.35922708608329
2546,0.35248771356998904,-0.3986465528644021,0.4748251323978592,0.2960959427400632,-0.01267304965381685,0.10109074071093367,0.519772053579304,-0.6534862077556322,0.656401041191444,-12.247584534481335,-0.20563086063929753,0.6611218892790727
2183,0.40828691215950813,-0.6906876169250299,0.44316877097875956,0.3187018951347754,-0.07161043874451502,0.3614529727613291,0.5096909563803039,0.24705329367358025,0.687608415473595,-12.208163606265046,-0.19832416996141372,0.6398408100582329
3605,-0.9189599669549098,0.5784085284955591,-0.39172754087273076,0.26854322225930244,-0.3476393164428626,0.0828559347152789,0.6111140782325549,0.9002264138567605,0.6290111120685709,3.229954740823965,-1.1756651659895947,6.139118862747945
791,0.5933664284538411,0.6764161081335223,-0.014182750806343623,0.19558938702531153,-0.33367880529408833,0.20236863164005203,0.632513326173746,-0.4508993471204717,0.33115794791740555,9.4683940053042,0.9831366078095551,0.6105894343246011
734,0.5030631301394264,-0.31019828589435083,0.021633279014925108,0.2206496775357444,0.27622884754967364,-0.18755571113971964,0.6128025944153798,-0.8963339507859726,0.2879915898688066,9.452276327716245,0.9633383257455101,0.5802729898159864
1607,0.9164812608920089,0.4392115398936425,-0.1543222670177705,0.12603889151359496,-0.1865167514248943,0.16323622190161527,0.6782679309833458,-0.5539503064654427,0.23825645519171515,-1.3558853131049393,0.03866311263453011,-4.942600197764426
3261,0.7200977565981099,-0.8668621110881105,-0.010089471828882863,0.21025970312350747,0.1935753179440205,0.3564306502500154,-0.6349013222292533,-0.49991794312941024,0.15884094444507887,-1.3430174661773548,-1.0492599630849633,-4.992309430787683
3666,0.8555599421536144,0.5948087682188583,-0.33322366962833877,-0.2988678323018578,-0.3335280562862225,-0.41245435225502863,0.6707033237710716,0.9341043902895458,0.3598205685423366,3.2734593279507225,-1.1715327229162824,6.129901168848042
320,0.6866700827630942,-0.2734454379930025,-0.12355124133361868,-0.033100130149970354,0.130639173813776,-0.25748045827637867,0.6035079651704867,-0.4744380435019993,0.0862771892913245,-1.727914247941327,-0.0764772962554439,0.6282678987570701
1661,-0.5988474661432651,0.6629065355896193,0.0787842408607206,0.4023314095889882,-0.026629549523665683,0.26169921178590494,0.5827185713834742,-0.8525919420256304,0.24563441445845535,9.244602374345956,-0.1641514497664777,-5.000433754983265
1509,0.6079314231360041,-0.24214829078919628,-0.20907938166835233,0.547900969375401,0.3346564542728132,0.20183341236815042,0.7078884152921852,0.22090857479583953,0.4697133197848803,9.433120928346108,-0.08411373204908196,5.921202434210864
2223,0.8517720417263916,0.6878667051886654,-0.34028235552161096,-0.10038910662919782,-0.3717405107100821,-0.27047168494118357,-0.5687857056586983,0.24873845333800482,0.2021230223424007,3.305938526686815,-0.07117950666501173,0.8503929368303572
129,0.49224149341173984,-0.32834162254343746,-0.09251440731770952,-0.2754412213351645,-0.32173876492135245,0.20345193598198164,0.6380539351507581,1.1434147400939692,0.37719768581834123,9.41083175666663,0.9775318317321731,-1.6475167971033893
2360,0.603558718425847,0.389432514622414,-0.26127402967842006,0.3317146033089602,-0.003913373216219482,-0.43895012887214946,-0.7128917678427577,-0.9890320762508032,0.5860847427736255,-1.5215249987829276,-0.9408712854195331,5.894647077405702
3880,0.5754609519388115,0.6615887889006783,0.4164134053966364,0.5069059776084726,0.35196264749283057,0.18807846540694795,0.7020155858731746,-0.32492696324070836,0.2183817734059701,9.423429656180247,-0.08389348559957313,5.9246270112088
252,0.49267480463759517,0.35563366576319544,0.015628651296944997,-0.2583662127940956,-0.295685608011425,-0.376754248880601,0.6280715303790999,0.12560306670379873,0.3791264770643395,9.367515028051502,0.15909466640381822,-1.694057451034725
846,0.7722839347382787,0.6914502677778309,-0.34277044775370746,0.003642639877578943,-0.33063395620472197,-0.4528973649813227,0.5708230588047148,0.23072514204580397,-1.0190074608671849,3.291335911395399,1.0183143837075788,-1.6904168662264276
3043,0.41563904054778916,0.3727465014288031,-0.1594367216289807,0.3087497915173102,-0.039093696499547644,-0.16610977968561766,-0.6273801007972216,1.14105119004482,-1.1124182927794308,9.393759120579459,0.1542585782199067,-1.6369318226966785
3639,0.5342387133383708,0.3707431031976442,0.38506872466542275,0.5122966912068279,0.31491813048816614,-0.3474390943825972,0.7152336580456059,-0.31972287850518494,0.44056576624031074,9.423665081759458,-1.0107197293644252,5.9341453138220395
573,0.8650961136911303,0.6758131135503611,-0.42021279241971643,0.24214943767862074,0.005216036638846791,-0.30150139417927907,-0.5844666060092697,0.98609277683171,0.8233492683538806,3.380178247819139,0.954971076614806,-5.4078667779241325
2808,-0.6777513301585443,-0.21952147789792828,-0.13934223914543056,-0.016551022072455342,0.1127833659530852,-0.19306446932341823,0.576173066049325,-0.8216733449268129,-0.973589761097058,-1.5102502610846136,-0.9393824107950858,0.6445559988578916
1437,0.37316183180981016,-0.7126932541532556,0.4720088086777683,0.2932345924211451,0.19952387236061725,0.17936682069039198,0.5263424948871304,0.24725814472525437,-0.9092014150015439,-12.281721235844469,1.056935139813388,0.6329861839465846
3686,0.48571594458927225,0.3512718457420586,0.07297813643226353,0.5852390149928591,0.00704016201106216,0.1919068138096336,0.6507019699853721,0.24724366070078763,0.5890218072488492,-12.269360048317358,-0.6585477070630771,5.821059991629293
1784,0.5243637099450925,-0.3329962088801755,0.03931237142165908,0.17045250877195064,0.00271598611151946,-0.19463587667176505,0.6039500389527109,-0.5174569514593969,0.20951837669481851,9.429555690377262,-0.17631281932706674,0.6321260675276665
4188,0.6244275439418624,-0.2637468839790378,0.5934210008684944,0.012013786273407262,-0.3172394584803734,-0.39821451955386516,0.5934275915836559,-0.8704628424340899,0.2245588723277147,-1.6262846205401988,-0.0535098639296685,-1.6494022679302667
4181,0.5408241911405607,0.7497924616313167,-0.3747156520552073,0.266987073096047,0.42050546075315065,0.3231139588562408,0.6013789074734694,-0.5263030028815879,0.5287656041397637,9.385195752051109,0.20926848278493917,-1.6153727428665021
3985,-0.4400534445179712,0.387163794294031,-0.5522012485708764,0.267986506186097,0.058693682903813445,0.14664450781828592,0.4798061789957139,-0.49726762884057196,0.08075082999819971,-12.246770249401903,-0.1441802718488759,-1.501569699450423
4159,0.7168968182101595,-0.28291499190089653,-0.302346305534445,0.014235415008284746,0.15986916867723353,-0.21686796153788385,0.6135585468113127,0.18818146619334908,-0.9850420856140433,-1.6952625685979619,-0.048830607808329755,-1.6066547050485573
2827,0.6201395287888946,0.5112447843346926,0.6479070608443109,0.015761709306638883,0.02729151712139236,-0.3286027455623953,-0.5579405960756137,1.0966223419122916,0.1390600740688994,3.2505234812462898,-1.1521524632204607,0.8651840680597912
115,0.3779317372627455,0.6320093611092976,-0.4956517753535293,0.3177048826686312,0.06741977325555995,0.38474556330647397,0.49975762277125924,-0.6601397176614722,-0.9448078428060823,-12.259493525030573,-0.1639640173061877,-1.478114146274015
2920,0.5627277474061426,0.680827594713459,0.07319906850516447,0.41983588082654805,0.2764787375620028,0.25545152853810044,-0.6532892217501537,-0.9191368055308831,0.26193906300107034,9.238596263530184,-1.159328703672816,-5.017784320965765
889,-0.703358724647284,-0.17353450883347304,0.7013740119628761,-0.15974915676953466,0.21596163981238053,-0.3078915103865274,0.5726015291306616,0.3443927729514444,0.20595665433082183,-1.4387407395048193,0.8764011914649166,-5.015290953313103
854,-0.458508500922341,-0.7781480233713827,-0.10264139712239538,0.2895209566223258,-0.03777781268272957,-0.17903544013627742,0.5777967879610282,1.1348866788918484,0.26793490516331847,9.403953929660453,1.0309105148155762,-1.6543978188798987
4327,0.7545121836575392,0.720650523135123,-0.1958620467005206,-0.01268025336462045,0.08332514077301138,-0.41703776308623625,0.5656419544228689,-0.48710814360495963,0.056974628986537074,3.515203838638845,0.2193791480209059,-1.6303847377522875
2547,0.4103413174281072,-0.6838465733722822,0.4580027835928037,0.2620000204137166,-0.0025250283464425525,0.08297389605667178,0.49505092930440914,-0.4599951844618731,0.14285208368274097,-12.201359877591733,-0.18138357281741374,0.688107556187583
3027,0.540927965812832,-0.6274228322679356,-0.5216276616674225,-0.522059460353197,0.14918970789444685,0.3345146193143158,0.5218914101510607,0.8155005444417391,-0.9860602483524519,-12.131407925049123,-0.10879866034877769,-5.040951892276674
2022,0.6548407614921679,0.643035907250322,0.07588132618355131,-0.3993725927103144,-0.20534057808921674,-0.1870357116549092,0.6694429626435827,-0.5126273944431333,0.35075182987778003,9.211327880215904,0.2899352459224114,-4.82160683712648
3992,0.8254440127877275,0.7001158990749794,-0.1807373712599682,-0.01887807099887307,-0.3273824551011203,0.20067449314060123,0.5486858999255535,0.2651226581920594,0.7208344080848387,3.541191318160841,0.19454341545179793,-1.5753968479601892
1615,0.5407312634443209,0.4138182509958719,-0.5042550171046167,0.4572757082279978,-0.0366544983125615,0.09306906078421653,0.5505686995317132,-0.6447541171491219,-0.9968477764591119,-12.037901238358458,-0.1788586488400363,-5.140619387502717
2036,-0.5674369896907334,-0.6562749855614153,-0.048058302332631864,0.4744498059552452,-0.09053350918016927,-0.5285028304648693,0.5294174266097743,-0.4897443349935393,0.10852600522118346,-12.159049147900397,-0.02930252831621926,-5.010870997304984
4392,0.477497912536993,0.710436348212633,0.47961191997998426,0.23844073790117518,-0.32383363375215213,-0.3501510613268637,0.5955921251507986,0.11617520487321992,0.3364476695196038,9.357480035365036,0.1752535257332663,-1.65712781357895
920,0.6480625814884035,-0.2518463141150728,-0.05691661760696422,-0.004399371600606568,0.12635958706658557,-0.2524549377151888,-0.6356442668095015,-0.4203997847211284,-1.0310598694881994,-1.6741098361766324,0.9295011919814342,0.6566723177449407
2692,0.688712731723766,-0.2243322585594792,-0.16021234694499328,0.01914309146867523,0.09884515711515306,0.36793076944439695,0.623234142924031,-0.47328027609424433,0.1118906121839131,-1.4161789580481254,-0.9543619839354607,-1.6031996867797778
2180,0.62774231577257,0.4430045092986958,-0.10180432543028362,0.025959469007960784,-0.0012966988691009089,-0.3082233516900091,-0.6173601675918956,-0.540314883950868,0.6323410586477333,-1.5456056600708912,0.05756176599777327,0.6564930021890151
3672,0.5734431176881286,-0.2552504608066009,-0.36248681370559477,0.6256451021587058,-0.2567745463551848,-0.36131870655269543,0.7157803404133826,1.0879418303104298,0.45900297419123237,9.418578807498685,-1.0233343064286575,5.947460716475506
445,0.3594843225040016,0.6239714265667058,-0.4738902403615313,0.3013881729484002,0.023123074842210805,0.15690578879756523,0.5284895989647233,-0.7015850272775266,-0.9708121900434757,-12.185193768133388,1.0465645835594217,-1.4808548101292145
3427,0.6914965829541485,0.4818142899994527,0.4993265695932045,0.3003327156517692,0.033667610480906274,-0.4291728626387153,-0.6765370171483813,0.9710581090665473,-1.104649220940027,3.3306784909573053,-1.1321002789956607,6.146082164782648
4196,-0.3868042174818769,-0.704361602052915,0.46162236818623165,-0.30979375285594923,-0.17221732581143323,-0.7143676566885813,0.5027316309198291,-0.4202678454381513,0.14242430069927509,-12.2240670377847,-0.16109121059020126,-1.5204234436103026
944,0.48650977868448636,-0.7885282081898455,-0.12810839365193977,0.28462727975220764,0.3171561309591773,-0.3251457063032367,0.5812370924658211,0.1459030438186992,-1.111592442128731,9.463879735498626,1.0147161661329327,0.5493750449036363
3636,0.8554478811904191,0.5944988570726395,-0.333516451047544,-0.29938418920000975,-0.3338671172871817,-0.4128312250986081,0.6705909228175545,0.9338007097223093,0.35949564000176554,3.2731388964415853,-1.1718981506776072,6.129592425372024
1280,0.6131679888496064,0.44987413909180757,-0.05074016332482397,0.03970234563981851,0.055953644077133644,-0.18268014472219254,-0.6739776790551244,-0.42926872450397996,-1.0355540926794353,-1.5875670806154267,0.9702149195970988,-1.6191377443502777
1922,0.7080456512707668,0.673433661247517,0.578325190724859,-0.06642708586187385,0.04637124894575869,0.34037512678087567,0.5392170728109533,1.019113397092252,0.6966341366248612,3.3347226290507095,-0.15248228602836672,0.8420775284563341
2146,0.825587448592026,0.4340891012348464,-0.10209402661987874,0.17744027866628143,0.0332337432646691,0.1747002784449142,0.6068539899457172,0.3576226317628317,0.7195542325915145,-1.387644115373661,0.04391503532145101,-4.957719874286528
1516,0.7434680073261865,0.4416172394377383,-0.16413507067030605,0.2901630487094974,0.16518623290255888,-0.14860078741985291,0.7640772641392454,-0.32433170239763426,-1.017928673981786,-1.5919363299480587,0.14434015708278727,5.926044989774296
2451,0.7741179616041917,-0.15249326839656854,-0.23933218498079972,0.2616821017720954,-0.0024910734606414355,0.15832296076268634,0.6923263365176859,0.2660456855120772,-1.048484792792255,-1.5628862170179412,0.11946581961178543,5.909943154414205
596,-0.5432834892885269,-0.6467219578230069,-0.09160376819691435,0.4833103626328805,-0.08261339618184822,-0.5763415809751116,0.509737221153814,-0.4067527398432761,-0.9676953244393072,-12.080660611089954,1.0364934177064478,-5.0522727441538136
2177,0.6779476401421339,-0.2125548845731909,-0.18790676623403732,0.02680412493815915,0.15038814231220504,0.3287109470590697,0.5806522151573206,-0.8518528151509859,0.16403494154447607,-1.5396885569105698,0.11385248839854055,0.6422376006868734
3406,0.8257662329433658,0.4194218894827352,-0.12955917829419925,0.19402231667494,0.035524697529933584,-0.3042898814043578,0.6792116543744324,-0.5311003752736989,0.7342204988905437,-1.4032320802754004,-0.9744149047479604,-5.010297469043734
2284,0.8201343013849712,0.5704798732161125,-0.04180607793974498,0.24769538197251825,-0.32254083882738366,-0.4609743448179592,0.6893225148378218,-0.24914162810400284,-1.0592120361006467,3.327567270080809,-1.1734358994697374,6.090915375095741
2474,0.5745655727943904,-0.20290743255802907,0.20417767069793022,0.5210214938977229,-0.03331955902951007,-0.38165305029548985,0.7111892149236397,-0.3079149257117252,-1.114684072127586,9.441061639702665,-0.10723113172067142,5.951039327696232
643,0.4096114812387245,-0.36044030763248497,0.5514553432430814,0.26565565951331677,0.008211159385230704,-0.2274024693753865,0.611628143816027,1.1831333808551707,0.260972587087194,9.417441662108322,0.9999160125823783,0.6174503123626761
769,0.7398030554429572,0.7304658882423836,-0.27288513248460705,-0.01357547197680594,0.1557382431116541,0.2163420998256678,0.5796192037567477,0.2449803438231667,0.6579240373113115,-1.6556991092356654,0.8928192162035601,0.6326066370020639
1790,0.6615880081941472,0.44370243186111996,-0.08959120958476216,-0.0317269799514996,0.00757987472683252,-0.28433339241357225,-0.6301571847054388,-0.54314062145731,0.2605968152524911,-1.5349405094671527,0.07273391737215,0.6819193772696249
3315,0.5339240567095385,-0.33195953505187276,0.499758079577778,0.4269955723883522,-0.17067620803534683,-0.30420706454711144,-0.6555337468772359,-0.49630000559297277,0.6048280738702955,9.20322094910324,-1.0772309612709345,-5.022429237269151
144,0.31065246316548645,-0.32915830942571306,-0.12323299993820663,0.34432355559674327,0.17357278360361386,-0.7691331174529698,0.520689162210989,-0.7014862393915714,0.17285019579958993,-12.201300540671294,1.0348619011321627,-1.488532692262057
2737,0.8452356498473688,0.4511272499936741,-0.4017078025635507,0.14825663989884294,-0.0015689139658317409,-0.25861431920063943,-0.6360401195485199,0.3782561573674395,0.18733671550204462,3.0896080125852974,-1.2798641947065552,-5.471109384965715
4393,0.48981290802262206,-0.7539111233312653,0.05047203623862931,0.3189897625323126,-0.0313256314188566,-0.1428892837173267,0.62318823247331,1.1458252838964427,-1.0693438605267396,9.376017844456749,0.1557213434985984,-1.638285426698044
1753,0.4924731625574688,0.36927727749747763,0.5074989616545345,0.2238490227624133,0.29827283112034125,-0.2619380034664057,0.6020446241662523,1.2085660079887655,0.3055703144419736,9.418775519742404,-0.18987017959484687,0.6243348540865475
729,0.5238315148666546,-0.3191614014887158,0.010830219176057697,0.21873988117583265,0.3171874718670973,0.22799572760805353,0.5948362972054957,0.16992829869973164,0.2113183885686644,9.454193359036838,0.9776705040590938,0.5937521877039666
494,0.47251571105335255,-0.8264356610435468,0.4817071661575914,0.22257326245829284,0.2995413207679202,0.26216418709336636,0.6212599687749056,-0.4748720659375582,0.2873215380324943,9.421246998703777,0.9806583090018332,0.6025113233398132
1044,0.3663087572301721,-0.4068562510853296,0.17248573386521357,0.30168238811948234,0.05303226498805964,0.34528765485275503,0.511320002345071,-0.4404662111666149,0.10530926811943403,-12.273521723423466,-0.13189765135539686,-1.4528120576042578
1242,0.5058639726546701,-0.8549600375755603,0.4216101660565374,0.6375894473142928,-0.2827606212643923,0.30612271273726593,0.7313175199849857,1.1142938326602958,0.46921744760534306,9.374551919042842,0.8908034214861815,5.931796743772991
2957,-0.8055375835655235,0.47031467957858936,-0.08036808893350227,0.11601267924900989,-0.009191568050455042,0.12111576488719038,0.6279498330937254,-0.5091377425953747,0.22751283384407336,-1.2902472112590997,-1.0067163721369787,-4.99204004956863
1991,-0.6542505384400676,0.6806203099073757,-0.4161816694819746,0.4203477997084204,0.29148927145394804,0.2689431420903798,0.5752058577870232,1.143739883517156,0.29572434772558925,9.255815485598891,0.35070963925150833,-4.9428891832042705
2617,0.5958832559572913,0.4836660923051152,0.57858709752841,0.03311496413085257,0.02144984454415421,-0.4248769221027845,-0.5814656340629765,1.0663778182067247,0.12620579100584536,3.102053285340253,-1.1749309249516562,-1.681709977410091
1365,0.5163600165969292,-0.7712557975127049,-0.04112991302940592,0.2519536225388724,-0.053224680582187,0.19785193250422065,0.6336865486011278,-0.43975773124275536,-1.0597877226848091,9.474372064921681,1.0283699718742982,0.5636797566858137
3717,0.36651219018776476,-0.6939998490065208,-0.4782523668043344,-0.37210693775977166,0.1461989960058057,0.36330411770375093,0.5305774472276497,0.8404866496820085,-0.9169664821244056,-12.12338500702767,1.059837157385305,-1.5007633293738856
4342,0.625681400511452,-0.926505503241617,0.5718858699544157,0.008095884564260445,0.1089444673953646,0.18876500175554936,0.6198470500915215,-0.5138344131191791,0.10548875175309151,-1.6242078710158674,-0.1301710160629524,-1.6429618934289172
2082,0.6045181604717751,0.6400509579162064,0.5026230177038766,-0.40191278611723424,-0.22531631601544927,0.2258793000871262,0.6333833903813995,0.2527059948065956,0.2893303193908384,9.181542136342454,-0.17091304821007172,-4.995597716333407
2030,0.7324596752568983,-0.22771307512738545,0.6112722591707819,0.15245408638871974,0.01958769914807467,-0.30398335181851344,0.621498076798427,-0.8986438646175522,0.1893796008485016,-1.6097633487063308,0.07385857592879895,-4.966612976167229
3138,-0.6884769684925587,-0.9542997930475897,-0.18492048968970995,0.3097338224148844,0.11842792039263947,0.4233271257243809,0.6441539617649846,-1.0054522628172897,0.154528744326373,-1.4794421636686068,-0.9514137635081132,5.978625161278736
655,0.30436327862754964,0.40926454243904115,0.5275700182458969,0.33553211505151226,0.1924733078185611,0.326217510420818,0.5395381132202199,-0.7130275289089261,0.1690770502347324,-12.320053482563173,1.0174959990350805,0.6350407862511414
953,0.40145704372617125,-0.698812731805188,-0.466799852932715,0.3466195367665317,0.16743431654943114,-0.685898294789073,0.53615241962381,-0.43979737466692304,0.6657828846002891,-12.279151515772313,1.0512567062314864,0.6473767288965204
1751,0.5231640591199211,0.6960814797114633,0.02146004849206524,0.25891095575300915,-0.2820049065422232,0.27128424428198095,0.5931594260456546,-0.8322019135623651,0.5684359568705599,9.430663808498144,-0.1569191962317624,0.5613788323211948
531,0.6933001326958903,-0.26291489929240547,-0.0772530477765882,-0.03683365492091878,0.10727240244085129,0.16453837182036243,0.5862743539004459,-0.43645824923299975,0.0881829848513736,-1.60908246905572,0.9080076313512877,0.6425136290423176
1203,0.804327227580649,0.6514024472034962,-0.3648764128616231,0.24907089089386045,0.09332946727729137,0.13119545049855694,-0.6633728536331859,0.3394137879812135,0.0890253664946734,3.517928100340687,0.923349758811544,6.110574265039607
3382,0.8339818108205534,-0.8687515447101539,-0.11092981899317908,0.20288236718471084,0.07115212631536638,0.37583420329973505,0.6610067947765623,-0.4958841711740155,-1.0162371104924508,-1.4027740107875541,-0.9957393062752823,-5.056412108009077
2074,-0.9190576560859779,0.6104634827964968,-0.2218338198422305,-0.21460109372553468,-0.2706144557180121,-0.29365543929509197,-0.5669875026488679,0.9360699358826782,0.13301326198576813,3.196568315346801,-0.10935308048200852,-5.403786162280772
676,0.6346371123546868,-0.24040150842041813,-0.11440530535599658,0.027660820028914148,0.08714400730246331,0.3686042658485147,0.578771495747574,-0.9464723430995554,0.1372470245493445,-1.6255844658179825,0.9290453308441765,0.6133132153659154
386,-0.4198629904156939,-0.6690847131676034,-0.12650478572408846,0.3169421068549153,-0.18665981503614532,-0.7359857956453539,0.4742133527611891,-0.4236079937798733,0.1206437617253574,-12.219193249546695,-0.1571326580400052,-1.4948003102972787
2471,0.5831801238989736,0.6377756952042996,0.39614382957510563,0.49459141127270817,-0.2908273857909431,-0.13334380140637186,0.7320558691242294,-0.33822814408000607,0.4372617854637306,9.413494555443524,-0.09316166106901232,5.940916635268218
3083,0.4860421243166938,-0.2817049923394754,0.07705182084162598,0.5615899983785404,-0.14672207697131026,0.3663455703355579,0.6302248836991013,-0.2882841006746924,0.5936464316848691,-12.258083723084491,-0.6929757398436829,5.791138592199212
3801,0.759984125781067,0.47078569301574863,-0.20503623198965676,0.33271256941904553,-0.3400902946019054,0.3583812431492148,0.7311570044136424,1.013510022777566,-1.0563591220138568,-1.598382260078034,0.07238303705222052,5.900880045598926
680,0.7172182265553434,0.46199208738605324,-0.09136306333390982,-0.022135073017430763,0.04442520486756532,-0.23507157110300472,0.659992591249996,-0.4820744737017611,0.24009734026040494,-1.6368296139473908,0.9367140110923822,0.6551795025604475
506,0.3953423975360407,-0.7158440872914347,-0.1373266644777188,0.35500731588265366,-0.061962500015751626,-0.7210428209844079,0.5266827924343355,-0.43092823044125356,0.6687701083211723,-12.298219227975071,1.0320173698979778,0.6477186920835659
4099,0.7187273229865646,-0.9464514384763965,-0.30240599856780737,0.0010049923165642576,0.11018744827573941,-0.28532200306419103,0.5948665143548477,0.21376480121927927,0.062014878869242125,-1.7243432979689968,-0.10589044131967744,0.5847301258681337
3338,-0.9224124690782035,-0.86417524139914,-0.18059611569290768,0.16838224518774197,-0.014272772290576979,-0.2830216069456578,0.5230682068088227,0.34156890794422207,-1.0544047647723782,3.066998064269495,-1.259693706395375,-5.479454737930702
637,0.7749643720898709,0.7174309819156559,-0.26755830263888425,-0.021245343037364545,0.09252240948323613,-0.34879769207570177,0.5670650169369912,-0.457351554381428,0.08079443880524378,3.4716127421421943,1.01880131974176,0.8878670553020098
4042,0.6834092563161497,-0.26303354010303237,-0.33675327114096393,0.028301336902652144,0.0715209458649736,0.3424575871978204,0.614985683002293,-0.5141858057346712,0.08016207070812309,-1.6481136301334294,-0.06792013313249005,-1.6368215226575884
826,0.6780516222248556,0.4081457096804807,-0.0755444570447436,0.27534298720812383,0.15309291489232077,0.3530555225832166,-0.6477058721044829,-0.9459246249243622,0.7461446466780809,-1.4928224838705733,0.9515898521084547,-4.926603041466645
783,0.7653423309226354,0.7013191637179684,-0.3458310235786367,0.03083018164659096,0.06681270796380159,0.12601198388136917,-0.5611628115491534,0.9986410591218492,0.7593635262151252,3.4424991460024565,1.0073935045015867,0.8084720007233512
202,0.7736704871874037,-0.889315404982651,-0.3640007704814552,0.23013564583853857,0.09579245238938573,0.34682539046497485,0.6357028122356065,-0.9197064176419008,-1.048466875980922,-1.6336259925171375,-0.011024948457744307,-5.008313100819808
4190,0.6103122699709916,-0.2764018472626668,0.5689635648091474,0.013894387695672313,0.1621693561479669,-0.3988598049382878,0.587934334569711,-0.4873888565024252,0.09478774343734751,-1.6294360637496073,-0.04315209186590721,-1.66450404858962
268,0.30939729624393525,-0.3493923804002374,-0.10129064499597752,0.35661756567897396,0.12933326764121408,-0.76808860786106,-0.5198336299291033,-0.6699736756957854,0.18763363381201784,-12.300294806712916,-0.1904063040493884,-1.488332344045657
4120,0.4775165742301934,0.38099092570064297,0.006366251237955565,0.24809510145110508,0.001316670983576314,0.19249712747678388,-0.6286751546159938,-0.5362398874539251,0.5543881868435587,9.440250782511285,0.11945611819841029,0.5757630662061491
1549,-0.7350238657283594,0.4747046232382006,0.6465935868138238,-0.15448052480080549,0.02064005981194534,0.34250471108422414,0.6202260383002653,0.37505561273122856,0.2162756616194061,-1.447425910152261,0.8493424558824911,-5.005799574033648
1172,0.7590855085547278,0.4393559918327609,-0.0594349237139845,-0.32330908748020915,0.04065143218190311,-0.15538073446504233,0.7130645718537522,0.9225905266239349,0.11242601843954918,3.547925445713949,0.8985138649357758,6.05770826115114
2105,-0.9604149204131537,0.633802663160533,-0.2251562656649977,-0.2004447644328101,0.0007203952535907162,0.11913240221777488,-0.5831792048727239,0.9020767213187763,0.1582848224531708,3.140623655877494,-0.10871943630795662,-5.437542530197401
727,0.7948886960723619,0.5201000878327284,-0.29008304909918864,-0.002470728228878125,-0.3086649307409374,-0.38248205107887184,0.5892929007456302,0.2527319232000461,-0.9817407457821492,3.470744026230111,1.0399993868084039,0.86283010761913
165,0.47522452628548995,-0.7886063866282282,0.0025387238466870097,0.255177253304819,-0.08964136922763422,0.24677714441236778,0.6164270558236102,-0.8947007248112879,0.25007156186076834,9.423385150412038,0.12377058859730275,0.48917637715670853
788,0.7577070571028965,-0.3221948717152008,0.020018570248330644,0.015706119651356865,0.06901350116666945,-0.17587934247932843,0.5872628239982284,1.0291957978152941,-1.0352320287336159,3.461816347936266,1.0436267229171097,0.850260415763504
2499,0.5499360199605213,-0.334115735813858,0.03294582234088544,0.16776617862560367,0.30755914743191903,-0.2176310669451344,0.6030044391426416,-0.5122170875188524,0.22243991964523505,9.439482281591394,-0.15576491338947207,0.628926807927294
25,0.5813637499458963,-0.3839580494246006,-0.5643972953242871,0.4302945488359698,-0.09430180042620308,0.10839966324409926,0.5451090452856999,-0.525525600900222,0.12113293907189929,-12.195311003056666,-0.04238931557624024,-5.039605452901806
1404,0.38088156709838333,0.3704460922267448,-0.17979113537527114,0.3191226851713917,0.18530240098652087,-0.6915565615972707,0.5363051112259519,-0.45377064330770533,0.1344277787576476,-12.335464932860523,1.015115927139148,0.6897770431306972
1428,-0.7473641482636811,-0.26846304676247246,-0.32342747541036293,0.013420582082049527,0.08806277380946881,-0.23526635913047123,0.58359349720002,-0.47107384463592494,0.6397762495844607,-1.5970143260932714,0.9132257556948465,0.660929162109604
2378,0.8649799338248653,0.4614539384295392,-0.04899565767415108,0.2674641031157995,0.057905912118909296,0.4249593231036458,0.6977703491290037,0.29906819186936523,-0.9880299696465203,3.3885953167944085,-0.05946192082233637,6.176470829792923
1702,0.7961184373796493,-0.8808676563723876,0.5782332239895753,0.15640980542987917,0.016761537217527083,0.17774115339115334,0.610769139961924,-0.5356827891128513,0.12888599100031634,-1.3752984544329325,0.05685806913551622,-5.014015965993769
1597,0.907213525620805,0.5944120117373034,-0.4360676780639163,0.15600461328530982,-0.25986291035332754,-0.2360793284697679,-0.5878544941890406,0.3424690816344358,-1.1195812645731624,3.190831287154373,-0.08528742218623826,-5.4490303469220205
1023,0.7967033354108988,0.492628498469244,-0.23184675241615385,0.06560993138671996,-0.2951026155272114,-0.14632560638069708,0.5932187367012289,1.0770223474693161,0.7011414113043415,3.5467609439807326,0.23701945567331512,-1.5904639119502155
3208,0.4673022093519072,-0.36586497144064656,0.5092982503639896,0.495309285481291,-0.05127518803285381,0.3716827922790347,0.5432217316252341,-0.7042943625097363,0.7775198147269026,-11.973038052065297,-0.7712800234383104,-5.121891350876992
3196,0.8437299074370557,0.408482949586878,-0.10749519359985298,0.14987660642249462,0.03783438044818372,-0.304483004445366,0.6643611404941228,0.33484109925600997,0.22375094881448598,-1.3711856497745432,-1.0098715618671867,-5.017015124575334
3621,0.6998764828583924,-0.11396161217189513,-0.22177255721290015,0.2606236023521632,0.1617433305182263,0.1608668449775536,-0.6944180133846052,-0.997576871532223,0.3522164102841732,-1.5074576253513152,-0.9448683067862119,5.894048619121499
4272,0.5922455179993247,0.6492847019363407,0.5238654466446836,-0.390789571215482,-0.19694205967172534,-0.17564128077026006,0.6544960056118372,-0.5086967200705019,0.33986406032138444,9.203308028903685,0.2795431924337869,-4.852411370465807
4407,0.4047599721300303,-0.7223284563142793,-0.4916110331757075,-0.3127738357736504,0.14226234391486867,0.16341914937642535,0.5519556143025097,0.2552248699664113,-0.911226501178086,-12.225655585740812,-0.24110663743351446,-1.4978306542712125
2449,0.764133839665326,0.41918238324550405,-0.2707291293221464,-0.28705372907602966,0.09914193237696692,0.18591876217084,0.6958374277743048,0.2763196602163862,0.0694288243607256,-1.5545607338061538,0.13644319700833826,5.940021097464879
3132,0.5625577211841976,0.41000238997649324,-0.33586547703305514,0.6065655115328068,-0.2562522536517944,-0.3663713712359861,0.718873301135289,1.0959092386814455,-1.1211963396945293,9.451024098642339,-1.022028090379537,5.972273260974807
3967,0.7556454600625117,0.501128531192848,-0.3197287195100468,0.020559821267368623,0.07320314877241914,-0.4131668077256334,0.5966444284512963,-0.5356590110540159,0.7088536649719824,3.4676302790143487,0.21285271533102365,-1.6454092109217835
2993,0.47436098149651656,-0.33136726686745605,0.5269610310615881,0.4641965272726253,0.17530312609135054,0.06863400708470997,0.5686509220925748,-0.6932919664218343,0.07349143246838577,-12.201506064102412,-0.04189753152049318,-5.047428894346085
3896,0.450110776372425,-0.7398837433679609,0.0534023966399967,0.6233466021449132,0.18435950967052728,-0.7582753661224221,0.6008644649054398,-0.7578570128809365,0.563165871746306,-12.290908314587343,-0.10416391804548748,5.845113695453423
3707,0.5701079207521984,0.41690728647219677,0.6018865267269503,0.046946846471560395,0.06568932839725666,-0.22131663061942536,0.6218578531905736,-0.9291244985994148,0.16046354768300505,-1.5672841447521502,0.9105912299111527,-1.6209090494051301
1676,0.5300753310712024,-0.6548195666775034,0.1445618979980579,-0.4595866503907914,-0.12909209946644287,-0.5633525080467078,0.5258773834483307,-0.4353383626312574,-1.010283759358814,-12.045280782012348,-0.139711451133973,-5.04225942432658
1400,0.6176844039243115,0.4533138474050325,-0.04843583997743366,0.023189640763249888,0.14683129464931471,-0.32746076089727844,-0.6387457021738421,-0.4533340349417788,-1.0431830596977392,-1.6582092316199724,0.9356638051367112,0.6627791880781143
53,0.32911745526230984,-0.40610169260191553,0.12796409563692612,0.35153283494320353,0.04566116775985446,0.3756192393635434,0.5224058175184062,-0.6560927370019967,0.6752621842508298,-12.280464619035378,-0.166139772147412,-1.4235785187832892
3402,0.5997808310671189,0.623973361471215,-0.1721505641733973,-0.45801300771582704,-0.12431493523516636,0.14570034176813781,0.6321108667438291,1.0630891480857276,0.3491803920000066,9.25196341526182,-1.1114494743453522,-4.960832630626451
4061,0.5261265655636933,0.7173030978531844,-0.35395225948153725,0.2520694287276186,-0.013286457650757316,0.31233346398099887,0.601087820775187,-0.5418857437257771,0.5619921106715765,9.444534151163763,0.15755862027159226,0.5968159499499512
792,0.5138625730861843,-0.3459513964269216,-0.02808914344416564,0.3297461096520705,-0.2800829796257676,0.2842564505921115,0.6287306802715031,1.198806677556729,0.5649044692803372,9.422827029310302,0.9791009667192381,0.583088399464443
1604,0.6692933878353764,-0.3498777067973045,-0.12722313996738221,0.4113522095539312,0.26038916599177325,0.1586638339726759,0.6133790662513307,1.119377399161884,0.32680137188763675,9.23529713301452,-0.1745448186911905,-4.9495555528291755
716,0.3788225235984513,-0.7390773370031504,0.123246718299345,0.30748863668862003,-0.014333289994533841,0.1049542969243454,0.5379941368297146,-0.7150218882746899,0.12876242086779402,-12.282061965198425,1.0317872303224678,0.6195116153479404
4306,0.6973696604922496,-0.185854321489357,0.655789712464462,0.22379999697885947,0.13294652989253025,-0.28274890989541374,0.6295842641987611,-0.8721424961099222,0.7163707490713871,-1.606971849561054,0.033443527565933745,-4.951482687239542
23,0.47752318106759006,0.3481122438310614,0.07662310211579869,0.5150668675425359,0.15772911265240577,0.07565172341000297,0.5859243687847632,-0.6698756332037528,0.7316942937472702,-12.247231659704951,-0.10616105016685169,-4.982787198670359
2412,0.59162765804905,-0.23112380972522603,-0.37557672285306404,0.5717059787277776,-0.26353040124371807,-0.14144112703031905,0.7294496926324402,1.0854523051832066,0.2576330208314194,9.403680629235383,-0.09432119035700971,5.971827196524791
4046,-0.41344652844951785,-0.6990792296370757,-0.1424095993986045,-0.3510197668801723,-0.16896562914675692,-0.7681541592567391,0.4979036509661539,-0.41545059700172615,0.608713397182501,-12.23609461132786,-0.1970515932177558,-1.502662387192739
683,0.367870851721488,-0.7450488713499789,0.43627918454067616,0.33248823609520983,-0.08385524281546572,0.10456135688887534,0.5508898272937696,-0.4330832538881879,0.6699363644193539,-12.277229445272932,1.023131091479854,0.6414585109445695
744,0.38895533979156893,-0.33445459666719973,-0.11451477308662983,0.28177950783383027,0.2067873462464245,0.1561678677102554,0.5460480138555294,0.21411803769382842,0.15601567037274355,-12.323998497163863,1.013722781720538,0.6723155738146521
3917,0.7304488776670484,0.39796687325292557,-0.01505051361277756,0.32813946998737636,0.11733931422694432,0.379259403116526,0.7410098228695972,-0.9673097885285233,-0.9950325836074281,-1.5979704240778667,0.13612837217057483,5.985365831459164
3076,0.7824930232735371,-0.9785464361087801,-0.2619951582766479,0.30783042242756914,0.12351647594498552,-0.15162156283793787,0.7364116687467662,-0.965857504713573,0.35544067005554636,-1.5257693098410783,-0.9532020274923584,6.009263988875233
4243,0.5564566788022104,0.35897747108253364,-0.17601170591649073,0.4166254549280556,-0.1729847143935153,-0.270666199321738,-0.6365851103078396,0.2553426007048155,-1.1496895814031836,9.235492456555606,0.24471062220256,-4.8783247518359785
1001,-0.5448685388361217,0.7271081647150621,-0.3649594045587705,0.2624050605317491,0.42292645370342363,0.29464241645401523,0.551675177857879,1.1823757127818213,0.3166097972340536,9.41806319960374,0.25012613651729987,-1.6364250830747282
1572,0.6266631580030285,0.6127051897589396,-0.16052686885991446,-0.43731171807279745,-0.2231226564281365,0.1772261717731779,0.6272190895501633,0.23759486558451987,0.19274021445660708,9.227792281413539,0.9414084571966393,-4.8627579826163565
4040,0.5973210221479798,-0.24652629863058703,0.5880456856459358,0.021925015907425308,0.1041366522672706,-0.39975334274575514,0.5995926785785926,-0.49964942244858046,0.1222435908791849,-1.625146502956991,-0.08141891237828065,-1.6694392442943558
2749,-0.7835133786563868,-0.18312710882908495,-0.1038223915100494,-0.1824024886610898,0.15092130608239407,-0.28005985741830663,0.5932723789579051,0.3373434019430991,0.7137631570820433,-1.3399314268604552,-1.0061996037790883,-5.048603706563684
4166,-0.38632682255299944,-0.7040891147070054,0.46189702053960696,-0.30938942991555274,-0.17194748245126165,-0.7140933864893559,0.5028099393228134,-0.42003276982693816,0.14265570738287942,-12.22378196860749,-0.16082281480488364,-1.5201779162167235
3855,0.5206563457758004,-0.8295850047570389,0.39207450309405306,0.5471624561624187,-0.030467332567982654,-0.13484459846413074,0.7048435621063747,0.19853592600474793,-1.0958216943541597,9.396156409600094,-0.0875553238815665,6.016892788233102
2923,0.6048317627918786,0.37369221879709075,-0.14356130789197877,0.40195979870466453,-0.21739276775189154,0.16687047473472044,-0.6607831249361766,0.2874070251889063,0.32029370667471846,9.241697522088527,-1.1105158274239546,-4.948833018183713
4284,0.5070360086686886,0.3850950670958016,-0.5178387618119432,0.47227182081785324,0.14121739887572887,0.09016692534292609,0.5625449455871707,-0.6648718448909826,-0.9855819120148133,-12.18940766997251,-0.08662167713667798,-5.054262337302722
1095,0.45126121424768534,-0.8058530636486906,-0.06410555178212467,-0.26359690845977435,-0.0007086878680296098,0.22452618236674082,0.6302128619704169,-0.38112154062389975,0.23457654584765614,9.400220911931093,1.0179747904709633,-1.6647421735450003
3104,0.517509124077557,-0.18501252887021136,-0.23682353961926758,-0.5426811195288785,-0.04217312438151745,-0.11295572163513329,0.7173052605313482,0.1898096316961023,-1.1243504266972542,9.45978312487154,-0.9983940371642677,5.927666173256603
2769,0.5671927681251772,-0.27531665712110076,0.07275823503376114,-0.45102026001972717,-0.061299022289915954,0.2817107594177597,0.635285225490557,0.24068746346431452,-1.1477484752282008,9.22721328461089,-1.1156294430490847,-5.035730752103255
4058,-0.7453582847360636,0.5378932162099338,-0.008227955453398543,-0.07867770219475066,-0.32845952301777287,-0.21412336462149373,0.5549099223957893,0.241212196441921,-0.9558433475425908,3.609764177884318,0.20197121809375593,0.8160783679879086
2353,0.5644142243266084,0.369873356706389,-0.33335890668585455,0.6092967347106087,0.3380655700094998,-0.36875721946026446,0.70546502342699,1.0954350429775441,-1.1323801403565243,9.450430901010977,-1.0208528693941954,5.964670011924946
3366,0.8546195293626133,0.47103931000813826,-0.4138771322220765,-0.24560111813619326,-0.19607412285558318,0.12596262503412298,-0.6417059532727828,0.9526088047890476,0.7649268112666983,3.1209358403528227,-1.2099391062907414,-5.424133747690484
229,0.6898546071988155,-0.2976997217246856,-0.283683157190727,0.034764337109659156,0.1865884098612464,-0.4327932570497214,0.5882064412295844,0.180106469084003,-0.9973778289121832,-1.662626911624553,-0.06334651137779805,-1.6514548414261458
3400,0.5870322881624104,0.6798777016127848,0.08378326567027573,0.4103454659612003,0.2840972294460677,0.15118595337545174,-0.6498068215451838,-0.9166784327984013,0.2806761684823639,9.25231551092617,-1.156237555946169,-4.994741247444288
35,0.796823217388765,0.4931190468360172,-0.2313651586222826,0.06576864057774193,-0.2945706361837272,-0.14583185628576223,0.5933689576424536,1.077513009916508,0.7016840747388461,3.5472226661907764,0.23755708604460404,-1.589936655217114
287,0.6566859750756519,0.6962482000705544,0.6201030163892471,-0.049143587482331795,0.1838450849479301,0.18008839619581138,0.5851459285715795,-0.894209940924088,0.2056315549167362,-1.7323138660587163,-0.05983782353952924,0.6113973124628038
3623,0.4890419020028371,-0.2722225600066672,0.08648947422768412,0.5647245220530444,-0.13651782431275739,0.3751485298680285,0.6325638925407701,-0.27852014822519705,0.6030435922167883,-12.247721773276485,-0.6841221665537929,5.801271001409057
1363,0.5011708247235598,0.3963328821352399,-0.31265242889632266,0.30078716164939057,0.014225712178691898,-0.26616354979660933,0.6210391128040785,1.1991225888334585,0.342575699350897,9.469957932349907,0.9853096054557036,0.6219522709669546
3890,0.6276999276059677,0.3667524975660023,-0.2608877205053513,0.33432694876961344,0.0021844094498000674,-0.3962157683491104,-0.7090285296209657,-0.9678518065214223,0.5726200965622973,-1.5538814342249356,0.11680104395856075,5.904235209294682
2405,0.8353965802616826,0.5481684088075557,0.5079695903916677,0.2647079658591357,-0.3197603023196084,0.1400310847996539,0.664874092326503,0.9544545511985694,-1.061412320925378,3.394014420157045,-0.03288234267640873,6.139173910225295
1517,0.6977748659786478,0.6108416572591958,0.5248373979638529,0.2928741078358276,0.1187872729634654,0.16209015505854513,0.6698788286963532,-0.9892211959775539,0.14268579684192523,-1.559292580234461,0.13244754861565264,5.931562281405662
1974,0.439141097410629,-0.36710704276691797,-0.11900416783396423,0.27526011419237917,0.16793152168725922,0.1295249530806783,0.5421608639469663,-0.5016443705371881,0.6410202201305679,-12.250075570316135,-0.16628013149288953,0.7122095368424922
193,0.5259846688349532,0.3739164665330226,-0.16517263172515853,0.48568789942974605,-0.0747290011890374,0.2649237178010748,-0.6217962920782326,1.118862406538781,-1.1553695709624132,9.245606361479922,0.2660063243168769,-4.888345157235906
4098,0.6898424885155557,-0.27844948328478897,0.612005266648388,0.00022990496185510697,-0.30089003936662373,-0.2741413183616949,0.6303356421646316,-0.5126596052055045,0.6135841587094275,-1.7400253141156043,-0.06669126257186758,0.6342202756881853
774,0.42429390856001703,-0.35516926106326746,-0.11638923890995442,0.27202472011500195,0.1788975631789465,0.1374524278831234,0.5680971719165829,0.2322490141461686,0.08806527783558615,-12.312645896801834,1.021731638693259,0.6771195192071979
3711,0.6961017428512959,-0.918050461365492,-0.23284777543588653,0.07392848223246508,0.08610523776550276,-0.4379917015694482,0.6455945564152683,-0.4481366207539215,-0.9811942791894187,-1.5562680947275866,0.9606773481969487,-1.654581809456627
1327,0.6902176658941596,0.5465807247654614,0.6177673925344951,0.053523887168747744,-0.3083373913716536,-0.4115758802351793,0.5975476603071258,1.0859206715195255,-1.0152070463044176,3.3178200813488083,1.018432388488348,-1.6772271934060567
954,0.32944741819948775,-0.33550561044834804,-0.13177981053922086,0.33241617968641546,0.1524886032150656,-0.7218583464378693,0.5332307640493913,-0.6990518401026898,-0.9305276919918729,-12.32479171448753,1.0529159844586373,0.6719935606080926
1837,0.8463806804958134,-0.22146414307153253,-0.057095078039337756,0.3167316598255556,-0.31738292404656204,-0.38551270993268055,0.6455468128760535,0.9691076456320487,0.6416361666483915,3.3963898057601116,-0.024253026435620637,6.111759259950006
4092,0.4731577550459458,0.4067520787030149,0.5351939145282906,0.222515877942773,-0.2907292885379287,-0.2789021330546241,0.6104882230234884,0.1460135023661726,0.3144733434181548,9.403922906748155,0.14358911650085673,0.5627488246218669
2132,0.8794553151217315,0.5846720001824688,0.5867974831303948,-0.2500907214190258,-0.21452414709029208,0.14361621744093045,0.5514095272975065,0.9458299385537756,0.7326518303013045,3.206118635959363,-0.1529278501759061,-5.408946253512885
2354,0.49306873700702003,-0.22269638192694,0.3934784436515907,0.535343463323874,-0.05000149494727505,-0.4132642731700592,0.7004859588603255,-0.26356614884433766,-1.1097843058362657,9.43362376337462,-1.0102255327779293,5.950572361285245
3983,0.3153740829018327,-0.38602722429130576,0.4580889090044834,0.3474359298044654,0.033915607603473306,0.14429629620668602,0.5349392233714391,-0.6696738579555832,0.6459701953374404,-12.26572127542845,-0.13468723807435184,-1.4474654212239704
3514,0.8532634263509989,0.5514984872307028,-0.0822045942414723,0.21927995989584145,-0.35131943772618274,0.13640332036721278,0.6724216765132713,0.2752443219347102,-1.051908017906392,3.326697706067782,-1.1525424260722035,6.093391161965152
493,0.5214658366628149,-0.3576818184324561,-0.0373309472438806,0.27403153511361866,0.32806524850891805,0.25282946619860225,0.6187565451631692,1.200631660943682,0.28277989047140484,9.44276458897589,0.9562223861138152,0.605594125054565
2137,0.8069822930187917,0.43813616860924426,0.5947808407880132,0.18649750008282692,-0.015944399918899285,-0.18486100261226687,-0.6210810470976369,1.0190676487120878,0.16461719333154787,3.190677303597798,-0.11091440225118962,-5.418576183698825
4210,0.4811547352534082,0.3365520971872605,0.03624172226755175,0.28437085731455364,0.38767728730491174,0.23975072702449451,-0.6139161247526856,0.18009126610043125,0.5501480155308291,9.372543995704739,0.16074861443627167,-1.6123238747286937
896,-0.48073290296101917,-0.6787859738469282,0.15747855800452848,0.49713647836341734,-0.10308851779207798,-0.5707854660461497,0.513323822047683,-0.4011626935048744,-1.0107053645618758,-12.09354835632767,1.0563410819450665,-5.034556571124446
3807,0.48190154855880474,-0.7391467253817361,0.06912573988949736,0.540833248417986,0.18215215314823346,0.10857624138414398,0.6060089114479136,-0.3018031031836361,-0.9739235767373211,-12.294049836814418,-0.07921915304635357,5.7895579728103925
2060,0.7325291823558204,-0.22750967874477265,0.6114727242247366,0.15251486221475305,0.01979850673123334,-0.3037608215161933,0.621556665232368,-0.8984319204155238,0.18959758619421554,-1.6095540069222356,0.07406216548173389,-4.966400038122559
2328,0.7753231975832742,-0.11739909407043793,-0.2245607373047776,0.28580718683480794,0.10340124151585406,-0.14819151774909048,0.7160854302019157,-0.9571390045657435,0.35100845719652946,-1.5634645761600177,0.11182640009615419,5.929285721505941
1128,-0.7235226801502062,-0.24735494792129822,-0.3276884303450954,0.03823061032831345,0.08944958090687886,-0.18589912190175306,0.5926950707782269,-0.4534421124533246,0.612004876305365,-1.5115527032298988,0.9239509185296877,-1.5967805114927787
3763,0.4231627602061536,-0.3153167464144476,0.030722464996855374,0.3057024762701745,-0.008527201774988764,-0.16372979587529277,-0.6325592071377516,1.122915683766846,0.27020530644229085,9.366990638569604,0.9837771304439911,-1.62419581651574
1205,0.7813398624349522,0.5028332259218751,0.5275862001874252,0.2822866030252485,0.07416895272043296,0.11381157006656742,0.709670372362599,0.9520535170893826,-1.0798346734552042,3.5214268920213856,0.9137573363864537,6.117035357912803
1275,0.49812637336574933,-0.782891791593678,0.011028586675204897,0.2908134711371558,-0.05066148937763064,0.22397526796424003,0.6248979353553673,0.16615595048641094,-1.0661430689544098,9.41163858037182,1.0238797071398118,-1.6470707977435646
549,0.6449343383347235,-0.7258470997190751,0.03732396342502449,0.48209088538361794,-0.19172827751068974,0.1608489501390729,0.6520430447284075,1.1298740513627508,0.24317275600475163,9.201604799373655,0.962163900377579,-4.876905502711519
1805,-0.833567673823792,0.59050993442218,-0.05841258623323006,0.25174450330566434,0.04652095428047579,0.0989846175702503,0.6259746521355469,0.895655542839031,-1.075038531365488,3.352560715740284,-0.014698135277255671,6.153684434451926
2796,0.8231514544688926,0.6787411374659695,-0.34502042172880715,-0.012037665262593327,-0.30440240019734316,-0.24150365733347098,0.5768700578540072,1.0194448576168322,0.6971739986191027,3.250351763674401,-1.123025197557891,0.841586669773353
2351,0.6076014590541325,0.6416729217673096,-0.38221002799735054,0.5659351316945024,-0.2680527007754024,-0.1446636628017326,0.7353773740730308,-0.30779410499947246,0.4685350460694444,9.432870528799283,-1.0214886449560987,5.940045735021274
1114,0.8059108873923613,0.7230810672750644,-0.32997139315171303,0.02154428238300609,-0.3479332450173561,-0.4209159282830001,0.5690730925496018,0.24004344268707242,0.2728897003506688,3.2760798889562768,0.993140540979222,-1.691562449014854
3904,0.8502134523798491,0.592800507020792,-0.06972351473746075,0.25669838279468443,-0.36265351762583975,-0.4317510391282857,0.6538584946291314,0.24799116258783677,-1.0716464141138908,3.3987000643979894,-0.006995843954114775,6.117864948645816
3819,0.6256689780235346,-0.23036039635888036,0.2210154119376227,0.5426464002759827,0.322800322166082,0.1926110682603606,0.7177026805251648,0.21769473367930714,0.4733128617146303,9.417053534431176,-0.09371449445509182,5.9434281393848325
2365,0.4592404473017072,-0.7448678653513144,-0.5062634847421805,0.5723174932978292,0.19107511284642884,0.08742631006473811,0.6087866313767644,-0.7720962943303901,0.14564809077268331,-12.214297860973131,-0.7351873202715921,5.8786462856040265
344,0.5031625159226947,-0.7862610406230598,0.009428692803273273,0.24355568914312928,0.3315458988272783,0.2865729034000442,0.5900167741012239,0.15095422677631534,0.16220574131236723,9.393156039223795,0.13662141367586195,0.5158974666726835
1082,0.7681388673344536,0.44453178185155073,-0.2866131211812429,-0.04385652643603984,0.06771924905280469,0.1535390495716604,0.5889437511298143,0.9917501560003604,0.21001166230128246,3.277814695483005,0.9578832951816484,-1.6655656554841378
1454,0.4628354073408389,0.3335259493652121,0.46242759816243156,0.5535027229445156,-0.012325450107457095,-0.3810868208043094,0.6924969667058949,-0.9807517252638631,-1.1275086624432602,9.434443051763468,-0.0992525334623918,6.00936592459004
370,0.4535581347702948,0.3458845886029889,0.0007276565364903114,0.34959918868626827,0.3950067235433947,0.30089834629531975,-0.6073873420039914,1.1877607169356164,0.5492261633428375,9.358174832311155,0.22879333475824054,-1.611228849807898
1362,0.5361254590336988,0.44077087252008734,-0.31379407364484285,0.2457519745206122,-0.30848409349939665,0.28752976536982083,0.6261298544930574,0.1691381984475426,0.31531396463646183,9.450003802082637,0.9740445330882531,0.6005471278296971
1845,0.549660369089729,-0.782413793226055,-0.3598349264567155,0.6074156086174538,0.32732520913975827,-0.15797261094093037,-0.7158496568425659,1.0722458650577067,-1.1426860184468741,9.418581703681815,-0.08689986931480094,6.010903735942755
1344,0.2591354323331118,-0.33278564047127146,0.48583322043652816,0.34541034475400817,0.1582809559273908,-0.7723228714456726,0.5341749397846001,-0.7266961622242645,-0.9311627877684745,-12.188097907088945,1.0563670844237112,-1.488380584310426
491,0.5931998926587184,0.6755707856559359,-0.015008070278562841,0.19535253986988482,-0.33454461600495317,0.20158441314178063,0.6322720235317777,-0.45176084130479216,0.3304243227248883,9.46752600561435,0.9823013029225113,0.6097825326316738
2335,0.496001338957697,-0.741136999318884,-0.47912805758458954,0.5669491956946362,0.01705108810709422,0.11924973023774543,0.5889625488794581,-0.7733039486205041,-0.9822558039581966,-12.249708762879354,-0.1238722800043873,5.893350766106616
2630,0.6087658809424826,-0.24927887141598742,0.49531398269862437,0.03898855588481318,0.17890574652959654,-0.24529181097406105,-0.6386402129191349,-0.46179381870319103,0.25909304131957434,-1.464506249061515,-0.8968832072849482,-1.6256832335105782
3644,0.5509673899294829,-0.22133542606434178,-0.37167068132726777,-0.5366329619412128,0.3363476455681702,0.3601054663811273,0.7266479176732732,-0.2601382631090991,-1.095237132842356,9.4656341565769,-0.9856708394135579,5.962247103330382
766,0.716128881377281,-0.24930095326474777,-0.02690265520999008,-0.001240485155316548,0.13049043787246958,0.34330311294667365,0.6401351101862128,-0.45206552518542825,0.19956224824680574,-1.6099619871825408,0.9476780136711909,0.6741658983712764
1885,0.4327569184349694,-0.24131708042288388,0.39129546772951446,0.5630199085365923,-0.08521577439469437,0.14212739328931878,0.5967114847232762,-0.7626385957595225,0.1712992218297309,-12.325703453383262,-0.12126162842398351,5.829872766435135
3830,0.7054430999965441,0.6284087725695149,0.002581329858867175,0.34355777211293875,-0.3243507467858133,-0.3877061879215378,-0.6943699714041314,-0.9422978451209557,0.5852418378590991,-1.544894956164485,0.12953377074555053,5.8942874127587395
849,0.4570092053072097,-0.7847723594792244,-0.09253071724432639,-0.32048348289986756,-0.31810472210651924,0.21639912110232962,0.6242526132220931,1.1458679772091869,0.24566867717465998,9.383141001566909,1.0007337643347978,-1.670519521349706
3640,0.5585177194565789,0.5924459100069485,-0.22326984875818906,0.5433276830805764,-0.04250728898282393,-0.10617526820160841,0.7151006526686869,-0.24266189703307253,-1.1264698557444883,9.474413414121702,-1.0200828711372518,5.918388219933054
4122,0.47338741159947756,0.40765055188826116,0.5362112629630571,0.22266741480467553,-0.28979197319766986,-0.2778843706427421,0.6108048096713705,0.1470094217138945,0.31538531472230874,9.404871435553463,0.1445075663967259,0.5636710460954313
3694,0.8037816321609055,0.7296750582569496,-0.24761943412504217,0.02312607919199163,-0.3468757658882126,-0.4417754035230536,0.570072091750317,0.24676361101839955,0.25081378604527493,3.3325931646208,0.9991235857138543,-1.6631881079658
3587,0.7119812255321812,-0.08766156298958676,-0.28393479994239856,0.3224997978446911,0.16177593469926316,-0.39598513397248514,0.6819509952230661,-0.9642970338608048,0.17273425543055143,-1.4922299159839973,-0.9955922577072338,5.996065509945192
3147,0.41978954874429036,-0.7300345895112347,0.011828342681174471,0.5872157098122002,0.19838428876091407,0.3893504023763438,0.6237903920651386,-0.797461118285669,-0.968762040649052,-12.219045662906938,-0.7289763528382142,5.828558969605345
1848,0.8142343246219218,-0.13752159941989156,-0.15797248566669794,0.26207208767739676,0.12109986533047698,-0.17091557528789023,0.733848931931459,-0.3356053427451607,0.36666137715105224,-1.5538341842218342,0.10468438620206212,5.8868858107393285
3789,0.6256425243564535,-0.23043837058056385,0.22093606955332634,0.5426162953179089,0.32272550159480384,0.19253468067793875,0.7176789149634791,0.2176163331849906,0.4732402277803164,9.416976617998015,-0.09379275262490828,5.943348179656057
1443,0.8047960920936512,0.6409131364037675,-0.3668988994824716,0.26864443950816225,0.07907765610549297,0.3771536256644435,-0.6716516871384574,0.3013346840195701,0.07851435457141599,3.368728956843032,-0.014173687312498916,6.168615335782694
1892,0.8046520056932108,0.6858709547922683,-0.26167430212105797,-0.034741960140354224,0.04649912131537873,0.1532626839642079,0.5246501078162543,0.9700439905340325,0.6945320197966586,3.3280720771934766,-0.12270130027599187,0.8299313745864695
18,0.8356523802586664,-0.8973178771555947,-0.08565243183640722,0.17911943484827125,-0.19887528314758512,-0.2512777581906808,0.6582755613602451,-0.8874847605644779,0.21068962378685432,-1.5645871186150364,0.031040032480617697,-4.90110407645359
3496,0.7686770548142006,-0.9745778404930772,-0.2904912875906747,0.31111096887909123,0.16047747240824994,-0.14531835432861603,0.7461293653313831,-0.32110080506639954,0.13484891763760065,-1.5002647003673246,-0.9664637216020923,5.9919958879255715
1177,0.8021306901662791,0.5130500662408531,-0.022665167738742522,0.2685395229263263,-0.3439470544796551,0.4126332635268002,0.7058443087251423,0.2819058958558472,0.08775060030484268,3.5458189019021713,0.9406175053926158,6.07600616830815
711,0.6935247237515624,-0.26207885791155355,-0.07644181049864408,-0.036553460112143686,0.10803041829126594,0.16535591642229674,0.586492893014822,-0.43562060085113474,0.08910186002958087,-1.6083266476164162,0.9088699802675283,0.6433280649106778
2986,0.7393122785172955,-0.8829183374923547,-0.11909403005987933,0.2134187285047268,0.10742480766421957,0.2989061013166313,-0.6573770639043381,-0.9082656606224995,0.16784939456097162,-1.5674798509348895,0.013863294655598732,-4.921593686102778
3646,0.7889071754970084,-0.9571251598567825,-0.27524441512496295,0.3151111235850403,0.12778259895880317,-0.13041748616114024,0.7705391601767434,-0.30217426684109894,-0.9765277764933794,-1.5401060431343012,-0.9552235878643451,6.014472909631324
2504,0.5099419675184991,-0.3423192805342272,0.00828301119758843,0.2113962861581367,0.010516764866955214,-0.3010187001498895,0.6048905030783858,-0.505711017062938,-1.0580352419154784,9.465888316948496,-0.16548703134188064,0.6404733325013626
1296,0.7836490797180773,0.6996415980969646,-0.35259066265710265,-0.008302538827303084,-0.35350953169338695,-0.40990955534591794,0.5465344732958238,0.2304174461843917,0.058008759469658555,3.295163953255393,1.0292131767851058,-1.6572102061983287
3552,0.5730547746908078,-0.25649768439691795,-0.36360994128958973,0.6251797675663444,-0.25808717893548233,-0.3626573652708038,0.7153789770318723,1.0867406935114596,0.45778135662724967,9.41735421317963,-1.0246531884058427,5.946278717377372
1783,0.49247692516584185,0.36929329935332844,0.5075161218417732,0.22385514855351912,0.2982902336782693,-0.2619216946008656,0.6020494865700844,1.2085823361176309,0.305587557881652,9.41879209196032,-0.1898541013710923,0.6243512510277824
3493,-0.5000082316387727,0.37000339654981196,0.4696513987461604,0.5743087431370849,0.3191506117801814,-0.3570048832469226,0.6545762225866699,1.0934848393654406,-1.1182162457099367,9.458409517780998,-1.0251692410141708,5.973531261753372
3096,0.838061950469432,0.6127011877655261,-0.34412984954809533,-0.32493845634784707,-0.30634488826993667,0.41198238999918757,0.6839972875577507,0.9412811170415072,0.6454778398187022,3.326375236722805,-1.1094630565533,6.1492353702726525
3868,0.47784348877648436,-0.7548898932810149,0.06989190492658337,0.5885115765082648,0.1712873586413834,0.11750034524792081,0.6068442607622402,-0.7562525170813927,0.5570385296505358,-12.283126462445386,-0.11077957047636484,5.825757263650539
1317,0.3522600445663469,-0.7176605356622862,0.43619654655385565,0.30762040141220337,0.19214031531841383,0.18643352500425284,0.5320019291157777,0.24485008487755414,-0.9047828835056239,-12.14766690540391,1.0669416121619812,-1.4599046062135381
2270,0.6654810143497485,0.46668519288800536,0.48206829241200405,0.3155796665274023,0.1233284072377972,-0.4103164175208385,0.7291382946670176,-0.3522360555320961,0.5752434585177536,-1.5139911169849092,-0.942449285742414,5.91742398973992
1915,0.40332356859229995,-0.38266773385355335,-0.4751796580993796,0.2523646425569016,-0.007987270571765763,0.12624867428900616,0.5043929687587241,-0.643629219495846,-0.936084028827201,-12.224578485877268,-0.17578646793084943,0.677719600510557
4268,0.8713957684926608,0.5124503388664445,0.0037564591208038957,0.1592193113948228,-0.18313267051251303,0.40171404396442745,0.61088399065461,0.3625349520942718,-1.0462067466922087,3.549187915204298,0.3045103934839386,-5.30907992017884
682,0.6569309946656589,0.47936259607387166,0.5901314985616637,-8.524664943626397e-05,0.09921395359400499,0.18801926464859828,0.6327689512278409,-0.5082588335219992,0.6355555117958303,-1.6512105539562643,0.8907529226855386,0.6480717842352054
1665,0.6823674338621799,-0.7572644708279412,0.07628086904667378,-0.36069064738971934,0.2542284915312367,0.18307172222265972,0.6576209626856665,-0.5342609057404173,0.3438245959167644,9.214407076422756,-0.1482854096007441,-4.953656252834629
3074,0.5372265185439401,-0.17629440382757897,0.2631284995878877,-0.5440289467331464,-0.014870282102190206,-0.10822408689082082,0.7275572662433599,0.18363007816161295,-1.103561320316193,9.443487261015441,-0.9889670192700829,5.949505698314772
2606,0.36190773254002595,-0.7104402656902515,0.4513630947395896,0.3211688554330549,0.007294677247425427,0.08817478616954831,0.5309196969948992,-0.6807471980992803,0.6758036049767566,-12.144696993324391,-0.682122035863264,0.626604497039763
1907,0.6773031140648141,0.4319206165744735,-0.15432294791297613,0.0005958139456050303,0.12437727721224623,0.1792208116453436,0.5852896259578722,-0.8568949264606066,0.6340390246287361,-1.5633389701486633,0.05423759077261817,0.5981566791527152
3386,0.5130360415911328,-0.342401702900689,0.14423168084847557,0.45482897609080636,-0.044012397955294325,-0.5821851925731576,0.5270430122129468,0.3164472923797273,0.12162553202280726,-12.021391384444376,-0.8044171229126597,-5.054433157295637
468,0.7200979043441502,-0.2606987136692079,-0.19549975974951334,0.052050030034806724,0.07378642721248814,0.37152831792153623,0.6286035010070036,-0.4777320768625634,0.6755806573056402,-1.6307439512768236,0.917059100789546,0.6650920340382083
3695,0.7264443645781438,0.5151374668940847,-0.2679878060541829,0.06891507531864967,-0.32091110636906367,0.3941151863175474,-0.6007409129551957,1.0522870252662047,-1.0268337106513103,3.3476197372341527,1.0191949376922245,-1.6217843198341098
2296,0.7678127739425132,-0.9592670064117093,0.023864059887979554,0.3060423866156079,0.16573983458154398,-0.12576693243829642,0.7454985607031941,-0.31538618383750355,0.13920287663712572,-1.4904926601175963,-0.9566803121497148,5.959703682221074
2184,0.4361187418363419,-0.37840090274140353,0.1463229107003525,0.2379457912588859,0.19840287498552078,0.11426082174892187,0.5456205783981879,0.2263511981820793,0.10413514319443065,-12.269671808892323,-0.13611202706700395,0.6912965450990101
4360,0.4819941858811029,0.33910359583504074,0.039089206399752635,0.2851141001457188,0.39040935520450115,0.24250189217204934,-0.6094176019990655,0.1828663504081809,0.5530069526342953,9.375553662555937,0.16369223792709856,-1.6094139646140586
4346,-0.4559597932805505,-0.6759773671255634,-0.12952343676588043,0.3050412256544009,-0.19337312908260554,-0.7106270575289156,0.4963860536007563,-0.4501674337655261,0.138904905372739,-12.20807458587127,-0.15528154138951034,-1.4815640615729166
4183,0.4699572855284526,-0.753563377228698,-0.1561093502665224,0.31661352833133594,-0.06447596861663339,-0.15699964192800345,0.6118677710333271,1.1468248557314191,-1.0878532390053837,9.38541679244005,0.1332598094650806,-1.6325298204026708
3972,0.47242901669084625,0.4031180199614093,0.47871528356429,0.22091508986291578,-0.29237270685887995,-0.3304914749300834,0.6285421704626308,-0.5116395297539099,0.36280657944587535,9.354786631829501,0.18038505346941516,-1.6773732951197748
1018,0.33353453114117765,-0.6989106230943577,-0.48254851722732456,0.39456795106797593,0.10190255585376669,-0.7611076866852375,-0.5321923049717749,-0.6670877994166903,0.6366173390869773,-12.253573419298268,-0.24080721083401024,-1.4916418117696089
650,0.717274886214788,0.4622533426872874,-0.09108360685082477,-0.022034003732054337,0.044715044168581845,-0.23476114368811574,0.6600918090339483,-0.481812328989858,0.2403641022845347,-1.6365766326808513,0.9370004330876323,0.6554474414277666
3494,0.540860945076063,-0.1753330026321373,0.25866551047911257,-0.5217555668801299,-0.01453722382048505,-0.10391259915865103,0.7420298057781081,-0.23399205264895354,-1.1019319091875863,9.454797496213631,-0.9834616081520412,5.9373281416101715
2727,0.4956851886314621,-0.32562579275501863,0.5069988691477059,0.4437957879156928,0.20660616143589156,0.3551786620625051,0.5485937431326108,-0.45993637922379976,-0.9485369646632469,-11.965750584470284,-0.7999460856013868,-5.147038581012684
3905,0.8355948708040313,0.5489370981200328,0.5087679057245412,0.2649936214197053,-0.3190018549078004,0.14082758663843792,0.6651075604763794,0.9551625077338561,-1.06065173864119,3.3947166807740845,-0.03211859059168175,6.139910887730548
4031,0.5403432840059448,0.7475031414414298,-0.3768416923557438,0.2661382931922054,0.4183322009813526,0.32102473445732377,0.6008032559462497,-0.5284946872100927,0.5265613334695496,9.382937641898941,0.2071431786888334,-1.6176632637293082
84,0.5085410088899095,0.35258776053520474,0.06908132967105056,0.47637224193303057,-0.058832410059315554,0.12836116568442474,0.5334996902174008,-0.6840358039463825,0.12504791702138623,-12.236951799369887,-0.08629253203088985,-4.9581291310317175
213,-0.7330182101689904,0.7075030513023897,-0.3849699060996403,0.014942595130240951,0.07229386554467476,0.1398860292879099,-0.5014965874445422,0.9908906043965455,0.720499212043805,3.4374550592259996,0.23275300828133377,-1.60897808020102
3412,0.8339503595031236,-0.8688694365696326,-0.11104062366208414,0.20285125737101486,0.07104739270279616,0.3757285109583213,0.6609783576999382,-0.49599366830794367,-1.0163524892164306,-1.402883979701536,-0.9958498028019676,-5.056528984375914
798,-0.7456129382714397,-0.24719745300809168,-0.21989887669696148,-0.002120457880094033,0.07161527938036646,0.1670199523227812,0.5687550012483753,-0.46926043419679997,0.6562665296706961,-1.564792325267029,0.916436351902711,0.6485506684787505
1107,0.32756982646790583,-0.7022418829281553,0.427702496888292,0.31777496738878924,0.18058237892502096,0.20478306408110977,-0.529663329645441,0.2526075042592408,-0.918196261118376,-12.152613970054393,1.068621762291136,-1.451967047427659
2477,0.7301636903091502,0.3970360990637319,-0.01606307958172049,0.3277963333986407,0.11630233424198663,0.37832529239298596,0.7406543012653125,-0.9683400703882552,-0.9960887759685024,-1.5989492458702845,0.13508660376191156,5.984354977468613
3186,0.9095964335366766,0.6054069554535566,-0.4317744354550543,-0.2623126554499628,-0.20139696550630312,0.37091290880787203,0.5950080785526761,0.9573475100777245,0.7816429723898383,3.12401672558712,-1.2084769415536725,-5.453458171752669
3026,-0.5315811118609886,-0.6536800405014771,-0.07131974070603309,0.5347671723002916,-0.054302219083478105,-0.59971865751193,0.515035079047016,-0.6769723450725668,0.7254191191305366,-12.184673379245558,-0.06389139297302748,-4.999677007496618
2479,0.8045012645014978,0.4230709198464131,-0.2478158061943288,-0.2653330349291212,0.1251141520582182,0.1841094595885396,0.7165952995780097,0.28854743745822575,0.3932445323930462,-1.5611370224256795,0.12081338544442236,5.939093854843395
2736,0.7976856295078056,0.46749461165051315,-0.42305560068097153,-0.23568744570798786,0.0016127998864434998,0.38894817788780844,-0.6511011640833256,0.38906168583069023,0.8030686130812744,3.1307494120641586,-1.2024414244420574,-5.4987674443575
3,0.8983870915421605,0.6639140829952467,0.0126428872455619,0.16953874018860007,-0.17898134335649973,-0.2796452209559888,0.586893466861452,0.33901321735131995,0.8236382461180377,3.601577575206959,0.3077701160488629,-5.265559636896254
1507,0.8376823383293962,0.4730904760639872,-0.06715816249901481,0.2439771520449876,-0.339670613593199,-0.14527845127662622,0.693866188882903,0.2670625065523608,0.10169553322440227,3.4117465768620105,-0.013845119073723305,6.124140479479926
3303,0.9167375353625818,0.6313973464485203,-0.45589721349249385,-0.19682225654965033,-0.2158191053738566,-0.3281739824968307,0.5941349913451759,0.3149979458193409,0.7658779145551424,3.1424615631952078,-1.2233581495423433,-5.4663628504414055
1565,-0.9317459448621328,0.5867920508651608,-0.4779261334830002,-0.23618371025071663,-0.267857393843876,-0.29396213417027867,-0.6060793752013338,0.9084713218154425,-1.1571062013884672,3.2955502971460686,0.91617692126504,-5.451628055681582
2117,0.8482952594884579,0.44716930063843585,-0.08949255217701027,0.13096736752633645,-0.015990220527964207,0.14696249563176228,0.6582110593564316,-0.5433529631350609,0.26247970632653056,-1.3644230360900846,0.05447774418228518,-4.957403337530605
710,0.742673137373401,-0.2784476051758389,-0.06142607324052005,-0.03873556062252858,0.1117439687290772,-0.2562205858617335,0.6275599496008373,-0.4539137400041823,0.2280897349475404,-1.6416217248685863,0.9048968439550685,0.662248847562855
416,-0.42006836142307563,-0.669202987225641,-0.126614531065715,0.3169173379367784,-0.1867786349930366,-0.7361042361971727,0.4741790690605309,-0.42371954388444816,0.12053014507799004,-12.219308459882136,-0.15724843346071812,-1.4949089587640378
2631,0.6855092940308433,-0.908806147161379,-0.12490332314243344,0.019961988046527695,0.18397001949489922,-0.20641372600289903,-0.6493178460608243,-0.46371561804200906,-0.966310943825247,-1.4703255082145967,-0.9346117357648913,-1.593959073928409
1673,0.5852409088770113,-0.6399662457434891,-0.5240400278800855,0.4608062776567269,0.19176953915355122,0.04093989146306032,0.5497611601134522,-0.5099466062244898,0.7345971555747498,-11.989654988744698,-0.15695803878717607,-5.118944547951707
3732,0.46060017152574484,0.7284584882370537,0.46473079828472597,-0.2332570854351344,-0.3354413544109415,-0.186886688579668,0.6305022654883474,0.1316104905154647,0.3441081926159539,9.372968718969025,0.9543159199036206,-1.6640471247903097
4212,0.47312724268805206,0.4062642292259189,0.4823202146202974,0.22180091505730412,-0.28894000063918335,-0.32677136908839416,0.6295880695772815,-0.5086097956099837,0.3658898901342102,9.358321324199451,0.1837550610439771,-1.6738162043563192
2926,0.8346474168754326,0.6224335467653389,-0.025610624403100923,0.15504743169976307,0.11151724530133048,0.369500746518637,0.6503077179473125,-0.49166555351477514,0.24054278364480666,-1.3649205793284707,-1.0157250101740025,-4.993012562977747
4151,-0.5424385216778632,0.7399341898142693,-0.4014195167478548,0.24678599440871446,0.4102723035572644,0.3344390178997421,0.5582583377629035,-0.5302501619049264,0.5179208003205695,9.41280639761425,0.22791890490045422,-1.6235271173218109
3634,0.8050326513091896,0.5619044993403567,-0.057225806233542516,0.29621177370736074,-0.3648203538571077,0.40069751272893483,0.6700828757478228,0.942937701878756,0.0651424638720367,3.3281061161393852,-1.174680171546494,6.078620437631721
828,-0.7351174484562175,-0.9447466708821977,0.6297599057017795,0.22259266248977286,0.04517751562310715,-0.30554015440045695,0.5841653567823359,0.36495400552447765,0.7192719594634454,-1.424023878756996,0.916429615914143,-5.016754486489691
2514,0.41750459174960336,-0.6538400275892199,0.15635385452744271,0.3277854568392205,0.22586584585794822,0.1214484268823307,0.5080492320508642,0.8923501632378651,0.18431565449964732,-12.234269141598375,-0.12990477930804303,0.6627874312451655
3908,0.8165305642950967,-0.17470435136132936,0.4812152870721991,0.2558650401870874,0.044954555303219366,-0.1613896677630007,0.6795654621173708,0.2737416996643518,-1.02063542570658,3.383284236956311,-0.04549568589716139,6.186407589099345
1588,0.4905987202169273,-0.6471066301453292,-0.0647359754491525,0.5276506794647932,0.20617864442126008,-0.5555552066686232,-0.548168382335889,-0.7318394870775934,0.10917718749174589,-12.097301324563025,1.0595450471010623,-5.030431598973984
713,0.3677677720624254,-0.7454750085053601,0.4358457529504086,0.33234434584682976,-0.08428466651042642,0.10416871971977702,0.550783873179482,-0.43351336518498546,0.6695290395042274,-12.277686613649994,1.022708604021867,0.6410493484648453
1539,0.5462538739962297,-0.3292299471907932,0.5281286980857115,0.47210021881586134,-0.05934358309297357,0.1497589528173454,0.6234010374476726,1.1003399575194306,-1.1645279351037876,9.225957071680087,0.9680196513149716,-4.981393419619215
212,0.726145280733891,0.505513575616701,0.011025074184224536,-0.02201572344853618,-0.2890629578554456,0.17702008672826852,0.568864985911088,1.0232923263017668,0.6643731826532471,3.5306802205530885,0.1705809497232048,-1.6447704600251363
1685,-0.8981202884997684,0.6097565497681161,-0.449340838685284,0.19854932469451697,0.028770013857422262,-0.19987168552675688,-0.5450428331684094,0.9437108125003116,-1.1421660392371469,3.1362709992881563,-0.08769065625830413,-5.487345879371707
4060,0.5001415432775458,0.36427639771677106,-0.014454945145794993,0.23733342954857242,0.35993320225535297,0.20833242113752445,-0.6294232131875206,-0.5488256832678162,0.5590682560488267,9.437222944964363,0.14089832994499427,0.5598521980227689
3103,-0.5344123718117374,0.36067399318391413,0.15143514240091563,0.5697931125669963,-0.029082839767962384,-0.38107103410425675,0.6661478406781343,1.0400585187219802,-1.1051748057768058,9.475714992833687,-1.0195899010019713,5.96216770489064
2235,0.45215711011163373,-0.7106139954928968,0.5374005822128273,0.2633879727519161,-0.012982588965245392,0.2047553522607617,0.5912647887960926,1.1966561367933821,0.23994825398374725,9.409502848810611,-0.14316545164887526,0.5614192293284783
3715,0.3604923868125643,0.6268638619789267,-0.4709146655622704,0.30242011883422404,0.0260311452750643,0.1595062857838821,0.5296021423897589,-0.6987230753371375,-0.9680778185986776,-12.182021755891599,1.0491981112156403,-1.4780489113687103
1247,0.6794538349964956,0.619018749661708,0.5298502305615911,0.30171513678496975,0.10755762701119533,0.14950105358580887,0.6858487448707297,-1.0396676414634138,0.15207945463309577,-1.6306106761733594,0.8256192062204508,5.878417705412053
13,0.5552903918503653,0.3704305680750596,-0.15592433996118396,0.49132216939980333,-0.1692785969483185,-0.18044366175927473,-0.6351192110192936,1.1402355100772628,-1.1809479792693949,9.241889308433654,0.26791220407995914,-4.830985216547411
394,0.7988233889433815,0.7320523576525225,-0.21061952597247388,0.05355695575583302,-0.3334979611691552,-0.42863248552529887,0.5630517099040897,0.24355780163777435,0.27111112326446773,3.51208159467104,0.21468054397470773,-1.656717787000887
388,0.3130606487240845,-0.6933854993509775,0.45964129277940957,0.3697392120456206,0.13418346827483843,-0.7267280589951994,-0.5302001989543688,-0.6888464307461261,0.12176940757997866,-12.247116370971009,-0.20297792513747057,-1.4841344895699027
3701,-0.4035241701756573,0.7177045815408245,0.5525846268264434,0.23527231972373305,0.044451261380169076,0.3122296146214358,0.5594170558431606,-0.9027409068847189,0.270178097261328,9.425456369881413,1.0081991126657548,-1.6431573368796815
2484,0.4704609273974479,-0.7264582343090497,0.07848356952916144,0.6151312241355628,0.22636156644732694,0.19769425236804528,0.6137822541508063,0.7931753955959767,0.17332267743245725,-12.288154740475264,-0.08667682382821729,5.80450207466352
223,0.44163713677596655,-0.7574942491056877,0.04915050966931894,0.32443956610704444,-0.02769188891449081,-0.15115468154937345,-0.6314820321094035,1.1279038803788255,-1.0895929671520745,9.369748190238,0.15107664895763498,-1.6314912708912666
2754,0.508638535613483,0.5791063046050203,-0.5376485112246656,0.4808827969927956,0.19964632514219272,-0.5695358160504351,0.5502431093363223,-0.6664779686689817,0.17328704203200665,-12.024245372328132,-0.8458503837080236,-5.108773510037489
3669,0.5443676138624478,0.3595784153470723,0.3736744008872077,0.5044392324744674,0.28891257212036875,-0.17210772861198462,0.7347939703126571,-0.322608190206494,0.4336916896640123,9.42297769838716,-1.0095738156107485,5.94284265787776
1810,0.6114045622549309,0.6976119777091522,0.20662217103869845,0.5707899171522596,0.36023265019018746,0.31330349676712144,0.7082501007851277,0.19960052844577275,0.5076835725092088,9.414816894624217,-0.09390141181786793,5.95727570941783
3403,0.6060731512809625,0.6125742330984615,-0.15041952507335773,0.4557510421519468,-0.2067391056657968,0.1775470529071325,-0.6341086506041357,0.2796713535880625,0.6357331238206594,9.229676595201003,-1.1044100449900942,-4.944865769623262
2988,0.836316159522032,-0.8949516418736134,-0.08345859389411532,0.17961463885821494,-0.19667847782594522,-0.2489586929650807,0.6589378928379519,-0.8852916784796688,0.2128258716921536,-1.5624116244734534,0.033380838310955,-4.899023204585682
3798,-0.7583093514495944,-0.1563882441114062,-0.17084677437126541,0.29662545188245054,0.011101139874725824,0.3851307683175332,0.6648503318115734,-0.31191571669805856,0.5610474821464989,-1.5077127963451569,0.08805754382206407,5.915107400770713
1634,-0.48949180488690897,-0.3718854693480882,-0.1144207469612956,0.24771294353418566,0.35893504189908815,0.2790543817891535,0.5445824881907693,1.1616378943234966,0.26466266470569233,9.408117942166651,-0.19658168408407545,-1.6350389276229804
3363,0.927200974392549,0.5846478975640267,-0.19014921783439742,0.18631900450183034,-0.21702668870956618,0.36693176712868536,0.6191578680790929,-0.5285379312996973,0.797009763106803,3.149450878371315,-1.2388166580684004,-5.426666492642989
3591,0.7074971446140315,-0.9438419080483815,0.022599628220375957,0.2825003549139766,0.10474565932052976,0.12383445671870676,-0.7152903931262163,-0.9788791360288741,0.2907372805207203,-1.4947608639827357,-0.9713451109803775,5.957070834120079
1687,0.8309774317781543,0.5735722257933757,0.6103422673244335,0.20773751336783616,-0.22977496220160354,-0.19573827122391355,-0.5637681479950651,1.012117361407738,-1.130713354738583,3.2397306547572,-0.09205011311777213,-5.394635879152739
3586,0.7695028618049984,-0.9719826839417512,-0.28796930328592873,0.3120584107743021,0.16282567125801753,-0.1426520894754284,0.7468493556262699,-0.31851972102898496,0.1374430307117859,-1.4977536721621174,-0.9640509541617223,5.994566523148376
3428,0.8440451909668373,0.4915279203994492,-0.3260713312744608,0.2593154704765606,0.09469172819728755,-0.12589512547798365,0.72544664337161,0.28522819104657465,-1.028939588224173,3.2874173105904125,-1.1237336298607488,6.207088071334115
3832,0.8172481059496888,0.39241788049695964,-0.0533497523524047,0.28253873712371885,0.025497343899830188,0.10818678919843999,0.7155179050938169,0.978773628639141,0.33105655531424655,-1.5457457127904213,0.08433858731287924,5.895873874076193
3339,0.5608262603669155,-0.29043973659349387,-0.12823587461759295,-0.44217352641880353,-0.03174672136758008,0.2758353512731811,0.6359797686352203,-0.4440018829327118,-1.1610905117264034,9.253625743310486,-1.1118142439380194,-5.019281015940525
2873,0.35549670678867995,-0.6933931291275256,0.46697867787336517,0.34482604963457203,-0.0718959036582399,0.3824486749044929,0.5302395112924116,-0.6624817460140386,0.7008081546682261,-12.149227597063927,-0.6769111953728418,0.6296125176180769
1537,0.8838355920225134,0.603349475176611,-0.43763695083263815,0.17976987767673364,-0.2519124923245928,-0.25695609547606907,-0.6048843819327563,0.35407310637299017,-1.1397793094116917,3.3319012223547566,0.9808205254994405,-5.403906169971062
1339,0.558113312326452,0.4381797868573834,0.5768337775975146,-0.050026802654278155,0.10887666136117846,-0.4159758342075773,0.5994091423404877,0.21575787671187208,0.11269683798799973,-1.5446297824475503,0.8918398269691546,-1.695058406058187
3175,0.46049878391309773,-0.3163925950850884,0.517002067939956,0.46591283335714656,-0.07919816387469523,0.09824964151271132,0.5536288288800003,-0.6965625722817528,-0.9952959897437513,-11.980328673472622,-0.7850269590541812,-5.148740356653779
1143,-0.7690455631903063,0.713072217840459,-0.4184822446327001,0.010959584338733912,0.10953675700744128,0.4142508986315526,-0.5498446615010297,0.2745679555452233,0.7230124416142787,3.255536045825155,1.0102794352108893,-1.6219992493938458
4165,-0.3858184760119748,0.632432327223061,-0.5202444864194123,0.3015561492803076,0.06950144811385262,0.38381114802617206,0.4780210239780351,-0.6419980050992913,-0.9298212288557244,-12.244637046660088,-0.14990731188468193,-1.4705587281156023
2019,0.6531694442631584,0.6526236227527549,0.07080740113673091,0.4540911283925464,0.3205852827396895,0.16100104691029504,0.6117197311866095,1.1364321874804917,-1.143224193465477,9.252079044268946,0.2883087686551129,-4.864802495113632
2930,0.7001164011520631,-0.8864855432213191,-0.3545010030760178,-0.20302471735308203,0.04558893408084387,0.35012117513094143,-0.611962989559816,-0.9270536373056872,0.151144683152344,-1.401375957401297,-1.0035939028835668,-5.05712849306371
2794,0.7737010857432226,0.6279419860968386,-0.0013526754271751412,-0.02610090155237945,-0.34943367269470227,-0.22959275013148228,0.5590443161349334,1.0340969338583672,0.08957268064318845,3.272795837932576,-1.1839776079990498,0.8312940524288103
3423,0.7941182236833162,0.6009638186713689,-0.08798647754924649,0.25996444242945044,0.02221564932808478,-0.5065071184403267,0.6548865690485578,0.25497363462675676,-1.080333953652066,3.3210278281659154,-1.1689500752746707,6.11517052728624
3055,0.386498161896419,0.652684691344266,-0.5195272457473372,0.3033190947446957,0.06917313704647407,0.15623146523371834,0.4916230185754488,-0.6461725396663675,0.09891272963731056,-12.285227930839897,-0.16382696819433237,-1.4983764761943328
1647,0.37313295937879243,-0.6651943840245929,0.4285972699712028,0.28719623469838546,0.18381629904860242,0.21546724214625004,-0.4994493169446074,0.2455698759500235,-0.9047752005149521,-12.08582469090497,-0.1455167174916052,-1.4592895748531558
2331,0.7585919064083742,0.47972282754187123,-0.20891130011137998,0.29684532228030297,-0.3471164396352586,0.37613588558688915,0.7318464340059677,0.24709047026100267,-1.0198320645814154,-1.5679078215442503,0.09878552444911533,5.91577786786995
3997,0.7758913629087155,0.7369482781994583,-0.3401471935823617,0.01683499855371462,0.07718589758463348,-0.4095702572440051,0.575524991429585,-0.510482491883193,0.719572285717896,3.485323342983703,0.21512417423891025,-1.6404666390128395
1435,0.3695242315258176,0.4238945309220682,-0.4530487654146794,0.3110856299991994,-0.031142463059300733,0.35565981601880414,0.5171171304185513,-0.6939670507387369,-0.9312342102136714,-12.287170290714752,1.0392335000330868,0.6289691463854019
947,0.5908174619482897,0.44319461185312276,0.6750550683760037,-0.001235783884936227,0.07067360423714919,0.1870691029523684,0.5976903610954023,-0.957294123368623,0.14010731738094115,-1.625914680432886,0.9100360380215405,0.6192151860096562
2350,0.5080290636866582,0.6634543584318419,0.44843318727272063,0.5490496403690133,0.35600418563029734,0.16804532371677203,0.6837888486525604,-1.0163404175765967,0.24896849195893947,9.439707909654008,-1.055699505615313,5.947676160016147
1796,0.47862541258738195,-0.6575851305314016,-0.13206477772364453,0.2738531093307377,0.035647487702399505,-0.6360592046557273,0.49933564313445555,-0.48474487379890907,0.1370604720570114,-12.202199845067119,-0.1622384051850678,0.7023282330346386
3765,0.40451272458191273,-0.8160617680153119,0.4924653121005734,-0.2593622256999986,-0.020542756428371584,0.2349896248472656,0.6340302945776768,-0.39457598732754445,0.2367379687968219,9.371579860723887,0.999375480841732,-1.683201357112964
4018,0.3400036429478983,-0.3900464294120238,-0.4887116070783599,0.33373377958791145,0.08525798957539094,-0.7363029055989011,-0.5462833582491128,-0.6574272220993733,0.1210131232143165,-12.286191383848388,-0.18811207006095648,-1.5001062687856392
3650,0.6979637648050867,-0.09137457139125245,-0.19880454137827608,-0.28169776228697335,0.13355706489038408,0.370267751545966,0.7269888825459992,-1.0009858915278476,0.3206362034948418,-1.5458849503288026,-0.9520283220057199,5.937322801139098
3577,0.7631550653654293,0.4416306690476799,-0.06362795660876208,0.3006470610399241,0.04906668251245964,-0.44161587613976455,-0.6855269560259049,0.9332436298082868,-1.0960623584147111,3.3236342387679496,-1.1371575452560974,6.126946411424329
4333,0.48984742665969333,-0.7537555334700113,0.05061340150142908,0.3190410177281365,-0.031184230925142078,-0.1427591828339721,0.6232263244960135,1.14596761634462,-1.0692123238099915,9.376162916926571,0.15587797103978018,-1.638145600504221
157,0.7292091357466199,0.7135657339157306,0.02841986194553205,-0.04471209742180276,0.03267280296667333,-0.31858873044350666,0.5604750391839968,-0.48046472177938937,0.05941957753447552,3.657986081138831,0.17148038310579697,0.8600690114531113
1765,0.40066806816634365,-0.4071998429790155,-0.4795297647906063,0.26479138161946714,-0.00808684260083394,0.34245470054387805,0.4890761223355755,-0.6472449938091566,-0.9212488281773074,-12.217782919947604,-0.1760808920006578,0.67052682674944
4300,0.6158679414678427,-0.32290194203800865,0.11354498247046743,0.43099050883167983,0.2370883302181055,0.2951302025683828,0.6270600083811934,0.2573923188760132,0.6485058513969807,9.190118599544661,0.30020256098224657,-4.892635414513943
912,0.5138846617265148,0.4376827390314725,-0.3266361954426188,0.2909530677360932,-0.27910656480544166,0.31577415099451783,0.619277235941404,0.17024439150924328,0.5723755228600047,9.435339645368147,0.9792938890196724,0.5829232457931844
3762,0.43567373974951773,0.38337433708773355,0.4727047965064787,-0.24466821149639745,-0.3069943101801677,-0.192292555710602,0.6473471011158002,0.14520341485451319,0.3535943228372046,9.369727492449984,0.9507261740665601,-1.6827603796044732
4207,0.7539599728238108,0.7187437509567118,-0.197853834733022,-0.01324105369418617,0.0812666923228356,-0.41915592905670973,0.5651046804131242,-0.48903064591325435,0.05491660453346496,3.5133570296630636,0.2174940753979836,-1.632427350042612
2359,0.7674962389181852,0.45719520217855575,-0.26297346262695986,-0.2585131911888707,0.08065012709097866,0.1540664586448329,0.7325506594850715,0.29218022434452756,0.3559803641751374,-1.5214276664544444,-0.9360959693011855,5.9450231010045895
1264,0.6971014134008129,0.5081977737947351,0.5599262088523198,0.018978642580500613,-0.3222988548420977,-0.4313899109062345,0.5962523120634914,0.2525955488988235,0.23878065801235668,3.308422092020058,0.9851756866440582,-1.6934249850477514
2020,0.626866175712145,-0.3232504145859897,-0.13676403300680512,0.4330481789951686,-0.1378520316697201,0.2909576267886528,0.6465465033936312,-0.5103190198844937,0.6106085014305862,9.213551941625644,0.29607602331732263,-4.850380932068808
255,0.4493014940978101,-0.8035691708742719,0.46521411495357495,-0.2376112520462872,-0.07228769981918466,0.2052629049530663,0.6357746720231149,-0.47111638391660726,0.331973306983867,9.36023573874652,0.1064611833430707,-1.669485351618613
3863,0.5080501140266543,-0.7576299426066764,-0.46786802596092003,0.5905115067356056,-0.07396639196602049,0.39342155818436647,0.6094115864215851,0.2678748130095729,0.6062844207162514,-12.259711822092878,-0.12854437984265515,5.873413219253706
2583,0.8059186282040314,0.6625472519755282,-0.26413644160336536,-0.07739824798157743,-0.3423007657625696,-0.3500035792468756,-0.5986405285659477,-0.5232738850858492,0.18121766745874157,3.247989127543856,-1.193025878620461,0.8930361965577946
2980,0.6071746911371213,-0.31401179584048045,0.11747753295734992,0.43051824199292854,-0.07032251205020108,0.285474024547926,0.6545688650657329,-0.5253668209177843,0.6244134968006024,9.203790560861963,0.3024539629490212,-4.890950818294887
26,-0.5271675053587722,-0.6727283870285061,0.14113833560501354,0.5074545778789724,-0.02933166854181669,-0.5960439140901413,0.4968472257424914,0.3125765474948501,0.756849128475405,-12.186915361931113,-0.0857599798743789,-4.97664076045517
1243,0.5685693914229786,0.3184277980212913,0.12908693202894148,0.5825532759478959,-0.012650888826785563,-0.11407438738373255,0.7560901812845898,1.0859963463473616,0.4105783621239021,9.433434157504594,0.8741470486908768,5.912301271856338
699,0.5334437321872597,-0.3675419003809308,-0.11285021411382619,0.25874842948080207,0.35429034044748114,0.19774225183578126,0.6058175862135189,1.1971651084585142,0.329306990266779,9.481774699886042,0.9934872163395747,0.5984087685995392
1635,0.5079308619319856,-0.7731924345909523,-0.0726200011251817,-0.21385034613064519,-0.016183989322065755,0.22448038564531825,0.6236715832684697,-0.4642740298384266,0.37498109588536144,9.401697552426524,-0.11382704335470276,-1.6695054795504878
290,0.6566168932729031,-0.3017885121965007,-0.1465287980813513,-0.0012543774448873237,0.14494947202869196,-0.33775457751411675,0.5547836431470222,0.17706060964372214,0.07103070465350377,-1.6916960278179805,-0.10830716639827347,0.6059578014347939
1543,0.587299816956868,-0.3250389435829208,-0.10728716314764537,0.5149798871315564,-0.19478046997552806,0.15445664570688475,-0.6597246709695619,1.095056725409016,0.6002258131150775,9.222834983645159,0.9578851543644925,-4.8865314687788395
1883,0.4627236629886678,-0.26845325972754114,0.35188534281568795,0.559697345850004,-0.08892581290295125,0.17088751968636276,0.6125843628531245,0.2488120482650738,0.6033350489060901,-12.320128505174432,-0.12862793985152104,5.813814089536859
10,0.6181780464359633,0.4090863349827785,-0.14337918628117466,0.43147269778648495,-0.13043313867434586,0.2869288920334973,0.660041192326244,-0.5227780916958537,0.6225851021081326,9.217936144943435,0.29405605461083617,-4.83814521353565
1785,0.5017904193371432,-0.7524936292842036,-0.013596514284134921,0.23800295983088046,-0.023792077053471118,0.25411580991266147,0.5932871247103358,0.17155694139531644,0.1982155292649166,9.409760515490104,-0.12318071444161223,0.5494515816488491
1185,0.492197021855402,-0.20218229282692798,0.4204859270643318,0.5278888041673471,-0.04860040333267544,-0.3807626291219529,0.7015800678216672,-0.26198066612669885,0.24794518279533204,9.409091301100778,0.9054307517215329,5.8893751959918905
2114,0.6566038258108284,0.293961705391369,0.018245454447267145,0.4253351985074609,0.22414731835742824,0.17511935548115456,0.6271959902427581,1.1158129429178834,0.19678372114166273,9.210849848888339,-0.18834175908446193,-4.947693672897569
4241,-0.6783055265373068,0.6711432446010744,-0.4446452497039927,0.3568004369770067,0.27293200118331606,0.27784798179101516,0.5880620125191387,-0.56077551082076,0.30328223654378633,9.259270102891895,0.33480932148915565,-4.951053549575154
1904,0.502732270499153,-0.7559795160551803,-0.17313353035823378,0.22766314896628345,-0.005723330942396425,-0.20905255006922843,0.582504641079104,0.17991807067732046,-1.0675189206657854,9.451688418036996,-0.13762337744739228,0.5742215927538536
444,0.2596791796044626,-0.3367656400129602,0.49243909771669414,0.34210340935969974,0.18774477114755236,-0.7612721200390449,0.5201400104260527,-0.724198676481044,0.1879429248481168,-12.20215823280261,1.0319365616005711,-1.4991324530059853
3234,0.4747020340427684,0.41295901178096184,0.5302368299833188,0.4613330548397178,-0.04780797567312584,0.07470249582453316,0.5514591179431001,-0.6910623491820895,-0.983084068226904,-11.971167181401672,-0.7786843109079636,-5.12246758220484
2215,0.4018086159121158,-0.4116957718920086,-0.4916250398572192,0.27025118972677714,-0.022947634863549674,0.33265480826259974,0.4832412769918326,-0.6403832931359562,0.14674931371689065,-12.225683313491004,-0.1642376820065803,0.6784170013643086
1712,0.7457629249106019,0.4789471699475079,-0.023881397297324972,-0.021314907504847953,0.0009381330705752257,0.14532763070557755,0.5454382266914864,0.9950821162612785,0.6763169959722933,3.3199936452873064,-0.1148685766757213,0.8071877633729809
2643,0.6753942460820597,0.6472993078026289,0.4894903738638724,0.0019114232122599884,-0.3672153233850241,0.4081285664215049,-0.5888390345323725,0.24264382068427162,0.7058052843605936,3.1454049427134843,-1.157618988611664,-1.6165907786049594
3704,-0.474288798320316,-0.800750096883575,-0.08555945133402419,0.25644165937252017,0.3201013186674392,0.31397583899625314,0.5488991565389919,0.13916775331237638,0.22739776314439683,9.400486814475755,0.9977395968630226,-1.6446649019055166
43,0.42283270748087665,0.39267634765473974,-0.14603020097038374,0.33069805907383903,-0.29103362422490553,-0.35830130571555735,-0.621931734728769,1.1812928125406037,-1.1192264069732807,9.385418692174339,0.1532258597351647,-1.6685020436920517
3655,0.4481791685472151,-0.2492650517104549,0.3657259776572681,0.5390848504767013,-0.10201272279619253,0.14757028342995832,0.6099608690883602,-0.27882507767483056,0.1412553550846181,-12.267152110890986,-0.7053919359307523,5.805980451081388
962,0.7675714176244887,0.4762330859333643,-0.2991272685236202,-0.07688822113839852,-0.30744706246899905,0.17421371226178778,0.5796160501058143,1.003799734051673,0.6705784137674579,3.330922468659105,0.9703456166793031,-1.656009275305317
4072,0.6844445226938014,0.4699159129997354,0.5904860992007084,-0.07117000712017395,0.15206376751890793,0.1706536773287707,0.6372696408266526,-0.5563717663440494,0.22540610794127214,-1.7341683677683823,-0.07199433113162765,0.6554175053583984
2607,0.386047639350136,-0.6824481275468218,0.46534359048162793,0.2714044032034059,0.22725268509669758,0.09992649884189897,0.5401011830617234,-0.46732151071217076,0.15840589871226696,-12.153541556962102,-0.7232246759910651,0.6899153248872251
3954,0.47054020262517304,-0.7262219608635975,0.07871175859162811,0.6152313581454426,0.22658483307543528,0.19792058980862376,0.6138649182103236,0.79341065544991,0.17355988400265182,-12.287895160844505,-0.086432732724636,5.804732299108537
3710,0.6017419898434812,-0.24645513157923196,-0.28455082904503454,0.05866027783846664,0.1401238281775968,-0.4135751801409365,-0.6027187047050786,-0.9038752400905085,-1.0613368066711617,-1.5819633868182583,0.9131502783867091,-1.6421298383965397
230,0.6513064034922126,-0.26766247943673616,-0.28417957779028635,0.044015120627873446,0.17264280067855092,-0.42252162150629596,0.5874557549884409,-0.8572417008912244,-1.0156079320821167,-1.6843551318180965,-0.059404581143924835,-1.6524430034001758
1188,-0.7826439049826073,-0.11978771244887482,-0.14472484893256038,0.29890890374486967,-0.31596322311296426,-0.1556471678777805,0.6903327383413073,-0.2652437167893865,0.5518178909747693,-1.573989561765759,0.8267138970148546,5.845526695952242
2329,0.8148894049294045,0.6094750828418543,-0.27706538946463544,0.27561754978003933,0.1497154104030321,0.1439015499484198,0.69796602294927,-0.34126310928004144,0.0831459842309739,-1.5406091849617871,0.14407416916859722,5.916452836983655
3608,0.7774470981575413,0.48641448923314534,0.49330089484723105,0.30163476309023535,0.07419358629238236,-0.16229994434223904,0.7106207850671943,0.9860914288687502,-1.0478626179877941,3.332032631060999,-1.1196553245660024,6.158773138655319
743,0.36674828578255586,-0.7555745112103082,0.4303052162861015,0.3346323415135974,-0.0648974753633285,0.10830732231012194,0.5492231099666162,0.24049466606916736,0.6782022297540167,-12.280149166371903,1.0377819843497964,0.6179629171538169
946,0.6569435753415099,-0.20961355004739415,-0.12719479083691967,0.05326876829357451,0.14832197808001116,-0.20849843259884385,0.6160352132208223,-0.9075568170626251,0.6565671804699518,-1.6435967321984801,0.965690234388647,0.5812300930342796
1839,0.6092235614407435,-0.2102383291170173,0.2344900871381846,0.5231632120480438,-0.03982350977647166,0.1665378034314881,0.7326780054181744,-0.32588775056160263,0.4616501608578727,9.431843142319826,-0.10931827820551863,5.9335158834423725
775,0.3538649717940806,-0.3921751956101441,-0.4867907851317041,0.2980431116625592,-0.043183666009658984,0.3440785812320072,0.5029508105633671,-0.6991016807838589,0.14086263407667984,-12.29057821604206,1.0056784850339786,0.6510872385912866
3275,-0.9618503268866856,0.5507705618598999,-0.2163050653742419,0.20292901872510885,-0.26085936077688315,0.36944105982528397,0.55271315649078,0.9414345614752097,-1.0856755880707152,3.101155551098539,-1.2640567928313626,-5.46271151342853
325,0.4050887999690072,0.3831885804530624,-0.49395320448330376,0.29532103231734946,0.01003332935625366,0.14771336442959185,0.5003946495239201,-0.6409109459084439,0.10907042330534888,-12.39674224487027,-0.18896616027641946,0.6328615498243897
4047,0.36834040490394687,-0.7036978235472914,-0.5009349321976115,-0.3467541204563137,0.11085004530126538,0.3755127801438518,-0.5479203704386321,0.25561224477730515,-0.921561369586108,-12.239337726247706,-0.25973107438009096,-1.4955462237673838
995,0.7987163026080194,0.4867321295832522,-0.194833275762462,0.012616463291204678,-0.3067050412348836,-0.16047817301244183,0.5977376008715323,0.2413296592744099,0.7058244242615146,3.54813110793155,0.2143021825182831,-1.5737346187475247
1474,0.8226184731992976,0.47676805078400586,-0.07115631620675353,0.27161618630109646,-0.3317088046123777,-0.42378151655753027,0.6631141096725827,0.2482137700334641,0.6315017603395052,3.401386811633438,-0.03201774894229934,6.109725885446787
1093,0.4120673691365055,0.39124680832486125,0.46663276345424604,0.29773890408393283,-0.3160073724033042,-0.19724337371473777,-0.6552558943558122,1.1740310000315637,0.33481796777290374,9.355979313738475,0.9662184387820136,-1.6515722689366568
1237,0.8022554241779812,0.5135118783367543,-0.02214603218080084,0.2686891703506285,-0.34342994125224213,0.4131470614188444,0.7060236304348867,0.2824034896042393,0.08829461507930256,3.5463319834942992,0.9411257321513137,6.076504629221877
702,0.4598371215923652,-0.3786323451110245,0.5441251758855564,0.3062074517948923,-0.278750804760864,-0.2313052673871927,0.6322933041863114,1.2016803082819334,0.5445397813275026,9.408193634333568,0.9826372600613303,0.5952881705583957
2185,0.4018224607973673,-0.41166296705892186,-0.49159105015193305,0.27026221285669283,-0.022912859224983644,0.33268746264206883,0.48324995764481915,-0.640347696432948,0.14678442423540142,-12.225641025725006,-0.1641998842102199,0.6784516412817424
235,0.3827196764493282,0.6376097600438811,-0.4896365152541365,0.3072833686439893,0.06782404828262087,0.15941992391049428,0.5223670549591045,-0.656438175690645,-0.9632252468687102,-12.267025034538925,-0.16076588891477073,-1.485033116809466
3680,0.6979836918295226,-0.09132013608922131,-0.19875526628979281,-0.28162196707297404,0.133608310723509,0.37031358078401677,0.7270036150498224,-1.0009306621857406,0.3206887094371915,-1.5458361369524554,-0.951975720701119,5.9373725439319545
1788,-0.7200920018666869,-0.2470428812146802,-0.19156374286620076,-0.008063493323878873,0.11809834561774103,0.1774290146953722,0.5209230680602007,-0.7996863618394835,0.6488960221559981,-1.5069730965781039,0.05058507938332833,0.6238783679587068
4214,0.49788077352884264,-0.7688815804956203,0.0401619807998925,0.26088276013499795,-0.05656752838379979,0.2017786637565577,0.6034212160852296,0.15307860308880325,0.18196230660138674,9.356956315467393,0.10376650326928175,-1.633098355170606
1430,0.6175590259135681,0.4528946400710768,-0.04887376414731409,0.0230421264474848,0.1463838965056349,-0.32791076065591873,-0.6394580386569475,-0.4537703911337949,-1.0436289971543198,-1.658620623111121,0.9352000489143167,0.6623083998673263
221,-0.5329297002866898,0.7013476902706317,-0.398571244365898,0.20111748459101875,0.0025283749831471153,0.3081643114396916,0.5703851380419553,-0.5166376736464621,0.3393692706870275,9.431457756283644,0.20880745119916677,-1.6399989426127404
2690,0.595925063418701,-0.24320273654196992,0.5012928653713205,0.03466746882943503,0.04458554724786803,-0.21957511610709735,-0.6505405074110091,-0.4641529620622539,0.2537918238182339,-1.4545756883844725,-0.8954696268281049,-1.6247362264018526
4274,0.5949505222482225,-0.7107957711075141,-0.17910617725315606,0.46512406376124427,-0.1377206309307138,0.13341833820099377,0.6131006290885024,1.1247247792725692,0.20395349517572925,9.21048703279572,0.21865758924769696,-4.84753827642523
1603,0.6091698756853622,-0.3563751141745884,-0.13264384318520173,0.47932307266851765,-0.18565207433031206,0.16158739098521446,-0.6474625065705124,1.0890447733579594,0.5849071661177621,9.211328824993053,-0.18948038871617012,-4.937499004953361
582,0.6249433562424052,0.3420692483526083,0.02285378311395723,-0.4384392446992966,-0.21393740623532245,-0.19851125847041876,0.6825053801091591,0.25323946930150365,0.3397991500065011,9.214174335657338,0.9060310927743344,-4.8650558992166575
2149,-0.8321765713457185,-0.8948801828712711,-0.130754601919681,-0.1854398265506653,0.17967102228197515,0.18113257210484474,0.5641735164462314,0.3909865814423841,0.6823793807006632,-1.3398714873641457,0.09991662112153592,-5.01185790509659
2942,-1.0083662400324696,0.5773109585536048,-0.24351140675103072,-0.2680445414385188,-0.24963542836265104,0.08856368044871299,0.5330431602081461,0.8867228836515123,0.7428877807590338,3.085178867921306,-1.2397779466737806,-5.426807859902487
4030,0.5467997636336527,-0.37005784488440446,0.06458372035600232,0.2435988853628079,0.39098509183663654,0.2038694761871092,0.6250927482172373,-0.5133284485320635,0.5112024561834567,9.375903991002135,0.18549228298751214,-1.595908552915244
3125,-0.844609661324633,0.5421272335013819,-0.055931367803269724,0.24149909763906544,-0.34370312947120996,0.09882694699273814,0.6335489452610644,0.9016661634217026,-1.0681632320319128,3.2784803299412726,-1.1653135499452656,6.118193946291322
2738,-0.9014643473314115,-0.866817870627378,-0.15525417162825758,0.17588576925190283,0.018422683238973375,-0.30103418990922454,0.5363335058157699,0.36153311124594734,-1.0600101602074639,3.0602747465857423,-1.2562742495057961,-5.484095397908267
2839,0.6962841356573874,0.5040056185138432,-0.26133719354008106,-0.0013253528781232986,0.14680357304024094,0.40387646807986977,0.6211634709197911,0.23177844216945867,-0.968079016567814,-1.5873190759421232,-0.8931037438388428,0.6858684620529598
2492,0.8053388209575022,0.5036411500243468,-0.32175882460187094,-0.0062098774782108875,0.06100396967346372,0.32479594588442623,0.5787497944340408,1.045675409933084,0.2062000201155161,3.2424255222634857,-0.11942699198359255,0.8679284343820843
2525,-0.7624823746479655,0.6161360693277473,0.7109491273784002,-0.0661462743895043,-0.36183538942477544,0.16093335782691978,0.47550006861852073,1.050306457779905,0.13692334678333137,3.2635154736818177,-0.08835401814257901,0.8466466964763174
4385,0.7237597565197883,-0.29022293211093547,-0.12905596833981023,-0.01775387502440791,0.11030494377913665,-0.14949543307737753,-0.5690737102243443,0.2705255633669289,-0.9964574139326683,3.516948615239941,0.20541681320552818,-1.5623977430243654
3092,0.8332078248231847,0.4548691494499186,-0.32980759325856474,-0.2983205392278261,0.053775034038341676,-0.15728388769384982,0.7257723600251782,0.9288794967700112,0.3296842000755011,3.267441343541369,-1.1331702940391788,6.156986353911218
913,0.5029349972187148,-0.38002524116535114,-0.3398240944776799,0.2876155078898137,0.0029278159987310313,-0.26670588653490046,0.6160517213127693,1.1835215661567864,0.3244710186444293,9.468051521153095,0.9839665063906731,0.6290349277596297
1338,-0.7280504355955777,-0.2496611994938543,-0.3300016428205796,0.037189374695094056,0.08725771704670081,-0.18841373003242243,0.5919759171357968,-0.4560338071998609,0.6095855361728023,-1.5138124480603157,0.9214112978844603,-1.599134999682482
2773,0.6021988130269662,0.37044768902366776,-0.12922296282257115,0.45054860965808163,-0.21458730936598067,0.1514704501709493,-0.665351713662578,1.1061722702576844,0.32721686916966336,9.244748647382814,-1.1181270905143144,-4.941578656045347
1849,0.8147670182958949,0.6090523316371945,-0.277459172608449,0.2754397150716543,0.1493010636382959,0.14348412746773337,0.6978405710717758,-0.3417071869459195,0.08271166076257475,-1.5409785270681309,0.14364809894291877,5.916033371497988
3256,0.7246589358609378,-0.2114376598168017,0.6487035174483176,0.22237255570120235,0.1777987393058873,-0.3025885136411134,0.6234296362773064,1.0744140328853597,0.19964882169086604,-1.3784939461622454,-1.0437374998379403,-5.045566297068163
2895,0.5661722345274661,-0.3196225159889038,0.09125757190423749,0.45056786251701353,0.24401681056116623,0.29639749779114294,-0.6415440910062763,0.2815133133611657,0.6455054794536653,9.200463613362048,-1.0896668183820613,-5.019932071001564
2318,0.8265511079833157,0.4844811143328825,-0.03217752821967468,0.30780646010387497,0.09482506976176829,0.4209916674374504,0.6994249381547474,0.9819115342251957,-1.0483573485664452,3.4014634090771256,-0.05753359918443632,6.150012268698652
2653,0.40633877961291165,0.36454731246969574,-0.13310885247843318,0.29348614545166873,-0.05515204039791105,-0.19612453812447694,-0.6145424211140179,1.1348162873115395,0.22540360729756254,9.383850745868774,-1.0422704630843243,-1.6267646179467898
1827,0.42362057783143314,-0.7351379096737984,0.019789367358532626,0.6002430039424929,0.1963439256831529,-0.7602189012322516,0.5972872809584033,-0.7908396711803285,-1.0043421640233354,-12.301582803092835,-0.08020651439324403,5.836206583749306
2865,0.4575003594404631,-0.8081787460498366,0.48931987839317276,-0.25767454404920476,0.3443856941917267,0.2557470639369233,0.6067918175525574,0.19253704154096896,0.5421960749365514,9.415816066440101,-0.9667744024482497,0.5891935929139326
2823,0.7319675310647666,0.6426364777074172,0.542202219366244,-0.08939207680884219,-0.3364406868163495,-0.33259538687520956,-0.6005532932978055,-0.5214123014179552,0.16898722156781024,3.2421415901409802,-1.189890597291704,0.8943578689996164
833,0.5705783568797635,-0.674349875351008,-0.5126376691807467,0.4501725133102274,0.2045824111282638,0.05050424313994265,0.5768641659089637,-0.48440802520836795,0.11824109400039266,-12.0456748223836,1.0355819439248672,-5.085184486157408
1292,0.7394133802458817,0.4472958187821634,-0.2811360220293175,-0.0936465065483378,0.05949004109810569,0.15938962568983636,0.5773758738233583,0.9819001570281141,0.6847328206906852,3.31904211863195,0.9716412031494539,-1.652745667746403
3745,0.36045891777477684,0.6267678293852805,-0.47101345849101106,0.30238585689720693,0.025934593578526028,0.15941994592325312,0.529565204510281,-0.6988180958401243,-0.9681686032643348,-12.182127070797298,1.049110674694085,-1.4781420708336828
2304,0.46368827239836263,-0.24972975353897053,0.062493378426640205,0.5878116019450835,0.19193238033336663,0.22019455849747863,0.6568046398491107,0.7900674428770479,0.22050189495359349,-12.264707228275185,-0.735130903327151,5.794123199964544
3504,0.4331812222611261,0.39272048402899523,0.07455833401181532,0.6316756790396889,0.18391777204154608,0.373194245113645,0.6386967343056836,0.7845563347625242,0.611361373421133,-12.269240874136248,-0.7070975895836004,5.781865034657004
175,0.3906057205862607,0.3832136814443569,-0.4832481433667387,0.3173324486764237,-0.008357489775291304,0.3433266388435365,0.5041563914381308,-0.6475471531162142,0.11523937757847756,-12.380849612155124,-0.1652920581355887,0.627260612514152
1274,0.4656298389359293,-0.8093080315681509,-0.10958801542490268,0.2854011617427388,-0.008162393652051908,-0.16130760514225817,0.6097262645846492,0.1526638705718918,-1.0934987237062526,9.408191138301532,1.0459505165677037,-1.6455995347953094
326,-0.43791457830023456,-0.7012649961110285,-0.13494085980199028,0.3430438766970181,-0.07036448917833842,-0.694011963008114,0.5018608290537776,-0.46624660664431733,0.6633978725997257,-12.364561443935829,-0.20095589337289216,0.6409049657502638
1087,0.6590754634983675,0.6292746002628659,0.5625728578086148,0.04374081549868686,-0.3363979303200297,-0.40198161437862834,-0.575995780847282,1.0423940970696037,-1.06590509601991,3.3485664674520303,1.0129078458453444,-1.669815723594115
288,0.6740581521998048,0.4938506249733988,0.622088320650403,0.0075190371065927955,-0.28676925804139214,-0.27840046892242554,0.6590475896702139,-0.5343661511844137,0.6178101589472595,-1.7470990922646774,-0.07434011580074121,0.6310142796457997
1958,0.8283523237734415,-0.8837238272936578,-0.17916028333454725,-0.03283204109142399,0.1011661630552524,-0.21147917089069007,0.5670787512958388,0.2729991584362112,-0.9550413379960403,3.3057137786665334,-0.07488188456624897,0.843246784307331
3903,0.7974183435929588,0.6548088193001237,-0.34903229934846286,0.2673110040565575,0.05982223673337029,-0.3912479291036144,-0.6469392999232467,0.28171004940470457,0.09334673198233258,3.365136104388325,0.011425503277951075,6.164646556965207
4133,0.3592988748781009,-0.396728029554112,0.4916697602567421,0.29515385224282187,-0.053188089628368386,0.12514849906819236,0.5509784797538054,-0.6548583877180452,0.08630775724705557,-12.402770640357218,-0.15357929448010593,0.6571048809045977
1521,0.7600076038925877,0.47086818853174467,-0.20494311315138602,0.3327498404478979,-0.3399961831017147,0.35847023689869956,0.7311915216229308,1.013594460585342,-1.056266397687607,-1.5982939556688744,0.0724744315979603,5.9009712226652296
4106,-0.41010102402105025,-0.6891127341103835,0.5189487315588812,0.33892250687097497,-0.1579620879220832,-0.6870472352675747,0.48994257115717366,-0.44680715193063136,0.6449275410561216,-12.36011122812884,-0.17315931367688805,0.6384232215020429
1005,0.46252680702105897,-0.8079321179283254,-0.13756987481045888,-0.3240642252583901,-0.058340792421531236,0.21009565260983679,0.6108562509402738,0.1635110565355844,0.4875772114127578,9.361534848821476,0.05299161517066625,-1.6552752108634565
572,0.8711867565851034,0.4991956218786125,0.6284335617297645,-0.1803407497880143,-0.1855250691225882,0.1480107324879296,0.623182750547113,0.9982577727337888,0.20292303200905498,3.324064392427187,0.9168133377902178,-5.342705422368796
75,0.5599953861372624,-0.7868361984785828,-0.1587506358876553,-0.4842425439304615,-0.018240165774904032,0.2685461434807642,0.6285695886686931,0.2588970091154753,0.6038940024520589,9.1855368946173,0.19785799951703703,-4.870100515240137
2866,0.6073566876863913,-0.9433632033315086,0.5572697879721429,0.02774521324047473,0.1296664152867437,-0.28599556728576137,-0.6387773434935733,-0.5241645929301051,0.6323376891484637,-1.5267111656865384,-0.9447906977715608,0.6488884102480794
3024,0.4784903368512073,-0.3324002978380747,0.07317747718803184,0.4729534111103752,-0.065450185391863,0.09009099013256686,0.5392923004700115,-0.6987076743268233,0.16195103176280634,-12.221496872435264,-0.05156221278530182,-4.987154303588786
1917,0.40112048120773686,-0.6514786813644883,0.47106834130743597,0.2823745672091617,0.19298639498404144,0.32775959564730295,0.5101599150847912,-0.4657508204601789,-0.8820993044405687,-12.198595842432256,-0.157791243517401,0.6853322552477548
1990,0.6433841454269585,-0.3138571837378712,0.10349894039991445,0.4241251512665117,-0.1363734376204958,0.28271995896713076,0.6626241055335544,-0.5258863381450569,0.6187010165557674,9.19616575119935,0.32242931944077313,-4.868493523873559
3952,0.7435723331535113,0.6239861491761687,0.4555833023125303,0.29486353626709083,0.13561022069444809,0.18905388732821113,0.6684481062136912,0.26107725836377144,0.5714773812604462,-1.5650191654584042,0.0955658078496091,5.9006689785261575
3445,0.43971554910337307,-0.2562316645842901,0.3665749797691088,0.5525008251359222,-0.08071085733094639,0.1490061405396843,0.6310679646077962,-0.7531479660118346,0.22001911408459096,-12.264171101992678,-0.717463740775248,5.834564899708029
3708,-0.7157313077655217,-0.24281728782102188,-0.3530930343477971,0.0004373257327386493,0.08315449247501906,-0.18022068381716258,0.5804197474305739,-0.4447845347361808,0.14962359662333408,-1.4959719593667773,0.9117472896998349,-1.6176889630311582
2415,0.5427530886034833,-0.2349923138644567,0.38989296521066885,0.5328028882579113,0.28909634384848865,-0.16120742013619677,0.707878610795442,0.18397099032426947,-1.1126013620043207,9.414387930765102,-0.10038519254577793,5.987144995888217
3596,0.4840865690120879,-0.26140913523182335,0.09528622220077111,0.5729533912060011,0.013543789054257075,0.208131563154894,0.6433149304041701,0.24206313272322577,0.5907847405798318,-12.259149884852162,-0.6656162003917753,5.816316662056452
3705,0.404514150268438,-0.8160548576222356,0.4924726651064197,-0.2593524220719796,-0.020536903523754205,0.23499626259515946,0.6340317568047941,-0.3945692657373129,0.2367454406194368,9.371586347261886,0.9993821382369875,-1.683194784876014
4095,0.44051139189807303,-0.7911719946163449,-0.21298242720069233,0.3028588128630215,-0.06172144475714983,0.275337277313669,0.5978824855258011,-0.9196775355580458,0.5459256626855888,9.418247230643006,0.08848847492006781,0.44747443378851454
1552,0.7563366722594892,-0.9137654970633413,0.5695991974954093,0.23440519212146863,0.15010638539163013,0.3442778004709101,0.6673283699899111,-0.4810694097541567,-1.037678581995988,-1.5061960772220016,0.9316127462227317,-5.030859985333379
1384,0.7726922018276033,0.6837213563912227,0.581064565146679,-0.06124026990091773,-0.34800626885372804,-0.3395399950535007,0.5594221310006353,0.24680785905935412,0.17796592720730944,3.454390202516639,1.0021572260211127,0.8486857955194402
2795,-0.7580796376219853,0.5971402537914747,0.6911655626999754,-0.06748317523613238,-0.3621100162529343,0.14728673417915036,0.49546972878664497,1.0363654643011335,0.11513259693968879,3.1779076229847587,-1.1708554198188992,0.833507700333036
166,0.6639985677958564,-0.24908210892526378,-0.15131799913215016,0.0037507367723936644,0.09843533498766002,0.3464786090004254,0.6103807531595046,-0.8961726617592118,0.17875766793248518,-1.7191032438017968,-0.0945600814395958,0.5959487756646178
1303,0.48648143553234535,0.38370536323705734,-0.33623159607378705,0.3193886618273707,-0.0038386146752422273,-0.3325036320454263,0.62569272090068,1.177338616134495,0.3739552503991276,9.41485140148999,0.9827107669198673,-1.7017616281448593
3875,0.8356097075713268,0.5489946140475037,0.5088276383707997,0.2650149951323833,-0.3189451053138865,0.1408871835929509,0.6651250293509392,0.9552154794300622,-1.0605948293089207,3.394769226282467,-0.032061444084246195,6.139966030873635
3656,0.48569513105662976,0.3512158861339903,0.0729197951793788,0.5852218694657534,0.006984385270130072,0.19185034658663347,0.6506795233225446,0.2471844638306005,0.5889645028912202,-12.269423827923292,-0.658605979379804,5.820999622185972
985,0.3512311084498275,0.41327033464748214,-0.45814441856932514,0.3159965336461982,-0.01031186681240669,0.15998399264157306,0.5386637841578183,-0.6967912866937509,-0.9451604107270157,-12.165577876763969,1.0460863694492246,-1.4849203075052357
1024,0.670140313535876,0.6833954168665433,0.6043743711912127,0.04210486811438943,0.08116908569803058,0.4059537783458056,0.5526969722734314,1.0681118877831621,0.09592586532069247,3.5207188856944303,0.2457830211644492,-1.6138590658736263
2021,-0.6793334332018793,0.6789779560282418,-0.4213846362750607,0.40819520743040116,0.2993959408005087,0.11529307710425256,0.5730486760347412,1.1352592870671934,0.31495300524886627,9.270666039799536,0.32141086793701895,-4.9175628333709565
1654,0.9094920200137295,0.46572882557441997,-0.424072975467531,-0.1693862431771451,-0.22674512055228593,-0.2207506482031996,0.5850029342112185,0.32827113854184475,0.04905436503033449,3.1683548063341522,-0.09023048598003292,-5.411740876312602
3452,0.8223073084160819,0.4485227867763016,-0.3571514181350733,0.2996925492438371,0.03623816466742359,-0.17930019552799556,0.6917272908059868,0.9590992398495612,0.06415653780088537,3.274479457706327,-1.1690975347304209,6.1480561156983615
2081,-0.6795139719997071,0.617964394739984,0.04185332399835324,0.3668372921615042,-0.06068778871768898,0.23852615652744422,0.5917361538238908,-0.5404625783575773,0.18609655850233406,9.218881434461714,-0.20347609332747593,-5.007935772030694
3266,0.5202369290635346,-0.6490481314219562,0.11172894152455139,0.4660573334447452,0.22692625425098334,0.06987130739051557,0.580684787287601,-0.68315349204029,0.106690055975903,-11.973486433878364,-0.8291809482296084,-5.106458333221782
3974,0.5264040708462894,-0.7791689787849788,0.048203225378465483,0.2618566483059751,0.38300848897289025,0.21793105558858233,0.6036129563256053,0.14789949718170325,-1.052920662998042,9.377934946071058,0.11467968625751582,-1.6400219882696774
746,0.4324539730575409,-0.6957955959876153,-0.15008839970472276,0.30667860941382574,0.017169720620780725,-0.6719038081512967,0.5212865110369814,-0.44047462369908724,0.12979424294717556,-12.269402514539767,1.0083246454315704,0.672796893269417
2120,0.7745925367980345,-0.8903304780949249,-0.3265335588880979,-0.1881399259745042,0.05710934592799542,0.28336588779299,-0.6242388504189563,-0.8992558448378036,0.24808124715046198,-1.4375455018254681,0.0730755951973816,-5.0573784058314315
2344,0.8252373289483717,0.580335633891539,-0.07074352519254108,0.2566975577159762,-0.3565732715190649,-0.47995770997130655,0.6593554038646959,0.2455922692074763,-1.0644365478229094,3.330540297447878,-1.165727527212112,6.106267622616413
1828,0.45486200089666495,-0.7468651608842214,0.019431377191425805,0.5670533812035133,0.18428692973631924,0.10770059857984689,0.6052076916054915,-0.7854162590120735,-0.9916643676098017,-12.292821163272182,-0.08542576879214855,5.8184546749406785
2262,0.555335315161528,0.38799353621390426,-0.33819728676798066,0.5977309918205389,-0.25371423390795217,-0.33949698667814654,0.7151467812979788,1.1068409589343933,0.21988388045655669,9.428854425317034,-1.0336476180835739,5.956915964535386
1869,0.6092161219499768,-0.21026519268183272,0.23446207935791016,0.5231509490317322,-0.03984971930760254,0.16651108372125104,0.7326712224465457,-0.3259160220697301,0.4616243054059152,9.431817045378441,-0.10934481651417906,5.933486928889435
293,0.35176743227802243,-0.7191792370263912,0.4887269067004925,0.37580728915873995,-0.07782669082602134,0.36746734581273544,0.5241038049798222,-0.6724759909784709,0.6839330479807137,-12.359864972408122,-0.20598042514051726,0.5962886799265641
1472,0.8240146256223397,0.42495442724636845,-0.08839071492214629,-0.2821734694664053,0.028151798765019918,-0.16495388807481695,0.7049734559738052,0.9292236580482243,0.33212032281542536,3.387076174712056,-0.06416682106887246,6.104893937539745
664,0.780359523482105,0.5002699868184725,-0.3250640278719244,0.00018106257319090244,-0.2714836100658625,-0.37339695800902906,0.6111429266268412,-0.46557111769570003,0.7187694634027678,3.485623388142461,0.9886910811543856,0.8754036093031121
3575,-0.9473176396963835,0.5679258447937705,-0.37953005372781445,0.22014490659932417,-0.3605626250974925,0.07466434589248655,0.6279457776985304,0.9120841677191109,0.30909135318347747,3.1980866115012265,-1.198909833953583,6.143095378307203
3478,0.4769711343191915,-0.25295041541178814,0.070224748042631,0.5213757284116848,0.1713311051138657,0.12540570147715038,0.6377665261262134,-0.32459017420571223,0.2115420928492228,-12.28511874131554,-0.7416328644077581,5.760927917803079
3826,0.7441323554401396,0.4337381812675677,-0.19133566960482049,0.3006358542544259,0.18455849757606194,-0.15565454875006945,0.739118829334971,0.2702589094981371,-1.021365060703724,-1.5806851423463073,0.1559783379138018,5.944718603301
3833,0.5080445592662761,-0.7576457753306831,-0.46788221102720023,0.590505650954994,-0.07398174381245615,0.39340634851470285,0.6094071808402884,0.26785959768660184,0.6062692664301466,-12.25973023383241,-0.12856038507927925,5.873397795166469
1879,0.8147192609925799,0.6088873670742406,-0.27761283335146214,0.2753703210057747,0.14913937862781643,0.14332124226164925,0.6977916176591904,-0.34188047344933015,0.08254218050952027,-1.541122650511147,0.14348183924267074,5.915869689077322
232,0.7256458195926092,-0.9317368620749752,-0.3220333743312909,0.03566045547283055,0.0650213624169612,-0.1931432082037115,0.6670545716632543,-0.5005985445867298,-0.9574220639002895,-1.6919272153479021,-0.10941740595724543,-1.6366711484822813
2897,-0.8421150581208798,0.48742239806456944,-0.05865164537001113,0.10807028472702118,-0.19520923449562488,0.13371650287294978,0.6343662638288629,-0.49628743135040126,0.23525516890187878,-1.2800968542698457,-1.0084700548013945,-4.953076002482954
2751,0.7887368683053658,-0.8632619221096403,-0.14211983503029638,0.18748601326387793,0.14253660409989458,-0.18855260331394125,-0.655719621229728,-0.5516011963569104,0.20584758080983778,-1.3385801344072563,-1.0617335269406016,-4.985970216328061
1667,0.8362112557207627,0.3829731377833082,-0.11185687737021974,0.16604380032644847,0.039472135137131825,0.1467852704318029,0.6524479797616083,-0.8485248362039569,0.2097425298421819,-1.378263015483463,0.06398601716779977,-4.986625705508746
1206,0.8677308807844205,0.7028008914088614,-0.02346631207911953,0.3023817192525981,0.12414631094270343,-0.1255301274876147,0.6941333115616946,0.2916185595605465,0.6924030619330777,3.5866735795651725,0.9255532821982743,6.093079671438648
3417,0.5393686372884609,-0.6326517700607751,0.4780013369858187,0.4341232977915883,-0.00612405459408533,0.15452982649764418,0.5143352789362866,-0.4611176320303761,-0.9659958504301434,-11.92510929883135,-0.7659935912843824,-5.1044101148830165
1234,0.8019783880572501,0.48872285309352437,-0.04267869762513941,0.28871939924232914,-0.32428006836958706,-0.4418731063283569,0.683776925140629,0.25770333602868334,0.653799536386287,3.5511835895794612,0.9334398587817634,6.059035497812847
705,0.5021264061073333,-0.29755981591929315,-0.01948973658311128,0.21395548397361325,-0.02531459600076963,-0.1976994430471251,0.6244682994035996,-0.4515385077693557,0.2284390186862045,9.439665026633847,0.9860373079238157,0.5860290175404557
3824,0.4752377499417044,0.3245017867746333,0.4454679891564788,0.5437022672069793,0.005964378533722232,-0.11874939043874204,0.7108233355336941,-0.9749082487650411,-1.1219484001234632,9.431950876731177,-0.11238711412846969,6.017896373198299
3432,0.5922849496095796,-0.23942200376913172,-0.35268025678352855,0.5782433067115089,-0.28556354510575593,-0.33805723864171333,0.7168368803077138,1.0895387191445371,0.45153329518009244,9.428652187223078,-1.0340910256807114,5.947157310287499
2404,0.8496617467002057,0.5910985610691182,-0.07147651603976372,0.25613138586518736,-0.36431516533091096,-0.4335584018277027,0.6531245401571518,0.2463483945883056,-1.0733143560499838,3.3969741994032274,-0.008702986991491954,6.116199890715469
898,0.42891268618497047,-0.2883407487809375,0.12483525316122424,0.5233026360524324,0.18510504465143363,0.08710710426607893,-0.57811375509713,-0.7264136230011602,0.7344315786215042,-12.156944000779392,1.0340817377010172,-5.034757729625931
3747,0.3664801005840477,-0.6941066475102492,-0.47836094314659533,-0.3722681742743761,0.14608872932806846,0.36320741184715044,0.5305457140854801,0.8403843683267921,-0.9170724690833317,-12.123509477083308,1.059739259714756,-1.5008717245928203
3979,0.6567103617949308,-0.9126641999421391,0.5162141533943257,0.07773583181729163,0.1892776000413574,0.3431083432525321,0.6056531225969707,1.1339472814027898,0.22595025958540352,-1.6716285804961712,-0.0411677189264776,-1.6410330715838892
56,-0.40655501133608757,-0.7346298876121896,0.17396329396797938,0.32985062443522295,-0.10381802306561823,0.1398700767092978,0.5269171082101383,-0.45330975984111316,0.6497970645535944,-12.243480250488455,-0.200043386216095,-1.4314228009563226
3944,0.5749260030793771,-0.2017658426053239,0.20544789082511045,0.521480412551316,-0.03224918752881782,-0.3804259163574025,0.7115367303776219,-0.30678097109028896,-1.113588796161416,9.442183743775045,-0.10610905811302904,5.952262473129982
2364,0.4332513428741976,-0.23863183700521218,0.055690922403856626,0.6002754442293767,0.21646016027825327,0.22716800214914462,0.6393227992905094,0.7884827336706918,0.17435022576664683,-12.281018825019244,-0.7389008696346718,5.785980595205076
2938,0.45711160953645247,-0.3171864816869481,0.5198911421300153,0.4888413358559893,0.20404020976959736,0.07012922060320534,0.5790684813999283,-0.6873956923324474,0.7441989439043027,-11.99516375519305,-0.7894026420767235,-5.136244620493642
1153,0.45961440236272993,0.3959230466189223,0.47651243036008,0.2890190339598504,-0.30488469318089667,-0.1910851765874663,0.6461248532641934,1.1931261735037708,0.3294302687643308,9.359911852406439,0.9679295237994024,-1.6599823901259103
3866,0.4935718952341233,-0.7387144285901254,0.0892958118237557,0.5706227271895781,0.03207656117206754,-0.7202272217893219,0.5960467552960945,-0.30687852433950424,0.2604661833730733,-12.298547481436724,-0.09446321782741628,5.789704476933568
410,0.7013972747352922,-0.287346632269697,-0.29208260617858284,0.022852909818257956,0.19489529948117887,-0.4109808374037443,0.6161090306156219,-0.4801555442347313,-0.9891005022585018,-1.673746074583993,-0.04896362150388828,-1.6622072191970523
4386,0.7443913413534934,0.5085890947538713,-0.3525027302599047,-0.01044888671203149,0.08711566314217001,0.4264292271018652,0.5669066306113911,0.2641353994685965,0.013378208986154938,3.4705224558561456,0.2495042150905968,-1.6211657562267745
1646,0.3621088158698555,-0.6882131827383826,0.18703699698178888,-0.29929025965570266,-0.09016944275382528,-0.7370372612322577,0.5114878981662148,-0.39280118582927126,-0.9370976681883842,-12.117184569614768,-0.14061581573398046,-1.5146964666813316
1514,0.5440805546476092,0.2949634552814326,-0.34282847554412177,0.5572561282981495,0.27606974120726446,-0.3385890819545715,0.6930630753583029,-0.963732797333442,0.23948454893775323,9.427151023551216,-0.0753077065246699,5.999530781889679
1684,0.909350742943796,0.4652886070129439,-0.424471157116029,-0.17013945575220082,-0.2271824872451919,-0.2212474339911657,0.5848504352309054,0.3278191938242376,0.04859379574626986,3.167929338261562,-0.0906383850823872,-5.412170290842599
2391,0.7604430335238174,0.472398166446536,-0.2032161130316176,0.3334410762116644,-0.3382507728805291,0.3601207323180269,0.731831684512444,1.015160460621939,-1.0545467142646539,-1.5966562448895698,0.07416945265246422,5.902662210303935
3862,0.8172565845826663,0.3924450782440055,-0.05331973999223746,0.282549452302614,0.025528043836136913,0.10821452358071394,0.7155269675424637,0.978801143064001,0.3310854089553518,-1.5457196369984936,0.08436707547781533,5.89590469542969
3598,0.47894379710648755,0.39315903015977083,0.3548790668200965,0.535015445571377,0.04424402213290121,0.16163354768640087,0.6264035476988398,-0.34718565007635377,0.2296588852304362,-12.267974215236478,-0.7071459764421094,5.802432013791856
3846,0.7974627666758216,0.6435463552771487,0.44279069534722026,0.2888634021576251,0.07195115519311558,0.4044612655103234,0.6866488768070995,-0.3409096069225265,0.6694412735304383,3.415749265312796,-0.05493661850440244,6.138929395163724
1778,0.7708379291211521,0.5070183981579162,-0.019726018630982098,-0.05792638091542819,0.07828760619284252,-0.21626681824270408,0.5830343123945192,0.2602238865994344,-0.9858432102479234,3.3410131507820235,-0.08074591635190649,0.8541331202989176
640,0.5387725935428007,0.7317604306865413,-0.13988732910398946,0.2586867259923117,0.3674392871904766,0.23411964629699095,0.582436929684262,0.1727545851373149,0.5978762276182663,9.468987518697752,1.00486315180649,0.564877924673149
2589,0.429137944365756,-0.34577600837063843,0.5248179057907225,0.19901873270057466,-0.03574369161130635,0.3008179258481405,0.6062364564731106,-0.46701813261629876,0.2265806842485384,9.434076372546627,-1.020573129243192,0.6220692229469782
3355,0.5312742685309352,-0.3519202228139323,-0.5298933641807283,0.4458365212877482,-0.062267399762469776,0.09033200988162976,0.5777828036427923,-0.6576175397227123,0.11299112866179445,-11.977095565222244,-0.8231683707507094,-5.166633936820367
3267,0.5388048164872524,-0.6273417031199806,-0.008290292556216779,0.4714181920283798,0.2354843457511476,0.1251303687122647,0.5461843700661789,-0.6851682154642528,0.1763236807358302,-11.970356622918107,-0.8047138491328855,-5.102847244308403
177,0.42071411395416614,-0.6957143871127838,-0.48456625632878086,-0.31396670531616827,0.14661676041743252,0.36125864574155453,0.528357674083949,0.2654108681428652,-0.901799468582736,-12.350456349563673,-0.25541307078649034,0.6238396577217808
1385,0.8129977767986303,0.6714346594888345,-0.34471754597960325,0.012860830862502903,0.10244237209397289,-0.20068556186955025,0.588138393534815,1.0170360037445298,-1.043815211399278,3.435022020224616,1.0189053831286683,0.8441610053157076
1506,0.8116286950373985,0.6576439727485339,0.44661925625482823,0.2790838666936198,0.0709870684549826,-0.15736906203320947,0.6992052414065134,-0.34369144305095284,0.6591026336042114,3.4333991869255085,-0.04608554824303406,6.138977176916625
1432,0.6705696043943676,-0.27482943340170757,0.5846436899544997,-0.0036908909429471505,0.10557795543982097,0.19967654793121445,0.6049169580958657,-0.4766307223348695,0.6398969137120261,-1.6382317731598004,0.88721382033823,0.6587291609470094
156,0.7778398263083852,0.49781303168175534,-0.3430655503027742,-0.05771961669994754,0.04266120094366923,-0.2360927771678988,0.5727151943802559,0.25240647807300853,0.0339353240964884,3.6203135241298052,0.22519984344798022,0.8392000246828174
1285,0.3515323851167871,0.4142143260283642,-0.45715137222385244,0.31631417040266996,-0.009372769231644656,0.1608714711160052,0.539054186079022,-0.6958268171051903,-0.9442772606196772,-12.164536869580356,1.0469568232505162,-1.4839934464712332
4338,0.6628694676044766,0.4849876457853352,0.5592265077881109,-0.006989180833286104,-0.3066204213439158,-0.37546715486748466,0.6486724665954792,-0.5204319828561311,0.27581813361914875,-1.6256938639522414,-0.04962760627611027,-1.6803006742596491
1240,0.5996195791920534,0.6708143875599579,-0.178984004584144,0.5612747227903947,0.347848386532972,0.18199605453311804,0.7220354369915691,-0.2799061932330267,0.49416319652842716,9.457211942678901,0.8924752846874251,5.831378409386278
948,-0.7502436140250679,-0.26990281052914283,-0.32481364822339187,0.0128271370209317,0.08670979771980333,-0.2368763714645324,0.5831471334587853,-0.4726797915425555,0.6382991559023624,-1.59843617807813,0.9116220835051975,0.659587673271024
2590,0.49466917603117944,0.7413630797886303,0.05165065346098542,0.21776352495587387,0.33938069245476116,-0.21834106896880806,0.5855713380162612,-0.8666416333739676,0.22622700929250122,9.457038944239535,-1.0539574664703715,0.5742961196595978
3461,0.5915259192557919,0.6248742566915856,-0.37574922878611766,0.5561883403181519,-0.2907919584982928,-0.14782551122084356,0.7089821256313861,0.16898170153416003,0.20135958397530512,9.428340170816593,-1.0429473027101694,5.959885555794355
3657,0.458635628669351,-0.7369161923633273,0.06886420246560138,0.5715771668851249,-0.12172141862202968,0.38693447048933943,0.6162111092531408,-0.2736799252668666,0.12929843512941314,-12.229862356369807,-0.7156486111258811,5.791539948035661
4248,0.7897683468906612,-0.8848980162724382,-0.35892305913096156,0.22085811482530904,-0.19022274279700485,-0.19868643077246426,0.6186998062563449,-0.9025018700663118,0.12887223470634068,-1.549452089778087,0.0015730560993511276,-4.906077624387482
58,0.33339145570905504,-0.6993151078509195,-0.48294479719463734,0.39446582814188813,0.10153357701594677,-0.7615213863670827,-0.5327933144607342,-0.6674696481864231,0.6362416906028047,-12.254003446978341,-0.24118806777031335,-1.4920636933902771
3865,0.45796708108741396,-0.2687841512188909,-0.47714706023994136,0.5690725424666948,-0.010264090977178553,0.36923657801511484,0.6040108075869474,-0.7724138177105824,-0.9774467489151116,-12.28646060480518,-0.14274686932614816,5.886627145524646
3556,0.7691307475369243,-0.9731520792016506,-0.2891057266319519,0.31163148698786486,0.1617675568244893,-0.143853526621624,0.7465249230838161,-0.3196827751180396,0.13627410564981002,-1.4988851586148877,-0.9651381636430041,5.993408177366532
2419,0.786693021789729,0.4329312882640051,-0.2585232412563788,-0.2652625325562698,0.11515987929993578,0.16410435760810227,0.7215778959203514,0.2973575170208544,0.3589179966648513,-1.556919826308988,0.17028493504723932,5.955982830387385
2439,0.594976344171818,-0.20111130703886504,-0.1944186904615638,0.511154626194898,0.292746817344146,-0.15718007909278717,0.7176872194485839,-0.3157532505618756,0.24865089744179725,9.434868778260025,-0.0959600413974696,5.924008853449557
3602,0.8540145252713314,0.5905348274661862,-0.33726137674029827,-0.30598883719909503,-0.33820399855974226,-0.41765175229823204,0.6691532181303537,0.9299163745697268,0.3553395250297159,3.2690403023621246,-1.1765722854500011,6.1256433312698935
687,0.3699787521655993,-0.7041065860353237,0.48350462235251324,0.2873561847934508,0.21866587871230148,0.17087866014107725,0.5195594746263285,-0.4329639929825735,0.14309379340751152,-12.28545734093659,1.0183793418943747,0.6590570653791772
1105,-0.33128607272963984,0.6380010954875162,-0.49021796599655,0.3090950755286321,0.04205051113555777,-0.7530902404070217,0.48589536483557316,-0.6790075500419837,-0.9552615835759685,-12.182788701609267,1.0730734069063341,-1.5073836498514672
2870,0.5929265488254988,-0.9454711972394461,0.5383542621572592,0.020987099677083853,0.01761517157931019,-0.31856576845516305,-0.6361207761769687,-0.5030506630903362,0.24246438513211213,-1.5129462513767198,-0.9090795035807793,0.6965232805699909
1780,0.5640791451178055,0.7264009451207302,0.0002262433740134352,0.21971613397215534,0.3756894571031624,0.2676654613522751,0.6033969332992085,-0.5382559901812023,0.5693904208250551,9.438606914276074,-0.1819388824691759,0.6144580686450336
1346,0.3392230773764367,-0.7172066762807503,0.19159257943892014,0.34009507255450905,-0.07759775325135013,-0.7506692127771747,0.5110939929319888,-0.38295433896762343,0.12593385320681272,-12.182355070407533,1.0517501157436573,-1.4935736184395088
2867,0.5757066139253072,0.4490084588029572,0.6712308421177363,0.001457203973665592,0.13852453535451886,-0.24982317122133696,0.6263518790256941,-0.8968295624108904,0.18151954320602678,-1.5310695489473316,-0.9669946222991739,0.6365828168396875
187,0.8199864017859343,0.6814465135446767,-0.11297986395439688,0.17499927120080594,0.042000482324602365,-0.22719840978944916,-0.5506156254278467,0.38418681185471026,0.07587636213942453,3.560263499019947,0.30251379765763853,-5.288526717301186
2225,-0.7605410571957713,0.5566574964906084,0.7273714457644349,-0.05999576479455588,-0.3359467147885544,0.15414450690494397,0.5193389122958987,1.0565269502107084,-0.9601850348690281,3.2513269227511814,-0.1096027570566687,0.8490479033135025
2668,0.38881605209181785,-0.6977951678442924,-0.47822909804100927,0.3305942610304341,0.16045860027997583,0.1416218943753745,0.5574032552694663,-0.6479517937330098,0.6490529802191053,-12.006206987377467,-0.7096220087631159,-1.4374707644259295
3394,-0.9798254787974815,0.5669528534235146,0.028808428576845936,0.16800515715922726,-0.28064358881832036,0.34593573422228047,0.5536912312480455,0.9530219183592312,0.14911973361356973,3.065518358892889,-1.2891946650024186,-5.424568135953049
3942,0.5919125241420328,-0.2301639389781071,-0.3746959496908782,0.572131960120441,-0.26259572821290605,-0.14051512530130367,0.7297385578387396,1.0863605653503219,0.2586178276749646,9.404604255066825,-0.09344722686185215,5.9727899692831725
4228,0.2790974031233233,-0.6949089731698739,0.47974676158275714,0.37921870652203127,0.1545016036375206,-0.7554766872455858,-0.5196544063781898,-0.7085003331859431,0.183335833774471,-12.266489613672977,-0.2161095441022827,-1.5047777803096638
3022,0.7166455610140385,-0.8943530526074412,0.629917897700626,0.1962493123139288,0.10709490877603842,0.12530250794557343,0.6193028634714192,-0.9392089294474635,-1.0588552020952264,-1.6168352977780989,-0.04407670913665958,-4.9672735020212135
4341,0.6752394846836114,-0.9150820801406061,-0.04995620049099553,0.04276371338858411,0.1969516514874872,0.38006912409129046,0.6359022372136648,-0.4684247090421886,-0.9611233278678531,-1.6823047050018296,-0.09979758771532571,-1.628893676861331
3663,0.7848000648263808,0.5686163052959359,-0.08344909754799677,0.2476344598931208,-0.3754445129864542,-0.16770275903805085,-0.7193290989746407,0.26417050744800497,-1.0978611336294617,3.3552246374549037,-1.1650352859270425,6.083002665472113
3754,0.8038200344419312,0.729777061329417,-0.24750685185137045,0.02330566281115802,-0.3467673370554889,-0.4416470899961832,0.570110798970681,0.24688529527168127,0.25091742726599886,3.3327016273168324,0.9992266048185396,-1.663078540832707
3425,-0.9031238932782585,0.5864387544609458,-0.38415543935832647,0.27148895750203317,-0.3388143029644947,0.09110983085317179,0.614007285942031,0.9078643607484532,0.6377691580910472,3.237817493465202,-1.1672866767233616,6.147006901147903
2680,0.48220151060852123,0.7429538445414389,0.08195207262970347,0.24214427733174734,0.36422206020749787,-0.1873980420079779,0.5913717982148169,-0.8612654799399373,0.22501098376580556,9.39011151451785,-1.0639517073207043,-1.5976482162501286
588,-0.8178590341441699,-0.9231091226327255,-0.4015131413153472,0.19448815564967137,0.04252807319174336,-0.2733296163608315,0.609307846799249,-0.48930934005345783,0.15743200546316852,-1.4214133820216794,0.9033644565540354,-5.03193187139447
3776,-0.3924373621153551,-0.6909976650352956,-0.1489873976578946,0.3170152721149484,-0.19461938337591317,-0.7461294879616354,0.4810688986708371,-0.3851445581045324,0.13033830278863442,-12.140074908788742,1.0460678579046276,-1.4917663519167366
67,0.9124781334651229,0.6935453708541994,-0.3994149932651072,0.1371267713769926,0.04618555273070426,-0.21024773390526225,0.5862802080498697,0.37728792630247887,0.23970620036196527,3.493788508417979,0.3340381452680252,-5.351886505901764
1055,0.7572803584801266,0.506395666074093,0.009315058260549779,0.0004528242647287587,-0.31195766847468687,-0.1747927719890126,0.5957895863189762,0.23691492642628292,0.6965712118827213,3.5589721753917023,0.1939876893449385,-1.579323647348759
2709,0.5672418300194694,-0.2751667148691128,0.07291511482218999,-0.45078353381393343,-0.06114873931894317,0.28184261168821556,0.6353250242666129,0.24085618173271237,-1.1475987178060778,9.227353159153477,-1.115487205992646,-5.035579418575927
2837,0.6606591600760788,0.4617092924924116,-0.2484866958207137,0.025851754122084784,0.07552184964382438,-0.3459896067969949,0.6229514658569626,-0.8747716159012581,-0.9928785381655463,-1.5585431543954613,-0.9803058275101604,0.6450833855764743
313,0.4944903741199293,-0.35769410592225315,0.027613317787086842,0.27562024533430657,0.007317846102861719,-0.17183377233212246,0.613121438886036,1.1667353521957,-1.079637643731826,9.443826060918466,0.16314001438260808,0.5757297714682587
1314,0.267507130814122,0.41824705374652626,0.49822458316558665,0.3619593074050749,0.1512148085546449,-0.7712932611913298,0.5424309160985246,-0.7168713673868002,-0.9262468335462039,-12.196360431447808,1.0641040812896034,-1.5033121941450418
1811,0.6345670029006008,0.6211063766185164,-0.35367050112649073,0.5179924990895238,-0.29137510292038626,0.28740301318138867,0.7342507030334727,-0.34271085815355984,0.4477841151400315,9.443531274390635,-0.08213035255774975,5.96304341872959
3302,-0.8843172670588875,0.5949646172657406,0.6289886726945629,0.19797374539844098,-0.02538463866685418,0.08382924537878317,0.5223879639962309,0.9333874973117222,0.7842383928497905,3.081899322038697,-1.2405745862220094,-5.46957812703758
3247,0.9101749440528519,0.611227285533129,-0.42021506238703943,0.17201728971161204,-0.2373214858193251,-0.30151362019291994,-0.6206590073517066,0.9960581866101058,0.1987161942903229,3.1319746632695864,-1.287850568887571,-5.444857075484209
2619,0.39067201236050664,-0.31702814137749386,0.46489853978759194,-0.23582679198522272,-0.03780154324847954,-0.21221720094510754,0.6186818349738458,0.1353984554961725,0.2433132420588183,9.369040021038586,-1.0349347170850574,-1.6461784272724278
3201,0.7521823841965762,-0.8659149405811842,-0.10938461164615626,0.19429143919281605,0.17031690261311794,-0.2779371796651793,-0.6492274679151564,-0.518488062644219,0.17443323089632945,-1.3575571147486523,-1.058866955674956,-5.0102672261432595
4142,0.7550849055402953,0.5187518332547814,0.008513605901966046,0.026956077190104916,-0.3030174305532226,0.14930030021876117,0.5655323306902542,1.049475934370714,0.6904813633618867,3.5274523723714593,0.19076136448641343,-1.6108091377009197
1475,0.8738725288646148,0.450838152764647,-0.06519632268282946,0.2665329584085647,0.07455487408822518,0.10420982284797915,0.685741148553412,0.9257021423319253,-1.044581464736964,3.377890519798257,-0.045280073738538824,6.1541396532312005
1419,0.4912021625041242,-0.7980193241990384,-0.13875161658527657,-0.24249205111176192,-0.31835699202354256,0.23324803609007067,0.6086651167267856,0.17952347659791287,0.215597731615164,9.443258923861963,1.0080157147514155,0.5520074937863153
1426,0.63891436124227,-0.22075101260661212,-0.11135220511403734,0.07188559183940296,0.13363975998495636,0.37305705507202974,0.6054417179486281,-0.9290124714648097,0.6705151166701336,-1.6360164439755234,0.9637987870942757,0.5898234061525007
3395,-0.9625756029561767,0.5813452509749941,0.01674272966953302,-0.173303767780405,-0.2490753698542901,0.09859190348264993,0.547035854343269,0.9249050721915123,0.200485096219945,3.068178177018693,-1.2600530255856475,-5.390930319758289
894,0.4765727103489423,-0.3028448254899309,-0.5348891271541608,0.4944316764139744,0.21821907706858135,-0.5725748642392605,0.547843998661243,-0.7155218347238052,0.19628387107581335,-12.124751942253434,1.04857919373343,-5.066843070917976
3935,0.8355950512865785,0.5489377977752151,0.5087686323451013,0.26499388142123,-0.3190011645747192,0.1408283116083694,0.6651077729773189,0.9551631521105258,-1.060651046364962,3.3947173199663645,-0.032117895430327774,6.1399115585218915
1699,-0.771341403108219,-0.23505055930892088,0.6452650129228099,-0.1044341247421991,0.019297021439901724,-0.3329535848042478,0.5638388211347312,0.34548412561231784,0.21617684874316964,-1.3764532939404315,0.035975439324256474,-5.066190284088887
4076,-0.38572948293137277,-0.7117103762385398,0.509626515875647,0.3475607298704962,-0.09227119984681685,-0.6846226806472303,0.4991468516719042,-0.45470762844995005,0.666020367480628,-12.36343246326775,-0.18499655797153614,0.6321541832414993
54,0.3507401124861913,0.3700827714837073,0.11283761065338452,0.321061863502732,0.041957164097094685,0.17406041167904968,0.5080808284722692,-0.6576052816383684,0.11071766991137783,-12.297989461732495,-0.19148004211330544,-1.4753903605300858
1746,0.8310712899991147,0.5190596067860017,-0.3440462077038048,-0.06771494707404757,-0.33422359922340783,-0.23097099729937254,0.5643844064606277,0.23414846161985073,0.07603121400111541,3.2973724684294026,-0.06996927258024181,0.8566819437327357
1731,0.6969730804175914,0.4644467262624002,-0.16259462430882646,-0.0354369632456298,0.03129709200643795,0.18249511051838832,0.5951434840324094,0.2543246134881531,-0.9818083054919079,-1.5642069535866938,0.0546186626920331,0.6294751987816416
3112,0.8296673976617516,0.608297960888873,0.00970122302486997,0.24488826298727262,0.18444847674632986,0.1485918893675194,0.6947117880492754,0.2749241728570503,0.33587003157911793,-1.5022398153567236,-0.9374722429261843,5.880879803430492
890,0.6266649799882648,-0.16866927844322468,0.6421132930960445,-0.19871992465568458,-0.011467288994667871,-0.306109348971078,-0.6101836810223704,-0.9548299990426291,0.2147956970900548,-1.520520771790223,0.8784134214751168,-4.9908512262794344
3823,0.5100472111955308,0.34424297467561277,0.42251552456941893,0.559656508552121,-0.009005942990389496,-0.2871475554978255,0.7109524648779834,1.1070453829050624,0.4070250302507139,9.407737252709298,-0.09495773026067122,5.966100132348689
1456,0.7587047834708707,-0.09017664859537101,-0.15965228374528725,0.28962441961511726,0.21950961413731968,-0.14428967292340486,0.716654213922363,-0.3086592946516511,0.16280789482120733,-1.5410210287059203,0.17011203567173852,5.908876713697494
3795,0.5206620024712997,-0.8295650823395408,0.3920941432284405,0.5471703362415756,-0.030448878448435492,-0.13482731648499902,0.7048495407161175,0.1985556021222536,-1.0958039172996195,9.39617480005942,-0.0875374209128624,6.016911208887019
471,0.6932903952239265,-0.26295114708278006,-0.07728822014899521,-0.03684580317449159,0.10723953756086366,0.16450292598474792,0.5862648788192029,-0.4364945666972415,0.08814314568120418,-1.60911523879382,0.9079702429594433,0.6424783179903708
2,0.8341607395505719,0.651127743971857,0.6352676044723015,0.2206778146204834,0.013377107760425274,0.12666157031842096,0.5647714430234015,0.998672051521734,0.8254244967774116,3.554341927434039,0.32076886166571283,-5.314571119235651
2712,0.6156383362943767,0.5920654955534252,-0.15170844746522916,-0.47568837385990576,-0.2239636323741731,0.24436937692201274,0.6453002421168229,1.0930853189346819,0.32307562534616363,9.227502608753607,-1.1182985491305564,-4.958231118825267
3351,0.7923833464551023,-0.2281611326746869,-0.10057841281972628,0.16977174205833812,0.07661445713752595,-0.23027035729607961,-0.6128256184415543,0.34435426415589243,0.21402791320223458,-1.3374697525132633,-1.028633683033202,-4.996899239205146
3430,0.6078485052946616,0.5883452584059291,0.23636575356216133,0.5356849648603734,-0.2779391845185267,-0.10750453696187402,0.7355245415478252,-0.2611970870366094,-1.1033317128424323,9.457993202891597,-1.0173269211488956,5.940961376691111
1086,0.7717055443770182,0.6898384562222339,-0.34425829961803195,0.0009404351464839493,-0.33234557510261603,-0.4548155531976741,0.5701676240254105,0.22894887388819946,-1.0206811386294867,3.2896586366448317,1.0167089924916946,-1.6921918656662227
2261,0.6204712871829012,0.63300744708157,-0.35938969370393775,0.543278158274884,-0.30327117997267933,-0.1230050154563721,0.7224257976178585,0.18222067782053575,0.45343919369669367,9.438405140666097,-1.0332850777319622,5.96288459303225
1412,0.7925860822400437,0.48319847211037237,-0.34197591915810865,-0.06371185506815952,-0.3026626576838347,0.1494161720781813,0.575924808800392,1.0124220815874454,0.6974422045009022,3.4617087546432077,0.9595654877589025,0.7990779683521583
196,0.6370321358561941,-0.17604405651699903,0.646012262729859,0.23110300912830545,0.12938473957071525,-0.2918293720086028,-0.6219332996929241,-0.8782247336008701,0.7234068894518073,-1.6073509928300547,0.031211720018868773,-4.9458776735381
3531,0.6992507209955283,-0.11542445505019215,-0.22308815450507508,0.26012623735989204,0.1603820677897841,0.15951761834653258,-0.6966043629314793,-0.9990904697368513,0.35083823740080416,-1.5087589846069558,-0.9463352584860234,5.892663033871816
568,0.47016026670061684,-0.305375927657492,-0.07711140533989676,0.509573724890318,0.1845340564368096,-0.5770440893714557,-0.571467490908804,-0.7262043003430365,0.08446103141119052,-12.152449747405718,1.0334966318489702,-5.050590847719662
1429,0.665076640864847,0.44787107232280937,-0.2567646000342649,-0.033316915252659826,0.09824662955045724,-0.32926468645899726,0.5990508672789365,0.2142017228154158,0.07250197594981876,-1.6331106583589685,0.8815926088782119,0.6563249013017142
1626,0.7936443703191604,0.6707443020264146,-0.34284467564736215,0.02106861057289321,-0.3459792173923739,-0.4337373078479776,0.5463585832657019,0.20992134628527848,-0.999668012690132,3.1412700582337973,-0.09265127259034318,-1.7125281611712997
2015,0.9341167189018309,0.4864024677936314,-0.1609153098006631,0.13428183595703336,-0.18392320401752166,0.3684860082479654,0.63402984060969,0.3845227109079415,0.19602392653798256,3.530900255431554,0.362168038176082,-5.30230301757265
1267,0.6902037393435428,0.5465230317431982,0.6177019222759851,0.053507781549094816,-0.30839611692285335,-0.4116440456992382,0.5975267202533688,1.0858636383330942,-1.0152644685581491,3.3177634114924364,1.0183754226166084,-1.6772918509263317
2061,0.7857679332031786,-0.8956277612210122,-0.08446623571394683,0.17441751031339953,0.03515449644590228,-0.30920274872358605,0.6305994504745188,-0.5104155469960467,0.09172766220309184,-1.575972697959131,0.010121247633991194,-4.897824205306369
852,0.4448687238649763,0.7062516392068814,0.4662687307066463,-0.24916635524550365,-0.33816350153942315,0.28014497149049,0.6189186737262116,0.140813913701409,0.3239413444546579,9.374096922845515,0.9573975309345526,-1.667688563650719
1497,0.4682407193810272,-0.727410314709349,0.07317209454112118,0.561029362743084,0.19121997946406988,0.35921928247057805,0.6153314856268163,-0.2935800709127522,-0.9639752110030001,-12.277500880123561,-0.09278255341485213,5.802215814595421
2950,0.5626300282850089,0.6805310021104134,0.07292063991995526,0.4197634954900017,0.27618443420773986,0.25518194424980317,-0.6537496716136854,-0.9194336306329641,0.26165796239931793,9.238289382458037,-1.1596188908471399,-5.018080788051374
1173,0.8201987165398803,0.6215234957191688,-0.3546964888393258,0.24971099036813077,0.10007021030225921,0.12406773187603304,-0.6918484113212823,0.3387832448237295,-1.1096874869476696,3.5127213258326995,0.9266444570819892,6.125135291819602
1463,0.46436083316012045,-0.7604818107322704,0.32028451800366453,0.5986952469556033,-0.09579912310244634,0.37438261161988134,0.605517086493243,0.25387107960081334,0.609422112850328,-12.266401322101729,-0.13667775012381958,5.838644728826109
3463,-0.56353040044273,0.34126067964478635,0.13545064290532804,0.5739282797736663,0.32334055783163307,-0.3634709759426525,0.663514973298095,1.065729846952812,-1.116302283694534,9.475498995841681,-1.0210715318272396,5.956477298688724
1402,0.6706904075261898,-0.27431660146481973,0.5852035656658808,-0.003513832760491984,0.10606308796406713,0.20021934848524497,0.6050337399171895,-0.476109291153332,0.6403996157050977,-1.6377557860874392,0.8877461476613007,0.6592285193378591
2604,0.43351047158118616,-0.6369334408133427,0.16262151753545379,0.3307622053995622,0.19607767394813222,0.3274200407993972,0.5308718436471114,0.8840073958245922,0.08866002053445515,-12.149846125753188,-0.7372152831911959,0.6620157825875018
4257,0.538544238206849,-0.6753185068097273,-0.5321848087327679,-0.45126368874451567,0.16432016305059002,0.07636915997913252,0.5475269139873357,0.34586614509730296,-0.9801252299525097,-12.153890359553877,-0.1251056627181481,-5.0475477180321855
3491,0.5812276760460257,0.6089727527798622,-0.3648686225359873,0.5601701156993403,-0.2924365678727149,0.35495177918330345,0.6953052676590695,0.1731224169791367,0.19841978139288793,9.430349698064555,-1.0392102647455017,5.96440233187422
3574,0.832837350532689,0.5602933594095338,-0.06627378811501305,0.2556578031188971,-0.3712962720088247,0.43165615136866736,0.6833841214927561,0.25581700339214436,-1.0407036317446636,3.3289553232953484,-1.154562830413493,6.105525608478151
424,0.7794231736369941,0.47690714343643115,-0.27179845285902515,0.018273720385340083,-0.3214381511645841,-0.44308432028928546,0.5973155185485198,0.2566139746332341,0.2553222543765065,3.3184485089659668,0.9957661523777713,-1.667649279059652
2075,-0.9477486422420106,0.5839064766099434,-0.2501161315473251,-0.25632061138886275,-0.2876811364836042,0.2555957197686278,-0.5905189779977356,0.9286180151013586,0.09710547713889475,3.1648089632985545,-0.13061556694505636,-5.420256316285493
3592,0.6826314846787125,0.5788005696003874,-0.21068701768698148,0.34148687196617544,0.10725753956968419,0.40764247292572897,0.701943072498521,-0.9990271024874829,0.5910324648969925,-1.5572226719399405,-0.9761043883640163,5.91718646607543
3171,0.7520618811224437,-0.8662781820380216,-0.1097216719030144,0.19420524133609438,0.17000792284824548,-0.27828197314679665,-0.6497930634354531,-0.518835789519959,0.1740714641903222,-1.357901385434335,-1.0592007457195138,-5.010606064920093
3467,0.6368891259058924,-0.07946882728066117,0.5521194502503822,0.3144986389203656,0.17790277097363327,-0.408967479165575,0.6724572655213574,-0.9873279552458896,0.19835672558404097,-1.4980407513041578,-0.9859198139488045,5.967724667773762
4328,-0.7071719065639028,0.5474226691591716,0.03345118055637209,-0.03398032895720648,-0.33929344491087304,0.4407840796063517,0.5559544627099766,0.24809824567242827,-0.9373587434520342,3.460953395346673,0.2241964786524902,-1.6008869424338292
466,0.6509440564408233,-0.24106283211105275,-0.11378201875549607,0.034306427121449455,0.1129521869300897,0.3886800535892817,0.5970820460861389,-0.9466579787059355,-1.0019055104175592,-1.67214212895025,0.9410301470519762,0.6190150878815094
696,0.8315606954231654,0.5187113080854701,-0.3153362820992712,-0.04854451973182347,0.12518894918160098,-0.21273638796249636,0.6115661639411495,0.2922168592809217,0.20867723929294912,3.4183394961509115,1.022144364404111,0.8563524591673051
2320,0.5497469369644393,0.7069352825787804,0.4118825698868486,0.572753971982887,0.3559732439642246,0.32354690379509554,0.6964912758704465,0.19866319927522244,0.5075185289676059,9.40300737819624,-0.096400952600424,5.969796500053752
1644,0.36954100165927545,0.3841501125894832,-0.4743918152516793,0.3209817011327104,0.16317058674342005,-0.7127197528243607,0.5045886529257875,-0.6260174180043453,0.15170898767299582,-12.128470973960642,-0.12354269512476204,-1.5270548718282846
1178,0.820653127552074,-0.17540021711979326,-0.04335498219921322,0.27662588753256023,0.03848187124571124,0.10816444217908226,0.6706105228936233,0.92556824241367,0.13545828061786638,3.5155804394038594,0.9383096545541825,6.073500736944353
2188,0.3749816272819518,-0.38105903560816207,0.47900604998689955,0.26497394892613124,0.17523219198246923,0.10295146327516846,0.5411994839696065,-0.652544090745368,0.06358229311522741,-12.251987054580987,-0.161194745282464,0.6909541165326473
88,0.42853851066792925,-0.6624790782514539,0.5132240458322972,0.5602729896078565,0.16465879546982456,-0.599834217577175,-0.5480372629814442,-0.73512157124795,0.717146808143063,-12.197771789582601,-0.11156315819919285,-4.991859478353801
81,0.7288302263577913,-0.8923158382706435,-0.1575352842745304,0.20293693025835577,0.17485251940765772,-0.27194763751627243,0.6199781096645978,-0.9167868819599577,0.1521850546595685,-1.579096941500776,-0.04485833519393841,-4.906407543584878
2662,0.6292156501998974,-0.9054781291932665,0.5274157434072888,0.04156386487382396,0.09387208733478528,0.39484532968020236,0.6587343004703183,-0.47392455527846983,-0.9165258806304195,-1.4624030191309267,-0.9554189747351949,-1.6261370538103093
1392,0.46485448155987275,0.4383515690981575,0.5255546255631245,0.23402366937545568,-0.3071883246394068,0.27944025803042183,0.6265226551534646,0.1716374228522104,0.2843830279189726,9.420452844272441,0.9828103451899385,0.598593099600039
2772,0.6158829214675456,0.5930405060570587,-0.15077569361542315,-0.4742407640228691,-0.2229948089699274,0.24525080459622925,0.6455698369309412,1.093977185974681,0.32394383307536867,9.228449041410238,-1.1173212394091232,-4.95722689581873
2106,0.7914272674290382,0.47098665705662124,0.5799072680239131,-0.21838224235296172,-0.21579703106964776,0.31363942058550043,-0.6379412264511887,0.37557124674285763,0.7720824835412973,3.235755403098677,-0.14606947397589712,-5.4274805168839855
2073,-0.8832932021070988,0.6019013735030603,0.6247616774233918,-0.2527037779876571,-0.2627677798553723,-0.3460559570806736,-0.5852755110255038,0.9403108628419364,0.7311263330339998,3.196839861783089,-0.15634934073140985,-5.4461509899496985
1625,-0.7576589012564815,0.6577437072937811,-0.3884107728786198,0.0005533303310873731,0.07410533041638317,-0.37598194856974604,-0.5299487384952141,0.9908918518774892,-1.0648186069657588,3.0873500043175968,-0.09216637176852233,-1.698652855523325
563,0.5179235022468055,-0.6765729780290723,-0.5004693480316631,0.49999252038141084,0.20357674566054193,-0.5491374323020195,0.5635359582876559,-0.7207527644416548,0.12300936232158724,-12.07496692638262,1.0681401180586807,-5.069144428529609
1312,0.65939185197667,-0.9725814238324829,0.514954172831271,0.04340505090415812,0.13303747474592997,0.22122318230429222,0.6248028650700621,-0.4739278917495018,0.5963616484742857,-1.5507046405759328,0.9186265157261064,-1.6232234836233659
3612,0.5735175971571229,-0.2550112584742194,-0.3622714114796125,0.6257343476802738,-0.2565227993731652,-0.3610619680736297,0.7158573170338811,1.0881721937561284,0.4592372655988426,9.418813669811735,-1.0230813608882412,5.947687409542688
544,0.894056573709311,0.6226175041371442,0.07970428487714308,0.17999235517294102,-0.20712698833250312,-0.2126433514917426,0.5996037676310536,-0.4404862822403703,0.09043314997792029,3.3676041051750216,0.9880841136787236,-5.275336440567838
1249,0.7508159227902188,0.6065781834573464,-0.28715900883298556,-0.3509466074482055,0.04592099951405991,0.12342038707334578,0.7053467966941376,0.9667473068679916,0.10810762032683408,-1.6422824935289047,0.8145823263233388,5.866199350258318
3297,0.5388356043355645,-0.627254771546373,-0.008211348325409895,0.47143452019249116,0.23555884435930327,0.1252142718881414,0.5462069467983912,-0.6850863492639988,0.17640780882167076,-11.970265556682596,-0.8046289632049809,-5.102762504258262
1714,0.7664694598925338,0.6791180775052804,0.5994044923424071,-0.02634372699322093,-0.343928870199498,-0.3417794283095293,0.5244301155537379,0.22065392646666673,0.7118693723446624,3.346248911548919,-0.10659666953045144,0.850608679136368
432,0.5405026143076759,0.7024722977659646,-0.35045174581144345,0.262502236944727,-0.3457160264831991,-0.3536556895181698,0.6048180078063967,0.12285112792754524,0.36741510415357426,9.404301058112623,0.9703253096524774,-1.6729118469015845
3279,0.5733808538360046,-0.26182078743274834,0.09960305047270054,-0.419704303919368,-0.042762057401099944,-0.26554555867680096,0.6379986607155819,0.24213275193899372,-1.1469617397416274,9.241804032176013,-1.115493971261138,-5.025436640432518
2768,-0.9019319942035798,-0.8670779885844971,-0.15551387107543077,0.17583476760558253,0.01816244508602331,-0.3013107140287696,0.5362451781203496,0.3612801440206664,-1.0602619739587222,3.06003457225962,-1.256534258946796,-5.484331116369329
2456,0.46142863421830627,-0.7391371092736756,0.05264230922402281,0.6228182154478632,-0.012855530214976088,-0.7753316561525057,0.5857599285622529,-0.7686467478250361,0.5730220467596855,-12.287324439945106,-0.13917934381294483,5.839514134980051
1433,0.4272358512033067,-0.7225617096640257,-0.46546294876625055,0.31008550583464367,0.010704832288759068,0.1010275384235834,0.532997839377299,-0.44217291377563894,0.6779483667639392,-12.248811216790113,1.0209575778514386,0.643107881593642
956,0.395366288374689,-0.7174115964479584,0.1632170840708858,0.3179212642786533,-0.08398284691657734,-0.670336771658456,0.5333684722334314,-0.4310870127748179,0.14471936361344284,-12.308247653349085,1.0440734437413963,0.6601388082713064
3253,-0.5809718148144886,0.35988017220310786,-0.13906694776995523,0.4466346133071255,-0.20699735353151738,0.14809596039865602,-0.6035584511689674,1.0983634226403032,0.22670046856781728,9.27220895232452,-1.124031036536099,-4.939243311038847
2591,0.5477819828442517,0.6502247830462233,-0.3525414737387562,0.201865667708288,-0.30016938771862567,0.31564284759670447,0.5961671295206896,-0.48110568285634175,0.18371688087986976,9.455296110049138,-1.0181816548516887,0.6270208500912836
907,0.7932125476954324,0.5140562375899004,-0.2965341086087676,-0.0035135455138717354,-0.31511064725230237,-0.3897424198371757,0.5867490304724027,0.2458965283982105,-0.988015771172561,3.464432689080057,1.0339625032394597,0.8562674479929769
1208,0.8660506210513446,-0.18755455167219637,-0.03790248616296986,0.25450266900453283,0.04589825567521051,0.10988817822538184,0.6897849572608986,0.9304666898542946,0.3325218247456933,3.500353571722139,0.9248558713751274,6.073190322621313
3079,0.749604829072256,-0.10124233472144212,-0.30989020385912786,-0.2662486102020246,0.11687629089638912,0.1533540623848886,0.7106865231586339,-0.28701351051606283,0.11371153723560343,-1.519594296580238,-0.943650219827958,5.928215140974039
1752,0.4824449553733983,0.4285787639567389,0.5266566429604191,0.24566279875367547,-0.2902283624548956,0.2311661107031298,0.6130981371109876,1.2240277053759976,0.28880932833507683,9.411330926612605,-0.20454469214382073,0.6099482267784149
2348,0.7955087732708503,-0.17179429509366842,0.46533618237267205,0.2584831116776689,0.07093563119882337,-0.15639332051494775,0.6901797070433345,0.27061859940771915,-1.0158074787781723,3.3141804232012912,-1.1197286482753184,6.175094233313866
4191,0.7249579411690016,-0.25228043170124237,-0.1537221586522884,0.00738037824215352,0.17073837044191087,-0.18834844850978075,0.6431354478139165,-0.47521568989660706,-0.9738453269325323,-1.6983610272624774,-0.04117747838254593,-1.604673797050574
3740,0.601747082212425,-0.24644252907533218,-0.2845386069365796,0.05866442844514044,0.14013541960323528,-0.4135623586455061,-0.6026993772653652,-0.9038626602939377,-1.0613245523891146,-1.5819519505898176,0.9131617152053801,-1.642116668294682
1422,0.536102403501911,0.44067229614398185,-0.3138861007740655,0.24572666569585833,-0.3085897847583157,0.28742750022308017,0.6260941750671758,0.16903041292934126,0.3152134191942786,9.449899072151721,0.973935958361614,0.6004410780704175
672,0.4548683528489282,0.41008299940755316,0.5564530210367956,0.31708660567350755,-0.2674794757850171,-0.2388991144510839,0.6374345573115943,1.2165710395896263,0.5528933233206977,9.408879960336074,0.9872520130714648,0.5858350902107972
3588,0.7456079710520461,-0.9267542237113671,0.034218884685199805,0.3330555262335868,0.14130323640480277,-0.43320443849635776,0.6988179946687684,-0.9732681385428905,-1.014418296468627,-1.5322255527950854,-0.9349623307604628,5.987075769265638
4363,0.489721088912599,-0.7543249902681223,0.05009600654221497,0.31885342440126435,-0.031701754829032446,-0.14323535031602708,0.6230869082055979,1.145446681499941,-1.0696937464229415,9.375631953639589,0.1553047163471012,-1.6386573624916998
393,-0.7145385169303432,0.7118939924107136,-0.38644180909773146,0.05313688222403061,0.08887248103458789,0.4209860255836134,-0.5085110911027908,1.0141947576228176,0.7357910351847542,3.4493546759062355,0.2541158667951053,-1.6089782744634018
358,0.30257563584034786,-0.6895313341997161,0.5201885724499472,0.3694670185821998,0.17032973625106837,-0.6912544955010614,-0.5201515194847648,-0.7070991479977639,0.1972602144518336,-12.39438470689436,-0.22567245557229654,0.6141590297404343
3761,-0.4035408609359399,0.7176961427873039,0.5525755434693209,0.23526909948199642,0.04444250473060446,0.3122209783616971,0.5594145453321366,-0.9027485411530297,0.27016992046924765,9.425447405269617,1.0081905594643275,-1.6431656884131447
3758,-0.7733281541430977,0.6636811075093493,0.07451732487685529,-0.03996085265706956,-0.37206901349528904,-0.17504965445733517,0.5501622768937035,0.22617678604155597,-0.9978210355332106,3.3137631622981276,1.0586068039788594,-1.5941067284738608
3298,0.5242772122943367,-0.6345898829443684,-0.5185752532265241,0.5010164627555511,0.19396726165338382,0.3985881732948042,0.5587436742441104,-0.6882409609994642,0.7582507689778697,-11.93740121569715,-0.7965154165477095,-5.1467548696494685
1840,0.6114765462491627,0.697866070743044,0.20687613455623832,0.5708868188182158,0.3604738500227396,0.3135404552958905,0.7083254701027097,0.19984344094006126,0.5079108088496146,9.415061724316889,-0.0936498960119386,5.957523059418547
2443,0.5758433967052219,0.3237019940593023,-0.3370521916092463,0.5877807851361978,0.308141191718904,-0.3109443516916396,0.7038397553433408,1.1006235325309828,0.22126860565891532,9.412983183742467,-0.09813757713177604,5.960614715247123
2315,-0.8352632314589431,0.5895975564629694,-0.05934428719213687,0.25133360855548315,0.04563189674483312,0.09811485959721795,0.6256375729792099,0.8948245838980127,-1.0758867811829935,3.351685570697193,-0.015602167378489283,6.152853017763879
2792,0.6943220275138998,0.6659358371624541,0.5509519848325031,-0.07071483118295765,0.09755223071879873,0.3794404833999885,0.5430227018242747,1.0297018353455751,0.7162396617491292,3.261275372033842,-1.1077990011086194,0.8412372016123115
1563,-0.8869229174744978,0.6729463919506778,-0.48247571317436794,-0.24716164667390866,0.041199667667865286,0.35228239173200315,-0.5852071054147536,0.3946315770684535,0.7977776346021326,3.2964741243476543,0.9265818874808928,-5.465873883641217
3295,0.4828791681123941,-0.6331343312947193,0.5082635406686822,0.4859389472729967,0.2209134325805578,0.3735866096059406,0.5407485856022175,-0.720060092237179,-0.9663677634732125,-11.929172420105163,-0.7953925971841951,-5.145025751661337
1887,0.42359092273203974,-0.7352167212791457,0.01971121515891942,0.6002141940971052,0.19626012289190126,-0.7603115378966727,0.5972534835646108,-0.7909243325221444,-1.0044249688011013,-12.301675426277633,-0.08029715734425778,5.836129190917513
1896,0.7527077870251733,0.7038755748062311,0.5847068957071979,0.04200533368369864,0.06816250295212901,-0.25331507629576244,0.5658057800975397,1.0377107577183917,0.1868470853993707,3.3340654653543447,-0.1111472046859034,0.8830951578577806
2297,0.6421839791172568,-0.0799797764825675,0.5430354409227318,0.32099266676474913,0.1650032649138046,0.3971227892502976,0.697866206612418,-1.0015461130545515,0.18544436239940057,-1.5167861008510006,-0.967598133414374,5.976404687364183
693,0.7734243397069215,0.7116070484978465,-0.33526378306612964,0.0222437931060944,0.11844920405882381,0.14467426311868453,-0.5344876691079227,1.0322502841687817,0.7665472910685962,3.456765312509173,0.9880452556790186,0.8237469668026983
3085,0.5370151542197734,-0.7421067917372883,-0.4889944353220042,0.537460218228042,0.06097691620843965,0.12362700650018886,0.6125298851879872,-0.34107736697267377,0.2516175132722869,-12.198477281612902,-0.7121189326967232,5.848545305164667
3025,0.5350388154316834,0.6113652663448531,-0.5563470722318886,0.4620676703158524,-0.028755659514663648,0.11540226194625437,0.514925584647733,-0.675061070261115,0.11851913215954062,-12.215048742380633,-0.06056441555006418,-5.009501969758959
3401,-0.6474670254534244,0.40495930939605435,-0.137652829912103,0.41671625271976104,-0.18980565149861445,0.2947872095101865,0.6154903707124251,-0.5029093955314974,0.6044269353066727,9.24283779716106,-1.0976340297439502,-4.978048103105103
2034,0.509433432672233,-0.3485843183438319,-0.034202571153711246,0.4812446157211693,-0.07517628491179947,0.3269473577283574,0.5298192430791792,-0.6899588392807066,0.150317389620038,-12.186233289567156,-0.02559913135795329,-5.010316317877279
1417,0.7148036442883245,0.5616787342086621,0.6748784195104524,0.032012676763975,-0.29767300410382663,-0.3278854061196884,0.5892547570200038,1.1006625642130872,-1.014098322446169,3.4569018950785297,1.0108523102584883,0.8578783550954633
2452,0.7434027098576054,0.6234730215641567,0.4550359722352214,0.2946586005316938,0.13507650619894118,0.1885085033768263,0.6682888305774403,0.26056576429382644,0.570981666446555,-1.5654745347707186,0.0950264692887799,5.900161682903477
183,0.7693721723112278,0.6599090500391616,0.5991558291774818,0.22054849835563028,0.024691104748641175,-0.3179856399354905,-0.563866364227623,1.0264084187561062,0.823415130861654,3.5927744846488925,0.35452789715815675,-5.337579205821854
1947,0.4009042123626788,-0.6523328214351123,0.4701712150912596,0.28212414072390857,0.1921604807430507,0.326929094733153,0.5099468938088001,-0.4665491807940879,-0.8829483012343484,-12.199564621717045,-0.15870433506621756,0.6845120803379403
2274,0.468271024534963,0.3910677427302631,0.06875547677729624,0.5987832283397483,0.1835720213492017,0.340405949556188,0.6430849901934345,0.7883866008638034,0.202420932100733,-12.261467831091384,-0.7311989264485002,5.794927635032669
2871,0.6355321315228668,-0.24340878164261193,-0.10677533700390289,-0.01143374380835421,0.1284002388889309,-0.2533994367991517,-0.6123225462936912,0.23725427071305008,-1.009812236387573,-1.545895345061876,-0.9803148842474959,0.6439612421164365
2497,0.7720751043845608,0.47579398829782926,-0.28269005062340624,0.023670370578314105,0.07310321135169746,-0.3010000105503675,0.54506493439033,1.087488154041624,0.11355589308315255,3.31824550186385,-0.06778738411914831,0.8735233317888187
3354,0.5206932682841818,0.40276396174925755,0.5294447929367145,0.44579500300966357,-0.03017871879811197,0.17470987740638977,0.5560794757786035,-0.6784509484769945,0.11315600330603923,-11.985893886401932,-0.793025155616492,-5.10148754266913
455,0.7996983753413999,0.5423861392396111,-0.32306434331184747,0.008812733991404718,0.09237210209976932,0.11166212613371258,0.5951011942381692,1.0401140831364444,-1.0108710730781232,3.4008570553964663,1.0247227876779308,0.8462105126407612
159,0.4890047579704779,-0.3761111378722496,-0.1862697548064626,-0.23243195985833798,-0.03949447093517845,0.17585059536308978,0.6135308287799269,1.152118428623615,0.3569404948614209,9.463470482893229,0.12705459671722422,0.5972108852423774
24,0.49473699390127274,0.3515367206726504,0.07601742518893151,0.49314156444487317,-0.07362376785403538,0.3352937073991616,0.5417051226173676,-0.6926110767361042,0.1309070270561944,-12.217645840852102,-0.06247903175558653,-4.974668261910109
2503,0.5331512120473685,0.7244804859836714,-0.3234729381643859,0.26826579240450554,0.37751390985554173,-0.2299346100515469,0.5737083661452302,1.2102800864824255,0.2133767958762345,9.454556446688215,-0.13898623511871636,0.6131927735489269
1967,0.7406573315880034,-0.2222757366659841,-0.18978615500728074,-0.030510364814998556,0.11739556133393028,0.17229897045973017,0.591747512597011,-0.8373632780510019,0.15956218226546806,-1.531327915446238,0.11947713489547296,0.6424413608107361
1118,-0.7744651149861042,0.6364216259884637,0.07519795497968673,0.003796555882857271,-0.3595696325158086,-0.16396834194389606,0.5561687175974,0.9982526234792211,-1.0293481774809192,3.3088520366847707,1.0412307234319704,-1.6149450551421207
712,0.6800517635641831,0.6674684996472533,0.5623385651741725,-0.011491401847822363,0.13781375575993515,0.1903340874079352,0.6032380832326873,-0.48099171354516734,0.6520986739128769,-1.652450663272285,0.895226680115557,0.6449827748341572
3191,-0.6364087869892409,0.5818676477503579,0.5480134177806424,0.3684372788513358,-0.23209222645728603,0.28716494724060826,0.5902607523672136,-0.49243683483571393,0.2024582802351307,9.211585918967458,-1.126693683707302,-5.029434269486105
1492,0.7772927665635087,0.3890593241329774,-0.049739145339806036,0.3052787340278251,0.014087709538525894,0.10778221263839606,0.6969088719293524,0.9781859389423275,0.10470885174887937,-1.5402700109208274,0.10034568451892252,5.894351074813532
428,-0.7458053229616617,0.6516973872668808,0.09382266583950295,-0.019055269009295585,-0.37210577065513445,0.43118815838187335,0.5389207115763942,0.24494506935639215,-0.9778913463970845,3.3066792886978686,1.061983480108681,-1.5990637405696615
986,0.3390031829397325,-0.7178818670742798,0.19095035374366473,0.339868768974008,-0.07830281214597358,-0.7513825501241609,0.5108790040125946,-0.38363216621239893,0.12518753246453096,-12.183095925513314,1.0510761512110103,-1.494253493732273
3274,0.8498389848188576,0.5854490723324922,-0.1996375167094912,0.22224083251170912,-0.245460211903329,-0.23878625857902844,-0.6081024308952844,0.9716623479721995,0.09597644061769192,3.154219728791829,-1.2883812423555794,-5.36189404659854
1207,0.8022677873723685,0.5135576515194958,-0.022094577299103017,0.2687040028744197,-0.34337868681680056,0.41319798724996154,0.7060414041689719,0.2824528093379092,0.08834853590100937,3.5463828383282974,0.9411761057913869,6.076554034905913
3872,0.8812880431161619,0.6424083262767102,-0.34241054452840464,-0.3017959071727423,0.06954376304748097,-0.16289805702046706,0.6914285594341956,0.9172149422769653,0.338204946097728,3.3603013335035845,-0.051227975027478924,6.162533580388568
590,0.739215303509515,-0.894054488932019,-0.34646041791558607,0.24409346220653932,0.04215079882727501,-0.21847371482416045,-0.6152197135599042,-0.94958609559929,-1.1134428592205052,-1.5297673371629636,0.9313210581776448,-5.016225178970322
2059,0.7260280961733883,-0.24170797773219832,0.6297368096925694,0.2524841012252653,0.09502940919644781,0.33301836348858893,0.6191457020353242,1.0763652416713434,-1.0763524775516216,-1.634313196067841,0.04766878071531255,-4.985902886063862
2150,0.7314612270721942,-0.9024124094993714,-0.34691049388092154,-0.252362932990562,0.1519654037858809,0.30154314287208034,-0.6277050613885117,-0.8860461132190105,0.6816869693989631,-1.4415594809156966,0.1048236045001365,-5.056620643376444
4014,0.3708015479268371,-0.37843388484321705,0.16173732678877237,0.2921189455349578,0.04877011625363001,0.16312897711021604,0.529834175712823,-0.43972095797003696,0.12339969800936147,-12.285080064951028,-0.1309974834863336,-1.4589834684149205
4298,0.8712861376871359,0.5119880039543546,0.003261620448818981,0.15912276916551435,-0.1836345089758649,0.4012146281435478,0.61070458033157,0.3620323397974739,-1.0467092622564858,3.5487221294731857,0.30400771657402076,-5.309542013238491
2147,0.7787718159810741,0.4121098322587262,-0.16358309991479691,0.20969038090808975,-0.011448758522937703,0.14534123777534902,0.6278590153961193,-0.8625622603453641,0.7136115083002433,-1.393350469515512,0.058314448006306745,-4.960946436512915
1856,0.5026562059076637,-0.7632195807644852,-0.4759105832731643,0.5864010279414847,0.18658133301404287,0.17827086304824838,0.6331211068548649,0.2694363396204403,0.5708984985735377,-12.2648919680733,-0.10646681788981253,5.879662601887907
2710,0.5626748415581617,0.6806670173056126,0.07304832522962673,0.4197966908751154,0.27631939957021573,0.25530557362969636,-0.6535385126790917,-0.9192975088154096,0.2617868730762038,9.238430115869813,-1.1594858131346317,-5.017944830417557
2345,0.8148295805115916,0.5384725267303253,0.4975191361103826,0.2660665428519201,-0.31219477771292226,0.1330778721641218,0.6781867714527362,0.9460847807732583,-1.0551331683152123,3.3266411746443256,-1.1388970103847884,6.129701821610418
4012,0.5513015615067507,-0.23226388547171248,0.6186731544218929,0.047968064559041894,0.08885368318788937,0.34752587429458387,0.5886274952806252,-0.9050856328640368,0.15042169423134885,-1.6570264101443164,-0.07785388873408017,-1.6266311204849109
1276,0.6211531318960004,-0.21095570336436975,-0.07734177802423226,0.09508724651255493,0.12316747839377258,0.38225420277068584,0.6104552657944442,-0.9074038024199738,0.6440852210798087,-1.557471684681414,0.9704087276585065,-1.5821512768587
875,-0.9037420907601529,0.5907846632842099,-0.45230956629076,0.21123705693645237,-0.26184458007246314,-0.20813646653511306,-0.5574866180332673,0.9531615550409482,-1.1517476538938634,3.2839757421627214,0.9579611236491516,-5.402994221693249
1761,0.6969843542868215,0.4644859887755474,-0.16255383273439353,-0.035424039039035515,0.031338834511468544,0.18253545599371604,0.5951593341386185,0.25436532834759157,-0.9817657923828556,-1.5641689584303835,0.054660494777829964,0.6295180057023416
4218,0.5934741409956102,-0.2637807454967525,0.5879790535163435,0.01838299483000981,0.04142011260716556,-0.4152818364323716,0.5952502082712697,-0.859972601804903,0.21034891443590767,-1.633611459600066,-0.06750268353007732,-1.6468845293749146
4175,0.7482381497110627,-0.30701840672061426,-0.18140286966369693,0.02264648512984165,-0.3127567431899232,-0.14217706762923032,-0.5674140017599567,1.0444168507409377,-1.010178476734566,3.523442336886737,0.24294922915307543,-1.5838217211467966
3731,-0.40343481169992823,0.7177497606782051,0.5526332570226352,0.23528956015426114,0.04449814245953677,0.3122758511614831,0.5594304965393755,-0.9027000347753441,0.27022187391765373,9.425504364342611,1.0082449045307882,-1.6431126246983292
3794,0.46238226717238184,0.3319097725807712,0.46086966371488813,0.5529095954755824,-0.013874220486984204,-0.3828232605589568,0.691927049795076,-0.982347535368174,-1.1290441335075374,9.43293200116193,-0.10077848601634419,6.007917220611601
1059,0.519277768862735,0.6840576593608689,0.07766300291813076,0.2541532868587121,-0.007652669390926694,0.20649920450045445,0.5976916372566461,0.15397750557193784,-1.0560515239180464,9.412298930426095,0.13067262771946667,-1.6310511026932242
2402,0.853509215775866,0.4557535049481977,-0.3303259941029058,-0.3063998554311675,0.062110667264209204,0.3427092843830825,0.7007065939716864,0.9415302072657405,0.32166932004898746,3.321276246635548,-0.07610499733318812,6.1704672624897094
4215,0.44458910529426027,-0.7926823286631802,0.03964765201292139,0.3224061705082393,-0.09331899699950673,0.2905652573034313,0.6132991833481765,-0.8703537866928436,0.5301906507847638,9.348757065398733,0.1389927096736049,-1.6140040594600276
4253,0.46078030872602216,-0.6561849840811089,0.5478471898772527,0.5209497050974959,0.2207071532767868,-0.5691032751693781,0.527176371568669,-0.7243553439795353,0.19175628873539688,-12.175444125181762,-0.08834912004603954,-4.986547574563544
1750,0.5821290774719622,0.7408053212184201,0.019652191081363245,0.2280405027968159,0.3771011507137123,0.23896708636337435,0.5837928480431571,0.17729061337401894,0.5856535350430118,9.441915806622585,-0.14993288237316046,0.5898071389868242
2173,0.4668251636485737,0.7057094656517473,0.5311755921608026,0.2466189482312379,-0.014235922060157271,-0.23200448111642533,0.5881672474598895,1.1832853845283362,0.30841256254966015,9.432997538660489,-0.17545249057722595,0.6315163927224339
3148,0.44305543936835673,-0.2456555468088298,0.016173778816047424,0.5469354155526711,0.17250238603807153,0.12062576024403024,0.6380324096411691,-0.764979788123558,0.20613872737179847,-12.286622646864805,-0.7518400755528355,5.789877428731164
3828,-0.7547378622292853,-0.9775825854869753,-0.1434116402828418,0.31364060508923725,0.010940326227444426,0.3929707549845749,0.6713648393307985,-0.3330231088973963,0.5471917843263551,-1.5042610591220413,0.10892156964314646,5.951174649233951
3559,-0.7518783771661998,-0.9473076897735697,-0.01269827395462884,0.29665065775164273,0.12672654282345025,0.42665096269225405,0.7041842279518361,-0.3019143372561995,-0.9477102606646681,-1.4938678675613286,-0.9553274971598074,5.99140985002491
3277,0.9100616191576578,0.6109209001045515,-0.4205225004460241,0.17193803041483893,-0.23762939423731638,-0.3018331305806461,-0.6211785439694316,0.9957394045461053,0.19840260908997806,3.1316912842229923,-1.288192149475265,-5.445180847726838
1480,0.6216675561558077,0.6630729010614826,-0.19655858407309632,0.5426163679345862,0.3657597790500898,0.19144739042894485,0.7147191261097484,-0.3345566407062795,0.47849400094098976,9.448619444053815,-0.0862008891949724,5.88916405716306
2048,0.876794391404191,-0.28756557867163934,-0.004091557685500009,0.16179302866763975,-0.18838510523665258,-0.25449006704015914,0.5681254004216937,0.33484846249209915,-1.0670848463970832,3.5254196706556664,0.3022868754938579,-5.285265725384897
2453,0.47323773310232686,-0.7531964702883396,0.32958277280673504,0.5871571585410574,-0.13641646154543166,0.16876152330051136,0.6216450791305982,-0.3009087656827835,0.5719947120818021,-12.270212981396641,-0.13208129855874642,5.820655792723704
3067,0.8075347532241522,-0.22626900941383601,-0.3165676521976571,0.27899529560216635,0.03889478561782495,-0.3962841807860737,-0.6625534187250566,0.9528784142471862,0.3295474324617963,3.256529818144095,-1.1693170430830377,6.165124623128358
837,0.4694211923801157,-0.679612176091015,0.47426437576900543,-0.4547255539772404,0.2064933014553668,0.17056361955375204,-0.5275163015997584,0.3768232726103017,-0.9787618406531426,-12.08638890569262,1.0359363846386598,-5.042813583036255
2856,0.8229996361223954,0.6782435488165642,-0.3455009752622531,-0.012842199487845336,-0.30498079724906185,-0.24198899311739427,0.5767142587151882,1.0189678313217003,0.6966337497488133,3.249855898965562,-1.123596612499933,0.8410382042814429
1533,-0.8885283449544257,0.6721334280221299,-0.48319025385505754,-0.2484560508700854,0.040356586015523,0.3513722626573111,-0.5865563370445704,0.39381225358765654,0.7969491254536561,3.2956391825648295,0.9257135022185314,-5.46675826073877
4160,0.690761034899673,-0.2860862774853859,-0.3092509582009473,0.017252536423296015,0.17050830326703756,-0.3880705787705743,0.5893950625383257,-0.4969979361066453,0.06510143528322157,-1.6334134450489175,-0.04439968899304062,-1.66339497807606
3532,0.7664963249348605,0.6038031115832951,-0.16768407848317046,0.28181063023190517,0.1827432414906219,0.14965897929388686,0.7053456202322422,-0.31093630880095924,0.5760345835258466,-1.5310617007302465,-0.9198450655882455,5.842952900656835
2333,0.5528247245827357,-0.7546441957781505,-0.47986197849611684,0.5374055859549186,-0.07767598088468979,0.12105408608974295,0.6106796479166825,-0.3345158882493405,0.2628096112767796,-12.255489885100225,-0.09989590031165743,5.860014724599259
318,0.6740198582120562,0.4936539082132352,0.621878857229686,0.007453778040136062,-0.2870034110631506,-0.27861831245378993,0.6589867268501176,-0.5345713774739513,0.6176011038561404,-1.747304666290617,-0.07454262296346631,0.6308082337554456
3454,0.84590408118411,0.5424882662955447,-0.05252894760914355,0.2125385478034417,-0.31810071644412485,0.11945000965691885,0.7026498271611471,-0.26419271531354355,-1.0467721201669344,3.3223696112380234,-1.16025335780613,6.078083849559649
3759,0.47987882342786303,-0.3056994695171298,0.009738890782206876,-0.2933515139265909,-0.3005272396232435,0.2066070223069041,0.6322601086324083,1.140979234133139,0.2518110431443872,9.384277903879752,0.9537912585272773,-1.6565661639173197
1198,0.4113294444684881,-0.2179493435213713,0.05716485091155461,0.5912606039712074,0.1973673117919508,0.33749537353084585,0.6307821380393842,-0.8024856565541343,0.17259717024350674,-12.386998465953532,0.9366289974466537,5.789079945551912
1678,0.5474560141015783,-0.6566570001466379,-0.04365636553178377,0.49806226544633814,0.195570768772512,0.07523103403404881,0.5580086939469143,-0.6664136812733906,0.7186773676057664,-12.020323010389719,-0.17138185525677835,-5.104931147715053
3229,-0.7178868968032122,-0.17101832974085737,-0.10473106943427869,-0.1840924291955669,0.1505555227815706,-0.2874854936232997,-0.575354750670689,0.36520028735754084,0.7247607903067833,-1.3423080410754507,-1.0133584226735608,-5.0398937256565866
152,0.7517575229175528,0.5182537363739681,-0.012872952740138279,0.0006451839402164398,-0.2758876163657066,0.1540326901541245,0.5652257460209553,1.0370184992915452,0.6959105194941754,3.6607429795600455,0.14808862387924107,0.7914914163442753
3049,0.6139936968463496,-0.9210063728780662,0.5791470776686357,0.015467167296599107,0.1293852012754659,0.20670993502386692,0.5926151821606266,0.25758674936983755,0.10398208639103218,-1.6151015695554962,-0.14893127676785345,-1.6322402452791838
2436,0.8809442105845473,0.48079634097963597,-0.3193532641105056,0.31550773576508945,-0.3071472045976775,-0.150510789715273,0.7026158551052664,0.9759273378790135,0.6204994163178936,3.3762717265603825,-0.060036664351091104,6.169032493961283
234,0.2827432383882582,-0.354019357956549,0.5064967744913306,0.35118942223604194,0.12871931007860635,-0.7712076251828307,0.5222229470542022,-0.6872421183978797,-0.929103499479831,-12.274499379440266,-0.18893850273757898,-1.4940694852926637
3683,0.4741184725068609,-0.274472264504031,0.35184168472450994,0.5439854513706499,-0.14461598340711884,0.3478071480986655,0.6360362690318814,-0.2883682348898218,0.2085150536408637,-12.240178770521531,-0.710689101176157,5.820690306995011
306,0.830573677120805,0.5083500067350234,-0.3089759055962579,-0.08292405708017295,0.07905675791697593,-0.240007744415999,0.5935302231355571,0.26954366839447746,0.23103248167471602,3.6063116138101066,0.2484835539784523,0.8470660614742007
99,0.4715710655895378,-0.3594857904378819,-0.14826178934344744,-0.25711730469685884,-0.0619624703666984,0.1855296215932206,0.6179646796699757,1.1264277339691282,0.381016317064325,9.403961990855345,0.15195274000392567,-1.636038214223852
3459,0.4751655883332335,0.3625506697911518,0.417587401858643,0.5432331529097838,-0.05805159628621368,-0.3927911388018228,0.6877070862854917,0.17892026390044943,0.1911976892092743,9.407616930499511,-1.0204063464290039,5.961787428298973
333,-0.7454927634173646,0.7146066901061686,-0.3705309085898672,-0.0026216498913495634,0.07038853823039419,0.11997755647041168,-0.4884365032925328,1.0095823847901273,0.7509356448211254,3.572510546887753,0.2164673113884395,0.8008996956591632
632,0.7671295601434104,-0.3390594218524254,0.02584195573543165,-0.020543640608398812,-0.2946192275682394,0.1613805173219884,0.5511423186363767,1.0004778877963225,0.6991684845666162,3.4546444529320373,0.9886110713240123,0.8105310359990291
3647,0.7125826867392145,-0.08615168319079058,-0.28255152338900413,0.3229692720033408,0.16323829082219982,-0.3945065436701855,0.6823935785486733,-0.9628456997694338,0.1741055440560694,-1.490901087782998,-0.9941002723871716,5.997482657309936
350,0.6564733637334729,-0.30215935960062834,-0.14689914786762884,-0.0013446567343863092,0.14460945649310902,-0.33812929363257216,0.5546678959662608,0.17669533473086674,0.07064748280581629,-1.6920167211119563,-0.10865432913165694,0.6055831741257999
2390,0.706064093668338,0.6300750185734013,0.004406198808804489,0.3441422021998994,-0.32257384506849646,-0.38599690318621266,-0.6917096143241651,-0.9405520234484467,0.5869527103686776,-1.5433672133738754,0.13126442146725914,5.895972470144651
4226,-0.3861857029556474,-0.7040085665021283,0.4619782087282032,-0.3092699106515261,-0.17186771581774032,-0.7140123112668504,0.5028330875584369,-0.4199632806606421,0.14272411200144566,-12.223697701169613,-0.1607434760795123,-1.520105337467291
2244,0.469521145255878,-0.374111433396223,-0.11102847440370134,0.23553725838923306,0.17331693313434451,0.12347115308215342,0.5426117062496877,-0.5152531768520525,0.0860967835964825,-12.241408350900123,-0.15374054555296274,0.7370390462643087
3321,0.749790337481851,-0.8658984188791377,-0.12981078885563782,0.21194776282815164,0.16168347721430076,0.3422794701116578,-0.6501648560914501,-0.5195419270734493,0.15595816430705856,-1.3442767945664933,-1.0454429153736986,-5.013655285860974
3483,0.7941002034135837,0.6009157296763062,-0.08803624359466003,0.2599485193923371,0.022165509894710608,-0.5065593879409939,0.6548661341037759,0.25492469094846953,-1.0803800997909103,3.3209767797854677,-1.1690017079129245,6.1151233378633005
3912,0.5919326921975611,-0.2300959816921934,-0.3746335923851815,0.5721621189094045,-0.26252955488427754,-0.14044956588672164,0.72975900902498,1.0864248686912095,0.25868755039590124,9.40466964627172,-0.09338535166949227,5.972858132026761
587,0.7370140521110821,0.4131713554156463,0.6184816091950025,0.18234338736542002,-0.009712119376849671,-0.2999405151894675,0.6638677825302653,-0.9354715801403448,0.19944714415926712,-1.5073841330712576,0.8957327703842309,-4.990654725662566
4094,0.5084952746746519,-0.7668759871259578,0.0023356541245315374,0.2397931269233373,-0.05867922469902814,0.18361101434728963,0.6002365156644759,0.16544211419472893,0.17102366366263658,9.409859479040612,0.07253364458406311,0.4927872311776048
343,0.4941331118328026,-0.3589794498345311,0.026199787126890455,0.2751516174006916,0.005975969252615359,-0.17315765751314618,0.6127702394561975,1.165383744093903,-1.0809412163658334,9.442455817185015,0.16170067500497548,0.5744813254438407
1672,0.7960483186312296,-0.8811575546705727,0.5779335140563817,0.15632104437865613,0.01648952279372443,0.17744745790717245,0.6107098993769577,-0.5359651434555819,0.12859134681884868,-1.375544101169806,0.05658632344825659,-5.0142917075913065
2774,0.6125988124330826,-0.338221748230098,0.08755117282943423,0.4869937277381945,-0.10820533914768166,0.1402396047272309,0.6450100450781935,1.0707623330064076,0.6093863002413168,9.214884935325193,-1.0862537926289701,-4.9886058365398975
1526,0.5223564223252226,-0.7459001105136304,0.07498436432956843,0.5612148665554341,-0.07558668038597857,-0.7147378483057946,0.5970219883222374,-0.31114987717345066,0.2404019320205057,-12.289499152522597,-0.11703293082149493,5.821771489683251
1262,0.7390621845275044,0.4458266586957348,-0.28250928254535973,-0.09585704965153719,0.05795370418387413,0.15796855676925825,0.5769674609942989,0.9805791811374543,0.6832815818126998,3.317595050543324,0.9702673797705489,-1.6542520460379144
1337,0.6215705986864934,0.43841168178586,0.5822048799626285,0.008679156216029122,0.1269729169620389,0.21161944877271843,0.6245277513497531,-0.9304800386392755,0.225565410825971,-1.5494464187059573,0.9062228559655802,-1.623403445291846
1464,0.4866563171295115,-0.23903342219410462,0.0666031737965573,0.5400057757634883,0.20218479462173786,0.20045281945461882,0.6519409353685629,0.2554002454449772,0.22579312973263957,-12.334387561366,-0.09295357161717302,5.801375817209355
2592,0.5430222286459632,0.4285602806154988,-0.3006029678628674,0.2764542342718115,-0.2985422320453915,-0.24669940703341509,0.6169917670926667,1.2193798921960561,0.3424438471825821,9.457958838391592,-1.0194533049482244,0.6170168347453192
925,0.3694660120071972,0.4236913146105832,-0.45324559234719736,0.31103035078652225,-0.031343566022749854,0.355470999162285,0.5170420040486231,-0.6941802709594965,-0.9314304365860469,-12.287403836053693,1.0390431163557046,0.6287671214673611
2346,0.856724269539759,0.5033628262081455,-0.3218934880026463,0.3171739134744112,-0.300147967256089,-0.14165881329067576,0.7165033090535902,0.9706437704356197,0.6382837623340122,3.307028773764619,-1.1242280147825057,6.158116032301851
1870,0.6114510686887324,0.6977761386589122,0.20678624831230502,0.5708525220543813,0.3603884812768855,0.31345658769031703,0.7082987943623074,0.1997574660255239,0.5078303822540089,9.414975070841272,-0.09373891592827883,5.957435513921002
2541,0.7024010581012219,-0.3028332569943056,-0.11225623842520709,-0.006640104944695763,0.132648084438224,0.3690180230112508,0.5759288469576,0.20899670426514624,-0.9690857753179318,-1.578256955278653,0.03993084256370109,0.6557523091060229
2646,0.8003239756707821,0.5026871600362042,-0.337395488820184,-0.017287452149182526,-0.32656403563413783,-0.19683542619808167,0.6129211913850952,1.0287914471643524,0.2467598023534307,3.046536011177463,-1.1543786223224999,-1.6822815216723501
3856,0.729099337332318,0.41502570058676724,-0.18695832649927566,0.29601810892765307,0.22500828464633246,-0.16571162310387952,0.7168567970865762,0.2657333584697034,0.13461785647325494,-1.5378622324584073,0.17128114884480847,5.924521206831363
2228,0.819796296198525,-0.8947533206889254,-0.20777551375509912,-0.0429293983705081,0.0734624741863363,-0.19786090229909242,0.5720435662917945,-0.525135844373167,0.10237135158841171,3.304218955532735,-0.060223745139828457,0.8697036480428063
3328,0.5242436259536092,-0.6346906439697045,-0.5186779496520363,0.5009892520763062,0.1938754292321822,0.3984984466606373,0.5587168140515045,-0.6883458411050201,0.7581504428147183,-11.937511538409991,-0.7966145641006993,-5.146855586643097
2894,0.5876668584037529,0.3432671437165138,0.04563001157222372,-0.5009244636311574,-0.10020962370905169,0.15991167050774432,0.6682612223393571,1.056709484900899,0.5995914556938879,9.222947981046365,-1.0603075176463508,-4.967574744571058
1297,0.6904929191990399,0.5477210067694656,0.6190613888385585,0.05384220899576466,-0.30717670180155027,-0.4102286141549457,0.5979615329995901,1.0870479121037702,-1.0140721159438917,3.318940140844123,1.0195582986216518,-1.6759492605833124
700,0.5455129808909434,0.7258178427616808,-0.11794826162778796,0.24052097847002307,0.3723643898111965,0.22173212524454405,0.6020057969083376,-0.44726217220826336,0.5723181572831738,9.479377472596175,1.0040417871062095,0.5844445359698631
3925,0.4831402025422036,-0.7510425943022766,-0.5019431784924063,0.57262335688721,0.1896890093837472,0.09476075900987614,0.595114929677554,-0.7635516915897099,0.15483288034038264,-12.26921486928144,-0.07956316373222654,5.88149235786788
3534,0.4335542162278205,0.393904341730993,0.0758071241408219,0.6321441448198001,0.1850360200643983,0.3743776864558307,0.6391373836835056,0.7857865006671703,0.6126237816420271,-12.267788742858956,-0.7058683036394463,5.7831076181756895
3971,0.5251223883397153,0.7600401034497674,-0.36428666988695785,0.2865014199434518,0.41257845091617346,0.33441837869433594,0.5790740260066232,0.13503245429715552,0.551267853804771,9.374230848683018,0.1946646230216249,-1.6236911150357047
3343,0.6062196988821457,0.6130199544001507,-0.1499963057343569,0.45586958630904006,-0.20627544147658455,0.17799413146303805,-0.6334112402898984,0.28007272047873477,0.6361982963108542,9.230131065046319,-1.1039353247690245,-4.944423173729347
2379,0.6064809370598893,-0.22039007314867579,-0.18232278630916188,0.50243785624595,0.3291026595538512,0.2794352880285123,0.7289230470041504,-0.33360333235037665,0.4445225170531336,9.447067939357265,-0.11026251769029738,5.925048498489738
2067,0.5447317820509145,-0.6462918800895749,-0.5319966991229728,-0.46535971034535534,0.15956632964727951,0.35614398722773594,0.5404650833070526,-0.46485166633487823,-0.9598819481056567,-12.133550651306201,-0.10040163996377661,-5.039617259239724
1359,0.49107120402414184,-0.7985378695411118,-0.13919644298861442,-0.24324777434302,-0.31889188951490216,0.23278557629224428,0.6085176418859096,0.1790471281286092,0.21506502344620407,9.442788153117592,1.0075572562670925,0.5514884883651201
4146,0.7601354186463795,0.4905538084949619,-0.34150631506633194,0.028324763227687406,0.09289357973037027,-0.17613453637748047,0.5794936968959526,1.0920217341863512,0.06704824943688074,3.47847281537132,0.27553379132608474,-1.6292349389605616
3214,-0.846702973492706,0.5816364655270917,0.0188924995318947,-0.23953024095543107,-0.2761008772194235,-0.23918967299472277,-0.5755354517657946,0.9296344047158916,0.10933337635858136,3.096258603752603,-1.2818824671128883,-5.361915728688802
2786,0.5556469788144728,-0.6105688474353717,-0.014314709296100665,0.4639323512296468,-0.022982609925427912,-0.5805652799524293,0.5206629034789834,0.33734302378396974,-0.967686864480092,-11.9372828807829,-0.7725605247955835,-5.084438938725043
2869,-0.6741666440329019,0.49545840287339654,-0.30770144431612606,0.027687464301044705,0.1187491135685692,0.3990221211669155,0.557816554787534,0.2307119162428336,0.08808862941514428,-1.4934921258377798,-0.9068156426927343,0.675205546911688
176,-0.4625218932580858,-0.6941152947045894,-0.12137891354625827,0.2995666553699373,-0.060980581531823556,-0.6496131023864665,0.5093184809620253,-0.4822515829744552,0.10543158894128753,-12.351345929974372,-0.17785688116204854,0.6668061706310152
4029,0.4998288914784068,0.3526274794821618,-0.14067690493523236,0.23910923300792897,0.3820551342742712,0.23225676408800733,0.5900450982118357,0.15331829205010214,0.16448335410835455,9.392146423598858,0.1490527140125208,-1.6224405496283951
4401,0.6951473601076888,-0.922957661254465,-0.0667824859809389,0.022780181308809166,0.1808559449957665,-0.21409001252027537,0.6456923132656313,-0.46014334017848396,-0.9750052317697943,-1.6880338714944112,-0.09971714573444833,-1.61770313472068
4119,0.48719771638456266,0.3616534671657341,-0.1855939724643791,-0.20451416462349556,0.3553407417967633,0.23097696384903182,0.597029528693527,0.1737815610527367,0.1626103771653677,9.452788934376766,0.10420215552359531,0.5530731749502742
412,0.7260164854406338,-0.9302026314830129,-0.32051670934035353,0.03613737832679076,0.06647361779516037,-0.19165437340434874,0.6674873057029728,-0.4992317939851233,-0.9559542358228699,-1.6904808615103617,-0.10794324487489236,-1.6351947234170239
2367,0.4342239098819342,-0.7428904230382904,0.006116653310471269,0.5675336431430914,0.18550930436625143,0.09927113639474687,0.616758816103278,-0.7920366008371569,-0.9819331475169271,-12.237791898532684,-0.7231994167650129,5.81371671742089
4270,0.5946005218176458,-0.31087364344788465,0.13076112986613028,0.44491334111374914,-0.05815406172394623,0.29653630264476427,0.6350848935043425,0.2742938284190845,0.6481161595148752,9.19172358171724,0.2813123891371412,-4.8964599466996575
4174,0.6954589700893623,0.7281689323708302,0.5731505668835202,0.00971396641231479,-0.3039495834238681,-0.4399149313797471,0.5512694534552532,0.23808407239010973,0.6884864025538687,3.547508006774107,0.2026949339203674,-1.658865202643256
2750,0.7000643365503,-0.8866196341261575,-0.35462217707979055,-0.2032269028544671,0.04546788623909635,0.3500000332051984,-0.6121774231927678,-0.9271851718990525,0.15101108974038055,-1.4014969248190055,-1.0037306075283137,-5.057266950468943
2597,0.5766025278304935,0.4618916540612014,0.6694785804469375,0.025789080245880613,0.08933651700421447,-0.35454564434020036,0.6204506299112648,-0.901431971771815,-0.987052139257906,-1.5558163377006644,-0.9631708428456389,0.6528790604507037
1726,0.6904293052264838,-0.24904660567988923,-0.12209703230642491,-0.005968562241480921,0.15129056735604698,0.32638652482613517,0.5980294156768475,-0.8669530083444925,0.1741117831988419,-1.543389030022152,0.10175561691507023,0.6373636981281432
265,0.3835081454318487,0.6398106783363521,-0.48732562352124414,0.30800109946168547,0.07008720568952319,0.16144230201859555,0.5232044098508168,-0.6541504354950075,-0.9610014261667925,-12.26449577125799,-0.15848506313150332,-1.482838412353053
1587,0.5331110354107081,-0.6601693667182144,-0.5007011112246619,-0.44737840491482117,0.20154378423763833,0.368034052675317,0.5546428667747801,-0.41596470790164175,-0.9580262242056132,-12.037008439331254,1.0451378640553444,-5.073644874182174
2199,0.4390314020416286,-0.7512024674785087,0.5277298912500162,0.2299071138684415,-0.004031860500327658,0.27219899461409897,0.5858946229008488,0.18437911488091985,0.22007693443256812,9.402416949824588,-0.12505041681817675,0.568227781928427
2721,0.7886881611783045,-0.8634133556015852,-0.14226587020897022,0.18745894709184358,0.14240592491354273,-0.18869608535102966,-0.6559490043276508,-0.5517295143243335,0.20571414939397403,-1.3387041835520859,-1.0618755443092,-4.986104575200924
2447,0.7302424958680263,0.3972932990346814,-0.015783278163911434,0.3278911520148846,0.11658888196226318,0.37858341434538584,0.7407525422214493,-0.9680553735547296,-0.9957969193100988,-1.598678768949569,0.13537447466288294,5.984634305817021
686,0.3789193120760558,-0.7387802296716746,0.12356490107763045,0.3075848209583333,-0.014030934411054066,0.10526051823552256,0.5381030414886598,-0.7147098090110395,0.12907557922640295,-12.281743031098749,1.0320660856910187,0.6198278823793254
2647,0.6771745628954825,0.4774423375322809,-0.3523113285027424,0.03169421487339846,0.03080150782973972,-0.41953002054245836,-0.5859110996518563,1.0463610774838998,0.09256474388301697,3.0524333034965836,-1.1990186476643832,-1.6883453260246355
1212,0.5058751815569014,-0.8548957248651863,0.4216722876467642,0.63761341057883,-0.28269560757157314,0.3061798708312462,0.7313321040250215,1.1143502966941863,0.4692751339710068,9.374612127800551,0.8908588174259512,5.931850391042209
327,0.4191520924388985,-0.6835789016376056,-0.49891652388127045,-0.3164558342832988,0.13096373540867115,0.3459853564839141,0.5312074732674449,-0.4575976626075377,-0.8948804140465427,-12.34765981917115,-0.2436731525280431,0.6501135555578204
477,0.41063586776686956,-0.7060397272951677,-0.4828888220725581,0.30277425958860676,0.17493879321820965,0.36832588478436784,0.5248799726665997,0.24982998804478498,-0.9161113034242288,-12.263852433190285,1.0683904710079148,0.6234005360755538
311,0.5194792468561304,0.696190002692879,0.5514490183267916,0.22238854762536214,-0.27904625109897907,0.20027289330237427,0.6131298878290239,-0.5158473451153729,0.5526608173314748,9.421667777022527,0.14295592821432082,0.5703790803862573
4129,0.768547209168633,-0.9539977347238138,-0.27377983849520304,-0.02475076566114723,0.1371854466199728,-0.288358978782845,0.6145837094420483,0.22369465428217356,0.24439169493640517,-1.7358675940001165,-0.08632363354439988,0.5927448820779955
32,0.7952409290717605,0.7324146729374607,-0.1559610145800444,-0.00710902871987825,0.10155538696580214,0.18993170437991505,0.5503784705959781,0.2881671212043936,0.7407616764069729,3.536734229612182,0.18323845455093654,-1.568859651715141
3536,0.43596201240449634,0.3823577939049777,0.34294015754592905,0.593894187303239,0.012927477579424036,0.17688793481299228,0.6472295049399441,0.2447416062581981,0.5979516365959263,-12.269524304466527,-0.670599196024256,5.826923426457179
2901,0.7886917429004291,-0.863402219804403,-0.1422551313815776,0.1874609374269968,0.14241553452431413,-0.18868553427118623,-0.6559321364365199,-0.5517200783479085,0.20572396139240234,-1.3386950614873425,-1.0618651009350626,-4.986094695001134
1841,0.6346173615294972,0.6213329854300033,-0.35347531830592377,0.5180844806317904,-0.2911551627481133,0.28761869289087527,0.7343151750980154,-0.3424746026334722,0.44797956200576183,9.443743920977537,-0.08191402569318615,5.963273911392651
802,0.7377920392701234,0.6851252814047568,-0.18456122910811884,0.021313237063368268,0.07718701234579144,0.17989008599561424,0.5845890933953976,0.25201733105561347,0.6873475638313903,-1.6240488323475193,0.9360780902451015,0.6037034773634089
1076,-0.3795505762716775,-0.7147220920941133,0.18344188749127177,0.3546307329809589,-0.09581563372847297,-0.7495363065356047,0.5014302867024956,-0.4318053131474372,0.6564266834082645,-12.25614677444909,-0.20843974375357557,-1.4679235015801502
2951,-0.7111337070656568,0.5883332970406789,0.04381026302989345,0.3660045646368601,-0.2534282055593909,0.25333906306041143,0.6221358909412391,-0.5083462182850546,0.26977700560793927,9.235027048229016,-1.131485256240806,-4.99952465887541
3984,0.3707816621949713,-0.3784909078087021,0.16168175490827694,0.29209851924860464,0.04871711730328802,0.1630724405482769,0.5298173302406493,-0.4397776496914764,0.12333992991185413,-12.285143817658083,-0.13105291150575832,-1.4590372560375455
3352,0.8340428657055022,-0.8685226870817558,-0.11071471937685981,0.2029427591253738,0.07135544049068317,0.3760393786078749,0.6610619982651119,-0.49567160981059344,-1.016013131489536,-1.4025605335808768,-0.9955248048402005,-5.0561852217062455
1057,0.7761642261521856,0.490070302764231,-0.3072603379516388,-0.0318527562793944,0.0886974844204906,-0.4135687421346587,0.583849482674694,0.265791234148592,0.26236509690055465,3.4340917610692423,0.22175880704682804,-1.64673853819683
1345,0.3513622412348678,0.4136812135252913,-0.45771218817368514,0.3161347872750912,-0.009903117995467715,0.1603702738799831,0.5388337093356599,-0.6963714945322391,-0.9447760134407793,-12.165124771076739,1.0464652405790913,-1.4845168847312094
1586,-0.49949869043053174,-0.6524458139020174,-0.06371489017584875,0.47818708328240067,-0.043626222282348893,-0.5717054951332593,0.497844357426061,0.3357184277656458,-0.9693818632023624,-12.05013677965883,1.0587578658496435,-5.05036490958137
473,0.38479116738527913,-0.6969918148270968,0.44871122087357324,0.3368998805182967,-0.14175681389947217,0.35541316366479747,0.5286290143921618,-0.42212086815676775,0.6668995682293524,-12.269169717223852,1.0109071464030261,0.6389718411023743
4271,-0.6784317477166346,0.6710774622546488,-0.44470361322186,0.35678121717614764,0.2728680607218728,0.27778772865093954,0.5880424861799751,-0.5608400636837634,0.3032248554561076,9.25920092909106,0.3347483508350376,-4.951120985258507
195,0.5551935209830547,-0.7768653443595795,0.517039472113219,-0.4365847183312959,-0.02140299438218526,0.15361892491925416,0.6530760915927067,-0.517433934195854,0.5748576512624408,9.186540372933749,0.2075176378857348,-4.881070785155351
2138,-0.8629186870593273,-0.2774916879258061,0.6657739768275243,0.12259609471099883,0.05048809121189866,-0.3000022117508929,0.5174210522808451,0.35457637914540274,-1.0565909250758532,3.152484825801497,-0.12309427010335831,-5.530606940321062
4397,0.6533152076870066,0.7012980636234679,-0.29867319571168705,0.039646307866948706,0.1851557302235538,0.3782225288100087,0.5780921558671727,-0.8645343078209351,0.08525898633873215,-1.664279815244573,-0.037564960055375254,-1.6194049212469745
658,0.30475666536232765,-0.7275553212258046,0.48672873640923237,0.3824005781651383,0.1818736383517427,-0.7166220375781943,0.5348845643654724,-0.7279275490343683,0.6535562229056365,-12.299984366288975,1.0457828580884054,0.605369947048043
448,0.2869334158314892,-0.713833476990348,0.4327117475033801,0.3671330282982248,0.16020482293223923,-0.7343770320458676,-0.5439070502789323,-0.7334606971698403,0.11418441686308198,-12.164788928580274,1.0534435970178917,-1.4820227152244068
547,0.7994304746880447,0.6314368684833916,0.616128853477055,0.17575690063003632,-0.22933907667178033,-0.21134563389959715,-0.5603465811774319,0.37319168701235506,0.12482431421464696,3.382403261878269,0.9814318065251033,-5.319825696612054
3488,0.8440279403196453,0.49147583638046943,-0.32611813272167844,0.25929815016925356,0.09463706087893564,-0.12594686277057368,0.7254257063135606,0.28517405783866917,-1.0289880745953097,3.2873664980451687,-1.123788841314027,6.207034392403424
916,0.6569315566555822,-0.20965782885689066,-0.12724003788187374,0.05325300826599927,0.14828110839010505,-0.20854351387969391,0.6160211261532709,-0.9075997924697731,0.6565263200380298,-1.6436381917843859,0.9656494966472112,0.5811879030059944
2826,0.8008679745063632,0.533661355131025,-0.326165921366478,-0.019520961526300326,-0.288109744249773,-0.23669333989879993,0.5988934363539354,1.0504077720295746,0.6904451153725334,3.2388016837289486,-1.099746346588714,0.8358837453130528
942,0.5138885943926554,0.43770217476094797,-0.326617865493592,0.2909587911029972,-0.27908423607486094,0.31579454853650807,0.6192839542672595,0.17026505338769757,0.5723969423131416,9.43535981954831,0.9793149173082263,0.5829442770173086
3051,0.5906324563118196,-0.9105738271064397,-0.12302311253087253,0.06668544234909934,0.1320900258003504,-0.3990462951215022,0.5777830524653913,-0.8961015424062243,0.13596344908770175,-1.6245099384957473,-0.1640467726180578,-1.6536659947948833
4150,0.4829193537577456,-0.3673253007566287,0.07146969337214543,0.27474013928859947,0.3975603664404623,0.22554741113455704,-0.6081594282277414,0.17172159025011782,0.5405249863931665,9.366145538194,0.16886635355228144,-1.5880800313152035
1902,0.5666081659974027,0.4063049851917837,-0.30667990621490665,0.2375477662072515,-0.29458461689429577,-0.21890284296917314,0.6183359661338145,1.2015467560008746,0.33818619650922244,9.439924408749105,-0.17023248503157276,0.6159514561955989
3709,0.6549428854542435,-0.26947044947423776,-0.2994736597104603,-0.047275560734047,0.11906075872249264,-0.4162588065404784,0.5708780891255395,0.2010451078975775,0.0978243051768948,-1.5398994696491848,0.8814034827574045,-1.675120748840676
1988,0.8767399673486053,-0.2877323371228546,-0.004260565549893315,0.16175989398995697,-0.18855820755150063,-0.2546728249995333,0.5680619459687938,0.33467666525040557,-1.0672590466403291,3.5252603549116737,0.30212079599425157,-5.285416675621579
2545,0.3558251842975109,-0.3666414073189216,0.5256121323487458,0.26593829106949785,0.20116043804347059,0.18151440635281968,0.4978117914473141,-0.6606713926818226,0.18865838006029778,-12.26292290286927,-0.1380268283640288,0.686315418640178
1522,0.817086884500712,0.3919007145576722,-0.05392043824085049,0.2823349876900285,0.024913583731393754,0.10765941912490473,0.7153455823731296,0.9782504410621571,0.33050790250195744,-1.5462415447210347,0.08379688404041588,5.89528780515624
3168,-0.7414806560525699,-0.9025320112353206,0.6273242918940377,-0.10984396363162684,0.012610767021985379,0.19377378486327435,0.593656408036761,0.4042057009452897,0.21655871153621664,-1.299710661021293,-0.9704655165892928,-5.053222590759022
2384,0.5753327540229584,-0.2004775413448936,0.20688135315280037,0.5219983090854066,-0.03104125735195722,-0.3790410774356786,0.7119289067421091,-0.3055012864148886,-1.11235276092443,9.44345005492939,-0.10484278133860887,5.953642810965167
456,0.6865073226632338,0.5258337708619144,0.639467355082288,0.022462314801607677,0.0900007334193175,-0.3762322804719974,0.5791670227248502,0.2795254968525787,0.7618468269572254,3.4824251040380068,1.032930082916874,0.8471904375604792
2290,0.5509604693880248,0.6389376368116839,0.3921658078548115,0.4994741489677546,-0.034069803547808475,0.16649355142371822,0.7156984526179501,-0.2782789420445109,0.43313866068949575,9.443112233710691,-1.0055712401157042,5.9140265288953024
2914,-0.8925761198760683,0.5944878666846527,0.03271677960312074,-0.21889447112567018,-0.28025193253568664,-0.23326852175903998,-0.5961592162779723,0.9376206734222233,0.19859749119507686,3.0844994622357653,-1.2886578730534712,-5.373843323348826
3216,0.8739933706926768,0.6025815370257348,-0.42902097461935595,-0.2381289528663588,-0.2053159969020792,0.1349788189479105,-0.6113055331378245,0.9377002906466483,0.7750880236108135,3.131329810383458,-1.2258364341045782,-5.421343316019385
2724,0.5086348196122851,0.5790968125475496,-0.5376583207174832,0.480880767193923,0.19963725498420262,-0.5695466639894821,0.5502398126347988,-0.6664881032203248,0.173277586264376,-12.024256733757548,-0.8458603523905169,-5.1087834282734885
2047,0.9121476251953994,0.692605457973134,-0.4002885526925986,0.13692954812880656,0.045161355023314795,-0.21127883286271018,0.5859470049122331,0.3762966035105758,0.23870362073480192,3.49284190604257,0.33308484739996363,-5.352834518894737
1058,0.6976436559462025,0.4866018343186235,-0.003867073978135195,-0.003669570820701799,0.05913112098111361,-0.460263738852996,0.5830635868591597,0.24642436225245073,-0.9980801116057346,3.5029250417832167,0.1635748929166225,-1.635973782015842
1450,0.5962875288007933,0.6673284442650851,-0.19065711643269648,0.5563898540503276,0.35980744310692464,0.3110013951655058,0.7162087930018034,-0.3316420754618918,0.4809697052052392,9.439059581892586,-0.10554880395299135,5.913066288827482
1343,0.37991403548964736,-0.7040017980468367,-0.47700851113799553,0.35802447316947783,0.15708338720092355,-0.7432207342478825,0.5368222505246204,-0.4175678690626062,0.649456397036028,-12.142239767936136,1.0625784714645543,-1.493556810938944
2657,0.7070408612507482,0.4158298177456383,-0.1605067460642257,-0.01063090982285287,0.17847973580396356,0.19787403861104141,0.6240895969362704,-0.8540324375689011,0.23656319476271484,-1.4332738732014356,-0.9162368910317803,-1.6057457104751618
1084,0.7792040797396265,0.49149866283724075,-0.31731788518687953,0.0029051193385194038,-0.3318957318721205,-0.43050759791013715,0.5929319451637075,0.24078069506713137,0.26969960674395804,3.2532045523094792,0.9805455970134732,-1.7036039708496455
527,0.7897097639452613,0.681153615440734,-0.2334807244117708,-0.05390871068865599,0.1735041250914525,0.17877677548358725,0.6213279795127954,-0.47400325368900725,0.22744946351649592,-1.618280709905372,0.8976133334678861,0.671043296766618
238,0.36040055989531405,-0.6824172661401003,-0.10214426754255007,0.36786244174382715,0.11907127798789426,-0.7355856348896106,-0.5338395064473149,-0.6707471346043579,0.1276685627315966,-12.246790601757164,-0.2193309549987029,-1.4770949085134797
4145,0.7211972511446199,-0.32817829138701204,0.617186723532095,0.011672972418648076,-0.304991616490182,-0.16755643129295614,0.5906976657032721,1.0669228435193687,-0.9758745603933657,3.501193524103469,0.2583368157467948,-1.601529493315885
556,0.647987359571698,-0.16689494496892326,0.6215908325842011,0.2712853648766428,0.14920137531092567,0.3324597837726918,-0.6305859505967515,-0.9502634321390069,0.7414475249023089,-1.494697535526236,0.9154122574751113,-4.996953996530123
2800,0.49376623460859903,0.7385671128656566,0.049020894719219006,0.21693490108395597,0.3365521432943376,-0.2208152896380438,0.5847374708052181,-0.8694530190393247,0.22351941832765634,9.454178159372235,-1.0567918758684682,0.5715801902403055
1759,0.7497575073866113,0.4863389058967452,-0.24465770577247783,0.03139501014139792,0.1449242869675646,0.3131443157583353,0.6421006948814314,-0.5396801880101665,0.26652435856572343,-1.5974624810423614,0.04261019894693343,0.7219927997945327
2539,0.7116172297157779,0.4448215041797036,-0.2703128064188886,0.028890931849596752,0.10662917669274656,0.21645336433964674,0.5777252517281118,0.23993723144496445,0.05941058974274792,-1.5638369842633064,0.07884923527056271,0.6599935002167434
1816,0.7831881044330133,-0.08538740587710786,-0.020613597987306026,0.29837840246072117,0.1903513015099535,-0.3617304291302792,0.6877491832666798,-0.3212376743678846,0.1520313872620519,-1.506900398415721,0.1868836740124214,5.925961109746916
2263,-0.47745903375718074,0.6048401070991383,0.48571722792664285,0.5809031053138605,-0.04090837507469206,-0.38028786657108926,0.6457265778691551,1.0685859537163955,-1.1196631804388846,9.466180566695446,-1.0355394243295357,5.962449768167027
597,0.4769528649508632,-0.6601346928231453,0.47059465662071326,-0.532408514107394,0.2042495237911617,0.3213608335183143,0.5367895071291865,0.8213389685473489,-0.9947167128767046,-12.052546689589173,1.0181658689810118,-5.061170868518321
2961,0.7885213255088208,-0.8639320580900324,-0.1427660819494873,0.18736623780668943,0.14195831178465076,-0.18918755186037656,-0.6567347062365947,-0.5521690396113742,0.20525710910152328,-1.3391290869158292,-1.0623619939152091,-4.986564792295625
1255,0.42094215513768946,0.3820768475458429,-0.47263038307271676,0.6051044676917369,-0.03063355364056967,0.3734589475727502,0.6354564666283028,-0.7802698872834338,0.14739939447338304,-12.388041134435756,0.9560983315585428,5.8367519930572405
2293,-0.5390158367742696,0.5993803167038138,0.1806646539166909,0.5827699561869114,-0.032686258348467986,-0.3821817325682742,0.6548404717012103,1.0406813498562375,-1.1163254072942428,9.48290225365633,-1.0296021539989697,5.949974802622803
4252,0.823758552575914,-0.8881138901029184,-0.3692234815297089,0.18726531503029922,0.1020301170062392,-0.2843076732070689,0.660936275634451,-0.5324423934388388,-1.0386471748936217,-1.6383929633350043,0.008161621925536834,-5.001400214414472
552,0.6251521342041778,0.34285293674260625,0.023733594447423522,-0.437062723764195,-0.21315559622648267,-0.197581481778752,0.6828152319536461,0.25411696805413864,0.3406140739456881,9.215027571858776,0.9068012841615555,-4.864240150489772
346,0.6641025758305164,-0.24874664299126034,-0.1509801768981456,0.003845191860411125,0.09876290415908107,0.3467827339326064,0.6104710067561646,-0.8958146424975075,0.17907691960978772,-1.7187916736201971,-0.09425585996848862,0.5962805599628209
145,0.3505842353859587,0.4112434846992879,-0.46027659474660854,0.31531453372920953,-0.01232820925097677,0.15807848191726528,0.5378255496889507,-0.6988621055329942,-0.9470566279865806,-12.167813029964485,1.0442174125098,-1.4869103767757827
280,0.5471977478394927,0.7393201592434812,-0.18398320131325488,0.24839436543058646,0.4068002431747094,0.21664869555633162,0.5779015220135747,0.17027688763581217,0.5905973413828297,9.451439902425129,0.11887990707744193,0.5303800880705644
3365,-0.9625010862862011,0.5813841704979379,0.016781524607082918,-0.17324211813160173,-0.2490355217617557,0.09862932916959449,0.5470493653957658,0.9249421044937282,0.20051945374755517,3.0682150778974995,-1.2600129632400958,-5.390889780478438
1460,0.7509597948506204,0.611820991550109,-0.019610519156522614,0.31644372800309367,-0.32395826772020286,-0.37460483454343113,-0.7144285347246753,-0.35819372550033035,0.5755718878629331,-1.5317637895611382,0.12374340719719681,5.85295058904418
3187,0.8991744349933205,0.6014911768857814,-0.41359377049031,0.18778864888352542,-0.245273336853428,-0.20761587284601823,-0.614146045280739,0.9968259302849176,0.2086046584784181,3.102589487495783,-1.2981979548571625,-5.41711542749193
2426,0.4185858579186759,-0.7493408505723624,0.04116096579295467,0.6264239513824862,0.19964590860171608,-0.7644142011845251,0.6049046329396025,-0.7723176422785472,0.577999943362694,-12.310838129965479,-0.07736085075035087,5.814804422481516
718,0.35305341691607545,-0.7471708770532596,0.4566425072619119,0.31753370378345713,0.1915372227111275,0.09736187343967007,0.5603111913139639,-0.7271701995936111,0.07353892177124666,-12.27160911940779,1.038456351980436,0.6305821649579287
662,0.7673272744866932,-0.33829986077912816,0.026651512515244655,-0.019384835355919425,-0.29375893227627975,0.1621342410358462,0.5513451249741687,1.0011854374414653,0.6999553430834009,3.4554135280013085,0.9893715064801974,0.8113568751355784
3752,0.769581086519368,0.4843272375550056,-0.2911968116783502,-0.06365323851619023,-0.29852847347072686,0.18253439448418615,0.5820881930664709,1.0114344714364032,0.679366961774802,3.3391392783346086,0.9783703518528082,-1.6473619500475156
902,0.7527612416166386,0.5071811140389254,0.01756498456660564,-0.04469888733957637,-0.30272174473530394,0.14323763748867188,0.5733748800020746,1.011940540768836,0.6893686853357212,3.4678760906598183,0.9847845991442438,0.785535641594268
3542,0.8612033392864664,0.4549322033156989,-0.3291677768536377,0.2682700738687822,0.047404720430764505,-0.148495207273814,0.7193835137309041,0.939979593534771,0.3024120636421348,3.2447401386232437,-1.1661319939684553,6.154847056296464
3073,-0.47725852791981266,0.3852385097964491,0.4755212801008223,0.5672651428785778,-0.03783856572948852,-0.37984767488294924,0.6567223801136678,1.0652548097160708,-1.110954616971926,9.45399527276012,-1.0293376347111125,5.973932056556773
310,0.5471181278667935,0.7390394111735288,-0.18425783313799404,0.2483046830886841,0.40651529546703,0.21637602991879434,0.5778113051873012,0.1700182919380108,0.5903235930983252,9.451156209535196,0.11862180605933997,0.5301085864734537
2676,0.8009143173015769,0.5045288792697501,-0.33557361728060786,-0.014333016764381864,-0.324729247270823,-0.1949909140475189,0.6135221309181249,1.0305845430125038,0.24859387671757674,3.048314665954261,-1.152372675563373,-1.6804274582682956
34,0.7158924074310675,0.6404463909799678,0.6263031790676709,-0.009046863826545713,-0.3195764205180328,0.17876954059182149,0.5445452806341392,1.0601632685685634,0.08614863881214993,3.5172467035405584,0.23969416389524084,-1.6225751725876238
3585,0.49863989601087755,-0.8492490822772053,0.358414024681307,0.5302568908012356,0.3209481394244767,-0.16573135965356126,-0.7193264405724896,-0.3178080561771898,0.430402624967309,9.40346189769436,-1.0115982726253603,5.959636040040083
1925,-0.7641119922797465,0.5549706404883414,0.7253872946065094,-0.06049980099202254,-0.3376961899921285,0.15231950632846597,0.5187522162320082,1.054828782360135,-0.9619374632610794,3.249656515398255,-0.11130601310704231,0.8471896088981552
2664,0.3707764513266009,-0.35137037100935103,-0.03161395166635705,0.2947835624729431,0.017979599632416597,0.18484320107829744,0.5290001529875779,-0.6522401390940153,0.15700106306552844,-12.04332537285317,-0.6959949852501429,-1.4397021163616281
3910,0.5754697874057279,0.6616229939152449,0.4164473776159726,0.5069209255378855,0.351996842991987,0.1881127489113711,0.7020244090090753,-0.32489193217425366,0.21841777642156,9.423462963153561,-0.08386006643796502,5.924659626260879
2540,0.6423283815197475,-0.28873242569103813,-0.10864521174278367,0.019340359492296885,-0.00953879203512791,-0.3156240904524634,-0.5971350876922188,-0.5157237502598879,0.6325392230948305,-1.536480500933944,0.05697779834121491,0.6625206139778069
2305,0.4571392499151648,-0.2543067301591691,-0.4997431197169337,0.5612614129940119,0.012981705742412026,0.12348164190294957,0.6017272222121072,-0.7663633881492847,0.13897101528870195,-12.252201320179978,-0.7286647224432701,5.864526786680333
2086,0.7955771718174869,0.4631934333797794,-0.04716768947585897,0.21714723451103188,0.16627078035557286,0.3470799227334916,0.6617179979303563,-0.5447029931967866,0.716623796769369,-1.4015973011325746,0.057061178132600705,-4.973458813570722
164,0.4821698809883003,-0.7738170377028616,-0.00465602907250526,0.25833893705030614,-0.05959257621849132,0.2777000177225834,0.6020403296589243,0.1571180477065995,0.17804093090627343,9.400981074452341,0.11084474930164064,0.49993718529032405
733,0.45425222361476686,-0.38737476430999734,0.5032487617751535,0.26955890739580085,0.3160800013545229,0.2635231555901377,0.6106182895469454,1.2167249747749742,0.2680626080098109,9.431625963310427,0.9638231729323393,0.620481409998241
3424,0.845861792386276,0.5423227579079575,-0.05268689492378343,0.21248192404600003,-0.31826912058305434,0.11929979219268101,0.7025916689232008,-0.2643500650318447,-1.046919551864922,3.3222156599944497,-1.1604063871686157,6.077924985020628
2195,0.7608184588413193,0.5518598728207956,0.6711365709285726,-0.0362662702805051,-0.3121783056810966,0.16265158008613942,0.5626638013124305,1.0732005125447257,-0.971438136210311,3.309877804846575,-0.11047048740576214,0.8563139683472423
3131,0.6074983561866252,0.6221366771283805,-0.35093404433134917,0.5520833365098856,-0.30820547404594356,-0.3682376028365255,0.6965875631951929,0.17168812646415707,0.4525327813629407,9.437972713966778,-1.037164047764039,5.950348017408659
635,0.6431499686283969,0.5472084810791324,0.6360470494164203,0.052545165157134886,0.09122970977091059,0.40010078452926306,-0.5885685078359182,1.0733570034597186,-1.0371002987944968,3.475558064696647,1.019277997243862,0.8572921728439027
2990,0.7996086528031807,-0.9043097273933952,-0.33552430209133804,0.18888227477679012,0.05122841337907908,-0.19122034316192044,0.6190491229709033,-0.9010744422812843,0.24737402635486944,-1.5912788435625735,0.020892011887186663,-4.951057973501627
51,0.6154131037797808,-0.9263393531737968,-0.1304718008506762,0.049852110251387846,0.13574802642609918,-0.1863064016327114,0.6078682002771798,-0.8928289953025763,0.14248335914990076,-1.6475208882997927,-0.1489750062839276,-1.612693822860271
723,0.7713450144657081,0.7045376486663574,-0.34191368161247543,0.01977779321026344,0.1112565823687647,0.13725649914030888,-0.5461820294372235,1.025399240878015,0.759072204027969,3.4499612073976667,0.9812178553360824,0.8165154976477037
2095,0.5143836258168167,-0.32320883848671034,0.49841371910806553,0.4347332732650844,-0.08110386823999695,0.0746005037397705,0.5321158169083349,-0.47231306330970985,-0.982557934601141,-12.028812863881509,-0.18812091037882855,-5.122569815821021
966,0.7534938560494406,0.7335300880774344,-0.3593413070847967,0.0012997260340032568,0.10665477342291146,-0.4259220701439606,0.5461206959593524,0.25464378510060703,0.0679069705508107,3.2882874789898207,1.039730490154035,-1.6531051658642983
3897,0.44137882283143415,-0.7364698013881116,0.02109379430765936,0.585583205892374,0.1927239000828113,0.3617465631894044,0.6131604934334337,-0.7928988789039502,-0.9814283285115863,-12.277540546311158,-0.09931048559562752,5.830553313962302
988,0.26319649508521253,-0.35405642236585105,0.47029675678756805,0.3718791017269057,0.15510475386290024,-0.7813137227056325,0.5408611410398794,-0.7101846917610162,0.6444600273973835,-12.204454853597568,1.0355604610434959,-1.4777834219238235
1466,0.4956568304459924,-0.7287997333427053,0.03701046427077416,0.5969486597204305,0.010929168057757262,-0.7566069265610593,0.5860544078302469,-0.2932572080470643,0.5767460455334864,-12.282574229267462,-0.12896213795186695,5.8090044132067975
4220,0.6104467173939325,-0.2759865411846748,0.5694172989098155,0.014023597285282508,0.16255834240331452,-0.3984291515811508,0.5880323300761816,-0.48697218024249384,0.09524534573395098,-1.629061439540225,-0.04275228645274502,-1.664055996631576
3441,0.7599776509297121,-0.11700133082245708,-0.23012364381462766,0.2549018084454007,0.14674251780317515,0.1424028098367756,0.7004298025546312,-0.9971905711103568,0.34708196855333373,-1.5197315822723836,-0.9496514170280899,5.903855086214521
919,0.579055175551824,0.45177004074449423,0.6314033948168369,-0.030305541725079856,0.0835289851464551,-0.33837417441466533,0.5977618254631097,0.22114206071360398,0.10289385526633438,-1.632523177127321,0.8837716140136512,0.6624874949350705
3414,0.5206026985151897,0.40248909820146594,0.5291424696235683,0.4457414858985737,-0.030473134833829626,0.17443012309769337,0.5559917016311501,-0.678742623553343,0.11288316251737038,-11.986211157374793,-0.7933177021154906,-5.101778475803808
3383,0.5488601053414026,-0.3375413520977138,0.17313271874400746,0.4379185882999327,0.2155759729404948,0.342060408111571,0.5780064401772979,-0.48586970930907036,0.07930426071802871,-12.001573452353409,-0.8283470706509337,-5.104919961899623
1847,0.6962595300757779,-0.11575303053218515,0.5139003395242766,0.3307125813857217,0.10820896078510539,0.3901553014313363,0.7058289607132481,-0.9876385994890651,-1.0133062662576602,-1.599070603691795,0.09862615683999768,5.987883437430831
2247,0.4006152575419871,-0.6534740301509957,0.46897257298048656,0.2817895481933754,0.19105698429930862,0.32581947007746376,0.5096622780353588,-0.46761586271524747,-0.8840826380652005,-12.200858998835676,-0.15992430831152676,0.6834162521619553
38,0.738875939930006,-0.33265507471848793,0.004247187341436775,-0.0192071691583504,-0.33212512994425153,-0.45288933488286687,0.5611251802547654,0.2141575184796842,-0.9809606664063939,3.487745733464588,0.1909976258402789,-1.62151055386677
2049,0.6531704181105982,0.6526278199217853,0.07081150747365023,0.45409231106779835,0.32058955378607573,0.16100522865699834,0.6117209826776301,1.1364363134027353,-1.1432199596674983,9.252083588909027,0.2883130505620336,-4.864798118571023
1574,0.6282021313682706,-0.7527078334236305,-0.10334610131978976,0.5118584518672512,0.24339607025525098,0.15785607103940788,0.6204972643019205,1.1289053983370239,0.604369810613459,9.216612848393542,0.9724265548145762,-4.895696951547109
3422,0.7955628247517842,0.4585311422884338,-0.3397751873273411,0.2943309358143913,0.01867071174935806,-0.43608856768440796,0.6670462824377663,0.9446585136705328,0.0719837620953129,3.2467694980626147,-1.1837373417390236,6.154942453612556
2781,0.7886935151022239,-0.8633967099186316,-0.14224981791265795,0.18746192222576344,0.14242028926766825,-0.188680313697954,-0.6559237903655755,-0.5517154095171659,0.20572881627523015,-1.3386905479770987,-1.061859933653585,-4.9860898063729095
1176,0.867526909655681,0.7021585424248852,-0.024147674328288977,0.3021340277689612,0.12344885432740561,-0.12617657677156394,0.69390887384602,0.29092366127851405,0.6917438416206068,3.586010421246284,0.9249059708543004,6.092388563393829
665,0.6433841811596597,0.5482395239180698,0.6373056993707553,0.05287592543840257,0.09240626744422065,0.40120578612792057,-0.5867753563532184,1.0743688982675554,-1.0361360245782203,3.4766023498211904,1.0203457208612,0.8583966499113309
955,0.36947145209523385,0.4237103033389527,-0.4532272006485684,0.31103551612953273,-0.03132477476765994,0.35548864239167915,0.5170490239291696,-0.6941603474561849,-0.9314121010043369,-12.287382013351724,1.0390609059903564,0.6287859988707781
11,-0.671616864302355,0.6828539498967232,-0.41762590863268695,0.4093911453722103,0.30359544999376736,0.11924183997479625,0.5743987589782297,1.1393203804457552,0.3185962470152188,9.275097516052671,0.325342265644042,-4.913266244173764
2377,0.8967315782357258,-0.19293853721630583,-0.020432601117186623,0.2335937830051054,0.07805491818037184,-0.4166352161890029,0.6543962646975972,0.27987575542181975,0.3085646957343215,3.3490699312015484,-0.020111172182588042,6.161057820348955
2205,0.4759778034489508,-0.7251415385932882,0.5191551539926107,0.2535818943278301,0.3278974090744837,0.21995293699181276,0.5798094489151866,1.1989093545846277,0.22531114371249578,9.403157750657952,-0.1655799543509447,0.5803916196678964
878,0.9137400857347129,0.5930134658913544,0.048354383509445084,0.21242113039786026,-0.21195188287370595,-0.25269084962806143,0.599372645015376,0.9712796750467096,-1.131252156455525,3.3942105264830476,1.0034582034525228,-5.342614731017775
2567,0.6591292362305388,0.4146337351487811,-0.22860310734969366,0.03464368056787525,0.1362269703394848,0.3385105221665411,0.6054784092046264,-0.8601986666578891,0.14639463572091388,-1.5499033133814732,0.11047408914354058,0.6326083730564772
2812,0.6563356978673709,0.40901853399249316,-0.218436417125248,-0.008527589562590998,0.09771309926363331,0.15114383253799743,0.6100751977857918,-0.8870121828524793,0.12897244869035973,-1.5102388926388477,-0.9607697944725712,0.6120303253219613
2441,0.5833254858285698,0.6383933202313491,0.3967514304269452,0.49486687170990695,-0.2902005244618008,-0.13273667157799499,0.7322462756259737,-0.337549299877476,0.43787296343975657,9.414121943905657,-0.09254935450847344,5.941585194178703
3894,0.4716046788160076,-0.7194990147787668,0.06376951044795508,0.6071881253578374,0.19910724455644707,0.20630751885155293,0.6213944421615243,0.7879988400113723,-0.9980683268168091,-12.276645851272455,-0.09945180147213611,5.81849524598016
1383,0.7465719274378679,0.7202875764553323,-0.3653864010211037,0.011617244074899022,0.10012467138576729,0.40380852413213875,-0.578089694937053,0.2898834869872969,0.7675006447493743,3.4547551710534528,1.0150773254444716,0.8138574521560578
4027,0.6954351171163021,0.7216013078435382,0.5587658007456194,0.015463694293332043,0.06042357881368938,-0.42099569319611585,0.5756881260363057,-0.503413706905301,0.720398850254714,3.532429133791978,0.21940366845769022,-1.6371142477818925
86,-0.5378103549235834,-0.6751288427115452,0.14965686578264367,0.4807150919847201,-0.018359513739331694,0.060212111131029346,0.5177611908085146,-0.47845623137527243,0.7489035745573447,-12.167008799784492,-0.056385662423047656,-4.9974911921996625
3702,0.4605852811602902,0.7284107094696537,0.46467461768735907,-0.2333372795950373,-0.33549317022308267,-0.18693204360563004,0.6304859351727361,0.13155413029352483,0.3440574020783966,9.37291776514928,0.9542646117824249,-1.6640978212123168
3014,-0.6240969572316918,-0.742394243627186,0.10468713940278186,0.39317911912078457,-0.06247251906594465,0.12791393720017852,0.5806105770830248,0.27138113050307994,0.1782452052903335,9.212553947461434,0.23569920554957835,-4.882431540899256
2675,-0.7473321978024585,0.5920290620300579,0.6013012218528244,-0.007282156571772549,-0.39476612439272873,0.3782258496517265,0.5074448675233392,1.0277145377685737,0.09829627482010421,3.039328611861498,-1.1965310772371276,-1.6612691100503512
2316,0.8962256139972825,0.6444535627696801,-0.34115205490495465,-0.23907232371638962,-0.30616771955564004,0.19615073606401387,0.6553371463005315,0.2935158271592767,0.6280861798304073,3.3949459914113533,-0.015159531290056793,6.155075015214342
3116,0.41499872271036015,-0.24107083138536975,0.07616367209386928,0.6072657445925875,0.1760885142791622,-0.7953536102828049,0.623142846789654,-0.7517251832243624,0.5761181773522999,-12.28313417753589,-0.7266859800559979,5.830367505516786
260,0.6517382370468308,-0.26660012098295044,-0.2830584863974539,0.04435929435592041,0.17370236680947482,-0.4213248632337797,0.5878372920505635,-0.8560445566505167,-1.0144234738374622,-1.6833283926223193,-0.05829493658889622,-1.6512509647447813
3087,0.4348083769328327,-0.741325924534417,0.007573127966736503,0.5680535176313481,0.18693617854668437,0.1007765284143836,0.617353733801199,-0.7904063778476511,-0.9803781831311459,-12.236131854214438,-0.7216523479716617,5.815214581252613
2634,0.3705321416852723,-0.3519178321293904,-0.03212645434296902,0.2946181995259057,0.01745232101637684,0.18434085646227413,0.528843534082311,-0.6527792593773276,0.156462743486037,-12.043927725618492,-0.6965523263908289,-1.440219334939648
4,0.8544679861751956,0.6019184658289076,0.6684341208925826,0.1692493599438235,-0.17202956678656098,0.13871117359010893,0.5659895943258427,1.0233898979807827,0.09926930172302034,3.53725534863294,0.3491539656939965,-5.274645429546214
4178,-0.710131534168907,0.545977995803404,0.03199071431971708,-0.03436625885724963,-0.3408642734994002,0.4392511401146537,0.5553628983136392,0.24657919250835458,-0.9388589455476661,3.459460918539155,0.2226301888363207,-1.6023791373979193
4352,0.7270532325870075,0.5090505330713171,0.014654121959118787,-0.016235449285081645,-0.2849948445973319,0.18062347701513826,0.5699730670894907,1.0268583976734178,0.6683044015164628,3.5344058650978805,0.17441769790925638,-1.6409216112992255
1952,0.7079072461729629,0.6728649866462136,0.5777272006691045,-0.06725462527253984,0.045806270471345154,0.3397961491584334,0.5391095095219862,1.0186111888045375,0.6960985720409263,3.3341548831197674,-0.15302523120349856,0.8414823723446029
1640,0.5457762599079155,0.42871619753079615,0.5452967954543418,0.0015943848745757167,0.03971168675289274,-0.23677108513055498,-0.6340273165718433,-0.4991381951862392,0.16487295202323243,-1.4943012822620032,0.04990103642943871,-1.6707248921515014
1164,0.3222592465018108,0.3844146773362604,-0.4690265882681899,0.34891960590759896,0.1610318569072856,-0.7438539458739536,0.5300822925584665,-0.6827772787945128,0.1535012113995926,-12.19480357102684,1.058174945156752,-1.5193984709512882
1377,0.3568821215866998,-0.7045581305477028,0.46194602760733766,0.3178241546359125,0.20382762089804432,0.3569308742424259,0.5298050251698012,0.24578855828267765,-0.9053732261902269,-12.26847192856961,1.0528905257890515,0.6289695860547806
1576,0.7885214822609893,0.6689819000275854,-0.10359077074304514,0.21891466355700778,0.05857901789290236,0.13848049497149137,0.6047690865947162,-0.9206981865048712,0.736336506914143,-1.4832585924755228,0.9354139676530905,-4.907795153181457
1042,0.5706302475508557,-0.2207236042044843,0.6341612655642003,0.011170195395586788,0.09199516272419629,0.17646773326800397,0.5807022301694166,-0.8987043304486863,0.15200524257931095,-1.6430359661741383,-0.10571965957009018,-1.6271640037951818
439,0.6677716639897571,-0.27437285750337465,-0.2866259678820361,-0.05682410608018064,0.14253552691938715,-0.4448524228966113,0.5937779342517531,0.19860860041583034,-1.0220009451083774,-1.5847282355187275,0.8901884236093096,-1.6753362294266825
957,0.4290080435578456,-0.7101807028247982,-0.48827881451160005,0.28058438543114245,0.17587465787377676,0.14631890988168847,0.5234594432505832,0.2558627520374963,-0.9137282804134478,-12.272260074118044,1.0769789536493988,0.631187571831696
4057,0.6919817829518665,0.7401853985869628,0.6353658200497249,-0.048822537293381284,0.08556350720385746,-0.3260683689135236,0.5608281507494127,-0.8140036968250072,0.16988249297149363,3.6479496588005316,0.20938945492054553,0.8364432827829263
2835,0.5146653330507086,-0.7704667123063471,-0.32823514815170224,0.3289670807853696,0.3566013895565243,0.3056054565838447,0.5974534170850204,1.205413884229954,0.5541274830276518,9.429492933516434,-1.0078655498306854,0.5826926310263896
3628,0.49151009066467743,-0.2700586388764687,-0.5118868071700909,0.5354721778992263,0.032153489911751855,0.12447996530113134,0.6005499489802901,-0.30640406555231425,0.1094426125380877,-12.256183080436728,-0.7205306637482983,5.830982067334589
2703,-0.9220312790080604,0.5892867461115308,-0.4783174019367058,-0.28220151195782084,-0.2615921333746651,0.3409850763802951,-0.6053584706144852,0.9206421134501046,0.7669108626882313,3.0733782754727765,-1.25104823413222,-5.483574761831047
345,0.5256014402211673,-0.7856838335815463,-0.016770613693436437,0.22281941704123495,-0.07462001525029423,0.23994986746263383,0.6383936737287481,-0.5329803084512607,0.2820368388581616,9.419789058604298,0.13016322809078007,0.5352730235150019
1797,0.4006820069905951,-0.6532104074422637,0.46924946297934916,0.28186684009273877,0.19131189535766768,0.32607579677155296,0.509728025150762,-0.4673694559243617,-0.8838206027829595,-12.200559993756768,-0.15964249075525241,0.6836693918269774
3296,0.5202607886944778,-0.6489816286769227,0.1117959695874618,0.46607528790376845,0.2269869378022985,0.06993929268314224,0.5807083876320616,-0.6830828259766893,0.10675871229886244,-11.973416200363282,-0.8291143310119617,-5.106390447292031
2155,0.48529265892670653,-0.3194740709283998,0.519747929447273,0.4472887258375689,-0.05709511760691261,0.07749954225777902,0.5177200235344841,-0.6962912718559189,-0.9919936422237641,-12.018623261774552,-0.19543511211996226,-5.123207629684571
2855,-0.7611410463412502,0.5956006912372123,0.689380520694564,-0.06786410357873983,-0.3638135852834753,0.14566085518554814,0.4950075043859148,1.0348051697285792,0.11343143412172642,3.176422900840097,-1.1724718597114008,0.8318545584035973
3490,0.6078365694836738,0.5882982077164025,0.2363165552921169,0.5356670016894018,-0.2779887362916903,-0.10754803710919313,0.7355086935537054,-0.2612455741103652,-1.103375243894706,9.457946648908171,-1.0173717936152122,5.940911559661651
1976,0.4358340048456594,-0.6742705921567456,-0.11567221159060315,0.3052090422265088,0.011194325497747012,-0.6539505039783229,0.49665507263586145,-0.6451552840440308,0.13117459862061287,-12.208641479917631,-0.16102974276364584,0.6699556305011991
3726,0.7915976022140061,0.5228835270633754,-0.3271104889131922,0.04478210257056117,0.10420353773346179,0.3942977201713425,0.6077754806605692,1.0599981293409313,0.21958893337053706,3.2482565623986415,1.0067249040903792,-1.6404921990289
1366,0.6715639838604568,-0.22812126012034895,-0.09711295943361653,0.021270374138251336,0.13044113814933012,0.3488444678806754,0.618243884911882,-0.9420619261081125,0.1720394996266453,-1.621064742698202,0.9573630535009154,0.6158037894680712
845,-0.7302567229290626,0.6739874745289347,-0.3901443954813411,0.02612528074730525,0.09392001799220734,-0.40100563985413834,-0.5464509546734899,0.9843314799541162,-1.08689929424861,3.2316832585484643,1.0154081233971122,-1.6778134425643607
2014,0.8894386902977117,0.6475541319065433,-0.1034392803122142,0.175790868849399,0.07629753135976755,0.4067496219619877,0.5891511969176328,0.3906351543607509,-1.0433539656547297,3.5595557889122214,0.3153935156027787,-5.36319715690284
3921,0.7741578440770879,-0.15237839219255117,-0.23922882354106303,0.2617261859548856,-0.002387035666564887,0.1584285284683189,0.6923643522028053,0.26615379813550194,-1.0483771585545658,-1.562786425684414,0.11957451203747331,5.910053667264877
1519,0.7784255805267029,0.6102983131020159,-0.2813607640233673,-0.34005790356671406,0.15304405202995805,0.1483910425264096,0.6749347790402066,0.984429737896222,0.09119167808091186,-1.5821986817539884,0.1342234479227072,5.9151581851729675
2485,0.4662051664312191,-0.22882294693677338,-0.507653331790879,0.5570168200401229,0.17827554929677625,0.10335647484809432,0.6019570055712198,-0.7530096723642439,0.1648365642500822,-12.316905091507952,-0.08404542278070147,5.865105490293964
1927,0.6487072618688877,0.48441838934001724,0.6373235446437809,-0.03968902686667134,0.0636985483236911,-0.3269831959472726,-0.5349727604616163,0.26963941773208694,0.12497392149389287,3.3288809064569214,-0.05826659782153674,0.8678402757176326
4377,0.39552886356710354,-0.6952239623806992,-0.4900435387090243,-0.3670534615621685,0.12389491364676128,0.16946565398765848,0.5399780230676318,0.8520447717890497,-0.9259081289801165,-12.214259971257453,-0.22520885519108572,-1.508388541532251
737,0.6866612481470337,0.4355623739304478,-0.12236367109323652,-0.020784152992662473,0.12123917424376916,0.16041338759571838,0.614096254156601,-0.9395900551023142,0.23850633259853257,-1.6283506180036806,0.9311543119763376,0.6052566510513661
3820,0.5960554836843086,0.6662437230085835,-0.19166754853809445,0.5558747832415329,0.35882415574637977,0.31003038903272645,0.715901779731041,-0.3326585129841647,0.48000665723092895,9.438100598741801,-0.10658874052041618,5.912080643256732
2915,-0.88541146129026,0.5426000471458754,0.015504924138167378,-0.20649897607916334,-0.2587181194705976,0.10938181656643971,-0.5787002535819916,0.8967848244301148,-1.1375003450594852,3.1007604381414877,-1.266889141817118,-5.410474700948407
4280,0.7587041184092234,-0.2328850718086636,-0.35405902880909196,0.2201201066101799,0.012139847099837156,-0.2563133670569228,0.611970929094084,-0.8805360202084915,-1.097030404122986,-1.6166371286437131,0.010062616334635748,-4.981288080924827
2626,0.6477375839979451,-0.2435921434516725,-0.009833865626374123,-0.0008859224896699737,0.1024233268852905,0.3615614338499001,-0.6259391819688356,-0.4717153688119208,0.22453392566650104,-1.4132230020002519,-0.9654871857528143,-1.5915019364398393
825,0.594887324766978,-0.7777312638259287,0.0561863265619826,-0.43430533887629563,0.020277643169458508,0.17964545444932548,0.6488536574209225,0.2677849187812765,0.22475968387818057,9.206657504681449,0.9675608492947949,-4.898582119317679
3786,0.7974539048693962,0.6435077632760541,0.4427533522185096,0.28884619718446286,0.07191283013068595,0.4044218630619435,0.686640596423919,-0.340950214271116,0.6694046872083205,3.415711741793284,-0.054974751948724414,6.138891454641264
4121,0.5260838490475156,0.7170891176536752,-0.3541363876655524,0.25199267886914484,-0.013492939495259596,0.3121227525104503,0.6010400659029225,-0.5420957962437032,0.5617869554265882,9.444328452892854,0.15735818451572872,0.596625438179887
3667,0.79912240416871,-0.20646378394911943,-0.05214022324958053,0.29221724719433695,-0.33328991894255494,-0.4406373325716529,-0.673508285342776,0.9311476537923696,-1.0967746313017348,3.300126390320832,-1.1589229532817247,6.111143975678912
1682,0.8727847565445671,0.4826650301185776,0.5943151567274407,-0.21950901143109977,-0.22292847143971461,0.27054808886545034,0.6108342686021848,1.0060163258903665,0.1741733268997739,3.17571150772886,-0.16888553381823507,-5.427856183242981
3860,0.7055118241555537,0.6285931727663625,0.002783284547914968,0.3436224498512974,-0.3241541005368866,-0.3875170247121869,-0.6940755548725457,-0.9421046384399971,0.5854311767843314,-1.544725883848234,0.12972529848696157,5.894473894774566
28,0.42857368436638926,-0.6623649689411643,0.513333051730223,0.5602946956822225,0.16475724623711277,-0.5997215157963812,-0.547861223795111,-0.7350159980051096,0.7172480610920206,-12.19764655584359,-0.11145775832394024,-4.99175486958588
3792,0.5984843292314511,-0.8133880478931786,-0.3704755411188657,0.6202756252317909,-0.26653692137206025,-0.14307723897848612,0.7370965236194545,1.0850623833659045,0.43703380055585994,9.384133513634914,-0.09567518754184286,6.000801429230627
1127,0.621777845766537,0.4391630270176262,0.5830306217928471,0.008905792144235397,0.12772146677969065,0.21235765574846852,0.6247752364060194,-0.9297045169989814,0.22627077733047127,-1.548761692975877,0.9069379223596012,-1.6226696972663515
4087,0.6917428435467662,0.739433007135464,0.6345788021529943,-0.04901477488520527,0.08474086536808058,-0.3269203384277046,0.560598400467068,-0.8148306996168454,0.1690743454630387,3.647166463503783,0.20865103700691814,0.8356403709079151
2561,0.5088350091360658,0.6809658425615012,0.5423548625061474,0.16258981422147872,-0.2987867039528904,-0.2438338373280721,0.598255314545886,-0.5041827397396358,0.21230687860598407,9.41758272798521,-0.16168181719035096,0.6198302243394799
3619,-0.7314484770499338,-0.9573790141281101,-0.022691157404467473,0.29421908789722817,0.16507865159850396,0.4105046986560972,0.6809799625009426,-0.3122616476674144,0.14148009372379378,-1.4475243643118827,-0.9579221955489456,5.976017444953931
1073,0.3670192903723009,-0.37643010775413277,-0.08181655620798373,0.3429734311515412,0.03569876550540412,0.16900718941847104,0.5371587072936393,-0.648104041340846,0.6449382656879793,-12.263866435897556,-0.14973345966895682,-1.4389902660430718
1779,0.5496777669520241,-0.34952272463650796,0.02799619917231757,0.1846466835935924,0.3294094831535481,0.2281132821160524,0.5802474171640764,0.16951560758413048,0.20145253954783687,9.437794074159223,-0.13938770670243922,0.5995091683675694
2193,0.8519539822881871,0.6883458400112176,-0.3398294347261889,-0.10025478685954488,-0.371257163970729,-0.26998894346365543,-0.5679657964950366,0.249231499088551,0.20262103763725056,3.306434658793636,-0.07067445957190205,0.850922823843714
759,0.5077570923772023,-0.33098395028855476,-0.13232238066182062,0.21839223812348738,0.32334643406867786,0.22753384164793253,0.5836569127897894,0.17054227921357132,0.2170404907843184,9.468977369587305,1.0029792516194325,0.5794694733557998
3041,-0.5431574691002431,0.7279938346456399,-0.3641350251647166,0.262721658195686,0.42380325008726805,0.29544988027358393,0.5519479052078419,1.1832536461098562,0.31742418889456336,9.41902861116584,0.25102407868611615,-1.6355494475443628
3778,0.31812194591143583,-0.3509389253081214,-0.12008960645399822,0.3482022394580031,0.1312678288800493,-0.7495795281471312,-0.5463286517780616,-0.6989763846745322,0.10913683022927628,-12.200826294891606,1.0378609988499652,-1.4651644819362475
958,0.28466701263532523,-0.3637630434922804,0.5064694983630519,0.35912992283204526,0.1642488342143867,-0.7227073921332962,0.54305321769017,-0.7094336182491641,0.6594835224119975,-12.339950462947188,1.0264181623481963,0.6395713001071769
2830,0.49414270355619927,0.7397328526342518,0.05011733628363864,0.2172803843558668,0.33773146777655516,-0.2197836975234475,0.5850851402149155,-0.8682808506391771,0.2246483109618561,9.455370924086933,-1.055610108041138,0.5727125594778515
2322,0.5131430761937734,0.36444578985997444,0.4549891758887815,0.5711309202756948,-0.24743782361362823,-0.3035698260106609,0.709069652679583,1.1217062844913266,0.2364071115837026,9.393199685698509,-0.10056121754079965,5.9564976137209875
1101,0.6603691160513893,-0.24589140432883907,-0.09411077061518637,0.023648725944873723,0.048725749792776885,-0.1786399907782735,0.6000634951441659,0.21332232069995322,0.13670021986049813,-1.5255884499652312,0.9591987824061095,-1.5904226671201254
1015,0.37658580947601544,0.4019301802912132,0.46307193584948125,0.3227507192577046,0.07417144165185713,0.20085660614816866,0.52265832421194,-0.4875607326325334,0.6410636472534023,-12.273693826316125,-0.15891084220701707,-1.4747985029721449
3203,0.475318726761039,-0.3260019558695228,0.5318263798497165,0.47303923863099867,0.22172686011032375,-0.5541318195718867,0.5648240087203784,-0.6911669088512513,0.08312449077205677,-12.000140099854898,-0.8289522530652623,-5.117299312776927
3693,-0.732733628971921,0.7074484716887505,-0.3968112563176007,0.0675248629760512,0.10597616819527672,0.41474511522544655,-0.5297089606018847,0.9929060631821925,0.7403976796454145,3.2691528088783492,1.0109025914182237,-1.6224273539331784
2386,0.8176204189925569,-0.10486938316213266,-0.02780804391751731,0.2736703932765528,0.1473838571558177,-0.35741789059669715,0.7112842162203354,-0.3518359488670648,0.3168195453379492,-1.514051171216781,0.1672387273969414,5.921899122375662
205,0.5031842717824103,0.6032632819298356,-0.5236929736246102,0.4869510950971908,-0.00602582211905697,-0.5994201277171494,0.5132315435486577,-0.6860946990495034,-1.0224168880594564,-12.201911290910992,-0.06416246068722431,-5.010069965873592
1961,0.5254910331397746,0.6998497514261538,0.033691518236950456,0.20815321917313,-0.29453751707389336,-0.18647630951228353,0.5874321145868572,-0.828342660421154,0.23759998468459964,9.429692897517315,-0.12387651494480377,0.5630225566017627
1026,0.7351585525060628,0.5160095954601651,-0.3469566367317871,0.04596013871100963,0.08428488885349071,0.40585639495002535,0.5762770009388936,1.0761378125813537,0.06416198317356629,3.452867887764962,0.23904146446354926,-1.6299111495776668
82,0.7720627540554715,-0.17087362162133632,-0.1074077504317997,0.18201844378657822,0.1263676988341194,0.10665801433986442,0.6095065799936382,-0.893032471754255,0.14169037952413874,-1.5626229190016676,-0.003228839437412859,-4.907931661476117
3276,0.8617016093745803,0.5950343723679222,0.5741548644961227,-0.20097250465864253,-0.2105480106365142,0.339155349374672,0.6113216704601557,0.9951712769435724,0.18228369704104497,3.1292976429841235,-1.213153841314618,-5.426734149836644
4124,0.5086546096185092,-0.7662803678720762,0.0028955889255431965,0.23989902776657665,-0.05819574161645029,0.18412885095622106,0.6003824837640301,0.16598449603488855,0.17157880044286147,9.410415720950594,0.07308017104081631,0.49330645142050744
4039,0.737806689735433,-0.9114969499836043,-0.27709137387885713,0.07645505259542597,0.19988970313203444,0.34859865405549106,0.6089607431535166,1.1239063948586443,0.2656656113510422,-1.6745302005589258,-0.04269442326034294,-1.6427560466632263
2762,-1.010142527615572,0.5764102265006165,-0.24437553155981326,-0.26951874522978114,-0.2506288285921337,0.08762935488854594,0.5327744926340967,0.8858675378288827,0.7419594521706127,3.084342189564365,-1.2407504853014861,-5.427749726813659
823,0.5352063227444271,0.3598436974241315,0.5262064852025752,0.45645383301082354,-0.20624846232325764,-0.2848348182542474,-0.6723424024812521,1.1353078075495453,0.3019248897324435,9.207474512500987,0.9380792878675398,-4.942413703582221
3434,0.47728557083868633,-0.2051443037428275,0.3921693508613633,-0.5228724941363535,-0.024552284308195137,-0.1270242179388298,0.7328660145301039,-0.23725419118509586,-1.105372854535632,9.43936414171591,-0.9875362305082963,5.946541972709383
3787,0.8790592465672636,0.47491356193860274,-0.06612686079636822,0.21846893346027602,-0.33636977803929813,-0.14669444693073314,0.7140863409538329,0.281578348908709,0.3526168498207752,3.3955364312301164,-0.03211320728770199,6.124806877643155
1937,0.7215029912802695,-0.23188932438746976,-0.19194272401116144,0.006795110541811006,0.11369692051110022,0.3200563767809908,0.6065424132705899,-0.845995969946409,0.14161678323863186,-1.5456209192495807,0.09900366174839023,0.6548661237903198
2848,0.43386987839309704,-0.7013194323280594,-0.47727671008483064,0.2761220047251648,0.1712193005895122,0.10262300986116998,0.5532796502259977,-0.6559746301880724,0.0947290571988028,-12.134793256567793,-0.7508038560596906,0.6555423041047785
911,0.48950066480424265,0.7351025695821686,0.021965036332020738,0.2788859919536171,0.02832341760081729,0.18440058363778278,0.6031269659279594,-0.8957206343328338,0.5894420699003362,9.466375218798644,1.01746972294057,0.5646764211907758
3228,-0.7428223081257788,-0.9032936995995705,0.6264603368658721,-0.1110224620831254,0.011871424076373809,0.19302027032610844,0.5934612961720795,0.4034562083635943,0.2158528550116309,-1.300329525963316,-0.9712411359820302,-5.053986563376686
1241,0.6190905765891626,0.6397649160565436,0.18721479991907822,0.5514962279297749,-0.27681748014057234,0.16810286131712066,0.7427466421453714,-0.27794906440462264,0.4945902236749209,9.436797723145554,0.8734706352319741,5.854084717019458
1900,0.5754658441622952,0.6923959424419668,0.0011170313850586409,0.1696322128063513,-0.05718471162124315,-0.19365926464827438,0.6195480394058468,-0.5246320708868257,0.3153141130096777,9.45547352588402,-0.13662236262522665,0.6163522420061092
173,0.3550034531505511,-0.7043417954606148,0.48915323688702245,0.3662647870319192,0.016392937134476072,0.3641401288430679,0.5073357594534913,-0.6874213320937024,0.6823277629974344,-12.342964557031538,-0.1831583187550179,0.5934460009284226
2742,0.6154073094677884,0.5911445338302528,-0.15258949499201122,-0.47705573682167013,-0.22487874997393162,0.24353681035306426,0.6450455920349583,1.092242891696275,0.3222555458871421,9.22660864069168,-1.1192216826165706,-4.959179673683997
923,0.40144508231668635,-0.6988568179527983,-0.4668433862765497,0.3466077891495721,0.1673925959646106,-0.6859433695508079,0.5361389586104272,-0.43983988168637494,0.6657409403805629,-12.279201648645465,1.0512140080386028,0.6473356700125357
1510,0.6215457504832747,0.6625574947717525,-0.19703651977091957,0.542364902424633,0.3652603825394369,0.1909714922385296,0.7145567733559918,-0.33504430043299566,0.4780155685108907,9.448143911921044,-0.08671194560002542,5.888688569285847
3700,0.44258477679362407,0.3496695137687041,-0.033417610085577955,0.36429267883730143,0.35123581270346727,0.29672622774148955,-0.6280887621897069,1.1710715428253233,0.5506626043148992,9.369870457272027,0.9562517176911504,-1.6295501765875324
558,-0.8186085741484784,-0.9234901881498719,-0.4018811495693669,0.19435646664769987,0.04215380236690893,-0.2737346449471603,0.6091929574561792,-0.48974479734418647,0.15702738388505863,-1.421778731505974,0.9029559753621008,-5.032331350855259
3827,0.7438892124498281,0.3688178266489861,0.005235928978238593,0.2836280766984031,0.05277211396404368,0.12667506825121644,0.7048616491911025,-0.9511529417780236,0.1282168163616995,-1.5339630439720515,0.12912124081005474,5.940702311442252
2627,0.7070483267342986,0.41585006105233113,-0.16048695630148777,-0.010625525192478844,0.17850072028686179,0.19789426894605247,0.6240968488585108,-0.8540084045808617,0.23658323702047662,-1.4332542063022247,-0.9162146126662986,-1.6057260662072894
2888,-0.9010494020295722,-0.8665870667224346,-0.15502373906918743,0.17593102325612364,0.018653593794249874,-0.30078882873805246,0.5364118794015207,0.361757570272398,-1.059786724664021,3.060487854411711,-1.256043541887722,-5.483886243792641
3688,0.5134352411936048,-0.25618765657476833,-0.4958759087301106,0.521731234635807,0.15994963457925818,0.11820065967115541,0.6313934885668648,0.28380727143849793,0.2260059324157706,-12.254784816479203,-0.7270150527615545,5.860025481260548
3502,0.765951689649274,0.6018530971347754,-0.16948444222218792,0.2810096642700677,0.1809039865538161,0.14782971042001447,0.7047177388344947,-0.31274720613760315,0.5741577673302708,-1.5327269866759619,-0.9217005415887898,5.84112026594229
2663,0.3491673262868393,-0.3512557763251515,0.4479861062577398,0.29181553822763073,0.17688036300006363,0.154603342212111,0.5680455900269146,-0.6559072097742309,0.09910046981001154,-12.039352758096731,-0.7271591730985866,-1.4236507898388389
2271,0.7631419865789373,-0.0902857008896495,0.05439048402572845,0.30997448573412506,0.10323928351976322,-0.13276662063934053,0.7255914700763356,-0.9701435553194506,-1.0302495346251521,-1.5692713251681334,-0.939567208745662,5.9563571451093456
2201,0.5261906965720631,0.702313305114454,0.036105475253188336,0.20893929419504897,-0.29202983591065984,-0.1843111831907684,0.5881831406267952,-0.8259264172417081,0.24005396755853295,9.432185202156669,-0.12149414966271409,0.5655284790113487
3497,0.6375501390252374,-0.07775232926915261,0.5537156909381676,0.3150060148177857,0.17952182611587364,-0.40726136089677,0.6729005021678174,-0.9857582037040216,0.19996325432683426,-1.4965282252291183,-0.9841800680815587,5.9693199963680605
1175,0.781200254552028,0.5022085013617715,0.5268747621649007,0.2820643499627097,0.07348610782908456,0.11316506151014401,0.7094706965696682,0.9514544037593518,-1.0804289722393836,3.5208267418087154,0.913151454498932,6.116448668001931
2982,0.5684675678593889,0.6482664386218259,0.5581591385140867,-0.39781663784894244,-0.16907054916797631,-0.1882322053464016,0.6437862759303822,-0.47741617544539966,0.2007041612570867,9.200437220366807,0.2736469795065823,-4.8402487004314425
1495,0.4657583984522966,0.3655171873908794,-0.47437194179305103,0.5863653994450195,-0.029807759079555258,0.3587709812567669,0.604295066108703,-0.756322249835255,0.13394556893666704,-12.30646830445257,-0.13245747351396195,5.8780456387107005
4064,0.5087730430137855,-0.7658376450843328,0.003311787519602102,0.2399777436849048,-0.05783636945587871,0.1845137580350447,0.6004909816064607,0.16638764754272284,0.17199143267615444,9.41082917462497,0.07348640323518164,0.4936923869521317
2629,-0.6256695818687595,-0.27954474611174013,0.5739222402685362,0.04022900346055777,0.16904744014492376,0.3809294678848652,0.5589020284408159,0.24054193624070183,0.212922346923166,-1.4062728292634366,-0.8948366429391689,-1.626383475897633
2878,0.4343708356167284,-0.699947319380396,-0.4759248743820718,0.2764513816825949,0.17249177995160167,0.10395024459047712,0.5537050703013096,-0.6545778545264581,0.09611175192754007,-12.133379678558287,-0.7494878160995339,0.6568551060068483
396,0.7862775675166757,0.5139202649568619,-0.33023835773482696,-0.030737863825255167,0.1075146245766432,0.4162015742487425,0.5964545390752982,0.2902915334767108,0.23419321523636025,3.439748510607372,0.23077057091544642,-1.6116334407287984
3469,0.7014238103762445,-0.08996604585492524,0.5011762421089521,0.2577013026018975,0.14857550453441437,0.1583681818408694,0.703753359907345,-0.3062570538222778,0.1438891113554978,-1.4941496172106135,-0.9550958052777468,5.91450494706936
2825,-0.7526544217662556,0.5998685595964798,0.6943288901348119,-0.06680812049051754,-0.35909106956422593,0.1501680039815374,0.4962888507588137,1.0391305099486974,0.11814727950562919,3.1805387444256485,-1.1679908773357512,0.8364372836163474
3567,0.4474028465278804,-0.2781785569976452,0.07766777730141397,0.5578544083737761,0.023220719069835402,0.36586608604938337,0.617581379805043,-0.27430673170550995,0.12853861467992053,-12.268199182973735,-0.7259141826169733,5.772457201827564
803,0.36675892845688224,-0.7555386236069791,0.4303433104958571,0.3346423629723376,-0.06486148414620932,0.10833947003674768,0.5492328423106461,0.2405309042596722,0.678235983986511,-12.280110450659977,1.0378160098056406,0.6179986634365763
2476,0.7882842110560279,-0.9546338990694575,0.01938795680344182,0.3126083917204951,0.15818356366415842,-0.11559335127696378,0.7315408784587587,-0.938070065457844,0.2931631243591632,-1.5451729260227962,0.17411898507303358,6.001695525654556
2197,0.7140221661984091,0.5053200284633349,0.6472159256533303,-0.06401488557880938,0.08927122021695891,-0.2478717870930593,0.5653123879166464,0.2636943674828806,0.11416396062512714,3.332954420026344,-0.09170355862791577,0.8686661885572275
273,-0.7456625254627828,0.7145247275180898,-0.37060791575569946,-0.0026516617224538884,0.0702989795908094,0.11988722303416476,-0.4885797214917245,1.0094946104246336,0.7508457190448607,3.5724257590160198,0.21638122116058758,0.8008133142756814
4066,0.6831309277268544,-0.24136787820810154,-0.17166349546909646,-0.03350036820855646,0.09700487349880137,0.1410174693769725,0.5972903785892518,-0.8903471833766216,0.19733801271634474,-1.70662480242227,-0.1238977926235617,0.5806006158432516
1444,0.8569706044982813,0.47156972269325886,-0.07192146966968628,0.22236473243606364,-0.3469084611868429,-0.3923851632197851,0.6773487976756416,0.2639129573092015,0.3551877618650366,3.3694490337256022,-0.02309893639586299,6.114423255429224
3995,0.7557420906774617,-0.31143787919434773,0.0047158843868357276,-0.03970837937828201,-0.3394779631591241,-0.1519224485061649,0.5664384516122805,0.22355650463277832,0.08321409742950024,3.518298910917672,0.2153877416884288,-1.576022975657986
436,0.6739296369682467,-0.9552113313323815,-0.16580077548305128,0.1103007413322514,0.1100426716394983,-0.16031930191200475,0.6398682197279841,-0.8840533474984972,0.6293682278099849,-1.5600204994081481,0.9673724576376702,-1.5824685856412724
1940,0.6976305253808378,0.4227608295675495,-0.23766518031039732,-0.02033514297364219,0.04901230349609245,-0.3024893631844754,-0.6383851709121835,-0.5666578437243643,0.22994769382921348,-1.5368049692269907,0.07001146134360517,0.6995436559149572
3845,0.8823340124999509,0.4417353123592585,-0.09279374481273259,0.2727370567661523,0.07798064509786781,0.11383724577285712,0.67830756395532,0.95002772404272,-1.036166417501453,3.383631014769461,-0.053033017765363066,6.1470164589297545
96,0.8144888178949135,0.4891971019319619,-0.31728161385039955,-0.05131843316267494,0.10383809915771816,-0.19491461198219276,0.6007418178788739,0.26356355756792244,0.2596766342757828,3.4660440514011883,0.2703579605747323,-1.6078497429501841
829,0.7104541415345474,-0.1750726666268129,0.6419265511440667,-0.1801977918132401,0.20282490648740192,-0.31197870575380754,0.6246213880118195,0.3364772310109805,0.17923278568771295,-1.4860447435754431,0.8877484344484247,-4.998145541453895
1311,0.6779593181819639,-0.24455439204805454,-0.03953803541672003,-0.006402068348596316,0.13874377248469463,0.19430610208229307,0.5966237930726902,-0.41551560501187124,0.10330809789927028,-1.5259448941120908,0.9154590981053154,-1.6109272830779555
3524,0.49177789238428765,-0.22319111407121425,0.388043439169752,-0.5283435186566465,0.3279523735635228,0.34862644333070697,0.7234932388315333,-0.2503179504415984,-1.0924515165290458,9.444769113094953,-0.9818808083988575,5.95169414652756
1461,0.7603423700166585,0.47204446304251474,-0.20361536442943215,0.3332812749228608,-0.33865428036300865,0.3597391674323532,0.7316836903545147,1.0147984295505834,-1.0549442741736292,-1.5970348541961743,0.07377759423995346,5.90227128434469
2323,-0.5681373673783372,0.6235743869641796,-0.37622110435312633,0.5725539925970216,-0.002569535874828724,-0.11007045272512697,0.6774033255485892,1.0486964106565644,-1.125232402883478,9.474977338749541,-0.0898520817780893,6.009943830060012
1223,0.5139060001056773,-0.7833751338096988,0.08490777830325832,0.551631451757625,-0.06736360688710578,0.12467927100821745,0.6282932509623046,-0.2960030996975852,0.23790690039971898,-12.343408862610834,0.9397958001891513,5.768259200399892
1013,0.3291420460967466,-0.4060378234582426,0.12803379666184503,0.3515567881664062,0.04572632745691441,0.37568255763354536,0.5224247943399531,-0.6560213392061738,0.675333163773131,-12.280387676428205,-0.1660732307960064,-1.4235104192853711
1069,0.6109339264801555,-0.8918231906949853,0.5931409822288823,0.07172313810650804,0.1058339148013027,0.17018982975516686,0.5933807739589821,1.1022363338821786,0.13345304776066802,-1.6395558279332583,-0.11836106434456613,-1.6446135340730084
616,0.7621047685051535,0.40312902952039664,-0.16364474481981453,0.27311636951959123,0.12052993901686235,0.35515598716954727,0.6767503917785646,-0.9150327538526757,0.7527764621500821,-1.4941002763792899,0.9221761917020516,-4.95554355406524
3453,0.7758842476425274,0.6130537954403863,-0.05415355881472676,0.25017680839923306,-0.0005201595201468776,-0.45877707240108934,0.6624151802872149,-0.28245485567117823,0.0688943657037852,3.321220518471041,-1.190170931439074,6.077986172836586
2697,0.38005067010256893,-0.6668007705557318,0.44938604536261295,0.27766284970026756,0.21264255491983522,0.19190215573998626,0.5209173137083055,-0.4449062316704893,0.13026352095685287,-12.016352588269653,-0.7119912296336482,-1.4587257816885997
4203,-0.724690438658132,0.711521886800302,-0.3809298210970362,0.016612495820440956,0.07684271183168714,0.14432850407807465,-0.49444047624686516,0.9952872347681397,0.7250970664988223,3.44166820753816,0.2371374986668793,-1.6043141716774165
2841,0.6777480487274573,-0.2537955012728269,-0.07102894671773455,-0.006767323174441843,0.10051083329276246,0.38450663459672296,0.6289118870043755,-0.45418178388700636,-0.9580082705490851,-1.5428850138251275,-0.957262588933834,0.6857180312950822
4157,0.6583006598828858,0.6779784325676993,-0.31050301759959315,0.03436590497182001,0.06221618245274112,-0.17663344592955688,0.6083747082167091,-0.848198611971552,0.12996744196490342,-1.66404431556387,-0.07531037511600044,-1.6177104182586368
117,0.3988717674845918,-0.6997367126492371,-0.49487360875113245,-0.32313249521050047,0.13651287034161083,0.38640044261407175,0.5303730622646453,0.2642486307718145,-0.8923401385239956,-12.216247230431383,-0.2423408660826385,-1.4877933599778985
2231,0.5260670089520708,0.7018777941553728,0.03567873207307653,0.20880033059611014,-0.2924731477952968,-0.1846939376829031,0.5880503730429173,-0.826353564573406,0.23962014854331523,9.43174460855849,-0.12191530800556222,0.5650854780419924
487,0.7872245351044034,0.5024616095840685,-0.23286441214366202,-0.01083395957593534,0.13936435026693672,-0.18391930047034763,0.6105157227882059,0.2843792601549944,-0.9874753906635378,3.485423306502675,1.0432605546781784,0.859757652993869
2000,0.7223561309236305,-0.23990894049361663,0.616646695572825,0.17292973892506744,0.0387734776088993,-0.21570186291348406,0.6061212703694951,-0.9108827332841288,0.19898754969040833,-1.5827229901095714,0.056658090817386465,-4.932928165402035
2483,0.47312061302127334,-0.7536441887685927,0.3291690756490798,0.5869802240723202,-0.13687017278846622,0.1683642258731338,0.6215187860539569,-0.3013644944285605,0.5715651803664274,-12.270682628923078,-0.13250753569306828,5.820221118351094
2457,0.46806755032847747,-0.7279819944354642,0.0726271972485096,0.5607920889647823,0.19064093971778476,0.35863913818608045,0.6151260227713443,-0.2941674561548494,-0.964562012902648,-12.278165973822096,-0.09343695571404777,5.801612006768852
2713,0.6020247073201979,0.3699251733181466,-0.129779441514923,0.45039579797801677,-0.21516123423227498,0.1508961335661242,-0.6663039598961962,1.1055505102659042,0.326669792293712,9.24411450593159,-1.1187555469651285,-4.942206533045531
190,0.5895241050725529,0.34362346719329007,0.06199241132172574,0.447357066429643,-0.057228921587125975,0.2858602819127706,0.6524494298131122,0.2657877424773522,0.6632491355702181,9.200623493083727,0.27844879408314366,-4.874616810247169
3891,0.774121821180006,-0.1524821513973867,-0.2393221823083506,0.26168636796306316,-0.002481005334857047,0.1583331769437239,0.6923300154374765,0.2660561479743119,-1.0484743766251947,-1.5628765598380043,0.11947633818364913,5.9099538491553885
2206,0.7092546509109088,-0.9124087272307183,-0.16798637117158738,0.06295835048022833,0.14770833382036783,-0.21054568009152638,0.6133913620860247,-0.8224673110226298,0.6360930875131601,-1.5585476327178887,0.11492142626194918,0.5846901640361513
1523,0.46408729228396284,-0.7613105067499266,0.31939754783374236,0.5984044974633067,-0.09663177328941648,0.3735558790803471,0.605312713867701,0.2530195688783118,0.6086557108274033,-12.267354309138879,-0.13749831461829307,5.837854166068637
2358,-0.7266222755751921,-0.13301938187517873,-0.23045748792340856,0.2626140776388484,0.035640901296506086,0.40340488997512197,0.6696548730488737,-0.9748374938032387,0.2937837086596861,-1.4741041472650684,-0.9499962061514479,5.9541350259380295
1864,0.8582647765591584,0.47537854169988647,-0.042008090896899726,0.21240347113290234,-0.31644581200327837,-0.3692070840967767,0.7020628232556073,-0.3427081854309534,0.3495906691355915,3.363958099287538,-0.025534904946874694,6.092559185501705
1286,0.33933255204923257,-0.7168705318456989,0.1919123121656946,0.3402077380261752,-0.07724673895127052,-0.750314077041022,0.511201025387917,-0.3826168819725913,0.1263054097604363,-12.181986234926699,1.0520856496834599,-1.4932351418216696
1252,0.7576577186993261,0.4398055161717422,-0.15949212455557182,0.2947279391421554,0.10983626071996103,0.3797514239683731,0.7382699215395083,0.2562654172206575,0.34069536544706436,-1.6303484057312998,0.8139168713723111,5.844467915592758
2287,0.7303644267091854,-0.9266126628605201,0.4824614018351688,0.34011082816300625,-0.3115234257371239,-0.38813619778221053,-0.6306125462986423,0.9998383943829321,0.653944180062979,3.3377547628596234,-1.1242872190668882,6.151285924085612
3485,-0.9034945133625126,0.5862508187968001,-0.38433265329143584,0.27142001688795475,-0.3390208394649993,0.0909166605166025,0.613939574657849,0.9076856058008365,0.6375641888656545,3.2376334772686586,-1.1674827629794113,6.146822293175255
2288,0.8331870850204326,0.46696539422723937,-0.0656670220147698,0.3059570951693513,0.16964489125462448,-0.10083866926545186,0.7273749113614701,0.9550355609434007,-1.0179141971795405,3.322052960091722,-1.1477657102896008,6.163204299953624
2618,-0.7121989495395769,-0.927125737017775,0.5780533846811363,-0.04313896138494678,0.08077607387111348,-0.21784638952750107,0.5552802081762245,0.25602801724160495,-0.947003228226003,3.023799613687852,-1.1643659924137049,-1.6011522802121583
918,-0.7504884675130207,-0.2700252398994878,-0.32493152052204005,0.012776673808252039,0.0865947482828178,-0.23701327781046902,0.5831091772099546,-0.47281635218752854,0.6381735522070717,-1.5985570843318235,0.9114857162892956,0.6594736006449203
3547,0.7641369993854034,0.4443248994464812,-0.06055149765128771,0.30145135834185893,0.052170738469932115,-0.4383510412662131,-0.6810844987118514,0.9360085966209577,-1.0934572267395166,3.326397198018934,-1.1340891839959757,6.129752019368497
316,0.6189316460942452,-0.22705729437466435,-0.16473532024925583,0.024832994742631,0.13645612912855212,0.35862268394504004,0.5870147951575325,-0.9028343176237218,0.14383704753092716,-1.709859638163377,-0.11185188572648089,0.5835800324516469
4001,0.5403335122894504,0.7474566239617534,-0.37688489209552095,0.26612104654313434,0.4182880417729941,0.3209822827924396,0.6007915590860493,-0.5285392207933184,0.526516544140142,9.382891758586688,0.20709999390824563,-1.6177098056058674
4002,0.4724714701424723,0.4033093153920354,0.47893447014113966,0.22096894969796546,-0.2921639918754488,-0.33026528551001183,0.62860576309259,-0.5114553162293095,0.3629940505249714,9.355001547762337,0.18058995625749757,-1.6771570173225374
2960,0.7000039161995958,-0.8867752450253464,-0.3547627980690228,-0.20346153672252432,0.04532741165939458,0.34985944944213754,-0.6124262708717394,-0.9273378162292003,0.15085605617575154,-1.401637306067573,-1.0038892516415576,-5.057427628639866
3194,0.5881209751267767,0.3450582647974299,0.04748057351114463,-0.4980936195633788,-0.09827605999986294,0.16175141760396528,0.6687547507736439,1.0584631144833916,0.601293875957841,9.224785962256686,-1.058299935695164,-4.965565624179948
4258,0.4146185755124264,-0.3164563696988353,0.5586983856821338,0.5134195313467778,0.1943017330787801,-0.586162064082698,-0.5293352187253673,-0.7252928334227947,0.21558739068896607,-12.23660213221274,-0.06331709202516102,-4.999962045049282
2945,-0.8698322691595329,0.4548316061765261,0.003193279362118653,-0.2050102765951574,-0.24269707317722403,0.10215280242425773,-0.6012058536998516,0.912981501950631,-1.1289993692214755,3.0931939961696364,-1.2503632263461548,-5.4103467006267705
3799,0.8075748152172361,0.5972916962016525,-0.2785549870252605,-0.27336147493295204,0.08894988797324616,0.16309454446593985,0.6931126924286147,0.28897016648380586,0.356164366059327,-1.561986502818533,0.1817113625224303,5.938350894466785
2534,0.545947665488921,-0.34371369345391656,-0.007527874956919835,0.20826406694418786,-0.29159563631599983,-0.2924809163216758,0.6110409455120712,-0.510176166425395,-1.0542198020217268,9.45388177345381,-0.15754599886663845,0.619740855806629
1601,-0.6532810515349556,0.6259929408350124,-0.17382747649542046,0.3532568547455402,-0.07576829980704049,-0.28502298738778864,0.5746655456691928,-0.523522511715177,0.20093640120377002,9.247005063030661,-0.17557132896635583,-4.9868856305217255
2802,0.473503679238794,0.42406760484863604,0.5290611576209701,0.26635839185727817,-0.2955586418698254,-0.24589146235307763,0.616092256327619,1.2230158085589204,0.3103702295981166,9.423522671476832,-1.0087987234547013,0.612815181062299
3223,-0.6083021154644433,0.35214858587899156,-0.16143667373102838,0.39678734948101796,-0.22498406906640522,0.1530704835890025,-0.6112314473638842,0.2718918454445255,0.18081312849051664,9.256395618603614,-1.125278897977158,-4.961913313970327
2432,0.8536341948062682,0.4561957403824271,-0.3299318927676286,-0.30574282484669096,0.06257011300341041,0.343121881869775,0.7008322156920224,0.9419265100444929,0.32212446224299324,3.3217152821146034,-0.0756831534050935,6.17089782669368
3246,0.8617723081055826,0.5953059791181793,0.574450171055913,-0.2005332660606926,-0.210270854060254,0.3394162078351616,0.6113790615437849,0.995419989966761,0.1825357522411957,3.1295483553556522,-1.2128596593198102,-5.4264622640612705
3766,0.520733025981992,0.4094127725937106,0.5837567542297115,0.09645681608592298,0.09964871434002989,-0.21531560331576238,-0.6510281006157295,-0.9068954929037466,0.6344563395997074,-1.5819551633171811,0.9468984998453577,-1.603027575722009
2227,0.6663494450605963,0.4895007938789195,0.630461257514693,-0.058514599558980696,0.08464740510002769,-0.2617975645067409,-0.5533572806601146,0.28014934822751325,0.14111809391168698,3.352246010344249,-0.07229430792373435,0.8619321549301782
1390,0.5048132378380615,0.3648999673864717,-0.0777735522328862,0.3341268794944632,-0.06379184291620542,0.197078366601665,0.6351793757061989,1.1970444543901972,0.5772800506470954,9.457313076668871,1.0060806754894713,0.5609272278708639
2172,0.5196923060298685,0.41289131977394367,-0.30547928933442714,0.2661205568972056,-0.26956118189589096,0.26888859285138217,0.6015721001635602,1.222782916549911,0.21111585114694445,9.431224134880694,-0.1772016541279455,0.5999699700010611
2392,0.7552704552060402,0.5849203852126332,0.4629083714725476,0.2862155458476128,0.012784370326790516,0.1326393754272848,0.6917951314684568,0.9961852779492547,0.3242699606738715,-1.5602488654901823,0.10093786687023854,5.900338397406188
2487,0.501066798176273,-0.7161819147198417,0.07173306214596253,0.5554857208757129,0.17790862671373886,0.34815821526230933,0.6076524963768475,-0.30373189404609024,-0.9235503346513015,-12.258905700723743,-0.11856512407796709,5.831881840192072
1396,0.6715956030225015,-0.22800998238648532,-0.09700257802086952,0.021304348730684788,0.1305485713540152,0.3489435003342869,0.6182757390344086,-0.9419503714811215,0.17214254218771358,-1.6209652451502357,0.9574682790258188,0.6159123590948171
63,0.891546713791916,0.6498213092310142,0.03335865240548753,0.19063913315457065,-0.1799766215047311,0.4077071670284278,0.5803624680906675,0.35692777828946826,0.8376246472616098,3.584294891499668,0.30764974064162753,-5.2698242289327
535,0.3791336624617875,0.39676495372649545,-0.4790256564087584,0.2911902192826396,-0.029558552427601872,0.15605098156960476,0.5075877525884651,-0.6839248816781044,0.11819833982278018,-12.313696465605869,1.0130491970752684,0.6366279026834475
48,0.695352500033242,-0.9306726626692096,-0.139235633419499,0.014905598158819014,-0.3452418990312933,-0.18547142655363222,0.623187196449834,-0.8743301661064,0.2691440086883588,-1.642634781366728,-0.10917524276740945,-1.6046566380003429
3673,-0.5634646647836902,-0.21902450289795036,0.1743312482023253,0.5727133485130655,0.34335300166924826,-0.3672808134251457,0.6582295224066771,1.0614581577743845,-1.1184172029817898,9.476259202502717,-1.0219992333697467,5.957329833704846
2024,-0.6878216453126156,-0.7091319682184528,0.05484518075301549,0.4234980215267757,-0.21105576882162172,0.10942095921813247,0.6056029334353483,1.1208797693012722,0.28452437694504884,9.21831179669273,0.2986942852500321,-4.853617809304466
1716,0.8309990079275046,0.5188243157980181,-0.3442654450788104,-0.06777781002237575,-0.3344664987916846,-0.23120394082113443,0.5643025605007295,0.23390846090462006,0.07578391251729097,3.2971374726624982,-0.07020540012615313,0.8564307505323977
355,0.40508788817973973,0.3831858271388543,-0.4939559924440455,0.2953204445818956,0.010030410424666106,0.1477105084660586,0.5003937060784402,-0.6409138905765012,0.10906763869013,-12.396745530414083,-0.18896889380092133,0.632858820158247
1490,0.7055183428032532,0.6286106635576101,0.0028024404239278284,0.343628584686505,-0.324135448178871,-0.3874990821380284,-0.6940476287738657,-0.9420863123330694,0.585449136025554,-1.5447098469424168,0.12974346534253195,5.894491583031214
2373,0.8367195020387712,0.6259326034900072,-0.363203260249083,0.2567821259373598,-0.36953879814830837,-0.18026668764852247,-0.6777190158751194,0.2746365581948881,0.09571328188363885,3.39090140587208,0.0038049662908227412,6.153337115765978
3113,0.44985527129708236,-0.28291101873750824,0.08400706469489774,0.5683106898952086,-0.13627633868033937,0.3788546337317133,0.6389851118442279,-0.27569367213739865,0.6135244936017928,-12.276759633416932,-0.705850028114573,5.761062297520633
4366,0.672555636976775,-0.20035105903757708,-0.13286534018825336,0.07906952942772595,0.06968104291161024,-0.1498290640936722,0.6235867676320206,-0.820647993790266,0.6377235334464467,-1.6634996537320432,-0.07184655667442826,-1.5770226630729807
2753,0.5333292512163885,-0.32512673607624704,-0.5271893448618404,0.4387766320419042,0.19924056547788713,0.07976355005418118,0.5827325719148531,-0.6563655520037878,0.09775892873373873,-11.972406997829259,-0.8393895693441856,-5.168184344414987
4358,-0.7086194515883221,0.5467160837345336,0.03273687088084727,-0.03416908611896465,-0.3400617324831643,0.4400343234781854,0.5556651303300866,0.24735528130563977,-0.938092487817537,3.4602234293965273,0.22343041098020522,-1.601616770535202
1598,0.903313367030983,0.47580914726834017,0.0006873446062428643,0.2043815722206835,-0.2186466515597589,-0.2118616538117617,0.5817828670462281,0.9998026248197258,-1.1202432328020135,3.2149936048799415,-0.11247944444056822,-5.3601990982409164
3549,0.56052158136884,0.3842802036108876,-0.33457616457329564,0.5442376794010304,-0.028138843705903978,-0.38067721751845435,0.704030226774288,0.19104068903060514,0.45105609123935875,9.438745625703426,-1.0213389545961151,5.971655654894534
3681,0.6802969381342434,-0.08562619979961592,-0.2153760344502471,0.26250786119567776,0.1371165521743328,0.13894560078434964,-0.7000169892252895,-0.9945279034337873,0.3171446684404683,-1.5014257449314974,-0.9788659961092985,5.9106949643068445
2506,0.7180325213558841,-0.8800481592115981,-0.2138640152607817,0.028385637820431922,0.1431027424727706,-0.28633355847251896,0.600625028087901,-0.8378331372703154,0.18544668294833566,-1.5252795341149907,0.14728180598287258,0.621385586278083
263,0.3583052307333964,-0.690652664461605,-0.4983700799018024,0.3595506595615674,0.15462056021506415,-0.7335208953301969,0.5071774905185823,-0.6649983342180664,0.14999739976509047,-12.232934571094374,-0.21461878610067306,-1.5134360456606404
1997,0.7629102417168216,0.6385473598911734,-0.3743094012742258,0.18728914056395604,0.10973177793397983,-0.27349191681994095,0.6267250783975367,-0.8670720127204454,0.1418369140746448,-1.6014012845570547,0.02576089156100307,-4.955007282378204
2012,0.9252093752938501,0.490444245110621,-0.39227251130195867,0.10302262786059248,0.04817453353871673,0.11311524298927819,0.6079541019078926,0.40899176105089746,0.23136272372754205,3.4727003681609614,0.32317088550103273,-5.369368018625049
1116,0.7729287880246118,0.6932472928463504,-0.341111626603586,0.006655355368533558,-0.3287256549169023,-0.4507587574629976,0.5715538096949777,0.23270552144967618,-1.017141460536669,3.2932059220446703,1.02010425067416,-1.6884379013289312
4116,0.750531065391894,0.527580777462523,-0.3358147464179704,0.027279265781461875,0.16382851992429887,0.3862510804138493,0.5722587884202085,1.1076782618433212,0.0827801740297947,3.59204754597355,0.21356409432007314,0.8445765182847038
2659,-0.6354398707017461,0.4748381754943344,0.6015034955135761,0.07081828694871362,0.17517902831828652,0.27058708040803514,0.5750426011545142,0.2632682887095767,0.24693064922246605,-1.4023265248989776,-0.8917974025557854,-1.6506340954328873
3332,0.9219546116101399,0.6005819710813798,-0.18745750911765932,0.16530600637909207,-0.026085108699607736,0.06937074325853905,0.5866395211868192,0.9305486691918639,0.15128934224097337,3.100533068255477,-1.2851012728509645,-5.447180236064497
3682,0.7618172539324214,0.6318576862576947,0.029253701193611793,0.3099423086882219,0.15161736812175725,0.13752972902281027,0.6928238178261086,-0.9643142846979937,0.6012969393902341,-1.5375105645881606,-0.9315517225123792,5.903342464015784
3368,-0.922819597584059,-0.8644015307642252,-0.18081683855468805,0.1683408161506862,-0.014473303802590166,-0.28326726932520446,0.5229862459185332,0.3413522521848503,-1.054625827567874,3.0667966724770945,-1.2599139615312345,-5.4796613879153115
3219,0.5674248511528036,-0.2746073683275848,0.07350034124055713,-0.4499004472739897,-0.06058812175485058,0.28233447512560156,0.6354734901423028,0.24148557057187697,-1.1470400607562965,9.22787494897988,-1.1149566030135656,-5.035014882002613
2783,0.548309478639395,-0.6391798455249588,-0.5094844272445903,0.45224242496218714,0.21098904325076953,0.06880252221713122,0.5790506145211739,-0.6683552284192702,0.11059357045885028,-11.926893031808309,-0.8272114938138635,-5.155026880965841
1333,0.46725527811140105,0.3797138252151236,-0.347752752550035,0.36942303320580955,-0.026020698434235115,-0.3573019880946591,0.6238404397667128,1.1730337329148988,0.5216440381136911,9.399661878062417,0.9908167189134758,-1.6975864051051157
335,0.6533920302465536,-0.33244333490226746,0.6515617552382358,-0.0010423773568353203,0.06593555451701787,-0.22301544122497002,-0.5585162804769525,1.0610062191834009,-1.023625401118281,3.6535680018980856,0.21386936698974676,0.847442115296835
2785,0.5321192079631459,0.41110463933701924,-0.5059123848979631,0.47272202179488537,-0.03344412893752071,-0.5912357081730999,0.5478580690192085,-0.6694667537700371,-0.9748135029831839,-12.00117134665207,-0.8121223251650914,-5.119437867550795
1046,-0.3781529545619123,-0.7139540682368298,0.1841258307236349,0.35489839149024105,-0.09506978209945198,-0.7487864389576633,0.5016776175894265,-0.43109664335587133,0.6571706612936277,-12.255365951242924,-0.20770733573880168,-1.4671607420128612
3335,-0.918642155737303,0.5660557089411381,0.0015120031077186591,-0.19679912060434016,-0.24792608509815628,0.09406868744725651,0.5308414109184636,0.9146521017367314,0.07936422849762031,3.0798709486412528,-1.2542907963600571,-5.380327727692965
2633,0.3489356204777117,-0.35187224388064803,0.4474063016688771,0.29165006490580697,0.17629652049383315,0.1540638109803842,0.5678879415697324,-0.6564727328502662,0.09850102340131124,-12.039986371728059,-0.7277365240071283,-1.4242118459491597
1399,0.6854382769152552,0.44379839247906183,-0.27581966194810154,-0.013020880491747475,0.0700592665621141,-0.27973284703493423,0.6194535503010699,0.223841566045905,0.08392622320331382,-1.659451449898159,0.8759254486830061,0.6526169944536312
3987,0.3696978663584349,-0.6999111029876132,-0.4973935149790797,-0.3409160879821771,0.1145271824140308,0.3790201706218394,-0.5421396653520744,0.25943906045750614,-0.9178952211424977,-12.235215718000301,-0.2557311245938328,-1.4918114030097451
2803,0.49302590683102077,0.639606051705217,-0.18371880297892482,0.27230356102031555,-0.022997871097258357,-0.21029943191593314,0.5871090198724683,1.1497644436646888,-1.101933542893232,9.483323662292348,-1.0346738045590052,0.6082601920576947
516,0.6864811018880648,0.5257218060618257,0.6393480595016119,0.02243629078814029,0.08988854837795233,-0.3763444362347154,0.5791322962129944,0.27941022453909453,0.7617437194433806,3.4823122155624766,1.032823416033171,0.847080751484466
7,0.9644113734525619,0.6636253684597708,-0.41594398782697567,0.10182967183315879,-0.20309126609442,-0.28812879962655286,0.6038574111559498,0.35243053019991205,0.2335579038165813,3.5200750173907087,0.3656598428730544,-5.347991247469416
936,0.773856417301194,0.728862640855109,-0.3526935922221508,-0.023309658783540094,0.0985470158224249,-0.34693970256118306,0.5401488973477464,0.25866667160830314,0.06236830100282292,3.4236840422441683,1.0275336999894582,0.8469158245257602
2077,0.8063642583519709,0.4359543669327886,0.5923331179294788,0.18590839951827975,-0.018340427726602455,-0.18719693818040017,-0.6247111353543937,1.0168271048828461,0.16239440206909672,3.188554041053763,-0.11303956045151534,-5.4207077948766536
364,0.774605202973644,0.4722232735551018,-0.23848257570681664,0.04508799154111283,-0.31126034624354043,-0.43327983303912104,0.5867670500072918,0.24874014309436165,0.2718280078553661,3.4942631836037905,0.21246559105036875,-1.6646510489488466
3677,0.6388106854788937,-0.07447898201205397,0.5567597084913493,0.31597357638267215,0.18260935064162923,-0.40400780772162564,0.6737457507210942,-0.9827647007291002,0.20302689111430405,-1.4936438507376706,-0.9808623873592917,5.972362274566636
4104,0.37040787525696234,-0.405514170486808,0.1368450444647774,0.2973018592012736,0.03271439888471705,-0.6866725407398669,0.5026935134501698,-0.44384534141545556,0.11810690204301771,-12.4308739392259,-0.16008839691214105,0.674069544893492
4161,0.6988742583401553,-0.2688404235704009,-0.18947362666517767,0.024098669036941682,0.19631565397454986,-0.4442360005357999,0.6165573984865429,-0.47656816576590394,-0.9885748607672709,-1.6683384996213326,-0.05763007536341789,-1.650196232593053
1628,-0.7787048208319796,0.5197608426733635,0.02352511605805354,-0.01934683514678976,-0.35591905557843456,-0.17665887671496758,0.5482876959899993,1.028909308516119,-0.9957995076085375,3.1428985749615377,-0.12330273886880982,-1.6471601828118505
993,0.7359791915795436,0.5307236072228126,0.026167120134778118,0.015837959722982454,-0.3161166342698537,0.4324525120482442,0.5804679337547088,0.2509410344975174,0.7139030417193687,3.545450097710935,0.19272766843228387,-1.5874599999896433
2291,0.6020214221305241,0.6532314709724135,-0.3709648685882473,0.5877206054656696,-0.2741543881986207,-0.14129505784704474,0.7191496150007286,0.182617868865664,0.49078461025960907,9.427686901993802,-1.023421374561158,5.962683336153919
771,0.7010281280436087,0.6015329475049565,-0.12093936227164513,0.03504374135181587,0.0321082983620309,0.13604761458044753,0.5922159546948811,1.0484595325247699,-1.0519966274724701,-1.6619213005423246,0.9591422766361952,0.615193285951926
431,0.5068337441963509,0.7223012226235119,-0.38607699050613237,0.2870443500228656,-0.007530643121444228,0.32579267688176095,0.614413794744614,-0.45240986255008,0.5326709939701458,9.407434876467628,0.9996538889533347,-1.6440445349872355
2858,0.7257542590059464,-0.9231692471512086,0.5789805296564062,-0.04385268983617138,0.06809854250909396,-0.2538105908264683,0.5869645622600169,0.27287156054771255,-0.9548953606818587,3.2287254415614406,-1.1421627718917238,0.8402674144852449
671,0.4571096717439506,0.7114715200053122,0.583157067370083,0.26627841732684165,-0.2886664607220956,0.20335029196319274,0.6013397961814198,-0.9295515732556183,0.5741506205754354,9.446410399903938,1.0091440128764855,0.556176640013979
937,0.7931952603813862,0.5139939030504054,-0.2966006429879515,-0.0035243008325227324,-0.31517712652533414,-0.38981730120003794,0.5867227937233693,0.24582603009495566,-0.9880804899862843,3.4643675957572446,1.0339002405522406,0.8561997626021708
357,0.41952695040926574,-0.6821242654838363,-0.4975273295975679,-0.3142144408507148,0.1323257202196385,0.3473014502419922,0.5315722199488383,-0.45631618407416424,-0.8934534977625116,-12.34601533458189,-0.242205807446183,0.6514499908733206
3052,0.593085168912051,-0.9123530539668879,0.6040022720150642,0.03955795029748288,0.06502919163851216,0.1777961110934333,0.6161923161373964,-0.9131410639850004,-0.9746531743772044,-1.67931041642979,-0.1491971324533934,-1.6325238044701265
2076,0.9011088129463284,0.45416360656361404,-0.4055143437469314,-0.22337096267788728,-0.24120052361957625,0.26386043939963827,-0.662493595382963,0.9876709823467978,0.20410605560673714,3.1571126277380093,-0.13349369845393377,-5.444435680137173
4224,0.37678801263554823,-0.39198717702469155,-0.10608793524078879,0.30883519654233077,0.06926931520082412,-0.7669170713138955,0.5110562312446895,-0.42478558731027344,-0.9138976221483115,-12.257388912407114,-0.14926739952064816,-1.4982544600321235
4340,0.6917339566423953,-0.26076266482038674,-0.18466812905256363,0.01961398710445575,0.176732010911148,-0.416275778316059,0.5911977588969305,-0.48648893780576685,0.07616821416912638,-1.6224298472244585,-0.04622116479659336,-1.645608751557812
3703,0.42317633594704546,-0.3152718162059107,0.03076431430696338,0.3057193395092571,-0.008481844639822522,-0.16368971163588722,-0.6324869037772104,1.1229591812352857,0.27025241195552113,9.367035738976536,0.9838201147542173,-1.6241527192310994
2903,0.5070933899654056,-0.3078682498863126,-0.5472683686649205,0.4505472012754104,0.22561144026976965,0.09109439039506322,0.5651965244099422,-0.6682757668035127,0.19827750106347694,-11.982121315942283,-0.8304997089218201,-5.1540103692342445
3618,0.7318121047513578,-0.9367477364115192,-0.20269187620854293,0.32439948722222783,0.13403465963473093,-0.1417788857382492,0.7287048446751249,-0.9914863346731212,-1.0252282542292508,-1.5611686792630344,-0.9360390941269028,5.976272867914929
3914,0.5749538701315392,-0.20167757935974137,0.2055460992499164,0.5215158943368099,-0.03216643061386166,-0.3803310391872912,0.7115635989058423,-0.3066932981784931,-1.1135041137311334,9.442270500448997,-0.10602230379449396,5.952357041924616
2847,0.3823184522101058,-0.6576232517443511,0.4720894672277438,0.2851387132258716,0.2223485190828439,0.34513783717644586,0.5229369749192883,-0.4668949909278665,0.13995871853925337,-12.145305591318163,-0.722303186638221,0.6852883047008221
2892,0.6138866089481217,0.607348095841008,-0.16675490507209412,-0.4642526311441008,-0.22930104331714163,-0.2840318454712216,0.6458869719727865,1.0816082949982913,0.33801852041740427,9.226128921349313,-1.134120791383157,-4.963771268036124
1423,0.5011156307310644,0.39610383972235624,-0.31285458156554075,0.30071487022079224,0.0139905649370572,-0.26641299670000435,0.6209598920819509,1.1988926943466265,0.34234066326421686,9.469722998956804,0.9850836081864175,0.6217317277396565
922,0.7593883957796758,-0.977853764959369,-0.28688038147112144,0.019286027167823815,0.11997653717096748,0.15920923788132174,0.6179816250170183,-0.4945235788627422,0.6223283473434547,-1.632668894462552,0.9168641073655771,0.6155729590764673
2116,0.8346566314030989,0.44280076203283447,-0.07455952307789261,0.15983549154310533,0.041399897545618194,0.341448523284619,0.6387925289336297,0.346925800793426,0.2448505059746514,-1.385346887096636,0.035687858172781514,-4.984026955796655
505,0.37908918244391127,0.39662374317673377,-0.479166967818323,0.2911546143905985,-0.029705712800476194,0.15590759782352834,0.5075375451272393,-0.6840708565297872,0.11805252334679511,-12.313859651826697,1.012911933739334,0.6364848710923051
342,0.47422770781851814,0.4109379983332056,0.5399336650893086,0.22322187689227144,-0.2863624062014313,-0.2741604538050598,0.6119631766289944,0.1506534164072081,0.318722149778672,9.408342031782965,0.14786810613749443,0.5670453857579921
2356,0.7651223057226358,-0.9676039110759503,0.01563027578363429,0.3032146860299163,0.15836837525545078,-0.13408113362484464,0.7433038486502205,-0.3236256465968117,0.13085247625917348,-1.4985447526839786,-0.9644515590465785,5.951066474723166
2562,0.5326546173159229,0.38815270748892494,-0.3205372207885675,0.24999871707994653,-0.27047266144943255,-0.23312053617219403,0.6084625593426463,1.2089400286789762,0.2179004112969888,9.43072480494543,-0.16429546630643735,0.6024747501663024
2513,0.4346550488396631,-0.6768713816355718,0.4522722966488266,0.2906062492099456,-0.1374693027127744,0.08850587421330759,0.5217315905137104,-0.4695066170199525,0.6397341436788494,-12.207232281565753,-0.19329085197846305,0.6800807197379987
2277,0.450346839052451,-0.740554932362586,0.06013527726801216,0.5621891021112381,0.20403984777137088,0.20237333308757766,0.6467999700855631,-0.2891480696945527,-0.967586272243691,-12.225358238809712,-0.717436867030839,5.806313326976101
1448,0.8227475429573852,0.4650024554321401,-0.07130739976626353,0.25953338583163144,0.029797230182289785,0.1110012355247202,0.6700766472052491,0.9473229533309145,0.11528235408184521,3.3915698171344526,-0.013344190258904657,6.121711926195629
366,0.8138033659850433,0.48698800711157153,-0.3194585981877728,-0.051876015729641844,0.10169726000960952,-0.19719620163825333,0.5999379972117039,0.26130357784155306,0.25741666583754763,3.46399858005304,0.2681402388520042,-1.6101035712228369
4374,0.3434174557953576,0.3398162532121409,-0.12736073222525343,0.36640347470371026,0.1378247197779128,-0.7627462629273781,0.5188889818627007,-0.6510341312456747,0.14401147937382477,-12.290558924700175,-0.19957118309825236,-1.5072899223778253
1895,-0.7342978283674613,0.5534365084427566,0.7190853290602396,-0.02089536138738674,-0.3541455798647332,0.34512558887235073,0.5091273778293101,1.0912919419884632,0.13458628773161424,3.254583129365578,-0.12515030361151241,0.8509199099781521
3916,0.8174413718770372,-0.10545951455030354,-0.02838276379967282,0.2734914217736058,0.14681370317663672,-0.3579702225220486,0.7111282295591457,-0.3523400013892856,0.3162954041426762,-1.5145165241574068,0.16667945567078474,5.921302436269524
1909,0.7501949080067869,0.4879900277454654,-0.2430016331100175,0.034078490026167065,0.14662867715114275,0.3147359097974134,0.6426066724374984,-0.5380724839150353,0.2681687756667912,-1.5959053874019937,0.044351984675084166,0.7237248629382633
2902,0.706172273361625,-0.8724925474061819,0.6121145097914565,0.22980029502635993,0.1426141894540954,0.3787521942694082,0.6402171785002982,-0.9318796481571727,-1.0324046090207872,-1.4151514880896514,-1.0374525736634763,-5.08656880924916
532,0.7576483990614694,0.6787442568642285,-0.2329961922200325,-0.00398328722347674,0.15142879043572974,0.17037556194573203,0.6056733726455557,-0.48316770463830405,0.6663377914792503,-1.6451137657692163,0.8954919165265567,0.6352522182750632
4283,0.46084000582523066,-0.6559834852938038,0.548039510426938,0.5209831429048126,0.2208853729332983,-0.5688945620410624,0.5272300239887552,-0.7241758801439576,0.19194751458141177,-12.1752198272885,-0.0881626484765578,-4.986361192343824
3678,0.7318563029254963,-0.9366269457834837,-0.2025695449018672,0.3244504193848518,0.13415249576846422,-0.14165334243623431,0.7287528876683437,-0.9913554003673654,-1.025114331010325,-1.5610461588788278,-0.9359119531998601,5.976390757012035
131,0.5070327759938079,0.7232843844477903,-0.38519729009137066,0.28745099607994945,-0.006588115209905996,0.3267459812447453,0.6146599300880168,-0.45137357857517607,0.533635482811318,9.408371789327928,1.000656475506562,-1.643047971157923
2192,0.7084173184819992,0.6749607560331836,0.5799310079952875,-0.06420484643695439,0.04788841830819694,0.3419298888648975,0.5395059187297528,1.0204620060431904,0.6980723191665928,3.3362472300241905,-0.1510242839583778,0.8436757355730308
1730,0.661543846375049,0.44356877525692234,-0.08973321716960024,-0.03177561259289925,0.007425913014084772,-0.28447597000360186,-0.6303885381555016,-0.5432736106921502,0.2604561903929657,-1.5350624716138461,0.07258401390593729,0.6817714399722886
3182,-0.974084881503956,0.6030257528042776,-0.4795996357940436,-0.26777752762841633,-0.03545045029879272,0.05797434884658599,0.5264597902801154,0.8786973374485793,0.7388521482914154,3.03438073574964,-1.2502832757037143,-5.512896817598281
4013,0.342411264702545,-0.39320350749163524,0.4508131911245499,0.30850293770710374,0.03905892417898695,0.14136554086292175,0.5367509269234028,-0.6711848503978901,0.12113639811195212,-12.254079826580853,-0.11618926607326037,-1.4581363870033273
1145,-0.7312542758021171,0.6734908775254309,-0.3906065994677701,0.02593180563981957,0.09339438202318245,-0.40155109758994983,-0.5472538322246896,0.983815605294082,-1.0873922942148149,3.231174432097423,1.0149013143159704,-1.6783792592981057
519,0.5555425807615851,-0.33656761583050676,0.012942222168415198,0.20918528200027706,0.3305036242530019,0.2198174888578832,0.6136507684244457,0.18271648901823584,0.3044609424656246,9.464623452135207,0.973318568589766,0.606425778639518
3922,0.7435933599063406,0.6240497572284125,0.4556511501525939,0.2948889404017709,0.13567638072699767,0.1891214939236469,0.6684678502554336,0.26114066391974,0.5715388307966655,-1.5649627172098015,0.09563266504955487,5.900731863636436
3582,0.5732182718472129,-0.2559725879954786,-0.36313709082613516,0.625375679126879,-0.25753454454844904,-0.36209377356111333,0.7155479559294315,1.0872463868094966,0.4582956725781025,9.4178697823808,-1.024097922946212,5.946776353469061
3309,0.5735681520752368,-0.26127473458893186,0.1001591330872769,-0.41887775422982326,-0.042221363274730125,-0.26506899659996025,0.6381590252671607,0.24271840794482907,-1.1464434121841025,9.242299623589446,-1.114980005080865,-5.024893892528576
2771,-0.7107062178705029,0.5885568987332696,0.044022573891797284,0.3660628867574058,-0.2532059761407393,0.2535499393426574,0.6221994374512063,-0.5081236588378096,0.2699652545620286,9.235264423864852,-1.131286901584095,-4.9993072463848645
3918,-0.7585411504832063,-0.956952425802062,-0.21475979745155863,0.27616787579702784,0.04125989773759659,-0.1307477687598713,0.673335055841317,-0.937121764635525,0.32507654333086433,-1.4992988891555112,0.13474883263207954,5.993449108057584
2187,0.4006386848279514,-0.6533815055726931,0.4690697540257179,0.2818166755999226,0.19114645131940208,0.3259094339481505,0.5096853535289556,-0.467529380467465,-0.8839906706314907,-12.200754055983948,-0.15982539782434668,0.6835050974699725
1332,0.5465084768530687,0.41726320244079446,-0.3414838277827257,0.24874592482553293,-0.31867210740137175,0.20501054072743086,0.6299822308177357,0.16746465206203354,0.36192749647456307,9.409271619151465,0.9720484704022033,-1.6634164720149935
1508,0.8413754422144095,-0.19332326028755903,-0.07604659605001463,0.2614531928756538,0.020108174067182776,0.12438025854876365,0.6505278688253767,0.9304586671294123,0.1288753006102869,3.373302544013075,-0.002715422521129181,6.123459057518915
2113,0.582262123826572,-0.33053658105705985,-0.1386354828251736,0.45165299652509555,-0.19762338331380128,0.22783045025377247,-0.651030472701398,1.1042016796326783,0.24371082624769244,9.197355383442801,-0.19895686478854727,-4.960900393659561
2196,0.7295465955874015,0.5150772621288999,0.6377010173871053,0.026951362999364462,0.0692075923621529,-0.24454592824140542,0.572591611665754,1.0807355685126887,0.7108598150614863,3.353321673223046,-0.13535239025592483,0.846670874575911
862,0.7226167579229819,-0.9492893586582163,-0.3161147316650698,0.016982607782966605,0.1299606096853236,0.18662888409066566,0.6159386557683094,-0.46074980964354884,0.0798710643136832,-1.5253047309225012,0.9180019736181066,-1.6322791378549617
2948,-0.9031735994941561,-0.8677686033430971,-0.15620337468757864,0.17569935792432803,0.01747151120676245,-0.30204488724841366,0.5360106675516592,0.3606085144985976,-1.0609305410002379,3.059396907962647,-1.2572245855944406,-5.484956950317456
633,-0.7738182148475692,0.7091257212615654,-0.3768606438445606,0.0017066204420618995,0.119857514972358,0.13188081928455508,-0.4938272590326421,1.0123852122978438,0.7557895489126559,3.397267112033452,0.9803193566319045,0.8155459648088282
1986,0.8735123495479388,0.5053923799866806,-0.38684835985392124,0.2519009831356302,0.03358507891965405,0.3909650611496949,0.6038623955655624,1.011394651244445,0.829835871693947,3.510898075646337,0.3417687179846886,-5.369478602538513
3533,0.504808036350426,-0.2592859849004829,0.09116109724237527,0.5435107423182175,-0.13030240256350192,0.16186331500485335,0.6252199048466568,-0.2899403303103628,0.591167545657994,-12.26361183006503,-0.6782360980603322,5.788341243120211
3349,-0.6979352511696867,0.41102565758749154,-0.07913695964517638,-0.17605654033607693,0.05250689174615945,-0.3329636460307439,-0.5844125534280799,0.3503921270869758,0.7184998573857662,-1.3690341912729889,-0.9767893709087454,-5.005533457905743
4325,0.7238137824317566,-0.29007079386089213,-0.12890149035874937,-0.017712560720771344,0.11046004307351462,-0.14936087720537392,-0.5688328149459823,0.27068587100831404,-0.9963156924570247,3.517083408013709,0.2055723930761148,-1.5622456112928145
1214,0.5198111984466208,0.32199291801867314,-0.361574030191275,0.5726771506003483,0.2615449688789438,0.3472758345517944,0.7134817010839757,-1.0285525965877738,0.2565047059382023,9.437333068766478,0.8758182186152811,5.959588137543694
1397,0.6403970553560818,0.4537181290241823,0.6336821353176949,-0.019123385376924824,0.10116253938357052,0.18823595443236268,0.6196687783760955,-0.9500721988135497,0.19705764326939848,-1.6331016657988775,0.9055157921809873,0.6323549334059582
2222,0.7083354326931346,0.6746243062269657,0.5795772140366358,-0.06469445063893386,0.04755415527306338,0.3415873433943789,0.5394422801433862,1.020164880269162,0.6977554585224375,3.3359113296551297,-0.15134551124467116,0.8433236182848606
95,0.6252777310684738,-0.34509980709128396,0.5947100967605863,0.04319778691624352,0.07062439462287258,0.4039808652072102,-0.5608628639217578,1.0538410565572234,-1.0158496386417581,3.4989992367540075,0.23739363857821646,-1.5991489538841726
1850,0.8153729396889275,0.608330877034608,-0.02369619333203352,0.3139352744718157,-0.31541435657786476,-0.39587383320429176,0.6981504460074874,-0.3432881322958427,0.5666879224005928,-1.533675364975818,0.11352122454566158,5.8687393105799535
3940,0.5754518135347598,0.6615534111162659,0.41637826838918834,0.5068905171670475,0.35192727955007946,0.18804300644153985,0.7020064602229249,-0.32496319539942536,0.21834453597339537,9.423395207227736,-0.08392805058688525,5.924593277901113
2984,-0.6226646161919116,-0.7050746076908687,0.06686549350446959,0.44195067861450954,-0.08849975821444853,0.1123233400330605,0.5892207809211395,1.095474082124928,0.21292546059949197,9.217063553545417,0.26687338147756906,-4.87539486738207
3100,0.5623407125239818,0.628867747209247,-0.37065426081432973,0.5405642412588315,-0.04367933381193349,0.3636860785645608,0.7037613507505408,-0.27544559962422915,0.201070527816463,9.441901075260393,-1.02904267257828,5.950026175979456
838,0.42889608201284635,-0.28839430893545004,0.12478568443896872,0.5232864844108183,0.1850573331592065,0.08705843956619178,-0.5781900535632993,-0.7264611139838626,0.7343828150041014,-12.156996907300393,1.034034760098874,-5.034806916416661
2382,0.6180593837304486,-0.23787663655925026,-0.35922210549646977,0.5578796062195616,-0.28082793411064405,-0.1183971270501611,0.7404035298238992,1.0832023702916962,0.4525802823241381,9.412803233626567,-0.09716123281905818,5.972414852152465
2444,0.5746610080850388,-0.20260516059733136,0.20451400155600255,0.5211430070915747,-0.0330361444011474,-0.3813281278654831,0.7112812306052769,-0.3076146754458997,-1.1143940632561748,9.441358752161696,-0.1069340273281305,5.951363194043865
567,0.5279906130139925,-0.6500418525365252,-0.5039058720430624,-0.5186488349764277,0.1808322803865512,0.3384776689408512,0.5363740219080848,0.8108166372531119,-0.9934582043249016,-12.045923173889355,1.03802992412397,-5.083544025467953
4265,0.8438226557341346,0.6282726203002545,0.6510038272718247,-0.09756535312062312,-0.17963906227178417,0.18819951541579802,0.5682267296705557,0.37554601413659866,0.05567160278288154,3.542425676270482,0.3065702494911413,-5.285775272489498
2708,-0.9017973755807798,-0.8670031100313895,-0.15543911299620258,0.17584944913516537,0.018237358239162747,-0.3012311127348017,0.536270604469632,0.361352964136672,-1.0601894858861725,3.0601037097625983,-1.256459411631554,-5.484263261548762
814,0.9507272595415434,0.665189371712771,-0.411516250928724,-0.15786474693449137,-0.23055919213425455,-0.2285486986177564,0.6012193522210024,0.3572841601029906,0.24856720983176575,3.3131199841173795,0.946225736746315,-5.366589961426967
2468,0.809853019374806,-0.17511218261436903,0.48009424317320487,0.25031710592893147,0.07509199305473975,-0.13573581599115572,0.6870807828423549,0.2764129896883635,-1.0333580349596991,3.3760544502297027,-0.03905660950540064,6.190240316180022
3411,0.7773565036853033,-0.22575411821203822,-0.07946364388263737,0.1795912371519098,0.0008491813681114636,-0.25420351348187475,-0.6236045048355898,0.3585133098121639,0.2053392565702109,-1.3211332588869082,-1.0312758237600506,-5.003993496315402
589,0.7820980064644101,-0.20580998951295337,-0.3835677639124615,-0.21117110111394613,0.1859723848022882,-0.2184494662723149,0.610558002522063,0.32571701124737046,0.1368938994629434,-1.4646004767190417,0.8872826532522688,-4.986947046135995
3447,0.4468615309801434,-0.25072934119322643,0.06745329815628542,0.5558696717097741,0.014207776398779341,0.20123251817458793,0.6345505059311949,-0.2846303200453203,0.14247042409363045,-12.282342788870151,-0.7209210733725204,5.771964885045731
851,-0.4724408358304619,0.712933295007102,0.023504551194927767,0.24520296066558758,0.050082798038801286,0.30121178177759916,0.5679941360279629,-0.8762468870569373,0.28671337591774315,9.435619344057487,0.9983656570990841,-1.6343757213727703
1643,0.4474656440209176,-0.6794790268358056,-0.4877913056302434,0.3063750848373331,0.16905656918981782,0.12637836972330066,0.5385172825716208,-0.48110349005159003,0.6326993736610781,-12.056685147729524,-0.15952203138369464,-1.459043620758456
3094,0.8483695441460426,0.5767983453002535,-0.0751239994912034,0.2474147258933305,-0.3588725075006341,-0.1398757123652201,0.6978573778358153,0.25204361590373053,-1.0548602738534643,3.3467310372899317,-1.1541826241676716,6.105746781279481
2226,0.7327081126437558,0.5048362100452167,0.6218381975890153,0.036295335562445206,0.06791487213112872,-0.24480143212992833,0.5873951187092221,1.067310305195488,0.19015674638380523,3.3210271065495793,-0.1156166467810324,0.8823310851968617
1513,0.5841905737408781,0.33864653018899366,-0.34847127116348725,0.5669002220087626,-0.02514540059965021,-0.1340935841454929,0.7356806010379149,1.087042839260698,0.43093797767662895,9.429266764060586,-0.0916241617278364,5.993275824250777
3831,0.7599656513751079,0.4707207791213366,-0.20510950514108062,0.3326832416719262,-0.34016434885700875,0.3583112159387956,0.7311298435861457,1.0134435805367719,-1.0564320847325115,-1.5984517448618218,0.07231112070839928,5.900808300384852
4177,0.8018696595027467,0.7322445558121236,-0.2009974058094282,-0.038343645392391115,0.08929238090448526,-0.4078962592382542,0.5879663487178057,-0.5122896257781324,0.23578405688818305,3.4972640312218166,0.23588247831039344,-1.6278735923208223
3651,0.6802867365934807,-0.08565306202820738,-0.21539781706595248,0.26249986983206575,0.13709362787203205,0.13892343396790338,-0.7000545490874319,-0.9945533764624683,0.31712128197936823,-1.5014483337895514,-0.9788905606004402,5.910671256704876
415,0.38247666993815355,0.6369314359911997,-0.4903487331728676,0.3070621636684753,0.06712654210560731,0.1587966260265905,0.5221089817877287,-0.6571432582947104,-0.9639106294547515,-12.267804554671427,-0.1614688404936905,-1.4857095257549502
1815,0.5495459078816113,-0.7828148782531452,-0.3601908893338204,0.6072360950237052,0.3269552259075117,-0.15832380076604094,-0.716421530194301,1.0718799715520406,-1.1430149120129578,9.418215133760986,-0.08726725181733036,6.010562220810563
3999,0.5061303293533768,0.38182523614621955,-0.14361636395182564,0.25383355068554947,0.3918949487615106,0.23283094347171313,0.6019506254692575,0.16034563598664134,-1.0533341294825573,9.421987164628046,0.1361531518454801,-1.6283581118131738
3065,-0.8669422634642605,0.5745937390684036,-0.08297457547852345,0.25037545211638906,-0.34797871506851175,0.0973980462914017,0.6091873102099111,0.9157045928872816,0.08877491054354329,3.2713678845598744,-1.1661158937902765,6.111821709547742
3317,-0.7778644419314302,0.634880137492941,-0.09207036907385482,0.17550713175804553,0.07729151193699552,-0.25379959277354985,0.5873373630219291,-0.8441439958692833,-1.0527853805539436,-1.3832708688774134,-1.0421841429250167,-5.055251915317766
3176,0.5364471418102328,-0.6335134559152419,0.14267480535091306,0.4482631737684479,-0.04432732348298733,0.06148937872488146,0.5379186159155218,0.32394812218961777,0.13206604973941408,-11.960488187168762,-0.7799143490049103,-5.069669163027417
1315,0.35132979084819566,0.4135795365994456,-0.4578191487897189,0.31610057474986264,-0.010004267812102164,0.1602746839361941,0.5387916593042771,-0.6964753771574648,-0.9448711371779185,-12.165236897535024,1.0463714843558893,-1.4846167165543926
1905,0.5121032906907135,-0.7327037694846386,-0.1418981913254052,0.21734286075962025,0.013579488100155638,0.2165046731782615,0.5781306273210788,0.18558064929473514,0.20192641634961558,9.437181049653343,-0.09346322050376318,0.53054805866336
3712,0.6604523081252485,-0.9373292058594005,-0.3165607549845162,0.08842848881042795,0.07752702998257484,0.3790397858673536,0.6339043030245084,-0.9384375798938694,-0.9829453269456278,-1.5927425446219186,0.9664267324324308,-1.6272383540657194
3020,0.7892080073812064,-0.9006255520257379,-0.34247296168835767,0.1981634381954587,0.1160594980931351,-0.18638190187140044,0.6328659060765668,-0.899176513324464,0.21752175896671497,-1.5808238366680365,-0.006124883126196019,-4.950824897519144
2313,0.8266833993564358,0.6258645353612843,-0.3476313307370119,0.27322285462008633,0.09878449450834598,0.402668845868484,-0.6761254934857197,0.30442039370702473,-1.0590596101871934,3.37839411371043,-0.032400011020838164,6.189279489208684
1993,0.5724074903569859,0.5751172266911232,-0.1675754102825987,0.48137309319574006,-0.19341165939253224,0.26039824585569504,-0.6289340403456011,1.125708765812444,-1.1811795734950727,9.234951103101338,0.2773475719834477,-4.875962279502651
264,0.2830992556494624,-0.3530310762381277,0.5074535252052602,0.3514237456343431,0.1297387940567302,-0.7700723356257342,0.5225223268203141,-0.6863114389790865,-0.9280737052156705,-12.273362631990187,-0.1879939057954484,-1.4930275471555647
141,0.6713247233393198,-0.26715209366644405,-0.02688313417849469,0.03639587344624375,0.14867153176237066,0.3744578115316367,0.6309340679654667,-0.40935747902832026,-0.9906987044354543,-1.5909859374592914,0.9214700806378207,-1.6164591801029846
395,0.722468783380602,0.5079014484241997,-0.2342825861669495,0.04684131717206924,-0.3100014638531779,0.39392583350942567,-0.5798202054143112,1.06866114612038,-0.9973941873885307,3.52565560791696,0.2228529722399894,-1.6134050179680257
184,0.9245091250341677,0.6286564468985705,-0.1412365426558866,0.13580261174296854,-0.18488300798011179,-0.2568044309766822,0.6160379429832287,-0.5069682546555067,0.06938172441762236,3.562229276607698,0.36062041234309394,-5.289698754586416
1677,0.5303150127033879,-0.6362662881446237,0.4863600897756026,0.44176747237682407,0.20501802834286342,0.1707767045089735,-0.49140218558258036,0.3603414112181362,-0.9714791840908387,-12.015804488850184,-0.14025489106643235,-5.109411367104323
2576,0.3771262742782656,-0.7089403554637295,0.4567826820353256,0.31840869408390526,-0.006736042791124278,0.08635210887336577,0.5113481577526954,-0.6691638843840865,0.6564599111216314,-12.203840240221357,-0.1958856118241127,0.6310739241113612
4219,0.7169395918557254,-0.28279786651449723,-0.3022313001302123,0.014271080535958155,0.15997466937629745,-0.2167474698380982,0.6135964039400924,0.18829740877071952,-0.9849229209103149,-1.6951464697439862,-0.048712208848144097,-1.6065382527891512
1465,0.4742285366975048,-0.2547627098693993,-0.49839781654207166,0.5585520117261911,-0.009110991545481168,0.12350711258516268,0.5888069936390965,-0.7608284689498191,0.14598998012222414,-12.309716945912957,-0.11821553672253024,5.859904065053854
3633,0.7847234028037787,0.5684114716396232,-0.08365621113001881,0.247567097601151,-0.37565711802235136,-0.16789237156415643,-0.7196378820573772,0.2639668805272753,-1.0980482739885777,3.355017779257271,-1.1652491780701706,6.08279593734491
2824,0.7975493844071745,0.6034862988213523,-0.0021730337742647066,-0.025966602717147843,-0.33894433402758156,-0.22594994294771648,0.5745839563504566,1.0194240520458968,-1.021611837733574,3.274810550124353,-1.1757175637659218,0.839273510418711
525,0.5172905790819964,-0.32706980110351697,-0.10774703694875318,0.202964448193985,-0.011079591862782508,-0.2006241458211182,0.6281046073618356,-0.4525146624531404,0.3156769410530454,9.464826783178628,1.0068583144724748,0.5872056305406615
2218,0.3749666665898825,-0.3811032791058183,0.4789657060622316,0.2649616723962475,0.1751873596689436,0.10291173188911454,0.5411882771460467,-0.6525852761443304,0.06353781580689631,-12.252035450451492,-0.16123961315043858,0.6909120634851244
3637,0.7991798829208656,-0.20630950094836667,-0.05197928128702378,0.29225616485236705,-0.33313852141437605,-0.44046681604225935,-0.6732711281785199,0.9312898088900955,-1.0966366930549243,3.3002630304356266,-1.1587662391658387,6.111295536748594
3285,0.5338482545111973,-0.33221816963508666,0.49949322615393554,0.4269122563039384,-0.1709500307137946,-0.30445246534241166,-0.655968968872183,-0.4965662958658764,0.6045650443535846,9.202962912779451,-1.0774976356210246,-5.022684638034174
2269,0.7951688113475618,-0.12704108641776668,-0.28868862692987857,0.2678068152039041,0.1396989958554583,0.15021055207975986,0.704797576015921,-0.30137264714142825,0.09388547283661647,-1.4929025754983485,-0.9266658169771606,5.924482623373309
3535,0.44061867486441364,-0.25402793901393655,0.368856917588272,0.5531839537108781,-0.07841043216641405,0.15119657446968968,0.631634275872828,-0.7510859303648577,0.2222579704581361,-12.261696833763292,-0.7151530250620397,5.836745240658026
2376,0.8486144230950398,0.4867480373397427,-0.3236589312314498,0.2891836904613338,0.09595055387488834,0.4211839659392163,0.690132651477387,0.2916259736757035,0.6567956830219108,3.3613697627570627,-0.055752719874913134,6.197903856743671
3538,0.44895891849299147,0.3943530334357842,0.37353430437756974,0.5469016984054762,0.02367276997465883,0.1513637572704441,0.6069273423724089,-0.31616313416915753,0.10958276870857626,-12.276596557461536,-0.7055124956122524,5.799954490261659
108,0.6254698890477108,-0.26077989114344835,0.5964401072839391,0.012759025216247362,-0.31418061278739373,-0.39495817514844883,0.594313678898904,-0.8674594036224258,0.22741655153581686,-1.6235818998049323,-0.05054933257610291,-1.6462340479173208
2045,0.9340968234203915,0.4863259399577628,-0.16099694782096016,0.1342709894588923,-0.18400134681148664,0.36840729488338936,0.6340057085109141,0.38443630325382866,0.19594821649938618,3.530827310364427,0.36208605026722135,-5.3023751734960625
1136,0.3372894986027971,-0.7130718232655469,0.1814983364514925,0.3405430122441649,-0.07139993540515824,-0.7617239980316551,0.5235614627120972,-0.3664059188232737,-0.9571119193929858,-12.171731981210351,1.0798817090413135,-1.4849272619237721
2238,-0.6965741869636353,-0.2839404011601925,-0.11493338641555086,-0.036300932418955885,0.1339114373331739,0.34412336040810954,0.5410428918223777,-0.8443997041911399,0.1765567393019359,-1.509224365115697,0.05129155505637748,0.6402123203020686
4137,0.42167401867194604,-0.7228791020842161,-0.4885172941289498,-0.31040477008998074,0.14482433940530853,0.13031908936630768,0.5446817309924731,0.25004484191319415,-0.9251825663047292,-12.36656583619443,-0.2602819690115347,0.6232576151254435
4334,0.4525126236004293,-0.7748586434645323,-0.11904421112300168,0.27803285095974445,-0.02721402138643543,0.2964114862351062,0.5922049175752514,0.143164286637426,0.19535777418651157,9.35831334498776,0.11892470692946036,-1.6246468292136478
499,0.6710191704476103,-0.30003871217673517,0.5628612591480858,-0.0077966704364373415,0.09852304331162057,0.35493170578274547,0.6017797030678592,0.2317551366522987,0.17422012031875372,-1.6261699179552291,0.886820213390602,0.6656002537081657
612,0.5821398512883365,0.6678297605950716,0.5187331525009182,-0.40499210477157066,-0.2320545854987333,-0.29320328714088567,0.6488564113309943,0.2354898885522206,0.306298660568327,9.200043588436468,0.9100768626568595,-4.939422999903941
3951,0.7741229677702659,-0.1524788487953388,-0.23931921074687415,0.2616876353492338,-0.0024780143287154656,0.15833621193364,0.6923311083590317,0.2660592561286469,-1.0484712822240805,-1.562873690914318,0.11947946300685072,5.909957026314404
308,0.7567039542059506,0.5532036596381271,-0.0039726916915210275,-0.03643805458020711,-0.3077296622946461,0.4274204651409628,0.5906970343347409,0.26180544428120917,-0.952993479311698,3.6545920555015985,0.16955920941599187,0.8290631730987492
2517,0.4502765426948567,-0.6415552578270926,-0.11882563736369724,0.27730591991021286,0.1749576719659883,0.31748926450871967,0.5100395877283487,-0.480626545411649,-0.8793277608041344,-12.201092938056018,-0.15747831681030047,0.6913478723174539
198,0.8081968728291281,-0.901927559000677,-0.3689808631187074,0.18848138293717867,0.0006071495924927441,-0.2823127901501155,0.6538425852056694,-0.5295487424674895,0.10029004165819817,-1.5724295164309925,0.01486957799833408,-4.965258127636074
483,0.7744052591296533,0.7149420301853198,-0.3321267006540084,0.0234071258769008,0.12184231552415907,0.14817358521384869,-0.5289708673320188,1.0354822563954766,0.7700736552560774,3.459975141700814,0.991266074370771,0.8271584045173973
1489,0.825731670405173,0.6354851736909798,-0.266480827773042,-0.27196187504023583,0.16605582417831224,0.18176344360701546,0.6888447593215489,0.27875480554000975,0.3920491554590477,-1.5657928829171344,0.13294535117231537,5.923169740714966
3476,0.4786380897789781,-0.2625651095684165,0.0825949374705549,0.5673567539751163,0.015836338851157167,0.19732578830724573,0.6436530820602425,-0.3064659239990765,0.5866859533755819,-12.258527272948381,-0.6796907693574441,5.794791021066204
2905,0.49533776704864174,-0.34037801825611436,-0.5299843555478355,0.4770716288805046,-0.0690396680212159,-0.5963771496165906,0.5376577537868209,-0.6793638041788298,-0.9962555381460544,-11.986270020741635,-0.8161486897588479,-5.145325494908264
1767,0.4007118683651575,-0.6530924718396027,0.4693733339047464,0.28190141779196715,0.19142593367188174,0.3261904683918044,0.5097574381164184,-0.4672592221227202,-0.8837033773395291,-12.200426229316143,-0.1595164154125819,0.6837826376816115
1825,0.49405875857892595,-0.7473047907794379,-0.49062181267392385,0.5760133233132304,0.003337217838249116,0.11868263325614734,0.5812169205434243,-0.7697541592062123,0.13853330256314036,-12.259281200439911,-0.11132172762147884,5.878808526706349
3915,0.5953960395181344,-0.8302928051519669,-0.36259698485156977,0.5689823288669882,0.32703798244481036,0.3208982758102611,0.7046437441091545,0.20230631869208193,-1.0917363043094952,9.419724038893913,-0.08111938726591568,6.03168389058991
1686,0.9427839741624638,0.6167468715859904,-0.4217383130496039,-0.1637697466082623,-0.22885242585741183,-0.244712258235439,0.5660073756777995,0.33560962215799606,-1.0904824345528954,3.1876607956975613,-0.08669060799022055,-5.440609860268969
824,-0.5756241008688446,-0.7327017120625602,-0.13419766961388516,0.4607008874260695,-0.07120980413089383,-0.2495373419614469,0.5898891442345369,1.1028910049623415,0.2642634686605237,9.238235471969189,0.9955968588974796,-4.929237682353807
965,0.7456970622397583,0.6806027969056523,-0.35407613406057026,0.04220536247858903,0.11051946051645516,-0.16851185553521944,-0.5976457588011828,0.9985936593095203,-1.0756720134505597,3.3235112394103274,1.03068643772916,-1.6211323233812376
1966,0.6590768197944692,-0.24067383857466937,-0.13448544028071024,0.046613603142279574,0.15528898945244757,0.3544479782342993,0.5860396280420854,-0.8529713162681138,0.6471415897219341,-1.555636570311578,0.08443046063332521,0.6128103635163944
536,0.39534652532197945,-0.7158298290479245,-0.13731277891750643,0.3550112075906295,-0.06194834843903037,-0.7210283439958028,0.5266865896007368,-0.43091437806136756,0.6687836384941599,-12.298203389789604,1.0320307363036136,0.6477320994301784
3124,0.8245656190652602,0.5783901425360656,-0.07271664217018066,0.25614990753083333,-0.35857548153839286,-0.4820844297592451,0.6584983603028863,0.243655695561358,-1.066320515267529,3.328535981699832,-1.167763281437205,6.104359573208904
2245,0.40187322701044753,-0.4115426787996416,-0.49146641722142476,0.2703026323005559,-0.022785344446368625,0.3328071992203251,0.48328178773017244,-0.6402171709878279,0.14691316694666445,-12.22548596559268,-0.1640612878297176,0.6785786584001857
3221,-0.6343248980803461,0.582963940937291,0.5491450782841327,0.3687322325342017,-0.23095058793412845,0.2882521143562678,0.5905369556140602,-0.4913026374225336,0.20361339634920708,9.212696126348778,-1.1257197103549221,-5.028376666680669
4317,0.5376110066147473,-0.6781127104786235,-0.5349348019260532,-0.45572562625600516,0.16151175589606712,0.07382677446057093,0.5465867422215013,0.3430403006845093,-0.9829637765655718,-12.157060721594968,-0.12806662247274503,-5.050399546472669
3416,0.5130145955578698,-0.34245014874484525,0.14418561384462295,0.45481885304433384,-0.044058703896372904,-0.5822384582445878,0.5270265940979441,0.3164009916925155,0.1215757888282205,-12.021447690814254,-0.8044668945763526,-5.054480922434608
2763,-0.9213403901703416,0.6027949973346747,-0.4830231391403277,-0.2598310497197757,-0.25863930788325656,-0.3268868629930087,-0.6081326786954132,0.9166121506277441,0.7486285698626531,3.0938292260440687,-1.262439061879232,-5.479286783833366
3468,0.7299590473299379,-0.9418120173254314,-0.20782075178142723,0.3222640998724236,0.12909424916800244,-0.14704242777455825,0.7266905889538714,-0.9969759005143969,-1.0300046114072285,-1.5663054821208648,-0.9413696183625329,5.971330236899916
866,-0.30644020122914206,-0.7312318746630125,0.20558570144938812,-0.3166629639083438,-0.07058596024274538,-0.7588758319307785,0.5148202326441081,-0.34292458434575435,-0.9344939054100372,-12.17407074502413,1.0805706728791467,-1.5050813448791622
610,0.5907731377531512,0.34482848088519,0.023435642955947,0.46779573250600254,-0.022378644755687137,0.2797966647260353,0.6636770325700326,0.2682306703468947,0.6636346593173232,9.206417509808094,0.961385939062104,-4.9236940092058346
3224,0.5878563147311952,0.344014394819125,0.046402061247727375,-0.49974344277583665,-0.09940294590873155,0.16067920825872326,0.6684671211312474,1.0574410946469133,0.6003017010440789,9.223714782074305,-1.059469959626072,-4.96673654471762
2181,0.6768399081180579,0.48230349201133693,-0.14365819312593447,0.004410009462242878,0.04780375759223699,0.37878317125398087,0.6051332598987436,0.24000087665171246,-0.9765273960165899,-1.5773692602777842,0.03683925729086954,0.6439548296434489
4155,0.41996827054590374,-0.8116313627826641,0.040823228581795636,-0.34061387425512757,-0.10585629427266717,0.2844216147630582,0.6222906480434177,-0.8727043644555889,0.5066497601231172,9.352215729951778,0.12357927122347138,-1.6392701477108498
868,0.31013747155535937,-0.3269904646352689,-0.09713007970477464,0.36270248893766666,0.13530231301283674,0.16999846137095662,-0.5696940965625394,-0.6954886401115059,0.6337733090277495,-12.19442931752559,1.0307754633704977,-1.418255332576937
3737,0.5701095398610279,0.41691340473837785,0.6018926663187798,0.04694885878648715,0.06569500387664172,-0.2213108772383583,0.6218598093515606,-0.9291187919977718,0.16046952706458764,-1.5672783872370353,0.9105970767127441,-1.6209032534048649
2883,-0.9255410439559513,0.5874803633532886,-0.47995155665231837,-0.28507466113262675,-0.26357727052552643,0.33913883311292414,-0.6083223012246255,0.9189365980876353,0.7650037402260461,3.071664381356932,-1.2529233309102106,-5.485489755849462
3280,0.48365245108204097,0.6867998346890392,0.5420777272586546,0.4286073214753158,0.258877769371302,0.3057334852036878,-0.6105818890161168,-0.9436636149649074,0.2563850498404816,9.227879915567156,-1.1419363176790625,-5.037399819498392
2098,0.5487351164393786,-0.6527136297559649,-0.039943569348527934,0.49929672347254733,0.19945075714738836,0.0789408895929933,0.5592028088393686,-0.6625206478817898,0.7225156402504389,-12.015944700123287,-0.16717078810219338,-5.101064932643053
1120,0.4197473993188659,0.35418476946708466,-0.0483887651340938,0.37971742946680387,-0.07632656456658989,0.2879527113596451,-0.6417672014964986,1.1715489010742275,0.5514267923460519,9.375829963805431,0.9915803307361507,-1.6344274963931675
3520,0.5438904484277453,0.5873019432710436,-0.22057973983432605,0.5526451014708379,-0.06351178550160028,-0.41112904225399144,0.6916732196626936,-0.23806591389450094,-1.1354561130797125,9.47625657390003,-1.0208010174334738,5.908134098582561
3733,0.4231721160229478,-0.31528578244695776,0.030751305741643208,0.3057140976893428,-0.008495943588025894,-0.16370217154132616,-0.632509378771088,1.1229456603514747,0.2702377695362266,9.367021719830506,0.9838067533820485,-1.6241661157205756
747,0.3564052706597223,-0.6923155775371115,0.46622160207422103,0.3143320875642274,0.19103250287694415,0.3429506390892272,0.5330238344399647,-0.4183084050094637,-0.8989973333783907,-12.264805083889913,1.0397132953469155,0.6536294220998397
2448,-0.7549143097047816,-0.1372870304883172,-0.23405189061032744,0.26791467703718097,0.03754184616558352,0.3559959900469408,0.663326743933291,-0.9552178501213696,0.2968081604887883,-1.5061138596172938,0.10250147741145205,5.960081129444369
763,0.4695083214477187,-0.3825087039078145,0.5043489268702147,0.2506056128987592,0.2959816560232902,-0.24485079859830408,0.6163678104844412,1.2046338500639937,0.2848939621622555,9.429982209157167,0.9615015922053618,0.6249981418591066
973,0.4863845598601494,0.3833400829818112,-0.3365702220187457,0.3192601358885566,-0.00421881936709514,-0.3329203412373651,0.6255644760060771,1.1769684149614823,0.37358863902944167,9.414470126374724,0.9823524908252416,-1.7021580692872111
508,0.33212655090549004,-0.7278725621897953,0.47517530462971486,0.34348438455471325,0.1850606610659172,-0.6810178034366589,0.5372154489584299,-0.7303329260987949,0.08281169825307905,-12.291263382494188,1.0441181865523972,0.6311579712241521
3185,-0.955806063840015,0.5305013741628037,0.0070209979306662465,0.15986779579346286,-0.2557349495376622,0.07274596570596858,0.5291606354215247,0.9220885170917676,-1.1078164688665293,3.0867090791971656,-1.2776326965201588,-5.41829588799627
2210,0.6277438431353436,0.44300969783573335,-0.10179870050545083,0.025961611558797566,-0.0012909104237342492,-0.30821803446559737,-0.6173512335584209,-0.5403095753459385,0.6323468053864565,-1.5456009478765338,0.0575675419156459,0.6564986736613991
2122,0.7377613483082044,-0.8671855765177688,0.6164844259718519,0.23247241744177113,0.1688479278120063,0.3310323609992116,0.6248873504656914,-0.9104459048464552,-1.0301607869746328,-1.4391035230292868,0.08846574233971861,-5.077412838120851
1407,0.35684014205162706,-0.7047105343617637,0.46177001277716573,0.31779251905851924,0.203675055360441,0.3567760701772931,0.5297599541187067,0.24561702867847432,-0.905529655382708,-12.268646490905498,1.0527416734245665,0.6288116816749109
835,-0.4719918150897161,0.3853032068162793,-0.513097690966133,0.48138631838093704,-0.06406636977143819,-0.5842916426013287,0.5138332536986222,-0.6993810988599763,-0.995996342559405,-12.098589290854404,1.0648799170714378,-5.0937809118906925
135,0.3822760437461233,-0.7921281956296209,0.5251370490664595,0.2734561704069056,-0.021409733322105842,0.20421438426054692,0.6041556965124946,-0.9627009688265404,0.26707173140895324,9.37110620150488,1.0290848946874187,-1.6436425252698994
776,0.43260122747089924,-0.6952921948773205,-0.14960138375912896,0.3067869869570485,0.017646735229204534,-0.6713630396791056,0.5214357240885606,-0.44001442517366346,0.1302828174658678,-12.268836047414473,1.0087921861918567,0.6732771545462385
3250,0.4825555528059295,0.7005379313977871,0.5439981258775413,0.41299362547655893,0.2450368118705697,-0.3144586784287858,-0.6130182027698787,-0.9179605246908074,0.257962536098137,9.22950431827463,-1.1525384892903086,-5.038688288422258
3163,-0.6053050153399929,0.34848631682968706,-0.15079982243369994,0.44330584148925634,-0.21980450116531303,0.13574490228566594,-0.6229102610749119,1.0850835019968532,0.21282684927925186,9.258683667667478,-1.1363791129048175,-4.952722697749391
4277,0.7751640365015713,0.6781638326024252,-0.36462980504990217,0.17820038346035633,0.04828732474830778,-0.28933377576984354,0.6138721060901687,-0.8652556250865904,0.11299977102962133,-1.6077468276391174,0.05740855660346948,-4.953604571338596
4125,0.44052030935304326,-0.7911314576730137,-0.2129435011214154,0.3028713700062104,-0.06168925543376843,0.2753731785403742,0.5978927809897284,-0.9196370555479471,0.5459629501865031,9.418284146358037,0.08852516219566696,0.4475123672514667
2919,0.5672100340938719,-0.27526388911720706,0.07281344451058977,-0.45093695081779384,-0.06124613437945441,0.28175716115595356,0.6352992315625082,0.24074683916479733,-1.147695772270035,9.227262509564572,-1.1155793866743913,-5.0356774944787155
1605,0.6443562062148432,-0.31588255962121764,-0.11755760177046472,0.4082379786737785,0.012894671627824946,0.15708702138645733,0.6324814710214439,-0.5335629035265587,0.5855237616228195,9.233440808757651,-0.1573026985310742,-4.942870153025948
2166,0.7295092956276841,0.5149037462318884,0.6375246951282937,0.026883893799567814,0.06903055572345461,-0.24470601000397885,0.5725461024296977,1.0805724164082757,0.7106882801355449,3.3531533106155025,-0.13551611540629288,0.8464990118526907
3226,0.8435409415290096,0.407932279848988,-0.10805432388148342,0.1497619397187074,0.03727736432422504,-0.30510069999392353,0.6641556183545815,0.3342700991151733,0.2231689963746689,-1.3717285345964738,-1.0104616189570501,-5.017590738919774
2480,0.6665228559952695,0.4092356704360576,-0.19184157444026562,0.3107894508275174,-0.01609855936147698,-0.38248160343191795,-0.7297410258361416,-0.3570320395437875,0.5625129700462729,-1.5406565841072792,0.11109600683333085,5.859607578433505
2319,0.6277200066470924,-0.19351454702369725,0.23401629083489095,0.4774399269506867,-0.02007443311624129,0.15264078586848348,0.7331917900386347,-0.3248007974854818,0.446450040381806,9.445141116681556,-0.0983018854552433,5.936091666489191
36,0.7518568562738542,0.6965327713308964,-0.3624195080164609,0.04177157456978214,0.09073229689682184,0.4086482547182135,0.5559382317211455,1.0488194258609362,0.0641242060231368,3.472906397059187,0.24366711662712892,-1.6219089117025542
2393,0.47704449139869093,-0.7597879354660612,0.3232096745608663,0.5917261238109854,-0.1511358258407674,0.17893244469510913,0.6198403095270248,0.23607305604251605,0.5755527289958912,-12.272736364670838,-0.13619593341916184,5.839083035506814
1944,0.46975364468349207,-0.3733612400630275,-0.11034280132605016,0.23573666628987014,0.174043441303791,0.12416505563116648,0.542796018408219,-0.5145999737324778,0.08680141188765292,-12.240615232130901,-0.15300143122144458,0.7376901254680716
2301,0.7900246183271492,-0.11029244661319106,0.04902593625332102,0.28409980839823973,0.05196565170249693,-0.11950029189359802,0.7513641646321976,-0.2861589086699192,-1.0188783826962389,-1.5445405677330872,-0.9175023992020134,5.921488135288501
3066,0.8155805954922837,0.5240399585430341,-0.3300101772486704,-0.31946450251791725,-0.2950768108310878,0.4125518884067698,0.7069584948619316,0.956357927194115,0.6331762147870951,3.3063763669905555,-1.0932587094622843,6.157049926726159
77,0.6943898661757051,0.6286114435675465,0.6301433604916776,0.23956349587851425,0.07960980547870308,0.3468943098612182,0.6245522849547368,-0.90988888619018,0.7353832431370699,-1.6091798784800833,0.020942934892888936,-4.944853655328127
4162,0.7061807879084262,-0.29373619562975634,-0.31374532515069,0.02254065764430516,0.18233032221959095,0.3723310382890936,0.6298623830624902,-0.49058350170465864,-0.9611952275841866,-1.6988881169384054,-0.037826010788889336,-1.6320116404300644
4299,0.6377841799350781,-0.30448664310125356,0.14171269237496362,0.3789325387291043,-0.044000169975498736,0.14287207491157408,0.6376038021779282,0.2803914318903871,0.3070104349483732,9.221342832553933,0.2600626154425742,-4.870106728263641
1244,0.5197955720959511,0.3219350769209524,-0.3616295569470698,0.5726547400972576,0.2614856268224684,0.3472201510285457,0.7134617957514167,-1.0286116149347557,0.25644228845907263,9.43727310519114,0.8757606017522609,5.9595315279824375
4127,0.7058374592930788,0.7151071887036544,-0.17713930695257118,0.013923151043992308,0.1816265731152093,0.15529129603973363,0.5813221661007446,-0.852681532910432,0.6784851313723333,-1.7439705267617385,-0.09566235477067236,0.5749219462492197
1324,0.697313654148709,0.5089276355463701,0.5607628461147318,0.020186323421155145,-0.32159060063585365,-0.43054623758203875,0.5965082667791449,0.25343718417409683,0.23948241357465933,3.3091713664682962,0.9858876670257665,-1.6926579835484779
3956,0.4501054979392009,-0.7398978252547251,0.05338767273483505,0.6233420170891819,0.1843453088438386,-0.7582915655423911,0.6008597210625793,-0.7578711883440272,0.5631526174671678,-12.290924719013631,-0.10417948998779407,5.845099531863834
1701,0.7647959197620537,-0.20094278105146693,-0.06041428303156338,0.16523697952947117,0.028187574215342348,-0.30925898586151956,-0.6007621117736498,-0.5018623171299391,0.1565527715825104,-1.3961002694346898,0.0622166585825992,-4.9818108823831295
4217,0.6403939231710316,0.6596787687165365,-0.3092864763968865,0.05030885119390461,0.046332369332803186,0.36392332565571534,0.5912388105265012,-0.871013684459478,0.1143913904533162,-1.6587386782301454,-0.07627798090396157,-1.6240533777499018
1382,0.7925641002069754,0.4831000888660901,-0.34207486185145225,-0.06387746453116558,-0.3027752165481537,0.14931424749881042,0.5758952865019021,1.0123290695292295,0.6973372641275009,3.461607996104544,0.9594666259509627,0.7989680100061066
4134,0.38407219385156366,-0.39182699811041316,0.11091443203347065,0.2738570315230764,0.002792018385610272,0.1318607354582076,0.52347178343481,0.18883153933896954,0.1239537159977028,-12.421899134261508,-0.16519884110571287,0.6440036365908013
294,0.4136390282414461,-0.3808604336328292,0.11695450239369723,0.2702692496339786,0.1664238147025173,0.1273122787536734,0.562561253020199,0.22638077583843788,0.10170887224165727,-12.422063567331966,-0.19279684236862096,0.6546357345992481
4372,0.6059182949960682,-0.9330386364615688,0.5538437859671739,0.04715794119299241,0.10721027565260939,0.34647478439158197,0.6287130978935178,-0.5171650158023966,0.10238176717500191,-1.6384656180615746,-0.10227447128579319,-1.6428148119248263
3405,0.5772713293918449,-0.3785368374568557,0.49591666859532924,0.47493763475897854,0.24994783596113898,0.16316466030393972,0.6226186601958495,1.1201932667027141,0.6065206723072426,9.20313707236388,-1.0769796489211447,-5.015382802662568
1622,0.7724667134070791,0.44475794875693425,-0.26787109299718653,-0.06091782943499236,0.06339390553127151,0.3188513480052175,0.5720873524071362,1.016031011870272,0.19118783079539187,3.1396159499191545,-0.16633456441722955,-1.691593603991453
2124,0.48975827680657924,0.3897786555824641,0.5634651624822277,0.4835074481317745,-0.0753987149318057,-0.5521328521288837,0.5224209294695202,-0.6823503788179287,0.17331084066302255,-12.05425060473454,-0.17146838791806135,-5.058471852768801
560,0.7389945388501342,-0.894715708779531,-0.34710644554991815,0.24391094122122695,0.04151230026151132,-0.2191087486570434,-0.61622378054065,-0.950255674579653,-1.114083383792467,-1.5303668462715945,0.9307579269516094,-5.016891553484376
2584,0.782686542015186,0.5900188245914134,0.017918955351925878,-0.004290584676570091,-0.340825799454305,0.407177689920629,0.5629931899288285,1.0314079312187412,-1.0075168242968728,3.258894057184266,-1.1640537678739031,0.8489435649862181
3174,0.46453958877637186,0.39159220682036205,0.5608909475978068,0.4875193288214379,-0.060898519360955174,-0.5777161000826738,0.5390930066886715,-0.6956390992589828,0.16866714165431232,-12.00096828056603,-0.7949173269202676,-5.07307736606883
377,0.6536063994162815,0.7021926443342229,-0.2978296693406888,0.039923228309909936,0.18600093174051466,0.3790529651462851,0.5783353711374215,-0.8636446854882812,0.08612101386159238,-1.6634856825730833,-0.03672910365127141,-1.61853267710201
3817,0.8790999992329023,0.47504348877850594,-0.06598121304361405,0.21851898442412707,-0.33623851659651555,-0.14655125456447793,0.7141442450281564,0.28171872113656554,0.35275686901935627,3.3956758291749822,-0.031976780592049656,6.124955771526033
3325,0.5278669572722693,-0.6142599471117862,-0.012151455029691083,0.48470358183956036,0.2093076161317231,0.3630757308656149,0.5505459976465421,-0.6945322751778932,-0.9552633294098876,-11.936846546514499,-0.8004938538660051,-5.139423793770957
3838,0.47784307576701013,-0.7548910852530644,0.06989073335444407,0.5885111584007579,0.17128622370999638,0.11749919093908003,0.6068438928891418,-0.7562536833512968,0.5570373755768955,-12.2831277936624,-0.11078087371230018,5.825756076338642
2481,0.7741155075626823,-0.15250033693953002,-0.23933854499925314,0.26167938919169104,-0.002497475096413439,0.15831646498865778,0.6923239973430431,0.2660390331446014,-1.0484914157237806,-1.5628923573612286,0.11945913156801588,5.909936354356353
887,0.8315237784935239,0.6660510317188397,-0.10087509237930628,0.18517456307621902,0.05349911692396631,0.13548606394518753,0.6446212109921494,-0.9060250218312192,0.20721261663773607,-1.4492294688687137,0.9208480432604998,-4.940204559545083
1034,-0.5194355945690599,-0.7809222509244256,0.04571232510675318,0.2277606918706628,-0.03784562927173368,0.18135619759752347,0.5540253189257284,0.15395873812109387,0.1783199017456596,9.37983428574525,0.11876847692778622,-1.6518489072474918
3722,0.769569003216621,0.4842785707896639,-0.29124449421512427,-0.06373281495899713,-0.29858209723492835,0.18248436568461104,0.5820733290996233,1.0113885669376825,0.679314119892963,3.3390898740774344,0.978322102459681,-1.6474139428157277
827,0.7395271023877089,0.4357747583406814,0.6382873450978915,0.18283338340907476,0.037096846319594284,0.15414477398332063,0.6645285114409205,-0.9439864984254192,0.19799854301987038,-1.4629615430812823,0.9144384580894743,-4.96998334383956
1088,-0.75715653489007,0.529845065020622,0.057959163286056666,0.010491860367158342,-0.3410406787484866,-0.1606901381428925,0.5747028555727789,1.0260383491676073,-1.0227080522785925,3.287762755538358,1.0354800791872134,-1.6267781234701422
3558,0.7452215142424604,-0.9277489739843104,0.03319075772000175,0.3327565182308725,0.1403732435124875,-0.43427917964041046,0.6984720314179316,-0.9742995089553494,-1.0153990110030087,-1.5331281179482787,-0.9360091355543192,5.986102284253431
69,0.653160231422924,0.6525839164844368,0.07076855416288651,0.4540799399889995,0.3205448775731102,0.16096148654103334,0.6117078917686806,1.136393155224586,-1.143264246252804,9.25203605083775,0.28826826074515877,-4.864843898300865
1972,0.7487085865049073,0.4625597792038273,-0.08296790005909319,-0.08288463503006295,0.150744304619862,0.17373331263208827,0.6160015754218742,-0.5350685431446385,0.25810973916255747,-1.5486207976722604,0.04645081771685616,0.6732185229967089
1781,0.5411234772933329,0.6840942633159921,0.017012410559098246,0.21031559262356775,-0.31262475359713354,0.24204018147576808,0.5964015507128193,-0.8401284783169246,0.2873649052248192,9.445490428910604,-0.13964960622403375,0.5774602547778868
3162,0.6144354979878228,0.6092502459394893,-0.16479728489561354,-0.46129068616629093,-0.2273423286995159,-0.28212848767218146,0.6465302465482724,1.0835026472893343,0.33991985914494066,9.228093713746178,-1.1320601001935549,-4.961670595696112
4296,0.8349875531975035,0.4703798445698829,-0.39369020987065867,-0.2115521631805892,-0.15755325972867443,-0.28397843790837235,-0.6055112716315594,1.0063208940860258,0.7844470731044814,3.5539636603589453,0.3444305609467219,-5.320362441758851
2735,-0.8810671410316196,0.5816601445597138,-0.2029450029902655,-0.22588207048216258,-0.008431416136733443,0.10334279288506312,-0.5865078647311293,0.8752387067437946,-1.1259813361060471,3.0958837563790786,-1.2610888303032401,-5.469723349399542
4345,0.37771208595960853,0.6313472784294822,-0.4962886777197058,0.3175155359729135,0.06678347207193824,0.38414633142995247,0.49954556634761427,-0.6607933500979803,-0.9454617849689988,-12.260232821651657,-0.16461208685179576,-1.4787481825572186
158,-0.7300835233787588,0.5600620405415501,0.00922594402399925,-0.05632261421064819,-0.33025500898844096,0.4328776201685522,0.5473956998785037,0.25577452571533416,-0.9402947865347732,3.5947279693844805,0.20103926372229153,0.8228123625522736
4088,-0.7442809068665489,0.5384235409001726,-0.007664003688836017,-0.07853879877052335,-0.3278897759557318,-0.21359919064089855,0.5551439900309499,0.24173464453336616,-0.9553174097786132,3.610293314781357,0.2025235661487061,0.8166463814002872
2711,-0.7115438398464754,0.58811877376145,0.043606572164305316,0.3659486104425699,-0.25364141228013154,0.2531367485293624,0.6220749244720515,-0.508559741634955,0.269596399716838,9.23479931024002,-1.1316755575346564,-4.999733244239302
1743,0.7927803647713497,0.7066700912736248,-0.35631854863352735,-0.051951813794056265,0.07038502560639567,0.17431342832974317,-0.53765172327357,0.2911559406626833,0.7294353084045048,3.3032722655758175,-0.08285868565044614,0.8228478103770336
216,0.7342057356483521,0.5124211229528537,-0.35027620681328014,0.04483863154109367,0.08033172486740456,0.4024281221313147,0.5753770015768012,1.0725377277611419,0.060255011756345705,3.4494697745947076,0.23535472417382716,-1.6338161378641614
717,0.36989493512892285,-0.7044574542096197,0.483120505520367,0.2872748824056016,0.2183663609536693,0.17053052083876258,0.5194791216148638,-0.433311682403383,0.1427130026708226,-12.28583380689688,1.0180338256734534,0.658720333673692
2314,0.8580348938192704,0.4745714100098769,-0.04293172757477315,0.21208003698438008,-0.31733707926189597,-0.370175522537183,0.7017066872068186,-0.34358016986050843,0.3487559108839144,3.3630316300399286,-0.026453394967612672,6.091597715820462
401,0.5333071536170829,0.7101145378675773,-0.3701446312851644,0.22223949306737,-0.012893678848869264,0.29730628967550304,0.6105628042372554,-0.51061182105226,0.35891234106704145,9.404449066724284,0.19106525973114155,-1.6333511572080965
3165,0.5431170932660419,-0.3090939250726078,0.10933972679168465,0.4626264623061506,-0.0681752853034911,0.2986034789340045,-0.6477691047273293,0.2986171218171869,0.644219833341014,9.201160150931074,-1.0908914165377668,-5.023067656837417
4034,0.46312655857870694,-0.7827316727926058,0.46684053718387875,0.25931599299053654,0.3696985145662503,0.22778760271011902,0.5953988070305343,0.14958251968643052,-1.047120292109816,9.361532969439912,0.11364193465504556,-1.6532782678391398
65,0.911850334685379,0.46585156696622637,-0.18608470297634033,0.22996630727365128,-0.14882977178353768,-0.24408782309585408,0.6135930089510462,1.0235216245410452,0.8173070033506755,3.5808026486548425,0.3611619097096878,-5.279887143041283
3318,-0.8021987903487092,-0.8826168289791168,-0.1321381756817449,-0.1637743889926985,-0.2031691732248948,0.34966509300977433,0.6286917522059513,-0.46180893935441797,0.14059445541979793,-1.2931894656173,-0.9725491045500156,-4.9953408952252465
3604,0.8531709099499208,0.5512118819656879,-0.08248595644681671,0.21919599549994234,-0.35160945494097007,0.1361342853603947,0.6723099838787977,0.2749664636333154,-1.0521793636382581,3.326414425085817,-1.1528321119406293,6.0931126228952115
399,0.5220342850081475,-0.34578398023200985,0.05294536677770926,-0.2579548114801536,-0.2927739452166125,0.1845544850099672,0.6336028090066155,1.1514805942933646,0.3553920574032544,9.377739604079146,0.18994099005549658,-1.6398198100864283
3464,0.528219480770705,-0.18517631451139321,0.246521075488599,-0.5258039999047647,-0.02364384639254345,0.3397026096059437,0.7344225869906206,-0.2328006502793957,-1.0857645581291568,9.45420011130664,-0.9826005312187507,5.939317494044945
3919,0.7470953486438647,0.4272386267631667,-0.2807574966582553,-0.28670819064072045,0.15436427785443144,0.1653496512992466,0.7008224132281061,0.2863421706337614,0.09661645436948961,-1.5529223611141916,0.18782480723174227,5.956142209069366
1744,0.7665120938313551,0.6792593592890986,0.5995574386564012,-0.026307286105438105,-0.34377506345951225,-0.34162442895077216,0.5244756743085682,0.2208064214928221,0.7120176918149214,3.346400114299638,-0.10645075136166424,0.8507651311505744
2352,0.5652699266187102,-0.23318740589464756,-0.3675038548210764,0.5932961733477904,-0.2696250216181823,-0.3539175790872543,0.70574420000838,1.091680265339018,0.24277007717794,9.42007358818282,-1.045342015639394,5.947318322518276
2599,0.7033132796975111,0.4828982191267702,-0.27471931244724657,0.05524603823050796,0.1455333883093696,0.20141092426235543,0.6243794184940687,-0.48501818568504634,0.05283977184184122,-1.5334920116844128,-0.8856491049221682,0.7000552542451826
2327,0.6786152633793257,-0.08775090432998958,0.5290162446345265,0.33212931401489154,0.15374754487559658,0.37383036661190727,0.7142693568431258,-0.9821384881587337,-1.0044159558357506,-1.5944740513676448,0.14545712657482596,6.003109890954676
1027,0.788399656897736,0.4999600509877605,-0.31219125162274614,-0.03965994706355051,0.07713255203130001,-0.3848436449094647,0.6092747487427902,-0.5490680450007837,0.26501562397611195,3.4275062918268646,0.2391821958230716,-1.6588748969843863
2268,0.7132664766262957,-0.09344809462083432,-0.22602637499768066,0.30698706223463496,0.10172102185818079,-0.14313504500983568,0.704433630282588,-0.988711679409374,0.15860553239655334,-1.5230108633038388,-0.951193363724058,5.925431617547829
309,0.5178500452254814,-0.3850387683448837,-0.18445973490745163,0.24478964735933725,-0.03603622720633194,0.16393488687365676,0.602957492655345,1.1776462029400805,0.33241183969256843,9.46405181742018,0.14163709609687836,0.5761784297430149
2445,0.5950726707184906,-0.8313620074787421,-0.36353868693404284,0.568572871867438,0.3260197020119156,0.31993760795759824,0.704304881907457,0.20128913883356847,-1.0927446888767107,9.418710707060177,-0.08217811596982813,6.030670932228113
4330,0.4821814699553204,0.3396728432051113,0.03972448906195667,0.2852799199580595,0.39101888814235003,0.24311568576595805,-0.6084139674296607,0.1834854804419294,0.5536447904903953,9.376225128692639,0.16434896958246856,-1.608764754518905
2526,0.8267757888229648,0.5152474435918097,-0.32545231928158325,0.046839597718149564,-0.3056014782745196,-0.24637093618106987,0.5787903880371389,0.2439429621848113,0.6775937907251125,3.3209025421298684,-0.09963020139072042,0.8457157449886503
3235,0.4595080408606847,-0.32386096287345245,0.5342650694596768,0.4682486283991878,-0.08513423468821321,0.09260829454261386,0.5592305567640877,-0.6935443675000394,0.2023340618781227,-11.9949644200826,-0.7941364432083831,-5.128114843254914
425,0.6241864135512625,0.5315023282376966,0.581647159716444,0.07208287214993049,0.09934235436700857,0.4115731752310601,-0.5990411404215611,1.0599607038870886,-1.040675359844672,3.3408767870614198,1.0250208973985482,-1.62930713857154
2437,0.7591009595854501,0.46521634094721115,0.5374145411056486,0.2950796171042616,0.03958530834226273,-0.3688979993470098,0.6532506807056356,0.9981413873400102,0.13991845505494918,3.379993505413979,-0.02836016922713347,6.153870048514834
2681,0.4627888376926862,0.6582502841476109,0.47449508038922666,0.21523892284104204,-0.31034381326525334,0.3139164485187633,0.6040776169336203,-0.43936112506324365,0.19552347600875222,9.364210754208122,-1.0222026572034761,-1.624687063168943
1612,0.7949369787038624,-0.8640762155175833,0.5857043042415334,0.17290847063910142,0.164872004274841,0.1701471357698301,0.6348821416854858,-0.5373703268638651,-1.0166115614444242,-1.4162864054750823,0.09439564666043078,-5.0498672910578035
1545,0.6189758323898978,-0.28841641617964286,-0.09850099143089643,0.4415316474798622,0.019323103953428476,0.14698682584728603,0.6443571566119742,-0.46962548656135156,0.5985187540957294,9.242492947603077,0.9800890797821782,-4.894254759641878
4305,0.5620424708557227,-0.7659056754387294,0.5117366132261495,0.4418289506319961,-0.02289211086245287,0.15417965025304972,0.6218751290887344,0.2763210495226704,0.6221296958399952,9.172901266948806,0.1981934719024555,-4.894647394105082
1137,0.35301319758310923,-0.7151819462956812,0.4390636076574333,0.3082101288226319,0.19459370215057079,0.1889231807910196,0.5327751727293899,0.24753778159628106,-0.9022622430780914,-12.144910459715954,1.0692491808225015,-1.4573324611831673
3135,0.45670715084409325,-0.23622253014483405,0.3849621606797436,0.5496218732816155,0.33507006855379423,0.34190918962154754,-0.6901405966491998,0.19279961452712807,0.2429387754812973,9.4032734787328,-1.0162874818552174,5.954705763956346
3584,0.45011385341571664,-0.19485028544462757,0.4305948835966903,-0.5544363092919851,0.31295649974160433,0.35843364502275477,0.7038776773461703,-1.0235889665913926,-1.1068030185500626,9.450323644715258,-1.018071229885214,5.986892028897727
2170,0.4620468946018277,0.7252165545769713,0.5429592214378269,0.1936583025519335,-0.05630372030344308,-0.21250856472867932,0.5934880067178252,-0.8522311072859281,0.26958017339414025,9.448617876291177,-0.11629925886309433,0.5858170921437106
74,-0.6195554327562293,-0.7418659203581329,-0.19476571028619724,0.410658610087531,-0.07419337886485289,0.12666543479021244,0.5568313194611652,0.27733196155111756,-1.1160479058915558,9.25511168722441,0.19506662028200972,-4.894427510575409
1174,0.8018144669927041,0.4881132798697247,-0.04334286171877401,0.28852538540566897,-0.3249468888346723,-0.442551151349808,0.6835028824693963,0.2570687472472954,0.6531458542139272,3.5504948626642965,0.9328228551407312,6.0584175077933935
3238,0.46273979116900915,-0.3450270103976837,0.5081466070461145,0.4832558062516083,-0.04771982858426254,0.06682965075527819,0.5555746838344499,-0.6964368766281295,0.760018203377694,-11.979725802171957,-0.7702798366231087,-5.12184644627894
1933,0.4668673605543735,0.7058655063827137,0.5313469627662746,0.24667558022646216,-0.014070818829026015,-0.2318281985898225,0.5882123500886854,1.1834502514931404,0.3085780630875245,9.433165044977677,-0.17529305684616114,0.6316785868780702
2306,0.43122395262297164,-0.7380434899319294,0.3343356567384481,0.6116464851485418,0.03932700218093048,-0.7841900367578427,0.5950146791019347,-0.2780768739129747,0.6022331802399677,-12.224643151283255,-0.7018234806407806,5.82104882406518
2602,0.7389733165645208,0.6759128033705654,-0.17855184540233773,-0.05278305438554114,0.1780194572274243,0.17037357985313092,0.5916550381802369,-0.874472500434054,0.1918040692769665,-1.5262478679481872,-0.9524948964866641,0.6299540006881823
127,0.7582130645204725,0.7214687728205322,-0.2330834429480671,0.004632298329106258,0.10035428802490037,-0.428169883477436,0.5701647046470486,-0.4364794411271831,0.08322643717236584,3.333640537825225,1.0266227308459108,-1.6368542272077937
274,0.7772645853753813,0.4995745274001065,-0.28854752356783764,0.027107101316824662,-0.2586892951548908,-0.3553961507482058,0.602924448081425,-0.5130012056395534,0.7097994062218367,3.663235240925481,0.18389438111505324,0.8676863205781984
1600,0.5812553597065206,0.33035982907970857,0.5120188572152533,0.3966028198998963,0.17400034447703075,-0.3418530809448435,0.621268580409293,0.26690153053116616,0.6253408625602167,9.179290682979113,-0.1890236263743855,-5.024417121124683
1135,0.3265028264855428,0.4071638632684175,-0.4505017150835368,0.3381482414227427,0.004398021740325343,-0.7659630672302293,0.5167694797737025,-0.6948429911294508,-0.9462562115353216,-12.177184165924789,1.0572433494751297,-1.5223938239250585
1090,0.4214912107538568,0.3499002632279484,-0.01688671148525976,0.32818863754219973,-0.07469094814306074,0.3067162037995189,-0.6379803322339749,0.17215104881221782,0.5643502417812816,9.376187319751548,0.9926314126113995,-1.632301919473649
458,0.7166806546304492,0.52444674741488,0.034887426762835086,-0.012171940485221583,0.0880255684458898,0.4257510110375076,0.5777504637809342,0.2877986283408688,0.07822629473458281,3.4728916791981,1.0498532265026839,0.8429695557411647
2512,0.6928401862559185,0.6716585717596446,0.5746295648465847,-0.023487121683530572,0.14080906871767992,0.22488356880914617,0.5546058202519007,0.23668543186712632,0.6460700264346764,-1.5617490787053239,0.024025412010101537,0.6386752783653188
1181,0.6190786606051224,0.6397036047032417,0.18715352606445132,0.5514725933333158,-0.2768832956432338,0.1680446267653007,0.7427280685942212,-0.2780168740722863,0.49452980366947985,9.436736461608726,0.8734121425840409,5.8540231557505376
130,0.4501689984686806,0.3722744929340799,-0.07672649982545407,0.3486725942461588,0.37290799999742463,0.23497876907657655,-0.6121024817486614,1.1672990576531475,0.53483533272016,9.403747656693188,0.9882827549878805,-1.6234305534528157
4246,0.697188051416259,-0.1864803482015646,0.6552347823810242,0.22360829947207897,0.1323439434788541,-0.2833841291635302,0.6294192945019859,-0.8727413966111949,0.7158014213098661,-1.6075918508407998,0.03287336581435266,-4.952080426877226
3947,0.7304351643892262,0.3979221168333564,-0.015099203002614005,0.32812297021190573,0.11728945088540527,0.3792144862591913,0.7409927275587553,-0.9673593297896866,-0.9950833707790164,-1.5980174908738025,0.13607827857694688,5.985317224390073
276,0.8304584360439476,0.5079549977573322,-0.3093414163383322,-0.08300994256204419,0.07867126279892525,-0.24041917106388253,0.5933885692123815,0.2691439755488997,0.23062195377437372,3.605946640203877,0.24810072221875545,0.846684654381343
739,0.7191924826720049,0.7295027052760735,-0.27760617578789915,-0.05171705765919265,0.14646021547105828,0.36773917071108175,0.5869356211160385,0.22812708643250795,0.669482813736259,-1.671328068648295,0.8862765230289749,0.6435637358221225
4295,-0.8184583108637454,0.6098485886909275,0.7160364280264575,-0.13730391866443267,-0.1921381938253998,0.14598334703593202,0.5224161709242566,0.9824550425218133,0.11219407278917849,3.4817997107567957,0.36412573087981726,-5.295383758380987
3797,0.7548998893703962,0.36167064599183724,-0.017646074708146074,0.2883433315669793,0.0827640993556507,0.13823382074577012,0.6984528390968563,-0.9652371477472614,0.12113373460120125,-1.5432230526362136,0.12227740141151043,5.933117888204315
103,0.4708673347262077,-0.7449150980000577,0.0180149351563231,0.34098886156960945,-0.04722595980904137,-0.3756755721264093,0.6071598984523232,1.1641325878078284,-1.0785397127602259,9.38118348850568,0.136725269771846,-1.6711769427794267
128,-0.7434166583276282,0.64009545659647,0.1321010993584106,-0.024963336499067474,-0.34263562058707164,0.416940686350339,0.5705873690311064,-0.3836870217273558,-0.9656238489558465,3.3004871918040983,1.0555723066202145,-1.6150918740149462
1528,0.48858222695843156,-0.2414152723928604,0.07532649782752446,0.5421353003846908,0.15522531050085087,0.12163721953755242,0.6188450984184344,-0.7435960277320119,0.19511660098260386,-12.32527314406833,-0.11076485822017235,5.821425269016681
2559,0.4351501977371033,-0.3514881414987144,0.5363004189295792,0.20293492117400905,-0.025445682734080013,0.27756866054509527,0.5828478629935175,0.1679419108332002,0.23240109455695906,9.414553247344418,-0.14594641805708783,0.596723513412661
2752,0.7062246784357188,-0.8723091007352475,0.6123009961134822,0.2298480526582083,0.14278447851400153,0.3789213088148051,0.6402643682062867,-0.9316985742207762,-1.0322148563288653,-1.414971228179938,-1.037268004894776,-5.086386874931376
2929,-0.7186272565727655,-0.17146636534345064,-0.10516231043983132,-0.18475662146761274,0.1501304648260449,-0.28789590380597213,-0.576018843100542,0.3647689571148951,0.724370944523503,-1.3427177686110106,-1.0137809834278968,-5.040316703201649
3941,0.5651316464902026,0.6590156625868521,0.41496985419598065,0.5408488180229684,-0.26331434932067,-0.15002268759916512,0.7319649836247184,-0.34193853998137835,0.4698806670619836,9.402503761911868,-0.10330170325949588,5.942571340446034
132,0.5406661068051901,0.7029721442916018,-0.3499757601477956,0.26264586222607245,-0.34520324716801626,-0.35307622684603823,0.605018659662267,0.12336882480822786,0.3679129048283954,9.404846110476893,0.9708405155316067,-1.6723511904117867
2202,0.5197111135887905,0.4129674051903951,-0.3054034460626633,0.2661475120737509,-0.2694744290048988,0.2689694109263609,0.6015951903578931,1.2228645096372457,0.21120919939862223,9.431307747102768,-0.1771215702597336,0.6000538143116675
2422,0.7434659286898149,0.6236642649203981,0.45523996289661944,0.29473498035794743,0.13527542231455483,0.18871176871445625,0.668348192822876,0.2607563988267255,0.5711664200293448,-1.565304818011031,0.09522748150115862,5.900350752669401
182,0.8560365429714222,0.4963659384284069,0.6440687083706973,-0.14459801258333577,-0.16322788913413724,0.14636387566236583,0.606294017938497,1.0149497630133326,0.22191846841867446,3.5018545389770437,0.34663306411102046,-5.297231737162282
292,0.7329574644177665,0.43417109691685124,-0.2378160519922146,-0.00869186225352059,0.1580301932476412,0.1564855990892521,0.6325723620787714,-0.5532093437076409,0.6431083786424596,-1.7436124298145972,-0.10000112178182836,0.6202697443123261
4367,0.6532660725416987,0.7011471137550713,-0.2988155307667144,0.03959958083168073,0.18501311250754338,0.37808240254284736,0.5780511161794235,-0.8646844210219267,0.0851135294341003,-1.6644138156995458,-0.03770600089459926,-1.6195521020852253
1459,0.7866098647882652,0.6261202275962481,-0.2872640517045315,-0.29349539080623427,0.13994850158234703,0.18467463267849477,0.6689358559769878,0.2700544136322842,0.06708871240086572,-1.5590679639308436,0.1505179459544483,5.9248444186169476
275,0.6417498795853546,-0.3537538825529354,0.6501927287591606,0.022118004149226614,0.06471293828906817,0.3953145366035431,-0.5468511606321175,1.0691178773188441,-1.0122534541367043,3.632968986635943,0.21440609640893032,0.8561287804311424
3562,0.6823704665987386,0.5779672088093321,-0.21155072212762804,0.3411560121549278,0.10654468531858932,0.4068463749159371,0.7016660722626787,-0.9999338977043545,0.5902180229097367,-1.5579927444664898,-0.9769456077037368,5.916402914930299
861,0.6701650797006578,-0.25120341274423075,-0.06517624184422731,0.022028172147608778,0.10401091591146516,-0.20820928607149006,0.5919829116911847,0.198102020421977,0.12318506924501185,-1.537313290250271,0.9272054608377138,-1.5875977236971484
614,0.57269265657292,-0.7858537442165823,-0.13169178926548086,0.4473026555574555,-0.0800642523920711,0.2780543535849612,0.6159272887598931,0.26659608728482365,0.20749675027810285,9.204367379258866,0.9998735877658597,-4.920221261817997
1238,0.8660515627067152,-0.18755136114123555,-0.037899308371397315,0.25450393333988036,0.04590151123758375,0.1098910389689958,0.6897858822865077,0.9304695942178787,0.3325248595899849,3.50035656236947,0.9248588507533122,6.073193447600369
4234,0.9002159308148058,0.6012667702992408,0.02967378330539434,0.13698999927792024,-0.1770778504856603,-0.25700507998616395,0.6189645492704634,-0.47187423178182064,-1.060104295093242,3.5710994775905753,0.3261874727822626,-5.296002420832628
645,0.485834701568889,-0.3049466424795295,-0.03853648774488621,0.22633583552317596,-0.041991545630093906,0.26876323307330663,0.6205505932250699,-0.45548639246994405,0.21905000001636432,9.440587655347155,0.9875450910051261,0.5862821861966018
939,0.4913776472511123,-0.7973244719209216,-0.13815554790111562,-0.24147937976701842,-0.3176402278174563,0.23386773357452473,0.6088627334457727,0.18016178494285062,0.21631156212281963,9.44388975803911,1.0086300504640495,0.5527029625718087
1624,0.7542239564650837,0.4776644683752087,-0.3438013122524225,0.007925478306688197,-0.3457525551137725,-0.4175593130481323,0.5439685154341801,0.20656815008782833,0.04526177797793073,3.1230645996072792,-0.08855736114046439,-1.7283956073343332
3632,0.7509630668501577,0.6074847226435423,0.43232707688584143,-0.3129716653138009,0.007779248475309215,-0.4493064126195722,0.6592228761432173,0.9311836264476664,0.2994202588071277,3.3048268513036065,-1.1602413467585382,6.109335359780918
725,0.7790001358482468,0.5551334141966626,-0.3276403733260421,0.04805212914774898,0.10649516837645502,0.41625302946676224,0.603533897361766,1.0614010894211232,-1.0125722955344074,3.410299620182718,1.025377703815379,0.8600838082391892
1301,0.4522011597785571,0.7390788661620653,0.050636933516822524,0.3132744281087659,0.018232390478064363,0.3203761782630302,0.603011256384901,-0.8820905919441384,0.5656324772143968,9.39445097016336,1.0101135263421663,-1.6190834497806015
3546,0.8093864725033518,0.496354086009565,-0.3189450602515504,-0.32647791111274665,-0.2950758907922579,-0.4253468157242786,0.6819627064345042,0.9509925791469369,0.6187059756910684,3.295995456269214,-1.119989506524675,6.145941078674504
3346,0.8258186219239189,0.41962003693208866,-0.12936065215648251,0.194086331260375,0.0357284463746152,-0.30406340703197376,0.6792774247461723,-0.5308998156025325,0.7344307528114387,-1.4030271249286819,-0.9742037579793575,-5.010081861834708
4326,0.7638942272482749,0.48325970667718127,-0.3485239586519768,-0.025596960602681625,0.07171403634861026,-0.18820407123473998,0.581675608558077,0.24957079847678826,0.03659379814176196,3.484454208003903,0.25186311282272755,-1.6115941054373513
2868,-0.662043751437795,-0.22271102978188795,-0.14305763454969808,-0.0219589626506964,0.09935621340252396,-0.19019550406559502,0.5596744986653169,-0.8207900410692585,0.18328471304998542,-1.4614015307869244,-0.9438399196139253,0.6357503264421422
3233,0.48456173735961094,-0.31494108544541005,0.5201012248214295,0.45038687033621244,0.21906377447221595,0.06970270216405569,0.5825433934309173,-0.6831943547200003,0.0747601023572313,-11.982694523280834,-0.8213318099808272,-5.146748265634746
4314,0.4460887929882288,0.39245301682613387,0.566792594035632,0.5105898093090538,0.16304946034529746,-0.5913975060156802,0.5464680481160983,-0.7011990799953429,-0.9928544879997018,-12.21356245504298,-0.08778716360044911,-5.00504785762534
3716,-0.38948900557607713,-0.6898393065840928,-0.14086446682245282,0.31387004269301083,-0.1766124679524503,-0.7562717756017128,0.4935232647738358,-0.36991838476325656,-0.8858534313482199,-12.130906336586097,1.0718694185082638,-1.4859228799688367
1520,0.750775818859974,0.6112182127162998,-0.020269306321189076,0.31622055258182896,-0.324610958462739,-0.3751721055398463,-0.7153884233381813,-0.35885607239194367,0.5749714083803019,-1.5323005103952752,0.12313230612970989,5.852315886280889
998,0.697547463856905,0.4862875853692255,-0.004173126728209067,-0.0037515048730415524,0.05879403443999497,-0.46062122851950654,0.5829353192065874,0.24609555624336996,-0.9983946107859888,3.5025973192733173,0.16326036392059048,-1.636315991846139
4285,0.49887997413560553,0.37165245868017055,-0.5259179663459866,0.508451339779776,-0.06321841414304605,-0.5788356130121992,0.5477670831517234,-0.6632513600737497,0.14713808985921478,-12.217238677695317,-0.06267371281283513,-5.005395937848236
4335,0.48965521861793704,-0.7766907201539918,0.04589809927315665,0.2588067450285211,-0.0873236858978046,0.1661172337984114,0.6143937337748223,-0.8762897264500885,0.29154834589418677,9.379047928199277,0.11885379114723793,-1.620327214540706
753,0.6850696731675595,0.7047400547241162,0.5715147231396032,-0.02666829670919923,0.07510131773676172,0.19934812437825628,-0.5603681781810875,0.31343214155540594,0.7608390579199752,3.491550086513089,1.016930367602063,0.8092849177115298
16,0.757304389003752,-0.8819193011390466,-0.11495922240356911,0.1807489818676369,0.10368773194376998,0.12624825540039464,-0.6448848016350923,-0.9009539156817914,0.18491118909567572,-1.5559452244863754,-0.012971220780741127,-4.896843755888499
2832,0.5428236819458154,0.4278849778961146,-0.3012499401355564,0.27627234486897173,-0.299263890512004,-0.24753374783652468,0.6167293321619487,1.218649640702278,0.3417433792790883,9.457217283500132,-1.0202325148446671,0.6163053632684377
1074,0.3280710012421493,-0.39299735439605876,0.12022586076129875,0.32629663787572194,0.02816654218857119,0.3558550888640018,0.5060831544767409,-0.6703633058570787,0.1348716874446776,-12.276420327772215,-0.15107138063931663,-1.4472843852312496
1228,0.42496050719882417,-0.7671553376487521,0.06028088627256567,0.609739105014004,0.20935870623330277,0.3539092888347311,0.6206972833499007,-0.8152313926111862,0.16135342043037626,-12.337600395942653,0.9554442654760219,5.803610096068537
266,-0.42201167762689,-0.6703221514952582,-0.12765299264505708,0.3166829628875514,-0.1879029648120533,-0.7372249759085636,0.4738546607038397,-0.42477508297205985,0.11945505139916268,-12.220398633780519,-0.1583439544592493,-1.4959370412020716
1394,0.46746096845191054,-0.8064754584164693,-0.14912217651728102,0.24621386606426793,-0.007917373983360681,-0.21290309718166978,0.5925377191813199,0.1672169304190825,0.20831016112942463,9.429291456536443,1.0356604985459048,0.556896974304564
2944,-0.8943556965124271,0.593562903565438,0.031790623651792235,-0.2204489149798263,-0.28122844283931886,-0.23430435267461922,-0.5976151094812897,0.9366709085730922,0.19769584015906602,3.0835579507386996,-1.2896711873774382,-5.374830759631932
3249,0.5734731054830008,-0.26155183522905784,0.09987694272748414,-0.4192971961403686,-0.04249574457358473,-0.26531083337097544,0.6380776464768123,0.2424212102359472,-1.1467064433167342,9.242048130168136,-1.1152408229836919,-5.025169316039889
2578,0.34374754960360476,-0.3573727594712965,0.5070862423504912,0.27579700237366533,0.20456946783504337,0.12051478441764278,0.5209116915240084,-0.6658741526326357,0.20620428325907994,-12.263376264536932,-0.1546735857554593,0.6842531889388268
2151,0.7104199802596816,-0.8447928237577339,-0.0981747884062182,0.2287437412148153,0.2389284948841487,-0.1690727414940281,-0.5875991128549245,-0.89538281485529,0.20386941071562448,-1.3744735917900088,0.1450513727496823,-4.955097439637975
761,0.5933953658006794,0.6765629918092222,-0.014039342863316203,0.195630541710877,-0.33352836157226085,0.20250489785635653,0.6325552550469834,-0.4507496534405549,0.33128542301444813,9.46854482938413,0.9832817508234811,0.6107296419846701
188,0.8713122480865915,0.5120981167021258,0.003379474507533845,0.1591457623028853,-0.18351498780043132,0.4013335723263881,0.6107473098835281,0.3621520452742101,-1.0465895798182092,3.5488330640908927,0.3041274374394459,-5.3094319580919045
1821,0.761528969366118,0.4762138412110322,-0.1989090764975705,0.33516497747495755,-0.33389782263837914,0.36423697063725696,0.7334282130368549,1.019065972435599,-1.0502579251413235,-1.5925718907092008,0.07839673528212442,5.906879433832221
1258,0.42495873282834146,-0.7671605099623479,0.060275633455571506,0.6097375065111889,0.20935367263182775,0.3539040994106221,0.6206957880269133,-0.8152361037224036,0.16134793059267583,-12.337606155522561,0.9554394151157525,5.803604713736069
2688,-0.7252593850844181,-0.26104142230968974,-0.14795785970805256,-0.028509889108709035,0.0818845132877478,0.3906173841844678,0.599622500058937,-0.4781776957855155,0.19288295477715883,-1.369839105574462,-0.9179851642398529,-1.5913041562392345
2087,0.836179731021622,0.38286337671218895,-0.11196518258357475,0.16601420543441664,0.03935533326115427,0.1466791570747561,0.6524130458752642,-0.8486467560835741,0.2096341513076949,-1.3783644390425895,0.06387762771918955,-4.986737255683873
1906,0.6794687981559602,-0.23091364433237777,-0.15213168125302712,0.009502068232083896,0.1598276830351171,0.17335118079283526,0.5747112300150901,-0.844757572051282,0.6329748054034817,-1.5425565657888005,0.10581749620593911,0.5979985594387859
303,-0.7446421051191552,0.7150173953113209,-0.37014503444187724,-0.0024712640197027463,0.07083730638555762,0.12043020704350804,-0.48771885318825287,1.0100222121507803,0.7513862526564317,3.57293540926794,0.21689869972695308,0.801332542945423
2949,0.5671654495224842,-0.27540014783967137,0.07267088136198804,-0.451152073706425,-0.06138270272734492,0.2816373415474827,0.6352630647695635,0.24059351790008782,-1.1478318630299638,9.227135399785817,-1.1157086433671541,-5.035815017510601
1637,0.6423863686960496,0.43091025936548333,0.5763410185782885,-0.016781625599936793,0.14502568142190705,0.22458117901228314,0.6027451044988693,-0.8596107382046294,0.23167742251336493,-1.473141506169241,0.03852431614070242,-1.6421720898064658
1393,0.4424904423443573,0.39277207204115866,0.530888393725733,0.2681554617657961,0.0350859552868443,-0.2227508773080547,0.6272632164104629,1.1925082824121633,0.2997528623454828,9.429888869171554,0.9958801648950375,0.6250620734729225
1720,0.5641566085402253,0.7267973689009323,0.0005847366746115528,0.21985575350827546,0.3760497836386887,0.2680185026346335,0.6034825114887444,-0.5378943884535672,0.5697457612947118,9.438969216317961,-0.18156151380627444,0.6148019203900543
237,0.3899833827233306,-0.6762881653823714,-0.4976656973998693,-0.3854660090335867,0.11324125216219517,0.3571809345375615,0.5162457961987313,0.8415436937805945,-0.9141044590205556,-12.208998752420847,-0.23219796704716808,-1.5054438547725748
3806,0.49357058958861566,-0.7387182593834652,0.08929226171263879,0.5706212863629665,0.03207276265778623,-0.7202312769219528,0.5960453671766516,-0.3068820763412133,0.26046239649808006,-12.298551924550596,-0.09446730909973441,5.7897005357752835
382,0.606230398823178,-0.9317041205031041,0.55516708978634,0.04752441144662666,0.10832994193339052,0.3476932980447717,0.6289348867513124,-0.5159347535252076,0.10372396488146043,-1.6373246483671662,-0.10107622715370647,-1.6415359691597704
933,-0.7686048891158436,0.6978531483013871,-0.3912045704021132,0.047574847256768346,0.08924042321362986,0.3935601067297128,-0.536085527176333,1.0009353660455729,0.7609574989262349,3.3941487371233565,0.9943252456145503,0.8111982236129185
1794,0.4160451964843579,-0.36471514692851564,-0.12505633046943784,0.2783436343845787,0.2053767938923156,-0.6814449005221006,0.49807785562326423,0.20155860987714852,0.14843898360764068,-12.269289295532431,-0.13654883475454768,0.7037674513631025
2440,0.5510500874850378,0.6670543853074851,0.4111087198705987,0.5214181616861175,0.344362889822686,0.31326942034128596,0.7009970784241855,-0.3253120399717459,0.22365901883241385,9.414602984220931,-0.10385219444896315,5.948022867701495
2038,0.45712462111999685,-0.6555411219689184,0.5103425001979062,0.5180462219936509,0.17995795380800814,-0.5568412387524355,-0.5439937174079114,-0.7290648880542825,0.09620287555083303,-12.185466400136573,-0.08568281255337865,-5.003262159842482
3410,0.7369722158912976,0.4487241560132795,-0.33406948070872533,-0.15195271972516267,-0.008138354327284996,0.1751344394778024,-0.6593751809837642,-0.5009166357281919,0.11281711610836972,-1.374474710263336,-0.9783856094700488,-5.027232270069084
884,0.5714212106598647,-0.7433397703862396,-0.12786684470380547,0.48143724557056744,-0.09078815711603619,-0.2580791245769173,0.6287988910542627,1.118044489462028,0.24733753081816767,9.20878423425794,1.0013885899852102,-4.918706574739291
459,0.5555514375550762,-0.3365375430977733,0.012971719734394312,0.20919249941868232,0.3305318760115402,0.21984537001730542,0.6136593469986832,0.18274740603222991,0.30449050333275496,9.464654228241395,0.973347043500705,0.6064541579146512
1903,0.42115869915819126,0.3692869186600161,0.5655773691846583,0.264415901112548,-0.021793684736938865,-0.244419521326762,0.5916068751782451,1.20502770214718,0.20729167777115462,9.411542383010737,-0.18465402051627253,0.6141343596990992
3145,0.45803992701041135,-0.7522045465100251,-0.4867675869596448,0.5908975338895579,0.16374907429423166,0.10408611598248657,0.623529137668454,-0.7563222250975645,0.5835227414451787,-12.210838496829167,-0.7087095104356063,5.870459102881624
380,0.6206772255215547,-0.2777816808481682,0.5615139343771802,0.022299966586195496,0.18756549259258076,-0.42013672102971655,0.6151491556525196,-0.4721249219203828,-0.983308859930165,-1.6690903999028568,-0.04642324346557493,-1.662394192421488
1054,0.6873873471842283,0.6739134264189599,0.6191806781848865,0.002182237303407806,0.06627840207515089,0.17027353454753125,0.5461265127426013,1.0431212404163568,0.09436468096721475,3.5100918409312274,0.22599408245676658,-1.6142838719287755
3106,0.73573056309619,-0.9896751937748738,0.42891234504536574,0.27924296957849054,0.1430446717797104,-0.16185322738634564,0.759095285252843,-0.3479919297320737,0.3067637747693049,-1.508386231638773,-0.9617780780300765,5.966157767821735
2469,0.5947731394376712,-0.2017468814974775,-0.19506658161938015,0.510827101579291,0.2921387864020901,-0.15781522030420425,0.7174835986968706,-0.31641295266918595,0.24798010258140882,9.434242877999258,-0.09659715790686925,5.923332308109206
1954,0.7791881578948929,0.6412510419060695,0.010527856774113144,-0.007665295364961946,-0.3624495703436522,-0.2834842687284122,0.5159019777339633,1.056140924159607,0.0915422309424478,3.3309048688416705,-0.06214079462054796,0.8423792841320483
418,0.3611722555378972,-0.6803252237333279,-0.10008294199889295,0.36823384089545996,0.12100244022858639,-0.7332593488665531,-0.5307117309691943,-0.6687865229790173,0.12963923561493376,-12.24460490510397,-0.21724914183948915,-1.4750641891743632
1658,-0.9122516339940542,0.4820222023312594,0.010272345143152563,0.16783966504443792,-0.23203393066489403,-0.26314009309488146,0.5541714929222372,0.9789308098860465,-1.088629192980223,3.1928738716384064,-0.12191878822610334,-5.405253080520205
821,-0.5920348725896885,0.6729358979197937,0.06562965631828652,0.420320235460315,0.00629142543865105,0.2644078117313989,0.6086397638186191,-0.9086096564276083,0.26631833831211493,9.268246172544568,0.9723953353978216,-4.9504824615748815
3724,0.8038166787714348,0.7297681480906258,-0.247516689522574,0.023289970424237527,-0.34677681179045783,-0.4416583022967275,0.5701074166539574,0.24687466225073285,0.25090837088243784,3.33269214962281,0.9992176027967613,-1.6630881150347072
57,0.41224330776790763,-0.7047410027535976,-0.5376943811886781,-0.3091661214369421,0.1434171615992584,0.1522176032431272,0.519793733347432,-0.4550233413476678,0.10127772251946979,-12.238365847991126,-0.23675470562917578,-1.5186303218168384
20,0.7207034956492648,-0.2034283821539052,0.6278498241907357,0.16147610568361284,0.11963133880103116,-0.2899283610042998,0.6355353422238923,-0.8993248030322859,0.1573498113479175,-1.6008811183762912,0.04437815284986607,-4.970157554161181
1455,0.582590558367172,-0.8338252567443603,-0.37479916149545006,0.5593443786322114,-0.01694856826347247,-0.12347033589006441,0.7123752724971524,0.20444943649395392,-1.1028007500203965,9.418897875042859,-0.0730012619685084,6.033346920655393
2523,0.7219144853921483,0.686688560885116,0.5424119833823376,-0.08287618167144248,0.04339600194618764,-0.2941603524955259,-0.5764693072896302,-0.5595999869115807,0.16929971971031416,3.3146896771218852,-0.07340910836961796,0.904661118116233
2722,0.706214081445688,-0.8723461960466573,0.6122632861449432,0.22983839544166254,0.14275004384328943,0.37888711164625705,0.6402548258317639,-0.931735189734291,-1.0322532268000315,-1.4150076790866328,-1.0373053271090023,-5.086423664425235
1108,0.35787192663212586,-0.7297712833081982,-0.10110015595745384,0.37254387931237887,0.16905260509254566,0.16193479979919317,0.563849596055383,-0.6990039547154342,0.6355383465889674,-12.141618200539513,1.0575903725284568,-1.4285775589180525
3438,0.7305597792085152,-0.9401702576304015,-0.20615805152061623,0.3229563586439604,0.13069585202516176,-0.14533607077833305,0.7273435787691784,-0.9951962701789895,-1.0284561920290067,-1.564640211959778,-0.9396415467977437,5.972932559623666
1544,0.6281570772194999,-0.752926764725976,-0.10355361777692078,0.5117779659589521,0.24318159642412163,0.15764525209595892,0.6204323913560632,1.1286917420203075,0.6041624859983541,9.216385318299057,0.9722322012171255,-4.895917454567543
3544,0.8531102103022028,0.5510238413759382,-0.08267055708568895,0.21914090678926554,-0.35179973409757614,0.13595777254810346,0.6722367027795991,0.2747841618920755,-1.0523573925081873,3.3262285655451347,-1.1530221737021873,6.092929874504388
106,0.6726604086000283,-0.2000297749459246,-0.1325619153881228,0.07917153836930743,0.06999475746369824,-0.149510642519429,0.6236741508114682,-0.8203423109577636,0.638023095288737,-1.6631895236537306,-0.07154138798152065,-1.5767104401287013
1666,0.7021139546337337,0.40267448364403396,-0.09923918363527855,0.2492359060330628,0.17345258519932566,0.33405057712951847,-0.6243476423351391,-0.8821774255065111,0.732852753023811,-1.413183498107593,0.08665879487128847,-4.97207818127551
2566,0.7093074063835453,-0.9122354334703138,-0.1678247481753757,0.06301559345968182,0.1478742076894041,-0.21037753032085804,0.6134417957026149,-0.8222933447385978,0.6362564521301405,-1.5583828831670248,0.11509670429667052,0.5848613443673722
3581,0.6179094465740652,0.5747696096311374,-0.36604098958189996,0.5565874930586042,-0.2877062796305943,0.16180134118378092,0.7030576881577163,0.19199314325543926,-1.105353615483347,9.463010868391855,-1.0167843877112508,5.960007974620125
2877,0.3827932260698822,-0.655978346100647,0.4738328700014211,0.28550346562601536,0.22368916806248068,0.3466599544508525,0.5232454057567605,-0.4653925258526753,0.14167892226824202,-12.143597057196441,-0.7208225282045153,0.6868369280780432
3744,0.25848765669323664,-0.33468943056533473,0.48400170027935957,0.34491787954547964,0.15634022142818718,-0.7744317198899963,0.5335856444290785,-0.7283593222553157,-0.933012186241484,-12.190167464373756,1.0546613584621323,-1.4903068948183005
199,0.7849512536895217,-0.23126166788144262,-0.3824759076524868,0.19330083119753622,0.16131369092014297,-0.20314490814083566,0.5973904690381303,0.30185484890596775,0.10479018465818683,-1.547636512239916,0.011290762375455857,-4.937535768268615
3527,0.6383262359738119,-0.07573698520111878,0.5555898406195031,0.3156017259682063,0.1814227622980639,-0.4052582037073396,0.6734209072834583,-0.9839151549868186,0.2018494832360482,-1.4947523650576298,-0.9821374286552823,5.971193075158441
1777,0.6913056686000499,0.5113668377498328,0.6779807597220843,0.009134430738447798,0.05261519375057384,-0.28522789294115597,0.5451928454617696,1.10688218348389,0.13074701240838574,3.3119005980842298,-0.08352723942049177,0.8732442529151737
796,0.6826682384202313,-0.2576458513455264,-0.0992999204264583,0.009145648765866907,0.11854947059706214,0.3601122727161873,0.603567014672442,-0.9368407504665337,0.20512002114275066,-1.6331128831728055,0.9288410174869871,0.6256690670587387
3308,-0.8413784902467555,-0.8435919202401146,0.6691965387310371,0.20237499422796343,-0.24132948138910168,-0.20855692848344065,0.5298183670623143,1.0156014351541438,0.15193001602587483,3.0615993142286895,-1.238548068061525,-5.406300467014037
204,0.49438312267561757,0.3822845857840453,-0.5144867022448681,0.49842126787774704,0.14099992163459565,-0.5837925073715524,0.5472552426290952,-0.6736890476262438,-0.9906106490098374,-12.204718690730301,-0.095237791250913,-5.0268541666821775
520,0.5196121194132957,0.7237272113818116,-0.10837619251926686,0.255997707768176,0.3630888992996067,0.2965100264272901,0.6011051865747571,-0.4490829145429608,0.5834357636418775,9.464619797208039,0.9988027581494642,0.5889670455914119
1004,-0.5057551789326036,-0.7722061389065575,-0.1666279169521093,0.24162773617417596,-0.0482559677583822,0.1834339089955545,0.552917186763211,0.15748013804332386,-1.051087778942603,9.424092689904096,0.08589423113798149,-1.6524589305512465
3964,0.7379604103131266,0.7086570171100575,0.5616007966142044,-0.001971907653572514,0.08451127366218088,-0.1809316809607697,0.5904597852894982,1.0628392499724288,0.20912230304826437,3.5208833476431263,0.26800122551161587,-1.6005727863519954
79,0.7161625214053929,-0.8689622322428641,0.6119025282219556,0.26065808660291323,0.1459029058514214,0.3143988074840215,0.6164134719945621,1.0947268216904023,0.14356009411886247,-1.5815100620978861,0.01220499323522899,-4.951206912648608
3576,0.8081658160702124,0.49226969700643514,-0.32275651884411705,-0.333010207549301,-0.29953321003270683,-0.43017404504306017,0.6804961725908614,0.9471369626724856,0.6144799630931193,3.2917743407216578,-1.124646514650665,6.142169132886176
3770,0.6016830702917186,-0.24660094463578133,-0.284692240863306,0.05861225463209525,0.13998971346393407,-0.4137235269657526,-0.6029423263823456,-0.904020790419517,-1.0614785907432096,-1.5820957058746608,0.9130179525012335,-1.6422822186554544
2110,0.5733229319108675,0.7037967521678934,0.08502760809746497,0.4011357710030924,0.22877955632819888,-0.2796576447881113,-0.631065052574028,-0.8562357563320918,0.24155669536443422,9.215429076451981,-0.1489121389786585,-5.0007824155665
3743,0.3656925130544559,-0.717779221629722,-0.46110193640471275,0.3441697674616005,0.15646105456385606,-0.7206524914515754,0.5387351849594493,-0.6959394382466338,0.14741163736101226,-12.138413706520542,1.0793855342782186,-1.4958251979619939
2660,0.6902692148940932,-0.25991198770509844,-0.28341314586732747,0.037735941709643936,0.1887885054448246,-0.2240568137458997,-0.6365047058953945,-0.4703584961738161,0.2942803148344632,-1.4668887664069556,-0.9133772024163667,-1.6245854822979375
3685,0.4482161011367711,-0.249164141581702,0.3658351958942549,0.5391182113833345,-0.10190725008648166,0.14767462713758855,0.6099824300718631,-0.27872312221489615,0.14136513115080324,-12.267038018466963,-0.7052929812264813,5.8060823101461745
1341,0.6708837041530767,-0.25703549209020315,-0.072338935438435,-0.00040941951931358227,0.12915290841076996,0.21215784598659304,0.5700061127438474,0.2243194920517237,0.0997685592383876,-1.517995079928461,0.9261829135785825,-1.5992681392221715
2307,0.4499036309487446,-0.7418842600808112,0.05890164750949393,0.5616819477159437,0.20281581681267824,0.2010603885724277,0.6462834648087968,-0.290414174172513,-0.9688294691527041,-12.226760025721383,-0.7186584669595496,5.804945031327404
4208,-0.7099971096608443,0.5460436119994534,0.03205704781892923,-0.03434873015300518,-0.34079292740845646,0.4393207653055783,0.5553897668131857,0.2466481869906189,-0.9387908072696085,3.459528705939265,0.22270132877894935,-1.6023113627989651
3161,-0.6609581926052797,0.589309575865449,0.5187629295711149,0.3563985819648922,-0.2511621459665135,0.26215231263849686,0.6042223776436773,-0.5114587565188731,0.25249153073470587,9.222202384783555,-1.1269623107361664,-5.0353046973653015
1182,0.5058634360884647,-0.854963116202377,0.42160719231787064,0.6375883002012496,-0.28276373344698996,0.30611997659942203,0.7313168218521204,1.1142911297468632,0.4692146861793193,9.374549036870764,0.8908007697020374,5.931794175697084
1698,-0.7472376180793089,-0.2461941627796353,0.6570753920149127,0.21024964070408533,0.032621038514502404,0.3662808967840002,0.5584110297907399,0.3642618411988877,0.7306062845592407,-1.3399504529152555,0.01870296921983508,-5.07293583918988
2450,0.6665982831895669,0.40947643784877474,-0.19159094160694118,0.3109051812585639,-0.015826723220515693,-0.3822367609246002,-0.7293325713131242,-0.35676820697829026,0.5627759334148118,-1.5404368316168147,0.11136385584822767,5.8598690408454095
3312,0.5894699204474178,0.6157048585032201,-0.16405291611237807,-0.4554015603919973,-0.1895929222004964,-0.2864351276614201,0.6447918816690221,1.0949934856980916,0.23050433240800658,9.234975124345933,-1.116882490610265,-4.941605030954081
732,0.5138633815313065,-0.34594778256803904,-0.028085538387056,0.32974735403359073,-0.2800789141819469,0.2842599212839382,0.6287315351494849,1.1988101080959133,0.5649081684167866,9.422830772792908,0.9791046507652061,0.5830921058363661
4132,0.7245345341450812,0.44915130677662635,-0.27343799208582176,-0.011385182402692498,0.03465371453345232,0.3291323424842276,0.6680302070103639,-0.5667107902475411,0.18000760975349486,-1.7376276908204462,-0.08959516248943047,0.6489426475160085
2044,0.8893909453222615,0.6473792257282701,-0.10361575903191558,0.175753747972294,0.07611624695707742,0.4065730140877924,0.5891019249381906,0.3904535928631246,-1.0435329038656913,3.5594013926274375,0.31522005775013856,-5.363360770161069
2714,0.6126479706011484,-0.33806649495270025,0.0877093623351824,0.487046696903386,-0.10803661056795068,0.14040454324100615,0.6450478740724114,1.070922898301153,0.6095412299398907,9.21505387164992,-1.0860798260002118,-4.988439146513265
1195,0.42098175607091015,0.3822022669242683,-0.4725151007207394,0.6051459151101308,-0.030503213216971806,0.3735808461257826,0.6354969673151456,-0.7801522809307027,0.1475303317140763,-12.387898784308547,0.956219299201899,5.8368719532600695
3374,0.6352358353067111,-0.3453096004682028,-0.14148217755811898,0.4869559035394361,-0.16876566236645618,0.1463954065228923,0.6353658190202534,1.1029863924501693,0.5969467965926593,9.226829811040574,-1.0913765780825615,-4.945260944569867
504,0.3520525514723816,-0.35606744367936854,0.14282117583673226,0.33245202430020276,0.2008619437709295,0.1484546294815966,0.5424705880941841,0.8850332695682908,0.18619906998606076,-12.340889704557524,1.0148045493920694,0.658539400834787
1538,0.8784364225813531,0.483364546598852,0.020038829193729586,0.18531592788693546,-0.21873975758137906,-0.2709811852188465,0.5991263975469634,0.33939504137814785,-1.1150874432351343,3.3570476551593065,1.003934233898847,-5.331228333163884
2648,-0.6869726845175004,-0.9103118421022766,0.5903837736465916,-0.02644895868969809,0.06329211988260591,-0.48033973915792166,0.5265250160114217,0.24352506956594788,-0.9615206452802257,3.0015173978780783,-1.1772023286563706,-1.6501371062962826
446,-0.3742670488372694,-0.7121006793214287,-0.12272986257661007,0.322948169404642,-0.03896111043076975,-0.7457411381235935,0.48754902420135776,-0.394292165441633,0.13140462442827439,-12.144343265597593,1.0537224689233795,-1.4890470552947017
1099,0.582049831802999,0.43496415541768324,0.5650550738065537,-0.032528204160267894,0.0814271280749595,-0.25321497400925636,0.6262054871985037,0.22552648407443565,0.12253286820309683,-1.5735310354475425,0.8860931858933925,-1.6510302076303198
1606,0.7924970564046477,0.663545986225089,-0.10367713756258837,0.22975513114600649,0.06083182141677582,0.3511599482094645,0.6021289189156144,-0.8730564879867345,0.7330962642902473,-1.4191364912657685,0.03893955401618196,-4.982377833020922
1636,0.5677437714237439,0.42005275547163035,-0.08761723946995353,0.08174907280730022,0.1268735977862476,0.36517616038718964,-0.5976109676970899,-0.8472942764409217,0.6300836731065647,-1.485908624788154,0.08201474193243762,-1.6094782882167158
754,0.8188250272824821,0.503478097426394,-0.26648499384405727,0.00636128142657986,-0.3077340759858111,-0.20860633461300096,0.5979992281193425,0.24941977511041116,0.7424577766535889,3.5072292911394505,1.0183634603788172,0.8248496483295772
1795,0.4007436620149668,-0.4070140941389852,-0.47933347056817677,0.26485690482442953,-0.007889286870213612,0.34263670948714514,0.48913482095912764,-0.6470356125082615,-0.921049840403007,-12.217541632315676,-0.17586411987426784,0.6707221816173597
1391,0.46389546230141576,0.7301309985900774,0.014760479560463693,0.29391516258633055,0.040089953853965334,0.3015300551382841,0.6008639736273061,-0.8974000455975363,0.599436948277145,9.450747351779873,1.0130296381739559,0.5676287247450009
2204,0.5319412756043305,-0.3479564433247091,-0.17791771887550997,0.20253110856432607,-0.29772447069099256,-0.2140711745712253,0.5905758618169776,0.15503424457825565,-1.0667027144825714,9.453279135114483,-0.1446453132324831,0.5807283776392771
914,0.4864931586961764,-0.7885876634715561,-0.1281647003516421,0.28461067999152,0.3171004948772176,-0.3252088701258736,0.5812148037061142,0.14584595521497926,-1.1116475326528727,9.463820160826348,1.0146620311091699,0.5493164959405554
1070,0.5911988002932687,-0.9625267525710831,0.5747039267560135,0.0828419084091725,0.08941291483828981,-0.22040524481419285,0.6259618449488537,-0.8725374740999692,0.5919805965188784,-1.6785227747195526,-0.12199019295666244,-1.6122952329291615
927,0.42901177166118376,-0.7101688347904817,-0.4882672905833363,0.280586902695,0.1758866051447967,0.14633053639376192,0.5234634326102626,0.2558745710493879,-0.913716339657875,-12.272246808688042,1.0769898659078623,0.6311991109822122
1149,0.4467185727827767,-0.7967931625776365,0.00602219685298417,-0.32431843300127966,-0.04100793747480709,0.21059752029057258,0.6262250370086897,1.1136322618284413,0.23170174309397584,9.380090705213572,0.9913194487741241,-1.67827425534155
194,-0.6297691925688199,-0.728296424282684,-0.1676235828364413,0.3883658512461938,0.24125731106039008,0.14581025629678662,0.5565328197113799,0.2595078703980909,0.18839417958727606,9.234272041607928,0.23311191750968113,-4.860233093076872
1043,0.36684196742830266,-0.37688185443972344,-0.08226466768752358,0.34282538974392845,0.03525399507884638,0.1685617961303329,0.5370234768262304,-0.6485646635908022,0.6444637231754102,-12.264394061547216,-0.15020995499408293,-1.439450280893981
3446,0.4295212095355113,-0.26917565298334545,0.333960845208659,0.5796535049134811,0.023389060760873614,0.18451760875131465,0.640792623990613,-0.30019757495057575,0.5983787295597679,-12.256584186912251,-0.6874259478610067,5.802765435490782
3499,0.7719181629348688,-0.9559345794626756,0.0024411465580884,0.2744414930966913,0.1394445984715767,0.12463434150362826,0.7212606332690806,-0.3233158355720782,0.11498323030857022,-1.4830293702191948,-0.9543095736616092,5.935800890978585
768,-0.707178188833663,-0.2602208387905389,-0.08889060212998033,-0.01240211494784749,0.02899796358695921,0.16063579196171437,0.5598380359977484,-0.44069228321193143,0.6383481972919516,-1.5610772112386093,0.9429203343642902,0.6307370667033796
2874,0.4415761332781646,-0.6862690203022597,0.1499288650382626,0.26433472534422053,0.21665738207284727,0.10349052405636351,0.558198416091015,0.2525860469515951,0.1125760782821453,-12.164973353744017,-0.7322083807474079,0.6658513616716211
372,0.45637699077276733,0.3940383626086889,0.48149326860875963,0.24554993706630718,-0.29410489124613204,-0.3479353646365963,0.6127605876178357,0.1297436039209148,0.34643196022939565,9.351386067201632,0.17152195656570637,-1.6778701263207108
971,0.47785054572862834,0.7420535292478551,0.05621422645612427,0.2996722209049142,0.0061585533938501155,0.19822122896697877,0.6071956186201959,-0.8794432200398968,0.5580782784972221,9.409993462314315,1.0131715853324692,-1.6179231051608722
3170,0.6265412150651575,-0.8965325490521981,0.60428518861931,-0.20518325141716473,0.033420141156768605,0.3433810437833298,-0.60856784676201,-0.9490106361900228,0.1816077093236643,-1.3958994996612484,-0.9837290718134859,-5.036127870799557
4237,0.8644138749349951,0.6588670633062927,-0.15708415866247985,0.22310290412526357,0.022467031835344067,-0.20732843850180382,0.5710697376842422,0.9970455781159241,0.08686149228116836,3.539525489998535,0.3319645860291393,-5.282026899896762
2285,-0.8362765700088151,0.5466125898166171,-0.05147079884578936,0.24307217263141173,-0.3391015280318127,0.1030210228415377,0.6353704997042713,0.905751312487928,-1.0639843606208421,3.282717201208648,-1.1610407854336569,6.12233638768365
2852,0.7134607288035812,0.6621045584801468,0.5711380927450951,-0.03006479455731195,0.10545437915517346,0.1768941129939975,0.5335309629160134,1.0077530945800408,0.7020986043294503,3.250889730772521,-1.1065591481474675,0.8303884163020541
220,0.45297423994220243,0.3437785114963602,-0.0015770356709148407,0.34881589059218293,0.3927733785832202,0.29871281703583374,-0.6112923766259887,1.1854298236915983,0.546883619531242,9.35568199755193,0.2262821073029583,-1.6136212152471525
328,0.30230784688849827,-0.6903278589422019,0.5194112885590207,0.3693488595726676,0.16964725029708852,-0.6920378841774182,-0.5213652773506982,-0.7077861092028586,0.19650309689513093,-12.39522239130199,-0.22638869099876444,0.613412832622748
3772,0.6604178229497097,-0.9374480430663562,-0.3166848926387537,0.08838665362285322,0.07740049225735544,0.37892766534906114,0.6338670184215619,-0.9385584488786898,-0.9830704739529948,-1.5928612028426075,0.9663159652829475,-1.6273628969135048
4154,-0.49644239592409334,-0.7564241041001956,-0.12743970460547444,0.23811403731942257,-0.015353742486298743,0.18620925326506968,0.5500302093624118,0.1507621817957891,0.20797579360200363,9.399490104144498,0.10133738865330758,-1.6352047461958337
4143,0.7908397456172125,0.7028355766472453,-0.34658228153093107,0.03693094491971427,0.07000942109589649,0.13217753298541243,0.5513277157249111,1.0119307759884963,0.7175763975502639,3.480418008297292,0.2113240872000131,-1.61039974262317
1700,0.6978168449277083,-0.1998548509379242,0.5998691781144135,-0.14703536607377324,0.01703098494210693,-0.33579049020875595,-0.6036139748685277,-0.5025557253355406,0.17710243642196716,-1.4312896942706894,0.05587905061275381,-5.027301397794611
1939,0.7683905074368081,0.4687926356756427,-0.24333885723586246,0.0702788082087278,0.15201944742786438,0.20224039775297337,0.6274506821274628,-0.5351548359374203,0.28382865027104376,-1.5828055573885216,0.06285895369657185,0.7104310486229184
136,0.6739758977502698,-0.9550588676667988,-0.16565841629092126,0.11035534565592228,0.1101919379766249,-0.16016561478493171,0.6399160051358874,-0.8839059096424511,0.6295201805255479,-1.5598702913743971,0.9675111534333042,-1.5823133797428235
422,0.7285066256601698,0.5099843474165081,0.057857353551043586,-0.04133210848938683,-0.297040662314553,0.1803560724076751,0.5835657677629883,1.0120315155971833,0.6751396283088501,3.3536193746300116,1.0086180927290957,-1.6516455655562436
3457,0.6913921546701316,0.4815097949341894,0.4989736508343185,0.3002392455583197,0.03332459504458344,-0.4295155983088449,-0.6770337124409661,0.9707479514963917,-1.1049322916157582,3.330370103179204,-1.1324432572208152,6.145794657208073
4118,-0.742934575283728,0.5390862544195619,-0.0069592685227432265,-0.07836521986910931,-0.3271777987696861,-0.2129441632777641,0.555436489680934,0.24238751516102366,-0.9546601783259567,3.6109545439900477,0.20321380088633106,0.8173561921530329
3783,0.8650070366554092,0.6451485820899363,-0.33806284447971024,0.20860863021774972,0.07386734287918761,0.1443224787213601,-0.6745312390090277,0.33372281184847824,0.3294063307667802,3.3510076444068932,-0.011126228142393654,6.158616908098176
2455,0.46631995835315826,-0.2285193178437073,-0.5073654805217408,0.5571208618637763,0.17857179470553838,0.1036381746934811,0.6020390833926309,-0.7527403870904907,0.1651105188918022,-12.31657036487512,-0.0837382037278132,5.865390599484735
3593,0.4673563062562089,-0.7388396278178198,0.36482861021816304,0.564966129784885,-0.13901705364609,0.1583803287668106,0.6175296011148922,-0.7630146525141465,0.24022108369443312,-12.20726836486956,-0.7041551358141936,5.85080026829641
3489,0.5225815205749934,0.670964196065771,0.4094007969402519,0.5583282981240572,0.36851825397413457,-0.38370345172445314,0.6689433967663989,0.16500896305422838,0.20554205257885694,9.412274436888191,-1.0360617889622903,5.938428175495895
2414,0.5114724886243617,-0.2303566418369881,0.40724198520210747,0.5228432672599722,-0.041445180156129066,-0.3763665397380064,0.7038408593082962,-0.30998396214490026,-1.1171149555688056,9.425921728635084,-0.10688624807152801,5.962411999266596
2889,0.5673994219687194,-0.2746850846323187,0.07341902915352215,-0.4500231444170829,-0.06066601465704096,0.2822661350073577,0.6354528621087318,0.24139812250312412,-1.147117681262188,9.227802450851902,-1.115030325651955,-5.035093319416828
2282,0.7226591577325578,-0.23127493950038702,0.4726100931730361,-0.3477088637900334,-0.0009760465588891825,-0.47619715442850236,0.6487500553686953,0.9285456685378307,0.6293917141152702,3.3060281802295504,-1.123307487274115,6.1203329297463815
1016,-0.4054846126656206,-0.7340485946378819,0.17450214730930533,0.3300806544366805,-0.10324039873253636,0.14042723897937426,0.5271031246785073,-0.45274866924995505,0.6503706738164072,-12.242918178711049,-0.19947493480128986,-1.4308757383943171
2080,0.6116059249119091,0.3254494545350471,-0.11843541301205836,0.35496742828630073,0.2093243039637012,-0.3037536296695846,-0.6552003900582328,-0.5650739917294739,0.3463093488684288,9.23890694259186,-0.17675606534046404,-4.9751859754756484
3341,-0.6483286918957298,0.4045735299034835,-0.1380708403025757,0.4165722334594538,-0.19026562386244722,0.29437816548299583,0.6153440369933101,-0.503331006551343,0.6039815048248818,9.242408186687772,-1.0980227753731062,-4.978472826145905
4069,0.7132690227658676,-0.2977371821315395,-0.3071689488870708,-0.019957050990239415,0.10782329813029555,-0.2720433094475751,0.582034661092561,0.1877729244391964,0.07011326460222216,-1.7324447927688449,-0.06699274104314168,0.6215591748201094
4028,0.7283150524769184,0.4904941930537182,-0.010459584447898816,-0.020728690795371242,0.0750455662469939,-0.15825363439709408,0.6114513665205439,0.25721752190543773,-0.9863961766064682,3.5250662327475326,0.17711289870839234,-1.589750453776609
679,0.6633582524387585,0.4986553306519854,0.588847684404469,0.05710150382149249,0.11653723350997029,0.3429682542072473,0.6283398168346296,1.1657105597869024,0.19636192250286874,-1.660709948829541,0.8866633968755969,0.6628207316183271
1968,-0.7015666809085986,-0.2566133878350561,-0.19353045319628714,0.027883316406372434,0.10744739093765986,0.36759331457701344,0.5315914870738644,-0.8094089036699222,0.6619674830361657,-1.5234435288741601,0.029944684006353525,0.6358887444785788
2595,0.5340947360967726,-0.768350764477788,-0.3164305975316793,0.2798972478726632,0.36145837842025713,0.2779798277915266,0.6014325191741655,1.2092866007154652,0.30098200246395307,9.442119443611782,-1.0256078303125797,0.6015917096498867
1063,0.39902589396104743,0.3706012521427594,-0.1576468632369188,0.28844277228602777,-0.03167390523667768,-0.4096320495531374,-0.6043729304200305,0.1445304372815861,-1.103170362065689,9.401224619709598,0.1071365599283347,-1.668709838759138
1814,0.518099645006643,-0.21443821241666655,0.4316652460982591,-0.5025611907608603,-0.2549976971120766,-0.33450190448351225,0.7118878980977876,-0.28341896010759215,0.25259521025449655,9.401110036084074,-0.07741613553329954,5.929364570667369
2096,0.5664801520387183,-0.639645157706024,0.15401119919991546,0.4425880914434176,-0.05801230071267568,0.05677492838501317,0.5180425820568162,0.31897757894119627,0.1380832192584587,-12.015224305519151,-0.16266193282135488,-5.055724395029586
4399,0.7176187321502276,-0.2809382034355166,-0.30040529715417563,0.01483736139995867,0.1616497610100258,-0.21483435798161638,0.6141974820396562,0.1901382917512923,-0.9830308784875853,-1.6933031054752228,-0.04683232454965614,-1.6046892773113408
3902,0.8812658301218665,0.6423428592404882,-0.34247504183922867,-0.30189492730065187,0.0694742099149413,-0.16296644315192138,0.6914068935492838,0.917150144099708,0.3381298536009611,3.360234874584325,-0.05129386039829609,6.162465222525759
3825,0.5206442308824162,-0.8296276724176956,0.39203243999658005,0.5471455794684441,-0.030506855588243516,-0.1348816111219097,0.7048307577721781,0.19849378584255484,-1.09585976731045,9.3961170229204,-0.0875936665070739,6.0168533368859025
1009,0.6108649353673306,-0.8920921541279873,0.5928764147434661,0.07165196516366792,0.10561799628924527,0.169946505422171,0.59333064492996,1.1019867856993593,0.1331969248961225,-1.6397723004409643,-0.11860166915509789,-1.6448656677759985
562,0.789650308040184,-0.9110734880932878,-0.3673517815459771,0.2510474763367751,0.12378527328668829,0.3447886394676814,0.6448051003180942,-0.9590643842557045,-1.0678330803339966,-1.5330660515975625,0.9465763221874625,-5.060140596308745
397,0.8013805614660487,0.7305650368739329,-0.20281116599358975,-0.03882913585566114,0.08743865611948386,-0.4098080648489945,0.5874656151573078,-0.5138880157791507,0.2341459697825513,3.495603510420731,0.23417690947002187,-1.6296711568785085
1581,0.769431233578134,-0.18280695391781032,-0.14701682656032472,0.21009709907177634,0.029535280983790293,-0.2029508188821683,-0.6146094108543149,-0.4726519720968195,0.15227178265231772,-1.4449000704318058,0.8810178165716264,-4.9260026350761335
4216,0.6798721063630124,-0.9121431113326702,-0.16897232423968034,0.05940276758811611,0.05697083699267956,0.34989399568560625,0.6294377623088355,-0.8734118239525551,0.18642599524061323,-1.6403890355032187,-0.09667229393329482,-1.6022164557740886
2666,0.4319338814684394,-0.6873430016939202,0.19521249003147384,0.2739238334481231,0.07764502135359225,0.12345684365391915,0.5500766170092058,-0.4546463747028941,0.1679684811845206,-12.010402003250917,-0.7151094679940136,-1.4325031197736915
3215,-0.8829400237145365,0.543922380792692,0.0167518074572629,-0.20441194640387958,-0.25733047632360334,0.1107266582347664,-0.5767070298632229,0.8980588325078948,-1.136247317243907,3.1019966932928185,-1.2655570645893113,-5.409065235618962
1282,0.6595613362679225,-0.9718202340239662,0.5157569732058755,0.043676712958118105,0.1337261051892163,0.22198373784342243,0.6249747047609261,-0.47317931946485353,0.5971008442510034,-1.5500527082177735,0.9193396106111632,-1.6224756358047285
1913,0.4671420660860505,-0.6700105563442126,-0.46711986018165064,0.29598618306824526,0.011212625038880495,0.3781202982800333,0.4917378290447562,0.23899745870176567,0.6927090652477539,-12.179878499819013,-0.18326916099451304,0.6391304376941276
3937,0.7816704362199761,-0.19134329714228818,0.5071008678655735,0.25281145683071143,0.045968124666790906,-0.4196673890688886,0.6279328552108421,0.26212579510728995,0.1286210016860626,3.361354444254825,-0.009009633350584013,6.16757928668931
3204,0.4745219537358967,0.41236793610078526,0.52964715610729,0.4611860453704083,-0.04839649103902808,0.0741838188801813,0.5512453669414605,-0.6916557024802867,-0.9836418707187189,-11.971807084491392,-0.7792753876405538,-5.123077931303344
3326,0.5202376570047385,-0.6490461024681794,0.11173098650542117,0.4660578812231489,0.2269281056650944,0.06987338157581556,0.5806855073181495,-0.6831513360664789,0.10669215063388478,-11.97348429110133,-0.8291789157833501,-5.106456262067993
741,0.68022943563438,0.47211496679438775,-0.14070470358096218,-0.0031007426686755998,0.051288455471941885,0.1691849641447721,0.6136335421808021,0.25884015296240676,-1.0090348620538294,-1.6422646825545975,0.9653635869977394,0.6110910336500927
984,0.2587620203722697,-0.3338830852473583,0.4847774358544727,0.34512646189728385,0.15716221445239045,-0.7735385226437748,0.5338352389365354,-0.7276548951715408,-0.9322288783524311,-12.189290908795423,1.0553838142345189,-1.4894910110379238
1427,0.5909394091392983,0.4436769464070159,0.6755850504955814,-0.0011058474986007645,0.07115341501227411,0.1875659020383474,0.5978357784497197,-0.956811797246127,0.14061089090181608,-1.6254678654728363,0.9105050812557336,0.6197140547570144
4022,0.8253030607423775,0.6996755888155161,-0.18118976310644647,-0.018983807316439148,-0.3278775465850635,0.2002288118400739,0.5485475271598304,0.2646499916091057,0.7203517493096215,3.5407529814780996,0.19408295861840238,-1.5758801411819363
371,0.5334079755096701,0.7105382230711369,-0.3697645997589759,0.22239025527509967,-0.012467249305014505,0.2977142851628913,0.6106670025729825,-0.5102002754111905,0.359298428018912,9.404878456953941,0.19148329553711899,-1.6329234226556413
170,0.6566695085966424,-0.30165256626994424,-0.1463930345724662,-0.0012212826961496086,0.14507411555191554,-0.33761721338711476,0.5548260739623933,0.17719451279613224,0.0711711868264419,-1.6915784674777832,-0.10817990284207615,0.6060951330058615
1578,-0.8124440192291669,-0.23173013302405376,-0.154421487790593,0.2920355631196866,0.036948865916135595,0.3557471214877839,0.5872366820671917,1.0132296278665522,0.7547645023632251,-1.424359786484296,0.8866580046746242,-4.98034084785266
3152,-0.8963187039570837,0.5904127839133433,0.6115313448152726,-0.2669138172149688,-0.050210408527638035,0.09152648655023891,0.5249420669362778,0.8970820643253498,0.7459118301410326,3.069510096224025,-1.2294299357460552,-5.485433160591908
2833,0.4772437042959838,0.6343848096623095,-0.17704642703987716,0.2965244565001795,-0.045478735904797764,-0.3070572515703812,0.5761769509299629,1.1671299304011162,-1.108737312770334,9.488615462260153,-1.0280677594131806,0.6055521727688723
2046,0.9062305179154277,0.4998748573296831,-0.37462911717749203,0.1925517607198037,0.03912207308907876,0.362650876085412,0.6216904996793194,1.0284672765534217,0.21446794280390855,3.4709929004244673,0.3699978191392033,-5.376811258631021
801,0.6802292966316607,0.47211441054838177,-0.14070526555777216,-0.003100911388228934,0.05128785385396091,0.16918441256834052,0.6136333159825551,0.2588395807337732,-1.009035443702235,-1.6422652138627631,0.9653630181454709,0.6110904383737189
414,0.2829722372106658,-0.3533836715042685,0.5071121794469405,0.3513401446535228,0.1293750665710433,-0.7704773797706067,0.5224155152843505,-0.6866434831232248,-0.9284411111646772,-12.273768196276402,-0.18833091537884736,-1.4933992857478136
2931,0.7885797157192591,-0.8637505192887088,-0.1425910146579209,0.1873986847929157,0.14211497027903805,-0.18901554528052825,-0.6564597212771549,-0.5520152117514022,0.20541706697467008,-1.3389803765297215,-1.0621917431831494,-4.986403722584978
347,0.6564674373676037,0.6955397997376338,0.619358470617782,-0.0493278352517513,0.18309482241114813,0.17934519995782292,0.5849426259926973,-0.8949750111010374,0.20494687680352783,-1.732979440387224,-0.060514676196977216,0.6106680995279539
2055,0.5097475586309621,-0.7569428198516173,0.5170270594269616,-0.5297924073496465,-0.03629782339948694,0.24623633138350348,0.638546295805733,1.1331506514966985,0.5921679232803707,9.159081732359182,0.25029316800253165,-4.912209885712895
1804,0.8580253543781351,0.4745379164763884,-0.04297005571426366,0.21206661544162628,-0.3173740641680067,-0.37021570981484386,0.7016919086337254,-0.34361635458730705,0.3487212709313474,3.362993184357326,-0.026491509536337606,6.0915578177252945
47,0.5767790041200698,0.6642067043435249,0.5871704527913792,0.08237281735013649,0.030720271715546896,0.3702446463030681,0.5998161891437073,-0.8792386253528266,0.6415550695828032,-1.6845787049305818,-0.0786150286558402,-1.6153766195241257
3878,0.8165200693082056,-0.17473308055235268,0.48118648941486963,0.2558536752917451,0.044927895623699574,-0.16141552457195005,0.6795565465003999,0.2737109944312908,-1.0206623217576278,3.3832585952227023,-0.04552421065902848,6.18637817947308
2992,0.6969158644661916,-0.900694839957843,0.6183064242877839,0.229859709463804,0.10879828924510444,0.3376869640217532,0.6295517611501432,-0.9486812870459251,-1.053329272460192,-1.6309939541788543,-0.01822618446662374,-4.995701170079162
4206,0.7421387621310535,0.5144168245594973,-0.34309308834109215,0.044474086896712485,0.11121604088331892,0.40303344674482044,0.5640481706273663,1.0979606673386861,0.04689140496518723,3.463154007303646,0.2742897076083524,-1.6391904451789743
1078,0.33365485224134994,-0.6985704665056879,-0.48221526056029007,0.3946538326385405,0.10221285328952291,-0.7607597806882231,-0.531686878415632,-0.6667666788483831,0.6369332454464689,-12.253211782063953,-0.2404869243606103,-1.4912870250673165
4368,0.6799125668013088,-0.2809463608043594,0.5536264498184065,-0.012835196201905048,-0.31726002053079044,-0.3833866281714956,0.6233113176884636,-0.49269373060692073,0.25710164958304055,-1.6147384553509392,-0.038797326745656474,-1.6577155988059389
3444,0.4331635475542923,0.3926643857011766,0.07449915879344686,0.6316534803017319,0.18386478269657344,0.3731381665154679,0.6386758536768646,0.7844980420723873,0.6113015528953251,-12.269309684886275,-0.7071558405758958,5.781806153545312
581,-0.5994036149937393,0.6730043274628257,-0.44568033167739735,0.41956314587838467,0.0014248607009129978,0.2819323194025489,0.5946490788246217,-0.9119677758888194,0.28065636428343715,9.281191648024802,0.9676888614516406,-5.003689406533222
464,0.5440028478108245,-0.8270790306149948,-0.34657271342460044,0.23074803286543366,0.3127337431887914,0.2723167980735977,0.6234654180856536,-0.49550180611285727,0.31976106581166064,9.44894064082684,0.9731059473522755,0.6077815633872687
848,-0.7758614760649355,0.6357161750972963,0.07443332598822007,0.0035093981507215463,-0.3602924075801746,-0.1646226358523439,0.5558642296844307,0.9975771662305974,-1.030014152401319,3.3081728359935294,1.0405131959483978,-1.6156155968181747
731,0.5933769895230794,0.6764697152827096,-0.014130412171979342,0.19560440697465803,-0.3336238988587623,0.2024183638063526,0.6325286286731692,-0.45084471442290724,0.3312044716479178,9.46844905055626,0.9831895796810958,0.6106406049731764
4323,-0.72665947133142,0.710571666396963,-0.381885065769949,0.016217661618294046,0.07576717476235076,0.14327811766909573,-0.4961088353602796,0.994247687892636,0.7240099418536345,3.4406720434775617,0.23610082219063383,-1.6054169142606152
3813,0.8649959913494071,0.6451202874425328,-0.3380887694419882,0.20859767892368816,0.0738368799008901,0.14429295230292177,-0.6745790122995129,0.33369399532785043,0.32937682448292477,3.3509776549689514,-0.011156573546125828,6.158586839519907
784,0.8022848586739367,0.5098618890477716,-0.32419763468369717,0.013202238423156893,-0.2851764279961316,-0.3638283396397318,0.6029522676707324,-0.48809858791035754,0.7392788628363564,3.4775585912488878,1.0101888623240205,0.8677693275837628
815,-0.8985907509494341,0.5933656878570511,-0.4499500601115614,0.21191754892353445,-0.2592229429840085,-0.20548113923967307,-0.5535347685950605,0.9557476712069507,-1.1491901915459484,3.286359231068237,0.960540560219541,-5.4003152337965865
2776,0.8166508965077115,0.4723106881637325,-0.037170392594241444,0.1568066534969953,0.07045966954893204,0.37458898674729607,0.6791521568955262,-0.5132606334632765,0.23874848763407472,-1.3688443735290492,-0.9967890039215656,-4.992139955726868
4009,0.7376867774957413,-0.9119249200699991,-0.2774699750476408,0.0763303866851667,0.19952416376274276,0.3482665143132817,0.6088670128740141,1.1235199106570541,0.26531029117234756,-1.6748664100600692,-0.04309636161653525,-1.6431494552763937
3589,-0.7496638582524262,-0.9461512437821586,-0.011495828661977863,0.29705628965982755,0.12783239049578451,0.4277614464752271,0.7045410280799416,-0.30073237477659515,-0.9465207602568658,-1.4927442583434334,-0.9543021020340723,5.992613615792104
1048,0.34131560213436857,-0.3867834277957393,-0.48562099814526105,0.3344190737177653,0.08851329675268436,-0.7328762411661324,-0.5414755952798493,-0.6543588800711984,0.12405575422489891,-12.282606087690766,-0.18516698840919077,-1.4969029167359575
2464,0.8253457476039543,0.6190557065107992,-0.07897134714809889,0.2618293068125003,0.04417028136996074,-0.4490035187999499,0.652688191731367,0.2645928433366589,-1.0826702185084414,3.395852580688603,-0.013363771810109969,6.133810904316815
4176,0.742259513200634,0.5148519232899157,-0.34265996800531695,0.04460710563871976,0.1116390546795365,0.4034436362831746,0.5641688300750864,1.098408174588236,0.04736156817081716,3.4635565903198127,0.2747413179374617,-1.6387213172241524
2677,0.6104100698259382,0.6601532761999572,0.5482921820350863,0.026766077892350183,0.024971796152488266,-0.4232715319590022,-0.5640837096271938,1.0343799729775183,0.12258465293490836,3.115945815953009,-1.1982382994682323,-1.675547842291747
2006,-0.5215995168998251,-0.6761983292715896,0.5103371518578479,0.4758193313030781,-0.11377145602970719,-0.5284316501248425,0.5195013615121375,-0.4800690153538989,0.10138363755743329,-12.152373194437127,-0.02547672297471152,-5.018137337864218
1131,0.6572690784765216,-0.26402857444751626,-0.08341153108715374,0.05033766950439155,0.06308344718501148,0.40350421011121995,0.6099717578172207,0.22780126523657254,-0.9976640914823743,-1.5652586918644464,0.9699717391828614,-1.5989474031417934
1633,0.4669428983531064,0.3383368250478526,0.007179976968857757,0.2823689935303892,-0.2885781247637555,-0.18619315005323095,-0.6212003086572143,1.1589686416838967,0.23869692561209366,9.351406183695818,-0.18615738103302656,-1.6493814682109795
1008,0.6954941578757095,-0.9301814700041583,-0.1387716529385425,0.015052058110460799,-0.3447700792663681,-0.18498680534072307,0.6233465273522616,-0.8738573660856155,0.26956985814483636,-1.6421905123161604,-0.10869952219752727,-1.6042199926557605
1881,0.7615568829697321,0.4763119218054388,-0.19879836561955683,0.3352092897581158,-0.33378593156444836,0.3643427771134326,0.7334692512480038,1.019166362260149,-1.050147683306664,-1.59246690380374,0.07850539611372907,5.90698783609812
3102,0.5625713208731922,0.410047413235175,-0.3358215976956924,0.6065816207181963,-0.25620298085486987,-0.3663162069594503,0.7188930488503094,1.0959569535841838,-1.1211494018513708,9.45107250772642,-1.0219770029077586,5.972318824208593
304,0.7773743396732191,0.5000575489518688,-0.2880145732148507,0.027937016764731253,-0.2581157936060633,-0.3548341748529602,0.6030749660236384,-0.5125463498704175,0.7102989452579671,3.663731155895697,0.1844029384454659,0.8682002759592884
1660,0.5693252691263928,0.327486403545103,0.03417413703245208,0.4467290254305112,-0.03143803358948027,0.25128345244346534,-0.6521820597075164,0.3008401949143429,0.650168035272824,9.204047792692087,-0.16143749294198553,-4.981471599600147
578,0.9147070549324547,0.5975833874964385,0.05331367561164983,0.21391344429096734,-0.20743769813910526,-0.24839467415988786,0.6011380736892252,0.9755566193863866,-1.1269891271210442,3.3982795779327595,1.0079304706998238,-5.338141777193435
906,0.7990738595524783,0.7272448255485944,-0.36928026514008605,-0.04185847102329568,0.1194809273733621,-0.2163936998131826,0.5630068677761839,0.26664163923762224,0.07579468272118271,3.4470265045589383,1.0233655445733851,0.8429797223233346
910,0.4397980782712707,0.38847429537395956,-0.10527352298774602,0.34303311246610785,-0.035464698004711304,0.20266916043546807,-0.6173816903235737,1.1901884763481552,0.5682696533786419,9.468710870658317,1.0306352237461538,0.5487714261730463
817,0.8082558062455227,0.5816422166564826,0.6070793368211316,0.2303985216566268,-0.2180222350500059,-0.21828336047117058,-0.5822099878742604,1.0002974410654502,-1.1499777147347767,3.3784507092690954,0.9693921627207984,-5.347897127697524
1692,0.6725643854033247,0.6489708595140538,0.08093146911186914,-0.38380144189849075,-0.2154550601693864,0.2294326336067546,0.6531134992352163,0.26436197759787383,0.31747237700027203,9.20636916157341,-0.15026223594088622,-4.947630223944466
1820,0.7515239853543952,0.6136695050040465,-0.017590247592786337,0.31712812955413966,-0.3219566917670237,-0.37286521130172373,-0.7114848895320695,-0.3561625374896563,0.5774133500049261,-1.5301178530629307,0.12561744205310915,5.8548970021087925
4273,0.5564919153606317,0.35910193288380604,-0.1758834377329084,0.41665942806042006,-0.17284801609232334,-0.2705311580844768,-0.6363792172479144,0.25547169436089623,-1.149558928251012,9.235633368072738,0.2448581706203853,-4.87818643862473
3018,0.7705850858126245,-0.9010089279134955,-0.16668702290985749,0.18190419326802376,-0.018473840101536576,-0.25416577079869407,0.6401016464837036,-0.8980086400617834,0.23441857374273833,-1.570107879359106,-0.017792320935728086,-4.914142497906106
4149,0.47146533309644545,-0.3598069065797094,-0.1485677723891411,-0.25760017138838237,-0.062301834256612315,0.18521173458371354,0.6178812244853035,1.1260938329181436,0.3806922281477827,9.403630433370388,0.1516089259971451,-1.6363623117278856
4388,-0.7075939134359387,0.5472166763231293,0.03324293584774649,-0.03403535786343304,-0.3395174259475508,0.4405655010936975,0.5558701128275505,0.24788164718107042,-0.9375726540104877,3.460740586320274,0.22397314478950486,-1.601099711272788
1888,0.44156181205592054,-0.7359323564745043,0.02163684651506336,0.5857986130185332,0.1932834257825061,0.3622805219640982,0.6133638562729937,-0.7923333653491295,-0.9808669680721844,-12.276921311354824,-0.09869252413381668,5.8310950063723315
1246,0.7730164627123386,-0.1254366155892513,-0.16461179306236332,0.31242285425033195,0.10975116303139777,-0.16164146790246722,0.7255028159076731,0.2473063794002034,-1.0589261355400799,-1.651542230682472,0.8385050437034601,5.87434133297165
2418,-0.7537441400382596,-0.13667770871554258,-0.23338150755734727,0.2682027089883147,0.038165474310879445,0.3565976994061737,0.6635376103279845,-0.9545729322592744,0.2974404131572616,-1.5055458287992507,0.10313895520055519,5.960723048582127
2126,0.5668902047769743,-0.6333450480989031,0.16880869409713523,0.44454586690476566,-0.0426239053678059,0.053814668512574694,0.5227171193451429,-0.4661618876728167,0.15364963060645911,-12.010875567625604,-0.1583027057628987,-5.048243856566183
3384,0.5206306824051745,0.4025740244563038,0.5292358802883964,0.44575802140446835,-0.030382167328393033,0.17451656048054642,0.5560188217410188,-0.67865250293872,0.11296746378807497,-11.98611312824103,-0.7932273122521334,-5.101688584431403
4316,-0.49038002211019827,-0.6765167234769605,0.5386037917362002,0.48574526719433025,-0.10328481290663767,-0.568510781769317,0.4966769011514826,0.3316316637279369,0.1365099930382614,-12.165819464711639,-0.05473567325473718,-5.0120464914913745
2092,0.7412793793725714,-0.8702571955603415,0.6470090081156834,0.1894351692901356,0.21497911325734914,0.16622918152290125,0.6023110973096742,-0.8999049463139608,0.20166994519370227,-1.3760973580452789,0.1213806011029178,-5.015320723507895
2882,-1.0148457172517535,0.5740253009418836,-0.24666352978921127,-0.2734220883925955,-0.25325911757705516,0.08515548166373255,0.5320631244064129,0.8836027842796184,0.7395014575093971,3.0821268630515863,-1.2433255376962278,-5.43024356775329
423,-0.724454548664907,0.7115933642262211,-0.3930207849435831,0.06932376825734675,0.11039196578224643,0.4191543110966991,-0.5227638546596658,0.9969389580731076,0.7449168778089322,3.273410113276102,1.0151931157412157,-1.617948018303998
2502,0.5369923606730619,-0.3785858090876875,-0.34524826850982443,0.2410764394634048,-0.2780630401317743,-0.22161936073352992,0.6044897710464302,1.1997924536135516,0.25478315133369944,9.433385215841556,-0.15835561595617728,0.6171584589684637
381,0.7332437621328872,-0.9243378214412589,-0.15536291323665707,0.027554563833564368,0.17488398568314156,-0.19888045120972514,0.6553323105183968,-0.4826857232488364,-0.9553076633904598,-1.689003240430481,-0.07674698929345947,-1.6133260992942187
2387,0.6751346021830033,0.42273639779449956,0.5160744982184827,0.3266570086547587,0.09647456578476656,0.39548887657371234,0.7272747719463837,-0.9990532628665767,-1.0133665253126192,-1.609075274186206,0.08383983147922833,5.984464490519637
2383,0.576425785408272,0.32556067304411973,-0.3352331055426328,0.5885715044280784,0.3101924323778839,-0.3087951890927738,0.7045599184625806,1.102573234133873,0.2233378336534875,9.414989875713598,-0.09617836305808375,5.962488388997021
2853,0.7185564018785984,0.6461531035546592,0.5448707680428071,-0.05044527073207694,-0.32265001475537225,-0.2826321653295339,-0.6169730052708992,-0.5173806761035638,0.7083318605254061,3.2984291557950787,-1.1555820080206667,0.8585209685590514
2157,0.558290311899437,-0.636601934212024,0.5087500441547048,0.43705074538943983,0.24629137168849588,0.15017737991300334,0.5122371927199758,-0.4784968324136438,0.16904039081939612,-12.007759653425309,-0.13867320713518136,-5.081698362905618
2003,0.4972446641028239,-0.3151236145787255,-0.04036840381586057,0.5043222614717657,0.15549789972969577,0.0977799548623497,0.5764420479262329,-0.6673982620489507,0.7225893586213998,-12.213744989692914,-0.06875843840853019,-5.021461159775794
4144,0.7174544393427797,0.7067259215506775,0.5725653137254222,0.009866789698945859,-0.3252938481938777,-0.4336920832605541,0.5457084764743698,0.22737355796883305,0.710876800543229,3.5393426739377047,0.21502134109457116,-1.6313706415027303
2817,0.38255973852390157,-0.6567872890830994,0.472975487424641,0.28532408518826263,0.22302985450965662,0.3459113971750495,0.5230937235234973,-0.46613141843512,0.1408329486768193,-12.144437291828341,-0.7215506965672086,0.6860753354491522
1401,0.6960798389398053,-0.25524039597494597,-0.10496663850700656,-0.019054398397709917,0.027056704434602893,0.16321178232742695,0.6179098733553727,-0.4168741791726022,-0.9992032949431918,-1.6364498922025488,0.9519948011699483,0.6499170655254908
4375,0.37766369738082833,0.6312014234336094,-0.4964289855616434,0.3174738234159102,0.0666432966688641,0.3840143222934176,0.4994988508999256,-0.6609373435284615,-0.9456058466313594,-12.260395686666678,-0.16475485479269103,-1.4788878590089491
2236,0.7092525862026643,-0.912415509485488,-0.16799269666382902,0.06295611014295673,0.14770184196032216,-0.21055226102428207,0.613389388249024,-0.8224741195981758,0.6360866938585343,-1.5585540805751248,0.11491456634798466,0.5846834644953531
1582,0.7563404826287455,-0.9137439472732656,0.5696224359971922,0.23441160079686987,0.15012733145486126,0.34429946513978466,0.6673338978306765,-0.4810470579613561,-1.0376560176044665,-1.5061750473093403,0.9316346293370606,-5.030837732321327
1773,0.8263844680679497,0.7032846598972846,-0.3440800430226351,-0.10891466037953831,0.07830431839076304,0.17330799003174902,-0.5477065746141419,0.30218703438244854,0.20021636419882669,3.2686956017960798,-0.06667175219833582,0.846928267824216
3294,0.5230762899442976,-0.6281188166680627,0.002451431608328786,0.47428496622835237,0.20831015268240932,0.0979950647608028,0.5622989166331667,-0.6860816388394732,-0.9685368330850601,-11.943955741968832,-0.7991035202302894,-5.1371756059231455
258,0.6841045547797067,-0.9313993104289366,-0.29962870201952313,0.0427180227139949,0.01953863699510376,-0.38864345882742957,0.6125166278988984,-0.5063858942212958,0.07217102766578952,-1.6123771127808886,-0.11324886955189688,-1.664592239745567
883,0.5351911001419888,0.35977469850089855,0.5261279771671847,0.45643257266408555,-0.20631628247366957,-0.28490648310908967,-0.6724587285714664,1.1352343120677235,0.30185289066680365,9.207398317932638,0.9380069471825935,-4.9424892909559945
1897,0.7801130446380378,0.5018926558279148,-0.34366542620187884,-0.06220994743475177,-0.33898181818821893,-0.24647446897475422,-0.5543496687426873,0.2501576228267754,0.10109601587228259,3.3148663680932065,-0.05203041589030554,0.8491397726714223
4405,0.37770324591837573,0.6313206323859265,-0.4963143103615292,0.31750791556468516,0.06675786362518409,0.3841222148669188,0.49953703196834004,-0.6608196560547801,-0.9454881033909817,-12.260262575231618,-0.16463816892562955,-1.478773699851256
2023,0.5723327372855869,0.5747915958167269,-0.16788066669489626,0.4812787356565841,-0.19373520128902671,0.26007338262908586,-0.6294327362276243,1.125396456506665,-1.1814847763535736,9.234624110084782,0.27701721221680026,-4.8762827845772385
3523,-0.5583252134549604,0.3439026313656698,0.13834689201259526,0.5748464286814748,0.32595974071534833,-0.3603483162981233,0.6646238939044243,1.068417478958795,-1.1136973074541117,9.478426236368088,-1.018379583052845,5.95907394383418
2846,0.4115701961770693,-0.6952821208446471,-0.06988529107432895,0.31899971668660115,0.010889123684926371,0.11590718699633917,0.5347044513968795,-0.6568981903392962,0.6755014304607849,-12.144221898605036,-0.6747974223420147,0.637366867188097
2674,0.8451469345953172,0.6476301296429625,-0.20641755572297055,-0.009535299799718502,-0.3634548176267036,-0.1730086860236095,0.5907597791266017,1.0222534419547944,0.1994671665330265,3.1101488899967404,-1.1808841452741135,-1.615374455599028
2843,0.3775041014639773,-0.6712553174525816,0.4722295753936892,0.3346075442046682,-0.1254952901967643,0.37652562683370744,0.5218600837660532,-0.6714226075111112,0.6794723910878581,-12.146010024884907,-0.6795620638003687,0.6353312108253547
126,0.8222724675677597,0.4951498603753239,-0.31876150858248464,-0.028236472484769428,0.06071020715967096,-0.19889998237526857,0.6088885016273374,0.2713199233898153,0.24637303792897583,3.2871392875734213,0.995306262629497,-1.6108836622092269
1112,0.7672447772894129,0.4410773984899852,-0.28994599165915486,-0.04924745232023586,0.06398347692296232,0.15028690100532868,0.5879476096407279,0.9885471494946733,0.20666582618913373,3.2744632794712016,0.9546130798076462,-1.668971268174476
2516,0.4081802123843426,-0.6795122949411564,-0.12721200410750264,0.3439646119006381,0.0020738458191041044,-0.69917958801477,0.49164740905662013,-0.6474117680936077,0.6601324363365229,-12.222103274622695,-0.17710273177502825,0.6433191887935545
3815,0.8823758532613676,0.4418741058382989,-0.0926468620491917,0.2727925424002779,0.0781296973845425,0.1139880150111641,0.6783598393996667,0.950168477036345,-1.0360181700988245,3.383766458020167,-0.052876893008446106,6.147170098412817
1758,-0.7007655292497605,-0.2562378111042075,-0.19313059879388197,0.028029335972333938,0.1078421675708795,0.3679909202864207,0.5317065556189826,-0.8089723595493262,0.6623981974003035,-1.5230506345948764,0.03038657655378862,0.6363212090055655
2831,0.5474501020757405,0.6488099670767099,-0.3537250599417059,0.2014755159831318,-0.30167451912692794,0.314294113066017,0.5958327836310766,-0.4824983978793983,0.18220264094539765,9.453960170171968,-1.0194855084718695,0.6257415749637812
4365,0.42566044785934726,-0.781206457638248,0.49373372937322413,0.252522102345163,-0.07527556325728398,0.17822412220710093,0.6050640630362923,-0.899359475257357,0.2778360677926696,9.362231404986892,0.11682245512734545,-1.6304618541651905
3314,0.5727144264766413,0.6886694561259814,0.5198841825106182,-0.4847565923607168,0.3035747652788489,0.185146220265584,0.6297997275006413,1.100391844687573,0.6118032805447255,9.222067142762995,-1.0636076823334455,-4.98933569273828
251,-0.4774717696590336,0.7242333840246231,-0.38071626913316214,0.2274596663096019,0.01909125829257711,0.3177883687509808,0.5498895779340215,-0.8142500260282002,0.3089926366283426,9.433086251653148,0.20707812822175456,-1.6323064838149914
1158,-0.7227961750111374,-0.2469848962169462,-0.3273172617227012,0.03839768274369534,0.08980127842627345,-0.1854956381553977,0.5928104632333427,-0.4530262597035501,0.6123930737379935,-1.5111901138073722,0.9243584156819319,-1.5964027199379298
1326,0.7833302921518553,0.6987074855835701,-0.3534477788734076,-0.00852919754440281,-0.3544894991740526,-0.41096265314284885,0.5461936787314898,0.22947141910652283,0.057007127536778716,3.2942124382969515,1.028246898456115,-1.6582560236660056
4073,0.3830829331996685,-0.3929303088869147,-0.48464215550221895,0.3255422018416056,-0.045518708693698874,0.14204168271661513,0.5453196362120791,-0.6282379337802413,0.6706994474962888,-12.403343040156889,-0.18735325113010948,0.6305442864462941
3738,-0.7157509586993385,-0.24282740392883895,-0.35310298954567654,0.0004331272062766392,0.08314459071444794,-0.18023151190519351,0.5804166726075946,-0.44479613341521584,0.14961281450016378,-1.495981959729478,0.9117358765385352,-1.6176989743952037
3263,0.5385754197624353,-0.6263109578525156,-0.5097791184367187,0.4760174108784316,0.21244437697541235,-0.5384850205983324,0.5613949545640974,-0.6784756212868241,0.11770735367376893,-11.947607455195213,-0.8383069708209351,-5.128995035465251
1610,0.8165588184153431,-0.23399034546464278,-0.3491504741893197,-0.12948868795035393,0.057065630981234024,-0.3148459889264157,-0.6308320250736799,-0.5395727939874886,0.2690954902572252,-1.4466774527735726,0.06425389322622752,-5.054162918256242
2717,0.8203955841396474,0.4651496731955255,-0.09066953872879445,0.1322336807957722,-0.025247313809798232,0.13352429370479407,0.6726403500221665,-0.5129473795822141,0.25406732733125337,-1.3359941454039348,-0.9961972641867369,-4.973717590951785
1960,0.4614043650609853,0.7229421128448075,0.5407058624363281,0.19284100363201687,-0.05864208373212817,-0.21476973664021637,0.5927964902122336,-0.8546982891852523,0.2670822089840744,9.446288488436863,-0.11878989257099302,0.5833938478604787
1851,0.7616055081886547,0.4764827772220576,-0.1986055083749446,0.3352864813131424,-0.3335910184303245,0.36452709093899227,0.7335407394022674,1.019341240332631,-1.0499556431308918,-1.5922840176621849,0.07869468219795646,5.907176671763472
2875,0.34170504851107747,-0.3625033845805631,0.5269220118411387,0.2684678967776323,0.2015261460293643,0.18229474101884544,0.519877080054097,-0.6706977970982163,0.1811802706040873,-12.201683060636515,-0.71796040797761,0.6865688771648004
2642,0.7559650629867282,0.6723201702778906,-0.21238649081488034,-0.07167555058562228,0.030797651853012028,0.15890412857847885,0.5531820172622731,0.9424890405272708,0.6769927339944516,3.1095126061272578,-1.1191044430358141,-1.6544521143598552
3160,0.5631322892267697,0.6820554415281794,0.07435171913759822,0.42013554475612586,0.27769710724614793,0.2565675651697811,-0.6513830316008764,-0.9179079962066572,0.2631027753625132,9.2398667029918,-1.15812737432741,-5.016556993773598
943,0.5029486300311471,-0.37997798869327676,-0.33978296652405654,0.28763112268708274,0.002973456117530024,-0.26665591137080935,0.6160652688709845,1.1835685939399605,0.32451962108829674,9.468099243942936,0.984012980663883,0.629078826349286
4135,0.44627068902144157,0.3920363624243969,-0.5144140224067895,0.26526173442389867,0.03166147171510449,0.14731872798943635,0.5033860184454488,-0.5173582038105851,0.07550105581014822,-12.39615419031247,-0.17309219581874885,0.6649018208730704
692,0.7681806690945765,-0.3350213665963257,0.030145803213616422,-0.01438308314294634,-0.2900456388896932,0.1653875394185498,0.552220498162801,1.0042394346474663,0.7033516612474904,3.4587330874540108,0.9926537734678114,0.8149214453858102
3924,0.4539501948442579,-0.23484974110540396,0.06761144314341731,0.5979771010767446,0.21438486230238535,0.21640258253899483,0.6259957623866956,0.7922614372926521,0.18411889146904495,-12.334831416928877,-0.09170567388651402,5.7879110214243905
2380,0.6368579037419836,0.6556432134609512,0.1960363519223009,0.5072477830247099,0.35732902740898775,0.17665953647676336,0.712978061839083,-0.32362848217701423,0.20503886302366633,9.437726737148372,-0.07987733888197673,5.914705186730555
236,-0.4224581292300579,-0.6705792649188971,-0.12789156567605148,0.3166291182706722,-0.18816126495343236,-0.7374824512694447,0.4737801321064652,-0.4250175793382956,0.11920806262012378,-12.220649087043723,-0.1585956361491038,-1.4961732297604506
856,0.5459876237342264,0.4246731142973792,-0.0638373960552565,0.10966888597906957,0.10401011669552045,0.3866225246436873,-0.6236734999093247,-0.919364291369468,0.6527925590020576,-1.5662134375756147,0.976566885364853,-1.5954799331522567
375,0.39629637341405216,-0.7666827049910002,0.5253802467000989,0.26431669029217664,-0.05856260683312247,0.18658670480929906,0.5919591143803743,-0.9079045123231004,0.24070887622258216,9.35053553893772,0.10889930154667957,-1.6294400218722473
3886,0.8174133472998381,-0.10555188231952312,-0.028472719349412024,0.273463409031338,0.14672446228515984,-0.3580566738934487,0.7111038144200574,-0.3524188960354286,0.3162133652036645,-1.5145893615185226,0.16659191807700752,5.921209042551353
892,0.771333907192742,-0.9243723704797038,0.5759299531883639,0.1807430788214773,0.0047845807538922525,0.16139873730377813,0.6283648576450531,-0.48543363486246605,0.13451420732337138,-1.451987666993865,0.8955278876686872,-4.971001655636565
2511,0.6984762454061915,-0.28608663804937423,-0.15937657203146088,-0.05213060607483495,0.009645037939632136,0.18965773242273254,0.5527085899981987,0.23690574167799658,0.10440857785050042,-1.5065383504348289,0.071711675731338,0.6334375094174838
2962,0.7061276216082238,-0.8726488531772205,0.6119556140851216,0.22975960312701232,0.142469094628047,0.3786081001886705,0.6401769705022916,-0.9320339322392984,-1.0325662878382154,-1.4153050785801817,-1.0376098355181347,-5.086723826419397
3543,0.7767319977842213,0.623226311151794,-0.08419404110663967,0.2565213586904688,0.005681712648245477,-0.4800183541711071,0.6351213719767662,0.2510812102392314,0.05892656140480256,3.3209203976171735,-1.1843599254357369,6.095903941781405
1313,0.4031962831821847,-0.7244672771976243,-0.48315603684838687,0.3343230441415953,0.16379686135605304,0.13790298921152686,0.5635810681172987,-0.43532530275229825,0.6419193487746941,-12.127087049425473,1.0546244186159228,-1.4566406562000702
1299,0.4688806201521215,-0.8049106099677354,-0.09756132244929376,-0.2607968645881932,-0.324634904043818,0.2469566161357995,0.6140306124754188,0.16203418186570595,0.2258510853534136,9.388175552801489,1.0071900500650048,-1.661506229504476
3537,0.44767005396997944,-0.2486109826148929,0.06947313973055588,0.5567233755033538,0.016122741197683015,0.20327806102489301,0.6352312566459356,-0.2825532551785421,0.14464127965052517,-12.280108200873732,-0.7189933414895616,5.774175309324366
41,-0.543351224410711,0.7278935446055712,-0.36422837488745924,0.26268580782829193,0.423703964855343,0.2953584460089411,0.5519170225551604,1.1831542321345074,0.317331970146423,9.418919291473618,0.2509223989824474,-1.6356486013254672
116,-0.40160094689973425,-0.6912811406074779,-0.09992606574939134,0.32341943957718905,-0.05923046503121718,-0.7344269529823346,0.4821568396536666,-0.4328120057689478,0.1214446618935129,-12.223047989979666,-0.1687693156493661,-1.4912378641553516
403,0.4895767063172738,-0.7549757827060742,0.04950471194707108,0.3186390370782157,-0.032293196786050166,-0.1437795289043727,0.6229275790557278,1.1448513414167094,-1.0702439307336802,9.375025152749462,0.15464958356046402,-1.6392422195565022
945,0.5161685537249203,-0.7722812639010428,-0.04210324290576735,0.2516634812060214,-0.054138151988046015,0.19689274061769924,0.6334019859403603,-0.44071677627647493,-1.0607354084075187,9.473384948796383,1.0274265008894212,0.5627518908286018
1934,0.5318946029593475,-0.3481133786963531,-0.1780782758880371,0.20247606432552817,-0.2978811093937567,-0.21421927969766721,0.5905212416037263,0.15488021293552007,-1.0668470801036085,9.453132676997608,-0.14479412860130408,0.580572150779331
3115,0.47056298275723474,-0.7503981390686989,-0.4768006541368279,0.5918685587230705,0.03045985879026538,0.12783956976882263,0.6067944804716672,-0.76463570327842,0.5947500959213209,-12.2058534379218,-0.6947832068410212,5.866042768765849
3117,0.43280942096965064,-0.728102915000428,0.012806627764080179,0.587906763157191,0.014993344489256114,0.3926515972203649,0.6076379826794054,-0.806344742468307,-0.9888802607200664,-12.214721669482376,-0.7118989479482782,5.8258688671304135
2682,0.46959710892222273,0.40364599030936155,0.45775939401083504,0.26762829592517284,-0.2990982788931754,-0.20271141624183447,0.6351503905843563,1.181669552967537,0.33231992814218214,9.35995627849915,-1.0218787388886064,-1.6427755502887578
951,0.694383377224901,-0.25888251586055533,-0.0733402991569591,-0.03548222312523128,0.11092845419414858,0.16848154183938369,0.5873284087884059,-0.4324181149356897,0.09261489112946161,-1.605437001356309,0.9121669009304747,0.6464418050597958
1629,0.48315277662815526,-0.7822420372528557,0.05608438104459747,-0.23959400957571045,-0.04349512117588777,0.24074682932627142,0.5968288251582694,0.1726200372847364,0.19595266582208362,9.366479947543375,-0.14617782550264813,-1.6844655368774306
4038,0.6828228815309341,-0.24347124778534088,-0.13810394516376198,0.07385471927116587,-0.31309243391267,0.3697416721596971,0.5988101361771828,-0.8473012196716593,0.6315967422347754,-1.6562537465357159,-0.06692229162243468,-1.590818100208322
3282,0.5891794461025395,0.6147123651661819,-0.16507716013704968,-0.45691789138120426,-0.19066011133242688,-0.28735676987858033,0.6444644855991232,1.0939966326402233,0.2294103954717919,9.233959156830073,-1.1179371751834528,-4.942691780581352
627,0.4808477267776729,-0.6916362858059574,0.4718957639299375,-0.4695337167780342,0.22415537049783904,0.35056875041057095,0.5481129795594021,0.36689251276407725,-0.9725326759737011,-12.062004268955812,1.0289705107903606,-5.067217800676642
3803,0.5080528686040819,-0.7576220912393434,-0.46786099165867834,0.5905144105874369,-0.07395877906343422,0.3934291005822149,0.6094137711269509,0.267882358210868,0.606291935649676,-12.259702691804854,-0.12853644292719488,5.873420867980147
278,0.7566876861376598,0.5531370639254414,-0.004046761702031953,-0.036453215291342544,-0.3078064166171044,0.42734741834269824,0.5906716705370986,0.2617303934313739,-0.9530650751208918,3.654520051340269,0.16948683136307346,0.8289876786842792
2805,0.5256223094324097,-0.809567175940304,-0.3450183183340014,-0.2618773001110733,0.35983562099397554,0.2326743850437631,0.6052278005029389,0.1895352798827849,0.5363460719140718,9.445019970480244,-0.9727590396464214,0.5931420719787711
1638,-0.6547818899817486,-0.25564859526582917,0.5972010008852453,0.006690553377134517,0.05519743706750663,-0.22031224938363494,0.5737839294014769,-0.5045592843748863,0.5830238501057655,-1.438970547833945,0.004497343517116415,-1.6097620262051726
3864,0.4995625795595382,-0.2524848791628233,0.05564425997170291,0.5504663161794757,0.18304386439941214,-0.7269432785521426,0.6127356522459071,0.2454606793273673,0.21681838294699834,-12.33172829555974,-0.0999403662146101,5.833278284162646
4297,0.8163374077227115,0.6609156660740044,-0.1526079944740106,0.2260517215223816,0.019582211341779596,-0.19594181489869328,-0.552856694415423,0.9961934337155584,0.10907340356136036,3.5531209435215136,0.3291036064337593,-5.275511807054836
3595,0.41461215497324866,-0.23998443315410253,0.39097766304599824,0.5653835889358515,-0.08851834996604274,0.1405534834944808,0.6118072796636559,-0.7661636028973212,0.16471566712339855,-12.2695095905492,-0.714606932747677,5.834270954519042
3143,0.44974436591108663,-0.28327446294072606,0.0836560637628869,0.568170853124937,-0.13667076176524703,0.3785131718124486,0.6388776493441504,-0.2760612194773924,0.6131566276786726,-12.277148314215697,-0.7061903364026928,5.760689848100436
2780,0.6999546548138886,-0.8869021163267568,-0.35487744792968534,-0.20365283633168044,0.04521288116805607,0.34974482993238704,-0.612629159159439,-0.9274622688537902,0.15072965558164617,-1.4017517604649972,-1.00401859595621,-5.057558631344436
352,0.6828479842708135,0.3921127925455346,-0.21463907058782095,0.02266339479640233,0.13430450896934168,0.1464002513550872,0.6056305620904425,-0.8721365741159676,0.6572007591206863,-1.7534453507468384,-0.1079449782973437,0.5672943489860688
1334,0.44503244344008297,-0.8013970961206318,-0.10541272730944393,0.3082178814372522,-0.02478574137741734,-0.41093594820167956,0.5942936631936493,0.1419672174792215,-1.104524145690968,9.412566722678338,1.0457191378580728,-1.6801652969931506
1232,0.760596545385361,0.44527756309026656,-0.053295899482813554,-0.3150443873089064,0.04690284959356077,-0.14978333075798092,0.7151533525204241,0.9280484503484252,0.11881908969629458,3.5536821730853125,0.9043369821438322,6.063044803865282
2532,0.56726364977414,0.40902130899991274,-0.30394398429316033,0.2385645107166545,-0.29184749826464734,-0.21586949890820625,0.6192972327794064,1.204395287822884,0.34107030929716453,9.442804689642069,-0.16749645051509465,0.6188209311700223
3741,0.6960958072155683,-0.9180729705319989,-0.23287052321285656,0.07392196749481142,0.08608228206185876,-0.4380159854759468,0.6455874144671938,-0.4481580667462574,-0.9812174487536371,-1.5562883972451564,0.960656193350887,-1.6546052001501537
726,0.8268236946298904,0.7499558827809908,-0.3151928978680752,-0.04392109849148908,0.10890971963921871,-0.33354432613303875,0.5639270261511287,0.27836881728726764,0.21977412780333205,3.415182163294567,1.0325433214633168,0.8595834494532932
78,0.8080214711587396,-0.8933775085216762,-0.15147061596126649,0.1742361407223569,-0.20375946503431266,-0.26682083281152974,0.6422520877901801,-0.9114502393056471,0.24179637843339413,-1.5636532731889554,0.0036402119064056545,-4.87820266552118
1852,0.7823983109406776,0.4233215180868452,-0.21364772410067215,0.27409177159123527,-0.008186820142491944,0.11412236343939272,0.711757504767521,0.9857402454073599,0.36577018429313507,-1.5474236466690003,0.09426983477924895,5.88289523734665
2954,0.6126411211336793,-0.3380881272127046,0.08768732095495776,0.48703931642953824,-0.10806012041307596,0.14038156148580902,0.6450426031586362,1.0709005258896882,0.6095196427658341,9.215030332858598,-1.0861040656904026,-4.988462372316006
1305,0.4980649938390278,-0.7831287711374869,0.010795956005856085,0.29074894612036006,-0.050892174053426,0.2237551231487954,0.6248211692523169,0.16591359445595372,-1.06637640594885,9.411404827065349,1.0236687732864678,-1.647306860073216
1210,0.5996125999991808,0.6707807185265677,-0.1790152558223301,0.5612593796430638,0.3478161778785561,0.18196529786902874,0.722024503353238,-0.27993963021265444,0.4941316331474998,9.457179799752906,0.8924440397347148,5.831347911002912
3245,-0.9613383656653859,0.551044295988179,-0.21606068532733055,0.2029945978130276,-0.26058928194803355,0.3696969179731176,0.5527980232267263,0.941679314807059,-1.0854118531313053,3.1013826554622095,-1.2638023425506206,-5.462454041165358
4347,0.4048716702782996,-0.7220107021425505,-0.49130092772139455,-0.312291087266366,0.14257913906626846,0.16369314189175757,0.5520566999069256,0.25554657676207243,-0.9109151119298661,-12.225309450859681,-0.24076967495866833,-1.4975203137430493
457,0.7872217064465047,0.5024499000188233,-0.23287596393325244,-0.010836961105508863,0.13935204835793388,-0.18393036853776695,0.6105114313903526,0.28436668744693727,-0.9874863711961104,3.4854119767807985,1.043249062346015,0.8597458845686042
4233,0.8127701076264805,0.6562160385480305,0.6127596414691794,0.23886344257615336,0.026728939301574346,-0.2038420625957444,0.54891194686895,1.0333426733205064,0.8192114794945797,3.5546969106354944,0.34820752383088854,-5.30850424455452
3555,0.47042529066930683,-0.8382111009709551,0.3803173165748495,0.5441314611519088,0.31126370770660117,-0.1873612871773454,-0.708671107948324,-0.295923594695703,0.2488564293721187,9.393715067835949,-1.019399422989692,5.963262148864759
2652,0.4555677243968785,0.6950202972766257,0.45757470098433983,-0.26546334015776435,-0.3163098787398477,-0.1974196252439659,0.6333217083906879,1.1362883868825062,0.3466854091415325,9.369207356964749,-1.0195130127030074,-1.6514532631681786
1138,0.3576477739671919,-0.7304358305869473,-0.10172383777435992,0.37232072316956144,0.16840197310158916,0.16130151095350284,0.5636364501018304,-0.6996362865852953,0.6348578502080251,-12.142326828158268,1.0569824510562031,-1.4292578739053812
2324,0.5182842818993892,-0.21383948505776137,0.43227579225159757,-0.5016697662149511,-0.25434028112091617,-0.3338510426263027,0.7120452128133858,-0.2827870161809754,0.2532712707749572,9.401690788425183,-0.07686234863956153,5.92995441920934
598,0.48119382935833005,-0.29166481150428514,-0.0552123116843051,0.48644749439589907,0.18234928436115563,0.08781685629523835,-0.5868395168426632,-0.7182691984560711,0.07894985357405779,-12.134498632844133,1.0293497761590722,-5.078528165620696
669,0.5333621957100776,-0.3678405267982217,-0.11315102106875802,0.25863842522347386,0.3539923053800353,0.19745443399998922,0.60573124829526,1.1968617385940725,0.32901616735483474,9.48146372865134,0.9931900514613639,0.5981133033165854
1481,0.6403067847605313,0.6310431462142666,0.20661537106175562,0.5307326868104524,-0.2634424056604733,0.1738266984260506,0.7317986578472683,-0.3335869976205169,0.47571630797041803,9.426205081826346,-0.09164168469312153,5.9129241474275185
3348,-0.8336073840127999,-0.2196514634161479,-0.09118698537030272,-0.12143288089149827,0.01799838642324356,0.1693197533581713,0.5916397062359041,0.36823010387899874,0.20670121472383246,-1.2996373147896265,-0.9948218988582205,-5.041808555371864
4172,0.755400861499582,0.5199804385395199,0.009866170953488303,0.02737859685416264,-0.30159986333231054,0.1505611646332082,0.5659445959790569,1.0507926141536297,0.6919477661299782,3.5287783886897612,0.1920892323150654,-1.6094076038986316
1595,-0.9521162588228327,0.5781796453619268,-0.4755827802929193,-0.21189607202080263,-0.27602522474623226,-0.3093453842507697,-0.5847374674535754,0.9185808292497651,-1.1348270424237177,3.154351714511732,-0.12050271814002254,-5.497646358260879
2467,0.7589321557688347,0.46462408365053465,0.5367972084377237,0.2948724733198886,0.03896811920493105,-0.3695361141328112,0.6530757506644187,0.9975677459652669,0.13929052700963535,3.3794171955493275,-0.028923748352910814,6.153308826420787
2740,0.5627050481487168,0.6807586989664585,0.07313439209325345,0.41981906637540606,0.27641037358654214,0.25538890657541097,-0.6533961800389931,-0.919205755285281,0.26187376590417333,9.238524977865994,-1.1593961114973512,-5.017853187556221
4055,0.7643843008718169,-0.3170367012704721,-0.21828103779972213,-0.00215649254970468,-0.29833285895140205,-0.19030926744688403,-0.5546025399775966,1.0572951523676697,-1.0094534778451083,3.6596995820400813,0.21702198888280355,0.8410018622384557
932,0.7526890530711667,0.5068412196931975,0.01718689781426022,-0.04525694395177088,-0.30311944100712523,0.14288947493914508,0.573259730145809,1.0116063922576486,0.6889934351128595,3.4675011676908416,0.9844303255632477,0.7851414170453046
3696,0.7915725766634101,0.5227864705492753,-0.3272006181473463,0.0447484363817811,0.10409699988666217,0.3942061155456392,0.6077469460306663,1.0599054937262002,0.21949391096380413,3.248160642898656,1.0066249893653691,-1.6405946841923118
4016,-0.39224401641544304,-0.7192307994232185,-0.11515458791750356,-0.35875198543458087,-0.06554541058341345,-0.7643729638581702,0.5054524475531192,-0.42341788419564785,0.6300689054313756,-12.240506170100916,-0.20831083053693578,-1.4980201713900028
1809,0.6091359713797523,-0.21055461168993095,0.23416033295748045,0.5230188314203379,-0.040132091976854654,0.16622321455397576,0.7325981449925999,-0.3262206097853217,0.4613457474665374,9.431535885713487,-0.10963073132190906,5.933174982278912
895,0.4852893113647215,0.3907492922276364,-0.48969521816074596,0.49374511433730167,-0.0675443783993886,-0.597028087796412,0.535816652495762,-0.7143461044981005,-1.0084231577321243,-12.103051462140774,1.0561605796272966,-5.061449653843823
980,0.6349959899778366,-0.23905069504558457,-0.025711512459667612,0.023854315074932433,0.15005856447569169,-0.20157316466497152,-0.6467479115881478,-0.40451574549951347,-1.0320469774102583,-1.590222740082407,0.9316907861110987,-1.595206849416028
1648,0.40240287801994024,-0.6909226519765989,-0.08308692252248184,0.3438165434808023,0.1697868148051356,0.1499184133418785,0.5369265584383539,-0.640807190238057,0.6237568154929068,-12.077795887109303,-0.17271184325679226,-1.4389156096190656
4337,0.6533278779425851,0.7013369883768218,-0.29863649242092377,0.03965835715418605,0.18519250640281293,0.3782586625307302,0.5781027385840722,-0.8644955988151842,0.08529649464659952,-1.6642452611590675,-0.03752859049813157,-1.619366968396215
708,0.7552196153584066,-0.25459631475242944,-0.21579594205552002,0.04326029516781708,-0.30780550339144475,0.35576589253213203,0.6310482009360676,-0.4654244190189308,0.6589652877964101,-1.6214132968472466,0.9076303884615363,0.6547681607274801
470,0.7425039950376794,-0.27910657418005497,-0.06207984094160786,-0.03897133520705763,0.11115301013035264,-0.25694910392767156,0.6273597245469897,-0.4545355299188241,0.22746301767117175,-1.642234311822942,0.9042240323302895,0.6616244188696374
807,0.35641905731194345,-0.6922538179515322,0.46628994729826706,0.3143488112483116,0.19109150457045157,0.3430131920320579,0.533040259202669,-0.4182464023330898,-0.8989359604978364,-12.264734814696897,1.0397762372784063,0.6536912209896213
3350,0.7494372106067698,-0.2162100786467755,-0.37011333648262146,-0.1515573599416775,-0.020752986299819556,0.18322857034629533,-0.6259105213661275,-0.4741539117030149,0.13276268652572842,-1.3658677278022322,-0.9874549804260382,-5.044074802851968
2217,0.4006169110917654,-0.6534674995611407,0.4689794322340998,0.2817914629058679,0.19106329907992478,0.3258258199268979,0.5096639067548518,-0.4676097586064763,-0.8840761467998484,-12.200851591736567,-0.15991732699006747,0.6834225230607558
3764,-0.47447364279517174,-0.8008477446132802,-0.08564999496319432,0.25640676472662044,0.3200146617757307,0.31388204648831936,0.5488675682277008,0.13907973820093533,0.22729667614250285,9.400382588234342,0.9976414750203075,-1.6447571781327113
417,0.3912718049453716,-0.6718543817511711,-0.4933918231823675,-0.3790345979664177,0.11740776852119278,0.36090305799155337,0.5173621308014903,0.8456294047632257,-0.9098006616154976,-12.204033033639163,-0.22753708042747395,-1.5011610918183673
583,0.5300733527126197,0.3515832502731046,-0.12622198319562541,0.4948795828887764,-0.03786361097934988,-0.24711483454016828,-0.6368086899831564,1.0935632766792487,-1.197686572745108,9.255958226154867,0.9953364057767583,-4.940474054833341
4262,0.9667647467481436,-0.315871219928826,-0.43687695737567195,0.09040559754668989,-0.19173566975539025,0.12696728927939185,0.5764633659984252,0.3632223761271885,0.21785160444806853,3.448727475242727,0.3404171487666754,-5.353453560392119
2764,-0.834139697231435,0.43839004959907313,0.00563944002002693,-0.2387255602739324,-0.2604435307214869,-0.24063280500821524,-0.5984388789793291,0.9468746718582162,0.11228301657793754,3.0858862873862236,-1.265391500113869,-5.361071734580861
2804,-0.5304364351170093,-0.3397280478808105,-0.17299915855598372,0.19682772801162654,-0.3207013103624685,0.19981270057617984,0.549738080837686,0.16604301667782345,-1.0354452106579113,9.509857906081608,-1.013055881684323,0.5783100618146224
167,0.7391675394474876,0.7113607862886192,-0.2512002666384414,-0.04694144968642385,0.19662676195144432,0.14518795570547216,0.587761664800404,-0.8641841016667315,0.2465816640981585,-1.7355710792672043,-0.06326596920276133,0.605444482170237
3456,0.810629434636191,0.5005131112101417,-0.3150639528630776,-0.3198262465733363,-0.29053712060316866,-0.42043137589462654,0.6834560390256297,0.9549186513375897,0.6230092124492158,3.300293706490567,-1.1152473984295734,6.149781951220402
1756,0.6903811770012027,-0.2491984261250451,-0.12225136439677753,-0.006018157977430899,0.1511369523497753,0.3262514831826637,0.5979883110989332,-0.8671145704701804,0.17396977700624494,-1.543527110340998,0.10159735718533754,0.6372125188436603
2167,0.7139789184618212,0.5051636083545124,0.6470471147888285,-0.06405831877662461,0.08911001419969149,-0.24800768916020144,0.5652679990557804,0.2635338398252119,0.11400713590821826,3.3328022276275697,-0.09184778218586896,0.8685100388680682
1971,0.6914696651948876,0.4776061566681071,-0.11093884015110761,-0.0011850636278381973,0.1257933434435518,0.37725617384712157,0.5988424402477716,0.2232792659592604,-0.9690145107987987,-1.5883262791256125,0.036694613845476086,0.6492248763464621
697,0.7685098615167039,0.7333449667886092,-0.24141074346276659,-0.011185148074220677,0.11563084874542065,-0.36858811289509313,0.5413053961527121,0.2677541330464041,0.07939554437030351,3.4800639857815567,1.0345376371775026,0.854764201414489
3367,0.822983617847975,-0.34002932755397947,-0.4319051553707215,0.2544259739041789,-0.035430263991008494,-0.2586979996916624,-0.5967446436744904,0.9670167416044217,0.8063075173227132,3.1005665335112407,-1.2587880361098827,-5.466049298908636
3337,0.8230330295000321,-0.339895098763729,-0.4317832909900373,0.2544648737899235,-0.035290589970155495,-0.2585573157263905,-0.5965210006861392,0.9671530659532734,0.8064449027262584,3.1006937251401285,-1.2586398060984085,-5.465917600552256
4182,0.473021228357979,0.4057865282110853,0.48177286411717574,0.2216664168218891,-0.28946120158511907,-0.32733620702079314,0.6294292667048483,-0.5090698117607065,0.36542173925134336,9.357784638305318,0.18324337987371175,-1.6743562910844065
2051,-0.6802489949875665,0.6785180739337852,-0.4218306048702968,0.4080533108061593,0.2988976739948774,0.11482456105365009,0.5728884902881154,1.134777443134493,0.31452073891641746,9.270140250376244,0.3209444122425574,-4.918072618604386
3867,0.4819085122815474,-0.7391238143388453,0.06914619549837718,0.5408422592302002,0.18217443678603967,0.10859838041987903,0.6060173245254793,-0.30178048272695585,-0.9739005386451421,-12.294023855764687,-0.07919339288780088,5.789581204810868
160,0.49255171158872885,0.35482660153729645,0.0019811494828322626,0.2627905505200182,0.35877516490350425,0.22687345665927117,-0.6049391832523022,0.20092118072593845,0.5912252672820502,9.43359085268945,0.13197578490457787,0.5443364786028896
797,0.6866570921849716,0.4355472646951233,-0.1223795057679227,-0.020788938372598834,0.12122326888931953,0.1603988771319619,0.6140903497259401,-0.9396078768397933,0.23849158858753136,-1.6283648316199788,0.9311395951420802,0.6052402763602691
2861,0.5471772540387428,0.6476468091096872,-0.35469811774659593,0.20115476183754433,-0.3029119278265089,0.31318528241343235,0.5955579089522315,-0.4836433860685093,0.1809577438833634,9.452861858345468,-1.020557441330153,0.6246898487402797
4250,0.7586575395923585,-0.23301221764873917,-0.35418619393863837,0.2200842790771231,0.012016118836248688,-0.2564448129731791,0.6119278302818731,-0.8806761219311736,-1.097170764824284,-1.6167608457237876,0.009932634709083319,-4.981423042396142
2924,0.6127648668293149,-0.3376973086454569,0.08808553088022658,0.4871726555357777,-0.10763538051135384,0.14079676066690155,0.6451378299620183,1.0713047163808234,0.6099096467891736,9.215455595716191,-1.085666140064996,-4.9880427640573295
3358,0.5117232093293639,0.3837097714598286,-0.5102080993147288,0.4837992006455249,0.17388281636947275,0.06763610622710951,0.5903277365979706,-0.6494082311676798,0.7433794102484381,-11.99578666633168,-0.8015992008334115,-5.142434495031938
628,0.48230793259644494,-0.28839229511805237,-0.05241018917240743,0.4871298888196325,0.18537403540161634,0.09070420809772681,-0.582154385351787,-0.7155733260191803,0.08201507646457189,-12.131258995999943,1.032058196809374,-5.075612845173528
3645,0.4910896640213098,-0.8372187548011679,0.3718956633596999,0.5395732676076795,0.3453743890312189,-0.3242028085284463,-0.696469306116885,-0.3158401308532906,0.4399919468638429,9.407949930295015,-1.0085791237946096,5.947949291436386
2089,-0.8624776526675726,-0.19338627211203505,-0.13539559374481072,-0.12141378625988478,0.16913644047315843,0.1816862045459777,0.5702048327867745,0.37278953524348674,0.19385972207858923,-1.3320810194724597,0.09947205014857383,-5.020882519022005
2766,0.7975960077999651,0.4672270147863072,-0.42329314424149644,-0.2361372156315974,0.0013191098018917504,0.3886769171091888,-0.651553497107657,0.38877580631618086,0.8027935175631216,3.130470800575489,-1.2027366625509568,-5.499049458053416
1283,0.40338829384209296,-0.7237649705853069,-0.48239855188069314,0.3345825881312839,0.1644751539968883,0.13860187530197898,0.5637936917809228,-0.4345990295690327,0.642634266718986,-12.126328471424236,1.0553231895673856,-1.4559102726762028
3835,0.45792922169668415,-0.2688750745521782,-0.4772403603611702,0.5690341107928995,-0.010356826228695383,0.369151215025766,0.6039795202220698,-0.7725079730858868,-0.9775390849956425,-12.286573954683051,-0.14284812558331525,5.886532224040324
2470,0.5075949281592605,0.6822617347747021,0.455410344750536,0.5514283445598626,0.32828239854887165,0.31872292035004174,0.6830854158257945,-0.9848653837016802,0.2628617851536532,9.413941946933116,-0.08934002645987735,5.985062969122822
4006,0.6012981018069206,-0.9059327289395648,-0.10547872706766084,0.07095483327063924,0.12910585574499622,0.3626623048751165,0.5970623654939657,-0.9045163515827176,0.1340737655315985,-1.6344480478519572,-0.13846559258549135,-1.6100052538220888
3713,0.3657072677512747,-0.7177395273083693,-0.4610601596622028,0.3441807722931061,0.15650265472847374,-0.7206056253736229,0.5387491590341328,-0.6958992047165959,0.1474516047871108,-12.138368139170998,1.0794215947211734,-1.4957827249159654
1592,-1.014252109070601,0.4269377349106242,-0.28408728735085764,-0.24847246934352074,-0.2345892258200499,0.10614167219698827,0.531061992313592,0.9163240797134966,0.7261891724611637,3.152363991029053,-0.1657441347116758,-5.406568371409882
4053,-0.7439407874249695,0.7153559975774408,-0.36982690392074535,-0.002347279720760769,0.07120728931344637,0.12080339079644976,-0.4871271929206392,1.0103848239198785,0.7517577522923073,3.5732856832915276,0.21725435401904977,0.8016894000540553
2413,0.5793644243743453,0.35075624727331844,-0.3299015963114295,0.5970582273441798,0.31794084573994474,-0.3336465917750306,0.711639222756676,1.0969079082958921,-1.1374359494730957,9.441363662909671,-0.1034603027493544,5.980079047438493
2428,0.4615237873204528,0.3483493652339355,0.04255008180707814,0.5813825407967211,0.15346983341734247,0.13007773481099996,0.6253027131388614,-0.7334859171751966,0.5574332096563722,-12.340035689172678,-0.11802379994840807,5.813955073017722
977,0.5726984998380811,0.4284321025773743,0.6222536786821216,0.02636856618761811,0.09711306357124115,0.2105975402765279,0.6025259307347194,-0.9381410058679903,0.1447242724580813,-1.5432160094719287,0.9128048108120936,-1.627407995427384
1194,0.4790181192812475,0.35065487437880755,0.039306761838841804,0.5708885053602084,0.1849232955833929,0.1999660965748189,0.6767581749748229,0.2597843030523633,0.21649628984072633,-12.39884917795496,0.9222530540019973,5.7920616829714735
3088,0.4120050988016831,-0.24629400891058364,0.019225516454293767,0.5771692587575522,0.1740181953782173,0.12403692968313279,0.6361385523466899,-0.7657230062930571,0.5873646064378233,-12.295787994213635,-0.7257961012036489,5.77698531303084
695,0.690592510833015,0.5636736796951085,0.6550061628793291,0.04865643016247013,0.09563820992597155,0.4105960591417391,0.6009351997043152,1.0788667326023813,-1.0046842319795992,3.4560492565447016,1.0206752555757066,0.8633954733536338
4313,0.5076865652614402,-0.6441942872924935,-0.5353223775054928,0.5109119633210424,0.19838004361934747,-0.5589453755219111,0.5320368926418252,-0.6961063855880621,0.17406858593281582,-12.16688803215941,-0.09531496215905653,-5.009086510304668
3718,0.31811535864792634,-0.3509562803646355,-0.12010501082366237,0.34819869123735514,0.13125134415171816,-0.7495977522419873,-0.5463531156364839,-0.6989911190702798,0.10912120581030697,-12.20084367288609,1.0378469630240577,-1.4651802288304998
3146,0.4148723578761813,-0.24138352736119992,0.07585813440697138,0.6071827646180123,0.17579808385168744,-0.7956944020862777,0.6230498497548631,-0.7520187958406797,0.575841258662515,-12.283468445323312,-0.726985723210623,5.830067054820108
4373,0.39205020229675486,-0.36560313428117336,-0.49011090252575956,0.30564614740406815,0.11480365675518524,0.16621376383526637,0.555900834143237,-0.6408215136700959,0.12363084411123144,-12.250496115612805,-0.16241426513223672,-1.460066284205846
1518,-0.7955605196914262,-0.13949034044653816,-0.1725830181703985,0.284016121334162,-0.32312198449777213,-0.1654970506802782,0.6729318308716004,-0.3119981563507365,0.5299357598377645,-1.5022472391807231,0.10141355224110295,5.898407936373022
3699,0.4798697042100702,-0.30573102991987255,0.00970812631847751,-0.29339911660533674,-0.30056040903310716,0.20657549436511863,0.6322522917782986,1.1409489321115907,0.25177598615332314,9.384245807774324,0.9537605400495126,-1.6565965806175136
2478,-0.7563372031746316,-0.13802794866140122,-0.2348670575862556,0.2675644382691609,0.03678353184506936,0.3552643283550584,0.6630703363159977,-0.956002052139951,0.2960393589901644,-1.5068045691483913,0.10172632231280383,5.95930057379041
685,0.29590099871064296,-0.35855120009780694,0.5160332270923541,0.3173651788884226,0.19788975291364383,0.3255553202856744,0.5298319541834836,-0.7241153550371106,0.18672491371798083,-12.31496082996867,1.0107042006802773,0.6515538558673583
1473,0.8229143493704377,0.6320914042235722,-0.36561063652109593,0.2317606977121731,0.06327098390932515,0.13908362933947474,-0.6563197919249745,0.31848950343633503,0.07701737858814693,3.364469023327807,0.005540506601352252,6.155637792771374
2203,0.4668186487389998,0.7056853740451969,0.5311491337279565,0.24661020464397918,-0.014261412853874424,-0.2320316979158258,0.5881602839268391,1.1832599302125006,0.3083870104145379,9.432971676846936,-0.1754771060394571,0.6314913510697939
767,0.6867104285795477,0.435741172176639,-0.12217628821103456,-0.0207275242141972,0.12142739352951264,0.16058510015531707,0.6141661254521257,-0.9393791579035495,0.23868080888751853,-1.628182418249612,0.931328466663724,0.6054504243289188
4123,0.4757232410641802,-0.3756412986302414,-0.2124281685408619,0.270287716393793,-0.03174112925791424,-0.19212306533729548,0.5998797783311178,1.1617656047516043,-1.0981890723361014,9.451427276426386,0.13804963345770832,0.5534440649877146
2542,0.7277658100616381,0.6479167285692863,0.5483572186250564,-0.09153919745681761,0.1665914569717688,0.20329649707857506,0.5944174669207769,-0.5328503809095734,0.21437905253729372,-1.555993842891865,0.035925519535078214,0.6951272353397013
3670,0.5514871757630254,0.623529406960027,-0.22000747901557288,0.5289117809389745,-0.06844440587889139,-0.126934042643547,0.7117390853205586,-0.25263265350486325,0.20772561351334437,9.44629078880087,-1.0374315382138788,5.9005477689317125
1877,0.6961575133153382,-0.11603121950033725,0.5136128663498485,0.3305896999688929,0.10793127763189218,0.38988144367733146,0.7057498545420188,-0.9879227695695587,-1.0135991672318307,-1.5993545367249933,0.09832529570982759,5.98759482413685
1502,0.7796469977830727,0.42634428891948584,-0.09210561710480429,-0.30556512440974654,0.02162680948848496,-0.1655725497961355,0.6878330016301555,0.9249977533251525,0.10481435416545397,3.402717343961931,-0.04591909858687214,6.106507955175453
4173,-0.7763634209385448,0.7067386624743695,-0.3799202263155087,0.015694574586207002,0.08263690803882381,0.12498498421661076,0.5082752822693748,0.9999508611294993,0.7100561843286363,3.423098971855087,0.24155289199364674,-1.6088400855991034
2784,0.5086657689337736,0.5791758686949035,-0.5375766207581193,0.4808976727045812,0.19971279727297345,-0.5694563151614946,0.5502672697506125,-0.6664036959580566,0.1733563401658846,-12.024162108241315,-0.8457773265940143,-5.108700822628744
3034,0.7484141303949128,0.696460109269175,-0.1937473300918586,0.04980801296444069,0.09896229732327443,0.40270811150595287,0.5521158362773121,1.0451405923712573,0.07386618813036636,3.5214353451561,0.235786799450437,-1.5982263617020869
2033,0.49720128961232707,-0.31525469341829127,-0.0404928510968342,0.5042892729138455,0.15537267485826456,0.09765430809946858,0.5764059250894799,-0.6675211862599557,0.7224688663527309,-12.213889863897897,-0.06888411671167703,-5.02158555251203
1874,0.518076757441652,-0.21451243058149183,0.43158956287722655,-0.5026716916305698,-0.2550791903120538,-0.3345825852339047,0.7118683973862904,-0.2834972957937919,0.25251140588111576,9.401038046100084,-0.07748478288396178,5.929291453119528
1880,0.8154052634800459,0.6084513844889371,-0.023568230873602495,0.31397989059851045,-0.3152844958080728,-0.39575807630790594,0.6981890653029599,-0.34316020346938947,0.5668048234283962,-1.53357004631489,0.1136419301642008,5.868867155217823
518,0.7166741139229913,0.5244205331025598,0.034858697417808004,-0.012179377749082277,0.08799606741951667,0.42572319061665886,0.5777422068915276,0.2877715643610979,0.07819721679777489,3.472863326910028,1.049825156332579,0.8429416805683364
1318,0.2872374101810599,-0.3384529793157254,0.450604779385663,0.35031356622086757,0.16357376597186155,0.154275852539502,0.5700546270512828,-0.7091153932345838,0.6368076835848995,-12.18813353505141,1.0262475124649828,-1.437196397176462
1325,0.7449572126104799,0.6782762062275854,-0.3563806458218412,0.04123032313783582,0.10800409204098282,-0.17077853806983467,-0.6015440955104743,0.9962173510575012,-1.0778796261020802,3.321241948420453,1.0283172854537859,-1.6237137835477067
162,0.47409175808146936,0.4104061293688786,0.5393314255709308,0.2231321716510675,-0.2869172685473061,-0.2747629383853756,0.6117757669040369,0.15006386226054788,0.31818229033600887,9.407780531404743,0.14732441156438583,0.5664994585249058
2505,0.5142274441675914,-0.7540924267492057,-0.34674768925498156,0.25310707351654893,-0.056316278410663466,0.28505653305873485,0.5917385874492467,0.18027850512589763,-1.0435110587141465,9.459152537595934,-0.11659242464572567,0.5764653934948261
3970,0.5245612243167794,-0.35227317819964327,0.08250514146394962,0.2500052698547567,-0.040154004752081154,0.18594955658171933,0.6278376539142139,-0.5010071653508655,0.5085766518621425,9.378979037143116,0.15918651288104546,-1.6074210775333173
3622,0.8060899287741775,0.6192966320766764,0.004364404935539304,0.2831511919807274,0.1731762485533189,0.14918053066627784,0.7130374688233945,-0.331349856142568,0.5909597587397788,-1.5231977277996267,-0.9110710596367058,5.861671606010281
3200,0.6979056919888937,-0.8764139565953691,-0.07367873866373813,-0.18980470248487796,0.03300702062607559,-0.27739826295940856,-0.6214143605229574,-0.8967387902828556,0.17206662271310638,-1.393965362452841,-1.0102230870608582,-5.003376256137789
362,0.7262249629914762,0.5058239805726453,0.011343561027546686,-0.021508444022624282,-0.2887059384304554,0.1773363218590554,0.5689622316070795,1.0236052863079912,0.6647181881653889,3.5310071847718043,0.1709176644467895,-1.6444326833528082
3007,0.9062585632823705,0.4965826337970972,-0.37215588484943224,0.13574786456900118,0.028196681235660596,-0.18538705196737915,0.6390187047899509,-0.5760427825948476,0.23519384318225786,3.470580889479232,0.361151399650898,-5.345617465490815
1959,0.43475000475696574,-0.3527866280401177,0.5349322546712957,0.20257549508083672,-0.026732435982978597,0.27631171089314754,0.5825921540174734,0.16653487485903995,0.2310873899019379,9.413380280901348,-0.14723356189230613,0.5954829457664611
786,0.8267877631000687,0.7498505093133025,-0.31528684223421466,-0.043947170798555577,0.10879823333793111,-0.3336618175609224,0.5638889628321447,0.27825394228081257,0.21966143822710443,3.415067847073815,1.0324323735051844,0.8594730151722058
794,0.5030611716027609,-0.3102047511999207,0.02162683966796658,0.22064752803471932,0.2762223197768556,-0.1875624486514445,0.612800642079125,-0.8963404749285736,0.2879844560035909,9.452269393867995,0.9633319787932547,0.5802664863174926
2037,0.544786985691541,-0.6608092381754735,-0.5301906862627762,-0.46145721184115823,0.167249947360764,0.3648067217788375,0.5352641154292007,0.35995574588090357,-0.9638515050008856,-12.141247292834851,-0.12387720700476658,-5.046677366013947
4236,0.9305187569052528,0.6436344667338889,-0.4177460720583833,0.214922896887553,-0.17630798374869436,-0.27531778841476195,0.5881590659872806,1.004219387333778,0.7995012352557278,3.540024057605387,0.3573111076328964,-5.3382399097838995
1236,0.8677172360147182,0.7027579210923811,-0.023511892211126838,0.3023651497838092,0.12409965416852244,-0.12557337209609543,0.6941182976675128,0.29157207392758683,0.692358962999068,3.586629217195888,0.9255099799217784,6.093033439355858
4054,0.7196838665751919,0.7260444977208164,0.630175522338713,0.03536328220185574,-0.29263526716649174,-0.3588426948811914,0.5490272120929508,0.24859491695097,0.7209303940553832,3.6815313987551077,0.18198882080805645,0.839421770319559
2363,0.4561618145281958,-0.7518460727912099,0.3206722732795589,0.5884961576645211,-0.14428109459789434,0.17902941122301602,0.6376560778597419,-0.29420039058821973,0.5842342346158774,-12.21718832155985,-0.6868155506459306,5.8183136877355075
1002,0.5102151751706477,0.39925857908767753,-0.351900113902463,-0.24275846888831218,-0.28774934327154195,-0.34099354968892537,0.6365944988521478,-0.5036383927845527,0.4124245598674414,9.387066608727617,0.16336203306121214,-1.7052239317060442
4184,0.49768212295687514,-0.7695914753922204,0.03949769497929662,0.26072978640222766,-0.057158204758300316,0.20116880398533146,0.6032437260960193,0.1524280727866087,0.18130218248731114,9.356275928896306,0.10309327690376438,-1.633758703344716
764,0.4708865672371689,-0.2913772559668643,0.020439682188851744,0.2296668202810225,0.2619521717319606,-0.20053091099986112,0.5958079873801649,-0.9064764449164279,0.2577535876712195,9.442499243693678,0.9679121805768166,0.5652195773037914
2462,0.8534965290583816,0.45570861328918527,-0.33036599963251784,-0.3064665511110626,0.06206402857390461,0.34266740129491596,0.7006938420142512,0.9414899782659061,0.32162311821486567,3.3212316798064467,-0.0761478190347312,6.17042355558628
1812,0.5193902138226599,0.3523940327468607,0.44261307955326434,0.5621977147945489,-0.24206478147785465,-0.1558717773095236,0.728862609432485,1.113436543489899,0.24196070094679023,9.390631244978477,-0.11243182787288086,5.969421224258121
2531,0.4469984846284759,0.6855763408076749,0.5810683642700197,0.21197948639776168,-0.28580883027066184,0.28206089453761735,0.570350869987273,-0.8769864398468027,0.25065815981545414,9.422042747088728,-0.14581811041509463,0.5717666564789267
4339,0.7176193126517275,-0.2809366138711615,-0.3004037363611063,0.01483784543380684,0.16165119281021753,-0.21483272273142046,0.6141979958167667,0.19013986526318383,-0.9830292612466839,-1.6933015298424299,-0.04683071770102426,-1.6046876968823185
2777,0.8203655606436332,0.46504804911772923,-0.09077448099054693,0.1322017365049186,-0.025370865411049222,0.1334200121143203,0.6726043430195684,-0.5130466033320669,0.2539668194789918,-1.3360923835406187,-0.9963119568257299,-4.97383281515519
2154,0.48360399854558095,0.3882277355606993,0.5717976627647681,0.4882931971547122,0.23329612725630694,-0.5447159326038667,0.5408383127256963,-0.674418894902054,0.196468764943491,-12.073536895658215,-0.13907648239527776,-5.072988129629865
2027,0.7628011918370498,0.6382133095151407,-0.3746789032553578,0.18718792282677332,0.10938654430896921,-0.27386813780666824,0.6266108913867318,-0.8674330911324994,0.14149374278189958,-1.601759060636709,0.025418554030329582,-4.955374242052416
3099,0.5777929095601783,0.31833172809345767,0.2022224292288476,0.5202479624099396,0.2869367788855531,-0.16605912619396124,0.7331320382429966,-0.295381670499716,0.19888729853251153,9.434096231510093,-1.0079140928475616,5.939391835383353
111,0.6954065678888331,-0.9219448641551112,-0.06588329940536387,0.023139448248581457,0.18174018176554238,-0.21309267875966237,0.6460053281098782,-0.45924544489963726,-0.9740739578053378,-1.6871009671036776,-0.09872962045515928,-1.6167772948725405
322,0.6672747621453838,0.3908576903531278,-0.2311234422387652,0.039074718858332365,0.03991708990849357,0.13209730992274912,0.6192549191377116,-0.874857709489853,0.6573013669335378,-1.7456308755396128,-0.14693620733184526,0.55704768826114
2770,0.552701777857529,0.6618891309260555,-0.17511949853148592,0.4209723993017337,0.28163937878470974,0.2624102703025353,-0.6327333517771576,-0.9443979185105393,0.2868022132743321,9.256108704862918,-1.1639509018249155,-5.002623982946771
976,0.6208203132403125,-0.2121297761316704,-0.07849428984108536,0.09464599255931629,0.12204426141425773,0.38119492813024597,0.6101222237771762,-0.9085452947309955,0.6429521645912595,-1.5585331370662472,0.9693060526446975,-1.583299752355753
1616,0.5842422030710626,-0.6174084322829171,-0.039855374163368276,0.465086728896299,-0.060775884830841474,-0.5436836224181153,0.5036924924627768,0.3230385073978218,0.12344166773286173,-12.006506749359897,-0.17333424937092173,-5.052067630205994
3472,0.7655755087889221,0.6005062176130895,-0.17072795765024304,0.280456435214568,0.17963360888486019,0.14656623014798756,0.704284059690569,-0.3139979971460745,0.5728614460123932,-1.5338772035575525,-0.9229821231842498,5.839854460876259
3098,0.7953549464898312,-0.17219608436756315,0.46491680519079354,0.2583492825427028,0.07056740830265398,-0.15676292461050406,0.690053493691486,0.27017861459352077,-1.0161790946837443,3.3138144478084595,-1.1201434610272543,6.17468244482964
435,0.3821789954687382,-0.7925230351799469,0.5247319298538298,0.2733330659139584,-0.021751300143373203,0.20383058330554027,0.6040602764327545,-0.9630348958967014,0.26667094868532515,9.370719850336021,1.0287253617539893,-1.6440336378285874
97,0.7541463242319326,0.7193872183766047,-0.19718167750272664,-0.013051803638396982,0.08196134506017452,-0.41844112379189913,0.5652859911773263,-0.48838187013706924,0.055611114186944685,3.5139802616464832,0.2181302199939212,-1.6317380414428864
2537,0.69015373412805,0.40824173646313267,-0.2053470764273038,0.023722489381983375,0.11068087880774752,-0.20026364443506625,0.631573484891269,-0.8395522947165062,-0.9719059967159746,-1.6035915238491234,0.11287462972441908,0.6356340523118051
3016,0.7142870302145339,-0.88099522753932,-0.09859755545176634,0.2101464957798646,0.14162385793463922,0.3094917417786687,-0.6413393377676179,-0.9319070611199172,0.2001890134109182,-1.5665441937635436,-0.014056479898763852,-4.901613697682957
1418,-0.7514551075733261,0.6675611629242835,0.045720976449624945,-0.008377412859672858,0.08486203263261484,-0.19740575490867104,0.543832019089026,0.9979586590397399,-1.0369833758262736,3.4399636727762983,1.043460888838309,0.8320707354435314
1693,0.6196469888355857,0.3423493270019189,0.01136171164681739,0.4437283525393042,-0.19451222139097865,0.20070992331464788,-0.6673906478199254,1.1194866192350559,0.2991642181229448,9.2103188659084,-0.19997386032102857,-4.949161275409619
3287,-0.7782478588758152,0.6346697347426252,-0.09226357347094451,0.17544637508366312,0.07708864183046761,-0.2539985154662579,0.5872575110383154,-0.8443559031195065,-1.0529959602126104,-1.383480042267718,-1.0423886239302567,-5.055467613999711
528,0.720101516031548,-0.260684342758058,-0.19548551342483766,0.05205508295759401,0.07380101120858651,0.3715427318270534,0.6286064643135234,-0.4777168095476789,0.6755948303521453,-1.6307305759926438,0.9170742173386953,0.6651057701825378
1882,0.7823039738258868,0.4230140386070793,-0.21397380419642942,0.2739529211831218,-0.008537711995090293,0.11381215934713435,0.7116428369094122,0.9854193151998751,0.36544975929484236,-1.5477124594823108,0.09394017234738705,5.882560241706789
1438,0.30542123405697696,-0.3517839189446221,0.4877018647463058,0.33287867385443864,0.17016494227659462,0.12226134713901403,0.5675706441482387,-0.7093709099492412,0.6516494713623434,-12.323364948334426,1.017027741464498,0.6371584763073095
2325,0.5498367401725911,-0.7817957689913858,-0.3592864300785556,0.6076922176751216,0.32789530921456517,-0.15743146926715215,-0.7149684681502392,1.0728096633511746,-1.1421792326515006,9.419146544250387,-0.08633377665458958,6.011429970067534
3153,-0.9225853878521719,0.620766655542696,-0.49464961921875755,-0.20859764099585276,-0.2664505441130429,-0.3453186638810462,-0.5986498748138293,0.3310499162855628,0.7551846570308463,3.0965809513472364,-1.2561405966206929,-5.492817625306895
3388,0.5116907237113912,0.3836071803093985,-0.5103180223808396,0.4837709734991451,0.1737866514808683,0.06753318511091681,0.5902907628907165,-0.6495188918108508,0.7432751694732274,-11.995900738238277,-0.8017018939680713,-5.142541080105437
1265,0.7448135667989544,0.6778244860498485,-0.35682807925833376,0.04104101397036721,0.10751571963172024,-0.1712186267571408,-0.6023009786905701,0.9957559779435782,-1.0783082460517426,3.320801353287434,1.0278573017114798,-1.6242149880166368
2302,0.7810203175905653,0.6223752846857928,0.03017197075132543,0.2980622266634991,0.13525387612660023,-0.17543524193358215,0.6970282045777513,0.2411924230501148,0.07552889493248731,-1.5121717202470477,-0.9416199873682044,5.896011647629542
1372,0.6706535659395298,-0.2744730009054626,0.5850328191858147,-0.0035678305689459035,0.10591513607189376,0.20005380945203718,0.6049981247180994,-0.47626831312380447,0.6402463056148504,-1.6379009488718037,0.8875838026714931,0.6590762289530543
924,0.3294218628540718,-0.3355773912557364,-0.13184740477354573,0.33240122617542595,0.15241560372048338,-0.7219374994759256,0.5332074058159232,-0.699117706164551,-0.9305977132481903,-12.32486928061287,1.052853713831816,0.6719281804828894
3603,0.7588145635804279,0.5501803938450593,-0.07471317648669029,0.2928517409089964,-0.3603318513667803,-0.4341588142328041,-0.6839069186515232,0.9225248497044649,-1.1424183128670207,3.338267993574264,-1.1848355301844098,6.07400408722692
656,0.37906495364660364,-0.7383331601500955,0.124043683683755,0.30772955335261837,-0.01357596763059529,0.10572130193414273,0.5382669147715254,-0.7142402106123737,0.12954680138327665,-12.281263117948697,1.0324856907394255,0.6203037822829386
4378,0.2812044434474775,-0.6889706102916455,0.48558889069330907,0.38036775823242924,0.1597312036968679,-0.749348470154358,-0.5106033672263801,-0.7034783659595134,0.18898922492592646,-12.260259677789554,-0.21059330441778998,-1.4987938008743935
3356,0.5131038248919217,-0.34224858277884884,0.14437728230026856,0.45486097144843335,-0.04386604130771994,-0.5820168386876735,0.5270949040483229,0.31659363242169397,0.12178275260897724,-12.021213419990037,-0.8042598123457478,-5.054282188641387
1802,0.834345512203693,-0.21596713765947786,-0.07302299779361808,-0.3335687519705451,0.04718343522809726,-0.425032315846687,0.6372314624618449,0.9165015861711254,0.6273903860211425,3.3849346054025644,-0.054764464781348575,6.121998708064288
3993,0.6975467303517818,0.5489930607807176,0.6098314164217478,0.07219251284778008,-0.295446606269431,0.400685145372518,0.5764673561324491,1.1031650056954976,0.704713746123278,3.5303418752360773,0.2455300492772516,-1.6149595095510079
3448,0.4934619787227346,-0.2617127043597187,0.09080534237480281,0.5292223185918926,0.02194851058193632,0.13474804611882157,0.6016821055303029,-0.2985405201730984,0.11064205934350772,-12.268053758715663,-0.7069256045461014,5.787781498924114
1817,0.6961480663376836,-0.11605698041407604,0.5135862456980732,0.33057832087790995,0.10790556355773595,0.3898560838436034,0.7057425291355979,-0.9879490843475303,-1.0136262905098683,-1.599380829551861,0.09829743530374019,5.98756809790748
123,-0.7240201886134385,0.7118108250635548,-0.3928219187313885,0.06941814741077866,0.11062363959093245,0.41938563854788274,-0.5223994812676159,0.997150542979573,0.7451539765051769,3.2736334717759243,1.01541821711681,-1.6177130109864817
1288,0.3066545482705866,-0.7452889102165688,0.4347738618343756,0.3712663314306799,0.18267914817721048,0.13545725278331766,0.5637953318504798,-0.7198017958187274,0.634988748580139,-12.144229088230714,1.0520552821576883,-1.4411498463588042
3782,0.8154874995645295,0.4510873414276369,-0.06979504495435619,-0.29084970674866456,0.028290584198078682,0.34592800922637923,0.6974163531240848,0.9372460363487366,0.32263142548079216,3.3718553418109987,-0.07304301633900748,6.109387373588075
248,0.735612529194406,0.5344806770257707,0.01351281787217698,-0.013711768124858068,-0.32737538497770446,0.4280144944281868,0.5975229378809411,0.24755651157432493,-0.9556285167552374,3.515336188108698,0.1870530366125797,-1.6075623980153542
1168,0.3578758628473403,-0.7297596135780596,-0.10108920384203922,0.37254779802824495,0.16906403046436788,0.1619459206180798,0.5638533389881094,-0.6989928507014488,0.6355502963920571,-12.141605756740034,1.0576010478855795,-1.4285656123003128
1457,0.7703082064486387,0.37557135885120074,-0.006020968742526737,0.2905338112920067,0.1076057436719471,0.13861465424248828,0.7212953567372774,-0.963607515589669,-1.0169039505802657,-1.5861614583422832,0.11145669113647187,5.954930720632115
3078,-0.7209319893780256,-0.9465478342466485,-0.2019328174133374,0.29780684307864236,0.12057830884734652,-0.15080857118634156,0.6733196456970753,-0.9793020294777401,-1.0280613560534968,-1.5229538097632478,-0.9516989512086952,5.991587409363906
2336,0.4824983875906753,-0.7369209187913555,-0.4767744244013509,0.6015330857859403,0.17018449373162434,-0.7308935099815755,0.6016237564563196,-0.30945604574878355,0.577851845729922,-12.276590177610764,-0.08028401058432234,5.861108479682354
4383,-0.726655066886051,0.7105737919045348,-0.3818829290238033,0.01621854480611346,0.07576958058543584,0.14328046723374036,-0.49610510347879777,0.9942500132107897,0.7240123735964753,3.440674271754532,0.23610314108811403,-1.605414447582672
282,0.4651357356583777,0.39871838265762377,0.5552658294471675,0.3021687162555511,-0.24574694675236944,-0.2320546186425858,0.6235203886126395,1.225509757741647,0.5473849281066208,9.390203820624714,0.18901831180866752,0.5501458340932814
3734,-0.47428458168702226,-0.8007478693640968,-0.08555738587179229,0.2564424553818456,0.3201032954662324,0.313977978571223,0.5488998771249076,0.13916976109459103,0.22740006911982938,9.400489192062855,0.997741835197866,-1.6446627969196252
1191,0.72724379106676,0.46065055015344963,-0.18344821126160396,0.35759217267150495,0.03207273921308989,0.40327376403677717,0.7445248979045379,0.9993966121702036,-1.0888139266838326,-1.678334126557479,0.8607067021199395,5.863791178004083
1798,0.3748573611626918,-0.38142652982104347,0.4786709463078113,0.2648719779264292,0.17485980696223474,0.10262144744871789,0.5411063981373221,-0.6528861838567903,0.0632128568300818,-12.252389039127486,-0.16156742562416707,0.6906048165808495
1659,0.6110133739949336,-0.7162105249079268,0.06461903326718797,-0.4543413994045224,-0.09873017474046492,0.1710221774555554,0.638709697281764,1.0731934472958766,0.22454439790134534,9.194611680396497,-0.15844439297066373,-4.955860624868694
2989,0.7876291508162934,-0.23872805060877952,-0.39799455755997265,0.19247526821144467,0.14039863948118977,0.34411814670275787,0.6080528673950294,0.3103774352891686,0.09046346884199599,-1.5654722821399345,0.022097753575292336,-4.9808194473699094
607,0.7985022517390831,0.628575364724774,0.6127427875792882,0.1752825695411516,-0.23237563878906423,-0.21432645764425373,-0.5651837719681659,0.3701925175394025,0.12152784125155812,3.37948780882271,0.9784015121327528,-5.322597455762796
2806,0.7050832164968199,-0.9109227878178101,-0.25635557996119723,-0.008892486543007515,0.1094379047314891,-0.278490242800448,-0.6236532779517117,-0.5330557593495904,0.23313315850911154,-1.493888674496604,-0.9900344600651307,0.6794213190636993
1056,0.7350106751596066,0.5154526638862595,-0.3474718346011886,0.04578608059797835,0.08367135709695983,0.40532432639639643,0.5761373208771902,1.0755790787744135,0.06355562051197218,3.452340499994159,0.23846928171226717,-1.630517204457017
1747,0.6913984962394699,0.5117266202374069,0.6783641464626458,0.009239253935774482,0.05298417764785569,-0.28483937299250084,0.5452915569880709,1.107233939522652,0.13112423277270852,3.3122506033423584,-0.0831872672807254,0.8736011660401628
938,-0.7508845527623628,0.6678469875545393,0.04604466987842965,-0.008259515987165775,0.0851533730618485,-0.19713168270180093,0.5439434884608924,0.9982326462122288,-1.036718142089413,3.4402430939306035,1.0437510818701847,0.8323668145055044
71,-0.6719968290402503,0.6826630955139659,-0.417810988813016,0.40933225725075145,0.30338866567930206,0.11904740243802972,0.5743322807392043,1.1391204117418858,0.31841685337267367,9.274879309653565,0.3251486831699197,-4.913477808718764
460,0.519610007050657,0.7237142073606792,-0.10838858317854419,0.2559928314278004,0.3630773273483572,0.2964982163725334,0.6011018481193128,-0.4490949561014109,0.5834239227732763,9.464608061329358,0.9987904406618655,0.5889555595964927
2704,-0.833576029340993,0.43868217442640794,0.005923759455655537,-0.2382372718526197,-0.2601311391709103,-0.24030952570576133,-0.5979841712018846,0.9471799969285051,0.1126071623987927,3.0861791467639104,-1.2650813837543278,-5.360761066146361
4286,-0.4836435433290504,-0.6770816166200907,0.5303145310544852,0.4833069474070562,-0.09593875427575337,-0.5790446197180085,0.49522408596388967,0.3422898360902462,-0.9856144636022733,-12.151324587499852,-0.07150994168845161,-5.030902306211971
3357,0.5313411475557234,-0.6326005993821339,0.48940292086178894,0.4394375367277971,0.21074958948077452,0.1388720372634583,0.5347910711945374,-0.47037491709416324,-0.95406274840765,-11.942938723347506,-0.7874752017141772,-5.122301478284216
3771,0.6960675493156013,-0.9181801303720817,-0.2329788190105547,0.0738909526527039,0.08597299638347601,-0.43813159435627286,0.645553413651875,-0.44826016511176553,-0.9813277525623385,-1.5563850518474291,0.9605554810512823,-1.6547165566935804
982,0.7420113089489679,-0.9744673829722248,-0.3030387943998912,0.04382376766110668,0.14107225515102115,0.1874044501112593,0.6244008726480618,-0.4823391668338761,0.594248199872121,-1.5513161679642107,0.9204660889940353,-1.6241328887417725
501,0.693265760669751,-0.26304284933970284,-0.07737720173649905,-0.0368765366966968,0.10715639363299251,0.16441325257042932,0.5862409080798671,-0.43658644522010415,0.08804235769438741,-1.6091981420249266,0.9078756551272061,0.6423889855614283
4033,0.46412973908049265,-0.35893353485252655,-0.17146039498183765,0.29197866562197483,-0.05707250132908359,-0.1518395940321337,0.6135419103655401,1.1397472944621931,-1.0967984584946022,9.393789300951902,0.16729763900485534,-1.618361134977144
1398,-0.6615095835931327,-0.257111667919587,0.6504195301198779,0.00653987171128687,0.07293135040969863,-0.2593344861118407,0.5841069503817438,-0.46740855501962475,0.6379475483169829,-1.5989305491668873,0.9141427641242161,0.6666192293886345
730,0.5197054096830291,0.724301520270504,-0.10782897211048871,0.25621306620185813,0.3635999623311606,0.2970316050492383,0.6012526259411384,-0.4485511118043403,0.5839587031248271,9.46513809992269,0.9993467470082137,0.5894743124521195
2088,-0.7984119738444786,-0.8837797855405393,-0.08160822088760021,0.2238535164677855,0.0010157036864763013,0.3668251025774967,0.560784799998635,0.3699470103831371,0.7163432892097633,-1.321500212084785,0.04324555647341609,-5.024711864168251
1757,0.7082515537435478,-0.2410048988909799,-0.14076752260834252,-0.044634525783487235,0.1518632756007634,0.1683774608074943,0.5829485024220901,-0.8607348957622778,0.19115122542665164,-1.531580679496973,0.12118163558598155,0.6220974169382765
1653,-0.9449076739916573,0.6644603639550528,-0.4697298974885292,0.10566238880492536,0.058502108893555484,-0.3266766631611864,-0.5682011544093111,0.3753449921404425,0.15661786430202465,3.139039862769031,-0.1008921982941629,-5.516323289687382
3885,0.5953536849854486,-0.8304328482388342,-0.36272032807972626,0.5689286985851241,0.3269046090583644,0.32077244846386477,0.7045993602656471,0.2021730894578062,-1.0918683815450243,9.419591313670201,-0.08125805852778598,6.031551214283201
1652,0.7958701431377487,0.4624461279497207,0.6274899233294255,-0.24973159428902542,-0.01132003191432861,0.29141983570494573,0.5893742434409098,0.9818502507950607,0.09222263487742222,3.184835291435904,-0.14111558322794032,-5.454128148111216
1476,0.7977628729884532,0.6448532787857376,0.4440553256179445,0.28944605097738996,0.07324903878650087,0.4057956349293596,0.6869292931403266,-0.3395344333895089,0.6706802744402663,3.4170200045434225,-0.05364522408502499,6.14021425625746
2686,0.6858302239543413,-0.22793787320680328,-0.15584187436726862,0.005058164460259384,0.06636447671917027,0.3543692571456059,-0.6351741686558962,-0.49618473727341633,0.19477469044607945,-1.4122042867524178,-0.9520847199853709,-1.5850114921924103
3042,0.4647510701577512,0.7093291452130408,0.4821858104367219,-0.2269857380406599,-0.31254479912888083,-0.3466368074114789,0.6213844661830565,-0.4631871490880433,0.37524019469490694,9.360012524030545,0.16671113673351245,-1.6844612440732596
2518,0.4327879469828774,0.37677013840709134,-0.14268361314698985,0.2956717019418443,0.14977750631317424,0.2878108235153682,0.5371734888308788,-0.6223280061793894,0.06677784984451067,-12.250201774902994,-0.1529747316921847,0.6720921860191009
85,0.5451427972382641,0.3999660240363253,0.5082517441876961,0.4431838047927724,-0.10248558520558489,0.13952501952228477,0.5601402106137904,-0.535119146627901,0.11170883471302356,-12.213156185235727,-0.040281432539948966,-5.0036501832352505
3742,0.6604431726476239,-0.937360687057573,-0.3165936403256785,0.08841740623903291,0.07749350883792923,0.37901008398907987,0.6338944259497761,-0.9384695993308911,-0.9829784796748132,-1.5927739784047843,0.966397389075472,-1.6272713467468172
2299,0.7950077348067243,-0.1274973197647002,-0.28912324169134274,0.26764058733837887,0.13927861140962475,0.14975242667843777,0.7046761889068606,-0.30183079081038827,0.09340650502476348,-1.4933252621075181,-0.9271032512981346,5.924011518412063
3122,0.833243464015616,0.45498303924082933,-0.3297050268160303,-0.2981526965818513,0.05389407216375613,-0.15716890263905006,0.725809243985851,0.9289846134295721,0.3298058104884777,3.267549733492339,-1.133048285892142,6.157094854499298
967,0.6933393045471873,0.5402626008804373,0.5998691318028652,0.005321545591079134,-0.31822551124224846,-0.44987685229019064,0.5958145556259147,0.24420385883998,-0.986871144548378,3.3233618436559187,1.0394447708138757,-1.658007564396317
2743,0.6018370568361158,0.36936200783148726,-0.13037921218264406,0.45023109811682227,-0.21577980832146984,0.15027713726259548,-0.6673302873499184,1.1048803796561353,0.3260801548687899,9.243431030630807,-1.1194328949935741,-4.942883256544255
3774,0.258475545319865,-0.3347250254707811,0.48396745659513213,0.3449086719901993,0.15630393577820423,-0.7744711487436349,0.5335746264536599,-0.7283904181330758,-0.9330467641941631,-12.190206158605902,1.0546294667349363,-1.4903429107848736
2498,0.8106155268587028,-0.32921583797631054,-0.2096274217072956,-0.0386080624195578,0.0638639784458584,0.4007696602924517,0.5458369367780845,0.25339435828795526,-0.934805763417664,3.308982784910424,-0.09347658090961332,0.8986054479292084
500,0.7424835503527607,-0.27918622551988714,-0.06215886358606904,-0.03899983390947947,0.11108157938949427,-0.25703716184795694,0.6273355228110881,-0.4546106873230088,0.22738726468364256,-1.642308356840787,0.9041427077960158,0.6615489425092534
3565,0.4141752194687527,-0.24102118996319302,0.38987097392686887,0.565050521292741,-0.0896158769116566,0.13945072861073476,0.611559838230158,-0.7670995641242384,0.16363410782348178,-12.270694371872569,-0.7157103951414323,5.833255276989228
1132,0.6790652277081245,-0.9492997511133945,0.5071567815999587,0.0013134571937186057,0.1372672876029495,0.23692421067236874,0.6075841034579552,0.2685993348296554,0.23408739715284374,-1.5240108094023528,0.9201117981886743,-1.6175119269549834
1733,0.4603495484796125,-0.6885188501148037,-0.47476453252193945,0.30528998128488793,-0.05838446789886818,0.377485181610633,0.506424782973862,0.2537277376126113,0.6898459931674538,-12.199664315041629,-0.18640162298368318,0.6377128358175435
3288,-0.7596140614390668,-0.8880212125984257,-0.11210616381275054,-0.17155472889762113,0.016797270794844037,0.36118060792870893,0.6248338517293924,-0.47801404276379394,0.14041187414953915,-1.302803739216925,-0.9698294372242338,-5.031201598916468
2200,0.4620794522418661,0.7253318029048641,0.5430734014818318,0.1936997159381627,-0.05618523299671182,-0.2123939887963979,0.5935230465783118,-0.8521060926133239,0.2697067478485764,9.448735908796227,-0.11617305586296083,0.5859398804516146
773,0.36199042095872985,-0.7308042462645241,0.4383959517096412,0.34865500210175376,-0.06114613151772562,0.3746433237048213,0.5312131989333967,0.2500585672114197,0.6962237019132927,-12.274035863030807,1.0360614782548963,0.6108496029348165
1935,0.5187417749682046,-0.7053263776860581,-0.036839187303166855,0.27290915861253995,-0.02582412199999086,0.1943187159094608,0.5970492760173313,1.1801805573394994,0.22656105169736748,9.425231579187063,-0.1348503232640838,0.5502016478289082
4131,0.6400135533000414,-0.27370927001203843,-0.18185611995958167,0.014211077605980534,0.1445208961037098,0.37514112681089584,0.5887951174387719,-0.916799050299834,-1.001576649814016,-1.7819211147281082,-0.09839634723658579,0.5835404170809161
903,-0.7680277963270357,0.6981412590421697,-0.39095783060753353,0.04768536002559905,0.08953899774524222,0.3938705697609619,-0.5356031801049188,1.0012094577855648,0.7612606537369425,3.394441941952885,0.994622586429524,0.8114951720454576
4113,-0.7765028506952871,0.5271803901884659,-0.35242230524241636,-0.0017087704328472976,0.07397859561259432,0.09572893673037838,0.5242996437207168,1.0394572197815668,0.7309881041269699,3.542630587847191,0.217759716533825,0.7995555644045456
3649,-0.7060060521000184,-0.9439120977493154,-0.10696967302061525,0.297548506666707,0.1632096416845717,0.4393633631654656,0.6990489749831585,-0.27542189390674765,-0.9705787251059631,-1.4970350114154638,-0.9607521548429433,5.981670239784092
4369,0.7175945431177345,-0.2810044393090319,-0.30047033415121205,0.014817192097193108,0.16159009904284952,-0.2149024975475285,0.6141760733590063,0.19007272477110418,-0.9830982676206033,-1.6933687608317927,-0.046899280645103354,-1.6047551325231122
1011,0.6154628061568184,-0.9261793288555985,-0.13032023231195436,0.04990440897890978,0.13589103950521153,-0.18614829383215722,0.6079173516565446,-0.8926760821089268,0.14263285445850027,-1.6473722668896302,-0.14882168353389275,-1.612542515788805
1691,-0.5994493451399974,0.6625823790383399,0.07848234745548566,0.40222715805766085,-0.026940274766729905,0.2613831509996928,0.582633455482867,-0.8528836913104937,0.24531990629802833,9.244269170212208,-0.16445164677634885,-5.000757701294969
1165,0.32670470232695303,0.4077408066479788,-0.4499195797973157,0.3383084988757901,0.004969011163354953,-0.7652993537972123,0.5170118018246126,-0.6942394419730942,-0.945696810940981,-12.176521278010075,1.0577570970322816,-1.5217979609714434
561,0.8220508828726588,-0.8903542593250512,-0.17602609089050156,0.23558514848259815,0.13239206087443853,-0.2336305064330398,0.6562328425279272,-0.4917366308623946,-1.0704806755598146,-1.488470370764909,0.9297592700709814,-4.971586919685474
4189,0.7191358780103904,-0.29938403102551103,-0.2930272352384305,0.0634201830704914,0.18081195833790384,-0.20980471289211888,0.6185186411858276,1.0924987757853686,-1.0142201676855878,-1.7197743950588378,-0.020759229713887578,-1.6202061902080938
3671,0.6070662613735712,0.6030850089118291,-0.3699119019477962,0.5448851370092057,-0.2910388374290479,0.16282424856845376,0.697500746584634,0.1864545177058791,0.18826629013030233,9.437991968077215,-1.0307993680903744,5.94026738309902
452,0.7880809349372154,0.5211198862164442,0.04346349278894255,0.03570245903056082,-0.29996033484364093,0.15512002846776984,0.5922113749549841,1.040767305283493,0.2422885420850715,3.4475336993809544,0.9914257916144634,0.8355850047585964
4044,0.36506384059138686,-0.3774044030729117,0.15278981230042174,0.2880829772817531,0.06448125512180149,0.16523018603155198,0.5404269909874604,-0.42955548298021395,-0.9428627190842872,-12.27507845162805,-0.15454270652750138,-1.4513408599093751
2628,-0.6980592225677466,-0.2541648478206532,-0.13966607069482154,0.02540775708576068,0.07184265533999834,0.42058842020552695,0.5812749305980502,-0.47698573873397415,0.6421581279256214,-1.3847929709367957,-0.893640486182204,-1.5845104972855695
203,0.5075796451852286,-0.644521703932679,-0.5356419886217374,0.5108511083351845,0.1980749364060454,-0.559285576219076,0.5319401769375759,-0.6964170614774495,0.17376519211996583,-12.167258640931067,-0.09562479176224697,-5.009395627771379
3521,0.618274501391768,0.5759145370618974,-0.3650077377381388,0.5569594914359584,-0.28651764754488435,0.16295372222908694,0.7034897772862153,0.19310915890287936,-1.104219022592244,9.464137164125015,-1.01559427366146,5.9611307421927515
4245,0.561887098593595,-0.7665993990486716,0.5110614455709721,0.4416749585387285,-0.0234374905005226,0.1535348336043117,0.621709886629727,0.2756836419413841,0.6215511660576564,9.172254907606687,0.19758328278308984,-4.895266657887174
2085,0.6858693492966065,-0.32897005723110295,-0.11490373531176755,0.349625092778845,0.24225929643677424,0.16440363306056766,0.6272539327020239,-0.5431777739660257,0.33855697446501415,9.244320653500095,-0.16480073948806942,-4.949597923371413
1908,-0.7337289182080062,-0.2721492366305379,-0.19317285141506013,0.008542620592261586,0.07342431072315785,0.36655138879050736,0.562370528837035,-0.5239444439221863,0.6481028636508994,-1.5011286551739158,0.019905052562365116,0.6902773915015739
677,0.7898349278756297,0.6816929537862507,-0.23297643782120528,-0.05376258077568521,0.17402055088694668,0.17927825129321287,0.6214789049252665,-0.4734818037066347,0.22792100537842583,-1.6178072393267167,0.8981272966005074,0.6715501353492495
2973,0.8732613669396823,0.44962099645631515,-0.1262511893392241,0.18760889103759526,0.06257564040528157,-0.2580168246857543,0.616330274179845,0.3731473347775858,0.8335322198275327,3.579332329959642,0.31199717703913815,-5.3339180262785115
2260,0.5533866831915767,0.6157147816657828,0.3914067592162485,0.5131971781883122,-0.2897306923819811,0.3168038417458962,0.7258231516638418,-0.2817507032708962,0.41677431809385324,9.43103550498375,-1.0170262701156338,5.935814807836481
2814,0.44145494211951514,-0.6866027610766888,0.14962282002037827,0.2642622064221328,0.21635554240846294,0.10316195436833472,0.5580818137010264,0.2522591158260724,0.11224280414071686,-12.16531133979224,-0.7325235716994317,0.665522018176394
2586,0.767772306499799,0.5158290428428465,-0.3231536443794842,-0.026523055464372624,0.05901946397241327,-0.22446798953279687,0.6008298502728207,1.0360297641998384,0.7129154460800631,3.2356017431461184,-1.092313943821533,0.8432007709592082
2186,0.4785704451926108,-0.6577634800611819,-0.13223684286082285,0.2738107511748678,0.03547833893805442,-0.6362497141474985,0.4992850784077595,-0.4848973387768335,0.1368907771069475,-12.202401206014995,-0.16242031212605945,0.7021623108480131
2977,0.8959823039640594,0.48576215214971274,-0.3795620131200911,0.13687245743505289,0.04198395226363781,-0.20896193717025874,0.6127030804317621,0.3839938700782006,0.23838979412179728,3.4805214624806693,0.33575328843868263,-5.3560785514805955
22,0.7721502765344969,-0.1705983923169272,-0.10714561611219113,0.1820771924571196,0.12662771000704778,0.10692078417867368,0.609571692964804,-0.892774733399238,0.14195165604633106,-1.5623652384165434,-0.0029712806882484606,-4.907674869361986
2466,0.8807812855719427,0.48015738349840614,-0.32000193209017763,0.315218665684409,-0.3078109774616357,-0.1511950443677446,0.7023832116388972,0.9753104071620862,0.6197814626821162,3.3756399075356587,-0.06069110892823134,6.168362264789331
1583,0.5316568660080451,-0.6846392758097287,-0.4953918575375143,0.4766885240947881,0.20848998174205613,0.07849722177817323,0.5820225485397795,-0.7042115127430463,0.12227596801421936,-12.047095814702672,1.0717038753305153,-5.088779013837925
3278,-0.8432495230414456,-0.8446632766445952,0.6681256870395827,0.20216629270707195,-0.24235560467799802,-0.20959777686391354,0.5295224828709353,1.014581101201869,0.15090612388902264,3.060711659009946,-1.2395640167654183,-5.407213142921365
3431,0.5812406872617832,0.6090137251739908,-0.3648340306042984,0.5601828943773683,-0.2923935039072166,0.3549922852379709,0.6953175763082698,0.1731612404764623,0.19846332880478657,9.430390125692746,-1.039169444660335,5.9644423578399985
1766,0.4785692655331571,-0.6577673076340561,-0.1322405355638675,0.2738098421232499,0.03547470882351184,-0.6362538026862445,0.4992839932342992,-0.48490061083936503,0.13688713527067023,-12.202405527437621,-0.16242421604480667,0.7021587499792993
2472,0.591516798218765,-0.2314973575455644,-0.37591948868474934,0.5715402018029035,-0.2638941430021127,-0.14180149422406998,0.7293372764883828,1.0850988423792385,0.2572497687623619,9.4033211866571,-0.09466130610660492,5.971452519344091
365,0.6980618603242056,0.48410008794764975,-0.21305981359365234,0.05722638333670124,0.09331364190523943,0.4106120952683938,-0.5799131196875712,1.0511478833650119,-1.0156840644523981,3.5184225866159338,0.20940442467943077,-1.6053054544814647
3062,0.8217152976339914,0.4771396066881477,-0.33574818357006425,-0.3111762785245132,0.04929690044488375,0.39058639912809423,0.7135267720295727,0.9318091758866048,0.31443082807346456,3.2488782218364944,-1.131864903672787,6.158833775766949
3635,-0.9560958520679654,0.563438313252345,-0.3837096229831483,0.2186634218878546,-0.3652057146811855,0.07020243472598943,0.6262695566384724,0.9077252319289449,0.3048965796813234,3.1937687572886677,-1.2035636564026464,6.1384732965039674
2799,0.49689545051686596,-0.3070756882236743,0.04067524898549846,0.21435586672577564,-0.03549822732860908,-0.21419021751395634,0.6058410433287448,0.14902547458725013,0.2165153715585015,9.438530486166918,-1.0447420805028882,0.5871833266505421
2083,0.617784949169673,0.30615748713649554,0.018845618372094454,0.4256825701729396,-0.20782946601741797,-0.27382120005746075,-0.6834284164461707,1.0980238584911863,0.3065618385031392,9.1984427170265,-0.19771405287153057,-4.968218430762033
2818,0.4342038718115784,-0.7004046302804713,-0.4763754270884163,0.27634160378630546,0.17206767588393523,0.10350789113138119,0.5535632822379557,-0.655043385251243,0.09565091423046676,-12.13385080932996,-0.7499264384591134,0.6564175628581759
4371,0.7328709018947317,-0.9258363611810904,-0.15676668739808203,0.0271001921424584,0.17361990013238715,-0.20029441264678888,0.6549363343869454,-0.48403255752306923,-0.9567103155412269,-1.6903907974807273,-0.07824942158396278,-1.614670517351192
4185,0.4444489335631923,-0.7932604354549722,0.03911309313034179,0.32223555615431804,-0.09380356181624085,0.2900724107343842,0.6131681044843298,-0.870882450669166,0.5296692423372796,9.348205723055097,0.13843262615492954,-1.6145587263441505
295,0.4051425211474526,0.383350801362038,-0.4937889422556114,0.295355660758735,0.010205308178687401,0.14788163327402867,0.5004502358362067,-0.6407374507339019,0.10923448842014988,-12.396548665837992,-0.18880510534566233,0.6330223774267127
2102,-1.0323142166815709,0.5968885840419498,-0.2513350220492517,-0.25015594583990614,-0.2510070881968368,0.10946996305130333,0.5079463518739435,0.9015058953388438,0.7319498714012409,3.161563948694894,-0.1539964653056764,-5.408141449120491
2959,-0.7189479754085932,-0.1716604513308074,-0.10534912112154302,-0.18504434505959677,0.14994633259971188,-0.2880736907163531,-0.5763065234415647,0.36458210777627875,0.7242020659716059,-1.3428952598032906,-1.0139640338835947,-5.040499934208256
1953,0.8508964927135723,0.6855609740380547,-0.34246193742134284,-0.10103549103386737,-0.37406651078566694,-0.27279477232710975,-0.5727313385168081,0.246365778900246,0.19972643306362117,3.303550999837043,-0.07360993492924466,0.8478429719029653
3962,0.825431606133304,0.7000771427929069,-0.18077719096807732,-0.018887377951097448,-0.32742603324809805,0.2006352640973836,0.5486737203003376,0.26508105389367775,0.720791924269767,3.5411527355937693,0.19450288586037057,-1.575439387619494
2420,0.6274499811759868,0.36602064983991944,-0.26164912805815926,0.3340167424176418,0.001425507492971423,-0.3969560246844133,-0.7101702967576371,-0.9686866800581433,0.5718676113447657,-1.5545189764622955,0.11603682563690011,5.903538043722408
963,-0.7449955479360477,0.7252347766933342,-0.4076342481945702,0.015579353987974706,0.1226065258348255,0.4277321942148519,-0.5296250453112465,0.28670563679043326,0.7363049449389026,3.268581108486684,1.0231535069059081,-1.608707728010019
4331,0.5161392670440363,0.7248415457513171,-0.3782878184644852,0.2753483321849571,-0.033676250241038395,0.3303557037456966,0.6063532829151439,-0.5142742457044002,0.5269962944329415,9.390960772079222,0.18596708383407487,-1.6258582771167627
3790,0.5960496434636835,0.6662164222338477,-0.19169297956853779,0.5558618196971744,0.35879940790764087,0.31000595029370637,0.7158940526766512,-0.33268409516176367,0.47998241878658277,9.438076462602838,-0.10661491413303589,5.91205583606544
4240,0.6159950596947984,-0.32247517829133965,0.11400946122878217,0.4311053568841493,0.23751064756328383,0.2955474360558907,0.6271722225267149,0.2578574671950725,0.648924910172806,9.190600860872939,0.30065329347310227,-4.89219340888099
545,-0.8614587271166033,0.5262584831889436,0.7095657045459128,0.17756673921510174,-0.20690601268733183,0.11716839501829551,0.5634474024320697,0.98680293286582,-1.0855957778752858,3.3005878194122173,0.9607985485471914,-5.384479247353481
4048,0.3396061019059506,-0.3910351621986758,-0.48964810259452207,0.33352612637336804,0.0842715883058503,-0.7373412303905977,-0.5477401742232265,-0.6583569704478838,0.1200911656452998,-12.287277776157644,-0.18900446887986413,-1.5010769269621194
674,0.5206331603058537,-0.3195868943837203,-0.0014166714866373253,0.1993536373205612,0.27904030169398686,-0.21931456779386282,0.6128196755566916,-0.45738789830530013,0.21687326029834053,9.43773385840405,0.9538870595467058,0.6071703009705087
3627,0.4461412007265509,-0.24020917435503059,0.051974271830894,0.5528229135777739,-0.10408099923001762,0.22395697491529631,0.6440594390578567,-0.28043388383173734,0.1504332695026369,-12.291416991412605,-0.7196149642181757,5.776787156557403
3568,0.4787258624679163,0.392505854026399,0.3540821440064087,0.5348027561844323,0.04352853996578906,0.1609327293587257,0.62617909466779,-0.3478370309317077,0.22896824747018862,-12.26879228000715,-0.7078400405702754,5.801704164108908
2739,0.5672687380958445,-0.2750844787951392,0.07300115579940039,-0.4506537009381895,-0.06106631637708324,0.28191492628215564,0.6353468519706027,0.2409487155436745,-1.1475165831023442,9.22742987357572,-1.115409195845809,-5.035496419454703
4148,-0.7112820859311492,0.5454163807297598,0.03142295978214005,-0.03451628865351437,-0.3414749312719016,0.4386552116841313,0.5551329283479793,0.24598866237141762,-0.9394421473538429,3.458880719929679,0.22202129550625263,-1.6029592264410912
3943,0.5761977041255463,0.32483275733282513,-0.3359455154525203,0.5882618344955701,0.30938910360755184,-0.30963686709882926,0.7042778804918117,1.101809671172937,0.2225274604907197,9.414203993576105,-0.09694565139441212,5.961754600875709
1932,0.5194617283437378,0.41195852464907384,-0.3064091158038902,0.265790090712697,-0.2706247585648538,0.26789777608439413,0.6012890180473031,1.2217825982544865,0.20997141640317443,9.43019906231427,-0.17818346963654802,0.5989420520657728
169,0.7216013340749585,-0.30897709587062927,-0.27793951409839157,0.04586001303689433,0.055553554307534975,-0.23019646125393034,0.6204674765372827,1.0897670123387615,-1.0236217093574342,-1.786692466607534,-0.07412992299735348,0.6311312851664951
987,0.4071714189370416,-0.7171529491775972,-0.49946596576562113,0.2932192858342497,0.16659908875967866,0.1538375946175241,0.53001733181175,0.2560157761485673,-0.9098530927069465,-12.138686982654594,1.0858277426532073,-1.4718438527019464
4318,0.4131633023807939,-0.32051289080103956,0.5547416402510931,0.5127622410820641,0.19049602265094784,-0.5902333685545275,-0.5357682407376643,-0.7288323379843067,0.21168117259512337,-12.241233254175803,-0.06693555087628812,-5.003719769948092
3220,0.5644082006337473,0.6982109370097648,0.09593490655865336,0.4073571048555507,0.2618280169883333,-0.26708864794147824,-0.6504052390864705,-0.8929039556652258,0.28337089607528787,9.240833113048119,-1.1700758378274014,-5.019323789004685
2587,0.6236353069926314,0.5033785255043932,0.6306481134346207,-0.035896794485588475,0.05107444467462763,-0.3739019802261283,-0.5496475178397029,0.2714864001636211,0.11294725025915389,3.2553150303666887,-1.1464045200834612,0.8693832100070765
3426,0.8102718231394673,0.4993165218792213,-0.3161805827148415,-0.3217399908852523,-0.2918429660169001,-0.42184559258562593,0.6830263936736832,0.9537890847037769,0.6217711321431617,3.299057060856441,-1.1166117460059892,6.14867689729833
298,0.35728435440623285,-0.7063796294875633,0.5030200055939344,0.3464919274148075,0.15742311042113705,-0.6691871926927747,0.527605777118341,-0.6865631052980018,0.09117620427591978,-12.373195408430464,-0.21481159778672626,0.6314541311594957
107,0.6412137212450781,0.6622016606332927,-0.30670684431066597,0.051090866460094655,0.04882971254526943,0.36644809005492024,0.591931908615227,-0.8684083879090745,0.11695335618602697,-1.656326189877233,-0.0737991648370536,-1.621361371961437
2509,0.6278252497579276,0.4510808443146716,0.6308394514023925,0.039376553717402056,0.09651537800034418,0.25690630635346406,0.5795841638462118,0.2536795785300191,0.09453201093404116,-1.5574400301641216,0.06097924988455405,0.6714642465024524
3978,0.6826790941383128,-0.243899243124372,-0.1385420454647263,0.07372216143705451,-0.3135874244717103,0.36932083738113947,0.5987003134067896,-0.8477432742571362,0.631130385445241,-1.6566875739448226,-0.06738080785898809,-1.5912739426417275
4249,0.7901477725062046,0.44177937667611855,-0.31799359883120537,0.2510606069528476,0.0820473770144056,-0.1862789333813672,0.6384766642799895,1.0862253948554204,-1.0999262386841748,-1.63668294131556,0.03162536243791479,-4.944935303341187
2907,0.5114720712061351,-0.31333147926904953,0.5149197061925741,0.42508249424822203,0.20012896371989056,0.15138136343769465,0.5402866262985484,-0.4677582879360964,-0.9499318013666938,-11.98247792567356,-0.7928785101211833,-5.130202052039798
1071,0.6155394013023664,-0.9259327192028153,-0.1300866536588597,0.04998500529814749,0.1361114335439467,-0.18590463767891646,0.6079930976727472,-0.8924404312402556,0.14286323810619428,-1.647143229985936,-0.14858540150766422,-1.6123093400766535
1999,0.8042497637425686,-0.2572315021162056,-0.36258568993993934,0.2530327127564957,0.07892767303809205,0.33869605797834407,0.6229594906389911,1.0642638099475736,-1.0755095887597657,-1.6415840464630913,0.0527150039730596,-5.003888421118715
969,0.4692341117892272,-0.8036929974171796,-0.0965459826389359,-0.2590449358652736,-0.32338866347621326,0.24805655294208362,0.6143925864882688,0.16317599065494634,0.22711210024762346,9.38931620613062,1.0082689748563471,-1.6603972436469152
1748,0.7710336300281311,0.5077457691486336,-0.018923955251529005,-0.05767274700184019,0.07905335928200732,-0.21556198217574193,0.5833262994485412,0.260971172375388,-0.9851503577455741,3.3417738622835964,-0.08000961319003091,0.8548983485009678
4015,-0.43986734741418854,0.38725564931220985,-0.5521025410745821,0.26801066792671896,0.058786376194061976,0.14673991981531673,0.47984012848870095,-0.49716924139943963,0.08085067449901943,-12.24666094882577,-0.14408343347038718,-1.5014764180211557
591,0.822169423704842,-0.8898561910790052,-0.1755175100890721,0.2357068164853993,0.13289677916016765,-0.23312148443503833,0.6563942131487167,-0.49124571008710854,-1.0699518806624555,-1.488011935038229,0.9302347734548724,-4.97109671640463
1186,0.7323003779960536,0.44692444351465277,-0.16295008805521047,0.31787290761981307,0.16684614151666657,-0.14715428666461317,0.7585675185633465,0.26884729911820787,-1.0474186910395777,-1.6541928095475558,0.8773701450107838,5.891358506642997
3784,0.8223353183469516,0.4758395317113605,-0.07219343516499865,0.27128892189941606,-0.3327121134364914,-0.42484541723254815,0.6627014957575104,0.24724058759454035,0.6304753648826428,3.400328189445081,-0.033013218406596066,6.108741078302867
1221,0.7464728825924062,-0.16692581223913183,-0.1857333256391338,0.354949903412343,0.022106642674760767,0.3922503517848613,0.7247006048735856,0.9836871967499861,-1.0947249184753263,-1.6717067424556726,0.8548496110627779,5.864357513513099
3068,0.7813471109853838,-0.9439389906708674,0.4495947359331118,0.2820442405485932,0.09542013451179399,-0.45967307754939907,0.6568832141198405,0.28295642066575655,-1.014682449544008,3.29505942047596,-1.1345935391577715,6.199859060721088
2361,0.7566168286481848,-0.1466863569172192,-0.23804561344785694,0.25831504504274905,-0.0053670241330404924,0.14982215037497548,0.698095130390795,0.26231488403769504,-1.0439162534318582,-1.5300314412194613,-0.9221366270769071,5.899020292616299
2568,-0.7005994584954041,-0.28587868931074634,-0.11725727029645669,-0.03708325836418137,0.1318714872549555,0.3421508657737606,0.5403557735587899,-0.8467643528202369,0.17448554742608574,-1.5111766876615147,0.04903136432461165,0.6379652723214669
795,0.5046823922691213,-0.32926789399383327,-0.020678802852892326,0.21232228257202118,0.2980423876168194,0.280578179375247,0.6081750502832727,-0.4621044791392162,0.2056549510880969,9.436555082546118,0.9547005342200627,0.6058791190499613
2442,0.5916657201285577,-0.2309955576180295,-0.3754590392854051,0.5717628957777025,-0.2634055159025401,-0.1413174002958908,0.7294882890492119,1.085573661397745,0.25776460474857166,9.403804038516768,-0.09420441665575541,5.971955836381142
4336,0.6801286712628053,-0.22304844623371442,-0.15918046663897645,0.03873797725188563,0.046478248954167294,0.34804011283306957,0.6213850363601052,-0.857626856249329,0.17163064137895254,-1.643313027087754,-0.052969873707298595,-1.5947407962595772
1708,0.5475456457918795,-0.6563806728011544,-0.04339619542043379,0.4981487687355798,0.19584265469290876,0.07549099808438244,0.5580923702354044,-0.6661408812377868,0.7189463303422233,-12.020016205110537,-0.17108676935482328,-5.104660226943714
4344,0.33631032275620315,-0.3465707203812475,-0.1029686958782012,0.3482971582132208,0.145785999569214,-0.7638626541664786,0.5108761671975257,-0.6584265972930148,0.1638324356111031,-12.28474291065095,-0.18303725116243771,-1.4923724818110422
522,0.5135575807864595,-0.34731475319708127,-0.029449179675870664,0.3292766569075376,-0.2816167003761322,0.28294710472347234,0.6284081708098603,1.19751247958935,0.5635089408756658,9.421414770970928,0.9777111313178816,0.5816901414192751
626,-0.5114864107614169,-0.6799770151579381,-0.04902236341345366,0.48977530327161556,-0.056722659248075916,-0.5878854831683731,0.5092082655236626,0.3434752657003906,-0.9863532797190134,-12.078956299039087,1.0630617580430786,-5.068950152002546
1998,0.7887390619477762,-0.8785330406475959,-0.10438577134646868,0.22479816726263097,-0.19446548465988728,-0.22404931777127374,0.6202005075313684,-0.9008845044845659,0.13016790100546852,-1.532423446219388,-0.0001752671221016342,-4.858093110526917
514,0.785511634769995,0.7009330793455308,0.08736661026993038,-0.0030896133790548814,-0.3018945360670389,-0.33749238779439594,0.5738216946692453,-0.42818686099287684,0.7427256559632618,3.5050756071585774,1.0441269026093145,0.8536876855549337
1420,0.4568420730801592,0.3608969570355537,-0.07902487872904546,0.3476693873982803,-0.06908946582987258,0.2071241614586264,-0.6314464064041043,1.1827502670136625,0.5790087039818063,9.455620289149575,1.0059912379685931,0.5626103811625209
3273,0.8607947966592114,0.6338786816560035,-0.4525243221100438,-0.20550090973623952,-0.22576148015600886,-0.33969890271698505,-0.6308463704475852,0.34016730575085274,0.775709505240366,3.15985064595489,-1.2338254566859015,-5.459646107964842
1995,0.5098280526723136,-0.7564560071903135,0.5174752875475244,-0.5291297607872567,-0.035919627791349405,0.2466404272257454,0.6386287692769991,1.1335727814082044,0.5925475403489349,9.159519853927117,0.25074234828292075,-4.911755535763119
2078,-0.9352791718438885,-0.26773829421925793,-0.13889185881078855,0.13850551347397005,0.06871391134871585,-0.2601942872127915,0.5249881203985937,0.3470121613255087,-1.0538420333865155,3.158222641313758,-0.11600115928030638,-5.506517563619677
1548,-0.8129417682222141,-0.2319708789123668,-0.15465730375186407,0.2919471219751927,0.036691945145653986,0.3555023141202707,0.5871766336079333,1.012990686886332,0.7545224691917878,-1.4245875922663134,0.8863966420118482,-4.980600277237976
1494,0.5169225580318558,-0.23432734293426905,0.07812053945699027,0.5373503373701776,0.18819361541691496,0.2083047502678905,0.6444825442813221,0.25199635678221355,0.2113860188410361,-12.31728352651585,-0.1188273140338224,5.835283510605915
772,0.7379045618402231,0.6855084856610875,-0.18417022770512112,0.02142161537621716,0.07758007574308667,0.18027296097670947,0.5847081289514003,0.252408597031052,0.6877290765028466,-1.6236986177021648,0.9364522525530833,0.6040961454821382
1306,0.6210498519571862,-0.21132004040346686,-0.07769942429162817,0.09495031704507155,0.122818922869807,0.38192548976682683,0.6103519165422969,-0.9077580291257924,0.6437336121696399,-1.5578010734806464,0.9700665466959587,-1.5825076705795393
1946,0.4356494031207548,-0.6747781342362339,-0.11616296958910922,0.30509382377522815,0.010689070454148316,-0.6545295575214021,0.49649495141928535,-0.6456817791682613,0.13066221980939988,-12.209215559693293,-0.1615607037682918,0.6694558775030504
1032,0.44234668897188195,0.39519991330174814,0.4850086341992212,-0.2316451803579019,-0.28526164494399847,-0.3417168559744448,0.6371520877075106,-0.4824501565928566,0.3848303844266619,9.356554336112048,0.16584024789255566,-1.7033424292662827
3748,0.31806727612713337,-0.3510829604138635,-0.1202174521923057,0.3481727916520674,0.13113101690330464,-0.7497307756770638,-0.5465316850803067,-0.6990986700872923,0.10900715823215366,-12.200970520366877,1.0377445110893497,-1.4652951703944819
1348,0.3066726164941824,-0.7452301229964016,0.4348324106481264,0.37128673198131135,0.182735512656043,0.1355114683063232,0.5638131568785038,-0.7197479142540911,0.6350480119696644,-12.144165854163479,1.0521103543396193,-1.4410883727565882
2927,-0.8050041311592286,0.4705741083151296,-0.08011139430754641,0.11609247301702924,-0.00889338789427962,0.12137207657854787,0.628048785766025,-0.5088835967903814,0.22775463298997314,-1.2900083317370783,-1.0064516388618108,-4.991752655192491
1524,0.5167527532722986,-0.23480095748582164,0.07768654019346842,0.5372185283827782,0.18774124237123896,0.207896824441367,0.6443459989839511,0.25154884946134376,0.2109463806203395,-12.317754898572568,-0.11926225401953021,5.834822106228377
272,0.7518872532836075,0.5188260784054699,-0.012251102821820957,0.0016081997979862487,-0.27520509210386895,0.15462450266405933,0.5654008218766129,1.0375978354394206,0.696535311469658,3.661354241607483,0.14870031557209665,0.7921420643517496
3512,0.8366549199797522,0.4791283674585915,-0.3221413119985851,-0.2991335262438186,-0.3226999755447079,-0.41297399942394436,0.6910528530939407,0.9485500111132604,0.35220516794833223,3.2494603519364325,-1.159290879189016,6.1367306115688525
3110,0.7162514120380307,0.377630985616636,-0.01840600324144841,0.3376241244307072,0.1024921416386984,-0.44478811514680155,0.7030811765278299,-0.9628614112911429,0.5863733336717636,-1.5272613119187541,-0.929577793887772,5.924904864578805
1867,0.8463897697496504,-0.22143445171865062,-0.05706278527594199,0.31674376127683695,-0.3173526829740581,-0.3854809770393475,0.6455567529682943,0.969135189444946,0.6416663219013359,3.3964193833661986,-0.02422339782789214,6.111788612922806
3725,0.7264497298609383,0.5151560277300209,-0.26796818188649235,0.06892101826722959,-0.32089029370043953,0.39413575050116667,-0.6007072856444907,1.0523063990838224,-1.0268144855865413,3.3476393293564906,1.0192146927848171,-1.6217632743779848
4278,0.8397799991696976,-0.8860943104428555,-0.36412766470857705,0.19966245941411767,-0.18896359034032412,-0.1832137811074636,0.6422220122293321,-0.5161700176476434,0.08920511836726518,-1.5404073937948193,0.023092991786663648,-4.897649415707557
3879,0.5953034033514747,-0.20008834631938116,-0.19337590594439505,0.5116817789334801,0.293725446616497,-0.1561578156871355,0.7180149482108885,-0.3146914562540725,0.2497305455990066,9.435876168302846,-0.09493459873843829,5.925097757037069
1458,-0.7569626948151318,-0.1557111468439973,-0.17013161161413165,0.29698200791934976,0.01178009492734452,0.3858319250706156,0.6650597798023206,-0.3111517901734367,0.5617574483040865,-1.5070909465004765,0.08876282078614815,5.915827846516914
722,0.7849166698890891,0.5078296567855052,0.029035210052290275,0.013106461655994018,-0.31463545709593826,0.14190738604968997,0.5875632005391519,1.0273602725161588,0.2292292398516235,3.4331752764615326,0.9773833724276948,0.8200410931843355
3597,0.4477632392104131,-0.2772365279342604,0.07857660821960447,0.5582228697538039,0.024081775073304227,0.3667614568355883,0.617846211221413,-0.2733471413006716,0.12956587628641,-12.267139820329986,-0.7250389757894695,5.77346457070176
2936,0.5293681984122414,-0.6222610185419958,0.14430856349456397,0.4679570099039867,-0.014343711877902603,-0.5844224543904062,0.5166333794873398,0.3349032365063849,-0.9989090817231465,-11.961725821686462,-0.7808881086305302,-5.059799065342981
348,0.6739366323784036,0.4932263759210748,0.6214236221174981,0.00731194793758939,-0.2875123050588895,-0.27909176039090944,0.6588544512831442,-0.535017403861863,0.6171467561827639,-1.74775144842776,-0.07498273976584995,0.6303604260967577
3313,-0.5845151855115318,0.3865416550165241,-0.13386767952663647,0.4580808150959369,-0.2072347077056083,0.1481995289685487,-0.591928772615862,1.093426016784149,-1.1469857562023016,9.298624926651343,-1.1134845283673225,-4.963677419235508
172,0.7462843423836744,-0.2778605792734987,-0.1983153955348005,-0.013339821235573673,0.16083043944590028,0.1611371828359148,0.605512623997522,-0.5279773190962266,0.6435641659228551,-1.7328612629533375,-0.08915567338286308,0.6271871119240839
3808,0.47784367764131663,-0.7548893482048973,0.06989244067403992,0.5885117677043727,0.1712878776334147,0.1175008731010556,0.60684442898669,-0.7562519837585898,0.5570390573961139,-12.283125853694049,-0.11077897452045736,5.8257578065956075
3836,0.4935747671806979,-0.7387060022341677,0.08930362078062097,0.5706258964855473,0.03208491652580005,-0.7202183019682888,0.5960498086554161,-0.3068707112240189,0.26047451312459685,-12.298537708197586,-0.09445421851217722,5.789713146052362
1449,0.5873612909967284,-0.22479039389575078,-0.21071202946906734,0.5272389095086941,-0.07303593423957398,0.1718563948922881,0.7230694520271786,-0.31574097148862174,0.4538379487892376,9.443010102689268,-0.10161340727236182,5.907982657140397
1278,-0.7261746587608264,-0.24870575626660743,-0.3290433158023199,0.037620742003659155,0.08816577126991494,-0.18737196800775022,0.5922738510148164,-0.4549601094202535,0.6105878301859848,-1.5128762718342617,0.9224634221948093,-1.5981595727944287
3385,0.5056313627468022,-0.3488087960262559,-0.5293722822244005,0.4849765698607707,-0.07027115397858635,0.09396775722574316,0.5726221129818423,-0.657989742331393,0.7674862047587231,-11.985081401594206,-0.7872197228812958,-5.151881666832932
4198,0.2784658510545029,-0.6966889036810036,0.47799567562403716,0.37887429641437376,0.15293411359059467,-0.7573135235594317,-0.5223673124558611,-0.7100055885695438,0.18164131903898098,-12.268356938588756,-0.21776294985105418,-1.506571383663525
2001,0.8004630349095141,-0.8837210580507936,-0.08186298339048328,0.1791135343525073,0.06558543886948397,-0.29536998931042685,0.6393223334654095,-0.5013774149967903,-1.0532569612958105,-1.6254696725725528,0.005226670982445801,-4.931667465431581
1162,0.6302794414457886,-0.9402284711378642,0.5476384220521049,0.021515112075839362,0.11049818244811196,0.23955973509928521,0.5857640218555683,0.25746490909444025,0.10836087698522973,-1.5156832303836223,0.9278280461723105,-1.6214318982711544
1822,0.7824048613744164,0.42334286836836066,-0.21362508225853627,0.27410141286974926,-0.008162455460203614,0.11414390290830997,0.7117654668957701,0.9857625296595717,0.36579243346541584,-1.5474035925344118,0.09429272536606384,5.882918498252459
4153,0.42354649511181125,-0.75508244655603,-0.14648642154815272,0.3223234505658077,-0.05945584581046219,-0.1636546662570778,-0.6211192404073498,1.1310651435229038,-1.1080515401797164,9.379219433513757,0.13033220456761546,-1.624319942988252
1452,0.5988168336840743,-0.8118874358747667,-0.3691905973942811,0.620922204865314,-0.26513841518907905,-0.14172381370151732,0.737524511760843,1.0863591267410857,0.43840494626991094,9.385464090636056,-0.09439463792496662,6.002092597408855
2142,0.5937793467403257,0.6552104054356279,0.5206095896703233,-0.4275626237019083,-0.21482060248757948,-0.2935458318998405,0.642114581412277,1.1028929689619087,0.31141099001921874,9.187728256811134,-0.18313524075313697,-4.99252736315156
1662,0.6085340412943363,0.6558972454513137,0.5199461403487384,-0.37656104452522543,-0.2097076578190964,0.24218979218233772,0.6374646233122434,0.26990630235469504,0.30431238741644484,9.19726557562368,-0.15665314558994756,-4.979561031642789
4235,0.8615048945816223,0.6126374069574106,0.6458022413468772,0.11235487196689804,-0.1934139341660345,0.16127406939416417,0.5625007223700659,0.3653419841156801,0.05726828652564665,3.5392290188143365,0.3150466879834826,-5.2912048877513405
3822,0.586754617214858,-0.8143425633495299,-0.3586153439795389,0.6269975206333359,-0.27099205607838195,0.2952450862704818,0.7265025218286191,1.098083429977664,0.44226512018271036,9.387121699534744,-0.10711581351658017,6.00140895847584
27,0.5588327570009993,-0.6602804393564962,-0.54304277933639,-0.45142492760525776,0.15040202229707686,0.10364076187041206,0.5339087499023997,-0.4754975820253614,-0.9626091247603927,-12.156301703623098,-0.12890445338171821,-5.025426271619531
2495,0.7927700182120625,0.6163535553044268,0.627480499593999,-0.09572079709466408,-0.3380732454140448,0.21283171387773456,0.5390525176513791,0.26947817515795314,-0.9524549288349219,3.3288680202783665,-0.08558094551999629,0.8627965122251592
3486,0.8102588735508468,0.49927319178573853,-0.31622101736908126,-0.32180929011581894,-0.2918902524186659,-0.4218968032556876,0.6830108356432186,0.9537481815914293,0.6217262996062043,3.2990122802708695,-1.1166611508489903,6.148636881823924
17,0.6943726694119997,0.6285421805878186,0.6300749332392807,0.2395434943840316,0.07954647907608761,0.34682318927089945,0.6245349091507495,-0.909961483331983,0.7353167315644727,-1.6092462760733912,0.020876688168326378,-4.944923725971367
3933,0.818954385230739,0.6247484518830936,-0.3487373457017957,0.26263411572849404,-0.3720885578066099,-0.37220602154181487,-0.6465276168529251,0.26328615228299995,0.08662484436688686,3.3677238787297448,0.01764973983785343,6.146010896108143
1467,0.4681563666928854,-0.7276887866472848,0.07290666864246269,0.5609137838868703,0.19093792237349344,0.35893668734641043,0.6152314022463442,-0.2938661931927793,-0.9642610491300376,-12.277824855109333,-0.09310132049390266,5.801921692680775
981,0.677684698402982,-0.2455113319252934,-0.040416093480652976,-0.0067500512841292435,0.1379025441308364,0.19339572142488662,0.5963717662930768,-0.4164765008674719,0.10228669045034763,-1.5267877866625432,0.9144842184148808,-1.6118132151807913
2965,0.4954492284284612,-0.340122297327623,-0.5297279290317204,0.47713657289060507,-0.0687802461468954,-0.5960823586626044,0.5377480837028271,-0.6790852264024783,-0.9959963097155894,-11.985953778699326,-0.8158667311601193,-5.145050688684425
1512,0.5520047946344081,-0.7998989067920307,0.4184122486094439,0.5988340197288159,-0.2664603031304031,0.17184269147915684,0.7171290049447896,1.0926977039925037,0.4536557579333822,9.373109024025904,-0.10261437715465525,5.9656498873894614
2050,0.6268477492433658,-0.3233461246670095,-0.13686649462857337,0.4330131060284626,-0.13796414882976585,0.29085904495930837,0.6465205155413069,-0.5104204226774731,0.6105063185128621,9.213449256527337,0.29597854419892916,-4.850477952983626
3442,0.7659407456043665,0.6018139130307356,-0.16952061920544745,0.2809935694490239,0.18086702808058244,0.1477929526093608,0.704705122020277,-0.31278359478574763,0.5741200540912086,-1.5327604493704576,-0.9217378260123504,5.841083440497541
1791,0.6970153004382016,0.4645937622161105,-0.16244186210464132,-0.03538856280230005,0.031453415393444935,0.1826462021059442,0.5952028418089799,0.25447708839889754,-0.9816490962351873,-1.5640646638146751,0.05477532155408581,0.6296355083468261
3462,0.5655940130667684,-0.23222862393172788,-0.3666580371250608,0.5936256443450008,-0.2686325371131567,-0.3528785788696812,0.7060447453440165,1.092627832135426,0.24378935744248406,9.421044761510556,-1.044341477286458,5.948248594138094
553,0.5301613900983091,0.3519889323093827,-0.12579453669982746,0.4950417039276895,-0.03739793421222226,-0.24669053310448502,-0.6361573631089299,1.0940007974442323,-1.197313015420124,9.256396262467646,0.9957560139379498,-4.940007881106642
3157,0.8493166257006475,0.453789352121019,-0.3869545727332149,0.19814374838449125,-0.020159929954659667,-0.22179399727269836,-0.6343026919600075,0.9987849802387737,0.19306512025794653,3.0860282392146483,-1.2799445356535484,-5.453588949852469
3347,-0.7570288929065591,0.47246670116371103,-0.08022455160420716,0.1685537929386672,-0.015621070692845644,0.3861873438919069,0.620050178566439,-0.486180208655308,0.11961922242180026,-1.3024325012566356,-1.0055139365815635,-5.013413301962472
574,0.8939362488848841,0.6220363950574033,0.07910315923767,0.1798392603145397,-0.20771300742283863,-0.21319811716050238,0.5994085638109948,-0.4410841171663709,0.08982122925126387,3.3670599647435213,0.9874977434568296,-5.275856479838367
4362,0.45647491494078263,0.3943890383791548,0.4818967126100655,0.24562227810513018,-0.29374370529058574,-0.3475224394765765,0.612886748731173,0.1301336516051682,0.3467801523606289,9.351766042761646,0.17189333889394637,-1.6774767252248024
4037,0.700146946641972,0.6676257028708937,-0.1709322620767716,-0.0006255133997172848,0.007637618023585472,0.16118022009691063,0.6062112133636336,-0.8569116416680889,0.19974742362080136,-1.6441136603515698,-0.08939185173811243,-1.609231760452452
1642,0.6620130368888523,-0.9009259307292449,0.5381361851675339,-0.010753999021466395,0.14162987746995975,0.23487361476863855,0.5933355030232924,-0.5014772195227295,0.11057189972289998,-1.4466210524577228,0.0534773568429562,-1.6469283054385784
1569,0.5463351792880727,-0.32886157357391516,0.528547069118278,0.4722306354451798,-0.05895285045923026,0.15016082158834806,0.6234985459686107,1.100723197811914,-1.1641596590361019,9.226346495934683,0.9683997725734891,-4.980988209065095
1217,0.6794764037751202,0.6190914881750406,0.5299256396340511,0.3017424102783684,0.10763254593500893,0.14957763299467486,0.6858710485795039,-1.039598758971634,0.15215632417162128,-1.6305433660971698,0.8256879289906042,5.878486969210113
604,0.9290968397576923,0.6251175958080434,-0.21120948376320914,0.17910158639813487,-0.20906871185537904,-0.22539633284247793,0.6050334353699994,-0.4688042872511267,0.08416056415283554,3.361275728540935,0.9621069968328105,-5.302962596366303
2782,0.7062200167996701,-0.8723254190332149,0.6122844074266753,0.22984380443030208,0.1427693306369324,0.3789062654153892,0.6402601704976034,-0.9317146814547371,-1.0322317355720327,-1.4149872630030464,-1.037284423007723,-5.086403058699624
704,0.4543874062688746,-0.8116689161773263,0.5165462415358263,0.21412642570822754,0.2663506852997255,-0.262648192940604,0.6078107306346177,-0.45124647072872653,0.21928964869877632,9.408325654465509,0.9873288895712916,0.5911435386698806
478,0.33207513678089984,-0.7280372331733823,0.47500667818089093,0.34345150210993347,0.18490107008632709,-0.6812019059643535,0.5371637602478211,-0.7304915190787048,0.08264383771449087,-12.291449194378254,1.0439690746085413,0.6309893893247052
2974,0.8775219418255676,0.6736695854013192,-0.10319086504488649,0.17152982183418114,0.0680162235866052,0.39234465600005625,0.5824326083597963,0.38248918257042314,0.04757342190030443,3.5549380276528946,0.3233357940246421,-5.327330532434669
4138,0.35245960085816225,-0.6930439542311502,-0.4961638199976042,0.3565922968938092,0.14256484986020426,-0.6856217238478333,-0.5265816327307611,-0.6853064904445033,0.17340657383857278,-12.389910711736766,-0.24192846235415455,0.6097622662669272
808,0.3329881413809695,-0.361759799711837,0.4777938856828022,0.2951792358100632,0.17215525397452447,0.11394808862141387,0.5671407532866597,-0.712973681721593,0.05821118587091572,-12.31600964643416,1.0150758804482691,0.6616887797618963
1431,0.707609517695451,-0.26049228264078467,-0.07394913507589938,-0.027200239916454264,0.1372382274601884,0.17333126155063144,0.6100644017623561,-0.41787284856292456,-0.9930315058351753,-1.6499892154883347,0.9254686179139525,0.6532646965266803
2508,-0.6849134125226263,-0.27993637947697914,-0.14598750569341473,-0.033056220294314494,0.0630487564411976,0.34735131941603675,0.5519215000260587,-0.8343327951787594,0.16836175366530423,-1.4947516895800181,0.05461950408241212,0.6369742378454345
351,0.6614242688187294,-0.26012786868654053,-0.1958809571961741,-0.019485484891447222,0.15789163159872377,0.149504088463686,0.5822920587028224,-0.905217113474864,-1.0040358514153442,-1.761740478211724,-0.12061965297978258,0.5748505032422349
2135,-1.0125855383884599,0.5874114857047801,-0.239709799069438,0.13899502658492552,-0.28727865867130553,0.10677148908829664,-0.5785425765213901,0.9387620858703424,0.1432771996350025,3.1451146493122155,-0.11778392250889985,-5.401237473695011
2845,0.34131971947318196,-0.36353088293318275,0.5258404369229421,0.2682501115460102,0.2005990775835057,0.18125471800121365,0.5196562646884826,-0.6716424855756934,0.18016487465494627,-12.202801377769926,-0.7189765697361107,0.6855674649237172
1486,0.7442807621818472,0.4342009185105048,-0.1908641706201417,0.3008326736602789,0.1850884110187184,-0.15512635620605156,0.7393436358403122,0.2707620224177623,-1.0208531626702897,-1.5801869853422494,0.1564999010126112,5.945225538308757
4007,0.7000641394557567,0.667381172532012,-0.17119164448415286,-0.0006909496095884791,0.007393279329912961,0.16094112010890627,0.6061312825806958,-0.857183430330737,0.19950606475034652,-1.644353314782592,-0.08964911462059275,-1.6094857383720624
3197,-0.7423170995331506,0.47977498538454055,-0.07277003237939784,0.1709554593325871,-0.007412665462276857,0.3936332952988345,0.6224439836926126,-0.47864882297481215,0.12776664990663122,-1.2957405284994217,-0.9984812578503136,-5.0055736104701065
354,0.4135252179821923,-0.3812009707263428,0.1166594948580728,0.27019776708381893,0.16610817814539292,0.12698920117813858,0.5624589970693424,0.2260576877013432,0.10138755176935878,-12.42240812979832,-0.19309248063152773,0.6543339002048553
1147,0.6589394599878914,0.6288418992215433,0.5620706428804222,0.04361262831450385,-0.3368546623232133,-0.40247347471156736,-0.5767109986483031,1.0419554580729304,-1.0663414051729196,3.348131909755212,1.0124807973083814,-1.6703107491745266
3851,0.6581633124781235,0.6114959840106677,0.20560702600488026,0.4857277081425132,-0.2919357322597091,0.15766659070431335,0.7339400306607312,-0.3320499631208282,0.44769903803366395,9.439080086876924,-0.0793150242612214,5.912533316431341
2252,0.8113804886595544,0.4521840173977566,-0.3197060684081221,-0.30822901921844426,0.024348993028226823,-0.43476632386320274,0.6879616285119204,0.9302758340042381,0.33190095674853687,3.2458670546807307,-1.1554419362503776,6.15102202629237
2434,0.8498954609506375,0.5918195415430286,-0.070733907434327,0.25637157781401704,-0.3636112560506562,-0.4327927645791917,0.6534354588690632,0.24704430602407187,-1.0726077803997078,3.3977053124921084,-0.007979804921631644,6.116905244639628
1235,0.7813353955141156,0.5028132371139619,0.5275634368787872,0.28227949177325173,0.07414710428315335,0.1137908842536912,0.7096639834972891,0.9520343477433397,-1.0798536887541053,3.5214076894990503,0.9137379504723385,6.117016586068891
2097,0.60852883869525,-0.6246476235308397,-0.5470953716517173,0.4288488595962489,0.22398447178616707,0.12264330360612538,0.5160349122154675,-0.4963398559894794,0.14954998934773353,-11.999790683345573,-0.12617864915467333,-5.104328105542061
3945,0.5953658168760686,-0.8303927347656269,-0.3626849980581695,0.5689440602636092,0.3269428120848994,0.32080849002793854,0.7046120734252698,0.2022112511938749,-1.0918305497836198,9.419629331039154,-0.08121833799554183,6.031589217640546
1697,0.8362510238655703,0.3831116004582696,-0.11172025124767757,0.16608113403569646,0.03961947972864582,0.14691913154590927,0.6524920485676127,-0.8483710352935728,0.20987924845872064,-1.378135070510289,0.06412274955241411,-4.986484985894027
836,-0.4632492143237696,-0.6918394189580216,0.1556786883744414,-0.48134394666886166,-0.11522309782451655,-0.5843691213703525,0.5241829241177006,-0.38494876731867533,-1.0042831111809976,-12.106007576763972,1.0427265626765703,-5.021460379036355
3387,0.5393510789827471,-0.6327134646611852,0.4779349178477525,0.4341088911417205,-0.006182560779694507,0.15446619659519056,0.5143189939535909,-0.4611729414345675,-0.9660531816554407,-11.925175815943481,-0.7660518523810316,-5.104472494909589
3652,0.7409435340200967,0.6357143915779134,0.029348594863150224,0.3428499191842784,0.14578238844979505,0.41641781893818164,0.7013347758893103,-0.9749103107172757,0.6059113208122379,-1.5517988670913119,-0.9327496274798489,5.921463713048118
2921,-0.7128820791593795,0.5874187968290497,0.04294194076501651,0.36576603517421,-0.2543370933590778,0.252476608029302,0.6218759944434102,-0.5092564558563587,0.2690070932411865,9.234056214481326,-1.1322964995432916,-5.000413846100715
624,0.4815185891037774,0.3942326381650057,-0.49573681361769006,0.5010833824932075,0.17116177701647975,-0.5895808415900713,0.55997158040316,-0.706116584137809,-0.998637421020314,-12.119910522707032,1.0715625306212744,-5.072356913579759
2718,-0.7471865796567302,-0.9074816076740362,0.6302392127273717,0.18494090904361438,0.004747539730844946,0.16617737720134912,0.5708902465956911,0.38682868158131534,0.7178922503168044,-1.2983125404355904,-0.9712561469943463,-5.056985535310422
742,0.737786119655042,0.6851051217008667,-0.1845817990062219,0.02130753547039491,0.07716633396978477,0.17986994361431605,0.5845828311435523,0.25199674723882004,0.687327493118811,-1.624067256525834,0.9360584062222539,0.6036828197823153
3957,0.4413745640306497,-0.7364823096154453,0.02108115557893829,0.5855781926133657,0.19271087795817268,0.36173413609674443,0.6131557604672004,-0.7929120403869702,-0.9814413933370495,-12.277554958079502,-0.09932486772531657,5.83054070688084
281,0.5879874840051995,0.694731045233275,-0.3514857459353321,0.2326867782173634,-0.2809777732452485,0.1772230393366536,0.61233400788636,-0.5334679973750734,0.5456136844600967,9.45108563652185,0.14033871425939576,0.5753848321914403
3284,0.5415100850615522,0.6672870684017587,0.5366395406396334,-0.4931054046643843,-0.11148030618148846,0.17246029440349842,0.6412855994258524,1.0758517345546053,0.6062394597332815,9.21901323583574,-1.0671504951177926,-4.9943173635598095
2797,0.652389971230569,0.5330725958719033,0.6574883659763897,0.008840935064166066,-0.3181580267134085,-0.3125011647415579,-0.558298833601475,1.1116851488278185,0.1315176537734637,3.257270968774875,-1.1536635406308497,0.8602594790941186
3291,0.7200897117884769,-0.8668872282937261,-0.010110908800476498,0.21025300509813746,0.19355456720065484,0.35640646129638587,-0.6349412963784317,-0.4999419365542494,0.15881421166072435,-1.3430399534189632,-1.0492828970466548,-4.9923333847880595
398,-0.7395911113978509,0.6511586924157812,0.04548606377666165,-0.037855139678396044,-0.3666203432500722,0.43129409901080923,0.5310664301515783,0.2388591025201817,-0.9503832452539583,3.477673538481393,0.22284667529504615,-1.5945964467850986
1421,0.4638931923319537,0.7301216168803987,0.014751576150801946,0.29391197926051316,0.040080797681490456,0.3015208708353432,0.6008616362140815,-0.8974090965894364,0.5994280618736322,9.450738267163048,1.013020947458034,0.5676196419225783
1446,0.7974405939705409,0.6598204573536051,0.4542904777923211,0.29307842421263514,0.08308567518066086,0.415271089994063,0.6596704723997965,0.28809771397012324,0.6751715885047725,3.4218214002762832,-0.05342313303294927,6.159700013440549
1336,0.62107566844888,-0.2112289684658601,-0.07761002482065976,0.09498454478087978,0.12290604996237413,0.38200765690045807,0.6103777503599799,-0.9076694844295664,0.6438215025054909,-1.5577187374210275,0.9701520803637635,-1.582418584202844
3727,0.7478826713859652,0.7306928978826563,-0.21571560963545772,0.011382879301317827,0.11265357119634781,-0.4561688191400499,0.5422829565008043,0.2530537262296306,0.07479090956581338,3.3342320789479474,1.0360722621318952,-1.6317859106246553
3848,0.8411726719937694,-0.19392165699725733,-0.07668469098369124,0.26118441617092464,0.01949058087301044,0.12378481466503283,0.6503602926759334,0.9298823788464187,0.12823404605416122,3.372717021610373,-0.0033104465076989414,6.122847794030507
2840,0.6448823366520248,-0.24942189708209037,-0.1609687856990967,-0.0001611984963781059,0.06256273088095174,-0.3592361645790749,-0.6028064662124331,-0.8485506384433953,0.1771052687476208,-1.4978629407245485,-0.9561331770168442,0.6555421280898921
3108,0.69501550122713,-0.9529825054552811,-0.19300579789971395,0.33110542235273877,0.12399438510775833,0.41664924404955733,0.6962962276034419,-1.0245160188434996,0.13071033400890572,-1.5242992775441324,-0.945962699610408,5.9559016180753765
4062,0.473404089859833,0.4077158013639443,0.5362851454706756,0.22267841980843936,-0.28972390290296907,-0.27781045807101934,0.6108278010228342,0.1470817479850938,0.3154515444667347,9.404940320199382,0.14457426663344883,0.563738020234005
143,0.35997146576936445,-0.7420109101541291,-0.4708621010421033,0.35641875998151756,0.15658705638779255,0.14576052039420068,0.5612616563857538,-0.697216473894016,0.6381185697878285,-12.135620034652185,1.0696821663729958,-1.452821663490703
161,0.5265097051159252,0.7192223619964735,-0.3523007486307089,0.25275782537232105,-0.011434448907395168,0.3142234097373533,0.6015161511263962,-0.5400017083487079,0.5638322206743562,9.446379131758494,0.15935639950606909,0.5985247174433983
1067,0.699859517111785,0.6667769209760738,-0.17183259653926516,-0.0008526470570725371,0.0067895013426811385,0.16035028732947507,0.6059337680302392,-0.8578550391095937,0.19890965011452072,-1.6449455176294645,-0.09028482918155437,-1.610113335560194
3218,-0.9015267068310018,-0.866852556683472,-0.15528880187713406,0.1758789683144174,0.01838798115507553,-0.3010710636845989,0.5363217275462804,0.36149937872142895,-1.0600437389192068,3.060242719961207,-1.256308921091547,-5.484126830354724
4130,0.6402207245413425,-0.22329189848630546,-0.2208373767718251,0.03290099837810432,0.09616471161889538,-0.3463382936203873,0.5781034734600795,-0.8726512657307227,0.13566945211633916,-1.7114652394038465,-0.12156169203379434,0.5892037743500519
3071,0.6152087311851913,0.6132676055932659,-0.36126481888200795,0.5300963945423034,-0.2972701913953465,-0.3555176660094396,0.7135025006065061,-0.303126397961519,0.46648158450776883,9.446946502315926,-1.032065158341642,5.92888950421556
1006,0.5761827968412301,-0.2226088119899666,-0.14537004511608045,0.05020740312603579,0.08098576947052542,0.17948042372673367,-0.6027876289823957,-0.8647387185178194,0.6245211110475142,-1.6456533907333557,-0.13323001247096022,-1.581920622838484
4267,0.8643652225877336,0.658700386905986,-0.1572592272753429,0.2230603987906291,0.022283760251957076,-0.20751504689097572,0.5710228925110958,0.9968707642897304,0.08668010598304537,3.539372156838306,0.3317946870826978,-5.282192146042363
1218,-0.7545692092282625,0.47760579172506734,-0.1445669583378905,0.2981020459084532,-0.3041547990953975,-0.1685286641300381,0.7190085919927438,-0.2910523585038268,0.5550832400868955,-1.5832777791521166,0.829586485604618,5.845536153744103
261,0.6297734412148693,-0.9220393167880708,0.54407825077508,0.04160710465084328,0.18594542923996235,-0.4065579609822613,0.6249218747845872,-0.4842008035135675,-0.9707647405946889,-1.6668595743692363,-0.08454143360570104,-1.6739419084284228
1180,0.5997422395831402,0.6714061260143339,-0.1784347592533989,0.561544380970974,0.34841445860159925,0.18253660764784055,0.7222275973714309,-0.2793185331593563,0.4947179278159525,9.457776859560468,0.8930244195499109,5.8319144231772935
